season_year,scheduled,game_id,team_id,franchise_id,opponent_team_id,opponent_franchise_id,is_home,elo_pre,elo_post,p_win_pre
2015,2015-06-05 23:00:00+00:00,e83ca6b1-1257-47d2-9153-ed2c72ad85ab,5c0d47fe-8539-47b0-9f36-d0b3609ca89b,5c0d47fe-8539-47b0-9f36-d0b3609ca89b,a015b02d-845c-40c1-8ef4-844984f47e4d,a015b02d-845c-40c1-8ef4-844984f47e4d,0,1505.0,1516.2086991256492,0.46408407305489774
2015,2015-06-05 23:00:00+00:00,e83ca6b1-1257-47d2-9153-ed2c72ad85ab,a015b02d-845c-40c1-8ef4-844984f47e4d,a015b02d-845c-40c1-8ef4-844984f47e4d,5c0d47fe-8539-47b0-9f36-d0b3609ca89b,5c0d47fe-8539-47b0-9f36-d0b3609ca89b,1,1505.0,1493.7913008743508,0.5359159269451023
2015,2015-06-05 23:30:00+00:00,51ada2d4-5260-4c88-9fed-af4bf50130ab,5d70a9af-8c2b-4aec-9e68-9acc6ddb93e4,5d70a9af-8c2b-4aec-9e68-9acc6ddb93e4,08ed8274-e29f-4248-bc2e-83cc8ed18d75,08ed8274-e29f-4248-bc2e-83cc8ed18d75,0,1505.0,1490.4404996688659,0.46408407305489774
2015,2015-06-05 23:30:00+00:00,51ada2d4-5260-4c88-9fed-af4bf50130ab,08ed8274-e29f-4248-bc2e-83cc8ed18d75,08ed8274-e29f-4248-bc2e-83cc8ed18d75,5d70a9af-8c2b-4aec-9e68-9acc6ddb93e4,5d70a9af-8c2b-4aec-9e68-9acc6ddb93e4,1,1505.0,1519.5595003311341,0.5359159269451023
2015,2015-06-06 00:00:00+00:00,8c504e6b-663d-40a1-a902-2cae4d9c4470,5f0b5caf-708b-4300-92f2-53b51d83ec06,5f0b5caf-708b-4300-92f2-53b51d83ec06,6f017f37-be96-4bdc-b6d3-0a0429c72e89,6f017f37-be96-4bdc-b6d3-0a0429c72e89,0,1505.0,1491.653791363127,0.46408407305489774
2015,2015-06-06 00:00:00+00:00,8c504e6b-663d-40a1-a902-2cae4d9c4470,6f017f37-be96-4bdc-b6d3-0a0429c72e89,6f017f37-be96-4bdc-b6d3-0a0429c72e89,5f0b5caf-708b-4300-92f2-53b51d83ec06,5f0b5caf-708b-4300-92f2-53b51d83ec06,1,1505.0,1518.346208636873,0.5359159269451023
2015,2015-06-06 00:30:00+00:00,fea52768-68e5-4af0-92f1-0c415c7b71a0,f073a15f-0486-4179-b0a3-dfd0294eb595,f073a15f-0486-4179-b0a3-dfd0294eb595,3c409388-ab73-4c7f-953d-3a71062240f6,3c409388-ab73-4c7f-953d-3a71062240f6,0,1505.0,1473.4544159492095,0.46408407305489774
2015,2015-06-06 00:30:00+00:00,fea52768-68e5-4af0-92f1-0c415c7b71a0,3c409388-ab73-4c7f-953d-3a71062240f6,3c409388-ab73-4c7f-953d-3a71062240f6,f073a15f-0486-4179-b0a3-dfd0294eb595,f073a15f-0486-4179-b0a3-dfd0294eb595,1,1505.0,1536.5455840507905,0.5359159269451023
2015,2015-06-06 02:00:00+00:00,cae9c07b-96d8-48c4-9ad8-f280218846be,e6bc56cc-9dad-43aa-8ccb-ee9d499fea28,FR_LVA_ACES,0699edf3-5993-4182-b9b4-ec935cbd4fcc,0699edf3-5993-4182-b9b4-ec935cbd4fcc,0,1505.0,1495.2936664459107,0.46408407305489774
2015,2015-06-06 02:00:00+00:00,cae9c07b-96d8-48c4-9ad8-f280218846be,0699edf3-5993-4182-b9b4-ec935cbd4fcc,0699edf3-5993-4182-b9b4-ec935cbd4fcc,e6bc56cc-9dad-43aa-8ccb-ee9d499fea28,FR_LVA_ACES,1,1505.0,1514.7063335540893,0.5359159269451023
2015,2015-06-06 23:00:00+00:00,2ebfa00b-5e4d-4e56-905b-af8baee748b5,6f017f37-be96-4bdc-b6d3-0a0429c72e89,6f017f37-be96-4bdc-b6d3-0a0429c72e89,f073a15f-0486-4179-b0a3-dfd0294eb595,f073a15f-0486-4179-b0a3-dfd0294eb595,0,1518.346208636873,1533.1948642328264,0.5285953531563241
2015,2015-06-06 23:00:00+00:00,2ebfa00b-5e4d-4e56-905b-af8baee748b5,f073a15f-0486-4179-b0a3-dfd0294eb595,f073a15f-0486-4179-b0a3-dfd0294eb595,6f017f37-be96-4bdc-b6d3-0a0429c72e89,6f017f37-be96-4bdc-b6d3-0a0429c72e89,1,1473.4544159492095,1458.605760353256,0.47140464684367583
2015,2015-06-06 23:00:00+00:00,d288c503-8651-4790-ae08-c5c7a0f6650f,08ed8274-e29f-4248-bc2e-83cc8ed18d75,08ed8274-e29f-4248-bc2e-83cc8ed18d75,5c0d47fe-8539-47b0-9f36-d0b3609ca89b,5c0d47fe-8539-47b0-9f36-d0b3609ca89b,0,1519.5595003311341,1509.7269236683908,0.46888455882236846
2015,2015-06-06 23:00:00+00:00,d288c503-8651-4790-ae08-c5c7a0f6650f,5c0d47fe-8539-47b0-9f36-d0b3609ca89b,5c0d47fe-8539-47b0-9f36-d0b3609ca89b,08ed8274-e29f-4248-bc2e-83cc8ed18d75,08ed8274-e29f-4248-bc2e-83cc8ed18d75,1,1516.2086991256492,1526.0412757883926,0.5311154411776315
2015,2015-06-07 00:00:00+00:00,ea3dd788-1700-47ca-abc4-16eaea61c07a,3c409388-ab73-4c7f-953d-3a71062240f6,3c409388-ab73-4c7f-953d-3a71062240f6,5f0b5caf-708b-4300-92f2-53b51d83ec06,5f0b5caf-708b-4300-92f2-53b51d83ec06,0,1536.5455840507905,1521.2830004768693,0.5285953531563241
2015,2015-06-07 00:00:00+00:00,ea3dd788-1700-47ca-abc4-16eaea61c07a,5f0b5caf-708b-4300-92f2-53b51d83ec06,5f0b5caf-708b-4300-92f2-53b51d83ec06,3c409388-ab73-4c7f-953d-3a71062240f6,3c409388-ab73-4c7f-953d-3a71062240f6,1,1491.653791363127,1506.9163749370482,0.47140464684367583
2015,2015-06-07 01:00:00+00:00,a1365784-ec32-4fa0-a735-f4cbe4be65f1,0a5ad38d-2fe3-43ba-894b-1ba3d5042ea9,0a5ad38d-2fe3-43ba-894b-1ba3d5042ea9,d6a012ed-84aa-48d3-8265-2d3f3ff2199a,d6a012ed-84aa-48d3-8265-2d3f3ff2199a,0,1505.0,1471.0278325606873,0.46408407305489774
2015,2015-06-07 01:00:00+00:00,a1365784-ec32-4fa0-a735-f4cbe4be65f1,d6a012ed-84aa-48d3-8265-2d3f3ff2199a,d6a012ed-84aa-48d3-8265-2d3f3ff2199a,0a5ad38d-2fe3-43ba-894b-1ba3d5042ea9,0a5ad38d-2fe3-43ba-894b-1ba3d5042ea9,1,1505.0,1538.9721674393127,0.5359159269451023
2015,2015-06-07 19:00:00+00:00,9a539ef0-67a3-45a2-80f8-20d18bbe8dea,a015b02d-845c-40c1-8ef4-844984f47e4d,a015b02d-845c-40c1-8ef4-844984f47e4d,5d70a9af-8c2b-4aec-9e68-9acc6ddb93e4,5d70a9af-8c2b-4aec-9e68-9acc6ddb93e4,0,1493.7913008743508,1504.928868094013,0.46888455882236846
2015,2015-06-07 19:00:00+00:00,9a539ef0-67a3-45a2-80f8-20d18bbe8dea,5d70a9af-8c2b-4aec-9e68-9acc6ddb93e4,5d70a9af-8c2b-4aec-9e68-9acc6ddb93e4,a015b02d-845c-40c1-8ef4-844984f47e4d,a015b02d-845c-40c1-8ef4-844984f47e4d,1,1490.4404996688659,1479.3029324492036,0.5311154411776315
2015,2015-06-09 23:00:00+00:00,dfc5b37b-eaae-4c78-9352-4dc9f6831b37,f073a15f-0486-4179-b0a3-dfd0294eb595,f073a15f-0486-4179-b0a3-dfd0294eb595,08ed8274-e29f-4248-bc2e-83cc8ed18d75,08ed8274-e29f-4248-bc2e-83cc8ed18d75,0,1458.605760353256,1448.7481225164372,0.39217266467105005
2015,2015-06-09 23:00:00+00:00,dfc5b37b-eaae-4c78-9352-4dc9f6831b37,08ed8274-e29f-4248-bc2e-83cc8ed18d75,08ed8274-e29f-4248-bc2e-83cc8ed18d75,f073a15f-0486-4179-b0a3-dfd0294eb595,f073a15f-0486-4179-b0a3-dfd0294eb595,1,1509.7269236683908,1519.5845615052096,0.60782733532895
2015,2015-06-10 00:00:00+00:00,1c310b95-0b91-4bce-ab06-b3c273dfe9cf,d6a012ed-84aa-48d3-8265-2d3f3ff2199a,d6a012ed-84aa-48d3-8265-2d3f3ff2199a,5f0b5caf-708b-4300-92f2-53b51d83ec06,5f0b5caf-708b-4300-92f2-53b51d83ec06,0,1538.9721674393127,1503.8001132001662,0.5101527059483412
2015,2015-06-10 00:00:00+00:00,1c310b95-0b91-4bce-ab06-b3c273dfe9cf,5f0b5caf-708b-4300-92f2-53b51d83ec06,5f0b5caf-708b-4300-92f2-53b51d83ec06,d6a012ed-84aa-48d3-8265-2d3f3ff2199a,d6a012ed-84aa-48d3-8265-2d3f3ff2199a,1,1506.9163749370482,1542.0884291761947,0.48984729405165883
2015,2015-06-11 23:00:00+00:00,190037cb-4223-4948-9695-6e1ce0ad4815,0699edf3-5993-4182-b9b4-ec935cbd4fcc,0699edf3-5993-4182-b9b4-ec935cbd4fcc,08ed8274-e29f-4248-bc2e-83cc8ed18d75,08ed8274-e29f-4248-bc2e-83cc8ed18d75,0,1514.7063335540893,1498.0393719097938,0.45710745717064605
2015,2015-06-11 23:00:00+00:00,190037cb-4223-4948-9695-6e1ce0ad4815,08ed8274-e29f-4248-bc2e-83cc8ed18d75,08ed8274-e29f-4248-bc2e-83cc8ed18d75,0699edf3-5993-4182-b9b4-ec935cbd4fcc,0699edf3-5993-4182-b9b4-ec935cbd4fcc,1,1519.5845615052096,1536.2515231495051,0.542892542829354
2015,2015-06-11 23:00:00+00:00,43fee822-936f-42f6-bf82-e23ad07a747e,3c409388-ab73-4c7f-953d-3a71062240f6,3c409388-ab73-4c7f-953d-3a71062240f6,a015b02d-845c-40c1-8ef4-844984f47e4d,a015b02d-845c-40c1-8ef4-844984f47e4d,0,1521.2830004768693,1514.8268534837575,0.48756016401653723
2015,2015-06-11 23:00:00+00:00,43fee822-936f-42f6-bf82-e23ad07a747e,a015b02d-845c-40c1-8ef4-844984f47e4d,a015b02d-845c-40c1-8ef4-844984f47e4d,3c409388-ab73-4c7f-953d-3a71062240f6,3c409388-ab73-4c7f-953d-3a71062240f6,1,1504.928868094013,1511.3850150871249,0.5124398359834628
2015,2015-06-11 23:00:00+00:00,85f3b011-4b09-4ae0-9ddc-e3f4718f03d0,e6bc56cc-9dad-43aa-8ccb-ee9d499fea28,FR_LVA_ACES,5d70a9af-8c2b-4aec-9e68-9acc6ddb93e4,5d70a9af-8c2b-4aec-9e68-9acc6ddb93e4,0,1495.2936664459107,1487.5568285629656,0.48703752920965493
2015,2015-06-11 23:00:00+00:00,85f3b011-4b09-4ae0-9ddc-e3f4718f03d0,5d70a9af-8c2b-4aec-9e68-9acc6ddb93e4,5d70a9af-8c2b-4aec-9e68-9acc6ddb93e4,e6bc56cc-9dad-43aa-8ccb-ee9d499fea28,FR_LVA_ACES,1,1479.3029324492036,1487.0397703321487,0.5129624707903451
2015,2015-06-12 00:00:00+00:00,485f6c2b-feb8-4573-a4c6-9de1299b1dab,d6a012ed-84aa-48d3-8265-2d3f3ff2199a,d6a012ed-84aa-48d3-8265-2d3f3ff2199a,6f017f37-be96-4bdc-b6d3-0a0429c72e89,6f017f37-be96-4bdc-b6d3-0a0429c72e89,0,1503.8001132001662,1474.658802207715,0.42235303440848426
2015,2015-06-12 00:00:00+00:00,485f6c2b-feb8-4573-a4c6-9de1299b1dab,6f017f37-be96-4bdc-b6d3-0a0429c72e89,6f017f37-be96-4bdc-b6d3-0a0429c72e89,d6a012ed-84aa-48d3-8265-2d3f3ff2199a,d6a012ed-84aa-48d3-8265-2d3f3ff2199a,1,1533.1948642328264,1562.3361752252774,0.5776469655915157
2015,2015-06-12 23:00:00+00:00,4720db4c-bd9e-417d-ba69-0dd349d38a19,0699edf3-5993-4182-b9b4-ec935cbd4fcc,0699edf3-5993-4182-b9b4-ec935cbd4fcc,f073a15f-0486-4179-b0a3-dfd0294eb595,f073a15f-0486-4179-b0a3-dfd0294eb595,0,1498.0393719097938,1489.6441001277506,0.5349010684068349
2015,2015-06-12 23:00:00+00:00,4720db4c-bd9e-417d-ba69-0dd349d38a19,f073a15f-0486-4179-b0a3-dfd0294eb595,f073a15f-0486-4179-b0a3-dfd0294eb595,0699edf3-5993-4182-b9b4-ec935cbd4fcc,0699edf3-5993-4182-b9b4-ec935cbd4fcc,1,1448.7481225164372,1457.1433942984804,0.465098931593165
2015,2015-06-12 23:00:00+00:00,ea6db48f-1611-4097-b882-baf9e03927a2,5d70a9af-8c2b-4aec-9e68-9acc6ddb93e4,5d70a9af-8c2b-4aec-9e68-9acc6ddb93e4,5c0d47fe-8539-47b0-9f36-d0b3609ca89b,5c0d47fe-8539-47b0-9f36-d0b3609ca89b,0,1487.0397703321487,1496.0363763253888,0.4089223090442984
2015,2015-06-12 23:00:00+00:00,ea6db48f-1611-4097-b882-baf9e03927a2,5c0d47fe-8539-47b0-9f36-d0b3609ca89b,5c0d47fe-8539-47b0-9f36-d0b3609ca89b,5d70a9af-8c2b-4aec-9e68-9acc6ddb93e4,5d70a9af-8c2b-4aec-9e68-9acc6ddb93e4,1,1526.0412757883926,1517.0446697951525,0.5910776909557016
2015,2015-06-14 17:00:00+00:00,8a1ce526-276b-4a30-b093-da3e785f52dd,3c409388-ab73-4c7f-953d-3a71062240f6,3c409388-ab73-4c7f-953d-3a71062240f6,f073a15f-0486-4179-b0a3-dfd0294eb595,f073a15f-0486-4179-b0a3-dfd0294eb595,0,1514.8268534837575,1548.973979881398,0.5468970254245257
2015,2015-06-14 17:00:00+00:00,8a1ce526-276b-4a30-b093-da3e785f52dd,f073a15f-0486-4179-b0a3-dfd0294eb595,f073a15f-0486-4179-b0a3-dfd0294eb595,3c409388-ab73-4c7f-953d-3a71062240f6,3c409388-ab73-4c7f-953d-3a71062240f6,1,1457.1433942984804,1422.99626790084,0.4531029745754743
2015,2015-06-14 19:00:00+00:00,3bf2083f-2a04-4645-a133-e65a1efb243b,6f017f37-be96-4bdc-b6d3-0a0429c72e89,6f017f37-be96-4bdc-b6d3-0a0429c72e89,0699edf3-5993-4182-b9b4-ec935cbd4fcc,0699edf3-5993-4182-b9b4-ec935cbd4fcc,0,1562.3361752252774,1536.0646168751143,0.5682065511911492
2015,2015-06-14 19:00:00+00:00,3bf2083f-2a04-4645-a133-e65a1efb243b,0699edf3-5993-4182-b9b4-ec935cbd4fcc,0699edf3-5993-4182-b9b4-ec935cbd4fcc,6f017f37-be96-4bdc-b6d3-0a0429c72e89,6f017f37-be96-4bdc-b6d3-0a0429c72e89,1,1489.6441001277506,1515.9156584779137,0.43179344880885084
2015,2015-06-14 19:00:00+00:00,ace51453-5f2c-41f8-b1fd-7d25f77c7d75,5d70a9af-8c2b-4aec-9e68-9acc6ddb93e4,5d70a9af-8c2b-4aec-9e68-9acc6ddb93e4,a015b02d-845c-40c1-8ef4-844984f47e4d,a015b02d-845c-40c1-8ef4-844984f47e4d,0,1496.0363763253888,1472.0478751261026,0.442193283834762
2015,2015-06-14 19:00:00+00:00,ace51453-5f2c-41f8-b1fd-7d25f77c7d75,a015b02d-845c-40c1-8ef4-844984f47e4d,a015b02d-845c-40c1-8ef4-844984f47e4d,5d70a9af-8c2b-4aec-9e68-9acc6ddb93e4,5d70a9af-8c2b-4aec-9e68-9acc6ddb93e4,1,1511.3850150871249,1535.3735162864111,0.557806716165238
2015,2015-06-14 20:30:00+00:00,05193803-6f3b-49e0-a113-5d7e1bd99994,5f0b5caf-708b-4300-92f2-53b51d83ec06,5f0b5caf-708b-4300-92f2-53b51d83ec06,e6bc56cc-9dad-43aa-8ccb-ee9d499fea28,FR_LVA_ACES,0,1542.0884291761947,1558.7779669997244,0.5423973347535154
2015,2015-06-14 20:30:00+00:00,05193803-6f3b-49e0-a113-5d7e1bd99994,e6bc56cc-9dad-43aa-8ccb-ee9d499fea28,FR_LVA_ACES,5f0b5caf-708b-4300-92f2-53b51d83ec06,5f0b5caf-708b-4300-92f2-53b51d83ec06,1,1487.5568285629656,1470.867290739436,0.4576026652464847
2015,2015-06-14 21:00:00+00:00,b408b01e-2062-4247-86aa-6e1f129f7aab,d6a012ed-84aa-48d3-8265-2d3f3ff2199a,d6a012ed-84aa-48d3-8265-2d3f3ff2199a,0a5ad38d-2fe3-43ba-894b-1ba3d5042ea9,0a5ad38d-2fe3-43ba-894b-1ba3d5042ea9,0,1474.658802207715,1487.1818488232716,0.46928621224382816
2015,2015-06-14 21:00:00+00:00,b408b01e-2062-4247-86aa-6e1f129f7aab,0a5ad38d-2fe3-43ba-894b-1ba3d5042ea9,0a5ad38d-2fe3-43ba-894b-1ba3d5042ea9,d6a012ed-84aa-48d3-8265-2d3f3ff2199a,d6a012ed-84aa-48d3-8265-2d3f3ff2199a,1,1471.0278325606873,1458.5047859451308,0.5307137877561718
2015,2015-06-14 22:00:00+00:00,772209b5-e1ab-4469-8482-a0d262a7fde1,5c0d47fe-8539-47b0-9f36-d0b3609ca89b,5c0d47fe-8539-47b0-9f36-d0b3609ca89b,08ed8274-e29f-4248-bc2e-83cc8ed18d75,08ed8274-e29f-4248-bc2e-83cc8ed18d75,0,1517.0446697951525,1543.1584706968342,0.4367223317652078
2015,2015-06-14 22:00:00+00:00,772209b5-e1ab-4469-8482-a0d262a7fde1,08ed8274-e29f-4248-bc2e-83cc8ed18d75,08ed8274-e29f-4248-bc2e-83cc8ed18d75,5c0d47fe-8539-47b0-9f36-d0b3609ca89b,5c0d47fe-8539-47b0-9f36-d0b3609ca89b,1,1536.2515231495051,1510.1377222478234,0.5632776682347922
2015,2015-06-16 16:00:00+00:00,76f1fcdf-f2dc-4da1-b788-9c6f1f62c208,f073a15f-0486-4179-b0a3-dfd0294eb595,f073a15f-0486-4179-b0a3-dfd0294eb595,5d70a9af-8c2b-4aec-9e68-9acc6ddb93e4,5d70a9af-8c2b-4aec-9e68-9acc6ddb93e4,0,1422.99626790084,1444.3191391448077,0.3950161012592972
2015,2015-06-16 16:00:00+00:00,76f1fcdf-f2dc-4da1-b788-9c6f1f62c208,5d70a9af-8c2b-4aec-9e68-9acc6ddb93e4,5d70a9af-8c2b-4aec-9e68-9acc6ddb93e4,f073a15f-0486-4179-b0a3-dfd0294eb595,f073a15f-0486-4179-b0a3-dfd0294eb595,1,1472.0478751261026,1450.7250038821348,0.6049838987407028
2015,2015-06-16 16:30:00+00:00,b090eda1-79cc-4828-9ba6-7789625606b5,e6bc56cc-9dad-43aa-8ccb-ee9d499fea28,FR_LVA_ACES,5f0b5caf-708b-4300-92f2-53b51d83ec06,5f0b5caf-708b-4300-92f2-53b51d83ec06,0,1470.867290739436,1445.7007715661005,0.34299717665648055
2015,2015-06-16 16:30:00+00:00,b090eda1-79cc-4828-9ba6-7789625606b5,5f0b5caf-708b-4300-92f2-53b51d83ec06,5f0b5caf-708b-4300-92f2-53b51d83ec06,e6bc56cc-9dad-43aa-8ccb-ee9d499fea28,FR_LVA_ACES,1,1558.7779669997244,1583.9444861730599,0.6570028233435194
2015,2015-06-17 02:00:00+00:00,d100c505-98eb-455b-9f04-b19af3109d60,a015b02d-845c-40c1-8ef4-844984f47e4d,a015b02d-845c-40c1-8ef4-844984f47e4d,d6a012ed-84aa-48d3-8265-2d3f3ff2199a,d6a012ed-84aa-48d3-8265-2d3f3ff2199a,0,1535.3735162864111,1564.6966104724413,0.5333260102263683
2015,2015-06-17 02:00:00+00:00,d100c505-98eb-455b-9f04-b19af3109d60,d6a012ed-84aa-48d3-8265-2d3f3ff2199a,d6a012ed-84aa-48d3-8265-2d3f3ff2199a,a015b02d-845c-40c1-8ef4-844984f47e4d,a015b02d-845c-40c1-8ef4-844984f47e4d,1,1487.1818488232716,1457.8587546372414,0.4666739897736317
2015,2015-06-17 02:30:00+00:00,c6580d81-a7c7-4030-8f49-1fe3f4957a35,6f017f37-be96-4bdc-b6d3-0a0429c72e89,6f017f37-be96-4bdc-b6d3-0a0429c72e89,0a5ad38d-2fe3-43ba-894b-1ba3d5042ea9,0a5ad38d-2fe3-43ba-894b-1ba3d5042ea9,0,1536.0646168751143,1555.638325281948,0.5750678947820309
2015,2015-06-17 02:30:00+00:00,c6580d81-a7c7-4030-8f49-1fe3f4957a35,0a5ad38d-2fe3-43ba-894b-1ba3d5042ea9,0a5ad38d-2fe3-43ba-894b-1ba3d5042ea9,6f017f37-be96-4bdc-b6d3-0a0429c72e89,6f017f37-be96-4bdc-b6d3-0a0429c72e89,1,1458.5047859451308,1438.9310775382971,0.4249321052179691
2015,2015-06-19 23:00:00+00:00,8d49e3cf-53ff-46e6-9af9-0e9defd81a4e,5f0b5caf-708b-4300-92f2-53b51d83ec06,5f0b5caf-708b-4300-92f2-53b51d83ec06,5c0d47fe-8539-47b0-9f36-d0b3609ca89b,5c0d47fe-8539-47b0-9f36-d0b3609ca89b,0,1583.9444861730599,1592.7429296777734,0.522702282304689
2015,2015-06-19 23:00:00+00:00,8d49e3cf-53ff-46e6-9af9-0e9defd81a4e,5c0d47fe-8539-47b0-9f36-d0b3609ca89b,5c0d47fe-8539-47b0-9f36-d0b3609ca89b,5f0b5caf-708b-4300-92f2-53b51d83ec06,5f0b5caf-708b-4300-92f2-53b51d83ec06,1,1543.1584706968342,1534.3600271921207,0.477297717695311
2015,2015-06-19 23:30:00+00:00,a2ccdcaa-2e3f-4813-807d-ceeb75fc5791,f073a15f-0486-4179-b0a3-dfd0294eb595,f073a15f-0486-4179-b0a3-dfd0294eb595,08ed8274-e29f-4248-bc2e-83cc8ed18d75,08ed8274-e29f-4248-bc2e-83cc8ed18d75,0,1444.3191391448077,1475.5339419595869,0.37219918477071345
2015,2015-06-19 23:30:00+00:00,a2ccdcaa-2e3f-4813-807d-ceeb75fc5791,08ed8274-e29f-4248-bc2e-83cc8ed18d75,08ed8274-e29f-4248-bc2e-83cc8ed18d75,f073a15f-0486-4179-b0a3-dfd0294eb595,f073a15f-0486-4179-b0a3-dfd0294eb595,1,1510.1377222478234,1478.9229194330442,0.6278008152292865
2015,2015-06-19 23:30:00+00:00,bc555ba4-b54f-4beb-9389-25f87f4f988b,3c409388-ab73-4c7f-953d-3a71062240f6,3c409388-ab73-4c7f-953d-3a71062240f6,5d70a9af-8c2b-4aec-9e68-9acc6ddb93e4,5d70a9af-8c2b-4aec-9e68-9acc6ddb93e4,0,1548.973979881398,1542.8891667181913,0.603879209052006
2015,2015-06-19 23:30:00+00:00,bc555ba4-b54f-4beb-9389-25f87f4f988b,5d70a9af-8c2b-4aec-9e68-9acc6ddb93e4,5d70a9af-8c2b-4aec-9e68-9acc6ddb93e4,3c409388-ab73-4c7f-953d-3a71062240f6,3c409388-ab73-4c7f-953d-3a71062240f6,1,1450.7250038821348,1456.8098170453416,0.396120790947994
2015,2015-06-20 00:00:00+00:00,fda7e656-dd47-4aed-95eb-261692bcbd6a,6f017f37-be96-4bdc-b6d3-0a0429c72e89,6f017f37-be96-4bdc-b6d3-0a0429c72e89,e6bc56cc-9dad-43aa-8ccb-ee9d499fea28,FR_LVA_ACES,0,1555.638325281948,1572.7242184611118,0.619856659272613
2015,2015-06-20 00:00:00+00:00,fda7e656-dd47-4aed-95eb-261692bcbd6a,e6bc56cc-9dad-43aa-8ccb-ee9d499fea28,FR_LVA_ACES,6f017f37-be96-4bdc-b6d3-0a0429c72e89,6f017f37-be96-4bdc-b6d3-0a0429c72e89,1,1445.7007715661005,1428.6148783869367,0.380143340727387
2015,2015-06-20 02:00:00+00:00,e2c70ed1-ddf5-4110-87ec-1cf798dfa349,a015b02d-845c-40c1-8ef4-844984f47e4d,a015b02d-845c-40c1-8ef4-844984f47e4d,0699edf3-5993-4182-b9b4-ec935cbd4fcc,0699edf3-5993-4182-b9b4-ec935cbd4fcc,0,1564.6966104724413,1582.9819288439196,0.5341701951451066
2015,2015-06-20 02:00:00+00:00,e2c70ed1-ddf5-4110-87ec-1cf798dfa349,0699edf3-5993-4182-b9b4-ec935cbd4fcc,0699edf3-5993-4182-b9b4-ec935cbd4fcc,a015b02d-845c-40c1-8ef4-844984f47e4d,a015b02d-845c-40c1-8ef4-844984f47e4d,1,1515.9156584779137,1497.6303401064354,0.4658298048548935
2015,2015-06-20 23:00:00+00:00,5bd94201-ca94-49f0-a3a5-599997b29017,5c0d47fe-8539-47b0-9f36-d0b3609ca89b,5c0d47fe-8539-47b0-9f36-d0b3609ca89b,f073a15f-0486-4179-b0a3-dfd0294eb595,f073a15f-0486-4179-b0a3-dfd0294eb595,0,1534.3600271921207,1551.943155594573,0.5485264219387742
2015,2015-06-20 23:00:00+00:00,5bd94201-ca94-49f0-a3a5-599997b29017,f073a15f-0486-4179-b0a3-dfd0294eb595,f073a15f-0486-4179-b0a3-dfd0294eb595,5c0d47fe-8539-47b0-9f36-d0b3609ca89b,5c0d47fe-8539-47b0-9f36-d0b3609ca89b,1,1475.5339419595869,1457.9508135571346,0.45147357806122573
2015,2015-06-21 00:00:00+00:00,15cc3634-ccf0-4f77-9f83-9352c9b4b37a,3c409388-ab73-4c7f-953d-3a71062240f6,3c409388-ab73-4c7f-953d-3a71062240f6,e6bc56cc-9dad-43aa-8ccb-ee9d499fea28,FR_LVA_ACES,0,1542.8891667181913,1553.1361747760086,0.6257212429775152
2015,2015-06-21 00:00:00+00:00,15cc3634-ccf0-4f77-9f83-9352c9b4b37a,e6bc56cc-9dad-43aa-8ccb-ee9d499fea28,FR_LVA_ACES,3c409388-ab73-4c7f-953d-3a71062240f6,3c409388-ab73-4c7f-953d-3a71062240f6,1,1428.6148783869367,1418.3678703291193,0.37427875702248475
2015,2015-06-21 19:00:00+00:00,14927ddd-7af7-4e10-ac6c-46f59eac6b0c,08ed8274-e29f-4248-bc2e-83cc8ed18d75,08ed8274-e29f-4248-bc2e-83cc8ed18d75,5d70a9af-8c2b-4aec-9e68-9acc6ddb93e4,5d70a9af-8c2b-4aec-9e68-9acc6ddb93e4,0,1478.9229194330442,1495.0186894496096,0.4958455159816092
2015,2015-06-21 19:00:00+00:00,14927ddd-7af7-4e10-ac6c-46f59eac6b0c,5d70a9af-8c2b-4aec-9e68-9acc6ddb93e4,5d70a9af-8c2b-4aec-9e68-9acc6ddb93e4,08ed8274-e29f-4248-bc2e-83cc8ed18d75,08ed8274-e29f-4248-bc2e-83cc8ed18d75,1,1456.8098170453416,1440.7140470287761,0.5041544840183908
2015,2015-06-21 21:00:00+00:00,c077e0ce-9bfa-4369-9e93-f25325a88b10,a015b02d-845c-40c1-8ef4-844984f47e4d,a015b02d-845c-40c1-8ef4-844984f47e4d,0a5ad38d-2fe3-43ba-894b-1ba3d5042ea9,0a5ad38d-2fe3-43ba-894b-1ba3d5042ea9,0,1582.9819288439196,1591.9561384567396,0.6649232006301946
2015,2015-06-21 21:00:00+00:00,c077e0ce-9bfa-4369-9e93-f25325a88b10,0a5ad38d-2fe3-43ba-894b-1ba3d5042ea9,0a5ad38d-2fe3-43ba-894b-1ba3d5042ea9,a015b02d-845c-40c1-8ef4-844984f47e4d,a015b02d-845c-40c1-8ef4-844984f47e4d,1,1438.9310775382971,1429.9568679254771,0.33507679936980533
2015,2015-06-21 23:00:00+00:00,a86a1395-71d8-457d-a2c6-90cd3b87f2c8,5f0b5caf-708b-4300-92f2-53b51d83ec06,5f0b5caf-708b-4300-92f2-53b51d83ec06,6f017f37-be96-4bdc-b6d3-0a0429c72e89,6f017f37-be96-4bdc-b6d3-0a0429c72e89,0,1592.7429296777734,1607.5608126377574,0.4928318403410523
2015,2015-06-21 23:00:00+00:00,a86a1395-71d8-457d-a2c6-90cd3b87f2c8,6f017f37-be96-4bdc-b6d3-0a0429c72e89,6f017f37-be96-4bdc-b6d3-0a0429c72e89,5f0b5caf-708b-4300-92f2-53b51d83ec06,5f0b5caf-708b-4300-92f2-53b51d83ec06,1,1572.7242184611118,1557.9063355011278,0.5071681596589477
2015,2015-06-22 01:00:00+00:00,d6d52a6a-c103-4d37-85b5-fe05a9e10b10,0699edf3-5993-4182-b9b4-ec935cbd4fcc,0699edf3-5993-4182-b9b4-ec935cbd4fcc,d6a012ed-84aa-48d3-8265-2d3f3ff2199a,d6a012ed-84aa-48d3-8265-2d3f3ff2199a,0,1497.6303401064354,1516.5568713748287,0.5212452208048379
2015,2015-06-22 01:00:00+00:00,d6d52a6a-c103-4d37-85b5-fe05a9e10b10,d6a012ed-84aa-48d3-8265-2d3f3ff2199a,d6a012ed-84aa-48d3-8265-2d3f3ff2199a,0699edf3-5993-4182-b9b4-ec935cbd4fcc,0699edf3-5993-4182-b9b4-ec935cbd4fcc,1,1457.8587546372414,1438.932223368848,0.478754779195162
2015,2015-06-24 00:00:00+00:00,6e6025ca-a6e1-49c8-be7a-83822339106f,0a5ad38d-2fe3-43ba-894b-1ba3d5042ea9,0a5ad38d-2fe3-43ba-894b-1ba3d5042ea9,5c0d47fe-8539-47b0-9f36-d0b3609ca89b,5c0d47fe-8539-47b0-9f36-d0b3609ca89b,0,1429.9568679254771,1424.941952884838,0.30024718052564137
2015,2015-06-24 00:00:00+00:00,6e6025ca-a6e1-49c8-be7a-83822339106f,5c0d47fe-8539-47b0-9f36-d0b3609ca89b,5c0d47fe-8539-47b0-9f36-d0b3609ca89b,0a5ad38d-2fe3-43ba-894b-1ba3d5042ea9,0a5ad38d-2fe3-43ba-894b-1ba3d5042ea9,1,1551.943155594573,1556.9580706352122,0.6997528194743586
2015,2015-06-24 16:30:00+00:00,10ce1e8d-a564-406e-8862-065c5e3398ec,5d70a9af-8c2b-4aec-9e68-9acc6ddb93e4,5d70a9af-8c2b-4aec-9e68-9acc6ddb93e4,3c409388-ab73-4c7f-953d-3a71062240f6,3c409388-ab73-4c7f-953d-3a71062240f6,0,1440.7140470287761,1435.4679153886057,0.31193996239916955
2015,2015-06-24 16:30:00+00:00,10ce1e8d-a564-406e-8862-065c5e3398ec,3c409388-ab73-4c7f-953d-3a71062240f6,3c409388-ab73-4c7f-953d-3a71062240f6,5d70a9af-8c2b-4aec-9e68-9acc6ddb93e4,5d70a9af-8c2b-4aec-9e68-9acc6ddb93e4,1,1553.1361747760086,1558.382306416179,0.6880600376008305
2015,2015-06-26 00:00:00+00:00,1f1d3ba6-2729-412c-b4a6-e9086b86673a,0699edf3-5993-4182-b9b4-ec935cbd4fcc,0699edf3-5993-4182-b9b4-ec935cbd4fcc,e6bc56cc-9dad-43aa-8ccb-ee9d499fea28,FR_LVA_ACES,0,1516.5568713748287,1504.388357877955,0.6037966206802281
2015,2015-06-26 00:00:00+00:00,1f1d3ba6-2729-412c-b4a6-e9086b86673a,e6bc56cc-9dad-43aa-8ccb-ee9d499fea28,FR_LVA_ACES,0699edf3-5993-4182-b9b4-ec935cbd4fcc,0699edf3-5993-4182-b9b4-ec935cbd4fcc,1,1418.3678703291193,1430.536383825993,0.39620337931977195
2015,2015-06-26 02:00:00+00:00,df32e819-d2cd-4c3a-9478-118ca5d8f2ef,6f017f37-be96-4bdc-b6d3-0a0429c72e89,6f017f37-be96-4bdc-b6d3-0a0429c72e89,d6a012ed-84aa-48d3-8265-2d3f3ff2199a,d6a012ed-84aa-48d3-8265-2d3f3ff2199a,0,1557.9063355011278,1563.3821053328938,0.6320353551055807
2015,2015-06-26 02:00:00+00:00,df32e819-d2cd-4c3a-9478-118ca5d8f2ef,d6a012ed-84aa-48d3-8265-2d3f3ff2199a,d6a012ed-84aa-48d3-8265-2d3f3ff2199a,6f017f37-be96-4bdc-b6d3-0a0429c72e89,6f017f37-be96-4bdc-b6d3-0a0429c72e89,1,1438.932223368848,1433.456453537082,0.36796464489441927
2015,2015-06-26 23:00:00+00:00,c9ea295b-8ced-4126-8633-fc7b0f56c7a8,3c409388-ab73-4c7f-953d-3a71062240f6,3c409388-ab73-4c7f-953d-3a71062240f6,f073a15f-0486-4179-b0a3-dfd0294eb595,f073a15f-0486-4179-b0a3-dfd0294eb595,0,1558.382306416179,1567.2802259438167,0.6068805745714525
2015,2015-06-26 23:00:00+00:00,c9ea295b-8ced-4126-8633-fc7b0f56c7a8,f073a15f-0486-4179-b0a3-dfd0294eb595,f073a15f-0486-4179-b0a3-dfd0294eb595,3c409388-ab73-4c7f-953d-3a71062240f6,3c409388-ab73-4c7f-953d-3a71062240f6,1,1457.9508135571346,1449.0528940294969,0.3931194254285475
2015,2015-06-26 23:00:00+00:00,f6f1b668-73d3-4a07-9fa1-95f148313e6f,0a5ad38d-2fe3-43ba-894b-1ba3d5042ea9,0a5ad38d-2fe3-43ba-894b-1ba3d5042ea9,a015b02d-845c-40c1-8ef4-844984f47e4d,a015b02d-845c-40c1-8ef4-844984f47e4d,0,1424.941952884838,1420.9170095259394,0.24874394655664434
2015,2015-06-26 23:00:00+00:00,f6f1b668-73d3-4a07-9fa1-95f148313e6f,a015b02d-845c-40c1-8ef4-844984f47e4d,a015b02d-845c-40c1-8ef4-844984f47e4d,0a5ad38d-2fe3-43ba-894b-1ba3d5042ea9,0a5ad38d-2fe3-43ba-894b-1ba3d5042ea9,1,1591.9561384567396,1595.9810818156382,0.7512560534433557
2015,2015-06-26 23:30:00+00:00,b623aed3-4252-4405-93a5-bf8942253302,5c0d47fe-8539-47b0-9f36-d0b3609ca89b,5c0d47fe-8539-47b0-9f36-d0b3609ca89b,5d70a9af-8c2b-4aec-9e68-9acc6ddb93e4,5d70a9af-8c2b-4aec-9e68-9acc6ddb93e4,0,1556.9580706352122,1547.5202407922736,0.6353972485204729
2015,2015-06-26 23:30:00+00:00,b623aed3-4252-4405-93a5-bf8942253302,5d70a9af-8c2b-4aec-9e68-9acc6ddb93e4,5d70a9af-8c2b-4aec-9e68-9acc6ddb93e4,5c0d47fe-8539-47b0-9f36-d0b3609ca89b,5c0d47fe-8539-47b0-9f36-d0b3609ca89b,1,1435.4679153886057,1444.9057452315442,0.3646027514795272
2015,2015-06-27 00:00:00+00:00,fae3d9c8-91a5-4518-9629-d1d8f989dde4,08ed8274-e29f-4248-bc2e-83cc8ed18d75,08ed8274-e29f-4248-bc2e-83cc8ed18d75,5f0b5caf-708b-4300-92f2-53b51d83ec06,5f0b5caf-708b-4300-92f2-53b51d83ec06,0,1495.0186894496096,1486.0303720913582,0.31179172377892495
2015,2015-06-27 00:00:00+00:00,fae3d9c8-91a5-4518-9629-d1d8f989dde4,5f0b5caf-708b-4300-92f2-53b51d83ec06,5f0b5caf-708b-4300-92f2-53b51d83ec06,08ed8274-e29f-4248-bc2e-83cc8ed18d75,08ed8274-e29f-4248-bc2e-83cc8ed18d75,1,1607.5608126377574,1616.5491299960088,0.688208276221075
2015,2015-06-28 00:00:00+00:00,5838e712-4da2-4eec-9687-f8e9fe3fbfda,d6a012ed-84aa-48d3-8265-2d3f3ff2199a,d6a012ed-84aa-48d3-8265-2d3f3ff2199a,e6bc56cc-9dad-43aa-8ccb-ee9d499fea28,FR_LVA_ACES,0,1433.456453537082,1427.3212633950159,0.4682671348937244
2015,2015-06-28 00:00:00+00:00,5838e712-4da2-4eec-9687-f8e9fe3fbfda,e6bc56cc-9dad-43aa-8ccb-ee9d499fea28,FR_LVA_ACES,d6a012ed-84aa-48d3-8265-2d3f3ff2199a,d6a012ed-84aa-48d3-8265-2d3f3ff2199a,1,1430.536383825993,1436.6715739680592,0.5317328651062756
2015,2015-06-28 00:00:00+00:00,d6621d52-1dbe-4e8c-aa03-b576ba991f58,0699edf3-5993-4182-b9b4-ec935cbd4fcc,0699edf3-5993-4182-b9b4-ec935cbd4fcc,6f017f37-be96-4bdc-b6d3-0a0429c72e89,6f017f37-be96-4bdc-b6d3-0a0429c72e89,0,1504.388357877955,1487.2327585802918,0.3814243699487533
2015,2015-06-28 00:00:00+00:00,d6621d52-1dbe-4e8c-aa03-b576ba991f58,6f017f37-be96-4bdc-b6d3-0a0429c72e89,6f017f37-be96-4bdc-b6d3-0a0429c72e89,0699edf3-5993-4182-b9b4-ec935cbd4fcc,0699edf3-5993-4182-b9b4-ec935cbd4fcc,1,1563.3821053328938,1580.537704630557,0.6185756300512467
2015,2015-06-28 19:00:00+00:00,7a9ad6f0-918a-4e24-9c46-4d7f8a2a217d,0a5ad38d-2fe3-43ba-894b-1ba3d5042ea9,0a5ad38d-2fe3-43ba-894b-1ba3d5042ea9,08ed8274-e29f-4248-bc2e-83cc8ed18d75,08ed8274-e29f-4248-bc2e-83cc8ed18d75,0,1420.9170095259394,1409.7791976070876,0.37314826455484174
2015,2015-06-28 19:00:00+00:00,7a9ad6f0-918a-4e24-9c46-4d7f8a2a217d,08ed8274-e29f-4248-bc2e-83cc8ed18d75,08ed8274-e29f-4248-bc2e-83cc8ed18d75,0a5ad38d-2fe3-43ba-894b-1ba3d5042ea9,0a5ad38d-2fe3-43ba-894b-1ba3d5042ea9,1,1486.0303720913582,1497.16818401021,0.6268517354451583
2015,2015-06-28 20:00:00+00:00,135a96be-8904-46d0-8594-221655ce7a6d,3c409388-ab73-4c7f-953d-3a71062240f6,3c409388-ab73-4c7f-953d-3a71062240f6,5c0d47fe-8539-47b0-9f36-d0b3609ca89b,5c0d47fe-8539-47b0-9f36-d0b3609ca89b,0,1567.2802259438167,1543.7408432753034,0.49245958417246816
2015,2015-06-28 20:00:00+00:00,135a96be-8904-46d0-8594-221655ce7a6d,5c0d47fe-8539-47b0-9f36-d0b3609ca89b,5c0d47fe-8539-47b0-9f36-d0b3609ca89b,3c409388-ab73-4c7f-953d-3a71062240f6,3c409388-ab73-4c7f-953d-3a71062240f6,1,1547.5202407922736,1571.059623460787,0.5075404158275318
2015,2015-06-28 23:00:00+00:00,31d34fcb-2242-470e-910f-84ff45eb6b36,d6a012ed-84aa-48d3-8265-2d3f3ff2199a,d6a012ed-84aa-48d3-8265-2d3f3ff2199a,5f0b5caf-708b-4300-92f2-53b51d83ec06,5f0b5caf-708b-4300-92f2-53b51d83ec06,0,1427.3212633950159,1423.7258318079653,0.22562276238072332
2015,2015-06-28 23:00:00+00:00,31d34fcb-2242-470e-910f-84ff45eb6b36,5f0b5caf-708b-4300-92f2-53b51d83ec06,5f0b5caf-708b-4300-92f2-53b51d83ec06,d6a012ed-84aa-48d3-8265-2d3f3ff2199a,d6a012ed-84aa-48d3-8265-2d3f3ff2199a,1,1616.5491299960088,1620.1445615830594,0.7743772376192767
2015,2015-06-30 23:00:00+00:00,e621da0a-e763-4ff6-a198-a5bdb039d89c,f073a15f-0486-4179-b0a3-dfd0294eb595,f073a15f-0486-4179-b0a3-dfd0294eb595,a015b02d-845c-40c1-8ef4-844984f47e4d,a015b02d-845c-40c1-8ef4-844984f47e4d,0,1449.0528940294969,1467.8520416916165,0.27097169180576985
2015,2015-06-30 23:00:00+00:00,e621da0a-e763-4ff6-a198-a5bdb039d89c,a015b02d-845c-40c1-8ef4-844984f47e4d,a015b02d-845c-40c1-8ef4-844984f47e4d,f073a15f-0486-4179-b0a3-dfd0294eb595,f073a15f-0486-4179-b0a3-dfd0294eb595,1,1595.9810818156382,1577.1819341535186,0.7290283081942301
2015,2015-07-01 00:00:00+00:00,5971d3ce-573b-45c8-abb2-488e5d779a12,08ed8274-e29f-4248-bc2e-83cc8ed18d75,08ed8274-e29f-4248-bc2e-83cc8ed18d75,3c409388-ab73-4c7f-953d-3a71062240f6,3c409388-ab73-4c7f-953d-3a71062240f6,0,1497.16818401021,1513.8585385770652,0.398431374481928
2015,2015-07-01 00:00:00+00:00,5971d3ce-573b-45c8-abb2-488e5d779a12,3c409388-ab73-4c7f-953d-3a71062240f6,3c409388-ab73-4c7f-953d-3a71062240f6,08ed8274-e29f-4248-bc2e-83cc8ed18d75,08ed8274-e29f-4248-bc2e-83cc8ed18d75,1,1543.7408432753034,1527.0504887084483,0.601568625518072
2015,2015-07-01 02:00:00+00:00,4b9a679e-8345-4553-8650-e96116edc1cc,e6bc56cc-9dad-43aa-8ccb-ee9d499fea28,FR_LVA_ACES,0699edf3-5993-4182-b9b4-ec935cbd4fcc,0699edf3-5993-4182-b9b4-ec935cbd4fcc,0,1436.6715739680592,1426.7904425867434,0.39294132657378233
2015,2015-07-01 02:00:00+00:00,4b9a679e-8345-4553-8650-e96116edc1cc,0699edf3-5993-4182-b9b4-ec935cbd4fcc,0699edf3-5993-4182-b9b4-ec935cbd4fcc,e6bc56cc-9dad-43aa-8ccb-ee9d499fea28,FR_LVA_ACES,1,1487.2327585802918,1497.1138899616076,0.6070586734262177
2015,2015-07-01 02:00:00+00:00,575a283b-c31e-497f-a9e5-a726bd24f1aa,5f0b5caf-708b-4300-92f2-53b51d83ec06,5f0b5caf-708b-4300-92f2-53b51d83ec06,d6a012ed-84aa-48d3-8265-2d3f3ff2199a,d6a012ed-84aa-48d3-8265-2d3f3ff2199a,0,1620.1445615830594,1606.4784299369087,0.7284485807029009
2015,2015-07-01 02:00:00+00:00,575a283b-c31e-497f-a9e5-a726bd24f1aa,d6a012ed-84aa-48d3-8265-2d3f3ff2199a,d6a012ed-84aa-48d3-8265-2d3f3ff2199a,5f0b5caf-708b-4300-92f2-53b51d83ec06,5f0b5caf-708b-4300-92f2-53b51d83ec06,1,1423.7258318079653,1437.391963454116,0.2715514192970991
2015,2015-07-02 23:00:00+00:00,37c647db-e58b-4583-93b6-5b8cb730cbab,5c0d47fe-8539-47b0-9f36-d0b3609ca89b,5c0d47fe-8539-47b0-9f36-d0b3609ca89b,f073a15f-0486-4179-b0a3-dfd0294eb595,f073a15f-0486-4179-b0a3-dfd0294eb595,0,1571.059623460787,1531.2118099540312,0.6106865540376589
2015,2015-07-02 23:00:00+00:00,37c647db-e58b-4583-93b6-5b8cb730cbab,f073a15f-0486-4179-b0a3-dfd0294eb595,f073a15f-0486-4179-b0a3-dfd0294eb595,5c0d47fe-8539-47b0-9f36-d0b3609ca89b,5c0d47fe-8539-47b0-9f36-d0b3609ca89b,1,1467.8520416916165,1507.6998551983725,0.3893134459623411
2015,2015-07-02 23:00:00+00:00,f4cab0f3-673f-48ab-8923-d6d1672d8635,3c409388-ab73-4c7f-953d-3a71062240f6,3c409388-ab73-4c7f-953d-3a71062240f6,a015b02d-845c-40c1-8ef4-844984f47e4d,a015b02d-845c-40c1-8ef4-844984f47e4d,0,1527.0504887084483,1536.2038210584467,0.3935315736203795
2015,2015-07-02 23:00:00+00:00,f4cab0f3-673f-48ab-8923-d6d1672d8635,a015b02d-845c-40c1-8ef4-844984f47e4d,a015b02d-845c-40c1-8ef4-844984f47e4d,3c409388-ab73-4c7f-953d-3a71062240f6,3c409388-ab73-4c7f-953d-3a71062240f6,1,1577.1819341535186,1568.0286018035201,0.6064684263796205
2015,2015-07-03 02:00:00+00:00,7f7c9b34-cec7-4d6a-ba8e-481cfc848878,5f0b5caf-708b-4300-92f2-53b51d83ec06,5f0b5caf-708b-4300-92f2-53b51d83ec06,0699edf3-5993-4182-b9b4-ec935cbd4fcc,0699edf3-5993-4182-b9b4-ec935cbd4fcc,0,1606.4784299369087,1553.8973724665145,0.6190791049667415
2015,2015-07-03 02:00:00+00:00,7f7c9b34-cec7-4d6a-ba8e-481cfc848878,0699edf3-5993-4182-b9b4-ec935cbd4fcc,0699edf3-5993-4182-b9b4-ec935cbd4fcc,5f0b5caf-708b-4300-92f2-53b51d83ec06,5f0b5caf-708b-4300-92f2-53b51d83ec06,1,1497.1138899616076,1549.6949474320018,0.38092089503325854
2015,2015-07-03 02:30:00+00:00,1d2cb486-d1a6-4231-bd54-195fdeb05d69,e6bc56cc-9dad-43aa-8ccb-ee9d499fea28,FR_LVA_ACES,0a5ad38d-2fe3-43ba-894b-1ba3d5042ea9,0a5ad38d-2fe3-43ba-894b-1ba3d5042ea9,0,1426.7904425867434,1416.4351770918413,0.4885052830438955
2015,2015-07-03 02:30:00+00:00,1d2cb486-d1a6-4231-bd54-195fdeb05d69,0a5ad38d-2fe3-43ba-894b-1ba3d5042ea9,0a5ad38d-2fe3-43ba-894b-1ba3d5042ea9,e6bc56cc-9dad-43aa-8ccb-ee9d499fea28,FR_LVA_ACES,1,1409.7791976070876,1420.1344631019897,0.5114947169561045
2015,2015-07-04 00:00:00+00:00,1af09fed-6d5f-4ee8-b2ba-3f9c11823484,d6a012ed-84aa-48d3-8265-2d3f3ff2199a,d6a012ed-84aa-48d3-8265-2d3f3ff2199a,6f017f37-be96-4bdc-b6d3-0a0429c72e89,6f017f37-be96-4bdc-b6d3-0a0429c72e89,0,1437.391963454116,1419.2738403186625,0.2752943481712906
2015,2015-07-04 00:00:00+00:00,1af09fed-6d5f-4ee8-b2ba-3f9c11823484,6f017f37-be96-4bdc-b6d3-0a0429c72e89,6f017f37-be96-4bdc-b6d3-0a0429c72e89,d6a012ed-84aa-48d3-8265-2d3f3ff2199a,d6a012ed-84aa-48d3-8265-2d3f3ff2199a,1,1580.537704630557,1598.6558277660106,0.7247056518287094
2015,2015-07-04 02:30:00+00:00,69971430-8ab6-4be8-aa9e-961ea7aa731a,5f0b5caf-708b-4300-92f2-53b51d83ec06,5f0b5caf-708b-4300-92f2-53b51d83ec06,0a5ad38d-2fe3-43ba-894b-1ba3d5042ea9,0a5ad38d-2fe3-43ba-894b-1ba3d5042ea9,0,1553.8973724665145,1544.3062618130007,0.6516022707802716
2015,2015-07-04 02:30:00+00:00,69971430-8ab6-4be8-aa9e-961ea7aa731a,0a5ad38d-2fe3-43ba-894b-1ba3d5042ea9,0a5ad38d-2fe3-43ba-894b-1ba3d5042ea9,5f0b5caf-708b-4300-92f2-53b51d83ec06,5f0b5caf-708b-4300-92f2-53b51d83ec06,1,1420.1344631019897,1429.7255737555035,0.3483977292197284
2015,2015-07-05 19:00:00+00:00,8f63bd75-7f86-419d-a4c3-61ac1c103393,d6a012ed-84aa-48d3-8265-2d3f3ff2199a,d6a012ed-84aa-48d3-8265-2d3f3ff2199a,5d70a9af-8c2b-4aec-9e68-9acc6ddb93e4,5d70a9af-8c2b-4aec-9e68-9acc6ddb93e4,0,1419.2738403186625,1407.217881554503,0.42764630762671874
2015,2015-07-05 19:00:00+00:00,8f63bd75-7f86-419d-a4c3-61ac1c103393,5d70a9af-8c2b-4aec-9e68-9acc6ddb93e4,5d70a9af-8c2b-4aec-9e68-9acc6ddb93e4,d6a012ed-84aa-48d3-8265-2d3f3ff2199a,d6a012ed-84aa-48d3-8265-2d3f3ff2199a,1,1444.9057452315442,1456.9617039957036,0.5723536923732813
2015,2015-07-05 21:00:00+00:00,967290ff-30d2-4e8e-9c3e-4ea55c4f5937,0699edf3-5993-4182-b9b4-ec935cbd4fcc,0699edf3-5993-4182-b9b4-ec935cbd4fcc,0a5ad38d-2fe3-43ba-894b-1ba3d5042ea9,0a5ad38d-2fe3-43ba-894b-1ba3d5042ea9,0,1549.6949474320018,1555.1468669356416,0.6333667619927421
2015,2015-07-05 21:00:00+00:00,967290ff-30d2-4e8e-9c3e-4ea55c4f5937,0a5ad38d-2fe3-43ba-894b-1ba3d5042ea9,0a5ad38d-2fe3-43ba-894b-1ba3d5042ea9,0699edf3-5993-4182-b9b4-ec935cbd4fcc,0699edf3-5993-4182-b9b4-ec935cbd4fcc,1,1429.7255737555035,1424.2736542518637,0.3666332380072579
2015,2015-07-08 00:00:00+00:00,6adb6aed-af65-427a-919f-9013bac25bcf,5f0b5caf-708b-4300-92f2-53b51d83ec06,5f0b5caf-708b-4300-92f2-53b51d83ec06,5d70a9af-8c2b-4aec-9e68-9acc6ddb93e4,5d70a9af-8c2b-4aec-9e68-9acc6ddb93e4,0,1544.3062618130007,1557.8849780186506,0.5887702850469934
2015,2015-07-08 00:00:00+00:00,6adb6aed-af65-427a-919f-9013bac25bcf,5d70a9af-8c2b-4aec-9e68-9acc6ddb93e4,5d70a9af-8c2b-4aec-9e68-9acc6ddb93e4,5f0b5caf-708b-4300-92f2-53b51d83ec06,5f0b5caf-708b-4300-92f2-53b51d83ec06,1,1456.9617039957036,1443.3829877900537,0.4112297149530066
2015,2015-07-08 16:00:00+00:00,498c3f06-5d5e-4c01-b2f4-c393c5f9be01,d6a012ed-84aa-48d3-8265-2d3f3ff2199a,d6a012ed-84aa-48d3-8265-2d3f3ff2199a,f073a15f-0486-4179-b0a3-dfd0294eb595,f073a15f-0486-4179-b0a3-dfd0294eb595,0,1407.217881554503,1386.6217807613955,0.3268796004031357
2015,2015-07-08 16:00:00+00:00,498c3f06-5d5e-4c01-b2f4-c393c5f9be01,f073a15f-0486-4179-b0a3-dfd0294eb595,f073a15f-0486-4179-b0a3-dfd0294eb595,d6a012ed-84aa-48d3-8265-2d3f3ff2199a,d6a012ed-84aa-48d3-8265-2d3f3ff2199a,1,1507.6998551983725,1528.29595599148,0.6731203995968643
2015,2015-07-09 00:00:00+00:00,17b06ca3-9f9b-4adf-a4a0-7f0e92806948,0a5ad38d-2fe3-43ba-894b-1ba3d5042ea9,0a5ad38d-2fe3-43ba-894b-1ba3d5042ea9,e6bc56cc-9dad-43aa-8ccb-ee9d499fea28,FR_LVA_ACES,0,1424.2736542518637,1411.770048326925,0.47532264974508864
2015,2015-07-09 00:00:00+00:00,17b06ca3-9f9b-4adf-a4a0-7f0e92806948,e6bc56cc-9dad-43aa-8ccb-ee9d499fea28,FR_LVA_ACES,0a5ad38d-2fe3-43ba-894b-1ba3d5042ea9,0a5ad38d-2fe3-43ba-894b-1ba3d5042ea9,1,1416.4351770918413,1428.93878301678,0.5246773502549114
2015,2015-07-09 15:30:00+00:00,a6928cce-08c3-4c4a-a7da-26f4db2b31b1,08ed8274-e29f-4248-bc2e-83cc8ed18d75,08ed8274-e29f-4248-bc2e-83cc8ed18d75,5c0d47fe-8539-47b0-9f36-d0b3609ca89b,5c0d47fe-8539-47b0-9f36-d0b3609ca89b,0,1513.8585385770652,1522.5349761572943,0.43934887546464596
2015,2015-07-09 15:30:00+00:00,a6928cce-08c3-4c4a-a7da-26f4db2b31b1,5c0d47fe-8539-47b0-9f36-d0b3609ca89b,5c0d47fe-8539-47b0-9f36-d0b3609ca89b,08ed8274-e29f-4248-bc2e-83cc8ed18d75,08ed8274-e29f-4248-bc2e-83cc8ed18d75,1,1531.2118099540312,1522.5353723738021,0.560651124535354
2015,2015-07-10 23:00:00+00:00,5bf4ab5f-56d6-43f5-a976-4ccf30e9368c,e6bc56cc-9dad-43aa-8ccb-ee9d499fea28,FR_LVA_ACES,f073a15f-0486-4179-b0a3-dfd0294eb595,f073a15f-0486-4179-b0a3-dfd0294eb595,0,1428.93878301678,1420.9761305469026,0.32830585613642216
2015,2015-07-10 23:00:00+00:00,5bf4ab5f-56d6-43f5-a976-4ccf30e9368c,f073a15f-0486-4179-b0a3-dfd0294eb595,f073a15f-0486-4179-b0a3-dfd0294eb595,e6bc56cc-9dad-43aa-8ccb-ee9d499fea28,FR_LVA_ACES,1,1528.29595599148,1536.2586084613574,0.6716941438635778
2015,2015-07-11 00:30:00+00:00,cfbbd617-fbb5-47d6-a6c5-165d920880a3,6f017f37-be96-4bdc-b6d3-0a0429c72e89,6f017f37-be96-4bdc-b6d3-0a0429c72e89,3c409388-ab73-4c7f-953d-3a71062240f6,3c409388-ab73-4c7f-953d-3a71062240f6,0,1598.6558277660106,1584.3202778773577,0.553689974142076
2015,2015-07-11 00:30:00+00:00,cfbbd617-fbb5-47d6-a6c5-165d920880a3,3c409388-ab73-4c7f-953d-3a71062240f6,3c409388-ab73-4c7f-953d-3a71062240f6,6f017f37-be96-4bdc-b6d3-0a0429c72e89,6f017f37-be96-4bdc-b6d3-0a0429c72e89,1,1536.2038210584467,1550.5393709470995,0.44631002585792395
2015,2015-07-11 02:00:00+00:00,466d05c8-0a65-4ec6-b472-0df977749ece,0699edf3-5993-4182-b9b4-ec935cbd4fcc,0699edf3-5993-4182-b9b4-ec935cbd4fcc,d6a012ed-84aa-48d3-8265-2d3f3ff2199a,d6a012ed-84aa-48d3-8265-2d3f3ff2199a,0,1555.1468669356416,1568.2553428914766,0.6955501652338661
2015,2015-07-11 02:00:00+00:00,466d05c8-0a65-4ec6-b472-0df977749ece,d6a012ed-84aa-48d3-8265-2d3f3ff2199a,d6a012ed-84aa-48d3-8265-2d3f3ff2199a,0699edf3-5993-4182-b9b4-ec935cbd4fcc,0699edf3-5993-4182-b9b4-ec935cbd4fcc,1,1386.6217807613955,1373.5133048055604,0.30444983476613385
2015,2015-07-12 00:00:00+00:00,51588f63-b302-49cf-a4c4-5a212bf4d71f,0a5ad38d-2fe3-43ba-894b-1ba3d5042ea9,0a5ad38d-2fe3-43ba-894b-1ba3d5042ea9,5f0b5caf-708b-4300-92f2-53b51d83ec06,5f0b5caf-708b-4300-92f2-53b51d83ec06,0,1411.770048326925,1400.2904352356504,0.27189749251824624
2015,2015-07-12 00:00:00+00:00,51588f63-b302-49cf-a4c4-5a212bf4d71f,5f0b5caf-708b-4300-92f2-53b51d83ec06,5f0b5caf-708b-4300-92f2-53b51d83ec06,0a5ad38d-2fe3-43ba-894b-1ba3d5042ea9,0a5ad38d-2fe3-43ba-894b-1ba3d5042ea9,1,1557.8849780186506,1569.3645911099252,0.7281025074817538
2015,2015-07-12 19:00:00+00:00,16d4f0de-694c-4221-89be-256bf96a32d4,08ed8274-e29f-4248-bc2e-83cc8ed18d75,08ed8274-e29f-4248-bc2e-83cc8ed18d75,5d70a9af-8c2b-4aec-9e68-9acc6ddb93e4,5d70a9af-8c2b-4aec-9e68-9acc6ddb93e4,0,1522.5349761572943,1506.3038263343124,0.5773059904125941
2015,2015-07-12 19:00:00+00:00,16d4f0de-694c-4221-89be-256bf96a32d4,5d70a9af-8c2b-4aec-9e68-9acc6ddb93e4,5d70a9af-8c2b-4aec-9e68-9acc6ddb93e4,08ed8274-e29f-4248-bc2e-83cc8ed18d75,08ed8274-e29f-4248-bc2e-83cc8ed18d75,1,1443.3829877900537,1459.6141376130356,0.4226940095874059
2015,2015-07-12 22:00:00+00:00,9af2b7f4-bde0-4762-bcd2-be1206fdeff3,a015b02d-845c-40c1-8ef4-844984f47e4d,a015b02d-845c-40c1-8ef4-844984f47e4d,3c409388-ab73-4c7f-953d-3a71062240f6,3c409388-ab73-4c7f-953d-3a71062240f6,0,1568.0286018035201,1538.203980324081,0.4891928177742476
2015,2015-07-12 22:00:00+00:00,9af2b7f4-bde0-4762-bcd2-be1206fdeff3,3c409388-ab73-4c7f-953d-3a71062240f6,3c409388-ab73-4c7f-953d-3a71062240f6,a015b02d-845c-40c1-8ef4-844984f47e4d,a015b02d-845c-40c1-8ef4-844984f47e4d,1,1550.5393709470995,1580.3639924265387,0.5108071822257524
2015,2015-07-12 22:00:00+00:00,dc1a00d8-b994-4a38-a729-f2fbdc84770d,d6a012ed-84aa-48d3-8265-2d3f3ff2199a,d6a012ed-84aa-48d3-8265-2d3f3ff2199a,0699edf3-5993-4182-b9b4-ec935cbd4fcc,0699edf3-5993-4182-b9b4-ec935cbd4fcc,0,1373.5133048055604,1367.0232140907342,0.22012521125933215
2015,2015-07-12 22:00:00+00:00,dc1a00d8-b994-4a38-a729-f2fbdc84770d,0699edf3-5993-4182-b9b4-ec935cbd4fcc,0699edf3-5993-4182-b9b4-ec935cbd4fcc,d6a012ed-84aa-48d3-8265-2d3f3ff2199a,d6a012ed-84aa-48d3-8265-2d3f3ff2199a,1,1568.2553428914766,1574.7454336063029,0.7798747887406678
2015,2015-07-12 23:00:00+00:00,2504fecd-6bbe-4a7c-9263-54a7080fc2f8,e6bc56cc-9dad-43aa-8ccb-ee9d499fea28,FR_LVA_ACES,6f017f37-be96-4bdc-b6d3-0a0429c72e89,6f017f37-be96-4bdc-b6d3-0a0429c72e89,0,1420.9761305469026,1409.262996273332,0.25271277193929254
2015,2015-07-12 23:00:00+00:00,2504fecd-6bbe-4a7c-9263-54a7080fc2f8,6f017f37-be96-4bdc-b6d3-0a0429c72e89,6f017f37-be96-4bdc-b6d3-0a0429c72e89,e6bc56cc-9dad-43aa-8ccb-ee9d499fea28,FR_LVA_ACES,1,1584.3202778773577,1596.0334121509284,0.7472872280607075
2015,2015-07-14 23:00:00+00:00,42ef4bd5-af9a-4042-9ba7-05900d837cee,6f017f37-be96-4bdc-b6d3-0a0429c72e89,6f017f37-be96-4bdc-b6d3-0a0429c72e89,a015b02d-845c-40c1-8ef4-844984f47e4d,a015b02d-845c-40c1-8ef4-844984f47e4d,0,1596.0334121509284,1606.6247210523145,0.5471052406577446
2015,2015-07-14 23:00:00+00:00,42ef4bd5-af9a-4042-9ba7-05900d837cee,a015b02d-845c-40c1-8ef4-844984f47e4d,a015b02d-845c-40c1-8ef4-844984f47e4d,6f017f37-be96-4bdc-b6d3-0a0429c72e89,6f017f37-be96-4bdc-b6d3-0a0429c72e89,1,1538.203980324081,1527.6126714226948,0.4528947593422555
2015,2015-07-15 02:00:00+00:00,f65ef04d-a24f-42bc-90c4-36f635a92711,5d70a9af-8c2b-4aec-9e68-9acc6ddb93e4,5d70a9af-8c2b-4aec-9e68-9acc6ddb93e4,0699edf3-5993-4182-b9b4-ec935cbd4fcc,0699edf3-5993-4182-b9b4-ec935cbd4fcc,0,1459.6141376130356,1450.7343271303305,0.308602561362434
2015,2015-07-15 02:00:00+00:00,f65ef04d-a24f-42bc-90c4-36f635a92711,0699edf3-5993-4182-b9b4-ec935cbd4fcc,0699edf3-5993-4182-b9b4-ec935cbd4fcc,5d70a9af-8c2b-4aec-9e68-9acc6ddb93e4,5d70a9af-8c2b-4aec-9e68-9acc6ddb93e4,1,1574.7454336063029,1583.625244089008,0.691397438637566
2015,2015-07-15 15:00:00+00:00,6b85eb61-28bd-4651-8d6d-aa35c8ae0294,e6bc56cc-9dad-43aa-8ccb-ee9d499fea28,FR_LVA_ACES,08ed8274-e29f-4248-bc2e-83cc8ed18d75,08ed8274-e29f-4248-bc2e-83cc8ed18d75,0,1409.262996273332,1393.972376169739,0.3312529752486457
2015,2015-07-15 15:00:00+00:00,6b85eb61-28bd-4651-8d6d-aa35c8ae0294,08ed8274-e29f-4248-bc2e-83cc8ed18d75,08ed8274-e29f-4248-bc2e-83cc8ed18d75,e6bc56cc-9dad-43aa-8ccb-ee9d499fea28,FR_LVA_ACES,1,1506.3038263343124,1521.5944464379054,0.6687470247513543
2015,2015-07-15 16:30:00+00:00,c37b20c7-d697-422c-818e-2f7a07706100,5c0d47fe-8539-47b0-9f36-d0b3609ca89b,5c0d47fe-8539-47b0-9f36-d0b3609ca89b,3c409388-ab73-4c7f-953d-3a71062240f6,3c409388-ab73-4c7f-953d-3a71062240f6,0,1522.5353723738021,1492.8410062188907,0.383008074828303
2015,2015-07-15 16:30:00+00:00,c37b20c7-d697-422c-818e-2f7a07706100,3c409388-ab73-4c7f-953d-3a71062240f6,3c409388-ab73-4c7f-953d-3a71062240f6,5c0d47fe-8539-47b0-9f36-d0b3609ca89b,5c0d47fe-8539-47b0-9f36-d0b3609ca89b,1,1580.3639924265387,1610.0583585814502,0.616991925171697
2015,2015-07-15 19:00:00+00:00,5aef9cd5-5585-4344-bf51-af62cf1a9ed7,0a5ad38d-2fe3-43ba-894b-1ba3d5042ea9,0a5ad38d-2fe3-43ba-894b-1ba3d5042ea9,d6a012ed-84aa-48d3-8265-2d3f3ff2199a,d6a012ed-84aa-48d3-8265-2d3f3ff2199a,0,1400.2904352356504,1386.7295838771108,0.5118952426580694
2015,2015-07-15 19:00:00+00:00,5aef9cd5-5585-4344-bf51-af62cf1a9ed7,d6a012ed-84aa-48d3-8265-2d3f3ff2199a,d6a012ed-84aa-48d3-8265-2d3f3ff2199a,0a5ad38d-2fe3-43ba-894b-1ba3d5042ea9,0a5ad38d-2fe3-43ba-894b-1ba3d5042ea9,1,1367.0232140907342,1380.5840654492738,0.48810475734193054
2015,2015-07-15 23:00:00+00:00,5b058ded-5432-4310-8040-3b35d67df401,5f0b5caf-708b-4300-92f2-53b51d83ec06,5f0b5caf-708b-4300-92f2-53b51d83ec06,f073a15f-0486-4179-b0a3-dfd0294eb595,f073a15f-0486-4179-b0a3-dfd0294eb595,0,1569.3645911099252,1561.230724207545,0.5116633305975709
2015,2015-07-15 23:00:00+00:00,5b058ded-5432-4310-8040-3b35d67df401,f073a15f-0486-4179-b0a3-dfd0294eb595,f073a15f-0486-4179-b0a3-dfd0294eb595,5f0b5caf-708b-4300-92f2-53b51d83ec06,5f0b5caf-708b-4300-92f2-53b51d83ec06,1,1536.2586084613574,1544.3924753637375,0.4883366694024292
2015,2015-07-16 19:30:00+00:00,973fadab-4a74-4469-9c8e-0f14468d0272,5d70a9af-8c2b-4aec-9e68-9acc6ddb93e4,5d70a9af-8c2b-4aec-9e68-9acc6ddb93e4,0a5ad38d-2fe3-43ba-894b-1ba3d5042ea9,0a5ad38d-2fe3-43ba-894b-1ba3d5042ea9,0,1450.7343271303305,1458.7733875060405,0.5558977019033149
2015,2015-07-16 19:30:00+00:00,973fadab-4a74-4469-9c8e-0f14468d0272,0a5ad38d-2fe3-43ba-894b-1ba3d5042ea9,0a5ad38d-2fe3-43ba-894b-1ba3d5042ea9,5d70a9af-8c2b-4aec-9e68-9acc6ddb93e4,5d70a9af-8c2b-4aec-9e68-9acc6ddb93e4,1,1386.7295838771108,1378.6905235014008,0.4441022980966851
2015,2015-07-16 23:00:00+00:00,a4ee7046-1b48-422a-babd-50c0184ffef7,a015b02d-845c-40c1-8ef4-844984f47e4d,a015b02d-845c-40c1-8ef4-844984f47e4d,08ed8274-e29f-4248-bc2e-83cc8ed18d75,08ed8274-e29f-4248-bc2e-83cc8ed18d75,0,1527.6126714226948,1515.1956247806283,0.4727101766488825
2015,2015-07-16 23:00:00+00:00,a4ee7046-1b48-422a-babd-50c0184ffef7,08ed8274-e29f-4248-bc2e-83cc8ed18d75,08ed8274-e29f-4248-bc2e-83cc8ed18d75,a015b02d-845c-40c1-8ef4-844984f47e4d,a015b02d-845c-40c1-8ef4-844984f47e4d,1,1521.5944464379054,1534.0114930799718,0.5272898233511175
2015,2015-07-17 23:00:00+00:00,fb3605cc-e2c7-4ae7-9827-aa884c7073c8,f073a15f-0486-4179-b0a3-dfd0294eb595,f073a15f-0486-4179-b0a3-dfd0294eb595,5c0d47fe-8539-47b0-9f36-d0b3609ca89b,5c0d47fe-8539-47b0-9f36-d0b3609ca89b,0,1544.3924753637375,1514.8836380641994,0.5381364229640242
2015,2015-07-17 23:00:00+00:00,fb3605cc-e2c7-4ae7-9827-aa884c7073c8,5c0d47fe-8539-47b0-9f36-d0b3609ca89b,5c0d47fe-8539-47b0-9f36-d0b3609ca89b,f073a15f-0486-4179-b0a3-dfd0294eb595,f073a15f-0486-4179-b0a3-dfd0294eb595,1,1492.8410062188907,1522.3498435184288,0.46186357703597586
2015,2015-07-18 00:00:00+00:00,10097670-7563-4f11-bb49-94590a0e5a76,5f0b5caf-708b-4300-92f2-53b51d83ec06,5f0b5caf-708b-4300-92f2-53b51d83ec06,e6bc56cc-9dad-43aa-8ccb-ee9d499fea28,FR_LVA_ACES,0,1561.230724207545,1544.614942425621,0.6940038268517565
2015,2015-07-18 00:00:00+00:00,10097670-7563-4f11-bb49-94590a0e5a76,e6bc56cc-9dad-43aa-8ccb-ee9d499fea28,FR_LVA_ACES,5f0b5caf-708b-4300-92f2-53b51d83ec06,5f0b5caf-708b-4300-92f2-53b51d83ec06,1,1393.972376169739,1410.588157951663,0.3059961731482435
2015,2015-07-18 00:00:00+00:00,9943a5c4-f2cc-486d-9bcd-d2de37ca46a6,3c409388-ab73-4c7f-953d-3a71062240f6,3c409388-ab73-4c7f-953d-3a71062240f6,6f017f37-be96-4bdc-b6d3-0a0429c72e89,6f017f37-be96-4bdc-b6d3-0a0429c72e89,0,1610.0583585814502,1584.239626137189,0.46900330996797013
2015,2015-07-18 00:00:00+00:00,9943a5c4-f2cc-486d-9bcd-d2de37ca46a6,6f017f37-be96-4bdc-b6d3-0a0429c72e89,6f017f37-be96-4bdc-b6d3-0a0429c72e89,3c409388-ab73-4c7f-953d-3a71062240f6,3c409388-ab73-4c7f-953d-3a71062240f6,1,1606.6247210523145,1632.4434534965758,0.5309966900320299
2015,2015-07-19 01:00:00+00:00,a2cf1100-a12c-408e-a395-f02217bc3aa9,5d70a9af-8c2b-4aec-9e68-9acc6ddb93e4,5d70a9af-8c2b-4aec-9e68-9acc6ddb93e4,d6a012ed-84aa-48d3-8265-2d3f3ff2199a,d6a012ed-84aa-48d3-8265-2d3f3ff2199a,0,1458.7733875060405,1435.2023679504366,0.5759531436535152
2015,2015-07-19 01:00:00+00:00,a2cf1100-a12c-408e-a395-f02217bc3aa9,d6a012ed-84aa-48d3-8265-2d3f3ff2199a,d6a012ed-84aa-48d3-8265-2d3f3ff2199a,5d70a9af-8c2b-4aec-9e68-9acc6ddb93e4,5d70a9af-8c2b-4aec-9e68-9acc6ddb93e4,1,1380.5840654492738,1404.1550850048777,0.4240468563464848
2015,2015-07-19 02:00:00+00:00,0b3726f1-ae61-4d2e-b5d6-515b97e3e59e,08ed8274-e29f-4248-bc2e-83cc8ed18d75,08ed8274-e29f-4248-bc2e-83cc8ed18d75,0699edf3-5993-4182-b9b4-ec935cbd4fcc,0699edf3-5993-4182-b9b4-ec935cbd4fcc,0,1534.0114930799718,1541.6332993033277,0.3942430401410022
2015,2015-07-19 02:00:00+00:00,0b3726f1-ae61-4d2e-b5d6-515b97e3e59e,0699edf3-5993-4182-b9b4-ec935cbd4fcc,0699edf3-5993-4182-b9b4-ec935cbd4fcc,08ed8274-e29f-4248-bc2e-83cc8ed18d75,08ed8274-e29f-4248-bc2e-83cc8ed18d75,1,1583.625244089008,1576.0034378656521,0.6057569598589978
2015,2015-07-19 20:30:00+00:00,e1a15cf3-4715-4129-9992-47f77c912537,6f017f37-be96-4bdc-b6d3-0a0429c72e89,6f017f37-be96-4bdc-b6d3-0a0429c72e89,5f0b5caf-708b-4300-92f2-53b51d83ec06,5f0b5caf-708b-4300-92f2-53b51d83ec06,0,1632.4434534965758,1642.867647441165,0.5894446295383069
2015,2015-07-19 20:30:00+00:00,e1a15cf3-4715-4129-9992-47f77c912537,5f0b5caf-708b-4300-92f2-53b51d83ec06,5f0b5caf-708b-4300-92f2-53b51d83ec06,6f017f37-be96-4bdc-b6d3-0a0429c72e89,6f017f37-be96-4bdc-b6d3-0a0429c72e89,1,1544.614942425621,1534.1907484810317,0.41055537046169316
2015,2015-07-19 22:00:00+00:00,34aa781e-84d0-4e1d-a599-3a5035e91258,e6bc56cc-9dad-43aa-8ccb-ee9d499fea28,FR_LVA_ACES,3c409388-ab73-4c7f-953d-3a71062240f6,3c409388-ab73-4c7f-953d-3a71062240f6,0,1410.588157951663,1402.8029397825198,0.2416728799473038
2015,2015-07-19 22:00:00+00:00,34aa781e-84d0-4e1d-a599-3a5035e91258,3c409388-ab73-4c7f-953d-3a71062240f6,3c409388-ab73-4c7f-953d-3a71062240f6,e6bc56cc-9dad-43aa-8ccb-ee9d499fea28,FR_LVA_ACES,1,1584.239626137189,1592.0248443063322,0.7583271200526962
2015,2015-07-19 23:00:00+00:00,4dc912c8-3ada-42df-84a8-9fc91e2c1f86,a015b02d-845c-40c1-8ef4-844984f47e4d,a015b02d-845c-40c1-8ef4-844984f47e4d,5c0d47fe-8539-47b0-9f36-d0b3609ca89b,5c0d47fe-8539-47b0-9f36-d0b3609ca89b,0,1515.1956247806283,1503.3962636459316,0.4538580197178641
2015,2015-07-19 23:00:00+00:00,4dc912c8-3ada-42df-84a8-9fc91e2c1f86,5c0d47fe-8539-47b0-9f36-d0b3609ca89b,5c0d47fe-8539-47b0-9f36-d0b3609ca89b,a015b02d-845c-40c1-8ef4-844984f47e4d,a015b02d-845c-40c1-8ef4-844984f47e4d,1,1522.3498435184288,1534.1492046531255,0.5461419802821359
2015,2015-07-21 16:30:00+00:00,2a1292c8-4d74-4540-8f06-d85888d96260,5c0d47fe-8539-47b0-9f36-d0b3609ca89b,5c0d47fe-8539-47b0-9f36-d0b3609ca89b,5f0b5caf-708b-4300-92f2-53b51d83ec06,5f0b5caf-708b-4300-92f2-53b51d83ec06,0,1534.1492046531255,1548.1611769666574,0.46402459567840815
2015,2015-07-21 16:30:00+00:00,2a1292c8-4d74-4540-8f06-d85888d96260,5f0b5caf-708b-4300-92f2-53b51d83ec06,5f0b5caf-708b-4300-92f2-53b51d83ec06,5c0d47fe-8539-47b0-9f36-d0b3609ca89b,5c0d47fe-8539-47b0-9f36-d0b3609ca89b,1,1534.1907484810317,1520.1787761674998,0.5359754043215919
2015,2015-07-21 16:30:00+00:00,79210623-0c29-4c8a-821f-c220657125f7,f073a15f-0486-4179-b0a3-dfd0294eb595,f073a15f-0486-4179-b0a3-dfd0294eb595,e6bc56cc-9dad-43aa-8ccb-ee9d499fea28,FR_LVA_ACES,0,1514.8836380641994,1482.2804051007186,0.6227593356721606
2015,2015-07-21 16:30:00+00:00,79210623-0c29-4c8a-821f-c220657125f7,e6bc56cc-9dad-43aa-8ccb-ee9d499fea28,FR_LVA_ACES,f073a15f-0486-4179-b0a3-dfd0294eb595,f073a15f-0486-4179-b0a3-dfd0294eb595,1,1402.8029397825198,1435.4061727460007,0.37724066432783937
2015,2015-07-22 00:00:00+00:00,21452280-3b7a-4b0c-994c-4d8af191bcd4,5d70a9af-8c2b-4aec-9e68-9acc6ddb93e4,5d70a9af-8c2b-4aec-9e68-9acc6ddb93e4,3c409388-ab73-4c7f-953d-3a71062240f6,3c409388-ab73-4c7f-953d-3a71062240f6,0,1435.2023679504366,1430.362511297638,0.2598680826681612
2015,2015-07-22 00:00:00+00:00,21452280-3b7a-4b0c-994c-4d8af191bcd4,3c409388-ab73-4c7f-953d-3a71062240f6,3c409388-ab73-4c7f-953d-3a71062240f6,5d70a9af-8c2b-4aec-9e68-9acc6ddb93e4,5d70a9af-8c2b-4aec-9e68-9acc6ddb93e4,1,1592.0248443063322,1596.8647009591307,0.7401319173318388
2015,2015-07-22 02:00:00+00:00,b46091b6-b2ba-4e36-969b-245da0328d87,08ed8274-e29f-4248-bc2e-83cc8ed18d75,08ed8274-e29f-4248-bc2e-83cc8ed18d75,d6a012ed-84aa-48d3-8265-2d3f3ff2199a,d6a012ed-84aa-48d3-8265-2d3f3ff2199a,0,1541.6332993033277,1547.516962204047,0.6564416061783074
2015,2015-07-22 02:00:00+00:00,b46091b6-b2ba-4e36-969b-245da0328d87,d6a012ed-84aa-48d3-8265-2d3f3ff2199a,d6a012ed-84aa-48d3-8265-2d3f3ff2199a,08ed8274-e29f-4248-bc2e-83cc8ed18d75,08ed8274-e29f-4248-bc2e-83cc8ed18d75,1,1404.1550850048777,1398.2714221041583,0.3435583938216927
2015,2015-07-22 03:00:00+00:00,bdc51b47-6f2d-40cd-a0b3-233b79ceac43,0699edf3-5993-4182-b9b4-ec935cbd4fcc,0699edf3-5993-4182-b9b4-ec935cbd4fcc,0a5ad38d-2fe3-43ba-894b-1ba3d5042ea9,0a5ad38d-2fe3-43ba-894b-1ba3d5042ea9,0,1576.0034378656521,1562.3268302877807,0.7294655843511904
2015,2015-07-22 03:00:00+00:00,bdc51b47-6f2d-40cd-a0b3-233b79ceac43,0a5ad38d-2fe3-43ba-894b-1ba3d5042ea9,0a5ad38d-2fe3-43ba-894b-1ba3d5042ea9,0699edf3-5993-4182-b9b4-ec935cbd4fcc,0699edf3-5993-4182-b9b4-ec935cbd4fcc,1,1378.6905235014008,1392.3671310792722,0.27053441564880965
2015,2015-07-22 17:00:00+00:00,856c3033-570f-4d06-b862-20c9015d24ec,a015b02d-845c-40c1-8ef4-844984f47e4d,a015b02d-845c-40c1-8ef4-844984f47e4d,6f017f37-be96-4bdc-b6d3-0a0429c72e89,6f017f37-be96-4bdc-b6d3-0a0429c72e89,0,1503.3962636459316,1510.1876424040495,0.2795341817595698
2015,2015-07-22 17:00:00+00:00,856c3033-570f-4d06-b862-20c9015d24ec,6f017f37-be96-4bdc-b6d3-0a0429c72e89,6f017f37-be96-4bdc-b6d3-0a0429c72e89,a015b02d-845c-40c1-8ef4-844984f47e4d,a015b02d-845c-40c1-8ef4-844984f47e4d,1,1642.867647441165,1636.0762686830471,0.7204658182404302
2015,2015-07-23 02:30:00+00:00,57b60aae-9e4e-449e-bb78-48ce4583d4a0,08ed8274-e29f-4248-bc2e-83cc8ed18d75,08ed8274-e29f-4248-bc2e-83cc8ed18d75,0a5ad38d-2fe3-43ba-894b-1ba3d5042ea9,0a5ad38d-2fe3-43ba-894b-1ba3d5042ea9,0,1547.516962204047,1554.4943582032656,0.6790049363329258
2015,2015-07-23 02:30:00+00:00,57b60aae-9e4e-449e-bb78-48ce4583d4a0,0a5ad38d-2fe3-43ba-894b-1ba3d5042ea9,0a5ad38d-2fe3-43ba-894b-1ba3d5042ea9,08ed8274-e29f-4248-bc2e-83cc8ed18d75,08ed8274-e29f-4248-bc2e-83cc8ed18d75,1,1392.3671310792722,1385.3897350800537,0.3209950636670742
2015,2015-07-28 23:00:00+00:00,a1dddeac-babc-4176-ae65-6db301556e8f,f073a15f-0486-4179-b0a3-dfd0294eb595,f073a15f-0486-4179-b0a3-dfd0294eb595,a015b02d-845c-40c1-8ef4-844984f47e4d,a015b02d-845c-40c1-8ef4-844984f47e4d,0,1482.2804051007186,1489.6428697658707,0.4244434902029933
2015,2015-07-28 23:00:00+00:00,a1dddeac-babc-4176-ae65-6db301556e8f,a015b02d-845c-40c1-8ef4-844984f47e4d,a015b02d-845c-40c1-8ef4-844984f47e4d,f073a15f-0486-4179-b0a3-dfd0294eb595,f073a15f-0486-4179-b0a3-dfd0294eb595,1,1510.1876424040495,1502.8251777388973,0.5755565097970067
2015,2015-07-29 02:00:00+00:00,951c2ab4-5371-4820-92ac-9330af18ba17,3c409388-ab73-4c7f-953d-3a71062240f6,3c409388-ab73-4c7f-953d-3a71062240f6,0699edf3-5993-4182-b9b4-ec935cbd4fcc,0699edf3-5993-4182-b9b4-ec935cbd4fcc,0,1596.8647009591307,1590.0669345697577,0.5137226522035292
2015,2015-07-29 02:00:00+00:00,951c2ab4-5371-4820-92ac-9330af18ba17,0699edf3-5993-4182-b9b4-ec935cbd4fcc,0699edf3-5993-4182-b9b4-ec935cbd4fcc,3c409388-ab73-4c7f-953d-3a71062240f6,3c409388-ab73-4c7f-953d-3a71062240f6,1,1562.3268302877807,1569.1245966771537,0.4862773477964708
2015,2015-07-29 15:30:00+00:00,4218b747-2509-4548-ac8b-e5898aed6620,d6a012ed-84aa-48d3-8265-2d3f3ff2199a,d6a012ed-84aa-48d3-8265-2d3f3ff2199a,5c0d47fe-8539-47b0-9f36-d0b3609ca89b,5c0d47fe-8539-47b0-9f36-d0b3609ca89b,0,1398.2714221041583,1388.2545694273451,0.2676170766592175
2015,2015-07-29 15:30:00+00:00,4218b747-2509-4548-ac8b-e5898aed6620,5c0d47fe-8539-47b0-9f36-d0b3609ca89b,5c0d47fe-8539-47b0-9f36-d0b3609ca89b,d6a012ed-84aa-48d3-8265-2d3f3ff2199a,d6a012ed-84aa-48d3-8265-2d3f3ff2199a,1,1548.1611769666574,1558.1780296434706,0.7323829233407825
2015,2015-07-29 23:00:00+00:00,43a02b0d-9d76-40c1-88b1-224039d62bd4,08ed8274-e29f-4248-bc2e-83cc8ed18d75,08ed8274-e29f-4248-bc2e-83cc8ed18d75,f073a15f-0486-4179-b0a3-dfd0294eb595,f073a15f-0486-4179-b0a3-dfd0294eb595,0,1554.4943582032656,1532.8988213858715,0.5571007061504083
2015,2015-07-29 23:00:00+00:00,43a02b0d-9d76-40c1-88b1-224039d62bd4,f073a15f-0486-4179-b0a3-dfd0294eb595,f073a15f-0486-4179-b0a3-dfd0294eb595,08ed8274-e29f-4248-bc2e-83cc8ed18d75,08ed8274-e29f-4248-bc2e-83cc8ed18d75,1,1489.6428697658707,1511.2384065832648,0.44289929384959165
2015,2015-07-30 00:00:00+00:00,59eb02cf-5b14-43b3-9019-32f5db5fa7bd,0a5ad38d-2fe3-43ba-894b-1ba3d5042ea9,0a5ad38d-2fe3-43ba-894b-1ba3d5042ea9,6f017f37-be96-4bdc-b6d3-0a0429c72e89,6f017f37-be96-4bdc-b6d3-0a0429c72e89,0,1385.3897350800537,1382.0507270627504,0.16980931891973428
2015,2015-07-30 00:00:00+00:00,59eb02cf-5b14-43b3-9019-32f5db5fa7bd,6f017f37-be96-4bdc-b6d3-0a0429c72e89,6f017f37-be96-4bdc-b6d3-0a0429c72e89,0a5ad38d-2fe3-43ba-894b-1ba3d5042ea9,0a5ad38d-2fe3-43ba-894b-1ba3d5042ea9,1,1636.0762686830471,1639.4152767003504,0.8301906810802657
2015,2015-07-30 00:00:00+00:00,6e95ded4-3552-4ac8-bf23-f7caa371772e,5d70a9af-8c2b-4aec-9e68-9acc6ddb93e4,5d70a9af-8c2b-4aec-9e68-9acc6ddb93e4,e6bc56cc-9dad-43aa-8ccb-ee9d499fea28,FR_LVA_ACES,0,1430.362511297638,1406.567951018404,0.4568711409357662
2015,2015-07-30 00:00:00+00:00,6e95ded4-3552-4ac8-bf23-f7caa371772e,e6bc56cc-9dad-43aa-8ccb-ee9d499fea28,FR_LVA_ACES,5d70a9af-8c2b-4aec-9e68-9acc6ddb93e4,5d70a9af-8c2b-4aec-9e68-9acc6ddb93e4,1,1435.4061727460007,1459.2007330252347,0.5431288590642338
2015,2015-07-31 00:00:00+00:00,b6acb5fb-623b-4e7d-9922-945df44cbfad,0699edf3-5993-4182-b9b4-ec935cbd4fcc,0699edf3-5993-4182-b9b4-ec935cbd4fcc,5f0b5caf-708b-4300-92f2-53b51d83ec06,5f0b5caf-708b-4300-92f2-53b51d83ec06,0,1569.1245966771537,1587.3982802315588,0.5344063442109936
2015,2015-07-31 00:00:00+00:00,b6acb5fb-623b-4e7d-9922-945df44cbfad,5f0b5caf-708b-4300-92f2-53b51d83ec06,5f0b5caf-708b-4300-92f2-53b51d83ec06,0699edf3-5993-4182-b9b4-ec935cbd4fcc,0699edf3-5993-4182-b9b4-ec935cbd4fcc,1,1520.1787761674998,1501.9050926130947,0.4655936557890063
2015,2015-07-31 23:00:00+00:00,99bdd057-5dce-489c-8c71-03ea39d4dfa9,d6a012ed-84aa-48d3-8265-2d3f3ff2199a,d6a012ed-84aa-48d3-8265-2d3f3ff2199a,a015b02d-845c-40c1-8ef4-844984f47e4d,a015b02d-845c-40c1-8ef4-844984f47e4d,0,1388.2545694273451,1385.2868263155044,0.30929164509247997
2015,2015-07-31 23:00:00+00:00,99bdd057-5dce-489c-8c71-03ea39d4dfa9,a015b02d-845c-40c1-8ef4-844984f47e4d,a015b02d-845c-40c1-8ef4-844984f47e4d,d6a012ed-84aa-48d3-8265-2d3f3ff2199a,d6a012ed-84aa-48d3-8265-2d3f3ff2199a,1,1502.8251777388973,1505.792920850738,0.69070835490752
2015,2015-08-01 00:00:00+00:00,0f355d0c-e93c-49e3-afd2-b72f8b969a04,5d70a9af-8c2b-4aec-9e68-9acc6ddb93e4,5d70a9af-8c2b-4aec-9e68-9acc6ddb93e4,6f017f37-be96-4bdc-b6d3-0a0429c72e89,6f017f37-be96-4bdc-b6d3-0a0429c72e89,0,1406.567951018404,1398.8067094409107,0.18478053720939258
2015,2015-08-01 00:00:00+00:00,0f355d0c-e93c-49e3-afd2-b72f8b969a04,6f017f37-be96-4bdc-b6d3-0a0429c72e89,6f017f37-be96-4bdc-b6d3-0a0429c72e89,5d70a9af-8c2b-4aec-9e68-9acc6ddb93e4,5d70a9af-8c2b-4aec-9e68-9acc6ddb93e4,1,1639.4152767003504,1647.1765182778438,0.8152194627906074
2015,2015-08-01 00:00:00+00:00,c6cbabd5-5114-4dd1-b202-b0c442f30ffc,5c0d47fe-8539-47b0-9f36-d0b3609ca89b,5c0d47fe-8539-47b0-9f36-d0b3609ca89b,e6bc56cc-9dad-43aa-8ccb-ee9d499fea28,FR_LVA_ACES,0,1558.1780296434706,1595.9795253896025,0.6048816672677141
2015,2015-08-01 00:00:00+00:00,c6cbabd5-5114-4dd1-b202-b0c442f30ffc,e6bc56cc-9dad-43aa-8ccb-ee9d499fea28,FR_LVA_ACES,5c0d47fe-8539-47b0-9f36-d0b3609ca89b,5c0d47fe-8539-47b0-9f36-d0b3609ca89b,1,1459.2007330252347,1421.3992372791029,0.3951183327322859
2015,2015-08-01 00:30:00+00:00,2d70d9db-d7cb-4131-afbe-574f8c3c614e,0a5ad38d-2fe3-43ba-894b-1ba3d5042ea9,0a5ad38d-2fe3-43ba-894b-1ba3d5042ea9,3c409388-ab73-4c7f-953d-3a71062240f6,3c409388-ab73-4c7f-953d-3a71062240f6,0,1382.0507270627504,1406.9953050067336,0.20728828470680905
2015,2015-08-01 00:30:00+00:00,2d70d9db-d7cb-4131-afbe-574f8c3c614e,3c409388-ab73-4c7f-953d-3a71062240f6,3c409388-ab73-4c7f-953d-3a71062240f6,0a5ad38d-2fe3-43ba-894b-1ba3d5042ea9,0a5ad38d-2fe3-43ba-894b-1ba3d5042ea9,1,1590.0669345697577,1565.1223566257745,0.792711715293191
2015,2015-08-02 00:00:00+00:00,f59d0bd6-ceef-43fb-9a5e-e9942ae5c28c,6f017f37-be96-4bdc-b6d3-0a0429c72e89,6f017f37-be96-4bdc-b6d3-0a0429c72e89,5f0b5caf-708b-4300-92f2-53b51d83ec06,5f0b5caf-708b-4300-92f2-53b51d83ec06,0,1647.1765182778438,1654.4782799674535,0.6664868199904721
2015,2015-08-02 00:00:00+00:00,f59d0bd6-ceef-43fb-9a5e-e9942ae5c28c,5f0b5caf-708b-4300-92f2-53b51d83ec06,5f0b5caf-708b-4300-92f2-53b51d83ec06,6f017f37-be96-4bdc-b6d3-0a0429c72e89,6f017f37-be96-4bdc-b6d3-0a0429c72e89,1,1501.9050926130947,1494.603330923485,0.33351318000952795
2015,2015-08-02 19:00:00+00:00,318209c9-1d6b-41fe-9a23-3e652b398757,d6a012ed-84aa-48d3-8265-2d3f3ff2199a,d6a012ed-84aa-48d3-8265-2d3f3ff2199a,08ed8274-e29f-4248-bc2e-83cc8ed18d75,08ed8274-e29f-4248-bc2e-83cc8ed18d75,0,1385.2868263155044,1373.2580111542818,0.27019479055009854
2015,2015-08-02 19:00:00+00:00,318209c9-1d6b-41fe-9a23-3e652b398757,08ed8274-e29f-4248-bc2e-83cc8ed18d75,08ed8274-e29f-4248-bc2e-83cc8ed18d75,d6a012ed-84aa-48d3-8265-2d3f3ff2199a,d6a012ed-84aa-48d3-8265-2d3f3ff2199a,1,1532.8988213858715,1544.9276365470942,0.7298052094499015
2015,2015-08-02 19:00:00+00:00,ee2400ab-ddff-44ff-ba28-111493845e3c,0699edf3-5993-4182-b9b4-ec935cbd4fcc,0699edf3-5993-4182-b9b4-ec935cbd4fcc,5d70a9af-8c2b-4aec-9e68-9acc6ddb93e4,5d70a9af-8c2b-4aec-9e68-9acc6ddb93e4,0,1587.3982802315588,1591.3676772189851,0.7194446938726193
2015,2015-08-02 19:00:00+00:00,ee2400ab-ddff-44ff-ba28-111493845e3c,5d70a9af-8c2b-4aec-9e68-9acc6ddb93e4,5d70a9af-8c2b-4aec-9e68-9acc6ddb93e4,0699edf3-5993-4182-b9b4-ec935cbd4fcc,0699edf3-5993-4182-b9b4-ec935cbd4fcc,1,1398.8067094409107,1394.8373124534844,0.2805553061273807
2015,2015-08-02 20:30:00+00:00,8467315b-e464-429b-a230-4bf7e5fc8db7,0a5ad38d-2fe3-43ba-894b-1ba3d5042ea9,0a5ad38d-2fe3-43ba-894b-1ba3d5042ea9,e6bc56cc-9dad-43aa-8ccb-ee9d499fea28,FR_LVA_ACES,0,1406.9953050067336,1414.1880979203434,0.4435350719902402
2015,2015-08-02 20:30:00+00:00,8467315b-e464-429b-a230-4bf7e5fc8db7,e6bc56cc-9dad-43aa-8ccb-ee9d499fea28,FR_LVA_ACES,0a5ad38d-2fe3-43ba-894b-1ba3d5042ea9,0a5ad38d-2fe3-43ba-894b-1ba3d5042ea9,1,1421.3992372791029,1414.206444365493,0.5564649280097598
2015,2015-08-02 22:00:00+00:00,a45793d7-41e4-4249-8129-764fd19e16f7,a015b02d-845c-40c1-8ef4-844984f47e4d,a015b02d-845c-40c1-8ef4-844984f47e4d,f073a15f-0486-4179-b0a3-dfd0294eb595,f073a15f-0486-4179-b0a3-dfd0294eb595,0,1505.792920850738,1486.7871509799913,0.456297229385042
2015,2015-08-02 22:00:00+00:00,a45793d7-41e4-4249-8129-764fd19e16f7,f073a15f-0486-4179-b0a3-dfd0294eb595,f073a15f-0486-4179-b0a3-dfd0294eb595,a015b02d-845c-40c1-8ef4-844984f47e4d,a015b02d-845c-40c1-8ef4-844984f47e4d,1,1511.2384065832648,1530.2441764540115,0.543702770614958
2015,2015-08-02 22:00:00+00:00,c1cbb2de-bb93-4e04-bf6c-df030d59b787,5c0d47fe-8539-47b0-9f36-d0b3609ca89b,5c0d47fe-8539-47b0-9f36-d0b3609ca89b,3c409388-ab73-4c7f-953d-3a71062240f6,3c409388-ab73-4c7f-953d-3a71062240f6,0,1595.9795253896025,1587.8826118609418,0.5084283449914679
2015,2015-08-02 22:00:00+00:00,c1cbb2de-bb93-4e04-bf6c-df030d59b787,3c409388-ab73-4c7f-953d-3a71062240f6,3c409388-ab73-4c7f-953d-3a71062240f6,5c0d47fe-8539-47b0-9f36-d0b3609ca89b,5c0d47fe-8539-47b0-9f36-d0b3609ca89b,1,1565.1223566257745,1573.2192701544352,0.491571655008532
2015,2015-08-04 23:00:00+00:00,f702b081-6f44-4c37-9c52-92317f535f03,e6bc56cc-9dad-43aa-8ccb-ee9d499fea28,FR_LVA_ACES,a015b02d-845c-40c1-8ef4-844984f47e4d,a015b02d-845c-40c1-8ef4-844984f47e4d,0,1414.206444365493,1383.665075042448,0.36314964752932455
2015,2015-08-04 23:00:00+00:00,f702b081-6f44-4c37-9c52-92317f535f03,a015b02d-845c-40c1-8ef4-844984f47e4d,a015b02d-845c-40c1-8ef4-844984f47e4d,e6bc56cc-9dad-43aa-8ccb-ee9d499fea28,FR_LVA_ACES,1,1486.7871509799913,1517.3285203030364,0.6368503524706755
2015,2015-08-05 00:00:00+00:00,3bc6b7a7-f771-4491-b232-56bbc2f46a71,f073a15f-0486-4179-b0a3-dfd0294eb595,f073a15f-0486-4179-b0a3-dfd0294eb595,3c409388-ab73-4c7f-953d-3a71062240f6,3c409388-ab73-4c7f-953d-3a71062240f6,0,1530.2441764540115,1502.697009583628,0.4034053315241656
2015,2015-08-05 00:00:00+00:00,3bc6b7a7-f771-4491-b232-56bbc2f46a71,3c409388-ab73-4c7f-953d-3a71062240f6,3c409388-ab73-4c7f-953d-3a71062240f6,f073a15f-0486-4179-b0a3-dfd0294eb595,f073a15f-0486-4179-b0a3-dfd0294eb595,1,1573.2192701544352,1600.7664370248187,0.5965946684758344
2015,2015-08-05 02:00:00+00:00,0b4a9f9d-10df-4156-9ddc-3355ba755068,5f0b5caf-708b-4300-92f2-53b51d83ec06,5f0b5caf-708b-4300-92f2-53b51d83ec06,0699edf3-5993-4182-b9b4-ec935cbd4fcc,0699edf3-5993-4182-b9b4-ec935cbd4fcc,0,1494.603330923485,1489.7685990381196,0.3316056412121079
2015,2015-08-05 02:00:00+00:00,0b4a9f9d-10df-4156-9ddc-3355ba755068,0699edf3-5993-4182-b9b4-ec935cbd4fcc,0699edf3-5993-4182-b9b4-ec935cbd4fcc,5f0b5caf-708b-4300-92f2-53b51d83ec06,5f0b5caf-708b-4300-92f2-53b51d83ec06,1,1591.3676772189851,1596.2024091043504,0.6683943587878921
2015,2015-08-05 02:00:00+00:00,32f7c59f-a077-45fc-b423-f9388c23529d,6f017f37-be96-4bdc-b6d3-0a0429c72e89,6f017f37-be96-4bdc-b6d3-0a0429c72e89,0a5ad38d-2fe3-43ba-894b-1ba3d5042ea9,0a5ad38d-2fe3-43ba-894b-1ba3d5042ea9,0,1654.4782799674535,1610.3775800566411,0.775443871208631
2015,2015-08-05 02:00:00+00:00,32f7c59f-a077-45fc-b423-f9388c23529d,0a5ad38d-2fe3-43ba-894b-1ba3d5042ea9,0a5ad38d-2fe3-43ba-894b-1ba3d5042ea9,6f017f37-be96-4bdc-b6d3-0a0429c72e89,6f017f37-be96-4bdc-b6d3-0a0429c72e89,1,1414.1880979203434,1458.2887978311558,0.22455612879136902
2015,2015-08-05 23:00:00+00:00,10581680-8911-40a5-ac03-c7699d930d73,e6bc56cc-9dad-43aa-8ccb-ee9d499fea28,FR_LVA_ACES,5c0d47fe-8539-47b0-9f36-d0b3609ca89b,5c0d47fe-8539-47b0-9f36-d0b3609ca89b,0,1383.665075042448,1380.8135072619361,0.2109044534179947
2015,2015-08-05 23:00:00+00:00,10581680-8911-40a5-ac03-c7699d930d73,5c0d47fe-8539-47b0-9f36-d0b3609ca89b,5c0d47fe-8539-47b0-9f36-d0b3609ca89b,e6bc56cc-9dad-43aa-8ccb-ee9d499fea28,FR_LVA_ACES,1,1587.8826118609418,1590.7341796414537,0.7890955465820053
2015,2015-08-07 02:30:00+00:00,15432e87-7ac0-48c5-8fbf-3da0f437d72a,5f0b5caf-708b-4300-92f2-53b51d83ec06,5f0b5caf-708b-4300-92f2-53b51d83ec06,0a5ad38d-2fe3-43ba-894b-1ba3d5042ea9,0a5ad38d-2fe3-43ba-894b-1ba3d5042ea9,0,1489.7685990381196,1449.232801965258,0.509324102478751
2015,2015-08-07 02:30:00+00:00,15432e87-7ac0-48c5-8fbf-3da0f437d72a,0a5ad38d-2fe3-43ba-894b-1ba3d5042ea9,0a5ad38d-2fe3-43ba-894b-1ba3d5042ea9,5f0b5caf-708b-4300-92f2-53b51d83ec06,5f0b5caf-708b-4300-92f2-53b51d83ec06,1,1458.2887978311558,1498.8245949040174,0.49067589752124896
2015,2015-08-07 23:00:00+00:00,34b4b132-5439-4599-a6e9-f74146268536,5d70a9af-8c2b-4aec-9e68-9acc6ddb93e4,5d70a9af-8c2b-4aec-9e68-9acc6ddb93e4,f073a15f-0486-4179-b0a3-dfd0294eb595,f073a15f-0486-4179-b0a3-dfd0294eb595,0,1394.8373124534844,1370.338928797859,0.3176046318955922
2015,2015-08-07 23:00:00+00:00,34b4b132-5439-4599-a6e9-f74146268536,f073a15f-0486-4179-b0a3-dfd0294eb595,f073a15f-0486-4179-b0a3-dfd0294eb595,5d70a9af-8c2b-4aec-9e68-9acc6ddb93e4,5d70a9af-8c2b-4aec-9e68-9acc6ddb93e4,1,1502.697009583628,1527.1953932392535,0.6823953681044078
2015,2015-08-07 23:00:00+00:00,a9813cec-6e52-4e81-bcb2-619fb6682928,5c0d47fe-8539-47b0-9f36-d0b3609ca89b,5c0d47fe-8539-47b0-9f36-d0b3609ca89b,a015b02d-845c-40c1-8ef4-844984f47e4d,a015b02d-845c-40c1-8ef4-844984f47e4d,0,1590.7341796414537,1565.891816424676,0.5692140880941992
2015,2015-08-07 23:00:00+00:00,a9813cec-6e52-4e81-bcb2-619fb6682928,a015b02d-845c-40c1-8ef4-844984f47e4d,a015b02d-845c-40c1-8ef4-844984f47e4d,5c0d47fe-8539-47b0-9f36-d0b3609ca89b,5c0d47fe-8539-47b0-9f36-d0b3609ca89b,1,1517.3285203030364,1542.170883519814,0.4307859119058008
2015,2015-08-08 00:30:00+00:00,b7d30002-f11f-48a0-9f5c-acd958ab65ff,08ed8274-e29f-4248-bc2e-83cc8ed18d75,08ed8274-e29f-4248-bc2e-83cc8ed18d75,3c409388-ab73-4c7f-953d-3a71062240f6,3c409388-ab73-4c7f-953d-3a71062240f6,0,1544.9276365470942,1571.0835361553666,0.38571848129254727
2015,2015-08-08 00:30:00+00:00,b7d30002-f11f-48a0-9f5c-acd958ab65ff,3c409388-ab73-4c7f-953d-3a71062240f6,3c409388-ab73-4c7f-953d-3a71062240f6,08ed8274-e29f-4248-bc2e-83cc8ed18d75,08ed8274-e29f-4248-bc2e-83cc8ed18d75,1,1600.7664370248187,1574.6105374165463,0.6142815187074527
2015,2015-08-08 02:00:00+00:00,8c051558-2f1f-4f19-a4f5-bc291f5c714a,6f017f37-be96-4bdc-b6d3-0a0429c72e89,6f017f37-be96-4bdc-b6d3-0a0429c72e89,0699edf3-5993-4182-b9b4-ec935cbd4fcc,0699edf3-5993-4182-b9b4-ec935cbd4fcc,0,1610.3775800566411,1597.5704386173818,0.4844268574723186
2015,2015-08-08 02:00:00+00:00,8c051558-2f1f-4f19-a4f5-bc291f5c714a,0699edf3-5993-4182-b9b4-ec935cbd4fcc,0699edf3-5993-4182-b9b4-ec935cbd4fcc,6f017f37-be96-4bdc-b6d3-0a0429c72e89,6f017f37-be96-4bdc-b6d3-0a0429c72e89,1,1596.2024091043504,1609.0095505436097,0.5155731425276814
2015,2015-08-09 00:00:00+00:00,5b061c98-f8d4-4c26-9825-a8b205c7f9f3,d6a012ed-84aa-48d3-8265-2d3f3ff2199a,d6a012ed-84aa-48d3-8265-2d3f3ff2199a,e6bc56cc-9dad-43aa-8ccb-ee9d499fea28,FR_LVA_ACES,0,1373.2580111542818,1361.4772210088502,0.4532855144854233
2015,2015-08-09 00:00:00+00:00,5b061c98-f8d4-4c26-9825-a8b205c7f9f3,e6bc56cc-9dad-43aa-8ccb-ee9d499fea28,FR_LVA_ACES,d6a012ed-84aa-48d3-8265-2d3f3ff2199a,d6a012ed-84aa-48d3-8265-2d3f3ff2199a,1,1380.8135072619361,1392.5942974073678,0.5467144855145767
2015,2015-08-09 18:00:00+00:00,8141a2bd-66df-4d58-aaa7-b6cfbf8f9bf3,0699edf3-5993-4182-b9b4-ec935cbd4fcc,0699edf3-5993-4182-b9b4-ec935cbd4fcc,3c409388-ab73-4c7f-953d-3a71062240f6,3c409388-ab73-4c7f-953d-3a71062240f6,0,1609.0095505436097,1591.340279934872,0.5135229684766012
2015,2015-08-09 18:00:00+00:00,8141a2bd-66df-4d58-aaa7-b6cfbf8f9bf3,3c409388-ab73-4c7f-953d-3a71062240f6,3c409388-ab73-4c7f-953d-3a71062240f6,0699edf3-5993-4182-b9b4-ec935cbd4fcc,0699edf3-5993-4182-b9b4-ec935cbd4fcc,1,1574.6105374165463,1592.2798080252842,0.48647703152339883
2015,2015-08-09 20:00:00+00:00,b85d5d47-045f-4cd5-9029-0a9f09302cfd,a015b02d-845c-40c1-8ef4-844984f47e4d,a015b02d-845c-40c1-8ef4-844984f47e4d,5c0d47fe-8539-47b0-9f36-d0b3609ca89b,5c0d47fe-8539-47b0-9f36-d0b3609ca89b,0,1542.170883519814,1526.7075326029722,0.43034094704048587
2015,2015-08-09 20:00:00+00:00,b85d5d47-045f-4cd5-9029-0a9f09302cfd,5c0d47fe-8539-47b0-9f36-d0b3609ca89b,5c0d47fe-8539-47b0-9f36-d0b3609ca89b,a015b02d-845c-40c1-8ef4-844984f47e4d,a015b02d-845c-40c1-8ef4-844984f47e4d,1,1565.891816424676,1581.355167341518,0.5696590529595141
2015,2015-08-09 20:30:00+00:00,f4c0dd83-d394-401b-b141-89df1d926b76,5d70a9af-8c2b-4aec-9e68-9acc6ddb93e4,5d70a9af-8c2b-4aec-9e68-9acc6ddb93e4,5f0b5caf-708b-4300-92f2-53b51d83ec06,5f0b5caf-708b-4300-92f2-53b51d83ec06,0,1370.338928797859,1387.8128212483032,0.3547873837533817
2015,2015-08-09 20:30:00+00:00,f4c0dd83-d394-401b-b141-89df1d926b76,5f0b5caf-708b-4300-92f2-53b51d83ec06,5f0b5caf-708b-4300-92f2-53b51d83ec06,5d70a9af-8c2b-4aec-9e68-9acc6ddb93e4,5d70a9af-8c2b-4aec-9e68-9acc6ddb93e4,1,1449.232801965258,1431.7589095148137,0.6452126162466183
2015,2015-08-09 23:00:00+00:00,ef949bbc-5c94-41ca-965c-8681ec9f0acd,0a5ad38d-2fe3-43ba-894b-1ba3d5042ea9,0a5ad38d-2fe3-43ba-894b-1ba3d5042ea9,6f017f37-be96-4bdc-b6d3-0a0429c72e89,6f017f37-be96-4bdc-b6d3-0a0429c72e89,0,1498.8245949040174,1490.0410537405876,0.3290823590821913
2015,2015-08-09 23:00:00+00:00,ef949bbc-5c94-41ca-965c-8681ec9f0acd,6f017f37-be96-4bdc-b6d3-0a0429c72e89,6f017f37-be96-4bdc-b6d3-0a0429c72e89,0a5ad38d-2fe3-43ba-894b-1ba3d5042ea9,0a5ad38d-2fe3-43ba-894b-1ba3d5042ea9,1,1597.5704386173818,1606.3539797808116,0.6709176409178087
2015,2015-08-11 23:00:00+00:00,07a38728-f2b3-4d4d-a701-2438eb5ca8e1,f073a15f-0486-4179-b0a3-dfd0294eb595,f073a15f-0486-4179-b0a3-dfd0294eb595,5c0d47fe-8539-47b0-9f36-d0b3609ca89b,5c0d47fe-8539-47b0-9f36-d0b3609ca89b,0,1527.1953932392535,1548.6822630459114,0.38801107817752456
2015,2015-08-11 23:00:00+00:00,07a38728-f2b3-4d4d-a701-2438eb5ca8e1,5c0d47fe-8539-47b0-9f36-d0b3609ca89b,5c0d47fe-8539-47b0-9f36-d0b3609ca89b,f073a15f-0486-4179-b0a3-dfd0294eb595,f073a15f-0486-4179-b0a3-dfd0294eb595,1,1581.355167341518,1559.86829753486,0.6119889218224754
2015,2015-08-11 23:00:00+00:00,4e7bbce9-884b-4639-869d-855c5e61fff9,3c409388-ab73-4c7f-953d-3a71062240f6,3c409388-ab73-4c7f-953d-3a71062240f6,08ed8274-e29f-4248-bc2e-83cc8ed18d75,08ed8274-e29f-4248-bc2e-83cc8ed18d75,0,1592.2798080252842,1560.7261475732787,0.494526213885942
2015,2015-08-11 23:00:00+00:00,4e7bbce9-884b-4639-869d-855c5e61fff9,08ed8274-e29f-4248-bc2e-83cc8ed18d75,08ed8274-e29f-4248-bc2e-83cc8ed18d75,3c409388-ab73-4c7f-953d-3a71062240f6,3c409388-ab73-4c7f-953d-3a71062240f6,1,1571.0835361553666,1602.637196607372,0.505473786114058
2015,2015-08-12 00:00:00+00:00,4d8eaa60-9839-49e2-a1d2-d365348bdbfe,e6bc56cc-9dad-43aa-8ccb-ee9d499fea28,FR_LVA_ACES,6f017f37-be96-4bdc-b6d3-0a0429c72e89,6f017f37-be96-4bdc-b6d3-0a0429c72e89,0,1392.5942974073678,1388.0735748723405,0.20190808336037236
2015,2015-08-12 00:00:00+00:00,4d8eaa60-9839-49e2-a1d2-d365348bdbfe,6f017f37-be96-4bdc-b6d3-0a0429c72e89,6f017f37-be96-4bdc-b6d3-0a0429c72e89,e6bc56cc-9dad-43aa-8ccb-ee9d499fea28,FR_LVA_ACES,1,1606.3539797808116,1610.874702315839,0.7980919166396276
2015,2015-08-12 02:30:00+00:00,56d490bf-3137-44a8-b4c8-dc98816b4c8c,d6a012ed-84aa-48d3-8265-2d3f3ff2199a,d6a012ed-84aa-48d3-8265-2d3f3ff2199a,0a5ad38d-2fe3-43ba-894b-1ba3d5042ea9,0a5ad38d-2fe3-43ba-894b-1ba3d5042ea9,0,1361.4772210088502,1379.963779449163,0.2923527776771472
2015,2015-08-12 02:30:00+00:00,56d490bf-3137-44a8-b4c8-dc98816b4c8c,0a5ad38d-2fe3-43ba-894b-1ba3d5042ea9,0a5ad38d-2fe3-43ba-894b-1ba3d5042ea9,d6a012ed-84aa-48d3-8265-2d3f3ff2199a,d6a012ed-84aa-48d3-8265-2d3f3ff2199a,1,1490.0410537405876,1471.5544953002748,0.7076472223228528
2015,2015-08-12 23:00:00+00:00,7c2be9e0-18c5-4b0b-b0fa-d0da3252a05c,5f0b5caf-708b-4300-92f2-53b51d83ec06,5f0b5caf-708b-4300-92f2-53b51d83ec06,a015b02d-845c-40c1-8ef4-844984f47e4d,a015b02d-845c-40c1-8ef4-844984f47e4d,0,1431.7589095148137,1424.4463793882653,0.3339263526051929
2015,2015-08-12 23:00:00+00:00,7c2be9e0-18c5-4b0b-b0fa-d0da3252a05c,a015b02d-845c-40c1-8ef4-844984f47e4d,a015b02d-845c-40c1-8ef4-844984f47e4d,5f0b5caf-708b-4300-92f2-53b51d83ec06,5f0b5caf-708b-4300-92f2-53b51d83ec06,1,1526.7075326029722,1534.0200627295205,0.6660736473948071
2015,2015-08-13 02:00:00+00:00,7f4c1677-3d04-4930-ac26-32a942bb9cd4,d6a012ed-84aa-48d3-8265-2d3f3ff2199a,d6a012ed-84aa-48d3-8265-2d3f3ff2199a,0699edf3-5993-4182-b9b4-ec935cbd4fcc,0699edf3-5993-4182-b9b4-ec935cbd4fcc,0,1379.963779449163,1370.8082806777363,0.2041277733611181
2015,2015-08-13 02:00:00+00:00,7f4c1677-3d04-4930-ac26-32a942bb9cd4,0699edf3-5993-4182-b9b4-ec935cbd4fcc,0699edf3-5993-4182-b9b4-ec935cbd4fcc,d6a012ed-84aa-48d3-8265-2d3f3ff2199a,d6a012ed-84aa-48d3-8265-2d3f3ff2199a,1,1591.340279934872,1600.4957787062986,0.7958722266388819
2015,2015-08-14 23:00:00+00:00,78256a33-5401-4b85-af2b-9e7ee97607a3,08ed8274-e29f-4248-bc2e-83cc8ed18d75,08ed8274-e29f-4248-bc2e-83cc8ed18d75,a015b02d-845c-40c1-8ef4-844984f47e4d,a015b02d-845c-40c1-8ef4-844984f47e4d,0,1602.637196607372,1619.5493718130845,0.5624424076549241
2015,2015-08-14 23:00:00+00:00,78256a33-5401-4b85-af2b-9e7ee97607a3,a015b02d-845c-40c1-8ef4-844984f47e4d,a015b02d-845c-40c1-8ef4-844984f47e4d,08ed8274-e29f-4248-bc2e-83cc8ed18d75,08ed8274-e29f-4248-bc2e-83cc8ed18d75,1,1534.0200627295205,1517.1078875238081,0.43755759234507585
2015,2015-08-14 23:30:00+00:00,5d957af9-44cd-45d7-890b-f3206eecb023,6f017f37-be96-4bdc-b6d3-0a0429c72e89,6f017f37-be96-4bdc-b6d3-0a0429c72e89,5d70a9af-8c2b-4aec-9e68-9acc6ddb93e4,5d70a9af-8c2b-4aec-9e68-9acc6ddb93e4,0,1610.874702315839,1613.663434680384,0.7577045779841789
2015,2015-08-14 23:30:00+00:00,5d957af9-44cd-45d7-890b-f3206eecb023,5d70a9af-8c2b-4aec-9e68-9acc6ddb93e4,5d70a9af-8c2b-4aec-9e68-9acc6ddb93e4,6f017f37-be96-4bdc-b6d3-0a0429c72e89,6f017f37-be96-4bdc-b6d3-0a0429c72e89,1,1387.8128212483032,1385.0240888837582,0.24229542201582105
2015,2015-08-15 02:00:00+00:00,eece7f60-410a-4106-b11e-594bcee70592,3c409388-ab73-4c7f-953d-3a71062240f6,3c409388-ab73-4c7f-953d-3a71062240f6,d6a012ed-84aa-48d3-8265-2d3f3ff2199a,d6a012ed-84aa-48d3-8265-2d3f3ff2199a,0,1560.7261475732787,1569.271329437474,0.7209831424110382
2015,2015-08-15 02:00:00+00:00,eece7f60-410a-4106-b11e-594bcee70592,d6a012ed-84aa-48d3-8265-2d3f3ff2199a,d6a012ed-84aa-48d3-8265-2d3f3ff2199a,3c409388-ab73-4c7f-953d-3a71062240f6,3c409388-ab73-4c7f-953d-3a71062240f6,1,1370.8082806777363,1362.263098813541,0.27901685758896183
2015,2015-08-15 23:00:00+00:00,fed0baef-9832-4901-9104-09aa53b846d1,5f0b5caf-708b-4300-92f2-53b51d83ec06,5f0b5caf-708b-4300-92f2-53b51d83ec06,08ed8274-e29f-4248-bc2e-83cc8ed18d75,08ed8274-e29f-4248-bc2e-83cc8ed18d75,0,1424.4463793882653,1438.5992432339337,0.21976871909131945
2015,2015-08-15 23:00:00+00:00,fed0baef-9832-4901-9104-09aa53b846d1,08ed8274-e29f-4248-bc2e-83cc8ed18d75,08ed8274-e29f-4248-bc2e-83cc8ed18d75,5f0b5caf-708b-4300-92f2-53b51d83ec06,5f0b5caf-708b-4300-92f2-53b51d83ec06,1,1619.5493718130845,1605.396507967416,0.7802312809086805
2015,2015-08-16 19:00:00+00:00,36c29f16-51c2-4a20-a611-90b0d0b56554,a015b02d-845c-40c1-8ef4-844984f47e4d,a015b02d-845c-40c1-8ef4-844984f47e4d,5d70a9af-8c2b-4aec-9e68-9acc6ddb93e4,5d70a9af-8c2b-4aec-9e68-9acc6ddb93e4,0,1517.1078875238081,1491.5863082297644,0.6494047832935144
2015,2015-08-16 19:00:00+00:00,36c29f16-51c2-4a20-a611-90b0d0b56554,5d70a9af-8c2b-4aec-9e68-9acc6ddb93e4,5d70a9af-8c2b-4aec-9e68-9acc6ddb93e4,a015b02d-845c-40c1-8ef4-844984f47e4d,a015b02d-845c-40c1-8ef4-844984f47e4d,1,1385.0240888837582,1410.5456681778019,0.3505952167064856
2015,2015-08-16 20:00:00+00:00,bd3a0c8b-e020-4d12-b64c-2f38fcfef8f8,6f017f37-be96-4bdc-b6d3-0a0429c72e89,6f017f37-be96-4bdc-b6d3-0a0429c72e89,5c0d47fe-8539-47b0-9f36-d0b3609ca89b,5c0d47fe-8539-47b0-9f36-d0b3609ca89b,0,1613.663434680384,1598.1415478300696,0.5413449115501394
2015,2015-08-16 20:00:00+00:00,bd3a0c8b-e020-4d12-b64c-2f38fcfef8f8,5c0d47fe-8539-47b0-9f36-d0b3609ca89b,5c0d47fe-8539-47b0-9f36-d0b3609ca89b,6f017f37-be96-4bdc-b6d3-0a0429c72e89,6f017f37-be96-4bdc-b6d3-0a0429c72e89,1,1559.86829753486,1575.3901843851743,0.4586550884498605
2015,2015-08-16 21:00:00+00:00,60fa7dd2-0684-4a4f-9b92-cd678e68a077,3c409388-ab73-4c7f-953d-3a71062240f6,3c409388-ab73-4c7f-953d-3a71062240f6,0a5ad38d-2fe3-43ba-894b-1ba3d5042ea9,0a5ad38d-2fe3-43ba-894b-1ba3d5042ea9,0,1569.271329437474,1546.471807938942,0.6031462179276238
2015,2015-08-16 21:00:00+00:00,60fa7dd2-0684-4a4f-9b92-cd678e68a077,0a5ad38d-2fe3-43ba-894b-1ba3d5042ea9,0a5ad38d-2fe3-43ba-894b-1ba3d5042ea9,3c409388-ab73-4c7f-953d-3a71062240f6,3c409388-ab73-4c7f-953d-3a71062240f6,1,1471.5544953002748,1494.3540167988067,0.3968537820723762
2015,2015-08-17 00:00:00+00:00,c3f99d7b-75c9-4844-83f9-813290f0513b,f073a15f-0486-4179-b0a3-dfd0294eb595,f073a15f-0486-4179-b0a3-dfd0294eb595,0699edf3-5993-4182-b9b4-ec935cbd4fcc,0699edf3-5993-4182-b9b4-ec935cbd4fcc,0,1548.6822630459114,1571.623579046673,0.3912230372630715
2015,2015-08-17 00:00:00+00:00,c3f99d7b-75c9-4844-83f9-813290f0513b,0699edf3-5993-4182-b9b4-ec935cbd4fcc,0699edf3-5993-4182-b9b4-ec935cbd4fcc,f073a15f-0486-4179-b0a3-dfd0294eb595,f073a15f-0486-4179-b0a3-dfd0294eb595,1,1600.4957787062986,1577.554462705537,0.6087769627369285
2015,2015-08-17 01:00:00+00:00,692dd331-2401-42f7-a0b1-8aa8b2a54323,e6bc56cc-9dad-43aa-8ccb-ee9d499fea28,FR_LVA_ACES,d6a012ed-84aa-48d3-8265-2d3f3ff2199a,d6a012ed-84aa-48d3-8265-2d3f3ff2199a,0,1388.0735748723405,1372.0466426940784,0.5011663666913544
2015,2015-08-17 01:00:00+00:00,692dd331-2401-42f7-a0b1-8aa8b2a54323,d6a012ed-84aa-48d3-8265-2d3f3ff2199a,d6a012ed-84aa-48d3-8265-2d3f3ff2199a,e6bc56cc-9dad-43aa-8ccb-ee9d499fea28,FR_LVA_ACES,1,1362.263098813541,1378.2900309918032,0.4988336333086456
2015,2015-08-19 00:00:00+00:00,37b7a449-3989-4d5a-80a1-0094c707c486,0699edf3-5993-4182-b9b4-ec935cbd4fcc,0699edf3-5993-4182-b9b4-ec935cbd4fcc,5f0b5caf-708b-4300-92f2-53b51d83ec06,5f0b5caf-708b-4300-92f2-53b51d83ec06,0,1577.554462705537,1548.5935466685592,0.658356543155243
2015,2015-08-19 00:00:00+00:00,37b7a449-3989-4d5a-80a1-0094c707c486,5f0b5caf-708b-4300-92f2-53b51d83ec06,5f0b5caf-708b-4300-92f2-53b51d83ec06,0699edf3-5993-4182-b9b4-ec935cbd4fcc,0699edf3-5993-4182-b9b4-ec935cbd4fcc,1,1438.5992432339337,1467.5601592709115,0.34164345684475705
2015,2015-08-19 02:30:00+00:00,2f084433-62a5-4b27-b2f3-586c3c48750c,f073a15f-0486-4179-b0a3-dfd0294eb595,f073a15f-0486-4179-b0a3-dfd0294eb595,0a5ad38d-2fe3-43ba-894b-1ba3d5042ea9,0a5ad38d-2fe3-43ba-894b-1ba3d5042ea9,0,1571.623579046673,1586.8656015410286,0.5746595293965043
2015,2015-08-19 02:30:00+00:00,2f084433-62a5-4b27-b2f3-586c3c48750c,0a5ad38d-2fe3-43ba-894b-1ba3d5042ea9,0a5ad38d-2fe3-43ba-894b-1ba3d5042ea9,f073a15f-0486-4179-b0a3-dfd0294eb595,f073a15f-0486-4179-b0a3-dfd0294eb595,1,1494.3540167988067,1479.1119943044512,0.42534047060349567
2015,2015-08-20 00:00:00+00:00,02b0ee3b-4774-4509-9974-abdd51e4c62a,5c0d47fe-8539-47b0-9f36-d0b3609ca89b,5c0d47fe-8539-47b0-9f36-d0b3609ca89b,6f017f37-be96-4bdc-b6d3-0a0429c72e89,6f017f37-be96-4bdc-b6d3-0a0429c72e89,0,1575.3901843851743,1606.0434520460728,0.4317097157003945
2015,2015-08-20 00:00:00+00:00,02b0ee3b-4774-4509-9974-abdd51e4c62a,6f017f37-be96-4bdc-b6d3-0a0429c72e89,6f017f37-be96-4bdc-b6d3-0a0429c72e89,5c0d47fe-8539-47b0-9f36-d0b3609ca89b,5c0d47fe-8539-47b0-9f36-d0b3609ca89b,1,1598.1415478300696,1567.488280169171,0.5682902842996055
2015,2015-08-20 00:00:00+00:00,8f93fb3d-9cd5-457b-923f-faf22142ab83,08ed8274-e29f-4248-bc2e-83cc8ed18d75,08ed8274-e29f-4248-bc2e-83cc8ed18d75,e6bc56cc-9dad-43aa-8ccb-ee9d499fea28,FR_LVA_ACES,0,1605.396507967416,1621.806085332603,0.7684105973576156
2015,2015-08-20 00:00:00+00:00,8f93fb3d-9cd5-457b-923f-faf22142ab83,e6bc56cc-9dad-43aa-8ccb-ee9d499fea28,FR_LVA_ACES,08ed8274-e29f-4248-bc2e-83cc8ed18d75,08ed8274-e29f-4248-bc2e-83cc8ed18d75,1,1372.0466426940784,1355.6370653288914,0.2315894026423844
2015,2015-08-21 23:30:00+00:00,f1bcbfd1-4403-48f9-9b06-574c8db31edb,5d70a9af-8c2b-4aec-9e68-9acc6ddb93e4,5d70a9af-8c2b-4aec-9e68-9acc6ddb93e4,08ed8274-e29f-4248-bc2e-83cc8ed18d75,08ed8274-e29f-4248-bc2e-83cc8ed18d75,0,1410.5456681778019,1404.1329091515336,0.20423635511774585
2015,2015-08-21 23:30:00+00:00,f1bcbfd1-4403-48f9-9b06-574c8db31edb,08ed8274-e29f-4248-bc2e-83cc8ed18d75,08ed8274-e29f-4248-bc2e-83cc8ed18d75,5d70a9af-8c2b-4aec-9e68-9acc6ddb93e4,5d70a9af-8c2b-4aec-9e68-9acc6ddb93e4,1,1621.806085332603,1628.2188443588714,0.7957636448822542
2015,2015-08-22 00:00:00+00:00,3af15063-b53d-421a-8300-8496135c0439,6f017f37-be96-4bdc-b6d3-0a0429c72e89,6f017f37-be96-4bdc-b6d3-0a0429c72e89,e6bc56cc-9dad-43aa-8ccb-ee9d499fea28,FR_LVA_ACES,0,1567.488280169171,1579.289046837113,0.7456608111568183
2015,2015-08-22 00:00:00+00:00,3af15063-b53d-421a-8300-8496135c0439,e6bc56cc-9dad-43aa-8ccb-ee9d499fea28,FR_LVA_ACES,6f017f37-be96-4bdc-b6d3-0a0429c72e89,6f017f37-be96-4bdc-b6d3-0a0429c72e89,1,1355.6370653288914,1343.8362986609495,0.25433918884318174
2015,2015-08-22 00:00:00+00:00,49689ada-a2b7-4913-8e8e-e0405929d79f,a015b02d-845c-40c1-8ef4-844984f47e4d,a015b02d-845c-40c1-8ef4-844984f47e4d,5f0b5caf-708b-4300-92f2-53b51d83ec06,5f0b5caf-708b-4300-92f2-53b51d83ec06,0,1491.5863082297644,1476.972137282229,0.4985985193639657
2015,2015-08-22 00:00:00+00:00,49689ada-a2b7-4913-8e8e-e0405929d79f,5f0b5caf-708b-4300-92f2-53b51d83ec06,5f0b5caf-708b-4300-92f2-53b51d83ec06,a015b02d-845c-40c1-8ef4-844984f47e4d,a015b02d-845c-40c1-8ef4-844984f47e4d,1,1467.5601592709115,1482.174330218447,0.5014014806360343
2015,2015-08-22 00:30:00+00:00,edbbfc90-8bf1-4fc5-9e07-a7cdabb1ba5c,5c0d47fe-8539-47b0-9f36-d0b3609ca89b,5c0d47fe-8539-47b0-9f36-d0b3609ca89b,3c409388-ab73-4c7f-953d-3a71062240f6,3c409388-ab73-4c7f-953d-3a71062240f6,0,1606.0434520460728,1598.9128125491632,0.5495890381248254
2015,2015-08-22 00:30:00+00:00,edbbfc90-8bf1-4fc5-9e07-a7cdabb1ba5c,3c409388-ab73-4c7f-953d-3a71062240f6,3c409388-ab73-4c7f-953d-3a71062240f6,5c0d47fe-8539-47b0-9f36-d0b3609ca89b,5c0d47fe-8539-47b0-9f36-d0b3609ca89b,1,1546.471807938942,1553.6024474358517,0.45041096187517454
2015,2015-08-22 02:00:00+00:00,1fde166e-016d-4740-a7ee-82b1aba99679,f073a15f-0486-4179-b0a3-dfd0294eb595,f073a15f-0486-4179-b0a3-dfd0294eb595,d6a012ed-84aa-48d3-8265-2d3f3ff2199a,d6a012ed-84aa-48d3-8265-2d3f3ff2199a,0,1586.8656015410286,1595.86170219493,0.7420681974472947
2015,2015-08-22 02:00:00+00:00,1fde166e-016d-4740-a7ee-82b1aba99679,d6a012ed-84aa-48d3-8265-2d3f3ff2199a,d6a012ed-84aa-48d3-8265-2d3f3ff2199a,f073a15f-0486-4179-b0a3-dfd0294eb595,f073a15f-0486-4179-b0a3-dfd0294eb595,1,1378.2900309918032,1369.2939303379017,0.25793180255270537
2015,2015-08-22 02:00:00+00:00,545ab3c0-f1e2-487a-84e0-2a468d26048d,0a5ad38d-2fe3-43ba-894b-1ba3d5042ea9,0a5ad38d-2fe3-43ba-894b-1ba3d5042ea9,0699edf3-5993-4182-b9b4-ec935cbd4fcc,0699edf3-5993-4182-b9b4-ec935cbd4fcc,0,1479.1119943044512,1499.5047065945546,0.36728556592201245
2015,2015-08-22 02:00:00+00:00,545ab3c0-f1e2-487a-84e0-2a468d26048d,0699edf3-5993-4182-b9b4-ec935cbd4fcc,0699edf3-5993-4182-b9b4-ec935cbd4fcc,0a5ad38d-2fe3-43ba-894b-1ba3d5042ea9,0a5ad38d-2fe3-43ba-894b-1ba3d5042ea9,1,1548.5935466685592,1528.2008343784557,0.6327144340779876
2015,2015-08-23 20:00:00+00:00,a1b90dba-01a5-4bed-8bb1-071f9f18834b,3c409388-ab73-4c7f-953d-3a71062240f6,3c409388-ab73-4c7f-953d-3a71062240f6,5c0d47fe-8539-47b0-9f36-d0b3609ca89b,5c0d47fe-8539-47b0-9f36-d0b3609ca89b,0,1553.6024474358517,1561.1742241990032,0.40017427943720707
2015,2015-08-23 20:00:00+00:00,a1b90dba-01a5-4bed-8bb1-071f9f18834b,5c0d47fe-8539-47b0-9f36-d0b3609ca89b,5c0d47fe-8539-47b0-9f36-d0b3609ca89b,3c409388-ab73-4c7f-953d-3a71062240f6,3c409388-ab73-4c7f-953d-3a71062240f6,1,1598.9128125491632,1591.3410357860116,0.5998257205627929
2015,2015-08-23 20:30:00+00:00,5e54d6d3-64c6-4649-b832-b484616e7ca6,0a5ad38d-2fe3-43ba-894b-1ba3d5042ea9,0a5ad38d-2fe3-43ba-894b-1ba3d5042ea9,e6bc56cc-9dad-43aa-8ccb-ee9d499fea28,FR_LVA_ACES,0,1499.5047065945546,1525.8004780438005,0.6796552273333851
2015,2015-08-23 20:30:00+00:00,5e54d6d3-64c6-4649-b832-b484616e7ca6,e6bc56cc-9dad-43aa-8ccb-ee9d499fea28,FR_LVA_ACES,0a5ad38d-2fe3-43ba-894b-1ba3d5042ea9,0a5ad38d-2fe3-43ba-894b-1ba3d5042ea9,1,1343.8362986609495,1317.5405272117036,0.32034477266661493
2015,2015-08-23 22:00:00+00:00,1ccd5218-d076-430e-8a31-3f0f85f207a0,08ed8274-e29f-4248-bc2e-83cc8ed18d75,08ed8274-e29f-4248-bc2e-83cc8ed18d75,f073a15f-0486-4179-b0a3-dfd0294eb595,f073a15f-0486-4179-b0a3-dfd0294eb595,0,1628.2188443588714,1622.8044591186128,0.5105861964199655
2015,2015-08-23 22:00:00+00:00,1ccd5218-d076-430e-8a31-3f0f85f207a0,f073a15f-0486-4179-b0a3-dfd0294eb595,f073a15f-0486-4179-b0a3-dfd0294eb595,08ed8274-e29f-4248-bc2e-83cc8ed18d75,08ed8274-e29f-4248-bc2e-83cc8ed18d75,1,1595.86170219493,1601.2760874351886,0.4894138035800345
2015,2015-08-23 22:00:00+00:00,9e70bd7e-c7aa-417d-af2d-9501dde68348,5d70a9af-8c2b-4aec-9e68-9acc6ddb93e4,5d70a9af-8c2b-4aec-9e68-9acc6ddb93e4,a015b02d-845c-40c1-8ef4-844984f47e4d,a015b02d-845c-40c1-8ef4-844984f47e4d,0,1404.1329091515336,1424.6188536967384,0.36280554576914537
2015,2015-08-23 22:00:00+00:00,9e70bd7e-c7aa-417d-af2d-9501dde68348,a015b02d-845c-40c1-8ef4-844984f47e4d,a015b02d-845c-40c1-8ef4-844984f47e4d,5d70a9af-8c2b-4aec-9e68-9acc6ddb93e4,5d70a9af-8c2b-4aec-9e68-9acc6ddb93e4,1,1476.972137282229,1456.486192737024,0.6371944542308546
2015,2015-08-23 22:00:00+00:00,d9636cd4-f8cf-4326-9f9e-7d07e524b343,6f017f37-be96-4bdc-b6d3-0a0429c72e89,6f017f37-be96-4bdc-b6d3-0a0429c72e89,0699edf3-5993-4182-b9b4-ec935cbd4fcc,0699edf3-5993-4182-b9b4-ec935cbd4fcc,0,1579.289046837113,1558.2296267603556,0.5374735544233058
2015,2015-08-23 22:00:00+00:00,d9636cd4-f8cf-4326-9f9e-7d07e524b343,0699edf3-5993-4182-b9b4-ec935cbd4fcc,0699edf3-5993-4182-b9b4-ec935cbd4fcc,6f017f37-be96-4bdc-b6d3-0a0429c72e89,6f017f37-be96-4bdc-b6d3-0a0429c72e89,1,1528.2008343784557,1549.260254455213,0.46252644557669415
2015,2015-08-25 15:30:00+00:00,55a19d80-34ff-4395-8492-ff9136d5d48d,a015b02d-845c-40c1-8ef4-844984f47e4d,a015b02d-845c-40c1-8ef4-844984f47e4d,5d70a9af-8c2b-4aec-9e68-9acc6ddb93e4,5d70a9af-8c2b-4aec-9e68-9acc6ddb93e4,0,1456.486192737024,1433.4978547879161,0.5098816084774277
2015,2015-08-25 15:30:00+00:00,55a19d80-34ff-4395-8492-ff9136d5d48d,5d70a9af-8c2b-4aec-9e68-9acc6ddb93e4,5d70a9af-8c2b-4aec-9e68-9acc6ddb93e4,a015b02d-845c-40c1-8ef4-844984f47e4d,a015b02d-845c-40c1-8ef4-844984f47e4d,1,1424.6188536967384,1447.6071916458463,0.4901183915225723
2015,2015-08-26 23:00:00+00:00,4b829677-3fe3-4085-b468-9d06890a33e1,0a5ad38d-2fe3-43ba-894b-1ba3d5042ea9,0a5ad38d-2fe3-43ba-894b-1ba3d5042ea9,f073a15f-0486-4179-b0a3-dfd0294eb595,f073a15f-0486-4179-b0a3-dfd0294eb595,0,1525.8004780438005,1533.7075133978963,0.3593044967018857
2015,2015-08-26 23:00:00+00:00,4b829677-3fe3-4085-b468-9d06890a33e1,f073a15f-0486-4179-b0a3-dfd0294eb595,f073a15f-0486-4179-b0a3-dfd0294eb595,0a5ad38d-2fe3-43ba-894b-1ba3d5042ea9,0a5ad38d-2fe3-43ba-894b-1ba3d5042ea9,1,1601.2760874351886,1593.3690520810928,0.6406955032981143
2015,2015-08-27 23:00:00+00:00,f75dc6f4-2045-4e72-912c-52fb5977b6da,0699edf3-5993-4182-b9b4-ec935cbd4fcc,0699edf3-5993-4182-b9b4-ec935cbd4fcc,a015b02d-845c-40c1-8ef4-844984f47e4d,a015b02d-845c-40c1-8ef4-844984f47e4d,0,1549.260254455213,1552.9623745827882,0.6277252400421691
2015,2015-08-27 23:00:00+00:00,f75dc6f4-2045-4e72-912c-52fb5977b6da,a015b02d-845c-40c1-8ef4-844984f47e4d,a015b02d-845c-40c1-8ef4-844984f47e4d,0699edf3-5993-4182-b9b4-ec935cbd4fcc,0699edf3-5993-4182-b9b4-ec935cbd4fcc,1,1433.4978547879161,1429.795734660341,0.37227475995783094
2015,2015-08-28 23:00:00+00:00,9c7ddc1a-1e1f-4a0f-98d3-3358304e257b,5d70a9af-8c2b-4aec-9e68-9acc6ddb93e4,5d70a9af-8c2b-4aec-9e68-9acc6ddb93e4,f073a15f-0486-4179-b0a3-dfd0294eb595,f073a15f-0486-4179-b0a3-dfd0294eb595,0,1447.6071916458463,1462.9728904858691,0.2723000376387138
2015,2015-08-28 23:00:00+00:00,9c7ddc1a-1e1f-4a0f-98d3-3358304e257b,f073a15f-0486-4179-b0a3-dfd0294eb595,f073a15f-0486-4179-b0a3-dfd0294eb595,5d70a9af-8c2b-4aec-9e68-9acc6ddb93e4,5d70a9af-8c2b-4aec-9e68-9acc6ddb93e4,1,1593.3690520810928,1578.00335324107,0.7276999623612862
2015,2015-08-28 23:00:00+00:00,aa1cce2d-cd0e-4241-98ae-fcdeab708f4a,0699edf3-5993-4182-b9b4-ec935cbd4fcc,0699edf3-5993-4182-b9b4-ec935cbd4fcc,5c0d47fe-8539-47b0-9f36-d0b3609ca89b,5c0d47fe-8539-47b0-9f36-d0b3609ca89b,0,1552.9623745827882,1541.5219543474498,0.4097891948806659
2015,2015-08-28 23:00:00+00:00,aa1cce2d-cd0e-4241-98ae-fcdeab708f4a,5c0d47fe-8539-47b0-9f36-d0b3609ca89b,5c0d47fe-8539-47b0-9f36-d0b3609ca89b,0699edf3-5993-4182-b9b4-ec935cbd4fcc,0699edf3-5993-4182-b9b4-ec935cbd4fcc,1,1591.3410357860116,1602.78145602135,0.5902108051193341
2015,2015-08-28 23:30:00+00:00,15099b5b-1e38-4d62-8723-8e55bfe21cc8,6f017f37-be96-4bdc-b6d3-0a0429c72e89,6f017f37-be96-4bdc-b6d3-0a0429c72e89,08ed8274-e29f-4248-bc2e-83cc8ed18d75,08ed8274-e29f-4248-bc2e-83cc8ed18d75,0,1558.2296267603556,1543.3443596331117,0.3738736728109775
2015,2015-08-28 23:30:00+00:00,15099b5b-1e38-4d62-8723-8e55bfe21cc8,08ed8274-e29f-4248-bc2e-83cc8ed18d75,08ed8274-e29f-4248-bc2e-83cc8ed18d75,6f017f37-be96-4bdc-b6d3-0a0429c72e89,6f017f37-be96-4bdc-b6d3-0a0429c72e89,1,1622.8044591186128,1637.6897262458567,0.6261263271890225
2015,2015-08-29 00:00:00+00:00,315fc76c-dee5-4c30-a942-bcc17a7c3757,0a5ad38d-2fe3-43ba-894b-1ba3d5042ea9,0a5ad38d-2fe3-43ba-894b-1ba3d5042ea9,5f0b5caf-708b-4300-92f2-53b51d83ec06,5f0b5caf-708b-4300-92f2-53b51d83ec06,0,1533.7075133978963,1515.4407643714696,0.5381102603317925
2015,2015-08-29 00:00:00+00:00,315fc76c-dee5-4c30-a942-bcc17a7c3757,5f0b5caf-708b-4300-92f2-53b51d83ec06,5f0b5caf-708b-4300-92f2-53b51d83ec06,0a5ad38d-2fe3-43ba-894b-1ba3d5042ea9,0a5ad38d-2fe3-43ba-894b-1ba3d5042ea9,1,1482.174330218447,1500.4410792448737,0.46188973966820746
2015,2015-08-29 02:00:00+00:00,5011a20f-3edb-4457-aff0-0a42649b9a40,e6bc56cc-9dad-43aa-8ccb-ee9d499fea28,FR_LVA_ACES,d6a012ed-84aa-48d3-8265-2d3f3ff2199a,d6a012ed-84aa-48d3-8265-2d3f3ff2199a,0,1317.5405272117036,1300.8275678022376,0.3913054548144551
2015,2015-08-29 02:00:00+00:00,5011a20f-3edb-4457-aff0-0a42649b9a40,d6a012ed-84aa-48d3-8265-2d3f3ff2199a,d6a012ed-84aa-48d3-8265-2d3f3ff2199a,e6bc56cc-9dad-43aa-8ccb-ee9d499fea28,FR_LVA_ACES,1,1369.2939303379017,1386.0068897473677,0.6086945451855449
2015,2015-08-29 23:00:00+00:00,0a087a4e-ab27-4b53-bcb3-cf3ac12113d4,3c409388-ab73-4c7f-953d-3a71062240f6,3c409388-ab73-4c7f-953d-3a71062240f6,5d70a9af-8c2b-4aec-9e68-9acc6ddb93e4,5d70a9af-8c2b-4aec-9e68-9acc6ddb93e4,0,1561.1742241990032,1566.164475065981,0.6038136038351178
2015,2015-08-29 23:00:00+00:00,0a087a4e-ab27-4b53-bcb3-cf3ac12113d4,5d70a9af-8c2b-4aec-9e68-9acc6ddb93e4,5d70a9af-8c2b-4aec-9e68-9acc6ddb93e4,3c409388-ab73-4c7f-953d-3a71062240f6,3c409388-ab73-4c7f-953d-3a71062240f6,1,1462.9728904858691,1457.9826396188914,0.3961863961648821
2015,2015-08-29 23:00:00+00:00,cf8211f4-570e-41fc-9ba8-43be4bcc803c,08ed8274-e29f-4248-bc2e-83cc8ed18d75,08ed8274-e29f-4248-bc2e-83cc8ed18d75,a015b02d-845c-40c1-8ef4-844984f47e4d,a015b02d-845c-40c1-8ef4-844984f47e4d,0,1637.6897262458567,1647.9198833509297,0.741316517961737
2015,2015-08-29 23:00:00+00:00,cf8211f4-570e-41fc-9ba8-43be4bcc803c,a015b02d-845c-40c1-8ef4-844984f47e4d,a015b02d-845c-40c1-8ef4-844984f47e4d,08ed8274-e29f-4248-bc2e-83cc8ed18d75,08ed8274-e29f-4248-bc2e-83cc8ed18d75,1,1429.795734660341,1419.565577555268,0.25868348203826297
2015,2015-08-30 20:30:00+00:00,f3bca316-77f0-45d7-911a-ddb7f11545a8,f073a15f-0486-4179-b0a3-dfd0294eb595,f073a15f-0486-4179-b0a3-dfd0294eb595,5f0b5caf-708b-4300-92f2-53b51d83ec06,5f0b5caf-708b-4300-92f2-53b51d83ec06,0,1578.00335324107,1564.7585815430768,0.5750713313832796
2015,2015-08-30 20:30:00+00:00,f3bca316-77f0-45d7-911a-ddb7f11545a8,5f0b5caf-708b-4300-92f2-53b51d83ec06,5f0b5caf-708b-4300-92f2-53b51d83ec06,f073a15f-0486-4179-b0a3-dfd0294eb595,f073a15f-0486-4179-b0a3-dfd0294eb595,1,1500.4410792448737,1513.6858509428669,0.42492866861672046
2015,2015-08-30 23:00:00+00:00,1e0021d8-1b19-4d30-a5e1-6dd5023a320e,a015b02d-845c-40c1-8ef4-844984f47e4d,a015b02d-845c-40c1-8ef4-844984f47e4d,3c409388-ab73-4c7f-953d-3a71062240f6,3c409388-ab73-4c7f-953d-3a71062240f6,0,1419.565577555268,1431.5252937682544,0.27134631216046445
2015,2015-08-30 23:00:00+00:00,1e0021d8-1b19-4d30-a5e1-6dd5023a320e,3c409388-ab73-4c7f-953d-3a71062240f6,3c409388-ab73-4c7f-953d-3a71062240f6,a015b02d-845c-40c1-8ef4-844984f47e4d,a015b02d-845c-40c1-8ef4-844984f47e4d,1,1566.164475065981,1554.2047588529945,0.7286536878395355
2015,2015-08-30 23:00:00+00:00,5fb4aec6-5a70-430e-a7fd-a88138f3c480,e6bc56cc-9dad-43aa-8ccb-ee9d499fea28,FR_LVA_ACES,0a5ad38d-2fe3-43ba-894b-1ba3d5042ea9,0a5ad38d-2fe3-43ba-894b-1ba3d5042ea9,0,1300.8275678022376,1295.8770819381139,0.20111752016258744
2015,2015-08-30 23:00:00+00:00,5fb4aec6-5a70-430e-a7fd-a88138f3c480,0a5ad38d-2fe3-43ba-894b-1ba3d5042ea9,0a5ad38d-2fe3-43ba-894b-1ba3d5042ea9,e6bc56cc-9dad-43aa-8ccb-ee9d499fea28,FR_LVA_ACES,1,1515.4407643714696,1520.3912502355934,0.7988824798374126
2015,2015-08-30 23:00:00+00:00,be4ee34a-91fb-4e5f-a70d-93034d3733ad,0699edf3-5993-4182-b9b4-ec935cbd4fcc,0699edf3-5993-4182-b9b4-ec935cbd4fcc,6f017f37-be96-4bdc-b6d3-0a0429c72e89,6f017f37-be96-4bdc-b6d3-0a0429c72e89,0,1541.5219543474498,1525.8601900186304,0.4614759600309316
2015,2015-08-30 23:00:00+00:00,be4ee34a-91fb-4e5f-a70d-93034d3733ad,6f017f37-be96-4bdc-b6d3-0a0429c72e89,6f017f37-be96-4bdc-b6d3-0a0429c72e89,0699edf3-5993-4182-b9b4-ec935cbd4fcc,0699edf3-5993-4182-b9b4-ec935cbd4fcc,1,1543.3443596331117,1559.006123961931,0.5385240399690684
2015,2015-08-31 01:00:00+00:00,be2d0c52-6b62-4d21-88d4-49310f29494b,5c0d47fe-8539-47b0-9f36-d0b3609ca89b,5c0d47fe-8539-47b0-9f36-d0b3609ca89b,d6a012ed-84aa-48d3-8265-2d3f3ff2199a,d6a012ed-84aa-48d3-8265-2d3f3ff2199a,0,1602.78145602135,1580.2097889871359,0.7509982026538871
2015,2015-08-31 01:00:00+00:00,be2d0c52-6b62-4d21-88d4-49310f29494b,d6a012ed-84aa-48d3-8265-2d3f3ff2199a,d6a012ed-84aa-48d3-8265-2d3f3ff2199a,5c0d47fe-8539-47b0-9f36-d0b3609ca89b,5c0d47fe-8539-47b0-9f36-d0b3609ca89b,1,1386.0068897473677,1408.578556781582,0.249001797346113
2015,2015-09-01 23:00:00+00:00,330c5a5c-ebf1-4ebe-9a7f-5c1d562cb61e,a015b02d-845c-40c1-8ef4-844984f47e4d,a015b02d-845c-40c1-8ef4-844984f47e4d,f073a15f-0486-4179-b0a3-dfd0294eb595,f073a15f-0486-4179-b0a3-dfd0294eb595,0,1431.5252937682544,1409.1209540295717,0.2868230637329917
2015,2015-09-01 23:00:00+00:00,330c5a5c-ebf1-4ebe-9a7f-5c1d562cb61e,f073a15f-0486-4179-b0a3-dfd0294eb595,f073a15f-0486-4179-b0a3-dfd0294eb595,a015b02d-845c-40c1-8ef4-844984f47e4d,a015b02d-845c-40c1-8ef4-844984f47e4d,1,1564.7585815430768,1587.1629212817595,0.7131769362670083
2015,2015-09-01 23:00:00+00:00,4eebd0d8-53a0-446b-b62c-6bfeb1d27157,5d70a9af-8c2b-4aec-9e68-9acc6ddb93e4,5d70a9af-8c2b-4aec-9e68-9acc6ddb93e4,08ed8274-e29f-4248-bc2e-83cc8ed18d75,08ed8274-e29f-4248-bc2e-83cc8ed18d75,0,1457.9826396188914,1453.8885374334839,0.22491010391431365
2015,2015-09-01 23:00:00+00:00,4eebd0d8-53a0-446b-b62c-6bfeb1d27157,08ed8274-e29f-4248-bc2e-83cc8ed18d75,08ed8274-e29f-4248-bc2e-83cc8ed18d75,5d70a9af-8c2b-4aec-9e68-9acc6ddb93e4,5d70a9af-8c2b-4aec-9e68-9acc6ddb93e4,1,1647.9198833509297,1652.0139855363373,0.7750898960856863
2015,2015-09-02 19:30:00+00:00,3ddab17e-66fa-480a-9b41-fd6117873f85,5c0d47fe-8539-47b0-9f36-d0b3609ca89b,5c0d47fe-8539-47b0-9f36-d0b3609ca89b,0699edf3-5993-4182-b9b4-ec935cbd4fcc,0699edf3-5993-4182-b9b4-ec935cbd4fcc,0,1580.2097889871359,1547.721516387971,0.5421372850554922
2015,2015-09-02 19:30:00+00:00,3ddab17e-66fa-480a-9b41-fd6117873f85,0699edf3-5993-4182-b9b4-ec935cbd4fcc,0699edf3-5993-4182-b9b4-ec935cbd4fcc,5c0d47fe-8539-47b0-9f36-d0b3609ca89b,5c0d47fe-8539-47b0-9f36-d0b3609ca89b,1,1525.8601900186304,1558.3484626177953,0.4578627149445078
2015,2015-09-03 23:00:00+00:00,9882c76e-38d8-44af-88c0-77bf86199e5f,3c409388-ab73-4c7f-953d-3a71062240f6,3c409388-ab73-4c7f-953d-3a71062240f6,08ed8274-e29f-4248-bc2e-83cc8ed18d75,08ed8274-e29f-4248-bc2e-83cc8ed18d75,0,1554.2047588529945,1594.858996439015,0.33027385045761126
2015,2015-09-03 23:00:00+00:00,9882c76e-38d8-44af-88c0-77bf86199e5f,08ed8274-e29f-4248-bc2e-83cc8ed18d75,08ed8274-e29f-4248-bc2e-83cc8ed18d75,3c409388-ab73-4c7f-953d-3a71062240f6,3c409388-ab73-4c7f-953d-3a71062240f6,1,1652.0139855363373,1611.3597479503167,0.6697261495423887
2015,2015-09-04 02:00:00+00:00,379601ac-4562-4094-b98c-c82dc769856c,5f0b5caf-708b-4300-92f2-53b51d83ec06,5f0b5caf-708b-4300-92f2-53b51d83ec06,d6a012ed-84aa-48d3-8265-2d3f3ff2199a,d6a012ed-84aa-48d3-8265-2d3f3ff2199a,0,1513.6858509428669,1534.037718956449,0.6132833129332365
2015,2015-09-04 02:00:00+00:00,379601ac-4562-4094-b98c-c82dc769856c,d6a012ed-84aa-48d3-8265-2d3f3ff2199a,d6a012ed-84aa-48d3-8265-2d3f3ff2199a,5f0b5caf-708b-4300-92f2-53b51d83ec06,5f0b5caf-708b-4300-92f2-53b51d83ec06,1,1408.578556781582,1388.2266887679998,0.38671668706676354
2015,2015-09-04 02:30:00+00:00,6b3397be-3e4f-4147-bb75-d08a50a38f4d,5c0d47fe-8539-47b0-9f36-d0b3609ca89b,5c0d47fe-8539-47b0-9f36-d0b3609ca89b,0a5ad38d-2fe3-43ba-894b-1ba3d5042ea9,0a5ad38d-2fe3-43ba-894b-1ba3d5042ea9,0,1547.721516387971,1541.0226249175967,0.5033534722811771
2015,2015-09-04 02:30:00+00:00,6b3397be-3e4f-4147-bb75-d08a50a38f4d,0a5ad38d-2fe3-43ba-894b-1ba3d5042ea9,0a5ad38d-2fe3-43ba-894b-1ba3d5042ea9,5c0d47fe-8539-47b0-9f36-d0b3609ca89b,5c0d47fe-8539-47b0-9f36-d0b3609ca89b,1,1520.3912502355934,1527.0901417059677,0.4966465277188229
2015,2015-09-05 00:00:00+00:00,29333f0f-38ec-40cc-aeba-115b19a89aad,f073a15f-0486-4179-b0a3-dfd0294eb595,f073a15f-0486-4179-b0a3-dfd0294eb595,6f017f37-be96-4bdc-b6d3-0a0429c72e89,6f017f37-be96-4bdc-b6d3-0a0429c72e89,0,1587.1629212817595,1561.6638122067907,0.5045428715194269
2015,2015-09-05 00:00:00+00:00,29333f0f-38ec-40cc-aeba-115b19a89aad,6f017f37-be96-4bdc-b6d3-0a0429c72e89,6f017f37-be96-4bdc-b6d3-0a0429c72e89,f073a15f-0486-4179-b0a3-dfd0294eb595,f073a15f-0486-4179-b0a3-dfd0294eb595,1,1559.006123961931,1584.5052330368999,0.49545712848057316
2015,2015-09-05 00:00:00+00:00,7fa3ef2a-e795-4378-bb3c-2e7219f408fb,a015b02d-845c-40c1-8ef4-844984f47e4d,a015b02d-845c-40c1-8ef4-844984f47e4d,e6bc56cc-9dad-43aa-8ccb-ee9d499fea28,FR_LVA_ACES,0,1409.1209540295717,1412.8638585181761,0.6243310753226219
2015,2015-09-05 00:00:00+00:00,7fa3ef2a-e795-4378-bb3c-2e7219f408fb,e6bc56cc-9dad-43aa-8ccb-ee9d499fea28,FR_LVA_ACES,a015b02d-845c-40c1-8ef4-844984f47e4d,a015b02d-845c-40c1-8ef4-844984f47e4d,1,1295.8770819381139,1292.1341774495095,0.3756689246773781
2015,2015-09-06 00:00:00+00:00,8acd1aad-3c26-432f-a697-44894d362b38,0699edf3-5993-4182-b9b4-ec935cbd4fcc,0699edf3-5993-4182-b9b4-ec935cbd4fcc,e6bc56cc-9dad-43aa-8ccb-ee9d499fea28,FR_LVA_ACES,0,1558.3484626177953,1573.075041664952,0.8003592268474522
2015,2015-09-06 00:00:00+00:00,8acd1aad-3c26-432f-a697-44894d362b38,e6bc56cc-9dad-43aa-8ccb-ee9d499fea28,FR_LVA_ACES,0699edf3-5993-4182-b9b4-ec935cbd4fcc,0699edf3-5993-4182-b9b4-ec935cbd4fcc,1,1292.1341774495095,1277.4075984023527,0.1996407731525478
2015,2015-09-06 19:00:00+00:00,e9158e08-7fd3-4e2e-bb7b-47bf01303221,5c0d47fe-8539-47b0-9f36-d0b3609ca89b,5c0d47fe-8539-47b0-9f36-d0b3609ca89b,5d70a9af-8c2b-4aec-9e68-9acc6ddb93e4,5d70a9af-8c2b-4aec-9e68-9acc6ddb93e4,0,1541.0226249175967,1527.5679730954992,0.5884769097001478
2015,2015-09-06 19:00:00+00:00,e9158e08-7fd3-4e2e-bb7b-47bf01303221,5d70a9af-8c2b-4aec-9e68-9acc6ddb93e4,5d70a9af-8c2b-4aec-9e68-9acc6ddb93e4,5c0d47fe-8539-47b0-9f36-d0b3609ca89b,5c0d47fe-8539-47b0-9f36-d0b3609ca89b,1,1453.8885374334839,1467.3431892555814,0.41152309029985223
2015,2015-09-06 21:00:00+00:00,fcd4b642-805a-4643-9492-bd8a2797e300,5f0b5caf-708b-4300-92f2-53b51d83ec06,5f0b5caf-708b-4300-92f2-53b51d83ec06,0a5ad38d-2fe3-43ba-894b-1ba3d5042ea9,0a5ad38d-2fe3-43ba-894b-1ba3d5042ea9,0,1534.037718956449,1506.62306832025,0.47404382942814094
2015,2015-09-06 21:00:00+00:00,fcd4b642-805a-4643-9492-bd8a2797e300,0a5ad38d-2fe3-43ba-894b-1ba3d5042ea9,0a5ad38d-2fe3-43ba-894b-1ba3d5042ea9,5f0b5caf-708b-4300-92f2-53b51d83ec06,5f0b5caf-708b-4300-92f2-53b51d83ec06,1,1527.0901417059677,1554.5047923421666,0.5259561705718591
2015,2015-09-06 22:00:00+00:00,a1816f6e-896c-41e1-9fd4-b76b87937501,d6a012ed-84aa-48d3-8265-2d3f3ff2199a,d6a012ed-84aa-48d3-8265-2d3f3ff2199a,3c409388-ab73-4c7f-953d-3a71062240f6,3c409388-ab73-4c7f-953d-3a71062240f6,0,1388.2266887679998,1373.6782941173979,0.20860036973303264
2015,2015-09-06 22:00:00+00:00,a1816f6e-896c-41e1-9fd4-b76b87937501,3c409388-ab73-4c7f-953d-3a71062240f6,3c409388-ab73-4c7f-953d-3a71062240f6,d6a012ed-84aa-48d3-8265-2d3f3ff2199a,d6a012ed-84aa-48d3-8265-2d3f3ff2199a,1,1594.858996439015,1609.407391089617,0.7913996302669674
2015,2015-09-06 23:00:00+00:00,c623607d-244c-4d91-9536-42575bdd7e5a,08ed8274-e29f-4248-bc2e-83cc8ed18d75,08ed8274-e29f-4248-bc2e-83cc8ed18d75,6f017f37-be96-4bdc-b6d3-0a0429c72e89,6f017f37-be96-4bdc-b6d3-0a0429c72e89,0,1611.3597479503167,1620.629510278858,0.5026688361503364
2015,2015-09-06 23:00:00+00:00,c623607d-244c-4d91-9536-42575bdd7e5a,6f017f37-be96-4bdc-b6d3-0a0429c72e89,6f017f37-be96-4bdc-b6d3-0a0429c72e89,08ed8274-e29f-4248-bc2e-83cc8ed18d75,08ed8274-e29f-4248-bc2e-83cc8ed18d75,1,1584.5052330368999,1575.2354707083584,0.4973311638496635
2015,2015-09-08 23:00:00+00:00,1d94a2d0-0a70-4bbc-a7bd-56794554c6de,f073a15f-0486-4179-b0a3-dfd0294eb595,f073a15f-0486-4179-b0a3-dfd0294eb595,5c0d47fe-8539-47b0-9f36-d0b3609ca89b,5c0d47fe-8539-47b0-9f36-d0b3609ca89b,0,1561.6638122067907,1552.1553784212501,0.5130869749645395
2015,2015-09-08 23:00:00+00:00,1d94a2d0-0a70-4bbc-a7bd-56794554c6de,5c0d47fe-8539-47b0-9f36-d0b3609ca89b,5c0d47fe-8539-47b0-9f36-d0b3609ca89b,f073a15f-0486-4179-b0a3-dfd0294eb595,f073a15f-0486-4179-b0a3-dfd0294eb595,1,1527.5679730954992,1537.0764068810397,0.48691302503546047
2015,2015-09-09 00:00:00+00:00,acab7fb9-2e4f-4c96-8d6b-40b4c113eff8,e6bc56cc-9dad-43aa-8ccb-ee9d499fea28,FR_LVA_ACES,5f0b5caf-708b-4300-92f2-53b51d83ec06,5f0b5caf-708b-4300-92f2-53b51d83ec06,0,1277.4075984023527,1271.9931301599834,0.1879506205742607
2015,2015-09-09 00:00:00+00:00,acab7fb9-2e4f-4c96-8d6b-40b4c113eff8,5f0b5caf-708b-4300-92f2-53b51d83ec06,5f0b5caf-708b-4300-92f2-53b51d83ec06,e6bc56cc-9dad-43aa-8ccb-ee9d499fea28,FR_LVA_ACES,1,1506.62306832025,1512.0375365626194,0.8120493794257393
2015,2015-09-09 00:00:00+00:00,d2f7367c-b15a-4e1d-8da1-b02c048152a3,d6a012ed-84aa-48d3-8265-2d3f3ff2199a,d6a012ed-84aa-48d3-8265-2d3f3ff2199a,6f017f37-be96-4bdc-b6d3-0a0429c72e89,6f017f37-be96-4bdc-b6d3-0a0429c72e89,0,1373.6782941173979,1369.3412241159494,0.21346439453386212
2015,2015-09-09 00:00:00+00:00,d2f7367c-b15a-4e1d-8da1-b02c048152a3,6f017f37-be96-4bdc-b6d3-0a0429c72e89,6f017f37-be96-4bdc-b6d3-0a0429c72e89,d6a012ed-84aa-48d3-8265-2d3f3ff2199a,d6a012ed-84aa-48d3-8265-2d3f3ff2199a,1,1575.2354707083584,1579.5725407098068,0.7865356054661379
2015,2015-09-09 23:00:00+00:00,07020d68-f496-4038-8050-048110ad6dba,0a5ad38d-2fe3-43ba-894b-1ba3d5042ea9,0a5ad38d-2fe3-43ba-894b-1ba3d5042ea9,5d70a9af-8c2b-4aec-9e68-9acc6ddb93e4,5d70a9af-8c2b-4aec-9e68-9acc6ddb93e4,0,1554.5047923421666,1505.1688879391152,0.5885152673748588
2015,2015-09-09 23:00:00+00:00,07020d68-f496-4038-8050-048110ad6dba,5d70a9af-8c2b-4aec-9e68-9acc6ddb93e4,5d70a9af-8c2b-4aec-9e68-9acc6ddb93e4,0a5ad38d-2fe3-43ba-894b-1ba3d5042ea9,0a5ad38d-2fe3-43ba-894b-1ba3d5042ea9,1,1467.3431892555814,1516.6790936586328,0.4114847326251411
2015,2015-09-09 23:00:00+00:00,2024eb08-0f05-4eec-a6c5-092d4925226d,a015b02d-845c-40c1-8ef4-844984f47e4d,a015b02d-845c-40c1-8ef4-844984f47e4d,08ed8274-e29f-4248-bc2e-83cc8ed18d75,08ed8274-e29f-4248-bc2e-83cc8ed18d75,0,1412.8638585181761,1406.7989980974105,0.20752538572232726
2015,2015-09-09 23:00:00+00:00,2024eb08-0f05-4eec-a6c5-092d4925226d,08ed8274-e29f-4248-bc2e-83cc8ed18d75,08ed8274-e29f-4248-bc2e-83cc8ed18d75,a015b02d-845c-40c1-8ef4-844984f47e4d,a015b02d-845c-40c1-8ef4-844984f47e4d,1,1620.629510278858,1626.6943706996237,0.7924746142776727
2015,2015-09-11 23:30:00+00:00,74dda1ff-cb1c-4b22-80c8-ab9dc1735029,f073a15f-0486-4179-b0a3-dfd0294eb595,f073a15f-0486-4179-b0a3-dfd0294eb595,5d70a9af-8c2b-4aec-9e68-9acc6ddb93e4,5d70a9af-8c2b-4aec-9e68-9acc6ddb93e4,0,1552.1553784212501,1566.2617070251183,0.5150720180842429
2015,2015-09-11 23:30:00+00:00,74dda1ff-cb1c-4b22-80c8-ab9dc1735029,5d70a9af-8c2b-4aec-9e68-9acc6ddb93e4,5d70a9af-8c2b-4aec-9e68-9acc6ddb93e4,f073a15f-0486-4179-b0a3-dfd0294eb595,f073a15f-0486-4179-b0a3-dfd0294eb595,1,1516.6790936586328,1502.5727650547647,0.48492798191575714
2015,2015-09-11 23:30:00+00:00,fb552a68-618a-4871-8feb-08920be6bb52,5c0d47fe-8539-47b0-9f36-d0b3609ca89b,5c0d47fe-8539-47b0-9f36-d0b3609ca89b,08ed8274-e29f-4248-bc2e-83cc8ed18d75,08ed8274-e29f-4248-bc2e-83cc8ed18d75,0,1537.0764068810397,1585.3840019534396,0.34078587975329144
2015,2015-09-11 23:30:00+00:00,fb552a68-618a-4871-8feb-08920be6bb52,08ed8274-e29f-4248-bc2e-83cc8ed18d75,08ed8274-e29f-4248-bc2e-83cc8ed18d75,5c0d47fe-8539-47b0-9f36-d0b3609ca89b,5c0d47fe-8539-47b0-9f36-d0b3609ca89b,1,1626.6943706996237,1578.3867756272239,0.6592141202467086
2015,2015-09-12 00:30:00+00:00,a74e5294-b731-424d-8131-bee14b0d9b89,5f0b5caf-708b-4300-92f2-53b51d83ec06,5f0b5caf-708b-4300-92f2-53b51d83ec06,3c409388-ab73-4c7f-953d-3a71062240f6,3c409388-ab73-4c7f-953d-3a71062240f6,0,1512.0375365626194,1492.7521500605203,0.33083353835478335
2015,2015-09-12 00:30:00+00:00,a74e5294-b731-424d-8131-bee14b0d9b89,3c409388-ab73-4c7f-953d-3a71062240f6,3c409388-ab73-4c7f-953d-3a71062240f6,5f0b5caf-708b-4300-92f2-53b51d83ec06,5f0b5caf-708b-4300-92f2-53b51d83ec06,1,1609.407391089617,1628.692777591716,0.6691664616452166
2015,2015-09-12 02:00:00+00:00,1be25d18-3446-4491-84e8-886c4541491f,6f017f37-be96-4bdc-b6d3-0a0429c72e89,6f017f37-be96-4bdc-b6d3-0a0429c72e89,d6a012ed-84aa-48d3-8265-2d3f3ff2199a,d6a012ed-84aa-48d3-8265-2d3f3ff2199a,0,1579.5725407098068,1550.2018954312803,0.7438882922172483
2015,2015-09-12 02:00:00+00:00,1be25d18-3446-4491-84e8-886c4541491f,d6a012ed-84aa-48d3-8265-2d3f3ff2199a,d6a012ed-84aa-48d3-8265-2d3f3ff2199a,6f017f37-be96-4bdc-b6d3-0a0429c72e89,6f017f37-be96-4bdc-b6d3-0a0429c72e89,1,1369.3412241159494,1398.711869394476,0.2561117077827517
2015,2015-09-12 02:00:00+00:00,f1af4873-224a-470b-b98b-cbafea7ff638,0a5ad38d-2fe3-43ba-894b-1ba3d5042ea9,0a5ad38d-2fe3-43ba-894b-1ba3d5042ea9,0699edf3-5993-4182-b9b4-ec935cbd4fcc,0699edf3-5993-4182-b9b4-ec935cbd4fcc,0,1505.1688879391152,1497.8336413221568,0.3693955432878768
2015,2015-09-12 02:00:00+00:00,f1af4873-224a-470b-b98b-cbafea7ff638,0699edf3-5993-4182-b9b4-ec935cbd4fcc,0699edf3-5993-4182-b9b4-ec935cbd4fcc,0a5ad38d-2fe3-43ba-894b-1ba3d5042ea9,0a5ad38d-2fe3-43ba-894b-1ba3d5042ea9,1,1573.075041664952,1580.4102882819104,0.6306044567121232
2015,2015-09-13 17:00:00+00:00,69c3eae6-4975-4252-9018-3c75eb9f5db4,3c409388-ab73-4c7f-953d-3a71062240f6,3c409388-ab73-4c7f-953d-3a71062240f6,a015b02d-845c-40c1-8ef4-844984f47e4d,a015b02d-845c-40c1-8ef4-844984f47e4d,0,1628.692777591716,1604.2944154083655,0.7564679672772658
2015,2015-09-13 17:00:00+00:00,69c3eae6-4975-4252-9018-3c75eb9f5db4,a015b02d-845c-40c1-8ef4-844984f47e4d,a015b02d-845c-40c1-8ef4-844984f47e4d,3c409388-ab73-4c7f-953d-3a71062240f6,3c409388-ab73-4c7f-953d-3a71062240f6,1,1406.7989980974105,1431.1973602807611,0.24353203272273422
2015,2015-09-13 20:00:00+00:00,2b1291f3-1807-43aa-83b1-8fe2c6f3b713,5d70a9af-8c2b-4aec-9e68-9acc6ddb93e4,5d70a9af-8c2b-4aec-9e68-9acc6ddb93e4,5c0d47fe-8539-47b0-9f36-d0b3609ca89b,5c0d47fe-8539-47b0-9f36-d0b3609ca89b,0,1502.5727650547647,1510.5556810410017,0.34964241824016884
2015,2015-09-13 20:00:00+00:00,2b1291f3-1807-43aa-83b1-8fe2c6f3b713,5c0d47fe-8539-47b0-9f36-d0b3609ca89b,5c0d47fe-8539-47b0-9f36-d0b3609ca89b,5d70a9af-8c2b-4aec-9e68-9acc6ddb93e4,5d70a9af-8c2b-4aec-9e68-9acc6ddb93e4,1,1585.3840019534396,1577.4010859672026,0.6503575817598312
2015,2015-09-13 20:30:00+00:00,aaea3b9e-315d-465e-937a-cb8805e6d61c,0699edf3-5993-4182-b9b4-ec935cbd4fcc,0699edf3-5993-4182-b9b4-ec935cbd4fcc,5f0b5caf-708b-4300-92f2-53b51d83ec06,5f0b5caf-708b-4300-92f2-53b51d83ec06,0,1580.4102882819104,1569.9367543092792,0.5892072687905445
2015,2015-09-13 20:30:00+00:00,aaea3b9e-315d-465e-937a-cb8805e6d61c,5f0b5caf-708b-4300-92f2-53b51d83ec06,5f0b5caf-708b-4300-92f2-53b51d83ec06,0699edf3-5993-4182-b9b4-ec935cbd4fcc,0699edf3-5993-4182-b9b4-ec935cbd4fcc,1,1492.7521500605203,1503.2256840331515,0.41079273120945553
2015,2015-09-13 21:00:00+00:00,8d9c6482-af88-4d6a-a605-5872a124510b,08ed8274-e29f-4248-bc2e-83cc8ed18d75,08ed8274-e29f-4248-bc2e-83cc8ed18d75,f073a15f-0486-4179-b0a3-dfd0294eb595,f073a15f-0486-4179-b0a3-dfd0294eb595,0,1578.3867756272239,1568.2199211706336,0.4814799609149535
2015,2015-09-13 21:00:00+00:00,8d9c6482-af88-4d6a-a605-5872a124510b,f073a15f-0486-4179-b0a3-dfd0294eb595,f073a15f-0486-4179-b0a3-dfd0294eb595,08ed8274-e29f-4248-bc2e-83cc8ed18d75,08ed8274-e29f-4248-bc2e-83cc8ed18d75,1,1566.2617070251183,1576.4285614817086,0.5185200390850465
2015,2015-09-14 01:00:00+00:00,def75f62-c9e6-4ff7-ad54-1405959d9b38,e6bc56cc-9dad-43aa-8ccb-ee9d499fea28,FR_LVA_ACES,d6a012ed-84aa-48d3-8265-2d3f3ff2199a,d6a012ed-84aa-48d3-8265-2d3f3ff2199a,0,1271.9931301599834,1278.7034163457745,0.29455495808126664
2015,2015-09-14 01:00:00+00:00,def75f62-c9e6-4ff7-ad54-1405959d9b38,d6a012ed-84aa-48d3-8265-2d3f3ff2199a,d6a012ed-84aa-48d3-8265-2d3f3ff2199a,e6bc56cc-9dad-43aa-8ccb-ee9d499fea28,FR_LVA_ACES,1,1398.711869394476,1392.001583208685,0.7054450419187334
2015,2015-09-18 00:00:00+00:00,28f558e1-de2d-4ecd-bfa1-3a5603a1e6f9,f073a15f-0486-4179-b0a3-dfd0294eb595,f073a15f-0486-4179-b0a3-dfd0294eb595,3c409388-ab73-4c7f-953d-3a71062240f6,3c409388-ab73-4c7f-953d-3a71062240f6,0,1576.4285614817086,1567.7399885590853,0.4245016867589103
2015,2015-09-18 00:00:00+00:00,28f558e1-de2d-4ecd-bfa1-3a5603a1e6f9,3c409388-ab73-4c7f-953d-3a71062240f6,3c409388-ab73-4c7f-953d-3a71062240f6,f073a15f-0486-4179-b0a3-dfd0294eb595,f073a15f-0486-4179-b0a3-dfd0294eb595,1,1604.2944154083655,1612.9829883309887,0.5754983132410897
2015,2015-09-18 02:00:00+00:00,da873aef-8013-4848-ae84-6bb067b091b2,5f0b5caf-708b-4300-92f2-53b51d83ec06,5f0b5caf-708b-4300-92f2-53b51d83ec06,0699edf3-5993-4182-b9b4-ec935cbd4fcc,0699edf3-5993-4182-b9b4-ec935cbd4fcc,0,1503.2256840331515,1470.0442186755097,0.37099949498609797
2015,2015-09-18 02:00:00+00:00,da873aef-8013-4848-ae84-6bb067b091b2,0699edf3-5993-4182-b9b4-ec935cbd4fcc,0699edf3-5993-4182-b9b4-ec935cbd4fcc,5f0b5caf-708b-4300-92f2-53b51d83ec06,5f0b5caf-708b-4300-92f2-53b51d83ec06,1,1569.9367543092792,1603.118219666921,0.629000505013902
2015,2015-09-18 23:00:00+00:00,bf44ab15-2d0f-4f9b-a24d-a3ca9422ebd5,5c0d47fe-8539-47b0-9f36-d0b3609ca89b,5c0d47fe-8539-47b0-9f36-d0b3609ca89b,08ed8274-e29f-4248-bc2e-83cc8ed18d75,08ed8274-e29f-4248-bc2e-83cc8ed18d75,0,1577.4010859672026,1585.6605525129266,0.4772505838844895
2015,2015-09-18 23:00:00+00:00,bf44ab15-2d0f-4f9b-a24d-a3ca9422ebd5,08ed8274-e29f-4248-bc2e-83cc8ed18d75,08ed8274-e29f-4248-bc2e-83cc8ed18d75,5c0d47fe-8539-47b0-9f36-d0b3609ca89b,5c0d47fe-8539-47b0-9f36-d0b3609ca89b,1,1568.2199211706336,1559.9604546249095,0.5227494161155105
2015,2015-09-19 01:00:00+00:00,3c908e94-b989-4bfb-bdfd-69458580d9f8,0a5ad38d-2fe3-43ba-894b-1ba3d5042ea9,0a5ad38d-2fe3-43ba-894b-1ba3d5042ea9,6f017f37-be96-4bdc-b6d3-0a0429c72e89,6f017f37-be96-4bdc-b6d3-0a0429c72e89,0,1497.8336413221568,1492.930923069306,0.39046275406054654
2015,2015-09-19 01:00:00+00:00,3c908e94-b989-4bfb-bdfd-69458580d9f8,6f017f37-be96-4bdc-b6d3-0a0429c72e89,6f017f37-be96-4bdc-b6d3-0a0429c72e89,0a5ad38d-2fe3-43ba-894b-1ba3d5042ea9,0a5ad38d-2fe3-43ba-894b-1ba3d5042ea9,1,1550.2018954312803,1555.1046136841312,0.6095372459394535
2015,2015-09-19 23:00:00+00:00,327772ad-4c23-4160-98cc-a212d1275cf6,3c409388-ab73-4c7f-953d-3a71062240f6,3c409388-ab73-4c7f-953d-3a71062240f6,f073a15f-0486-4179-b0a3-dfd0294eb595,f073a15f-0486-4179-b0a3-dfd0294eb595,0,1612.9829883309887,1599.0985295190544,0.5290990983444311
2015,2015-09-19 23:00:00+00:00,327772ad-4c23-4160-98cc-a212d1275cf6,f073a15f-0486-4179-b0a3-dfd0294eb595,f073a15f-0486-4179-b0a3-dfd0294eb595,3c409388-ab73-4c7f-953d-3a71062240f6,3c409388-ab73-4c7f-953d-3a71062240f6,1,1567.7399885590853,1581.6244473710196,0.47090090165556886
2015,2015-09-20 01:00:00+00:00,35c0d358-03b3-4300-ae31-25ddc2f6a0f2,0699edf3-5993-4182-b9b4-ec935cbd4fcc,0699edf3-5993-4182-b9b4-ec935cbd4fcc,5f0b5caf-708b-4300-92f2-53b51d83ec06,5f0b5caf-708b-4300-92f2-53b51d83ec06,0,1603.118219666921,1626.2663463294132,0.6507014556445931
2015,2015-09-20 01:00:00+00:00,35c0d358-03b3-4300-ae31-25ddc2f6a0f2,5f0b5caf-708b-4300-92f2-53b51d83ec06,5f0b5caf-708b-4300-92f2-53b51d83ec06,0699edf3-5993-4182-b9b4-ec935cbd4fcc,0699edf3-5993-4182-b9b4-ec935cbd4fcc,1,1470.0442186755097,1446.8960920130176,0.3492985443554069
2015,2015-09-20 17:00:00+00:00,2f57995b-478b-4caf-8265-b9ca8ad5759f,08ed8274-e29f-4248-bc2e-83cc8ed18d75,08ed8274-e29f-4248-bc2e-83cc8ed18d75,5c0d47fe-8539-47b0-9f36-d0b3609ca89b,5c0d47fe-8539-47b0-9f36-d0b3609ca89b,0,1559.9604546249095,1590.7680820857358,0.42755022780008234
2015,2015-09-20 17:00:00+00:00,2f57995b-478b-4caf-8265-b9ca8ad5759f,5c0d47fe-8539-47b0-9f36-d0b3609ca89b,5c0d47fe-8539-47b0-9f36-d0b3609ca89b,08ed8274-e29f-4248-bc2e-83cc8ed18d75,08ed8274-e29f-4248-bc2e-83cc8ed18d75,1,1585.6605525129266,1554.8529250521003,0.5724497721999177
2015,2015-09-20 19:00:00+00:00,603541b5-5581-4c0c-a871-a90b4cf327c5,6f017f37-be96-4bdc-b6d3-0a0429c72e89,6f017f37-be96-4bdc-b6d3-0a0429c72e89,0a5ad38d-2fe3-43ba-894b-1ba3d5042ea9,0a5ad38d-2fe3-43ba-894b-1ba3d5042ea9,0,1555.1046136841312,1536.4776989313011,0.5532940293961837
2015,2015-09-20 19:00:00+00:00,603541b5-5581-4c0c-a871-a90b4cf327c5,0a5ad38d-2fe3-43ba-894b-1ba3d5042ea9,0a5ad38d-2fe3-43ba-894b-1ba3d5042ea9,6f017f37-be96-4bdc-b6d3-0a0429c72e89,6f017f37-be96-4bdc-b6d3-0a0429c72e89,1,1492.930923069306,1511.557837822136,0.44670597060381634
2015,2015-09-22 00:00:00+00:00,bd0b3c0e-31ee-412d-8057-12d337cb51b6,f073a15f-0486-4179-b0a3-dfd0294eb595,f073a15f-0486-4179-b0a3-dfd0294eb595,3c409388-ab73-4c7f-953d-3a71062240f6,3c409388-ab73-4c7f-953d-3a71062240f6,0,1581.6244473710196,1601.8737609032883,0.4391775802482847
2015,2015-09-22 00:00:00+00:00,bd0b3c0e-31ee-412d-8057-12d337cb51b6,3c409388-ab73-4c7f-953d-3a71062240f6,3c409388-ab73-4c7f-953d-3a71062240f6,f073a15f-0486-4179-b0a3-dfd0294eb595,f073a15f-0486-4179-b0a3-dfd0294eb595,1,1599.0985295190544,1578.8492159867858,0.5608224197517153
2015,2015-09-22 23:00:00+00:00,d18e02ca-8cdb-4851-837a-b8c5919e95dc,5c0d47fe-8539-47b0-9f36-d0b3609ca89b,5c0d47fe-8539-47b0-9f36-d0b3609ca89b,08ed8274-e29f-4248-bc2e-83cc8ed18d75,08ed8274-e29f-4248-bc2e-83cc8ed18d75,0,1554.8529250521003,1546.447125169549,0.41322339273854924
2015,2015-09-22 23:00:00+00:00,d18e02ca-8cdb-4851-837a-b8c5919e95dc,08ed8274-e29f-4248-bc2e-83cc8ed18d75,08ed8274-e29f-4248-bc2e-83cc8ed18d75,5c0d47fe-8539-47b0-9f36-d0b3609ca89b,5c0d47fe-8539-47b0-9f36-d0b3609ca89b,1,1590.7680820857358,1599.173881968287,0.5867766072614508
2015,2015-09-23 01:00:00+00:00,5bcfbd51-70dd-4c50-b4e9-419a97f34a4e,0a5ad38d-2fe3-43ba-894b-1ba3d5042ea9,0a5ad38d-2fe3-43ba-894b-1ba3d5042ea9,6f017f37-be96-4bdc-b6d3-0a0429c72e89,6f017f37-be96-4bdc-b6d3-0a0429c72e89,0,1511.557837822136,1496.1694583464455,0.42864985951574597
2015,2015-09-23 01:00:00+00:00,5bcfbd51-70dd-4c50-b4e9-419a97f34a4e,6f017f37-be96-4bdc-b6d3-0a0429c72e89,6f017f37-be96-4bdc-b6d3-0a0429c72e89,0a5ad38d-2fe3-43ba-894b-1ba3d5042ea9,0a5ad38d-2fe3-43ba-894b-1ba3d5042ea9,1,1536.4776989313011,1551.8660784069916,0.571350140484254
2015,2015-09-23 23:00:00+00:00,f6a481fb-e253-469b-8cea-5d9d09b69728,f073a15f-0486-4179-b0a3-dfd0294eb595,f073a15f-0486-4179-b0a3-dfd0294eb595,08ed8274-e29f-4248-bc2e-83cc8ed18d75,08ed8274-e29f-4248-bc2e-83cc8ed18d75,0,1601.8737609032883,1577.3537839867602,0.4679515439911439
2015,2015-09-23 23:00:00+00:00,f6a481fb-e253-469b-8cea-5d9d09b69728,08ed8274-e29f-4248-bc2e-83cc8ed18d75,08ed8274-e29f-4248-bc2e-83cc8ed18d75,f073a15f-0486-4179-b0a3-dfd0294eb595,f073a15f-0486-4179-b0a3-dfd0294eb595,1,1599.173881968287,1623.6938588848152,0.5320484560088561
2015,2015-09-25 00:00:00+00:00,85d132de-b642-41ae-862a-4aaa6f08cc32,0699edf3-5993-4182-b9b4-ec935cbd4fcc,0699edf3-5993-4182-b9b4-ec935cbd4fcc,6f017f37-be96-4bdc-b6d3-0a0429c72e89,6f017f37-be96-4bdc-b6d3-0a0429c72e89,0,1626.2663463294132,1611.6283765198732,0.5706174567706936
2015,2015-09-25 00:00:00+00:00,85d132de-b642-41ae-862a-4aaa6f08cc32,6f017f37-be96-4bdc-b6d3-0a0429c72e89,6f017f37-be96-4bdc-b6d3-0a0429c72e89,0699edf3-5993-4182-b9b4-ec935cbd4fcc,0699edf3-5993-4182-b9b4-ec935cbd4fcc,1,1551.8660784069916,1566.5040482165316,0.4293825432293063
2015,2015-09-27 17:00:00+00:00,71faae93-d14f-4aac-91fb-ed605d2de259,08ed8274-e29f-4248-bc2e-83cc8ed18d75,08ed8274-e29f-4248-bc2e-83cc8ed18d75,f073a15f-0486-4179-b0a3-dfd0294eb595,f073a15f-0486-4179-b0a3-dfd0294eb595,0,1623.6938588848152,1611.1715066438542,0.5306722745307733
2015,2015-09-27 17:00:00+00:00,71faae93-d14f-4aac-91fb-ed605d2de259,f073a15f-0486-4179-b0a3-dfd0294eb595,f073a15f-0486-4179-b0a3-dfd0294eb595,08ed8274-e29f-4248-bc2e-83cc8ed18d75,08ed8274-e29f-4248-bc2e-83cc8ed18d75,1,1577.3537839867602,1589.8761362277212,0.4693277254692268
2015,2015-09-27 19:00:00+00:00,52000157-308f-4a0b-ad9f-67c2ed465649,6f017f37-be96-4bdc-b6d3-0a0429c72e89,6f017f37-be96-4bdc-b6d3-0a0429c72e89,0699edf3-5993-4182-b9b4-ec935cbd4fcc,0699edf3-5993-4182-b9b4-ec935cbd4fcc,0,1566.5040482165316,1572.5597266967352,0.4004313635425114
2015,2015-09-27 19:00:00+00:00,52000157-308f-4a0b-ad9f-67c2ed465649,0699edf3-5993-4182-b9b4-ec935cbd4fcc,0699edf3-5993-4182-b9b4-ec935cbd4fcc,6f017f37-be96-4bdc-b6d3-0a0429c72e89,6f017f37-be96-4bdc-b6d3-0a0429c72e89,1,1611.6283765198732,1605.5726980396696,0.5995686364574886
2015,2015-09-29 23:00:00+00:00,5844d6c6-2bf7-48dd-b96a-c6eb3c141d76,f073a15f-0486-4179-b0a3-dfd0294eb595,f073a15f-0486-4179-b0a3-dfd0294eb595,08ed8274-e29f-4248-bc2e-83cc8ed18d75,08ed8274-e29f-4248-bc2e-83cc8ed18d75,0,1589.8761362277212,1616.0846474811206,0.43376713661198674
2015,2015-09-29 23:00:00+00:00,5844d6c6-2bf7-48dd-b96a-c6eb3c141d76,08ed8274-e29f-4248-bc2e-83cc8ed18d75,08ed8274-e29f-4248-bc2e-83cc8ed18d75,f073a15f-0486-4179-b0a3-dfd0294eb595,f073a15f-0486-4179-b0a3-dfd0294eb595,1,1611.1715066438542,1584.9629953904548,0.5662328633880133
2015,2015-10-04 19:00:00+00:00,994f7445-1a18-4896-9e72-726716043792,f073a15f-0486-4179-b0a3-dfd0294eb595,f073a15f-0486-4179-b0a3-dfd0294eb595,6f017f37-be96-4bdc-b6d3-0a0429c72e89,6f017f37-be96-4bdc-b6d3-0a0429c72e89,0,1616.0846474811206,1627.279517753698,0.5266342691429058
2015,2015-10-04 19:00:00+00:00,994f7445-1a18-4896-9e72-726716043792,6f017f37-be96-4bdc-b6d3-0a0429c72e89,6f017f37-be96-4bdc-b6d3-0a0429c72e89,f073a15f-0486-4179-b0a3-dfd0294eb595,f073a15f-0486-4179-b0a3-dfd0294eb595,1,1572.5597266967352,1561.3648564241578,0.4733657308570942
2015,2015-10-07 00:00:00+00:00,598506b8-1f21-4c2a-bdb0-966b2f77d7cc,f073a15f-0486-4179-b0a3-dfd0294eb595,f073a15f-0486-4179-b0a3-dfd0294eb595,6f017f37-be96-4bdc-b6d3-0a0429c72e89,6f017f37-be96-4bdc-b6d3-0a0429c72e89,0,1627.279517753698,1614.2977863151707,0.5586102481145807
2015,2015-10-07 00:00:00+00:00,598506b8-1f21-4c2a-bdb0-966b2f77d7cc,6f017f37-be96-4bdc-b6d3-0a0429c72e89,6f017f37-be96-4bdc-b6d3-0a0429c72e89,f073a15f-0486-4179-b0a3-dfd0294eb595,f073a15f-0486-4179-b0a3-dfd0294eb595,1,1561.3648564241578,1574.346587862685,0.44138975188541923
2015,2015-10-10 00:00:00+00:00,37f2ecd8-43f3-4998-a01c-68502a4a7e74,6f017f37-be96-4bdc-b6d3-0a0429c72e89,6f017f37-be96-4bdc-b6d3-0a0429c72e89,f073a15f-0486-4179-b0a3-dfd0294eb595,f073a15f-0486-4179-b0a3-dfd0294eb595,0,1574.346587862685,1583.3567838357574,0.4076016003458448
2015,2015-10-10 00:00:00+00:00,37f2ecd8-43f3-4998-a01c-68502a4a7e74,f073a15f-0486-4179-b0a3-dfd0294eb595,f073a15f-0486-4179-b0a3-dfd0294eb595,6f017f37-be96-4bdc-b6d3-0a0429c72e89,6f017f37-be96-4bdc-b6d3-0a0429c72e89,1,1614.2977863151707,1605.2875903420984,0.5923983996541552
2015,2015-10-12 00:30:00+00:00,df28aff7-be54-48eb-8e59-77bf5453d52c,6f017f37-be96-4bdc-b6d3-0a0429c72e89,6f017f37-be96-4bdc-b6d3-0a0429c72e89,f073a15f-0486-4179-b0a3-dfd0294eb595,f073a15f-0486-4179-b0a3-dfd0294eb595,0,1583.3567838357574,1573.3438610191326,0.4328689354683567
2015,2015-10-12 00:30:00+00:00,df28aff7-be54-48eb-8e59-77bf5453d52c,f073a15f-0486-4179-b0a3-dfd0294eb595,f073a15f-0486-4179-b0a3-dfd0294eb595,6f017f37-be96-4bdc-b6d3-0a0429c72e89,6f017f37-be96-4bdc-b6d3-0a0429c72e89,1,1605.2875903420984,1615.300513158723,0.5671310645316433
2015,2015-10-15 00:00:00+00:00,99500c3b-b40d-4d76-91ec-e62ee0332fd3,f073a15f-0486-4179-b0a3-dfd0294eb595,f073a15f-0486-4179-b0a3-dfd0294eb595,6f017f37-be96-4bdc-b6d3-0a0429c72e89,6f017f37-be96-4bdc-b6d3-0a0429c72e89,0,1615.300513158723,1587.7077129165289,0.5243832272701043
2015,2015-10-15 00:00:00+00:00,99500c3b-b40d-4d76-91ec-e62ee0332fd3,6f017f37-be96-4bdc-b6d3-0a0429c72e89,6f017f37-be96-4bdc-b6d3-0a0429c72e89,f073a15f-0486-4179-b0a3-dfd0294eb595,f073a15f-0486-4179-b0a3-dfd0294eb595,1,1573.3438610191326,1600.936661261327,0.4756167727298956
