season_year,scheduled,game_id,team_id,franchise_id,opponent_team_id,opponent_franchise_id,is_home,elo_pre,elo_post,p_win_pre
2021,2021-05-14 23:00:00+00:00,fa563e76-0e3b-4d94-a9e7-862bd5e8aa86,f073a15f-0486-4179-b0a3-dfd0294eb595,f073a15f-0486-4179-b0a3-dfd0294eb595,08ed8274-e29f-4248-bc2e-83cc8ed18d75,08ed8274-e29f-4248-bc2e-83cc8ed18d75,0,1432.43312051948,1423.9983309632678,0.5384706854214936
2021,2021-05-14 23:00:00+00:00,fa563e76-0e3b-4d94-a9e7-862bd5e8aa86,08ed8274-e29f-4248-bc2e-83cc8ed18d75,08ed8274-e29f-4248-bc2e-83cc8ed18d75,f073a15f-0486-4179-b0a3-dfd0294eb595,f073a15f-0486-4179-b0a3-dfd0294eb595,1,1380.6480108663195,1389.0828004225318,0.4615293145785064
2021,2021-05-14 23:30:00+00:00,21115b42-e31e-43dc-aeb9-7d7a16e4a652,a015b02d-845c-40c1-8ef4-844984f47e4d,a015b02d-845c-40c1-8ef4-844984f47e4d,5d70a9af-8c2b-4aec-9e68-9acc6ddb93e4,5d70a9af-8c2b-4aec-9e68-9acc6ddb93e4,0,1555.5390761647288,1568.7386315291383,0.6219740821386364
2021,2021-05-14 23:30:00+00:00,21115b42-e31e-43dc-aeb9-7d7a16e4a652,5d70a9af-8c2b-4aec-9e68-9acc6ddb93e4,5d70a9af-8c2b-4aec-9e68-9acc6ddb93e4,a015b02d-845c-40c1-8ef4-844984f47e4d,a015b02d-845c-40c1-8ef4-844984f47e4d,1,1444.038791635172,1430.8392362707625,0.3780259178613636
2021,2021-05-15 01:00:00+00:00,02e2fc3d-0e69-445c-ba4c-e6f39ac8e19e,0699edf3-5993-4182-b9b4-ec935cbd4fcc,0699edf3-5993-4182-b9b4-ec935cbd4fcc,6f017f37-be96-4bdc-b6d3-0a0429c72e89,6f017f37-be96-4bdc-b6d3-0a0429c72e89,0,1514.253662984073,1521.4200455989476,0.44646417084396883
2021,2021-05-15 01:00:00+00:00,02e2fc3d-0e69-445c-ba4c-e6f39ac8e19e,6f017f37-be96-4bdc-b6d3-0a0429c72e89,6f017f37-be96-4bdc-b6d3-0a0429c72e89,0699edf3-5993-4182-b9b4-ec935cbd4fcc,0699edf3-5993-4182-b9b4-ec935cbd4fcc,1,1526.5973129660958,1519.4309303512211,0.5535358291560312
2021,2021-05-15 02:30:00+00:00,9b8108e6-044a-41c8-abcb-ff05b0f6fd47,5f0b5caf-708b-4300-92f2-53b51d83ec06,5f0b5caf-708b-4300-92f2-53b51d83ec06,0a5ad38d-2fe3-43ba-894b-1ba3d5042ea9,0a5ad38d-2fe3-43ba-894b-1ba3d5042ea9,0,1461.470403937481,1502.3191768755237,0.3657674823721403
2021,2021-05-15 02:30:00+00:00,9b8108e6-044a-41c8-abcb-ff05b0f6fd47,0a5ad38d-2fe3-43ba-894b-1ba3d5042ea9,0a5ad38d-2fe3-43ba-894b-1ba3d5042ea9,5f0b5caf-708b-4300-92f2-53b51d83ec06,5f0b5caf-708b-4300-92f2-53b51d83ec06,1,1532.0877686937106,1491.238995755668,0.6342325176278597
2021,2021-05-15 17:00:00+00:00,ef3d265f-687f-44d9-ae14-ae6841c50d6c,3c409388-ab73-4c7f-953d-3a71062240f6,3c409388-ab73-4c7f-953d-3a71062240f6,5c0d47fe-8539-47b0-9f36-d0b3609ca89b,5c0d47fe-8539-47b0-9f36-d0b3609ca89b,0,1511.8391077444699,1535.1590524404435,0.4798139196944373
2021,2021-05-15 17:00:00+00:00,ef3d265f-687f-44d9-ae14-ae6841c50d6c,5c0d47fe-8539-47b0-9f36-d0b3609ca89b,5c0d47fe-8539-47b0-9f36-d0b3609ca89b,3c409388-ab73-4c7f-953d-3a71062240f6,3c409388-ab73-4c7f-953d-3a71062240f6,1,1500.87346123952,1477.5535165435465,0.5201860803055627
2021,2021-05-15 19:00:00+00:00,69bbf525-fb4b-4f42-8965-1bf7436f5b6a,171b097d-01db-4ae8-9d56-035689402ec6,FR_LVA_ACES,d6a012ed-84aa-48d3-8265-2d3f3ff2199a,d6a012ed-84aa-48d3-8265-2d3f3ff2199a,0,1559.8586058097155,1545.115217033059,0.35267107111053997
2021,2021-05-15 19:00:00+00:00,69bbf525-fb4b-4f42-8965-1bf7436f5b6a,d6a012ed-84aa-48d3-8265-2d3f3ff2199a,d6a012ed-84aa-48d3-8265-2d3f3ff2199a,171b097d-01db-4ae8-9d56-035689402ec6,FR_LVA_ACES,1,1640.3606774392365,1655.104066215893,0.64732892888946
2021,2021-05-16 18:00:00+00:00,6a9628a4-5a4e-41ba-a1b8-a34a07c39706,08ed8274-e29f-4248-bc2e-83cc8ed18d75,08ed8274-e29f-4248-bc2e-83cc8ed18d75,f073a15f-0486-4179-b0a3-dfd0294eb595,f073a15f-0486-4179-b0a3-dfd0294eb595,0,1389.0828004225318,1405.4685575849123,0.41461933309078125
2021,2021-05-16 18:00:00+00:00,6a9628a4-5a4e-41ba-a1b8-a34a07c39706,f073a15f-0486-4179-b0a3-dfd0294eb595,f073a15f-0486-4179-b0a3-dfd0294eb595,08ed8274-e29f-4248-bc2e-83cc8ed18d75,08ed8274-e29f-4248-bc2e-83cc8ed18d75,1,1423.9983309632678,1407.6125738008873,0.5853806669092187
2021,2021-05-16 23:00:00+00:00,5bff239d-5a84-41aa-93f5-e62a8c0ac49a,0699edf3-5993-4182-b9b4-ec935cbd4fcc,0699edf3-5993-4182-b9b4-ec935cbd4fcc,a015b02d-845c-40c1-8ef4-844984f47e4d,a015b02d-845c-40c1-8ef4-844984f47e4d,0,1521.4200455989476,1510.4004391811648,0.39740264661462865
2021,2021-05-16 23:00:00+00:00,5bff239d-5a84-41aa-93f5-e62a8c0ac49a,a015b02d-845c-40c1-8ef4-844984f47e4d,a015b02d-845c-40c1-8ef4-844984f47e4d,0699edf3-5993-4182-b9b4-ec935cbd4fcc,0699edf3-5993-4182-b9b4-ec935cbd4fcc,1,1568.7386315291383,1579.758237946921,0.6025973533853713
2021,2021-05-18 23:00:00+00:00,af987cd7-d84c-4290-9f14-498264a1cbb2,6f017f37-be96-4bdc-b6d3-0a0429c72e89,6f017f37-be96-4bdc-b6d3-0a0429c72e89,08ed8274-e29f-4248-bc2e-83cc8ed18d75,08ed8274-e29f-4248-bc2e-83cc8ed18d75,0,1519.4309303512211,1497.6374151789537,0.6253006454138121
2021,2021-05-18 23:00:00+00:00,af987cd7-d84c-4290-9f14-498264a1cbb2,08ed8274-e29f-4248-bc2e-83cc8ed18d75,08ed8274-e29f-4248-bc2e-83cc8ed18d75,6f017f37-be96-4bdc-b6d3-0a0429c72e89,6f017f37-be96-4bdc-b6d3-0a0429c72e89,1,1405.4685575849123,1427.2620727571798,0.3746993545861878
2021,2021-05-19 00:00:00+00:00,5ee30658-140f-4079-9f92-ce202607d414,0699edf3-5993-4182-b9b4-ec935cbd4fcc,0699edf3-5993-4182-b9b4-ec935cbd4fcc,5c0d47fe-8539-47b0-9f36-d0b3609ca89b,5c0d47fe-8539-47b0-9f36-d0b3609ca89b,0,1510.4004391811648,1541.4827135966882,0.5112907097231973
2021,2021-05-19 00:00:00+00:00,5ee30658-140f-4079-9f92-ce202607d414,5c0d47fe-8539-47b0-9f36-d0b3609ca89b,5c0d47fe-8539-47b0-9f36-d0b3609ca89b,0699edf3-5993-4182-b9b4-ec935cbd4fcc,0699edf3-5993-4182-b9b4-ec935cbd4fcc,1,1477.5535165435465,1446.471242128023,0.4887092902768027
2021,2021-05-19 02:00:00+00:00,99bbea86-db37-4f27-af92-7267b0af4b77,171b097d-01db-4ae8-9d56-035689402ec6,FR_LVA_ACES,d6a012ed-84aa-48d3-8265-2d3f3ff2199a,d6a012ed-84aa-48d3-8265-2d3f3ff2199a,0,1545.115217033059,1576.4412681272668,0.31495424019353546
2021,2021-05-19 02:00:00+00:00,99bbea86-db37-4f27-af92-7267b0af4b77,d6a012ed-84aa-48d3-8265-2d3f3ff2199a,d6a012ed-84aa-48d3-8265-2d3f3ff2199a,171b097d-01db-4ae8-9d56-035689402ec6,FR_LVA_ACES,1,1655.104066215893,1623.7780151216853,0.6850457598064645
2021,2021-05-19 23:00:00+00:00,a6b6b2ab-4252-40c9-8b84-cf3a63461ede,3c409388-ab73-4c7f-953d-3a71062240f6,3c409388-ab73-4c7f-953d-3a71062240f6,5d70a9af-8c2b-4aec-9e68-9acc6ddb93e4,5d70a9af-8c2b-4aec-9e68-9acc6ddb93e4,0,1535.1590524404435,1545.855539579137,0.6122076640853793
2021,2021-05-19 23:00:00+00:00,a6b6b2ab-4252-40c9-8b84-cf3a63461ede,5d70a9af-8c2b-4aec-9e68-9acc6ddb93e4,5d70a9af-8c2b-4aec-9e68-9acc6ddb93e4,3c409388-ab73-4c7f-953d-3a71062240f6,3c409388-ab73-4c7f-953d-3a71062240f6,1,1430.8392362707625,1420.142749132069,0.3877923359146207
2021,2021-05-19 23:00:00+00:00,d94a3462-1c53-443f-8724-c9c460e001d8,f073a15f-0486-4179-b0a3-dfd0294eb595,f073a15f-0486-4179-b0a3-dfd0294eb595,a015b02d-845c-40c1-8ef4-844984f47e4d,a015b02d-845c-40c1-8ef4-844984f47e4d,0,1407.6125738008873,1394.164583343595,0.24326501352184426
2021,2021-05-19 23:00:00+00:00,d94a3462-1c53-443f-8724-c9c460e001d8,a015b02d-845c-40c1-8ef4-844984f47e4d,a015b02d-845c-40c1-8ef4-844984f47e4d,f073a15f-0486-4179-b0a3-dfd0294eb595,f073a15f-0486-4179-b0a3-dfd0294eb595,1,1579.758237946921,1593.2062284042133,0.7567349864781557
2021,2021-05-21 00:00:00+00:00,ea71f486-e435-413d-a5be-771131e7eef7,d6a012ed-84aa-48d3-8265-2d3f3ff2199a,d6a012ed-84aa-48d3-8265-2d3f3ff2199a,6f017f37-be96-4bdc-b6d3-0a0429c72e89,6f017f37-be96-4bdc-b6d3-0a0429c72e89,0,1623.7780151216853,1637.0417624253637,0.6415762502123821
2021,2021-05-21 00:00:00+00:00,ea71f486-e435-413d-a5be-771131e7eef7,6f017f37-be96-4bdc-b6d3-0a0429c72e89,6f017f37-be96-4bdc-b6d3-0a0429c72e89,d6a012ed-84aa-48d3-8265-2d3f3ff2199a,d6a012ed-84aa-48d3-8265-2d3f3ff2199a,1,1497.6374151789537,1484.3736678752753,0.3584237497876179
2021,2021-05-21 23:00:00+00:00,04c467bf-28cc-4aac-99cf-329a7df62468,08ed8274-e29f-4248-bc2e-83cc8ed18d75,08ed8274-e29f-4248-bc2e-83cc8ed18d75,5c0d47fe-8539-47b0-9f36-d0b3609ca89b,5c0d47fe-8539-47b0-9f36-d0b3609ca89b,0,1427.2620727571798,1391.2683812709072,0.43671905213474327
2021,2021-05-21 23:00:00+00:00,04c467bf-28cc-4aac-99cf-329a7df62468,5c0d47fe-8539-47b0-9f36-d0b3609ca89b,5c0d47fe-8539-47b0-9f36-d0b3609ca89b,08ed8274-e29f-4248-bc2e-83cc8ed18d75,08ed8274-e29f-4248-bc2e-83cc8ed18d75,1,1446.471242128023,1482.4649336142957,0.5632809478652567
2021,2021-05-21 23:00:00+00:00,e714956d-97f0-460d-8aaa-cbeddd8ef354,5d70a9af-8c2b-4aec-9e68-9acc6ddb93e4,5d70a9af-8c2b-4aec-9e68-9acc6ddb93e4,f073a15f-0486-4179-b0a3-dfd0294eb595,f073a15f-0486-4179-b0a3-dfd0294eb595,0,1420.142749132069,1429.4425282046775,0.5014076900075797
2021,2021-05-21 23:00:00+00:00,e714956d-97f0-460d-8aaa-cbeddd8ef354,f073a15f-0486-4179-b0a3-dfd0294eb595,f073a15f-0486-4179-b0a3-dfd0294eb595,5d70a9af-8c2b-4aec-9e68-9acc6ddb93e4,5d70a9af-8c2b-4aec-9e68-9acc6ddb93e4,1,1394.164583343595,1384.8648042709865,0.49859230999242027
2021,2021-05-22 02:00:00+00:00,16d8aeca-0444-4033-afff-53d24e9c30cf,a015b02d-845c-40c1-8ef4-844984f47e4d,a015b02d-845c-40c1-8ef4-844984f47e4d,0699edf3-5993-4182-b9b4-ec935cbd4fcc,0699edf3-5993-4182-b9b4-ec935cbd4fcc,0,1593.2062284042133,1617.3105040637445,0.5383825668711084
2021,2021-05-22 02:00:00+00:00,16d8aeca-0444-4033-afff-53d24e9c30cf,0699edf3-5993-4182-b9b4-ec935cbd4fcc,0699edf3-5993-4182-b9b4-ec935cbd4fcc,a015b02d-845c-40c1-8ef4-844984f47e4d,a015b02d-845c-40c1-8ef4-844984f47e4d,1,1541.4827135966882,1517.378437937157,0.46161743312889164
2021,2021-05-22 02:30:00+00:00,feaa408c-0f28-49d6-9beb-10b21c4aa033,0a5ad38d-2fe3-43ba-894b-1ba3d5042ea9,0a5ad38d-2fe3-43ba-894b-1ba3d5042ea9,171b097d-01db-4ae8-9d56-035689402ec6,FR_LVA_ACES,0,1491.238995755668,1464.914252341051,0.3465191207628501
2021,2021-05-22 02:30:00+00:00,feaa408c-0f28-49d6-9beb-10b21c4aa033,171b097d-01db-4ae8-9d56-035689402ec6,FR_LVA_ACES,0a5ad38d-2fe3-43ba-894b-1ba3d5042ea9,0a5ad38d-2fe3-43ba-894b-1ba3d5042ea9,1,1576.4412681272668,1602.7660115418837,0.6534808792371499
2021,2021-05-23 00:00:00+00:00,da39259b-7ba8-49d0-bb78-8cba1e0e6196,d6a012ed-84aa-48d3-8265-2d3f3ff2199a,d6a012ed-84aa-48d3-8265-2d3f3ff2199a,5f0b5caf-708b-4300-92f2-53b51d83ec06,5f0b5caf-708b-4300-92f2-53b51d83ec06,0,1637.0417624253637,1642.1478725654094,0.6528553359137297
2021,2021-05-23 00:00:00+00:00,da39259b-7ba8-49d0-bb78-8cba1e0e6196,5f0b5caf-708b-4300-92f2-53b51d83ec06,5f0b5caf-708b-4300-92f2-53b51d83ec06,d6a012ed-84aa-48d3-8265-2d3f3ff2199a,d6a012ed-84aa-48d3-8265-2d3f3ff2199a,1,1502.3191768755237,1497.213066735478,0.3471446640862703
2021,2021-05-23 17:00:00+00:00,9c67f291-aafa-4f35-9b9e-2c1f1edca89a,08ed8274-e29f-4248-bc2e-83cc8ed18d75,08ed8274-e29f-4248-bc2e-83cc8ed18d75,3c409388-ab73-4c7f-953d-3a71062240f6,3c409388-ab73-4c7f-953d-3a71062240f6,0,1391.2683812709072,1410.1879301225165,0.2623506160205634
2021,2021-05-23 17:00:00+00:00,9c67f291-aafa-4f35-9b9e-2c1f1edca89a,3c409388-ab73-4c7f-953d-3a71062240f6,3c409388-ab73-4c7f-953d-3a71062240f6,08ed8274-e29f-4248-bc2e-83cc8ed18d75,08ed8274-e29f-4248-bc2e-83cc8ed18d75,1,1545.855539579137,1526.9359907275277,0.7376493839794366
2021,2021-05-23 17:00:00+00:00,bfd848a3-380a-4098-b661-519181194939,5c0d47fe-8539-47b0-9f36-d0b3609ca89b,5c0d47fe-8539-47b0-9f36-d0b3609ca89b,f073a15f-0486-4179-b0a3-dfd0294eb595,f073a15f-0486-4179-b0a3-dfd0294eb595,0,1482.4649336142957,1459.669479827429,0.6029854025389851
2021,2021-05-23 17:00:00+00:00,bfd848a3-380a-4098-b661-519181194939,f073a15f-0486-4179-b0a3-dfd0294eb595,f073a15f-0486-4179-b0a3-dfd0294eb595,5c0d47fe-8539-47b0-9f36-d0b3609ca89b,5c0d47fe-8539-47b0-9f36-d0b3609ca89b,1,1384.8648042709865,1407.660258057853,0.3970145974610148
2021,2021-05-23 22:00:00+00:00,01071dea-86e7-4a0e-a4ca-cccd0993e8d0,a015b02d-845c-40c1-8ef4-844984f47e4d,a015b02d-845c-40c1-8ef4-844984f47e4d,171b097d-01db-4ae8-9d56-035689402ec6,FR_LVA_ACES,0,1617.3105040637445,1630.931033605873,0.48495785571566563
2021,2021-05-23 22:00:00+00:00,01071dea-86e7-4a0e-a4ca-cccd0993e8d0,171b097d-01db-4ae8-9d56-035689402ec6,FR_LVA_ACES,a015b02d-845c-40c1-8ef4-844984f47e4d,a015b02d-845c-40c1-8ef4-844984f47e4d,1,1602.7660115418837,1589.1454819997552,0.5150421442843344
2021,2021-05-24 23:00:00+00:00,1f5ba118-b452-47fc-a84a-82baad94f119,5f0b5caf-708b-4300-92f2-53b51d83ec06,5f0b5caf-708b-4300-92f2-53b51d83ec06,08ed8274-e29f-4248-bc2e-83cc8ed18d75,08ed8274-e29f-4248-bc2e-83cc8ed18d75,0,1497.213066735478,1482.2660711443689,0.5883250179713487
2021,2021-05-24 23:00:00+00:00,1f5ba118-b452-47fc-a84a-82baad94f119,08ed8274-e29f-4248-bc2e-83cc8ed18d75,08ed8274-e29f-4248-bc2e-83cc8ed18d75,5f0b5caf-708b-4300-92f2-53b51d83ec06,5f0b5caf-708b-4300-92f2-53b51d83ec06,1,1410.1879301225165,1425.1349257136255,0.41167498202865127
2021,2021-05-25 23:00:00+00:00,08ab8292-e274-4e40-a046-0265ded4a58b,5c0d47fe-8539-47b0-9f36-d0b3609ca89b,5c0d47fe-8539-47b0-9f36-d0b3609ca89b,f073a15f-0486-4179-b0a3-dfd0294eb595,f073a15f-0486-4179-b0a3-dfd0294eb595,0,1459.669479827429,1482.5431481509413,0.5387912833975179
2021,2021-05-25 23:00:00+00:00,08ab8292-e274-4e40-a046-0265ded4a58b,f073a15f-0486-4179-b0a3-dfd0294eb595,f073a15f-0486-4179-b0a3-dfd0294eb595,5c0d47fe-8539-47b0-9f36-d0b3609ca89b,5c0d47fe-8539-47b0-9f36-d0b3609ca89b,1,1407.660258057853,1384.7865897343409,0.46120871660248214
2021,2021-05-26 00:00:00+00:00,55c27197-44d7-4ce1-9f0d-d2e5c79e00c4,5d70a9af-8c2b-4aec-9e68-9acc6ddb93e4,5d70a9af-8c2b-4aec-9e68-9acc6ddb93e4,3c409388-ab73-4c7f-953d-3a71062240f6,3c409388-ab73-4c7f-953d-3a71062240f6,0,1429.4425282046775,1445.6981968028877,0.3306760336005584
2021,2021-05-26 00:00:00+00:00,55c27197-44d7-4ce1-9f0d-d2e5c79e00c4,3c409388-ab73-4c7f-953d-3a71062240f6,3c409388-ab73-4c7f-953d-3a71062240f6,5d70a9af-8c2b-4aec-9e68-9acc6ddb93e4,5d70a9af-8c2b-4aec-9e68-9acc6ddb93e4,1,1526.9359907275277,1510.6803221293176,0.6693239663994416
2021,2021-05-26 02:00:00+00:00,92fc011c-0ad7-4302-a998-80ad106b7cce,a015b02d-845c-40c1-8ef4-844984f47e4d,a015b02d-845c-40c1-8ef4-844984f47e4d,d6a012ed-84aa-48d3-8265-2d3f3ff2199a,d6a012ed-84aa-48d3-8265-2d3f3ff2199a,0,1630.931033605873,1623.9638142504527,0.4480677427833114
2021,2021-05-26 02:00:00+00:00,92fc011c-0ad7-4302-a998-80ad106b7cce,d6a012ed-84aa-48d3-8265-2d3f3ff2199a,d6a012ed-84aa-48d3-8265-2d3f3ff2199a,a015b02d-845c-40c1-8ef4-844984f47e4d,a015b02d-845c-40c1-8ef4-844984f47e4d,1,1642.1478725654094,1649.1150919208296,0.5519322572166886
2021,2021-05-27 02:00:00+00:00,e61f629c-e191-4e75-8c8f-0f823e2e5c4a,171b097d-01db-4ae8-9d56-035689402ec6,FR_LVA_ACES,0699edf3-5993-4182-b9b4-ec935cbd4fcc,0699edf3-5993-4182-b9b4-ec935cbd4fcc,0,1589.1454819997552,1599.1650235248844,0.5668996251198581
2021,2021-05-27 02:00:00+00:00,e61f629c-e191-4e75-8c8f-0f823e2e5c4a,0699edf3-5993-4182-b9b4-ec935cbd4fcc,0699edf3-5993-4182-b9b4-ec935cbd4fcc,171b097d-01db-4ae8-9d56-035689402ec6,FR_LVA_ACES,1,1517.378437937157,1507.358896412028,0.43310037488014186
2021,2021-05-27 23:00:00+00:00,19f22577-6211-4df8-be6f-a2a1c60c3f70,5f0b5caf-708b-4300-92f2-53b51d83ec06,5f0b5caf-708b-4300-92f2-53b51d83ec06,5d70a9af-8c2b-4aec-9e68-9acc6ddb93e4,5d70a9af-8c2b-4aec-9e68-9acc6ddb93e4,0,1482.2660711443689,1469.9803740120608,0.5166413605336363
2021,2021-05-27 23:00:00+00:00,19f22577-6211-4df8-be6f-a2a1c60c3f70,5d70a9af-8c2b-4aec-9e68-9acc6ddb93e4,5d70a9af-8c2b-4aec-9e68-9acc6ddb93e4,5f0b5caf-708b-4300-92f2-53b51d83ec06,5f0b5caf-708b-4300-92f2-53b51d83ec06,1,1445.6981968028877,1457.9838939351957,0.4833586394663637
2021,2021-05-28 23:00:00+00:00,900d7ece-9d6f-46a8-9af9-096d468d35b5,5c0d47fe-8539-47b0-9f36-d0b3609ca89b,5c0d47fe-8539-47b0-9f36-d0b3609ca89b,a015b02d-845c-40c1-8ef4-844984f47e4d,a015b02d-845c-40c1-8ef4-844984f47e4d,0,1482.5431481509413,1477.322854618367,0.27727993659914374
2021,2021-05-28 23:00:00+00:00,900d7ece-9d6f-46a8-9af9-096d468d35b5,a015b02d-845c-40c1-8ef4-844984f47e4d,a015b02d-845c-40c1-8ef4-844984f47e4d,5c0d47fe-8539-47b0-9f36-d0b3609ca89b,5c0d47fe-8539-47b0-9f36-d0b3609ca89b,1,1623.9638142504527,1629.184107783027,0.7227200634008563
2021,2021-05-29 00:00:00+00:00,5f60c4b4-50c3-4ab4-9626-dbc6d8caa304,0a5ad38d-2fe3-43ba-894b-1ba3d5042ea9,0a5ad38d-2fe3-43ba-894b-1ba3d5042ea9,3c409388-ab73-4c7f-953d-3a71062240f6,3c409388-ab73-4c7f-953d-3a71062240f6,0,1464.914252341051,1492.1918409945108,0.39954477401448163
2021,2021-05-29 00:00:00+00:00,5f60c4b4-50c3-4ab4-9626-dbc6d8caa304,3c409388-ab73-4c7f-953d-3a71062240f6,3c409388-ab73-4c7f-953d-3a71062240f6,0a5ad38d-2fe3-43ba-894b-1ba3d5042ea9,0a5ad38d-2fe3-43ba-894b-1ba3d5042ea9,1,1510.6803221293176,1483.4027334758578,0.6004552259855184
2021,2021-05-29 02:00:00+00:00,af319dea-7ffa-403e-8afc-405a595c6efd,6f017f37-be96-4bdc-b6d3-0a0429c72e89,6f017f37-be96-4bdc-b6d3-0a0429c72e89,d6a012ed-84aa-48d3-8265-2d3f3ff2199a,d6a012ed-84aa-48d3-8265-2d3f3ff2199a,0,1484.3736678752753,1476.8131469176183,0.25119681254084547
2021,2021-05-29 02:00:00+00:00,af319dea-7ffa-403e-8afc-405a595c6efd,d6a012ed-84aa-48d3-8265-2d3f3ff2199a,d6a012ed-84aa-48d3-8265-2d3f3ff2199a,6f017f37-be96-4bdc-b6d3-0a0429c72e89,6f017f37-be96-4bdc-b6d3-0a0429c72e89,1,1649.1150919208296,1656.6756128784866,0.7488031874591545
2021,2021-05-29 02:30:00+00:00,e43b64a9-f813-45cb-ae5c-e19f81818d68,f073a15f-0486-4179-b0a3-dfd0294eb595,f073a15f-0486-4179-b0a3-dfd0294eb595,171b097d-01db-4ae8-9d56-035689402ec6,FR_LVA_ACES,0,1384.7865897343409,1367.213140842654,0.2013347368199918
2021,2021-05-29 02:30:00+00:00,e43b64a9-f813-45cb-ae5c-e19f81818d68,171b097d-01db-4ae8-9d56-035689402ec6,FR_LVA_ACES,f073a15f-0486-4179-b0a3-dfd0294eb595,f073a15f-0486-4179-b0a3-dfd0294eb595,1,1599.1650235248844,1616.7384724165713,0.7986652631800082
2021,2021-05-29 18:00:00+00:00,5251e99a-9201-42ff-b578-b2d52f2371c6,5d70a9af-8c2b-4aec-9e68-9acc6ddb93e4,5d70a9af-8c2b-4aec-9e68-9acc6ddb93e4,08ed8274-e29f-4248-bc2e-83cc8ed18d75,08ed8274-e29f-4248-bc2e-83cc8ed18d75,0,1457.9838939351957,1465.7544031186208,0.5112936520536321
2021,2021-05-29 18:00:00+00:00,5251e99a-9201-42ff-b578-b2d52f2371c6,08ed8274-e29f-4248-bc2e-83cc8ed18d75,08ed8274-e29f-4248-bc2e-83cc8ed18d75,5d70a9af-8c2b-4aec-9e68-9acc6ddb93e4,5d70a9af-8c2b-4aec-9e68-9acc6ddb93e4,1,1425.1349257136255,1417.3644165302005,0.4887063479463679
2021,2021-05-30 00:00:00+00:00,03fe8f4c-af07-4ef3-9dd5-880b9542bdcd,0699edf3-5993-4182-b9b4-ec935cbd4fcc,0699edf3-5993-4182-b9b4-ec935cbd4fcc,5f0b5caf-708b-4300-92f2-53b51d83ec06,5f0b5caf-708b-4300-92f2-53b51d83ec06,0,1507.358896412028,1516.271579352456,0.5178065919589803
2021,2021-05-30 00:00:00+00:00,03fe8f4c-af07-4ef3-9dd5-880b9542bdcd,5f0b5caf-708b-4300-92f2-53b51d83ec06,5f0b5caf-708b-4300-92f2-53b51d83ec06,0699edf3-5993-4182-b9b4-ec935cbd4fcc,0699edf3-5993-4182-b9b4-ec935cbd4fcc,1,1469.9803740120608,1461.0676910716327,0.4821934080410197
2021,2021-05-30 22:00:00+00:00,343d953b-d0ce-47bc-896b-5ac834f6a46f,f073a15f-0486-4179-b0a3-dfd0294eb595,f073a15f-0486-4179-b0a3-dfd0294eb595,171b097d-01db-4ae8-9d56-035689402ec6,FR_LVA_ACES,0,1367.213140842654,1357.5060823571407,0.17075372949501244
2021,2021-05-30 22:00:00+00:00,343d953b-d0ce-47bc-896b-5ac834f6a46f,171b097d-01db-4ae8-9d56-035689402ec6,FR_LVA_ACES,f073a15f-0486-4179-b0a3-dfd0294eb595,f073a15f-0486-4179-b0a3-dfd0294eb595,1,1616.7384724165713,1626.4455309020846,0.8292462705049876
2021,2021-05-30 22:00:00+00:00,40f0142f-6cab-4f9b-b71b-c2aea2c783b5,0a5ad38d-2fe3-43ba-894b-1ba3d5042ea9,0a5ad38d-2fe3-43ba-894b-1ba3d5042ea9,3c409388-ab73-4c7f-953d-3a71062240f6,3c409388-ab73-4c7f-953d-3a71062240f6,0,1492.1918409945108,1500.457643126633,0.4766875652605711
2021,2021-05-30 22:00:00+00:00,40f0142f-6cab-4f9b-b71b-c2aea2c783b5,3c409388-ab73-4c7f-953d-3a71062240f6,3c409388-ab73-4c7f-953d-3a71062240f6,0a5ad38d-2fe3-43ba-894b-1ba3d5042ea9,0a5ad38d-2fe3-43ba-894b-1ba3d5042ea9,1,1483.4027334758578,1475.1369313437356,0.5233124347394289
2021,2021-05-30 23:00:00+00:00,d322498f-2a7e-48dc-9d99-8c4446a915ad,a015b02d-845c-40c1-8ef4-844984f47e4d,a015b02d-845c-40c1-8ef4-844984f47e4d,6f017f37-be96-4bdc-b6d3-0a0429c72e89,6f017f37-be96-4bdc-b6d3-0a0429c72e89,0,1629.184107783027,1616.105888997275,0.6755084540752165
2021,2021-05-30 23:00:00+00:00,d322498f-2a7e-48dc-9d99-8c4446a915ad,6f017f37-be96-4bdc-b6d3-0a0429c72e89,6f017f37-be96-4bdc-b6d3-0a0429c72e89,a015b02d-845c-40c1-8ef4-844984f47e4d,a015b02d-845c-40c1-8ef4-844984f47e4d,1,1476.8131469176183,1489.8913657033702,0.3244915459247834
2021,2021-06-01 23:00:00+00:00,4a898750-4b04-4ee5-8ec9-a0460ab23198,171b097d-01db-4ae8-9d56-035689402ec6,FR_LVA_ACES,a015b02d-845c-40c1-8ef4-844984f47e4d,a015b02d-845c-40c1-8ef4-844984f47e4d,0,1626.4455309020846,1613.8225221930336,0.47891456142681044
2021,2021-06-01 23:00:00+00:00,4a898750-4b04-4ee5-8ec9-a0460ab23198,a015b02d-845c-40c1-8ef4-844984f47e4d,a015b02d-845c-40c1-8ef4-844984f47e4d,171b097d-01db-4ae8-9d56-035689402ec6,FR_LVA_ACES,1,1616.105888997275,1628.728897706326,0.5210854385731896
2021,2021-06-02 00:00:00+00:00,10713831-74ec-4f54-a221-b4d0dd858808,0a5ad38d-2fe3-43ba-894b-1ba3d5042ea9,0a5ad38d-2fe3-43ba-894b-1ba3d5042ea9,5f0b5caf-708b-4300-92f2-53b51d83ec06,5f0b5caf-708b-4300-92f2-53b51d83ec06,0,1500.457643126633,1482.6122502294081,0.5206969723782677
2021,2021-06-02 00:00:00+00:00,10713831-74ec-4f54-a221-b4d0dd858808,5f0b5caf-708b-4300-92f2-53b51d83ec06,5f0b5caf-708b-4300-92f2-53b51d83ec06,0a5ad38d-2fe3-43ba-894b-1ba3d5042ea9,0a5ad38d-2fe3-43ba-894b-1ba3d5042ea9,1,1461.0676910716327,1478.9130839688576,0.47930302762173227
2021,2021-06-02 00:30:00+00:00,f9fa75c3-cafa-4f8e-afad-80e767af3dab,0699edf3-5993-4182-b9b4-ec935cbd4fcc,0699edf3-5993-4182-b9b4-ec935cbd4fcc,3c409388-ab73-4c7f-953d-3a71062240f6,3c409388-ab73-4c7f-953d-3a71062240f6,0,1516.271579352456,1521.292604598781,0.5232029475326073
2021,2021-06-02 00:30:00+00:00,f9fa75c3-cafa-4f8e-afad-80e767af3dab,3c409388-ab73-4c7f-953d-3a71062240f6,3c409388-ab73-4c7f-953d-3a71062240f6,0699edf3-5993-4182-b9b4-ec935cbd4fcc,0699edf3-5993-4182-b9b4-ec935cbd4fcc,1,1475.1369313437356,1470.1159060974105,0.4767970524673927
2021,2021-06-02 02:30:00+00:00,a2575b34-1625-4805-99b5-2740a345e51e,f073a15f-0486-4179-b0a3-dfd0294eb595,f073a15f-0486-4179-b0a3-dfd0294eb595,d6a012ed-84aa-48d3-8265-2d3f3ff2199a,d6a012ed-84aa-48d3-8265-2d3f3ff2199a,0,1357.5060823571407,1352.3987366875338,0.13399713224892484
2021,2021-06-02 02:30:00+00:00,a2575b34-1625-4805-99b5-2740a345e51e,d6a012ed-84aa-48d3-8265-2d3f3ff2199a,d6a012ed-84aa-48d3-8265-2d3f3ff2199a,f073a15f-0486-4179-b0a3-dfd0294eb595,f073a15f-0486-4179-b0a3-dfd0294eb595,1,1656.6756128784866,1661.7829585480936,0.8660028677510752
2021,2021-06-03 23:00:00+00:00,2092a8d9-d755-4c2f-b243-09fe1707b630,171b097d-01db-4ae8-9d56-035689402ec6,FR_LVA_ACES,08ed8274-e29f-4248-bc2e-83cc8ed18d75,08ed8274-e29f-4248-bc2e-83cc8ed18d75,0,1613.8225221930336,1623.3728066328968,0.7284934154314171
2021,2021-06-03 23:00:00+00:00,2092a8d9-d755-4c2f-b243-09fe1707b630,08ed8274-e29f-4248-bc2e-83cc8ed18d75,08ed8274-e29f-4248-bc2e-83cc8ed18d75,171b097d-01db-4ae8-9d56-035689402ec6,FR_LVA_ACES,1,1417.3644165302005,1407.8141320903374,0.2715065845685829
2021,2021-06-04 02:00:00+00:00,e87671ca-95ee-4c66-a516-39005e0dfa1d,3c409388-ab73-4c7f-953d-3a71062240f6,3c409388-ab73-4c7f-953d-3a71062240f6,0699edf3-5993-4182-b9b4-ec935cbd4fcc,0699edf3-5993-4182-b9b4-ec935cbd4fcc,0,1470.1159060974105,1464.2027202739694,0.39209646264781217
2021,2021-06-04 02:00:00+00:00,e87671ca-95ee-4c66-a516-39005e0dfa1d,0699edf3-5993-4182-b9b4-ec935cbd4fcc,0699edf3-5993-4182-b9b4-ec935cbd4fcc,3c409388-ab73-4c7f-953d-3a71062240f6,3c409388-ab73-4c7f-953d-3a71062240f6,1,1521.292604598781,1527.2057904222222,0.6079035373521878
2021,2021-06-04 02:30:00+00:00,bafde111-4c06-41e9-8c54-b652c7ada60e,f073a15f-0486-4179-b0a3-dfd0294eb595,f073a15f-0486-4179-b0a3-dfd0294eb595,0a5ad38d-2fe3-43ba-894b-1ba3d5042ea9,0a5ad38d-2fe3-43ba-894b-1ba3d5042ea9,0,1352.3987366875338,1326.2226498514465,0.29039203384512224
2021,2021-06-04 02:30:00+00:00,bafde111-4c06-41e9-8c54-b652c7ada60e,0a5ad38d-2fe3-43ba-894b-1ba3d5042ea9,0a5ad38d-2fe3-43ba-894b-1ba3d5042ea9,f073a15f-0486-4179-b0a3-dfd0294eb595,f073a15f-0486-4179-b0a3-dfd0294eb595,1,1482.6122502294081,1508.7883370654954,0.7096079661548778
2021,2021-06-05 00:00:00+00:00,e89a88a8-89d0-45a4-a748-7b8c0fc93ab6,5d70a9af-8c2b-4aec-9e68-9acc6ddb93e4,5d70a9af-8c2b-4aec-9e68-9acc6ddb93e4,6f017f37-be96-4bdc-b6d3-0a0429c72e89,6f017f37-be96-4bdc-b6d3-0a0429c72e89,0,1465.7544031186208,1460.2410769187131,0.429753951185216
2021,2021-06-05 00:00:00+00:00,e89a88a8-89d0-45a4-a748-7b8c0fc93ab6,6f017f37-be96-4bdc-b6d3-0a0429c72e89,6f017f37-be96-4bdc-b6d3-0a0429c72e89,5d70a9af-8c2b-4aec-9e68-9acc6ddb93e4,5d70a9af-8c2b-4aec-9e68-9acc6ddb93e4,1,1489.8913657033702,1495.4046919032778,0.570246048814784
2021,2021-06-05 02:00:00+00:00,8d92e2c9-8efc-4f73-8822-676d1f635b54,5f0b5caf-708b-4300-92f2-53b51d83ec06,5f0b5caf-708b-4300-92f2-53b51d83ec06,d6a012ed-84aa-48d3-8265-2d3f3ff2199a,d6a012ed-84aa-48d3-8265-2d3f3ff2199a,0,1478.9130839688576,1475.7292405863159,0.23208146763929893
2021,2021-06-05 02:00:00+00:00,8d92e2c9-8efc-4f73-8822-676d1f635b54,d6a012ed-84aa-48d3-8265-2d3f3ff2199a,d6a012ed-84aa-48d3-8265-2d3f3ff2199a,5f0b5caf-708b-4300-92f2-53b51d83ec06,5f0b5caf-708b-4300-92f2-53b51d83ec06,1,1661.7829585480936,1664.9668019306353,0.7679185323607011
2021,2021-06-05 17:00:00+00:00,beed162c-10c7-4626-a251-34531b543abc,171b097d-01db-4ae8-9d56-035689402ec6,FR_LVA_ACES,5c0d47fe-8539-47b0-9f36-d0b3609ca89b,5c0d47fe-8539-47b0-9f36-d0b3609ca89b,0,1623.3728066328968,1628.2233630056282,0.6674822458961331
2021,2021-06-05 17:00:00+00:00,beed162c-10c7-4626-a251-34531b543abc,5c0d47fe-8539-47b0-9f36-d0b3609ca89b,5c0d47fe-8539-47b0-9f36-d0b3609ca89b,171b097d-01db-4ae8-9d56-035689402ec6,FR_LVA_ACES,1,1477.322854618367,1472.4722982456356,0.3325177541038669
2021,2021-06-05 19:00:00+00:00,6657b06c-e5af-4ab1-adbe-57c20a9cb728,3c409388-ab73-4c7f-953d-3a71062240f6,3c409388-ab73-4c7f-953d-3a71062240f6,0a5ad38d-2fe3-43ba-894b-1ba3d5042ea9,0a5ad38d-2fe3-43ba-894b-1ba3d5042ea9,0,1464.2027202739694,1456.0956072082329,0.40117611732182246
2021,2021-06-05 19:00:00+00:00,6657b06c-e5af-4ab1-adbe-57c20a9cb728,0a5ad38d-2fe3-43ba-894b-1ba3d5042ea9,0a5ad38d-2fe3-43ba-894b-1ba3d5042ea9,3c409388-ab73-4c7f-953d-3a71062240f6,3c409388-ab73-4c7f-953d-3a71062240f6,1,1508.7883370654954,1516.8954501312319,0.5988238826781775
2021,2021-06-05 23:00:00+00:00,8ccde6d8-ca24-4a06-af54-4b76b217dfd5,08ed8274-e29f-4248-bc2e-83cc8ed18d75,08ed8274-e29f-4248-bc2e-83cc8ed18d75,a015b02d-845c-40c1-8ef4-844984f47e4d,a015b02d-845c-40c1-8ef4-844984f47e4d,0,1407.8141320903374,1397.3668833867807,0.19535241994641162
2021,2021-06-05 23:00:00+00:00,8ccde6d8-ca24-4a06-af54-4b76b217dfd5,a015b02d-845c-40c1-8ef4-844984f47e4d,a015b02d-845c-40c1-8ef4-844984f47e4d,08ed8274-e29f-4248-bc2e-83cc8ed18d75,08ed8274-e29f-4248-bc2e-83cc8ed18d75,1,1628.728897706326,1639.1761464098827,0.8046475800535884
2021,2021-06-06 23:00:00+00:00,796872bf-b8e4-4d53-8085-4bb4ec66f6db,5d70a9af-8c2b-4aec-9e68-9acc6ddb93e4,5d70a9af-8c2b-4aec-9e68-9acc6ddb93e4,6f017f37-be96-4bdc-b6d3-0a0429c72e89,6f017f37-be96-4bdc-b6d3-0a0429c72e89,0,1460.2410769187131,1435.9991337561034,0.4142727637588065
2021,2021-06-06 23:00:00+00:00,796872bf-b8e4-4d53-8085-4bb4ec66f6db,6f017f37-be96-4bdc-b6d3-0a0429c72e89,6f017f37-be96-4bdc-b6d3-0a0429c72e89,5d70a9af-8c2b-4aec-9e68-9acc6ddb93e4,5d70a9af-8c2b-4aec-9e68-9acc6ddb93e4,1,1495.4046919032778,1519.6466350658875,0.5857272362411935
2021,2021-06-06 23:00:00+00:00,85cde37d-ed09-42ea-aa36-663158871c60,5f0b5caf-708b-4300-92f2-53b51d83ec06,5f0b5caf-708b-4300-92f2-53b51d83ec06,d6a012ed-84aa-48d3-8265-2d3f3ff2199a,d6a012ed-84aa-48d3-8265-2d3f3ff2199a,0,1475.7292405863159,1482.7808011475029,0.22561301201617578
2021,2021-06-06 23:00:00+00:00,85cde37d-ed09-42ea-aa36-663158871c60,d6a012ed-84aa-48d3-8265-2d3f3ff2199a,d6a012ed-84aa-48d3-8265-2d3f3ff2199a,5f0b5caf-708b-4300-92f2-53b51d83ec06,5f0b5caf-708b-4300-92f2-53b51d83ec06,1,1664.9668019306353,1657.9152413694483,0.7743869879838242
2021,2021-06-08 23:00:00+00:00,84beb1d7-2c2b-450b-8391-900a28551177,6f017f37-be96-4bdc-b6d3-0a0429c72e89,6f017f37-be96-4bdc-b6d3-0a0429c72e89,5c0d47fe-8539-47b0-9f36-d0b3609ca89b,5c0d47fe-8539-47b0-9f36-d0b3609ca89b,0,1519.6466350658875,1509.8914803558177,0.5318681774512264
2021,2021-06-08 23:00:00+00:00,84beb1d7-2c2b-450b-8391-900a28551177,5c0d47fe-8539-47b0-9f36-d0b3609ca89b,5c0d47fe-8539-47b0-9f36-d0b3609ca89b,6f017f37-be96-4bdc-b6d3-0a0429c72e89,6f017f37-be96-4bdc-b6d3-0a0429c72e89,1,1472.4722982456356,1482.2274529557053,0.4681318225487736
2021,2021-06-09 02:00:00+00:00,19688148-0f1d-45cd-832c-80619a136397,5f0b5caf-708b-4300-92f2-53b51d83ec06,5f0b5caf-708b-4300-92f2-53b51d83ec06,0699edf3-5993-4182-b9b4-ec935cbd4fcc,0699edf3-5993-4182-b9b4-ec935cbd4fcc,0,1482.7808011475029,1493.3667562705748,0.4013982689404989
2021,2021-06-09 02:00:00+00:00,19688148-0f1d-45cd-832c-80619a136397,0699edf3-5993-4182-b9b4-ec935cbd4fcc,0699edf3-5993-4182-b9b4-ec935cbd4fcc,5f0b5caf-708b-4300-92f2-53b51d83ec06,5f0b5caf-708b-4300-92f2-53b51d83ec06,1,1527.2057904222222,1516.6198352991503,0.5986017310595011
2021,2021-06-09 23:00:00+00:00,35eeda89-a0bc-4c96-9b32-44bf510eb024,d6a012ed-84aa-48d3-8265-2d3f3ff2199a,d6a012ed-84aa-48d3-8265-2d3f3ff2199a,5d70a9af-8c2b-4aec-9e68-9acc6ddb93e4,5d70a9af-8c2b-4aec-9e68-9acc6ddb93e4,0,1657.9152413694483,1673.0617670274173,0.7564916450122859
2021,2021-06-09 23:00:00+00:00,35eeda89-a0bc-4c96-9b32-44bf510eb024,5d70a9af-8c2b-4aec-9e68-9acc6ddb93e4,5d70a9af-8c2b-4aec-9e68-9acc6ddb93e4,d6a012ed-84aa-48d3-8265-2d3f3ff2199a,d6a012ed-84aa-48d3-8265-2d3f3ff2199a,1,1435.9991337561034,1420.8526080981344,0.2435083549877141
2021,2021-06-10 00:00:00+00:00,afc1e25c-e53b-4f63-bbf2-be04cd2ef227,f073a15f-0486-4179-b0a3-dfd0294eb595,f073a15f-0486-4179-b0a3-dfd0294eb595,3c409388-ab73-4c7f-953d-3a71062240f6,3c409388-ab73-4c7f-953d-3a71062240f6,0,1326.2226498514465,1313.1132148878842,0.2907961684189946
2021,2021-06-10 00:00:00+00:00,afc1e25c-e53b-4f63-bbf2-be04cd2ef227,3c409388-ab73-4c7f-953d-3a71062240f6,3c409388-ab73-4c7f-953d-3a71062240f6,f073a15f-0486-4179-b0a3-dfd0294eb595,f073a15f-0486-4179-b0a3-dfd0294eb595,1,1456.0956072082329,1469.2050421717952,0.7092038315810054
2021,2021-06-10 23:00:00+00:00,412c1595-5655-44ac-bd75-037aa5d24970,0a5ad38d-2fe3-43ba-894b-1ba3d5042ea9,0a5ad38d-2fe3-43ba-894b-1ba3d5042ea9,5c0d47fe-8539-47b0-9f36-d0b3609ca89b,5c0d47fe-8539-47b0-9f36-d0b3609ca89b,0,1516.8954501312319,1488.3373821148166,0.5139097763062912
2021,2021-06-10 23:00:00+00:00,412c1595-5655-44ac-bd75-037aa5d24970,5c0d47fe-8539-47b0-9f36-d0b3609ca89b,5c0d47fe-8539-47b0-9f36-d0b3609ca89b,0a5ad38d-2fe3-43ba-894b-1ba3d5042ea9,0a5ad38d-2fe3-43ba-894b-1ba3d5042ea9,1,1482.2274529557053,1510.7855209721206,0.48609022369370886
2021,2021-06-12 00:00:00+00:00,42342a81-debf-4c99-94f1-f323bd1a2249,d6a012ed-84aa-48d3-8265-2d3f3ff2199a,d6a012ed-84aa-48d3-8265-2d3f3ff2199a,5d70a9af-8c2b-4aec-9e68-9acc6ddb93e4,5d70a9af-8c2b-4aec-9e68-9acc6ddb93e4,0,1673.0617670274173,1679.785457365985,0.787165065358502
2021,2021-06-12 00:00:00+00:00,42342a81-debf-4c99-94f1-f323bd1a2249,5d70a9af-8c2b-4aec-9e68-9acc6ddb93e4,5d70a9af-8c2b-4aec-9e68-9acc6ddb93e4,d6a012ed-84aa-48d3-8265-2d3f3ff2199a,d6a012ed-84aa-48d3-8265-2d3f3ff2199a,1,1420.8526080981344,1414.1289177595668,0.21283493464149802
2021,2021-06-12 02:00:00+00:00,377a66e8-adc0-4b1e-a0d7-698f2b2e8460,5f0b5caf-708b-4300-92f2-53b51d83ec06,5f0b5caf-708b-4300-92f2-53b51d83ec06,0699edf3-5993-4182-b9b4-ec935cbd4fcc,0699edf3-5993-4182-b9b4-ec935cbd4fcc,0,1493.3667562705748,1524.0463747379943,0.4310012980178669
2021,2021-06-12 02:00:00+00:00,377a66e8-adc0-4b1e-a0d7-698f2b2e8460,0699edf3-5993-4182-b9b4-ec935cbd4fcc,0699edf3-5993-4182-b9b4-ec935cbd4fcc,5f0b5caf-708b-4300-92f2-53b51d83ec06,5f0b5caf-708b-4300-92f2-53b51d83ec06,1,1516.6198352991503,1485.9402168317308,0.5689987019821331
2021,2021-06-12 17:00:00+00:00,6ee58313-0be5-49f2-a32c-3c881e492d50,3c409388-ab73-4c7f-953d-3a71062240f6,3c409388-ab73-4c7f-953d-3a71062240f6,f073a15f-0486-4179-b0a3-dfd0294eb595,f073a15f-0486-4179-b0a3-dfd0294eb595,0,1469.2050421717952,1474.6082558524135,0.680185674769828
2021,2021-06-12 17:00:00+00:00,6ee58313-0be5-49f2-a32c-3c881e492d50,f073a15f-0486-4179-b0a3-dfd0294eb595,f073a15f-0486-4179-b0a3-dfd0294eb595,3c409388-ab73-4c7f-953d-3a71062240f6,3c409388-ab73-4c7f-953d-3a71062240f6,1,1313.1132148878842,1307.7100012072658,0.31981432523017195
2021,2021-06-13 00:00:00+00:00,c0d1f87a-6f5d-4e59-abbb-67a9520cc2fe,0a5ad38d-2fe3-43ba-894b-1ba3d5042ea9,0a5ad38d-2fe3-43ba-894b-1ba3d5042ea9,6f017f37-be96-4bdc-b6d3-0a0429c72e89,6f017f37-be96-4bdc-b6d3-0a0429c72e89,0,1488.3373821148166,1467.166839921507,0.4334013669903082
2021,2021-06-13 00:00:00+00:00,c0d1f87a-6f5d-4e59-abbb-67a9520cc2fe,6f017f37-be96-4bdc-b6d3-0a0429c72e89,6f017f37-be96-4bdc-b6d3-0a0429c72e89,0a5ad38d-2fe3-43ba-894b-1ba3d5042ea9,0a5ad38d-2fe3-43ba-894b-1ba3d5042ea9,1,1509.8914803558177,1531.0620225491273,0.5665986330096918
2021,2021-06-13 18:00:00+00:00,5a6a7a85-1816-45af-aeac-a0018f1068e1,d6a012ed-84aa-48d3-8265-2d3f3ff2199a,d6a012ed-84aa-48d3-8265-2d3f3ff2199a,a015b02d-845c-40c1-8ef4-844984f47e4d,a015b02d-845c-40c1-8ef4-844984f47e4d,0,1679.785457365985,1712.4873315493571,0.5224485024747227
2021,2021-06-13 18:00:00+00:00,5a6a7a85-1816-45af-aeac-a0018f1068e1,a015b02d-845c-40c1-8ef4-844984f47e4d,a015b02d-845c-40c1-8ef4-844984f47e4d,d6a012ed-84aa-48d3-8265-2d3f3ff2199a,d6a012ed-84aa-48d3-8265-2d3f3ff2199a,1,1639.1761464098827,1606.4742722265105,0.4775514975252773
2021,2021-06-13 19:30:00+00:00,58503ee4-10e0-4095-ac9b-1f306d2dd9ed,5c0d47fe-8539-47b0-9f36-d0b3609ca89b,5c0d47fe-8539-47b0-9f36-d0b3609ca89b,5d70a9af-8c2b-4aec-9e68-9acc6ddb93e4,5d70a9af-8c2b-4aec-9e68-9acc6ddb93e4,0,1510.7855209721206,1471.3305031830632,0.6016844398935755
2021,2021-06-13 19:30:00+00:00,58503ee4-10e0-4095-ac9b-1f306d2dd9ed,5d70a9af-8c2b-4aec-9e68-9acc6ddb93e4,5d70a9af-8c2b-4aec-9e68-9acc6ddb93e4,5c0d47fe-8539-47b0-9f36-d0b3609ca89b,5c0d47fe-8539-47b0-9f36-d0b3609ca89b,1,1414.1289177595668,1453.5839355486241,0.39831556010642455
2021,2021-06-13 22:00:00+00:00,9758e4ed-3d63-4b0c-93aa-c0dce6e640fe,5f0b5caf-708b-4300-92f2-53b51d83ec06,5f0b5caf-708b-4300-92f2-53b51d83ec06,171b097d-01db-4ae8-9d56-035689402ec6,FR_LVA_ACES,0,1524.0463747379943,1516.258713989219,0.3222168749143809
2021,2021-06-13 22:00:00+00:00,9758e4ed-3d63-4b0c-93aa-c0dce6e640fe,171b097d-01db-4ae8-9d56-035689402ec6,FR_LVA_ACES,5f0b5caf-708b-4300-92f2-53b51d83ec06,5f0b5caf-708b-4300-92f2-53b51d83ec06,1,1628.2233630056282,1636.0110237544036,0.6777831250856191
2021,2021-06-13 22:00:00+00:00,9f3c8560-a2d5-4621-afd0-f20a2abf3e78,08ed8274-e29f-4248-bc2e-83cc8ed18d75,08ed8274-e29f-4248-bc2e-83cc8ed18d75,0699edf3-5993-4182-b9b4-ec935cbd4fcc,0699edf3-5993-4182-b9b4-ec935cbd4fcc,0,1397.3668833867807,1405.4077896279732,0.3421380803667331
2021,2021-06-13 22:00:00+00:00,9f3c8560-a2d5-4621-afd0-f20a2abf3e78,0699edf3-5993-4182-b9b4-ec935cbd4fcc,0699edf3-5993-4182-b9b4-ec935cbd4fcc,08ed8274-e29f-4248-bc2e-83cc8ed18d75,08ed8274-e29f-4248-bc2e-83cc8ed18d75,1,1485.9402168317308,1477.8993105905383,0.6578619196332669
2021,2021-06-15 23:00:00+00:00,e7397ed4-631a-48ea-bc95-d6a30b1de4d4,d6a012ed-84aa-48d3-8265-2d3f3ff2199a,d6a012ed-84aa-48d3-8265-2d3f3ff2199a,f073a15f-0486-4179-b0a3-dfd0294eb595,f073a15f-0486-4179-b0a3-dfd0294eb595,0,1712.4873315493571,1716.6187324513792,0.8990010470099448
2021,2021-06-15 23:00:00+00:00,e7397ed4-631a-48ea-bc95-d6a30b1de4d4,f073a15f-0486-4179-b0a3-dfd0294eb595,f073a15f-0486-4179-b0a3-dfd0294eb595,d6a012ed-84aa-48d3-8265-2d3f3ff2199a,d6a012ed-84aa-48d3-8265-2d3f3ff2199a,1,1307.7100012072658,1303.5786003052438,0.10099895299005524
2021,2021-06-16 01:00:00+00:00,a07ca7a3-c8e4-4171-8c30-90ae6229e150,3c409388-ab73-4c7f-953d-3a71062240f6,3c409388-ab73-4c7f-953d-3a71062240f6,6f017f37-be96-4bdc-b6d3-0a0429c72e89,6f017f37-be96-4bdc-b6d3-0a0429c72e89,0,1474.6082558524135,1503.8676998990659,0.3848800475678913
2021,2021-06-16 01:00:00+00:00,a07ca7a3-c8e4-4171-8c30-90ae6229e150,6f017f37-be96-4bdc-b6d3-0a0429c72e89,6f017f37-be96-4bdc-b6d3-0a0429c72e89,3c409388-ab73-4c7f-953d-3a71062240f6,3c409388-ab73-4c7f-953d-3a71062240f6,1,1531.0620225491273,1501.802578502475,0.6151199524321087
2021,2021-06-16 02:00:00+00:00,9a66680b-822c-445f-8e0b-168fad84b1ef,08ed8274-e29f-4248-bc2e-83cc8ed18d75,08ed8274-e29f-4248-bc2e-83cc8ed18d75,171b097d-01db-4ae8-9d56-035689402ec6,FR_LVA_ACES,0,1405.4077896279732,1395.0722647954005,0.18673439537178427
2021,2021-06-16 02:00:00+00:00,9a66680b-822c-445f-8e0b-168fad84b1ef,171b097d-01db-4ae8-9d56-035689402ec6,FR_LVA_ACES,08ed8274-e29f-4248-bc2e-83cc8ed18d75,08ed8274-e29f-4248-bc2e-83cc8ed18d75,1,1636.0110237544036,1646.3465485869763,0.8132656046282157
2021,2021-06-17 02:30:00+00:00,e70135f7-b822-4a3e-9068-e025c490fd2f,0699edf3-5993-4182-b9b4-ec935cbd4fcc,0699edf3-5993-4182-b9b4-ec935cbd4fcc,0a5ad38d-2fe3-43ba-894b-1ba3d5042ea9,0a5ad38d-2fe3-43ba-894b-1ba3d5042ea9,0,1477.8993105905383,1467.785862339224,0.47947890876397214
2021,2021-06-17 02:30:00+00:00,e70135f7-b822-4a3e-9068-e025c490fd2f,0a5ad38d-2fe3-43ba-894b-1ba3d5042ea9,0a5ad38d-2fe3-43ba-894b-1ba3d5042ea9,0699edf3-5993-4182-b9b4-ec935cbd4fcc,0699edf3-5993-4182-b9b4-ec935cbd4fcc,1,1467.166839921507,1477.2802881728214,0.5205210912360279
2021,2021-06-17 23:00:00+00:00,b397bf2b-2a9f-4ca3-b8ab-7cb40d1db344,5d70a9af-8c2b-4aec-9e68-9acc6ddb93e4,5d70a9af-8c2b-4aec-9e68-9acc6ddb93e4,5c0d47fe-8539-47b0-9f36-d0b3609ca89b,5c0d47fe-8539-47b0-9f36-d0b3609ca89b,0,1453.5839355486241,1446.7954235125992,0.4387912816958147
2021,2021-06-17 23:00:00+00:00,b397bf2b-2a9f-4ca3-b8ab-7cb40d1db344,5c0d47fe-8539-47b0-9f36-d0b3609ca89b,5c0d47fe-8539-47b0-9f36-d0b3609ca89b,5d70a9af-8c2b-4aec-9e68-9acc6ddb93e4,5d70a9af-8c2b-4aec-9e68-9acc6ddb93e4,1,1471.3305031830632,1478.1190152190882,0.5612087183041853
2021,2021-06-17 23:00:00+00:00,c131eee2-1f3b-4f91-84ff-93f33ac11a8d,d6a012ed-84aa-48d3-8265-2d3f3ff2199a,d6a012ed-84aa-48d3-8265-2d3f3ff2199a,f073a15f-0486-4179-b0a3-dfd0294eb595,f073a15f-0486-4179-b0a3-dfd0294eb595,0,1716.6187324513792,1719.1784952132057,0.9032385969389627
2021,2021-06-17 23:00:00+00:00,c131eee2-1f3b-4f91-84ff-93f33ac11a8d,f073a15f-0486-4179-b0a3-dfd0294eb595,f073a15f-0486-4179-b0a3-dfd0294eb595,d6a012ed-84aa-48d3-8265-2d3f3ff2199a,d6a012ed-84aa-48d3-8265-2d3f3ff2199a,1,1303.5786003052438,1301.0188375434172,0.09676140306103735
2021,2021-06-18 00:00:00+00:00,7e59c4ea-8511-40c6-ad3c-d067311f02d6,a015b02d-845c-40c1-8ef4-844984f47e4d,a015b02d-845c-40c1-8ef4-844984f47e4d,3c409388-ab73-4c7f-953d-3a71062240f6,3c409388-ab73-4c7f-953d-3a71062240f6,0,1606.4742722265105,1592.693147981429,0.6098637040610414
2021,2021-06-18 00:00:00+00:00,7e59c4ea-8511-40c6-ad3c-d067311f02d6,3c409388-ab73-4c7f-953d-3a71062240f6,3c409388-ab73-4c7f-953d-3a71062240f6,a015b02d-845c-40c1-8ef4-844984f47e4d,a015b02d-845c-40c1-8ef4-844984f47e4d,1,1503.8676998990659,1517.6488241441473,0.3901362959389586
2021,2021-06-18 00:00:00+00:00,a9ce6c2e-3ee0-44a1-8645-1365d3725767,6f017f37-be96-4bdc-b6d3-0a0429c72e89,6f017f37-be96-4bdc-b6d3-0a0429c72e89,5f0b5caf-708b-4300-92f2-53b51d83ec06,5f0b5caf-708b-4300-92f2-53b51d83ec06,0,1501.802578502475,1523.3829595561474,0.4434609048840028
2021,2021-06-18 00:00:00+00:00,a9ce6c2e-3ee0-44a1-8645-1365d3725767,5f0b5caf-708b-4300-92f2-53b51d83ec06,5f0b5caf-708b-4300-92f2-53b51d83ec06,6f017f37-be96-4bdc-b6d3-0a0429c72e89,6f017f37-be96-4bdc-b6d3-0a0429c72e89,1,1516.258713989219,1494.6783329355465,0.5565390951159972
2021,2021-06-18 02:00:00+00:00,bc8ffd94-6461-4e66-9bb8-a35cf08348d7,08ed8274-e29f-4248-bc2e-83cc8ed18d75,08ed8274-e29f-4248-bc2e-83cc8ed18d75,171b097d-01db-4ae8-9d56-035689402ec6,FR_LVA_ACES,0,1395.0722647954005,1383.9777395875826,0.16933288515569878
2021,2021-06-18 02:00:00+00:00,bc8ffd94-6461-4e66-9bb8-a35cf08348d7,171b097d-01db-4ae8-9d56-035689402ec6,FR_LVA_ACES,08ed8274-e29f-4248-bc2e-83cc8ed18d75,08ed8274-e29f-4248-bc2e-83cc8ed18d75,1,1646.3465485869763,1657.4410737947942,0.8306671148443012
2021,2021-06-19 02:30:00+00:00,e2ad6d33-5505-4c3e-88f7-888d2962231d,0699edf3-5993-4182-b9b4-ec935cbd4fcc,0699edf3-5993-4182-b9b4-ec935cbd4fcc,0a5ad38d-2fe3-43ba-894b-1ba3d5042ea9,0a5ad38d-2fe3-43ba-894b-1ba3d5042ea9,0,1467.785862339224,1492.0266397707255,0.45052099725935435
2021,2021-06-19 02:30:00+00:00,e2ad6d33-5505-4c3e-88f7-888d2962231d,0a5ad38d-2fe3-43ba-894b-1ba3d5042ea9,0a5ad38d-2fe3-43ba-894b-1ba3d5042ea9,0699edf3-5993-4182-b9b4-ec935cbd4fcc,0699edf3-5993-4182-b9b4-ec935cbd4fcc,1,1477.2802881728214,1453.0395107413199,0.5494790027406457
2021,2021-06-19 18:00:00+00:00,877d05c4-c09a-42ee-a71f-73c6651c9362,a015b02d-845c-40c1-8ef4-844984f47e4d,a015b02d-845c-40c1-8ef4-844984f47e4d,3c409388-ab73-4c7f-953d-3a71062240f6,3c409388-ab73-4c7f-953d-3a71062240f6,0,1592.693147981429,1573.642944157722,0.5715256003604665
2021,2021-06-19 18:00:00+00:00,877d05c4-c09a-42ee-a71f-73c6651c9362,3c409388-ab73-4c7f-953d-3a71062240f6,3c409388-ab73-4c7f-953d-3a71062240f6,a015b02d-845c-40c1-8ef4-844984f47e4d,a015b02d-845c-40c1-8ef4-844984f47e4d,1,1517.6488241441473,1536.6990279678544,0.42847439963953354
2021,2021-06-19 23:00:00+00:00,1c471ec0-ed95-4b30-852b-714308785ad8,f073a15f-0486-4179-b0a3-dfd0294eb595,f073a15f-0486-4179-b0a3-dfd0294eb595,5c0d47fe-8539-47b0-9f36-d0b3609ca89b,5c0d47fe-8539-47b0-9f36-d0b3609ca89b,0,1301.0188375434172,1296.647178168916,0.23805327579190005
2021,2021-06-19 23:00:00+00:00,1c471ec0-ed95-4b30-852b-714308785ad8,5c0d47fe-8539-47b0-9f36-d0b3609ca89b,5c0d47fe-8539-47b0-9f36-d0b3609ca89b,f073a15f-0486-4179-b0a3-dfd0294eb595,f073a15f-0486-4179-b0a3-dfd0294eb595,1,1478.1190152190882,1482.4906745935893,0.7619467242081
2021,2021-06-20 00:00:00+00:00,044708e4-4ade-4361-a774-f5e7a54d2add,6f017f37-be96-4bdc-b6d3-0a0429c72e89,6f017f37-be96-4bdc-b6d3-0a0429c72e89,5f0b5caf-708b-4300-92f2-53b51d83ec06,5f0b5caf-708b-4300-92f2-53b51d83ec06,0,1523.3829595561474,1495.1680338512235,0.5053311842288505
2021,2021-06-20 00:00:00+00:00,044708e4-4ade-4361-a774-f5e7a54d2add,5f0b5caf-708b-4300-92f2-53b51d83ec06,5f0b5caf-708b-4300-92f2-53b51d83ec06,6f017f37-be96-4bdc-b6d3-0a0429c72e89,6f017f37-be96-4bdc-b6d3-0a0429c72e89,1,1494.6783329355465,1522.8932586404703,0.4946688157711495
2021,2021-06-20 20:00:00+00:00,4bdbec54-2d6a-4f8d-a760-d90d6e4706ed,08ed8274-e29f-4248-bc2e-83cc8ed18d75,08ed8274-e29f-4248-bc2e-83cc8ed18d75,0a5ad38d-2fe3-43ba-894b-1ba3d5042ea9,0a5ad38d-2fe3-43ba-894b-1ba3d5042ea9,0,1383.9777395875826,1393.384341506647,0.3678472982062071
2021,2021-06-20 20:00:00+00:00,4bdbec54-2d6a-4f8d-a760-d90d6e4706ed,0a5ad38d-2fe3-43ba-894b-1ba3d5042ea9,0a5ad38d-2fe3-43ba-894b-1ba3d5042ea9,08ed8274-e29f-4248-bc2e-83cc8ed18d75,08ed8274-e29f-4248-bc2e-83cc8ed18d75,1,1453.0395107413199,1443.6329088222556,0.6321527017937929
2021,2021-06-22 23:00:00+00:00,932ea61f-485b-4878-9f59-e85aebffbc42,5f0b5caf-708b-4300-92f2-53b51d83ec06,5f0b5caf-708b-4300-92f2-53b51d83ec06,a015b02d-845c-40c1-8ef4-844984f47e4d,a015b02d-845c-40c1-8ef4-844984f47e4d,0,1522.8932586404703,1510.0580736316704,0.39268251897628637
2021,2021-06-22 23:00:00+00:00,932ea61f-485b-4878-9f59-e85aebffbc42,a015b02d-845c-40c1-8ef4-844984f47e4d,a015b02d-845c-40c1-8ef4-844984f47e4d,5f0b5caf-708b-4300-92f2-53b51d83ec06,5f0b5caf-708b-4300-92f2-53b51d83ec06,1,1573.642944157722,1586.478129166522,0.6073174810237136
2021,2021-06-22 23:00:00+00:00,bf26efee-685e-4b62-8c37-db82d9886257,3c409388-ab73-4c7f-953d-3a71062240f6,3c409388-ab73-4c7f-953d-3a71062240f6,08ed8274-e29f-4248-bc2e-83cc8ed18d75,08ed8274-e29f-4248-bc2e-83cc8ed18d75,0,1536.6990279678544,1555.5263180837878,0.6639783794969873
2021,2021-06-22 23:00:00+00:00,bf26efee-685e-4b62-8c37-db82d9886257,08ed8274-e29f-4248-bc2e-83cc8ed18d75,08ed8274-e29f-4248-bc2e-83cc8ed18d75,3c409388-ab73-4c7f-953d-3a71062240f6,3c409388-ab73-4c7f-953d-3a71062240f6,1,1393.384341506647,1374.5570513907135,0.3360216205030126
2021,2021-06-23 02:00:00+00:00,4ab7eec4-180b-4714-932b-02ef682012b0,5c0d47fe-8539-47b0-9f36-d0b3609ca89b,5c0d47fe-8539-47b0-9f36-d0b3609ca89b,d6a012ed-84aa-48d3-8265-2d3f3ff2199a,d6a012ed-84aa-48d3-8265-2d3f3ff2199a,0,1482.4906745935893,1495.1248650567331,0.18147349229187304
2021,2021-06-23 02:00:00+00:00,4ab7eec4-180b-4714-932b-02ef682012b0,d6a012ed-84aa-48d3-8265-2d3f3ff2199a,d6a012ed-84aa-48d3-8265-2d3f3ff2199a,5c0d47fe-8539-47b0-9f36-d0b3609ca89b,5c0d47fe-8539-47b0-9f36-d0b3609ca89b,1,1719.1784952132057,1706.5443047500619,0.818526507708127
2021,2021-06-23 23:00:00+00:00,5e721480-8310-45f9-970d-3ec811413604,6f017f37-be96-4bdc-b6d3-0a0429c72e89,6f017f37-be96-4bdc-b6d3-0a0429c72e89,5d70a9af-8c2b-4aec-9e68-9acc6ddb93e4,5d70a9af-8c2b-4aec-9e68-9acc6ddb93e4,0,1495.1680338512235,1501.2727507541108,0.5335852421195273
2021,2021-06-23 23:00:00+00:00,5e721480-8310-45f9-970d-3ec811413604,5d70a9af-8c2b-4aec-9e68-9acc6ddb93e4,5d70a9af-8c2b-4aec-9e68-9acc6ddb93e4,6f017f37-be96-4bdc-b6d3-0a0429c72e89,6f017f37-be96-4bdc-b6d3-0a0429c72e89,1,1446.7954235125992,1440.690706609712,0.46641475788047265
2021,2021-06-24 23:00:00+00:00,4683ea41-264a-4c6b-b27c-1ed5c780df8f,3c409388-ab73-4c7f-953d-3a71062240f6,3c409388-ab73-4c7f-953d-3a71062240f6,08ed8274-e29f-4248-bc2e-83cc8ed18d75,08ed8274-e29f-4248-bc2e-83cc8ed18d75,0,1555.5263180837878,1573.3714349599093,0.7105036243649305
2021,2021-06-24 23:00:00+00:00,4683ea41-264a-4c6b-b27c-1ed5c780df8f,08ed8274-e29f-4248-bc2e-83cc8ed18d75,08ed8274-e29f-4248-bc2e-83cc8ed18d75,3c409388-ab73-4c7f-953d-3a71062240f6,3c409388-ab73-4c7f-953d-3a71062240f6,1,1374.5570513907135,1356.711934514592,0.2894963756350694
2021,2021-06-24 23:00:00+00:00,b8c39903-5383-42a6-83a3-81c66792f93a,5f0b5caf-708b-4300-92f2-53b51d83ec06,5f0b5caf-708b-4300-92f2-53b51d83ec06,f073a15f-0486-4179-b0a3-dfd0294eb595,f073a15f-0486-4179-b0a3-dfd0294eb595,0,1510.0580736316704,1526.45099281807,0.7473597832197385
2021,2021-06-24 23:00:00+00:00,b8c39903-5383-42a6-83a3-81c66792f93a,f073a15f-0486-4179-b0a3-dfd0294eb595,f073a15f-0486-4179-b0a3-dfd0294eb595,5f0b5caf-708b-4300-92f2-53b51d83ec06,5f0b5caf-708b-4300-92f2-53b51d83ec06,1,1296.647178168916,1280.2542589825164,0.25264021678026155
2021,2021-06-25 02:30:00+00:00,455d5c10-fc9e-4846-a8ca-4a53bfe044d6,5c0d47fe-8539-47b0-9f36-d0b3609ca89b,5c0d47fe-8539-47b0-9f36-d0b3609ca89b,0a5ad38d-2fe3-43ba-894b-1ba3d5042ea9,0a5ad38d-2fe3-43ba-894b-1ba3d5042ea9,0,1495.1248650567331,1481.0746061548193,0.538051274139149
2021,2021-06-25 02:30:00+00:00,455d5c10-fc9e-4846-a8ca-4a53bfe044d6,0a5ad38d-2fe3-43ba-894b-1ba3d5042ea9,0a5ad38d-2fe3-43ba-894b-1ba3d5042ea9,5c0d47fe-8539-47b0-9f36-d0b3609ca89b,5c0d47fe-8539-47b0-9f36-d0b3609ca89b,1,1443.6329088222556,1457.6831677241694,0.46194872586085106
2021,2021-06-26 00:00:00+00:00,7a5d8f73-c31b-49d2-98b8-61bfa0c6a853,171b097d-01db-4ae8-9d56-035689402ec6,FR_LVA_ACES,6f017f37-be96-4bdc-b6d3-0a0429c72e89,6f017f37-be96-4bdc-b6d3-0a0429c72e89,0,1657.4410737947942,1650.873865966107,0.6802814567855788
2021,2021-06-26 00:00:00+00:00,7a5d8f73-c31b-49d2-98b8-61bfa0c6a853,6f017f37-be96-4bdc-b6d3-0a0429c72e89,6f017f37-be96-4bdc-b6d3-0a0429c72e89,171b097d-01db-4ae8-9d56-035689402ec6,FR_LVA_ACES,1,1501.2727507541108,1507.839958582798,0.31971854321442117
2021,2021-06-26 17:00:00+00:00,1aed8f05-6294-46d2-881f-291254ae9633,5c0d47fe-8539-47b0-9f36-d0b3609ca89b,5c0d47fe-8539-47b0-9f36-d0b3609ca89b,5f0b5caf-708b-4300-92f2-53b51d83ec06,5f0b5caf-708b-4300-92f2-53b51d83ec06,0,1481.0746061548193,1466.934287626761,0.40008305752167606
2021,2021-06-26 17:00:00+00:00,1aed8f05-6294-46d2-881f-291254ae9633,5f0b5caf-708b-4300-92f2-53b51d83ec06,5f0b5caf-708b-4300-92f2-53b51d83ec06,5c0d47fe-8539-47b0-9f36-d0b3609ca89b,5c0d47fe-8539-47b0-9f36-d0b3609ca89b,1,1526.45099281807,1540.5913113461284,0.599916942478324
2021,2021-06-26 23:00:00+00:00,56e62033-afd7-49a3-9e92-6aaeefb2a34a,08ed8274-e29f-4248-bc2e-83cc8ed18d75,08ed8274-e29f-4248-bc2e-83cc8ed18d75,5d70a9af-8c2b-4aec-9e68-9acc6ddb93e4,5d70a9af-8c2b-4aec-9e68-9acc6ddb93e4,0,1356.711934514592,1398.2847988996825,0.3481156900631467
2021,2021-06-26 23:00:00+00:00,56e62033-afd7-49a3-9e92-6aaeefb2a34a,5d70a9af-8c2b-4aec-9e68-9acc6ddb93e4,5d70a9af-8c2b-4aec-9e68-9acc6ddb93e4,08ed8274-e29f-4248-bc2e-83cc8ed18d75,08ed8274-e29f-4248-bc2e-83cc8ed18d75,1,1440.690706609712,1399.1178422246214,0.6518843099368533
2021,2021-06-27 18:00:00+00:00,3a09a1bb-0cb6-4cd9-bc5c-4abf5dfca729,3c409388-ab73-4c7f-953d-3a71062240f6,3c409388-ab73-4c7f-953d-3a71062240f6,a015b02d-845c-40c1-8ef4-844984f47e4d,a015b02d-845c-40c1-8ef4-844984f47e4d,0,1573.3714349599093,1551.4731473683112,0.4453789079747208
2021,2021-06-27 18:00:00+00:00,3a09a1bb-0cb6-4cd9-bc5c-4abf5dfca729,a015b02d-845c-40c1-8ef4-844984f47e4d,a015b02d-845c-40c1-8ef4-844984f47e4d,3c409388-ab73-4c7f-953d-3a71062240f6,3c409388-ab73-4c7f-953d-3a71062240f6,1,1586.478129166522,1608.37641675812,0.5546210920252792
2021,2021-06-27 20:00:00+00:00,995d7432-ed08-4889-9c20-517d95d1a3a0,d6a012ed-84aa-48d3-8265-2d3f3ff2199a,d6a012ed-84aa-48d3-8265-2d3f3ff2199a,171b097d-01db-4ae8-9d56-035689402ec6,FR_LVA_ACES,0,1706.5443047500619,1698.0483795511434,0.5440240126187358
2021,2021-06-27 20:00:00+00:00,995d7432-ed08-4889-9c20-517d95d1a3a0,171b097d-01db-4ae8-9d56-035689402ec6,FR_LVA_ACES,d6a012ed-84aa-48d3-8265-2d3f3ff2199a,d6a012ed-84aa-48d3-8265-2d3f3ff2199a,1,1650.873865966107,1659.3697911650254,0.4559759873812642
2021,2021-06-27 22:00:00+00:00,750e6734-c212-4d86-806d-017c69648671,0a5ad38d-2fe3-43ba-894b-1ba3d5042ea9,0a5ad38d-2fe3-43ba-894b-1ba3d5042ea9,0699edf3-5993-4182-b9b4-ec935cbd4fcc,0699edf3-5993-4182-b9b4-ec935cbd4fcc,0,1457.6831677241694,1444.9922636604776,0.4154188097540996
2021,2021-06-27 22:00:00+00:00,750e6734-c212-4d86-806d-017c69648671,0699edf3-5993-4182-b9b4-ec935cbd4fcc,0699edf3-5993-4182-b9b4-ec935cbd4fcc,0a5ad38d-2fe3-43ba-894b-1ba3d5042ea9,0a5ad38d-2fe3-43ba-894b-1ba3d5042ea9,1,1492.0266397707255,1504.7175438344173,0.5845811902459004
2021,2021-06-29 23:00:00+00:00,7da5ff41-b3f6-4cf0-9578-90d0afb60811,a015b02d-845c-40c1-8ef4-844984f47e4d,a015b02d-845c-40c1-8ef4-844984f47e4d,5c0d47fe-8539-47b0-9f36-d0b3609ca89b,5c0d47fe-8539-47b0-9f36-d0b3609ca89b,0,1608.37641675812,1626.5391043385448,0.6615691615253203
2021,2021-06-29 23:00:00+00:00,7da5ff41-b3f6-4cf0-9578-90d0afb60811,5c0d47fe-8539-47b0-9f36-d0b3609ca89b,5c0d47fe-8539-47b0-9f36-d0b3609ca89b,a015b02d-845c-40c1-8ef4-844984f47e4d,a015b02d-845c-40c1-8ef4-844984f47e4d,1,1466.934287626761,1448.7716000463363,0.33843083847467964
2021,2021-06-29 23:00:00+00:00,d834f51d-fae9-431e-971a-c32a820ce091,08ed8274-e29f-4248-bc2e-83cc8ed18d75,08ed8274-e29f-4248-bc2e-83cc8ed18d75,5d70a9af-8c2b-4aec-9e68-9acc6ddb93e4,5d70a9af-8c2b-4aec-9e68-9acc6ddb93e4,0,1398.2847988996825,1389.81911089886,0.4628916208255264
2021,2021-06-29 23:00:00+00:00,d834f51d-fae9-431e-971a-c32a820ce091,5d70a9af-8c2b-4aec-9e68-9acc6ddb93e4,5d70a9af-8c2b-4aec-9e68-9acc6ddb93e4,08ed8274-e29f-4248-bc2e-83cc8ed18d75,08ed8274-e29f-4248-bc2e-83cc8ed18d75,1,1399.1178422246214,1407.583530225444,0.5371083791744736
2021,2021-07-01 00:00:00+00:00,cec8ef2f-8220-4786-a60b-a45f8d9e48fb,3c409388-ab73-4c7f-953d-3a71062240f6,3c409388-ab73-4c7f-953d-3a71062240f6,5f0b5caf-708b-4300-92f2-53b51d83ec06,5f0b5caf-708b-4300-92f2-53b51d83ec06,0,1551.4731473683112,1569.308991712969,0.47969350447778003
2021,2021-07-01 00:00:00+00:00,cec8ef2f-8220-4786-a60b-a45f8d9e48fb,5f0b5caf-708b-4300-92f2-53b51d83ec06,5f0b5caf-708b-4300-92f2-53b51d83ec06,3c409388-ab73-4c7f-953d-3a71062240f6,3c409388-ab73-4c7f-953d-3a71062240f6,1,1540.5913113461284,1522.7554670014706,0.52030649552222
2021,2021-07-01 02:00:00+00:00,ce82ac82-7fb4-4188-a233-41f7b09b19fa,6f017f37-be96-4bdc-b6d3-0a0429c72e89,6f017f37-be96-4bdc-b6d3-0a0429c72e89,0699edf3-5993-4182-b9b4-ec935cbd4fcc,0699edf3-5993-4182-b9b4-ec935cbd4fcc,0,1507.839958582798,1520.3751939446065,0.46855717058208
2021,2021-07-01 02:00:00+00:00,ce82ac82-7fb4-4188-a233-41f7b09b19fa,0699edf3-5993-4182-b9b4-ec935cbd4fcc,0699edf3-5993-4182-b9b4-ec935cbd4fcc,6f017f37-be96-4bdc-b6d3-0a0429c72e89,6f017f37-be96-4bdc-b6d3-0a0429c72e89,1,1504.7175438344173,1492.1823084726088,0.53144282941792
2021,2021-07-01 02:30:00+00:00,15bb36c2-826c-4eab-b328-facd43ce384d,171b097d-01db-4ae8-9d56-035689402ec6,FR_LVA_ACES,0a5ad38d-2fe3-43ba-894b-1ba3d5042ea9,0a5ad38d-2fe3-43ba-894b-1ba3d5042ea9,0,1659.3697911650254,1675.1010310539734,0.7484089647118342
2021,2021-07-01 02:30:00+00:00,15bb36c2-826c-4eab-b328-facd43ce384d,0a5ad38d-2fe3-43ba-894b-1ba3d5042ea9,0a5ad38d-2fe3-43ba-894b-1ba3d5042ea9,171b097d-01db-4ae8-9d56-035689402ec6,FR_LVA_ACES,1,1444.9922636604776,1429.2610237715296,0.2515910352881659
2021,2021-07-01 23:00:00+00:00,04cfbc38-a5a4-44ca-856e-a91181822df4,a015b02d-845c-40c1-8ef4-844984f47e4d,a015b02d-845c-40c1-8ef4-844984f47e4d,f073a15f-0486-4179-b0a3-dfd0294eb595,f073a15f-0486-4179-b0a3-dfd0294eb595,0,1626.5391043385448,1629.1344799800245,0.8640641862178948
2021,2021-07-01 23:00:00+00:00,04cfbc38-a5a4-44ca-856e-a91181822df4,f073a15f-0486-4179-b0a3-dfd0294eb595,f073a15f-0486-4179-b0a3-dfd0294eb595,a015b02d-845c-40c1-8ef4-844984f47e4d,a015b02d-845c-40c1-8ef4-844984f47e4d,1,1280.2542589825164,1277.6588833410367,0.13593581378210523
2021,2021-07-03 00:00:00+00:00,85c9362d-5378-4761-a1eb-4af7dfaca33e,3c409388-ab73-4c7f-953d-3a71062240f6,3c409388-ab73-4c7f-953d-3a71062240f6,5f0b5caf-708b-4300-92f2-53b51d83ec06,5f0b5caf-708b-4300-92f2-53b51d83ec06,0,1569.308991712969,1552.6056984373727,0.5309782859718565
2021,2021-07-03 00:00:00+00:00,85c9362d-5378-4761-a1eb-4af7dfaca33e,5f0b5caf-708b-4300-92f2-53b51d83ec06,5f0b5caf-708b-4300-92f2-53b51d83ec06,3c409388-ab73-4c7f-953d-3a71062240f6,3c409388-ab73-4c7f-953d-3a71062240f6,1,1522.7554670014706,1539.4587602770669,0.4690217140281435
2021,2021-07-03 02:00:00+00:00,161af777-63e6-4d42-9e2a-fe6ebbfc9a2b,5d70a9af-8c2b-4aec-9e68-9acc6ddb93e4,5d70a9af-8c2b-4aec-9e68-9acc6ddb93e4,d6a012ed-84aa-48d3-8265-2d3f3ff2199a,d6a012ed-84aa-48d3-8265-2d3f3ff2199a,0,1407.583530225444,1405.7959570440846,0.13991914905077685
2021,2021-07-03 02:00:00+00:00,161af777-63e6-4d42-9e2a-fe6ebbfc9a2b,d6a012ed-84aa-48d3-8265-2d3f3ff2199a,d6a012ed-84aa-48d3-8265-2d3f3ff2199a,5d70a9af-8c2b-4aec-9e68-9acc6ddb93e4,5d70a9af-8c2b-4aec-9e68-9acc6ddb93e4,1,1698.0483795511434,1699.8359527325028,0.8600808509492232
2021,2021-07-03 02:00:00+00:00,4bd134eb-d5f6-4099-afe6-7b4e9bdc9976,171b097d-01db-4ae8-9d56-035689402ec6,FR_LVA_ACES,0a5ad38d-2fe3-43ba-894b-1ba3d5042ea9,0a5ad38d-2fe3-43ba-894b-1ba3d5042ea9,0,1675.1010310539734,1680.5615459764601,0.7809578961357351
2021,2021-07-03 02:00:00+00:00,4bd134eb-d5f6-4099-afe6-7b4e9bdc9976,0a5ad38d-2fe3-43ba-894b-1ba3d5042ea9,0a5ad38d-2fe3-43ba-894b-1ba3d5042ea9,171b097d-01db-4ae8-9d56-035689402ec6,FR_LVA_ACES,1,1429.2610237715296,1423.800508849043,0.21904210386426498
2021,2021-07-03 17:00:00+00:00,cd546a72-95f9-4a03-964e-dfe0f1f03f5b,5c0d47fe-8539-47b0-9f36-d0b3609ca89b,5c0d47fe-8539-47b0-9f36-d0b3609ca89b,08ed8274-e29f-4248-bc2e-83cc8ed18d75,08ed8274-e29f-4248-bc2e-83cc8ed18d75,0,1448.7716000463363,1440.2244518207215,0.5487066119695286
2021,2021-07-03 17:00:00+00:00,cd546a72-95f9-4a03-964e-dfe0f1f03f5b,08ed8274-e29f-4248-bc2e-83cc8ed18d75,08ed8274-e29f-4248-bc2e-83cc8ed18d75,5c0d47fe-8539-47b0-9f36-d0b3609ca89b,5c0d47fe-8539-47b0-9f36-d0b3609ca89b,1,1389.81911089886,1398.3662591244747,0.45129338803047137
2021,2021-07-03 17:00:00+00:00,cde6de28-4c9c-4390-9b3c-850c2d3fe1a0,a015b02d-845c-40c1-8ef4-844984f47e4d,a015b02d-845c-40c1-8ef4-844984f47e4d,f073a15f-0486-4179-b0a3-dfd0294eb595,f073a15f-0486-4179-b0a3-dfd0294eb595,0,1629.1344799800245,1612.625455098906,0.8675358283129679
2021,2021-07-03 17:00:00+00:00,cde6de28-4c9c-4390-9b3c-850c2d3fe1a0,f073a15f-0486-4179-b0a3-dfd0294eb595,f073a15f-0486-4179-b0a3-dfd0294eb595,a015b02d-845c-40c1-8ef4-844984f47e4d,a015b02d-845c-40c1-8ef4-844984f47e4d,1,1277.6588833410367,1294.1679082221551,0.13246417168703212
2021,2021-07-04 02:00:00+00:00,53d250d7-73c7-40a7-ae51-28e8e36cdde7,6f017f37-be96-4bdc-b6d3-0a0429c72e89,6f017f37-be96-4bdc-b6d3-0a0429c72e89,0699edf3-5993-4182-b9b4-ec935cbd4fcc,0699edf3-5993-4182-b9b4-ec935cbd4fcc,0,1520.3751939446065,1565.1774929898957,0.5045948022087187
2021,2021-07-04 02:00:00+00:00,53d250d7-73c7-40a7-ae51-28e8e36cdde7,0699edf3-5993-4182-b9b4-ec935cbd4fcc,0699edf3-5993-4182-b9b4-ec935cbd4fcc,6f017f37-be96-4bdc-b6d3-0a0429c72e89,6f017f37-be96-4bdc-b6d3-0a0429c72e89,1,1492.1823084726088,1447.3800094273197,0.49540519779128134
2021,2021-07-04 22:00:00+00:00,bc3f10b8-a29d-4e83-ae97-ebc64609017a,5d70a9af-8c2b-4aec-9e68-9acc6ddb93e4,5d70a9af-8c2b-4aec-9e68-9acc6ddb93e4,171b097d-01db-4ae8-9d56-035689402ec6,FR_LVA_ACES,0,1405.7959570440846,1397.343135002611,0.15115260841436462
2021,2021-07-04 22:00:00+00:00,bc3f10b8-a29d-4e83-ae97-ebc64609017a,171b097d-01db-4ae8-9d56-035689402ec6,FR_LVA_ACES,5d70a9af-8c2b-4aec-9e68-9acc6ddb93e4,5d70a9af-8c2b-4aec-9e68-9acc6ddb93e4,1,1680.5615459764601,1689.0143680179337,0.8488473915856354
2021,2021-07-05 01:00:00+00:00,a5a7b65c-4d42-46e6-ab5c-aae72efb9d0a,d6a012ed-84aa-48d3-8265-2d3f3ff2199a,d6a012ed-84aa-48d3-8265-2d3f3ff2199a,0a5ad38d-2fe3-43ba-894b-1ba3d5042ea9,0a5ad38d-2fe3-43ba-894b-1ba3d5042ea9,0,1699.8359527325028,1705.3430102378954,0.8092394959900306
2021,2021-07-05 01:00:00+00:00,a5a7b65c-4d42-46e6-ab5c-aae72efb9d0a,0a5ad38d-2fe3-43ba-894b-1ba3d5042ea9,0a5ad38d-2fe3-43ba-894b-1ba3d5042ea9,d6a012ed-84aa-48d3-8265-2d3f3ff2199a,d6a012ed-84aa-48d3-8265-2d3f3ff2199a,1,1423.800508849043,1418.2934513436503,0.1907605040099694
2021,2021-07-05 23:00:00+00:00,2f6ec0be-a440-416b-a462-aa4c6028ac48,5f0b5caf-708b-4300-92f2-53b51d83ec06,5f0b5caf-708b-4300-92f2-53b51d83ec06,08ed8274-e29f-4248-bc2e-83cc8ed18d75,08ed8274-e29f-4248-bc2e-83cc8ed18d75,0,1539.4587602770669,1529.7797905429766,0.6611183986311845
2021,2021-07-05 23:00:00+00:00,2f6ec0be-a440-416b-a462-aa4c6028ac48,08ed8274-e29f-4248-bc2e-83cc8ed18d75,08ed8274-e29f-4248-bc2e-83cc8ed18d75,5f0b5caf-708b-4300-92f2-53b51d83ec06,5f0b5caf-708b-4300-92f2-53b51d83ec06,1,1398.3662591244747,1408.045228858565,0.3388816013688155
2021,2021-07-08 00:00:00+00:00,6cb9b5c3-c403-45f5-936d-53463dc1a151,5f0b5caf-708b-4300-92f2-53b51d83ec06,5f0b5caf-708b-4300-92f2-53b51d83ec06,6f017f37-be96-4bdc-b6d3-0a0429c72e89,6f017f37-be96-4bdc-b6d3-0a0429c72e89,0,1529.7797905429766,1520.3029922021658,0.41394582574503924
2021,2021-07-08 00:00:00+00:00,6cb9b5c3-c403-45f5-936d-53463dc1a151,6f017f37-be96-4bdc-b6d3-0a0429c72e89,6f017f37-be96-4bdc-b6d3-0a0429c72e89,5f0b5caf-708b-4300-92f2-53b51d83ec06,5f0b5caf-708b-4300-92f2-53b51d83ec06,1,1565.1774929898957,1574.6542913307064,0.5860541742549608
2021,2021-07-08 02:00:00+00:00,c3f6c012-151b-42b7-bed3-e347994c2c94,0699edf3-5993-4182-b9b4-ec935cbd4fcc,0699edf3-5993-4182-b9b4-ec935cbd4fcc,171b097d-01db-4ae8-9d56-035689402ec6,FR_LVA_ACES,0,1447.3800094273197,1469.0785247166102,0.1772821545464538
2021,2021-07-08 02:00:00+00:00,c3f6c012-151b-42b7-bed3-e347994c2c94,171b097d-01db-4ae8-9d56-035689402ec6,FR_LVA_ACES,0699edf3-5993-4182-b9b4-ec935cbd4fcc,0699edf3-5993-4182-b9b4-ec935cbd4fcc,1,1689.0143680179337,1667.3158527286432,0.8227178454535462
2021,2021-07-08 02:00:00+00:00,d54efaf1-81e3-4ca6-ae38-8779b265855c,0a5ad38d-2fe3-43ba-894b-1ba3d5042ea9,0a5ad38d-2fe3-43ba-894b-1ba3d5042ea9,d6a012ed-84aa-48d3-8265-2d3f3ff2199a,d6a012ed-84aa-48d3-8265-2d3f3ff2199a,0,1418.2934513436503,1414.6494732740082,0.14230185840762066
2021,2021-07-08 02:00:00+00:00,d54efaf1-81e3-4ca6-ae38-8779b265855c,d6a012ed-84aa-48d3-8265-2d3f3ff2199a,d6a012ed-84aa-48d3-8265-2d3f3ff2199a,0a5ad38d-2fe3-43ba-894b-1ba3d5042ea9,0a5ad38d-2fe3-43ba-894b-1ba3d5042ea9,1,1705.3430102378954,1708.9869883075376,0.8576981415923793
2021,2021-07-09 23:00:00+00:00,47c22f58-1eb2-4825-8db6-153631bcc9fc,08ed8274-e29f-4248-bc2e-83cc8ed18d75,08ed8274-e29f-4248-bc2e-83cc8ed18d75,f073a15f-0486-4179-b0a3-dfd0294eb595,f073a15f-0486-4179-b0a3-dfd0294eb595,0,1408.045228858565,1383.1413419687638,0.6251859253584229
2021,2021-07-09 23:00:00+00:00,47c22f58-1eb2-4825-8db6-153631bcc9fc,f073a15f-0486-4179-b0a3-dfd0294eb595,f073a15f-0486-4179-b0a3-dfd0294eb595,08ed8274-e29f-4248-bc2e-83cc8ed18d75,08ed8274-e29f-4248-bc2e-83cc8ed18d75,1,1294.1679082221551,1319.0717951119564,0.3748140746415771
2021,2021-07-09 23:00:00+00:00,77ef1880-4723-4d29-bb50-431682889a1b,5d70a9af-8c2b-4aec-9e68-9acc6ddb93e4,5d70a9af-8c2b-4aec-9e68-9acc6ddb93e4,a015b02d-845c-40c1-8ef4-844984f47e4d,a015b02d-845c-40c1-8ef4-844984f47e4d,0,1397.343135002611,1390.6162428407608,0.20049936915999322
2021,2021-07-09 23:00:00+00:00,77ef1880-4723-4d29-bb50-431682889a1b,a015b02d-845c-40c1-8ef4-844984f47e4d,a015b02d-845c-40c1-8ef4-844984f47e4d,5d70a9af-8c2b-4aec-9e68-9acc6ddb93e4,5d70a9af-8c2b-4aec-9e68-9acc6ddb93e4,1,1612.625455098906,1619.3523472607562,0.7995006308400068
2021,2021-07-10 01:00:00+00:00,38fcc9e0-a736-491f-bdf2-368f7990e62d,d6a012ed-84aa-48d3-8265-2d3f3ff2199a,d6a012ed-84aa-48d3-8265-2d3f3ff2199a,0699edf3-5993-4182-b9b4-ec935cbd4fcc,0699edf3-5993-4182-b9b4-ec935cbd4fcc,0,1708.9869883075376,1689.5872069895888,0.7750610139402604
2021,2021-07-10 01:00:00+00:00,38fcc9e0-a736-491f-bdf2-368f7990e62d,0699edf3-5993-4182-b9b4-ec935cbd4fcc,0699edf3-5993-4182-b9b4-ec935cbd4fcc,d6a012ed-84aa-48d3-8265-2d3f3ff2199a,d6a012ed-84aa-48d3-8265-2d3f3ff2199a,1,1469.0785247166102,1488.478306034559,0.22493898605973964
2021,2021-07-10 02:30:00+00:00,dc85fc4c-daa3-422c-be79-92daee37b182,6f017f37-be96-4bdc-b6d3-0a0429c72e89,6f017f37-be96-4bdc-b6d3-0a0429c72e89,171b097d-01db-4ae8-9d56-035689402ec6,FR_LVA_ACES,0,1574.6542913307064,1595.6653554988566,0.33686096553435596
2021,2021-07-10 02:30:00+00:00,dc85fc4c-daa3-422c-be79-92daee37b182,171b097d-01db-4ae8-9d56-035689402ec6,FR_LVA_ACES,6f017f37-be96-4bdc-b6d3-0a0429c72e89,6f017f37-be96-4bdc-b6d3-0a0429c72e89,1,1667.3158527286432,1646.304788560493,0.663139034465644
2021,2021-07-11 00:00:00+00:00,345431b5-22c8-4a3b-a99a-9c83b0bfbd23,5c0d47fe-8539-47b0-9f36-d0b3609ca89b,5c0d47fe-8539-47b0-9f36-d0b3609ca89b,3c409388-ab73-4c7f-953d-3a71062240f6,3c409388-ab73-4c7f-953d-3a71062240f6,0,1440.2244518207215,1451.795572329143,0.3119904744689158
2021,2021-07-11 00:00:00+00:00,345431b5-22c8-4a3b-a99a-9c83b0bfbd23,3c409388-ab73-4c7f-953d-3a71062240f6,3c409388-ab73-4c7f-953d-3a71062240f6,5c0d47fe-8539-47b0-9f36-d0b3609ca89b,5c0d47fe-8539-47b0-9f36-d0b3609ca89b,1,1552.6056984373727,1541.0345779289512,0.6880095255310842
2021,2021-07-11 17:00:00+00:00,0b17f01d-2b4d-44c1-af38-c0cd8e897b0a,171b097d-01db-4ae8-9d56-035689402ec6,FR_LVA_ACES,5f0b5caf-708b-4300-92f2-53b51d83ec06,5f0b5caf-708b-4300-92f2-53b51d83ec06,0,1646.304788560493,1663.1158757127887,0.6413924903975592
2021,2021-07-11 17:00:00+00:00,0b17f01d-2b4d-44c1-af38-c0cd8e897b0a,5f0b5caf-708b-4300-92f2-53b51d83ec06,5f0b5caf-708b-4300-92f2-53b51d83ec06,171b097d-01db-4ae8-9d56-035689402ec6,FR_LVA_ACES,1,1520.3029922021658,1503.4919050498702,0.35860750960244087
2021,2021-07-11 18:00:00+00:00,5fc05663-ddc3-4ffa-9e08-63e6574f3d2c,a015b02d-845c-40c1-8ef4-844984f47e4d,a015b02d-845c-40c1-8ef4-844984f47e4d,08ed8274-e29f-4248-bc2e-83cc8ed18d75,08ed8274-e29f-4248-bc2e-83cc8ed18d75,0,1619.3523472607562,1629.7853113330184,0.7713285711969187
2021,2021-07-11 18:00:00+00:00,5fc05663-ddc3-4ffa-9e08-63e6574f3d2c,08ed8274-e29f-4248-bc2e-83cc8ed18d75,08ed8274-e29f-4248-bc2e-83cc8ed18d75,a015b02d-845c-40c1-8ef4-844984f47e4d,a015b02d-845c-40c1-8ef4-844984f47e4d,1,1383.1413419687638,1372.7083778965016,0.22867142880308128
2021,2021-07-11 21:00:00+00:00,e52e1b19-f57e-4c66-8bc0-6136df40e39e,f073a15f-0486-4179-b0a3-dfd0294eb595,f073a15f-0486-4179-b0a3-dfd0294eb595,5d70a9af-8c2b-4aec-9e68-9acc6ddb93e4,5d70a9af-8c2b-4aec-9e68-9acc6ddb93e4,0,1319.0717951119564,1341.09501933099,0.3645303508594385
2021,2021-07-11 21:00:00+00:00,e52e1b19-f57e-4c66-8bc0-6136df40e39e,5d70a9af-8c2b-4aec-9e68-9acc6ddb93e4,5d70a9af-8c2b-4aec-9e68-9acc6ddb93e4,f073a15f-0486-4179-b0a3-dfd0294eb595,f073a15f-0486-4179-b0a3-dfd0294eb595,1,1390.6162428407608,1368.5930186217272,0.6354696491405615
2021,2021-07-11 22:00:00+00:00,88a8c9cd-dcfc-43a0-a88d-4d7e9dc28164,0699edf3-5993-4182-b9b4-ec935cbd4fcc,0699edf3-5993-4182-b9b4-ec935cbd4fcc,d6a012ed-84aa-48d3-8265-2d3f3ff2199a,d6a012ed-84aa-48d3-8265-2d3f3ff2199a,0,1488.478306034559,1483.6480849304744,0.2138979709596056
2021,2021-07-11 22:00:00+00:00,88a8c9cd-dcfc-43a0-a88d-4d7e9dc28164,d6a012ed-84aa-48d3-8265-2d3f3ff2199a,d6a012ed-84aa-48d3-8265-2d3f3ff2199a,0699edf3-5993-4182-b9b4-ec935cbd4fcc,0699edf3-5993-4182-b9b4-ec935cbd4fcc,1,1689.5872069895888,1694.4174280936734,0.7861020290403944
2021,2021-07-12 01:00:00+00:00,180e187d-a21d-4c46-b1e7-5524cde616f4,6f017f37-be96-4bdc-b6d3-0a0429c72e89,6f017f37-be96-4bdc-b6d3-0a0429c72e89,0a5ad38d-2fe3-43ba-894b-1ba3d5042ea9,0a5ad38d-2fe3-43ba-894b-1ba3d5042ea9,0,1595.6653554988566,1614.8788728368982,0.7105588157426181
2021,2021-07-12 01:00:00+00:00,180e187d-a21d-4c46-b1e7-5524cde616f4,0a5ad38d-2fe3-43ba-894b-1ba3d5042ea9,0a5ad38d-2fe3-43ba-894b-1ba3d5042ea9,6f017f37-be96-4bdc-b6d3-0a0429c72e89,6f017f37-be96-4bdc-b6d3-0a0429c72e89,1,1414.6494732740082,1395.4359559359666,0.2894411842573818
2021,2021-08-15 20:00:00+00:00,089fab04-815d-4c96-ae19-0124c00bbd89,d6a012ed-84aa-48d3-8265-2d3f3ff2199a,d6a012ed-84aa-48d3-8265-2d3f3ff2199a,3c409388-ab73-4c7f-953d-3a71062240f6,3c409388-ab73-4c7f-953d-3a71062240f6,0,1694.4174280936734,1686.234119341294,0.6767839465129553
2021,2021-08-15 20:00:00+00:00,089fab04-815d-4c96-ae19-0124c00bbd89,3c409388-ab73-4c7f-953d-3a71062240f6,3c409388-ab73-4c7f-953d-3a71062240f6,d6a012ed-84aa-48d3-8265-2d3f3ff2199a,d6a012ed-84aa-48d3-8265-2d3f3ff2199a,1,1541.0345779289512,1549.2178866813306,0.3232160534870447
2021,2021-08-15 20:00:00+00:00,7e3c9de2-e754-4588-b68f-3aec276ddcff,a015b02d-845c-40c1-8ef4-844984f47e4d,a015b02d-845c-40c1-8ef4-844984f47e4d,5f0b5caf-708b-4300-92f2-53b51d83ec06,5f0b5caf-708b-4300-92f2-53b51d83ec06,0,1629.7853113330184,1650.992933503544,0.6417784999753046
2021,2021-08-15 20:00:00+00:00,7e3c9de2-e754-4588-b68f-3aec276ddcff,5f0b5caf-708b-4300-92f2-53b51d83ec06,5f0b5caf-708b-4300-92f2-53b51d83ec06,a015b02d-845c-40c1-8ef4-844984f47e4d,a015b02d-845c-40c1-8ef4-844984f47e4d,1,1503.4919050498702,1482.2842828793446,0.35822150002469544
2021,2021-08-15 22:00:00+00:00,3308cefc-e029-4fb2-9c57-63e14c9cabf9,5d70a9af-8c2b-4aec-9e68-9acc6ddb93e4,5d70a9af-8c2b-4aec-9e68-9acc6ddb93e4,0699edf3-5993-4182-b9b4-ec935cbd4fcc,0699edf3-5993-4182-b9b4-ec935cbd4fcc,0,1368.5930186217272,1358.2295280665119,0.3086961975197092
2021,2021-08-15 22:00:00+00:00,3308cefc-e029-4fb2-9c57-63e14c9cabf9,0699edf3-5993-4182-b9b4-ec935cbd4fcc,0699edf3-5993-4182-b9b4-ec935cbd4fcc,5d70a9af-8c2b-4aec-9e68-9acc6ddb93e4,5d70a9af-8c2b-4aec-9e68-9acc6ddb93e4,1,1483.6480849304744,1494.0115754856897,0.6913038024802908
2021,2021-08-15 22:00:00+00:00,7b6ed8e1-74d4-46fa-a9a3-82753778f6cb,5c0d47fe-8539-47b0-9f36-d0b3609ca89b,5c0d47fe-8539-47b0-9f36-d0b3609ca89b,171b097d-01db-4ae8-9d56-035689402ec6,FR_LVA_ACES,0,1451.795572329143,1449.9639318404304,0.20418033351547527
2021,2021-08-15 22:00:00+00:00,7b6ed8e1-74d4-46fa-a9a3-82753778f6cb,171b097d-01db-4ae8-9d56-035689402ec6,FR_LVA_ACES,5c0d47fe-8539-47b0-9f36-d0b3609ca89b,5c0d47fe-8539-47b0-9f36-d0b3609ca89b,1,1663.1158757127887,1664.9475162015012,0.7958196664845247
2021,2021-08-15 23:00:00+00:00,23c0ca5d-7ba0-4ed6-9879-60d3508a70b0,08ed8274-e29f-4248-bc2e-83cc8ed18d75,08ed8274-e29f-4248-bc2e-83cc8ed18d75,6f017f37-be96-4bdc-b6d3-0a0429c72e89,6f017f37-be96-4bdc-b6d3-0a0429c72e89,0,1372.7083778965016,1367.6576996029237,0.1768324635335108
2021,2021-08-15 23:00:00+00:00,23c0ca5d-7ba0-4ed6-9879-60d3508a70b0,6f017f37-be96-4bdc-b6d3-0a0429c72e89,6f017f37-be96-4bdc-b6d3-0a0429c72e89,08ed8274-e29f-4248-bc2e-83cc8ed18d75,08ed8274-e29f-4248-bc2e-83cc8ed18d75,1,1614.8788728368982,1619.929551130476,0.8231675364664892
2021,2021-08-16 01:00:00+00:00,2a143dcf-041f-4313-a45f-3213090be2d7,f073a15f-0486-4179-b0a3-dfd0294eb595,f073a15f-0486-4179-b0a3-dfd0294eb595,0a5ad38d-2fe3-43ba-894b-1ba3d5042ea9,0a5ad38d-2fe3-43ba-894b-1ba3d5042ea9,0,1341.09501933099,1333.31645855943,0.38776347230641095
2021,2021-08-16 01:00:00+00:00,2a143dcf-041f-4313-a45f-3213090be2d7,0a5ad38d-2fe3-43ba-894b-1ba3d5042ea9,0a5ad38d-2fe3-43ba-894b-1ba3d5042ea9,f073a15f-0486-4179-b0a3-dfd0294eb595,f073a15f-0486-4179-b0a3-dfd0294eb595,1,1395.4359559359666,1403.2145167075266,0.612236527693589
2021,2021-08-17 23:00:00+00:00,6b1fd58c-82ab-4a3b-b8f1-8aec56bacc18,6f017f37-be96-4bdc-b6d3-0a0429c72e89,6f017f37-be96-4bdc-b6d3-0a0429c72e89,a015b02d-845c-40c1-8ef4-844984f47e4d,a015b02d-845c-40c1-8ef4-844984f47e4d,0,1619.929551130476,1603.8502642221783,0.42001135691196845
2021,2021-08-17 23:00:00+00:00,6b1fd58c-82ab-4a3b-b8f1-8aec56bacc18,a015b02d-845c-40c1-8ef4-844984f47e4d,a015b02d-845c-40c1-8ef4-844984f47e4d,6f017f37-be96-4bdc-b6d3-0a0429c72e89,6f017f37-be96-4bdc-b6d3-0a0429c72e89,1,1650.992933503544,1667.0722204118417,0.5799886430880316
2021,2021-08-18 00:00:00+00:00,017e9cbf-5a32-4a58-aa69-caaa136dbbd2,5f0b5caf-708b-4300-92f2-53b51d83ec06,5f0b5caf-708b-4300-92f2-53b51d83ec06,3c409388-ab73-4c7f-953d-3a71062240f6,3c409388-ab73-4c7f-953d-3a71062240f6,0,1482.2842828793446,1493.2264430460777,0.3707006103175955
2021,2021-08-18 00:00:00+00:00,017e9cbf-5a32-4a58-aa69-caaa136dbbd2,3c409388-ab73-4c7f-953d-3a71062240f6,3c409388-ab73-4c7f-953d-3a71062240f6,5f0b5caf-708b-4300-92f2-53b51d83ec06,5f0b5caf-708b-4300-92f2-53b51d83ec06,1,1549.2178866813306,1538.2757265145974,0.6292993896824045
2021,2021-08-18 02:00:00+00:00,739f2540-2616-4e40-a88f-9a2c23ca61a1,5c0d47fe-8539-47b0-9f36-d0b3609ca89b,5c0d47fe-8539-47b0-9f36-d0b3609ca89b,171b097d-01db-4ae8-9d56-035689402ec6,FR_LVA_ACES,0,1449.9639318404304,1444.1247685547462,0.20077517174015103
2021,2021-08-18 02:00:00+00:00,739f2540-2616-4e40-a88f-9a2c23ca61a1,171b097d-01db-4ae8-9d56-035689402ec6,FR_LVA_ACES,5c0d47fe-8539-47b0-9f36-d0b3609ca89b,5c0d47fe-8539-47b0-9f36-d0b3609ca89b,1,1664.9475162015012,1670.7866794871854,0.799224828259849
2021,2021-08-18 02:00:00+00:00,e142fc24-30a7-4df3-9bbd-dbcc714573fb,f073a15f-0486-4179-b0a3-dfd0294eb595,f073a15f-0486-4179-b0a3-dfd0294eb595,0699edf3-5993-4182-b9b4-ec935cbd4fcc,0699edf3-5993-4182-b9b4-ec935cbd4fcc,0,1333.31645855943,1329.1623182580845,0.25560338338578514
2021,2021-08-18 02:00:00+00:00,e142fc24-30a7-4df3-9bbd-dbcc714573fb,0699edf3-5993-4182-b9b4-ec935cbd4fcc,0699edf3-5993-4182-b9b4-ec935cbd4fcc,f073a15f-0486-4179-b0a3-dfd0294eb595,f073a15f-0486-4179-b0a3-dfd0294eb595,1,1494.0115754856897,1498.1657157870352,0.7443966166142149
2021,2021-08-18 02:30:00+00:00,dfed376f-95ad-46f9-ba3c-3775ad2590fa,5d70a9af-8c2b-4aec-9e68-9acc6ddb93e4,5d70a9af-8c2b-4aec-9e68-9acc6ddb93e4,0a5ad38d-2fe3-43ba-894b-1ba3d5042ea9,0a5ad38d-2fe3-43ba-894b-1ba3d5042ea9,0,1358.2295280665119,1350.1360228369074,0.400623952821204
2021,2021-08-18 02:30:00+00:00,dfed376f-95ad-46f9-ba3c-3775ad2590fa,0a5ad38d-2fe3-43ba-894b-1ba3d5042ea9,0a5ad38d-2fe3-43ba-894b-1ba3d5042ea9,5d70a9af-8c2b-4aec-9e68-9acc6ddb93e4,5d70a9af-8c2b-4aec-9e68-9acc6ddb93e4,1,1403.2145167075266,1411.3080219371311,0.599376047178796
2021,2021-08-18 23:00:00+00:00,b77844e6-b218-4023-8f31-11b083ff7466,d6a012ed-84aa-48d3-8265-2d3f3ff2199a,d6a012ed-84aa-48d3-8265-2d3f3ff2199a,08ed8274-e29f-4248-bc2e-83cc8ed18d75,08ed8274-e29f-4248-bc2e-83cc8ed18d75,0,1686.234119341294,1673.4725572893256,0.8442191255334145
2021,2021-08-18 23:00:00+00:00,b77844e6-b218-4023-8f31-11b083ff7466,08ed8274-e29f-4248-bc2e-83cc8ed18d75,08ed8274-e29f-4248-bc2e-83cc8ed18d75,d6a012ed-84aa-48d3-8265-2d3f3ff2199a,d6a012ed-84aa-48d3-8265-2d3f3ff2199a,1,1367.6576996029237,1380.4192616548921,0.15578087446658553
2021,2021-08-19 23:00:00+00:00,461f65f4-f99f-4cf4-b111-55b7b2fd523a,6f017f37-be96-4bdc-b6d3-0a0429c72e89,6f017f37-be96-4bdc-b6d3-0a0429c72e89,a015b02d-845c-40c1-8ef4-844984f47e4d,a015b02d-845c-40c1-8ef4-844984f47e4d,0,1603.8502642221783,1590.748852112372,0.37569851448068536
2021,2021-08-19 23:00:00+00:00,461f65f4-f99f-4cf4-b111-55b7b2fd523a,a015b02d-845c-40c1-8ef4-844984f47e4d,a015b02d-845c-40c1-8ef4-844984f47e4d,6f017f37-be96-4bdc-b6d3-0a0429c72e89,6f017f37-be96-4bdc-b6d3-0a0429c72e89,1,1667.0722204118417,1680.173632521648,0.6243014855193146
2021,2021-08-20 02:00:00+00:00,b5cba86b-884d-4bc3-99da-141f610e6f8f,5c0d47fe-8539-47b0-9f36-d0b3609ca89b,5c0d47fe-8539-47b0-9f36-d0b3609ca89b,0699edf3-5993-4182-b9b4-ec935cbd4fcc,0699edf3-5993-4182-b9b4-ec935cbd4fcc,0,1444.1247685547462,1428.547680696326,0.3881735175464117
2021,2021-08-20 02:00:00+00:00,b5cba86b-884d-4bc3-99da-141f610e6f8f,0699edf3-5993-4182-b9b4-ec935cbd4fcc,0699edf3-5993-4182-b9b4-ec935cbd4fcc,5c0d47fe-8539-47b0-9f36-d0b3609ca89b,5c0d47fe-8539-47b0-9f36-d0b3609ca89b,1,1498.1657157870352,1513.7428036454553,0.6118264824535883
2021,2021-08-20 02:30:00+00:00,94c3c2cc-bb13-4509-a3af-180e38ba6552,5d70a9af-8c2b-4aec-9e68-9acc6ddb93e4,5d70a9af-8c2b-4aec-9e68-9acc6ddb93e4,0a5ad38d-2fe3-43ba-894b-1ba3d5042ea9,0a5ad38d-2fe3-43ba-894b-1ba3d5042ea9,0,1350.1360228369074,1345.41519415798,0.37847034559992443
2021,2021-08-20 02:30:00+00:00,94c3c2cc-bb13-4509-a3af-180e38ba6552,0a5ad38d-2fe3-43ba-894b-1ba3d5042ea9,0a5ad38d-2fe3-43ba-894b-1ba3d5042ea9,5d70a9af-8c2b-4aec-9e68-9acc6ddb93e4,5d70a9af-8c2b-4aec-9e68-9acc6ddb93e4,1,1411.3080219371311,1416.0288506160584,0.6215296544000756
2021,2021-08-20 23:00:00+00:00,339da74c-c997-4d7f-af53-7e3b6ec7a803,d6a012ed-84aa-48d3-8265-2d3f3ff2199a,d6a012ed-84aa-48d3-8265-2d3f3ff2199a,08ed8274-e29f-4248-bc2e-83cc8ed18d75,08ed8274-e29f-4248-bc2e-83cc8ed18d75,0,1673.4725572893256,1680.8192145089001,0.8239060441462371
2021,2021-08-20 23:00:00+00:00,339da74c-c997-4d7f-af53-7e3b6ec7a803,08ed8274-e29f-4248-bc2e-83cc8ed18d75,08ed8274-e29f-4248-bc2e-83cc8ed18d75,d6a012ed-84aa-48d3-8265-2d3f3ff2199a,d6a012ed-84aa-48d3-8265-2d3f3ff2199a,1,1380.4192616548921,1373.0726044353175,0.17609395585376286
2021,2021-08-21 00:00:00+00:00,ed699f5b-4208-4956-ac96-3ed93ce46266,f073a15f-0486-4179-b0a3-dfd0294eb595,f073a15f-0486-4179-b0a3-dfd0294eb595,5f0b5caf-708b-4300-92f2-53b51d83ec06,5f0b5caf-708b-4300-92f2-53b51d83ec06,0,1329.1623182580845,1337.8261563493495,0.25193088519333573
2021,2021-08-21 00:00:00+00:00,ed699f5b-4208-4956-ac96-3ed93ce46266,5f0b5caf-708b-4300-92f2-53b51d83ec06,5f0b5caf-708b-4300-92f2-53b51d83ec06,f073a15f-0486-4179-b0a3-dfd0294eb595,f073a15f-0486-4179-b0a3-dfd0294eb595,1,1493.2264430460777,1484.5626049548127,0.7480691148066643
2021,2021-08-21 16:00:00+00:00,4feffe06-b2e7-4cea-a2a0-db2f5683a643,0699edf3-5993-4182-b9b4-ec935cbd4fcc,0699edf3-5993-4182-b9b4-ec935cbd4fcc,5d70a9af-8c2b-4aec-9e68-9acc6ddb93e4,5d70a9af-8c2b-4aec-9e68-9acc6ddb93e4,0,1513.7428036454553,1526.8635058332015,0.6953093897658426
2021,2021-08-21 16:00:00+00:00,4feffe06-b2e7-4cea-a2a0-db2f5683a643,5d70a9af-8c2b-4aec-9e68-9acc6ddb93e4,5d70a9af-8c2b-4aec-9e68-9acc6ddb93e4,0699edf3-5993-4182-b9b4-ec935cbd4fcc,0699edf3-5993-4182-b9b4-ec935cbd4fcc,1,1345.41519415798,1332.2944919702338,0.30469061023415744
2021,2021-08-22 00:00:00+00:00,ab04d6bf-7569-440d-adbc-613189264568,6f017f37-be96-4bdc-b6d3-0a0429c72e89,6f017f37-be96-4bdc-b6d3-0a0429c72e89,3c409388-ab73-4c7f-953d-3a71062240f6,3c409388-ab73-4c7f-953d-3a71062240f6,0,1590.748852112372,1601.5642309320992,0.5394548071546426
2021,2021-08-22 00:00:00+00:00,ab04d6bf-7569-440d-adbc-613189264568,3c409388-ab73-4c7f-953d-3a71062240f6,3c409388-ab73-4c7f-953d-3a71062240f6,6f017f37-be96-4bdc-b6d3-0a0429c72e89,6f017f37-be96-4bdc-b6d3-0a0429c72e89,1,1538.2757265145974,1527.4603476948703,0.4605451928453574
2021,2021-08-22 18:00:00+00:00,a29d3c76-c8eb-4907-b6de-d26f24d829ba,0a5ad38d-2fe3-43ba-894b-1ba3d5042ea9,0a5ad38d-2fe3-43ba-894b-1ba3d5042ea9,08ed8274-e29f-4248-bc2e-83cc8ed18d75,08ed8274-e29f-4248-bc2e-83cc8ed18d75,0,1416.0288506160584,1423.5083179722435,0.5258181323810118
2021,2021-08-22 18:00:00+00:00,a29d3c76-c8eb-4907-b6de-d26f24d829ba,08ed8274-e29f-4248-bc2e-83cc8ed18d75,08ed8274-e29f-4248-bc2e-83cc8ed18d75,0a5ad38d-2fe3-43ba-894b-1ba3d5042ea9,0a5ad38d-2fe3-43ba-894b-1ba3d5042ea9,1,1373.0726044353175,1365.5931370791325,0.4741818676189881
2021,2021-08-22 19:00:00+00:00,dcfd1a7a-161d-44d2-8e05-a800dced8765,d6a012ed-84aa-48d3-8265-2d3f3ff2199a,d6a012ed-84aa-48d3-8265-2d3f3ff2199a,5c0d47fe-8539-47b0-9f36-d0b3609ca89b,5c0d47fe-8539-47b0-9f36-d0b3609ca89b,0,1680.8192145089001,1685.6202904708164,0.7872252144936789
2021,2021-08-22 19:00:00+00:00,dcfd1a7a-161d-44d2-8e05-a800dced8765,5c0d47fe-8539-47b0-9f36-d0b3609ca89b,5c0d47fe-8539-47b0-9f36-d0b3609ca89b,d6a012ed-84aa-48d3-8265-2d3f3ff2199a,d6a012ed-84aa-48d3-8265-2d3f3ff2199a,1,1428.547680696326,1423.7466047344099,0.21277478550632112
2021,2021-08-24 23:00:00+00:00,001b19cc-5185-4b46-b5f4-605b1b5d188b,171b097d-01db-4ae8-9d56-035689402ec6,FR_LVA_ACES,a015b02d-845c-40c1-8ef4-844984f47e4d,a015b02d-845c-40c1-8ef4-844984f47e4d,0,1670.7866794871854,1650.9031062766987,0.450674153139788
2021,2021-08-24 23:00:00+00:00,001b19cc-5185-4b46-b5f4-605b1b5d188b,a015b02d-845c-40c1-8ef4-844984f47e4d,a015b02d-845c-40c1-8ef4-844984f47e4d,171b097d-01db-4ae8-9d56-035689402ec6,FR_LVA_ACES,1,1680.173632521648,1700.0572057321347,0.549325846860212
2021,2021-08-24 23:00:00+00:00,7f134788-62ff-4dd2-a9d0-9a025a3e7f45,d6a012ed-84aa-48d3-8265-2d3f3ff2199a,d6a012ed-84aa-48d3-8265-2d3f3ff2199a,6f017f37-be96-4bdc-b6d3-0a0429c72e89,6f017f37-be96-4bdc-b6d3-0a0429c72e89,0,1685.6202904708164,1672.23249062582,0.5841793503661384
2021,2021-08-24 23:00:00+00:00,7f134788-62ff-4dd2-a9d0-9a025a3e7f45,6f017f37-be96-4bdc-b6d3-0a0429c72e89,6f017f37-be96-4bdc-b6d3-0a0429c72e89,d6a012ed-84aa-48d3-8265-2d3f3ff2199a,d6a012ed-84aa-48d3-8265-2d3f3ff2199a,1,1601.5642309320992,1614.9520307770958,0.41582064963386156
2021,2021-08-24 23:00:00+00:00,8c11e1f3-93ed-4c58-af3c-9eec60e9a2e7,3c409388-ab73-4c7f-953d-3a71062240f6,3c409388-ab73-4c7f-953d-3a71062240f6,5d70a9af-8c2b-4aec-9e68-9acc6ddb93e4,5d70a9af-8c2b-4aec-9e68-9acc6ddb93e4,0,1527.4603476948703,1533.867590092982,0.7270195935055171
2021,2021-08-24 23:00:00+00:00,8c11e1f3-93ed-4c58-af3c-9eec60e9a2e7,5d70a9af-8c2b-4aec-9e68-9acc6ddb93e4,5d70a9af-8c2b-4aec-9e68-9acc6ddb93e4,3c409388-ab73-4c7f-953d-3a71062240f6,3c409388-ab73-4c7f-953d-3a71062240f6,1,1332.2944919702338,1325.887249572122,0.27298040649448285
2021,2021-08-24 23:00:00+00:00,f057cb00-1962-4e08-acf8-392157ee7279,0a5ad38d-2fe3-43ba-894b-1ba3d5042ea9,0a5ad38d-2fe3-43ba-894b-1ba3d5042ea9,5c0d47fe-8539-47b0-9f36-d0b3609ca89b,5c0d47fe-8539-47b0-9f36-d0b3609ca89b,0,1423.5083179722435,1407.7500651942976,0.46374293711337367
2021,2021-08-24 23:00:00+00:00,f057cb00-1962-4e08-acf8-392157ee7279,5c0d47fe-8539-47b0-9f36-d0b3609ca89b,5c0d47fe-8539-47b0-9f36-d0b3609ca89b,0a5ad38d-2fe3-43ba-894b-1ba3d5042ea9,0a5ad38d-2fe3-43ba-894b-1ba3d5042ea9,1,1423.7466047344099,1439.5048575123558,0.5362570628866263
2021,2021-08-25 23:00:00+00:00,08854e73-7582-4aa7-b612-81fdcdc1c285,0699edf3-5993-4182-b9b4-ec935cbd4fcc,0699edf3-5993-4182-b9b4-ec935cbd4fcc,08ed8274-e29f-4248-bc2e-83cc8ed18d75,08ed8274-e29f-4248-bc2e-83cc8ed18d75,0,1526.8635058332015,1549.4683867233828,0.6866352343272656
2021,2021-08-25 23:00:00+00:00,08854e73-7582-4aa7-b612-81fdcdc1c285,08ed8274-e29f-4248-bc2e-83cc8ed18d75,08ed8274-e29f-4248-bc2e-83cc8ed18d75,0699edf3-5993-4182-b9b4-ec935cbd4fcc,0699edf3-5993-4182-b9b4-ec935cbd4fcc,1,1365.5931370791325,1342.9882561889513,0.3133647656727344
2021,2021-08-26 23:00:00+00:00,c0b4cab5-8e14-4c7b-a5a0-edf5c4a41dd6,0a5ad38d-2fe3-43ba-894b-1ba3d5042ea9,0a5ad38d-2fe3-43ba-894b-1ba3d5042ea9,a015b02d-845c-40c1-8ef4-844984f47e4d,a015b02d-845c-40c1-8ef4-844984f47e4d,0,1407.7500651942976,1405.6859420745504,0.138647781622662
2021,2021-08-26 23:00:00+00:00,c0b4cab5-8e14-4c7b-a5a0-edf5c4a41dd6,a015b02d-845c-40c1-8ef4-844984f47e4d,a015b02d-845c-40c1-8ef4-844984f47e4d,0a5ad38d-2fe3-43ba-894b-1ba3d5042ea9,0a5ad38d-2fe3-43ba-894b-1ba3d5042ea9,1,1700.0572057321347,1702.1213288518818,0.861352218377338
2021,2021-08-26 23:00:00+00:00,c4498549-d11f-4100-a172-31b52e3342fa,171b097d-01db-4ae8-9d56-035689402ec6,FR_LVA_ACES,5d70a9af-8c2b-4aec-9e68-9acc6ddb93e4,5d70a9af-8c2b-4aec-9e68-9acc6ddb93e4,0,1650.9031062766987,1654.1496936458414,0.8490321429295606
2021,2021-08-26 23:00:00+00:00,c4498549-d11f-4100-a172-31b52e3342fa,5d70a9af-8c2b-4aec-9e68-9acc6ddb93e4,5d70a9af-8c2b-4aec-9e68-9acc6ddb93e4,171b097d-01db-4ae8-9d56-035689402ec6,FR_LVA_ACES,1,1325.887249572122,1322.6406622029795,0.15096785707043933
2021,2021-08-26 23:00:00+00:00,fc39b4ea-f749-4256-b450-708f491782dd,5f0b5caf-708b-4300-92f2-53b51d83ec06,5f0b5caf-708b-4300-92f2-53b51d83ec06,5c0d47fe-8539-47b0-9f36-d0b3609ca89b,5c0d47fe-8539-47b0-9f36-d0b3609ca89b,0,1484.5626049548127,1494.4554172016328,0.5288333935724667
2021,2021-08-26 23:00:00+00:00,fc39b4ea-f749-4256-b450-708f491782dd,5c0d47fe-8539-47b0-9f36-d0b3609ca89b,5c0d47fe-8539-47b0-9f36-d0b3609ca89b,5f0b5caf-708b-4300-92f2-53b51d83ec06,5f0b5caf-708b-4300-92f2-53b51d83ec06,1,1439.5048575123558,1429.6120452655357,0.4711666064275332
2021,2021-08-28 00:00:00+00:00,3fbc759e-ff77-490c-8549-fbb57f7664f9,0699edf3-5993-4182-b9b4-ec935cbd4fcc,0699edf3-5993-4182-b9b4-ec935cbd4fcc,08ed8274-e29f-4248-bc2e-83cc8ed18d75,08ed8274-e29f-4248-bc2e-83cc8ed18d75,0,1549.4683867233828,1560.9825730899406,0.7397526999526607
2021,2021-08-28 00:00:00+00:00,3fbc759e-ff77-490c-8549-fbb57f7664f9,08ed8274-e29f-4248-bc2e-83cc8ed18d75,08ed8274-e29f-4248-bc2e-83cc8ed18d75,0699edf3-5993-4182-b9b4-ec935cbd4fcc,0699edf3-5993-4182-b9b4-ec935cbd4fcc,1,1342.9882561889513,1331.4740698223934,0.26024730004733926
2021,2021-08-28 02:00:00+00:00,bd8a3903-5572-43d2-8127-df5df1a57117,3c409388-ab73-4c7f-953d-3a71062240f6,3c409388-ab73-4c7f-953d-3a71062240f6,d6a012ed-84aa-48d3-8265-2d3f3ff2199a,d6a012ed-84aa-48d3-8265-2d3f3ff2199a,0,1533.867590092982,1545.7406002362334,0.28081875142248813
2021,2021-08-28 02:00:00+00:00,bd8a3903-5572-43d2-8127-df5df1a57117,d6a012ed-84aa-48d3-8265-2d3f3ff2199a,d6a012ed-84aa-48d3-8265-2d3f3ff2199a,3c409388-ab73-4c7f-953d-3a71062240f6,3c409388-ab73-4c7f-953d-3a71062240f6,1,1672.23249062582,1660.3594804825686,0.7191812485775119
2021,2021-08-28 17:00:00+00:00,28ae6a10-696b-4efb-9996-8968129bd109,171b097d-01db-4ae8-9d56-035689402ec6,FR_LVA_ACES,f073a15f-0486-4179-b0a3-dfd0294eb595,f073a15f-0486-4179-b0a3-dfd0294eb595,0,1654.1496936458414,1660.6211596180553,0.842505955413896
2021,2021-08-28 17:00:00+00:00,28ae6a10-696b-4efb-9996-8968129bd109,f073a15f-0486-4179-b0a3-dfd0294eb595,f073a15f-0486-4179-b0a3-dfd0294eb595,171b097d-01db-4ae8-9d56-035689402ec6,FR_LVA_ACES,1,1337.8261563493495,1331.3546903771355,0.15749404458610408
2021,2021-08-28 23:00:00+00:00,3262378a-aef9-43f4-8ade-59a33d580b0e,5f0b5caf-708b-4300-92f2-53b51d83ec06,5f0b5caf-708b-4300-92f2-53b51d83ec06,5c0d47fe-8539-47b0-9f36-d0b3609ca89b,5c0d47fe-8539-47b0-9f36-d0b3609ca89b,0,1494.4554172016328,1488.696690315418,0.5570891778730882
2021,2021-08-28 23:00:00+00:00,3262378a-aef9-43f4-8ade-59a33d580b0e,5c0d47fe-8539-47b0-9f36-d0b3609ca89b,5c0d47fe-8539-47b0-9f36-d0b3609ca89b,5f0b5caf-708b-4300-92f2-53b51d83ec06,5f0b5caf-708b-4300-92f2-53b51d83ec06,1,1429.6120452655357,1435.3707721517505,0.4429108221269118
2021,2021-08-28 23:00:00+00:00,9725261d-1c55-4272-890e-35ff24ae0d49,0a5ad38d-2fe3-43ba-894b-1ba3d5042ea9,0a5ad38d-2fe3-43ba-894b-1ba3d5042ea9,a015b02d-845c-40c1-8ef4-844984f47e4d,a015b02d-845c-40c1-8ef4-844984f47e4d,0,1405.6859420745504,1400.4995732222087,0.13583405905748924
2021,2021-08-28 23:00:00+00:00,9725261d-1c55-4272-890e-35ff24ae0d49,a015b02d-845c-40c1-8ef4-844984f47e4d,a015b02d-845c-40c1-8ef4-844984f47e4d,0a5ad38d-2fe3-43ba-894b-1ba3d5042ea9,0a5ad38d-2fe3-43ba-894b-1ba3d5042ea9,1,1702.1213288518818,1707.3076977042235,0.8641659409425108
2021,2021-08-29 22:00:00+00:00,8af51a86-612e-444a-aa97-d60f7eb09934,3c409388-ab73-4c7f-953d-3a71062240f6,3c409388-ab73-4c7f-953d-3a71062240f6,d6a012ed-84aa-48d3-8265-2d3f3ff2199a,d6a012ed-84aa-48d3-8265-2d3f3ff2199a,0,1545.7406002362334,1603.7346069579862,0.30923228558559424
2021,2021-08-29 22:00:00+00:00,8af51a86-612e-444a-aa97-d60f7eb09934,d6a012ed-84aa-48d3-8265-2d3f3ff2199a,d6a012ed-84aa-48d3-8265-2d3f3ff2199a,3c409388-ab73-4c7f-953d-3a71062240f6,3c409388-ab73-4c7f-953d-3a71062240f6,1,1660.3594804825686,1602.3654737608158,0.6907677144144058
2021,2021-08-31 23:00:00+00:00,19ec917a-9392-47cb-b108-b5f11e4438eb,0a5ad38d-2fe3-43ba-894b-1ba3d5042ea9,0a5ad38d-2fe3-43ba-894b-1ba3d5042ea9,f073a15f-0486-4179-b0a3-dfd0294eb595,f073a15f-0486-4179-b0a3-dfd0294eb595,0,1400.4995732222087,1393.2465224579325,0.5631899118962074
2021,2021-08-31 23:00:00+00:00,19ec917a-9392-47cb-b108-b5f11e4438eb,f073a15f-0486-4179-b0a3-dfd0294eb595,f073a15f-0486-4179-b0a3-dfd0294eb595,0a5ad38d-2fe3-43ba-894b-1ba3d5042ea9,0a5ad38d-2fe3-43ba-894b-1ba3d5042ea9,1,1331.3546903771355,1338.6077411414117,0.4368100881037926
2021,2021-08-31 23:00:00+00:00,67f1b1d9-a315-487c-8c5f-ad2faa46f982,a015b02d-845c-40c1-8ef4-844984f47e4d,a015b02d-845c-40c1-8ef4-844984f47e4d,5c0d47fe-8539-47b0-9f36-d0b3609ca89b,5c0d47fe-8539-47b0-9f36-d0b3609ca89b,0,1707.3076977042235,1712.9360336905809,0.8055708315216719
2021,2021-08-31 23:00:00+00:00,67f1b1d9-a315-487c-8c5f-ad2faa46f982,5c0d47fe-8539-47b0-9f36-d0b3609ca89b,5c0d47fe-8539-47b0-9f36-d0b3609ca89b,a015b02d-845c-40c1-8ef4-844984f47e4d,a015b02d-845c-40c1-8ef4-844984f47e4d,1,1435.3707721517505,1429.7424361653932,0.19442916847832817
2021,2021-09-01 00:00:00+00:00,58637816-e274-429f-a4ea-86c560105db9,08ed8274-e29f-4248-bc2e-83cc8ed18d75,08ed8274-e29f-4248-bc2e-83cc8ed18d75,6f017f37-be96-4bdc-b6d3-0a0429c72e89,6f017f37-be96-4bdc-b6d3-0a0429c72e89,0,1331.4740698223934,1328.066627907362,0.14482972166753028
2021,2021-09-01 00:00:00+00:00,58637816-e274-429f-a4ea-86c560105db9,6f017f37-be96-4bdc-b6d3-0a0429c72e89,6f017f37-be96-4bdc-b6d3-0a0429c72e89,08ed8274-e29f-4248-bc2e-83cc8ed18d75,08ed8274-e29f-4248-bc2e-83cc8ed18d75,1,1614.9520307770958,1618.3594726921272,0.8551702783324697
2021,2021-09-01 02:00:00+00:00,be79198f-f79c-45e2-8dd6-45b376c7075a,3c409388-ab73-4c7f-953d-3a71062240f6,3c409388-ab73-4c7f-953d-3a71062240f6,0699edf3-5993-4182-b9b4-ec935cbd4fcc,0699edf3-5993-4182-b9b4-ec935cbd4fcc,0,1603.7346069579862,1571.9537455532716,0.5255250219639835
2021,2021-09-01 02:00:00+00:00,be79198f-f79c-45e2-8dd6-45b376c7075a,0699edf3-5993-4182-b9b4-ec935cbd4fcc,0699edf3-5993-4182-b9b4-ec935cbd4fcc,3c409388-ab73-4c7f-953d-3a71062240f6,3c409388-ab73-4c7f-953d-3a71062240f6,1,1560.9825730899406,1592.7634344946553,0.4744749780360165
2021,2021-09-03 00:00:00+00:00,7c9ea9bb-fb9b-42be-b9dd-a8870df62f50,5d70a9af-8c2b-4aec-9e68-9acc6ddb93e4,5d70a9af-8c2b-4aec-9e68-9acc6ddb93e4,5f0b5caf-708b-4300-92f2-53b51d83ec06,5f0b5caf-708b-4300-92f2-53b51d83ec06,0,1322.6406622029795,1318.5963305937873,0.24977607621908582
2021,2021-09-03 00:00:00+00:00,7c9ea9bb-fb9b-42be-b9dd-a8870df62f50,5f0b5caf-708b-4300-92f2-53b51d83ec06,5f0b5caf-708b-4300-92f2-53b51d83ec06,5d70a9af-8c2b-4aec-9e68-9acc6ddb93e4,5d70a9af-8c2b-4aec-9e68-9acc6ddb93e4,1,1488.696690315418,1492.74102192461,0.7502239237809142
2021,2021-09-03 00:00:00+00:00,c07987c4-d9ed-4ec9-904a-acbe07efb1d1,0a5ad38d-2fe3-43ba-894b-1ba3d5042ea9,0a5ad38d-2fe3-43ba-894b-1ba3d5042ea9,6f017f37-be96-4bdc-b6d3-0a0429c72e89,6f017f37-be96-4bdc-b6d3-0a0429c72e89,0,1393.2465224579325,1388.1380642862337,0.19158160647738265
2021,2021-09-03 00:00:00+00:00,c07987c4-d9ed-4ec9-904a-acbe07efb1d1,6f017f37-be96-4bdc-b6d3-0a0429c72e89,6f017f37-be96-4bdc-b6d3-0a0429c72e89,0a5ad38d-2fe3-43ba-894b-1ba3d5042ea9,0a5ad38d-2fe3-43ba-894b-1ba3d5042ea9,1,1618.3594726921272,1623.467930863826,0.8084183935226174
2021,2021-09-03 02:00:00+00:00,657638cc-6b36-41f8-ba39-5ef73679d3ab,08ed8274-e29f-4248-bc2e-83cc8ed18d75,08ed8274-e29f-4248-bc2e-83cc8ed18d75,d6a012ed-84aa-48d3-8265-2d3f3ff2199a,d6a012ed-84aa-48d3-8265-2d3f3ff2199a,0,1328.066627907362,1323.8292926251834,0.15149766143477728
2021,2021-09-03 02:00:00+00:00,657638cc-6b36-41f8-ba39-5ef73679d3ab,d6a012ed-84aa-48d3-8265-2d3f3ff2199a,d6a012ed-84aa-48d3-8265-2d3f3ff2199a,08ed8274-e29f-4248-bc2e-83cc8ed18d75,08ed8274-e29f-4248-bc2e-83cc8ed18d75,1,1602.3654737608158,1606.6028090429945,0.8485023385652227
2021,2021-09-03 02:00:00+00:00,86a42ba6-4809-4deb-a10a-45833f482075,3c409388-ab73-4c7f-953d-3a71062240f6,3c409388-ab73-4c7f-953d-3a71062240f6,171b097d-01db-4ae8-9d56-035689402ec6,FR_LVA_ACES,0,1571.9537455532716,1563.593540062796,0.34201619406741124
2021,2021-09-03 02:00:00+00:00,86a42ba6-4809-4deb-a10a-45833f482075,171b097d-01db-4ae8-9d56-035689402ec6,FR_LVA_ACES,3c409388-ab73-4c7f-953d-3a71062240f6,3c409388-ab73-4c7f-953d-3a71062240f6,1,1660.6211596180553,1668.981365108531,0.6579838059325888
2021,2021-09-04 17:00:00+00:00,6b647f76-9706-445f-8728-54a4ceea09b5,0699edf3-5993-4182-b9b4-ec935cbd4fcc,0699edf3-5993-4182-b9b4-ec935cbd4fcc,f073a15f-0486-4179-b0a3-dfd0294eb595,f073a15f-0486-4179-b0a3-dfd0294eb595,0,1592.7634344946553,1604.6488018959024,0.7890362936902039
2021,2021-09-04 17:00:00+00:00,6b647f76-9706-445f-8728-54a4ceea09b5,f073a15f-0486-4179-b0a3-dfd0294eb595,f073a15f-0486-4179-b0a3-dfd0294eb595,0699edf3-5993-4182-b9b4-ec935cbd4fcc,0699edf3-5993-4182-b9b4-ec935cbd4fcc,1,1338.6077411414117,1326.7223737401646,0.21096370630979613
2021,2021-09-05 00:00:00+00:00,c32ce717-93b6-4d18-a32d-b83c3fa805dc,5c0d47fe-8539-47b0-9f36-d0b3609ca89b,5c0d47fe-8539-47b0-9f36-d0b3609ca89b,6f017f37-be96-4bdc-b6d3-0a0429c72e89,6f017f37-be96-4bdc-b6d3-0a0429c72e89,0,1429.7424361653932,1419.203231077988,0.22113141722467788
2021,2021-09-05 00:00:00+00:00,c32ce717-93b6-4d18-a32d-b83c3fa805dc,6f017f37-be96-4bdc-b6d3-0a0429c72e89,6f017f37-be96-4bdc-b6d3-0a0429c72e89,5c0d47fe-8539-47b0-9f36-d0b3609ca89b,5c0d47fe-8539-47b0-9f36-d0b3609ca89b,1,1623.467930863826,1634.0071359512312,0.7788685827753221
2021,2021-09-05 19:00:00+00:00,7429de98-5fc7-4132-8712-b9234dab9603,171b097d-01db-4ae8-9d56-035689402ec6,FR_LVA_ACES,3c409388-ab73-4c7f-953d-3a71062240f6,3c409388-ab73-4c7f-953d-3a71062240f6,0,1668.981365108531,1652.0681801889316,0.6136662354486014
2021,2021-09-05 19:00:00+00:00,7429de98-5fc7-4132-8712-b9234dab9603,3c409388-ab73-4c7f-953d-3a71062240f6,3c409388-ab73-4c7f-953d-3a71062240f6,171b097d-01db-4ae8-9d56-035689402ec6,FR_LVA_ACES,1,1563.593540062796,1580.5067249823953,0.38633376455139856
2021,2021-09-05 20:00:00+00:00,5ca6a8f5-d898-44f9-a79e-c44cc30e45b6,5d70a9af-8c2b-4aec-9e68-9acc6ddb93e4,5d70a9af-8c2b-4aec-9e68-9acc6ddb93e4,5f0b5caf-708b-4300-92f2-53b51d83ec06,5f0b5caf-708b-4300-92f2-53b51d83ec06,0,1318.5963305937873,1332.5603757967615,0.24115292592273474
2021,2021-09-05 20:00:00+00:00,5ca6a8f5-d898-44f9-a79e-c44cc30e45b6,5f0b5caf-708b-4300-92f2-53b51d83ec06,5f0b5caf-708b-4300-92f2-53b51d83ec06,5d70a9af-8c2b-4aec-9e68-9acc6ddb93e4,5d70a9af-8c2b-4aec-9e68-9acc6ddb93e4,1,1492.74102192461,1478.776976721636,0.7588470740772653
2021,2021-09-06 23:00:00+00:00,1d3133ab-cdfa-4579-8cee-05e92b67c920,0699edf3-5993-4182-b9b4-ec935cbd4fcc,0699edf3-5993-4182-b9b4-ec935cbd4fcc,f073a15f-0486-4179-b0a3-dfd0294eb595,f073a15f-0486-4179-b0a3-dfd0294eb595,0,1604.6488018959024,1608.0037813212216,0.8109142283413399
2021,2021-09-06 23:00:00+00:00,1d3133ab-cdfa-4579-8cee-05e92b67c920,f073a15f-0486-4179-b0a3-dfd0294eb595,f073a15f-0486-4179-b0a3-dfd0294eb595,0699edf3-5993-4182-b9b4-ec935cbd4fcc,0699edf3-5993-4182-b9b4-ec935cbd4fcc,1,1326.7223737401646,1323.3673943148453,0.18908577165866014
2021,2021-09-08 00:00:00+00:00,1f7fc429-6c8a-4df0-b352-1ad56d1e558d,a015b02d-845c-40c1-8ef4-844984f47e4d,a015b02d-845c-40c1-8ef4-844984f47e4d,5f0b5caf-708b-4300-92f2-53b51d83ec06,5f0b5caf-708b-4300-92f2-53b51d83ec06,0,1712.9360336905809,1728.7507254258421,0.7692384932132165
2021,2021-09-08 00:00:00+00:00,1f7fc429-6c8a-4df0-b352-1ad56d1e558d,5f0b5caf-708b-4300-92f2-53b51d83ec06,5f0b5caf-708b-4300-92f2-53b51d83ec06,a015b02d-845c-40c1-8ef4-844984f47e4d,a015b02d-845c-40c1-8ef4-844984f47e4d,1,1478.776976721636,1462.9622849863747,0.23076150678678353
2021,2021-09-08 02:00:00+00:00,216c9e4f-6d95-452e-838c-707386603daa,5c0d47fe-8539-47b0-9f36-d0b3609ca89b,5c0d47fe-8539-47b0-9f36-d0b3609ca89b,d6a012ed-84aa-48d3-8265-2d3f3ff2199a,d6a012ed-84aa-48d3-8265-2d3f3ff2199a,0,1419.203231077988,1400.0195219529016,0.22746687671618815
2021,2021-09-08 02:00:00+00:00,216c9e4f-6d95-452e-838c-707386603daa,d6a012ed-84aa-48d3-8265-2d3f3ff2199a,d6a012ed-84aa-48d3-8265-2d3f3ff2199a,5c0d47fe-8539-47b0-9f36-d0b3609ca89b,5c0d47fe-8539-47b0-9f36-d0b3609ca89b,1,1606.6028090429945,1625.7865181680809,0.7725331232838119
2021,2021-09-08 23:00:00+00:00,717509e8-ead0-4364-9ac4-8b3b4043f2aa,0699edf3-5993-4182-b9b4-ec935cbd4fcc,0699edf3-5993-4182-b9b4-ec935cbd4fcc,5d70a9af-8c2b-4aec-9e68-9acc6ddb93e4,5d70a9af-8c2b-4aec-9e68-9acc6ddb93e4,0,1608.0037813212216,1609.7036091739071,0.8087128380933358
2021,2021-09-08 23:00:00+00:00,717509e8-ead0-4364-9ac4-8b3b4043f2aa,5d70a9af-8c2b-4aec-9e68-9acc6ddb93e4,5d70a9af-8c2b-4aec-9e68-9acc6ddb93e4,0699edf3-5993-4182-b9b4-ec935cbd4fcc,0699edf3-5993-4182-b9b4-ec935cbd4fcc,1,1332.5603757967615,1330.860547944076,0.19128716190666414
2021,2021-09-09 01:00:00+00:00,c96d16d2-6ebe-42b6-a5e9-7dd6e1bf9647,6f017f37-be96-4bdc-b6d3-0a0429c72e89,6f017f37-be96-4bdc-b6d3-0a0429c72e89,171b097d-01db-4ae8-9d56-035689402ec6,FR_LVA_ACES,0,1634.0071359512312,1606.8872688947408,0.43834554519566304
2021,2021-09-09 01:00:00+00:00,c96d16d2-6ebe-42b6-a5e9-7dd6e1bf9647,171b097d-01db-4ae8-9d56-035689402ec6,FR_LVA_ACES,6f017f37-be96-4bdc-b6d3-0a0429c72e89,6f017f37-be96-4bdc-b6d3-0a0429c72e89,1,1652.0681801889316,1679.188047245422,0.561654454804337
2021,2021-09-10 02:30:00+00:00,75fdcd78-ed4d-482a-ab29-58901f8b0ccb,a015b02d-845c-40c1-8ef4-844984f47e4d,a015b02d-845c-40c1-8ef4-844984f47e4d,0a5ad38d-2fe3-43ba-894b-1ba3d5042ea9,0a5ad38d-2fe3-43ba-894b-1ba3d5042ea9,0,1728.7507254258421,1735.0020640746607,0.8601832151762612
2021,2021-09-10 02:30:00+00:00,75fdcd78-ed4d-482a-ab29-58901f8b0ccb,0a5ad38d-2fe3-43ba-894b-1ba3d5042ea9,0a5ad38d-2fe3-43ba-894b-1ba3d5042ea9,a015b02d-845c-40c1-8ef4-844984f47e4d,a015b02d-845c-40c1-8ef4-844984f47e4d,1,1388.1380642862337,1381.886725637415,0.13981678482373877
2021,2021-09-10 23:00:00+00:00,c6a70199-462a-49d3-aff4-92c180a66e77,5d70a9af-8c2b-4aec-9e68-9acc6ddb93e4,5d70a9af-8c2b-4aec-9e68-9acc6ddb93e4,5c0d47fe-8539-47b0-9f36-d0b3609ca89b,5c0d47fe-8539-47b0-9f36-d0b3609ca89b,0,1330.860547944076,1320.829767335803,0.3677171937524728
2021,2021-09-10 23:00:00+00:00,c6a70199-462a-49d3-aff4-92c180a66e77,5c0d47fe-8539-47b0-9f36-d0b3609ca89b,5c0d47fe-8539-47b0-9f36-d0b3609ca89b,5d70a9af-8c2b-4aec-9e68-9acc6ddb93e4,5d70a9af-8c2b-4aec-9e68-9acc6ddb93e4,1,1400.0195219529016,1410.0503025611747,0.6322828062475272
2021,2021-09-11 00:00:00+00:00,5a6502d5-07f7-440a-911a-7157bd8d6cd3,f073a15f-0486-4179-b0a3-dfd0294eb595,f073a15f-0486-4179-b0a3-dfd0294eb595,6f017f37-be96-4bdc-b6d3-0a0429c72e89,6f017f37-be96-4bdc-b6d3-0a0429c72e89,0,1323.3673943148453,1317.1734901371344,0.14479984143309
2021,2021-09-11 00:00:00+00:00,5a6502d5-07f7-440a-911a-7157bd8d6cd3,6f017f37-be96-4bdc-b6d3-0a0429c72e89,6f017f37-be96-4bdc-b6d3-0a0429c72e89,f073a15f-0486-4179-b0a3-dfd0294eb595,f073a15f-0486-4179-b0a3-dfd0294eb595,1,1606.8872688947408,1613.0811730724517,0.85520015856691
2021,2021-09-12 00:00:00+00:00,e42a37e4-6de6-4269-84e7-39b3d12da826,08ed8274-e29f-4248-bc2e-83cc8ed18d75,08ed8274-e29f-4248-bc2e-83cc8ed18d75,5f0b5caf-708b-4300-92f2-53b51d83ec06,5f0b5caf-708b-4300-92f2-53b51d83ec06,0,1323.8292926251834,1321.1899684478904,0.2799266547484992
2021,2021-09-12 00:00:00+00:00,e42a37e4-6de6-4269-84e7-39b3d12da826,5f0b5caf-708b-4300-92f2-53b51d83ec06,5f0b5caf-708b-4300-92f2-53b51d83ec06,08ed8274-e29f-4248-bc2e-83cc8ed18d75,08ed8274-e29f-4248-bc2e-83cc8ed18d75,1,1462.9622849863747,1465.6016091636677,0.7200733452515008
2021,2021-09-12 02:00:00+00:00,95878a60-3381-454a-a07d-9fabe82c5d79,a015b02d-845c-40c1-8ef4-844984f47e4d,a015b02d-845c-40c1-8ef4-844984f47e4d,0699edf3-5993-4182-b9b4-ec935cbd4fcc,0699edf3-5993-4182-b9b4-ec935cbd4fcc,0,1735.0020640746607,1745.652725431259,0.6404607106628586
2021,2021-09-12 02:00:00+00:00,95878a60-3381-454a-a07d-9fabe82c5d79,0699edf3-5993-4182-b9b4-ec935cbd4fcc,0699edf3-5993-4182-b9b4-ec935cbd4fcc,a015b02d-845c-40c1-8ef4-844984f47e4d,a015b02d-845c-40c1-8ef4-844984f47e4d,1,1609.7036091739071,1599.052947817309,0.35953928933714135
2021,2021-09-12 19:00:00+00:00,8ced2bbc-a7ed-48a8-bb3d-becf7274031a,5c0d47fe-8539-47b0-9f36-d0b3609ca89b,5c0d47fe-8539-47b0-9f36-d0b3609ca89b,3c409388-ab73-4c7f-953d-3a71062240f6,3c409388-ab73-4c7f-953d-3a71062240f6,0,1410.0503025611747,1429.2007586249017,0.2450595533742871
2021,2021-09-12 19:00:00+00:00,8ced2bbc-a7ed-48a8-bb3d-becf7274031a,3c409388-ab73-4c7f-953d-3a71062240f6,3c409388-ab73-4c7f-953d-3a71062240f6,5c0d47fe-8539-47b0-9f36-d0b3609ca89b,5c0d47fe-8539-47b0-9f36-d0b3609ca89b,1,1580.5067249823953,1561.3562689186683,0.7549404466257129
2021,2021-09-12 23:00:00+00:00,f725da52-12b6-4be0-8715-bc399a68fc89,f073a15f-0486-4179-b0a3-dfd0294eb595,f073a15f-0486-4179-b0a3-dfd0294eb595,6f017f37-be96-4bdc-b6d3-0a0429c72e89,6f017f37-be96-4bdc-b6d3-0a0429c72e89,0,1317.1734901371344,1313.4166740376202,0.13619102940235406
2021,2021-09-12 23:00:00+00:00,f725da52-12b6-4be0-8715-bc399a68fc89,6f017f37-be96-4bdc-b6d3-0a0429c72e89,6f017f37-be96-4bdc-b6d3-0a0429c72e89,f073a15f-0486-4179-b0a3-dfd0294eb595,f073a15f-0486-4179-b0a3-dfd0294eb595,1,1613.0811730724517,1616.837989171966,0.8638089705976459
2021,2021-09-13 01:00:00+00:00,866f5455-1c68-47e4-aa04-8944cb1becfd,d6a012ed-84aa-48d3-8265-2d3f3ff2199a,d6a012ed-84aa-48d3-8265-2d3f3ff2199a,0a5ad38d-2fe3-43ba-894b-1ba3d5042ea9,0a5ad38d-2fe3-43ba-894b-1ba3d5042ea9,0,1625.7865181680809,1570.9829576640498,0.779041341815932
2021,2021-09-13 01:00:00+00:00,866f5455-1c68-47e4-aa04-8944cb1becfd,0a5ad38d-2fe3-43ba-894b-1ba3d5042ea9,0a5ad38d-2fe3-43ba-894b-1ba3d5042ea9,d6a012ed-84aa-48d3-8265-2d3f3ff2199a,d6a012ed-84aa-48d3-8265-2d3f3ff2199a,1,1381.886725637415,1436.6902861414462,0.220958658184068
2021,2021-09-13 19:00:00+00:00,7319da0e-affb-4758-a0a5-c8a62e624ad9,5f0b5caf-708b-4300-92f2-53b51d83ec06,5f0b5caf-708b-4300-92f2-53b51d83ec06,171b097d-01db-4ae8-9d56-035689402ec6,FR_LVA_ACES,0,1465.6016091636677,1459.719306411221,0.2020688331226902
2021,2021-09-13 19:00:00+00:00,7319da0e-affb-4758-a0a5-c8a62e624ad9,171b097d-01db-4ae8-9d56-035689402ec6,FR_LVA_ACES,5f0b5caf-708b-4300-92f2-53b51d83ec06,5f0b5caf-708b-4300-92f2-53b51d83ec06,1,1679.188047245422,1685.0703499978688,0.7979311668773098
2021,2021-09-14 23:00:00+00:00,cbe48f7d-fde9-4ddf-b2e9-b9c4d252c13f,f073a15f-0486-4179-b0a3-dfd0294eb595,f073a15f-0486-4179-b0a3-dfd0294eb595,5d70a9af-8c2b-4aec-9e68-9acc6ddb93e4,5d70a9af-8c2b-4aec-9e68-9acc6ddb93e4,0,1313.4166740376202,1301.629295231328,0.45348866750563954
2021,2021-09-14 23:00:00+00:00,cbe48f7d-fde9-4ddf-b2e9-b9c4d252c13f,5d70a9af-8c2b-4aec-9e68-9acc6ddb93e4,5d70a9af-8c2b-4aec-9e68-9acc6ddb93e4,f073a15f-0486-4179-b0a3-dfd0294eb595,f073a15f-0486-4179-b0a3-dfd0294eb595,1,1320.829767335803,1332.6171461420952,0.5465113324943605
2021,2021-09-15 23:00:00+00:00,5611f77a-47f9-4799-9de8-467f3c156305,08ed8274-e29f-4248-bc2e-83cc8ed18d75,08ed8274-e29f-4248-bc2e-83cc8ed18d75,a015b02d-845c-40c1-8ef4-844984f47e4d,a015b02d-845c-40c1-8ef4-844984f47e4d,0,1321.1899684478904,1316.7989813462198,0.06995924105328377
2021,2021-09-15 23:00:00+00:00,5611f77a-47f9-4799-9de8-467f3c156305,a015b02d-845c-40c1-8ef4-844984f47e4d,a015b02d-845c-40c1-8ef4-844984f47e4d,08ed8274-e29f-4248-bc2e-83cc8ed18d75,08ed8274-e29f-4248-bc2e-83cc8ed18d75,1,1745.652725431259,1750.0437125329295,0.9300407589467162
2021,2021-09-16 23:00:00+00:00,e12a562b-3614-4984-86fe-3920d2ec8926,0a5ad38d-2fe3-43ba-894b-1ba3d5042ea9,0a5ad38d-2fe3-43ba-894b-1ba3d5042ea9,5d70a9af-8c2b-4aec-9e68-9acc6ddb93e4,5d70a9af-8c2b-4aec-9e68-9acc6ddb93e4,0,1436.6902861414462,1445.4511924092965,0.6118704932449415
2021,2021-09-16 23:00:00+00:00,e12a562b-3614-4984-86fe-3920d2ec8926,5d70a9af-8c2b-4aec-9e68-9acc6ddb93e4,5d70a9af-8c2b-4aec-9e68-9acc6ddb93e4,0a5ad38d-2fe3-43ba-894b-1ba3d5042ea9,0a5ad38d-2fe3-43ba-894b-1ba3d5042ea9,1,1332.6171461420952,1323.856239874245,0.3881295067550586
2021,2021-09-17 23:00:00+00:00,5ec90a86-8af3-4d78-828f-8d4157d9aaff,5c0d47fe-8539-47b0-9f36-d0b3609ca89b,5c0d47fe-8539-47b0-9f36-d0b3609ca89b,08ed8274-e29f-4248-bc2e-83cc8ed18d75,08ed8274-e29f-4248-bc2e-83cc8ed18d75,0,1429.2007586249017,1407.4553402616998,0.623193453570317
2021,2021-09-17 23:00:00+00:00,5ec90a86-8af3-4d78-828f-8d4157d9aaff,08ed8274-e29f-4248-bc2e-83cc8ed18d75,08ed8274-e29f-4248-bc2e-83cc8ed18d75,5c0d47fe-8539-47b0-9f36-d0b3609ca89b,5c0d47fe-8539-47b0-9f36-d0b3609ca89b,1,1316.7989813462198,1338.5443997094217,0.3768065464296831
2021,2021-09-17 23:00:00+00:00,c331528c-ef4e-4071-ab7a-244876089243,6f017f37-be96-4bdc-b6d3-0a0429c72e89,6f017f37-be96-4bdc-b6d3-0a0429c72e89,f073a15f-0486-4179-b0a3-dfd0294eb595,f073a15f-0486-4179-b0a3-dfd0294eb595,0,1616.837989171966,1624.3773227448276,0.8416525393349097
2021,2021-09-17 23:00:00+00:00,c331528c-ef4e-4071-ab7a-244876089243,f073a15f-0486-4179-b0a3-dfd0294eb595,f073a15f-0486-4179-b0a3-dfd0294eb595,6f017f37-be96-4bdc-b6d3-0a0429c72e89,6f017f37-be96-4bdc-b6d3-0a0429c72e89,1,1301.629295231328,1294.0899616584663,0.15834746066509034
2021,2021-09-18 00:00:00+00:00,31a71261-9488-4a23-a70f-5474d4d922a2,171b097d-01db-4ae8-9d56-035689402ec6,FR_LVA_ACES,3c409388-ab73-4c7f-953d-3a71062240f6,3c409388-ab73-4c7f-953d-3a71062240f6,0,1685.0703499978688,1717.246966182841,0.6383578722487233
2021,2021-09-18 00:00:00+00:00,31a71261-9488-4a23-a70f-5474d4d922a2,3c409388-ab73-4c7f-953d-3a71062240f6,3c409388-ab73-4c7f-953d-3a71062240f6,171b097d-01db-4ae8-9d56-035689402ec6,FR_LVA_ACES,1,1561.3562689186683,1529.179652733696,0.3616421277512767
2021,2021-09-18 02:00:00+00:00,f71cf348-cda3-4f1b-88c3-39400994b5d8,0699edf3-5993-4182-b9b4-ec935cbd4fcc,0699edf3-5993-4182-b9b4-ec935cbd4fcc,d6a012ed-84aa-48d3-8265-2d3f3ff2199a,d6a012ed-84aa-48d3-8265-2d3f3ff2199a,0,1599.052947817309,1582.9511191896952,0.5044179559963357
2021,2021-09-18 02:00:00+00:00,f71cf348-cda3-4f1b-88c3-39400994b5d8,d6a012ed-84aa-48d3-8265-2d3f3ff2199a,d6a012ed-84aa-48d3-8265-2d3f3ff2199a,0699edf3-5993-4182-b9b4-ec935cbd4fcc,0699edf3-5993-4182-b9b4-ec935cbd4fcc,1,1570.9829576640498,1587.0847862916635,0.49558204400366435
2021,2021-09-19 17:00:00+00:00,3fd20eda-6929-4734-9713-7a65fefc2550,5d70a9af-8c2b-4aec-9e68-9acc6ddb93e4,5d70a9af-8c2b-4aec-9e68-9acc6ddb93e4,a015b02d-845c-40c1-8ef4-844984f47e4d,a015b02d-845c-40c1-8ef4-844984f47e4d,0,1323.856239874245,1320.7324057384571,0.0693160108495543
2021,2021-09-19 17:00:00+00:00,3fd20eda-6929-4734-9713-7a65fefc2550,a015b02d-845c-40c1-8ef4-844984f47e4d,a015b02d-845c-40c1-8ef4-844984f47e4d,5d70a9af-8c2b-4aec-9e68-9acc6ddb93e4,5d70a9af-8c2b-4aec-9e68-9acc6ddb93e4,1,1750.0437125329295,1753.1675466687173,0.9306839891504457
2021,2021-09-19 19:00:00+00:00,bd18f03b-fb4c-47dc-8323-1ce88271f867,171b097d-01db-4ae8-9d56-035689402ec6,FR_LVA_ACES,0699edf3-5993-4182-b9b4-ec935cbd4fcc,0699edf3-5993-4182-b9b4-ec935cbd4fcc,0,1717.246966182841,1720.6575713058294,0.6522983965441339
2021,2021-09-19 19:00:00+00:00,bd18f03b-fb4c-47dc-8323-1ce88271f867,0699edf3-5993-4182-b9b4-ec935cbd4fcc,0699edf3-5993-4182-b9b4-ec935cbd4fcc,171b097d-01db-4ae8-9d56-035689402ec6,FR_LVA_ACES,1,1582.9511191896952,1579.540514066707,0.3477016034558661
2021,2021-09-19 19:00:00+00:00,e8c389c8-4ca3-4822-a850-3c59874eb70a,6f017f37-be96-4bdc-b6d3-0a0429c72e89,6f017f37-be96-4bdc-b6d3-0a0429c72e89,5c0d47fe-8539-47b0-9f36-d0b3609ca89b,5c0d47fe-8539-47b0-9f36-d0b3609ca89b,0,1624.3773227448276,1629.554644683564,0.7511568562047873
2021,2021-09-19 19:00:00+00:00,e8c389c8-4ca3-4822-a850-3c59874eb70a,5c0d47fe-8539-47b0-9f36-d0b3609ca89b,5c0d47fe-8539-47b0-9f36-d0b3609ca89b,6f017f37-be96-4bdc-b6d3-0a0429c72e89,6f017f37-be96-4bdc-b6d3-0a0429c72e89,1,1407.4553402616998,1402.2780183229634,0.24884314379521266
2021,2021-09-19 21:00:00+00:00,9dcb81ee-65c1-4619-bd37-a8fe95e901ee,0a5ad38d-2fe3-43ba-894b-1ba3d5042ea9,0a5ad38d-2fe3-43ba-894b-1ba3d5042ea9,5f0b5caf-708b-4300-92f2-53b51d83ec06,5f0b5caf-708b-4300-92f2-53b51d83ec06,0,1445.4511924092965,1438.5677824936208,0.4437280459942705
2021,2021-09-19 21:00:00+00:00,9dcb81ee-65c1-4619-bd37-a8fe95e901ee,5f0b5caf-708b-4300-92f2-53b51d83ec06,5f0b5caf-708b-4300-92f2-53b51d83ec06,0a5ad38d-2fe3-43ba-894b-1ba3d5042ea9,0a5ad38d-2fe3-43ba-894b-1ba3d5042ea9,1,1459.719306411221,1466.6027163268966,0.5562719540057295
2021,2021-09-19 22:00:00+00:00,8c3e2280-0bde-4ff4-9c24-4c056386260b,f073a15f-0486-4179-b0a3-dfd0294eb595,f073a15f-0486-4179-b0a3-dfd0294eb595,3c409388-ab73-4c7f-953d-3a71062240f6,3c409388-ab73-4c7f-953d-3a71062240f6,0,1294.0899616584663,1288.439488992019,0.182844011213664
2021,2021-09-19 22:00:00+00:00,8c3e2280-0bde-4ff4-9c24-4c056386260b,3c409388-ab73-4c7f-953d-3a71062240f6,3c409388-ab73-4c7f-953d-3a71062240f6,f073a15f-0486-4179-b0a3-dfd0294eb595,f073a15f-0486-4179-b0a3-dfd0294eb595,1,1529.179652733696,1534.8301254001433,0.817155988786336
2021,2021-09-24 00:00:00+00:00,1f08aa74-b4b1-4438-b1b3-d504f989919c,5f0b5caf-708b-4300-92f2-53b51d83ec06,5f0b5caf-708b-4300-92f2-53b51d83ec06,3c409388-ab73-4c7f-953d-3a71062240f6,3c409388-ab73-4c7f-953d-3a71062240f6,0,1466.6027163268966,1448.2903607911041,0.36896486820555885
2021,2021-09-24 00:00:00+00:00,1f08aa74-b4b1-4438-b1b3-d504f989919c,3c409388-ab73-4c7f-953d-3a71062240f6,3c409388-ab73-4c7f-953d-3a71062240f6,5f0b5caf-708b-4300-92f2-53b51d83ec06,5f0b5caf-708b-4300-92f2-53b51d83ec06,1,1534.8301254001433,1553.1424809359357,0.6310351317944412
2021,2021-09-24 02:00:00+00:00,0520f21c-a56a-41c5-90b5-ad94199820a3,08ed8274-e29f-4248-bc2e-83cc8ed18d75,08ed8274-e29f-4248-bc2e-83cc8ed18d75,0699edf3-5993-4182-b9b4-ec935cbd4fcc,0699edf3-5993-4182-b9b4-ec935cbd4fcc,0,1338.5443997094217,1336.9804673021415,0.17781865894157167
2021,2021-09-24 02:00:00+00:00,0520f21c-a56a-41c5-90b5-ad94199820a3,0699edf3-5993-4182-b9b4-ec935cbd4fcc,0699edf3-5993-4182-b9b4-ec935cbd4fcc,08ed8274-e29f-4248-bc2e-83cc8ed18d75,08ed8274-e29f-4248-bc2e-83cc8ed18d75,1,1579.540514066707,1581.104446473987,0.8221813410584283
2021,2021-09-26 19:00:00+00:00,5d1442f6-80ec-4fbc-81c1-ca819121c540,0699edf3-5993-4182-b9b4-ec935cbd4fcc,0699edf3-5993-4182-b9b4-ec935cbd4fcc,d6a012ed-84aa-48d3-8265-2d3f3ff2199a,d6a012ed-84aa-48d3-8265-2d3f3ff2199a,0,1581.104446473987,1592.4388177477645,0.4555334962786367
2021,2021-09-26 19:00:00+00:00,5d1442f6-80ec-4fbc-81c1-ca819121c540,d6a012ed-84aa-48d3-8265-2d3f3ff2199a,d6a012ed-84aa-48d3-8265-2d3f3ff2199a,0699edf3-5993-4182-b9b4-ec935cbd4fcc,0699edf3-5993-4182-b9b4-ec935cbd4fcc,1,1587.0847862916635,1575.750415017886,0.5444665037213633
2021,2021-09-26 21:00:00+00:00,ce785bd5-2ae9-4d91-b52d-88223d6fa344,3c409388-ab73-4c7f-953d-3a71062240f6,3c409388-ab73-4c7f-953d-3a71062240f6,6f017f37-be96-4bdc-b6d3-0a0429c72e89,6f017f37-be96-4bdc-b6d3-0a0429c72e89,0,1553.1424809359357,1578.4764011550233,0.35806435113462187
2021,2021-09-26 21:00:00+00:00,ce785bd5-2ae9-4d91-b52d-88223d6fa344,6f017f37-be96-4bdc-b6d3-0a0429c72e89,6f017f37-be96-4bdc-b6d3-0a0429c72e89,3c409388-ab73-4c7f-953d-3a71062240f6,3c409388-ab73-4c7f-953d-3a71062240f6,1,1629.554644683564,1604.2207244644765,0.6419356488653781
2021,2021-09-29 00:00:00+00:00,8db777f3-d932-4107-9d87-0ab4e4fca5cb,3c409388-ab73-4c7f-953d-3a71062240f6,3c409388-ab73-4c7f-953d-3a71062240f6,a015b02d-845c-40c1-8ef4-844984f47e4d,a015b02d-845c-40c1-8ef4-844984f47e4d,0,1578.4764011550233,1594.1919331418376,0.24057774772259766
2021,2021-09-29 00:00:00+00:00,8db777f3-d932-4107-9d87-0ab4e4fca5cb,a015b02d-845c-40c1-8ef4-844984f47e4d,a015b02d-845c-40c1-8ef4-844984f47e4d,3c409388-ab73-4c7f-953d-3a71062240f6,3c409388-ab73-4c7f-953d-3a71062240f6,1,1753.1675466687173,1737.452014681903,0.7594222522774023
2021,2021-09-29 02:00:00+00:00,96fb24dd-36db-40f2-9879-71585430c94f,0699edf3-5993-4182-b9b4-ec935cbd4fcc,0699edf3-5993-4182-b9b4-ec935cbd4fcc,171b097d-01db-4ae8-9d56-035689402ec6,FR_LVA_ACES,0,1592.4388177477645,1586.1796958817638,0.2927639061059113
2021,2021-09-29 02:00:00+00:00,96fb24dd-36db-40f2-9879-71585430c94f,171b097d-01db-4ae8-9d56-035689402ec6,FR_LVA_ACES,0699edf3-5993-4182-b9b4-ec935cbd4fcc,0699edf3-5993-4182-b9b4-ec935cbd4fcc,1,1720.6575713058294,1726.91669317183,0.7072360938940887
2021,2021-10-01 00:00:00+00:00,7ffe48f7-1f94-45fa-aabf-ec43acc8c735,3c409388-ab73-4c7f-953d-3a71062240f6,3c409388-ab73-4c7f-953d-3a71062240f6,a015b02d-845c-40c1-8ef4-844984f47e4d,a015b02d-845c-40c1-8ef4-844984f47e4d,0,1594.1919331418376,1585.1379220874755,0.27516305263337726
2021,2021-10-01 00:00:00+00:00,7ffe48f7-1f94-45fa-aabf-ec43acc8c735,a015b02d-845c-40c1-8ef4-844984f47e4d,a015b02d-845c-40c1-8ef4-844984f47e4d,3c409388-ab73-4c7f-953d-3a71062240f6,3c409388-ab73-4c7f-953d-3a71062240f6,1,1737.452014681903,1746.506025736265,0.7248369473666227
2021,2021-10-01 02:00:00+00:00,82d86a4f-0b8c-4a52-a597-26dff13ac1ac,0699edf3-5993-4182-b9b4-ec935cbd4fcc,0699edf3-5993-4182-b9b4-ec935cbd4fcc,171b097d-01db-4ae8-9d56-035689402ec6,FR_LVA_ACES,0,1586.1796958817638,1635.4731985893063,0.278069287837042
2021,2021-10-01 02:00:00+00:00,82d86a4f-0b8c-4a52-a597-26dff13ac1ac,171b097d-01db-4ae8-9d56-035689402ec6,FR_LVA_ACES,0699edf3-5993-4182-b9b4-ec935cbd4fcc,0699edf3-5993-4182-b9b4-ec935cbd4fcc,1,1726.91669317183,1677.6231904642875,0.721930712162958
2021,2021-10-03 17:00:00+00:00,19583dc5-82db-4df3-8dc0-19f545fb7eec,a015b02d-845c-40c1-8ef4-844984f47e4d,a015b02d-845c-40c1-8ef4-844984f47e4d,3c409388-ab73-4c7f-953d-3a71062240f6,3c409388-ab73-4c7f-953d-3a71062240f6,0,1746.506025736265,1736.5987540024435,0.6867562762975757
2021,2021-10-03 17:00:00+00:00,19583dc5-82db-4df3-8dc0-19f545fb7eec,3c409388-ab73-4c7f-953d-3a71062240f6,3c409388-ab73-4c7f-953d-3a71062240f6,a015b02d-845c-40c1-8ef4-844984f47e4d,a015b02d-845c-40c1-8ef4-844984f47e4d,1,1585.1379220874755,1595.045193821297,0.31324372370242426
2021,2021-10-03 19:00:00+00:00,d8efbcb9-e7df-4956-9902-d96cee1df863,171b097d-01db-4ae8-9d56-035689402ec6,FR_LVA_ACES,0699edf3-5993-4182-b9b4-ec935cbd4fcc,0699edf3-5993-4182-b9b4-ec935cbd4fcc,0,1677.6231904642875,1636.2184002167685,0.52466079625729
2021,2021-10-03 19:00:00+00:00,d8efbcb9-e7df-4956-9902-d96cee1df863,0699edf3-5993-4182-b9b4-ec935cbd4fcc,0699edf3-5993-4182-b9b4-ec935cbd4fcc,171b097d-01db-4ae8-9d56-035689402ec6,FR_LVA_ACES,1,1635.4731985893063,1676.8779888368254,0.47533920374271005
2021,2021-10-07 00:00:00+00:00,2dbd8cf1-1a09-49bb-b547-87970db22f6f,a015b02d-845c-40c1-8ef4-844984f47e4d,a015b02d-845c-40c1-8ef4-844984f47e4d,3c409388-ab73-4c7f-953d-3a71062240f6,3c409388-ab73-4c7f-953d-3a71062240f6,0,1736.5987540024435,1715.6158810210395,0.6617127640515321
2021,2021-10-07 00:00:00+00:00,2dbd8cf1-1a09-49bb-b547-87970db22f6f,3c409388-ab73-4c7f-953d-3a71062240f6,3c409388-ab73-4c7f-953d-3a71062240f6,a015b02d-845c-40c1-8ef4-844984f47e4d,a015b02d-845c-40c1-8ef4-844984f47e4d,1,1595.045193821297,1616.028066802701,0.3382872359484678
2021,2021-10-07 02:00:00+00:00,acf50873-6bde-479d-9331-ef57ce044938,171b097d-01db-4ae8-9d56-035689402ec6,FR_LVA_ACES,0699edf3-5993-4182-b9b4-ec935cbd4fcc,0699edf3-5993-4182-b9b4-ec935cbd4fcc,0,1636.2184002167685,1666.2860901526535,0.40661733142297307
2021,2021-10-07 02:00:00+00:00,acf50873-6bde-479d-9331-ef57ce044938,0699edf3-5993-4182-b9b4-ec935cbd4fcc,0699edf3-5993-4182-b9b4-ec935cbd4fcc,171b097d-01db-4ae8-9d56-035689402ec6,FR_LVA_ACES,1,1676.8779888368254,1646.8102989009403,0.5933826685770269
2021,2021-10-09 01:00:00+00:00,ef6e2144-d45e-4ca9-ad22-4f755f028ed7,0699edf3-5993-4182-b9b4-ec935cbd4fcc,0699edf3-5993-4182-b9b4-ec935cbd4fcc,171b097d-01db-4ae8-9d56-035689402ec6,FR_LVA_ACES,0,1646.8102989009403,1655.5189741592314,0.43634153521347296
2021,2021-10-09 01:00:00+00:00,ef6e2144-d45e-4ca9-ad22-4f755f028ed7,171b097d-01db-4ae8-9d56-035689402ec6,FR_LVA_ACES,0699edf3-5993-4182-b9b4-ec935cbd4fcc,0699edf3-5993-4182-b9b4-ec935cbd4fcc,1,1666.2860901526535,1657.5774148943624,0.563658464786527
2021,2021-10-10 19:00:00+00:00,3a406982-f5cd-4f0f-9355-d7ef3b94a8cd,3c409388-ab73-4c7f-953d-3a71062240f6,3c409388-ab73-4c7f-953d-3a71062240f6,0699edf3-5993-4182-b9b4-ec935cbd4fcc,0699edf3-5993-4182-b9b4-ec935cbd4fcc,0,1616.028066802701,1641.5383071454025,0.40824154750068853
2021,2021-10-10 19:00:00+00:00,3a406982-f5cd-4f0f-9355-d7ef3b94a8cd,0699edf3-5993-4182-b9b4-ec935cbd4fcc,0699edf3-5993-4182-b9b4-ec935cbd4fcc,3c409388-ab73-4c7f-953d-3a71062240f6,3c409388-ab73-4c7f-953d-3a71062240f6,1,1655.5189741592314,1630.00873381653,0.5917584524993115
2021,2021-10-14 01:00:00+00:00,458f5ba6-bd46-4788-b9bd-3355ab7489ce,3c409388-ab73-4c7f-953d-3a71062240f6,3c409388-ab73-4c7f-953d-3a71062240f6,0699edf3-5993-4182-b9b4-ec935cbd4fcc,0699edf3-5993-4182-b9b4-ec935cbd4fcc,0,1641.5383071454025,1631.394305985714,0.4806242052519042
2021,2021-10-14 01:00:00+00:00,458f5ba6-bd46-4788-b9bd-3355ab7489ce,0699edf3-5993-4182-b9b4-ec935cbd4fcc,0699edf3-5993-4182-b9b4-ec935cbd4fcc,3c409388-ab73-4c7f-953d-3a71062240f6,3c409388-ab73-4c7f-953d-3a71062240f6,1,1630.00873381653,1640.1527349762184,0.5193757947480958
2021,2021-10-16 01:00:00+00:00,c1c0c3c1-93cc-45d9-ad27-08a2659c1afb,0699edf3-5993-4182-b9b4-ec935cbd4fcc,0699edf3-5993-4182-b9b4-ec935cbd4fcc,3c409388-ab73-4c7f-953d-3a71062240f6,3c409388-ab73-4c7f-953d-3a71062240f6,0,1640.1527349762184,1591.2176360903086,0.47664351146768724
2021,2021-10-16 01:00:00+00:00,c1c0c3c1-93cc-45d9-ad27-08a2659c1afb,3c409388-ab73-4c7f-953d-3a71062240f6,3c409388-ab73-4c7f-953d-3a71062240f6,0699edf3-5993-4182-b9b4-ec935cbd4fcc,0699edf3-5993-4182-b9b4-ec935cbd4fcc,1,1631.394305985714,1680.3294048716239,0.5233564885323128
2021,2021-10-17 19:00:00+00:00,27808273-a3d8-41f0-af82-8d5d9ff7b541,0699edf3-5993-4182-b9b4-ec935cbd4fcc,0699edf3-5993-4182-b9b4-ec935cbd4fcc,3c409388-ab73-4c7f-953d-3a71062240f6,3c409388-ab73-4c7f-953d-3a71062240f6,0,1591.2176360903086,1583.7085565671518,0.3414407916750952
2021,2021-10-17 19:00:00+00:00,27808273-a3d8-41f0-af82-8d5d9ff7b541,3c409388-ab73-4c7f-953d-3a71062240f6,3c409388-ab73-4c7f-953d-3a71062240f6,0699edf3-5993-4182-b9b4-ec935cbd4fcc,0699edf3-5993-4182-b9b4-ec935cbd4fcc,1,1680.3294048716239,1687.8384843947806,0.6585592083249048
