season,game_id,game_ts,game_date,team_id,franchise_id,opponent_team_id,opponent_franchise_id,is_home,is_playoff,net_rtg_ewma_pre,efg_ewma_pre,tov_pct_ewma_pre,orb_pct_ewma_pre,ftr_ewma_pre,last_completed_game_id,last_completed_game_ts,net_rtg_last_game,efg_last_game,tov_pct_last_game,orb_pct_last_game,ftr_last_game,net_rtg_game,efg_game,tov_pct_game,orb_pct_game,ftr_game,poss_game,poss_opp_game,ortg_game,drtg_game,bronze_file
2024,a0c81135-419b-46e1-b1e6-5f9fd9d56208,2024-05-14 23:00:00+00:00,2024-05-14,08ed8274-e29f-4248-bc2e-83cc8ed18d75,08ed8274-e29f-4248-bc2e-83cc8ed18d75,5c0d47fe-8539-47b0-9f36-d0b3609ca89b,5c0d47fe-8539-47b0-9f36-d0b3609ca89b,0,0,0.0,0.0,0.0,0.0,0.0,,,0.0,0.0,0.0,0.0,0.0,6.028979525404694,0.5294117647058824,0.2309468822170901,0.25,0.22058823529411764,86.6,86.84,98.15242494226328,92.12344541685859,game_summary__a0c81135-419b-46e1-b1e6-5f9fd9d56208__20260227T225655Z.json
2024,a0c81135-419b-46e1-b1e6-5f9fd9d56208,2024-05-14 23:00:00+00:00,2024-05-14,5c0d47fe-8539-47b0-9f36-d0b3609ca89b,5c0d47fe-8539-47b0-9f36-d0b3609ca89b,08ed8274-e29f-4248-bc2e-83cc8ed18d75,08ed8274-e29f-4248-bc2e-83cc8ed18d75,1,0,0.0,0.0,0.0,0.0,0.0,,,0.0,0.0,0.0,0.0,0.0,-6.028979525404694,0.46153846153846156,0.16121602947950253,0.2631578947368421,0.14102564102564102,86.84,86.6,92.12344541685859,98.15242494226328,game_summary__a0c81135-419b-46e1-b1e6-5f9fd9d56208__20260227T225655Z.json
2024,0a40e0a9-5339-4f1f-8815-cc89963c1bee,2024-05-14 23:30:00+00:00,2024-05-14,a015b02d-845c-40c1-8ef4-844984f47e4d,a015b02d-845c-40c1-8ef4-844984f47e4d,f073a15f-0486-4179-b0a3-dfd0294eb595,f073a15f-0486-4179-b0a3-dfd0294eb595,1,0,0.0,0.0,0.0,0.0,0.0,,,0.0,0.0,0.0,0.0,0.0,20.058083717357917,0.553030303030303,0.17857142857142858,0.25,0.3787878787878788,84.0,79.36,109.52380952380953,89.46572580645162,game_summary__0a40e0a9-5339-4f1f-8815-cc89963c1bee__20260227T225656Z.json
2024,0a40e0a9-5339-4f1f-8815-cc89963c1bee,2024-05-14 23:30:00+00:00,2024-05-14,f073a15f-0486-4179-b0a3-dfd0294eb595,f073a15f-0486-4179-b0a3-dfd0294eb595,a015b02d-845c-40c1-8ef4-844984f47e4d,a015b02d-845c-40c1-8ef4-844984f47e4d,0,0,0.0,0.0,0.0,0.0,0.0,,,0.0,0.0,0.0,0.0,0.0,-20.058083717357917,0.56,0.31502016129032256,0.15384615384615385,0.38,79.36,84.0,89.46572580645162,109.52380952380953,game_summary__0a40e0a9-5339-4f1f-8815-cc89963c1bee__20260227T225656Z.json
2024,1b0a97b5-21ae-4b42-aa3f-b2b2e2936b11,2024-05-15 02:00:00+00:00,2024-05-15,0699edf3-5993-4182-b9b4-ec935cbd4fcc,0699edf3-5993-4182-b9b4-ec935cbd4fcc,171b097d-01db-4ae8-9d56-035689402ec6,FR_LVA_ACES,0,0,0.0,0.0,0.0,0.0,0.0,,,0.0,0.0,0.0,0.0,0.0,-11.048654168948133,0.48026315789473684,0.19450800915331806,0.2564102564102564,0.13157894736842105,87.4,86.76,91.53318077803203,102.58183494698017,game_summary__1b0a97b5-21ae-4b42-aa3f-b2b2e2936b11__20260227T225658Z.json
2024,1b0a97b5-21ae-4b42-aa3f-b2b2e2936b11,2024-05-15 02:00:00+00:00,2024-05-15,171b097d-01db-4ae8-9d56-035689402ec6,FR_LVA_ACES,0699edf3-5993-4182-b9b4-ec935cbd4fcc,0699edf3-5993-4182-b9b4-ec935cbd4fcc,1,0,0.0,0.0,0.0,0.0,0.0,,,0.0,0.0,0.0,0.0,0.0,11.048654168948133,0.4507042253521127,0.1267865375749193,0.22857142857142856,0.4084507042253521,86.76,87.4,102.58183494698017,91.53318077803203,game_summary__1b0a97b5-21ae-4b42-aa3f-b2b2e2936b11__20260227T225658Z.json
2024,faaaba7d-479f-4b77-855f-07ac3180794c,2024-05-15 02:00:00+00:00,2024-05-15,6f017f37-be96-4bdc-b6d3-0a0429c72e89,6f017f37-be96-4bdc-b6d3-0a0429c72e89,d6a012ed-84aa-48d3-8265-2d3f3ff2199a,d6a012ed-84aa-48d3-8265-2d3f3ff2199a,0,0,0.0,0.0,0.0,0.0,0.0,,,0.0,0.0,0.0,0.0,0.0,12.988289955461056,0.5,0.19109712230215828,0.19444444444444445,0.12,88.96,87.16,93.30035971223022,80.31206975676916,game_summary__faaaba7d-479f-4b77-855f-07ac3180794c__20260227T225700Z.json
2024,faaaba7d-479f-4b77-855f-07ac3180794c,2024-05-15 02:00:00+00:00,2024-05-15,d6a012ed-84aa-48d3-8265-2d3f3ff2199a,d6a012ed-84aa-48d3-8265-2d3f3ff2199a,6f017f37-be96-4bdc-b6d3-0a0429c72e89,6f017f37-be96-4bdc-b6d3-0a0429c72e89,1,0,0.0,0.0,0.0,0.0,0.0,,,0.0,0.0,0.0,0.0,0.0,-12.988289955461056,0.3782051282051282,0.1950435979807251,0.30434782608695654,0.1794871794871795,87.16,88.96,80.31206975676916,93.30035971223022,game_summary__faaaba7d-479f-4b77-855f-07ac3180794c__20260227T225700Z.json
2024,8e6f47b8-a2bd-49d4-8a6e-32a88bcc0dda,2024-05-16 00:00:00+00:00,2024-05-16,3c409388-ab73-4c7f-953d-3a71062240f6,3c409388-ab73-4c7f-953d-3a71062240f6,5f0b5caf-708b-4300-92f2-53b51d83ec06,5f0b5caf-708b-4300-92f2-53b51d83ec06,0,0,0.0,0.0,0.0,0.0,0.0,,,0.0,0.0,0.0,0.0,0.0,-6.512279446828799,0.42567567567567566,0.16690510252742013,0.37209302325581395,0.36486486486486486,83.88,86.4,94.18216499761564,100.69444444444444,game_summary__8e6f47b8-a2bd-49d4-8a6e-32a88bcc0dda__20260227T225701Z.json
2024,8e6f47b8-a2bd-49d4-8a6e-32a88bcc0dda,2024-05-16 00:00:00+00:00,2024-05-16,5f0b5caf-708b-4300-92f2-53b51d83ec06,5f0b5caf-708b-4300-92f2-53b51d83ec06,3c409388-ab73-4c7f-953d-3a71062240f6,3c409388-ab73-4c7f-953d-3a71062240f6,1,0,0.0,0.0,0.0,0.0,0.0,,,0.0,0.0,0.0,0.0,0.0,6.512279446828799,0.4817073170731707,0.1736111111111111,0.4166666666666667,0.12195121951219512,86.4,83.88,100.69444444444444,94.18216499761564,game_summary__8e6f47b8-a2bd-49d4-8a6e-32a88bcc0dda__20260227T225701Z.json
2024,6a826d4d-592b-487d-9e1b-6df346ddab7c,2024-05-16 02:00:00+00:00,2024-05-16,0a5ad38d-2fe3-43ba-894b-1ba3d5042ea9,0a5ad38d-2fe3-43ba-894b-1ba3d5042ea9,5d70a9af-8c2b-4aec-9e68-9acc6ddb93e4,5d70a9af-8c2b-4aec-9e68-9acc6ddb93e4,1,0,0.0,0.0,0.0,0.0,0.0,,,0.0,0.0,0.0,0.0,0.0,-20.696292588047015,0.4722222222222222,0.15967153284671531,0.22857142857142856,0.3055555555555556,87.68,81.36,92.38138686131386,113.07767944936087,game_summary__6a826d4d-592b-487d-9e1b-6df346ddab7c__20260227T225703Z.json
2024,6a826d4d-592b-487d-9e1b-6df346ddab7c,2024-05-16 02:00:00+00:00,2024-05-16,5d70a9af-8c2b-4aec-9e68-9acc6ddb93e4,5d70a9af-8c2b-4aec-9e68-9acc6ddb93e4,0a5ad38d-2fe3-43ba-894b-1ba3d5042ea9,0a5ad38d-2fe3-43ba-894b-1ba3d5042ea9,0,0,0.0,0.0,0.0,0.0,0.0,,,0.0,0.0,0.0,0.0,0.0,20.696292588047015,0.5671641791044776,0.15978367748279254,0.20588235294117646,0.2835820895522388,81.36,87.68,113.07767944936087,92.38138686131386,game_summary__6a826d4d-592b-487d-9e1b-6df346ddab7c__20260227T225703Z.json
2024,2f2c3ff9-6492-41e7-9331-9b40051d7359,2024-05-16 23:00:00+00:00,2024-05-16,08ed8274-e29f-4248-bc2e-83cc8ed18d75,08ed8274-e29f-4248-bc2e-83cc8ed18d75,f073a15f-0486-4179-b0a3-dfd0294eb595,f073a15f-0486-4179-b0a3-dfd0294eb595,0,0,0.5683900978830853,0.049911001272049386,0.021772825805102376,0.02356908393402332,0.02079625053002058,a0c81135-419b-46e1-b1e6-5f9fd9d56208,2024-05-14 23:00:00+00:00,6.028979525404694,0.5294117647058824,0.2309468822170901,0.25,0.22058823529411764,35.94673962486286,0.5128205128205128,0.1174812030075188,0.40625,0.2948717948717949,85.12,78.68,119.83082706766916,83.8840874428063,game_summary__2f2c3ff9-6492-41e7-9331-9b40051d7359__20260227T225705Z.json
2024,2f2c3ff9-6492-41e7-9331-9b40051d7359,2024-05-16 23:00:00+00:00,2024-05-16,f073a15f-0486-4179-b0a3-dfd0294eb595,f073a15f-0486-4179-b0a3-dfd0294eb595,08ed8274-e29f-4248-bc2e-83cc8ed18d75,08ed8274-e29f-4248-bc2e-83cc8ed18d75,1,0,-1.891002634760301,0.05279474801221225,0.029698946489444707,0.01450405165170666,0.03582500757971545,0a40e0a9-5339-4f1f-8815-cc89963c1bee,2024-05-14 23:30:00+00:00,-20.058083717357917,0.56,0.31502016129032256,0.15384615384615385,0.38,-35.94673962486286,0.4083333333333333,0.20335536349771224,0.20588235294117646,0.36666666666666664,78.68,85.12,83.8840874428063,119.83082706766916,game_summary__2f2c3ff9-6492-41e7-9331-9b40051d7359__20260227T225705Z.json
2024,87dbf38e-5908-4e9a-8cb8-e8d078fae6b4,2024-05-17 23:30:00+00:00,2024-05-17,5c0d47fe-8539-47b0-9f36-d0b3609ca89b,5c0d47fe-8539-47b0-9f36-d0b3609ca89b,a015b02d-845c-40c1-8ef4-844984f47e4d,a015b02d-845c-40c1-8ef4-844984f47e4d,0,0,-0.5683900978830853,0.04351215495511998,0.015198856521249493,0.024809562035814022,0.013295380680731104,a0c81135-419b-46e1-b1e6-5f9fd9d56208,2024-05-14 23:00:00+00:00,-6.028979525404694,0.46153846153846156,0.16121602947950253,0.2631578947368421,0.14102564102564102,-5.759348375482077,0.5603448275862069,0.26777020447906524,0.16,0.2413793103448276,82.16,84.44,93.71957156767283,99.4789199431549,game_summary__87dbf38e-5908-4e9a-8cb8-e8d078fae6b4__20260227T225707Z.json
2024,87dbf38e-5908-4e9a-8cb8-e8d078fae6b4,2024-05-17 23:30:00+00:00,2024-05-17,a015b02d-845c-40c1-8ef4-844984f47e4d,a015b02d-845c-40c1-8ef4-844984f47e4d,5c0d47fe-8539-47b0-9f36-d0b3609ca89b,5c0d47fe-8539-47b0-9f36-d0b3609ca89b,1,0,1.891002634760301,0.05213767052071825,0.0168350599528738,0.02356908393402332,0.035710733233368666,0a40e0a9-5339-4f1f-8815-cc89963c1bee,2024-05-14 23:30:00+00:00,20.058083717357917,0.553030303030303,0.17857142857142858,0.25,0.3787878787878788,5.759348375482077,0.4411764705882353,0.15395547134059687,0.25,0.38235294117647056,84.44,82.16,99.4789199431549,93.71957156767283,game_summary__87dbf38e-5908-4e9a-8cb8-e8d078fae6b4__20260227T225707Z.json
2024,6a32409c-0ce6-4631-9ff6-ea293abb59c3,2024-05-18 01:30:00+00:00,2024-05-18,6f017f37-be96-4bdc-b6d3-0a0429c72e89,6f017f37-be96-4bdc-b6d3-0a0429c72e89,d6a012ed-84aa-48d3-8265-2d3f3ff2199a,d6a012ed-84aa-48d3-8265-2d3f3ff2199a,1,0,1.2244883844787746,0.04713816786804664,0.018015936460359552,0.018331509726462584,0.011313160288331193,faaaba7d-479f-4b77-855f-07ac3180794c,2024-05-15 02:00:00+00:00,12.988289955461056,0.5,0.19109712230215828,0.19444444444444445,0.12,7.333166812372511,0.5253164556962026,0.25925925925925924,0.23255813953488372,0.31645569620253167,108.0,106.76,94.44444444444444,87.11127763207193,game_summary__6a32409c-0ce6-4631-9ff6-ea293abb59c3__20260227T225708Z.json
2024,6a32409c-0ce6-4631-9ff6-ea293abb59c3,2024-05-18 01:30:00+00:00,2024-05-18,d6a012ed-84aa-48d3-8265-2d3f3ff2199a,d6a012ed-84aa-48d3-8265-2d3f3ff2199a,6f017f37-be96-4bdc-b6d3-0a0429c72e89,6f017f37-be96-4bdc-b6d3-0a0429c72e89,0,0,-1.2244883844787746,0.03565579364377887,0.018387995726406446,0.028692797832724045,0.01692139359365777,faaaba7d-479f-4b77-855f-07ac3180794c,2024-05-15 02:00:00+00:00,-12.988289955461056,0.3782051282051282,0.1950435979807251,0.30434782608695654,0.1794871794871795,-7.333166812372511,0.42948717948717946,0.23417010116148368,0.21951219512195122,0.3717948717948718,106.76,108.0,87.11127763207193,94.44444444444444,game_summary__6a32409c-0ce6-4631-9ff6-ea293abb59c3__20260227T225708Z.json
2024,6e8fece8-724b-4551-8262-c89ea1247cf0,2024-05-18 17:00:00+00:00,2024-05-18,08ed8274-e29f-4248-bc2e-83cc8ed18d75,08ed8274-e29f-4248-bc2e-83cc8ed18d75,f073a15f-0486-4179-b0a3-dfd0294eb595,f073a15f-0486-4179-b0a3-dfd0294eb595,1,0,3.9037312556774872,0.09355241379822327,0.030795860906994044,0.059646838456855075,0.046635088565438215,2f2c3ff9-6492-41e7-9331-9b40051d7359,2024-05-16 23:00:00+00:00,35.94673962486286,0.5128205128205128,0.1174812030075188,0.40625,0.2948717948717949,16.755759022723637,0.6015625,0.23518344308560676,0.2,0.25,85.04,88.64,107.00846660395106,90.25270758122743,game_summary__6e8fece8-724b-4551-8262-c89ea1247cf0__20260227T225710Z.json
2024,6e8fece8-724b-4551-8262-c89ea1247cf0,2024-05-18 17:00:00+00:00,2024-05-18,f073a15f-0486-4179-b0a3-dfd0294eb595,f073a15f-0486-4179-b0a3-dfd0294eb595,08ed8274-e29f-4248-bc2e-83cc8ed18d75,08ed8274-e29f-4248-bc2e-83cc8ed18d75,0,0,-5.1016527289793006,0.08631362304908191,0.046070637162043154,0.03254649663667593,0.06701554690728298,2f2c3ff9-6492-41e7-9331-9b40051d7359,2024-05-16 23:00:00+00:00,-35.94673962486286,0.4083333333333333,0.20335536349771224,0.20588235294117646,0.36666666666666664,-16.755759022723637,0.46875,0.18050541516245489,0.2777777777777778,0.075,88.64,85.04,90.25270758122743,107.00846660395106,game_summary__6e8fece8-724b-4551-8262-c89ea1247cf0__20260227T225710Z.json
2024,03b8f654-b298-4a34-8059-b89e4690cae3,2024-05-18 19:00:00+00:00,2024-05-18,0a5ad38d-2fe3-43ba-894b-1ba3d5042ea9,0a5ad38d-2fe3-43ba-894b-1ba3d5042ea9,171b097d-01db-4ae8-9d56-035689402ec6,FR_LVA_ACES,0,0,-1.9511706285231394,0.04451938076426627,0.01505324703815358,0.021548876739678466,0.028806658141584063,6a826d4d-592b-487d-9e1b-6df346ddab7c,2024-05-16 02:00:00+00:00,-20.696292588047015,0.4722222222222222,0.15967153284671531,0.22857142857142856,0.3055555555555556,-14.876360568071235,0.553030303030303,0.20547945205479454,0.1111111111111111,0.22727272727272727,87.6,82.04,93.60730593607308,108.48366650414431,game_summary__03b8f654-b298-4a34-8059-b89e4690cae3__20260227T225712Z.json
2024,03b8f654-b298-4a34-8059-b89e4690cae3,2024-05-18 19:00:00+00:00,2024-05-18,171b097d-01db-4ae8-9d56-035689402ec6,FR_LVA_ACES,0a5ad38d-2fe3-43ba-894b-1ba3d5042ea9,0a5ad38d-2fe3-43ba-894b-1ba3d5042ea9,1,0,1.0416266298637409,0.042490742866971624,0.0119529701832299,0.021548876739678466,0.038507235723193034,1b0a97b5-21ae-4b42-aa3f-b2b2e2936b11,2024-05-15 02:00:00+00:00,11.048654168948133,0.4507042253521127,0.1267865375749193,0.22857142857142856,0.4084507042253521,14.876360568071235,0.5136986301369864,0.1462701121404193,0.2631578947368421,0.2191780821917808,82.04,87.6,108.48366650414431,93.60730593607308,game_summary__03b8f654-b298-4a34-8059-b89e4690cae3__20260227T225712Z.json
2024,7ada605d-fdb6-4219-a843-c9b4b1c5d728,2024-05-19 00:00:00+00:00,2024-05-19,3c409388-ab73-4c7f-953d-3a71062240f6,3c409388-ab73-4c7f-953d-3a71062240f6,5f0b5caf-708b-4300-92f2-53b51d83ec06,5f0b5caf-708b-4300-92f2-53b51d83ec06,0,0,-0.6139538435364917,0.040131142914688354,0.015735201481942133,0.035079566785523084,0.034398122498304304,8e6f47b8-a2bd-49d4-8a6e-32a88bcc0dda,2024-05-16 00:00:00+00:00,-6.512279446828799,0.42567567567567566,0.16690510252742013,0.37209302325581395,0.36486486486486486,10.434357157876022,0.425,0.21396396396396397,0.41304347826086957,0.25,88.8,89.12,93.46846846846847,83.03411131059245,game_summary__7ada605d-fdb6-4219-a843-c9b4b1c5d728__20260227T225713Z.json
2024,7ada605d-fdb6-4219-a843-c9b4b1c5d728,2024-05-19 00:00:00+00:00,2024-05-19,5f0b5caf-708b-4300-92f2-53b51d83ec06,5f0b5caf-708b-4300-92f2-53b51d83ec06,3c409388-ab73-4c7f-953d-3a71062240f6,3c409388-ab73-4c7f-953d-3a71062240f6,1,0,0.6139538435364917,0.04541360075092298,0.016367419398627306,0.03928180655670554,0.011497114114157717,8e6f47b8-a2bd-49d4-8a6e-32a88bcc0dda,2024-05-16 00:00:00+00:00,6.512279446828799,0.4817073170731707,0.1736111111111111,0.4166666666666667,0.12195121951219512,-10.434357157876022,0.4015151515151515,0.29174147217235186,0.3611111111111111,0.3484848484848485,89.12,88.8,83.03411131059245,93.46846846846847,game_summary__7ada605d-fdb6-4219-a843-c9b4b1c5d728__20260227T225713Z.json
2024,3afbcbab-bc3d-44be-9ffc-23f7a57d5821,2024-05-19 02:00:00+00:00,2024-05-19,0699edf3-5993-4182-b9b4-ec935cbd4fcc,0699edf3-5993-4182-b9b4-ec935cbd4fcc,5d70a9af-8c2b-4aec-9e68-9acc6ddb93e4,5d70a9af-8c2b-4aec-9e68-9acc6ddb93e4,1,0,-1.0416266298637409,0.045277450715360594,0.01833750237429732,0.024173419419511098,0.012404781017907011,1b0a97b5-21ae-4b42-aa3f-b2b2e2936b11,2024-05-15 02:00:00+00:00,-11.048654168948133,0.48026315789473684,0.19450800915331806,0.2564102564102564,0.13157894736842105,3.2906878795008794,0.45454545454545453,0.14104372355430184,0.21212121212121213,0.48484848484848486,85.08,84.88,103.43206393982133,100.14137606032045,game_summary__3afbcbab-bc3d-44be-9ffc-23f7a57d5821__20260227T225715Z.json
2024,3afbcbab-bc3d-44be-9ffc-23f7a57d5821,2024-05-19 02:00:00+00:00,2024-05-19,5d70a9af-8c2b-4aec-9e68-9acc6ddb93e4,5d70a9af-8c2b-4aec-9e68-9acc6ddb93e4,0699edf3-5993-4182-b9b4-ec935cbd4fcc,0699edf3-5993-4182-b9b4-ec935cbd4fcc,0,0,1.9511706285231394,0.05347016056673947,0.015063819623515398,0.019409833828019207,0.026735080283369735,6a826d4d-592b-487d-9e1b-6df346ddab7c,2024-05-16 02:00:00+00:00,20.696292588047015,0.5671641791044776,0.15978367748279254,0.20588235294117646,0.2835820895522388,-3.2906878795008794,0.48484848484848486,0.1649387370405278,0.18421052631578946,0.4090909090909091,84.88,85.08,100.14137606032045,103.43206393982133,game_summary__3afbcbab-bc3d-44be-9ffc-23f7a57d5821__20260227T225715Z.json
2024,054ed469-4610-48a2-874b-e889239eb79e,2024-05-19 19:00:00+00:00,2024-05-19,5c0d47fe-8539-47b0-9f36-d0b3609ca89b,5c0d47fe-8539-47b0-9f36-d0b3609ca89b,d6a012ed-84aa-48d3-8265-2d3f3ff2199a,d6a012ed-84aa-48d3-8265-2d3f3ff2199a,1,0,-1.0577746232540601,0.09223724551947071,0.03901035771863817,0.03755482115363511,0.03479829780975095,87dbf38e-5908-4e9a-8cb8-e8d078fae6b4,2024-05-17 23:30:00+00:00,-5.759348375482077,0.5603448275862069,0.26777020447906524,0.16,0.2413793103448276,-5.489049186866154,0.47580645161290325,0.1948368241597662,0.17142857142857143,0.3709677419354839,82.12,86.76,91.3297613248904,96.81881051175655,game_summary__054ed469-4610-48a2-874b-e889239eb79e__20260227T225717Z.json
2024,054ed469-4610-48a2-874b-e889239eb79e,2024-05-19 19:00:00+00:00,2024-05-19,d6a012ed-84aa-48d3-8265-2d3f3ff2199a,d6a012ed-84aa-48d3-8265-2d3f3ff2199a,5c0d47fe-8539-47b0-9f36-d0b3609ca89b,5c0d47fe-8539-47b0-9f36-d0b3609ca89b,0,0,-1.800392202850715,0.07278477359896221,0.038731141944244867,0.04668255139652219,0.05037756476839061,6a32409c-0ce6-4631-9ff6-ea293abb59c3,2024-05-18 01:30:00+00:00,-7.333166812372511,0.42948717948717946,0.23417010116148368,0.21951219512195122,0.3717948717948718,5.489049186866154,0.4485294117647059,0.2305209774089442,0.3783783783783784,0.4264705882352941,86.76,82.12,96.81881051175655,91.3297613248904,game_summary__054ed469-4610-48a2-874b-e889239eb79e__20260227T225717Z.json
2024,16a5c15b-7624-4d68-b40e-84c54997abff,2024-05-20 23:00:00+00:00,2024-05-20,a015b02d-845c-40c1-8ef4-844984f47e4d,a015b02d-845c-40c1-8ef4-844984f47e4d,f073a15f-0486-4179-b0a3-dfd0294eb595,f073a15f-0486-4179-b0a3-dfd0294eb595,0,0,2.2556960965558734,0.08881482305025036,0.02976226989313401,0.044916160998090496,0.0683908904097132,87dbf38e-5908-4e9a-8cb8-e8d078fae6b4,2024-05-17 23:30:00+00:00,5.759348375482077,0.4411764705882353,0.15395547134059687,0.25,0.38235294117647056,3.0183687123654295,0.43243243243243246,0.0997506234413965,0.39473684210526316,0.40540540540540543,80.2,78.72,109.72568578553617,106.70731707317074,game_summary__16a5c15b-7624-4d68-b40e-84c54997abff__20260227T225719Z.json
2024,16a5c15b-7624-4d68-b40e-84c54997abff,2024-05-20 23:00:00+00:00,2024-05-20,f073a15f-0486-4179-b0a3-dfd0294eb595,f073a15f-0486-4179-b0a3-dfd0294eb595,a015b02d-845c-40c1-8ef4-844984f47e4d,a015b02d-845c-40c1-8ef4-844984f47e4d,1,0,-6.20035916663246,0.12236832332020178,0.058744655427417136,0.05566600323052673,0.06776829188772106,6e8fece8-724b-4551-8262-c89ea1247cf0,2024-05-18 17:00:00+00:00,-16.755759022723637,0.46875,0.18050541516245489,0.2777777777777778,0.075,-3.0183687123654295,0.5217391304347826,0.21595528455284554,0.41935483870967744,0.18840579710144928,78.72,80.2,106.70731707317074,109.72568578553617,game_summary__16a5c15b-7624-4d68-b40e-84c54997abff__20260227T225719Z.json
2024,8c72e81a-9433-4dec-9dc7-f071c17b64a0,2024-05-20 23:00:00+00:00,2024-05-20,08ed8274-e29f-4248-bc2e-83cc8ed18d75,08ed8274-e29f-4248-bc2e-83cc8ed18d75,d6a012ed-84aa-48d3-8265-2d3f3ff2199a,d6a012ed-84aa-48d3-8265-2d3f3ff2199a,1,0,5.115373340333123,0.14144574324230366,0.05006477322475329,0.07287882023611875,0.06580758723278385,6e8fece8-724b-4551-8262-c89ea1247cf0,2024-05-18 17:00:00+00:00,16.755759022723637,0.6015625,0.23518344308560676,0.2,0.25,11.74753513665378,0.4365079365079365,0.21739130434782608,0.2413793103448276,0.31746031746031744,82.8,81.16,89.3719806763285,77.62444553967472,game_summary__8c72e81a-9433-4dec-9dc7-f071c17b64a0__20260227T225720Z.json
2024,8c72e81a-9433-4dec-9dc7-f071c17b64a0,2024-05-20 23:00:00+00:00,2024-05-20,d6a012ed-84aa-48d3-8265-2d3f3ff2199a,d6a012ed-84aa-48d3-8265-2d3f3ff2199a,08ed8274-e29f-4248-bc2e-83cc8ed18d75,08ed8274-e29f-4248-bc2e-83cc8ed18d75,0,0,-1.1131703790651932,0.10820860125771276,0.05681238486328495,0.07795361854332478,0.08583423691675882,054ed469-4610-48a2-874b-e889239eb79e,2024-05-19 19:00:00+00:00,5.489049186866154,0.4485294117647059,0.2305209774089442,0.3783783783783784,0.4264705882352941,-11.74753513665378,0.38571428571428573,0.20946278955150321,0.2926829268292683,0.2,81.16,82.8,77.62444553967472,89.3719806763285,game_summary__8c72e81a-9433-4dec-9dc7-f071c17b64a0__20260227T225720Z.json
2024,dda86e87-7276-443e-944e-7a7ab8ec4e5d,2024-05-21 23:30:00+00:00,2024-05-21,5d70a9af-8c2b-4aec-9e68-9acc6ddb93e4,5d70a9af-8c2b-4aec-9e68-9acc6ddb93e4,5f0b5caf-708b-4300-92f2-53b51d83ec06,5f0b5caf-708b-4300-92f2-53b51d83ec06,1,0,1.45698741593957,0.09413892829599863,0.029193477656340915,0.0349466392425369,0.06278218677068152,3afbcbab-bc3d-44be-9ffc-23f7a57d5821,2024-05-19 02:00:00+00:00,-3.2906878795008794,0.48484848484848486,0.1649387370405278,0.18421052631578946,0.4090909090909091,8.537303733762812,0.4652777777777778,0.1591576885406464,0.35135135135135137,0.3055555555555556,81.68,83.8,101.61606268364348,93.07875894988067,game_summary__dda86e87-7276-443e-944e-7a7ab8ec4e5d__20260227T225722Z.json
2024,dda86e87-7276-443e-944e-7a7ab8ec4e5d,2024-05-21 23:30:00+00:00,2024-05-21,5f0b5caf-708b-4300-92f2-53b51d83ec06,5f0b5caf-708b-4300-92f2-53b51d83ec06,5d70a9af-8c2b-4aec-9e68-9acc6ddb93e4,5d70a9af-8c2b-4aec-9e68-9acc6ddb93e4,0,0,-0.4276404337494474,0.07898555010691485,0.04232867605093163,0.06962269412259009,0.04326708289863438,7ada605d-fdb6-4219-a843-c9b4b1c5d728,2024-05-19 00:00:00+00:00,-10.434357157876022,0.4015151515151515,0.29174147217235186,0.3611111111111111,0.3484848484848485,-8.537303733762812,0.44285714285714284,0.1909307875894988,0.3235294117647059,0.2857142857142857,83.8,81.68,93.07875894988067,101.61606268364348,game_summary__dda86e87-7276-443e-944e-7a7ab8ec4e5d__20260227T225722Z.json
2024,92202c84-77c7-43d8-833c-74618cdeea5b,2024-05-22 02:00:00+00:00,2024-05-22,0699edf3-5993-4182-b9b4-ec935cbd4fcc,0699edf3-5993-4182-b9b4-ec935cbd4fcc,171b097d-01db-4ae8-9d56-035689402ec6,FR_LVA_ACES,0,0,-0.6331918926645337,0.08386173845048725,0.029905795279170748,0.04189244862511433,0.05694504225664199,3afbcbab-bc3d-44be-9ffc-23f7a57d5821,2024-05-19 02:00:00+00:00,3.2906878795008794,0.45454545454545453,0.14104372355430184,0.21212121212121213,0.48484848484848486,14.058537074716426,0.5769230769230769,0.0826251180358829,0.15789473684210525,0.16666666666666666,84.72,86.6,115.67516525023606,101.61662817551964,game_summary__92202c84-77c7-43d8-833c-74618cdeea5b__20260227T225724Z.json
2024,92202c84-77c7-43d8-833c-74618cdeea5b,2024-05-22 02:00:00+00:00,2024-05-22,171b097d-01db-4ae8-9d56-035689402ec6,FR_LVA_ACES,0699edf3-5993-4182-b9b4-ec935cbd4fcc,0699edf3-5993-4182-b9b4-ec935cbd4fcc,1,0,2.3459146514417144,0.08691449584873473,0.02461589815349839,0.044326889637246875,0.055540221102589785,03b8f654-b298-4a34-8059-b89e4690cae3,2024-05-18 19:00:00+00:00,14.876360568071235,0.5136986301369864,0.1462701121404193,0.2631578947368421,0.2191780821917808,-14.058537074716426,0.4935897435897436,0.10392609699769054,0.175,0.19230769230769232,86.6,84.72,101.61662817551964,115.67516525023606,game_summary__92202c84-77c7-43d8-833c-74618cdeea5b__20260227T225724Z.json
2024,f9c571f6-64b5-49f1-b536-1b3b59cfc6a1,2024-05-22 02:00:00+00:00,2024-05-22,0a5ad38d-2fe3-43ba-894b-1ba3d5042ea9,0a5ad38d-2fe3-43ba-894b-1ba3d5042ea9,5c0d47fe-8539-47b0-9f36-d0b3609ca89b,5c0d47fe-8539-47b0-9f36-d0b3609ca89b,1,0,-3.1697101747167507,0.09245992719728958,0.03300593187525255,0.029992476016554324,0.04751731190721442,03b8f654-b298-4a34-8059-b89e4690cae3,2024-05-18 19:00:00+00:00,-14.876360568071235,0.553030303030303,0.20547945205479454,0.1111111111111111,0.22727272727272727,-2.428023896492732,0.5454545454545454,0.33096926713947994,0.2,0.2727272727272727,84.6,79.84,82.74231678486998,85.17034068136272,game_summary__f9c571f6-64b5-49f1-b536-1b3b59cfc6a1__20260227T225725Z.json
2024,f9c571f6-64b5-49f1-b536-1b3b59cfc6a1,2024-05-22 02:00:00+00:00,2024-05-22,5c0d47fe-8539-47b0-9f36-d0b3609ca89b,5c0d47fe-8539-47b0-9f36-d0b3609ca89b,0a5ad38d-2fe3-43ba-894b-1ba3d5042ea9,0a5ad38d-2fe3-43ba-894b-1ba3d5042ea9,0,0,-1.4755389517519641,0.12839874477116192,0.05370110598541103,0.05017594778080492,0.0664911211883644,054ed469-4610-48a2-874b-e889239eb79e,2024-05-19 19:00:00+00:00,-5.489049186866154,0.47580645161290325,0.1948368241597662,0.17142857142857143,0.3709677419354839,2.428023896492732,0.484375,0.2379759519038076,0.2222222222222222,0.171875,79.84,84.6,85.17034068136272,82.74231678486998,game_summary__f9c571f6-64b5-49f1-b536-1b3b59cfc6a1__20260227T225725Z.json
2024,8cbb06a7-4b91-4210-852b-2f662648b2cf,2024-05-23 02:00:00+00:00,2024-05-23,d6a012ed-84aa-48d3-8265-2d3f3ff2199a,d6a012ed-84aa-48d3-8265-2d3f3ff2199a,f073a15f-0486-4179-b0a3-dfd0294eb595,f073a15f-0486-4179-b0a3-dfd0294eb595,1,0,-2.1157393212916933,0.134370820334215,0.07120370566592193,0.09819751090366946,0.09659736672676175,8c72e81a-9433-4dec-9dc7-f071c17b64a0,2024-05-20 23:00:00+00:00,-11.74753513665378,0.38571428571428573,0.20946278955150321,0.2926829268292683,0.2,2.7693272801150357,0.45121951219512196,0.11289513296537883,0.38636363636363635,0.15853658536585366,79.72,79.92,106.6231811339689,103.85385385385386,game_summary__8cbb06a7-4b91-4210-852b-2f662648b2cf__20260227T225727Z.json
2024,8cbb06a7-4b91-4210-852b-2f662648b2cf,2024-05-23 02:00:00+00:00,2024-05-23,f073a15f-0486-4179-b0a3-dfd0294eb595,f073a15f-0486-4179-b0a3-dfd0294eb595,d6a012ed-84aa-48d3-8265-2d3f3ff2199a,d6a012ed-84aa-48d3-8265-2d3f3ff2199a,0,0,-5.900372766256937,0.16001953961493054,0.07356589748012847,0.08995325398762793,0.0791415538316152,16a5c15b-7624-4d68-b40e-84c54997abff,2024-05-20 23:00:00+00:00,-3.0183687123654295,0.5217391304347826,0.21595528455284554,0.41935483870967744,0.18840579710144928,-2.7693272801150357,0.4722222222222222,0.16266266266266266,0.35135135135135137,0.25,79.92,79.72,103.85385385385386,106.6231811339689,game_summary__8cbb06a7-4b91-4210-852b-2f662648b2cf__20260227T225727Z.json
2024,0a93e5f8-0cdd-4d71-a0f9-3afce57a1656,2024-05-23 23:00:00+00:00,2024-05-23,08ed8274-e29f-4248-bc2e-83cc8ed18d75,08ed8274-e29f-4248-bc2e-83cc8ed18d75,3c409388-ab73-4c7f-953d-3a71062240f6,3c409388-ab73-4c7f-953d-3a71062240f6,1,0,5.740629252499141,0.1692631256376425,0.06583970545046797,0.08876442901330364,0.08953248451661933,8c72e81a-9433-4dec-9dc7-f071c17b64a0,2024-05-20 23:00:00+00:00,11.74753513665378,0.4365079365079365,0.21739130434782608,0.2413793103448276,0.31746031746031744,-13.365738660566834,0.4927536231884058,0.16706443914081145,0.22857142857142856,0.2898550724637681,83.8,81.8,96.65871121718378,110.02444987775061,game_summary__0a93e5f8-0cdd-4d71-a0f9-3afce57a1656__20260227T225729Z.json
2024,0a93e5f8-0cdd-4d71-a0f9-3afce57a1656,2024-05-23 23:00:00+00:00,2024-05-23,3c409388-ab73-4c7f-953d-3a71062240f6,3c409388-ab73-4c7f-953d-3a71062240f6,08ed8274-e29f-4248-bc2e-83cc8ed18d75,08ed8274-e29f-4248-bc2e-83cc8ed18d75,0,0,0.4276404337494474,0.0764151684996297,0.034423482846247515,0.0707126193998999,0.054724277486986224,7ada605d-fdb6-4219-a843-c9b4b1c5d728,2024-05-19 00:00:00+00:00,10.434357157876022,0.425,0.21396396396396397,0.41304347826086957,0.25,13.365738660566834,0.5133333333333333,0.11002444987775062,0.2894736842105263,0.26666666666666666,81.8,83.8,110.02444987775061,96.65871121718378,game_summary__0a93e5f8-0cdd-4d71-a0f9-3afce57a1656__20260227T225729Z.json
2024,39330522-efef-4036-bc74-f0c6f759e90d,2024-05-23 23:00:00+00:00,2024-05-23,6f017f37-be96-4bdc-b6d3-0a0429c72e89,6f017f37-be96-4bdc-b6d3-0a0429c72e89,a015b02d-845c-40c1-8ef4-844984f47e4d,a015b02d-845c-40c1-8ef4-844984f47e4d,0,0,1.800392202850715,0.09221906467304412,0.040759472954639345,0.03852801140189306,0.04008088045154126,6a32409c-0ce6-4631-9ff6-ea293abb59c3,2024-05-18 01:30:00+00:00,7.333166812372511,0.5253164556962026,0.25925925925925924,0.23255813953488372,0.31645569620253167,2.4252041475634627,0.5147058823529411,0.19362186788154898,0.18181818181818182,0.29411764705882354,87.8,91.24,93.39407744874715,90.96887330118369,game_summary__39330522-efef-4036-bc74-f0c6f759e90d__20260227T225730Z.json
2024,39330522-efef-4036-bc74-f0c6f759e90d,2024-05-23 23:00:00+00:00,2024-05-23,a015b02d-845c-40c1-8ef4-844984f47e4d,a015b02d-845c-40c1-8ef4-844984f47e4d,6f017f37-be96-4bdc-b6d3-0a0429c72e89,6f017f37-be96-4bdc-b6d3-0a0429c72e89,1,0,2.3275980761406596,0.12120983215719872,0.0363605154098664,0.07789597297757914,0.10016338397338373,16a5c15b-7624-4d68-b40e-84c54997abff,2024-05-20 23:00:00+00:00,3.0183687123654295,0.43243243243243246,0.0997506234413965,0.39473684210526316,0.40540540540540543,-2.4252041475634627,0.48507462686567165,0.1972818939061815,0.1,0.31343283582089554,91.24,87.8,90.96887330118369,93.39407744874715,game_summary__39330522-efef-4036-bc74-f0c6f759e90d__20260227T225730Z.json
2024,e7486659-9479-44b2-a83c-24b1e62774bd,2024-05-24 02:00:00+00:00,2024-05-24,0699edf3-5993-4182-b9b4-ec935cbd4fcc,0699edf3-5993-4182-b9b4-ec935cbd4fcc,5c0d47fe-8539-47b0-9f36-d0b3609ca89b,5c0d47fe-8539-47b0-9f36-d0b3609ca89b,1,0,0.7518904800079608,0.13034575473481663,0.034875979851162,0.052828719295214425,0.067289194957031,92202c84-77c7-43d8-833c-74618cdeea5b,2024-05-22 02:00:00+00:00,14.058537074716426,0.5769230769230769,0.0826251180358829,0.15789473684210525,0.16666666666666666,5.256445647518916,0.5166666666666667,0.20344662517951173,0.12903225806451613,0.4,83.56,85.04,99.32982288176161,94.0733772342427,game_summary__e7486659-9479-44b2-a83c-24b1e62774bd__20260227T225732Z.json
2024,e7486659-9479-44b2-a83c-24b1e62774bd,2024-05-24 02:00:00+00:00,2024-05-24,5c0d47fe-8539-47b0-9f36-d0b3609ca89b,5c0d47fe-8539-47b0-9f36-d0b3609ca89b,0699edf3-5993-4182-b9b4-ec935cbd4fcc,0699edf3-5993-4182-b9b4-ec935cbd4fcc,0,0,-1.1075253501039066,0.1619588817231931,0.07107386322693064,0.06639584011218802,0.07642632712838192,f9c571f6-64b5-49f1-b536-1b3b59cfc6a1,2024-05-22 02:00:00+00:00,2.428023896492732,0.484375,0.2379759519038076,0.2222222222222222,0.171875,-5.256445647518916,0.4785714285714286,0.19990592662276574,0.23076923076923078,0.22857142857142856,85.04,83.56,94.0733772342427,99.32982288176161,game_summary__e7486659-9479-44b2-a83c-24b1e62774bd__20260227T225732Z.json
2024,dca49dff-84e1-46ed-9c7a-1cf7f53b05a9,2024-05-25 02:00:00+00:00,2024-05-25,0a5ad38d-2fe3-43ba-894b-1ba3d5042ea9,0a5ad38d-2fe3-43ba-894b-1ba3d5042ea9,f073a15f-0486-4179-b0a3-dfd0294eb595,f073a15f-0486-4179-b0a3-dfd0294eb595,1,0,-3.09978671014005,0.13516659991475405,0.061096823307668975,0.04602016242527958,0.06874928178459866,f9c571f6-64b5-49f1-b536-1b3b59cfc6a1,2024-05-22 02:00:00+00:00,-2.428023896492732,0.5454545454545454,0.33096926713947994,0.2,0.2727272727272727,-7.911210222881735,0.4661016949152542,0.22554605887939222,0.1,0.3559322033898305,84.24,82.48,86.65716999050332,94.56838021338505,game_summary__dca49dff-84e1-46ed-9c7a-1cf7f53b05a9__20260227T225734Z.json
2024,dca49dff-84e1-46ed-9c7a-1cf7f53b05a9,2024-05-25 02:00:00+00:00,2024-05-25,f073a15f-0486-4179-b0a3-dfd0294eb595,f073a15f-0486-4179-b0a3-dfd0294eb595,0a5ad38d-2fe3-43ba-894b-1ba3d5042ea9,0a5ad38d-2fe3-43ba-894b-1ba3d5042ea9,0,0,-5.605189270800444,0.18945286453812454,0.08196561402747693,0.11459690877546633,0.09524946206593306,8cbb06a7-4b91-4210-852b-2f662648b2cf,2024-05-23 02:00:00+00:00,-2.7693272801150357,0.4722222222222222,0.16266266266266266,0.35135135135135137,0.25,7.911210222881735,0.47101449275362317,0.13336566440349176,0.13513513513513514,0.2463768115942029,82.48,84.24,94.56838021338505,86.65716999050332,game_summary__dca49dff-84e1-46ed-9c7a-1cf7f53b05a9__20260227T225734Z.json
2024,1abe3fa4-f81e-4502-85c5-04ea44e3b093,2024-05-25 17:00:00+00:00,2024-05-25,08ed8274-e29f-4248-bc2e-83cc8ed18d75,08ed8274-e29f-4248-bc2e-83cc8ed18d75,6f017f37-be96-4bdc-b6d3-0a0429c72e89,6f017f37-be96-4bdc-b6d3-0a0429c72e89,0,0,3.9393508964296133,0.19976062439217415,0.07538280242865542,0.10194492064190128,0.1084181640734478,0a93e5f8-0cdd-4d71-a0f9-3afce57a1656,2024-05-23 23:00:00+00:00,-13.365738660566834,0.4927536231884058,0.16706443914081145,0.22857142857142856,0.2898550724637681,-25.882071477125564,0.4338235294117647,0.22113022113022113,0.25,0.14705882352941177,81.4,77.64,82.30958230958231,108.19165378670787,game_summary__1abe3fa4-f81e-4502-85c5-04ea44e3b093__20260227T225736Z.json
2024,1abe3fa4-f81e-4502-85c5-04ea44e3b093,2024-05-25 17:00:00+00:00,2024-05-25,6f017f37-be96-4bdc-b6d3-0a0429c72e89,6f017f37-be96-4bdc-b6d3-0a0429c72e89,08ed8274-e29f-4248-bc2e-83cc8ed18d75,08ed8274-e29f-4248-bc2e-83cc8ed18d75,1,0,1.8592971835223755,0.13204957374070772,0.055170779420191954,0.05203688361574112,0.06403053594952098,39330522-efef-4036-bc74-f0c6f759e90d,2024-05-23 23:00:00+00:00,2.4252041475634627,0.5147058823529411,0.19362186788154898,0.18181818181818182,0.29411764705882354,25.882071477125564,0.582089552238806,0.20607934054611024,0.27586206896551724,0.08955223880597014,77.64,81.4,108.19165378670787,82.30958230958231,game_summary__1abe3fa4-f81e-4502-85c5-04ea44e3b093__20260227T225736Z.json
2024,4900918c-c474-4d04-8c55-1c87f94f56e2,2024-05-26 00:00:00+00:00,2024-05-26,3c409388-ab73-4c7f-953d-3a71062240f6,3c409388-ab73-4c7f-953d-3a71062240f6,a015b02d-845c-40c1-8ef4-844984f47e4d,a015b02d-845c-40c1-8ef4-844984f47e4d,1,0,1.6473969259674366,0.1176062120966897,0.04155086499608282,0.09133661099197177,0.07470542932599952,0a93e5f8-0cdd-4d71-a0f9-3afce57a1656,2024-05-23 23:00:00+00:00,13.365738660566834,0.5133333333333333,0.11002444987775062,0.2894736842105263,0.26666666666666666,-7.240401874723801,0.5,0.16735324407826982,0.2903225806451613,0.34375,77.68,76.24,105.56127703398556,112.80167890870936,game_summary__4900918c-c474-4d04-8c55-1c87f94f56e2__20260227T225737Z.json
2024,4900918c-c474-4d04-8c55-1c87f94f56e2,2024-05-26 00:00:00+00:00,2024-05-26,a015b02d-845c-40c1-8ef4-844984f47e4d,a015b02d-845c-40c1-8ef4-844984f47e4d,3c409388-ab73-4c7f-953d-3a71062240f6,3c409388-ab73-4c7f-953d-3a71062240f6,0,0,1.8795212980114788,0.15551367170567937,0.05153159331609995,0.07997985965026456,0.12026964641801234,39330522-efef-4036-bc74-f0c6f759e90d,2024-05-23 23:00:00+00:00,-2.4252041475634627,0.48507462686567165,0.1972818939061815,0.1,0.31343283582089554,7.240401874723801,0.5396825396825397,0.2623294858342078,0.5714285714285714,0.3333333333333333,76.24,77.68,112.80167890870936,105.56127703398556,game_summary__4900918c-c474-4d04-8c55-1c87f94f56e2__20260227T225737Z.json
2024,41befd51-2b51-45cc-9755-efba94d5c302,2024-05-26 01:00:00+00:00,2024-05-26,5c0d47fe-8539-47b0-9f36-d0b3609ca89b,5c0d47fe-8539-47b0-9f36-d0b3609ca89b,d6a012ed-84aa-48d3-8265-2d3f3ff2199a,d6a012ed-84aa-48d3-8265-2d3f3ff2199a,0,0,-1.498670353005296,0.19180795248811688,0.08321967808921005,0.0818923610758514,0.09077000979262856,e7486659-9479-44b2-a83c-24b1e62774bd,2024-05-24 02:00:00+00:00,-5.256445647518916,0.4785714285714286,0.19990592662276574,0.23076923076923078,0.22857142857142856,-39.69295929094923,0.39285714285714285,0.1884422110552764,0.3,0.21428571428571427,79.6,79.92,86.68341708542714,126.37637637637637,game_summary__41befd51-2b51-45cc-9755-efba94d5c302__20260227T225739Z.json
2024,41befd51-2b51-45cc-9755-efba94d5c302,2024-05-26 01:00:00+00:00,2024-05-26,d6a012ed-84aa-48d3-8265-2d3f3ff2199a,d6a012ed-84aa-48d3-8265-2d3f3ff2199a,5c0d47fe-8539-47b0-9f36-d0b3609ca89b,5c0d47fe-8539-47b0-9f36-d0b3609ca89b,1,0,-1.6551931422842963,0.16424215398563582,0.07513422066332245,0.12536475729530247,0.10243676929841207,8cbb06a7-4b91-4210-852b-2f662648b2cf,2024-05-23 02:00:00+00:00,2.7693272801150357,0.45121951219512196,0.11289513296537883,0.38636363636363635,0.15853658536585366,39.69295929094923,0.7166666666666667,0.21271271271271272,0.25,0.3,79.92,79.6,126.37637637637637,86.68341708542714,game_summary__41befd51-2b51-45cc-9755-efba94d5c302__20260227T225739Z.json
2024,83f6b70b-f2ed-42dd-af4f-dda94f433777,2024-05-26 01:00:00+00:00,2024-05-26,171b097d-01db-4ae8-9d56-035689402ec6,FR_LVA_ACES,f073a15f-0486-4179-b0a3-dfd0294eb595,f073a15f-0486-4179-b0a3-dfd0294eb595,1,0,0.7993630529398945,0.12525434804032498,0.03209297308702977,0.05664627166148535,0.0684341571356985,92202c84-77c7-43d8-833c-74618cdeea5b,2024-05-22 02:00:00+00:00,-14.058537074716426,0.4935897435897436,0.10392609699769054,0.175,0.19230769230769232,22.68038639932594,0.5684931506849316,0.09647853352629039,0.16666666666666666,0.2465753424657534,82.92,82.72,119.39218523878436,96.71179883945842,game_summary__83f6b70b-f2ed-42dd-af4f-dda94f433777__20260227T225741Z.json
2024,83f6b70b-f2ed-42dd-af4f-dda94f433777,2024-05-26 01:00:00+00:00,2024-05-26,f073a15f-0486-4179-b0a3-dfd0294eb595,f073a15f-0486-4179-b0a3-dfd0294eb595,171b097d-01db-4ae8-9d56-035689402ec6,FR_LVA_ACES,0,0,-4.330912654190902,0.21599746313017,0.08681142243357821,0.11653317749917434,0.10949719480896615,dca49dff-84e1-46ed-9c7a-1cf7f53b05a9,2024-05-25 02:00:00+00:00,7.911210222881735,0.47101449275362317,0.13336566440349176,0.13513513513513514,0.2463768115942029,-22.68038639932594,0.5,0.15715667311411993,0.16666666666666666,0.18571428571428572,82.72,82.92,96.71179883945842,119.39218523878436,game_summary__83f6b70b-f2ed-42dd-af4f-dda94f433777__20260227T225741Z.json
2024,52407210-6c03-4daa-89fe-eac11f7ccb7d,2024-05-26 02:00:00+00:00,2024-05-26,0699edf3-5993-4182-b9b4-ec935cbd4fcc,0699edf3-5993-4182-b9b4-ec935cbd4fcc,5f0b5caf-708b-4300-92f2-53b51d83ec06,5f0b5caf-708b-4300-92f2-53b51d83ec06,1,0,1.1765634353219774,0.16676667472997747,0.050768202605387405,0.060012909700507516,0.09865595051628784,e7486659-9479-44b2-a83c-24b1e62774bd,2024-05-24 02:00:00+00:00,5.256445647518916,0.5166666666666667,0.20344662517951173,0.12903225806451613,0.4,-21.484615870009236,0.5066666666666667,0.2032520325203252,0.25,0.22666666666666666,93.48,89.24,98.41677364142062,119.90138951142985,game_summary__52407210-6c03-4daa-89fe-eac11f7ccb7d__20260227T225742Z.json
2024,52407210-6c03-4daa-89fe-eac11f7ccb7d,2024-05-26 02:00:00+00:00,2024-05-26,5f0b5caf-708b-4300-92f2-53b51d83ec06,5f0b5caf-708b-4300-92f2-53b51d83ec06,0699edf3-5993-4182-b9b4-ec935cbd4fcc,0699edf3-5993-4182-b9b4-ec935cbd4fcc,0,0,-1.1921897737281815,0.11329003054986235,0.05633833860943398,0.09356008908066764,0.06612411678955943,dda86e87-7276-443e-944e-7a7ab8ec4e5d,2024-05-21 23:30:00+00:00,-8.537303733762812,0.44285714285714284,0.1909307875894988,0.3235294117647059,0.2857142857142857,21.484615870009236,0.5866666666666667,0.21290900941281937,0.45161290322580644,0.28,89.24,93.48,119.90138951142985,98.41677364142062,game_summary__52407210-6c03-4daa-89fe-eac11f7ccb7d__20260227T225742Z.json
2024,978f9c1a-efbd-48a8-a33d-f1b9c845d890,2024-05-26 22:00:00+00:00,2024-05-26,5d70a9af-8c2b-4aec-9e68-9acc6ddb93e4,5d70a9af-8c2b-4aec-9e68-9acc6ddb93e4,6f017f37-be96-4bdc-b6d3-0a0429c72e89,6f017f37-be96-4bdc-b6d3-0a0429c72e89,1,0,2.1244936942364134,0.12912853907445024,0.04144602723534613,0.06477611610978944,0.0856699703940267,dda86e87-7276-443e-944e-7a7ab8ec4e5d,2024-05-21 23:30:00+00:00,8.537303733762812,0.4652777777777778,0.1591576885406464,0.35135135135135137,0.3055555555555556,-14.185505223710848,0.5,0.14635444385311336,0.2777777777777778,0.20588235294117646,75.16,77.12,105.10910058541778,119.29460580912863,game_summary__978f9c1a-efbd-48a8-a33d-f1b9c845d890__20260227T225744Z.json
2024,978f9c1a-efbd-48a8-a33d-f1b9c845d890,2024-05-26 22:00:00+00:00,2024-05-26,6f017f37-be96-4bdc-b6d3-0a0429c72e89,6f017f37-be96-4bdc-b6d3-0a0429c72e89,5d70a9af-8c2b-4aec-9e68-9acc6ddb93e4,5d70a9af-8c2b-4aec-9e68-9acc6ddb93e4,0,0,4.124076318138501,0.17447769384825865,0.06939788559434978,0.07313830193596993,0.0664366285765724,1abe3fa4-f81e-4502-85c5-04ea44e3b093,2024-05-25 17:00:00+00:00,25.882071477125564,0.582089552238806,0.20607934054611024,0.27586206896551724,0.08955223880597014,14.185505223710848,0.6048387096774194,0.1296680497925311,0.18518518518518517,0.3709677419354839,77.12,75.16,119.29460580912863,105.10910058541778,game_summary__978f9c1a-efbd-48a8-a33d-f1b9c845d890__20260227T225744Z.json
2024,d40a0cb9-a5a7-4b11-bb86-a0b1a45cc53d,2024-05-27 01:00:00+00:00,2024-05-27,0a5ad38d-2fe3-43ba-894b-1ba3d5042ea9,0a5ad38d-2fe3-43ba-894b-1ba3d5042ea9,5f0b5caf-708b-4300-92f2-53b51d83ec06,5f0b5caf-708b-4300-92f2-53b51d83ec06,1,0,-3.5533900885958185,0.16636594803787713,0.07660049465197265,0.051109183715453706,0.09582383531952565,dca49dff-84e1-46ed-9c7a-1cf7f53b05a9,2024-05-25 02:00:00+00:00,-7.911210222881735,0.4661016949152542,0.22554605887939222,0.1,0.3559322033898305,-8.59157201914519,0.4342105263157895,0.09610764055742432,0.2631578947368421,0.27631578947368424,83.24,77.56,99.71167707832774,108.30324909747293,game_summary__d40a0cb9-a5a7-4b11-bb86-a0b1a45cc53d__20260227T225746Z.json
2024,d40a0cb9-a5a7-4b11-bb86-a0b1a45cc53d,2024-05-27 01:00:00+00:00,2024-05-27,5f0b5caf-708b-4300-92f2-53b51d83ec06,5f0b5caf-708b-4300-92f2-53b51d83ec06,0a5ad38d-2fe3-43ba-894b-1ba3d5042ea9,0a5ad38d-2fe3-43ba-894b-1ba3d5042ea9,0,0,0.9456963685629423,0.15791824522603265,0.07109924773651928,0.12731599639826774,0.0862875513609604,52407210-6c03-4daa-89fe-eac11f7ccb7d,2024-05-26 02:00:00+00:00,21.484615870009236,0.5866666666666667,0.21290900941281937,0.45161290322580644,0.28,8.59157201914519,0.4342105263157895,0.09025270758122743,0.37209302325581395,0.3157894736842105,77.56,83.24,108.30324909747293,99.71167707832774,game_summary__d40a0cb9-a5a7-4b11-bb86-a0b1a45cc53d__20260227T225746Z.json
2024,1fe16371-dd61-4575-8f0d-c04021be3c03,2024-05-28 23:00:00+00:00,2024-05-28,0a5ad38d-2fe3-43ba-894b-1ba3d5042ea9,0a5ad38d-2fe3-43ba-894b-1ba3d5042ea9,f073a15f-0486-4179-b0a3-dfd0294eb595,f073a15f-0486-4179-b0a3-dfd0294eb595,0,0,-4.02837141977981,0.19161735342469793,0.07843955688860797,0.07110035918811194,0.11283995538702667,d40a0cb9-a5a7-4b11-bb86-a0b1a45cc53d,2024-05-27 01:00:00+00:00,-8.59157201914519,0.4342105263157895,0.09610764055742432,0.2631578947368421,0.27631578947368424,7.744937055281881,0.6037735849056604,0.23946360153256707,0.17391304347826086,0.6226415094339622,83.52,84.0,105.3639846743295,97.61904761904762,game_summary__1fe16371-dd61-4575-8f0d-c04021be3c03__20260227T225747Z.json
2024,1fe16371-dd61-4575-8f0d-c04021be3c03,2024-05-28 23:00:00+00:00,2024-05-28,f073a15f-0486-4179-b0a3-dfd0294eb595,f073a15f-0486-4179-b0a3-dfd0294eb595,0a5ad38d-2fe3-43ba-894b-1ba3d5042ea9,0a5ad38d-2fe3-43ba-894b-1ba3d5042ea9,1,0,-6.060833801567882,0.2427721816460123,0.09344331490417662,0.12125957915555063,0.1166826628599844,83f6b70b-f2ed-42dd-af4f-dda94f433777,2024-05-26 01:00:00+00:00,-22.68038639932594,0.5,0.15715667311411993,0.16666666666666666,0.18571428571428572,-7.744937055281881,0.45588235294117646,0.16666666666666666,0.2571428571428571,0.36764705882352944,84.0,83.52,97.61904761904762,105.3639846743295,game_summary__1fe16371-dd61-4575-8f0d-c04021be3c03__20260227T225747Z.json
2024,50e16cc2-f71e-4a15-a0ca-3eca55862346,2024-05-28 23:00:00+00:00,2024-05-28,0699edf3-5993-4182-b9b4-ec935cbd4fcc,0699edf3-5993-4182-b9b4-ec935cbd4fcc,a015b02d-845c-40c1-8ef4-844984f47e4d,a015b02d-845c-40c1-8ef4-844984f47e4d,0,0,-0.9598495130432374,0.19881120048649617,0.06514381934877342,0.07792419641110594,0.1107243317698987,52407210-6c03-4daa-89fe-eac11f7ccb7d,2024-05-26 02:00:00+00:00,-21.484615870009236,0.5066666666666667,0.2032520325203252,0.25,0.22666666666666666,-24.17568893328051,0.24603174603174602,0.24789291026276647,0.3076923076923077,0.3492063492063492,80.68,84.92,58.25483391175011,82.43052284503062,game_summary__50e16cc2-f71e-4a15-a0ca-3eca55862346__20260227T225749Z.json
2024,50e16cc2-f71e-4a15-a0ca-3eca55862346,2024-05-28 23:00:00+00:00,2024-05-28,a015b02d-845c-40c1-8ef4-844984f47e4d,a015b02d-845c-40c1-8ef4-844984f47e4d,0699edf3-5993-4182-b9b4-ec935cbd4fcc,0699edf3-5993-4182-b9b4-ec935cbd4fcc,1,0,2.384925475102711,0.19173170488242075,0.071404846203598,0.12631184339894674,0.140356510098811,4900918c-c474-4d04-8c55-1c87f94f56e2,2024-05-26 00:00:00+00:00,7.240401874723801,0.5396825396825397,0.2623294858342078,0.5714285714285714,0.3333333333333333,24.17568893328051,0.38311688311688313,0.12953367875647667,0.2619047619047619,0.23376623376623376,84.92,80.68,82.43052284503062,58.25483391175011,game_summary__50e16cc2-f71e-4a15-a0ca-3eca55862346__20260227T225749Z.json
2024,00268790-a368-4198-ba31-60521844b197,2024-05-29 00:00:00+00:00,2024-05-29,3c409388-ab73-4c7f-953d-3a71062240f6,3c409388-ab73-4c7f-953d-3a71062240f6,d6a012ed-84aa-48d3-8265-2d3f3ff2199a,d6a012ed-84aa-48d3-8265-2d3f3ff2199a,1,0,0.8094878222786221,0.15365689722845863,0.053411052322834364,0.11009627907376794,0.10006996559883467,4900918c-c474-4d04-8c55-1c87f94f56e2,2024-05-26 00:00:00+00:00,-7.240401874723801,0.5,0.16735324407826982,0.2903225806451613,0.34375,-9.450450428148102,0.4393939393939394,0.26278069756330624,0.2777777777777778,0.19696969696969696,83.72,84.92,81.22312470138557,90.67357512953367,game_summary__00268790-a368-4198-ba31-60521844b197__20260227T225751Z.json
2024,00268790-a368-4198-ba31-60521844b197,2024-05-29 00:00:00+00:00,2024-05-29,d6a012ed-84aa-48d3-8265-2d3f3ff2199a,d6a012ed-84aa-48d3-8265-2d3f3ff2199a,3c409388-ab73-4c7f-953d-3a71062240f6,3c409388-ab73-4c7f-953d-3a71062240f6,0,0,2.2429591585783903,0.2163227128120004,0.0881046167698362,0.13711491128108,0.12106230676514222,41befd51-2b51-45cc-9755-efba94d5c302,2024-05-26 01:00:00+00:00,39.69295929094923,0.7166666666666667,0.21271271271271272,0.25,0.3,9.450450428148102,0.4765625,0.2237399905793688,0.18181818181818182,0.28125,84.92,83.72,90.67357512953367,81.22312470138557,game_summary__00268790-a368-4198-ba31-60521844b197__20260227T225751Z.json
2024,08ac97c8-97c3-4669-a17a-eb7e153bbb6c,2024-05-29 23:00:00+00:00,2024-05-29,0699edf3-5993-4182-b9b4-ec935cbd4fcc,0699edf3-5993-4182-b9b4-ec935cbd4fcc,08ed8274-e29f-4248-bc2e-83cc8ed18d75,08ed8274-e29f-4248-bc2e-83cc8ed18d75,0,0,-3.1485537846207556,0.20326298049196165,0.08237273399924687,0.09958589201170055,0.13320754251275835,50e16cc2-f71e-4a15-a0ca-3eca55862346,2024-05-28 23:00:00+00:00,-24.17568893328051,0.24603174603174602,0.24789291026276647,0.3076923076923077,0.3492063492063492,-4.867406220263447,0.5,0.16514227642276422,0.21052631578947367,0.19117647058823528,78.72,77.92,99.08536585365853,103.95277207392198,game_summary__08ac97c8-97c3-4669-a17a-eb7e153bbb6c__20260227T225753Z.json
2024,08ac97c8-97c3-4669-a17a-eb7e153bbb6c,2024-05-29 23:00:00+00:00,2024-05-29,08ed8274-e29f-4248-bc2e-83cc8ed18d75,08ed8274-e29f-4248-bc2e-83cc8ed18d75,0699edf3-5993-4182-b9b4-ec935cbd4fcc,0699edf3-5993-4182-b9b4-ec935cbd4fcc,1,0,1.1278964686124815,0.2218272174091664,0.08912333500683318,0.11590301101089932,0.1120610638573823,1abe3fa4-f81e-4502-85c5-04ea44e3b093,2024-05-25 17:00:00+00:00,-25.882071477125564,0.4338235294117647,0.22113022113022113,0.25,0.14705882352941177,4.867406220263447,0.47794117647058826,0.14117043121149897,0.2571428571428571,0.2647058823529412,77.92,78.72,103.95277207392198,99.08536585365853,game_summary__08ac97c8-97c3-4669-a17a-eb7e153bbb6c__20260227T225753Z.json
2024,e5ef80df-fe83-47d6-96f4-9961df13e37b,2024-05-29 23:00:00+00:00,2024-05-29,5c0d47fe-8539-47b0-9f36-d0b3609ca89b,5c0d47fe-8539-47b0-9f36-d0b3609ca89b,5d70a9af-8c2b-4aec-9e68-9acc6ddb93e4,5d70a9af-8c2b-4aec-9e68-9acc6ddb93e4,1,0,-5.0994879601202525,0.2107621334588169,0.09313967293412106,0.10245475006967104,0.1024146178180988,41befd51-2b51-45cc-9755-efba94d5c302,2024-05-26 01:00:00+00:00,-39.69295929094923,0.39285714285714285,0.1884422110552764,0.3,0.21428571428571427,-4.002334071458492,0.40540540540540543,0.18054886856042368,0.225,0.0945945945945946,83.08,86.24,80.64516129032259,84.64749536178108,game_summary__e5ef80df-fe83-47d6-96f4-9961df13e37b__20260227T225754Z.json
2024,e5ef80df-fe83-47d6-96f4-9961df13e37b,2024-05-29 23:00:00+00:00,2024-05-29,5d70a9af-8c2b-4aec-9e68-9acc6ddb93e4,5d70a9af-8c2b-4aec-9e68-9acc6ddb93e4,5c0d47fe-8539-47b0-9f36-d0b3609ca89b,5c0d47fe-8539-47b0-9f36-d0b3609ca89b,0,0,0.5868467603926992,0.1640929414396028,0.051336408341944695,0.08485713227754646,0.09700315333067748,978f9c1a-efbd-48a8-a33d-f1b9c845d890,2024-05-26 22:00:00+00:00,-14.185505223710848,0.5,0.14635444385311336,0.2777777777777778,0.20588235294117646,4.002334071458492,0.46774193548387094,0.2319109461966605,0.18518518518518517,0.3387096774193548,86.24,83.08,84.64749536178108,80.64516129032259,game_summary__e5ef80df-fe83-47d6-96f4-9961df13e37b__20260227T225754Z.json
2024,cfc8b84b-b32b-4025-9bba-440bd56e66e7,2024-05-30 00:00:00+00:00,2024-05-30,171b097d-01db-4ae8-9d56-035689402ec6,FR_LVA_ACES,6f017f37-be96-4bdc-b6d3-0a0429c72e89,6f017f37-be96-4bdc-b6d3-0a0429c72e89,0,0,2.862225756193081,0.1670412782097119,0.03816300779955803,0.06701859135881143,0.08522865533230037,83f6b70b-f2ed-42dd-af4f-dda94f433777,2024-05-26 01:00:00+00:00,22.68038639932594,0.5684931506849316,0.09647853352629039,0.16666666666666666,0.2465753424657534,12.016422730708456,0.4861111111111111,0.1924001924001924,0.28205128205128205,0.19444444444444445,83.16,78.4,96.20009620009621,84.18367346938776,game_summary__cfc8b84b-b32b-4025-9bba-440bd56e66e7__20260227T225756Z.json
2024,cfc8b84b-b32b-4025-9bba-440bd56e66e7,2024-05-30 00:00:00+00:00,2024-05-30,6f017f37-be96-4bdc-b6d3-0a0429c72e89,6f017f37-be96-4bdc-b6d3-0a0429c72e89,171b097d-01db-4ae8-9d56-035689402ec6,FR_LVA_ACES,1,0,5.072630967625074,0.21505055346429477,0.075079935829167,0.08370167151935579,0.09514670606168342,978f9c1a-efbd-48a8-a33d-f1b9c845d890,2024-05-26 22:00:00+00:00,14.185505223710848,0.6048387096774194,0.1296680497925311,0.18518518518518517,0.3709677419354839,-12.016422730708456,0.4307692307692308,0.21683673469387754,0.21052631578947367,0.15384615384615385,78.4,83.16,84.18367346938776,96.20009620009621,game_summary__cfc8b84b-b32b-4025-9bba-440bd56e66e7__20260227T225756Z.json
2024,8dc8b483-2e2e-4d95-a41a-6abbabc2ffb8,2024-05-30 23:00:00+00:00,2024-05-30,d6a012ed-84aa-48d3-8265-2d3f3ff2199a,d6a012ed-84aa-48d3-8265-2d3f3ff2199a,f073a15f-0486-4179-b0a3-dfd0294eb595,f073a15f-0486-4179-b0a3-dfd0294eb595,0,0,2.9224550253233055,0.24085716636082571,0.10089182280879422,0.14132937182273722,0.13616421551334199,00268790-a368-4198-ba31-60521844b197,2024-05-29 00:00:00+00:00,9.450450428148102,0.4765625,0.2237399905793688,0.18181818181818182,0.28125,17.02815983606287,0.6133333333333333,0.09394081728511039,0.13333333333333333,0.18666666666666668,85.16,84.68,120.94880225457962,103.92064241851675,game_summary__8dc8b483-2e2e-4d95-a41a-6abbabc2ffb8__20260227T225758Z.json
2024,8dc8b483-2e2e-4d95-a41a-6abbabc2ffb8,2024-05-30 23:00:00+00:00,2024-05-30,f073a15f-0486-4179-b0a3-dfd0294eb595,f073a15f-0486-4179-b0a3-dfd0294eb595,d6a012ed-84aa-48d3-8265-2d3f3ff2199a,d6a012ed-84aa-48d3-8265-2d3f3ff2199a,1,0,-6.21960488532927,0.26286342770381155,0.10034654419865918,0.13407015669200284,0.14034266651164942,1fe16371-dd61-4575-8f0d-c04021be3c03,2024-05-28 23:00:00+00:00,-7.744937055281881,0.45588235294117646,0.16666666666666666,0.2571428571428571,0.36764705882352944,-17.02815983606287,0.4857142857142857,0.1771374586679263,0.2631578947368421,0.3142857142857143,84.68,85.16,103.92064241851675,120.94880225457962,game_summary__8dc8b483-2e2e-4d95-a41a-6abbabc2ffb8__20260227T225758Z.json
2024,25ec1238-ca57-44e0-8b7f-f96122b6ef71,2024-05-31 00:00:00+00:00,2024-05-31,0a5ad38d-2fe3-43ba-894b-1ba3d5042ea9,0a5ad38d-2fe3-43ba-894b-1ba3d5042ea9,3c409388-ab73-4c7f-953d-3a71062240f6,3c409388-ab73-4c7f-953d-3a71062240f6,0,0,-2.918427037260302,0.23047393267952015,0.09362031378304553,0.08079316233017898,0.16090217785513766,1fe16371-dd61-4575-8f0d-c04021be3c03,2024-05-28 23:00:00+00:00,7.744937055281881,0.6037735849056604,0.23946360153256707,0.17391304347826086,0.6226415094339622,-12.636963139645161,0.43333333333333335,0.2241623407267579,0.2413793103448276,0.48333333333333334,84.76,84.04,86.12553091080699,98.76249405045215,game_summary__25ec1238-ca57-44e0-8b7f-f96122b6ef71__20260227T225759Z.json
2024,25ec1238-ca57-44e0-8b7f-f96122b6ef71,2024-05-31 00:00:00+00:00,2024-05-31,3c409388-ab73-4c7f-953d-3a71062240f6,3c409388-ab73-4c7f-953d-3a71062240f6,0a5ad38d-2fe3-43ba-894b-1ba3d5042ea9,0a5ad38d-2fe3-43ba-894b-1ba3d5042ea9,1,0,-0.15778156085019324,0.18059513854788972,0.07314965529047184,0.12590467634231847,0.10920531720629134,00268790-a368-4198-ba31-60521844b197,2024-05-29 00:00:00+00:00,-9.450450428148102,0.4393939393939394,0.26278069756330624,0.2777777777777778,0.19696969696969696,12.636963139645161,0.47333333333333333,0.17848643503093764,0.3333333333333333,0.21333333333333335,84.04,84.76,98.76249405045215,86.12553091080699,game_summary__25ec1238-ca57-44e0-8b7f-f96122b6ef71__20260227T225759Z.json
2024,1aa602a4-766e-4c02-b2a3-77894211fecf,2024-05-31 23:30:00+00:00,2024-05-31,5f0b5caf-708b-4300-92f2-53b51d83ec06,5f0b5caf-708b-4300-92f2-53b51d83ec06,a015b02d-845c-40c1-8ef4-844984f47e4d,a015b02d-845c-40c1-8ef4-844984f47e4d,0,0,1.6665215083936549,0.1839660690793416,0.07290496574734676,0.15039267756277247,0.10792415164198593,d40a0cb9-a5a7-4b11-bb86-a0b1a45cc53d,2024-05-27 01:00:00+00:00,8.59157201914519,0.4342105263157895,0.09025270758122743,0.37209302325581395,0.3157894736842105,-1.6501163378110704,0.5645161290322581,0.20903010033444813,0.2692307692307692,0.06451612903225806,71.76,72.56,100.33444816053512,101.98456449834619,game_summary__1aa602a4-766e-4c02-b2a3-77894211fecf__20260227T225801Z.json
2024,1aa602a4-766e-4c02-b2a3-77894211fecf,2024-05-31 23:30:00+00:00,2024-05-31,a015b02d-845c-40c1-8ef4-844984f47e4d,a015b02d-845c-40c1-8ef4-844984f47e4d,5f0b5caf-708b-4300-92f2-53b51d83ec06,5f0b5caf-708b-4300-92f2-53b51d83ec06,1,0,4.439278806831674,0.20977479820056497,0.07688501953730034,0.1390950469074377,0.14916283656829665,50e16cc2-f71e-4a15-a0ca-3eca55862346,2024-05-28 23:00:00+00:00,24.17568893328051,0.38311688311688313,0.12953367875647667,0.2619047619047619,0.23376623376623376,1.6501163378110704,0.5,0.1515986769570011,0.28125,0.4,72.56,71.76,101.98456449834619,100.33444816053512,game_summary__1aa602a4-766e-4c02-b2a3-77894211fecf__20260227T225801Z.json
2024,210f5aa9-821b-44f0-9301-d5aad0c15e64,2024-05-31 23:30:00+00:00,2024-05-31,171b097d-01db-4ae8-9d56-035689402ec6,FR_LVA_ACES,5d70a9af-8c2b-4aec-9e68-9acc6ddb93e4,5d70a9af-8c2b-4aec-9e68-9acc6ddb93e4,0,0,3.725249903556822,0.1971220128995834,0.052703924397957236,0.08729108550077029,0.09552511973431922,cfc8b84b-b32b-4025-9bba-440bd56e66e7,2024-05-30 00:00:00+00:00,12.016422730708456,0.4861111111111111,0.1924001924001924,0.28205128205128205,0.19444444444444445,-8.994972971648622,0.4057971014492754,0.1382488479262673,0.07894736842105263,0.2898550724637681,86.8,82.76,85.25345622119816,94.24842919284679,game_summary__210f5aa9-821b-44f0-9301-d5aad0c15e64__20260227T225803Z.json
2024,210f5aa9-821b-44f0-9301-d5aad0c15e64,2024-05-31 23:30:00+00:00,2024-05-31,5d70a9af-8c2b-4aec-9e68-9acc6ddb93e4,5d70a9af-8c2b-4aec-9e68-9acc6ddb93e4,171b097d-01db-4ae8-9d56-035689402ec6,FR_LVA_ACES,1,0,0.9088463888331044,0.19271985594804722,0.06836031409812578,0.09431569347721555,0.11979035874526575,e5ef80df-fe83-47d6-96f4-9961df13e37b,2024-05-29 23:00:00+00:00,4.002334071458492,0.46774193548387094,0.2319109461966605,0.18518518518518517,0.3387096774193548,8.994972971648622,0.4262295081967213,0.14499758337361043,0.08823529411764706,0.47540983606557374,82.76,86.8,94.24842919284679,85.25345622119816,game_summary__210f5aa9-821b-44f0-9301-d5aad0c15e64__20260227T225803Z.json
2024,2e92ce51-0729-4c45-bbf1-f815eed8f2bb,2024-05-31 23:30:00+00:00,2024-05-31,08ed8274-e29f-4248-bc2e-83cc8ed18d75,08ed8274-e29f-4248-bc2e-83cc8ed18d75,5c0d47fe-8539-47b0-9f36-d0b3609ca89b,5c0d47fe-8539-47b0-9f36-d0b3609ca89b,1,0,1.480443745447523,0.24597270300034105,0.09403014452271301,0.12921858616414994,0.12645185801424463,08ac97c8-97c3-4669-a17a-eb7e153bbb6c,2024-05-29 23:00:00+00:00,4.867406220263447,0.47794117647058826,0.14117043121149897,0.2571428571428571,0.2647058823529412,14.311622318201572,0.5317460317460317,0.1793400286944046,0.22857142857142856,0.49206349206349204,83.64,84.68,107.60401721664275,93.29239489844117,game_summary__2e92ce51-0729-4c45-bbf1-f815eed8f2bb__20260227T225804Z.json
2024,2e92ce51-0729-4c45-bbf1-f815eed8f2bb,2024-05-31 23:30:00+00:00,2024-05-31,5c0d47fe-8539-47b0-9f36-d0b3609ca89b,5c0d47fe-8539-47b0-9f36-d0b3609ca89b,08ed8274-e29f-4248-bc2e-83cc8ed18d75,08ed8274-e29f-4248-bc2e-83cc8ed18d75,0,0,-4.996052311758616,0.22911238791362518,0.10138029160740823,0.11400786719496621,0.10167737468321567,e5ef80df-fe83-47d6-96f4-9961df13e37b,2024-05-29 23:00:00+00:00,-4.002334071458492,0.40540540540540543,0.18054886856042368,0.225,0.0945945945945946,-14.311622318201572,0.525,0.21256495040151155,0.10344827586206896,0.36666666666666664,84.68,83.64,93.29239489844117,107.60401721664275,game_summary__2e92ce51-0729-4c45-bbf1-f815eed8f2bb__20260227T225804Z.json
2024,eef85f6a-154a-40a6-8cec-d3d8a3dda8d1,2024-06-01 01:30:00+00:00,2024-06-01,0699edf3-5993-4182-b9b4-ec935cbd4fcc,0699edf3-5993-4182-b9b4-ec935cbd4fcc,6f017f37-be96-4bdc-b6d3-0a0429c72e89,6f017f37-be96-4bdc-b6d3-0a0429c72e89,0,0,-3.3106008939242075,0.23123825936842912,0.09017594316948921,0.11004494865047837,0.13867264063826346,08ac97c8-97c3-4669-a17a-eb7e153bbb6c,2024-05-29 23:00:00+00:00,-4.867406220263447,0.5,0.16514227642276422,0.21052631578947367,0.19117647058823528,-33.891844515438436,0.4596774193548387,0.22100884035361415,0.2777777777777778,0.2903225806451613,76.92,75.28,92.3036921476859,126.19553666312433,game_summary__eef85f6a-154a-40a6-8cec-d3d8a3dda8d1__20260227T225806Z.json
2024,eef85f6a-154a-40a6-8cec-d3d8a3dda8d1,2024-06-01 01:30:00+00:00,2024-06-01,6f017f37-be96-4bdc-b6d3-0a0429c72e89,6f017f37-be96-4bdc-b6d3-0a0429c72e89,0699edf3-5993-4182-b9b4-ec935cbd4fcc,0699edf3-5993-4182-b9b4-ec935cbd4fcc,1,0,3.4615376037488548,0.23538771991044088,0.08844424739181031,0.09565823426217601,0.10068067490853544,cfc8b84b-b32b-4025-9bba-440bd56e66e7,2024-05-30 00:00:00+00:00,-12.016422730708456,0.4307692307692308,0.21683673469387754,0.21052631578947367,0.15384615384615385,33.891844515438436,0.589041095890411,0.09298618490967056,0.2777777777777778,0.1643835616438356,75.28,76.92,126.19553666312433,92.3036921476859,game_summary__eef85f6a-154a-40a6-8cec-d3d8a3dda8d1__20260227T225806Z.json
2024,9bf8d962-12b1-44e7-8ab4-c99bf1a460a6,2024-06-01 16:00:00+00:00,2024-06-01,3c409388-ab73-4c7f-953d-3a71062240f6,3c409388-ab73-4c7f-953d-3a71062240f6,f073a15f-0486-4179-b0a3-dfd0294eb595,f073a15f-0486-4179-b0a3-dfd0294eb595,0,0,1.0484600861913072,0.2081934228822601,0.08308042090264289,0.1454602900500903,0.11902212501421769,25ec1238-ca57-44e0-8b7f-f96122b6ef71,2024-05-31 00:00:00+00:00,12.636963139645161,0.47333333333333333,0.17848643503093764,0.3333333333333333,0.21333333333333335,-2.2004568649931144,0.42028985507246375,0.1977261492832427,0.3333333333333333,0.2608695652173913,80.92,80.04,86.50519031141867,88.70564717641179,game_summary__9bf8d962-12b1-44e7-8ab4-c99bf1a460a6__20260227T225808Z.json
2024,9bf8d962-12b1-44e7-8ab4-c99bf1a460a6,2024-06-01 16:00:00+00:00,2024-06-01,f073a15f-0486-4179-b0a3-dfd0294eb595,f073a15f-0486-4179-b0a3-dfd0294eb595,3c409388-ab73-4c7f-953d-3a71062240f6,3c409388-ab73-4c7f-953d-3a71062240f6,1,0,-7.238595840686644,0.28387299001268346,0.10758611023264543,0.14624007562333097,0.15674137968255647,8dc8b483-2e2e-4d95-a41a-6abbabc2ffb8,2024-05-30 23:00:00+00:00,-17.02815983606287,0.4857142857142857,0.1771374586679263,0.2631578947368421,0.3142857142857143,2.2004568649931144,0.43478260869565216,0.16241879060469763,0.225,0.2318840579710145,80.04,80.92,88.70564717641179,86.50519031141867,game_summary__9bf8d962-12b1-44e7-8ab4-c99bf1a460a6__20260227T225808Z.json
2024,53e885e1-85e0-4a3c-8806-cfcc094f4d69,2024-06-02 19:00:00+00:00,2024-06-02,5d70a9af-8c2b-4aec-9e68-9acc6ddb93e4,5d70a9af-8c2b-4aec-9e68-9acc6ddb93e4,a015b02d-845c-40c1-8ef4-844984f47e4d,a015b02d-845c-40c1-8ef4-844984f47e4d,1,0,1.6711767733591687,0.21473429032106162,0.07558539502623876,0.09374245570578335,0.1533168599834091,210f5aa9-821b-44f0-9301-d5aad0c15e64,2024-05-31 23:30:00+00:00,8.994972971648622,0.4262295081967213,0.14499758337361043,0.08823529411764706,0.47540983606557374,-20.780880973926173,0.30597014925373134,0.16821946169772256,0.17391304347826086,0.1791044776119403,77.28,80.72,64.69979296066253,85.48067393458871,game_summary__53e885e1-85e0-4a3c-8806-cfcc094f4d69__20260227T225810Z.json
2024,53e885e1-85e0-4a3c-8806-cfcc094f4d69,2024-06-02 19:00:00+00:00,2024-06-02,a015b02d-845c-40c1-8ef4-844984f47e4d,a015b02d-845c-40c1-8ef4-844984f47e4d,5d70a9af-8c2b-4aec-9e68-9acc6ddb93e4,5d70a9af-8c2b-4aec-9e68-9acc6ddb93e4,0,0,4.176326789479777,0.23713616676448393,0.08392874938827151,0.15249689499174068,0.17281084520307324,1aa602a4-766e-4c02-b2a3-77894211fecf,2024-05-31 23:30:00+00:00,1.6501163378110704,0.5,0.1515986769570011,0.28125,0.4,20.780880973926173,0.4696969696969697,0.19821605550049554,0.21875,0.19696969696969696,80.72,77.28,85.48067393458871,64.69979296066253,game_summary__53e885e1-85e0-4a3c-8806-cfcc094f4d69__20260227T225810Z.json
2024,755c1d2b-79a9-42fb-9e3a-25fbfec30357,2024-06-02 22:00:00+00:00,2024-06-02,0699edf3-5993-4182-b9b4-ec935cbd4fcc,0699edf3-5993-4182-b9b4-ec935cbd4fcc,0a5ad38d-2fe3-43ba-894b-1ba3d5042ea9,0a5ad38d-2fe3-43ba-894b-1ba3d5042ea9,1,0,-6.193688484813345,0.252774666310579,0.10251038930974554,0.12585818516324843,0.15296964129671214,eef85f6a-154a-40a6-8cec-d3d8a3dda8d1,2024-06-01 01:30:00+00:00,-33.891844515438436,0.4596774193548387,0.22100884035361415,0.2777777777777778,0.2903225806451613,21.989722557590667,0.5303030303030303,0.17114914425427874,0.22580645161290322,0.30303030303030304,81.8,80.6,106.35696821515891,84.36724565756825,game_summary__755c1d2b-79a9-42fb-9e3a-25fbfec30357__20260227T225811Z.json
2024,755c1d2b-79a9-42fb-9e3a-25fbfec30357,2024-06-02 22:00:00+00:00,2024-06-02,0a5ad38d-2fe3-43ba-894b-1ba3d5042ea9,0a5ad38d-2fe3-43ba-894b-1ba3d5042ea9,0699edf3-5993-4182-b9b4-ec935cbd4fcc,0699edf3-5993-4182-b9b4-ec935cbd4fcc,0,0,-3.8346550097120806,0.2495987736427817,0.10592733774286109,0.09593263593497398,0.19129980572077654,25ec1238-ca57-44e0-8b7f-f96122b6ef71,2024-05-31 00:00:00+00:00,-12.636963139645161,0.43333333333333335,0.2241623407267579,0.2413793103448276,0.48333333333333334,-21.989722557590667,0.475,0.24813895781637718,0.1875,0.25,80.6,81.8,84.36724565756825,106.35696821515891,game_summary__755c1d2b-79a9-42fb-9e3a-25fbfec30357__20260227T225811Z.json
2024,28ff10f9-af2d-4400-96a4-24110ff29f19,2024-06-02 23:00:00+00:00,2024-06-02,08ed8274-e29f-4248-bc2e-83cc8ed18d75,08ed8274-e29f-4248-bc2e-83cc8ed18d75,f073a15f-0486-4179-b0a3-dfd0294eb595,f073a15f-0486-4179-b0a3-dfd0294eb595,1,0,2.69012024446225,0.27291436528559077,0.10207284780449064,0.13858520809127373,0.16092038317489316,2e92ce51-0729-4c45-bbf1-f815eed8f2bb,2024-05-31 23:30:00+00:00,14.311622318201572,0.5317460317460317,0.1793400286944046,0.22857142857142856,0.49206349206349204,44.050410246482514,0.6590909090909091,0.15892420537897312,0.24,0.30303030303030304,81.8,81.84,127.1393643031785,83.08895405669598,game_summary__28ff10f9-af2d-4400-96a4-24110ff29f19__20260227T225813Z.json
2024,28ff10f9-af2d-4400-96a4-24110ff29f19,2024-06-02 23:00:00+00:00,2024-06-02,f073a15f-0486-4179-b0a3-dfd0294eb595,f073a15f-0486-4179-b0a3-dfd0294eb595,08ed8274-e29f-4248-bc2e-83cc8ed18d75,08ed8274-e29f-4248-bc2e-83cc8ed18d75,0,0,-6.3487165387752995,0.2981001958894448,0.1127555344167109,0.15366527269641514,0.16382555604898838,9bf8d962-12b1-44e7-8ab4-c99bf1a460a6,2024-06-01 16:00:00+00:00,2.2004568649931144,0.43478260869565216,0.16241879060469763,0.225,0.2318840579710145,-44.050410246482514,0.4178082191780822,0.15884652981427175,0.21428571428571427,0.1506849315068493,81.84,81.8,83.08895405669598,127.1393643031785,game_summary__28ff10f9-af2d-4400-96a4-24110ff29f19__20260227T225813Z.json
2024,7d57cf1f-6ef5-4386-b2b5-8d1020140eb1,2024-06-02 23:00:00+00:00,2024-06-02,5f0b5caf-708b-4300-92f2-53b51d83ec06,5f0b5caf-708b-4300-92f2-53b51d83ec06,6f017f37-be96-4bdc-b6d3-0a0429c72e89,6f017f37-be96-4bdc-b6d3-0a0429c72e89,0,0,1.3538410452898249,0.2198429342958532,0.08573834463780122,0.16159629739110115,0.1038318023287913,1aa602a4-766e-4c02-b2a3-77894211fecf,2024-05-31 23:30:00+00:00,-1.6501163378110704,0.5645161290322581,0.20903010033444813,0.2692307692307692,0.06451612903225806,-20.84667974273134,0.49230769230769234,0.307152259763054,0.32,0.2153846153846154,91.16,83.48,83.36989907854321,104.21657882127455,game_summary__7d57cf1f-6ef5-4386-b2b5-8d1020140eb1__20260227T225815Z.json
2024,7d57cf1f-6ef5-4386-b2b5-8d1020140eb1,2024-06-02 23:00:00+00:00,2024-06-02,6f017f37-be96-4bdc-b6d3-0a0429c72e89,6f017f37-be96-4bdc-b6d3-0a0429c72e89,5f0b5caf-708b-4300-92f2-53b51d83ec06,5f0b5caf-708b-4300-92f2-53b51d83ec06,1,0,6.330395434707662,0.2687288643185314,0.08887244461813645,0.11282779749075694,0.10668634964575091,eef85f6a-154a-40a6-8cec-d3d8a3dda8d1,2024-06-01 01:30:00+00:00,33.891844515438436,0.589041095890411,0.09298618490967056,0.2777777777777778,0.1643835616438356,20.84667974273134,0.5070422535211268,0.1796837565884044,0.2777777777777778,0.23943661971830985,83.48,91.16,104.21657882127455,83.36989907854321,game_summary__7d57cf1f-6ef5-4386-b2b5-8d1020140eb1__20260227T225815Z.json
2024,a7948fe1-0991-4cf5-b08b-116a4896707c,2024-06-04 23:00:00+00:00,2024-06-04,5c0d47fe-8539-47b0-9f36-d0b3609ca89b,5c0d47fe-8539-47b0-9f36-d0b3609ca89b,a015b02d-845c-40c1-8ef4-844984f47e4d,a015b02d-845c-40c1-8ef4-844984f47e4d,0,0,-5.874290117259113,0.2570075877708312,0.11186237382858409,0.11301234761723004,0.12665959414071715,2e92ce51-0729-4c45-bbf1-f815eed8f2bb,2024-05-31 23:30:00+00:00,-14.311622318201572,0.525,0.21256495040151155,0.10344827586206896,0.36666666666666664,-18.497557939553673,0.359375,0.22788203753351208,0.34210526315789475,0.234375,74.6,77.88,79.08847184986595,97.58602978941963,game_summary__a7948fe1-0991-4cf5-b08b-116a4896707c__20260227T225817Z.json
2024,a7948fe1-0991-4cf5-b08b-116a4896707c,2024-06-04 23:00:00+00:00,2024-06-04,a015b02d-845c-40c1-8ef4-844984f47e4d,a015b02d-845c-40c1-8ef4-844984f47e4d,5c0d47fe-8539-47b0-9f36-d0b3609ca89b,5c0d47fe-8539-47b0-9f36-d0b3609ca89b,1,0,5.741743314520798,0.2590611471008024,0.09470333782968121,0.158742994963058,0.17508845322322197,53e885e1-85e0-4a3c-8806-cfcc094f4d69,2024-06-02 19:00:00+00:00,20.780880973926173,0.4696969696969697,0.19821605550049554,0.21875,0.19696969696969696,18.497557939553673,0.5263157894736842,0.1926040061633282,0.2,0.47368421052631576,77.88,74.6,97.58602978941963,79.08847184986595,game_summary__a7948fe1-0991-4cf5-b08b-116a4896707c__20260227T225817Z.json
2024,84ba331a-5bb3-44ab-80fa-7a39323923fb,2024-06-05 00:00:00+00:00,2024-06-05,08ed8274-e29f-4248-bc2e-83cc8ed18d75,08ed8274-e29f-4248-bc2e-83cc8ed18d75,3c409388-ab73-4c7f-953d-3a71062240f6,3c409388-ab73-4c7f-953d-3a71062240f6,0,0,6.589416830834895,0.3093216747827851,0.10743258547823524,0.14814622306186684,0.17431798569061108,28ff10f9-af2d-4400-96a4-24110ff29f19,2024-06-02 23:00:00+00:00,44.050410246482514,0.6590909090909091,0.15892420537897312,0.24,0.30303030303030304,15.466989496473744,0.5,0.1305173232083531,0.25,0.15384615384615385,84.28,84.32,104.41385856668248,88.94686907020873,game_summary__84ba331a-5bb3-44ab-80fa-7a39323923fb__20260227T225818Z.json
2024,84ba331a-5bb3-44ab-80fa-7a39323923fb,2024-06-05 00:00:00+00:00,2024-06-05,3c409388-ab73-4c7f-953d-3a71062240f6,3c409388-ab73-4c7f-953d-3a71062240f6,08ed8274-e29f-4248-bc2e-83cc8ed18d75,08ed8274-e29f-4248-bc2e-83cc8ed18d75,1,0,0.74216410092276,0.22818909733185128,0.09388880008216127,0.1631722721544229,0.1323949819101175,9bf8d962-12b1-44e7-8ab4-c99bf1a460a6,2024-06-01 16:00:00+00:00,-2.2004568649931144,0.42028985507246375,0.1977261492832427,0.3333333333333333,0.2608695652173913,-15.466989496473744,0.33783783783783783,0.11859582542694498,0.2727272727272727,0.3783783783783784,84.32,84.28,88.94686907020873,104.41385856668248,game_summary__84ba331a-5bb3-44ab-80fa-7a39323923fb__20260227T225818Z.json
2024,1989facb-abb4-415a-9657-8a1a45b81417,2024-06-05 02:00:00+00:00,2024-06-05,0699edf3-5993-4182-b9b4-ec935cbd4fcc,0699edf3-5993-4182-b9b4-ec935cbd4fcc,d6a012ed-84aa-48d3-8265-2d3f3ff2199a,d6a012ed-84aa-48d3-8265-2d3f3ff2199a,0,0,-3.5366597631913455,0.27893902353062,0.10898139961540379,0.13528094148729658,0.16711681062308847,755c1d2b-79a9-42fb-9e3a-25fbfec30357,2024-06-02 22:00:00+00:00,21.989722557590667,0.5303030303030303,0.17114914425427874,0.22580645161290322,0.30303030303030304,-24.563424694575076,0.36764705882352944,0.18998658918194009,0.08108108108108109,0.25,89.48,85.24,69.28922664282521,93.85265133740029,game_summary__1989facb-abb4-415a-9657-8a1a45b81417__20260227T225820Z.json
2024,1989facb-abb4-415a-9657-8a1a45b81417,2024-06-05 02:00:00+00:00,2024-06-05,d6a012ed-84aa-48d3-8265-2d3f3ff2199a,d6a012ed-84aa-48d3-8265-2d3f3ff2199a,0699edf3-5993-4182-b9b4-ec935cbd4fcc,0699edf3-5993-4182-b9b4-ec935cbd4fcc,1,0,4.252289187854815,0.275972854532019,0.10023650747833995,0.14057553461355143,0.14092540155376848,8dc8b483-2e2e-4d95-a41a-6abbabc2ffb8,2024-05-30 23:00:00+00:00,17.02815983606287,0.6133333333333333,0.09394081728511039,0.13333333333333333,0.18666666666666668,24.563424694575076,0.463768115942029,0.17597372125762553,0.21052631578947367,0.30434782608695654,85.24,89.48,93.85265133740029,69.28922664282521,game_summary__1989facb-abb4-415a-9657-8a1a45b81417__20260227T225820Z.json
2024,01de0404-f75e-4fd1-855d-91cdb34e32a6,2024-06-06 00:00:00+00:00,2024-06-06,171b097d-01db-4ae8-9d56-035689402ec6,FR_LVA_ACES,5f0b5caf-708b-4300-92f2-53b51d83ec06,5f0b5caf-708b-4300-92f2-53b51d83ec06,0,0,2.52603390113602,0.21679513560745314,0.06076878632903062,0.08650447042807585,0.11384583560141988,210f5aa9-821b-44f0-9301-d5aad0c15e64,2024-05-31 23:30:00+00:00,-8.994972971648622,0.4057971014492754,0.1382488479262673,0.07894736842105263,0.2898550724637681,15.230978751037199,0.55,0.16509433962264153,0.23529411764705882,0.2857142857142857,84.8,83.68,112.02830188679245,96.79732313575525,game_summary__01de0404-f75e-4fd1-855d-91cdb34e32a6__20260227T225822Z.json
2024,01de0404-f75e-4fd1-855d-91cdb34e32a6,2024-06-06 00:00:00+00:00,2024-06-06,5f0b5caf-708b-4300-92f2-53b51d83ec06,5f0b5caf-708b-4300-92f2-53b51d83ec06,171b097d-01db-4ae8-9d56-035689402ec6,FR_LVA_ACES,1,0,-0.7391427060377767,0.24552991329843077,0.10661243723679242,0.17653001804009796,0.11434859278474782,7d57cf1f-6ef5-4386-b2b5-8d1020140eb1,2024-06-02 23:00:00+00:00,-20.84667974273134,0.49230769230769234,0.307152259763054,0.32,0.2153846153846154,-15.230978751037199,0.41216216216216217,0.1673040152963671,0.358974358974359,0.2972972972972973,83.68,84.8,96.79732313575525,112.02830188679245,game_summary__01de0404-f75e-4fd1-855d-91cdb34e32a6__20260227T225822Z.json
2024,c691e5b8-9824-43ab-857f-602cdbc76f1c,2024-06-06 02:00:00+00:00,2024-06-06,0a5ad38d-2fe3-43ba-894b-1ba3d5042ea9,0a5ad38d-2fe3-43ba-894b-1ba3d5042ea9,6f017f37-be96-4bdc-b6d3-0a0429c72e89,6f017f37-be96-4bdc-b6d3-0a0429c72e89,1,0,-5.5462482531673345,0.27084877533416196,0.11933452818248563,0.10456527149203745,0.19683384494441852,755c1d2b-79a9-42fb-9e3a-25fbfec30357,2024-06-02 22:00:00+00:00,-21.989722557590667,0.475,0.24813895781637718,0.1875,0.25,-32.24054874806731,0.2857142857142857,0.19065776930409914,0.3469387755102041,0.23376623376623376,83.92,81.04,73.87988560533842,106.12043435340573,game_summary__c691e5b8-9824-43ab-857f-602cdbc76f1c__20260227T225823Z.json
2024,c691e5b8-9824-43ab-857f-602cdbc76f1c,2024-06-06 02:00:00+00:00,2024-06-06,6f017f37-be96-4bdc-b6d3-0a0429c72e89,6f017f37-be96-4bdc-b6d3-0a0429c72e89,0a5ad38d-2fe3-43ba-894b-1ba3d5042ea9,0a5ad38d-2fe3-43ba-894b-1ba3d5042ea9,0,0,7.698937527771485,0.2911961774094015,0.09743380235408054,0.1283786772119581,0.11920155867616854,7d57cf1f-6ef5-4386-b2b5-8d1020140eb1,2024-06-02 23:00:00+00:00,20.84667974273134,0.5070422535211268,0.1796837565884044,0.2777777777777778,0.23943661971830985,32.24054874806731,0.5615384615384615,0.17275419545903256,0.15625,0.24615384615384617,81.04,83.92,106.12043435340573,73.87988560533842,game_summary__c691e5b8-9824-43ab-857f-602cdbc76f1c__20260227T225823Z.json
2024,ba4ebaed-4979-48d8-8746-3435780dfd26,2024-06-06 23:00:00+00:00,2024-06-06,3c409388-ab73-4c7f-953d-3a71062240f6,3c409388-ab73-4c7f-953d-3a71062240f6,5c0d47fe-8539-47b0-9f36-d0b3609ca89b,5c0d47fe-8539-47b0-9f36-d0b3609ca89b,0,0,-0.7859755056232972,0.23852637880483343,0.09621808789860627,0.1735007161699968,0.1555853951810638,84ba331a-5bb3-44ab-80fa-7a39323923fb,2024-06-05 00:00:00+00:00,-15.466989496473744,0.33783783783783783,0.11859582542694498,0.2727272727272727,0.3783783783783784,10.01976024503908,0.3860759493670886,0.14659449706811004,0.30952380952380953,0.27848101265822783,88.68,89.8,89.08434821831302,79.06458797327394,game_summary__ba4ebaed-4979-48d8-8746-3435780dfd26__20260227T225825Z.json
2024,ba4ebaed-4979-48d8-8746-3435780dfd26,2024-06-06 23:00:00+00:00,2024-06-06,5c0d47fe-8539-47b0-9f36-d0b3609ca89b,5c0d47fe-8539-47b0-9f36-d0b3609ca89b,3c409388-ab73-4c7f-953d-3a71062240f6,3c409388-ab73-4c7f-953d-3a71062240f6,1,0,-7.064365552560378,0.26665841229458337,0.12280028259601852,0.1346103882375022,0.13681460790745645,a7948fe1-0991-4cf5-b08b-116a4896707c,2024-06-04 23:00:00+00:00,-18.497557939553673,0.359375,0.22788203753351208,0.34210526315789475,0.234375,-10.01976024503908,0.453125,0.267260579064588,0.20588235294117646,0.3125,89.8,88.68,79.06458797327394,89.08434821831302,game_summary__ba4ebaed-4979-48d8-8746-3435780dfd26__20260227T225825Z.json
2024,357089ac-922e-4a61-b8bd-309be7b84f30,2024-06-06 23:30:00+00:00,2024-06-06,08ed8274-e29f-4248-bc2e-83cc8ed18d75,08ed8274-e29f-4248-bc2e-83cc8ed18d75,5d70a9af-8c2b-4aec-9e68-9acc6ddb93e4,5d70a9af-8c2b-4aec-9e68-9acc6ddb93e4,0,0,7.426361851982228,0.3272981285885592,0.1096089299628595,0.15774862393247543,0.17238797639851017,84ba331a-5bb3-44ab-80fa-7a39323923fb,2024-06-05 00:00:00+00:00,15.466989496473744,0.5,0.1305173232083531,0.25,0.15384615384615385,16.567194490286425,0.4527027027027027,0.16924564796905223,0.2894736842105263,0.17567567567567569,82.72,78.48,94.29400386847195,77.72680937818552,game_summary__357089ac-922e-4a61-b8bd-309be7b84f30__20260227T225826Z.json
2024,357089ac-922e-4a61-b8bd-309be7b84f30,2024-06-06 23:30:00+00:00,2024-06-06,5d70a9af-8c2b-4aec-9e68-9acc6ddb93e4,5d70a9af-8c2b-4aec-9e68-9acc6ddb93e4,08ed8274-e29f-4248-bc2e-83cc8ed18d75,08ed8274-e29f-4248-bc2e-83cc8ed18d75,1,0,-0.44552096079005854,0.22333567278896882,0.08431859539635922,0.10130064495478137,0.15574802208079053,53e885e1-85e0-4a3c-8806-cfcc094f4d69,2024-06-02 19:00:00+00:00,-20.780880973926173,0.30597014925373134,0.16821946169772256,0.17391304347826086,0.1791044776119403,-16.567194490286425,0.3671875,0.1783893985728848,0.175,0.265625,78.48,82.72,77.72680937818552,94.29400386847195,game_summary__357089ac-922e-4a61-b8bd-309be7b84f30__20260227T225826Z.json
2024,30d41dd2-d0ff-4746-97df-5cfc93876611,2024-06-07 23:30:00+00:00,2024-06-07,5c0d47fe-8539-47b0-9f36-d0b3609ca89b,5c0d47fe-8539-47b0-9f36-d0b3609ca89b,f073a15f-0486-4179-b0a3-dfd0294eb595,f073a15f-0486-4179-b0a3-dfd0294eb595,1,0,-7.342989334821168,0.2842377989206629,0.13641947000642496,0.14132964791047678,0.15337758291630027,ba4ebaed-4979-48d8-8746-3435780dfd26,2024-06-06 23:00:00+00:00,-10.01976024503908,0.453125,0.267260579064588,0.20588235294117646,0.3125,-7.805152987971738,0.5208333333333334,0.179168657429527,0.2647058823529412,0.18055555555555555,83.72,79.48,99.13999044433827,106.94514343231,game_summary__30d41dd2-d0ff-4746-97df-5cfc93876611__20260227T225828Z.json
2024,30d41dd2-d0ff-4746-97df-5cfc93876611,2024-06-07 23:30:00+00:00,2024-06-07,f073a15f-0486-4179-b0a3-dfd0294eb595,f073a15f-0486-4179-b0a3-dfd0294eb595,5c0d47fe-8539-47b0-9f36-d0b3609ca89b,5c0d47fe-8539-47b0-9f36-d0b3609ca89b,0,0,-9.903094072582462,0.3093858296833084,0.11710082457322209,0.15938034580015814,0.16258670611787174,28ff10f9-af2d-4400-96a4-24110ff29f19,2024-06-02 23:00:00+00:00,-44.050410246482514,0.4178082191780822,0.15884652981427175,0.21428571428571427,0.1506849315068493,7.805152987971738,0.5806451612903226,0.18872672370407648,0.14705882352941177,0.27419354838709675,79.48,83.72,106.94514343231,99.13999044433827,game_summary__30d41dd2-d0ff-4746-97df-5cfc93876611__20260227T225828Z.json
2024,730a6d47-dd4c-466c-9b51-0d117efcb7fa,2024-06-08 02:00:00+00:00,2024-06-08,171b097d-01db-4ae8-9d56-035689402ec6,FR_LVA_ACES,d6a012ed-84aa-48d3-8265-2d3f3ff2199a,d6a012ed-84aa-48d3-8265-2d3f3ff2199a,1,0,3.723809547313853,0.24820846927182433,0.07060421721719277,0.10053181316334757,0.1300489633067024,01de0404-f75e-4fd1-855d-91cdb34e32a6,2024-06-06 00:00:00+00:00,15.230978751037199,0.55,0.16509433962264153,0.23529411764705882,0.2857142857142857,-12.690371237623793,0.3656716417910448,0.1621120889300602,0.075,0.2835820895522388,86.36,88.68,75.26632700324224,87.95669824086603,game_summary__730a6d47-dd4c-466c-9b51-0d117efcb7fa__20260227T225830Z.json
2024,730a6d47-dd4c-466c-9b51-0d117efcb7fa,2024-06-08 02:00:00+00:00,2024-06-08,d6a012ed-84aa-48d3-8265-2d3f3ff2199a,d6a012ed-84aa-48d3-8265-2d3f3ff2199a,171b097d-01db-4ae8-9d56-035689402ec6,FR_LVA_ACES,0,0,6.1671486180676585,0.2936775036463565,0.10737673447231215,0.14717023794469467,0.15633226891586569,1989facb-abb4-415a-9657-8a1a45b81417,2024-06-05 02:00:00+00:00,24.563424694575076,0.463768115942029,0.17597372125762553,0.21052631578947367,0.30434782608695654,12.690371237623793,0.4027777777777778,0.14659449706811004,0.15384615384615385,0.3055555555555556,88.68,86.36,87.95669824086603,75.26632700324224,game_summary__730a6d47-dd4c-466c-9b51-0d117efcb7fa__20260227T225830Z.json
2024,7ab782a0-2010-4512-ad28-25e4c5359e43,2024-06-08 02:00:00+00:00,2024-06-08,0a5ad38d-2fe3-43ba-894b-1ba3d5042ea9,0a5ad38d-2fe3-43ba-894b-1ba3d5042ea9,5f0b5caf-708b-4300-92f2-53b51d83ec06,5f0b5caf-708b-4300-92f2-53b51d83ec06,1,0,-8.062889088864686,0.27225024118164687,0.1260586220082532,0.1274153573303875,0.2003156952325199,c691e5b8-9824-43ab-857f-602cdbc76f1c,2024-06-06 02:00:00+00:00,-32.24054874806731,0.2857142857142857,0.19065776930409914,0.3469387755102041,0.23376623376623376,12.061998428984438,0.5071428571428571,0.16949152542372883,0.23529411764705882,0.21428571428571427,82.6,83.72,98.06295399515739,86.00095556617295,game_summary__7ab782a0-2010-4512-ad28-25e4c5359e43__20260227T225831Z.json
2024,7ab782a0-2010-4512-ad28-25e4c5359e43,2024-06-08 02:00:00+00:00,2024-06-08,5f0b5caf-708b-4300-92f2-53b51d83ec06,5f0b5caf-708b-4300-92f2-53b51d83ec06,0a5ad38d-2fe3-43ba-894b-1ba3d5042ea9,0a5ad38d-2fe3-43ba-894b-1ba3d5042ea9,0,0,-2.1053799064485603,0.2612393911367682,0.1123342168262902,0.19373020197916663,0.13159632627385626,01de0404-f75e-4fd1-855d-91cdb34e32a6,2024-06-06 00:00:00+00:00,-15.230978751037199,0.41216216216216217,0.1673040152963671,0.358974358974359,0.2972972972972973,-12.061998428984438,0.410958904109589,0.16722408026755853,0.24324324324324326,0.1780821917808219,83.72,82.6,86.00095556617295,98.06295399515739,game_summary__7ab782a0-2010-4512-ad28-25e4c5359e43__20260227T225831Z.json
2024,ecd1758d-4ac8-4165-aae1-77f6f5e33c54,2024-06-08 02:00:00+00:00,2024-06-08,0699edf3-5993-4182-b9b4-ec935cbd4fcc,0699edf3-5993-4182-b9b4-ec935cbd4fcc,6f017f37-be96-4bdc-b6d3-0a0429c72e89,6f017f37-be96-4bdc-b6d3-0a0429c72e89,1,0,-5.51898611330639,0.28730209204838353,0.11661827206334444,0.13017117725079083,0.1749307340116644,1989facb-abb4-415a-9657-8a1a45b81417,2024-06-05 02:00:00+00:00,-24.563424694575076,0.36764705882352944,0.18998658918194009,0.08108108108108109,0.25,3.4571057967557266,0.4785714285714286,0.1708984375,0.2564102564102564,0.2571428571428571,81.92,83.84,98.876953125,95.41984732824427,game_summary__ecd1758d-4ac8-4165-aae1-77f6f5e33c54__20260227T225833Z.json
2024,ecd1758d-4ac8-4165-aae1-77f6f5e33c54,2024-06-08 02:00:00+00:00,2024-06-08,6f017f37-be96-4bdc-b6d3-0a0429c72e89,6f017f37-be96-4bdc-b6d3-0a0429c72e89,0699edf3-5993-4182-b9b4-ec935cbd4fcc,0699edf3-5993-4182-b9b4-ec935cbd4fcc,0,0,10.012630706680769,0.3166830573516151,0.10453473302221752,0.13100628339653256,0.1311701551528791,c691e5b8-9824-43ab-857f-602cdbc76f1c,2024-06-06 02:00:00+00:00,32.24054874806731,0.5615384615384615,0.17275419545903256,0.15625,0.24615384615384617,-3.4571057967557266,0.4930555555555556,0.16698473282442747,0.19444444444444445,0.1527777777777778,83.84,81.92,95.41984732824427,98.876953125,game_summary__ecd1758d-4ac8-4165-aae1-77f6f5e33c54__20260227T225833Z.json
2024,92a51c0b-e6e6-4261-812d-d4acdd23f310,2024-06-08 17:00:00+00:00,2024-06-08,08ed8274-e29f-4248-bc2e-83cc8ed18d75,08ed8274-e29f-4248-bc2e-83cc8ed18d75,a015b02d-845c-40c1-8ef4-844984f47e4d,a015b02d-845c-40c1-8ef4-844984f47e4d,0,0,8.288126058698435,0.339120812320586,0.11523126121181004,0.1701671799401061,0.17269792863936353,357089ac-922e-4a61-b8bd-309be7b84f30,2024-06-06 23:30:00+00:00,16.567194490286425,0.4527027027027027,0.16924564796905223,0.2894736842105263,0.17567567567567569,12.31609314775271,0.5916666666666667,0.15440041173443128,0.0,0.21666666666666667,77.72,80.48,105.50694801852805,93.19085487077534,game_summary__92a51c0b-e6e6-4261-812d-d4acdd23f310__20260227T225835Z.json
2024,92a51c0b-e6e6-4261-812d-d4acdd23f310,2024-06-08 17:00:00+00:00,2024-06-08,a015b02d-845c-40c1-8ef4-844984f47e4d,a015b02d-845c-40c1-8ef4-844984f47e4d,08ed8274-e29f-4248-bc2e-83cc8ed18d75,08ed8274-e29f-4248-bc2e-83cc8ed18d75,1,0,6.944314776697767,0.28425693549217773,0.10393305410629204,0.16263255422138642,0.20323896708810146,a7948fe1-0991-4cf5-b08b-116a4896707c,2024-06-04 23:00:00+00:00,18.497557939553673,0.5263157894736842,0.1926040061633282,0.2,0.47368421052631576,-12.31609314775271,0.43661971830985913,0.16153081510934392,0.28205128205128205,0.23943661971830985,80.48,77.72,93.19085487077534,105.50694801852805,game_summary__92a51c0b-e6e6-4261-812d-d4acdd23f310__20260227T225835Z.json
2024,d7517dc7-2fec-4265-9916-3ce3c2a61353,2024-06-08 21:00:00+00:00,2024-06-08,3c409388-ab73-4c7f-953d-3a71062240f6,3c409388-ab73-4c7f-953d-3a71062240f6,5d70a9af-8c2b-4aec-9e68-9acc6ddb93e4,5d70a9af-8c2b-4aec-9e68-9acc6ddb93e4,1,0,0.23274966588165513,0.252436811656877,0.10096739116264922,0.1863244749868828,0.1671715436748354,ba4ebaed-4979-48d8-8746-3435780dfd26,2024-06-06 23:00:00+00:00,10.01976024503908,0.3860759493670886,0.14659449706811004,0.30952380952380953,0.27848101265822783,-13.60636338734885,0.5083333333333333,0.2522825564632388,0.25925925925925924,0.35,83.24,81.12,96.10764055742432,109.71400394477317,game_summary__d7517dc7-2fec-4265-9916-3ce3c2a61353__20260227T225837Z.json
2024,d7517dc7-2fec-4265-9916-3ce3c2a61353,2024-06-08 21:00:00+00:00,2024-06-08,5d70a9af-8c2b-4aec-9e68-9acc6ddb93e4,5d70a9af-8c2b-4aec-9e68-9acc6ddb93e4,3c409388-ab73-4c7f-953d-3a71062240f6,3c409388-ab73-4c7f-953d-3a71062240f6,0,0,-1.9654132670845461,0.23689749594736648,0.0931872460195933,0.10824875009455794,0.16610682094076923,357089ac-922e-4a61-b8bd-309be7b84f30,2024-06-06 23:30:00+00:00,-16.567194490286425,0.3671875,0.1783893985728848,0.175,0.265625,13.60636338734885,0.5,0.17258382642998027,0.3333333333333333,0.3382352941176471,81.12,83.24,109.71400394477317,96.10764055742432,game_summary__d7517dc7-2fec-4265-9916-3ce3c2a61353__20260227T225837Z.json
2024,a80ac197-ce96-4d87-b6b4-efc97b29b95e,2024-06-09 19:00:00+00:00,2024-06-09,08ed8274-e29f-4248-bc2e-83cc8ed18d75,08ed8274-e29f-4248-bc2e-83cc8ed18d75,5c0d47fe-8539-47b0-9f36-d0b3609ca89b,5c0d47fe-8539-47b0-9f36-d0b3609ca89b,1,0,8.66786803632005,0.36292991007367564,0.11892398519697826,0.15412444175280846,0.1768431401475179,92a51c0b-e6e6-4261-812d-d4acdd23f310,2024-06-08 17:00:00+00:00,12.31609314775271,0.5916666666666667,0.15440041173443128,0.0,0.21666666666666667,4.075588740143004,0.5692307692307692,0.2567237163814181,0.41935483870967744,0.3076923076923077,81.8,80.28,113.6919315403423,109.61634280019929,game_summary__a80ac197-ce96-4d87-b6b4-efc97b29b95e__20260227T225838Z.json
2024,a80ac197-ce96-4d87-b6b4-efc97b29b95e,2024-06-09 19:00:00+00:00,2024-06-09,5c0d47fe-8539-47b0-9f36-d0b3609ca89b,5c0d47fe-8539-47b0-9f36-d0b3609ca89b,08ed8274-e29f-4248-bc2e-83cc8ed18d75,08ed8274-e29f-4248-bc2e-83cc8ed18d75,0,0,-7.3865604305506105,0.30654315895661227,0.1404497067523705,0.15296110721062953,0.15593982258946504,30d41dd2-d0ff-4746-97df-5cfc93876611,2024-06-07 23:30:00+00:00,-7.805152987971738,0.5208333333333334,0.179168657429527,0.2647058823529412,0.18055555555555555,-4.075588740143004,0.582089552238806,0.14947683109118087,0.12903225806451613,0.1791044776119403,80.28,81.8,109.61634280019929,113.6919315403423,game_summary__a80ac197-ce96-4d87-b6b4-efc97b29b95e__20260227T225838Z.json
2024,16e93da7-6365-4beb-a2ab-0b520b5b680c,2024-06-09 20:00:00+00:00,2024-06-09,0699edf3-5993-4182-b9b4-ec935cbd4fcc,0699edf3-5993-4182-b9b4-ec935cbd4fcc,5f0b5caf-708b-4300-92f2-53b51d83ec06,5f0b5caf-708b-4300-92f2-53b51d83ec06,0,0,-4.672753058795343,0.3053342642344499,0.12173560716386125,0.14207253506064388,0.18268139173355777,ecd1758d-4ac8-4165-aae1-77f6f5e33c54,2024-06-08 02:00:00+00:00,3.4571057967557266,0.4785714285714286,0.1708984375,0.2564102564102564,0.2571428571428571,4.011458829840805,0.51875,0.2170481452249408,0.25,0.2375,101.36,98.16,95.69850039463299,91.68704156479218,game_summary__16e93da7-6365-4beb-a2ab-0b520b5b680c__20260227T225840Z.json
2024,16e93da7-6365-4beb-a2ab-0b520b5b680c,2024-06-09 20:00:00+00:00,2024-06-09,5f0b5caf-708b-4300-92f2-53b51d83ec06,5f0b5caf-708b-4300-92f2-53b51d83ec06,0699edf3-5993-4182-b9b4-ec935cbd4fcc,0699edf3-5993-4182-b9b4-ec935cbd4fcc,1,0,-3.044053417075358,0.27535439820803825,0.11750903202058753,0.19839811008069375,0.1359788433373738,7ab782a0-2010-4512-ad28-25e4c5359e43,2024-06-08 02:00:00+00:00,-12.061998428984438,0.410958904109589,0.16722408026755853,0.24324324324324326,0.1780821917808219,-4.011458829840805,0.5128205128205128,0.23431132844335778,0.3103448275862069,0.1794871794871795,98.16,101.36,91.68704156479218,95.69850039463299,game_summary__16e93da7-6365-4beb-a2ab-0b520b5b680c__20260227T225840Z.json
2024,c93a3c54-4270-49d1-a97e-b51216361e96,2024-06-09 23:00:00+00:00,2024-06-09,6f017f37-be96-4bdc-b6d3-0a0429c72e89,6f017f37-be96-4bdc-b6d3-0a0429c72e89,d6a012ed-84aa-48d3-8265-2d3f3ff2199a,d6a012ed-84aa-48d3-8265-2d3f3ff2199a,1,0,8.742753305806078,0.3333108102069033,0.11042229017028962,0.13698700076596587,0.13320724263792286,ecd1758d-4ac8-4165-aae1-77f6f5e33c54,2024-06-08 02:00:00+00:00,-3.4571057967557266,0.4930555555555556,0.16698473282442747,0.19444444444444445,0.1527777777777778,22.879998282322717,0.55,0.22156573116691286,0.23076923076923078,0.35,81.24,80.72,102.16642048252093,79.28642220019822,game_summary__c93a3c54-4270-49d1-a97e-b51216361e96__20260227T225842Z.json
2024,c93a3c54-4270-49d1-a97e-b51216361e96,2024-06-09 23:00:00+00:00,2024-06-09,d6a012ed-84aa-48d3-8265-2d3f3ff2199a,d6a012ed-84aa-48d3-8265-2d3f3ff2199a,6f017f37-be96-4bdc-b6d3-0a0429c72e89,6f017f37-be96-4bdc-b6d3-0a0429c72e89,0,0,6.78213414383021,0.30396307771927017,0.111074041425612,0.14779961883356654,0.17040049358675238,730a6d47-dd4c-466c-9b51-0d117efcb7fa,2024-06-08 02:00:00+00:00,12.690371237623793,0.4027777777777778,0.14659449706811004,0.15384615384615385,0.3055555555555556,-22.879998282322717,0.37333333333333335,0.1734390485629336,0.3181818181818182,0.17333333333333334,80.72,81.24,79.28642220019822,102.16642048252093,game_summary__c93a3c54-4270-49d1-a97e-b51216361e96__20260227T225842Z.json
2024,83587e0f-dcc8-4e35-aba1-d57f39ebf31e,2024-06-10 01:00:00+00:00,2024-06-10,0a5ad38d-2fe3-43ba-894b-1ba3d5042ea9,0a5ad38d-2fe3-43ba-894b-1ba3d5042ea9,171b097d-01db-4ae8-9d56-035689402ec6,FR_LVA_ACES,1,0,-6.165588436580829,0.29439505630593515,0.1301533169926439,0.13758577155679555,0.20163273743901847,7ab782a0-2010-4512-ad28-25e4c5359e43,2024-06-08 02:00:00+00:00,12.061998428984438,0.5071428571428571,0.16949152542372883,0.23529411764705882,0.21428571428571427,-1.8410452673978597,0.5692307692307692,0.19897003745318353,0.2962962962962963,0.4,85.44,80.56,112.35955056179776,114.20059582919562,game_summary__83587e0f-dcc8-4e35-aba1-d57f39ebf31e__20260227T225843Z.json
2024,83587e0f-dcc8-4e35-aba1-d57f39ebf31e,2024-06-10 01:00:00+00:00,2024-06-10,171b097d-01db-4ae8-9d56-035689402ec6,FR_LVA_ACES,0a5ad38d-2fe3-43ba-894b-1ba3d5042ea9,0a5ad38d-2fe3-43ba-894b-1ba3d5042ea9,0,0,2.17634072880014,0.25928246676087296,0.0792312440532904,0.09812476737360862,0.1445235038632386,730a6d47-dd4c-466c-9b51-0d117efcb7fa,2024-06-08 02:00:00+00:00,-12.690371237623793,0.3656716417910448,0.1621120889300602,0.075,0.2835820895522388,1.8410452673978597,0.5220588235294118,0.07447864945382324,0.125,0.35294117647058826,80.56,85.44,114.20059582919562,112.35955056179776,game_summary__83587e0f-dcc8-4e35-aba1-d57f39ebf31e__20260227T225843Z.json
2024,98e56fea-6489-41a3-8f26-dc9f1593812d,2024-06-10 23:00:00+00:00,2024-06-10,a015b02d-845c-40c1-8ef4-844984f47e4d,a015b02d-845c-40c1-8ef4-844984f47e4d,f073a15f-0486-4179-b0a3-dfd0294eb595,f073a15f-0486-4179-b0a3-dfd0294eb595,1,0,5.128514092798162,0.2986211403587829,0.10936315996026302,0.1738909142994548,0.20665154914032546,92a51c0b-e6e6-4261-812d-d4acdd23f310,2024-06-08 17:00:00+00:00,-12.31609314775271,0.43661971830985913,0.16153081510934392,0.28205128205128205,0.23943661971830985,20.960938316478476,0.5230769230769231,0.15881418740074113,0.3870967741935484,0.36923076923076925,75.56,74.36,117.787188988883,96.82625067240453,game_summary__98e56fea-6489-41a3-8f26-dc9f1593812d__20260227T225845Z.json
2024,98e56fea-6489-41a3-8f26-dc9f1593812d,2024-06-10 23:00:00+00:00,2024-06-10,f073a15f-0486-4179-b0a3-dfd0294eb595,f073a15f-0486-4179-b0a3-dfd0294eb595,a015b02d-845c-40c1-8ef4-844984f47e4d,a015b02d-845c-40c1-8ef4-844984f47e4d,0,0,-8.233625427403968,0.3349591655014395,0.12385345188708206,0.1582187178297815,0.1731085902500904,30d41dd2-d0ff-4746-97df-5cfc93876611,2024-06-07 23:30:00+00:00,7.805152987971738,0.5806451612903226,0.18872672370407648,0.14705882352941177,0.27419354838709675,-20.960938316478476,0.47580645161290325,0.14792899408284024,0.19444444444444445,0.3064516129032258,74.36,75.56,96.82625067240453,117.787188988883,game_summary__98e56fea-6489-41a3-8f26-dc9f1593812d__20260227T225845Z.json
2024,92c2e439-bd89-4a88-b0e1-c9192e749326,2024-06-11 23:30:00+00:00,2024-06-11,5c0d47fe-8539-47b0-9f36-d0b3609ca89b,5c0d47fe-8539-47b0-9f36-d0b3609ca89b,5d70a9af-8c2b-4aec-9e68-9acc6ddb93e4,5d70a9af-8c2b-4aec-9e68-9acc6ddb93e4,0,0,-7.074414151853043,0.33252066324055396,0.14130075095726763,0.15070518299475222,0.15812370138357468,a80ac197-ce96-4d87-b6b4-efc97b29b95e,2024-06-09 19:00:00+00:00,-4.075588740143004,0.582089552238806,0.14947683109118087,0.12903225806451613,0.1791044776119403,25.147223593122675,0.6076923076923076,0.145042194092827,0.1724137931034483,0.16923076923076924,75.84,75.92,114.71518987341771,89.56796628029504,game_summary__92c2e439-bd89-4a88-b0e1-c9192e749326__20260227T225847Z.json
2024,92c2e439-bd89-4a88-b0e1-c9192e749326,2024-06-11 23:30:00+00:00,2024-06-11,5d70a9af-8c2b-4aec-9e68-9acc6ddb93e4,5d70a9af-8c2b-4aec-9e68-9acc6ddb93e4,5c0d47fe-8539-47b0-9f36-d0b3609ca89b,5c0d47fe-8539-47b0-9f36-d0b3609ca89b,1,0,-0.4973632232037237,0.2617018359524394,0.10067246469066067,0.12946889983299537,0.18233446266773368,d7517dc7-2fec-4265-9916-3ce3c2a61353,2024-06-08 21:00:00+00:00,13.60636338734885,0.5,0.17258382642998027,0.3333333333333333,0.3382352941176471,-25.147223593122675,0.417910447761194,0.11854583772391991,0.1951219512195122,0.26865671641791045,75.92,75.84,89.56796628029504,114.71518987341771,game_summary__92c2e439-bd89-4a88-b0e1-c9192e749326__20260227T225847Z.json
2024,a0ce9fa3-5b06-4cc1-89a6-be761f3e94d8,2024-06-12 02:00:00+00:00,2024-06-12,171b097d-01db-4ae8-9d56-035689402ec6,FR_LVA_ACES,6f017f37-be96-4bdc-b6d3-0a0429c72e89,6f017f37-be96-4bdc-b6d3-0a0429c72e89,1,0,2.14473030131019,0.28405605879509116,0.0787831868492135,0.1006584658276799,0.16417235833930424,83587e0f-dcc8-4e35-aba1-d57f39ebf31e,2024-06-10 01:00:00+00:00,1.8410452673978597,0.5220588235294118,0.07447864945382324,0.125,0.35294117647058826,-21.49952371149979,0.532258064516129,0.1698204754973314,0.1724137931034483,0.41935483870967744,82.44,79.48,104.31829209121786,125.81781580271765,game_summary__a0ce9fa3-5b06-4cc1-89a6-be761f3e94d8__20260227T225848Z.json
2024,a0ce9fa3-5b06-4cc1-89a6-be761f3e94d8,2024-06-12 02:00:00+00:00,2024-06-12,6f017f37-be96-4bdc-b6d3-0a0429c72e89,6f017f37-be96-4bdc-b6d3-0a0429c72e89,171b097d-01db-4ae8-9d56-035689402ec6,FR_LVA_ACES,0,0,10.07556095959556,0.3537394730142193,0.12090048652855194,0.14582844576783321,0.15364566941614344,c93a3c54-4270-49d1-a97e-b51216361e96,2024-06-09 23:00:00+00:00,22.879998282322717,0.55,0.22156573116691286,0.23076923076923078,0.35,21.49952371149979,0.664179104477612,0.1132360342224459,0.11764705882352941,0.2537313432835821,79.48,82.44,125.81781580271765,104.31829209121786,game_summary__a0ce9fa3-5b06-4cc1-89a6-be761f3e94d8__20260227T225848Z.json
2024,a4c9f065-c3fb-42d0-93f9-928c06570f36,2024-06-12 02:00:00+00:00,2024-06-12,0a5ad38d-2fe3-43ba-894b-1ba3d5042ea9,0a5ad38d-2fe3-43ba-894b-1ba3d5042ea9,d6a012ed-84aa-48d3-8265-2d3f3ff2199a,d6a012ed-84aa-48d3-8265-2d3f3ff2199a,0,0,-5.757886352857707,0.32030556024990536,0.1366411052350386,0.15254841827198826,0.22033407608326733,83587e0f-dcc8-4e35-aba1-d57f39ebf31e,2024-06-10 01:00:00+00:00,-1.8410452673978597,0.5692307692307692,0.19897003745318353,0.2962962962962963,0.4,-17.707052088708195,0.43478260869565216,0.14713094654242276,0.23809523809523808,0.34782608695652173,81.56,82.92,96.86120647376164,114.56825856246984,game_summary__a4c9f065-c3fb-42d0-93f9-928c06570f36__20260227T225850Z.json
2024,a4c9f065-c3fb-42d0-93f9-928c06570f36,2024-06-12 02:00:00+00:00,2024-06-12,d6a012ed-84aa-48d3-8265-2d3f3ff2199a,d6a012ed-84aa-48d3-8265-2d3f3ff2199a,0a5ad38d-2fe3-43ba-894b-1ba3d5042ea9,0a5ad38d-2fe3-43ba-894b-1ba3d5042ea9,1,0,3.985696988573758,0.3105030512276402,0.11695358577667399,0.16386262826277628,0.17067699097136121,c93a3c54-4270-49d1-a97e-b51216361e96,2024-06-09 23:00:00+00:00,-22.879998282322717,0.37333333333333335,0.1734390485629336,0.3181818181818182,0.17333333333333334,17.707052088708195,0.5189873417721519,0.1085383502170767,0.3611111111111111,0.22784810126582278,82.92,81.56,114.56825856246984,96.86120647376164,game_summary__a4c9f065-c3fb-42d0-93f9-928c06570f36__20260227T225850Z.json
2024,0c5c76b4-a9ca-405c-9c26-5b133e561657,2024-06-13 00:00:00+00:00,2024-06-13,3c409388-ab73-4c7f-953d-3a71062240f6,3c409388-ab73-4c7f-953d-3a71062240f6,a015b02d-845c-40c1-8ef4-844984f47e4d,a015b02d-845c-40c1-8ef4-844984f47e4d,1,0,-1.0719512026144549,0.27656179804814507,0.11523283048849006,0.19320049919578489,0.18440794060545826,d7517dc7-2fec-4265-9916-3ce3c2a61353,2024-06-08 21:00:00+00:00,-13.60636338734885,0.5083333333333333,0.2522825564632388,0.25925925925925924,0.35,-2.8595632383138536,0.5344827586206896,0.25132275132275134,0.2857142857142857,0.25862068965517243,75.6,81.32,99.20634920634922,102.06591244466307,game_summary__0c5c76b4-a9ca-405c-9c26-5b133e561657__20260227T225852Z.json
2024,0c5c76b4-a9ca-405c-9c26-5b133e561657,2024-06-13 00:00:00+00:00,2024-06-13,a015b02d-845c-40c1-8ef4-844984f47e4d,a015b02d-845c-40c1-8ef4-844984f47e4d,3c409388-ab73-4c7f-953d-3a71062240f6,3c409388-ab73-4c7f-953d-3a71062240f6,0,0,6.621137034426104,0.3197820090882259,0.11402522162573629,0.19399118152773284,0.22197892227728436,98e56fea-6489-41a3-8f26-dc9f1593812d,2024-06-10 23:00:00+00:00,20.960938316478476,0.5230769230769231,0.15881418740074113,0.3870967741935484,0.36923076923076925,2.8595632383138536,0.47580645161290325,0.18445646827348747,0.27586206896551724,0.45161290322580644,81.32,75.6,102.06591244466307,99.20634920634922,game_summary__0c5c76b4-a9ca-405c-9c26-5b133e561657__20260227T225852Z.json
2024,03f89d52-5231-462b-84c7-77be717a6750,2024-06-13 23:00:00+00:00,2024-06-13,5f0b5caf-708b-4300-92f2-53b51d83ec06,5f0b5caf-708b-4300-92f2-53b51d83ec06,d6a012ed-84aa-48d3-8265-2d3f3ff2199a,d6a012ed-84aa-48d3-8265-2d3f3ff2199a,1,0,-3.1352568545621473,0.2977418333551895,0.12852072453288732,0.2089520364047971,0.14008064984355167,16e93da7-6365-4beb-a2ab-0b520b5b680c,2024-06-09 20:00:00+00:00,-4.011458829840805,0.5128205128205128,0.23431132844335778,0.3103448275862069,0.1794871794871795,-11.513462170018741,0.5230769230769231,0.23035887487875847,0.32142857142857145,0.26153846153846155,82.48,81.16,101.84287099903007,113.35633316904881,game_summary__03f89d52-5231-462b-84c7-77be717a6750__20260227T225854Z.json
2024,03f89d52-5231-462b-84c7-77be717a6750,2024-06-13 23:00:00+00:00,2024-06-13,d6a012ed-84aa-48d3-8265-2d3f3ff2199a,d6a012ed-84aa-48d3-8265-2d3f3ff2199a,5f0b5caf-708b-4300-92f2-53b51d83ec06,5f0b5caf-708b-4300-92f2-53b51d83ec06,0,0,5.279296068748188,0.33015818619871584,0.11616022820375908,0.18245849245522094,0.17606687375988708,a4c9f065-c3fb-42d0-93f9-928c06570f36,2024-06-12 02:00:00+00:00,17.707052088708195,0.5189873417721519,0.1085383502170767,0.3611111111111111,0.22784810126582278,11.513462170018741,0.572463768115942,0.16017742730409068,0.2692307692307692,0.2028985507246377,81.16,82.48,113.35633316904881,101.84287099903007,game_summary__03f89d52-5231-462b-84c7-77be717a6750__20260227T225854Z.json
2024,d59fc389-8c92-4416-9293-d8b71012fb31,2024-06-13 23:00:00+00:00,2024-06-13,5d70a9af-8c2b-4aec-9e68-9acc6ddb93e4,5d70a9af-8c2b-4aec-9e68-9acc6ddb93e4,f073a15f-0486-4179-b0a3-dfd0294eb595,f073a15f-0486-4179-b0a3-dfd0294eb595,0,0,-2.821261735286023,0.2764286114841906,0.10235750080748066,0.13565842894760963,0.19047260844378158,92c2e439-bd89-4a88-b0e1-c9192e749326,2024-06-11 23:30:00+00:00,-25.147223593122675,0.417910447761194,0.11854583772391991,0.1951219512195122,0.26865671641791045,-4.322331282347108,0.48507462686567165,0.16225661507738393,0.30303030303030304,0.34328358208955223,80.12,83.36,104.84273589615576,109.16506717850287,game_summary__d59fc389-8c92-4416-9293-d8b71012fb31__20260227T225855Z.json
2024,d59fc389-8c92-4416-9293-d8b71012fb31,2024-06-13 23:00:00+00:00,2024-06-13,f073a15f-0486-4179-b0a3-dfd0294eb595,f073a15f-0486-4179-b0a3-dfd0294eb595,5d70a9af-8c2b-4aec-9e68-9acc6ddb93e4,5d70a9af-8c2b-4aec-9e68-9acc6ddb93e4,1,0,-9.433509850352664,0.3482377315344014,0.12612320578615785,0.1616339465943894,0.1856796818218029,98e56fea-6489-41a3-8f26-dc9f1593812d,2024-06-10 23:00:00+00:00,-20.960938316478476,0.47580645161290325,0.14792899408284024,0.19444444444444445,0.3064516129032258,4.322331282347108,0.5069444444444444,0.16794625719769674,0.34375,0.2638888888888889,83.36,80.12,109.16506717850287,104.84273589615576,game_summary__d59fc389-8c92-4416-9293-d8b71012fb31__20260227T225855Z.json
2024,b6470623-752b-4f65-a4d6-d898c72279e9,2024-06-14 02:00:00+00:00,2024-06-14,0699edf3-5993-4182-b9b4-ec935cbd4fcc,0699edf3-5993-4182-b9b4-ec935cbd4fcc,171b097d-01db-4ae8-9d56-035689402ec6,FR_LVA_ACES,1,0,-3.8540373831789085,0.3254543177908483,0.13072132400196676,0.15224754098041204,0.18784948925107026,16e93da7-6365-4beb-a2ab-0b520b5b680c,2024-06-09 20:00:00+00:00,4.011458829840805,0.51875,0.2170481452249408,0.25,0.2375,-8.300340921588031,0.5972222222222222,0.13856812933025406,0.13793103448275862,0.20833333333333334,86.6,84.0,114.31870669745959,122.61904761904762,game_summary__b6470623-752b-4f65-a4d6-d898c72279e9__20260227T225857Z.json
2024,b6470623-752b-4f65-a4d6-d898c72279e9,2024-06-14 02:00:00+00:00,2024-06-14,171b097d-01db-4ae8-9d56-035689402ec6,FR_LVA_ACES,0699edf3-5993-4182-b9b4-ec935cbd4fcc,0699edf3-5993-4182-b9b4-ec935cbd4fcc,0,0,-0.0843633282309546,0.30745563441681945,0.08736584883830709,0.1074232951527835,0.1882300275326706,a0ce9fa3-5b06-4cc1-89a6-be761f3e94d8,2024-06-12 02:00:00+00:00,-21.49952371149979,0.532258064516129,0.1698204754973314,0.1724137931034483,0.41935483870967744,8.300340921588031,0.572463768115942,0.19047619047619047,0.3870967741935484,0.36231884057971014,84.0,86.6,122.61904761904762,114.31870669745959,game_summary__b6470623-752b-4f65-a4d6-d898c72279e9__20260227T225857Z.json
2024,609e2b84-4735-4337-bfda-8acb28c0f99b,2024-06-14 23:30:00+00:00,2024-06-14,3c409388-ab73-4c7f-953d-3a71062240f6,3c409388-ab73-4c7f-953d-3a71062240f6,5c0d47fe-8539-47b0-9f36-d0b3609ca89b,5c0d47fe-8539-47b0-9f36-d0b3609ca89b,0,0,-1.2404807150579327,0.30087764112045795,0.12806288955535922,0.20192235999382033,0.19140444665076753,0c5c76b4-a9ca-405c-9c26-5b133e561657,2024-06-13 00:00:00+00:00,-2.8595632383138536,0.5344827586206896,0.25132275132275134,0.2857142857142857,0.25862068965517243,1.2132132804324698,0.48484848484848486,0.18072289156626506,0.23684210526315788,0.3787878787878788,83.0,86.12,97.59036144578313,96.37714816535066,game_summary__609e2b84-4735-4337-bfda-8acb28c0f99b__20260227T225859Z.json
2024,609e2b84-4735-4337-bfda-8acb28c0f99b,2024-06-14 23:30:00+00:00,2024-06-14,5c0d47fe-8539-47b0-9f36-d0b3609ca89b,5c0d47fe-8539-47b0-9f36-d0b3609ca89b,3c409388-ab73-4c7f-953d-3a71062240f6,3c409388-ab73-4c7f-953d-3a71062240f6,1,0,-4.036676213840936,0.3584628375779404,0.14165348050645313,0.1527517912097236,0.15917083504098034,92c2e439-bd89-4a88-b0e1-c9192e749326,2024-06-11 23:30:00+00:00,25.147223593122675,0.6076923076923076,0.145042194092827,0.1724137931034483,0.16923076923076924,-1.2132132804324698,0.5,0.2206223873664654,0.21875,0.359375,86.12,83.0,96.37714816535066,97.59036144578313,game_summary__609e2b84-4735-4337-bfda-8acb28c0f99b__20260227T225859Z.json
2024,85cbd272-2b23-4b46-b613-f4737d6d727a,2024-06-14 23:30:00+00:00,2024-06-14,0a5ad38d-2fe3-43ba-894b-1ba3d5042ea9,0a5ad38d-2fe3-43ba-894b-1ba3d5042ea9,6f017f37-be96-4bdc-b6d3-0a0429c72e89,6f017f37-be96-4bdc-b6d3-0a0429c72e89,0,0,-6.884409913536969,0.33109803690325357,0.1376300490359519,0.16061345897880003,0.2323535557040239,a4c9f065-c3fb-42d0-93f9-928c06570f36,2024-06-12 02:00:00+00:00,-17.707052088708195,0.43478260869565216,0.14713094654242276,0.23809523809523808,0.34782608695652173,-10.602866842894088,0.4765625,0.24729156853509185,0.25806451612903225,0.28125,84.92,80.92,89.49599623174753,100.09886307464161,game_summary__85cbd272-2b23-4b46-b613-f4737d6d727a__20260227T225900Z.json
2024,85cbd272-2b23-4b46-b613-f4737d6d727a,2024-06-14 23:30:00+00:00,2024-06-14,6f017f37-be96-4bdc-b6d3-0a0429c72e89,6f017f37-be96-4bdc-b6d3-0a0429c72e89,0a5ad38d-2fe3-43ba-894b-1ba3d5042ea9,0a5ad38d-2fe3-43ba-894b-1ba3d5042ea9,1,0,11.152570307430707,0.3830065839358512,0.12017791004970821,0.14317160787076327,0.16308138000804323,a0ce9fa3-5b06-4cc1-89a6-be761f3e94d8,2024-06-12 02:00:00+00:00,21.49952371149979,0.664179104477612,0.1132360342224459,0.11764705882352941,0.2537313432835821,10.602866842894088,0.5409836065573771,0.21008403361344538,0.16129032258064516,0.29508196721311475,80.92,84.92,100.09886307464161,89.49599623174753,game_summary__85cbd272-2b23-4b46-b613-f4737d6d727a__20260227T225900Z.json
2024,05e67935-44e9-4078-8c47-8e56b87485a9,2024-06-15 17:00:00+00:00,2024-06-15,5f0b5caf-708b-4300-92f2-53b51d83ec06,5f0b5caf-708b-4300-92f2-53b51d83ec06,a015b02d-845c-40c1-8ef4-844984f47e4d,a015b02d-845c-40c1-8ef4-844984f47e4d,1,0,-3.925123351748055,0.31898559992691833,0.1381216521856374,0.2195559119831309,0.1515312472766722,03f89d52-5231-462b-84c7-77be717a6750,2024-06-13 23:00:00+00:00,-11.513462170018741,0.5230769230769231,0.23035887487875847,0.32142857142857145,0.26153846153846155,-20.51947520716695,0.38524590163934425,0.1567398119122257,0.18421052631578946,0.39344262295081966,76.56,78.68,87.51306165099268,108.03253685815963,game_summary__05e67935-44e9-4078-8c47-8e56b87485a9__20260227T225902Z.json
2024,05e67935-44e9-4078-8c47-8e56b87485a9,2024-06-15 17:00:00+00:00,2024-06-15,a015b02d-845c-40c1-8ef4-844984f47e4d,a015b02d-845c-40c1-8ef4-844984f47e4d,5f0b5caf-708b-4300-92f2-53b51d83ec06,5f0b5caf-708b-4300-92f2-53b51d83ec06,0,0,6.266509640327735,0.33449142181471914,0.12066522148101128,0.20170966879882932,0.24362797256160285,0c5c76b4-a9ca-405c-9c26-5b133e561657,2024-06-13 00:00:00+00:00,2.8595632383138536,0.47580645161290325,0.18445646827348747,0.27586206896551724,0.45161290322580644,20.51947520716695,0.4925373134328358,0.11438739196746313,0.2413793103448276,0.3283582089552239,78.68,76.56,108.03253685815963,87.51306165099268,game_summary__05e67935-44e9-4078-8c47-8e56b87485a9__20260227T225902Z.json
2024,cb5b85f0-f4b3-43b8-8754-00019036e357,2024-06-15 19:00:00+00:00,2024-06-15,08ed8274-e29f-4248-bc2e-83cc8ed18d75,08ed8274-e29f-4248-bc2e-83cc8ed18d75,171b097d-01db-4ae8-9d56-035689402ec6,FR_LVA_ACES,0,0,8.234924771599752,0.38237919913421425,0.1319152389184659,0.17912939170373154,0.18917912019775884,a80ac197-ce96-4d87-b6b4-efc97b29b95e,2024-06-09 19:00:00+00:00,4.075588740143004,0.5692307692307692,0.2567237163814181,0.41935483870967744,0.3076923076923077,10.86076508806822,0.5735294117647058,0.11105626850937808,0.09375,0.23529411764705882,81.04,81.84,111.05626850937809,100.19550342130987,game_summary__cb5b85f0-f4b3-43b8-8754-00019036e357__20260227T225904Z.json
2024,cb5b85f0-f4b3-43b8-8754-00019036e357,2024-06-15 19:00:00+00:00,2024-06-15,171b097d-01db-4ae8-9d56-035689402ec6,FR_LVA_ACES,08ed8274-e29f-4248-bc2e-83cc8ed18d75,08ed8274-e29f-4248-bc2e-83cc8ed18d75,1,0,0.7061158646728283,0.33243963020223344,0.09708671402442347,0.1337898859593119,0.20464248291939127,b6470623-752b-4f65-a4d6-d898c72279e9,2024-06-14 02:00:00+00:00,8.300340921588031,0.572463768115942,0.19047619047619047,0.3870967741935484,0.36231884057971014,-10.86076508806822,0.5289855072463768,0.12218963831867057,0.05555555555555555,0.15942028985507245,81.84,81.04,100.19550342130987,111.05626850937809,game_summary__cb5b85f0-f4b3-43b8-8754-00019036e357__20260227T225904Z.json
2024,53d41f02-8d24-4601-84a6-6f1ca6c2b82d,2024-06-16 16:00:00+00:00,2024-06-16,3c409388-ab73-4c7f-953d-3a71062240f6,3c409388-ab73-4c7f-953d-3a71062240f6,f073a15f-0486-4179-b0a3-dfd0294eb595,f073a15f-0486-4179-b0a3-dfd0294eb595,0,0,-1.0091554361454433,0.3182217381494138,0.13302748158480274,0.20521446562265125,0.20907027001030726,609e2b84-4735-4337-bfda-8acb28c0f99b,2024-06-14 23:30:00+00:00,1.2132132804324698,0.48484848484848486,0.18072289156626506,0.23684210526315788,0.3787878787878788,-12.587764746158527,0.4382716049382716,0.06237524950099801,0.2857142857142857,0.1728395061728395,80.16,78.36,103.54291417165669,116.13067891781522,game_summary__53d41f02-8d24-4601-84a6-6f1ca6c2b82d__20260227T225905Z.json
2024,53d41f02-8d24-4601-84a6-6f1ca6c2b82d,2024-06-16 16:00:00+00:00,2024-06-16,f073a15f-0486-4179-b0a3-dfd0294eb595,f073a15f-0486-4179-b0a3-dfd0294eb595,3c409388-ab73-4c7f-953d-3a71062240f6,3c409388-ab73-4c7f-953d-3a71062240f6,1,0,-8.1366595533939,0.3632000188842804,0.13006612982253998,0.17880318078818905,0.19305295928491314,d59fc389-8c92-4416-9293-d8b71012fb31,2024-06-13 23:00:00+00:00,4.322331282347108,0.5069444444444444,0.16794625719769674,0.34375,0.2638888888888889,12.587764746158527,0.6290322580645161,0.20418580908626852,0.2857142857142857,0.3064516129032258,78.36,80.16,116.13067891781522,103.54291417165669,game_summary__53d41f02-8d24-4601-84a6-6f1ca6c2b82d__20260227T225905Z.json
2024,946b4e79-ba29-48ee-9476-1d67b08682a5,2024-06-16 19:00:00+00:00,2024-06-16,0699edf3-5993-4182-b9b4-ec935cbd4fcc,0699edf3-5993-4182-b9b4-ec935cbd4fcc,d6a012ed-84aa-48d3-8265-2d3f3ff2199a,d6a012ed-84aa-48d3-8265-2d3f3ff2199a,1,0,-4.273218588350547,0.35107559999131505,0.13146109205555215,0.15089783320727132,0.1897806310129355,b6470623-752b-4f65-a4d6-d898c72279e9,2024-06-14 02:00:00+00:00,-8.300340921588031,0.5972222222222222,0.13856812933025406,0.13793103448275862,0.20833333333333334,11.928853273412699,0.5564516129032258,0.1821272462360369,0.10344827586206896,0.3064516129032258,82.36,83.24,105.63380281690141,93.70494954348871,game_summary__946b4e79-ba29-48ee-9476-1d67b08682a5__20260227T225907Z.json
2024,946b4e79-ba29-48ee-9476-1d67b08682a5,2024-06-16 19:00:00+00:00,2024-06-16,d6a012ed-84aa-48d3-8265-2d3f3ff2199a,d6a012ed-84aa-48d3-8265-2d3f3ff2199a,0699edf3-5993-4182-b9b4-ec935cbd4fcc,0699edf3-5993-4182-b9b4-ec935cbd4fcc,0,0,5.867030405146142,0.3530018685902737,0.12031000844430441,0.19063906475309772,0.17859646594577833,03f89d52-5231-462b-84c7-77be717a6750,2024-06-13 23:00:00+00:00,11.513462170018741,0.572463768115942,0.16017742730409068,0.2692307692307692,0.2028985507246377,-11.928853273412699,0.42,0.10812109562710236,0.22727272727272727,0.28,83.24,82.36,93.70494954348871,105.63380281690141,game_summary__946b4e79-ba29-48ee-9476-1d67b08682a5__20260227T225907Z.json
2024,9db56715-0dbb-4af7-8911-f4f103e85e60,2024-06-16 19:00:00+00:00,2024-06-16,0a5ad38d-2fe3-43ba-894b-1ba3d5042ea9,0a5ad38d-2fe3-43ba-894b-1ba3d5042ea9,5d70a9af-8c2b-4aec-9e68-9acc6ddb93e4,5d70a9af-8c2b-4aec-9e68-9acc6ddb93e4,0,0,-7.234972407429243,0.344811893463833,0.14796853526558296,0.16980078756053255,0.23696333330277253,85cbd272-2b23-4b46-b613-f4737d6d727a,2024-06-14 23:30:00+00:00,-10.602866842894088,0.4765625,0.24729156853509185,0.25806451612903225,0.28125,-16.706802649687702,0.4117647058823529,0.1606524962926347,0.2222222222222222,0.2647058823529412,80.92,80.44,91.44834404349976,108.15514669318746,game_summary__9db56715-0dbb-4af7-8911-f4f103e85e60__20260227T225909Z.json
2024,9db56715-0dbb-4af7-8911-f4f103e85e60,2024-06-16 19:00:00+00:00,2024-06-16,5d70a9af-8c2b-4aec-9e68-9acc6ddb93e4,5d70a9af-8c2b-4aec-9e68-9acc6ddb93e4,0a5ad38d-2fe3-43ba-894b-1ba3d5042ea9,0a5ad38d-2fe3-43ba-894b-1ba3d5042ea9,1,0,-2.962777071867979,0.2960989932802932,0.10800456981468468,0.15143763594140874,0.20487906709936957,d59fc389-8c92-4416-9293-d8b71012fb31,2024-06-13 23:00:00+00:00,-4.322331282347108,0.48507462686567165,0.16225661507738393,0.30303030303030304,0.34328358208955223,16.706802649687702,0.4852941176470588,0.13674788662357037,0.2857142857142857,0.38235294117647056,80.44,80.92,108.15514669318746,91.44834404349976,game_summary__9db56715-0dbb-4af7-8911-f4f103e85e60__20260227T225909Z.json
2024,6a5c7678-9ebb-45ba-8559-0b5b94cefd89,2024-06-18 00:00:00+00:00,2024-06-18,5f0b5caf-708b-4300-92f2-53b51d83ec06,5f0b5caf-708b-4300-92f2-53b51d83ec06,6f017f37-be96-4bdc-b6d3-0a0429c72e89,6f017f37-be96-4bdc-b6d3-0a0429c72e89,0,0,-5.489578038592389,0.3252323783771338,0.13987690406280945,0.2162236785372349,0.1743377653481083,05e67935-44e9-4078-8c47-8e56b87485a9,2024-06-15 17:00:00+00:00,-20.51947520716695,0.38524590163934425,0.1567398119122257,0.18421052631578946,0.39344262295081966,-18.927641676717556,0.5273972602739726,0.19920318725099603,0.3333333333333333,0.0410958904109589,80.32,77.56,97.11155378486058,116.03919546157813,game_summary__6a5c7678-9ebb-45ba-8559-0b5b94cefd89__20260227T225910Z.json
2024,6a5c7678-9ebb-45ba-8559-0b5b94cefd89,2024-06-18 00:00:00+00:00,2024-06-18,6f017f37-be96-4bdc-b6d3-0a0429c72e89,6f017f37-be96-4bdc-b6d3-0a0429c72e89,5f0b5caf-708b-4300-92f2-53b51d83ec06,5f0b5caf-708b-4300-92f2-53b51d83ec06,1,0,11.10074627905276,0.3979000787591066,0.12865392993953378,0.14487977390185858,0.17552591168475,85cbd272-2b23-4b46-b613-f4737d6d727a,2024-06-14 23:30:00+00:00,10.602866842894088,0.5409836065573771,0.21008403361344538,0.16129032258064516,0.29508196721311475,18.927641676717556,0.5,0.10314595152140278,0.25,0.3582089552238806,77.56,80.32,116.03919546157813,97.11155378486058,game_summary__6a5c7678-9ebb-45ba-8559-0b5b94cefd89__20260227T225910Z.json
2024,2ad7b106-7653-4925-8e55-661ca915567f,2024-06-18 23:00:00+00:00,2024-06-18,0a5ad38d-2fe3-43ba-894b-1ba3d5042ea9,0a5ad38d-2fe3-43ba-894b-1ba3d5042ea9,a015b02d-845c-40c1-8ef4-844984f47e4d,a015b02d-845c-40c1-8ef4-844984f47e4d,0,0,-8.127941855383684,0.35112395928587703,0.1491643326338328,0.17474288833446566,0.23957879917120126,9db56715-0dbb-4af7-8911-f4f103e85e60,2024-06-16 19:00:00+00:00,-16.706802649687702,0.4117647058823529,0.1606524962926347,0.2222222222222222,0.2647058823529412,-18.59520811133713,0.5576923076923077,0.3003003003003003,0.16666666666666666,0.34615384615384615,79.92,74.4,87.58758758758759,106.18279569892472,game_summary__2ad7b106-7653-4925-8e55-661ca915567f__20260227T225912Z.json
2024,2ad7b106-7653-4925-8e55-661ca915567f,2024-06-18 23:00:00+00:00,2024-06-18,a015b02d-845c-40c1-8ef4-844984f47e4d,a015b02d-845c-40c1-8ef4-844984f47e4d,0a5ad38d-2fe3-43ba-894b-1ba3d5042ea9,0a5ad38d-2fe3-43ba-894b-1ba3d5042ea9,1,0,7.610227007342045,0.3493914093546189,0.12007337071809805,0.20544957724375032,0.2516160287748464,05e67935-44e9-4078-8c47-8e56b87485a9,2024-06-15 17:00:00+00:00,20.51947520716695,0.4925373134328358,0.11438739196746313,0.2413793103448276,0.3283582089552239,18.59520811133713,0.5538461538461539,0.16129032258064516,0.2413793103448276,0.15384615384615385,74.4,79.92,106.18279569892472,87.58758758758759,game_summary__2ad7b106-7653-4925-8e55-661ca915567f__20260227T225912Z.json
2024,a8e069c8-3902-4d07-8048-d10945b31114,2024-06-19 02:00:00+00:00,2024-06-19,0699edf3-5993-4182-b9b4-ec935cbd4fcc,0699edf3-5993-4182-b9b4-ec935cbd4fcc,08ed8274-e29f-4248-bc2e-83cc8ed18d75,08ed8274-e29f-4248-bc2e-83cc8ed18d75,1,0,-2.7457466218906452,0.3704376979367386,0.1362377114175282,0.14642446280846602,0.2007799436722842,946b4e79-ba29-48ee-9476-1d67b08682a5,2024-06-16 19:00:00+00:00,11.928853273412699,0.5564516129032258,0.1821272462360369,0.10344827586206896,0.3064516129032258,7.88301208505429,0.6594202898550725,0.19675925925925924,0.13333333333333333,0.14492753623188406,86.4,87.16,114.58333333333333,106.70032124827904,game_summary__a8e069c8-3902-4d07-8048-d10945b31114__20260227T225914Z.json
2024,a8e069c8-3902-4d07-8048-d10945b31114,2024-06-19 02:00:00+00:00,2024-06-19,08ed8274-e29f-4248-bc2e-83cc8ed18d75,08ed8274-e29f-4248-bc2e-83cc8ed18d75,0699edf3-5993-4182-b9b4-ec935cbd4fcc,0699edf3-5993-4182-b9b4-ec935cbd4fcc,0,0,8.482479374864504,0.40040014075619207,0.1299487316210695,0.17108013550652712,0.19352667317975814,cb5b85f0-f4b3-43b8-8754-00019036e357,2024-06-15 19:00:00+00:00,10.86076508806822,0.5735294117647058,0.11105626850937808,0.09375,0.23529411764705882,-7.88301208505429,0.5394736842105263,0.18357044515832951,0.2894736842105263,0.18421052631578946,87.16,86.4,106.70032124827904,114.58333333333333,game_summary__a8e069c8-3902-4d07-8048-d10945b31114__20260227T225914Z.json
2024,27a5cda2-c97a-4e47-a9fc-b5cb15534ef9,2024-06-19 23:00:00+00:00,2024-06-19,5c0d47fe-8539-47b0-9f36-d0b3609ca89b,5c0d47fe-8539-47b0-9f36-d0b3609ca89b,f073a15f-0486-4179-b0a3-dfd0294eb595,f073a15f-0486-4179-b0a3-dfd0294eb595,0,0,-3.7704904743925045,0.37180644262157647,0.14909837968229991,0.15897386049961648,0.1780453501124211,609e2b84-4735-4337-bfda-8acb28c0f99b,2024-06-14 23:30:00+00:00,-1.2132132804324698,0.5,0.2206223873664654,0.21875,0.359375,-13.611605901794618,0.4928571428571429,0.13647642679900746,0.1794871794871795,0.21428571428571427,80.6,77.12,100.49627791563276,114.10788381742738,game_summary__27a5cda2-c97a-4e47-a9fc-b5cb15534ef9__20260227T225915Z.json
2024,27a5cda2-c97a-4e47-a9fc-b5cb15534ef9,2024-06-19 23:00:00+00:00,2024-06-19,f073a15f-0486-4179-b0a3-dfd0294eb595,f073a15f-0486-4179-b0a3-dfd0294eb595,5c0d47fe-8539-47b0-9f36-d0b3609ca89b,5c0d47fe-8539-47b0-9f36-d0b3609ca89b,1,0,-6.182836770192045,0.38826170831471374,0.13705386158945881,0.18888236801011843,0.20374376882545414,53d41f02-8d24-4601-84a6-6f1ca6c2b82d,2024-06-16 16:00:00+00:00,12.587764746158527,0.6290322580645161,0.20418580908626852,0.2857142857142857,0.3064516129032258,13.611605901794618,0.5737704918032787,0.14263485477178423,0.1724137931034483,0.3770491803278688,77.12,80.6,114.10788381742738,100.49627791563276,game_summary__27a5cda2-c97a-4e47-a9fc-b5cb15534ef9__20260227T225915Z.json
2024,f85872ab-8e18-4139-9912-94a7b44c7c95,2024-06-20 00:00:00+00:00,2024-06-20,5d70a9af-8c2b-4aec-9e68-9acc6ddb93e4,5d70a9af-8c2b-4aec-9e68-9acc6ddb93e4,6f017f37-be96-4bdc-b6d3-0a0429c72e89,6f017f37-be96-4bdc-b6d3-0a0429c72e89,0,0,-1.1084011702507433,0.31393561634472633,0.11071438440032808,0.1640967464569143,0.2216106536362475,9db56715-0dbb-4af7-8911-f4f103e85e60,2024-06-16 19:00:00+00:00,16.706802649687702,0.4852941176470588,0.13674788662357037,0.2857142857142857,0.38235294117647056,-13.898495137491608,0.3181818181818182,0.18229166666666669,0.2553191489361702,0.30303030303030304,76.8,79.52,71.61458333333334,85.51307847082495,game_summary__f85872ab-8e18-4139-9912-94a7b44c7c95__20260227T225917Z.json
2024,f85872ab-8e18-4139-9912-94a7b44c7c95,2024-06-20 00:00:00+00:00,2024-06-20,6f017f37-be96-4bdc-b6d3-0a0429c72e89,6f017f37-be96-4bdc-b6d3-0a0429c72e89,5d70a9af-8c2b-4aec-9e68-9acc6ddb93e4,5d70a9af-8c2b-4aec-9e68-9acc6ddb93e4,1,0,11.83863729733429,0.40752568521264176,0.12624913120223705,0.154790123630141,0.19274859963073643,6a5c7678-9ebb-45ba-8559-0b5b94cefd89,2024-06-18 00:00:00+00:00,18.927641676717556,0.5,0.10314595152140278,0.25,0.3582089552238806,13.898495137491608,0.40131578947368424,0.12575452716297789,0.22727272727272727,0.10526315789473684,79.52,76.8,85.51307847082495,71.61458333333334,game_summary__f85872ab-8e18-4139-9912-94a7b44c7c95__20260227T225917Z.json
2024,9320f67c-0dac-4674-ae00-6bef0a0e2deb,2024-06-20 02:00:00+00:00,2024-06-20,171b097d-01db-4ae8-9d56-035689402ec6,FR_LVA_ACES,d6a012ed-84aa-48d3-8265-2d3f3ff2199a,d6a012ed-84aa-48d3-8265-2d3f3ff2199a,1,0,-0.3843672874472094,0.35096925529399203,0.09945332574314564,0.12641423996007892,0.2003791002633371,cb5b85f0-f4b3-43b8-8754-00019036e357,2024-06-15 19:00:00+00:00,-10.86076508806822,0.5289855072463768,0.12218963831867057,0.05555555555555555,0.15942028985507245,15.476635053599708,0.6190476190476191,0.1780626780626781,0.10714285714285714,0.3333333333333333,84.24,86.36,111.58594491927826,96.10930986567855,game_summary__9320f67c-0dac-4674-ae00-6bef0a0e2deb__20260227T225919Z.json
2024,9320f67c-0dac-4674-ae00-6bef0a0e2deb,2024-06-20 02:00:00+00:00,2024-06-20,d6a012ed-84aa-48d3-8265-2d3f3ff2199a,d6a012ed-84aa-48d3-8265-2d3f3ff2199a,171b097d-01db-4ae8-9d56-035689402ec6,FR_LVA_ACES,0,0,4.189299700745866,0.35931820692074795,0.11916088240729189,0.19409275222004105,0.1881564195671005,946b4e79-ba29-48ee-9476-1d67b08682a5,2024-06-16 19:00:00+00:00,-11.928853273412699,0.42,0.10812109562710236,0.22727272727272727,0.28,-15.476635053599708,0.4714285714285714,0.17369152385363595,0.21212121212121213,0.2714285714285714,86.36,84.24,96.10930986567855,111.58594491927826,game_summary__9320f67c-0dac-4674-ae00-6bef0a0e2deb__20260227T225919Z.json
2024,d782b745-524c-4edc-a1ce-c12314f5dccb,2024-06-20 16:00:00+00:00,2024-06-20,3c409388-ab73-4c7f-953d-3a71062240f6,3c409388-ab73-4c7f-953d-3a71062240f6,5f0b5caf-708b-4300-92f2-53b51d83ec06,5f0b5caf-708b-4300-92f2-53b51d83ec06,1,0,-2.1007442948132926,0.32953959969587343,0.12636664803236558,0.2128036936883053,0.20565456635479104,53d41f02-8d24-4601-84a6-6f1ca6c2b82d,2024-06-16 16:00:00+00:00,-12.587764746158527,0.4382716049382716,0.06237524950099801,0.2857142857142857,0.1728395061728395,12.497208367453283,0.4855072463768116,0.17326732673267328,0.3055555555555556,0.2898550724637681,80.8,79.8,102.72277227722772,90.22556390977444,game_summary__d782b745-524c-4edc-a1ce-c12314f5dccb__20260227T225920Z.json
2024,d782b745-524c-4edc-a1ce-c12314f5dccb,2024-06-20 16:00:00+00:00,2024-06-20,5f0b5caf-708b-4300-92f2-53b51d83ec06,5f0b5caf-708b-4300-92f2-53b51d83ec06,3c409388-ab73-4c7f-953d-3a71062240f6,3c409388-ab73-4c7f-953d-3a71062240f6,0,0,-6.756469437783265,0.34429174265688783,0.1454699686546335,0.22726434767072987,0.16177620961242703,6a5c7678-9ebb-45ba-8559-0b5b94cefd89,2024-06-18 00:00:00+00:00,-18.927641676717556,0.5273972602739726,0.19920318725099603,0.3333333333333333,0.0410958904109589,-12.497208367453283,0.4230769230769231,0.2005012531328321,0.2631578947368421,0.3076923076923077,79.8,80.8,90.22556390977444,102.72277227722772,game_summary__d782b745-524c-4edc-a1ce-c12314f5dccb__20260227T225920Z.json
2024,361d2549-eed1-42c9-8dc4-8147b67b4a1f,2024-06-20 23:00:00+00:00,2024-06-20,08ed8274-e29f-4248-bc2e-83cc8ed18d75,08ed8274-e29f-4248-bc2e-83cc8ed18d75,0a5ad38d-2fe3-43ba-894b-1ba3d5042ea9,0a5ad38d-2fe3-43ba-894b-1ba3d5042ea9,1,0,6.939600807503032,0.413511484830901,0.13500399028925286,0.18224184545313288,0.1926483809902439,a8e069c8-3902-4d07-8048-d10945b31114,2024-06-19 02:00:00+00:00,-7.88301208505429,0.5394736842105263,0.18357044515832951,0.2894736842105263,0.18421052631578946,13.038783103154444,0.5869565217391305,0.13317191283292978,0.12121212121212122,0.21739130434782608,82.6,80.36,112.59079903147699,99.55201592832255,game_summary__361d2549-eed1-42c9-8dc4-8147b67b4a1f__20260227T225922Z.json
2024,361d2549-eed1-42c9-8dc4-8147b67b4a1f,2024-06-20 23:00:00+00:00,2024-06-20,0a5ad38d-2fe3-43ba-894b-1ba3d5042ea9,0a5ad38d-2fe3-43ba-894b-1ba3d5042ea9,08ed8274-e29f-4248-bc2e-83cc8ed18d75,08ed8274-e29f-4248-bc2e-83cc8ed18d75,0,0,-9.11475736316903,0.370598466252692,0.163412877863356,0.17398149174903313,0.249626304081627,2ad7b106-7653-4925-8e55-661ca915567f,2024-06-18 23:00:00+00:00,-18.59520811133713,0.5576923076923077,0.3003003003003003,0.16666666666666666,0.34615384615384615,-13.038783103154444,0.5564516129032258,0.1866600298656048,0.16129032258064516,0.3064516129032258,80.36,82.6,99.55201592832255,112.59079903147699,game_summary__361d2549-eed1-42c9-8dc4-8147b67b4a1f__20260227T225922Z.json
2024,5e310f11-35fe-4b4f-a729-aa40abfbe2fc,2024-06-21 23:30:00+00:00,2024-06-21,5d70a9af-8c2b-4aec-9e68-9acc6ddb93e4,5d70a9af-8c2b-4aec-9e68-9acc6ddb93e4,f073a15f-0486-4179-b0a3-dfd0294eb595,f073a15f-0486-4179-b0a3-dfd0294eb595,1,0,-2.314204363202524,0.3143359326947232,0.11746242829434653,0.17269686029970166,0.22928659983803645,f85872ab-8e18-4139-9912-94a7b44c7c95,2024-06-20 00:00:00+00:00,-13.898495137491608,0.3181818181818182,0.18229166666666669,0.2553191489361702,0.30303030303030304,-20.376060177226492,0.36923076923076925,0.13033175355450236,0.1891891891891892,0.5384615384615384,84.4,79.84,93.60189573459715,113.97795591182364,game_summary__5e310f11-35fe-4b4f-a729-aa40abfbe2fc__20260227T225924Z.json
2024,5e310f11-35fe-4b4f-a729-aa40abfbe2fc,2024-06-21 23:30:00+00:00,2024-06-21,f073a15f-0486-4179-b0a3-dfd0294eb595,f073a15f-0486-4179-b0a3-dfd0294eb595,5d70a9af-8c2b-4aec-9e68-9acc6ddb93e4,5d70a9af-8c2b-4aec-9e68-9acc6ddb93e4,0,0,-4.31668924713898,0.4057507966688759,0.13758001717645657,0.18732977111312218,0.22008236798513758,27a5cda2-c97a-4e47-a9fc-b5cb15534ef9,2024-06-19 23:00:00+00:00,13.611605901794618,0.5737704918032787,0.14263485477178423,0.1724137931034483,0.3770491803278688,20.376060177226492,0.6538461538461539,0.187875751503006,0.17857142857142858,0.16923076923076924,79.84,84.4,113.97795591182364,93.60189573459715,game_summary__5e310f11-35fe-4b4f-a729-aa40abfbe2fc__20260227T225924Z.json
2024,b2f1ff73-0050-4c6e-af9d-2e5ce8de9769,2024-06-22 02:00:00+00:00,2024-06-22,171b097d-01db-4ae8-9d56-035689402ec6,FR_LVA_ACES,a015b02d-845c-40c1-8ef4-844984f47e4d,a015b02d-845c-40c1-8ef4-844984f47e4d,1,0,1.1109498943682914,0.37624270111881153,0.10686432743441873,0.12459740460350374,0.21291353817777886,9320f67c-0dac-4674-ae00-6bef0a0e2deb,2024-06-20 02:00:00+00:00,15.476635053599708,0.6190476190476191,0.1780626780626781,0.10714285714285714,0.3333333333333333,16.30696364567332,0.5230769230769231,0.166410650281618,0.2777777777777778,0.35384615384615387,78.12,80.0,108.80696364567332,92.5,game_summary__b2f1ff73-0050-4c6e-af9d-2e5ce8de9769__20260227T225926Z.json
2024,b2f1ff73-0050-4c6e-af9d-2e5ce8de9769,2024-06-22 02:00:00+00:00,2024-06-22,a015b02d-845c-40c1-8ef4-844984f47e4d,a015b02d-845c-40c1-8ef4-844984f47e4d,171b097d-01db-4ae8-9d56-035689402ec6,FR_LVA_ACES,0,0,8.645850773956926,0.36866665348914,0.12395915390990994,0.2088369008244957,0.24239864322119312,2ad7b106-7653-4925-8e55-661ca915567f,2024-06-18 23:00:00+00:00,18.59520811133713,0.5538461538461539,0.16129032258064516,0.2413793103448276,0.15384615384615385,-16.30696364567332,0.47540983606557374,0.1375,0.08571428571428572,0.4098360655737705,80.0,78.12,92.5,108.80696364567332,game_summary__b2f1ff73-0050-4c6e-af9d-2e5ce8de9769__20260227T225926Z.json
2024,92db8520-cf2e-4bf5-a652-1617d206d862,2024-06-22 19:00:00+00:00,2024-06-22,08ed8274-e29f-4248-bc2e-83cc8ed18d75,08ed8274-e29f-4248-bc2e-83cc8ed18d75,0a5ad38d-2fe3-43ba-894b-1ba3d5042ea9,0a5ad38d-2fe3-43ba-894b-1ba3d5042ea9,1,0,7.514609365323501,0.4298632473622203,0.13483126873988602,0.17648818668070607,0.19498105313979572,361d2549-eed1-42c9-8dc4-8147b67b4a1f,2024-06-20 23:00:00+00:00,13.038783103154444,0.5869565217391305,0.13317191283292978,0.12121212121212122,0.21739130434782608,11.25724389598848,0.6617647058823529,0.22629823725583612,0.2692307692307692,0.1323529411764706,83.96,83.44,116.72224868985232,105.46500479386384,game_summary__92db8520-cf2e-4bf5-a652-1617d206d862__20260227T225927Z.json
2024,92db8520-cf2e-4bf5-a652-1617d206d862,2024-06-22 19:00:00+00:00,2024-06-22,0a5ad38d-2fe3-43ba-894b-1ba3d5042ea9,0a5ad38d-2fe3-43ba-894b-1ba3d5042ea9,08ed8274-e29f-4248-bc2e-83cc8ed18d75,08ed8274-e29f-4248-bc2e-83cc8ed18d75,0,0,-9.484700131268966,0.38812001990392714,0.165604534170428,0.17278501482363062,0.25498358597439924,361d2549-eed1-42c9-8dc4-8147b67b4a1f,2024-06-20 23:00:00+00:00,-13.038783103154444,0.5564516129032258,0.1866600298656048,0.16129032258064516,0.3064516129032258,-11.25724389598848,0.4852941176470588,0.14381591562799617,0.21621621621621623,0.38235294117647056,83.44,83.96,105.46500479386384,116.72224868985232,game_summary__92db8520-cf2e-4bf5-a652-1617d206d862__20260227T225927Z.json
2024,dd5977d4-9c67-4911-b452-9d197b727df8,2024-06-22 19:00:00+00:00,2024-06-22,5c0d47fe-8539-47b0-9f36-d0b3609ca89b,5c0d47fe-8539-47b0-9f36-d0b3609ca89b,5f0b5caf-708b-4300-92f2-53b51d83ec06,5f0b5caf-708b-4300-92f2-53b51d83ec06,1,0,-4.698274776443913,0.38321865907807395,0.1479084282146295,0.16090778104754955,0.18146195885242075,27a5cda2-c97a-4e47-a9fc-b5cb15534ef9,2024-06-19 23:00:00+00:00,-13.611605901794618,0.4928571428571429,0.13647642679900746,0.1794871794871795,0.21428571428571427,31.555894054206917,0.5642857142857143,0.1728110599078341,0.20588235294117646,0.2857142857142857,86.8,86.04,111.75115207373271,80.1952580195258,game_summary__dd5977d4-9c67-4911-b452-9d197b727df8__20260227T225929Z.json
2024,dd5977d4-9c67-4911-b452-9d197b727df8,2024-06-22 19:00:00+00:00,2024-06-22,5f0b5caf-708b-4300-92f2-53b51d83ec06,5f0b5caf-708b-4300-92f2-53b51d83ec06,5c0d47fe-8539-47b0-9f36-d0b3609ca89b,5c0d47fe-8539-47b0-9f36-d0b3609ca89b,0,0,-7.297685268490096,0.35171932077719575,0.1506581165060886,0.23064825976469394,0.1755326446643066,d782b745-524c-4edc-a1ce-c12314f5dccb,2024-06-20 16:00:00+00:00,-12.497208367453283,0.4230769230769231,0.2005012531328321,0.2631578947368421,0.3076923076923077,-31.555894054206917,0.4318181818181818,0.2556950255695025,0.21951219512195122,0.24242424242424243,86.04,86.8,80.1952580195258,111.75115207373271,game_summary__dd5977d4-9c67-4911-b452-9d197b727df8__20260227T225929Z.json
2024,2273844b-7dde-4044-abad-f6edc79d6291,2024-06-23 00:00:00+00:00,2024-06-23,0699edf3-5993-4182-b9b4-ec935cbd4fcc,0699edf3-5993-4182-b9b4-ec935cbd4fcc,6f017f37-be96-4bdc-b6d3-0a0429c72e89,6f017f37-be96-4bdc-b6d3-0a0429c72e89,0,0,-1.7437061975767798,0.3976819177943179,0.14194346118112328,0.14519027909090376,0.19551438335676397,a8e069c8-3902-4d07-8048-d10945b31114,2024-06-19 02:00:00+00:00,7.88301208505429,0.6594202898550725,0.19675925925925924,0.13333333333333333,0.14492753623188406,-19.8560828149823,0.3581081081081081,0.1524390243902439,0.15217391304347827,0.16216216216216217,85.28,80.92,70.35647279549718,90.21255561047948,game_summary__2273844b-7dde-4044-abad-f6edc79d6291__20260227T225931Z.json
2024,2273844b-7dde-4044-abad-f6edc79d6291,2024-06-23 00:00:00+00:00,2024-06-23,6f017f37-be96-4bdc-b6d3-0a0429c72e89,6f017f37-be96-4bdc-b6d3-0a0429c72e89,0699edf3-5993-4182-b9b4-ec935cbd4fcc,0699edf3-5993-4182-b9b4-ec935cbd4fcc,1,0,12.032833146641586,0.40694023899706966,0.12620250174577544,0.16162351790617563,0.1845007927536129,f85872ab-8e18-4139-9912-94a7b44c7c95,2024-06-20 00:00:00+00:00,13.898495137491608,0.40131578947368424,0.12575452716297789,0.22727272727272727,0.10526315789473684,19.8560828149823,0.4838709677419355,0.1977261492832427,0.1724137931034483,0.2903225806451613,80.92,85.28,90.21255561047948,70.35647279549718,game_summary__2273844b-7dde-4044-abad-f6edc79d6291__20260227T225931Z.json
2024,1183d00a-19a0-47b0-9882-49ea78f1dd9a,2024-06-23 19:00:00+00:00,2024-06-23,08ed8274-e29f-4248-bc2e-83cc8ed18d75,08ed8274-e29f-4248-bc2e-83cc8ed18d75,5d70a9af-8c2b-4aec-9e68-9acc6ddb93e4,5d70a9af-8c2b-4aec-9e68-9acc6ddb93e4,0,0,7.867451234873969,0.45172606712335406,0.14345443937245841,0.18523161753022815,0.18907670422982364,92db8520-cf2e-4bf5-a652-1617d206d862,2024-06-22 19:00:00+00:00,11.25724389598848,0.6617647058823529,0.22629823725583612,0.2692307692307692,0.1323529411764706,27.318066122704863,0.5857142857142857,0.15738498789346247,0.21212121212121213,0.21428571428571427,82.6,84.36,116.22276029055692,88.90469416785206,game_summary__1183d00a-19a0-47b0-9882-49ea78f1dd9a__20260227T225932Z.json
2024,1183d00a-19a0-47b0-9882-49ea78f1dd9a,2024-06-23 19:00:00+00:00,2024-06-23,5d70a9af-8c2b-4aec-9e68-9acc6ddb93e4,5d70a9af-8c2b-4aec-9e68-9acc6ddb93e4,08ed8274-e29f-4248-bc2e-83cc8ed18d75,08ed8274-e29f-4248-bc2e-83cc8ed18d75,1,0,-4.017009945942356,0.31951121673417343,0.11867570112326997,0.17425169663515708,0.2584344801528917,5e310f11-35fe-4b4f-a729-aa40abfbe2fc,2024-06-21 23:30:00+00:00,-20.376060177226492,0.36923076923076925,0.13033175355450236,0.1891891891891892,0.5384615384615384,-27.318066122704863,0.3924050632911392,0.13039355144618303,0.3111111111111111,0.24050632911392406,84.36,82.6,88.90469416785206,116.22276029055692,game_summary__1183d00a-19a0-47b0-9882-49ea78f1dd9a__20260227T225932Z.json
2024,2202dc7e-b511-4e86-b039-2e8a3694791a,2024-06-23 19:00:00+00:00,2024-06-23,5c0d47fe-8539-47b0-9f36-d0b3609ca89b,5c0d47fe-8539-47b0-9f36-d0b3609ca89b,5f0b5caf-708b-4300-92f2-53b51d83ec06,5f0b5caf-708b-4300-92f2-53b51d83ec06,1,0,-1.2803645839324669,0.4002889975655752,0.15025615708085033,0.16514781888698019,0.19129048622091888,dd5977d4-9c67-4911-b452-9d197b727df8,2024-06-22 19:00:00+00:00,31.555894054206917,0.5642857142857143,0.1728110599078341,0.20588235294117646,0.2857142857142857,9.974760793555632,0.6031746031746031,0.15205271160669032,0.125,0.2857142857142857,78.92,78.8,116.57374556512924,106.59898477157361,game_summary__2202dc7e-b511-4e86-b039-2e8a3694791a__20260227T225934Z.json
2024,2202dc7e-b511-4e86-b039-2e8a3694791a,2024-06-23 19:00:00+00:00,2024-06-23,5f0b5caf-708b-4300-92f2-53b51d83ec06,5f0b5caf-708b-4300-92f2-53b51d83ec06,5c0d47fe-8539-47b0-9f36-d0b3609ca89b,5c0d47fe-8539-47b0-9f36-d0b3609ca89b,0,0,-9.584660304328583,0.3592707478927744,0.16056061140963251,0.22959839239565588,0.18183893939264603,dd5977d4-9c67-4911-b452-9d197b727df8,2024-06-22 19:00:00+00:00,-31.555894054206917,0.4318181818181818,0.2556950255695025,0.21951219512195122,0.24242424242424243,-9.974760793555632,0.49264705882352944,0.1903553299492386,0.35135135135135137,0.29411764705882354,78.8,78.92,106.59898477157361,116.57374556512924,game_summary__2202dc7e-b511-4e86-b039-2e8a3694791a__20260227T225934Z.json
2024,616a3906-252d-4b3b-92d0-62f5840e9854,2024-06-23 19:00:00+00:00,2024-06-23,a015b02d-845c-40c1-8ef4-844984f47e4d,a015b02d-845c-40c1-8ef4-844984f47e4d,d6a012ed-84aa-48d3-8265-2d3f3ff2199a,d6a012ed-84aa-48d3-8265-2d3f3ff2199a,0,0,6.293390864171435,0.378730009607255,0.12523573526205004,0.19722935182565976,0.2581840298656908,b2f1ff73-0050-4c6e-af9d-2e5ce8de9769,2024-06-22 02:00:00+00:00,-16.30696364567332,0.47540983606557374,0.1375,0.08571428571428572,0.4098360655737705,-15.511511653012633,0.3880597014925373,0.21389028686462003,0.3076923076923077,0.2537313432835821,79.48,78.04,76.74886763965777,92.26037929267041,game_summary__616a3906-252d-4b3b-92d0-62f5840e9854__20260227T225936Z.json
2024,616a3906-252d-4b3b-92d0-62f5840e9854,2024-06-23 19:00:00+00:00,2024-06-23,d6a012ed-84aa-48d3-8265-2d3f3ff2199a,d6a012ed-84aa-48d3-8265-2d3f3ff2199a,a015b02d-845c-40c1-8ef4-844984f47e4d,a015b02d-845c-40c1-8ef4-844984f47e4d,1,0,2.3352674332810777,0.36988756128458333,0.12430183146819195,0.19579240935848854,0.19600701291345946,9320f67c-0dac-4674-ae00-6bef0a0e2deb,2024-06-20 02:00:00+00:00,-15.476635053599708,0.4714285714285714,0.17369152385363595,0.21212121212121213,0.2714285714285714,15.511511653012633,0.453125,0.1922091235263967,0.23529411764705882,0.25,78.04,79.48,92.26037929267041,76.74886763965777,game_summary__616a3906-252d-4b3b-92d0-62f5840e9854__20260227T225936Z.json
2024,e7d5b626-4861-47db-ae65-8c9bcd5a4356,2024-06-23 20:00:00+00:00,2024-06-23,3c409388-ab73-4c7f-953d-3a71062240f6,3c409388-ab73-4c7f-953d-3a71062240f6,f073a15f-0486-4179-b0a3-dfd0294eb595,f073a15f-0486-4179-b0a3-dfd0294eb595,1,0,-0.724502808565852,0.34424365791833395,0.13078827216376643,0.22154799935784994,0.21359268153786992,d782b745-524c-4edc-a1ce-c12314f5dccb,2024-06-20 16:00:00+00:00,12.497208367453283,0.4855072463768116,0.17326732673267328,0.3055555555555556,0.2898550724637681,1.2714251422637943,0.532258064516129,0.18805829807240246,0.22580645161290322,0.5161290322580645,85.08,85.16,103.43206393982133,102.16063879755754,game_summary__e7d5b626-4861-47db-ae65-8c9bcd5a4356__20260227T225937Z.json
2024,e7d5b626-4861-47db-ae65-8c9bcd5a4356,2024-06-23 20:00:00+00:00,2024-06-23,f073a15f-0486-4179-b0a3-dfd0294eb595,f073a15f-0486-4179-b0a3-dfd0294eb595,3c409388-ab73-4c7f-953d-3a71062240f6,3c409388-ab73-4c7f-953d-3a71062240f6,0,0,-1.9887473121602763,0.42914031785668694,0.1423217147119197,0.18650406667116975,0.21528826558825365,5e310f11-35fe-4b4f-a729-aa40abfbe2fc,2024-06-21 23:30:00+00:00,20.376060177226492,0.6538461538461539,0.187875751503006,0.17857142857142858,0.16923076923076924,-1.2714251422637943,0.5579710144927537,0.12916862376702679,0.03125,0.2028985507246377,85.16,85.08,102.16063879755754,103.43206393982133,game_summary__e7d5b626-4861-47db-ae65-8c9bcd5a4356__20260227T225937Z.json
2024,8a25b46d-3365-42ab-abca-72f74b85fba2,2024-06-27 17:00:00+00:00,2024-06-27,5f0b5caf-708b-4300-92f2-53b51d83ec06,5f0b5caf-708b-4300-92f2-53b51d83ec06,6f017f37-be96-4bdc-b6d3-0a0429c72e89,6f017f37-be96-4bdc-b6d3-0a0429c72e89,1,0,-9.621437549021767,0.37184497776132386,0.16336954829783482,0.2410768152310258,0.19242416453259725,2202dc7e-b511-4e86-b039-2e8a3694791a,2024-06-23 19:00:00+00:00,-9.974760793555632,0.49264705882352944,0.1903553299492386,0.35135135135135137,0.29411764705882354,6.274023170324881,0.5460526315789473,0.13743128435782107,0.358974358974359,0.21052631578947367,80.04,79.16,117.44127936031983,111.16725618999494,game_summary__8a25b46d-3365-42ab-abca-72f74b85fba2__20260227T225939Z.json
2024,8a25b46d-3365-42ab-abca-72f74b85fba2,2024-06-27 17:00:00+00:00,2024-06-27,6f017f37-be96-4bdc-b6d3-0a0429c72e89,6f017f37-be96-4bdc-b6d3-0a0429c72e89,5f0b5caf-708b-4300-92f2-53b51d83ec06,5f0b5caf-708b-4300-92f2-53b51d83ec06,0,0,12.770380458921355,0.414192986208643,0.13294548915408771,0.16264078551335856,0.19447728315707016,2273844b-7dde-4044-abad-f6edc79d6291,2024-06-23 00:00:00+00:00,19.8560828149823,0.4838709677419355,0.1977261492832427,0.1724137931034483,0.2903225806451613,-6.274023170324881,0.55,0.16422435573521982,0.3125,0.2,79.16,80.04,111.16725618999494,117.44127936031983,game_summary__8a25b46d-3365-42ab-abca-72f74b85fba2__20260227T225939Z.json
2024,b2acad0a-eeb8-40ea-9344-ad8ab827856d,2024-06-27 23:00:00+00:00,2024-06-27,5c0d47fe-8539-47b0-9f36-d0b3609ca89b,5c0d47fe-8539-47b0-9f36-d0b3609ca89b,a015b02d-845c-40c1-8ef4-844984f47e4d,a015b02d-845c-40c1-8ef4-844984f47e4d,1,0,-0.2192726050925753,0.41941630903599253,0.1504255296584966,0.16136282963451937,0.20019241604343307,2202dc7e-b511-4e86-b039-2e8a3694791a,2024-06-23 19:00:00+00:00,9.974760793555632,0.6031746031746031,0.15205271160669032,0.125,0.2857142857142857,-13.447124353535557,0.5955882352941176,0.2691511387163561,0.16,0.22058823529411764,96.6,87.32,94.20289855072464,107.6500229042602,game_summary__b2acad0a-eeb8-40ea-9344-ad8ab827856d__20260227T225941Z.json
2024,b2acad0a-eeb8-40ea-9344-ad8ab827856d,2024-06-27 23:00:00+00:00,2024-06-27,a015b02d-845c-40c1-8ef4-844984f47e4d,a015b02d-845c-40c1-8ef4-844984f47e4d,5c0d47fe-8539-47b0-9f36-d0b3609ca89b,5c0d47fe-8539-47b0-9f36-d0b3609ca89b,0,0,4.237704553768604,0.3796095787717462,0.13359376153346675,0.20764339453934513,0.2577642468905483,616a3906-252d-4b3b-92d0-62f5840e9854,2024-06-23 19:00:00+00:00,-15.511511653012633,0.3880597014925373,0.21389028686462003,0.3076923076923077,0.2537313432835821,13.447124353535557,0.5,0.12597343105817682,0.25,0.3835616438356164,87.32,96.6,107.6500229042602,94.20289855072464,game_summary__b2acad0a-eeb8-40ea-9344-ad8ab827856d__20260227T225941Z.json
2024,b8884a2d-f69d-4f44-86da-0c90c0ee5811,2024-06-27 23:00:00+00:00,2024-06-27,171b097d-01db-4ae8-9d56-035689402ec6,FR_LVA_ACES,3c409388-ab73-4c7f-953d-3a71062240f6,3c409388-ab73-4c7f-953d-3a71062240f6,0,0,2.543574388636615,0.3900856935256825,0.1124781365590111,0.13903868889306165,0.22620014876869637,b2f1ff73-0050-4c6e-af9d-2e5ce8de9769,2024-06-22 02:00:00+00:00,16.30696364567332,0.5230769230769231,0.166410650281618,0.2777777777777778,0.35384615384615387,15.19083575007106,0.5681818181818182,0.1112759643916914,0.17647058823529413,0.4090909090909091,80.88,81.16,117.45796241345204,102.26712666338098,game_summary__b8884a2d-f69d-4f44-86da-0c90c0ee5811__20260227T225942Z.json
2024,b8884a2d-f69d-4f44-86da-0c90c0ee5811,2024-06-27 23:00:00+00:00,2024-06-27,3c409388-ab73-4c7f-953d-3a71062240f6,3c409388-ab73-4c7f-953d-3a71062240f6,171b097d-01db-4ae8-9d56-035689402ec6,FR_LVA_ACES,1,0,-0.5363340349683836,0.36196896723797,0.13618748035394376,0.22194947063236348,0.24211470011073946,e7d5b626-4861-47db-ae65-8c9bcd5a4356,2024-06-23 20:00:00+00:00,1.2714251422637943,0.532258064516129,0.18805829807240246,0.22580645161290322,0.5161290322580645,-15.19083575007106,0.46153846153846156,0.08624938393297191,0.2564102564102564,0.1794871794871795,81.16,80.88,102.26712666338098,117.45796241345204,game_summary__b8884a2d-f69d-4f44-86da-0c90c0ee5811__20260227T225942Z.json
2024,b34053ac-8bfa-4748-8425-a2b1d34ed228,2024-06-28 02:00:00+00:00,2024-06-28,d6a012ed-84aa-48d3-8265-2d3f3ff2199a,d6a012ed-84aa-48d3-8265-2d3f3ff2199a,f073a15f-0486-4179-b0a3-dfd0294eb595,f073a15f-0486-4179-b0a3-dfd0294eb595,1,0,3.577475457081248,0.3777348820027304,0.1307038821332002,0.19951648567125102,0.2010972738914247,616a3906-252d-4b3b-92d0-62f5840e9854,2024-06-23 19:00:00+00:00,15.511511653012633,0.453125,0.1922091235263967,0.23529411764705882,0.25,15.43077177075952,0.5285714285714286,0.09940357852882703,0.14285714285714285,0.24285714285714285,80.48,80.92,110.58648111332008,95.15570934256056,game_summary__b34053ac-8bfa-4748-8425-a2b1d34ed228__20260227T225944Z.json
2024,b34053ac-8bfa-4748-8425-a2b1d34ed228,2024-06-28 02:00:00+00:00,2024-06-28,f073a15f-0486-4179-b0a3-dfd0294eb595,f073a15f-0486-4179-b0a3-dfd0294eb595,d6a012ed-84aa-48d3-8265-2d3f3ff2199a,d6a012ed-84aa-48d3-8265-2d3f3ff2199a,0,0,-1.9211208064401726,0.4412860038658636,0.1410816894940316,0.17186728215728472,0.21412020867009693,e7d5b626-4861-47db-ae65-8c9bcd5a4356,2024-06-23 20:00:00+00:00,-1.2714251422637943,0.5579710144927537,0.12916862376702679,0.03125,0.2028985507246377,-15.43077177075952,0.5076923076923077,0.2718734552644587,0.3888888888888889,0.27692307692307694,80.92,80.48,95.15570934256056,110.58648111332008,game_summary__b34053ac-8bfa-4748-8425-a2b1d34ed228__20260227T225944Z.json
2024,262f2dba-5c9b-40b3-b06b-d2baa45ac29a,2024-06-28 23:30:00+00:00,2024-06-28,5d70a9af-8c2b-4aec-9e68-9acc6ddb93e4,5d70a9af-8c2b-4aec-9e68-9acc6ddb93e4,a015b02d-845c-40c1-8ef4-844984f47e4d,a015b02d-845c-40c1-8ef4-844984f47e4d,0,0,-6.213748141068388,0.32638338148527324,0.11978041711441821,0.1871543007429373,0.2567442797664146,1183d00a-19a0-47b0-9882-49ea78f1dd9a,2024-06-23 19:00:00+00:00,-27.318066122704863,0.3924050632911392,0.13039355144618303,0.3111111111111111,0.24050632911392406,6.915983668175187,0.543859649122807,0.23549826474962815,0.2,0.38596491228070173,80.68,82.44,96.67823500247891,89.76225133430373,game_summary__262f2dba-5c9b-40b3-b06b-d2baa45ac29a__20260227T225946Z.json
2024,262f2dba-5c9b-40b3-b06b-d2baa45ac29a,2024-06-28 23:30:00+00:00,2024-06-28,a015b02d-845c-40c1-8ef4-844984f47e4d,a015b02d-845c-40c1-8ef4-844984f47e4d,5d70a9af-8c2b-4aec-9e68-9acc6ddb93e4,5d70a9af-8c2b-4aec-9e68-9acc6ddb93e4,1,0,5.105934906746059,0.3909595465428708,0.13287534469915832,0.21163662009639508,0.26962396451966814,b2acad0a-eeb8-40ea-9344-ad8ab827856d,2024-06-27 23:00:00+00:00,13.447124353535557,0.5,0.12597343105817682,0.25,0.3835616438356164,-6.915983668175187,0.4491525423728814,0.2183406113537118,0.18181818181818182,0.4406779661016949,82.44,80.68,89.76225133430373,96.67823500247891,game_summary__262f2dba-5c9b-40b3-b06b-d2baa45ac29a__20260227T225946Z.json
2024,70b61769-68b3-4d82-82d2-3771a8b22218,2024-06-29 02:00:00+00:00,2024-06-29,0699edf3-5993-4182-b9b4-ec935cbd4fcc,0699edf3-5993-4182-b9b4-ec935cbd4fcc,0a5ad38d-2fe3-43ba-894b-1ba3d5042ea9,0a5ad38d-2fe3-43ba-894b-1ba3d5042ea9,1,0,-3.4512746965378684,0.3939510440259845,0.14293294442196572,0.14584867051007466,0.19237005815387723,2273844b-7dde-4044-abad-f6edc79d6291,2024-06-23 00:00:00+00:00,-19.8560828149823,0.3581081081081081,0.1524390243902439,0.15217391304347827,0.16216216216216217,17.823993502726537,0.5579710144927537,0.1849112426035503,0.40625,0.3333333333333333,81.12,81.6,113.41222879684419,95.58823529411765,game_summary__70b61769-68b3-4d82-82d2-3771a8b22218__20260227T225947Z.json
2024,70b61769-68b3-4d82-82d2-3771a8b22218,2024-06-29 02:00:00+00:00,2024-06-29,0a5ad38d-2fe3-43ba-894b-1ba3d5042ea9,0a5ad38d-2fe3-43ba-894b-1ba3d5042ea9,0699edf3-5993-4182-b9b4-ec935cbd4fcc,0699edf3-5993-4182-b9b4-ec935cbd4fcc,0,0,-9.651809062338582,0.3972812377676106,0.16355038305349603,0.1768795493475399,0.26699150206791944,92db8520-cf2e-4bf5-a652-1617d206d862,2024-06-22 19:00:00+00:00,-11.25724389598848,0.4852941176470588,0.14381591562799617,0.21621621621621623,0.38235294117647056,-17.823993502726537,0.5396825396825397,0.19607843137254904,0.13333333333333333,0.23809523809523808,81.6,81.12,95.58823529411765,113.41222879684419,game_summary__70b61769-68b3-4d82-82d2-3771a8b22218__20260227T225947Z.json
2024,cc96d75c-35c0-4060-9680-dbfc4502c686,2024-06-29 18:00:00+00:00,2024-06-29,171b097d-01db-4ae8-9d56-035689402ec6,FR_LVA_ACES,5c0d47fe-8539-47b0-9f36-d0b3609ca89b,5c0d47fe-8539-47b0-9f36-d0b3609ca89b,0,0,3.735911846889329,0.40687594356706147,0.11236480017215228,0.14256763120268962,0.24344241949186268,b8884a2d-f69d-4f44-86da-0c90c0ee5811,2024-06-27 23:00:00+00:00,15.19083575007106,0.5681818181818182,0.1112759643916914,0.17647058823529413,0.4090909090909091,10.229868154448425,0.5476190476190477,0.15939185875429132,0.1724137931034483,0.38095238095238093,81.56,78.84,107.89602746444335,97.66615930999492,game_summary__cc96d75c-35c0-4060-9680-dbfc4502c686__20260227T225949Z.json
2024,cc96d75c-35c0-4060-9680-dbfc4502c686,2024-06-29 18:00:00+00:00,2024-06-29,5c0d47fe-8539-47b0-9f36-d0b3609ca89b,5c0d47fe-8539-47b0-9f36-d0b3609ca89b,171b097d-01db-4ae8-9d56-035689402ec6,FR_LVA_ACES,1,0,-1.4663459975960544,0.4360251527031778,0.1616185450385075,0.16123434705034434,0.2021152591467233,b2acad0a-eeb8-40ea-9344-ad8ab827856d,2024-06-27 23:00:00+00:00,-13.447124353535557,0.5955882352941176,0.2691511387163561,0.16,0.22058823529411764,-10.229868154448425,0.5153846153846153,0.17757483510908167,0.14705882352941177,0.16923076923076924,78.84,81.56,97.66615930999492,107.89602746444335,game_summary__cc96d75c-35c0-4060-9680-dbfc4502c686__20260227T225949Z.json
2024,c6ee64f0-e68d-4a87-92f3-207db173684c,2024-06-30 01:00:00+00:00,2024-06-30,5f0b5caf-708b-4300-92f2-53b51d83ec06,5f0b5caf-708b-4300-92f2-53b51d83ec06,d6a012ed-84aa-48d3-8265-2d3f3ff2199a,d6a012ed-84aa-48d3-8265-2d3f3ff2199a,0,0,-8.12287175756476,0.38826863702043124,0.16092418381821466,0.252191763647433,0.19413076902203608,8a25b46d-3365-42ab-abca-72f74b85fba2,2024-06-27 17:00:00+00:00,6.274023170324881,0.5460526315789473,0.13743128435782107,0.358974358974359,0.21052631578947367,-29.390577011331942,0.5,0.2179899036255163,0.24242424242424243,0.2,87.16,83.2,87.19596145020651,116.58653846153845,game_summary__c6ee64f0-e68d-4a87-92f3-207db173684c__20260227T225951Z.json
2024,c6ee64f0-e68d-4a87-92f3-207db173684c,2024-06-30 01:00:00+00:00,2024-06-30,d6a012ed-84aa-48d3-8265-2d3f3ff2199a,d6a012ed-84aa-48d3-8265-2d3f3ff2199a,5f0b5caf-708b-4300-92f2-53b51d83ec06,5f0b5caf-708b-4300-92f2-53b51d83ec06,1,0,4.694960799928978,0.3919551989083139,0.12775300420195265,0.19417485044552174,0.205034241318332,b34053ac-8bfa-4748-8425-a2b1d34ed228,2024-06-28 02:00:00+00:00,15.43077177075952,0.5285714285714286,0.09940357852882703,0.14285714285714285,0.24285714285714285,29.390577011331942,0.5307692307692308,0.18028846153846154,0.29411764705882354,0.46153846153846156,83.2,87.16,116.58653846153845,87.19596145020651,game_summary__c6ee64f0-e68d-4a87-92f3-207db173684c__20260227T225951Z.json
2024,ec6af5ff-410d-4a2d-8a96-5bf98e663b56,2024-06-30 17:00:00+00:00,2024-06-30,08ed8274-e29f-4248-bc2e-83cc8ed18d75,08ed8274-e29f-4248-bc2e-83cc8ed18d75,5d70a9af-8c2b-4aec-9e68-9acc6ddb93e4,5d70a9af-8c2b-4aec-9e68-9acc6ddb93e4,1,0,9.701183934312569,0.46435798540391376,0.14476776044181253,0.1877666699776952,0.19145331732542734,1183d00a-19a0-47b0-9882-49ea78f1dd9a,2024-06-23 19:00:00+00:00,27.318066122704863,0.5857142857142857,0.15738498789346247,0.21212121212121213,0.21428571428571427,7.120122828701028,0.4859154929577465,0.08745627186406796,0.13157894736842105,0.22535211267605634,80.04,79.72,101.19940029985005,94.07927747114903,game_summary__ec6af5ff-410d-4a2d-8a96-5bf98e663b56__20260227T225953Z.json
2024,ec6af5ff-410d-4a2d-8a96-5bf98e663b56,2024-06-30 17:00:00+00:00,2024-06-30,5d70a9af-8c2b-4aec-9e68-9acc6ddb93e4,5d70a9af-8c2b-4aec-9e68-9acc6ddb93e4,08ed8274-e29f-4248-bc2e-83cc8ed18d75,08ed8274-e29f-4248-bc2e-83cc8ed18d75,0,0,-4.9759251368952775,0.3468862471077019,0.13068987176873337,0.18836534619886103,0.2689267275013619,262f2dba-5c9b-40b3-b06b-d2baa45ac29a,2024-06-28 23:30:00+00:00,6.915983668175187,0.543859649122807,0.23549826474962815,0.2,0.38596491228070173,-7.120122828701028,0.5333333333333333,0.22579026593075766,0.14814814814814814,0.21666666666666667,79.72,80.04,94.07927747114903,101.19940029985005,game_summary__ec6af5ff-410d-4a2d-8a96-5bf98e663b56__20260227T225953Z.json
2024,d66c2b19-a532-4f59-ac94-f52b91aa70a8,2024-06-30 19:00:00+00:00,2024-06-30,3c409388-ab73-4c7f-953d-3a71062240f6,3c409388-ab73-4c7f-953d-3a71062240f6,6f017f37-be96-4bdc-b6d3-0a0429c72e89,6f017f37-be96-4bdc-b6d3-0a0429c72e89,1,0,-1.9179067587065584,0.37135601431171616,0.13147949960973881,0.2251983072420897,0.2362104069501136,b8884a2d-f69d-4f44-86da-0c90c0ee5811,2024-06-27 23:00:00+00:00,-15.19083575007106,0.46153846153846156,0.08624938393297191,0.2564102564102564,0.1794871794871795,-10.47137706972886,0.3353658536585366,0.16248839368616527,0.32,0.17073170731707318,86.16,84.92,71.95914577530176,82.43052284503062,game_summary__d66c2b19-a532-4f59-ac94-f52b91aa70a8__20260227T225954Z.json
2024,d66c2b19-a532-4f59-ac94-f52b91aa70a8,2024-06-30 19:00:00+00:00,2024-06-30,6f017f37-be96-4bdc-b6d3-0a0429c72e89,6f017f37-be96-4bdc-b6d3-0a0429c72e89,3c409388-ab73-4c7f-953d-3a71062240f6,3c409388-ab73-4c7f-953d-3a71062240f6,0,0,10.974943868476865,0.4269963738361532,0.135894346081335,0.17676896313144838,0.1949979446643296,8a25b46d-3365-42ab-abca-72f74b85fba2,2024-06-27 17:00:00+00:00,-6.274023170324881,0.55,0.16422435573521982,0.3125,0.2,10.47137706972886,0.4307692307692308,0.2119642016015073,0.17647058823529413,0.27692307692307694,84.92,86.16,82.43052284503062,71.95914577530176,game_summary__d66c2b19-a532-4f59-ac94-f52b91aa70a8__20260227T225954Z.json
2024,e0780a27-9581-4a7a-ad48-ab86341dfce0,2024-06-30 19:00:00+00:00,2024-06-30,0699edf3-5993-4182-b9b4-ec935cbd4fcc,0699edf3-5993-4182-b9b4-ec935cbd4fcc,f073a15f-0486-4179-b0a3-dfd0294eb595,f073a15f-0486-4179-b0a3-dfd0294eb595,1,0,-1.4455203689085885,0.40941424582913377,0.1468905045549626,0.1703983536751919,0.20565955921115492,70b61769-68b3-4d82-82d2-3771a8b22218,2024-06-29 02:00:00+00:00,17.823993502726537,0.5579710144927537,0.1849112426035503,0.40625,0.3333333333333333,-9.373639648449938,0.45588235294117646,0.15194015895278168,0.15384615384615385,0.35294117647058826,85.56,83.64,95.83917718560075,105.21281683405068,game_summary__e0780a27-9581-4a7a-ad48-ab86341dfce0__20260227T225956Z.json
2024,e0780a27-9581-4a7a-ad48-ab86341dfce0,2024-06-30 19:00:00+00:00,2024-06-30,f073a15f-0486-4179-b0a3-dfd0294eb595,f073a15f-0486-4179-b0a3-dfd0294eb595,0699edf3-5993-4182-b9b4-ec935cbd4fcc,0699edf3-5993-4182-b9b4-ec935cbd4fcc,0,0,-3.1947611964297797,0.44754654686039846,0.15341225791532087,0.19232728401549984,0.2200410329627045,b34053ac-8bfa-4748-8425-a2b1d34ed228,2024-06-28 02:00:00+00:00,-15.43077177075952,0.5076923076923077,0.2718734552644587,0.3888888888888889,0.27692307692307694,9.373639648449938,0.5079365079365079,0.1912960306073649,0.2903225806451613,0.49206349206349204,83.64,85.56,105.21281683405068,95.83917718560075,game_summary__e0780a27-9581-4a7a-ad48-ab86341dfce0__20260227T225956Z.json
2024,484bed1a-8a13-43c1-b303-00e6579ec5f1,2024-07-02 02:00:00+00:00,2024-07-02,0699edf3-5993-4182-b9b4-ec935cbd4fcc,0699edf3-5993-4182-b9b4-ec935cbd4fcc,a015b02d-845c-40c1-8ef4-844984f47e4d,a015b02d-845c-40c1-8ef4-844984f47e4d,1,0,-2.192954403862423,0.4137950886962495,0.14736656746832263,0.1688378729269386,0.21954473040766004,e0780a27-9581-4a7a-ad48-ab86341dfce0,2024-06-30 19:00:00+00:00,-9.373639648449938,0.45588235294117646,0.15194015895278168,0.15384615384615385,0.35294117647058826,-19.30156457715512,0.4583333333333333,0.10822510822510822,0.07407407407407407,0.3,73.92,71.12,97.40259740259741,116.70416197975253,game_summary__484bed1a-8a13-43c1-b303-00e6579ec5f1__20260227T225958Z.json
2024,484bed1a-8a13-43c1-b303-00e6579ec5f1,2024-07-02 02:00:00+00:00,2024-07-02,a015b02d-845c-40c1-8ef4-844984f47e4d,a015b02d-845c-40c1-8ef4-844984f47e4d,0699edf3-5993-4182-b9b4-ec935cbd4fcc,0699edf3-5993-4182-b9b4-ec935cbd4fcc,0,0,3.972552474984808,0.3964457689552299,0.14093269687205776,0.20882544699815228,0.2857503090018175,262f2dba-5c9b-40b3-b06b-d2baa45ac29a,2024-06-28 23:30:00+00:00,-6.915983668175187,0.4491525423728814,0.2183406113537118,0.18181818181818182,0.4406779661016949,19.30156457715512,0.5169491525423728,0.19685039370078738,0.42857142857142855,0.3898305084745763,71.12,73.92,116.70416197975253,97.40259740259741,game_summary__484bed1a-8a13-43c1-b303-00e6579ec5f1__20260227T225958Z.json
2024,669d806c-4df8-4bbe-8e5b-6bead30e58b5,2024-07-02 02:00:00+00:00,2024-07-02,5f0b5caf-708b-4300-92f2-53b51d83ec06,5f0b5caf-708b-4300-92f2-53b51d83ec06,d6a012ed-84aa-48d3-8265-2d3f3ff2199a,d6a012ed-84aa-48d3-8265-2d3f3ff2199a,0,0,-10.12791307840519,0.39880226050894435,0.16630413077778966,0.2512709175372861,0.1946840986122273,c6ee64f0-e68d-4a87-92f3-207db173684c,2024-06-30 01:00:00+00:00,-29.390577011331942,0.5,0.2179899036255163,0.24242424242424243,0.2,-22.267054890162427,0.45161290322580644,0.22399203583872573,0.26666666666666666,0.3064516129032258,80.36,85.88,88.35241413638626,110.61946902654869,game_summary__669d806c-4df8-4bbe-8e5b-6bead30e58b5__20260227T225959Z.json
2024,669d806c-4df8-4bbe-8e5b-6bead30e58b5,2024-07-02 02:00:00+00:00,2024-07-02,d6a012ed-84aa-48d3-8265-2d3f3ff2199a,d6a012ed-84aa-48d3-8265-2d3f3ff2199a,5f0b5caf-708b-4300-92f2-53b51d83ec06,5f0b5caf-708b-4300-92f2-53b51d83ec06,1,0,7.023173005084912,0.40504207718091445,0.13270585461585857,0.20359709109344148,0.22921651930152975,c6ee64f0-e68d-4a87-92f3-207db173684c,2024-06-30 01:00:00+00:00,29.390577011331942,0.5307692307692308,0.18028846153846154,0.29411764705882354,0.46153846153846156,22.267054890162427,0.5070422535211268,0.16301816488122964,0.3235294117647059,0.38028169014084506,85.88,80.36,110.61946902654869,88.35241413638626,game_summary__669d806c-4df8-4bbe-8e5b-6bead30e58b5__20260227T225959Z.json
2024,7d7c8e2a-5e45-4717-ae8e-7fe532578d4c,2024-07-02 23:00:00+00:00,2024-07-02,08ed8274-e29f-4248-bc2e-83cc8ed18d75,08ed8274-e29f-4248-bc2e-83cc8ed18d75,6f017f37-be96-4bdc-b6d3-0a0429c72e89,6f017f37-be96-4bdc-b6d3-0a0429c72e89,1,0,9.457850950964563,0.46639034822369224,0.13936464330312182,0.1824694973767368,0.19464917153695235,ec6af5ff-410d-4a2d-8a96-5bf98e663b56,2024-06-30 17:00:00+00:00,7.120122828701028,0.4859154929577465,0.08745627186406796,0.13157894736842105,0.22535211267605634,4.9414026103982,0.42,0.12189176011701608,0.24390243902439024,0.21333333333333335,82.04,76.4,92.63773768893222,87.69633507853402,game_summary__7d7c8e2a-5e45-4717-ae8e-7fe532578d4c__20260227T230001Z.json
2024,7d7c8e2a-5e45-4717-ae8e-7fe532578d4c,2024-07-02 23:00:00+00:00,2024-07-02,6f017f37-be96-4bdc-b6d3-0a0429c72e89,6f017f37-be96-4bdc-b6d3-0a0429c72e89,08ed8274-e29f-4248-bc2e-83cc8ed18d75,08ed8274-e29f-4248-bc2e-83cc8ed18d75,0,0,10.927469435892549,0.4273520649630603,0.14306593331975087,0.17674083343956334,0.2027215459383791,d66c2b19-a532-4f59-ac94-f52b91aa70a8,2024-06-30 19:00:00+00:00,10.47137706972886,0.4307692307692308,0.2119642016015073,0.17647058823529413,0.27692307692307694,-4.9414026103982,0.44776119402985076,0.14397905759162302,0.14634146341463414,0.14925373134328357,76.4,82.04,87.69633507853402,92.63773768893222,game_summary__7d7c8e2a-5e45-4717-ae8e-7fe532578d4c__20260227T230001Z.json
2024,fe0a63aa-ecb6-483f-b0cb-ef12a2dafd6b,2024-07-02 23:00:00+00:00,2024-07-02,3c409388-ab73-4c7f-953d-3a71062240f6,3c409388-ab73-4c7f-953d-3a71062240f6,5d70a9af-8c2b-4aec-9e68-9acc6ddb93e4,5d70a9af-8c2b-4aec-9e68-9acc6ddb93e4,0,0,-2.724296597457203,0.3679629938427811,0.13440290451849296,0.2341358634568844,0.2300373150799463,d66c2b19-a532-4f59-ac94-f52b91aa70a8,2024-06-30 19:00:00+00:00,-10.47137706972886,0.3353658536585366,0.16248839368616527,0.32,0.17073170731707318,13.847348764636578,0.5142857142857142,0.13938165230613278,0.2777777777777778,0.2571428571428571,78.92,82.04,107.70400405473896,93.85665529010238,game_summary__fe0a63aa-ecb6-483f-b0cb-ef12a2dafd6b__20260227T230003Z.json
2024,fe0a63aa-ecb6-483f-b0cb-ef12a2dafd6b,2024-07-02 23:00:00+00:00,2024-07-02,5d70a9af-8c2b-4aec-9e68-9acc6ddb93e4,5d70a9af-8c2b-4aec-9e68-9acc6ddb93e4,3c409388-ab73-4c7f-953d-3a71062240f6,3c409388-ab73-4c7f-953d-3a71062240f6,1,0,-5.178072238372513,0.36446379520572586,0.13965558845738718,0.18457381613306706,0.2639998404605215,ec6af5ff-410d-4a2d-8a96-5bf98e663b56,2024-06-30 17:00:00+00:00,-7.120122828701028,0.5333333333333333,0.22579026593075766,0.14814814814814814,0.21666666666666667,-13.847348764636578,0.49264705882352944,0.21940516821062894,0.3142857142857143,0.23529411764705882,82.04,78.92,93.85665529010238,107.70400405473896,game_summary__fe0a63aa-ecb6-483f-b0cb-ef12a2dafd6b__20260227T230003Z.json
2024,c2d5b8bf-1168-4572-bab8-3c16c00cf527,2024-07-03 01:30:00+00:00,2024-07-03,171b097d-01db-4ae8-9d56-035689402ec6,FR_LVA_ACES,f073a15f-0486-4179-b0a3-dfd0294eb595,f073a15f-0486-4179-b0a3-dfd0294eb595,1,0,4.348138251996291,0.4201446876972064,0.11679833893572296,0.14538141798247933,0.2564063547855717,cc96d75c-35c0-4060-9680-dbfc4502c686,2024-06-29 18:00:00+00:00,10.229868154448425,0.5476190476190477,0.15939185875429132,0.1724137931034483,0.38095238095238093,27.507329980979506,0.5140845070422535,0.12272950417280314,0.18421052631578946,0.23943661971830985,81.48,85.72,108.00196367206676,80.49463369108726,game_summary__c2d5b8bf-1168-4572-bab8-3c16c00cf527__20260227T230005Z.json
2024,c2d5b8bf-1168-4572-bab8-3c16c00cf527,2024-07-03 01:30:00+00:00,2024-07-03,f073a15f-0486-4179-b0a3-dfd0294eb595,f073a15f-0486-4179-b0a3-dfd0294eb595,171b097d-01db-4ae8-9d56-035689402ec6,FR_LVA_ACES,0,0,-2.009858418712101,0.45323989110589935,0.15698380118858585,0.20156592150111585,0.24568631364464805,e0780a27-9581-4a7a-ad48-ab86341dfce0,2024-06-30 19:00:00+00:00,9.373639648449938,0.5079365079365079,0.1912960306073649,0.2903225806451613,0.49206349206349204,-27.507329980979506,0.4025974025974026,0.18665422305179655,0.29545454545454547,0.16883116883116883,85.72,81.48,80.49463369108726,108.00196367206676,game_summary__c2d5b8bf-1168-4572-bab8-3c16c00cf527__20260227T230005Z.json
2024,167e3067-7c1a-41fd-a6b6-59d7f69b3301,2024-07-03 02:00:00+00:00,2024-07-03,0a5ad38d-2fe3-43ba-894b-1ba3d5042ea9,0a5ad38d-2fe3-43ba-894b-1ba3d5042ea9,5c0d47fe-8539-47b0-9f36-d0b3609ca89b,5c0d47fe-8539-47b0-9f36-d0b3609ca89b,1,0,-10.422252666337876,0.41070631071619923,0.16661700825766296,0.17277417166654813,0.26426726818411217,70b61769-68b3-4d82-82d2-3771a8b22218,2024-06-29 02:00:00+00:00,-17.823993502726537,0.5396825396825397,0.19607843137254904,0.13333333333333333,0.23809523809523808,-0.5690744779626584,0.575,0.1975763962065332,0.21212121212121213,0.3,75.92,77.4,105.3740779768177,105.94315245478036,game_summary__167e3067-7c1a-41fd-a6b6-59d7f69b3301__20260227T230006Z.json
2024,167e3067-7c1a-41fd-a6b6-59d7f69b3301,2024-07-03 02:00:00+00:00,2024-07-03,5c0d47fe-8539-47b0-9f36-d0b3609ca89b,5c0d47fe-8539-47b0-9f36-d0b3609ca89b,0a5ad38d-2fe3-43ba-894b-1ba3d5042ea9,0a5ad38d-2fe3-43ba-894b-1ba3d5042ea9,0,0,-2.292538754686161,0.443506872050769,0.16312284559830342,0.15989793063565003,0.19901502993489664,cc96d75c-35c0-4060-9680-dbfc4502c686,2024-06-29 18:00:00+00:00,-10.229868154448425,0.5153846153846153,0.17757483510908167,0.14705882352941177,0.16923076923076924,0.5690744779626584,0.5671641791044776,0.15503875968992248,0.1935483870967742,0.14925373134328357,77.4,75.92,105.94315245478036,105.3740779768177,game_summary__167e3067-7c1a-41fd-a6b6-59d7f69b3301__20260227T230006Z.json
2024,d658cfce-563e-4859-866b-03278de19e5e,2024-07-04 00:00:00+00:00,2024-07-04,0699edf3-5993-4182-b9b4-ec935cbd4fcc,0699edf3-5993-4182-b9b4-ec935cbd4fcc,5f0b5caf-708b-4300-92f2-53b51d83ec06,5f0b5caf-708b-4300-92f2-53b51d83ec06,0,0,-3.8058914805377064,0.4179939912007514,0.14367645411550872,0.15990388921065835,0.22712975841548538,484bed1a-8a13-43c1-b303-00e6579ec5f1,2024-07-02 02:00:00+00:00,-19.30156457715512,0.4583333333333333,0.10822510822510822,0.07407407407407407,0.3,11.385874939491984,0.6384615384615384,0.11375126390293225,0.19230769230769232,0.35384615384615387,79.12,79.96000000000001,131.44590495449947,120.06003001500748,game_summary__d658cfce-563e-4859-866b-03278de19e5e__20260227T230008Z.json
2024,d658cfce-563e-4859-866b-03278de19e5e,2024-07-04 00:00:00+00:00,2024-07-04,5f0b5caf-708b-4300-92f2-53b51d83ec06,5f0b5caf-708b-4300-92f2-53b51d83ec06,0699edf3-5993-4182-b9b4-ec935cbd4fcc,0699edf3-5993-4182-b9b4-ec935cbd4fcc,1,0,-11.272346887398463,0.4037810543921581,0.17174273508322635,0.2527223723511163,0.2052211303139141,669d806c-4df8-4bbe-8e5b-6bead30e58b5,2024-07-02 02:00:00+00:00,-22.267054890162427,0.45161290322580644,0.22399203583872573,0.26666666666666666,0.3064516129032258,-11.385874939491984,0.5298507462686567,0.13756878439219608,0.40625,0.5074626865671642,79.96000000000001,79.12,120.06003001500748,131.44590495449947,game_summary__d658cfce-563e-4859-866b-03278de19e5e__20260227T230008Z.json
2024,499f9409-e053-4908-92c8-b756a2fe72b6,2024-07-05 00:00:00+00:00,2024-07-05,6f017f37-be96-4bdc-b6d3-0a0429c72e89,6f017f37-be96-4bdc-b6d3-0a0429c72e89,a015b02d-845c-40c1-8ef4-844984f47e4d,a015b02d-845c-40c1-8ef4-844984f47e4d,1,0,9.431410327103336,0.4292761628670423,0.14315201933017468,0.17387489222492739,0.1976807962985367,7d7c8e2a-5e45-4717-ae8e-7fe532578d4c,2024-07-02 23:00:00+00:00,-4.9414026103982,0.44776119402985076,0.14397905759162302,0.14634146341463414,0.14925373134328357,-2.9879787155251307,0.5564516129032258,0.2338877338877339,0.20588235294117646,0.14516129032258066,76.96,79.72,94.85446985446985,97.84244856999499,game_summary__499f9409-e053-4908-92c8-b756a2fe72b6__20260227T230010Z.json
2024,499f9409-e053-4908-92c8-b756a2fe72b6,2024-07-05 00:00:00+00:00,2024-07-05,a015b02d-845c-40c1-8ef4-844984f47e4d,a015b02d-845c-40c1-8ef4-844984f47e4d,6f017f37-be96-4bdc-b6d3-0a0429c72e89,6f017f37-be96-4bdc-b6d3-0a0429c72e89,0,0,5.417715566431653,0.40780638640362665,0.14620441243187215,0.22954229293361184,0.2955626088307909,484bed1a-8a13-43c1-b303-00e6579ec5f1,2024-07-02 02:00:00+00:00,19.30156457715512,0.5169491525423728,0.19685039370078738,0.42857142857142855,0.3898305084745763,2.9879787155251307,0.5,0.20070245860511793,0.27586206896551724,0.19696969696969696,79.72,76.96,97.84244856999499,94.85446985446985,game_summary__499f9409-e053-4908-92c8-b756a2fe72b6__20260227T230010Z.json
2024,9ac9dd98-9aa7-4460-a722-8f85c74b71e5,2024-07-05 02:00:00+00:00,2024-07-05,171b097d-01db-4ae8-9d56-035689402ec6,FR_LVA_ACES,5c0d47fe-8539-47b0-9f36-d0b3609ca89b,5c0d47fe-8539-47b0-9f36-d0b3609ca89b,1,0,6.531501986814467,0.42900098964476807,0.11735750746092016,0.14904208403604363,0.254806510345018,c2d5b8bf-1168-4572-bab8-3c16c00cf527,2024-07-03 01:30:00+00:00,27.507329980979506,0.5140845070422535,0.12272950417280314,0.18421052631578946,0.23943661971830985,27.145723233509486,0.6796875,0.22662213740458015,0.16666666666666666,0.171875,83.84,85.8,116.88931297709924,89.74358974358975,game_summary__9ac9dd98-9aa7-4460-a722-8f85c74b71e5__20260227T230011Z.json
2024,9ac9dd98-9aa7-4460-a722-8f85c74b71e5,2024-07-05 02:00:00+00:00,2024-07-05,5c0d47fe-8539-47b0-9f36-d0b3609ca89b,5c0d47fe-8539-47b0-9f36-d0b3609ca89b,171b097d-01db-4ae8-9d56-035689402ec6,FR_LVA_ACES,0,0,-2.022756344818114,0.45516482984678563,0.16236070760108548,0.16307037236665178,0.19432371704220974,167e3067-7c1a-41fd-a6b6-59d7f69b3301,2024-07-03 02:00:00+00:00,0.5690744779626584,0.5671641791044776,0.15503875968992248,0.1935483870967742,0.14925373134328357,-27.145723233509486,0.45,0.17482517482517482,0.2,0.2857142857142857,85.8,83.84,89.74358974358975,116.88931297709924,game_summary__9ac9dd98-9aa7-4460-a722-8f85c74b71e5__20260227T230011Z.json
2024,1a8823fd-345d-4c4c-a2d7-c339e8c10385,2024-07-05 23:30:00+00:00,2024-07-05,5d70a9af-8c2b-4aec-9e68-9acc6ddb93e4,5d70a9af-8c2b-4aec-9e68-9acc6ddb93e4,5f0b5caf-708b-4300-92f2-53b51d83ec06,5f0b5caf-708b-4300-92f2-53b51d83ec06,0,0,-5.9953798627516175,0.37654844360230605,0.14717408661301618,0.19680257859227196,0.2612935700990123,fe0a63aa-ecb6-483f-b0cb-ef12a2dafd6b,2024-07-02 23:00:00+00:00,-13.847348764636578,0.49264705882352944,0.21940516821062894,0.3142857142857143,0.23529411764705882,-4.953192308801803,0.5737704918032787,0.31398873971416197,0.23076923076923078,0.3114754098360656,92.36,90.68,88.7830229536596,93.7362152624614,game_summary__1a8823fd-345d-4c4c-a2d7-c339e8c10385__20260227T230013Z.json
2024,1a8823fd-345d-4c4c-a2d7-c339e8c10385,2024-07-05 23:30:00+00:00,2024-07-05,5f0b5caf-708b-4300-92f2-53b51d83ec06,5f0b5caf-708b-4300-92f2-53b51d83ec06,5d70a9af-8c2b-4aec-9e68-9acc6ddb93e4,5d70a9af-8c2b-4aec-9e68-9acc6ddb93e4,1,0,-11.283049896153097,0.4156664429896527,0.16852094023445008,0.26719639452010835,0.23371535674464483,d658cfce-563e-4859-866b-03278de19e5e,2024-07-04 00:00:00+00:00,-11.385874939491984,0.5298507462686567,0.13756878439219608,0.40625,0.5074626865671642,4.953192308801803,0.5,0.20952801058667841,0.22580645161290322,0.3188405797101449,90.68,92.36,93.7362152624614,88.7830229536596,game_summary__1a8823fd-345d-4c4c-a2d7-c339e8c10385__20260227T230013Z.json
2024,a763f1e7-1981-4aed-a034-e138ed87c673,2024-07-06 02:00:00+00:00,2024-07-06,0a5ad38d-2fe3-43ba-894b-1ba3d5042ea9,0a5ad38d-2fe3-43ba-894b-1ba3d5042ea9,171b097d-01db-4ae8-9d56-035689402ec6,FR_LVA_ACES,1,0,-9.493331131383062,0.42619531772644026,0.1695357459101146,0.1764836664626737,0.2676360192055546,167e3067-7c1a-41fd-a6b6-59d7f69b3301,2024-07-03 02:00:00+00:00,-0.5690744779626584,0.575,0.1975763962065332,0.21212121212121213,0.3,-2.114225359996283,0.436046511627907,0.03258036490008688,0.21568627450980393,0.37209302325581395,92.08,85.68,106.42919200695049,108.54341736694677,game_summary__a763f1e7-1981-4aed-a034-e138ed87c673__20260227T230015Z.json
2024,a763f1e7-1981-4aed-a034-e138ed87c673,2024-07-06 02:00:00+00:00,2024-07-06,171b097d-01db-4ae8-9d56-035689402ec6,FR_LVA_ACES,0a5ad38d-2fe3-43ba-894b-1ba3d5042ea9,0a5ad38d-2fe3-43ba-894b-1ba3d5042ea9,0,0,8.474935230005995,0.45263479525952754,0.12765857639756864,0.15070366510533678,0.24698803143262976,9ac9dd98-9aa7-4460-a722-8f85c74b71e5,2024-07-05 02:00:00+00:00,27.145723233509486,0.6796875,0.22662213740458015,0.16666666666666666,0.171875,2.114225359996283,0.5447761194029851,0.1400560224089636,0.0967741935483871,0.3283582089552239,85.68,92.08,108.54341736694677,106.42919200695049,game_summary__a763f1e7-1981-4aed-a034-e138ed87c673__20260227T230015Z.json
2024,deb25adf-84ab-461d-9c3c-9f690af62576,2024-07-06 02:00:00+00:00,2024-07-06,3c409388-ab73-4c7f-953d-3a71062240f6,3c409388-ab73-4c7f-953d-3a71062240f6,d6a012ed-84aa-48d3-8265-2d3f3ff2199a,d6a012ed-84aa-48d3-8265-2d3f3ff2199a,0,0,-1.1619825956009766,0.38175776376107756,0.13487228261646583,0.23825026322356674,0.23259272626377808,fe0a63aa-ecb6-483f-b0cb-ef12a2dafd6b,2024-07-02 23:00:00+00:00,13.847348764636578,0.5142857142857142,0.13938165230613278,0.2777777777777778,0.2571428571428571,8.84210418289139,0.5069444444444444,0.17232890201871,0.42424242424242425,0.2916666666666667,81.24,84.44,108.3210241260463,99.4789199431549,game_summary__deb25adf-84ab-461d-9c3c-9f690af62576__20260227T230016Z.json
2024,deb25adf-84ab-461d-9c3c-9f690af62576,2024-07-06 02:00:00+00:00,2024-07-06,d6a012ed-84aa-48d3-8265-2d3f3ff2199a,d6a012ed-84aa-48d3-8265-2d3f3ff2199a,3c409388-ab73-4c7f-953d-3a71062240f6,3c409388-ab73-4c7f-953d-3a71062240f6,1,0,8.46031033160383,0.414658280050705,0.1355635881553733,0.21490387082265439,0.24345839006560732,669d806c-4df8-4bbe-8e5b-6bead30e58b5,2024-07-02 02:00:00+00:00,22.267054890162427,0.5070422535211268,0.16301816488122964,0.3235294117647059,0.38028169014084506,-8.84210418289139,0.4772727272727273,0.17764092846991947,0.25806451612903225,0.3939393939393939,84.44,81.24,99.4789199431549,108.3210241260463,game_summary__deb25adf-84ab-461d-9c3c-9f690af62576__20260227T230016Z.json
2024,958e3a1b-207d-4d7e-86bd-751c58cd56ce,2024-07-06 17:00:00+00:00,2024-07-06,08ed8274-e29f-4248-bc2e-83cc8ed18d75,08ed8274-e29f-4248-bc2e-83cc8ed18d75,f073a15f-0486-4179-b0a3-dfd0294eb595,f073a15f-0486-4179-b0a3-dfd0294eb595,0,0,9.032056750874606,0.4620168361796412,0.13771736390159098,0.1882611700087668,0.19641064584741547,7d7c8e2a-5e45-4717-ae8e-7fe532578d4c,2024-07-02 23:00:00+00:00,4.9414026103982,0.42,0.12189176011701608,0.24390243902439024,0.21333333333333335,-4.815852300562398,0.4788732394366197,0.1249375312343828,0.19047619047619047,0.22535211267605634,80.04,81.16,97.45127436281858,102.26712666338098,game_summary__958e3a1b-207d-4d7e-86bd-751c58cd56ce__20260227T230018Z.json
2024,958e3a1b-207d-4d7e-86bd-751c58cd56ce,2024-07-06 17:00:00+00:00,2024-07-06,f073a15f-0486-4179-b0a3-dfd0294eb595,f073a15f-0486-4179-b0a3-dfd0294eb595,08ed8274-e29f-4248-bc2e-83cc8ed18d75,08ed8274-e29f-4248-bc2e-83cc8ed18d75,1,0,-4.413666608137914,0.44846550285676107,0.15978101984159343,0.21041739693474917,0.23844069220916642,c2d5b8bf-1168-4572-bab8-3c16c00cf527,2024-07-03 01:30:00+00:00,-27.507329980979506,0.4025974025974026,0.18665422305179655,0.29545454545454547,0.16883116883116883,4.815852300562398,0.5298507462686567,0.18482010842779695,0.23333333333333334,0.208955223880597,81.16,80.04,102.26712666338098,97.45127436281858,game_summary__958e3a1b-207d-4d7e-86bd-751c58cd56ce__20260227T230018Z.json
2024,d136d18d-5bae-4072-b9e4-58f082f0a971,2024-07-07 00:00:00+00:00,2024-07-07,5c0d47fe-8539-47b0-9f36-d0b3609ca89b,5c0d47fe-8539-47b0-9f36-d0b3609ca89b,6f017f37-be96-4bdc-b6d3-0a0429c72e89,6f017f37-be96-4bdc-b6d3-0a0429c72e89,0,0,-4.391257605903137,0.45467790861413027,0.16353581189787525,0.16655196234002223,0.20293968497745088,9ac9dd98-9aa7-4460-a722-8f85c74b71e5,2024-07-05 02:00:00+00:00,-27.145723233509486,0.45,0.17482517482517482,0.2,0.2857142857142857,-9.697717237804113,0.475,0.23160061760164694,0.1935483870967742,0.21666666666666667,77.72,77.16,86.20689655172414,95.90461378952826,game_summary__d136d18d-5bae-4072-b9e4-58f082f0a971__20260227T230020Z.json
2024,d136d18d-5bae-4072-b9e4-58f082f0a971,2024-07-07 00:00:00+00:00,2024-07-07,6f017f37-be96-4bdc-b6d3-0a0429c72e89,6f017f37-be96-4bdc-b6d3-0a0429c72e89,5c0d47fe-8539-47b0-9f36-d0b3609ca89b,5c0d47fe-8539-47b0-9f36-d0b3609ca89b,1,0,8.260555836083336,0.4412657982920423,0.15170625001905746,0.17689243833747229,0.1927294497204537,499f9409-e053-4908-92c8-b756a2fe72b6,2024-07-05 00:00:00+00:00,-2.9879787155251307,0.5564516129032258,0.2338877338877339,0.20588235294117646,0.14516129032258066,9.697717237804113,0.45714285714285713,0.18144116122343185,0.3333333333333333,0.2,77.16,77.72,95.90461378952826,86.20689655172414,game_summary__d136d18d-5bae-4072-b9e4-58f082f0a971__20260227T230020Z.json
2024,4a80e29e-39df-4150-bbb8-797d1311f4ac,2024-07-07 17:00:00+00:00,2024-07-07,5d70a9af-8c2b-4aec-9e68-9acc6ddb93e4,5d70a9af-8c2b-4aec-9e68-9acc6ddb93e4,a015b02d-845c-40c1-8ef4-844984f47e4d,a015b02d-845c-40c1-8ef4-844984f47e4d,0,0,-5.897126239015467,0.3951418156330609,0.16290076085447974,0.20000483009673803,0.26602453006991755,1a8823fd-345d-4c4c-a2d7-c339e8c10385,2024-07-05 23:30:00+00:00,-4.953192308801803,0.5737704918032787,0.31398873971416197,0.23076923076923078,0.3114754098360656,-19.81083192906692,0.4406779661016949,0.18217488789237668,0.2647058823529412,0.3220338983050847,71.36,70.36,93.89013452914799,113.70096645821491,game_summary__4a80e29e-39df-4150-bbb8-797d1311f4ac__20260227T230022Z.json
2024,4a80e29e-39df-4150-bbb8-797d1311f4ac,2024-07-07 17:00:00+00:00,2024-07-07,a015b02d-845c-40c1-8ef4-844984f47e4d,a015b02d-845c-40c1-8ef4-844984f47e4d,5d70a9af-8c2b-4aec-9e68-9acc6ddb93e4,5d70a9af-8c2b-4aec-9e68-9acc6ddb93e4,1,0,5.188648879325232,0.416498062471762,0.1513422885298622,0.23390915169001641,0.28626763037097536,499f9409-e053-4908-92c8-b756a2fe72b6,2024-07-05 00:00:00+00:00,2.9879787155251307,0.5,0.20070245860511793,0.27586206896551724,0.19696969696969696,19.81083192906692,0.515625,0.12791358726549176,0.3333333333333333,0.296875,70.36,71.36,113.70096645821491,93.89013452914799,game_summary__4a80e29e-39df-4150-bbb8-797d1311f4ac__20260227T230022Z.json
2024,3f4e0e56-e37e-4e4a-b7dc-9e4c9ffa9dc4,2024-07-07 19:30:00+00:00,2024-07-07,171b097d-01db-4ae8-9d56-035689402ec6,FR_LVA_ACES,5f0b5caf-708b-4300-92f2-53b51d83ec06,5f0b5caf-708b-4300-92f2-53b51d83ec06,1,0,7.875270810781077,0.46132154166964434,0.128827362180009,0.1456193921387637,0.25465931360765537,a763f1e7-1981-4aed-a034-e138ed87c673,2024-07-06 02:00:00+00:00,2.114225359996283,0.5447761194029851,0.1400560224089636,0.0967741935483871,0.3283582089552239,18.54026088920162,0.5432098765432098,0.10185604345857854,0.2631578947368421,0.2345679012345679,88.36,85.72,117.70031688546854,99.16005599626692,game_summary__3f4e0e56-e37e-4e4a-b7dc-9e4c9ffa9dc4__20260227T230023Z.json
2024,3f4e0e56-e37e-4e4a-b7dc-9e4c9ffa9dc4,2024-07-07 19:30:00+00:00,2024-07-07,5f0b5caf-708b-4300-92f2-53b51d83ec06,5f0b5caf-708b-4300-92f2-53b51d83ec06,171b097d-01db-4ae8-9d56-035689402ec6,FR_LVA_ACES,0,0,-9.75235647494624,0.42361710172417916,0.17238693656653037,0.26329430236649093,0.2417406508445501,1a8823fd-345d-4c4c-a2d7-c339e8c10385,2024-07-05 23:30:00+00:00,4.953192308801803,0.5,0.20952801058667841,0.22580645161290322,0.3188405797101449,-18.54026088920162,0.5,0.15165655622958468,0.23076923076923078,0.17105263157894737,85.72,88.36,99.16005599626692,117.70031688546854,game_summary__3f4e0e56-e37e-4e4a-b7dc-9e4c9ffa9dc4__20260227T230023Z.json
2024,02e1670e-07a0-422f-9b9c-5ad2edf1c445,2024-07-07 22:00:00+00:00,2024-07-07,3c409388-ab73-4c7f-953d-3a71062240f6,3c409388-ab73-4c7f-953d-3a71062240f6,d6a012ed-84aa-48d3-8265-2d3f3ff2199a,d6a012ed-84aa-48d3-8265-2d3f3ff2199a,0,0,-0.21883395173881837,0.39355990529886975,0.13840355544277086,0.2557849226400621,0.23816200090245476,deb25adf-84ab-461d-9c3c-9f690af62576,2024-07-06 02:00:00+00:00,8.84210418289139,0.5069444444444444,0.17232890201871,0.42424242424242425,0.2916666666666667,-17.271408261087075,0.391025641025641,0.1524390243902439,0.275,0.15384615384615385,85.28,83.56,83.25515947467167,100.52656773575875,game_summary__02e1670e-07a0-422f-9b9c-5ad2edf1c445__20260227T230025Z.json
2024,02e1670e-07a0-422f-9b9c-5ad2edf1c445,2024-07-07 22:00:00+00:00,2024-07-07,d6a012ed-84aa-48d3-8265-2d3f3ff2199a,d6a012ed-84aa-48d3-8265-2d3f3ff2199a,3c409388-ab73-4c7f-953d-3a71062240f6,3c409388-ab73-4c7f-953d-3a71062240f6,1,0,6.829102091790226,0.42056134069893825,0.13953048561774933,0.2189728983101449,0.2576451877087168,deb25adf-84ab-461d-9c3c-9f690af62576,2024-07-06 02:00:00+00:00,-8.84210418289139,0.4772727272727273,0.17764092846991947,0.25806451612903225,0.3939393939393939,17.271408261087075,0.463768115942029,0.13164193393968407,0.20588235294117646,0.34782608695652173,83.56,85.28,100.52656773575875,83.25515947467167,game_summary__02e1670e-07a0-422f-9b9c-5ad2edf1c445__20260227T230025Z.json
2024,79bfce63-6494-4629-a9e3-31a17161386c,2024-07-07 23:00:00+00:00,2024-07-07,0699edf3-5993-4182-b9b4-ec935cbd4fcc,0699edf3-5993-4182-b9b4-ec935cbd4fcc,0a5ad38d-2fe3-43ba-894b-1ba3d5042ea9,0a5ad38d-2fe3-43ba-894b-1ba3d5042ea9,0,0,-2.3736674090986796,0.4387788637052224,0.1408552168360614,0.16295880103056057,0.23907611585437463,d658cfce-563e-4859-866b-03278de19e5e,2024-07-04 00:00:00+00:00,11.385874939491984,0.6384615384615384,0.11375126390293225,0.19230769230769232,0.35384615384615387,11.011615725199036,0.5169491525423728,0.19920318725099603,0.2692307692307692,0.4745762711864407,80.32,83.36,104.58167330677293,93.57005758157389,game_summary__79bfce63-6494-4629-a9e3-31a17161386c__20260227T230027Z.json
2024,79bfce63-6494-4629-a9e3-31a17161386c,2024-07-07 23:00:00+00:00,2024-07-07,0a5ad38d-2fe3-43ba-894b-1ba3d5042ea9,0a5ad38d-2fe3-43ba-894b-1ba3d5042ea9,0699edf3-5993-4182-b9b4-ec935cbd4fcc,0699edf3-5993-4182-b9b4-ec935cbd4fcc,1,0,-8.797656078247659,0.4271240521900963,0.15662409442914865,0.1801795447006554,0.27748384278938326,a763f1e7-1981-4aed-a034-e138ed87c673,2024-07-06 02:00:00+00:00,-2.114225359996283,0.436046511627907,0.03258036490008688,0.21568627450980393,0.37209302325581395,-11.011615725199036,0.42,0.1199616122840691,0.24390243902439024,0.25333333333333335,83.36,80.32,93.57005758157389,104.58167330677293,game_summary__79bfce63-6494-4629-a9e3-31a17161386c__20260227T230027Z.json
2024,6c7dab67-056a-459e-a6c6-3a50a3e9393a,2024-07-10 02:00:00+00:00,2024-07-10,0a5ad38d-2fe3-43ba-894b-1ba3d5042ea9,0a5ad38d-2fe3-43ba-894b-1ba3d5042ea9,6f017f37-be96-4bdc-b6d3-0a0429c72e89,6f017f37-be96-4bdc-b6d3-0a0429c72e89,1,0,-9.00638008122981,0.42645242265402133,0.1531676899535206,0.1861871056799954,0.27520702125170704,79bfce63-6494-4629-a9e3-31a17161386c,2024-07-07 23:00:00+00:00,-11.011615725199036,0.42,0.1199616122840691,0.24390243902439024,0.25333333333333335,-19.899745853984513,0.4375,0.24888003982080636,0.14814814814814814,0.3392857142857143,80.36,79.4,83.37481333997013,103.27455919395464,game_summary__6c7dab67-056a-459e-a6c6-3a50a3e9393a__20260227T230028Z.json
2024,6c7dab67-056a-459e-a6c6-3a50a3e9393a,2024-07-10 02:00:00+00:00,2024-07-10,6f017f37-be96-4bdc-b6d3-0a0429c72e89,6f017f37-be96-4bdc-b6d3-0a0429c72e89,0a5ad38d-2fe3-43ba-894b-1ba3d5042ea9,0a5ad38d-2fe3-43ba-894b-1ba3d5042ea9,0,0,8.396046146898918,0.44276262922276344,0.15450954849084397,0.191641112676957,0.19341489055959435,d136d18d-5bae-4072-b9e4-58f082f0a971,2024-07-07 00:00:00+00:00,9.697717237804113,0.45714285714285713,0.18144116122343185,0.3333333333333333,0.2,19.899745853984513,0.5615384615384615,0.17632241813602015,0.13793103448275862,0.15384615384615385,79.4,80.36,103.27455919395464,83.37481333997013,game_summary__6c7dab67-056a-459e-a6c6-3a50a3e9393a__20260227T230028Z.json
2024,2acabf5b-f2ba-4c79-b340-fa9cd3861b0e,2024-07-10 15:00:00+00:00,2024-07-10,08ed8274-e29f-4248-bc2e-83cc8ed18d75,08ed8274-e29f-4248-bc2e-83cc8ed18d75,a015b02d-845c-40c1-8ef4-844984f47e4d,a015b02d-845c-40c1-8ef4-844984f47e4d,0,0,7.726526627898446,0.46360599611239905,0.13651252810640616,0.18846999402201595,0.19913914129084742,958e3a1b-207d-4d7e-86bd-751c58cd56ce,2024-07-06 17:00:00+00:00,-4.815852300562398,0.4788732394366197,0.1249375312343828,0.19047619047619047,0.22535211267605634,8.941173928224941,0.5175438596491229,0.13691128148959472,0.034482758620689655,0.2807017543859649,73.04,77.04,97.20700985761226,88.26583592938732,game_summary__2acabf5b-f2ba-4c79-b340-fa9cd3861b0e__20260227T230030Z.json
2024,2acabf5b-f2ba-4c79-b340-fa9cd3861b0e,2024-07-10 15:00:00+00:00,2024-07-10,a015b02d-845c-40c1-8ef4-844984f47e4d,a015b02d-845c-40c1-8ef4-844984f47e4d,08ed8274-e29f-4248-bc2e-83cc8ed18d75,08ed8274-e29f-4248-bc2e-83cc8ed18d75,1,0,6.567174717717291,0.42584338691466495,0.1491335164236018,0.24328249921890807,0.2872676543113981,4a80e29e-39df-4150-bbb8-797d1311f4ac,2024-07-07 17:00:00+00:00,19.81083192906692,0.515625,0.12791358726549176,0.3333333333333333,0.296875,-8.941173928224941,0.40298507462686567,0.12980269989615784,0.1794871794871795,0.23880597014925373,77.04,73.04,88.26583592938732,97.20700985761226,game_summary__2acabf5b-f2ba-4c79-b340-fa9cd3861b0e__20260227T230030Z.json
2024,6638913f-5f5f-477d-a932-ecab71a8f1e2,2024-07-10 16:00:00+00:00,2024-07-10,3c409388-ab73-4c7f-953d-3a71062240f6,3c409388-ab73-4c7f-953d-3a71062240f6,5d70a9af-8c2b-4aec-9e68-9acc6ddb93e4,5d70a9af-8c2b-4aec-9e68-9acc6ddb93e4,1,0,-1.8264881724916135,0.39332098414940286,0.13972676802547634,0.2575964497244426,0.23021301179750184,02e1670e-07a0-422f-9b9c-5ad2edf1c445,2024-07-07 22:00:00+00:00,-17.271408261087075,0.391025641025641,0.1524390243902439,0.275,0.15384615384615385,15.020106809648425,0.47297297297297297,0.13297872340425532,0.20512820512820512,0.17567567567567569,82.72,87.04,94.29400386847195,79.27389705882352,game_summary__6638913f-5f5f-477d-a932-ecab71a8f1e2__20260227T230032Z.json
2024,6638913f-5f5f-477d-a932-ecab71a8f1e2,2024-07-10 16:00:00+00:00,2024-07-10,5d70a9af-8c2b-4aec-9e68-9acc6ddb93e4,5d70a9af-8c2b-4aec-9e68-9acc6ddb93e4,3c409388-ab73-4c7f-953d-3a71062240f6,3c409388-ab73-4c7f-953d-3a71062240f6,0,0,-7.208859427983949,0.3994347970427711,0.16471785492612465,0.20610460822172236,0.27130488807402264,4a80e29e-39df-4150-bbb8-797d1311f4ac,2024-07-07 17:00:00+00:00,-19.81083192906692,0.4406779661016949,0.18217488789237668,0.2647058823529412,0.3220338983050847,-15.020106809648425,0.42028985507246375,0.1838235294117647,0.125,0.2318840579710145,87.04,82.72,79.27389705882352,94.29400386847195,game_summary__6638913f-5f5f-477d-a932-ecab71a8f1e2__20260227T230032Z.json
2024,b1b22b4a-b252-4d91-8e9d-62bbec136822,2024-07-10 16:00:00+00:00,2024-07-10,5c0d47fe-8539-47b0-9f36-d0b3609ca89b,5c0d47fe-8539-47b0-9f36-d0b3609ca89b,f073a15f-0486-4179-b0a3-dfd0294eb595,f073a15f-0486-4179-b0a3-dfd0294eb595,0,0,-4.891531175730259,0.45659380092448404,0.16995271237221599,0.16909708634406395,0.2042338145118266,d136d18d-5bae-4072-b9e4-58f082f0a971,2024-07-07 00:00:00+00:00,-9.697717237804113,0.475,0.23160061760164694,0.1935483870967742,0.21666666666666667,2.4648502621582224,0.4866666666666667,0.17905102954341987,0.2702702702702703,0.25333333333333335,89.36,86.48,99.59713518352731,97.13228492136909,game_summary__b1b22b4a-b252-4d91-8e9d-62bbec136822__20260227T230033Z.json
2024,b1b22b4a-b252-4d91-8e9d-62bbec136822,2024-07-10 16:00:00+00:00,2024-07-10,f073a15f-0486-4179-b0a3-dfd0294eb595,f073a15f-0486-4179-b0a3-dfd0294eb595,5c0d47fe-8539-47b0-9f36-d0b3609ca89b,5c0d47fe-8539-47b0-9f36-d0b3609ca89b,1,0,-3.5435413848186625,0.4561382053886246,0.16214161336367214,0.21257782744836906,0.23566091029768627,958e3a1b-207d-4d7e-86bd-751c58cd56ce,2024-07-06 17:00:00+00:00,4.815852300562398,0.5298507462686567,0.18482010842779695,0.23333333333333334,0.208955223880597,-2.4648502621582224,0.603448275862069,0.26595744680851063,0.08695652173913043,0.29310344827586204,86.48,89.36,97.13228492136909,99.59713518352731,game_summary__b1b22b4a-b252-4d91-8e9d-62bbec136822__20260227T230033Z.json
2024,99d3a0e3-3753-49d4-b08e-9885783a4e9e,2024-07-10 19:00:00+00:00,2024-07-10,171b097d-01db-4ae8-9d56-035689402ec6,FR_LVA_ACES,d6a012ed-84aa-48d3-8265-2d3f3ff2199a,d6a012ed-84aa-48d3-8265-2d3f3ff2199a,0,0,8.880726996036357,0.4690416738210542,0.12628460508098224,0.15670049147161783,0.25276516886935785,3f4e0e56-e37e-4e4a-b7dc-9e4c9ffa9dc4,2024-07-07 19:30:00+00:00,18.54026088920162,0.5432098765432098,0.10185604345857854,0.2631578947368421,0.2345679012345679,8.293736126526085,0.4642857142857143,0.1179245283018868,0.11764705882352941,0.2857142857142857,84.8,87.04,99.05660377358491,90.76286764705883,game_summary__99d3a0e3-3753-49d4-b08e-9885783a4e9e__20260227T230035Z.json
2024,99d3a0e3-3753-49d4-b08e-9885783a4e9e,2024-07-10 19:00:00+00:00,2024-07-10,d6a012ed-84aa-48d3-8265-2d3f3ff2199a,d6a012ed-84aa-48d3-8265-2d3f3ff2199a,171b097d-01db-4ae8-9d56-035689402ec6,FR_LVA_ACES,1,0,7.813564454065935,0.4246347171478298,0.13878678187127655,0.21773876965997147,0.2661471124431857,02e1670e-07a0-422f-9b9c-5ad2edf1c445,2024-07-07 22:00:00+00:00,17.271408261087075,0.463768115942029,0.13164193393968407,0.20588235294117646,0.34782608695652173,-8.293736126526085,0.42207792207792205,0.14935661764705882,0.22727272727272727,0.2077922077922078,87.04,84.8,90.76286764705883,99.05660377358491,game_summary__99d3a0e3-3753-49d4-b08e-9885783a4e9e__20260227T230035Z.json
2024,221088fa-34fe-466c-b2df-1e408c980eda,2024-07-10 19:30:00+00:00,2024-07-10,0699edf3-5993-4182-b9b4-ec935cbd4fcc,0699edf3-5993-4182-b9b4-ec935cbd4fcc,5f0b5caf-708b-4300-92f2-53b51d83ec06,5f0b5caf-708b-4300-92f2-53b51d83ec06,1,0,-1.111751962406961,0.44614847210022096,0.14635604968441943,0.17297773278393885,0.2612782075643626,79bfce63-6494-4629-a9e3-31a17161386c,2024-07-07 23:00:00+00:00,11.011615725199036,0.5169491525423728,0.19920318725099603,0.2692307692307692,0.4745762711864407,20.39690292702339,0.6639344262295082,0.16315261044176704,0.17391304347826086,0.36065573770491804,79.68,79.92,125.5020080321285,105.10510510510511,game_summary__221088fa-34fe-466c-b2df-1e408c980eda__20260227T230037Z.json
2024,221088fa-34fe-466c-b2df-1e408c980eda,2024-07-10 19:30:00+00:00,2024-07-10,5f0b5caf-708b-4300-92f2-53b51d83ec06,5f0b5caf-708b-4300-92f2-53b51d83ec06,0699edf3-5993-4182-b9b4-ec935cbd4fcc,0699edf3-5993-4182-b9b4-ec935cbd4fcc,0,0,-10.580847901921276,0.43081820148652633,0.17043255226994758,0.2602279577967472,0.23507644340774672,3f4e0e56-e37e-4e4a-b7dc-9e4c9ffa9dc4,2024-07-07 19:30:00+00:00,-18.54026088920162,0.5,0.15165655622958468,0.23076923076923078,0.17105263157894737,-20.39690292702339,0.5546875,0.18768768768768768,0.28,0.28125,79.92,79.68,105.10510510510511,125.5020080321285,game_summary__221088fa-34fe-466c-b2df-1e408c980eda__20260227T230037Z.json
2024,ba3f8079-4abd-4067-a2e5-53f696b39bca,2024-07-11 23:00:00+00:00,2024-07-11,08ed8274-e29f-4248-bc2e-83cc8ed18d75,08ed8274-e29f-4248-bc2e-83cc8ed18d75,3c409388-ab73-4c7f-953d-3a71062240f6,3c409388-ab73-4c7f-953d-3a71062240f6,1,0,7.841039124584967,0.4686910602440748,0.13655012111423553,0.17395264171824767,0.2068285655865158,2acabf5b-f2ba-4c79-b340-fa9cd3861b0e,2024-07-10 15:00:00+00:00,8.941173928224941,0.5175438596491229,0.13691128148959472,0.034482758620689655,0.2807017543859649,25.1476755434539,0.5793650793650794,0.10554089709762533,0.13333333333333333,0.31746031746031744,75.8,80.08,120.05277044854881,94.90509490509491,game_summary__ba3f8079-4abd-4067-a2e5-53f696b39bca__20260227T230039Z.json
2024,ba3f8079-4abd-4067-a2e5-53f696b39bca,2024-07-11 23:00:00+00:00,2024-07-11,3c409388-ab73-4c7f-953d-3a71062240f6,3c409388-ab73-4c7f-953d-3a71062240f6,08ed8274-e29f-4248-bc2e-83cc8ed18d75,08ed8274-e29f-4248-bc2e-83cc8ed18d75,0,0,-0.23825292794539488,0.4008302817897813,0.13909058710520397,0.2526499358814043,0.2250714315871284,6638913f-5f5f-477d-a932-ecab71a8f1e2,2024-07-10 16:00:00+00:00,15.020106809648425,0.47297297297297297,0.13297872340425532,0.20512820512820512,0.17567567567567569,-25.1476755434539,0.4864864864864865,0.16233766233766234,0.2777777777777778,0.0945945945945946,80.08,75.8,94.90509490509491,120.05277044854881,game_summary__ba3f8079-4abd-4067-a2e5-53f696b39bca__20260227T230039Z.json
2024,6b65e727-a4e2-4637-acf4-f793e0dab893,2024-07-12 23:30:00+00:00,2024-07-12,0699edf3-5993-4182-b9b4-ec935cbd4fcc,0699edf3-5993-4182-b9b4-ec935cbd4fcc,f073a15f-0486-4179-b0a3-dfd0294eb595,f073a15f-0486-4179-b0a3-dfd0294eb595,0,0,0.9160052071807392,0.46668053383031904,0.14793956788559084,0.17306591044897432,0.27064715696051733,221088fa-34fe-466c-b2df-1e408c980eda,2024-07-10 19:30:00+00:00,20.39690292702339,0.6639344262295082,0.16315261044176704,0.17391304347826086,0.36065573770491804,-3.133331730012614,0.4857142857142857,0.13076557299096528,0.20588235294117646,0.32857142857142857,84.12,90.16,102.23490252020922,105.36823425022183,game_summary__6b65e727-a4e2-4637-acf4-f793e0dab893__20260227T230040Z.json
2024,6b65e727-a4e2-4637-acf4-f793e0dab893,2024-07-12 23:30:00+00:00,2024-07-12,f073a15f-0486-4179-b0a3-dfd0294eb595,f073a15f-0486-4179-b0a3-dfd0294eb595,0699edf3-5993-4182-b9b4-ec935cbd4fcc,0699edf3-5993-4182-b9b4-ec935cbd4fcc,1,0,-3.4418463383831837,0.4700260590498866,0.17192898973224008,0.20073471105571844,0.24107638229365005,b1b22b4a-b252-4d91-8e9d-62bbec136822,2024-07-10 16:00:00+00:00,-2.4648502621582224,0.603448275862069,0.26595744680851063,0.08695652173913043,0.29310344827586204,3.133331730012614,0.5185185185185185,0.19964507542147295,0.39473684210526316,0.1728395061728395,90.16,84.12,105.36823425022183,102.23490252020922,game_summary__6b65e727-a4e2-4637-acf4-f793e0dab893__20260227T230040Z.json
2024,a402fbd1-496f-4a98-a63b-2ed3bc44b7cb,2024-07-12 23:30:00+00:00,2024-07-12,171b097d-01db-4ae8-9d56-035689402ec6,FR_LVA_ACES,5d70a9af-8c2b-4aec-9e68-9acc6ddb93e4,5d70a9af-8c2b-4aec-9e68-9acc6ddb93e4,0,0,8.825387647748386,0.46859329938315325,0.12549644767577672,0.15301867694363974,0.255871490871238,99d3a0e3-3753-49d4-b08e-9885783a4e9e,2024-07-10 19:00:00+00:00,8.293736126526085,0.4642857142857143,0.1179245283018868,0.11764705882352941,0.2857142857142857,18.600409405836643,0.5,0.11837121212121211,0.07894736842105263,0.24285714285714285,84.48,86.6,99.43181818181817,80.83140877598153,game_summary__a402fbd1-496f-4a98-a63b-2ed3bc44b7cb__20260227T230042Z.json
2024,a402fbd1-496f-4a98-a63b-2ed3bc44b7cb,2024-07-12 23:30:00+00:00,2024-07-12,5d70a9af-8c2b-4aec-9e68-9acc6ddb93e4,5d70a9af-8c2b-4aec-9e68-9acc6ddb93e4,171b097d-01db-4ae8-9d56-035689402ec6,FR_LVA_ACES,1,0,-7.945275208655429,0.4014009354953741,0.16651906790839735,0.19845836294726693,0.26758843666023596,6638913f-5f5f-477d-a932-ecab71a8f1e2,2024-07-10 16:00:00+00:00,-15.020106809648425,0.42028985507246375,0.1838235294117647,0.125,0.2318840579710145,-18.600409405836643,0.38961038961038963,0.17321016166281755,0.26666666666666666,0.19480519480519481,86.6,84.48,80.83140877598153,99.43181818181817,game_summary__a402fbd1-496f-4a98-a63b-2ed3bc44b7cb__20260227T230042Z.json
2024,0b073d68-d3dd-487d-a460-b4b8111b2c1b,2024-07-13 02:00:00+00:00,2024-07-13,6f017f37-be96-4bdc-b6d3-0a0429c72e89,6f017f37-be96-4bdc-b6d3-0a0429c72e89,d6a012ed-84aa-48d3-8265-2d3f3ff2199a,d6a012ed-84aa-48d3-8265-2d3f3ff2199a,0,0,9.480572802691318,0.4539603794674921,0.15656598591288023,0.18657752331270894,0.18968449505254495,6c7dab67-056a-459e-a6c6-3a50a3e9393a,2024-07-10 02:00:00+00:00,19.899745853984513,0.5615384615384615,0.17632241813602015,0.13793103448275862,0.15384615384615385,-35.86216045835624,0.3629032258064516,0.19970044932601097,0.21621621621621623,0.3709677419354839,80.12,79.48,78.63205192211682,114.49421238047306,game_summary__0b073d68-d3dd-487d-a460-b4b8111b2c1b__20260227T230044Z.json
2024,0b073d68-d3dd-487d-a460-b4b8111b2c1b,2024-07-13 02:00:00+00:00,2024-07-13,d6a012ed-84aa-48d3-8265-2d3f3ff2199a,d6a012ed-84aa-48d3-8265-2d3f3ff2199a,6f017f37-be96-4bdc-b6d3-0a0429c72e89,6f017f37-be96-4bdc-b6d3-0a0429c72e89,1,0,6.295027176727871,0.4243936718774108,0.13978326725754958,0.2186375962487653,0.26064562586046236,99d3a0e3-3753-49d4-b08e-9885783a4e9e,2024-07-10 19:00:00+00:00,-8.293736126526085,0.42207792207792205,0.14935661764705882,0.22727272727272727,0.2077922077922078,35.86216045835624,0.528169014084507,0.13839959738298943,0.30303030303030304,0.23943661971830985,79.48,80.12,114.49421238047306,78.63205192211682,game_summary__0b073d68-d3dd-487d-a460-b4b8111b2c1b__20260227T230044Z.json
2024,5dc7cfbf-7579-4013-be14-22175dd5c7e0,2024-07-13 17:00:00+00:00,2024-07-13,08ed8274-e29f-4248-bc2e-83cc8ed18d75,08ed8274-e29f-4248-bc2e-83cc8ed18d75,3c409388-ab73-4c7f-953d-3a71062240f6,3c409388-ab73-4c7f-953d-3a71062240f6,0,0,9.472645390072753,0.47912500122798946,0.13362668509992986,0.17012320216358356,0.21725852176924249,ba3f8079-4abd-4067-a2e5-53f696b39bca,2024-07-11 23:00:00+00:00,25.1476755434539,0.5793650793650794,0.10554089709762533,0.13333333333333333,0.31746031746031744,15.1964021491128,0.5,0.06397134083930399,0.12121212121212122,0.19718309859154928,78.16,75.76,103.63357215967245,88.43717001055965,game_summary__5dc7cfbf-7579-4013-be14-22175dd5c7e0__20260227T230045Z.json
2024,5dc7cfbf-7579-4013-be14-22175dd5c7e0,2024-07-13 17:00:00+00:00,2024-07-13,3c409388-ab73-4c7f-953d-3a71062240f6,3c409388-ab73-4c7f-953d-3a71062240f6,08ed8274-e29f-4248-bc2e-83cc8ed18d75,08ed8274-e29f-4248-bc2e-83cc8ed18d75,1,0,-2.5866220174373096,0.4089056349016474,0.14128223617470143,0.2550188967403503,0.21277055349703677,ba3f8079-4abd-4067-a2e5-53f696b39bca,2024-07-11 23:00:00+00:00,-25.1476755434539,0.4864864864864865,0.16233766233766234,0.2777777777777778,0.0945945945945946,-15.1964021491128,0.45652173913043476,0.22439281942977823,0.3333333333333333,0.057971014492753624,75.76,78.16,88.43717001055965,103.63357215967245,game_summary__5dc7cfbf-7579-4013-be14-22175dd5c7e0__20260227T230045Z.json
2024,4a08105a-dd64-4f9a-a20c-2a0a9600f1bf,2024-07-13 19:30:00+00:00,2024-07-13,0a5ad38d-2fe3-43ba-894b-1ba3d5042ea9,0a5ad38d-2fe3-43ba-894b-1ba3d5042ea9,5f0b5caf-708b-4300-92f2-53b51d83ec06,5f0b5caf-708b-4300-92f2-53b51d83ec06,0,0,-10.0333666901181,0.4274939477649613,0.16219109958369926,0.18260093214867198,0.2812481256297112,6c7dab67-056a-459e-a6c6-3a50a3e9393a,2024-07-10 02:00:00+00:00,-19.899745853984513,0.4375,0.24888003982080636,0.14814814814814814,0.3392857142857143,9.100781698069142,0.5428571428571428,0.15446768060836502,0.17857142857142858,0.2,84.16,85.92,103.37452471482891,94.27374301675977,game_summary__4a08105a-dd64-4f9a-a20c-2a0a9600f1bf__20260227T230047Z.json
2024,4a08105a-dd64-4f9a-a20c-2a0a9600f1bf,2024-07-13 19:30:00+00:00,2024-07-13,5f0b5caf-708b-4300-92f2-53b51d83ec06,5f0b5caf-708b-4300-92f2-53b51d83ec06,0a5ad38d-2fe3-43ba-894b-1ba3d5042ea9,0a5ad38d-2fe3-43ba-894b-1ba3d5042ea9,1,0,-11.506269601071768,0.44249614506057694,0.1720593032097622,0.26209199348568923,0.23942951713116747,221088fa-34fe-466c-b2df-1e408c980eda,2024-07-10 19:30:00+00:00,-20.39690292702339,0.5546875,0.18768768768768768,0.28,0.28125,-9.100781698069142,0.47183098591549294,0.1978584729981378,0.29411764705882354,0.2535211267605634,85.92,84.16,94.27374301675977,103.37452471482891,game_summary__4a08105a-dd64-4f9a-a20c-2a0a9600f1bf__20260227T230047Z.json
2024,72c151d5-b10d-4eb0-82f9-facc47a5ce62,2024-07-14 17:00:00+00:00,2024-07-14,0699edf3-5993-4182-b9b4-ec935cbd4fcc,0699edf3-5993-4182-b9b4-ec935cbd4fcc,a015b02d-845c-40c1-8ef4-844984f47e4d,a015b02d-845c-40c1-8ef4-844984f47e4d,0,0,0.534248558581335,0.4684749662132494,0.14632046657697517,0.17615972439903335,0.27610804503817626,6b65e727-a4e2-4637-acf4-f793e0dab893,2024-07-12 23:30:00+00:00,-3.133331730012614,0.4857142857142857,0.13076557299096528,0.20588235294117646,0.32857142857142857,-35.797623278886135,0.45652173913043476,0.2141057934508816,0.28205128205128205,0.14492753623188406,79.4,78.24,86.90176322418135,122.69938650306749,game_summary__72c151d5-b10d-4eb0-82f9-facc47a5ce62__20260227T230049Z.json
2024,72c151d5-b10d-4eb0-82f9-facc47a5ce62,2024-07-14 17:00:00+00:00,2024-07-14,a015b02d-845c-40c1-8ef4-844984f47e4d,a015b02d-845c-40c1-8ef4-844984f47e4d,0699edf3-5993-4182-b9b4-ec935cbd4fcc,0699edf3-5993-4182-b9b4-ec935cbd4fcc,1,0,5.105104434060054,0.4236883889910599,0.14731107787460768,0.2372681102374882,0.2826988643049913,2acabf5b-f2ba-4c79-b340-fa9cd3861b0e,2024-07-10 15:00:00+00:00,-8.941173928224941,0.40298507462686567,0.12980269989615784,0.1794871794871795,0.23880597014925373,35.797623278886135,0.5384615384615384,0.08946830265848671,0.42105263157894735,0.2692307692307692,78.24,79.4,122.69938650306749,86.90176322418135,game_summary__72c151d5-b10d-4eb0-82f9-facc47a5ce62__20260227T230049Z.json
2024,69e0b2cc-8d93-499c-aca0-b9b06b17eb4d,2024-07-14 19:00:00+00:00,2024-07-14,171b097d-01db-4ae8-9d56-035689402ec6,FR_LVA_ACES,5c0d47fe-8539-47b0-9f36-d0b3609ca89b,5c0d47fe-8539-47b0-9f36-d0b3609ca89b,0,0,9.746940880841532,0.4715542080348701,0.12482470657643585,0.14603550539295257,0.2546445458284748,a402fbd1-496f-4a98-a63b-2ed3bc44b7cb,2024-07-12 23:30:00+00:00,18.600409405836643,0.5,0.11837121212121211,0.07894736842105263,0.24285714285714285,16.14415233081607,0.5428571428571428,0.14727540500736377,0.23529411764705882,0.24285714285714285,81.48,82.72,109.22925871379479,93.08510638297872,game_summary__69e0b2cc-8d93-499c-aca0-b9b06b17eb4d__20260227T230051Z.json
2024,69e0b2cc-8d93-499c-aca0-b9b06b17eb4d,2024-07-14 19:00:00+00:00,2024-07-14,5c0d47fe-8539-47b0-9f36-d0b3609ca89b,5c0d47fe-8539-47b0-9f36-d0b3609ca89b,171b097d-01db-4ae8-9d56-035689402ec6,FR_LVA_ACES,1,0,-4.1979984894891205,0.4594289605117405,0.17081046837648187,0.1786353233993805,0.20886273723272358,b1b22b4a-b252-4d91-8e9d-62bbec136822,2024-07-10 16:00:00+00:00,2.4648502621582224,0.4866666666666667,0.17905102954341987,0.2702702702702703,0.25333333333333335,-16.14415233081607,0.5072463768115942,0.15715667311411993,0.13157894736842105,0.18840579710144928,82.72,81.48,93.08510638297872,109.22925871379479,game_summary__69e0b2cc-8d93-499c-aca0-b9b06b17eb4d__20260227T230051Z.json
2024,750e6f55-89ef-4417-a0a9-8cd42b83bb5c,2024-07-14 20:00:00+00:00,2024-07-14,6f017f37-be96-4bdc-b6d3-0a0429c72e89,6f017f37-be96-4bdc-b6d3-0a0429c72e89,f073a15f-0486-4179-b0a3-dfd0294eb595,f073a15f-0486-4179-b0a3-dfd0294eb595,1,0,5.205826058580675,0.44537584467777086,0.16063254506741279,0.18937175067565898,0.20677521529901,0b073d68-d3dd-487d-a460-b4b8111b2c1b,2024-07-13 02:00:00+00:00,-35.86216045835624,0.3629032258064516,0.19970044932601097,0.21621621621621623,0.3709677419354839,-7.867471040814209,0.4642857142857143,0.1808785529715762,0.3142857142857143,0.14285714285714285,77.4,78.28,95.60723514211885,103.47470618293306,game_summary__750e6f55-89ef-4417-a0a9-8cd42b83bb5c__20260227T230053Z.json
2024,750e6f55-89ef-4417-a0a9-8cd42b83bb5c,2024-07-14 20:00:00+00:00,2024-07-14,f073a15f-0486-4179-b0a3-dfd0294eb595,f073a15f-0486-4179-b0a3-dfd0294eb595,6f017f37-be96-4bdc-b6d3-0a0429c72e89,6f017f37-be96-4bdc-b6d3-0a0429c72e89,0,0,-2.821962643282504,0.47459775043942026,0.1745419607319685,0.21902452109606288,0.23464325965090232,6b65e727-a4e2-4637-acf4-f793e0dab893,2024-07-12 23:30:00+00:00,3.133331730012614,0.5185185185185185,0.19964507542147295,0.39473684210526316,0.1728395061728395,7.867471040814209,0.5,0.1660705160960654,0.30303030303030304,0.17142857142857143,78.28,77.4,103.47470618293306,95.60723514211885,game_summary__750e6f55-89ef-4417-a0a9-8cd42b83bb5c__20260227T230053Z.json
2024,83850bee-ba6a-445e-9465-9e22214db61e,2024-07-14 22:00:00+00:00,2024-07-14,5d70a9af-8c2b-4aec-9e68-9acc6ddb93e4,5d70a9af-8c2b-4aec-9e68-9acc6ddb93e4,d6a012ed-84aa-48d3-8265-2d3f3ff2199a,d6a012ed-84aa-48d3-8265-2d3f3ff2199a,0,0,-8.949802217542015,0.40028936603300946,0.16714987970963074,0.20488879188870648,0.26072669931514886,a402fbd1-496f-4a98-a63b-2ed3bc44b7cb,2024-07-12 23:30:00+00:00,-18.600409405836643,0.38961038961038963,0.17321016166281755,0.26666666666666666,0.19480519480519481,-11.651833304410346,0.4041095890410959,0.20334928229665072,0.34210526315789475,0.2054794520547945,83.6,84.92,83.73205741626795,95.3838907206783,game_summary__83850bee-ba6a-445e-9465-9e22214db61e__20260227T230054Z.json
2024,83850bee-ba6a-445e-9465-9e22214db61e,2024-07-14 22:00:00+00:00,2024-07-14,d6a012ed-84aa-48d3-8265-2d3f3ff2199a,d6a012ed-84aa-48d3-8265-2d3f3ff2199a,5d70a9af-8c2b-4aec-9e68-9acc6ddb93e4,5d70a9af-8c2b-4aec-9e68-9acc6ddb93e4,1,0,9.082508160740485,0.43417723088045496,0.13965281993190762,0.22659383140697925,0.25864611847677593,0b073d68-d3dd-487d-a460-b4b8111b2c1b,2024-07-13 02:00:00+00:00,35.86216045835624,0.528169014084507,0.13839959738298943,0.30303030303030304,0.23943661971830985,11.651833304410346,0.43333333333333335,0.1413094677343382,0.2777777777777778,0.24,84.92,83.6,95.3838907206783,83.73205741626795,game_summary__83850bee-ba6a-445e-9465-9e22214db61e__20260227T230054Z.json
2024,1362719d-e203-4675-8dd0-b541018a722d,2024-07-16 15:30:00+00:00,2024-07-16,0699edf3-5993-4182-b9b4-ec935cbd4fcc,0699edf3-5993-4182-b9b4-ec935cbd4fcc,5c0d47fe-8539-47b0-9f36-d0b3609ca89b,5c0d47fe-8539-47b0-9f36-d0b3609ca89b,0,0,-2.890987188688461,0.46734805976366023,0.1527110188113204,0.18614279243987464,0.26374082734792276,72c151d5-b10d-4eb0-82f9-facc47a5ce62,2024-07-14 17:00:00+00:00,-35.797623278886135,0.45652173913043476,0.2141057934508816,0.28205128205128205,0.14492753623188406,19.11385247519101,0.6,0.11651993785603315,0.1935483870967742,0.3230769230769231,77.24,82.72,124.28793371310203,105.17408123791103,game_summary__1362719d-e203-4675-8dd0-b541018a722d__20260227T230056Z.json
2024,1362719d-e203-4675-8dd0-b541018a722d,2024-07-16 15:30:00+00:00,2024-07-16,5c0d47fe-8539-47b0-9f36-d0b3609ca89b,5c0d47fe-8539-47b0-9f36-d0b3609ca89b,0699edf3-5993-4182-b9b4-ec935cbd4fcc,0699edf3-5993-4182-b9b4-ec935cbd4fcc,1,0,-5.32423809978908,0.46393701130485804,0.16952323859025556,0.17419902069416193,0.20693413187677442,69e0b2cc-8d93-499c-aca0-b9b06b17eb4d,2024-07-14 19:00:00+00:00,-16.14415233081607,0.5072463768115942,0.15715667311411993,0.13157894736842105,0.18840579710144928,-19.11385247519101,0.5277777777777778,0.15715667311411993,0.24242424242424243,0.18055555555555555,82.72,77.24,105.17408123791103,124.28793371310203,game_summary__1362719d-e203-4675-8dd0-b541018a722d__20260227T230056Z.json
2024,28201bfc-b2bb-4131-b1c7-052d716f7d53,2024-07-16 19:30:00+00:00,2024-07-16,0a5ad38d-2fe3-43ba-894b-1ba3d5042ea9,0a5ad38d-2fe3-43ba-894b-1ba3d5042ea9,d6a012ed-84aa-48d3-8265-2d3f3ff2199a,d6a012ed-84aa-48d3-8265-2d3f3ff2199a,1,0,-8.229469292649133,0.4383699670770602,0.16146296394335014,0.182221045316574,0.2735883500599162,4a08105a-dd64-4f9a-a20c-2a0a9600f1bf,2024-07-13 19:30:00+00:00,9.100781698069142,0.5428571428571428,0.15446768060836502,0.17857142857142858,0.2,-8.895873312784005,0.4782608695652174,0.1935171746492501,0.34285714285714286,0.3188405797101449,82.68,81.44,100.3870343492985,109.28290766208251,game_summary__28201bfc-b2bb-4131-b1c7-052d716f7d53__20260227T230058Z.json
2024,28201bfc-b2bb-4131-b1c7-052d716f7d53,2024-07-16 19:30:00+00:00,2024-07-16,d6a012ed-84aa-48d3-8265-2d3f3ff2199a,d6a012ed-84aa-48d3-8265-2d3f3ff2199a,0a5ad38d-2fe3-43ba-894b-1ba3d5042ea9,0a5ad38d-2fe3-43ba-894b-1ba3d5042ea9,0,0,9.324734720600292,0.4340976713119757,0.13980900261632603,0.23141926631933085,0.2568882307510844,83850bee-ba6a-445e-9465-9e22214db61e,2024-07-14 22:00:00+00:00,11.651833304410346,0.43333333333333335,0.1413094677343382,0.2777777777777778,0.24,8.895873312784005,0.5073529411764706,0.1719056974459725,0.32432432432432434,0.38235294117647056,81.44,82.68,109.28290766208251,100.3870343492985,game_summary__28201bfc-b2bb-4131-b1c7-052d716f7d53__20260227T230058Z.json
2024,50201dd2-03f2-4bab-be9c-a35d34af86f8,2024-07-16 23:00:00+00:00,2024-07-16,08ed8274-e29f-4248-bc2e-83cc8ed18d75,08ed8274-e29f-4248-bc2e-83cc8ed18d75,a015b02d-845c-40c1-8ef4-844984f47e4d,a015b02d-845c-40c1-8ef4-844984f47e4d,1,0,10.012260203959746,0.48109301962071005,0.12705983447860195,0.16551204467458824,0.2153658844336981,5dc7cfbf-7579-4013-be14-22175dd5c7e0,2024-07-13 17:00:00+00:00,15.1964021491128,0.5,0.06397134083930399,0.12121212121212122,0.19718309859154928,8.436362948137429,0.5338983050847458,0.2536231884057971,0.20689655172413793,0.3389830508474576,82.8,81.68,99.03381642512078,90.59745347698335,game_summary__50201dd2-03f2-4bab-be9c-a35d34af86f8__20260227T230100Z.json
2024,50201dd2-03f2-4bab-be9c-a35d34af86f8,2024-07-16 23:00:00+00:00,2024-07-16,a015b02d-845c-40c1-8ef4-844984f47e4d,a015b02d-845c-40c1-8ef4-844984f47e4d,08ed8274-e29f-4248-bc2e-83cc8ed18d75,08ed8274-e29f-4248-bc2e-83cc8ed18d75,0,0,7.9986826452612485,0.43450878096402756,0.14185787297842528,0.2545946414745728,0.28142914165204835,72c151d5-b10d-4eb0-82f9-facc47a5ce62,2024-07-14 17:00:00+00:00,35.797623278886135,0.5384615384615384,0.08946830265848671,0.42105263157894735,0.2692307692307692,-8.436362948137429,0.4393939393939394,0.17140058765915767,0.25,0.3333333333333333,81.68,82.8,90.59745347698335,99.03381642512078,game_summary__50201dd2-03f2-4bab-be9c-a35d34af86f8__20260227T230100Z.json
2024,b52a7253-bff6-4aa9-8ed8-7a42aa65af55,2024-07-17 02:00:00+00:00,2024-07-17,171b097d-01db-4ae8-9d56-035689402ec6,FR_LVA_ACES,3c409388-ab73-4c7f-953d-3a71062240f6,3c409388-ab73-4c7f-953d-3a71062240f6,1,0,10.35004653527411,0.4782763874571434,0.1269412761592198,0.15445048028915845,0.25353327266849285,69e0b2cc-8d93-499c-aca0-b9b06b17eb4d,2024-07-14 19:00:00+00:00,16.14415233081607,0.5428571428571428,0.14727540500736377,0.23529411764705882,0.24285714285714285,-5.665098696221833,0.5075757575757576,0.15172735760971054,0.0967741935483871,0.3333333333333333,85.68,88.68,99.2063492063492,104.87144790257103,game_summary__b52a7253-bff6-4aa9-8ed8-7a42aa65af55__20260227T230101Z.json
2024,b52a7253-bff6-4aa9-8ed8-7a42aa65af55,2024-07-17 02:00:00+00:00,2024-07-17,3c409388-ab73-4c7f-953d-3a71062240f6,3c409388-ab73-4c7f-953d-3a71062240f6,171b097d-01db-4ae8-9d56-035689402ec6,FR_LVA_ACES,0,0,-3.7754258826894667,0.4133947067303654,0.14911759742487957,0.2624020948575733,0.1981766201860765,5dc7cfbf-7579-4013-be14-22175dd5c7e0,2024-07-13 17:00:00+00:00,-15.1964021491128,0.45652173913043476,0.22439281942977823,0.3333333333333333,0.057971014492753624,5.665098696221833,0.5138888888888888,0.15787099684258005,0.23333333333333334,0.3055555555555556,88.68,85.68,104.87144790257103,99.2063492063492,game_summary__b52a7253-bff6-4aa9-8ed8-7a42aa65af55__20260227T230101Z.json
2024,27d97876-adbd-44d1-b315-df0559ef95bb,2024-07-17 17:00:00+00:00,2024-07-17,5d70a9af-8c2b-4aec-9e68-9acc6ddb93e4,5d70a9af-8c2b-4aec-9e68-9acc6ddb93e4,6f017f37-be96-4bdc-b6d3-0a0429c72e89,6f017f37-be96-4bdc-b6d3-0a0429c72e89,0,0,-9.204539807456975,0.40064952265990655,0.17056262674137065,0.21782505800260246,0.2555181912839367,83850bee-ba6a-445e-9465-9e22214db61e,2024-07-14 22:00:00+00:00,-11.651833304410346,0.4041095890410959,0.20334928229665072,0.34210526315789475,0.2054794520547945,-5.010233975647623,0.5338983050847458,0.21186440677966104,0.19230769230769232,0.3559322033898305,80.24,83.12,98.45463609172484,103.46487006737246,game_summary__27d97876-adbd-44d1-b315-df0559ef95bb__20260227T230103Z.json
2024,27d97876-adbd-44d1-b315-df0559ef95bb,2024-07-17 17:00:00+00:00,2024-07-17,6f017f37-be96-4bdc-b6d3-0a0429c72e89,6f017f37-be96-4bdc-b6d3-0a0429c72e89,5d70a9af-8c2b-4aec-9e68-9acc6ddb93e4,5d70a9af-8c2b-4aec-9e68-9acc6ddb93e4,1,0,3.973323512060428,0.4471585978936551,0.16254126450590128,0.20114818144708668,0.2007492536418766,750e6f55-89ef-4417-a0a9-8cd42b83bb5c,2024-07-14 20:00:00+00:00,-7.867471040814209,0.4642857142857143,0.1808785529715762,0.3142857142857143,0.14285714285714285,5.010233975647623,0.46,0.10827718960538979,0.28205128205128205,0.30666666666666664,83.12,80.24,103.46487006737246,98.45463609172484,game_summary__27d97876-adbd-44d1-b315-df0559ef95bb__20260227T230103Z.json
2024,376c6a86-b6ee-470b-b6ba-81eb7ee7ec78,2024-07-17 23:30:00+00:00,2024-07-17,5f0b5caf-708b-4300-92f2-53b51d83ec06,5f0b5caf-708b-4300-92f2-53b51d83ec06,f073a15f-0486-4179-b0a3-dfd0294eb595,f073a15f-0486-4179-b0a3-dfd0294eb595,1,0,-11.27948901591918,0.4452617263657799,0.17449155440244357,0.26511125475411784,0.24075802245165037,4a08105a-dd64-4f9a-a20c-2a0a9600f1bf,2024-07-13 19:30:00+00:00,-9.100781698069142,0.47183098591549294,0.1978584729981378,0.29411764705882354,0.2535211267605634,7.2752314467714,0.5723684210526315,0.12370670265407108,0.1875,0.23684210526315788,88.92,87.48,113.58524516419253,106.31001371742113,game_summary__376c6a86-b6ee-470b-b6ba-81eb7ee7ec78__20260227T230105Z.json
2024,376c6a86-b6ee-470b-b6ba-81eb7ee7ec78,2024-07-17 23:30:00+00:00,2024-07-17,f073a15f-0486-4179-b0a3-dfd0294eb595,f073a15f-0486-4179-b0a3-dfd0294eb595,5f0b5caf-708b-4300-92f2-53b51d83ec06,5f0b5caf-708b-4300-92f2-53b51d83ec06,0,0,-1.8142020044518974,0.4769925814474455,0.17374330397330437,0.22694427839746834,0.2286836104806014,750e6f55-89ef-4417-a0a9-8cd42b83bb5c,2024-07-14 20:00:00+00:00,7.867471040814209,0.5,0.1660705160960654,0.30303030303030304,0.17142857142857143,-7.2752314467714,0.5774647887323944,0.20576131687242796,0.28125,0.23943661971830985,87.48,88.92,106.31001371742113,113.58524516419253,game_summary__376c6a86-b6ee-470b-b6ba-81eb7ee7ec78__20260227T230105Z.json
2024,6c1ec0b9-d505-43c4-a723-96a565de0ed9,2024-08-16 00:00:00+00:00,2024-08-16,0699edf3-5993-4182-b9b4-ec935cbd4fcc,0699edf3-5993-4182-b9b4-ec935cbd4fcc,3c409388-ab73-4c7f-953d-3a71062240f6,3c409388-ab73-4c7f-953d-3a71062240f6,0,0,-0.8164515367176577,0.47985399861742556,0.1492990563125276,0.18684096476807394,0.26933481703013895,1362719d-e203-4675-8dd0-b541018a722d,2024-07-16 15:30:00+00:00,19.11385247519101,0.6,0.11651993785603315,0.1935483870967742,0.3230769230769231,32.971846867923105,0.6610169491525424,0.1809576837416481,0.21739130434782608,0.1864406779661017,71.84,76.16,118.31848552338529,85.34663865546219,game_summary__6c1ec0b9-d505-43c4-a723-96a565de0ed9__20260227T230108Z.json
2024,6c1ec0b9-d505-43c4-a723-96a565de0ed9,2024-08-16 00:00:00+00:00,2024-08-16,3c409388-ab73-4c7f-953d-3a71062240f6,3c409388-ab73-4c7f-953d-3a71062240f6,0699edf3-5993-4182-b9b4-ec935cbd4fcc,0699edf3-5993-4182-b9b4-ec935cbd4fcc,1,0,-2.885407817963184,0.4228689299870665,0.14994283584721482,0.25966159853668164,0.20829991274795379,b52a7253-bff6-4aa9-8ed8-7a42aa65af55,2024-07-17 02:00:00+00:00,5.665098696221833,0.5138888888888888,0.15787099684258005,0.23333333333333334,0.3055555555555556,-32.971846867923105,0.3972602739726027,0.15756302521008403,0.3409090909090909,0.1917808219178082,76.16,71.84,85.34663865546219,118.31848552338529,game_summary__6c1ec0b9-d505-43c4-a723-96a565de0ed9__20260227T230108Z.json
2024,99af3774-4573-4f24-9534-8b524daf137e,2024-08-16 00:00:00+00:00,2024-08-16,5c0d47fe-8539-47b0-9f36-d0b3609ca89b,5c0d47fe-8539-47b0-9f36-d0b3609ca89b,6f017f37-be96-4bdc-b6d3-0a0429c72e89,6f017f37-be96-4bdc-b6d3-0a0429c72e89,0,0,-6.6242724143157306,0.4699556848385086,0.16835736411152502,0.18063104460365642,0.20444725635927502,1362719d-e203-4675-8dd0-b541018a722d,2024-07-16 15:30:00+00:00,-19.11385247519101,0.5277777777777778,0.15715667311411993,0.24242424242424243,0.18055555555555555,-9.74436604450652,0.4296875,0.18744142455482662,0.07692307692307693,0.296875,85.36,88.36,79.66260543580131,89.40697148030783,game_summary__99af3774-4573-4f24-9534-8b524daf137e__20260227T230110Z.json
2024,99af3774-4573-4f24-9534-8b524daf137e,2024-08-16 00:00:00+00:00,2024-08-16,6f017f37-be96-4bdc-b6d3-0a0429c72e89,6f017f37-be96-4bdc-b6d3-0a0429c72e89,5c0d47fe-8539-47b0-9f36-d0b3609ca89b,5c0d47fe-8539-47b0-9f36-d0b3609ca89b,1,0,4.071079631053842,0.44836923822995506,0.15742544636217215,0.20877542932173873,0.21073475923250015,27d97876-adbd-44d1-b315-df0559ef95bb,2024-07-17 17:00:00+00:00,5.010233975647623,0.46,0.10827718960538979,0.28205128205128205,0.30666666666666664,9.74436604450652,0.45714285714285713,0.15844273426889996,0.12121212121212122,0.2714285714285714,88.36,85.36,89.40697148030783,79.66260543580131,game_summary__99af3774-4573-4f24-9534-8b524daf137e__20260227T230110Z.json
2024,b5a82e97-91fb-4c80-872a-6a186833a30d,2024-08-16 01:00:00+00:00,2024-08-16,08ed8274-e29f-4248-bc2e-83cc8ed18d75,08ed8274-e29f-4248-bc2e-83cc8ed18d75,0a5ad38d-2fe3-43ba-894b-1ba3d5042ea9,0a5ad38d-2fe3-43ba-894b-1ba3d5042ea9,0,0,9.863690385184254,0.4860713084417577,0.1389917637253282,0.1694136243554643,0.2270200579172662,50201dd2-03f2-4bab-be9c-a35d34af86f8,2024-07-16 23:00:00+00:00,8.436362948137429,0.5338983050847458,0.2536231884057971,0.20689655172413793,0.3389830508474576,39.51898347654806,0.636986301369863,0.17297047970479704,0.2413793103448276,0.1780821917808219,86.72,85.8,118.77306273062732,79.25407925407926,game_summary__b5a82e97-91fb-4c80-872a-6a186833a30d__20260227T230112Z.json
2024,b5a82e97-91fb-4c80-872a-6a186833a30d,2024-08-16 01:00:00+00:00,2024-08-16,0a5ad38d-2fe3-43ba-894b-1ba3d5042ea9,0a5ad38d-2fe3-43ba-894b-1ba3d5042ea9,08ed8274-e29f-4248-bc2e-83cc8ed18d75,08ed8274-e29f-4248-bc2e-83cc8ed18d75,1,0,-8.29229542178725,0.4421307351928495,0.16448491747361504,0.19736522797964448,0.277854564455228,28201bfc-b2bb-4131-b1c7-052d716f7d53,2024-07-16 19:30:00+00:00,-8.895873312784005,0.4782608695652174,0.1935171746492501,0.34285714285714286,0.3188405797101449,-39.51898347654806,0.40625,0.23310023310023312,0.18421052631578946,0.3125,85.8,86.72,79.25407925407926,118.77306273062732,game_summary__b5a82e97-91fb-4c80-872a-6a186833a30d__20260227T230112Z.json
2024,5a4d26e2-202f-4bc6-9cc1-40fd0f8c0f35,2024-08-16 23:30:00+00:00,2024-08-16,0699edf3-5993-4182-b9b4-ec935cbd4fcc,0699edf3-5993-4182-b9b4-ec935cbd4fcc,f073a15f-0486-4179-b0a3-dfd0294eb595,f073a15f-0486-4179-b0a3-dfd0294eb595,0,0,2.36898542762956,0.49693337776501545,0.15228371570097926,0.1897211388391463,0.26151986134518335,6c1ec0b9-d505-43c4-a723-96a565de0ed9,2024-08-16 00:00:00+00:00,32.971846867923105,0.6610169491525424,0.1809576837416481,0.21739130434782608,0.1864406779661017,-5.197014970421321,0.5333333333333333,0.13695219123505978,0.08823529411764706,0.4666666666666667,80.32,84.48,110.80677290836654,116.00378787878786,game_summary__5a4d26e2-202f-4bc6-9cc1-40fd0f8c0f35__20260227T230113Z.json
2024,5a4d26e2-202f-4bc6-9cc1-40fd0f8c0f35,2024-08-16 23:30:00+00:00,2024-08-16,f073a15f-0486-4179-b0a3-dfd0294eb595,f073a15f-0486-4179-b0a3-dfd0294eb595,0699edf3-5993-4182-b9b4-ec935cbd4fcc,0699edf3-5993-4182-b9b4-ec935cbd4fcc,1,0,-2.329047849620701,0.48646473299358767,0.1767618449069847,0.2320640228396594,0.2296973647896689,376c6a86-b6ee-470b-b6ba-81eb7ee7ec78,2024-07-17 23:30:00+00:00,-7.2752314467714,0.5774647887323944,0.20576131687242796,0.28125,0.23943661971830985,5.197014970421321,0.5540540540540541,0.13020833333333331,0.2222222222222222,0.22972972972972974,84.48,80.32,116.00378787878786,110.80677290836654,game_summary__5a4d26e2-202f-4bc6-9cc1-40fd0f8c0f35__20260227T230113Z.json
2024,fef1adf2-47eb-4ca8-aa64-32cc136203b7,2024-08-16 23:30:00+00:00,2024-08-16,5d70a9af-8c2b-4aec-9e68-9acc6ddb93e4,5d70a9af-8c2b-4aec-9e68-9acc6ddb93e4,d6a012ed-84aa-48d3-8265-2d3f3ff2199a,d6a012ed-84aa-48d3-8265-2d3f3ff2199a,1,0,-8.809116022677463,0.41321172960821634,0.1744564072227588,0.21541937426724844,0.2649848564018401,27d97876-adbd-44d1-b315-df0559ef95bb,2024-07-17 17:00:00+00:00,-5.010233975647623,0.5338983050847458,0.21186440677966104,0.19230769230769232,0.3559322033898305,1.4063208727479974,0.5238095238095238,0.2377555872563005,0.3,0.36507936507936506,84.12,83.28,98.66856871136471,97.26224783861672,game_summary__fef1adf2-47eb-4ca8-aa64-32cc136203b7__20260227T230115Z.json
2024,fef1adf2-47eb-4ca8-aa64-32cc136203b7,2024-08-16 23:30:00+00:00,2024-08-16,d6a012ed-84aa-48d3-8265-2d3f3ff2199a,d6a012ed-84aa-48d3-8265-2d3f3ff2199a,5d70a9af-8c2b-4aec-9e68-9acc6ddb93e4,5d70a9af-8c2b-4aec-9e68-9acc6ddb93e4,0,0,9.284303238532749,0.4410039097281589,0.14283496139410473,0.24017801475939082,0.26871658391417985,28201bfc-b2bb-4131-b1c7-052d716f7d53,2024-07-16 19:30:00+00:00,8.895873312784005,0.5073529411764706,0.1719056974459725,0.32432432432432434,0.38235294117647056,-1.4063208727479974,0.5,0.16810758885686838,0.17647058823529413,0.17142857142857143,83.28,84.12,97.26224783861672,98.66856871136471,game_summary__fef1adf2-47eb-4ca8-aa64-32cc136203b7__20260227T230115Z.json
2024,d3e9117d-edbe-4612-8f61-3954d1322419,2024-08-17 01:30:00+00:00,2024-08-17,5f0b5caf-708b-4300-92f2-53b51d83ec06,5f0b5caf-708b-4300-92f2-53b51d83ec06,a015b02d-845c-40c1-8ef4-844984f47e4d,a015b02d-845c-40c1-8ef4-844984f47e4d,1,0,-9.530217960089203,0.45724487978838263,0.16970374466870627,0.2577943500440192,0.24038884412807332,376c6a86-b6ee-470b-b6ba-81eb7ee7ec78,2024-07-17 23:30:00+00:00,7.2752314467714,0.5723684210526315,0.12370670265407108,0.1875,0.23684210526315788,-14.966406103371412,0.5151515151515151,0.24395910780669144,0.39473684210526316,0.48484848484848486,86.08,90.32,105.71561338289963,120.68201948627105,game_summary__d3e9117d-edbe-4612-8f61-3954d1322419__20260227T230117Z.json
2024,d3e9117d-edbe-4612-8f61-3954d1322419,2024-08-17 01:30:00+00:00,2024-08-17,a015b02d-845c-40c1-8ef4-844984f47e4d,a015b02d-845c-40c1-8ef4-844984f47e4d,5f0b5caf-708b-4300-92f2-53b51d83ec06,5f0b5caf-708b-4300-92f2-53b51d83ec06,0,0,6.449246769059994,0.4349693358002899,0.14464305186622162,0.254161475512329,0.28632247865310373,50201dd2-03f2-4bab-be9c-a35d34af86f8,2024-07-16 23:00:00+00:00,-8.436362948137429,0.4393939393939394,0.17140058765915767,0.25,0.3333333333333333,14.966406103371412,0.6590909090909091,0.16607617360496016,0.125,0.42424242424242425,90.32,86.08,120.68201948627105,105.71561338289963,game_summary__d3e9117d-edbe-4612-8f61-3954d1322419__20260227T230117Z.json
2024,37a02653-9707-4115-bd95-920c614c5e02,2024-08-17 18:00:00+00:00,2024-08-17,5c0d47fe-8539-47b0-9f36-d0b3609ca89b,5c0d47fe-8539-47b0-9f36-d0b3609ca89b,6f017f37-be96-4bdc-b6d3-0a0429c72e89,6f017f37-be96-4bdc-b6d3-0a0429c72e89,1,0,-6.918423408923643,0.46615934792519026,0.1701565394010856,0.17085383742409418,0.21316100535007756,99af3774-4573-4f24-9534-8b524daf137e,2024-08-16 00:00:00+00:00,-9.74436604450652,0.4296875,0.18744142455482662,0.07692307692307693,0.296875,-22.66912206138805,0.5583333333333333,0.21655437921077958,0.1724137931034483,0.38333333333333336,83.12,80.8,99.85563041385947,122.52475247524752,game_summary__37a02653-9707-4115-bd95-920c614c5e02__20260227T230118Z.json
2024,37a02653-9707-4115-bd95-920c614c5e02,2024-08-17 18:00:00+00:00,2024-08-17,6f017f37-be96-4bdc-b6d3-0a0429c72e89,6f017f37-be96-4bdc-b6d3-0a0429c72e89,5c0d47fe-8539-47b0-9f36-d0b3609ca89b,5c0d47fe-8539-47b0-9f36-d0b3609ca89b,0,0,4.605936285695524,0.4491963828722083,0.1575213525384071,0.20052028148823345,0.21645674944820037,99af3774-4573-4f24-9534-8b524daf137e,2024-08-16 00:00:00+00:00,9.74436604450652,0.45714285714285713,0.15844273426889996,0.12121212121212122,0.2714285714285714,22.66912206138805,0.6640625,0.18564356435643564,0.25925925925925924,0.3125,80.8,83.12,122.52475247524752,99.85563041385947,game_summary__37a02653-9707-4115-bd95-920c614c5e02__20260227T230118Z.json
2024,52c81f17-ea92-4c79-880d-686d05601968,2024-08-17 20:00:00+00:00,2024-08-17,08ed8274-e29f-4248-bc2e-83cc8ed18d75,08ed8274-e29f-4248-bc2e-83cc8ed18d75,171b097d-01db-4ae8-9d56-035689402ec6,FR_LVA_ACES,0,0,12.659482753017917,0.5002990209826579,0.14219515256088996,0.1761982855292758,0.2224063752191788,b5a82e97-91fb-4c80-872a-6a186833a30d,2024-08-16 01:00:00+00:00,39.51898347654806,0.636986301369863,0.17297047970479704,0.2413793103448276,0.1780821917808219,12.331582523859197,0.4594594594594595,0.17438963627304435,0.3170731707317073,0.16216216216216217,80.28,77.84,98.40558046836072,86.07399794450153,game_summary__52c81f17-ea92-4c79-880d-686d05601968__20260227T230120Z.json
2024,52c81f17-ea92-4c79-880d-686d05601968,2024-08-17 20:00:00+00:00,2024-08-17,171b097d-01db-4ae8-9d56-035689402ec6,FR_LVA_ACES,08ed8274-e29f-4248-bc2e-83cc8ed18d75,08ed8274-e29f-4248-bc2e-83cc8ed18d75,1,0,8.840197326567306,0.48103862471130193,0.12927801709562842,0.1490129713163743,0.26105652997949197,b52a7253-bff6-4aa9-8ed8-7a42aa65af55,2024-07-17 02:00:00+00:00,-5.665098696221833,0.5075757575757576,0.15172735760971054,0.0967741935483871,0.3333333333333333,-12.331582523859197,0.43846153846153846,0.12846865364850976,0.05714285714285714,0.16923076923076924,77.84,80.28,86.07399794450153,98.40558046836072,game_summary__52c81f17-ea92-4c79-880d-686d05601968__20260227T230120Z.json
2024,e0e17275-9ecd-4f28-8bca-50a114ced3a5,2024-08-17 21:00:00+00:00,2024-08-17,0a5ad38d-2fe3-43ba-894b-1ba3d5042ea9,0a5ad38d-2fe3-43ba-894b-1ba3d5042ea9,3c409388-ab73-4c7f-953d-3a71062240f6,3c409388-ab73-4c7f-953d-3a71062240f6,1,0,-11.236233148764134,0.4387480309553506,0.1709537180062681,0.19612505090907473,0.2811208091683701,b5a82e97-91fb-4c80-872a-6a186833a30d,2024-08-16 01:00:00+00:00,-39.51898347654806,0.40625,0.23310023310023312,0.18421052631578946,0.3125,-5.7778710859297036,0.4527027027027027,0.11704119850187267,0.25,0.35135135135135137,85.44,84.56,100.65543071161049,106.4333017975402,game_summary__e0e17275-9ecd-4f28-8bca-50a114ced3a5__20260227T230122Z.json
2024,e0e17275-9ecd-4f28-8bca-50a114ced3a5,2024-08-17 21:00:00+00:00,2024-08-17,3c409388-ab73-4c7f-953d-3a71062240f6,3c409388-ab73-4c7f-953d-3a71062240f6,0a5ad38d-2fe3-43ba-894b-1ba3d5042ea9,0a5ad38d-2fe3-43ba-894b-1ba3d5042ea9,0,0,-5.721847046940713,0.4204546397348968,0.15066123937796128,0.26732131440529855,0.20674255339479597,6c1ec0b9-d505-43c4-a723-96a565de0ed9,2024-08-16 00:00:00+00:00,-32.971846867923105,0.3972602739726027,0.15756302521008403,0.3409090909090909,0.1917808219178082,5.7778710859297036,0.5138888888888888,0.16556291390728475,0.34285714285714286,0.3333333333333333,84.56,85.44,106.4333017975402,100.65543071161049,game_summary__e0e17275-9ecd-4f28-8bca-50a114ced3a5__20260227T230122Z.json
2024,46f8057c-839b-4d4a-ba77-7a14e0bacbc6,2024-08-18 19:00:00+00:00,2024-08-18,5d70a9af-8c2b-4aec-9e68-9acc6ddb93e4,5d70a9af-8c2b-4aec-9e68-9acc6ddb93e4,a015b02d-845c-40c1-8ef4-844984f47e4d,a015b02d-845c-40c1-8ef4-844984f47e4d,1,0,-7.846042064233458,0.42363848438601015,0.18042402197142038,0.22339332573559817,0.2744213999072618,fef1adf2-47eb-4ca8-aa64-32cc136203b7,2024-08-16 23:30:00+00:00,1.4063208727479974,0.5238095238095238,0.2377555872563005,0.3,0.36507936507936506,14.923989344539677,0.4523809523809524,0.13640873015873015,0.19444444444444445,0.49206349206349204,80.64,80.68,101.68650793650794,86.76251859196826,game_summary__46f8057c-839b-4d4a-ba77-7a14e0bacbc6__20260227T230123Z.json
2024,46f8057c-839b-4d4a-ba77-7a14e0bacbc6,2024-08-18 19:00:00+00:00,2024-08-18,a015b02d-845c-40c1-8ef4-844984f47e4d,a015b02d-845c-40c1-8ef4-844984f47e4d,5d70a9af-8c2b-4aec-9e68-9acc6ddb93e4,5d70a9af-8c2b-4aec-9e68-9acc6ddb93e4,0,0,7.2522133419793375,0.45609869648953777,0.14666368804713548,0.24198460488275947,0.29932506574818624,d3e9117d-edbe-4612-8f61-3954d1322419,2024-08-17 01:30:00+00:00,14.966406103371412,0.6590909090909091,0.16607617360496016,0.125,0.42424242424242425,-14.923989344539677,0.38461538461538464,0.21070897372335148,0.2894736842105263,0.3384615384615385,80.68,80.64,86.76251859196826,101.68650793650794,game_summary__46f8057c-839b-4d4a-ba77-7a14e0bacbc6__20260227T230123Z.json
2024,b7298f7c-d6d5-4ad5-a9f8-513b0d1a5090,2024-08-18 19:30:00+00:00,2024-08-18,d6a012ed-84aa-48d3-8265-2d3f3ff2199a,d6a012ed-84aa-48d3-8265-2d3f3ff2199a,f073a15f-0486-4179-b0a3-dfd0294eb595,f073a15f-0486-4179-b0a3-dfd0294eb595,0,0,8.27643037058927,0.44656584494174384,0.14521757210571745,0.2341719120275226,0.2595446265859894,fef1adf2-47eb-4ca8-aa64-32cc136203b7,2024-08-16 23:30:00+00:00,-1.4063208727479974,0.5,0.16810758885686838,0.17647058823529413,0.17142857142857143,-23.46135191323478,0.4375,0.1394700139470014,0.1282051282051282,0.2222222222222222,86.04,83.16,87.16875871687586,110.63011063011064,game_summary__b7298f7c-d6d5-4ad5-a9f8-513b0d1a5090__20260227T230125Z.json
2024,b7298f7c-d6d5-4ad5-a9f8-513b0d1a5090,2024-08-18 19:30:00+00:00,2024-08-18,f073a15f-0486-4179-b0a3-dfd0294eb595,f073a15f-0486-4179-b0a3-dfd0294eb595,d6a012ed-84aa-48d3-8265-2d3f3ff2199a,d6a012ed-84aa-48d3-8265-2d3f3ff2199a,1,0,-1.6195182244274904,0.49283680651805883,0.17237295042017303,0.2311361739404022,0.22970041603762414,5a4d26e2-202f-4bc6-9cc1-40fd0f8c0f35,2024-08-16 23:30:00+00:00,5.197014970421321,0.5540540540540541,0.13020833333333331,0.2222222222222222,0.22972972972972974,23.46135191323478,0.5684931506849316,0.15632515632515634,0.25,0.1917808219178082,83.16,86.04,110.63011063011064,87.16875871687586,game_summary__b7298f7c-d6d5-4ad5-a9f8-513b0d1a5090__20260227T230125Z.json
2024,3c713815-e8a7-437b-8b49-d4527a53fda5,2024-08-18 22:00:00+00:00,2024-08-18,0a5ad38d-2fe3-43ba-894b-1ba3d5042ea9,0a5ad38d-2fe3-43ba-894b-1ba3d5042ea9,171b097d-01db-4ae8-9d56-035689402ec6,FR_LVA_ACES,0,0,-10.7216387743592,0.4400636262740909,0.16587104321709303,0.20120418369733573,0.28774188734214073,e0e17275-9ecd-4f28-8bca-50a114ced3a5,2024-08-17 21:00:00+00:00,-5.7778710859297036,0.4527027027027027,0.11704119850187267,0.25,0.35135135135135137,-19.168270804674677,0.45161290322580644,0.235320484087853,0.08571428571428572,0.3387096774193548,89.24,88.12,79.56073509636936,98.72900590104403,game_summary__3c713815-e8a7-437b-8b49-d4527a53fda5__20260227T230127Z.json
2024,3c713815-e8a7-437b-8b49-d4527a53fda5,2024-08-18 22:00:00+00:00,2024-08-18,171b097d-01db-4ae8-9d56-035689402ec6,FR_LVA_ACES,0a5ad38d-2fe3-43ba-894b-1ba3d5042ea9,0a5ad38d-2fe3-43ba-894b-1ba3d5042ea9,1,0,6.844199501257842,0.47702461303335464,0.12920171327555532,0.14035179358843858,0.25239953372992324,52c81f17-ea92-4c79-880d-686d05601968,2024-08-17 20:00:00+00:00,-12.331582523859197,0.43846153846153846,0.12846865364850976,0.05714285714285714,0.16923076923076924,19.168270804674677,0.5573770491803278,0.20426690876078074,0.03225806451612903,0.3770491803278688,88.12,89.24,98.72900590104403,79.56073509636936,game_summary__3c713815-e8a7-437b-8b49-d4527a53fda5__20260227T230127Z.json
2024,56449de4-6708-4090-9630-d97d1b8e3564,2024-08-19 01:00:00+00:00,2024-08-19,0699edf3-5993-4182-b9b4-ec935cbd4fcc,0699edf3-5993-4182-b9b4-ec935cbd4fcc,3c409388-ab73-4c7f-953d-3a71062240f6,3c409388-ab73-4c7f-953d-3a71062240f6,1,0,1.6556906339234996,0.500365032196953,0.15083831575308412,0.1801534252697212,0.2808603504388585,5a4d26e2-202f-4bc6-9cc1-40fd0f8c0f35,2024-08-16 23:30:00+00:00,-5.197014970421321,0.5333333333333333,0.13695219123505978,0.08823529411764706,0.4666666666666667,27.06503599158941,0.5080645161290323,0.1416795466254508,0.25,0.5,77.64,81.24,110.76764554353427,83.70260955194486,game_summary__56449de4-6708-4090-9630-d97d1b8e3564__20260227T230129Z.json
2024,56449de4-6708-4090-9630-d97d1b8e3564,2024-08-19 01:00:00+00:00,2024-08-19,3c409388-ab73-4c7f-953d-3a71062240f6,3c409388-ab73-4c7f-953d-3a71062240f6,0699edf3-5993-4182-b9b4-ec935cbd4fcc,0699edf3-5993-4182-b9b4-ec935cbd4fcc,0,0,-4.637695759375782,0.4292632783773883,0.15206611464891776,0.2744425555285286,0.21867706826537542,e0e17275-9ecd-4f28-8bca-50a114ced3a5,2024-08-17 21:00:00+00:00,5.7778710859297036,0.5138888888888888,0.16556291390728475,0.34285714285714286,0.3333333333333333,-27.06503599158941,0.358974358974359,0.13540128015755787,0.3469387755102041,0.2692307692307692,81.24,77.64,83.70260955194486,110.76764554353427,game_summary__56449de4-6708-4090-9630-d97d1b8e3564__20260227T230129Z.json
2024,77688020-42ab-4cb0-a65d-c4715a4bdbbd,2024-08-20 23:00:00+00:00,2024-08-20,5c0d47fe-8539-47b0-9f36-d0b3609ca89b,5c0d47fe-8539-47b0-9f36-d0b3609ca89b,d6a012ed-84aa-48d3-8265-2d3f3ff2199a,d6a012ed-84aa-48d3-8265-2d3f3ff2199a,1,0,-8.40334156316141,0.47484917351966216,0.1745307577244138,0.1710009043294544,0.22920422887601954,37a02653-9707-4115-bd95-920c614c5e02,2024-08-17 18:00:00+00:00,-22.66912206138805,0.5583333333333333,0.21655437921077958,0.1724137931034483,0.38333333333333336,-6.803041590720142,0.4444444444444444,0.2434705621956618,0.2926829268292683,0.2638888888888889,90.36,90.2,85.21469676848163,92.01773835920177,game_summary__77688020-42ab-4cb0-a65d-c4715a4bdbbd__20260227T230130Z.json
2024,77688020-42ab-4cb0-a65d-c4715a4bdbbd,2024-08-20 23:00:00+00:00,2024-08-20,d6a012ed-84aa-48d3-8265-2d3f3ff2199a,d6a012ed-84aa-48d3-8265-2d3f3ff2199a,5c0d47fe-8539-47b0-9f36-d0b3609ca89b,5c0d47fe-8539-47b0-9f36-d0b3609ca89b,0,0,5.284308552480441,0.44571115030028463,0.1446757133830836,0.22418175193900855,0.2560260070617127,b7298f7c-d6d5-4ad5-a9f8-513b0d1a5090,2024-08-18 19:30:00+00:00,-23.46135191323478,0.4375,0.1394700139470014,0.1282051282051282,0.2222222222222222,6.803041590720142,0.40714285714285714,0.17738359201773835,0.23684210526315788,0.42857142857142855,90.2,90.36,92.01773835920177,85.21469676848163,game_summary__77688020-42ab-4cb0-a65d-c4715a4bdbbd__20260227T230130Z.json
2024,eb4635e3-1ec5-4fae-b647-d858e4fd2b0f,2024-08-20 23:00:00+00:00,2024-08-20,0a5ad38d-2fe3-43ba-894b-1ba3d5042ea9,0a5ad38d-2fe3-43ba-894b-1ba3d5042ea9,a015b02d-845c-40c1-8ef4-844984f47e4d,a015b02d-845c-40c1-8ef4-844984f47e4d,0,0,-11.51795629148846,0.44115244978549994,0.17241848202130874,0.19031621930095854,0.2925469438311869,3c713815-e8a7-437b-8b49-d4527a53fda5,2024-08-18 22:00:00+00:00,-19.168270804674677,0.45161290322580644,0.235320484087853,0.08571428571428572,0.3387096774193548,-11.381762518329879,0.4090909090909091,0.2606635071090047,0.23529411764705882,0.15151515151515152,84.4,82.48,72.27488151658767,83.65664403491755,game_summary__eb4635e3-1ec5-4fae-b647-d858e4fd2b0f__20260227T230132Z.json
2024,eb4635e3-1ec5-4fae-b647-d858e4fd2b0f,2024-08-20 23:00:00+00:00,2024-08-20,a015b02d-845c-40c1-8ef4-844984f47e4d,a015b02d-845c-40c1-8ef4-844984f47e4d,0a5ad38d-2fe3-43ba-894b-1ba3d5042ea9,0a5ad38d-2fe3-43ba-894b-1ba3d5042ea9,1,0,5.161522212153416,0.44935951177976224,0.15270164290186045,0.24646170126926198,0.30301470898923666,46f8057c-839b-4d4a-ba77-7a14e0bacbc6,2024-08-18 19:00:00+00:00,-14.923989344539677,0.38461538461538464,0.21070897372335148,0.2894736842105263,0.3384615384615385,11.381762518329879,0.4178082191780822,0.1454898157129001,0.22727272727272727,0.2328767123287671,82.48,84.4,83.65664403491755,72.27488151658767,game_summary__eb4635e3-1ec5-4fae-b647-d858e4fd2b0f__20260227T230132Z.json
2024,ee6a1a08-ea0d-44dc-99bd-7e5e69381799,2024-08-20 23:00:00+00:00,2024-08-20,08ed8274-e29f-4248-bc2e-83cc8ed18d75,08ed8274-e29f-4248-bc2e-83cc8ed18d75,5f0b5caf-708b-4300-92f2-53b51d83ec06,5f0b5caf-708b-4300-92f2-53b51d83ec06,1,0,12.628569520925808,0.49644881676918196,0.14523033051618722,0.18947945350340384,0.21672677156285877,52c81f17-ea92-4c79-880d-686d05601968,2024-08-17 20:00:00+00:00,12.331582523859197,0.4594594594594595,0.17438963627304435,0.3170731707317073,0.16216216216216217,20.41886637562385,0.5135135135135135,0.19415258108725444,0.42424242424242425,0.32432432432432434,87.56,85.12,107.35495660118775,86.9360902255639,game_summary__ee6a1a08-ea0d-44dc-99bd-7e5e69381799__20260227T230134Z.json
2024,ee6a1a08-ea0d-44dc-99bd-7e5e69381799,2024-08-20 23:00:00+00:00,2024-08-20,5f0b5caf-708b-4300-92f2-53b51d83ec06,5f0b5caf-708b-4300-92f2-53b51d83ec06,08ed8274-e29f-4248-bc2e-83cc8ed18d75,08ed8274-e29f-4248-bc2e-83cc8ed18d75,0,0,-10.042721858609847,0.4627041051852248,0.1767042682141085,0.2707047864021223,0.2634356032905556,d3e9117d-edbe-4612-8f61-3954d1322419,2024-08-17 01:30:00+00:00,-14.966406103371412,0.5151515151515151,0.24395910780669144,0.39473684210526316,0.48484848484848486,-20.41886637562385,0.44696969696969696,0.21146616541353383,0.21428571428571427,0.3484848484848485,85.12,87.56,86.9360902255639,107.35495660118775,game_summary__ee6a1a08-ea0d-44dc-99bd-7e5e69381799__20260227T230134Z.json
2024,8ce74abe-deb8-4f32-b52e-6b0a39ed9654,2024-08-21 23:30:00+00:00,2024-08-21,0699edf3-5993-4182-b9b4-ec935cbd4fcc,0699edf3-5993-4182-b9b4-ec935cbd4fcc,5d70a9af-8c2b-4aec-9e68-9acc6ddb93e4,5d70a9af-8c2b-4aec-9e68-9acc6ddb93e4,0,0,4.051190607697154,0.5010909113291284,0.14997486055987802,0.1867383043990091,0.3015200336139745,56449de4-6708-4090-9630-d97d1b8e3564,2024-08-19 01:00:00+00:00,27.06503599158941,0.5080645161290323,0.1416795466254508,0.25,0.5,-13.8987033176695,0.4426229508196721,0.16129032258064516,0.08823529411764706,0.16393442622950818,74.4,73.04,84.6774193548387,98.5761226725082,game_summary__8ce74abe-deb8-4f32-b52e-6b0a39ed9654__20260227T230135Z.json
2024,8ce74abe-deb8-4f32-b52e-6b0a39ed9654,2024-08-21 23:30:00+00:00,2024-08-21,5d70a9af-8c2b-4aec-9e68-9acc6ddb93e4,5d70a9af-8c2b-4aec-9e68-9acc6ddb93e4,0699edf3-5993-4182-b9b4-ec935cbd4fcc,0699edf3-5993-4182-b9b4-ec935cbd4fcc,1,0,-5.699366938418573,0.42634821894858527,0.17627442154296508,0.22066413128380905,0.2949398988576883,46f8057c-839b-4d4a-ba77-7a14e0bacbc6,2024-08-18 19:00:00+00:00,14.923989344539677,0.4523809523809524,0.13640873015873015,0.19444444444444445,0.49206349206349204,13.8987033176695,0.4041095890410959,0.12322015334063526,0.34782608695652173,0.2191780821917808,73.04,74.4,98.5761226725082,84.6774193548387,game_summary__8ce74abe-deb8-4f32-b52e-6b0a39ed9654__20260227T230135Z.json
2024,acfbe730-80a8-4a3f-9dd2-7515a34e44a4,2024-08-22 01:30:00+00:00,2024-08-22,171b097d-01db-4ae8-9d56-035689402ec6,FR_LVA_ACES,6f017f37-be96-4bdc-b6d3-0a0429c72e89,6f017f37-be96-4bdc-b6d3-0a0429c72e89,1,0,8.00606778509432,0.48459994628075964,0.13627858484721592,0.1301611128954512,0.26415104566197656,3c713815-e8a7-437b-8b49-d4527a53fda5,2024-08-18 22:00:00+00:00,19.168270804674677,0.5573770491803278,0.20426690876078074,0.03225806451612903,0.3770491803278688,-14.622983435639611,0.5563380281690141,0.11798636601992658,0.2647058823529412,0.16901408450704225,76.28,76.16,114.0534871525957,128.6764705882353,game_summary__acfbe730-80a8-4a3f-9dd2-7515a34e44a4__20260227T230137Z.json
2024,acfbe730-80a8-4a3f-9dd2-7515a34e44a4,2024-08-22 01:30:00+00:00,2024-08-22,6f017f37-be96-4bdc-b6d3-0a0429c72e89,6f017f37-be96-4bdc-b6d3-0a0429c72e89,171b097d-01db-4ae8-9d56-035689402ec6,FR_LVA_ACES,0,0,6.308867252348138,0.46945317306885875,0.16017261162140511,0.20605797707736961,0.22551135518240756,37a02653-9707-4115-bd95-920c614c5e02,2024-08-17 18:00:00+00:00,22.66912206138805,0.6640625,0.18564356435643564,0.25925925925925924,0.3125,14.622983435639611,0.6796875,0.15756302521008403,0.24,0.21875,76.16,76.28,128.6764705882353,114.0534871525957,game_summary__acfbe730-80a8-4a3f-9dd2-7515a34e44a4__20260227T230137Z.json
2024,0c186b94-c8f2-4fbe-b067-6a609fa7d0e6,2024-08-22 23:00:00+00:00,2024-08-22,08ed8274-e29f-4248-bc2e-83cc8ed18d75,08ed8274-e29f-4248-bc2e-83cc8ed18d75,5f0b5caf-708b-4300-92f2-53b51d83ec06,5f0b5caf-708b-4300-92f2-53b51d83ec06,1,0,13.363010162683153,0.4980576138486852,0.14984254103599043,0.21161204615119839,0.22687067457138071,ee6a1a08-ea0d-44dc-99bd-7e5e69381799,2024-08-20 23:00:00+00:00,20.41886637562385,0.5135135135135135,0.19415258108725444,0.42424242424242425,0.32432432432432434,10.504551549959885,0.3961038961038961,0.13560157790927022,0.3617021276595745,0.2987012987012987,81.12,81.72,97.38658777120315,86.88203622124327,game_summary__0c186b94-c8f2-4fbe-b067-6a609fa7d0e6__20260227T230139Z.json
2024,0c186b94-c8f2-4fbe-b067-6a609fa7d0e6,2024-08-22 23:00:00+00:00,2024-08-22,5f0b5caf-708b-4300-92f2-53b51d83ec06,5f0b5caf-708b-4300-92f2-53b51d83ec06,08ed8274-e29f-4248-bc2e-83cc8ed18d75,08ed8274-e29f-4248-bc2e-83cc8ed18d75,0,0,-11.020946742742083,0.4612207228336889,0.1799814925053051,0.265385803017357,0.2714537344845941,ee6a1a08-ea0d-44dc-99bd-7e5e69381799,2024-08-20 23:00:00+00:00,-20.41886637562385,0.44696969696969696,0.21146616541353383,0.21428571428571427,0.3484848484848485,-10.504551549959885,0.4492753623188406,0.18355359765051396,0.21621621621621623,0.18840579710144928,81.72,81.12,86.88203622124327,97.38658777120315,game_summary__0c186b94-c8f2-4fbe-b067-6a609fa7d0e6__20260227T230139Z.json
2024,0a3aa4da-e89b-42e9-a299-deb21a2c262b,2024-08-23 23:30:00+00:00,2024-08-23,0699edf3-5993-4182-b9b4-ec935cbd4fcc,0699edf3-5993-4182-b9b4-ec935cbd4fcc,5d70a9af-8c2b-4aec-9e68-9acc6ddb93e4,5d70a9af-8c2b-4aec-9e68-9acc6ddb93e4,0,0,2.358940381562026,0.4955787662543343,0.15104164085635688,0.17745180153070755,0.2885489666997422,8ce74abe-deb8-4f32-b52e-6b0a39ed9654,2024-08-21 23:30:00+00:00,-13.8987033176695,0.4426229508196721,0.16129032258064516,0.08823529411764706,0.16393442622950818,6.503596366271822,0.5303030303030303,0.15376729882111737,0.20588235294117646,0.24242424242424243,78.04,81.16,105.07432086109687,98.57072449482504,game_summary__0a3aa4da-e89b-42e9-a299-deb21a2c262b__20260227T230141Z.json
2024,0a3aa4da-e89b-42e9-a299-deb21a2c262b,2024-08-23 23:30:00+00:00,2024-08-23,5d70a9af-8c2b-4aec-9e68-9acc6ddb93e4,5d70a9af-8c2b-4aec-9e68-9acc6ddb93e4,0699edf3-5993-4182-b9b4-ec935cbd4fcc,0699edf3-5993-4182-b9b4-ec935cbd4fcc,1,0,-3.8517326871760695,0.42425164240911606,0.1712726595416895,0.2326524945096679,0.28779735239371684,8ce74abe-deb8-4f32-b52e-6b0a39ed9654,2024-08-21 23:30:00+00:00,13.8987033176695,0.4041095890410959,0.12322015334063526,0.34782608695652173,0.2191780821917808,-6.503596366271822,0.4594594594594595,0.12321340561853131,0.23684210526315788,0.1891891891891892,81.16,78.04,98.57072449482504,105.07432086109687,game_summary__0a3aa4da-e89b-42e9-a299-deb21a2c262b__20260227T230141Z.json
2024,bb885cdf-9f07-414c-b45a-499b57fd0945,2024-08-23 23:30:00+00:00,2024-08-23,3c409388-ab73-4c7f-953d-3a71062240f6,3c409388-ab73-4c7f-953d-3a71062240f6,a015b02d-845c-40c1-8ef4-844984f47e4d,a015b02d-845c-40c1-8ef4-844984f47e4d,0,0,-6.7520632167755466,0.4226366966132211,0.15049501511742389,0.28127723350311873,0.22344308595029094,56449de4-6708-4090-9630-d97d1b8e3564,2024-08-19 01:00:00+00:00,-27.06503599158941,0.358974358974359,0.13540128015755787,0.3469387755102041,0.2692307692307692,-1.0502279400297425,0.46923076923076923,0.22705544933078392,0.3225806451612903,0.3384615384615385,83.68,84.84,95.60229445506691,96.65252239509665,game_summary__bb885cdf-9f07-414c-b45a-499b57fd0945__20260227T230142Z.json
2024,bb885cdf-9f07-414c-b45a-499b57fd0945,2024-08-23 23:30:00+00:00,2024-08-23,a015b02d-845c-40c1-8ef4-844984f47e4d,a015b02d-845c-40c1-8ef4-844984f47e4d,3c409388-ab73-4c7f-953d-3a71062240f6,3c409388-ab73-4c7f-953d-3a71062240f6,1,0,5.747943675617688,0.4463849715255386,0.15202173826052334,0.2446526351143335,0.29640235566821727,eb4635e3-1ec5-4fae-b647-d858e4fd2b0f,2024-08-20 23:00:00+00:00,11.381762518329879,0.4178082191780822,0.1454898157129001,0.22727272727272727,0.2328767123287671,1.0502279400297425,0.4117647058823529,0.11786892975011787,0.21951219512195122,0.5294117647058824,84.84,83.68,96.65252239509665,95.60229445506691,game_summary__bb885cdf-9f07-414c-b45a-499b57fd0945__20260227T230142Z.json
2024,c522e561-21b2-4c01-99c5-30d82feb2f89,2024-08-23 23:30:00+00:00,2024-08-23,0a5ad38d-2fe3-43ba-894b-1ba3d5042ea9,0a5ad38d-2fe3-43ba-894b-1ba3d5042ea9,5c0d47fe-8539-47b0-9f36-d0b3609ca89b,5c0d47fe-8539-47b0-9f36-d0b3609ca89b,0,0,-11.505116441604997,0.4381298052107603,0.18073789963351636,0.19455657074613936,0.27925098322933734,eb4635e3-1ec5-4fae-b647-d858e4fd2b0f,2024-08-20 23:00:00+00:00,-11.381762518329879,0.4090909090909091,0.2606635071090047,0.23529411764705882,0.15151515151515152,-13.154791084237019,0.41333333333333333,0.19650655021834063,0.2222222222222222,0.2,91.6,85.16,80.78602620087337,93.94081728511038,game_summary__c522e561-21b2-4c01-99c5-30d82feb2f89__20260227T230144Z.json
2024,c522e561-21b2-4c01-99c5-30d82feb2f89,2024-08-23 23:30:00+00:00,2024-08-23,5c0d47fe-8539-47b0-9f36-d0b3609ca89b,5c0d47fe-8539-47b0-9f36-d0b3609ca89b,0a5ad38d-2fe3-43ba-894b-1ba3d5042ea9,0a5ad38d-2fe3-43ba-894b-1ba3d5042ea9,1,0,-8.252471145681076,0.47198272707340194,0.1810301498763258,0.1824726395356937,0.23247417152828506,77688020-42ab-4cb0-a65d-c4715a4bdbbd,2024-08-20 23:00:00+00:00,-6.803041590720142,0.4444444444444444,0.2434705621956618,0.2926829268292683,0.2638888888888889,13.154791084237019,0.4863013698630137,0.16439643024894318,0.21621621621621623,0.1917808219178082,85.16,91.6,93.94081728511038,80.78602620087337,game_summary__c522e561-21b2-4c01-99c5-30d82feb2f89__20260227T230144Z.json
2024,dd22eeb9-bebf-46b6-b35d-ca83fb4545b8,2024-08-24 01:30:00+00:00,2024-08-24,171b097d-01db-4ae8-9d56-035689402ec6,FR_LVA_ACES,6f017f37-be96-4bdc-b6d3-0a0429c72e89,6f017f37-be96-4bdc-b6d3-0a0429c72e89,0,0,5.872683754819157,0.49136314977392004,0.1345540614836963,0.1428455007523608,0.2551818815712223,acfbe730-80a8-4a3f-9dd2-7515a34e44a4,2024-08-22 01:30:00+00:00,-14.622983435639611,0.5563380281690141,0.11798636601992658,0.2647058823529412,0.16901408450704225,-16.74118690669495,0.5175438596491229,0.23832221163012393,0.03225806451612903,0.3157894736842105,83.92,82.92,88.17921830314586,104.92040520984081,game_summary__dd22eeb9-bebf-46b6-b35d-ca83fb4545b8__20260227T230146Z.json
2024,dd22eeb9-bebf-46b6-b35d-ca83fb4545b8,2024-08-24 01:30:00+00:00,2024-08-24,6f017f37-be96-4bdc-b6d3-0a0429c72e89,6f017f37-be96-4bdc-b6d3-0a0429c72e89,171b097d-01db-4ae8-9d56-035689402ec6,FR_LVA_ACES,1,0,7.092691660993012,0.48927329505787065,0.15992658937675905,0.2092579066259857,0.22487391939119994,acfbe730-80a8-4a3f-9dd2-7515a34e44a4,2024-08-22 01:30:00+00:00,14.622983435639611,0.6796875,0.15756302521008403,0.24,0.21875,16.74118690669495,0.5901639344262295,0.2532561505065123,0.30434782608695654,0.29508196721311475,82.92,83.92,104.92040520984081,88.17921830314586,game_summary__dd22eeb9-bebf-46b6-b35d-ca83fb4545b8__20260227T230146Z.json
2024,f38006e6-c1b5-44fa-b4ce-e2352fcc34e7,2024-08-24 23:00:00+00:00,2024-08-24,08ed8274-e29f-4248-bc2e-83cc8ed18d75,08ed8274-e29f-4248-bc2e-83cc8ed18d75,a015b02d-845c-40c1-8ef4-844984f47e4d,a015b02d-845c-40c1-8ef4-844984f47e4d,1,0,13.093525158822327,0.48844579092503454,0.14849995521505044,0.22576198906613965,0.23364260260798597,0c186b94-c8f2-4fbe-b067-6a609fa7d0e6,2024-08-22 23:00:00+00:00,10.504551549959885,0.3961038961038961,0.13560157790927022,0.3617021276595745,0.2987012987012987,-6.607450464816836,0.4230769230769231,0.24271844660194175,0.275,0.18461538461538463,78.28,81.48,81.75779253960143,88.36524300441826,game_summary__f38006e6-c1b5-44fa-b4ce-e2352fcc34e7__20260227T230147Z.json
2024,f38006e6-c1b5-44fa-b4ce-e2352fcc34e7,2024-08-24 23:00:00+00:00,2024-08-24,a015b02d-845c-40c1-8ef4-844984f47e4d,a015b02d-845c-40c1-8ef4-844984f47e4d,08ed8274-e29f-4248-bc2e-83cc8ed18d75,08ed8274-e29f-4248-bc2e-83cc8ed18d75,0,0,5.305060249736671,0.44312109973848884,0.14880193661906585,0.24228248655305856,0.31836962894432086,bb885cdf-9f07-414c-b45a-499b57fd0945,2024-08-23 23:30:00+00:00,1.0502279400297425,0.4117647058823529,0.11786892975011787,0.21951219512195122,0.5294117647058824,6.607450464816836,0.4305555555555556,0.12272950417280314,0.1951219512195122,0.2361111111111111,81.48,78.28,88.36524300441826,81.75779253960143,game_summary__f38006e6-c1b5-44fa-b4ce-e2352fcc34e7__20260227T230147Z.json
2024,29b2d1e4-f81e-4fb1-bee8-9ffa976ab7e1,2024-08-25 00:00:00+00:00,2024-08-25,6f017f37-be96-4bdc-b6d3-0a0429c72e89,6f017f37-be96-4bdc-b6d3-0a0429c72e89,f073a15f-0486-4179-b0a3-dfd0294eb595,f073a15f-0486-4179-b0a3-dfd0294eb595,1,0,8.002316438124907,0.49878489484759114,0.16872535841592992,0.21822263579820625,0.23149287687903447,dd22eeb9-bebf-46b6-b35d-ca83fb4545b8,2024-08-24 01:30:00+00:00,16.74118690669495,0.5901639344262295,0.2532561505065123,0.30434782608695654,0.29508196721311475,19.379311519975047,0.5923076923076923,0.13192612137203166,0.24242424242424243,0.3076923076923077,75.8,80.52,118.7335092348285,99.35419771485346,game_summary__29b2d1e4-f81e-4fb1-bee8-9ffa976ab7e1__20260227T230149Z.json
2024,29b2d1e4-f81e-4fb1-bee8-9ffa976ab7e1,2024-08-25 00:00:00+00:00,2024-08-25,f073a15f-0486-4179-b0a3-dfd0294eb595,f073a15f-0486-4179-b0a3-dfd0294eb595,6f017f37-be96-4bdc-b6d3-0a0429c72e89,6f017f37-be96-4bdc-b6d3-0a0429c72e89,0,0,0.7450143092241142,0.49996940942130036,0.17086002319624755,0.2329145863392641,0.226125495651408,b7298f7c-d6d5-4ad5-a9f8-513b0d1a5090,2024-08-18 19:30:00+00:00,23.46135191323478,0.5684931506849316,0.15632515632515634,0.25,0.1917808219178082,-19.379311519975047,0.48026315789473684,0.19870839542970692,0.4411764705882353,0.10526315789473684,80.52,75.8,99.35419771485346,118.7335092348285,game_summary__29b2d1e4-f81e-4fb1-bee8-9ffa976ab7e1__20260227T230149Z.json
2024,26d7c89c-4dbb-40c5-bddf-59dd9d9b764d,2024-08-25 16:00:00+00:00,2024-08-25,171b097d-01db-4ae8-9d56-035689402ec6,FR_LVA_ACES,3c409388-ab73-4c7f-953d-3a71062240f6,3c409388-ab73-4c7f-953d-3a71062240f6,0,0,3.740730892041663,0.4938313711679239,0.14433694244561426,0.13241972248556,0.2608957432734226,dd22eeb9-bebf-46b6-b35d-ca83fb4545b8,2024-08-24 01:30:00+00:00,-16.74118690669495,0.5175438596491229,0.23832221163012393,0.03225806451612903,0.3157894736842105,4.6189809339302315,0.41975308641975306,0.04975124378109452,0.21951219512195122,0.12345679012345678,80.4,82.28,95.77114427860695,91.15216334467672,game_summary__26d7c89c-4dbb-40c5-bddf-59dd9d9b764d__20260227T230151Z.json
2024,26d7c89c-4dbb-40c5-bddf-59dd9d9b764d,2024-08-25 16:00:00+00:00,2024-08-25,3c409388-ab73-4c7f-953d-3a71062240f6,3c409388-ab73-4c7f-953d-3a71062240f6,171b097d-01db-4ae8-9d56-035689402ec6,FR_LVA_ACES,1,0,-6.214515079913159,0.427029415046625,0.1577128523174237,0.28517116780765056,0.2342866041950872,bb885cdf-9f07-414c-b45a-499b57fd0945,2024-08-23 23:30:00+00:00,-1.0502279400297425,0.46923076923076923,0.22705544933078392,0.3225806451612903,0.3384615384615385,-4.6189809339302315,0.40853658536585363,0.12153621779290229,0.3,0.14634146341463414,82.28,80.4,91.15216334467672,95.77114427860695,game_summary__26d7c89c-4dbb-40c5-bddf-59dd9d9b764d__20260227T230151Z.json
2024,fde5d5c7-79f3-4a6c-8abf-dfb2e5b66868,2024-08-25 20:00:00+00:00,2024-08-25,0a5ad38d-2fe3-43ba-894b-1ba3d5042ea9,0a5ad38d-2fe3-43ba-894b-1ba3d5042ea9,5f0b5caf-708b-4300-92f2-53b51d83ec06,5f0b5caf-708b-4300-92f2-53b51d83ec06,0,0,-11.660641722069094,0.43579208470297337,0.1822245102301564,0.19716478699305628,0.27177949092699283,c522e561-21b2-4c01-99c5-30d82feb2f89,2024-08-23 23:30:00+00:00,-13.154791084237019,0.41333333333333333,0.19650655021834063,0.2222222222222222,0.2,-6.06170259648114,0.6923076923076923,0.15039333641832486,0.125,0.4,86.44,84.76,127.25590004627487,133.31760264275601,game_summary__fde5d5c7-79f3-4a6c-8abf-dfb2e5b66868__20260227T230152Z.json
2024,fde5d5c7-79f3-4a6c-8abf-dfb2e5b66868,2024-08-25 20:00:00+00:00,2024-08-25,5f0b5caf-708b-4300-92f2-53b51d83ec06,5f0b5caf-708b-4300-92f2-53b51d83ec06,0a5ad38d-2fe3-43ba-894b-1ba3d5042ea9,0a5ad38d-2fe3-43ba-894b-1ba3d5042ea9,1,0,-10.972262896174845,0.4600945580153024,0.18031825748925945,0.26075027454408767,0.2636242792576707,0c186b94-c8f2-4fbe-b067-6a609fa7d0e6,2024-08-22 23:00:00+00:00,-10.504551549959885,0.4492753623188406,0.18355359765051396,0.21621621621621623,0.18840579710144928,6.06170259648114,0.5789473684210527,0.10618216139688531,0.41935483870967744,0.3815789473684211,84.76,86.44,133.31760264275601,127.25590004627487,game_summary__fde5d5c7-79f3-4a6c-8abf-dfb2e5b66868__20260227T230152Z.json
2024,91b5a849-d166-4ee2-b802-4c9c5cf14c50,2024-08-26 23:30:00+00:00,2024-08-26,5d70a9af-8c2b-4aec-9e68-9acc6ddb93e4,5d70a9af-8c2b-4aec-9e68-9acc6ddb93e4,f073a15f-0486-4179-b0a3-dfd0294eb595,f073a15f-0486-4179-b0a3-dfd0294eb595,1,0,-4.1017406777128524,0.42757090638988915,0.16674180918360368,0.23304747565966746,0.2785009360931273,0a3aa4da-e89b-42e9-a299-deb21a2c262b,2024-08-23 23:30:00+00:00,-6.503596366271822,0.4594594594594595,0.12321340561853131,0.23684210526315788,0.1891891891891892,-2.8552332668439817,0.4383561643835616,0.13427734375,0.23809523809523808,0.2465753424657534,81.92,84.6,96.435546875,99.29078014184398,game_summary__91b5a849-d166-4ee2-b802-4c9c5cf14c50__20260227T230154Z.json
2024,91b5a849-d166-4ee2-b802-4c9c5cf14c50,2024-08-26 23:30:00+00:00,2024-08-26,f073a15f-0486-4179-b0a3-dfd0294eb595,f073a15f-0486-4179-b0a3-dfd0294eb595,5d70a9af-8c2b-4aec-9e68-9acc6ddb93e4,5d70a9af-8c2b-4aec-9e68-9acc6ddb93e4,0,0,-1.1522333891119998,0.49811157623628216,0.17348546568663287,0.2525487536597515,0.21473103731921095,29b2d1e4-f81e-4fb1-bee8-9ffa976ab7e1,2024-08-25 00:00:00+00:00,-19.379311519975047,0.48026315789473684,0.19870839542970692,0.4411764705882353,0.10526315789473684,2.8552332668439817,0.47368421052631576,0.1536643026004728,0.28205128205128205,0.19736842105263158,84.6,81.92,99.29078014184398,96.435546875,game_summary__91b5a849-d166-4ee2-b802-4c9c5cf14c50__20260227T230154Z.json
2024,7434c689-1633-496d-8732-e0eda3ccbef0,2024-08-27 02:00:00+00:00,2024-08-27,5c0d47fe-8539-47b0-9f36-d0b3609ca89b,5c0d47fe-8539-47b0-9f36-d0b3609ca89b,d6a012ed-84aa-48d3-8265-2d3f3ff2199a,d6a012ed-84aa-48d3-8265-2d3f3ff2199a,0,0,-6.2342729045027285,0.47333263624832056,0.17946198374019462,0.18565386029976327,0.22863775163818154,c522e561-21b2-4c01-99c5-30d82feb2f89,2024-08-23 23:30:00+00:00,13.154791084237019,0.4863013698630137,0.16439643024894318,0.21621621621621623,0.1917808219178082,3.789333426430204,0.5073529411764706,0.23561507936507936,0.2727272727272727,0.08823529411764706,80.64,81.84,91.76587301587301,87.97653958944281,game_summary__7434c689-1633-496d-8732-e0eda3ccbef0__20260227T230156Z.json
2024,7434c689-1633-496d-8732-e0eda3ccbef0,2024-08-27 02:00:00+00:00,2024-08-27,d6a012ed-84aa-48d3-8265-2d3f3ff2199a,d6a012ed-84aa-48d3-8265-2d3f3ff2199a,5c0d47fe-8539-47b0-9f36-d0b3609ca89b,5c0d47fe-8539-47b0-9f36-d0b3609ca89b,1,0,5.427489138287024,0.4420750729458069,0.1477592923304597,0.2253753236595336,0.27229295714968843,77688020-42ab-4cb0-a65d-c4715a4bdbbd,2024-08-20 23:00:00+00:00,6.803041590720142,0.40714285714285714,0.17738359201773835,0.23684210526315788,0.42857142857142855,-3.789333426430204,0.42567567567567566,0.14662756598240467,0.21428571428571427,0.14864864864864866,81.84,80.64,87.97653958944281,91.76587301587301,game_summary__7434c689-1633-496d-8732-e0eda3ccbef0__20260227T230156Z.json
2024,ee05f09d-8485-420d-be93-676eb15f6dbf,2024-08-27 02:00:00+00:00,2024-08-27,0699edf3-5993-4182-b9b4-ec935cbd4fcc,0699edf3-5993-4182-b9b4-ec935cbd4fcc,08ed8274-e29f-4248-bc2e-83cc8ed18d75,08ed8274-e29f-4248-bc2e-83cc8ed18d75,1,0,2.749683360687135,0.49885244262997785,0.15129860590174438,0.18013212974064316,0.28420049670821046,0a3aa4da-e89b-42e9-a299-deb21a2c262b,2024-08-23 23:30:00+00:00,6.503596366271822,0.5303030303030303,0.15376729882111737,0.20588235294117646,0.24242424242424243,-14.056898970159807,0.5,0.2626552053486151,0.21212121212121213,0.05970149253731343,83.76,86.04,83.57211079274116,97.62900976290096,game_summary__ee05f09d-8485-420d-be93-676eb15f6dbf__20260227T230158Z.json
2024,ee05f09d-8485-420d-be93-676eb15f6dbf,2024-08-27 02:00:00+00:00,2024-08-27,08ed8274-e29f-4248-bc2e-83cc8ed18d75,08ed8274-e29f-4248-bc2e-83cc8ed18d75,0699edf3-5993-4182-b9b4-ec935cbd4fcc,0699edf3-5993-4182-b9b4-ec935cbd4fcc,0,0,11.236189366599532,0.4822830535930977,0.15738252934158922,0.2304039683159177,0.22902049614430886,f38006e6-c1b5-44fa-b4ce-e2352fcc34e7,2024-08-24 23:00:00+00:00,-6.607450464816836,0.4230769230769231,0.24271844660194175,0.275,0.18461538461538463,14.056898970159807,0.5,0.17433751743375173,0.2,0.22857142857142856,86.04,83.76,97.62900976290096,83.57211079274116,game_summary__ee05f09d-8485-420d-be93-676eb15f6dbf__20260227T230158Z.json
2024,906645f8-c951-4475-b1a5-a0df027101ce,2024-08-28 00:00:00+00:00,2024-08-28,171b097d-01db-4ae8-9d56-035689402ec6,FR_LVA_ACES,5f0b5caf-708b-4300-92f2-53b51d83ec06,5f0b5caf-708b-4300-92f2-53b51d83ec06,0,0,3.8235290878509876,0.48684754192425145,0.13541974936248505,0.14063048167591494,0.2479385023830392,26d7c89c-4dbb-40c5-bddf-59dd9d9b764d,2024-08-25 16:00:00+00:00,4.6189809339302315,0.41975308641975306,0.04975124378109452,0.21951219512195122,0.12345679012345678,0.7174709700207273,0.5403225806451613,0.10101010101010101,0.12903225806451613,0.4838709677419355,79.2,82.36,113.63636363636363,112.9188926663429,game_summary__906645f8-c951-4475-b1a5-a0df027101ce__20260227T230159Z.json
2024,906645f8-c951-4475-b1a5-a0df027101ce,2024-08-28 00:00:00+00:00,2024-08-28,5f0b5caf-708b-4300-92f2-53b51d83ec06,5f0b5caf-708b-4300-92f2-53b51d83ec06,171b097d-01db-4ae8-9d56-035689402ec6,FR_LVA_ACES,1,0,-9.366363046472182,0.4712995654722932,0.1733289780038915,0.27570293168463955,0.2747446131501192,fde5d5c7-79f3-4a6c-8abf-dfb2e5b66868,2024-08-25 20:00:00+00:00,6.06170259648114,0.5789473684210527,0.10618216139688531,0.41935483870967744,0.3815789473684211,-0.7174709700207273,0.52,0.14570179698882954,0.37142857142857144,0.25333333333333335,82.36,79.2,112.9188926663429,113.63636363636363,game_summary__906645f8-c951-4475-b1a5-a0df027101ce__20260227T230159Z.json
2024,c9616f84-1603-4982-b5c5-b04046e3d69b,2024-08-28 23:00:00+00:00,2024-08-28,a015b02d-845c-40c1-8ef4-844984f47e4d,a015b02d-845c-40c1-8ef4-844984f47e4d,f073a15f-0486-4179-b0a3-dfd0294eb595,f073a15f-0486-4179-b0a3-dfd0294eb595,0,0,5.427844826912971,0.44193646627639194,0.14634392322430537,0.23783636409045927,0.3106145972999238,f38006e6-c1b5-44fa-b4ce-e2352fcc34e7,2024-08-24 23:00:00+00:00,6.607450464816836,0.4305555555555556,0.12272950417280314,0.1951219512195122,0.2361111111111111,-7.811146055777954,0.5151515151515151,0.18717828731867103,0.12903225806451613,0.25757575757575757,85.48,82.84,93.58914365933552,101.40028971511347,game_summary__c9616f84-1603-4982-b5c5-b04046e3d69b__20260227T230201Z.json
2024,c9616f84-1603-4982-b5c5-b04046e3d69b,2024-08-28 23:00:00+00:00,2024-08-28,f073a15f-0486-4179-b0a3-dfd0294eb595,f073a15f-0486-4179-b0a3-dfd0294eb595,a015b02d-845c-40c1-8ef4-844984f47e4d,a015b02d-845c-40c1-8ef4-844984f47e4d,1,0,-0.7744241172038947,0.495808653705461,0.1716167990608422,0.25533014393145503,0.21309415347880595,91b5a849-d166-4ee2-b802-4c9c5cf14c50,2024-08-26 23:30:00+00:00,2.8552332668439817,0.47368421052631576,0.1536643026004728,0.28205128205128205,0.19736842105263158,7.811146055777954,0.5681818181818182,0.24142926122646063,0.25806451612903225,0.16666666666666666,82.84,85.48,101.40028971511347,93.58914365933552,game_summary__c9616f84-1603-4982-b5c5-b04046e3d69b__20260227T230201Z.json
2024,78298497-d394-42b8-be2e-4e451ff1cc46,2024-08-29 00:00:00+00:00,2024-08-29,3c409388-ab73-4c7f-953d-3a71062240f6,3c409388-ab73-4c7f-953d-3a71062240f6,5c0d47fe-8539-47b0-9f36-d0b3609ca89b,5c0d47fe-8539-47b0-9f36-d0b3609ca89b,1,0,-6.064093967088072,0.42528597882693026,0.154302251775188,0.2865691757699907,0.22599545857651124,26d7c89c-4dbb-40c5-bddf-59dd9d9b764d,2024-08-25 16:00:00+00:00,-4.6189809339302315,0.40853658536585363,0.12153621779290229,0.3,0.14634146341463414,-5.007401669222318,0.5086206896551724,0.2963917525773196,0.35714285714285715,0.25862068965517243,77.6,77.72,90.20618556701031,95.21358723623263,game_summary__78298497-d394-42b8-be2e-4e451ff1cc46__20260227T230203Z.json
2024,78298497-d394-42b8-be2e-4e451ff1cc46,2024-08-29 00:00:00+00:00,2024-08-29,5c0d47fe-8539-47b0-9f36-d0b3609ca89b,5c0d47fe-8539-47b0-9f36-d0b3609ca89b,3c409388-ab73-4c7f-953d-3a71062240f6,3c409388-ab73-4c7f-953d-3a71062240f6,0,0,-5.289284028761265,0.4765399459375711,0.1847558918359472,0.19386282256346649,0.21540112241480305,7434c689-1633-496d-8732-e0eda3ccbef0,2024-08-27 02:00:00+00:00,3.789333426430204,0.5073529411764706,0.23561507936507936,0.2727272727272727,0.08823529411764706,5.007401669222318,0.5,0.16726711271230058,0.21212121212121213,0.19696969696969696,77.72,77.6,95.21358723623263,90.20618556701031,game_summary__78298497-d394-42b8-be2e-4e451ff1cc46__20260227T230203Z.json
2024,230a1437-9018-47a8-9406-27720acebd1c,2024-08-29 02:00:00+00:00,2024-08-29,08ed8274-e29f-4248-bc2e-83cc8ed18d75,08ed8274-e29f-4248-bc2e-83cc8ed18d75,0a5ad38d-2fe3-43ba-894b-1ba3d5042ea9,0a5ad38d-2fe3-43ba-894b-1ba3d5042ea9,0,0,11.502115532198804,0.4839533423807732,0.1589809834913674,0.2275375935912567,0.22897815969903978,ee05f09d-8485-420d-be93-676eb15f6dbf,2024-08-27 02:00:00+00:00,14.056898970159807,0.5,0.17433751743375173,0.2,0.22857142857142856,-6.69129960828738,0.5873015873015873,0.2370791844476055,0.23333333333333334,0.30158730158730157,84.36,84.68,104.31484115694643,111.00614076523381,game_summary__230a1437-9018-47a8-9406-27720acebd1c__20260227T230204Z.json
2024,230a1437-9018-47a8-9406-27720acebd1c,2024-08-29 02:00:00+00:00,2024-08-29,0a5ad38d-2fe3-43ba-894b-1ba3d5042ea9,0a5ad38d-2fe3-43ba-894b-1ba3d5042ea9,08ed8274-e29f-4248-bc2e-83cc8ed18d75,08ed8274-e29f-4248-bc2e-83cc8ed18d75,1,0,-11.132794257299215,0.45997543624706383,0.17922358380099823,0.19036135530617526,0.28386765068861247,fde5d5c7-79f3-4a6c-8abf-dfb2e5b66868,2024-08-25 20:00:00+00:00,-6.06170259648114,0.6923076923076923,0.15039333641832486,0.125,0.4,6.69129960828738,0.5735294117647058,0.14170996693434104,0.16666666666666666,0.3235294117647059,84.68,84.36,111.00614076523381,104.31484115694643,game_summary__230a1437-9018-47a8-9406-27720acebd1c__20260227T230204Z.json
2024,a88f6c7e-b5c8-4f34-8373-b568d36f6b26,2024-08-29 02:00:00+00:00,2024-08-29,0699edf3-5993-4182-b9b4-ec935cbd4fcc,0699edf3-5993-4182-b9b4-ec935cbd4fcc,6f017f37-be96-4bdc-b6d3-0a0429c72e89,6f017f37-be96-4bdc-b6d3-0a0429c72e89,1,0,1.1652203622879156,0.4989606301338705,0.16179689805762723,0.18314794321104322,0.26303555321857636,ee05f09d-8485-420d-be93-676eb15f6dbf,2024-08-27 02:00:00+00:00,-14.056898970159807,0.5,0.2626552053486151,0.21212121212121213,0.05970149253731343,-18.136543346750116,0.4338235294117647,0.22586780789348548,0.325,0.3382352941176471,84.12,82.04,90.3471231573942,108.48366650414431,game_summary__a88f6c7e-b5c8-4f34-8373-b568d36f6b26__20260227T230206Z.json
2024,a88f6c7e-b5c8-4f34-8373-b568d36f6b26,2024-08-29 02:00:00+00:00,2024-08-29,6f017f37-be96-4bdc-b6d3-0a0429c72e89,6f017f37-be96-4bdc-b6d3-0a0429c72e89,0699edf3-5993-4182-b9b4-ec935cbd4fcc,0699edf3-5993-4182-b9b4-ec935cbd4fcc,0,0,9.074897846129293,0.5076018814999183,0.16525606118954728,0.2205042745898353,0.23867668000128583,29b2d1e4-f81e-4fb1-bee8-9ffa976ab7e1,2024-08-25 00:00:00+00:00,19.379311519975047,0.5923076923076923,0.13192612137203166,0.24242424242424243,0.3076923076923077,18.136543346750116,0.5347222222222222,0.18283764017552412,0.3333333333333333,0.2222222222222222,82.04,84.12,108.48366650414431,90.3471231573942,game_summary__a88f6c7e-b5c8-4f34-8373-b568d36f6b26__20260227T230206Z.json
2024,dda124fa-b83e-4d75-a07c-7b4ba27ffa6f,2024-08-29 02:00:00+00:00,2024-08-29,5d70a9af-8c2b-4aec-9e68-9acc6ddb93e4,5d70a9af-8c2b-4aec-9e68-9acc6ddb93e4,d6a012ed-84aa-48d3-8265-2d3f3ff2199a,d6a012ed-84aa-48d3-8265-2d3f3ff2199a,0,0,-3.98422452654825,0.42858770099350096,0.16368117834089246,0.23352336020575934,0.2754911081097389,91b5a849-d166-4ee2-b802-4c9c5cf14c50,2024-08-26 23:30:00+00:00,-2.8552332668439817,0.4383561643835616,0.13427734375,0.23809523809523808,0.2465753424657534,-7.527203597762366,0.4794520547945205,0.16416510318949343,0.1794871794871795,0.1643835616438356,85.28,82.92,94.98123827392119,102.50844187168356,game_summary__dda124fa-b83e-4d75-a07c-7b4ba27ffa6f__20260227T230208Z.json
2024,dda124fa-b83e-4d75-a07c-7b4ba27ffa6f,2024-08-29 02:00:00+00:00,2024-08-29,d6a012ed-84aa-48d3-8265-2d3f3ff2199a,d6a012ed-84aa-48d3-8265-2d3f3ff2199a,5d70a9af-8c2b-4aec-9e68-9acc6ddb93e4,5d70a9af-8c2b-4aec-9e68-9acc6ddb93e4,1,0,4.558560879755742,0.4405289978628984,0.1476525973173091,0.2243298359230253,0.2606362248095873,7434c689-1633-496d-8732-e0eda3ccbef0,2024-08-27 02:00:00+00:00,-3.789333426430204,0.42567567567567566,0.14662756598240467,0.21428571428571427,0.14864864864864866,7.527203597762366,0.4861111111111111,0.09647853352629039,0.14705882352941177,0.25,82.92,85.28,102.50844187168356,94.98123827392119,game_summary__dda124fa-b83e-4d75-a07c-7b4ba27ffa6f__20260227T230208Z.json
2024,05faeb85-8807-438f-8b4f-bfbdff1feee2,2024-08-30 23:30:00+00:00,2024-08-30,5f0b5caf-708b-4300-92f2-53b51d83ec06,5f0b5caf-708b-4300-92f2-53b51d83ec06,6f017f37-be96-4bdc-b6d3-0a0429c72e89,6f017f37-be96-4bdc-b6d3-0a0429c72e89,1,0,-8.550977193327409,0.4758908639883209,0.1707243886110737,0.28472759423569083,0.2727260361455725,906645f8-c951-4475-b1a5-a0df027101ce,2024-08-28 00:00:00+00:00,-0.7174709700207273,0.52,0.14570179698882954,0.37142857142857144,0.25333333333333335,21.089522954723634,0.5240963855421686,0.0942951438000943,0.2894736842105263,0.13253012048192772,84.84,84.72,110.7967939651108,89.70727101038716,game_summary__05faeb85-8807-438f-8b4f-bfbdff1feee2__20260227T230209Z.json
2024,05faeb85-8807-438f-8b4f-bfbdff1feee2,2024-08-30 23:30:00+00:00,2024-08-30,6f017f37-be96-4bdc-b6d3-0a0429c72e89,6f017f37-be96-4bdc-b6d3-0a0429c72e89,5f0b5caf-708b-4300-92f2-53b51d83ec06,5f0b5caf-708b-4300-92f2-53b51d83ec06,0,0,9.92919657966728,0.5101586878471314,0.16691358803279988,0.2311413848127247,0.23712541401535148,a88f6c7e-b5c8-4f34-8373-b568d36f6b26,2024-08-29 02:00:00+00:00,18.136543346750116,0.5347222222222222,0.18283764017552412,0.3333333333333333,0.2222222222222222,-21.089522954723634,0.47058823529411764,0.18885741265344666,0.15625,0.19117647058823528,84.72,84.84,89.70727101038716,110.7967939651108,game_summary__05faeb85-8807-438f-8b4f-bfbdff1feee2__20260227T230209Z.json
2024,386de034-e741-4e15-baa8-5b54e99ec951,2024-08-30 23:30:00+00:00,2024-08-30,3c409388-ab73-4c7f-953d-3a71062240f6,3c409388-ab73-4c7f-953d-3a71062240f6,f073a15f-0486-4179-b0a3-dfd0294eb595,f073a15f-0486-4179-b0a3-dfd0294eb595,1,0,-5.964472889244736,0.43314247000344386,0.16769792925738364,0.2932226038492311,0.2290712458151507,78298497-d394-42b8-be2e-4e451ff1cc46,2024-08-29 00:00:00+00:00,-5.007401669222318,0.5086206896551724,0.2963917525773196,0.35714285714285715,0.25862068965517243,-20.671193265480454,0.4652777777777778,0.1802018260451706,0.3333333333333333,0.2916666666666667,83.24,84.76,97.30898606439212,117.98017932987257,game_summary__386de034-e741-4e15-baa8-5b54e99ec951__20260227T230211Z.json
2024,386de034-e741-4e15-baa8-5b54e99ec951,2024-08-30 23:30:00+00:00,2024-08-30,f073a15f-0486-4179-b0a3-dfd0294eb595,f073a15f-0486-4179-b0a3-dfd0294eb595,3c409388-ab73-4c7f-953d-3a71062240f6,3c409388-ab73-4c7f-953d-3a71062240f6,0,0,0.034991978909930554,0.5026317304579175,0.17819846218253135,0.2555879305227813,0.20871714014472167,c9616f84-1603-4982-b5c5-b04046e3d69b,2024-08-28 23:00:00+00:00,7.811146055777954,0.5681818181818182,0.24142926122646063,0.25806451612903225,0.16666666666666666,20.671193265480454,0.5833333333333334,0.12977819726285983,0.14705882352941177,0.4393939393939394,84.76,83.24,117.98017932987257,97.30898606439212,game_summary__386de034-e741-4e15-baa8-5b54e99ec951__20260227T230211Z.json
2024,4a821d94-c4bf-418c-b50d-69b73f189a6a,2024-08-31 02:00:00+00:00,2024-08-31,171b097d-01db-4ae8-9d56-035689402ec6,FR_LVA_ACES,5d70a9af-8c2b-4aec-9e68-9acc6ddb93e4,5d70a9af-8c2b-4aec-9e68-9acc6ddb93e4,1,0,3.530701309918604,0.4918889726282045,0.1321757338018548,0.1395370436527844,0.27018135069825866,906645f8-c951-4475-b1a5-a0df027101ce,2024-08-28 00:00:00+00:00,0.7174709700207273,0.5403225806451613,0.10101010101010101,0.12903225806451613,0.4838709677419355,18.25380863935679,0.5217391304347826,0.08103727714748783,0.20512820512820512,0.2318840579710145,74.04,76.72,112.10156672069151,93.84775808133472,game_summary__4a821d94-c4bf-418c-b50d-69b73f189a6a__20260227T230213Z.json
2024,4a821d94-c4bf-418c-b50d-69b73f189a6a,2024-08-31 02:00:00+00:00,2024-08-31,5d70a9af-8c2b-4aec-9e68-9acc6ddb93e4,5d70a9af-8c2b-4aec-9e68-9acc6ddb93e4,171b097d-01db-4ae8-9d56-035689402ec6,FR_LVA_ACES,0,0,-4.318243610971984,0.43338300588944534,0.1637268010023902,0.2284290270904383,0.2650162957563058,dda124fa-b83e-4d75-a07c-7b4ba27ffa6f,2024-08-29 02:00:00+00:00,-7.527203597762366,0.4794520547945205,0.16416510318949343,0.1794871794871795,0.1643835616438356,-18.25380863935679,0.44366197183098594,0.13034410844629823,0.24390243902439024,0.18309859154929578,76.72,74.04,93.84775808133472,112.10156672069151,game_summary__4a821d94-c4bf-418c-b50d-69b73f189a6a__20260227T230213Z.json
2024,a95532e4-f02b-4f3b-b907-43300c79d283,2024-08-31 02:00:00+00:00,2024-08-31,08ed8274-e29f-4248-bc2e-83cc8ed18d75,08ed8274-e29f-4248-bc2e-83cc8ed18d75,d6a012ed-84aa-48d3-8265-2d3f3ff2199a,d6a012ed-84aa-48d3-8265-2d3f3ff2199a,0,0,9.786907018228206,0.4936966362166639,0.16634379570510258,0.22808399469701973,0.2358234835372072,230a1437-9018-47a8-9406-27720acebd1c,2024-08-29 02:00:00+00:00,-6.69129960828738,0.5873015873015873,0.2370791844476055,0.23333333333333334,0.30158730158730157,16.6381092254134,0.5970149253731343,0.234375,0.6071428571428571,0.29850746268656714,76.8,76.6,127.60416666666667,110.96605744125327,game_summary__a95532e4-f02b-4f3b-b907-43300c79d283__20260227T230215Z.json
2024,a95532e4-f02b-4f3b-b907-43300c79d283,2024-08-31 02:00:00+00:00,2024-08-31,d6a012ed-84aa-48d3-8265-2d3f3ff2199a,d6a012ed-84aa-48d3-8265-2d3f3ff2199a,08ed8274-e29f-4248-bc2e-83cc8ed18d75,08ed8274-e29f-4248-bc2e-83cc8ed18d75,1,0,4.838433637319043,0.4448263124750475,0.14282809409836675,0.21704500801593718,0.2596334805084741,dda124fa-b83e-4d75-a07c-7b4ba27ffa6f,2024-08-29 02:00:00+00:00,7.527203597762366,0.4861111111111111,0.09647853352629039,0.14705882352941177,0.25,-16.6381092254134,0.5,0.06527415143603134,0.17647058823529413,0.2112676056338028,76.6,76.8,110.96605744125327,127.60416666666667,game_summary__a95532e4-f02b-4f3b-b907-43300c79d283__20260227T230215Z.json
2024,1850a72c-d7b5-4a8a-8dc6-e73d1e233c15,2024-08-31 19:00:00+00:00,2024-08-31,5c0d47fe-8539-47b0-9f36-d0b3609ca89b,5c0d47fe-8539-47b0-9f36-d0b3609ca89b,a015b02d-845c-40c1-8ef4-844984f47e4d,a015b02d-845c-40c1-8ef4-844984f47e4d,1,0,-4.318550230929135,0.4787516738707475,0.18310711382367192,0.1955841566274129,0.21366347516144546,78298497-d394-42b8-be2e-4e451ff1cc46,2024-08-29 00:00:00+00:00,5.007401669222318,0.5,0.16726711271230058,0.21212121212121213,0.19696969696969696,-13.365164871041443,0.5873015873015873,0.22058823529411767,0.2,0.23809523809523808,81.6,81.68,104.16666666666667,117.53183153770811,game_summary__1850a72c-d7b5-4a8a-8dc6-e73d1e233c15__20260227T230216Z.json
2024,1850a72c-d7b5-4a8a-8dc6-e73d1e233c15,2024-08-31 19:00:00+00:00,2024-08-31,a015b02d-845c-40c1-8ef4-844984f47e4d,a015b02d-845c-40c1-8ef4-844984f47e4d,5c0d47fe-8539-47b0-9f36-d0b3609ca89b,5c0d47fe-8539-47b0-9f36-d0b3609ca89b,0,0,4.179721277649323,0.44883891280507754,0.15019363744323563,0.22757871166129195,0.3056142898390355,c9616f84-1603-4982-b5c5-b04046e3d69b,2024-08-28 23:00:00+00:00,-7.811146055777954,0.5151515151515151,0.18717828731867103,0.12903225806451613,0.25757575757575757,13.365164871041443,0.6166666666666667,0.20812928501469147,0.20833333333333334,0.36666666666666664,81.68,81.6,117.53183153770811,104.16666666666667,game_summary__1850a72c-d7b5-4a8a-8dc6-e73d1e233c15__20260227T230216Z.json
2024,ff856fad-973d-4858-a096-36e53710f530,2024-09-01 17:00:00+00:00,2024-09-01,a015b02d-845c-40c1-8ef4-844984f47e4d,a015b02d-845c-40c1-8ef4-844984f47e4d,d6a012ed-84aa-48d3-8265-2d3f3ff2199a,d6a012ed-84aa-48d3-8265-2d3f3ff2199a,1,0,5.045691241744906,0.46466109847396714,0.15565559800477016,0.2257643279126772,0.3113700842143238,1850a72c-d7b5-4a8a-8dc6-e73d1e233c15,2024-08-31 19:00:00+00:00,13.365164871041443,0.6166666666666667,0.20812928501469147,0.20833333333333334,0.36666666666666664,12.10029771455801,0.5677966101694916,0.18355359765051396,0.2903225806451613,0.6440677966101694,81.72,84.56,113.80323054331865,101.70293282876064,game_summary__ff856fad-973d-4858-a096-36e53710f530__20260227T230218Z.json
2024,ff856fad-973d-4858-a096-36e53710f530,2024-09-01 17:00:00+00:00,2024-09-01,d6a012ed-84aa-48d3-8265-2d3f3ff2199a,d6a012ed-84aa-48d3-8265-2d3f3ff2199a,a015b02d-845c-40c1-8ef4-844984f47e4d,a015b02d-845c-40c1-8ef4-844984f47e4d,0,0,2.813703871941481,0.45002788556394824,0.13551659256227466,0.2132198003944001,0.2550737230506197,a95532e4-f02b-4f3b-b907-43300c79d283,2024-08-31 02:00:00+00:00,-16.6381092254134,0.5,0.06527415143603134,0.17647058823529413,0.2112676056338028,-12.10029771455801,0.4507042253521127,0.14191106906338694,0.28125,0.3380281690140845,84.56,81.72,101.70293282876064,113.80323054331865,game_summary__ff856fad-973d-4858-a096-36e53710f530__20260227T230218Z.json
2024,2e1763a1-a37f-40ab-9651-cf4208ed3d34,2024-09-01 19:00:00+00:00,2024-09-01,3c409388-ab73-4c7f-953d-3a71062240f6,3c409388-ab73-4c7f-953d-3a71062240f6,6f017f37-be96-4bdc-b6d3-0a0429c72e89,6f017f37-be96-4bdc-b6d3-0a0429c72e89,0,0,-7.350968597011579,0.43617206906815964,0.1688767508289585,0.29700409644869397,0.23497251272689026,386de034-e741-4e15-baa8-5b54e99ec951,2024-08-30 23:30:00+00:00,-20.671193265480454,0.4652777777777778,0.1802018260451706,0.3333333333333333,0.2916666666666667,-7.909140059292781,0.4745762711864407,0.27145811789038266,0.4230769230769231,0.3220338983050847,77.36,76.28,95.65667011375389,103.56581017304667,game_summary__2e1763a1-a37f-40ab-9651-cf4208ed3d34__20260227T230220Z.json
2024,2e1763a1-a37f-40ab-9651-cf4208ed3d34,2024-09-01 19:00:00+00:00,2024-09-01,6f017f37-be96-4bdc-b6d3-0a0429c72e89,6f017f37-be96-4bdc-b6d3-0a0429c72e89,3c409388-ab73-4c7f-953d-3a71062240f6,3c409388-ab73-4c7f-953d-3a71062240f6,1,0,7.004865362739327,0.5064281305770143,0.16898237141006991,0.2240808994743793,0.2327935159980979,05faeb85-8807-438f-8b4f-bfbdff1feee2,2024-08-30 23:30:00+00:00,-21.089522954723634,0.47058823529411764,0.18885741265344666,0.15625,0.19117647058823528,7.909140059292781,0.4928571428571429,0.13109596224436287,0.25,0.17142857142857143,76.28,77.36,103.56581017304667,95.65667011375389,game_summary__2e1763a1-a37f-40ab-9651-cf4208ed3d34__20260227T230220Z.json
2024,3e75e034-fa18-491f-bf33-338bdf11c63c,2024-09-01 20:00:00+00:00,2024-09-01,5f0b5caf-708b-4300-92f2-53b51d83ec06,5f0b5caf-708b-4300-92f2-53b51d83ec06,f073a15f-0486-4179-b0a3-dfd0294eb595,f073a15f-0486-4179-b0a3-dfd0294eb595,1,0,-5.756579449984026,0.48043550392266493,0.16351891946721772,0.28517503820759216,0.2595088789316377,05faeb85-8807-438f-8b4f-bfbdff1feee2,2024-08-30 23:30:00+00:00,21.089522954723634,0.5240963855421686,0.0942951438000943,0.2894736842105263,0.13253012048192772,-10.687145022030904,0.4797297297297297,0.14304577464788734,0.21621621621621623,0.36486486486486486,90.88,88.48,102.33274647887325,113.01989150090415,game_summary__3e75e034-fa18-491f-bf33-338bdf11c63c__20260227T230222Z.json
2024,3e75e034-fa18-491f-bf33-338bdf11c63c,2024-09-01 20:00:00+00:00,2024-09-01,f073a15f-0486-4179-b0a3-dfd0294eb595,f073a15f-0486-4179-b0a3-dfd0294eb595,5f0b5caf-708b-4300-92f2-53b51d83ec06,5f0b5caf-708b-4300-92f2-53b51d83ec06,0,0,1.9804974197202534,0.5102399818650412,0.17363357703053384,0.24535620399473598,0.2304645035172683,386de034-e741-4e15-baa8-5b54e99ec951,2024-08-30 23:30:00+00:00,20.671193265480454,0.5833333333333334,0.12977819726285983,0.14705882352941177,0.4393939393939394,10.687145022030904,0.6071428571428571,0.2260397830018083,0.2571428571428571,0.24285714285714285,88.48,90.88,113.01989150090415,102.33274647887325,game_summary__3e75e034-fa18-491f-bf33-338bdf11c63c__20260227T230222Z.json
2024,5c2214d1-3e8b-42fb-ac94-8205672d993f,2024-09-01 20:00:00+00:00,2024-09-01,0699edf3-5993-4182-b9b4-ec935cbd4fcc,0699edf3-5993-4182-b9b4-ec935cbd4fcc,171b097d-01db-4ae8-9d56-035689402ec6,FR_LVA_ACES,1,0,-0.654479193444095,0.4928197429573175,0.16783726866422957,0.19652123534173427,0.27012510923884436,a88f6c7e-b5c8-4f34-8373-b568d36f6b26,2024-08-29 02:00:00+00:00,-18.136543346750116,0.4338235294117647,0.22586780789348548,0.325,0.3382352941176471,-21.498545692094098,0.5327868852459017,0.18768768768768768,0.12121212121212122,0.29508196721311475,79.92,80.6,98.84884884884885,120.34739454094294,game_summary__5c2214d1-3e8b-42fb-ac94-8205672d993f__20260227T230223Z.json
2024,5c2214d1-3e8b-42fb-ac94-8205672d993f,2024-09-01 20:00:00+00:00,2024-09-01,171b097d-01db-4ae8-9d56-035689402ec6,FR_LVA_ACES,0699edf3-5993-4182-b9b4-ec935cbd4fcc,0699edf3-5993-4182-b9b4-ec935cbd4fcc,0,0,4.918741919587254,0.49470313612735284,0.12735458749328205,0.1457207380133615,0.26657082227132156,4a821d94-c4bf-418c-b50d-69b73f189a6a,2024-08-31 02:00:00+00:00,18.25380863935679,0.5217391304347826,0.08103727714748783,0.20512820512820512,0.2318840579710145,21.498545692094098,0.6439393939393939,0.17369727047146402,0.23076923076923078,0.22727272727272727,80.6,79.92,120.34739454094294,98.84884884884885,game_summary__5c2214d1-3e8b-42fb-ac94-8205672d993f__20260227T230223Z.json
2024,a51c2b4b-5bcb-428b-a59e-1fabf3037939,2024-09-01 23:00:00+00:00,2024-09-01,0a5ad38d-2fe3-43ba-894b-1ba3d5042ea9,0a5ad38d-2fe3-43ba-894b-1ba3d5042ea9,5d70a9af-8c2b-4aec-9e68-9acc6ddb93e4,5d70a9af-8c2b-4aec-9e68-9acc6ddb93e4,1,0,-9.452403999835532,0.47068088896713317,0.17568693746260208,0.18812750688483476,0.28760681619170697,230a1437-9018-47a8-9406-27720acebd1c,2024-08-29 02:00:00+00:00,6.69129960828738,0.5735294117647058,0.14170996693434104,0.16666666666666666,0.3235294117647059,-25.338000269246308,0.3951612903225806,0.12513904338153503,0.19444444444444445,0.2903225806451613,71.92,71.72,86.20689655172413,111.54489682097044,game_summary__a51c2b4b-5bcb-428b-a59e-1fabf3037939__20260227T230225Z.json
2024,a51c2b4b-5bcb-428b-a59e-1fabf3037939,2024-09-01 23:00:00+00:00,2024-09-01,5d70a9af-8c2b-4aec-9e68-9acc6ddb93e4,5d70a9af-8c2b-4aec-9e68-9acc6ddb93e4,0a5ad38d-2fe3-43ba-894b-1ba3d5042ea9,0a5ad38d-2fe3-43ba-894b-1ba3d5042ea9,0,0,-5.63203761826015,0.43435206913356994,0.16057960307119729,0.22988780366890643,0.2572933947717558,4a821d94-c4bf-418c-b50d-69b73f189a6a,2024-08-31 02:00:00+00:00,-18.25380863935679,0.44366197183098594,0.13034410844629823,0.24390243902439024,0.18309859154929578,25.338000269246308,0.5071428571428571,0.12548800892359174,0.35135135135135137,0.18571428571428572,71.72,71.92,111.54489682097044,86.20689655172413,game_summary__a51c2b4b-5bcb-428b-a59e-1fabf3037939__20260227T230225Z.json
2024,8b4fc9c4-d8ef-4078-805c-8e63f6d29584,2024-09-03 23:00:00+00:00,2024-09-03,a015b02d-845c-40c1-8ef4-844984f47e4d,a015b02d-845c-40c1-8ef4-844984f47e4d,d6a012ed-84aa-48d3-8265-2d3f3ff2199a,d6a012ed-84aa-48d3-8265-2d3f3ff2199a,1,0,5.710773690061851,0.4743843366008882,0.15828571918573772,0.23185064342182043,0.3427356054467847,ff856fad-973d-4858-a096-36e53710f530,2024-09-01 17:00:00+00:00,12.10029771455801,0.5677966101694916,0.18355359765051396,0.2903225806451613,0.6440677966101694,-0.9907998125112414,0.45689655172413796,0.20413718018508437,0.2,0.29310344827586204,73.48,80.6,87.09853021230266,88.0893300248139,game_summary__8b4fc9c4-d8ef-4078-805c-8e63f6d29584__20260227T230227Z.json
2024,8b4fc9c4-d8ef-4078-805c-8e63f6d29584,2024-09-03 23:00:00+00:00,2024-09-03,d6a012ed-84aa-48d3-8265-2d3f3ff2199a,d6a012ed-84aa-48d3-8265-2d3f3ff2199a,a015b02d-845c-40c1-8ef4-844984f47e4d,a015b02d-845c-40c1-8ef4-844984f47e4d,0,0,1.407666451204027,0.4500916484008889,0.13611944037575008,0.21963343833261106,0.2628943642490729,ff856fad-973d-4858-a096-36e53710f530,2024-09-01 17:00:00+00:00,-12.10029771455801,0.4507042253521127,0.14191106906338694,0.28125,0.3380281690140845,0.9907998125112414,0.49193548387096775,0.18610421836228289,0.11538461538461539,0.24193548387096775,80.6,73.48,88.0893300248139,87.09853021230266,game_summary__8b4fc9c4-d8ef-4078-805c-8e63f6d29584__20260227T230227Z.json
2024,c155a1a5-cab9-467d-9b5c-847c77dafeae,2024-09-04 00:00:00+00:00,2024-09-04,5c0d47fe-8539-47b0-9f36-d0b3609ca89b,5c0d47fe-8539-47b0-9f36-d0b3609ca89b,5f0b5caf-708b-4300-92f2-53b51d83ec06,5f0b5caf-708b-4300-92f2-53b51d83ec06,0,0,-5.17143191001542,0.4889853619534772,0.18664069661518495,0.19600046615976494,0.2159668122464163,1850a72c-d7b5-4a8a-8dc6-e73d1e233c15,2024-08-31 19:00:00+00:00,-13.365164871041443,0.5873015873015873,0.22058823529411767,0.2,0.23809523809523808,2.2110398076595317,0.4805194805194805,0.1317680881648299,0.3,0.22077922077922077,83.48,81.44,107.81025395304265,105.59921414538312,game_summary__c155a1a5-cab9-467d-9b5c-847c77dafeae__20260227T230229Z.json
2024,c155a1a5-cab9-467d-9b5c-847c77dafeae,2024-09-04 00:00:00+00:00,2024-09-04,5f0b5caf-708b-4300-92f2-53b51d83ec06,5f0b5caf-708b-4300-92f2-53b51d83ec06,5c0d47fe-8539-47b0-9f36-d0b3609ca89b,5c0d47fe-8539-47b0-9f36-d0b3609ca89b,1,0,-6.221415105223141,0.4803689661178979,0.1615887863926569,0.27867385315356774,0.2694414552332858,3e75e034-fa18-491f-bf33-338bdf11c63c,2024-09-01 20:00:00+00:00,-10.687145022030904,0.4797297297297297,0.14304577464788734,0.21621621621621623,0.36486486486486486,-2.2110398076595317,0.4583333333333333,0.1719056974459725,0.43243243243243246,0.3611111111111111,81.44,83.48,105.59921414538312,107.81025395304265,game_summary__c155a1a5-cab9-467d-9b5c-847c77dafeae__20260227T230229Z.json
2024,7fb35caa-454e-4aa4-beb9-b50f6dd66b9e,2024-09-04 02:00:00+00:00,2024-09-04,0699edf3-5993-4182-b9b4-ec935cbd4fcc,0699edf3-5993-4182-b9b4-ec935cbd4fcc,5d70a9af-8c2b-4aec-9e68-9acc6ddb93e4,5d70a9af-8c2b-4aec-9e68-9acc6ddb93e4,1,0,-2.619581404776277,0.49658769868212826,0.16970869343258724,0.1894213680140631,0.27247795036014466,5c2214d1-3e8b-42fb-ac94-8205672d993f,2024-09-01 20:00:00+00:00,-21.498545692094098,0.5327868852459017,0.18768768768768768,0.12121212121212122,0.29508196721311475,13.018774933278777,0.4727272727272727,0.24222335543090262,0.2413793103448276,0.4727272727272727,78.44,81.16,94.33962264150944,81.32084770823066,game_summary__7fb35caa-454e-4aa4-beb9-b50f6dd66b9e__20260227T230231Z.json
2024,7fb35caa-454e-4aa4-beb9-b50f6dd66b9e,2024-09-04 02:00:00+00:00,2024-09-04,5d70a9af-8c2b-4aec-9e68-9acc6ddb93e4,5d70a9af-8c2b-4aec-9e68-9acc6ddb93e4,0699edf3-5993-4182-b9b4-ec935cbd4fcc,0699edf3-5993-4182-b9b4-ec935cbd4fcc,0,0,-2.7122959286180626,0.44121451790242827,0.1572712961598229,0.2413389418699136,0.25054517865456327,a51c2b4b-5bcb-428b-a59e-1fabf3037939,2024-09-01 23:00:00+00:00,25.338000269246308,0.5071428571428571,0.12548800892359174,0.35135135135135137,0.18571428571428572,-13.018774933278777,0.40441176470588236,0.17249876786594381,0.21212121212121213,0.20588235294117646,81.16,78.44,81.32084770823066,94.33962264150944,game_summary__7fb35caa-454e-4aa4-beb9-b50f6dd66b9e__20260227T230231Z.json
2024,a38979b0-401d-4872-88b1-c9cfade17645,2024-09-04 02:00:00+00:00,2024-09-04,171b097d-01db-4ae8-9d56-035689402ec6,FR_LVA_ACES,3c409388-ab73-4c7f-953d-3a71062240f6,3c409388-ab73-4c7f-953d-3a71062240f6,1,0,6.4818250664826556,0.508772583672839,0.13172360583264445,0.15373879827026254,0.2628659418734452,5c2214d1-3e8b-42fb-ac94-8205672d993f,2024-09-01 20:00:00+00:00,21.498545692094098,0.6439393939393939,0.17369727047146402,0.23076923076923078,0.22727272727272727,26.678260710239513,0.5901639344262295,0.1661554192229039,0.17857142857142858,0.3442622950819672,78.24,80.36,115.03067484662577,88.35241413638626,game_summary__a38979b0-401d-4872-88b1-c9cfade17645__20260227T230232Z.json
2024,a38979b0-401d-4872-88b1-c9cfade17645,2024-09-04 02:00:00+00:00,2024-09-04,3c409388-ab73-4c7f-953d-3a71062240f6,3c409388-ab73-4c7f-953d-3a71062240f6,171b097d-01db-4ae8-9d56-035689402ec6,FR_LVA_ACES,0,0,-7.403590957187907,0.4397926765207395,0.17854774623030875,0.30888978057909516,0.24318034114330958,2e1763a1-a37f-40ab-9651-cf4208ed3d34,2024-09-01 19:00:00+00:00,-7.909140059292781,0.4745762711864407,0.27145811789038266,0.4230769230769231,0.3220338983050847,-26.678260710239513,0.475,0.22399203583872573,0.1875,0.31666666666666665,80.36,78.24,88.35241413638626,115.03067484662577,game_summary__a38979b0-401d-4872-88b1-c9cfade17645__20260227T230232Z.json
2024,7f896e07-7a76-4fa3-938e-acc8750e764b,2024-09-04 23:00:00+00:00,2024-09-04,0a5ad38d-2fe3-43ba-894b-1ba3d5042ea9,0a5ad38d-2fe3-43ba-894b-1ba3d5042ea9,f073a15f-0486-4179-b0a3-dfd0294eb595,f073a15f-0486-4179-b0a3-dfd0294eb595,0,0,-10.950039807098534,0.4635611779306643,0.17092146722946294,0.18872304461102846,0.28786284851310096,a51c2b4b-5bcb-428b-a59e-1fabf3037939,2024-09-01 23:00:00+00:00,-25.338000269246308,0.3951612903225806,0.12513904338153503,0.19444444444444445,0.2903225806451613,-11.003930546520166,0.4675324675324675,0.14210756449497158,0.15789473684210525,0.22077922077922077,91.48,88.56,94.0096195889812,105.01355013550136,game_summary__7f896e07-7a76-4fa3-938e-acc8750e764b__20260227T230234Z.json
2024,7f896e07-7a76-4fa3-938e-acc8750e764b,2024-09-04 23:00:00+00:00,2024-09-04,f073a15f-0486-4179-b0a3-dfd0294eb595,f073a15f-0486-4179-b0a3-dfd0294eb595,0a5ad38d-2fe3-43ba-894b-1ba3d5042ea9,0a5ad38d-2fe3-43ba-894b-1ba3d5042ea9,1,0,2.801328252211544,0.5193756298685253,0.17857424209933656,0.24646740646413312,0.23163283614433064,3e75e034-fa18-491f-bf33-338bdf11c63c,2024-09-01 20:00:00+00:00,10.687145022030904,0.6071428571428571,0.2260397830018083,0.2571428571428571,0.24285714285714285,11.003930546520166,0.5447761194029851,0.2145438121047877,0.26666666666666666,0.3582089552238806,88.56,91.48,105.01355013550136,94.0096195889812,game_summary__7f896e07-7a76-4fa3-938e-acc8750e764b__20260227T230234Z.json
2024,b18b71e1-f7a3-41ad-8525-7aab3ba2e7d2,2024-09-05 23:00:00+00:00,2024-09-05,08ed8274-e29f-4248-bc2e-83cc8ed18d75,08ed8274-e29f-4248-bc2e-83cc8ed18d75,d6a012ed-84aa-48d3-8265-2d3f3ff2199a,d6a012ed-84aa-48d3-8265-2d3f3ff2199a,1,0,10.43281325770866,0.5034371059328581,0.17275752836173908,0.2638202752767051,0.2417330994007665,a95532e4-f02b-4f3b-b907-43300c79d283,2024-08-31 02:00:00+00:00,16.6381092254134,0.5970149253731343,0.234375,0.6071428571428571,0.29850746268656714,6.3782518876399195,0.4714285714285714,0.18582755203171458,0.2857142857142857,0.18571428571428572,80.72,78.64,95.39147670961347,89.01322482197355,game_summary__b18b71e1-f7a3-41ad-8525-7aab3ba2e7d2__20260227T230236Z.json
2024,b18b71e1-f7a3-41ad-8525-7aab3ba2e7d2,2024-09-05 23:00:00+00:00,2024-09-05,d6a012ed-84aa-48d3-8265-2d3f3ff2199a,d6a012ed-84aa-48d3-8265-2d3f3ff2199a,08ed8274-e29f-4248-bc2e-83cc8ed18d75,08ed8274-e29f-4248-bc2e-83cc8ed18d75,0,0,1.3683657920174492,0.4540365318821519,0.14083182208690254,0.20980524130027328,0.2609184378058941,8b4fc9c4-d8ef-4078-805c-8e63f6d29584,2024-09-03 23:00:00+00:00,0.9907998125112414,0.49193548387096775,0.18610421836228289,0.11538461538461539,0.24193548387096775,-6.3782518876399195,0.4714285714285714,0.1780264496439471,0.2222222222222222,0.08571428571428572,78.64,80.72,89.01322482197355,95.39147670961347,game_summary__b18b71e1-f7a3-41ad-8525-7aab3ba2e7d2__20260227T230236Z.json
2024,c7abe24c-6910-46d5-b591-77dae392876b,2024-09-06 02:00:00+00:00,2024-09-06,0699edf3-5993-4182-b9b4-ec935cbd4fcc,0699edf3-5993-4182-b9b4-ec935cbd4fcc,5c0d47fe-8539-47b0-9f36-d0b3609ca89b,5c0d47fe-8539-47b0-9f36-d0b3609ca89b,1,0,-1.1452544722891367,0.4943382251540021,0.17654511005292975,0.19431977242939483,0.2913567227065532,7fb35caa-454e-4aa4-beb9-b50f6dd66b9e,2024-09-04 02:00:00+00:00,13.018774933278777,0.4727272727272727,0.24222335543090262,0.2413793103448276,0.4727272727272727,-24.34264916544808,0.4632352941176471,0.20364159080019165,0.2647058823529412,0.25,83.48,77.2,92.23766171538092,116.580310880829,game_summary__c7abe24c-6910-46d5-b591-77dae392876b__20260227T230237Z.json
2024,c7abe24c-6910-46d5-b591-77dae392876b,2024-09-06 02:00:00+00:00,2024-09-06,5c0d47fe-8539-47b0-9f36-d0b3609ca89b,5c0d47fe-8539-47b0-9f36-d0b3609ca89b,0699edf3-5993-4182-b9b4-ec935cbd4fcc,0699edf3-5993-4182-b9b4-ec935cbd4fcc,0,0,-4.475439527797683,0.4881872296731038,0.1814675081582041,0.20580516112848413,0.21642050848895422,c155a1a5-cab9-467d-9b5c-847c77dafeae,2024-09-04 00:00:00+00:00,2.2110398076595317,0.4805194805194805,0.1317680881648299,0.3,0.22077922077922077,24.34264916544808,0.6323529411764706,0.15544041450777202,0.1724137931034483,0.07352941176470588,77.2,83.48,116.580310880829,92.23766171538092,game_summary__c7abe24c-6910-46d5-b591-77dae392876b__20260227T230237Z.json
2024,6d95571c-4ce5-4ba9-952c-16054819fa25,2024-09-06 23:30:00+00:00,2024-09-06,6f017f37-be96-4bdc-b6d3-0a0429c72e89,6f017f37-be96-4bdc-b6d3-0a0429c72e89,f073a15f-0486-4179-b0a3-dfd0294eb595,f073a15f-0486-4179-b0a3-dfd0294eb595,0,0,7.090117067629254,0.5051487075824653,0.16541057957972874,0.22652445729751028,0.22700825388143445,2e1763a1-a37f-40ab-9651-cf4208ed3d34,2024-09-01 19:00:00+00:00,7.909140059292781,0.4928571428571429,0.13109596224436287,0.25,0.17142857142857143,11.474164133738611,0.541095890410959,0.11904761904761904,0.29411764705882354,0.3424657534246575,84.0,82.72,117.85714285714286,106.38297872340425,game_summary__6d95571c-4ce5-4ba9-952c-16054819fa25__20260227T230239Z.json
2024,6d95571c-4ce5-4ba9-952c-16054819fa25,2024-09-06 23:30:00+00:00,2024-09-06,f073a15f-0486-4179-b0a3-dfd0294eb595,f073a15f-0486-4179-b0a3-dfd0294eb595,6f017f37-be96-4bdc-b6d3-0a0429c72e89,6f017f37-be96-4bdc-b6d3-0a0429c72e89,1,0,3.574639540019433,0.5217702949477371,0.18196532135745339,0.24837171870060787,0.243565968842846,7f896e07-7a76-4fa3-938e-acc8750e764b,2024-09-04 23:00:00+00:00,11.003930546520166,0.5447761194029851,0.2145438121047877,0.26666666666666666,0.3582089552238806,-11.474164133738611,0.5133333333333333,0.16924564796905223,0.3076923076923077,0.17333333333333334,82.72,84.0,106.38297872340425,117.85714285714286,game_summary__6d95571c-4ce5-4ba9-952c-16054819fa25__20260227T230239Z.json
2024,6e275a01-d28d-47dd-9a8d-d8ea5a179352,2024-09-06 23:30:00+00:00,2024-09-06,5d70a9af-8c2b-4aec-9e68-9acc6ddb93e4,5d70a9af-8c2b-4aec-9e68-9acc6ddb93e4,5f0b5caf-708b-4300-92f2-53b51d83ec06,5f0b5caf-708b-4300-92f2-53b51d83ec06,1,0,-3.6839530035184525,0.43774488918605814,0.15870688639480102,0.23858440137067857,0.24633453110268538,7fb35caa-454e-4aa4-beb9-b50f6dd66b9e,2024-09-04 02:00:00+00:00,-13.018774933278777,0.40441176470588236,0.17249876786594381,0.21212121212121213,0.20588235294117646,13.226074462998952,0.5512820512820513,0.11353315168029064,0.3783783783783784,0.41025641025641024,88.08,88.68,121.48047229791099,108.25439783491204,game_summary__6e275a01-d28d-47dd-9a8d-d8ea5a179352__20260227T230241Z.json
2024,6e275a01-d28d-47dd-9a8d-d8ea5a179352,2024-09-06 23:30:00+00:00,2024-09-06,5f0b5caf-708b-4300-92f2-53b51d83ec06,5f0b5caf-708b-4300-92f2-53b51d83ec06,5d70a9af-8c2b-4aec-9e68-9acc6ddb93e4,5d70a9af-8c2b-4aec-9e68-9acc6ddb93e4,0,0,-5.843331617242299,0.478291527403343,0.16256142696287867,0.2931696485959667,0.2780837344876358,c155a1a5-cab9-467d-9b5c-847c77dafeae,2024-09-04 00:00:00+00:00,-2.2110398076595317,0.4583333333333333,0.1719056974459725,0.43243243243243246,0.3611111111111111,-13.226074462998952,0.5492957746478874,0.20297699594046006,0.30303030303030304,0.30985915492957744,88.68,88.08,108.25439783491204,121.48047229791099,game_summary__6e275a01-d28d-47dd-9a8d-d8ea5a179352__20260227T230241Z.json
2024,c21ae255-418d-419f-a064-1e221d537627,2024-09-06 23:30:00+00:00,2024-09-06,171b097d-01db-4ae8-9d56-035689402ec6,FR_LVA_ACES,a015b02d-845c-40c1-8ef4-844984f47e4d,a015b02d-845c-40c1-8ef4-844984f47e4d,0,0,8.385871013905879,0.5164458619824798,0.13496971103182706,0.15607992766174555,0.27053969179622545,a38979b0-401d-4872-88b1-c9cfade17645,2024-09-04 02:00:00+00:00,26.678260710239513,0.5901639344262295,0.1661554192229039,0.17857142857142858,0.3442622950819672,2.0216464654309902,0.4307692307692308,0.18436578171091444,0.2,0.2923076923076923,81.36,77.48,88.49557522123894,86.47392875580795,game_summary__c21ae255-418d-419f-a064-1e221d537627__20260227T230243Z.json
2024,c21ae255-418d-419f-a064-1e221d537627,2024-09-06 23:30:00+00:00,2024-09-06,a015b02d-845c-40c1-8ef4-844984f47e4d,a015b02d-845c-40c1-8ef4-844984f47e4d,171b097d-01db-4ae8-9d56-035689402ec6,FR_LVA_ACES,1,0,5.078973896573164,0.4727356523225671,0.1626084269169025,0.2288478814691743,0.33805646753403223,8b4fc9c4-d8ef-4078-805c-8e63f6d29584,2024-09-03 23:00:00+00:00,-0.9907998125112414,0.45689655172413796,0.20413718018508437,0.2,0.29310344827586204,-2.0216464654309902,0.4732142857142857,0.24522457408363446,0.16129032258064516,0.30357142857142855,77.48,81.36,86.47392875580795,88.49557522123894,game_summary__c21ae255-418d-419f-a064-1e221d537627__20260227T230243Z.json
2024,c797b2b9-de14-4abf-b369-b0a93bbd194f,2024-09-07 01:30:00+00:00,2024-09-07,0a5ad38d-2fe3-43ba-894b-1ba3d5042ea9,0a5ad38d-2fe3-43ba-894b-1ba3d5042ea9,3c409388-ab73-4c7f-953d-3a71062240f6,3c409388-ab73-4c7f-953d-3a71062240f6,0,0,-10.955120428541315,0.4639355765624692,0.1682049980613989,0.18581666471762984,0.28153844990246657,7f896e07-7a76-4fa3-938e-acc8750e764b,2024-09-04 23:00:00+00:00,-11.003930546520166,0.4675324675324675,0.14210756449497158,0.15789473684210525,0.22077922077922077,-16.427212079385995,0.4772727272727273,0.16908212560386474,0.17647058823529413,0.30303030303030304,82.8,83.16,94.20289855072464,110.63011063011064,game_summary__c797b2b9-de14-4abf-b369-b0a93bbd194f__20260227T230244Z.json
2024,c797b2b9-de14-4abf-b369-b0a93bbd194f,2024-09-07 01:30:00+00:00,2024-09-07,3c409388-ab73-4c7f-953d-3a71062240f6,3c409388-ab73-4c7f-953d-3a71062240f6,0a5ad38d-2fe3-43ba-894b-1ba3d5042ea9,0a5ad38d-2fe3-43ba-894b-1ba3d5042ea9,1,0,-9.220736194028923,0.44311189396943945,0.18283206733472013,0.2974455968702897,0.25010836264036146,a38979b0-401d-4872-88b1-c9cfade17645,2024-09-04 02:00:00+00:00,-26.678260710239513,0.475,0.22399203583872573,0.1875,0.31666666666666665,16.427212079385995,0.5642857142857143,0.16835016835016836,0.25925925925925924,0.2,83.16,82.8,110.63011063011064,94.20289855072464,game_summary__c797b2b9-de14-4abf-b369-b0a93bbd194f__20260227T230244Z.json
2024,4daa2e8b-f75f-494b-a390-3d837a0f23a1,2024-09-08 01:00:00+00:00,2024-09-08,0699edf3-5993-4182-b9b4-ec935cbd4fcc,0699edf3-5993-4182-b9b4-ec935cbd4fcc,d6a012ed-84aa-48d3-8265-2d3f3ff2199a,d6a012ed-84aa-48d3-8265-2d3f3ff2199a,0,0,-3.332219842584058,0.4914059547852421,0.17909966696912522,0.20095551695970465,0.2874577624317257,c7abe24c-6910-46d5-b591-77dae392876b,2024-09-06 02:00:00+00:00,-24.34264916544808,0.4632352941176471,0.20364159080019165,0.2647058823529412,0.25,-28.378557739621357,0.4393939393939394,0.1711427066877304,0.18421052631578946,0.13636363636363635,75.96,78.08,86.8878357030016,115.26639344262296,game_summary__4daa2e8b-f75f-494b-a390-3d837a0f23a1__20260227T230246Z.json
2024,4daa2e8b-f75f-494b-a390-3d837a0f23a1,2024-09-08 01:00:00+00:00,2024-09-08,d6a012ed-84aa-48d3-8265-2d3f3ff2199a,d6a012ed-84aa-48d3-8265-2d3f3ff2199a,0699edf3-5993-4182-b9b4-ec935cbd4fcc,0699edf3-5993-4182-b9b4-ec935cbd4fcc,1,0,0.6380430628309153,0.45567618964156553,0.14433839528204942,0.21097586876249963,0.24440083234094806,b18b71e1-f7a3-41ad-8525-7aab3ba2e7d2,2024-09-05 23:00:00+00:00,-6.3782518876399195,0.4714285714285714,0.1780264496439471,0.2222222222222222,0.08571428571428572,28.378557739621357,0.5,0.07684426229508197,0.35714285714285715,0.08333333333333333,78.08,75.96,115.26639344262296,86.8878357030016,game_summary__4daa2e8b-f75f-494b-a390-3d837a0f23a1__20260227T230246Z.json
2024,5ee16756-3a9a-4e6e-860d-1f8d7813272b,2024-09-08 19:00:00+00:00,2024-09-08,5c0d47fe-8539-47b0-9f36-d0b3609ca89b,5c0d47fe-8539-47b0-9f36-d0b3609ca89b,6f017f37-be96-4bdc-b6d3-0a0429c72e89,6f017f37-be96-4bdc-b6d3-0a0429c72e89,1,0,-1.7585757228807313,0.5017786446924279,0.1790137691389812,0.2026571453058684,0.2029492594804804,c7abe24c-6910-46d5-b591-77dae392876b,2024-09-06 02:00:00+00:00,24.34264916544808,0.6323529411764706,0.15544041450777202,0.1724137931034483,0.07352941176470588,-5.057538055039103,0.4928571428571429,0.2017145738779627,0.20512820512820512,0.04285714285714286,79.32,82.48,89.51084215834595,94.56838021338505,game_summary__5ee16756-3a9a-4e6e-860d-1f8d7813272b__20260227T230248Z.json
2024,5ee16756-3a9a-4e6e-860d-1f8d7813272b,2024-09-08 19:00:00+00:00,2024-09-08,6f017f37-be96-4bdc-b6d3-0a0429c72e89,6f017f37-be96-4bdc-b6d3-0a0429c72e89,5c0d47fe-8539-47b0-9f36-d0b3609ca89b,5c0d47fe-8539-47b0-9f36-d0b3609ca89b,0,0,7.503428960716615,0.5085376762595711,0.16103964954688432,0.23289689554892132,0.23789316387162118,6d95571c-4ce5-4ba9-952c-16054819fa25,2024-09-06 23:30:00+00:00,11.474164133738611,0.541095890410959,0.11904761904761904,0.29411764705882354,0.3424657534246575,5.057538055039103,0.4621212121212121,0.19398642095053345,0.20588235294117646,0.25757575757575757,82.48,79.32,94.56838021338505,89.51084215834595,game_summary__5ee16756-3a9a-4e6e-860d-1f8d7813272b__20260227T230248Z.json
2024,7052cf45-ef41-49f0-8587-bbbad5fabe93,2024-09-08 20:00:00+00:00,2024-09-08,5d70a9af-8c2b-4aec-9e68-9acc6ddb93e4,5d70a9af-8c2b-4aec-9e68-9acc6ddb93e4,f073a15f-0486-4179-b0a3-dfd0294eb595,f073a15f-0486-4179-b0a3-dfd0294eb595,0,0,-2.0897375767784983,0.44844875679834323,0.15444807221440263,0.2517636652809402,0.26178848521627324,6e275a01-d28d-47dd-9a8d-d8ea5a179352,2024-09-06 23:30:00+00:00,13.226074462998952,0.5512820512820513,0.11353315168029064,0.3783783783783784,0.41025641025641024,-8.933839022334595,0.4627659574468085,0.08428150021070376,0.3333333333333333,0.19148936170212766,94.92,91.0,105.35187526337968,114.28571428571428,game_summary__7052cf45-ef41-49f0-8587-bbbad5fabe93__20260227T230250Z.json
2024,7052cf45-ef41-49f0-8587-bbbad5fabe93,2024-09-08 20:00:00+00:00,2024-09-08,f073a15f-0486-4179-b0a3-dfd0294eb595,f073a15f-0486-4179-b0a3-dfd0294eb595,5d70a9af-8c2b-4aec-9e68-9acc6ddb93e4,5d70a9af-8c2b-4aec-9e68-9acc6ddb93e4,1,0,2.1558934724456655,0.520974889121985,0.18076615715863503,0.25396424646445215,0.23694469331792054,6d95571c-4ce5-4ba9-952c-16054819fa25,2024-09-06 23:30:00+00:00,-11.474164133738611,0.5133333333333333,0.16924564796905223,0.3076923076923077,0.17333333333333334,8.933839022334595,0.6176470588235294,0.2087912087912088,0.23333333333333334,0.36764705882352944,91.0,94.92,114.28571428571428,105.35187526337968,game_summary__7052cf45-ef41-49f0-8587-bbbad5fabe93__20260227T230250Z.json
2024,7612e175-5b95-4980-8f6c-578f737c96cd,2024-09-08 20:00:00+00:00,2024-09-08,08ed8274-e29f-4248-bc2e-83cc8ed18d75,08ed8274-e29f-4248-bc2e-83cc8ed18d75,171b097d-01db-4ae8-9d56-035689402ec6,FR_LVA_ACES,1,0,10.050564068721464,0.5004194585875116,0.17398972230132836,0.265884362355328,0.23645185091412219,b18b71e1-f7a3-41ad-8525-7aab3ba2e7d2,2024-09-05 23:00:00+00:00,6.3782518876399195,0.4714285714285714,0.18582755203171458,0.2857142857142857,0.18571428571428572,3.565281534300482,0.427536231884058,0.13805220883534136,0.2857142857142857,0.3188405797101449,79.68,78.4,94.12650602409639,90.5612244897959,game_summary__7612e175-5b95-4980-8f6c-578f737c96cd__20260227T230251Z.json
2024,7612e175-5b95-4980-8f6c-578f737c96cd,2024-09-08 20:00:00+00:00,2024-09-08,171b097d-01db-4ae8-9d56-035689402ec6,FR_LVA_ACES,08ed8274-e29f-4248-bc2e-83cc8ed18d75,08ed8274-e29f-4248-bc2e-83cc8ed18d75,0,0,7.785875243673974,0.5083685831334821,0.13962659157521248,0.16022055114706035,0.27259189912074794,c21ae255-418d-419f-a064-1e221d537627,2024-09-06 23:30:00+00:00,2.0216464654309902,0.4307692307692308,0.18436578171091444,0.2,0.2923076923076923,-3.565281534300482,0.4765625,0.1530612244897959,0.06451612903225806,0.15625,78.4,79.68,90.5612244897959,94.12650602409639,game_summary__7612e175-5b95-4980-8f6c-578f737c96cd__20260227T230251Z.json
2024,292335ab-cd08-46e6-96f2-c439e018a8e7,2024-09-08 22:00:00+00:00,2024-09-08,3c409388-ab73-4c7f-953d-3a71062240f6,3c409388-ab73-4c7f-953d-3a71062240f6,5f0b5caf-708b-4300-92f2-53b51d83ec06,5f0b5caf-708b-4300-92f2-53b51d83ec06,1,0,-6.802741611662505,0.4545357177360016,0.18146676696395633,0.2938455288851404,0.24538432982089284,c797b2b9-de14-4abf-b369-b0a93bbd194f,2024-09-07 01:30:00+00:00,16.427212079385995,0.5642857142857143,0.16835016835016836,0.25925925925925924,0.2,14.457240845028977,0.5357142857142857,0.16256386437529027,0.27586206896551724,0.32857142857142857,86.12,83.36,106.82768230376219,92.37044145873321,game_summary__292335ab-cd08-46e6-96f2-c439e018a8e7__20260227T230253Z.json
2024,292335ab-cd08-46e6-96f2-c439e018a8e7,2024-09-08 22:00:00+00:00,2024-09-08,5f0b5caf-708b-4300-92f2-53b51d83ec06,5f0b5caf-708b-4300-92f2-53b51d83ec06,3c409388-ab73-4c7f-953d-3a71062240f6,3c409388-ab73-4c7f-953d-3a71062240f6,0,0,-6.539349560422094,0.48498554765525825,0.16637165871277437,0.2940992749639958,0.28107940469337583,6e275a01-d28d-47dd-9a8d-d8ea5a179352,2024-09-06 23:30:00+00:00,-13.226074462998952,0.5492957746478874,0.20297699594046006,0.30303030303030304,0.30985915492957744,-14.457240845028977,0.42567567567567566,0.16794625719769674,0.3023255813953488,0.25675675675675674,83.36,86.12,92.37044145873321,106.82768230376219,game_summary__292335ab-cd08-46e6-96f2-c439e018a8e7__20260227T230253Z.json
2024,bd317e51-d277-4811-be2a-5489396c04c1,2024-09-09 01:00:00+00:00,2024-09-09,0a5ad38d-2fe3-43ba-894b-1ba3d5042ea9,0a5ad38d-2fe3-43ba-894b-1ba3d5042ea9,a015b02d-845c-40c1-8ef4-844984f47e4d,a015b02d-845c-40c1-8ef4-844984f47e4d,1,0,-11.471009178195022,0.4651929542605924,0.1682876904320758,0.18493555087336597,0.28356462306353725,c797b2b9-de14-4abf-b369-b0a93bbd194f,2024-09-07 01:30:00+00:00,-16.427212079385995,0.4772727272727273,0.16908212560386474,0.17647058823529413,0.30303030303030304,-11.269109781782802,0.4722222222222222,0.25380710659898476,0.13793103448275862,0.37037037037037035,78.8,82.04,85.0253807106599,96.2944904924427,game_summary__bd317e51-d277-4811-be2a-5489396c04c1__20260227T230255Z.json
2024,bd317e51-d277-4811-be2a-5489396c04c1,2024-09-09 01:00:00+00:00,2024-09-09,a015b02d-845c-40c1-8ef4-844984f47e4d,a015b02d-845c-40c1-8ef4-844984f47e4d,0a5ad38d-2fe3-43ba-894b-1ba3d5042ea9,0a5ad38d-2fe3-43ba-894b-1ba3d5042ea9,0,0,4.409553427390319,0.4727807761248992,0.1703971745444158,0.22247880236588843,0.33480534442292154,c21ae255-418d-419f-a064-1e221d537627,2024-09-06 23:30:00+00:00,-2.0216464654309902,0.4732142857142857,0.24522457408363446,0.16129032258064516,0.30357142857142855,11.269109781782802,0.5072463768115942,0.1706484641638225,0.25,0.2318840579710145,82.04,78.8,96.2944904924427,85.0253807106599,game_summary__bd317e51-d277-4811-be2a-5489396c04c1__20260227T230255Z.json
2024,253d0160-8c92-4439-a536-347bf1e02e4e,2024-09-10 23:30:00+00:00,2024-09-10,5d70a9af-8c2b-4aec-9e68-9acc6ddb93e4,5d70a9af-8c2b-4aec-9e68-9acc6ddb93e4,6f017f37-be96-4bdc-b6d3-0a0429c72e89,6f017f37-be96-4bdc-b6d3-0a0429c72e89,1,0,-2.734974382471626,0.44979853001347897,0.14783302491473113,0.2594537546921293,0.25516094144590057,7052cf45-ef41-49f0-8587-bbbad5fabe93,2024-09-08 20:00:00+00:00,-8.933839022334595,0.4627659574468085,0.08428150021070376,0.3333333333333333,0.19148936170212766,-19.713082982354933,0.3357142857142857,0.1276161306789178,0.23255813953488372,0.2714285714285714,78.36,74.96,81.6743236345074,101.38740661686234,game_summary__253d0160-8c92-4439-a536-347bf1e02e4e__20260227T230256Z.json
2024,253d0160-8c92-4439-a536-347bf1e02e4e,2024-09-10 23:30:00+00:00,2024-09-10,6f017f37-be96-4bdc-b6d3-0a0429c72e89,6f017f37-be96-4bdc-b6d3-0a0429c72e89,5d70a9af-8c2b-4aec-9e68-9acc6ddb93e4,5d70a9af-8c2b-4aec-9e68-9acc6ddb93e4,0,0,7.272839328519105,0.5041617021027809,0.16414575042915505,0.23035006346027656,0.23974876668382947,5ee16756-3a9a-4e6e-860d-1f8d7813272b,2024-09-08 19:00:00+00:00,5.057538055039103,0.4621212121212121,0.19398642095053345,0.20588235294117646,0.25757575757575757,19.713082982354933,0.5546875,0.14674493062966917,0.12903225806451613,0.140625,74.96,78.36,101.38740661686234,81.6743236345074,game_summary__253d0160-8c92-4439-a536-347bf1e02e4e__20260227T230256Z.json
2024,41caf4df-fe9d-4fdf-852b-50c7350891ec,2024-09-11 00:00:00+00:00,2024-09-11,08ed8274-e29f-4248-bc2e-83cc8ed18d75,08ed8274-e29f-4248-bc2e-83cc8ed18d75,5f0b5caf-708b-4300-92f2-53b51d83ec06,5f0b5caf-708b-4300-92f2-53b51d83ec06,0,0,9.43915539516297,0.493548295037287,0.1706016652162886,0.26775385486753805,0.24421915837096597,7612e175-5b95-4980-8f6c-578f737c96cd,2024-09-08 20:00:00+00:00,3.565281534300482,0.427536231884058,0.13805220883534136,0.2857142857142857,0.3188405797101449,22.42655796956018,0.6571428571428571,0.13388510223953262,0.17857142857142858,0.2,82.16,86.36,127.79941577409932,105.37285780453914,game_summary__41caf4df-fe9d-4fdf-852b-50c7350891ec__20260227T230258Z.json
2024,41caf4df-fe9d-4fdf-852b-50c7350891ec,2024-09-11 00:00:00+00:00,2024-09-11,5f0b5caf-708b-4300-92f2-53b51d83ec06,5f0b5caf-708b-4300-92f2-53b51d83ec06,08ed8274-e29f-4248-bc2e-83cc8ed18d75,08ed8274-e29f-4248-bc2e-83cc8ed18d75,1,0,-7.28581933749158,0.4793940302520464,0.16652010608818846,0.29487482099098605,0.2787863545705123,292335ab-cd08-46e6-96f2-c439e018a8e7,2024-09-08 22:00:00+00:00,-14.457240845028977,0.42567567567567566,0.16794625719769674,0.3023255813953488,0.25675675675675674,-22.42655796956018,0.5138888888888888,0.12737378415933304,0.16666666666666666,0.2638888888888889,86.36,82.16,105.37285780453914,127.79941577409932,game_summary__41caf4df-fe9d-4fdf-852b-50c7350891ec__20260227T230258Z.json
2024,8b509acd-62e3-45d0-a8ff-340cf39f7693,2024-09-11 02:00:00+00:00,2024-09-11,0a5ad38d-2fe3-43ba-894b-1ba3d5042ea9,0a5ad38d-2fe3-43ba-894b-1ba3d5042ea9,a015b02d-845c-40c1-8ef4-844984f47e4d,a015b02d-845c-40c1-8ef4-844984f47e4d,1,0,-11.45197484291395,0.46585564788692196,0.176350147622582,0.18050413730501239,0.2917483508404587,bd317e51-d277-4811-be2a-5489396c04c1,2024-09-09 01:00:00+00:00,-11.269109781782802,0.4722222222222222,0.25380710659898476,0.13793103448275862,0.37037037037037035,-29.816802500287366,0.43283582089552236,0.18230432668935342,0.14285714285714285,0.1791044776119403,82.28,78.16,80.21390374331551,110.03070624360288,game_summary__8b509acd-62e3-45d0-a8ff-340cf39f7693__20260227T230300Z.json
2024,8b509acd-62e3-45d0-a8ff-340cf39f7693,2024-09-11 02:00:00+00:00,2024-09-11,a015b02d-845c-40c1-8ef4-844984f47e4d,a015b02d-845c-40c1-8ef4-844984f47e4d,0a5ad38d-2fe3-43ba-894b-1ba3d5042ea9,0a5ad38d-2fe3-43ba-894b-1ba3d5042ea9,0,0,5.056247265257677,0.4760300666665842,0.17042086520894198,0.2250734000339013,0.3251023026669909,bd317e51-d277-4811-be2a-5489396c04c1,2024-09-09 01:00:00+00:00,11.269109781782802,0.5072463768115942,0.1706484641638225,0.25,0.2318840579710145,29.816802500287366,0.5967741935483871,0.1663254861821904,0.12,0.22580645161290322,78.16,82.28,110.03070624360288,80.21390374331551,game_summary__8b509acd-62e3-45d0-a8ff-340cf39f7693__20260227T230300Z.json
2024,7a5d90a8-f032-43fe-bf96-1dd6ee104717,2024-09-11 23:00:00+00:00,2024-09-11,171b097d-01db-4ae8-9d56-035689402ec6,FR_LVA_ACES,f073a15f-0486-4179-b0a3-dfd0294eb595,f073a15f-0486-4179-b0a3-dfd0294eb595,0,0,6.715729776280623,0.5053700221615398,0.14089315953835893,0.15119788891633645,0.2616236111790656,7612e175-5b95-4980-8f6c-578f737c96cd,2024-09-08 20:00:00+00:00,-3.565281534300482,0.4765625,0.1530612244897959,0.06451612903225806,0.15625,19.380094176846015,0.5142857142857142,0.12272950417280314,0.18181818181818182,0.24285714285714285,81.48,87.04,105.54737358861071,86.1672794117647,game_summary__7a5d90a8-f032-43fe-bf96-1dd6ee104717__20260227T230302Z.json
2024,7a5d90a8-f032-43fe-bf96-1dd6ee104717,2024-09-11 23:00:00+00:00,2024-09-11,f073a15f-0486-4179-b0a3-dfd0294eb595,f073a15f-0486-4179-b0a3-dfd0294eb595,171b097d-01db-4ae8-9d56-035689402ec6,FR_LVA_ACES,1,0,2.7948933427079536,0.5300887870491043,0.18340825633536892,0.2520192395715606,0.2492668334098289,7052cf45-ef41-49f0-8587-bbbad5fabe93,2024-09-08 20:00:00+00:00,8.933839022334595,0.6176470588235294,0.2087912087912088,0.23333333333333334,0.36764705882352944,-19.380094176846015,0.4452054794520548,0.1608455882352941,0.2,0.2191780821917808,87.04,81.48,86.1672794117647,105.54737358861071,game_summary__7a5d90a8-f032-43fe-bf96-1dd6ee104717__20260227T230302Z.json
2024,1e5a8176-2f81-4f0b-83d0-f2858ba1cb18,2024-09-12 00:00:00+00:00,2024-09-12,3c409388-ab73-4c7f-953d-3a71062240f6,3c409388-ab73-4c7f-953d-3a71062240f6,5c0d47fe-8539-47b0-9f36-d0b3609ca89b,5c0d47fe-8539-47b0-9f36-d0b3609ca89b,1,0,-4.798428367832005,0.46218893566529756,0.1796846705731206,0.2921501141800614,0.25322690467160985,292335ab-cd08-46e6-96f2-c439e018a8e7,2024-09-08 22:00:00+00:00,14.457240845028977,0.5357142857142857,0.16256386437529027,0.27586206896551724,0.32857142857142857,-39.33256548325639,0.36428571428571427,0.2004008016032064,0.28205128205128205,0.15714285714285714,79.84,79.48,72.64529058116233,111.97785606441872,game_summary__1e5a8176-2f81-4f0b-83d0-f2858ba1cb18__20260227T230303Z.json
2024,1e5a8176-2f81-4f0b-83d0-f2858ba1cb18,2024-09-12 00:00:00+00:00,2024-09-12,5c0d47fe-8539-47b0-9f36-d0b3609ca89b,5c0d47fe-8539-47b0-9f36-d0b3609ca89b,3c409388-ab73-4c7f-953d-3a71062240f6,3c409388-ab73-4c7f-953d-3a71062240f6,0,0,-2.0695898032880193,0.5009375581901344,0.18115391782803292,0.20289010777130298,0.18785636134499684,5ee16756-3a9a-4e6e-860d-1f8d7813272b,2024-09-08 19:00:00+00:00,-5.057538055039103,0.4928571428571429,0.2017145738779627,0.20512820512820512,0.04285714285714286,39.33256548325639,0.5661764705882353,0.16356316054353295,0.3,0.25,79.48,79.84,111.97785606441872,72.64529058116233,game_summary__1e5a8176-2f81-4f0b-83d0-f2858ba1cb18__20260227T230303Z.json
2024,8b7d4428-0bdd-4bdb-a980-cc8b869079c9,2024-09-12 02:00:00+00:00,2024-09-12,0a5ad38d-2fe3-43ba-894b-1ba3d5042ea9,0a5ad38d-2fe3-43ba-894b-1ba3d5042ea9,d6a012ed-84aa-48d3-8265-2d3f3ff2199a,d6a012ed-84aa-48d3-8265-2d3f3ff2199a,1,0,-13.183343500875978,0.46274265959153305,0.17691148580731375,0.1769549166169902,0.28112869922935296,8b509acd-62e3-45d0-a8ff-340cf39f7693,2024-09-11 02:00:00+00:00,-29.816802500287366,0.43283582089552236,0.18230432668935342,0.14285714285714285,0.1791044776119403,-6.2937692810015875,0.5461538461538461,0.16539440203562342,0.2,0.23076923076923078,78.6,81.36,104.32569974554708,110.61946902654867,game_summary__8b7d4428-0bdd-4bdb-a980-cc8b869079c9__20260227T230305Z.json
2024,8b7d4428-0bdd-4bdb-a980-cc8b869079c9,2024-09-12 02:00:00+00:00,2024-09-12,d6a012ed-84aa-48d3-8265-2d3f3ff2199a,d6a012ed-84aa-48d3-8265-2d3f3ff2199a,0a5ad38d-2fe3-43ba-894b-1ba3d5042ea9,0a5ad38d-2fe3-43ba-894b-1ba3d5042ea9,0,0,3.2533171379920343,0.4598548760680202,0.13797529574035355,0.22475595683257987,0.2292159787283333,4daa2e8b-f75f-494b-a390-3d837a0f23a1,2024-09-08 01:00:00+00:00,28.378557739621357,0.5,0.07684426229508197,0.35714285714285715,0.08333333333333333,6.2937692810015875,0.5142857142857142,0.07374631268436578,0.08571428571428572,0.2714285714285714,81.36,78.6,110.61946902654867,104.32569974554708,game_summary__8b7d4428-0bdd-4bdb-a980-cc8b869079c9__20260227T230305Z.json
2024,a40e4461-2445-4c74-8274-5c8fcf621094,2024-09-13 00:00:00+00:00,2024-09-13,08ed8274-e29f-4248-bc2e-83cc8ed18d75,08ed8274-e29f-4248-bc2e-83cc8ed18d75,5f0b5caf-708b-4300-92f2-53b51d83ec06,5f0b5caf-708b-4300-92f2-53b51d83ec06,0,0,10.663560120606643,0.5089713908989508,0.16714016219801653,0.25934606250428666,0.24005033815041732,41caf4df-fe9d-4fdf-852b-50c7350891ec,2024-09-11 00:00:00+00:00,22.42655796956018,0.6571428571428571,0.13388510223953262,0.17857142857142858,0.2,42.216578457465715,0.5652173913043478,0.121300339640951,0.25,0.37681159420289856,82.44,86.04,120.08733624454149,77.87075778707577,game_summary__a40e4461-2445-4c74-8274-5c8fcf621094__20260227T230307Z.json
2024,a40e4461-2445-4c74-8274-5c8fcf621094,2024-09-13 00:00:00+00:00,2024-09-13,5f0b5caf-708b-4300-92f2-53b51d83ec06,5f0b5caf-708b-4300-92f2-53b51d83ec06,08ed8274-e29f-4248-bc2e-83cc8ed18d75,08ed8274-e29f-4248-bc2e-83cc8ed18d75,1,0,-8.713232696060917,0.48264607912606244,0.1628295342991905,0.2827878259898016,0.27738187609429465,41caf4df-fe9d-4fdf-852b-50c7350891ec,2024-09-11 00:00:00+00:00,-22.42655796956018,0.5138888888888888,0.12737378415933304,0.16666666666666666,0.2638888888888889,-42.216578457465715,0.39436619718309857,0.19758251975825197,0.21951219512195122,0.22535211267605634,86.04,82.44,77.87075778707577,120.08733624454149,game_summary__a40e4461-2445-4c74-8274-5c8fcf621094__20260227T230307Z.json
2024,2d056329-4643-4e48-ba4a-04ce4f07d454,2024-09-13 23:30:00+00:00,2024-09-13,5f0b5caf-708b-4300-92f2-53b51d83ec06,5f0b5caf-708b-4300-92f2-53b51d83ec06,d6a012ed-84aa-48d3-8265-2d3f3ff2199a,d6a012ed-84aa-48d3-8265-2d3f3ff2199a,1,0,-11.871805369345534,0.4743233753372649,0.16610591842416056,0.2768224313701911,0.27247670065000734,a40e4461-2445-4c74-8274-5c8fcf621094,2024-09-13 00:00:00+00:00,-42.216578457465715,0.39436619718309857,0.19758251975825197,0.21951219512195122,0.22535211267605634,-2.172725029087175,0.41025641025641024,0.21027003098716246,0.35714285714285715,0.24358974358974358,90.36,90.4,89.64143426294821,91.81415929203538,game_summary__2d056329-4643-4e48-ba4a-04ce4f07d454__20260227T230309Z.json
2024,2d056329-4643-4e48-ba4a-04ce4f07d454,2024-09-13 23:30:00+00:00,2024-09-13,d6a012ed-84aa-48d3-8265-2d3f3ff2199a,d6a012ed-84aa-48d3-8265-2d3f3ff2199a,5f0b5caf-708b-4300-92f2-53b51d83ec06,5f0b5caf-708b-4300-92f2-53b51d83ec06,0,0,3.539959825015927,0.46498641604622853,0.1319200225697794,0.21164761756492412,0.2331956272900319,8b7d4428-0bdd-4bdb-a980-cc8b869079c9,2024-09-12 02:00:00+00:00,6.2937692810015875,0.5142857142857142,0.07374631268436578,0.08571428571428572,0.2714285714285714,2.172725029087175,0.49324324324324326,0.18805309734513273,0.15625,0.13513513513513514,90.4,90.36,91.81415929203538,89.64143426294821,game_summary__2d056329-4643-4e48-ba4a-04ce4f07d454__20260227T230309Z.json
2024,38b9bab0-048e-4066-9aa5-a4800aeb0288,2024-09-13 23:30:00+00:00,2024-09-13,5c0d47fe-8539-47b0-9f36-d0b3609ca89b,5c0d47fe-8539-47b0-9f36-d0b3609ca89b,5d70a9af-8c2b-4aec-9e68-9acc6ddb93e4,5d70a9af-8c2b-4aec-9e68-9acc6ddb93e4,0,0,1.8336536887041108,0.5070880437984353,0.17949552568842725,0.21204527257435146,0.1937150358866984,1e5a8176-2f81-4f0b-83d0-f2858ba1cb18,2024-09-12 00:00:00+00:00,39.33256548325639,0.5661764705882353,0.16356316054353295,0.3,0.25,8.470523314632587,0.5,0.2544529262086514,0.25,0.25,78.6,83.0,91.60305343511452,83.13253012048193,game_summary__38b9bab0-048e-4066-9aa5-a4800aeb0288__20260227T230311Z.json
2024,38b9bab0-048e-4066-9aa5-a4800aeb0288,2024-09-13 23:30:00+00:00,2024-09-13,5d70a9af-8c2b-4aec-9e68-9acc6ddb93e4,5d70a9af-8c2b-4aec-9e68-9acc6ddb93e4,5c0d47fe-8539-47b0-9f36-d0b3609ca89b,5c0d47fe-8539-47b0-9f36-d0b3609ca89b,1,0,-4.335608248998078,0.4390430854957298,0.14592705020621452,0.25691813464773605,0.2566945939917774,253d0160-8c92-4439-a536-347bf1e02e4e,2024-09-10 23:30:00+00:00,-19.713082982354933,0.3357142857142857,0.1276161306789178,0.23255813953488372,0.2714285714285714,-8.470523314632587,0.3219178082191781,0.1927710843373494,0.40476190476190477,0.3424657534246575,83.0,78.6,83.13253012048193,91.60305343511452,game_summary__38b9bab0-048e-4066-9aa5-a4800aeb0288__20260227T230311Z.json
2024,820aa54c-4909-4110-a96f-0371763e55a6,2024-09-13 23:30:00+00:00,2024-09-13,171b097d-01db-4ae8-9d56-035689402ec6,FR_LVA_ACES,f073a15f-0486-4179-b0a3-dfd0294eb595,f073a15f-0486-4179-b0a3-dfd0294eb595,0,0,7.909679646392554,0.5062105609455582,0.1391807566669211,0.15408465793028833,0.2598543773109672,7a5d90a8-f032-43fe-bf96-1dd6ee104717,2024-09-11 23:00:00+00:00,19.380094176846015,0.5142857142857142,0.12272950417280314,0.18181818181818182,0.24285714285714285,1.4101422286994278,0.4642857142857143,0.10474860335195531,0.030303030303030304,0.2571428571428571,85.92,82.8,90.78212290502793,89.3719806763285,game_summary__820aa54c-4909-4110-a96f-0371763e55a6__20260227T230313Z.json
2024,820aa54c-4909-4110-a96f-0371763e55a6,2024-09-13 23:30:00+00:00,2024-09-13,f073a15f-0486-4179-b0a3-dfd0294eb595,f073a15f-0486-4179-b0a3-dfd0294eb595,171b097d-01db-4ae8-9d56-035689402ec6,FR_LVA_ACES,1,0,0.7043167743708054,0.5220862998436948,0.18128113066246423,0.2471150562769759,0.24643017619811639,7a5d90a8-f032-43fe-bf96-1dd6ee104717,2024-09-11 23:00:00+00:00,-19.380094176846015,0.4452054794520548,0.1608455882352941,0.2,0.2191780821917808,-1.4101422286994278,0.5080645161290323,0.18115942028985507,0.09090909090909091,0.3225806451612903,82.8,85.92,89.3719806763285,90.78212290502793,game_summary__820aa54c-4909-4110-a96f-0371763e55a6__20260227T230313Z.json
2024,f532779d-07f9-4a19-80c8-00b9f66c3db6,2024-09-13 23:30:00+00:00,2024-09-13,3c409388-ab73-4c7f-953d-3a71062240f6,3c409388-ab73-4c7f-953d-3a71062240f6,6f017f37-be96-4bdc-b6d3-0a0429c72e89,6f017f37-be96-4bdc-b6d3-0a0429c72e89,0,0,-8.054180272882034,0.4529589786968709,0.18163771149726587,0.2911980332917462,0.2441684527479064,1e5a8176-2f81-4f0b-83d0-f2858ba1cb18,2024-09-12 00:00:00+00:00,-39.33256548325639,0.36428571428571427,0.2004008016032064,0.28205128205128205,0.15714285714285714,-17.86774263838484,0.39705882352941174,0.1529051987767584,0.21951219512195122,0.25,78.48,81.4,84.09785932721712,101.96560196560196,game_summary__f532779d-07f9-4a19-80c8-00b9f66c3db6__20260227T230314Z.json
2024,f532779d-07f9-4a19-80c8-00b9f66c3db6,2024-09-13 23:30:00+00:00,2024-09-13,6f017f37-be96-4bdc-b6d3-0a0429c72e89,6f017f37-be96-4bdc-b6d3-0a0429c72e89,3c409388-ab73-4c7f-953d-3a71062240f6,3c409388-ab73-4c7f-953d-3a71062240f6,1,0,8.445659915866935,0.5089250891886732,0.16250526489965544,0.22079819202274167,0.23040374117651857,253d0160-8c92-4439-a536-347bf1e02e4e,2024-09-10 23:30:00+00:00,19.713082982354933,0.5546875,0.14674493062966917,0.12903225806451613,0.140625,17.86774263838484,0.5068493150684932,0.13513513513513511,0.21875,0.136986301369863,81.4,78.48,101.96560196560196,84.09785932721712,game_summary__f532779d-07f9-4a19-80c8-00b9f66c3db6__20260227T230314Z.json
2024,d05a4690-b53b-41e8-be80-357c9bb7d7f2,2024-09-14 02:00:00+00:00,2024-09-14,0699edf3-5993-4182-b9b4-ec935cbd4fcc,0699edf3-5993-4182-b9b4-ec935cbd4fcc,a015b02d-845c-40c1-8ef4-844984f47e4d,a015b02d-845c-40c1-8ef4-844984f47e4d,1,0,-5.693496803124782,0.4865024525599008,0.17834951391019768,0.19937686059986115,0.2732131618747789,4daa2e8b-f75f-494b-a390-3d837a0f23a1,2024-09-08 01:00:00+00:00,-28.378557739621357,0.4393939393939394,0.1711427066877304,0.18421052631578946,0.13636363636363635,-21.33874626796907,0.4166666666666667,0.12370113805047006,0.16666666666666666,0.1527777777777778,80.84,82.48,85.35378525482434,106.69253152279342,game_summary__d05a4690-b53b-41e8-be80-357c9bb7d7f2__20260227T230316Z.json
2024,d05a4690-b53b-41e8-be80-357c9bb7d7f2,2024-09-14 02:00:00+00:00,2024-09-14,a015b02d-845c-40c1-8ef4-844984f47e4d,a015b02d-845c-40c1-8ef4-844984f47e4d,0699edf3-5993-4182-b9b4-ec935cbd4fcc,0699edf3-5993-4182-b9b4-ec935cbd4fcc,0,0,7.390581683607419,0.48741338051065447,0.1700347678808494,0.2151674648953724,0.3157410536758146,8b509acd-62e3-45d0-a8ff-340cf39f7693,2024-09-11 02:00:00+00:00,29.816802500287366,0.5967741935483871,0.1663254861821904,0.12,0.22580645161290322,21.33874626796907,0.49333333333333335,0.09699321047526673,0.22857142857142856,0.22666666666666666,82.48,80.84,106.69253152279342,85.35378525482434,game_summary__d05a4690-b53b-41e8-be80-357c9bb7d7f2__20260227T230316Z.json
2024,1b548840-159a-4a5a-8dd2-309b94242f6e,2024-09-15 19:00:00+00:00,2024-09-15,5f0b5caf-708b-4300-92f2-53b51d83ec06,5f0b5caf-708b-4300-92f2-53b51d83ec06,f073a15f-0486-4179-b0a3-dfd0294eb595,f073a15f-0486-4179-b0a3-dfd0294eb595,0,0,-10.957411614855994,0.4682833766277097,0.17026954912763673,0.2843947467968009,0.2697533441877998,2d056329-4643-4e48-ba4a-04ce4f07d454,2024-09-13 23:30:00+00:00,-2.172725029087175,0.41025641025641024,0.21027003098716246,0.35714285714285715,0.24358974358974358,2.913863490977775,0.6418918918918919,0.15738498789346247,0.4074074074074074,0.20270270270270271,82.6,85.24,131.96125907990316,129.04739558892538,game_summary__1b548840-159a-4a5a-8dd2-309b94242f6e__20260227T230318Z.json
2024,1b548840-159a-4a5a-8dd2-309b94242f6e,2024-09-15 19:00:00+00:00,2024-09-15,f073a15f-0486-4179-b0a3-dfd0294eb595,f073a15f-0486-4179-b0a3-dfd0294eb595,5f0b5caf-708b-4300-92f2-53b51d83ec06,5f0b5caf-708b-4300-92f2-53b51d83ec06,1,0,0.5049733274971511,0.5207643774545924,0.18126965625451355,0.23238853024197262,0.25360936337654955,820aa54c-4909-4110-a96f-0371763e55a6,2024-09-13 23:30:00+00:00,-1.4101422286994278,0.5080645161290323,0.18115942028985507,0.09090909090909091,0.3225806451612903,-2.913863490977775,0.6052631578947368,0.11731581417175035,0.3125,0.27631578947368424,85.24,82.6,129.04739558892538,131.96125907990316,game_summary__1b548840-159a-4a5a-8dd2-309b94242f6e__20260227T230318Z.json
2024,8370aff2-76b9-4a79-b611-be27521dca4f,2024-09-15 19:00:00+00:00,2024-09-15,5c0d47fe-8539-47b0-9f36-d0b3609ca89b,5c0d47fe-8539-47b0-9f36-d0b3609ca89b,5d70a9af-8c2b-4aec-9e68-9acc6ddb93e4,5d70a9af-8c2b-4aec-9e68-9acc6ddb93e4,1,0,2.4593534377948236,0.5064198090015819,0.1865622347457767,0.2156235051999038,0.19902137606033798,38b9bab0-048e-4066-9aa5-a4800aeb0288,2024-09-13 23:30:00+00:00,8.470523314632587,0.5,0.2544529262086514,0.25,0.25,0.29353362686696016,0.4745762711864407,0.23741690408357077,0.125,0.3559322033898305,84.24,88.0,86.65716999050332,86.36363636363636,game_summary__8370aff2-76b9-4a79-b611-be27521dca4f__20260227T230320Z.json
2024,8370aff2-76b9-4a79-b611-be27521dca4f,2024-09-15 19:00:00+00:00,2024-09-15,5d70a9af-8c2b-4aec-9e68-9acc6ddb93e4,5d70a9af-8c2b-4aec-9e68-9acc6ddb93e4,5c0d47fe-8539-47b0-9f36-d0b3609ca89b,5c0d47fe-8539-47b0-9f36-d0b3609ca89b,0,0,-4.725432889966067,0.4280009435320226,0.1503433340951944,0.2708563035555092,0.2647807846149456,38b9bab0-048e-4066-9aa5-a4800aeb0288,2024-09-13 23:30:00+00:00,-8.470523314632587,0.3219178082191781,0.1927710843373494,0.40476190476190477,0.3424657534246575,-0.29353362686696016,0.42424242424242425,0.20454545454545456,0.2413793103448276,0.3787878787878788,88.0,84.24,86.36363636363636,86.65716999050332,game_summary__8370aff2-76b9-4a79-b611-be27521dca4f__20260227T230320Z.json
2024,98f38f82-247f-4572-890a-d590c4691cea,2024-09-15 19:00:00+00:00,2024-09-15,08ed8274-e29f-4248-bc2e-83cc8ed18d75,08ed8274-e29f-4248-bc2e-83cc8ed18d75,6f017f37-be96-4bdc-b6d3-0a0429c72e89,6f017f37-be96-4bdc-b6d3-0a0429c72e89,1,0,13.638263070819477,0.5142740577169824,0.16281855169654366,0.258464949977822,0.2529436882417109,a40e4461-2445-4c74-8274-5c8fcf621094,2024-09-13 00:00:00+00:00,42.216578457465715,0.5652173913043478,0.121300339640951,0.25,0.37681159420289856,-10.614655874589005,0.4492753623188406,0.15560165975103735,0.34146341463414637,0.3333333333333333,77.12,77.84,102.43775933609957,113.05241521068858,game_summary__98f38f82-247f-4572-890a-d590c4691cea__20260227T230321Z.json
2024,98f38f82-247f-4572-890a-d590c4691cea,2024-09-15 19:00:00+00:00,2024-09-15,6f017f37-be96-4bdc-b6d3-0a0429c72e89,6f017f37-be96-4bdc-b6d3-0a0429c72e89,08ed8274-e29f-4248-bc2e-83cc8ed18d75,08ed8274-e29f-4248-bc2e-83cc8ed18d75,0,0,9.333939349948277,0.5087293928108068,0.15992490935683507,0.2206050959839537,0.22159668725770004,f532779d-07f9-4a19-80c8-00b9f66c3db6,2024-09-13 23:30:00+00:00,17.86774263838484,0.5068493150684932,0.13513513513513511,0.21875,0.136986301369863,10.614655874589005,0.5984848484848485,0.20554984583761562,0.3,0.16666666666666666,77.84,77.12,113.05241521068858,102.43775933609957,game_summary__98f38f82-247f-4572-890a-d590c4691cea__20260227T230321Z.json
2024,0e4d52b1-8443-4d0f-8841-379edbe9b7a6,2024-09-15 22:00:00+00:00,2024-09-15,0699edf3-5993-4182-b9b4-ec935cbd4fcc,0699edf3-5993-4182-b9b4-ec935cbd4fcc,3c409388-ab73-4c7f-953d-3a71062240f6,3c409388-ab73-4c7f-953d-3a71062240f6,0,0,-7.168473594347376,0.47991859056263636,0.1731974652802138,0.1962930633746226,0.2618589551691447,d05a4690-b53b-41e8-be80-357c9bb7d7f2,2024-09-14 02:00:00+00:00,-21.33874626796907,0.4166666666666667,0.12370113805047006,0.16666666666666666,0.1527777777777778,0.5390625640520881,0.6136363636363636,0.1019367991845056,0.10344827586206896,0.25757575757575757,78.48,74.6,118.50152905198776,117.96246648793567,game_summary__0e4d52b1-8443-4d0f-8841-379edbe9b7a6__20260227T230323Z.json
2024,0e4d52b1-8443-4d0f-8841-379edbe9b7a6,2024-09-15 22:00:00+00:00,2024-09-15,3c409388-ab73-4c7f-953d-3a71062240f6,3c409388-ab73-4c7f-953d-3a71062240f6,0699edf3-5993-4182-b9b4-ec935cbd4fcc,0699edf3-5993-4182-b9b4-ec935cbd4fcc,1,0,-8.979366973219266,0.4476889169006038,0.17892891548148573,0.28443975514492736,0.24471822965450568,f532779d-07f9-4a19-80c8-00b9f66c3db6,2024-09-13 23:30:00+00:00,-17.86774263838484,0.39705882352941174,0.1529051987767584,0.21951219512195122,0.25,-0.5390625640520881,0.5416666666666666,0.09383378016085792,0.2894736842105263,0.20833333333333334,74.6,78.48,117.96246648793567,118.50152905198776,game_summary__0e4d52b1-8443-4d0f-8841-379edbe9b7a6__20260227T230323Z.json
2024,338864de-cf4b-4235-99fd-12e0a7169d5d,2024-09-15 22:00:00+00:00,2024-09-15,171b097d-01db-4ae8-9d56-035689402ec6,FR_LVA_ACES,a015b02d-845c-40c1-8ef4-844984f47e4d,a015b02d-845c-40c1-8ef4-844984f47e4d,1,0,7.2969270746728165,0.5022580400261705,0.13593461942088275,0.1424149796461409,0.2595987451252433,820aa54c-4909-4110-a96f-0371763e55a6,2024-09-13 23:30:00+00:00,1.4101422286994278,0.4642857142857143,0.10474860335195531,0.030303030303030304,0.2571428571428571,14.275735566174603,0.5633802816901409,0.09133611691022965,0.12903225806451613,0.08450704225352113,76.64,74.48,109.60334029227556,95.32760472610096,game_summary__338864de-cf4b-4235-99fd-12e0a7169d5d__20260227T230325Z.json
2024,338864de-cf4b-4235-99fd-12e0a7169d5d,2024-09-15 22:00:00+00:00,2024-09-15,a015b02d-845c-40c1-8ef4-844984f47e4d,a015b02d-845c-40c1-8ef4-844984f47e4d,171b097d-01db-4ae8-9d56-035689402ec6,FR_LVA_ACES,0,0,8.705563530864984,0.48797149197050715,0.16314867749219356,0.21643114147509068,0.30734344686065346,d05a4690-b53b-41e8-be80-357c9bb7d7f2,2024-09-14 02:00:00+00:00,21.33874626796907,0.49333333333333335,0.09699321047526673,0.22857142857142856,0.22666666666666666,-14.275735566174603,0.46875,0.13426423200859292,0.19444444444444445,0.265625,74.48,76.64,95.32760472610096,109.60334029227556,game_summary__338864de-cf4b-4235-99fd-12e0a7169d5d__20260227T230325Z.json
2024,c44c5a58-485a-449c-806a-975d6d3cf059,2024-09-15 22:00:00+00:00,2024-09-15,0a5ad38d-2fe3-43ba-894b-1ba3d5042ea9,0a5ad38d-2fe3-43ba-894b-1ba3d5042ea9,d6a012ed-84aa-48d3-8265-2d3f3ff2199a,d6a012ed-84aa-48d3-8265-2d3f3ff2199a,0,0,-12.533819688644368,0.4706063606200276,0.17582569735095316,0.1791275226350731,0.27638099307331526,8b7d4428-0bdd-4bdb-a980-cc8b869079c9,2024-09-12 02:00:00+00:00,-6.2937692810015875,0.5461538461538461,0.16539440203562342,0.2,0.23076923076923078,-2.447677184081158,0.4726027397260274,0.18867924528301888,0.38235294117647056,0.273972602739726,84.8,85.68,102.59433962264151,105.04201680672267,game_summary__c44c5a58-485a-449c-806a-975d6d3cf059__20260227T230326Z.json
2024,c44c5a58-485a-449c-806a-975d6d3cf059,2024-09-15 22:00:00+00:00,2024-09-15,d6a012ed-84aa-48d3-8265-2d3f3ff2199a,d6a012ed-84aa-48d3-8265-2d3f3ff2199a,0a5ad38d-2fe3-43ba-894b-1ba3d5042ea9,0a5ad38d-2fe3-43ba-894b-1ba3d5042ea9,1,0,3.4110619383648793,0.46765036617389105,0.13721204317319982,0.20642493317239363,0.2239508434091903,2d056329-4643-4e48-ba4a-04ce4f07d454,2024-09-13 23:30:00+00:00,2.172725029087175,0.49324324324324326,0.18805309734513273,0.15625,0.13513513513513514,2.447677184081158,0.5,0.18674136321195142,0.3235294117647059,0.30985915492957744,85.68,84.8,105.04201680672267,102.59433962264151,game_summary__c44c5a58-485a-449c-806a-975d6d3cf059__20260227T230326Z.json
2024,60236ed2-fd09-4a96-89ea-361c4184766c,2024-09-17 23:00:00+00:00,2024-09-17,6f017f37-be96-4bdc-b6d3-0a0429c72e89,6f017f37-be96-4bdc-b6d3-0a0429c72e89,a015b02d-845c-40c1-8ef4-844984f47e4d,a015b02d-845c-40c1-8ef4-844984f47e4d,0,0,9.45468061100807,0.5171912082840787,0.16422626118643507,0.22809015661070536,0.21641808619446928,98f38f82-247f-4572-890a-d590c4691cea,2024-09-15 19:00:00+00:00,10.614655874589005,0.5984848484848485,0.20554984583761562,0.3,0.16666666666666666,2.6875982230141915,0.515625,0.19054878048780488,0.20689655172413793,0.203125,78.72,78.84,99.08536585365853,96.39776763064434,game_summary__60236ed2-fd09-4a96-89ea-361c4184766c__20260227T230328Z.json
2024,60236ed2-fd09-4a96-89ea-361c4184766c,2024-09-17 23:00:00+00:00,2024-09-17,a015b02d-845c-40c1-8ef4-844984f47e4d,a015b02d-845c-40c1-8ef4-844984f47e4d,6f017f37-be96-4bdc-b6d3-0a0429c72e89,6f017f37-be96-4bdc-b6d3-0a0429c72e89,1,0,6.538970861540902,0.486159360140147,0.16042555781223075,0.2143583162441017,0.3034103845580301,338864de-cf4b-4235-99fd-12e0a7169d5d,2024-09-15 22:00:00+00:00,-14.275735566174603,0.46875,0.13426423200859292,0.19444444444444445,0.265625,-2.6875982230141915,0.5075757575757576,0.20294266869609334,0.24242424242424243,0.16666666666666666,78.84,78.72,96.39776763064434,99.08536585365853,game_summary__60236ed2-fd09-4a96-89ea-361c4184766c__20260227T230328Z.json
2024,735f832b-7b1e-4fa4-8d31-8a385d6623ea,2024-09-17 23:00:00+00:00,2024-09-17,08ed8274-e29f-4248-bc2e-83cc8ed18d75,08ed8274-e29f-4248-bc2e-83cc8ed18d75,5c0d47fe-8539-47b0-9f36-d0b3609ca89b,5c0d47fe-8539-47b0-9f36-d0b3609ca89b,0,0,11.351786741741888,0.5081462188872191,0.162138169568518,0.2662897410973419,0.26052252941207404,98f38f82-247f-4572-890a-d590c4691cea,2024-09-15 19:00:00+00:00,-10.614655874589005,0.4492753623188406,0.15560165975103735,0.34146341463414637,0.3333333333333333,21.44490233713445,0.5066666666666667,0.14705882352941177,0.3157894736842105,0.2,81.6,83.36,106.61764705882352,85.17274472168907,game_summary__735f832b-7b1e-4fa4-8d31-8a385d6623ea__20260227T230330Z.json
2024,735f832b-7b1e-4fa4-8d31-8a385d6623ea,2024-09-17 23:00:00+00:00,2024-09-17,5c0d47fe-8539-47b0-9f36-d0b3609ca89b,5c0d47fe-8539-47b0-9f36-d0b3609ca89b,08ed8274-e29f-4248-bc2e-83cc8ed18d75,08ed8274-e29f-4248-bc2e-83cc8ed18d75,1,0,2.2551678821559062,0.5034177169394967,0.1913566266260146,0.20707985319809608,0.21381435389828138,8370aff2-76b9-4a79-b611-be27521dca4f,2024-09-15 19:00:00+00:00,0.29353362686696016,0.4745762711864407,0.23741690408357077,0.125,0.3559322033898305,-21.44490233713445,0.45081967213114754,0.20393474088291746,0.08333333333333333,0.3114754098360656,83.36,81.6,85.17274472168907,106.61764705882352,game_summary__735f832b-7b1e-4fa4-8d31-8a385d6623ea__20260227T230330Z.json
2024,4187dcb3-15f4-4741-b48d-70e9f7084f0e,2024-09-17 23:30:00+00:00,2024-09-17,3c409388-ab73-4c7f-953d-3a71062240f6,3c409388-ab73-4c7f-953d-3a71062240f6,5d70a9af-8c2b-4aec-9e68-9acc6ddb93e4,5d70a9af-8c2b-4aec-9e68-9acc6ddb93e4,0,0,-8.183646001025792,0.4565487947892717,0.17090645793448994,0.28491433553158746,0.2412879949532079,0e4d52b1-8443-4d0f-8841-379edbe9b7a6,2024-09-15 22:00:00+00:00,-0.5390625640520881,0.5416666666666666,0.09383378016085792,0.2894736842105263,0.20833333333333334,-19.34215152646685,0.45901639344262296,0.1841136244082062,0.17647058823529413,0.26229508196721313,76.04,77.2,92.0568122041031,111.39896373056995,game_summary__4187dcb3-15f4-4741-b48d-70e9f7084f0e__20260227T230331Z.json
2024,4187dcb3-15f4-4741-b48d-70e9f7084f0e,2024-09-17 23:30:00+00:00,2024-09-17,5d70a9af-8c2b-4aec-9e68-9acc6ddb93e4,5d70a9af-8c2b-4aec-9e68-9acc6ddb93e4,3c409388-ab73-4c7f-953d-3a71062240f6,3c409388-ab73-4c7f-953d-3a71062240f6,1,0,-4.307609667089591,0.42764660410560584,0.1554533114003713,0.26807732064708845,0.27552895570148944,8370aff2-76b9-4a79-b611-be27521dca4f,2024-09-15 19:00:00+00:00,-0.29353362686696016,0.42424242424242425,0.20454545454545456,0.2413793103448276,0.3787878787878788,19.34215152646685,0.5241935483870968,0.11658031088082901,0.23333333333333334,0.4838709677419355,77.2,76.04,111.39896373056995,92.0568122041031,game_summary__4187dcb3-15f4-4741-b48d-70e9f7084f0e__20260227T230331Z.json
2024,15ff444e-7cca-4097-98ac-c8f2549ff082,2024-09-18 02:00:00+00:00,2024-09-18,171b097d-01db-4ae8-9d56-035689402ec6,FR_LVA_ACES,d6a012ed-84aa-48d3-8265-2d3f3ff2199a,d6a012ed-84aa-48d3-8265-2d3f3ff2199a,0,0,7.954863567055538,0.5080204210022256,0.1317300360248614,0.14115330569324896,0.2430917409607045,338864de-cf4b-4235-99fd-12e0a7169d5d,2024-09-15 22:00:00+00:00,14.275735566174603,0.5633802816901409,0.09133611691022965,0.12903225806451613,0.08450704225352113,18.411806387967843,0.6083333333333333,0.1483279395900755,0.10714285714285714,0.23333333333333334,74.16,74.84,114.61704422869472,96.20523784072688,game_summary__15ff444e-7cca-4097-98ac-c8f2549ff082__20260227T230333Z.json
2024,15ff444e-7cca-4097-98ac-c8f2549ff082,2024-09-18 02:00:00+00:00,2024-09-18,d6a012ed-84aa-48d3-8265-2d3f3ff2199a,d6a012ed-84aa-48d3-8265-2d3f3ff2199a,171b097d-01db-4ae8-9d56-035689402ec6,FR_LVA_ACES,1,0,3.3202375538269937,0.470700171113421,0.14188148597795358,0.2174651143123626,0.23204996422860721,c44c5a58-485a-449c-806a-975d6d3cf059,2024-09-15 22:00:00+00:00,2.447677184081158,0.5,0.18674136321195142,0.3235294117647059,0.30985915492957744,-18.411806387967843,0.49206349206349204,0.14698022447888828,0.125,0.1746031746031746,74.84,74.16,96.20523784072688,114.61704422869472,game_summary__15ff444e-7cca-4097-98ac-c8f2549ff082__20260227T230333Z.json
2024,f3555981-c295-4028-92f5-31cee8d4f701,2024-09-18 02:30:00+00:00,2024-09-18,0699edf3-5993-4182-b9b4-ec935cbd4fcc,0699edf3-5993-4182-b9b4-ec935cbd4fcc,0a5ad38d-2fe3-43ba-894b-1ba3d5042ea9,0a5ad38d-2fe3-43ba-894b-1ba3d5042ea9,0,0,-6.44183532778003,0.49252501223081785,0.16647927079859715,0.18753999701574287,0.26145515099480654,0e4d52b1-8443-4d0f-8841-379edbe9b7a6,2024-09-15 22:00:00+00:00,0.5390625640520881,0.6136363636363636,0.1019367991845056,0.10344827586206896,0.25757575757575757,16.81632064194342,0.5234375,0.1525165226232842,0.21212121212121213,0.34375,78.68,88.8,108.03253685815963,91.21621621621621,game_summary__f3555981-c295-4028-92f5-31cee8d4f701__20260227T230335Z.json
2024,f3555981-c295-4028-92f5-31cee8d4f701,2024-09-18 02:30:00+00:00,2024-09-18,0a5ad38d-2fe3-43ba-894b-1ba3d5042ea9,0a5ad38d-2fe3-43ba-894b-1ba3d5042ea9,0699edf3-5993-4182-b9b4-ec935cbd4fcc,0699edf3-5993-4182-b9b4-ec935cbd4fcc,1,0,-11.582935131602085,0.47079457192688134,0.17703748275119657,0.19828687042358994,0.2761539388576423,c44c5a58-485a-449c-806a-975d6d3cf059,2024-09-15 22:00:00+00:00,-2.447677184081158,0.4726027397260274,0.18867924528301888,0.38235294117647056,0.273972602739726,-16.81632064194342,0.39156626506024095,0.22522522522522523,0.5609756097560976,0.24096385542168675,88.8,78.68,91.21621621621621,108.03253685815963,game_summary__f3555981-c295-4028-92f5-31cee8d4f701__20260227T230335Z.json
2024,3f34d770-c522-425b-b460-b4079537d9fe,2024-09-19 23:00:00+00:00,2024-09-19,3c409388-ab73-4c7f-953d-3a71062240f6,3c409388-ab73-4c7f-953d-3a71062240f6,a015b02d-845c-40c1-8ef4-844984f47e4d,a015b02d-845c-40c1-8ef4-844984f47e4d,0,0,-9.235629014255325,0.456781430948377,0.1721515811950885,0.27469065640300205,0.2432684661413776,4187dcb3-15f4-4741-b48d-70e9f7084f0e,2024-09-17 23:30:00+00:00,-19.34215152646685,0.45901639344262296,0.1841136244082062,0.17647058823529413,0.26229508196721313,-40.85025111409777,0.3870967741935484,0.21063717746182203,0.17647058823529413,0.14516129032258066,75.96,77.72,71.09004739336493,111.9402985074627,game_summary__3f34d770-c522-425b-b460-b4079537d9fe__20260227T230337Z.json
2024,3f34d770-c522-425b-b460-b4079537d9fe,2024-09-19 23:00:00+00:00,2024-09-19,a015b02d-845c-40c1-8ef4-844984f47e4d,a015b02d-845c-40c1-8ef4-844984f47e4d,3c409388-ab73-4c7f-953d-3a71062240f6,3c409388-ab73-4c7f-953d-3a71062240f6,1,0,5.669123736833127,0.4881784196150442,0.1644339152324465,0.21700426892340507,0.2905186879003023,60236ed2-fd09-4a96-89ea-361c4184766c,2024-09-17 23:00:00+00:00,-2.6875982230141915,0.5075757575757576,0.20294266869609334,0.24242424242424243,0.16666666666666666,40.85025111409777,0.5428571428571428,0.14153371075656201,0.3333333333333333,0.18571428571428572,77.72,75.96,111.9402985074627,71.09004739336493,game_summary__3f34d770-c522-425b-b460-b4079537d9fe__20260227T230337Z.json
2024,8d33a692-2aba-4d75-8008-2303840342d2,2024-09-19 23:00:00+00:00,2024-09-19,5c0d47fe-8539-47b0-9f36-d0b3609ca89b,5c0d47fe-8539-47b0-9f36-d0b3609ca89b,f073a15f-0486-4179-b0a3-dfd0294eb595,f073a15f-0486-4179-b0a3-dfd0294eb595,1,0,0.020812105193102504,0.49845896600808265,0.19254244514862534,0.19541348474515255,0.2230214803962133,735f832b-7b1e-4fa4-8d31-8a385d6623ea,2024-09-17 23:00:00+00:00,-21.44490233713445,0.45081967213114754,0.20393474088291746,0.08333333333333333,0.3114754098360656,2.4828350696211743,0.5492957746478874,0.1674641148325359,0.21621621621621623,0.2112676056338028,83.6,84.6,110.04784688995215,107.56501182033098,game_summary__8d33a692-2aba-4d75-8008-2303840342d2__20260227T230338Z.json
2024,8d33a692-2aba-4d75-8008-2303840342d2,2024-09-19 23:00:00+00:00,2024-09-19,f073a15f-0486-4179-b0a3-dfd0294eb595,f073a15f-0486-4179-b0a3-dfd0294eb595,5c0d47fe-8539-47b0-9f36-d0b3609ca89b,5c0d47fe-8539-47b0-9f36-d0b3609ca89b,0,0,0.18265791977169193,0.5287306128486579,0.17524032236670586,0.2399411460611923,0.2557500420266498,1b548840-159a-4a5a-8dd2-309b94242f6e,2024-09-15 19:00:00+00:00,-2.913863490977775,0.6052631578947368,0.11731581417175035,0.3125,0.27631578947368424,-2.4828350696211743,0.609375,0.20094562647754138,0.12,0.234375,84.6,83.6,107.56501182033098,110.04784688995215,game_summary__8d33a692-2aba-4d75-8008-2303840342d2__20260227T230338Z.json
2024,f75aec20-78e4-4850-88a7-e0b892e947eb,2024-09-19 23:00:00+00:00,2024-09-19,08ed8274-e29f-4248-bc2e-83cc8ed18d75,08ed8274-e29f-4248-bc2e-83cc8ed18d75,5d70a9af-8c2b-4aec-9e68-9acc6ddb93e4,5d70a9af-8c2b-4aec-9e68-9acc6ddb93e4,1,0,12.303328696236317,0.5080067321253352,0.16071654407865452,0.27095639450554837,0.25481668710962374,735f832b-7b1e-4fa4-8d31-8a385d6623ea,2024-09-17 23:00:00+00:00,21.44490233713445,0.5066666666666667,0.14705882352941177,0.3157894736842105,0.2,-12.480870094943768,0.4666666666666667,0.2252252252252252,0.2571428571428571,0.2833333333333333,75.48,77.04,88.76523582405935,101.24610591900311,game_summary__f75aec20-78e4-4850-88a7-e0b892e947eb__20260227T230340Z.json
2024,f75aec20-78e4-4850-88a7-e0b892e947eb,2024-09-19 23:00:00+00:00,2024-09-19,5d70a9af-8c2b-4aec-9e68-9acc6ddb93e4,5d70a9af-8c2b-4aec-9e68-9acc6ddb93e4,08ed8274-e29f-4248-bc2e-83cc8ed18d75,08ed8274-e29f-4248-bc2e-83cc8ed18d75,0,0,-2.0779968407274336,0.4367486962389816,0.1517885073523216,0.2648017848342863,0.2951706771765477,4187dcb3-15f4-4741-b48d-70e9f7084f0e,2024-09-17 23:30:00+00:00,19.34215152646685,0.5241935483870968,0.11658031088082901,0.23333333333333334,0.4838709677419355,12.480870094943768,0.5403225806451613,0.22066458982346832,0.32142857142857145,0.25806451612903225,77.04,75.48,101.24610591900311,88.76523582405935,game_summary__f75aec20-78e4-4850-88a7-e0b892e947eb__20260227T230340Z.json
2024,358cd10a-011d-4c02-948f-b139633e1020,2024-09-20 00:00:00+00:00,2024-09-20,0a5ad38d-2fe3-43ba-894b-1ba3d5042ea9,0a5ad38d-2fe3-43ba-894b-1ba3d5042ea9,6f017f37-be96-4bdc-b6d3-0a0429c72e89,6f017f37-be96-4bdc-b6d3-0a0429c72e89,0,0,-12.07631954101143,0.46332521746891975,0.1815804465390425,0.23247983578060186,0.27283634673705304,f3555981-c295-4028-92f5-31cee8d4f701,2024-09-18 02:30:00+00:00,-16.81632064194342,0.39156626506024095,0.22522522522522523,0.5609756097560976,0.24096385542168675,19.260464882215047,0.5084745762711864,0.25654181631605955,0.18518518518518517,0.15254237288135594,77.96,75.04,87.22421754746024,67.9637526652452,game_summary__358cd10a-011d-4c02-948f-b139633e1020__20260227T230342Z.json
2024,358cd10a-011d-4c02-948f-b139633e1020,2024-09-20 00:00:00+00:00,2024-09-20,6f017f37-be96-4bdc-b6d3-0a0429c72e89,6f017f37-be96-4bdc-b6d3-0a0429c72e89,0a5ad38d-2fe3-43ba-894b-1ba3d5042ea9,0a5ad38d-2fe3-43ba-894b-1ba3d5042ea9,1,0,8.816704879843755,0.5170435519060562,0.1667078518535108,0.22609210120096124,0.21516486273743068,60236ed2-fd09-4a96-89ea-361c4184766c,2024-09-17 23:00:00+00:00,2.6875982230141915,0.515625,0.19054878048780488,0.20689655172413793,0.203125,-19.260464882215047,0.3482142857142857,0.23987206823027715,0.16216216216216217,0.2857142857142857,75.04,77.96,67.9637526652452,87.22421754746024,game_summary__358cd10a-011d-4c02-948f-b139633e1020__20260227T230342Z.json
2024,25e26b25-3a53-4e14-beaa-b7cf154f8806,2024-09-20 02:00:00+00:00,2024-09-20,171b097d-01db-4ae8-9d56-035689402ec6,FR_LVA_ACES,5f0b5caf-708b-4300-92f2-53b51d83ec06,5f0b5caf-708b-4300-92f2-53b51d83ec06,1,0,8.940705819212997,0.5174775548038183,0.13329482555389083,0.1379469252271771,0.2421717540469768,15ff444e-7cca-4097-98ac-c8f2549ff082,2024-09-18 02:00:00+00:00,18.411806387967843,0.6083333333333333,0.1483279395900755,0.10714285714285714,0.23333333333333334,15.666629643952987,0.5666666666666667,0.1528692380056444,0.2777777777777778,0.21333333333333335,85.04,84.36,115.2398871119473,99.57325746799431,game_summary__25e26b25-3a53-4e14-beaa-b7cf154f8806__20260227T230344Z.json
2024,25e26b25-3a53-4e14-beaa-b7cf154f8806,2024-09-20 02:00:00+00:00,2024-09-20,5f0b5caf-708b-4300-92f2-53b51d83ec06,5f0b5caf-708b-4300-92f2-53b51d83ec06,171b097d-01db-4ae8-9d56-035689402ec6,FR_LVA_ACES,0,0,-9.649678625890695,0.4846505512994004,0.16905483990691147,0.2959919296883165,0.26343205539983033,1b548840-159a-4a5a-8dd2-309b94242f6e,2024-09-15 19:00:00+00:00,2.913863490977775,0.6418918918918919,0.15738498789346247,0.4074074074074074,0.20270270270270271,-15.666629643952987,0.4928571428571429,0.1541014698909436,0.2,0.2714285714285714,84.36,85.04,99.57325746799431,115.2398871119473,game_summary__25e26b25-3a53-4e14-beaa-b7cf154f8806__20260227T230344Z.json
2024,a8477eb2-d85e-477c-838d-8a7ad399c8aa,2024-09-20 02:00:00+00:00,2024-09-20,0699edf3-5993-4182-b9b4-ec935cbd4fcc,0699edf3-5993-4182-b9b4-ec935cbd4fcc,d6a012ed-84aa-48d3-8265-2d3f3ff2199a,d6a012ed-84aa-48d3-8265-2d3f3ff2199a,1,0,-4.24914160697596,0.49543932830618315,0.1651629140638228,0.1898574239038272,0.26921360780897124,f3555981-c295-4028-92f5-31cee8d4f701,2024-09-18 02:30:00+00:00,16.81632064194342,0.5234375,0.1525165226232842,0.21212121212121213,0.34375,-21.806715834001707,0.42857142857142855,0.16225661507738393,0.16666666666666666,0.36507936507936506,80.12,81.52,87.3689465801298,109.17566241413151,game_summary__a8477eb2-d85e-477c-838d-8a7ad399c8aa__20260227T230346Z.json
2024,a8477eb2-d85e-477c-838d-8a7ad399c8aa,2024-09-20 02:00:00+00:00,2024-09-20,d6a012ed-84aa-48d3-8265-2d3f3ff2199a,d6a012ed-84aa-48d3-8265-2d3f3ff2199a,0699edf3-5993-4182-b9b4-ec935cbd4fcc,0699edf3-5993-4182-b9b4-ec935cbd4fcc,0,0,1.2714200829388114,0.47271422673174784,0.14236217636069826,0.20874784215157405,0.2266340914029192,15ff444e-7cca-4097-98ac-c8f2549ff082,2024-09-18 02:00:00+00:00,-18.411806387967843,0.49206349206349204,0.14698022447888828,0.125,0.1746031746031746,21.806715834001707,0.532051282051282,0.1349362119725221,0.2894736842105263,0.10256410256410256,81.52,80.12,109.17566241413151,87.3689465801298,game_summary__a8477eb2-d85e-477c-838d-8a7ad399c8aa__20260227T230346Z.json
2024,9f959f32-b9c5-490e-88f3-b6eb6a4db589,2024-09-22 17:00:00+00:00,2024-09-22,08ed8274-e29f-4248-bc2e-83cc8ed18d75,08ed8274-e29f-4248-bc2e-83cc8ed18d75,5d70a9af-8c2b-4aec-9e68-9acc6ddb93e4,5d70a9af-8c2b-4aec-9e68-9acc6ddb93e4,1,1,9.966765250048946,0.5041093422348017,0.16679818616032122,0.26965410481944024,0.2575051320230776,f75aec20-78e4-4850-88a7-e0b892e947eb,2024-09-19 23:00:00+00:00,-12.480870094943768,0.4666666666666667,0.2252252252252252,0.2571428571428571,0.2833333333333333,15.125184557924442,0.4925373134328358,0.17874165872259296,0.1875,0.26865671641791045,83.92,82.36,98.90371782650142,83.77853326857698,game_summary__9f959f32-b9c5-490e-88f3-b6eb6a4db589__20260227T230348Z.json
2024,9f959f32-b9c5-490e-88f3-b6eb6a4db589,2024-09-22 17:00:00+00:00,2024-09-22,5d70a9af-8c2b-4aec-9e68-9acc6ddb93e4,5d70a9af-8c2b-4aec-9e68-9acc6ddb93e4,08ed8274-e29f-4248-bc2e-83cc8ed18d75,08ed8274-e29f-4248-bc2e-83cc8ed18d75,0,1,-0.7054402135629878,0.44651326253874996,0.1582818920275583,0.2701403507789052,0.2916724442797546,f75aec20-78e4-4850-88a7-e0b892e947eb,2024-09-19 23:00:00+00:00,12.480870094943768,0.5403225806451613,0.22066458982346832,0.32142857142857145,0.25806451612903225,-15.125184557924442,0.41911764705882354,0.1942690626517727,0.24390243902439024,0.27941176470588236,82.36,83.92,83.77853326857698,98.90371782650142,game_summary__9f959f32-b9c5-490e-88f3-b6eb6a4db589__20260227T230348Z.json
2024,73f6c803-6dda-4755-bc00-359f5a82ed23,2024-09-22 19:00:00+00:00,2024-09-22,a015b02d-845c-40c1-8ef4-844984f47e4d,a015b02d-845c-40c1-8ef4-844984f47e4d,f073a15f-0486-4179-b0a3-dfd0294eb595,f073a15f-0486-4179-b0a3-dfd0294eb595,1,1,8.985871513026392,0.49333332928503726,0.16227496786685283,0.22797134685558107,0.2806381128931928,3f34d770-c522-425b-b460-b4079537d9fe,2024-09-19 23:00:00+00:00,40.85025111409777,0.5428571428571428,0.14153371075656201,0.3333333333333333,0.18571428571428572,26.641621154047996,0.5547945205479452,0.13317191283292978,0.25806451612903225,0.2054794520547945,82.6,80.28,112.59079903147699,85.949177877429,game_summary__73f6c803-6dda-4755-bc00-359f5a82ed23__20260227T230350Z.json
2024,73f6c803-6dda-4755-bc00-359f5a82ed23,2024-09-22 19:00:00+00:00,2024-09-22,f073a15f-0486-4179-b0a3-dfd0294eb595,f073a15f-0486-4179-b0a3-dfd0294eb595,a015b02d-845c-40c1-8ef4-844984f47e4d,a015b02d-845c-40c1-8ef4-844984f47e4d,0,1,-0.06863499219851285,0.5363334701669693,0.17766372424725738,0.2286335343065555,0.2537348813881723,8d33a692-2aba-4d75-8008-2303840342d2,2024-09-19 23:00:00+00:00,-2.4828350696211743,0.609375,0.20094562647754138,0.12,0.234375,-26.641621154047996,0.44776119402985076,0.17438963627304435,0.17647058823529413,0.1791044776119403,80.28,82.6,85.949177877429,112.59079903147699,game_summary__73f6c803-6dda-4755-bc00-359f5a82ed23__20260227T230350Z.json
2024,15b57249-5451-4573-b786-b70382b81df8,2024-09-22 21:00:00+00:00,2024-09-22,0699edf3-5993-4182-b9b4-ec935cbd4fcc,0699edf3-5993-4182-b9b4-ec935cbd4fcc,6f017f37-be96-4bdc-b6d3-0a0429c72e89,6f017f37-be96-4bdc-b6d3-0a0429c72e89,0,1,-5.904405369514418,0.489135267740822,0.16488891884482784,0.18767108428856244,0.27825148012698975,a8477eb2-d85e-477c-838d-8a7ad399c8aa,2024-09-20 02:00:00+00:00,-21.806715834001707,0.42857142857142855,0.16225661507738393,0.16666666666666666,0.36507936507936506,-6.749672346002612,0.5945945945945946,0.13278609367455335,0.21875,0.14864864864864866,82.84,84.0,114.6788990825688,121.42857142857142,game_summary__15b57249-5451-4573-b786-b70382b81df8__20260227T230351Z.json
2024,15b57249-5451-4573-b786-b70382b81df8,2024-09-22 21:00:00+00:00,2024-09-22,6f017f37-be96-4bdc-b6d3-0a0429c72e89,6f017f37-be96-4bdc-b6d3-0a0429c72e89,0699edf3-5993-4182-b9b4-ec935cbd4fcc,0699edf3-5993-4182-b9b4-ec935cbd4fcc,1,1,6.169692196836612,0.5011269473244826,0.173605506080515,0.22006502080455143,0.22181600382398434,358cd10a-011d-4c02-948f-b139633e1020,2024-09-20 00:00:00+00:00,-19.260464882215047,0.3482142857142857,0.23987206823027715,0.16216216216216217,0.2857142857142857,6.749672346002612,0.5652173913043478,0.11904761904761904,0.2,0.36231884057971014,84.0,82.84,121.42857142857142,114.6788990825688,game_summary__15b57249-5451-4573-b786-b70382b81df8__20260227T230351Z.json
2024,8049589b-00ff-416d-a7a3-3778b10c380a,2024-09-23 02:00:00+00:00,2024-09-23,171b097d-01db-4ae8-9d56-035689402ec6,FR_LVA_ACES,d6a012ed-84aa-48d3-8265-2d3f3ff2199a,d6a012ed-84aa-48d3-8265-2d3f3ff2199a,1,1,9.574801271849573,0.5221149240283605,0.13514022943402912,0.1511296656285017,0.23945297341367863,25e26b25-3a53-4e14-beaa-b7cf154f8806,2024-09-20 02:00:00+00:00,15.666629643952987,0.5666666666666667,0.1528692380056444,0.2777777777777778,0.21333333333333335,15.302733849108748,0.4855072463768116,0.11712649661634565,0.16666666666666666,0.15942028985507245,76.84,77.72,101.50963040083289,86.20689655172414,game_summary__8049589b-00ff-416d-a7a3-3778b10c380a__20260227T230353Z.json
2024,8049589b-00ff-416d-a7a3-3778b10c380a,2024-09-23 02:00:00+00:00,2024-09-23,d6a012ed-84aa-48d3-8265-2d3f3ff2199a,d6a012ed-84aa-48d3-8265-2d3f3ff2199a,171b097d-01db-4ae8-9d56-035689402ec6,FR_LVA_ACES,0,1,3.2074125196059873,0.4783083068806434,0.14166208364887428,0.2163583787401027,0.21493722748037758,a8477eb2-d85e-477c-838d-8a7ad399c8aa,2024-09-20 02:00:00+00:00,21.806715834001707,0.532051282051282,0.1349362119725221,0.2894736842105263,0.10256410256410256,-15.302733849108748,0.39705882352941174,0.18013381369016984,0.2702702702702703,0.19117647058823528,77.72,76.84,86.20689655172414,101.50963040083289,game_summary__8049589b-00ff-416d-a7a3-3778b10c380a__20260227T230353Z.json
2024,eb2ce690-caf8-4096-8ac7-fabc81acf690,2024-09-24 23:30:00+00:00,2024-09-24,08ed8274-e29f-4248-bc2e-83cc8ed18d75,08ed8274-e29f-4248-bc2e-83cc8ed18d75,5d70a9af-8c2b-4aec-9e68-9acc6ddb93e4,5d70a9af-8c2b-4aec-9e68-9acc6ddb93e4,1,1,10.453082120585762,0.5030183737623198,0.16792417298945675,0.2619089168513845,0.2585564625374743,9f959f32-b9c5-490e-88f3-b6eb6a4db589,2024-09-22 17:00:00+00:00,15.125184557924442,0.4925373134328358,0.17874165872259296,0.1875,0.26865671641791045,11.683364354549497,0.5492957746478874,0.11974454497072912,0.3333333333333333,0.19718309859154928,75.16,74.96,121.07503991484833,109.39167556029884,game_summary__eb2ce690-caf8-4096-8ac7-fabc81acf690__20260227T230355Z.json
2024,eb2ce690-caf8-4096-8ac7-fabc81acf690,2024-09-24 23:30:00+00:00,2024-09-24,5d70a9af-8c2b-4aec-9e68-9acc6ddb93e4,5d70a9af-8c2b-4aec-9e68-9acc6ddb93e4,08ed8274-e29f-4248-bc2e-83cc8ed18d75,08ed8274-e29f-4248-bc2e-83cc8ed18d75,0,1,-2.0648808726006407,0.4439305042960675,0.1616746306075188,0.26766673660132256,0.2905165523358955,9f959f32-b9c5-490e-88f3-b6eb6a4db589,2024-09-22 17:00:00+00:00,-15.125184557924442,0.41911764705882354,0.1942690626517727,0.24390243902439024,0.27941176470588236,-11.683364354549497,0.5923076923076923,0.18676627534685167,0.2857142857142857,0.13846153846153847,74.96,75.16,109.39167556029884,121.07503991484833,game_summary__eb2ce690-caf8-4096-8ac7-fabc81acf690__20260227T230355Z.json
2024,a696ada0-7a5a-4641-acc4-897f13083336,2024-09-25 01:30:00+00:00,2024-09-25,171b097d-01db-4ae8-9d56-035689402ec6,FR_LVA_ACES,d6a012ed-84aa-48d3-8265-2d3f3ff2199a,d6a012ed-84aa-48d3-8265-2d3f3ff2199a,1,1,10.114809766576965,0.5186636863195644,0.1334419607110489,0.15259443715470777,0.23190778526864694,8049589b-00ff-416d-a7a3-3778b10c380a,2024-09-23 02:00:00+00:00,15.302733849108748,0.4855072463768116,0.11712649661634565,0.16666666666666666,0.15942028985507245,8.4654060103354,0.5227272727272727,0.20242914979757085,0.30303030303030304,0.24242424242424243,79.04,78.72,105.01012145748987,96.54471544715447,game_summary__a696ada0-7a5a-4641-acc4-897f13083336__20260227T230356Z.json
2024,a696ada0-7a5a-4641-acc4-897f13083336,2024-09-25 01:30:00+00:00,2024-09-25,d6a012ed-84aa-48d3-8265-2d3f3ff2199a,d6a012ed-84aa-48d3-8265-2d3f3ff2199a,171b097d-01db-4ae8-9d56-035689402ec6,FR_LVA_ACES,0,1,1.462343746024809,0.4706484033098386,0.1452890573865958,0.22144099432616862,0.21269715038627027,8049589b-00ff-416d-a7a3-3778b10c380a,2024-09-23 02:00:00+00:00,-15.302733849108748,0.39705882352941174,0.18013381369016984,0.2702702702702703,0.19117647058823528,-8.4654060103354,0.44,0.06351626016260163,0.16666666666666666,0.17333333333333334,78.72,79.04,96.54471544715447,105.01012145748987,game_summary__a696ada0-7a5a-4641-acc4-897f13083336__20260227T230356Z.json
2024,8a614423-04d0-4d9c-8b1b-0efbc52d92cf,2024-09-25 23:30:00+00:00,2024-09-25,a015b02d-845c-40c1-8ef4-844984f47e4d,a015b02d-845c-40c1-8ef4-844984f47e4d,f073a15f-0486-4179-b0a3-dfd0294eb595,f073a15f-0486-4179-b0a3-dfd0294eb595,1,1,10.650390893855754,0.4991276651872794,0.1595312384795287,0.23080842058536805,0.2735524297505168,73f6c803-6dda-4755-bc00-359f5a82ed23,2024-09-22 19:00:00+00:00,26.641621154047996,0.5547945205479452,0.13317191283292978,0.25806451612903225,0.2054794520547945,9.611105088072662,0.4513888888888889,0.09861932938856015,0.23076923076923078,0.3194444444444444,81.12,82.96,107.24852071005917,97.6374156219865,game_summary__8a614423-04d0-4d9c-8b1b-0efbc52d92cf__20260227T230358Z.json
2024,8a614423-04d0-4d9c-8b1b-0efbc52d92cf,2024-09-25 23:30:00+00:00,2024-09-25,f073a15f-0486-4179-b0a3-dfd0294eb595,f073a15f-0486-4179-b0a3-dfd0294eb595,a015b02d-845c-40c1-8ef4-844984f47e4d,a015b02d-845c-40c1-8ef4-844984f47e4d,0,1,-2.5738387571035957,0.5279832005249564,0.17735505523017098,0.22371580288975754,0.24669900038564402,73f6c803-6dda-4755-bc00-359f5a82ed23,2024-09-22 19:00:00+00:00,-26.641621154047996,0.44776119402985076,0.17438963627304435,0.17647058823529413,0.1791044776119403,-9.611105088072662,0.4868421052631579,0.19286403085824494,0.3939393939393939,0.11842105263157894,82.96,81.12,97.6374156219865,107.24852071005917,game_summary__8a614423-04d0-4d9c-8b1b-0efbc52d92cf__20260227T230358Z.json
2024,ced23a8f-10fc-4e17-88d6-b0e6a50dc803,2024-09-26 01:30:00+00:00,2024-09-26,0699edf3-5993-4182-b9b4-ec935cbd4fcc,0699edf3-5993-4182-b9b4-ec935cbd4fcc,6f017f37-be96-4bdc-b6d3-0a0429c72e89,6f017f37-be96-4bdc-b6d3-0a0429c72e89,0,1,-5.9840940427764515,0.4990775866457907,0.16186238212099793,0.1906010905804877,0.26603300007418934,15b57249-5451-4573-b786-b70382b81df8,2024-09-22 21:00:00+00:00,-6.749672346002612,0.5945945945945946,0.13278609367455335,0.21875,0.14864864864864866,-17.768278247938696,0.5735294117647058,0.18257059396299904,0.25925925925925924,0.20588235294117646,82.16,80.88,107.10808179162609,124.87636003956479,game_summary__ced23a8f-10fc-4e17-88d6-b0e6a50dc803__20260227T230400Z.json
2024,ced23a8f-10fc-4e17-88d6-b0e6a50dc803,2024-09-26 01:30:00+00:00,2024-09-26,6f017f37-be96-4bdc-b6d3-0a0429c72e89,6f017f37-be96-4bdc-b6d3-0a0429c72e89,0699edf3-5993-4182-b9b4-ec935cbd4fcc,0699edf3-5993-4182-b9b4-ec935cbd4fcc,1,1,6.224370600099656,0.5071691595386036,0.16846198840554985,0.21817336416662986,0.23506209643384066,15b57249-5451-4573-b786-b70382b81df8,2024-09-22 21:00:00+00:00,6.749672346002612,0.5652173913043478,0.11904761904761904,0.2,0.36231884057971014,17.768278247938696,0.582089552238806,0.08654797230464886,0.1724137931034483,0.40298507462686567,80.88,82.16,124.87636003956479,107.10808179162609,game_summary__ced23a8f-10fc-4e17-88d6-b0e6a50dc803__20260227T230400Z.json
2024,a2fca831-2e07-40b2-870b-15c251b747a1,2024-09-29 19:00:00+00:00,2024-09-29,08ed8274-e29f-4248-bc2e-83cc8ed18d75,08ed8274-e29f-4248-bc2e-83cc8ed18d75,171b097d-01db-4ae8-9d56-035689402ec6,FR_LVA_ACES,1,1,10.569068621525078,0.5073812375452014,0.1633819742027231,0.2686425491193913,0.25277040667285483,eb2ce690-caf8-4096-8ac7-fabc81acf690,2024-09-24 23:30:00+00:00,11.683364354549497,0.5492957746478874,0.11974454497072912,0.3333333333333333,0.19718309859154928,12.722184153822013,0.5666666666666667,0.1826595226497808,0.13043478260869565,0.38333333333333336,82.12,82.6,105.94252313687286,93.22033898305085,game_summary__a2fca831-2e07-40b2-870b-15c251b747a1__20260227T230408Z.json
2024,a2fca831-2e07-40b2-870b-15c251b747a1,2024-09-29 19:00:00+00:00,2024-09-29,171b097d-01db-4ae8-9d56-035689402ec6,FR_LVA_ACES,08ed8274-e29f-4248-bc2e-83cc8ed18d75,08ed8274-e29f-4248-bc2e-83cc8ed18d75,0,1,9.959310024289161,0.5190467863560302,0.1399458201108592,0.16677697935274527,0.23289923831420212,a696ada0-7a5a-4641-acc4-897f13083336,2024-09-25 01:30:00+00:00,8.4654060103354,0.5227272727272727,0.20242914979757085,0.30303030303030304,0.24242424242424243,-12.722184153822013,0.48507462686567165,0.13317191283292978,0.06666666666666667,0.22388059701492538,82.6,82.12,93.22033898305085,105.94252313687286,game_summary__a2fca831-2e07-40b2-870b-15c251b747a1__20260227T230408Z.json
2024,82a88c33-bfd1-4e17-9e62-2596ad512af2,2024-09-30 00:30:00+00:00,2024-09-30,6f017f37-be96-4bdc-b6d3-0a0429c72e89,6f017f37-be96-4bdc-b6d3-0a0429c72e89,a015b02d-845c-40c1-8ef4-844984f47e4d,a015b02d-845c-40c1-8ef4-844984f47e4d,1,1,7.312687913213784,0.5142323796342879,0.16073943512212957,0.21385931948193773,0.25089325950377095,ced23a8f-10fc-4e17-88d6-b0e6a50dc803,2024-09-26 01:30:00+00:00,17.768278247938696,0.582089552238806,0.08654797230464886,0.1724137931034483,0.40298507462686567,0.35442172914181924,0.45384615384615384,0.1694473409801877,0.1891891891891892,0.2,76.72,80.32,91.24087591240875,90.88645418326693,game_summary__82a88c33-bfd1-4e17-9e62-2596ad512af2__20260227T230410Z.json
2024,82a88c33-bfd1-4e17-9e62-2596ad512af2,2024-09-30 00:30:00+00:00,2024-09-30,a015b02d-845c-40c1-8ef4-844984f47e4d,a015b02d-845c-40c1-8ef4-844984f47e4d,6f017f37-be96-4bdc-b6d3-0a0429c72e89,6f017f37-be96-4bdc-b6d3-0a0429c72e89,0,1,10.552410836303991,0.4946270282853421,0.15378868688774217,0.23080472591310447,0.27787896073540724,8a614423-04d0-4d9c-8b1b-0efbc52d92cf,2024-09-25 23:30:00+00:00,9.611105088072662,0.4513888888888889,0.09861932938856015,0.23076923076923078,0.3194444444444444,-0.35442172914181924,0.47333333333333333,0.16185258964143429,0.2647058823529412,0.04,80.32,76.72,90.88645418326693,91.24087591240875,game_summary__82a88c33-bfd1-4e17-9e62-2596ad512af2__20260227T230410Z.json
2024,9473eb2b-c654-498c-8b98-223b6a177943,2024-10-01 23:30:00+00:00,2024-10-01,08ed8274-e29f-4248-bc2e-83cc8ed18d75,08ed8274-e29f-4248-bc2e-83cc8ed18d75,171b097d-01db-4ae8-9d56-035689402ec6,FR_LVA_ACES,1,1,10.7720564643265,0.512970450565315,0.1651993908322867,0.25561282732249335,0.26507940098138505,a2fca831-2e07-40b2-870b-15c251b747a1,2024-09-29 19:00:00+00:00,12.722184153822013,0.5666666666666667,0.1826595226497808,0.13043478260869565,0.38333333333333336,9.517848044040662,0.5597014925373134,0.15376729882111737,0.2857142857142857,0.23880597014925373,78.04,81.36,112.76268580215275,103.24483775811208,game_summary__9473eb2b-c654-498c-8b98-223b6a177943__20260227T230411Z.json
2024,9473eb2b-c654-498c-8b98-223b6a177943,2024-10-01 23:30:00+00:00,2024-10-01,171b097d-01db-4ae8-9d56-035689402ec6,FR_LVA_ACES,08ed8274-e29f-4248-bc2e-83cc8ed18d75,08ed8274-e29f-4248-bc2e-83cc8ed18d75,0,1,7.820981864157306,0.515844015642237,0.13930720095407997,0.15733894590330724,0.2320489938591881,a2fca831-2e07-40b2-870b-15c251b747a1,2024-09-29 19:00:00+00:00,-12.722184153822013,0.48507462686567165,0.13317191283292978,0.06666666666666667,0.22388059701492538,-9.517848044040662,0.5217391304347826,0.15978367748279254,0.25,0.2753623188405797,81.36,78.04,103.24483775811208,112.76268580215275,game_summary__9473eb2b-c654-498c-8b98-223b6a177943__20260227T230411Z.json
2024,6ab1dce1-a415-4168-ab77-5b096e94a89f,2024-10-02 01:30:00+00:00,2024-10-02,6f017f37-be96-4bdc-b6d3-0a0429c72e89,6f017f37-be96-4bdc-b6d3-0a0429c72e89,a015b02d-845c-40c1-8ef4-844984f47e4d,a015b02d-845c-40c1-8ef4-844984f47e4d,1,1,6.656688074303111,0.5085393875380503,0.16156038457836217,0.21153350999580542,0.24609522948408932,82a88c33-bfd1-4e17-9e62-2596ad512af2,2024-09-30 00:30:00+00:00,0.35442172914181924,0.45384615384615384,0.1694473409801877,0.1891891891891892,0.2,17.874829763526066,0.5161290322580645,0.20787139689578715,0.34375,0.22580645161290322,72.16,78.8,106.70731707317074,88.83248730964468,game_summary__6ab1dce1-a415-4168-ab77-5b096e94a89f__20260227T230413Z.json
2024,6ab1dce1-a415-4168-ab77-5b096e94a89f,2024-10-02 01:30:00+00:00,2024-10-02,a015b02d-845c-40c1-8ef4-844984f47e4d,a015b02d-845c-40c1-8ef4-844984f47e4d,6f017f37-be96-4bdc-b6d3-0a0429c72e89,6f017f37-be96-4bdc-b6d3-0a0429c72e89,0,1,9.524154627546666,0.4926195367509846,0.15454892209109244,0.23400080271946833,0.255452603968563,82a88c33-bfd1-4e17-9e62-2596ad512af2,2024-09-30 00:30:00+00:00,-0.35442172914181924,0.47333333333333333,0.16185258964143429,0.2647058823529412,0.04,-17.874829763526066,0.4015151515151515,0.1903553299492386,0.3142857142857143,0.30303030303030304,78.8,72.16,88.83248730964468,106.70731707317074,game_summary__6ab1dce1-a415-4168-ab77-5b096e94a89f__20260227T230413Z.json
2024,dbf27357-9bb9-4fdc-9f0e-3584c1030e7f,2024-10-04 23:30:00+00:00,2024-10-04,6f017f37-be96-4bdc-b6d3-0a0429c72e89,6f017f37-be96-4bdc-b6d3-0a0429c72e89,a015b02d-845c-40c1-8ef4-844984f47e4d,a015b02d-845c-40c1-8ef4-844984f47e4d,0,1,7.714293366531359,0.509254911431792,0.16592641712387807,0.22399839619728867,0.24418247784983035,6ab1dce1-a415-4168-ab77-5b096e94a89f,2024-10-02 01:30:00+00:00,17.874829763526066,0.5161290322580645,0.20787139689578715,0.34375,0.22580645161290322,22.83058984468262,0.6147540983606558,0.13631406761177753,0.23076923076923078,0.3114754098360656,73.36,81.12,122.68266085059977,99.85207100591715,game_summary__dbf27357-9bb9-4fdc-9f0e-3584c1030e7f__20260227T230415Z.json
2024,dbf27357-9bb9-4fdc-9f0e-3584c1030e7f,2024-10-04 23:30:00+00:00,2024-10-04,a015b02d-845c-40c1-8ef4-844984f47e4d,a015b02d-845c-40c1-8ef4-844984f47e4d,6f017f37-be96-4bdc-b6d3-0a0429c72e89,6f017f37-be96-4bdc-b6d3-0a0429c72e89,1,1,6.941078776265915,0.4840305491414608,0.15792461901983051,0.24156976999683027,0.2599380550988584,6ab1dce1-a415-4168-ab77-5b096e94a89f,2024-10-02 01:30:00+00:00,-17.874829763526066,0.4015151515151515,0.1903553299492386,0.3142857142857143,0.30303030303030304,-22.83058984468262,0.4315068493150685,0.13560157790927022,0.3611111111111111,0.3150684931506849,81.12,73.36,99.85207100591715,122.68266085059977,game_summary__dbf27357-9bb9-4fdc-9f0e-3584c1030e7f__20260227T230415Z.json
2024,8f018f45-f465-4f8b-98ff-ca9b446bb6b1,2024-10-05 01:30:00+00:00,2024-10-05,08ed8274-e29f-4248-bc2e-83cc8ed18d75,08ed8274-e29f-4248-bc2e-83cc8ed18d75,171b097d-01db-4ae8-9d56-035689402ec6,FR_LVA_ACES,0,1,10.653814290212598,0.5173760819675646,0.16412161508767578,0.258450682519984,0.26260243819531603,9473eb2b-c654-498c-8b98-223b6a177943,2024-10-01 23:30:00+00:00,9.517848044040662,0.5597014925373134,0.15376729882111737,0.2857142857142857,0.23880597014925373,-18.24755082197602,0.47761194029850745,0.15120967741935484,0.21621621621621623,0.2835820895522388,79.36,78.96,102.06653225806453,120.31408308004055,game_summary__8f018f45-f465-4f8b-98ff-ca9b446bb6b1__20260227T230417Z.json
2024,8f018f45-f465-4f8b-98ff-ca9b446bb6b1,2024-10-05 01:30:00+00:00,2024-10-05,171b097d-01db-4ae8-9d56-035689402ec6,FR_LVA_ACES,08ed8274-e29f-4248-bc2e-83cc8ed18d75,08ed8274-e29f-4248-bc2e-83cc8ed18d75,1,1,6.186340514461019,0.5163997854636219,0.14123764812999312,0.16607469054898735,0.23613241542698027,9473eb2b-c654-498c-8b98-223b6a177943,2024-10-01 23:30:00+00:00,-9.517848044040662,0.5217391304347826,0.15978367748279254,0.25,0.2753623188405797,18.24755082197602,0.6126760563380281,0.11398176291793315,0.15625,0.1267605633802817,78.96,79.36,120.31408308004055,102.06653225806453,game_summary__8f018f45-f465-4f8b-98ff-ca9b446bb6b1__20260227T230417Z.json
2024,4f06e806-e299-43c8-a91e-c26be19b5f9b,2024-10-06 19:00:00+00:00,2024-10-06,08ed8274-e29f-4248-bc2e-83cc8ed18d75,08ed8274-e29f-4248-bc2e-83cc8ed18d75,171b097d-01db-4ae8-9d56-035689402ec6,FR_LVA_ACES,0,1,7.929099489664491,0.513627264397315,0.16290432491705364,0.25446897179509526,0.26458032285026745,8f018f45-f465-4f8b-98ff-ca9b446bb6b1,2024-10-05 01:30:00+00:00,-18.24755082197602,0.47761194029850745,0.15120967741935484,0.21621621621621623,0.2835820895522388,17.241908932880378,0.4647887323943662,0.18219677251431546,0.3611111111111111,0.15492957746478872,76.84,75.92,98.9068193649141,81.66491043203372,game_summary__4f06e806-e299-43c8-a91e-c26be19b5f9b__20260227T230418Z.json
2024,4f06e806-e299-43c8-a91e-c26be19b5f9b,2024-10-06 19:00:00+00:00,2024-10-06,171b097d-01db-4ae8-9d56-035689402ec6,FR_LVA_ACES,08ed8274-e29f-4248-bc2e-83cc8ed18d75,08ed8274-e29f-4248-bc2e-83cc8ed18d75,1,1,7.323427226795932,0.5254763594999964,0.13866806314495655,0.1651484547242878,0.22582123798334738,8f018f45-f465-4f8b-98ff-ca9b446bb6b1,2024-10-05 01:30:00+00:00,18.24755082197602,0.6126760563380281,0.11398176291793315,0.15625,0.1267605633802817,-17.241908932880378,0.3828125,0.1053740779768177,0.10256410256410256,0.28125,75.92,76.84,81.66491043203372,98.9068193649141,game_summary__4f06e806-e299-43c8-a91e-c26be19b5f9b__20260227T230418Z.json
2024,16411c36-18a5-4a21-a7ff-574e23c7740b,2024-10-06 21:00:00+00:00,2024-10-06,6f017f37-be96-4bdc-b6d3-0a0429c72e89,6f017f37-be96-4bdc-b6d3-0a0429c72e89,a015b02d-845c-40c1-8ef4-844984f47e4d,a015b02d-845c-40c1-8ef4-844984f47e4d,0,1,9.139402408391872,0.5192009881985824,0.16313467331934076,0.22463672567060666,0.25052660889843076,dbf27357-9bb9-4fdc-9f0e-3584c1030e7f,2024-10-04 23:30:00+00:00,22.83058984468262,0.6147540983606558,0.13631406761177753,0.23076923076923078,0.3114754098360656,-12.471127513929218,0.55,0.1668377823408624,0.10714285714285714,0.3,77.92,78.16,105.23613963039014,117.70726714431936,game_summary__16411c36-18a5-4a21-a7ff-574e23c7740b__20260227T230420Z.json
2024,16411c36-18a5-4a21-a7ff-574e23c7740b,2024-10-06 21:00:00+00:00,2024-10-06,a015b02d-845c-40c1-8ef4-844984f47e4d,a015b02d-845c-40c1-8ef4-844984f47e4d,6f017f37-be96-4bdc-b6d3-0a0429c72e89,6f017f37-be96-4bdc-b6d3-0a0429c72e89,1,1,4.134314949933657,0.47907880718252605,0.15582008450144072,0.25283968960606307,0.26513555078591033,dbf27357-9bb9-4fdc-9f0e-3584c1030e7f,2024-10-04 23:30:00+00:00,-22.83058984468262,0.4315068493150685,0.13560157790927022,0.3611111111111111,0.3150684931506849,12.471127513929218,0.5970149253731343,0.11514841351074719,0.14285714285714285,0.208955223880597,78.16,77.92,117.70726714431936,105.23613963039014,game_summary__16411c36-18a5-4a21-a7ff-574e23c7740b__20260227T230420Z.json
2024,2a921e05-c0a3-4c6e-8688-7ba56b6df34b,2024-10-09 00:00:00+00:00,2024-10-09,6f017f37-be96-4bdc-b6d3-0a0429c72e89,6f017f37-be96-4bdc-b6d3-0a0429c72e89,a015b02d-845c-40c1-8ef4-844984f47e4d,a015b02d-845c-40c1-8ef4-844984f47e4d,1,1,7.102040834000239,0.5221046061755128,0.16348378886872109,0.21355983427435216,0.25519077892792535,16411c36-18a5-4a21-a7ff-574e23c7740b,2024-10-06 21:00:00+00:00,-12.471127513929218,0.55,0.1668377823408624,0.10714285714285714,0.3,13.742370988040875,0.5652173913043478,0.16129032258064518,0.26666666666666666,0.21739130434782608,80.6,80.68,109.18114143920596,95.43877045116508,game_summary__2a921e05-c0a3-4c6e-8688-7ba56b6df34b__20260227T230425Z.json
2024,2a921e05-c0a3-4c6e-8688-7ba56b6df34b,2024-10-09 00:00:00+00:00,2024-10-09,a015b02d-845c-40c1-8ef4-844984f47e4d,a015b02d-845c-40c1-8ef4-844984f47e4d,6f017f37-be96-4bdc-b6d3-0a0429c72e89,6f017f37-be96-4bdc-b6d3-0a0429c72e89,0,1,4.920279090185783,0.4901973922564754,0.15198570839217418,0.24247093810365128,0.25983907542482154,16411c36-18a5-4a21-a7ff-574e23c7740b,2024-10-06 21:00:00+00:00,12.471127513929218,0.5970149253731343,0.11514841351074719,0.14285714285714285,0.208955223880597,-13.742370988040875,0.4461538461538462,0.23549826474962815,0.38235294117647056,0.3384615384615385,80.68,80.6,95.43877045116508,109.18114143920596,game_summary__2a921e05-c0a3-4c6e-8688-7ba56b6df34b__20260227T230425Z.json
2024,9a6be86c-1d31-4680-8a4e-80b959469995,2024-10-11 00:00:00+00:00,2024-10-11,08ed8274-e29f-4248-bc2e-83cc8ed18d75,08ed8274-e29f-4248-bc2e-83cc8ed18d75,6f017f37-be96-4bdc-b6d3-0a0429c72e89,6f017f37-be96-4bdc-b6d3-0a0429c72e89,1,1,8.807077039379372,0.509022946557347,0.1647231461839041,0.2645228019248672,0.25424285236459315,4f06e806-e299-43c8-a91e-c26be19b5f9b,2024-10-06 19:00:00+00:00,17.241908932880378,0.4647887323943662,0.18219677251431546,0.3611111111111111,0.15492957746478872,-10.274715072452054,0.45,0.1645458534444932,0.425531914893617,0.15555555555555556,91.16,84.6,102.01842913558579,112.29314420803784,game_summary__9a6be86c-1d31-4680-8a4e-80b959469995__20260227T230426Z.json
2024,9a6be86c-1d31-4680-8a4e-80b959469995,2024-10-11 00:00:00+00:00,2024-10-11,6f017f37-be96-4bdc-b6d3-0a0429c72e89,6f017f37-be96-4bdc-b6d3-0a0429c72e89,08ed8274-e29f-4248-bc2e-83cc8ed18d75,08ed8274-e29f-4248-bc2e-83cc8ed18d75,0,1,7.7280668290010786,0.5261691215808368,0.16327699690452063,0.21856655183485044,0.251627182971764,2a921e05-c0a3-4c6e-8688-7ba56b6df34b,2024-10-09 00:00:00+00:00,13.742370988040875,0.5652173913043478,0.16129032258064518,0.26666666666666666,0.21739130434782608,10.274715072452054,0.5704225352112676,0.14184397163120568,0.1724137931034483,0.2112676056338028,84.6,91.16,112.29314420803784,102.01842913558579,game_summary__9a6be86c-1d31-4680-8a4e-80b959469995__20260227T230426Z.json
2024,0a500b27-ff68-4b40-b795-cbde0a005550,2024-10-13 19:00:00+00:00,2024-10-13,08ed8274-e29f-4248-bc2e-83cc8ed18d75,08ed8274-e29f-4248-bc2e-83cc8ed18d75,6f017f37-be96-4bdc-b6d3-0a0429c72e89,6f017f37-be96-4bdc-b6d3-0a0429c72e89,1,1,7.008115599798016,0.5034584794315731,0.16470643167407983,0.27970215111567964,0.24493897563773684,9a6be86c-1d31-4680-8a4e-80b959469995,2024-10-11 00:00:00+00:00,-10.274715072452054,0.45,0.1645458534444932,0.425531914893617,0.15555555555555556,21.91090700494682,0.5655737704918032,0.23948908994145823,0.3125,0.22950819672131148,75.16,78.08,106.43959552953699,84.52868852459017,game_summary__0a500b27-ff68-4b40-b795-cbde0a005550__20260227T230428Z.json
2024,0a500b27-ff68-4b40-b795-cbde0a005550,2024-10-13 19:00:00+00:00,2024-10-13,6f017f37-be96-4bdc-b6d3-0a0429c72e89,6f017f37-be96-4bdc-b6d3-0a0429c72e89,08ed8274-e29f-4248-bc2e-83cc8ed18d75,08ed8274-e29f-4248-bc2e-83cc8ed18d75,0,1,7.968155493802395,0.5303411712617275,0.16125636981801342,0.21421543885754185,0.24782222990848357,9a6be86c-1d31-4680-8a4e-80b959469995,2024-10-11 00:00:00+00:00,10.274715072452054,0.5704225352112676,0.14184397163120568,0.1724137931034483,0.2112676056338028,-21.91090700494682,0.5,0.24334016393442623,0.13793103448275862,0.11666666666666667,78.08,75.16,84.52868852459017,106.43959552953699,game_summary__0a500b27-ff68-4b40-b795-cbde0a005550__20260227T230428Z.json
2024,a8031e1c-c435-402e-871e-e71e1eeeb3e6,2024-10-17 00:00:00+00:00,2024-10-17,08ed8274-e29f-4248-bc2e-83cc8ed18d75,08ed8274-e29f-4248-bc2e-83cc8ed18d75,6f017f37-be96-4bdc-b6d3-0a0429c72e89,6f017f37-be96-4bdc-b6d3-0a0429c72e89,0,1,8.41309616571479,0.5093144814659125,0.17175666667213274,0.28279421212851946,0.24348421834394252,0a500b27-ff68-4b40-b795-cbde0a005550,2024-10-13 19:00:00+00:00,21.91090700494682,0.5655737704918032,0.23948908994145823,0.3125,0.22950819672131148,10.77033523668311,0.5409836065573771,0.22738756947953512,0.1935483870967742,0.22950819672131148,79.16,85.28,101.0611419909045,90.29080675422139,game_summary__a8031e1c-c435-402e-871e-e71e1eeeb3e6__20260227T230430Z.json
2024,a8031e1c-c435-402e-871e-e71e1eeeb3e6,2024-10-17 00:00:00+00:00,2024-10-17,6f017f37-be96-4bdc-b6d3-0a0429c72e89,6f017f37-be96-4bdc-b6d3-0a0429c72e89,08ed8274-e29f-4248-bc2e-83cc8ed18d75,08ed8274-e29f-4248-bc2e-83cc8ed18d75,1,1,5.151266966190599,0.5274807168132306,0.16899492915062472,0.20702362473927688,0.23545736399464162,0a500b27-ff68-4b40-b795-cbde0a005550,2024-10-13 19:00:00+00:00,-21.91090700494682,0.5,0.24334016393442623,0.13793103448275862,0.11666666666666667,-10.77033523668311,0.44666666666666666,0.14071294559099437,0.20588235294117646,0.16,85.28,79.16,90.29080675422139,101.0611419909045,game_summary__a8031e1c-c435-402e-871e-e71e1eeeb3e6__20260227T230430Z.json
2024,9888100e-3514-4681-811a-d6cbfed384ce,2024-10-19 00:00:00+00:00,2024-10-19,08ed8274-e29f-4248-bc2e-83cc8ed18d75,08ed8274-e29f-4248-bc2e-83cc8ed18d75,6f017f37-be96-4bdc-b6d3-0a0429c72e89,6f017f37-be96-4bdc-b6d3-0a0429c72e89,0,1,8.635328027779636,0.5123001305355037,0.17700134434250536,0.274380442764782,0.24216661023719244,a8031e1c-c435-402e-871e-e71e1eeeb3e6,2024-10-17 00:00:00+00:00,10.77033523668311,0.5409836065573771,0.22738756947953512,0.1935483870967742,0.22950819672131148,-2.635909221625198,0.5,0.19521717911176184,0.2571428571428571,0.1267605633802817,81.96,81.8,97.60858955588093,100.24449877750612,game_summary__9888100e-3514-4681-811a-d6cbfed384ce__20260227T230432Z.json
2024,9888100e-3514-4681-811a-d6cbfed384ce,2024-10-19 00:00:00+00:00,2024-10-19,6f017f37-be96-4bdc-b6d3-0a0429c72e89,6f017f37-be96-4bdc-b6d3-0a0429c72e89,08ed8274-e29f-4248-bc2e-83cc8ed18d75,08ed8274-e29f-4248-bc2e-83cc8ed18d75,1,1,3.6502366514559554,0.5198618642894196,0.16632860737327432,0.20691602981607302,0.2283435202129222,a8031e1c-c435-402e-871e-e71e1eeeb3e6,2024-10-17 00:00:00+00:00,-10.77033523668311,0.44666666666666666,0.14071294559099437,0.20588235294117646,0.16,2.635909221625198,0.5153846153846153,0.15892420537897312,0.1388888888888889,0.3076923076923077,81.8,81.96,100.24449877750612,97.60858955588093,game_summary__9888100e-3514-4681-811a-d6cbfed384ce__20260227T230432Z.json
2024,6be00663-e112-4500-b5ae-251b908f48a9,2024-10-21 00:00:00+00:00,2024-10-21,08ed8274-e29f-4248-bc2e-83cc8ed18d75,08ed8274-e29f-4248-bc2e-83cc8ed18d75,6f017f37-be96-4bdc-b6d3-0a0429c72e89,6f017f37-be96-4bdc-b6d3-0a0429c72e89,1,1,7.572717080693585,0.5111405192995409,0.178718666496925,0.27275534635540977,0.23128655101773501,9888100e-3514-4681-811a-d6cbfed384ce,2024-10-19 00:00:00+00:00,-2.635909221625198,0.5,0.19521717911176184,0.2571428571428571,0.1267605633802817,6.247244890279433,0.3194444444444444,0.13953488372093023,0.23684210526315788,0.3472222222222222,86.0,86.52,77.90697674418605,71.65973185390662,game_summary__6be00663-e112-4500-b5ae-251b908f48a9__20260227T230433Z.json
2024,6be00663-e112-4500-b5ae-251b908f48a9,2024-10-21 00:00:00+00:00,2024-10-21,6f017f37-be96-4bdc-b6d3-0a0429c72e89,6f017f37-be96-4bdc-b6d3-0a0429c72e89,08ed8274-e29f-4248-bc2e-83cc8ed18d75,08ed8274-e29f-4248-bc2e-83cc8ed18d75,0,1,3.5546095781349023,0.5194397656684963,0.16563054748493458,0.20050268023885526,0.23582423314158069,9888100e-3514-4681-811a-d6cbfed384ce,2024-10-19 00:00:00+00:00,2.635909221625198,0.5153846153846153,0.15892420537897312,0.1388888888888889,0.3076923076923077,-6.247244890279433,0.39285714285714285,0.19648636153490523,0.10256410256410256,0.11428571428571428,86.52,86.0,71.65973185390662,77.90697674418605,game_summary__6be00663-e112-4500-b5ae-251b908f48a9__20260227T230433Z.json
