game_id,game_ts,game_date,season,team_id,franchise_id,opponent_team_id,opponent_franchise_id,is_home,is_playoff,days_rest_pre,is_b2b_pre,games_last_4_days_pre,games_last_7_days_pre,origin_city_pre,current_city_pre,travel_miles_pre,timezone_shift_hours_pre,previous_game_id,previous_game_ts,previous_game_city,home_city,origin_rule_used
78963bc4-3a47-48a2-baf8-d009715bb6b6,2016-05-14 22:00:00+00:00,2016-05-14,2016,f073a15f-0486-4179-b0a3-dfd0294eb595,f073a15f-0486-4179-b0a3-dfd0294eb595,5f0b5caf-708b-4300-92f2-53b51d83ec06,5f0b5caf-708b-4300-92f2-53b51d83ec06,1,0,0,1,0,0,Indianapolis,Indianapolis,0.0,0,,,,Indianapolis,home_city
78963bc4-3a47-48a2-baf8-d009715bb6b6,2016-05-14 22:00:00+00:00,2016-05-14,2016,5f0b5caf-708b-4300-92f2-53b51d83ec06,5f0b5caf-708b-4300-92f2-53b51d83ec06,f073a15f-0486-4179-b0a3-dfd0294eb595,f073a15f-0486-4179-b0a3-dfd0294eb595,0,0,0,1,0,0,Arlington,Indianapolis,779.0,1,,,,Arlington,home_city
3ba5b659-8984-411f-bc05-117f12aed9ac,2016-05-14 23:00:00+00:00,2016-05-14,2016,5c0d47fe-8539-47b0-9f36-d0b3609ca89b,5c0d47fe-8539-47b0-9f36-d0b3609ca89b,08ed8274-e29f-4248-bc2e-83cc8ed18d75,08ed8274-e29f-4248-bc2e-83cc8ed18d75,1,0,0,1,0,0,Washington,Washington,0.0,0,,,,Washington,home_city
3ba5b659-8984-411f-bc05-117f12aed9ac,2016-05-14 23:00:00+00:00,2016-05-14,2016,08ed8274-e29f-4248-bc2e-83cc8ed18d75,08ed8274-e29f-4248-bc2e-83cc8ed18d75,5c0d47fe-8539-47b0-9f36-d0b3609ca89b,5c0d47fe-8539-47b0-9f36-d0b3609ca89b,0,0,0,1,0,0,New York,Washington,203.6,0,,,,New York,home_city
9b9c729b-d13c-4106-8e28-42e33dcd8ca6,2016-05-14 23:30:00+00:00,2016-05-14,2016,6f017f37-be96-4bdc-b6d3-0a0429c72e89,6f017f37-be96-4bdc-b6d3-0a0429c72e89,0699edf3-5993-4182-b9b4-ec935cbd4fcc,0699edf3-5993-4182-b9b4-ec935cbd4fcc,1,0,0,1,0,0,Minneapolis,Minneapolis,0.0,0,,,,Minneapolis,home_city
9b9c729b-d13c-4106-8e28-42e33dcd8ca6,2016-05-14 23:30:00+00:00,2016-05-14,2016,0699edf3-5993-4182-b9b4-ec935cbd4fcc,0699edf3-5993-4182-b9b4-ec935cbd4fcc,6f017f37-be96-4bdc-b6d3-0a0429c72e89,6f017f37-be96-4bdc-b6d3-0a0429c72e89,0,0,0,1,0,0,Phoenix,Minneapolis,1278.5,2,,,,Phoenix,home_city
7e89b438-f1ec-4ee3-a634-0fdce330173d,2016-05-15 00:00:00+00:00,2016-05-14,2016,3c409388-ab73-4c7f-953d-3a71062240f6,3c409388-ab73-4c7f-953d-3a71062240f6,a015b02d-845c-40c1-8ef4-844984f47e4d,a015b02d-845c-40c1-8ef4-844984f47e4d,1,0,0,1,0,0,Rosemont,Rosemont,0.0,0,,,,Rosemont,home_city
7e89b438-f1ec-4ee3-a634-0fdce330173d,2016-05-15 00:00:00+00:00,2016-05-14,2016,a015b02d-845c-40c1-8ef4-844984f47e4d,a015b02d-845c-40c1-8ef4-844984f47e4d,3c409388-ab73-4c7f-953d-3a71062240f6,3c409388-ab73-4c7f-953d-3a71062240f6,0,0,0,1,0,0,Uncasville,Rosemont,812.1,-1,,,,Uncasville,home_city
c0f96b8a-6096-4e4e-80dd-77ec229d9126,2016-05-15 00:00:00+00:00,2016-05-14,2016,e6bc56cc-9dad-43aa-8ccb-ee9d499fea28,FR_LVA_ACES,5d70a9af-8c2b-4aec-9e68-9acc6ddb93e4,5d70a9af-8c2b-4aec-9e68-9acc6ddb93e4,1,0,0,1,0,0,San Antonio,San Antonio,0.0,0,,,,San Antonio,home_city
c0f96b8a-6096-4e4e-80dd-77ec229d9126,2016-05-15 00:00:00+00:00,2016-05-14,2016,5d70a9af-8c2b-4aec-9e68-9acc6ddb93e4,5d70a9af-8c2b-4aec-9e68-9acc6ddb93e4,e6bc56cc-9dad-43aa-8ccb-ee9d499fea28,FR_LVA_ACES,0,0,0,1,0,0,Atlanta,San Antonio,881.4,-1,,,,Atlanta,home_city
3cc6b09b-4e38-4a4c-8078-9a21f9d3138d,2016-05-15 21:00:00+00:00,2016-05-15,2016,0a5ad38d-2fe3-43ba-894b-1ba3d5042ea9,0a5ad38d-2fe3-43ba-894b-1ba3d5042ea9,d6a012ed-84aa-48d3-8265-2d3f3ff2199a,d6a012ed-84aa-48d3-8265-2d3f3ff2199a,1,0,0,1,0,0,Los Angeles,Los Angeles,0.0,0,,,,Los Angeles,home_city
3cc6b09b-4e38-4a4c-8078-9a21f9d3138d,2016-05-15 21:00:00+00:00,2016-05-15,2016,d6a012ed-84aa-48d3-8265-2d3f3ff2199a,d6a012ed-84aa-48d3-8265-2d3f3ff2199a,0a5ad38d-2fe3-43ba-894b-1ba3d5042ea9,0a5ad38d-2fe3-43ba-894b-1ba3d5042ea9,0,0,0,1,0,0,Seattle,Los Angeles,960.2,0,,,,Seattle,home_city
714a8334-bd6c-4108-9dae-e6901a2ca812,2016-05-15 21:00:00+00:00,2016-05-15,2016,08ed8274-e29f-4248-bc2e-83cc8ed18d75,08ed8274-e29f-4248-bc2e-83cc8ed18d75,5f0b5caf-708b-4300-92f2-53b51d83ec06,5f0b5caf-708b-4300-92f2-53b51d83ec06,1,0,0,1,1,1,Washington,New York,203.6,0,3ba5b659-8984-411f-bc05-117f12aed9ac,2016-05-14 23:00:00+00:00,Washington,New York,previous_game_city
714a8334-bd6c-4108-9dae-e6901a2ca812,2016-05-15 21:00:00+00:00,2016-05-15,2016,5f0b5caf-708b-4300-92f2-53b51d83ec06,5f0b5caf-708b-4300-92f2-53b51d83ec06,08ed8274-e29f-4248-bc2e-83cc8ed18d75,08ed8274-e29f-4248-bc2e-83cc8ed18d75,0,0,0,1,1,1,Indianapolis,New York,643.7,0,78963bc4-3a47-48a2-baf8-d009715bb6b6,2016-05-14 22:00:00+00:00,Indianapolis,Arlington,previous_game_city
8caa8686-ac40-4323-a952-6f09d1a6a45e,2016-05-18 16:30:00+00:00,2016-05-18,2016,3c409388-ab73-4c7f-953d-3a71062240f6,3c409388-ab73-4c7f-953d-3a71062240f6,6f017f37-be96-4bdc-b6d3-0a0429c72e89,6f017f37-be96-4bdc-b6d3-0a0429c72e89,1,0,3,0,1,1,Rosemont,Rosemont,0.0,0,7e89b438-f1ec-4ee3-a634-0fdce330173d,2016-05-15 00:00:00+00:00,Rosemont,Rosemont,previous_game_city
8caa8686-ac40-4323-a952-6f09d1a6a45e,2016-05-18 16:30:00+00:00,2016-05-18,2016,6f017f37-be96-4bdc-b6d3-0a0429c72e89,6f017f37-be96-4bdc-b6d3-0a0429c72e89,3c409388-ab73-4c7f-953d-3a71062240f6,3c409388-ab73-4c7f-953d-3a71062240f6,0,0,3,0,1,1,Minneapolis,Rosemont,340.4,0,9b9c729b-d13c-4106-8e28-42e33dcd8ca6,2016-05-14 23:30:00+00:00,Minneapolis,Minneapolis,previous_game_city
7e657cbf-c6cd-49ca-992b-72691619c3ac,2016-05-18 23:00:00+00:00,2016-05-18,2016,5c0d47fe-8539-47b0-9f36-d0b3609ca89b,5c0d47fe-8539-47b0-9f36-d0b3609ca89b,5f0b5caf-708b-4300-92f2-53b51d83ec06,5f0b5caf-708b-4300-92f2-53b51d83ec06,1,0,3,0,1,1,Washington,Washington,0.0,0,3ba5b659-8984-411f-bc05-117f12aed9ac,2016-05-14 23:00:00+00:00,Washington,Washington,previous_game_city
7e657cbf-c6cd-49ca-992b-72691619c3ac,2016-05-18 23:00:00+00:00,2016-05-18,2016,5f0b5caf-708b-4300-92f2-53b51d83ec06,5f0b5caf-708b-4300-92f2-53b51d83ec06,5c0d47fe-8539-47b0-9f36-d0b3609ca89b,5c0d47fe-8539-47b0-9f36-d0b3609ca89b,0,0,2,0,2,2,New York,Washington,203.6,0,714a8334-bd6c-4108-9dae-e6901a2ca812,2016-05-15 21:00:00+00:00,New York,Arlington,previous_game_city
82e147b1-87d8-4c98-9391-e77c4ed20aa1,2016-05-18 23:00:00+00:00,2016-05-18,2016,f073a15f-0486-4179-b0a3-dfd0294eb595,f073a15f-0486-4179-b0a3-dfd0294eb595,0699edf3-5993-4182-b9b4-ec935cbd4fcc,0699edf3-5993-4182-b9b4-ec935cbd4fcc,1,0,3,0,1,1,Indianapolis,Indianapolis,0.0,0,78963bc4-3a47-48a2-baf8-d009715bb6b6,2016-05-14 22:00:00+00:00,Indianapolis,Indianapolis,previous_game_city
82e147b1-87d8-4c98-9391-e77c4ed20aa1,2016-05-18 23:00:00+00:00,2016-05-18,2016,0699edf3-5993-4182-b9b4-ec935cbd4fcc,0699edf3-5993-4182-b9b4-ec935cbd4fcc,f073a15f-0486-4179-b0a3-dfd0294eb595,f073a15f-0486-4179-b0a3-dfd0294eb595,0,0,3,0,1,1,Minneapolis,Indianapolis,510.7,1,9b9c729b-d13c-4106-8e28-42e33dcd8ca6,2016-05-14 23:30:00+00:00,Minneapolis,Phoenix,previous_game_city
3e0e1ed8-123f-4114-8bb5-95aa82599cd6,2016-05-19 16:00:00+00:00,2016-05-19,2016,e6bc56cc-9dad-43aa-8ccb-ee9d499fea28,FR_LVA_ACES,a015b02d-845c-40c1-8ef4-844984f47e4d,a015b02d-845c-40c1-8ef4-844984f47e4d,1,0,4,0,0,1,San Antonio,San Antonio,0.0,0,c0f96b8a-6096-4e4e-80dd-77ec229d9126,2016-05-15 00:00:00+00:00,San Antonio,San Antonio,home_city
3e0e1ed8-123f-4114-8bb5-95aa82599cd6,2016-05-19 16:00:00+00:00,2016-05-19,2016,a015b02d-845c-40c1-8ef4-844984f47e4d,a015b02d-845c-40c1-8ef4-844984f47e4d,e6bc56cc-9dad-43aa-8ccb-ee9d499fea28,FR_LVA_ACES,0,0,4,0,0,1,Uncasville,San Antonio,1693.0,-1,7e89b438-f1ec-4ee3-a634-0fdce330173d,2016-05-15 00:00:00+00:00,Rosemont,Uncasville,home_city
1aff2653-8d79-4a71-a311-ef700a5281a4,2016-05-20 23:00:00+00:00,2016-05-20,2016,5c0d47fe-8539-47b0-9f36-d0b3609ca89b,5c0d47fe-8539-47b0-9f36-d0b3609ca89b,0a5ad38d-2fe3-43ba-894b-1ba3d5042ea9,0a5ad38d-2fe3-43ba-894b-1ba3d5042ea9,1,0,1,0,1,2,Washington,Washington,0.0,0,7e657cbf-c6cd-49ca-992b-72691619c3ac,2016-05-18 23:00:00+00:00,Washington,Washington,previous_game_city
1aff2653-8d79-4a71-a311-ef700a5281a4,2016-05-20 23:00:00+00:00,2016-05-20,2016,0a5ad38d-2fe3-43ba-894b-1ba3d5042ea9,0a5ad38d-2fe3-43ba-894b-1ba3d5042ea9,5c0d47fe-8539-47b0-9f36-d0b3609ca89b,5c0d47fe-8539-47b0-9f36-d0b3609ca89b,0,0,4,0,0,1,Los Angeles,Washington,2294.1,3,3cc6b09b-4e38-4a4c-8078-9a21f9d3138d,2016-05-15 21:00:00+00:00,Los Angeles,Los Angeles,home_city
f94ddd7a-bb14-403c-baca-796e7bfd9cf1,2016-05-20 23:00:00+00:00,2016-05-20,2016,f073a15f-0486-4179-b0a3-dfd0294eb595,f073a15f-0486-4179-b0a3-dfd0294eb595,5d70a9af-8c2b-4aec-9e68-9acc6ddb93e4,5d70a9af-8c2b-4aec-9e68-9acc6ddb93e4,1,0,1,0,1,2,Indianapolis,Indianapolis,0.0,0,82e147b1-87d8-4c98-9391-e77c4ed20aa1,2016-05-18 23:00:00+00:00,Indianapolis,Indianapolis,previous_game_city
f94ddd7a-bb14-403c-baca-796e7bfd9cf1,2016-05-20 23:00:00+00:00,2016-05-20,2016,5d70a9af-8c2b-4aec-9e68-9acc6ddb93e4,5d70a9af-8c2b-4aec-9e68-9acc6ddb93e4,f073a15f-0486-4179-b0a3-dfd0294eb595,f073a15f-0486-4179-b0a3-dfd0294eb595,0,0,5,0,0,1,Atlanta,Indianapolis,427.2,0,c0f96b8a-6096-4e4e-80dd-77ec229d9126,2016-05-15 00:00:00+00:00,San Antonio,Atlanta,home_city
d188a54b-af74-40bc-ad50-daf36440c877,2016-05-21 02:00:00+00:00,2016-05-20,2016,0699edf3-5993-4182-b9b4-ec935cbd4fcc,0699edf3-5993-4182-b9b4-ec935cbd4fcc,d6a012ed-84aa-48d3-8265-2d3f3ff2199a,d6a012ed-84aa-48d3-8265-2d3f3ff2199a,1,0,1,0,1,2,Indianapolis,Phoenix,1496.2,-3,82e147b1-87d8-4c98-9391-e77c4ed20aa1,2016-05-18 23:00:00+00:00,Indianapolis,Phoenix,previous_game_city
d188a54b-af74-40bc-ad50-daf36440c877,2016-05-21 02:00:00+00:00,2016-05-20,2016,d6a012ed-84aa-48d3-8265-2d3f3ff2199a,d6a012ed-84aa-48d3-8265-2d3f3ff2199a,0699edf3-5993-4182-b9b4-ec935cbd4fcc,0699edf3-5993-4182-b9b4-ec935cbd4fcc,0,0,4,0,0,1,Seattle,Phoenix,1114.5,0,3cc6b09b-4e38-4a4c-8078-9a21f9d3138d,2016-05-15 21:00:00+00:00,Los Angeles,Seattle,home_city
6627df3c-30dc-4ce7-a8f2-4a7d78ccc5c6,2016-05-21 22:00:00+00:00,2016-05-21,2016,08ed8274-e29f-4248-bc2e-83cc8ed18d75,08ed8274-e29f-4248-bc2e-83cc8ed18d75,0a5ad38d-2fe3-43ba-894b-1ba3d5042ea9,0a5ad38d-2fe3-43ba-894b-1ba3d5042ea9,1,0,5,0,0,2,New York,New York,0.0,0,714a8334-bd6c-4108-9dae-e6901a2ca812,2016-05-15 21:00:00+00:00,New York,New York,home_city
6627df3c-30dc-4ce7-a8f2-4a7d78ccc5c6,2016-05-21 22:00:00+00:00,2016-05-21,2016,0a5ad38d-2fe3-43ba-894b-1ba3d5042ea9,0a5ad38d-2fe3-43ba-894b-1ba3d5042ea9,08ed8274-e29f-4248-bc2e-83cc8ed18d75,08ed8274-e29f-4248-bc2e-83cc8ed18d75,0,0,0,1,1,2,Washington,New York,203.6,0,1aff2653-8d79-4a71-a311-ef700a5281a4,2016-05-20 23:00:00+00:00,Washington,Los Angeles,previous_game_city
04a7cefc-34fb-4e20-9c60-06595a6bb582,2016-05-21 23:00:00+00:00,2016-05-21,2016,a015b02d-845c-40c1-8ef4-844984f47e4d,a015b02d-845c-40c1-8ef4-844984f47e4d,5c0d47fe-8539-47b0-9f36-d0b3609ca89b,5c0d47fe-8539-47b0-9f36-d0b3609ca89b,1,0,1,0,1,2,San Antonio,Uncasville,1693.0,1,3e0e1ed8-123f-4114-8bb5-95aa82599cd6,2016-05-19 16:00:00+00:00,San Antonio,Uncasville,previous_game_city
04a7cefc-34fb-4e20-9c60-06595a6bb582,2016-05-21 23:00:00+00:00,2016-05-21,2016,5c0d47fe-8539-47b0-9f36-d0b3609ca89b,5c0d47fe-8539-47b0-9f36-d0b3609ca89b,a015b02d-845c-40c1-8ef4-844984f47e4d,a015b02d-845c-40c1-8ef4-844984f47e4d,0,0,0,1,2,3,Washington,Uncasville,315.3,0,1aff2653-8d79-4a71-a311-ef700a5281a4,2016-05-20 23:00:00+00:00,Washington,Washington,previous_game_city
d22f8552-0342-4d80-bd71-b19fec6fddff,2016-05-22 00:30:00+00:00,2016-05-21,2016,5f0b5caf-708b-4300-92f2-53b51d83ec06,5f0b5caf-708b-4300-92f2-53b51d83ec06,e6bc56cc-9dad-43aa-8ccb-ee9d499fea28,FR_LVA_ACES,1,0,2,0,1,3,Washington,Arlington,1199.5,-1,7e657cbf-c6cd-49ca-992b-72691619c3ac,2016-05-18 23:00:00+00:00,Washington,Arlington,previous_game_city
d22f8552-0342-4d80-bd71-b19fec6fddff,2016-05-22 00:30:00+00:00,2016-05-21,2016,e6bc56cc-9dad-43aa-8ccb-ee9d499fea28,FR_LVA_ACES,5f0b5caf-708b-4300-92f2-53b51d83ec06,5f0b5caf-708b-4300-92f2-53b51d83ec06,0,0,1,0,1,2,San Antonio,Arlington,243.0,0,3e0e1ed8-123f-4114-8bb5-95aa82599cd6,2016-05-19 16:00:00+00:00,San Antonio,San Antonio,previous_game_city
3f51fb36-9c63-4b34-b1ef-d20eec06ba6e,2016-05-22 19:00:00+00:00,2016-05-22,2016,5d70a9af-8c2b-4aec-9e68-9acc6ddb93e4,5d70a9af-8c2b-4aec-9e68-9acc6ddb93e4,3c409388-ab73-4c7f-953d-3a71062240f6,3c409388-ab73-4c7f-953d-3a71062240f6,1,0,1,0,1,1,Indianapolis,Atlanta,427.3,0,f94ddd7a-bb14-403c-baca-796e7bfd9cf1,2016-05-20 23:00:00+00:00,Indianapolis,Atlanta,previous_game_city
3f51fb36-9c63-4b34-b1ef-d20eec06ba6e,2016-05-22 19:00:00+00:00,2016-05-22,2016,3c409388-ab73-4c7f-953d-3a71062240f6,3c409388-ab73-4c7f-953d-3a71062240f6,5d70a9af-8c2b-4aec-9e68-9acc6ddb93e4,5d70a9af-8c2b-4aec-9e68-9acc6ddb93e4,0,0,3,0,1,1,Rosemont,Atlanta,599.8,1,8caa8686-ac40-4323-a952-6f09d1a6a45e,2016-05-18 16:30:00+00:00,Rosemont,Rosemont,previous_game_city
bd85a1ec-42ab-4689-9286-ac0c56f5811b,2016-05-22 23:00:00+00:00,2016-05-22,2016,d6a012ed-84aa-48d3-8265-2d3f3ff2199a,d6a012ed-84aa-48d3-8265-2d3f3ff2199a,6f017f37-be96-4bdc-b6d3-0a0429c72e89,6f017f37-be96-4bdc-b6d3-0a0429c72e89,1,0,1,0,1,2,Phoenix,Seattle,1114.5,0,d188a54b-af74-40bc-ad50-daf36440c877,2016-05-21 02:00:00+00:00,Phoenix,Seattle,previous_game_city
bd85a1ec-42ab-4689-9286-ac0c56f5811b,2016-05-22 23:00:00+00:00,2016-05-22,2016,6f017f37-be96-4bdc-b6d3-0a0429c72e89,6f017f37-be96-4bdc-b6d3-0a0429c72e89,d6a012ed-84aa-48d3-8265-2d3f3ff2199a,d6a012ed-84aa-48d3-8265-2d3f3ff2199a,0,0,3,0,1,1,Rosemont,Seattle,1718.8,-2,8caa8686-ac40-4323-a952-6f09d1a6a45e,2016-05-18 16:30:00+00:00,Rosemont,Minneapolis,previous_game_city
9e94f8f3-3f94-4872-b8d7-ffa043dceec4,2016-05-24 15:00:00+00:00,2016-05-24,2016,08ed8274-e29f-4248-bc2e-83cc8ed18d75,08ed8274-e29f-4248-bc2e-83cc8ed18d75,5d70a9af-8c2b-4aec-9e68-9acc6ddb93e4,5d70a9af-8c2b-4aec-9e68-9acc6ddb93e4,1,0,2,0,1,1,New York,New York,0.0,0,6627df3c-30dc-4ce7-a8f2-4a7d78ccc5c6,2016-05-21 22:00:00+00:00,New York,New York,previous_game_city
9e94f8f3-3f94-4872-b8d7-ffa043dceec4,2016-05-24 15:00:00+00:00,2016-05-24,2016,5d70a9af-8c2b-4aec-9e68-9acc6ddb93e4,5d70a9af-8c2b-4aec-9e68-9acc6ddb93e4,08ed8274-e29f-4248-bc2e-83cc8ed18d75,08ed8274-e29f-4248-bc2e-83cc8ed18d75,0,0,1,0,2,2,Atlanta,New York,745.9,0,3f51fb36-9c63-4b34-b1ef-d20eec06ba6e,2016-05-22 19:00:00+00:00,Atlanta,Atlanta,previous_game_city
9a536547-097f-4d27-8023-970e2a456f14,2016-05-24 23:00:00+00:00,2016-05-24,2016,3c409388-ab73-4c7f-953d-3a71062240f6,3c409388-ab73-4c7f-953d-3a71062240f6,0a5ad38d-2fe3-43ba-894b-1ba3d5042ea9,0a5ad38d-2fe3-43ba-894b-1ba3d5042ea9,1,0,1,0,1,2,Atlanta,Rosemont,599.8,-1,3f51fb36-9c63-4b34-b1ef-d20eec06ba6e,2016-05-22 19:00:00+00:00,Atlanta,Rosemont,previous_game_city
9a536547-097f-4d27-8023-970e2a456f14,2016-05-24 23:00:00+00:00,2016-05-24,2016,0a5ad38d-2fe3-43ba-894b-1ba3d5042ea9,0a5ad38d-2fe3-43ba-894b-1ba3d5042ea9,3c409388-ab73-4c7f-953d-3a71062240f6,3c409388-ab73-4c7f-953d-3a71062240f6,0,0,2,0,2,2,New York,Rosemont,723.4,-1,6627df3c-30dc-4ce7-a8f2-4a7d78ccc5c6,2016-05-21 22:00:00+00:00,New York,Los Angeles,previous_game_city
3c51496e-83cb-4093-902a-e5892fa4f8b7,2016-05-26 02:00:00+00:00,2016-05-25,2016,0699edf3-5993-4182-b9b4-ec935cbd4fcc,0699edf3-5993-4182-b9b4-ec935cbd4fcc,6f017f37-be96-4bdc-b6d3-0a0429c72e89,6f017f37-be96-4bdc-b6d3-0a0429c72e89,1,0,4,0,0,2,Phoenix,Phoenix,0.0,0,d188a54b-af74-40bc-ad50-daf36440c877,2016-05-21 02:00:00+00:00,Phoenix,Phoenix,home_city
3c51496e-83cb-4093-902a-e5892fa4f8b7,2016-05-26 02:00:00+00:00,2016-05-25,2016,6f017f37-be96-4bdc-b6d3-0a0429c72e89,6f017f37-be96-4bdc-b6d3-0a0429c72e89,0699edf3-5993-4182-b9b4-ec935cbd4fcc,0699edf3-5993-4182-b9b4-ec935cbd4fcc,0,0,2,0,1,2,Seattle,Phoenix,1114.5,0,bd85a1ec-42ab-4689-9286-ac0c56f5811b,2016-05-22 23:00:00+00:00,Seattle,Minneapolis,previous_game_city
e20948e8-7390-4e55-bfbf-2d8038940902,2016-05-26 23:00:00+00:00,2016-05-26,2016,a015b02d-845c-40c1-8ef4-844984f47e4d,a015b02d-845c-40c1-8ef4-844984f47e4d,0a5ad38d-2fe3-43ba-894b-1ba3d5042ea9,0a5ad38d-2fe3-43ba-894b-1ba3d5042ea9,1,0,4,0,0,2,Uncasville,Uncasville,0.1,0,04a7cefc-34fb-4e20-9c60-06595a6bb582,2016-05-21 23:00:00+00:00,Uncasville,Uncasville,home_city
e20948e8-7390-4e55-bfbf-2d8038940902,2016-05-26 23:00:00+00:00,2016-05-26,2016,0a5ad38d-2fe3-43ba-894b-1ba3d5042ea9,0a5ad38d-2fe3-43ba-894b-1ba3d5042ea9,a015b02d-845c-40c1-8ef4-844984f47e4d,a015b02d-845c-40c1-8ef4-844984f47e4d,0,0,1,0,1,3,Rosemont,Uncasville,812.0,1,9a536547-097f-4d27-8023-970e2a456f14,2016-05-24 23:00:00+00:00,Rosemont,Los Angeles,previous_game_city
14f46afe-db45-47b0-ba39-34c134db6c77,2016-05-27 02:00:00+00:00,2016-05-26,2016,d6a012ed-84aa-48d3-8265-2d3f3ff2199a,d6a012ed-84aa-48d3-8265-2d3f3ff2199a,5c0d47fe-8539-47b0-9f36-d0b3609ca89b,5c0d47fe-8539-47b0-9f36-d0b3609ca89b,1,0,3,0,1,2,Seattle,Seattle,0.0,0,bd85a1ec-42ab-4689-9286-ac0c56f5811b,2016-05-22 23:00:00+00:00,Seattle,Seattle,previous_game_city
14f46afe-db45-47b0-ba39-34c134db6c77,2016-05-27 02:00:00+00:00,2016-05-26,2016,5c0d47fe-8539-47b0-9f36-d0b3609ca89b,5c0d47fe-8539-47b0-9f36-d0b3609ca89b,d6a012ed-84aa-48d3-8265-2d3f3ff2199a,d6a012ed-84aa-48d3-8265-2d3f3ff2199a,0,0,4,0,0,2,Washington,Seattle,2321.6,-3,04a7cefc-34fb-4e20-9c60-06595a6bb582,2016-05-21 23:00:00+00:00,Uncasville,Washington,home_city
36660da0-1531-4a39-9fa1-ca1a54b4df23,2016-05-28 00:00:00+00:00,2016-05-27,2016,e6bc56cc-9dad-43aa-8ccb-ee9d499fea28,FR_LVA_ACES,3c409388-ab73-4c7f-953d-3a71062240f6,3c409388-ab73-4c7f-953d-3a71062240f6,1,0,5,0,0,1,San Antonio,San Antonio,0.0,0,d22f8552-0342-4d80-bd71-b19fec6fddff,2016-05-22 00:30:00+00:00,Arlington,San Antonio,home_city
36660da0-1531-4a39-9fa1-ca1a54b4df23,2016-05-28 00:00:00+00:00,2016-05-27,2016,3c409388-ab73-4c7f-953d-3a71062240f6,3c409388-ab73-4c7f-953d-3a71062240f6,e6bc56cc-9dad-43aa-8ccb-ee9d499fea28,FR_LVA_ACES,0,0,2,0,1,2,Rosemont,San Antonio,1051.2,0,9a536547-097f-4d27-8023-970e2a456f14,2016-05-24 23:00:00+00:00,Rosemont,Rosemont,previous_game_city
e2a23bf5-8880-4ce4-95cd-7629cfafa970,2016-05-28 00:00:00+00:00,2016-05-27,2016,6f017f37-be96-4bdc-b6d3-0a0429c72e89,6f017f37-be96-4bdc-b6d3-0a0429c72e89,f073a15f-0486-4179-b0a3-dfd0294eb595,f073a15f-0486-4179-b0a3-dfd0294eb595,1,0,1,0,1,2,Phoenix,Minneapolis,1278.5,2,3c51496e-83cb-4093-902a-e5892fa4f8b7,2016-05-26 02:00:00+00:00,Phoenix,Minneapolis,previous_game_city
e2a23bf5-8880-4ce4-95cd-7629cfafa970,2016-05-28 00:00:00+00:00,2016-05-27,2016,f073a15f-0486-4179-b0a3-dfd0294eb595,f073a15f-0486-4179-b0a3-dfd0294eb595,6f017f37-be96-4bdc-b6d3-0a0429c72e89,6f017f37-be96-4bdc-b6d3-0a0429c72e89,0,0,6,0,0,1,Indianapolis,Minneapolis,510.7,-1,f94ddd7a-bb14-403c-baca-796e7bfd9cf1,2016-05-20 23:00:00+00:00,Indianapolis,Indianapolis,home_city
9d5f7340-f1ad-4a87-8092-f17b2b1560d4,2016-05-28 00:30:00+00:00,2016-05-27,2016,5f0b5caf-708b-4300-92f2-53b51d83ec06,5f0b5caf-708b-4300-92f2-53b51d83ec06,5d70a9af-8c2b-4aec-9e68-9acc6ddb93e4,5d70a9af-8c2b-4aec-9e68-9acc6ddb93e4,1,0,5,0,0,1,Arlington,Arlington,0.0,0,d22f8552-0342-4d80-bd71-b19fec6fddff,2016-05-22 00:30:00+00:00,Arlington,Arlington,home_city
9d5f7340-f1ad-4a87-8092-f17b2b1560d4,2016-05-28 00:30:00+00:00,2016-05-27,2016,5d70a9af-8c2b-4aec-9e68-9acc6ddb93e4,5d70a9af-8c2b-4aec-9e68-9acc6ddb93e4,5f0b5caf-708b-4300-92f2-53b51d83ec06,5f0b5caf-708b-4300-92f2-53b51d83ec06,0,0,2,0,1,3,New York,Arlington,1387.7,-1,9e94f8f3-3f94-4872-b8d7-ffa043dceec4,2016-05-24 15:00:00+00:00,New York,Atlanta,previous_game_city
c34a8cdd-a0c7-4758-8fec-545291da7f9a,2016-05-29 02:00:00+00:00,2016-05-28,2016,d6a012ed-84aa-48d3-8265-2d3f3ff2199a,d6a012ed-84aa-48d3-8265-2d3f3ff2199a,a015b02d-845c-40c1-8ef4-844984f47e4d,a015b02d-845c-40c1-8ef4-844984f47e4d,1,0,1,0,1,2,Seattle,Seattle,0.0,0,14f46afe-db45-47b0-ba39-34c134db6c77,2016-05-27 02:00:00+00:00,Seattle,Seattle,previous_game_city
c34a8cdd-a0c7-4758-8fec-545291da7f9a,2016-05-29 02:00:00+00:00,2016-05-28,2016,a015b02d-845c-40c1-8ef4-844984f47e4d,a015b02d-845c-40c1-8ef4-844984f47e4d,d6a012ed-84aa-48d3-8265-2d3f3ff2199a,d6a012ed-84aa-48d3-8265-2d3f3ff2199a,0,0,1,0,1,2,Uncasville,Seattle,2464.7,-3,e20948e8-7390-4e55-bfbf-2d8038940902,2016-05-26 23:00:00+00:00,Uncasville,Uncasville,previous_game_city
dfccb9e6-7407-40b5-b450-c117357489a4,2016-05-29 19:00:00+00:00,2016-05-29,2016,5d70a9af-8c2b-4aec-9e68-9acc6ddb93e4,5d70a9af-8c2b-4aec-9e68-9acc6ddb93e4,f073a15f-0486-4179-b0a3-dfd0294eb595,f073a15f-0486-4179-b0a3-dfd0294eb595,1,0,1,0,1,3,Arlington,Atlanta,737.9,1,9d5f7340-f1ad-4a87-8092-f17b2b1560d4,2016-05-28 00:30:00+00:00,Arlington,Atlanta,previous_game_city
dfccb9e6-7407-40b5-b450-c117357489a4,2016-05-29 19:00:00+00:00,2016-05-29,2016,f073a15f-0486-4179-b0a3-dfd0294eb595,f073a15f-0486-4179-b0a3-dfd0294eb595,5d70a9af-8c2b-4aec-9e68-9acc6ddb93e4,5d70a9af-8c2b-4aec-9e68-9acc6ddb93e4,0,0,1,0,1,1,Minneapolis,Atlanta,908.0,1,e2a23bf5-8880-4ce4-95cd-7629cfafa970,2016-05-28 00:00:00+00:00,Minneapolis,Indianapolis,previous_game_city
de26dd85-0d68-447a-926e-f43ca0a4bad5,2016-05-29 20:30:00+00:00,2016-05-29,2016,5f0b5caf-708b-4300-92f2-53b51d83ec06,5f0b5caf-708b-4300-92f2-53b51d83ec06,3c409388-ab73-4c7f-953d-3a71062240f6,3c409388-ab73-4c7f-953d-3a71062240f6,1,0,1,0,1,1,Arlington,Arlington,0.0,0,9d5f7340-f1ad-4a87-8092-f17b2b1560d4,2016-05-28 00:30:00+00:00,Arlington,Arlington,previous_game_city
de26dd85-0d68-447a-926e-f43ca0a4bad5,2016-05-29 20:30:00+00:00,2016-05-29,2016,3c409388-ab73-4c7f-953d-3a71062240f6,3c409388-ab73-4c7f-953d-3a71062240f6,5f0b5caf-708b-4300-92f2-53b51d83ec06,5f0b5caf-708b-4300-92f2-53b51d83ec06,0,0,1,0,1,3,San Antonio,Arlington,243.0,0,36660da0-1531-4a39-9fa1-ca1a54b4df23,2016-05-28 00:00:00+00:00,San Antonio,Rosemont,previous_game_city
4d84be2b-f01b-46cb-a905-27ce0584a45b,2016-05-29 22:00:00+00:00,2016-05-29,2016,0699edf3-5993-4182-b9b4-ec935cbd4fcc,0699edf3-5993-4182-b9b4-ec935cbd4fcc,5c0d47fe-8539-47b0-9f36-d0b3609ca89b,5c0d47fe-8539-47b0-9f36-d0b3609ca89b,1,0,3,0,1,1,Phoenix,Phoenix,0.0,0,3c51496e-83cb-4093-902a-e5892fa4f8b7,2016-05-26 02:00:00+00:00,Phoenix,Phoenix,previous_game_city
4d84be2b-f01b-46cb-a905-27ce0584a45b,2016-05-29 22:00:00+00:00,2016-05-29,2016,5c0d47fe-8539-47b0-9f36-d0b3609ca89b,5c0d47fe-8539-47b0-9f36-d0b3609ca89b,0699edf3-5993-4182-b9b4-ec935cbd4fcc,0699edf3-5993-4182-b9b4-ec935cbd4fcc,0,0,2,0,1,1,Seattle,Phoenix,1114.5,0,14f46afe-db45-47b0-ba39-34c134db6c77,2016-05-27 02:00:00+00:00,Seattle,Washington,previous_game_city
bd61dd63-00fd-4970-a8de-a9c6096891ec,2016-06-01 00:00:00+00:00,2016-05-31,2016,08ed8274-e29f-4248-bc2e-83cc8ed18d75,08ed8274-e29f-4248-bc2e-83cc8ed18d75,6f017f37-be96-4bdc-b6d3-0a0429c72e89,6f017f37-be96-4bdc-b6d3-0a0429c72e89,1,0,6,0,0,1,New York,New York,0.0,0,9e94f8f3-3f94-4872-b8d7-ffa043dceec4,2016-05-24 15:00:00+00:00,New York,New York,home_city
bd61dd63-00fd-4970-a8de-a9c6096891ec,2016-06-01 00:00:00+00:00,2016-05-31,2016,6f017f37-be96-4bdc-b6d3-0a0429c72e89,6f017f37-be96-4bdc-b6d3-0a0429c72e89,08ed8274-e29f-4248-bc2e-83cc8ed18d75,08ed8274-e29f-4248-bc2e-83cc8ed18d75,0,0,3,0,1,2,Minneapolis,New York,1016.4,1,e2a23bf5-8880-4ce4-95cd-7629cfafa970,2016-05-28 00:00:00+00:00,Minneapolis,Minneapolis,previous_game_city
49ad1257-95fd-44fa-9024-64da5b8cc652,2016-06-01 02:00:00+00:00,2016-05-31,2016,0699edf3-5993-4182-b9b4-ec935cbd4fcc,0699edf3-5993-4182-b9b4-ec935cbd4fcc,a015b02d-845c-40c1-8ef4-844984f47e4d,a015b02d-845c-40c1-8ef4-844984f47e4d,1,0,1,0,1,2,Phoenix,Phoenix,0.0,0,4d84be2b-f01b-46cb-a905-27ce0584a45b,2016-05-29 22:00:00+00:00,Phoenix,Phoenix,previous_game_city
49ad1257-95fd-44fa-9024-64da5b8cc652,2016-06-01 02:00:00+00:00,2016-05-31,2016,a015b02d-845c-40c1-8ef4-844984f47e4d,a015b02d-845c-40c1-8ef4-844984f47e4d,0699edf3-5993-4182-b9b4-ec935cbd4fcc,0699edf3-5993-4182-b9b4-ec935cbd4fcc,0,0,2,0,1,2,Seattle,Phoenix,1114.5,0,c34a8cdd-a0c7-4758-8fec-545291da7f9a,2016-05-29 02:00:00+00:00,Seattle,Uncasville,previous_game_city
ce684bb7-a179-4c9c-b275-5b63fe56b8a4,2016-06-01 23:00:00+00:00,2016-06-01,2016,f073a15f-0486-4179-b0a3-dfd0294eb595,f073a15f-0486-4179-b0a3-dfd0294eb595,d6a012ed-84aa-48d3-8265-2d3f3ff2199a,d6a012ed-84aa-48d3-8265-2d3f3ff2199a,1,0,2,0,1,2,Atlanta,Indianapolis,427.3,0,dfccb9e6-7407-40b5-b450-c117357489a4,2016-05-29 19:00:00+00:00,Atlanta,Indianapolis,previous_game_city
ce684bb7-a179-4c9c-b275-5b63fe56b8a4,2016-06-01 23:00:00+00:00,2016-06-01,2016,d6a012ed-84aa-48d3-8265-2d3f3ff2199a,d6a012ed-84aa-48d3-8265-2d3f3ff2199a,f073a15f-0486-4179-b0a3-dfd0294eb595,f073a15f-0486-4179-b0a3-dfd0294eb595,0,0,3,0,1,2,Seattle,Indianapolis,1867.7,3,c34a8cdd-a0c7-4758-8fec-545291da7f9a,2016-05-29 02:00:00+00:00,Seattle,Seattle,previous_game_city
f96c602f-4a04-435b-bdf4-5417cff45572,2016-06-01 23:00:00+00:00,2016-06-01,2016,5c0d47fe-8539-47b0-9f36-d0b3609ca89b,5c0d47fe-8539-47b0-9f36-d0b3609ca89b,3c409388-ab73-4c7f-953d-3a71062240f6,3c409388-ab73-4c7f-953d-3a71062240f6,1,0,2,0,1,2,Phoenix,Washington,1977.6,3,4d84be2b-f01b-46cb-a905-27ce0584a45b,2016-05-29 22:00:00+00:00,Phoenix,Washington,previous_game_city
f96c602f-4a04-435b-bdf4-5417cff45572,2016-06-01 23:00:00+00:00,2016-06-01,2016,3c409388-ab73-4c7f-953d-3a71062240f6,3c409388-ab73-4c7f-953d-3a71062240f6,5c0d47fe-8539-47b0-9f36-d0b3609ca89b,5c0d47fe-8539-47b0-9f36-d0b3609ca89b,0,0,2,0,1,2,Arlington,Washington,1199.5,1,de26dd85-0d68-447a-926e-f43ca0a4bad5,2016-05-29 20:30:00+00:00,Arlington,Rosemont,previous_game_city
bb683dd8-423a-4e33-a3e5-69aa5d60e8a4,2016-06-03 02:30:00+00:00,2016-06-02,2016,0a5ad38d-2fe3-43ba-894b-1ba3d5042ea9,0a5ad38d-2fe3-43ba-894b-1ba3d5042ea9,e6bc56cc-9dad-43aa-8ccb-ee9d499fea28,FR_LVA_ACES,1,0,6,0,0,1,Los Angeles,Los Angeles,0.0,0,e20948e8-7390-4e55-bfbf-2d8038940902,2016-05-26 23:00:00+00:00,Uncasville,Los Angeles,home_city
bb683dd8-423a-4e33-a3e5-69aa5d60e8a4,2016-06-03 02:30:00+00:00,2016-06-02,2016,e6bc56cc-9dad-43aa-8ccb-ee9d499fea28,FR_LVA_ACES,0a5ad38d-2fe3-43ba-894b-1ba3d5042ea9,0a5ad38d-2fe3-43ba-894b-1ba3d5042ea9,0,0,5,0,0,1,San Antonio,Los Angeles,1201.6,-2,36660da0-1531-4a39-9fa1-ca1a54b4df23,2016-05-28 00:00:00+00:00,San Antonio,San Antonio,home_city
9eebd7b7-114e-46e7-ad12-ede990d50a7b,2016-06-03 23:00:00+00:00,2016-06-03,2016,a015b02d-845c-40c1-8ef4-844984f47e4d,a015b02d-845c-40c1-8ef4-844984f47e4d,5d70a9af-8c2b-4aec-9e68-9acc6ddb93e4,5d70a9af-8c2b-4aec-9e68-9acc6ddb93e4,1,0,2,0,1,2,Phoenix,Uncasville,2239.8,3,49ad1257-95fd-44fa-9024-64da5b8cc652,2016-06-01 02:00:00+00:00,Phoenix,Uncasville,previous_game_city
9eebd7b7-114e-46e7-ad12-ede990d50a7b,2016-06-03 23:00:00+00:00,2016-06-03,2016,5d70a9af-8c2b-4aec-9e68-9acc6ddb93e4,5d70a9af-8c2b-4aec-9e68-9acc6ddb93e4,a015b02d-845c-40c1-8ef4-844984f47e4d,a015b02d-845c-40c1-8ef4-844984f47e4d,0,0,4,0,0,2,Atlanta,Uncasville,857.3,0,dfccb9e6-7407-40b5-b450-c117357489a4,2016-05-29 19:00:00+00:00,Atlanta,Atlanta,home_city
47fcc325-4b74-4e29-8a9b-053db11fd34a,2016-06-03 23:30:00+00:00,2016-06-03,2016,08ed8274-e29f-4248-bc2e-83cc8ed18d75,08ed8274-e29f-4248-bc2e-83cc8ed18d75,f073a15f-0486-4179-b0a3-dfd0294eb595,f073a15f-0486-4179-b0a3-dfd0294eb595,1,0,2,0,1,1,New York,New York,0.0,0,bd61dd63-00fd-4970-a8de-a9c6096891ec,2016-06-01 00:00:00+00:00,New York,New York,previous_game_city
47fcc325-4b74-4e29-8a9b-053db11fd34a,2016-06-03 23:30:00+00:00,2016-06-03,2016,f073a15f-0486-4179-b0a3-dfd0294eb595,f073a15f-0486-4179-b0a3-dfd0294eb595,08ed8274-e29f-4248-bc2e-83cc8ed18d75,08ed8274-e29f-4248-bc2e-83cc8ed18d75,0,0,1,0,1,3,Indianapolis,New York,643.7,0,ce684bb7-a179-4c9c-b275-5b63fe56b8a4,2016-06-01 23:00:00+00:00,Indianapolis,Indianapolis,previous_game_city
71ed5edd-81dc-4ca8-93fb-a6f2400271fe,2016-06-04 00:30:00+00:00,2016-06-03,2016,3c409388-ab73-4c7f-953d-3a71062240f6,3c409388-ab73-4c7f-953d-3a71062240f6,5c0d47fe-8539-47b0-9f36-d0b3609ca89b,5c0d47fe-8539-47b0-9f36-d0b3609ca89b,1,0,1,0,1,3,Washington,Rosemont,607.3,-1,f96c602f-4a04-435b-bdf4-5417cff45572,2016-06-01 23:00:00+00:00,Washington,Rosemont,previous_game_city
71ed5edd-81dc-4ca8-93fb-a6f2400271fe,2016-06-04 00:30:00+00:00,2016-06-03,2016,5c0d47fe-8539-47b0-9f36-d0b3609ca89b,5c0d47fe-8539-47b0-9f36-d0b3609ca89b,3c409388-ab73-4c7f-953d-3a71062240f6,3c409388-ab73-4c7f-953d-3a71062240f6,0,0,1,0,1,2,Washington,Rosemont,607.3,-1,f96c602f-4a04-435b-bdf4-5417cff45572,2016-06-01 23:00:00+00:00,Washington,Washington,previous_game_city
39074926-d94b-4849-8ffd-9171de75119e,2016-06-04 02:00:00+00:00,2016-06-03,2016,d6a012ed-84aa-48d3-8265-2d3f3ff2199a,d6a012ed-84aa-48d3-8265-2d3f3ff2199a,0699edf3-5993-4182-b9b4-ec935cbd4fcc,0699edf3-5993-4182-b9b4-ec935cbd4fcc,1,0,1,0,1,2,Indianapolis,Seattle,1867.7,-3,ce684bb7-a179-4c9c-b275-5b63fe56b8a4,2016-06-01 23:00:00+00:00,Indianapolis,Seattle,previous_game_city
39074926-d94b-4849-8ffd-9171de75119e,2016-06-04 02:00:00+00:00,2016-06-03,2016,0699edf3-5993-4182-b9b4-ec935cbd4fcc,0699edf3-5993-4182-b9b4-ec935cbd4fcc,d6a012ed-84aa-48d3-8265-2d3f3ff2199a,d6a012ed-84aa-48d3-8265-2d3f3ff2199a,0,0,2,0,1,2,Phoenix,Seattle,1114.5,0,49ad1257-95fd-44fa-9024-64da5b8cc652,2016-06-01 02:00:00+00:00,Phoenix,Phoenix,previous_game_city
26fb2537-447f-490d-8ac8-b89372c921cf,2016-06-05 00:00:00+00:00,2016-06-04,2016,e6bc56cc-9dad-43aa-8ccb-ee9d499fea28,FR_LVA_ACES,0a5ad38d-2fe3-43ba-894b-1ba3d5042ea9,0a5ad38d-2fe3-43ba-894b-1ba3d5042ea9,1,0,1,0,1,1,Los Angeles,San Antonio,1201.6,2,bb683dd8-423a-4e33-a3e5-69aa5d60e8a4,2016-06-03 02:30:00+00:00,Los Angeles,San Antonio,previous_game_city
26fb2537-447f-490d-8ac8-b89372c921cf,2016-06-05 00:00:00+00:00,2016-06-04,2016,0a5ad38d-2fe3-43ba-894b-1ba3d5042ea9,0a5ad38d-2fe3-43ba-894b-1ba3d5042ea9,e6bc56cc-9dad-43aa-8ccb-ee9d499fea28,FR_LVA_ACES,0,0,1,0,1,1,Los Angeles,San Antonio,1201.6,2,bb683dd8-423a-4e33-a3e5-69aa5d60e8a4,2016-06-03 02:30:00+00:00,Los Angeles,Los Angeles,previous_game_city
dfe9f542-f4b9-4814-a454-e2ba6a40781a,2016-06-05 00:00:00+00:00,2016-06-04,2016,6f017f37-be96-4bdc-b6d3-0a0429c72e89,6f017f37-be96-4bdc-b6d3-0a0429c72e89,5f0b5caf-708b-4300-92f2-53b51d83ec06,5f0b5caf-708b-4300-92f2-53b51d83ec06,1,0,3,0,1,1,New York,Minneapolis,1016.4,-1,bd61dd63-00fd-4970-a8de-a9c6096891ec,2016-06-01 00:00:00+00:00,New York,Minneapolis,previous_game_city
dfe9f542-f4b9-4814-a454-e2ba6a40781a,2016-06-05 00:00:00+00:00,2016-06-04,2016,5f0b5caf-708b-4300-92f2-53b51d83ec06,5f0b5caf-708b-4300-92f2-53b51d83ec06,6f017f37-be96-4bdc-b6d3-0a0429c72e89,6f017f37-be96-4bdc-b6d3-0a0429c72e89,0,0,5,0,0,1,Arlington,Minneapolis,870.5,0,de26dd85-0d68-447a-926e-f43ca0a4bad5,2016-05-29 20:30:00+00:00,Arlington,Arlington,home_city
0fdf03c5-98a2-4b8d-9c59-7771fed2c61e,2016-06-05 19:00:00+00:00,2016-06-05,2016,a015b02d-845c-40c1-8ef4-844984f47e4d,a015b02d-845c-40c1-8ef4-844984f47e4d,f073a15f-0486-4179-b0a3-dfd0294eb595,f073a15f-0486-4179-b0a3-dfd0294eb595,1,0,1,0,1,2,Uncasville,Uncasville,0.0,0,9eebd7b7-114e-46e7-ad12-ede990d50a7b,2016-06-03 23:00:00+00:00,Uncasville,Uncasville,previous_game_city
0fdf03c5-98a2-4b8d-9c59-7771fed2c61e,2016-06-05 19:00:00+00:00,2016-06-05,2016,f073a15f-0486-4179-b0a3-dfd0294eb595,f073a15f-0486-4179-b0a3-dfd0294eb595,a015b02d-845c-40c1-8ef4-844984f47e4d,a015b02d-845c-40c1-8ef4-844984f47e4d,0,0,1,0,2,3,New York,Uncasville,112.4,0,47fcc325-4b74-4e29-8a9b-053db11fd34a,2016-06-03 23:30:00+00:00,New York,Indianapolis,previous_game_city
7156414f-d835-4111-86be-28ea994589a9,2016-06-05 19:00:00+00:00,2016-06-05,2016,5d70a9af-8c2b-4aec-9e68-9acc6ddb93e4,5d70a9af-8c2b-4aec-9e68-9acc6ddb93e4,5c0d47fe-8539-47b0-9f36-d0b3609ca89b,5c0d47fe-8539-47b0-9f36-d0b3609ca89b,1,0,1,0,1,2,Uncasville,Atlanta,857.3,0,9eebd7b7-114e-46e7-ad12-ede990d50a7b,2016-06-03 23:00:00+00:00,Uncasville,Atlanta,previous_game_city
7156414f-d835-4111-86be-28ea994589a9,2016-06-05 19:00:00+00:00,2016-06-05,2016,5c0d47fe-8539-47b0-9f36-d0b3609ca89b,5c0d47fe-8539-47b0-9f36-d0b3609ca89b,5d70a9af-8c2b-4aec-9e68-9acc6ddb93e4,5d70a9af-8c2b-4aec-9e68-9acc6ddb93e4,0,0,1,0,2,3,Rosemont,Atlanta,599.8,1,71ed5edd-81dc-4ca8-93fb-a6f2400271fe,2016-06-04 00:30:00+00:00,Rosemont,Washington,previous_game_city
a861f7e2-2882-4353-b444-3a08a49f295c,2016-06-05 23:00:00+00:00,2016-06-05,2016,d6a012ed-84aa-48d3-8265-2d3f3ff2199a,d6a012ed-84aa-48d3-8265-2d3f3ff2199a,08ed8274-e29f-4248-bc2e-83cc8ed18d75,08ed8274-e29f-4248-bc2e-83cc8ed18d75,1,0,1,0,2,2,Seattle,Seattle,0.0,0,39074926-d94b-4849-8ffd-9171de75119e,2016-06-04 02:00:00+00:00,Seattle,Seattle,previous_game_city
a861f7e2-2882-4353-b444-3a08a49f295c,2016-06-05 23:00:00+00:00,2016-06-05,2016,08ed8274-e29f-4248-bc2e-83cc8ed18d75,08ed8274-e29f-4248-bc2e-83cc8ed18d75,d6a012ed-84aa-48d3-8265-2d3f3ff2199a,d6a012ed-84aa-48d3-8265-2d3f3ff2199a,0,0,1,0,1,2,New York,Seattle,2402.0,-3,47fcc325-4b74-4e29-8a9b-053db11fd34a,2016-06-03 23:30:00+00:00,New York,New York,previous_game_city
c974a2f5-da37-4f50-83c2-f7224364fb3f,2016-06-08 00:00:00+00:00,2016-06-07,2016,6f017f37-be96-4bdc-b6d3-0a0429c72e89,6f017f37-be96-4bdc-b6d3-0a0429c72e89,0699edf3-5993-4182-b9b4-ec935cbd4fcc,0699edf3-5993-4182-b9b4-ec935cbd4fcc,1,0,2,0,1,2,Minneapolis,Minneapolis,0.0,0,dfe9f542-f4b9-4814-a454-e2ba6a40781a,2016-06-05 00:00:00+00:00,Minneapolis,Minneapolis,previous_game_city
c974a2f5-da37-4f50-83c2-f7224364fb3f,2016-06-08 00:00:00+00:00,2016-06-07,2016,0699edf3-5993-4182-b9b4-ec935cbd4fcc,0699edf3-5993-4182-b9b4-ec935cbd4fcc,6f017f37-be96-4bdc-b6d3-0a0429c72e89,6f017f37-be96-4bdc-b6d3-0a0429c72e89,0,0,3,0,1,2,Seattle,Minneapolis,1391.3,2,39074926-d94b-4849-8ffd-9171de75119e,2016-06-04 02:00:00+00:00,Seattle,Phoenix,previous_game_city
a82b9092-11a1-4c27-b200-5b1c92026789,2016-06-08 02:00:00+00:00,2016-06-07,2016,0a5ad38d-2fe3-43ba-894b-1ba3d5042ea9,0a5ad38d-2fe3-43ba-894b-1ba3d5042ea9,08ed8274-e29f-4248-bc2e-83cc8ed18d75,08ed8274-e29f-4248-bc2e-83cc8ed18d75,1,0,2,0,1,2,San Antonio,Los Angeles,1201.6,-2,26fb2537-447f-490d-8ac8-b89372c921cf,2016-06-05 00:00:00+00:00,San Antonio,Los Angeles,previous_game_city
a82b9092-11a1-4c27-b200-5b1c92026789,2016-06-08 02:00:00+00:00,2016-06-07,2016,08ed8274-e29f-4248-bc2e-83cc8ed18d75,08ed8274-e29f-4248-bc2e-83cc8ed18d75,0a5ad38d-2fe3-43ba-894b-1ba3d5042ea9,0a5ad38d-2fe3-43ba-894b-1ba3d5042ea9,0,0,1,0,2,3,Seattle,Los Angeles,960.2,0,a861f7e2-2882-4353-b444-3a08a49f295c,2016-06-05 23:00:00+00:00,Seattle,New York,previous_game_city
1c9fd20d-815d-4421-ab37-01f810352132,2016-06-09 00:30:00+00:00,2016-06-08,2016,5f0b5caf-708b-4300-92f2-53b51d83ec06,5f0b5caf-708b-4300-92f2-53b51d83ec06,5c0d47fe-8539-47b0-9f36-d0b3609ca89b,5c0d47fe-8539-47b0-9f36-d0b3609ca89b,1,0,3,0,1,1,Minneapolis,Arlington,870.5,0,dfe9f542-f4b9-4814-a454-e2ba6a40781a,2016-06-05 00:00:00+00:00,Minneapolis,Arlington,previous_game_city
1c9fd20d-815d-4421-ab37-01f810352132,2016-06-09 00:30:00+00:00,2016-06-08,2016,5c0d47fe-8539-47b0-9f36-d0b3609ca89b,5c0d47fe-8539-47b0-9f36-d0b3609ca89b,5f0b5caf-708b-4300-92f2-53b51d83ec06,5f0b5caf-708b-4300-92f2-53b51d83ec06,0,0,2,0,1,3,Atlanta,Arlington,737.9,-1,7156414f-d835-4111-86be-28ea994589a9,2016-06-05 19:00:00+00:00,Atlanta,Washington,previous_game_city
4ef317c0-631c-480d-a8c6-54ecf006445d,2016-06-10 02:00:00+00:00,2016-06-09,2016,0699edf3-5993-4182-b9b4-ec935cbd4fcc,0699edf3-5993-4182-b9b4-ec935cbd4fcc,e6bc56cc-9dad-43aa-8ccb-ee9d499fea28,FR_LVA_ACES,1,0,1,0,1,2,Minneapolis,Phoenix,1278.5,-2,c974a2f5-da37-4f50-83c2-f7224364fb3f,2016-06-08 00:00:00+00:00,Minneapolis,Phoenix,previous_game_city
4ef317c0-631c-480d-a8c6-54ecf006445d,2016-06-10 02:00:00+00:00,2016-06-09,2016,e6bc56cc-9dad-43aa-8ccb-ee9d499fea28,FR_LVA_ACES,0699edf3-5993-4182-b9b4-ec935cbd4fcc,0699edf3-5993-4182-b9b4-ec935cbd4fcc,0,0,4,0,0,2,San Antonio,Phoenix,846.7,-2,26fb2537-447f-490d-8ac8-b89372c921cf,2016-06-05 00:00:00+00:00,San Antonio,San Antonio,home_city
079e74d5-efdb-4c0c-a523-4c7e04f1f30a,2016-06-10 23:00:00+00:00,2016-06-10,2016,f073a15f-0486-4179-b0a3-dfd0294eb595,f073a15f-0486-4179-b0a3-dfd0294eb595,3c409388-ab73-4c7f-953d-3a71062240f6,3c409388-ab73-4c7f-953d-3a71062240f6,1,0,4,0,0,2,Indianapolis,Indianapolis,0.0,0,0fdf03c5-98a2-4b8d-9c59-7771fed2c61e,2016-06-05 19:00:00+00:00,Uncasville,Indianapolis,home_city
079e74d5-efdb-4c0c-a523-4c7e04f1f30a,2016-06-10 23:00:00+00:00,2016-06-10,2016,3c409388-ab73-4c7f-953d-3a71062240f6,3c409388-ab73-4c7f-953d-3a71062240f6,f073a15f-0486-4179-b0a3-dfd0294eb595,f073a15f-0486-4179-b0a3-dfd0294eb595,0,0,6,0,0,1,Rosemont,Indianapolis,177.3,1,71ed5edd-81dc-4ca8-93fb-a6f2400271fe,2016-06-04 00:30:00+00:00,Rosemont,Rosemont,home_city
a2c60190-3f0e-4bbe-a07e-ec95dc2027f3,2016-06-10 23:00:00+00:00,2016-06-10,2016,a015b02d-845c-40c1-8ef4-844984f47e4d,a015b02d-845c-40c1-8ef4-844984f47e4d,d6a012ed-84aa-48d3-8265-2d3f3ff2199a,d6a012ed-84aa-48d3-8265-2d3f3ff2199a,1,0,4,0,0,2,Uncasville,Uncasville,0.1,0,0fdf03c5-98a2-4b8d-9c59-7771fed2c61e,2016-06-05 19:00:00+00:00,Uncasville,Uncasville,home_city
a2c60190-3f0e-4bbe-a07e-ec95dc2027f3,2016-06-10 23:00:00+00:00,2016-06-10,2016,d6a012ed-84aa-48d3-8265-2d3f3ff2199a,d6a012ed-84aa-48d3-8265-2d3f3ff2199a,a015b02d-845c-40c1-8ef4-844984f47e4d,a015b02d-845c-40c1-8ef4-844984f47e4d,0,0,4,0,0,2,Seattle,Uncasville,2464.7,3,a861f7e2-2882-4353-b444-3a08a49f295c,2016-06-05 23:00:00+00:00,Seattle,Seattle,home_city
c5712abc-0cbf-48b5-a6a9-dcb3c3258d39,2016-06-10 23:30:00+00:00,2016-06-10,2016,5d70a9af-8c2b-4aec-9e68-9acc6ddb93e4,5d70a9af-8c2b-4aec-9e68-9acc6ddb93e4,6f017f37-be96-4bdc-b6d3-0a0429c72e89,6f017f37-be96-4bdc-b6d3-0a0429c72e89,1,0,4,0,0,2,Atlanta,Atlanta,0.1,0,7156414f-d835-4111-86be-28ea994589a9,2016-06-05 19:00:00+00:00,Atlanta,Atlanta,home_city
c5712abc-0cbf-48b5-a6a9-dcb3c3258d39,2016-06-10 23:30:00+00:00,2016-06-10,2016,6f017f37-be96-4bdc-b6d3-0a0429c72e89,6f017f37-be96-4bdc-b6d3-0a0429c72e89,5d70a9af-8c2b-4aec-9e68-9acc6ddb93e4,5d70a9af-8c2b-4aec-9e68-9acc6ddb93e4,0,0,2,0,1,2,Minneapolis,Atlanta,908.0,1,c974a2f5-da37-4f50-83c2-f7224364fb3f,2016-06-08 00:00:00+00:00,Minneapolis,Minneapolis,previous_game_city
6f4caee9-d7b4-4fdc-9ad0-1833481646bc,2016-06-11 23:00:00+00:00,2016-06-11,2016,5c0d47fe-8539-47b0-9f36-d0b3609ca89b,5c0d47fe-8539-47b0-9f36-d0b3609ca89b,6f017f37-be96-4bdc-b6d3-0a0429c72e89,6f017f37-be96-4bdc-b6d3-0a0429c72e89,1,0,2,0,1,2,Arlington,Washington,1199.5,1,1c9fd20d-815d-4421-ab37-01f810352132,2016-06-09 00:30:00+00:00,Arlington,Washington,previous_game_city
6f4caee9-d7b4-4fdc-9ad0-1833481646bc,2016-06-11 23:00:00+00:00,2016-06-11,2016,6f017f37-be96-4bdc-b6d3-0a0429c72e89,6f017f37-be96-4bdc-b6d3-0a0429c72e89,5c0d47fe-8539-47b0-9f36-d0b3609ca89b,5c0d47fe-8539-47b0-9f36-d0b3609ca89b,0,0,0,1,2,3,Atlanta,Washington,542.3,0,c5712abc-0cbf-48b5-a6a9-dcb3c3258d39,2016-06-10 23:30:00+00:00,Atlanta,Minneapolis,previous_game_city
9728b030-4e35-43d5-9806-b7fd0bbad8ca,2016-06-12 00:00:00+00:00,2016-06-11,2016,e6bc56cc-9dad-43aa-8ccb-ee9d499fea28,FR_LVA_ACES,08ed8274-e29f-4248-bc2e-83cc8ed18d75,08ed8274-e29f-4248-bc2e-83cc8ed18d75,1,0,1,0,1,2,Phoenix,San Antonio,846.7,2,4ef317c0-631c-480d-a8c6-54ecf006445d,2016-06-10 02:00:00+00:00,Phoenix,San Antonio,previous_game_city
9728b030-4e35-43d5-9806-b7fd0bbad8ca,2016-06-12 00:00:00+00:00,2016-06-11,2016,08ed8274-e29f-4248-bc2e-83cc8ed18d75,08ed8274-e29f-4248-bc2e-83cc8ed18d75,e6bc56cc-9dad-43aa-8ccb-ee9d499fea28,FR_LVA_ACES,0,0,3,0,1,2,Los Angeles,San Antonio,1201.6,2,a82b9092-11a1-4c27-b200-5b1c92026789,2016-06-08 02:00:00+00:00,Los Angeles,New York,previous_game_city
c4f81d5b-a271-45ef-b854-2bd205556760,2016-06-12 00:30:00+00:00,2016-06-11,2016,5f0b5caf-708b-4300-92f2-53b51d83ec06,5f0b5caf-708b-4300-92f2-53b51d83ec06,0a5ad38d-2fe3-43ba-894b-1ba3d5042ea9,0a5ad38d-2fe3-43ba-894b-1ba3d5042ea9,1,0,2,0,1,2,Arlington,Arlington,0.0,0,1c9fd20d-815d-4421-ab37-01f810352132,2016-06-09 00:30:00+00:00,Arlington,Arlington,previous_game_city
c4f81d5b-a271-45ef-b854-2bd205556760,2016-06-12 00:30:00+00:00,2016-06-11,2016,0a5ad38d-2fe3-43ba-894b-1ba3d5042ea9,0a5ad38d-2fe3-43ba-894b-1ba3d5042ea9,5f0b5caf-708b-4300-92f2-53b51d83ec06,5f0b5caf-708b-4300-92f2-53b51d83ec06,0,0,3,0,1,2,Los Angeles,Arlington,1220.5,2,a82b9092-11a1-4c27-b200-5b1c92026789,2016-06-08 02:00:00+00:00,Los Angeles,Los Angeles,previous_game_city
46d4ef1d-c8d0-4808-a237-81d42b9a5e82,2016-06-12 19:00:00+00:00,2016-06-12,2016,5d70a9af-8c2b-4aec-9e68-9acc6ddb93e4,5d70a9af-8c2b-4aec-9e68-9acc6ddb93e4,a015b02d-845c-40c1-8ef4-844984f47e4d,a015b02d-845c-40c1-8ef4-844984f47e4d,1,0,1,0,1,2,Atlanta,Atlanta,0.0,0,c5712abc-0cbf-48b5-a6a9-dcb3c3258d39,2016-06-10 23:30:00+00:00,Atlanta,Atlanta,previous_game_city
46d4ef1d-c8d0-4808-a237-81d42b9a5e82,2016-06-12 19:00:00+00:00,2016-06-12,2016,a015b02d-845c-40c1-8ef4-844984f47e4d,a015b02d-845c-40c1-8ef4-844984f47e4d,5d70a9af-8c2b-4aec-9e68-9acc6ddb93e4,5d70a9af-8c2b-4aec-9e68-9acc6ddb93e4,0,0,1,0,1,2,Uncasville,Atlanta,857.3,0,a2c60190-3f0e-4bbe-a07e-ec95dc2027f3,2016-06-10 23:00:00+00:00,Uncasville,Uncasville,previous_game_city
9e546976-3378-4d13-89d9-2863817989d3,2016-06-12 22:00:00+00:00,2016-06-12,2016,f073a15f-0486-4179-b0a3-dfd0294eb595,f073a15f-0486-4179-b0a3-dfd0294eb595,d6a012ed-84aa-48d3-8265-2d3f3ff2199a,d6a012ed-84aa-48d3-8265-2d3f3ff2199a,1,0,1,0,1,2,Indianapolis,Indianapolis,0.0,0,079e74d5-efdb-4c0c-a523-4c7e04f1f30a,2016-06-10 23:00:00+00:00,Indianapolis,Indianapolis,previous_game_city
9e546976-3378-4d13-89d9-2863817989d3,2016-06-12 22:00:00+00:00,2016-06-12,2016,d6a012ed-84aa-48d3-8265-2d3f3ff2199a,d6a012ed-84aa-48d3-8265-2d3f3ff2199a,f073a15f-0486-4179-b0a3-dfd0294eb595,f073a15f-0486-4179-b0a3-dfd0294eb595,0,0,1,0,1,2,Uncasville,Indianapolis,745.5,0,a2c60190-3f0e-4bbe-a07e-ec95dc2027f3,2016-06-10 23:00:00+00:00,Uncasville,Seattle,previous_game_city
c3ac064b-fd20-4f58-8906-ca73a2974314,2016-06-12 22:00:00+00:00,2016-06-12,2016,0699edf3-5993-4182-b9b4-ec935cbd4fcc,0699edf3-5993-4182-b9b4-ec935cbd4fcc,3c409388-ab73-4c7f-953d-3a71062240f6,3c409388-ab73-4c7f-953d-3a71062240f6,1,0,2,0,1,2,Phoenix,Phoenix,0.0,0,4ef317c0-631c-480d-a8c6-54ecf006445d,2016-06-10 02:00:00+00:00,Phoenix,Phoenix,previous_game_city
c3ac064b-fd20-4f58-8906-ca73a2974314,2016-06-12 22:00:00+00:00,2016-06-12,2016,3c409388-ab73-4c7f-953d-3a71062240f6,3c409388-ab73-4c7f-953d-3a71062240f6,0699edf3-5993-4182-b9b4-ec935cbd4fcc,0699edf3-5993-4182-b9b4-ec935cbd4fcc,0,0,1,0,1,1,Indianapolis,Phoenix,1496.2,-3,079e74d5-efdb-4c0c-a523-4c7e04f1f30a,2016-06-10 23:00:00+00:00,Indianapolis,Rosemont,previous_game_city
4ab6d5e9-ebff-4f37-b62b-8e68978546fe,2016-06-14 23:00:00+00:00,2016-06-14,2016,a015b02d-845c-40c1-8ef4-844984f47e4d,a015b02d-845c-40c1-8ef4-844984f47e4d,5c0d47fe-8539-47b0-9f36-d0b3609ca89b,5c0d47fe-8539-47b0-9f36-d0b3609ca89b,1,0,1,0,2,2,Atlanta,Uncasville,857.3,0,46d4ef1d-c8d0-4808-a237-81d42b9a5e82,2016-06-12 19:00:00+00:00,Atlanta,Uncasville,previous_game_city
4ab6d5e9-ebff-4f37-b62b-8e68978546fe,2016-06-14 23:00:00+00:00,2016-06-14,2016,5c0d47fe-8539-47b0-9f36-d0b3609ca89b,5c0d47fe-8539-47b0-9f36-d0b3609ca89b,a015b02d-845c-40c1-8ef4-844984f47e4d,a015b02d-845c-40c1-8ef4-844984f47e4d,0,0,2,0,1,2,Washington,Uncasville,315.3,0,6f4caee9-d7b4-4fdc-9ad0-1833481646bc,2016-06-11 23:00:00+00:00,Washington,Washington,previous_game_city
ba2eda90-ff72-4a5f-8c95-b859890430dc,2016-06-14 23:00:00+00:00,2016-06-14,2016,08ed8274-e29f-4248-bc2e-83cc8ed18d75,08ed8274-e29f-4248-bc2e-83cc8ed18d75,5f0b5caf-708b-4300-92f2-53b51d83ec06,5f0b5caf-708b-4300-92f2-53b51d83ec06,1,0,2,0,1,2,San Antonio,New York,1581.4,1,9728b030-4e35-43d5-9806-b7fd0bbad8ca,2016-06-12 00:00:00+00:00,San Antonio,New York,previous_game_city
ba2eda90-ff72-4a5f-8c95-b859890430dc,2016-06-14 23:00:00+00:00,2016-06-14,2016,5f0b5caf-708b-4300-92f2-53b51d83ec06,5f0b5caf-708b-4300-92f2-53b51d83ec06,08ed8274-e29f-4248-bc2e-83cc8ed18d75,08ed8274-e29f-4248-bc2e-83cc8ed18d75,0,0,2,0,1,2,Arlington,New York,1387.7,1,c4f81d5b-a271-45ef-b854-2bd205556760,2016-06-12 00:30:00+00:00,Arlington,Arlington,previous_game_city
37127f7c-3f6b-4c3a-a896-f90f0ded370d,2016-06-15 00:00:00+00:00,2016-06-14,2016,e6bc56cc-9dad-43aa-8ccb-ee9d499fea28,FR_LVA_ACES,d6a012ed-84aa-48d3-8265-2d3f3ff2199a,d6a012ed-84aa-48d3-8265-2d3f3ff2199a,1,0,2,0,1,2,San Antonio,San Antonio,0.0,0,9728b030-4e35-43d5-9806-b7fd0bbad8ca,2016-06-12 00:00:00+00:00,San Antonio,San Antonio,previous_game_city
37127f7c-3f6b-4c3a-a896-f90f0ded370d,2016-06-15 00:00:00+00:00,2016-06-14,2016,d6a012ed-84aa-48d3-8265-2d3f3ff2199a,d6a012ed-84aa-48d3-8265-2d3f3ff2199a,e6bc56cc-9dad-43aa-8ccb-ee9d499fea28,FR_LVA_ACES,0,0,1,0,2,2,Indianapolis,San Antonio,999.6,-1,9e546976-3378-4d13-89d9-2863817989d3,2016-06-12 22:00:00+00:00,Indianapolis,Seattle,previous_game_city
db32c6a6-cb14-4670-8f47-e38475a4eb1e,2016-06-15 00:00:00+00:00,2016-06-14,2016,6f017f37-be96-4bdc-b6d3-0a0429c72e89,6f017f37-be96-4bdc-b6d3-0a0429c72e89,f073a15f-0486-4179-b0a3-dfd0294eb595,f073a15f-0486-4179-b0a3-dfd0294eb595,1,0,2,0,2,3,Washington,Minneapolis,931.2,-1,6f4caee9-d7b4-4fdc-9ad0-1833481646bc,2016-06-11 23:00:00+00:00,Washington,Minneapolis,previous_game_city
db32c6a6-cb14-4670-8f47-e38475a4eb1e,2016-06-15 00:00:00+00:00,2016-06-14,2016,f073a15f-0486-4179-b0a3-dfd0294eb595,f073a15f-0486-4179-b0a3-dfd0294eb595,6f017f37-be96-4bdc-b6d3-0a0429c72e89,6f017f37-be96-4bdc-b6d3-0a0429c72e89,0,0,1,0,2,2,Indianapolis,Minneapolis,510.7,-1,9e546976-3378-4d13-89d9-2863817989d3,2016-06-12 22:00:00+00:00,Indianapolis,Indianapolis,previous_game_city
2c0c90d3-824c-411d-b60f-5b4fff79db1f,2016-06-15 02:30:00+00:00,2016-06-14,2016,0a5ad38d-2fe3-43ba-894b-1ba3d5042ea9,0a5ad38d-2fe3-43ba-894b-1ba3d5042ea9,3c409388-ab73-4c7f-953d-3a71062240f6,3c409388-ab73-4c7f-953d-3a71062240f6,1,0,2,0,1,2,Arlington,Los Angeles,1220.5,-2,c4f81d5b-a271-45ef-b854-2bd205556760,2016-06-12 00:30:00+00:00,Arlington,Los Angeles,previous_game_city
2c0c90d3-824c-411d-b60f-5b4fff79db1f,2016-06-15 02:30:00+00:00,2016-06-14,2016,3c409388-ab73-4c7f-953d-3a71062240f6,3c409388-ab73-4c7f-953d-3a71062240f6,0a5ad38d-2fe3-43ba-894b-1ba3d5042ea9,0a5ad38d-2fe3-43ba-894b-1ba3d5042ea9,0,0,1,0,2,2,Phoenix,Los Angeles,356.8,0,c3ac064b-fd20-4f58-8906-ca73a2974314,2016-06-12 22:00:00+00:00,Phoenix,Rosemont,previous_game_city
31ee6ba3-7c3e-4316-802a-65df6e9f9bcb,2016-06-16 23:00:00+00:00,2016-06-16,2016,a015b02d-845c-40c1-8ef4-844984f47e4d,a015b02d-845c-40c1-8ef4-844984f47e4d,08ed8274-e29f-4248-bc2e-83cc8ed18d75,08ed8274-e29f-4248-bc2e-83cc8ed18d75,1,0,1,0,2,3,Uncasville,Uncasville,0.0,0,4ab6d5e9-ebff-4f37-b62b-8e68978546fe,2016-06-14 23:00:00+00:00,Uncasville,Uncasville,previous_game_city
31ee6ba3-7c3e-4316-802a-65df6e9f9bcb,2016-06-16 23:00:00+00:00,2016-06-16,2016,08ed8274-e29f-4248-bc2e-83cc8ed18d75,08ed8274-e29f-4248-bc2e-83cc8ed18d75,a015b02d-845c-40c1-8ef4-844984f47e4d,a015b02d-845c-40c1-8ef4-844984f47e4d,0,0,1,0,1,2,New York,Uncasville,112.4,0,ba2eda90-ff72-4a5f-8c95-b859890430dc,2016-06-14 23:00:00+00:00,New York,New York,previous_game_city
75bb72d5-be6d-4200-8436-4dc5512334a8,2016-06-17 00:30:00+00:00,2016-06-16,2016,5f0b5caf-708b-4300-92f2-53b51d83ec06,5f0b5caf-708b-4300-92f2-53b51d83ec06,d6a012ed-84aa-48d3-8265-2d3f3ff2199a,d6a012ed-84aa-48d3-8265-2d3f3ff2199a,1,0,1,0,1,2,New York,Arlington,1387.7,-1,ba2eda90-ff72-4a5f-8c95-b859890430dc,2016-06-14 23:00:00+00:00,New York,Arlington,previous_game_city
75bb72d5-be6d-4200-8436-4dc5512334a8,2016-06-17 00:30:00+00:00,2016-06-16,2016,d6a012ed-84aa-48d3-8265-2d3f3ff2199a,d6a012ed-84aa-48d3-8265-2d3f3ff2199a,5f0b5caf-708b-4300-92f2-53b51d83ec06,5f0b5caf-708b-4300-92f2-53b51d83ec06,0,0,1,0,2,3,San Antonio,Arlington,243.0,0,37127f7c-3f6b-4c3a-a896-f90f0ded370d,2016-06-15 00:00:00+00:00,San Antonio,Seattle,previous_game_city
ba0f1aff-7174-49c8-92cc-fa9e24f3060a,2016-06-17 23:30:00+00:00,2016-06-17,2016,5d70a9af-8c2b-4aec-9e68-9acc6ddb93e4,5d70a9af-8c2b-4aec-9e68-9acc6ddb93e4,3c409388-ab73-4c7f-953d-3a71062240f6,3c409388-ab73-4c7f-953d-3a71062240f6,1,0,4,0,0,2,Atlanta,Atlanta,0.1,0,46d4ef1d-c8d0-4808-a237-81d42b9a5e82,2016-06-12 19:00:00+00:00,Atlanta,Atlanta,home_city
ba0f1aff-7174-49c8-92cc-fa9e24f3060a,2016-06-17 23:30:00+00:00,2016-06-17,2016,3c409388-ab73-4c7f-953d-3a71062240f6,3c409388-ab73-4c7f-953d-3a71062240f6,5d70a9af-8c2b-4aec-9e68-9acc6ddb93e4,5d70a9af-8c2b-4aec-9e68-9acc6ddb93e4,0,0,2,0,1,3,Los Angeles,Atlanta,1932.7,3,2c0c90d3-824c-411d-b60f-5b4fff79db1f,2016-06-15 02:30:00+00:00,Los Angeles,Rosemont,previous_game_city
2c81b035-4ed6-403e-bbc8-f5ea53a09228,2016-06-18 00:00:00+00:00,2016-06-17,2016,e6bc56cc-9dad-43aa-8ccb-ee9d499fea28,FR_LVA_ACES,f073a15f-0486-4179-b0a3-dfd0294eb595,f073a15f-0486-4179-b0a3-dfd0294eb595,1,0,2,0,1,2,San Antonio,San Antonio,0.0,0,37127f7c-3f6b-4c3a-a896-f90f0ded370d,2016-06-15 00:00:00+00:00,San Antonio,San Antonio,previous_game_city
2c81b035-4ed6-403e-bbc8-f5ea53a09228,2016-06-18 00:00:00+00:00,2016-06-17,2016,f073a15f-0486-4179-b0a3-dfd0294eb595,f073a15f-0486-4179-b0a3-dfd0294eb595,e6bc56cc-9dad-43aa-8ccb-ee9d499fea28,FR_LVA_ACES,0,0,2,0,1,3,Minneapolis,San Antonio,1111.9,0,db32c6a6-cb14-4670-8f47-e38475a4eb1e,2016-06-15 00:00:00+00:00,Minneapolis,Indianapolis,previous_game_city
53e71cc5-77b6-4771-8370-5a47e8f2769e,2016-06-18 02:30:00+00:00,2016-06-17,2016,0a5ad38d-2fe3-43ba-894b-1ba3d5042ea9,0a5ad38d-2fe3-43ba-894b-1ba3d5042ea9,0699edf3-5993-4182-b9b4-ec935cbd4fcc,0699edf3-5993-4182-b9b4-ec935cbd4fcc,1,0,2,0,1,2,Los Angeles,Los Angeles,0.0,0,2c0c90d3-824c-411d-b60f-5b4fff79db1f,2016-06-15 02:30:00+00:00,Los Angeles,Los Angeles,previous_game_city
53e71cc5-77b6-4771-8370-5a47e8f2769e,2016-06-18 02:30:00+00:00,2016-06-17,2016,0699edf3-5993-4182-b9b4-ec935cbd4fcc,0699edf3-5993-4182-b9b4-ec935cbd4fcc,0a5ad38d-2fe3-43ba-894b-1ba3d5042ea9,0a5ad38d-2fe3-43ba-894b-1ba3d5042ea9,0,0,4,0,0,1,Phoenix,Los Angeles,356.8,0,c3ac064b-fd20-4f58-8906-ca73a2974314,2016-06-12 22:00:00+00:00,Phoenix,Phoenix,home_city
9846b71a-a8f1-42e0-877e-ed88887083f7,2016-06-18 23:00:00+00:00,2016-06-18,2016,5c0d47fe-8539-47b0-9f36-d0b3609ca89b,5c0d47fe-8539-47b0-9f36-d0b3609ca89b,5d70a9af-8c2b-4aec-9e68-9acc6ddb93e4,5d70a9af-8c2b-4aec-9e68-9acc6ddb93e4,1,0,3,0,1,2,Uncasville,Washington,315.3,0,4ab6d5e9-ebff-4f37-b62b-8e68978546fe,2016-06-14 23:00:00+00:00,Uncasville,Washington,previous_game_city
9846b71a-a8f1-42e0-877e-ed88887083f7,2016-06-18 23:00:00+00:00,2016-06-18,2016,5d70a9af-8c2b-4aec-9e68-9acc6ddb93e4,5d70a9af-8c2b-4aec-9e68-9acc6ddb93e4,5c0d47fe-8539-47b0-9f36-d0b3609ca89b,5c0d47fe-8539-47b0-9f36-d0b3609ca89b,0,0,0,1,1,2,Atlanta,Washington,542.3,0,ba0f1aff-7174-49c8-92cc-fa9e24f3060a,2016-06-17 23:30:00+00:00,Atlanta,Atlanta,previous_game_city
4d2ebd0c-1285-47f0-ba5c-1e2eb79bf86e,2016-06-19 02:00:00+00:00,2016-06-18,2016,0699edf3-5993-4182-b9b4-ec935cbd4fcc,0699edf3-5993-4182-b9b4-ec935cbd4fcc,5f0b5caf-708b-4300-92f2-53b51d83ec06,5f0b5caf-708b-4300-92f2-53b51d83ec06,1,0,0,1,1,2,Los Angeles,Phoenix,356.8,0,53e71cc5-77b6-4771-8370-5a47e8f2769e,2016-06-18 02:30:00+00:00,Los Angeles,Phoenix,previous_game_city
4d2ebd0c-1285-47f0-ba5c-1e2eb79bf86e,2016-06-19 02:00:00+00:00,2016-06-18,2016,5f0b5caf-708b-4300-92f2-53b51d83ec06,5f0b5caf-708b-4300-92f2-53b51d83ec06,0699edf3-5993-4182-b9b4-ec935cbd4fcc,0699edf3-5993-4182-b9b4-ec935cbd4fcc,0,0,1,0,2,3,Arlington,Phoenix,867.0,-2,75bb72d5-be6d-4200-8436-4dc5512334a8,2016-06-17 00:30:00+00:00,Arlington,Arlington,previous_game_city
9ad6596a-61a1-4f8b-8996-aa44b560fbd5,2016-06-19 17:00:00+00:00,2016-06-19,2016,a015b02d-845c-40c1-8ef4-844984f47e4d,a015b02d-845c-40c1-8ef4-844984f47e4d,e6bc56cc-9dad-43aa-8ccb-ee9d499fea28,FR_LVA_ACES,1,0,2,0,1,3,Uncasville,Uncasville,0.0,0,31ee6ba3-7c3e-4316-802a-65df6e9f9bcb,2016-06-16 23:00:00+00:00,Uncasville,Uncasville,previous_game_city
9ad6596a-61a1-4f8b-8996-aa44b560fbd5,2016-06-19 17:00:00+00:00,2016-06-19,2016,e6bc56cc-9dad-43aa-8ccb-ee9d499fea28,FR_LVA_ACES,a015b02d-845c-40c1-8ef4-844984f47e4d,a015b02d-845c-40c1-8ef4-844984f47e4d,0,0,1,0,1,2,San Antonio,Uncasville,1693.0,1,2c81b035-4ed6-403e-bbc8-f5ea53a09228,2016-06-18 00:00:00+00:00,San Antonio,San Antonio,previous_game_city
75363dc7-5150-4b04-a50d-06d442745471,2016-06-19 18:00:00+00:00,2016-06-19,2016,f073a15f-0486-4179-b0a3-dfd0294eb595,f073a15f-0486-4179-b0a3-dfd0294eb595,08ed8274-e29f-4248-bc2e-83cc8ed18d75,08ed8274-e29f-4248-bc2e-83cc8ed18d75,1,0,1,0,1,3,San Antonio,Indianapolis,999.6,1,2c81b035-4ed6-403e-bbc8-f5ea53a09228,2016-06-18 00:00:00+00:00,San Antonio,Indianapolis,previous_game_city
75363dc7-5150-4b04-a50d-06d442745471,2016-06-19 18:00:00+00:00,2016-06-19,2016,08ed8274-e29f-4248-bc2e-83cc8ed18d75,08ed8274-e29f-4248-bc2e-83cc8ed18d75,f073a15f-0486-4179-b0a3-dfd0294eb595,f073a15f-0486-4179-b0a3-dfd0294eb595,0,0,2,0,1,2,Uncasville,Indianapolis,745.5,0,31ee6ba3-7c3e-4316-802a-65df6e9f9bcb,2016-06-16 23:00:00+00:00,Uncasville,New York,previous_game_city
848b348d-ad6e-4f07-b516-a0c62f16bee7,2016-06-19 23:00:00+00:00,2016-06-19,2016,d6a012ed-84aa-48d3-8265-2d3f3ff2199a,d6a012ed-84aa-48d3-8265-2d3f3ff2199a,6f017f37-be96-4bdc-b6d3-0a0429c72e89,6f017f37-be96-4bdc-b6d3-0a0429c72e89,1,0,2,0,1,3,Arlington,Seattle,1669.1,-2,75bb72d5-be6d-4200-8436-4dc5512334a8,2016-06-17 00:30:00+00:00,Arlington,Seattle,previous_game_city
848b348d-ad6e-4f07-b516-a0c62f16bee7,2016-06-19 23:00:00+00:00,2016-06-19,2016,6f017f37-be96-4bdc-b6d3-0a0429c72e89,6f017f37-be96-4bdc-b6d3-0a0429c72e89,d6a012ed-84aa-48d3-8265-2d3f3ff2199a,d6a012ed-84aa-48d3-8265-2d3f3ff2199a,0,0,4,0,0,1,Minneapolis,Seattle,1391.3,-2,db32c6a6-cb14-4670-8f47-e38475a4eb1e,2016-06-15 00:00:00+00:00,Minneapolis,Minneapolis,home_city
fcc2aa2c-26a3-4e18-af1a-d14d1682dd94,2016-06-21 19:30:00+00:00,2016-06-21,2016,0a5ad38d-2fe3-43ba-894b-1ba3d5042ea9,0a5ad38d-2fe3-43ba-894b-1ba3d5042ea9,6f017f37-be96-4bdc-b6d3-0a0429c72e89,6f017f37-be96-4bdc-b6d3-0a0429c72e89,1,0,3,0,1,2,Los Angeles,Los Angeles,0.0,0,53e71cc5-77b6-4771-8370-5a47e8f2769e,2016-06-18 02:30:00+00:00,Los Angeles,Los Angeles,previous_game_city
fcc2aa2c-26a3-4e18-af1a-d14d1682dd94,2016-06-21 19:30:00+00:00,2016-06-21,2016,6f017f37-be96-4bdc-b6d3-0a0429c72e89,6f017f37-be96-4bdc-b6d3-0a0429c72e89,0a5ad38d-2fe3-43ba-894b-1ba3d5042ea9,0a5ad38d-2fe3-43ba-894b-1ba3d5042ea9,0,0,1,0,1,2,Seattle,Los Angeles,960.2,0,848b348d-ad6e-4f07-b516-a0c62f16bee7,2016-06-19 23:00:00+00:00,Seattle,Minneapolis,previous_game_city
c0503776-206b-44ba-9260-1f68b4023038,2016-06-22 00:00:00+00:00,2016-06-21,2016,5f0b5caf-708b-4300-92f2-53b51d83ec06,5f0b5caf-708b-4300-92f2-53b51d83ec06,0699edf3-5993-4182-b9b4-ec935cbd4fcc,0699edf3-5993-4182-b9b4-ec935cbd4fcc,1,0,2,0,1,3,Phoenix,Arlington,867.0,2,4d2ebd0c-1285-47f0-ba5c-1e2eb79bf86e,2016-06-19 02:00:00+00:00,Phoenix,Arlington,previous_game_city
c0503776-206b-44ba-9260-1f68b4023038,2016-06-22 00:00:00+00:00,2016-06-21,2016,0699edf3-5993-4182-b9b4-ec935cbd4fcc,0699edf3-5993-4182-b9b4-ec935cbd4fcc,5f0b5caf-708b-4300-92f2-53b51d83ec06,5f0b5caf-708b-4300-92f2-53b51d83ec06,0,0,2,0,2,2,Phoenix,Arlington,867.0,2,4d2ebd0c-1285-47f0-ba5c-1e2eb79bf86e,2016-06-19 02:00:00+00:00,Phoenix,Phoenix,previous_game_city
e9c3db82-e963-4cad-a422-ea76b2e9c2c4,2016-06-22 00:00:00+00:00,2016-06-21,2016,3c409388-ab73-4c7f-953d-3a71062240f6,3c409388-ab73-4c7f-953d-3a71062240f6,e6bc56cc-9dad-43aa-8ccb-ee9d499fea28,FR_LVA_ACES,1,0,3,0,1,2,Atlanta,Rosemont,599.8,-1,ba0f1aff-7174-49c8-92cc-fa9e24f3060a,2016-06-17 23:30:00+00:00,Atlanta,Rosemont,previous_game_city
e9c3db82-e963-4cad-a422-ea76b2e9c2c4,2016-06-22 00:00:00+00:00,2016-06-21,2016,e6bc56cc-9dad-43aa-8ccb-ee9d499fea28,FR_LVA_ACES,3c409388-ab73-4c7f-953d-3a71062240f6,3c409388-ab73-4c7f-953d-3a71062240f6,0,0,1,0,2,3,Uncasville,Rosemont,812.0,-1,9ad6596a-61a1-4f8b-8996-aa44b560fbd5,2016-06-19 17:00:00+00:00,Uncasville,San Antonio,previous_game_city
6ef326cf-e0fa-497b-8ff1-d2e921c376ea,2016-06-22 16:00:00+00:00,2016-06-22,2016,5d70a9af-8c2b-4aec-9e68-9acc6ddb93e4,5d70a9af-8c2b-4aec-9e68-9acc6ddb93e4,08ed8274-e29f-4248-bc2e-83cc8ed18d75,08ed8274-e29f-4248-bc2e-83cc8ed18d75,1,0,3,0,1,2,Washington,Atlanta,542.3,0,9846b71a-a8f1-42e0-877e-ed88887083f7,2016-06-18 23:00:00+00:00,Washington,Atlanta,previous_game_city
6ef326cf-e0fa-497b-8ff1-d2e921c376ea,2016-06-22 16:00:00+00:00,2016-06-22,2016,08ed8274-e29f-4248-bc2e-83cc8ed18d75,08ed8274-e29f-4248-bc2e-83cc8ed18d75,5d70a9af-8c2b-4aec-9e68-9acc6ddb93e4,5d70a9af-8c2b-4aec-9e68-9acc6ddb93e4,0,0,2,0,1,2,Indianapolis,Atlanta,427.3,0,75363dc7-5150-4b04-a50d-06d442745471,2016-06-19 18:00:00+00:00,Indianapolis,New York,previous_game_city
af8a1cdf-1876-4698-b1d6-0b078a6912e1,2016-06-22 23:00:00+00:00,2016-06-22,2016,5c0d47fe-8539-47b0-9f36-d0b3609ca89b,5c0d47fe-8539-47b0-9f36-d0b3609ca89b,f073a15f-0486-4179-b0a3-dfd0294eb595,f073a15f-0486-4179-b0a3-dfd0294eb595,1,0,3,0,1,1,Washington,Washington,0.0,0,9846b71a-a8f1-42e0-877e-ed88887083f7,2016-06-18 23:00:00+00:00,Washington,Washington,previous_game_city
af8a1cdf-1876-4698-b1d6-0b078a6912e1,2016-06-22 23:00:00+00:00,2016-06-22,2016,f073a15f-0486-4179-b0a3-dfd0294eb595,f073a15f-0486-4179-b0a3-dfd0294eb595,5c0d47fe-8539-47b0-9f36-d0b3609ca89b,5c0d47fe-8539-47b0-9f36-d0b3609ca89b,0,0,2,0,1,2,Indianapolis,Washington,490.8,0,75363dc7-5150-4b04-a50d-06d442745471,2016-06-19 18:00:00+00:00,Indianapolis,Indianapolis,previous_game_city
bf343370-dc9e-4a2b-a5c0-9cf7ad9b7b24,2016-06-24 00:30:00+00:00,2016-06-23,2016,5f0b5caf-708b-4300-92f2-53b51d83ec06,5f0b5caf-708b-4300-92f2-53b51d83ec06,e6bc56cc-9dad-43aa-8ccb-ee9d499fea28,FR_LVA_ACES,1,0,1,0,1,3,Arlington,Arlington,0.0,0,c0503776-206b-44ba-9260-1f68b4023038,2016-06-22 00:00:00+00:00,Arlington,Arlington,previous_game_city
bf343370-dc9e-4a2b-a5c0-9cf7ad9b7b24,2016-06-24 00:30:00+00:00,2016-06-23,2016,e6bc56cc-9dad-43aa-8ccb-ee9d499fea28,FR_LVA_ACES,5f0b5caf-708b-4300-92f2-53b51d83ec06,5f0b5caf-708b-4300-92f2-53b51d83ec06,0,0,1,0,2,3,Rosemont,Arlington,815.2,0,e9c3db82-e963-4cad-a422-ea76b2e9c2c4,2016-06-22 00:00:00+00:00,Rosemont,San Antonio,previous_game_city
b7041fb1-148e-437b-8cab-fb564fc13149,2016-06-24 23:00:00+00:00,2016-06-24,2016,5c0d47fe-8539-47b0-9f36-d0b3609ca89b,5c0d47fe-8539-47b0-9f36-d0b3609ca89b,0699edf3-5993-4182-b9b4-ec935cbd4fcc,0699edf3-5993-4182-b9b4-ec935cbd4fcc,1,0,1,0,1,2,Washington,Washington,0.0,0,af8a1cdf-1876-4698-b1d6-0b078a6912e1,2016-06-22 23:00:00+00:00,Washington,Washington,previous_game_city
b7041fb1-148e-437b-8cab-fb564fc13149,2016-06-24 23:00:00+00:00,2016-06-24,2016,0699edf3-5993-4182-b9b4-ec935cbd4fcc,0699edf3-5993-4182-b9b4-ec935cbd4fcc,5c0d47fe-8539-47b0-9f36-d0b3609ca89b,5c0d47fe-8539-47b0-9f36-d0b3609ca89b,0,0,2,0,1,3,Arlington,Washington,1199.5,1,c0503776-206b-44ba-9260-1f68b4023038,2016-06-22 00:00:00+00:00,Arlington,Phoenix,previous_game_city
6ca92313-3c76-4e81-99f7-d727e32a2865,2016-06-24 23:30:00+00:00,2016-06-24,2016,08ed8274-e29f-4248-bc2e-83cc8ed18d75,08ed8274-e29f-4248-bc2e-83cc8ed18d75,3c409388-ab73-4c7f-953d-3a71062240f6,3c409388-ab73-4c7f-953d-3a71062240f6,1,0,1,0,1,2,Atlanta,New York,745.9,0,6ef326cf-e0fa-497b-8ff1-d2e921c376ea,2016-06-22 16:00:00+00:00,Atlanta,New York,previous_game_city
6ca92313-3c76-4e81-99f7-d727e32a2865,2016-06-24 23:30:00+00:00,2016-06-24,2016,3c409388-ab73-4c7f-953d-3a71062240f6,3c409388-ab73-4c7f-953d-3a71062240f6,08ed8274-e29f-4248-bc2e-83cc8ed18d75,08ed8274-e29f-4248-bc2e-83cc8ed18d75,0,0,2,0,1,2,Rosemont,New York,723.4,1,e9c3db82-e963-4cad-a422-ea76b2e9c2c4,2016-06-22 00:00:00+00:00,Rosemont,Rosemont,previous_game_city
977c788c-1b4c-4fe9-b9b3-b582aff9bff2,2016-06-25 00:00:00+00:00,2016-06-24,2016,6f017f37-be96-4bdc-b6d3-0a0429c72e89,6f017f37-be96-4bdc-b6d3-0a0429c72e89,0a5ad38d-2fe3-43ba-894b-1ba3d5042ea9,0a5ad38d-2fe3-43ba-894b-1ba3d5042ea9,1,0,2,0,1,2,Los Angeles,Minneapolis,1521.4,2,fcc2aa2c-26a3-4e18-af1a-d14d1682dd94,2016-06-21 19:30:00+00:00,Los Angeles,Minneapolis,previous_game_city
977c788c-1b4c-4fe9-b9b3-b582aff9bff2,2016-06-25 00:00:00+00:00,2016-06-24,2016,0a5ad38d-2fe3-43ba-894b-1ba3d5042ea9,0a5ad38d-2fe3-43ba-894b-1ba3d5042ea9,6f017f37-be96-4bdc-b6d3-0a0429c72e89,6f017f37-be96-4bdc-b6d3-0a0429c72e89,0,0,2,0,1,2,Los Angeles,Minneapolis,1521.4,2,fcc2aa2c-26a3-4e18-af1a-d14d1682dd94,2016-06-21 19:30:00+00:00,Los Angeles,Los Angeles,previous_game_city
c2dece60-12aa-4577-bff0-2e26af67d36f,2016-06-25 02:00:00+00:00,2016-06-24,2016,d6a012ed-84aa-48d3-8265-2d3f3ff2199a,d6a012ed-84aa-48d3-8265-2d3f3ff2199a,a015b02d-845c-40c1-8ef4-844984f47e4d,a015b02d-845c-40c1-8ef4-844984f47e4d,1,0,4,0,0,1,Seattle,Seattle,0.0,0,848b348d-ad6e-4f07-b516-a0c62f16bee7,2016-06-19 23:00:00+00:00,Seattle,Seattle,home_city
c2dece60-12aa-4577-bff0-2e26af67d36f,2016-06-25 02:00:00+00:00,2016-06-24,2016,a015b02d-845c-40c1-8ef4-844984f47e4d,a015b02d-845c-40c1-8ef4-844984f47e4d,d6a012ed-84aa-48d3-8265-2d3f3ff2199a,d6a012ed-84aa-48d3-8265-2d3f3ff2199a,0,0,4,0,0,1,Uncasville,Seattle,2464.8,-3,9ad6596a-61a1-4f8b-8996-aa44b560fbd5,2016-06-19 17:00:00+00:00,Uncasville,Uncasville,home_city
99d4058b-6e96-4ff0-b6d5-f58bfe6f3019,2016-06-26 00:00:00+00:00,2016-06-25,2016,e6bc56cc-9dad-43aa-8ccb-ee9d499fea28,FR_LVA_ACES,5d70a9af-8c2b-4aec-9e68-9acc6ddb93e4,5d70a9af-8c2b-4aec-9e68-9acc6ddb93e4,1,0,1,0,2,3,Arlington,San Antonio,243.0,0,bf343370-dc9e-4a2b-a5c0-9cf7ad9b7b24,2016-06-24 00:30:00+00:00,Arlington,San Antonio,previous_game_city
99d4058b-6e96-4ff0-b6d5-f58bfe6f3019,2016-06-26 00:00:00+00:00,2016-06-25,2016,5d70a9af-8c2b-4aec-9e68-9acc6ddb93e4,5d70a9af-8c2b-4aec-9e68-9acc6ddb93e4,e6bc56cc-9dad-43aa-8ccb-ee9d499fea28,FR_LVA_ACES,0,0,2,0,1,2,Atlanta,San Antonio,881.4,-1,6ef326cf-e0fa-497b-8ff1-d2e921c376ea,2016-06-22 16:00:00+00:00,Atlanta,Atlanta,previous_game_city
60a17d7f-e02a-472c-a491-6e83dc60641d,2016-06-26 00:30:00+00:00,2016-06-25,2016,5f0b5caf-708b-4300-92f2-53b51d83ec06,5f0b5caf-708b-4300-92f2-53b51d83ec06,f073a15f-0486-4179-b0a3-dfd0294eb595,f073a15f-0486-4179-b0a3-dfd0294eb595,1,0,1,0,2,3,Arlington,Arlington,0.0,0,bf343370-dc9e-4a2b-a5c0-9cf7ad9b7b24,2016-06-24 00:30:00+00:00,Arlington,Arlington,previous_game_city
60a17d7f-e02a-472c-a491-6e83dc60641d,2016-06-26 00:30:00+00:00,2016-06-25,2016,f073a15f-0486-4179-b0a3-dfd0294eb595,f073a15f-0486-4179-b0a3-dfd0294eb595,5f0b5caf-708b-4300-92f2-53b51d83ec06,5f0b5caf-708b-4300-92f2-53b51d83ec06,0,0,2,0,1,2,Washington,Arlington,1199.5,-1,af8a1cdf-1876-4698-b1d6-0b078a6912e1,2016-06-22 23:00:00+00:00,Washington,Indianapolis,previous_game_city
804a5ada-0e06-434e-bc21-a69f106c712f,2016-06-26 19:00:00+00:00,2016-06-26,2016,08ed8274-e29f-4248-bc2e-83cc8ed18d75,08ed8274-e29f-4248-bc2e-83cc8ed18d75,0699edf3-5993-4182-b9b4-ec935cbd4fcc,0699edf3-5993-4182-b9b4-ec935cbd4fcc,1,0,1,0,2,3,New York,New York,0.0,0,6ca92313-3c76-4e81-99f7-d727e32a2865,2016-06-24 23:30:00+00:00,New York,New York,previous_game_city
804a5ada-0e06-434e-bc21-a69f106c712f,2016-06-26 19:00:00+00:00,2016-06-26,2016,0699edf3-5993-4182-b9b4-ec935cbd4fcc,0699edf3-5993-4182-b9b4-ec935cbd4fcc,08ed8274-e29f-4248-bc2e-83cc8ed18d75,08ed8274-e29f-4248-bc2e-83cc8ed18d75,0,0,1,0,1,2,Washington,New York,203.6,0,b7041fb1-148e-437b-8cab-fb564fc13149,2016-06-24 23:00:00+00:00,Washington,Phoenix,previous_game_city
af37110f-91a8-44a8-9f40-6033e19a0718,2016-06-26 20:00:00+00:00,2016-06-26,2016,5c0d47fe-8539-47b0-9f36-d0b3609ca89b,5c0d47fe-8539-47b0-9f36-d0b3609ca89b,6f017f37-be96-4bdc-b6d3-0a0429c72e89,6f017f37-be96-4bdc-b6d3-0a0429c72e89,1,0,1,0,2,2,Washington,Washington,0.0,0,b7041fb1-148e-437b-8cab-fb564fc13149,2016-06-24 23:00:00+00:00,Washington,Washington,previous_game_city
af37110f-91a8-44a8-9f40-6033e19a0718,2016-06-26 20:00:00+00:00,2016-06-26,2016,6f017f37-be96-4bdc-b6d3-0a0429c72e89,6f017f37-be96-4bdc-b6d3-0a0429c72e89,5c0d47fe-8539-47b0-9f36-d0b3609ca89b,5c0d47fe-8539-47b0-9f36-d0b3609ca89b,0,0,1,0,1,3,Minneapolis,Washington,931.2,1,977c788c-1b4c-4fe9-b9b3-b582aff9bff2,2016-06-25 00:00:00+00:00,Minneapolis,Minneapolis,previous_game_city
0d4b03a3-9568-4c34-841e-3ab9a5d5e205,2016-06-26 21:00:00+00:00,2016-06-26,2016,0a5ad38d-2fe3-43ba-894b-1ba3d5042ea9,0a5ad38d-2fe3-43ba-894b-1ba3d5042ea9,a015b02d-845c-40c1-8ef4-844984f47e4d,a015b02d-845c-40c1-8ef4-844984f47e4d,1,0,1,0,1,2,Minneapolis,Los Angeles,1521.4,-2,977c788c-1b4c-4fe9-b9b3-b582aff9bff2,2016-06-25 00:00:00+00:00,Minneapolis,Los Angeles,previous_game_city
0d4b03a3-9568-4c34-841e-3ab9a5d5e205,2016-06-26 21:00:00+00:00,2016-06-26,2016,a015b02d-845c-40c1-8ef4-844984f47e4d,a015b02d-845c-40c1-8ef4-844984f47e4d,0a5ad38d-2fe3-43ba-894b-1ba3d5042ea9,0a5ad38d-2fe3-43ba-894b-1ba3d5042ea9,0,0,1,0,1,2,Seattle,Los Angeles,960.2,0,c2dece60-12aa-4577-bff0-2e26af67d36f,2016-06-25 02:00:00+00:00,Seattle,Uncasville,previous_game_city
0c1279ce-2d18-4124-9cc5-2dbcc88051e4,2016-06-29 02:00:00+00:00,2016-06-28,2016,d6a012ed-84aa-48d3-8265-2d3f3ff2199a,d6a012ed-84aa-48d3-8265-2d3f3ff2199a,5d70a9af-8c2b-4aec-9e68-9acc6ddb93e4,5d70a9af-8c2b-4aec-9e68-9acc6ddb93e4,1,0,3,0,1,1,Seattle,Seattle,0.0,0,c2dece60-12aa-4577-bff0-2e26af67d36f,2016-06-25 02:00:00+00:00,Seattle,Seattle,previous_game_city
0c1279ce-2d18-4124-9cc5-2dbcc88051e4,2016-06-29 02:00:00+00:00,2016-06-28,2016,5d70a9af-8c2b-4aec-9e68-9acc6ddb93e4,5d70a9af-8c2b-4aec-9e68-9acc6ddb93e4,d6a012ed-84aa-48d3-8265-2d3f3ff2199a,d6a012ed-84aa-48d3-8265-2d3f3ff2199a,0,0,2,0,1,2,San Antonio,Seattle,1785.8,-2,99d4058b-6e96-4ff0-b6d5-f58bfe6f3019,2016-06-26 00:00:00+00:00,San Antonio,Atlanta,previous_game_city
2a54ad5d-8c62-4bfc-bfac-36f7caf8c8e5,2016-06-29 02:00:00+00:00,2016-06-28,2016,0a5ad38d-2fe3-43ba-894b-1ba3d5042ea9,0a5ad38d-2fe3-43ba-894b-1ba3d5042ea9,5f0b5caf-708b-4300-92f2-53b51d83ec06,5f0b5caf-708b-4300-92f2-53b51d83ec06,1,0,1,0,2,3,Los Angeles,Los Angeles,0.0,0,0d4b03a3-9568-4c34-841e-3ab9a5d5e205,2016-06-26 21:00:00+00:00,Los Angeles,Los Angeles,previous_game_city
2a54ad5d-8c62-4bfc-bfac-36f7caf8c8e5,2016-06-29 02:00:00+00:00,2016-06-28,2016,5f0b5caf-708b-4300-92f2-53b51d83ec06,5f0b5caf-708b-4300-92f2-53b51d83ec06,0a5ad38d-2fe3-43ba-894b-1ba3d5042ea9,0a5ad38d-2fe3-43ba-894b-1ba3d5042ea9,0,0,2,0,1,3,Arlington,Los Angeles,1220.5,-2,60a17d7f-e02a-472c-a491-6e83dc60641d,2016-06-26 00:30:00+00:00,Arlington,Arlington,previous_game_city
75ea83f4-acb5-4619-b5d9-701e3dd159ab,2016-06-29 15:30:00+00:00,2016-06-29,2016,5c0d47fe-8539-47b0-9f36-d0b3609ca89b,5c0d47fe-8539-47b0-9f36-d0b3609ca89b,e6bc56cc-9dad-43aa-8ccb-ee9d499fea28,FR_LVA_ACES,1,0,2,0,1,3,Washington,Washington,0.0,0,af37110f-91a8-44a8-9f40-6033e19a0718,2016-06-26 20:00:00+00:00,Washington,Washington,previous_game_city
75ea83f4-acb5-4619-b5d9-701e3dd159ab,2016-06-29 15:30:00+00:00,2016-06-29,2016,e6bc56cc-9dad-43aa-8ccb-ee9d499fea28,FR_LVA_ACES,5c0d47fe-8539-47b0-9f36-d0b3609ca89b,5c0d47fe-8539-47b0-9f36-d0b3609ca89b,0,0,3,0,1,2,San Antonio,Washington,1385.7,1,99d4058b-6e96-4ff0-b6d5-f58bfe6f3019,2016-06-26 00:00:00+00:00,San Antonio,San Antonio,previous_game_city
5a98655e-648e-4dc5-b54d-bbb277e39ea0,2016-06-29 16:30:00+00:00,2016-06-29,2016,3c409388-ab73-4c7f-953d-3a71062240f6,3c409388-ab73-4c7f-953d-3a71062240f6,f073a15f-0486-4179-b0a3-dfd0294eb595,f073a15f-0486-4179-b0a3-dfd0294eb595,1,0,4,0,0,1,Rosemont,Rosemont,0.0,0,6ca92313-3c76-4e81-99f7-d727e32a2865,2016-06-24 23:30:00+00:00,New York,Rosemont,home_city
5a98655e-648e-4dc5-b54d-bbb277e39ea0,2016-06-29 16:30:00+00:00,2016-06-29,2016,f073a15f-0486-4179-b0a3-dfd0294eb595,f073a15f-0486-4179-b0a3-dfd0294eb595,3c409388-ab73-4c7f-953d-3a71062240f6,3c409388-ab73-4c7f-953d-3a71062240f6,0,0,3,0,1,2,Arlington,Rosemont,815.2,0,60a17d7f-e02a-472c-a491-6e83dc60641d,2016-06-26 00:30:00+00:00,Arlington,Indianapolis,previous_game_city
7cf8bcbf-4167-4045-8db4-a0991baadf95,2016-06-30 00:00:00+00:00,2016-06-29,2016,6f017f37-be96-4bdc-b6d3-0a0429c72e89,6f017f37-be96-4bdc-b6d3-0a0429c72e89,08ed8274-e29f-4248-bc2e-83cc8ed18d75,08ed8274-e29f-4248-bc2e-83cc8ed18d75,1,0,2,0,1,2,Washington,Minneapolis,931.2,-1,af37110f-91a8-44a8-9f40-6033e19a0718,2016-06-26 20:00:00+00:00,Washington,Minneapolis,previous_game_city
7cf8bcbf-4167-4045-8db4-a0991baadf95,2016-06-30 00:00:00+00:00,2016-06-29,2016,08ed8274-e29f-4248-bc2e-83cc8ed18d75,08ed8274-e29f-4248-bc2e-83cc8ed18d75,6f017f37-be96-4bdc-b6d3-0a0429c72e89,6f017f37-be96-4bdc-b6d3-0a0429c72e89,0,0,2,0,1,3,New York,Minneapolis,1016.4,-1,804a5ada-0e06-434e-bc21-a69f106c712f,2016-06-26 19:00:00+00:00,New York,New York,previous_game_city
628ac0e0-cfec-4c44-9d86-63826d38f583,2016-06-30 02:00:00+00:00,2016-06-29,2016,0699edf3-5993-4182-b9b4-ec935cbd4fcc,0699edf3-5993-4182-b9b4-ec935cbd4fcc,a015b02d-845c-40c1-8ef4-844984f47e4d,a015b02d-845c-40c1-8ef4-844984f47e4d,1,0,2,0,1,2,New York,Phoenix,2139.8,-3,804a5ada-0e06-434e-bc21-a69f106c712f,2016-06-26 19:00:00+00:00,New York,Phoenix,previous_game_city
628ac0e0-cfec-4c44-9d86-63826d38f583,2016-06-30 02:00:00+00:00,2016-06-29,2016,a015b02d-845c-40c1-8ef4-844984f47e4d,a015b02d-845c-40c1-8ef4-844984f47e4d,0699edf3-5993-4182-b9b4-ec935cbd4fcc,0699edf3-5993-4182-b9b4-ec935cbd4fcc,0,0,2,0,1,2,Los Angeles,Phoenix,356.8,0,0d4b03a3-9568-4c34-841e-3ab9a5d5e205,2016-06-26 21:00:00+00:00,Los Angeles,Uncasville,previous_game_city
8442a568-883c-4399-8a75-1157d0ea1380,2016-06-30 19:30:00+00:00,2016-06-30,2016,0a5ad38d-2fe3-43ba-894b-1ba3d5042ea9,0a5ad38d-2fe3-43ba-894b-1ba3d5042ea9,5d70a9af-8c2b-4aec-9e68-9acc6ddb93e4,5d70a9af-8c2b-4aec-9e68-9acc6ddb93e4,1,0,1,0,2,3,Los Angeles,Los Angeles,0.0,0,2a54ad5d-8c62-4bfc-bfac-36f7caf8c8e5,2016-06-29 02:00:00+00:00,Los Angeles,Los Angeles,previous_game_city
8442a568-883c-4399-8a75-1157d0ea1380,2016-06-30 19:30:00+00:00,2016-06-30,2016,5d70a9af-8c2b-4aec-9e68-9acc6ddb93e4,5d70a9af-8c2b-4aec-9e68-9acc6ddb93e4,0a5ad38d-2fe3-43ba-894b-1ba3d5042ea9,0a5ad38d-2fe3-43ba-894b-1ba3d5042ea9,0,0,1,0,1,2,Seattle,Los Angeles,960.2,0,0c1279ce-2d18-4124-9cc5-2dbcc88051e4,2016-06-29 02:00:00+00:00,Seattle,Atlanta,previous_game_city
0cc02016-a2c2-40ad-8752-fec8520c5468,2016-07-01 02:00:00+00:00,2016-06-30,2016,d6a012ed-84aa-48d3-8265-2d3f3ff2199a,d6a012ed-84aa-48d3-8265-2d3f3ff2199a,5f0b5caf-708b-4300-92f2-53b51d83ec06,5f0b5caf-708b-4300-92f2-53b51d83ec06,1,0,1,0,1,2,Seattle,Seattle,0.0,0,0c1279ce-2d18-4124-9cc5-2dbcc88051e4,2016-06-29 02:00:00+00:00,Seattle,Seattle,previous_game_city
0cc02016-a2c2-40ad-8752-fec8520c5468,2016-07-01 02:00:00+00:00,2016-06-30,2016,5f0b5caf-708b-4300-92f2-53b51d83ec06,5f0b5caf-708b-4300-92f2-53b51d83ec06,d6a012ed-84aa-48d3-8265-2d3f3ff2199a,d6a012ed-84aa-48d3-8265-2d3f3ff2199a,0,0,1,0,1,3,Los Angeles,Seattle,960.2,0,2a54ad5d-8c62-4bfc-bfac-36f7caf8c8e5,2016-06-29 02:00:00+00:00,Los Angeles,Arlington,previous_game_city
ba2afd1f-6ebd-43b1-a9d2-072c184f6806,2016-07-01 23:00:00+00:00,2016-07-01,2016,f073a15f-0486-4179-b0a3-dfd0294eb595,f073a15f-0486-4179-b0a3-dfd0294eb595,e6bc56cc-9dad-43aa-8ccb-ee9d499fea28,FR_LVA_ACES,1,0,1,0,1,2,Rosemont,Indianapolis,177.3,1,5a98655e-648e-4dc5-b54d-bbb277e39ea0,2016-06-29 16:30:00+00:00,Rosemont,Indianapolis,previous_game_city
ba2afd1f-6ebd-43b1-a9d2-072c184f6806,2016-07-01 23:00:00+00:00,2016-07-01,2016,e6bc56cc-9dad-43aa-8ccb-ee9d499fea28,FR_LVA_ACES,f073a15f-0486-4179-b0a3-dfd0294eb595,f073a15f-0486-4179-b0a3-dfd0294eb595,0,0,1,0,1,2,Washington,Indianapolis,490.8,0,75ea83f4-acb5-4619-b5d9-701e3dd159ab,2016-06-29 15:30:00+00:00,Washington,San Antonio,previous_game_city
124a8b01-db97-4fc7-a695-08a6e99ae32d,2016-07-02 00:30:00+00:00,2016-07-01,2016,3c409388-ab73-4c7f-953d-3a71062240f6,3c409388-ab73-4c7f-953d-3a71062240f6,5c0d47fe-8539-47b0-9f36-d0b3609ca89b,5c0d47fe-8539-47b0-9f36-d0b3609ca89b,1,0,1,0,1,2,Rosemont,Rosemont,0.0,0,5a98655e-648e-4dc5-b54d-bbb277e39ea0,2016-06-29 16:30:00+00:00,Rosemont,Rosemont,previous_game_city
124a8b01-db97-4fc7-a695-08a6e99ae32d,2016-07-02 00:30:00+00:00,2016-07-01,2016,5c0d47fe-8539-47b0-9f36-d0b3609ca89b,5c0d47fe-8539-47b0-9f36-d0b3609ca89b,3c409388-ab73-4c7f-953d-3a71062240f6,3c409388-ab73-4c7f-953d-3a71062240f6,0,0,1,0,1,3,Washington,Rosemont,607.3,-1,75ea83f4-acb5-4619-b5d9-701e3dd159ab,2016-06-29 15:30:00+00:00,Washington,Washington,previous_game_city
d838f0ec-6a9c-4cd9-b2ad-42be67a20dd9,2016-07-02 02:00:00+00:00,2016-07-01,2016,0699edf3-5993-4182-b9b4-ec935cbd4fcc,0699edf3-5993-4182-b9b4-ec935cbd4fcc,08ed8274-e29f-4248-bc2e-83cc8ed18d75,08ed8274-e29f-4248-bc2e-83cc8ed18d75,1,0,1,0,1,3,Phoenix,Phoenix,0.0,0,628ac0e0-cfec-4c44-9d86-63826d38f583,2016-06-30 02:00:00+00:00,Phoenix,Phoenix,previous_game_city
d838f0ec-6a9c-4cd9-b2ad-42be67a20dd9,2016-07-02 02:00:00+00:00,2016-07-01,2016,08ed8274-e29f-4248-bc2e-83cc8ed18d75,08ed8274-e29f-4248-bc2e-83cc8ed18d75,0699edf3-5993-4182-b9b4-ec935cbd4fcc,0699edf3-5993-4182-b9b4-ec935cbd4fcc,0,0,1,0,1,3,Minneapolis,Phoenix,1278.5,-2,7cf8bcbf-4167-4045-8db4-a0991baadf95,2016-06-30 00:00:00+00:00,Minneapolis,New York,previous_game_city
c4d6a237-1601-48b9-a101-151a0b85a967,2016-07-03 00:00:00+00:00,2016-07-02,2016,6f017f37-be96-4bdc-b6d3-0a0429c72e89,6f017f37-be96-4bdc-b6d3-0a0429c72e89,e6bc56cc-9dad-43aa-8ccb-ee9d499fea28,FR_LVA_ACES,1,0,2,0,1,2,Minneapolis,Minneapolis,0.0,0,7cf8bcbf-4167-4045-8db4-a0991baadf95,2016-06-30 00:00:00+00:00,Minneapolis,Minneapolis,previous_game_city
c4d6a237-1601-48b9-a101-151a0b85a967,2016-07-03 00:00:00+00:00,2016-07-02,2016,e6bc56cc-9dad-43aa-8ccb-ee9d499fea28,FR_LVA_ACES,6f017f37-be96-4bdc-b6d3-0a0429c72e89,6f017f37-be96-4bdc-b6d3-0a0429c72e89,0,0,0,1,2,3,Indianapolis,Minneapolis,510.7,-1,ba2afd1f-6ebd-43b1-a9d2-072c184f6806,2016-07-01 23:00:00+00:00,Indianapolis,San Antonio,previous_game_city
8c83746a-fd6b-4f99-8eb9-ef8d3c2e7abd,2016-07-03 00:30:00+00:00,2016-07-02,2016,5f0b5caf-708b-4300-92f2-53b51d83ec06,5f0b5caf-708b-4300-92f2-53b51d83ec06,a015b02d-845c-40c1-8ef4-844984f47e4d,a015b02d-845c-40c1-8ef4-844984f47e4d,1,0,1,0,2,3,Seattle,Arlington,1669.1,2,0cc02016-a2c2-40ad-8752-fec8520c5468,2016-07-01 02:00:00+00:00,Seattle,Arlington,previous_game_city
8c83746a-fd6b-4f99-8eb9-ef8d3c2e7abd,2016-07-03 00:30:00+00:00,2016-07-02,2016,a015b02d-845c-40c1-8ef4-844984f47e4d,a015b02d-845c-40c1-8ef4-844984f47e4d,5f0b5caf-708b-4300-92f2-53b51d83ec06,5f0b5caf-708b-4300-92f2-53b51d83ec06,0,0,2,0,1,2,Phoenix,Arlington,867.0,2,628ac0e0-cfec-4c44-9d86-63826d38f583,2016-06-30 02:00:00+00:00,Phoenix,Uncasville,previous_game_city
73d8a2e9-fa49-43a9-b2b2-ca1d4999093c,2016-07-03 21:00:00+00:00,2016-07-03,2016,0a5ad38d-2fe3-43ba-894b-1ba3d5042ea9,0a5ad38d-2fe3-43ba-894b-1ba3d5042ea9,08ed8274-e29f-4248-bc2e-83cc8ed18d75,08ed8274-e29f-4248-bc2e-83cc8ed18d75,1,0,2,0,1,3,Los Angeles,Los Angeles,0.0,0,8442a568-883c-4399-8a75-1157d0ea1380,2016-06-30 19:30:00+00:00,Los Angeles,Los Angeles,previous_game_city
73d8a2e9-fa49-43a9-b2b2-ca1d4999093c,2016-07-03 21:00:00+00:00,2016-07-03,2016,08ed8274-e29f-4248-bc2e-83cc8ed18d75,08ed8274-e29f-4248-bc2e-83cc8ed18d75,0a5ad38d-2fe3-43ba-894b-1ba3d5042ea9,0a5ad38d-2fe3-43ba-894b-1ba3d5042ea9,0,0,1,0,2,3,Phoenix,Los Angeles,356.8,0,d838f0ec-6a9c-4cd9-b2ad-42be67a20dd9,2016-07-02 02:00:00+00:00,Phoenix,New York,previous_game_city
80ad6f3b-e223-46a5-89f5-b898a17e70f0,2016-07-03 22:00:00+00:00,2016-07-03,2016,5d70a9af-8c2b-4aec-9e68-9acc6ddb93e4,5d70a9af-8c2b-4aec-9e68-9acc6ddb93e4,0699edf3-5993-4182-b9b4-ec935cbd4fcc,0699edf3-5993-4182-b9b4-ec935cbd4fcc,1,0,2,0,1,2,Los Angeles,Atlanta,1932.7,3,8442a568-883c-4399-8a75-1157d0ea1380,2016-06-30 19:30:00+00:00,Los Angeles,Atlanta,previous_game_city
80ad6f3b-e223-46a5-89f5-b898a17e70f0,2016-07-03 22:00:00+00:00,2016-07-03,2016,0699edf3-5993-4182-b9b4-ec935cbd4fcc,0699edf3-5993-4182-b9b4-ec935cbd4fcc,5d70a9af-8c2b-4aec-9e68-9acc6ddb93e4,5d70a9af-8c2b-4aec-9e68-9acc6ddb93e4,0,0,1,0,2,3,Phoenix,Atlanta,1588.7,3,d838f0ec-6a9c-4cd9-b2ad-42be67a20dd9,2016-07-02 02:00:00+00:00,Phoenix,Phoenix,previous_game_city
ebe237b6-86da-4cef-ae92-7710fa76cc94,2016-07-05 23:00:00+00:00,2016-07-05,2016,5d70a9af-8c2b-4aec-9e68-9acc6ddb93e4,5d70a9af-8c2b-4aec-9e68-9acc6ddb93e4,d6a012ed-84aa-48d3-8265-2d3f3ff2199a,d6a012ed-84aa-48d3-8265-2d3f3ff2199a,1,0,1,0,1,3,Atlanta,Atlanta,0.0,0,80ad6f3b-e223-46a5-89f5-b898a17e70f0,2016-07-03 22:00:00+00:00,Atlanta,Atlanta,previous_game_city
ebe237b6-86da-4cef-ae92-7710fa76cc94,2016-07-05 23:00:00+00:00,2016-07-05,2016,d6a012ed-84aa-48d3-8265-2d3f3ff2199a,d6a012ed-84aa-48d3-8265-2d3f3ff2199a,5d70a9af-8c2b-4aec-9e68-9acc6ddb93e4,5d70a9af-8c2b-4aec-9e68-9acc6ddb93e4,0,0,4,0,0,2,Seattle,Atlanta,2178.4,3,0cc02016-a2c2-40ad-8752-fec8520c5468,2016-07-01 02:00:00+00:00,Seattle,Seattle,home_city
3e541a29-5628-41f2-a174-023a4e30493a,2016-07-06 00:00:00+00:00,2016-07-05,2016,6f017f37-be96-4bdc-b6d3-0a0429c72e89,6f017f37-be96-4bdc-b6d3-0a0429c72e89,3c409388-ab73-4c7f-953d-3a71062240f6,3c409388-ab73-4c7f-953d-3a71062240f6,1,0,2,0,1,2,Minneapolis,Minneapolis,0.0,0,c4d6a237-1601-48b9-a101-151a0b85a967,2016-07-03 00:00:00+00:00,Minneapolis,Minneapolis,previous_game_city
3e541a29-5628-41f2-a174-023a4e30493a,2016-07-06 00:00:00+00:00,2016-07-05,2016,3c409388-ab73-4c7f-953d-3a71062240f6,3c409388-ab73-4c7f-953d-3a71062240f6,6f017f37-be96-4bdc-b6d3-0a0429c72e89,6f017f37-be96-4bdc-b6d3-0a0429c72e89,0,0,3,0,1,2,Rosemont,Minneapolis,340.4,0,124a8b01-db97-4fc7-a695-08a6e99ae32d,2016-07-02 00:30:00+00:00,Rosemont,Rosemont,previous_game_city
869a171a-4096-4372-a0ab-489bf33c6399,2016-07-06 00:30:00+00:00,2016-07-05,2016,5f0b5caf-708b-4300-92f2-53b51d83ec06,5f0b5caf-708b-4300-92f2-53b51d83ec06,0699edf3-5993-4182-b9b4-ec935cbd4fcc,0699edf3-5993-4182-b9b4-ec935cbd4fcc,1,0,2,0,1,3,Arlington,Arlington,0.0,0,8c83746a-fd6b-4f99-8eb9-ef8d3c2e7abd,2016-07-03 00:30:00+00:00,Arlington,Arlington,previous_game_city
869a171a-4096-4372-a0ab-489bf33c6399,2016-07-06 00:30:00+00:00,2016-07-05,2016,0699edf3-5993-4182-b9b4-ec935cbd4fcc,0699edf3-5993-4182-b9b4-ec935cbd4fcc,5f0b5caf-708b-4300-92f2-53b51d83ec06,5f0b5caf-708b-4300-92f2-53b51d83ec06,0,0,1,0,2,3,Atlanta,Arlington,737.9,-1,80ad6f3b-e223-46a5-89f5-b898a17e70f0,2016-07-03 22:00:00+00:00,Atlanta,Phoenix,previous_game_city
a7717e2f-ae80-44b3-962b-a9cf4ab2637d,2016-07-06 23:00:00+00:00,2016-07-06,2016,08ed8274-e29f-4248-bc2e-83cc8ed18d75,08ed8274-e29f-4248-bc2e-83cc8ed18d75,d6a012ed-84aa-48d3-8265-2d3f3ff2199a,d6a012ed-84aa-48d3-8265-2d3f3ff2199a,1,0,2,0,1,3,Los Angeles,New York,2445.6,3,73d8a2e9-fa49-43a9-b2b2-ca1d4999093c,2016-07-03 21:00:00+00:00,Los Angeles,New York,previous_game_city
a7717e2f-ae80-44b3-962b-a9cf4ab2637d,2016-07-06 23:00:00+00:00,2016-07-06,2016,d6a012ed-84aa-48d3-8265-2d3f3ff2199a,d6a012ed-84aa-48d3-8265-2d3f3ff2199a,08ed8274-e29f-4248-bc2e-83cc8ed18d75,08ed8274-e29f-4248-bc2e-83cc8ed18d75,0,0,0,1,1,2,Atlanta,New York,745.9,0,ebe237b6-86da-4cef-ae92-7710fa76cc94,2016-07-05 23:00:00+00:00,Atlanta,Seattle,previous_game_city
f615fc08-938f-40f7-83b9-13bcbb067256,2016-07-07 00:00:00+00:00,2016-07-06,2016,e6bc56cc-9dad-43aa-8ccb-ee9d499fea28,FR_LVA_ACES,5c0d47fe-8539-47b0-9f36-d0b3609ca89b,5c0d47fe-8539-47b0-9f36-d0b3609ca89b,1,0,3,0,1,3,Minneapolis,San Antonio,1111.9,0,c4d6a237-1601-48b9-a101-151a0b85a967,2016-07-03 00:00:00+00:00,Minneapolis,San Antonio,previous_game_city
f615fc08-938f-40f7-83b9-13bcbb067256,2016-07-07 00:00:00+00:00,2016-07-06,2016,5c0d47fe-8539-47b0-9f36-d0b3609ca89b,5c0d47fe-8539-47b0-9f36-d0b3609ca89b,e6bc56cc-9dad-43aa-8ccb-ee9d499fea28,FR_LVA_ACES,0,0,4,0,0,2,Washington,San Antonio,1385.7,-1,124a8b01-db97-4fc7-a695-08a6e99ae32d,2016-07-02 00:30:00+00:00,Rosemont,Washington,home_city
fa1f121f-0a31-46fc-8c5c-c8d9dc8bfdde,2016-07-07 02:30:00+00:00,2016-07-06,2016,0a5ad38d-2fe3-43ba-894b-1ba3d5042ea9,0a5ad38d-2fe3-43ba-894b-1ba3d5042ea9,f073a15f-0486-4179-b0a3-dfd0294eb595,f073a15f-0486-4179-b0a3-dfd0294eb595,1,0,2,0,1,2,Los Angeles,Los Angeles,0.0,0,73d8a2e9-fa49-43a9-b2b2-ca1d4999093c,2016-07-03 21:00:00+00:00,Los Angeles,Los Angeles,previous_game_city
fa1f121f-0a31-46fc-8c5c-c8d9dc8bfdde,2016-07-07 02:30:00+00:00,2016-07-06,2016,f073a15f-0486-4179-b0a3-dfd0294eb595,f073a15f-0486-4179-b0a3-dfd0294eb595,0a5ad38d-2fe3-43ba-894b-1ba3d5042ea9,0a5ad38d-2fe3-43ba-894b-1ba3d5042ea9,0,0,4,0,0,2,Indianapolis,Los Angeles,1805.8,-3,ba2afd1f-6ebd-43b1-a9d2-072c184f6806,2016-07-01 23:00:00+00:00,Indianapolis,Indianapolis,home_city
f3467296-cb95-4e9a-9459-8c692e9b4f35,2016-07-07 23:00:00+00:00,2016-07-07,2016,a015b02d-845c-40c1-8ef4-844984f47e4d,a015b02d-845c-40c1-8ef4-844984f47e4d,6f017f37-be96-4bdc-b6d3-0a0429c72e89,6f017f37-be96-4bdc-b6d3-0a0429c72e89,1,0,4,0,0,1,Uncasville,Uncasville,0.1,0,8c83746a-fd6b-4f99-8eb9-ef8d3c2e7abd,2016-07-03 00:30:00+00:00,Arlington,Uncasville,home_city
f3467296-cb95-4e9a-9459-8c692e9b4f35,2016-07-07 23:00:00+00:00,2016-07-07,2016,6f017f37-be96-4bdc-b6d3-0a0429c72e89,6f017f37-be96-4bdc-b6d3-0a0429c72e89,a015b02d-845c-40c1-8ef4-844984f47e4d,a015b02d-845c-40c1-8ef4-844984f47e4d,0,0,1,0,1,2,Minneapolis,Uncasville,1088.7,1,3e541a29-5628-41f2-a174-023a4e30493a,2016-07-06 00:00:00+00:00,Minneapolis,Minneapolis,previous_game_city
6af23d3d-d106-4c22-82e3-15da2b21fbc4,2016-07-08 23:30:00+00:00,2016-07-08,2016,5d70a9af-8c2b-4aec-9e68-9acc6ddb93e4,5d70a9af-8c2b-4aec-9e68-9acc6ddb93e4,5f0b5caf-708b-4300-92f2-53b51d83ec06,5f0b5caf-708b-4300-92f2-53b51d83ec06,1,0,2,0,1,2,Atlanta,Atlanta,0.0,0,ebe237b6-86da-4cef-ae92-7710fa76cc94,2016-07-05 23:00:00+00:00,Atlanta,Atlanta,previous_game_city
6af23d3d-d106-4c22-82e3-15da2b21fbc4,2016-07-08 23:30:00+00:00,2016-07-08,2016,5f0b5caf-708b-4300-92f2-53b51d83ec06,5f0b5caf-708b-4300-92f2-53b51d83ec06,5d70a9af-8c2b-4aec-9e68-9acc6ddb93e4,5d70a9af-8c2b-4aec-9e68-9acc6ddb93e4,0,0,2,0,1,2,Arlington,Atlanta,737.9,1,869a171a-4096-4372-a0ab-489bf33c6399,2016-07-06 00:30:00+00:00,Arlington,Arlington,previous_game_city
e425c46b-0c23-4803-a206-549770e178e9,2016-07-09 00:30:00+00:00,2016-07-08,2016,3c409388-ab73-4c7f-953d-3a71062240f6,3c409388-ab73-4c7f-953d-3a71062240f6,08ed8274-e29f-4248-bc2e-83cc8ed18d75,08ed8274-e29f-4248-bc2e-83cc8ed18d75,1,0,2,0,1,2,Minneapolis,Rosemont,340.4,0,3e541a29-5628-41f2-a174-023a4e30493a,2016-07-06 00:00:00+00:00,Minneapolis,Rosemont,previous_game_city
e425c46b-0c23-4803-a206-549770e178e9,2016-07-09 00:30:00+00:00,2016-07-08,2016,08ed8274-e29f-4248-bc2e-83cc8ed18d75,08ed8274-e29f-4248-bc2e-83cc8ed18d75,3c409388-ab73-4c7f-953d-3a71062240f6,3c409388-ab73-4c7f-953d-3a71062240f6,0,0,1,0,1,3,New York,Rosemont,723.4,-1,a7717e2f-ae80-44b3-962b-a9cf4ab2637d,2016-07-06 23:00:00+00:00,New York,New York,previous_game_city
405e2be4-cfd6-4026-b10a-9c53a6e0b45b,2016-07-09 01:00:00+00:00,2016-07-08,2016,e6bc56cc-9dad-43aa-8ccb-ee9d499fea28,FR_LVA_ACES,d6a012ed-84aa-48d3-8265-2d3f3ff2199a,d6a012ed-84aa-48d3-8265-2d3f3ff2199a,1,0,1,0,1,3,San Antonio,San Antonio,0.0,0,f615fc08-938f-40f7-83b9-13bcbb067256,2016-07-07 00:00:00+00:00,San Antonio,San Antonio,previous_game_city
405e2be4-cfd6-4026-b10a-9c53a6e0b45b,2016-07-09 01:00:00+00:00,2016-07-08,2016,d6a012ed-84aa-48d3-8265-2d3f3ff2199a,d6a012ed-84aa-48d3-8265-2d3f3ff2199a,e6bc56cc-9dad-43aa-8ccb-ee9d499fea28,FR_LVA_ACES,0,0,1,0,2,2,New York,San Antonio,1581.4,-1,a7717e2f-ae80-44b3-962b-a9cf4ab2637d,2016-07-06 23:00:00+00:00,New York,Seattle,previous_game_city
5df94286-cc47-4f8c-802c-5d3a937e3cea,2016-07-09 02:00:00+00:00,2016-07-08,2016,0699edf3-5993-4182-b9b4-ec935cbd4fcc,0699edf3-5993-4182-b9b4-ec935cbd4fcc,f073a15f-0486-4179-b0a3-dfd0294eb595,f073a15f-0486-4179-b0a3-dfd0294eb595,1,0,2,0,1,3,Arlington,Phoenix,867.0,-2,869a171a-4096-4372-a0ab-489bf33c6399,2016-07-06 00:30:00+00:00,Arlington,Phoenix,previous_game_city
5df94286-cc47-4f8c-802c-5d3a937e3cea,2016-07-09 02:00:00+00:00,2016-07-08,2016,f073a15f-0486-4179-b0a3-dfd0294eb595,f073a15f-0486-4179-b0a3-dfd0294eb595,0699edf3-5993-4182-b9b4-ec935cbd4fcc,0699edf3-5993-4182-b9b4-ec935cbd4fcc,0,0,1,0,1,2,Los Angeles,Phoenix,356.8,0,fa1f121f-0a31-46fc-8c5c-c8d9dc8bfdde,2016-07-07 02:30:00+00:00,Los Angeles,Indianapolis,previous_game_city
62ad54cd-3ff0-47f3-854c-3a403f7e726d,2016-07-10 00:00:00+00:00,2016-07-09,2016,6f017f37-be96-4bdc-b6d3-0a0429c72e89,6f017f37-be96-4bdc-b6d3-0a0429c72e89,5f0b5caf-708b-4300-92f2-53b51d83ec06,5f0b5caf-708b-4300-92f2-53b51d83ec06,1,0,1,0,2,3,Uncasville,Minneapolis,1088.7,-1,f3467296-cb95-4e9a-9459-8c692e9b4f35,2016-07-07 23:00:00+00:00,Uncasville,Minneapolis,previous_game_city
62ad54cd-3ff0-47f3-854c-3a403f7e726d,2016-07-10 00:00:00+00:00,2016-07-09,2016,5f0b5caf-708b-4300-92f2-53b51d83ec06,5f0b5caf-708b-4300-92f2-53b51d83ec06,6f017f37-be96-4bdc-b6d3-0a0429c72e89,6f017f37-be96-4bdc-b6d3-0a0429c72e89,0,0,0,1,2,3,Atlanta,Minneapolis,908.0,-1,6af23d3d-d106-4c22-82e3-15da2b21fbc4,2016-07-08 23:30:00+00:00,Atlanta,Arlington,previous_game_city
cf1694d8-dbaf-4d56-af74-fbb74eed93b7,2016-07-10 17:00:00+00:00,2016-07-10,2016,a015b02d-845c-40c1-8ef4-844984f47e4d,a015b02d-845c-40c1-8ef4-844984f47e4d,5d70a9af-8c2b-4aec-9e68-9acc6ddb93e4,5d70a9af-8c2b-4aec-9e68-9acc6ddb93e4,1,0,2,0,1,1,Uncasville,Uncasville,0.0,0,f3467296-cb95-4e9a-9459-8c692e9b4f35,2016-07-07 23:00:00+00:00,Uncasville,Uncasville,previous_game_city
cf1694d8-dbaf-4d56-af74-fbb74eed93b7,2016-07-10 17:00:00+00:00,2016-07-10,2016,5d70a9af-8c2b-4aec-9e68-9acc6ddb93e4,5d70a9af-8c2b-4aec-9e68-9acc6ddb93e4,a015b02d-845c-40c1-8ef4-844984f47e4d,a015b02d-845c-40c1-8ef4-844984f47e4d,0,0,1,0,1,3,Atlanta,Uncasville,857.3,0,6af23d3d-d106-4c22-82e3-15da2b21fbc4,2016-07-08 23:30:00+00:00,Atlanta,Atlanta,previous_game_city
73e9e59b-5234-4b97-9ef6-94771e6c7cd5,2016-07-10 19:00:00+00:00,2016-07-10,2016,08ed8274-e29f-4248-bc2e-83cc8ed18d75,08ed8274-e29f-4248-bc2e-83cc8ed18d75,e6bc56cc-9dad-43aa-8ccb-ee9d499fea28,FR_LVA_ACES,1,0,1,0,2,3,Rosemont,New York,723.4,1,e425c46b-0c23-4803-a206-549770e178e9,2016-07-09 00:30:00+00:00,Rosemont,New York,previous_game_city
73e9e59b-5234-4b97-9ef6-94771e6c7cd5,2016-07-10 19:00:00+00:00,2016-07-10,2016,e6bc56cc-9dad-43aa-8ccb-ee9d499fea28,FR_LVA_ACES,08ed8274-e29f-4248-bc2e-83cc8ed18d75,08ed8274-e29f-4248-bc2e-83cc8ed18d75,0,0,1,0,2,2,San Antonio,New York,1581.4,1,405e2be4-cfd6-4026-b10a-9c53a6e0b45b,2016-07-09 01:00:00+00:00,San Antonio,San Antonio,previous_game_city
7ba053a1-5d9f-4399-8ce0-678039b46a8c,2016-07-10 22:00:00+00:00,2016-07-10,2016,3c409388-ab73-4c7f-953d-3a71062240f6,3c409388-ab73-4c7f-953d-3a71062240f6,0699edf3-5993-4182-b9b4-ec935cbd4fcc,0699edf3-5993-4182-b9b4-ec935cbd4fcc,1,0,1,0,1,2,Rosemont,Rosemont,0.0,0,e425c46b-0c23-4803-a206-549770e178e9,2016-07-09 00:30:00+00:00,Rosemont,Rosemont,previous_game_city
7ba053a1-5d9f-4399-8ce0-678039b46a8c,2016-07-10 22:00:00+00:00,2016-07-10,2016,0699edf3-5993-4182-b9b4-ec935cbd4fcc,0699edf3-5993-4182-b9b4-ec935cbd4fcc,3c409388-ab73-4c7f-953d-3a71062240f6,3c409388-ab73-4c7f-953d-3a71062240f6,0,0,1,0,1,3,Phoenix,Rosemont,1442.2,2,5df94286-cc47-4f8c-802c-5d3a937e3cea,2016-07-09 02:00:00+00:00,Phoenix,Phoenix,previous_game_city
ce62437a-8129-4c98-909a-c4edfb41562b,2016-07-10 23:00:00+00:00,2016-07-10,2016,d6a012ed-84aa-48d3-8265-2d3f3ff2199a,d6a012ed-84aa-48d3-8265-2d3f3ff2199a,f073a15f-0486-4179-b0a3-dfd0294eb595,f073a15f-0486-4179-b0a3-dfd0294eb595,1,0,1,0,2,3,San Antonio,Seattle,1785.8,-2,405e2be4-cfd6-4026-b10a-9c53a6e0b45b,2016-07-09 01:00:00+00:00,San Antonio,Seattle,previous_game_city
ce62437a-8129-4c98-909a-c4edfb41562b,2016-07-10 23:00:00+00:00,2016-07-10,2016,f073a15f-0486-4179-b0a3-dfd0294eb595,f073a15f-0486-4179-b0a3-dfd0294eb595,d6a012ed-84aa-48d3-8265-2d3f3ff2199a,d6a012ed-84aa-48d3-8265-2d3f3ff2199a,0,0,1,0,2,2,Phoenix,Seattle,1114.5,0,5df94286-cc47-4f8c-802c-5d3a937e3cea,2016-07-09 02:00:00+00:00,Phoenix,Indianapolis,previous_game_city
f41e9474-101e-4e4f-b3fd-b5f81e6cd0f4,2016-07-10 23:00:00+00:00,2016-07-10,2016,0a5ad38d-2fe3-43ba-894b-1ba3d5042ea9,0a5ad38d-2fe3-43ba-894b-1ba3d5042ea9,5c0d47fe-8539-47b0-9f36-d0b3609ca89b,5c0d47fe-8539-47b0-9f36-d0b3609ca89b,1,0,3,0,1,2,Los Angeles,Los Angeles,0.0,0,fa1f121f-0a31-46fc-8c5c-c8d9dc8bfdde,2016-07-07 02:30:00+00:00,Los Angeles,Los Angeles,previous_game_city
f41e9474-101e-4e4f-b3fd-b5f81e6cd0f4,2016-07-10 23:00:00+00:00,2016-07-10,2016,5c0d47fe-8539-47b0-9f36-d0b3609ca89b,5c0d47fe-8539-47b0-9f36-d0b3609ca89b,0a5ad38d-2fe3-43ba-894b-1ba3d5042ea9,0a5ad38d-2fe3-43ba-894b-1ba3d5042ea9,0,0,3,0,1,1,San Antonio,Los Angeles,1201.6,-2,f615fc08-938f-40f7-83b9-13bcbb067256,2016-07-07 00:00:00+00:00,San Antonio,Washington,previous_game_city
d5707a7c-ae7e-47c7-bb37-45fd3fd8877c,2016-07-12 16:30:00+00:00,2016-07-12,2016,e6bc56cc-9dad-43aa-8ccb-ee9d499fea28,FR_LVA_ACES,6f017f37-be96-4bdc-b6d3-0a0429c72e89,6f017f37-be96-4bdc-b6d3-0a0429c72e89,1,0,1,0,2,3,New York,San Antonio,1581.4,-1,73e9e59b-5234-4b97-9ef6-94771e6c7cd5,2016-07-10 19:00:00+00:00,New York,San Antonio,previous_game_city
d5707a7c-ae7e-47c7-bb37-45fd3fd8877c,2016-07-12 16:30:00+00:00,2016-07-12,2016,6f017f37-be96-4bdc-b6d3-0a0429c72e89,6f017f37-be96-4bdc-b6d3-0a0429c72e89,e6bc56cc-9dad-43aa-8ccb-ee9d499fea28,FR_LVA_ACES,0,0,2,0,1,3,Minneapolis,San Antonio,1111.9,0,62ad54cd-3ff0-47f3-854c-3a403f7e726d,2016-07-10 00:00:00+00:00,Minneapolis,Minneapolis,previous_game_city
d46f7fec-26c2-4762-975f-74eb00e70e11,2016-07-13 15:00:00+00:00,2016-07-13,2016,08ed8274-e29f-4248-bc2e-83cc8ed18d75,08ed8274-e29f-4248-bc2e-83cc8ed18d75,5d70a9af-8c2b-4aec-9e68-9acc6ddb93e4,5d70a9af-8c2b-4aec-9e68-9acc6ddb93e4,1,0,2,0,1,3,New York,New York,0.0,0,73e9e59b-5234-4b97-9ef6-94771e6c7cd5,2016-07-10 19:00:00+00:00,New York,New York,previous_game_city
d46f7fec-26c2-4762-975f-74eb00e70e11,2016-07-13 15:00:00+00:00,2016-07-13,2016,5d70a9af-8c2b-4aec-9e68-9acc6ddb93e4,5d70a9af-8c2b-4aec-9e68-9acc6ddb93e4,08ed8274-e29f-4248-bc2e-83cc8ed18d75,08ed8274-e29f-4248-bc2e-83cc8ed18d75,0,0,2,0,1,2,Uncasville,New York,112.4,0,cf1694d8-dbaf-4d56-af74-fbb74eed93b7,2016-07-10 17:00:00+00:00,Uncasville,Atlanta,previous_game_city
3de03f61-883e-4430-954f-15d2c0293466,2016-07-13 16:00:00+00:00,2016-07-13,2016,f073a15f-0486-4179-b0a3-dfd0294eb595,f073a15f-0486-4179-b0a3-dfd0294eb595,a015b02d-845c-40c1-8ef4-844984f47e4d,a015b02d-845c-40c1-8ef4-844984f47e4d,1,0,2,0,1,3,Seattle,Indianapolis,1867.7,3,ce62437a-8129-4c98-909a-c4edfb41562b,2016-07-10 23:00:00+00:00,Seattle,Indianapolis,previous_game_city
3de03f61-883e-4430-954f-15d2c0293466,2016-07-13 16:00:00+00:00,2016-07-13,2016,a015b02d-845c-40c1-8ef4-844984f47e4d,a015b02d-845c-40c1-8ef4-844984f47e4d,f073a15f-0486-4179-b0a3-dfd0294eb595,f073a15f-0486-4179-b0a3-dfd0294eb595,0,0,2,0,1,2,Uncasville,Indianapolis,745.5,0,cf1694d8-dbaf-4d56-af74-fbb74eed93b7,2016-07-10 17:00:00+00:00,Uncasville,Uncasville,previous_game_city
79663d5d-2d48-484d-94dc-84088750b86a,2016-07-13 16:30:00+00:00,2016-07-13,2016,3c409388-ab73-4c7f-953d-3a71062240f6,3c409388-ab73-4c7f-953d-3a71062240f6,0a5ad38d-2fe3-43ba-894b-1ba3d5042ea9,0a5ad38d-2fe3-43ba-894b-1ba3d5042ea9,1,0,2,0,1,2,Rosemont,Rosemont,0.0,0,7ba053a1-5d9f-4399-8ce0-678039b46a8c,2016-07-10 22:00:00+00:00,Rosemont,Rosemont,previous_game_city
79663d5d-2d48-484d-94dc-84088750b86a,2016-07-13 16:30:00+00:00,2016-07-13,2016,0a5ad38d-2fe3-43ba-894b-1ba3d5042ea9,0a5ad38d-2fe3-43ba-894b-1ba3d5042ea9,3c409388-ab73-4c7f-953d-3a71062240f6,3c409388-ab73-4c7f-953d-3a71062240f6,0,0,2,0,1,2,Los Angeles,Rosemont,1731.4,2,f41e9474-101e-4e4f-b3fd-b5f81e6cd0f4,2016-07-10 23:00:00+00:00,Los Angeles,Los Angeles,previous_game_city
20d475fa-9da1-449f-960e-7f6d42504d7a,2016-07-13 19:30:00+00:00,2016-07-13,2016,0699edf3-5993-4182-b9b4-ec935cbd4fcc,0699edf3-5993-4182-b9b4-ec935cbd4fcc,5c0d47fe-8539-47b0-9f36-d0b3609ca89b,5c0d47fe-8539-47b0-9f36-d0b3609ca89b,1,0,2,0,1,2,Rosemont,Phoenix,1442.2,-2,7ba053a1-5d9f-4399-8ce0-678039b46a8c,2016-07-10 22:00:00+00:00,Rosemont,Phoenix,previous_game_city
20d475fa-9da1-449f-960e-7f6d42504d7a,2016-07-13 19:30:00+00:00,2016-07-13,2016,5c0d47fe-8539-47b0-9f36-d0b3609ca89b,5c0d47fe-8539-47b0-9f36-d0b3609ca89b,0699edf3-5993-4182-b9b4-ec935cbd4fcc,0699edf3-5993-4182-b9b4-ec935cbd4fcc,0,0,2,0,1,2,Los Angeles,Phoenix,356.8,0,f41e9474-101e-4e4f-b3fd-b5f81e6cd0f4,2016-07-10 23:00:00+00:00,Los Angeles,Washington,previous_game_city
169c6934-447e-4286-ba68-406747c82c40,2016-07-15 23:00:00+00:00,2016-07-15,2016,a015b02d-845c-40c1-8ef4-844984f47e4d,a015b02d-845c-40c1-8ef4-844984f47e4d,0a5ad38d-2fe3-43ba-894b-1ba3d5042ea9,0a5ad38d-2fe3-43ba-894b-1ba3d5042ea9,1,0,1,0,1,2,Indianapolis,Uncasville,745.5,0,3de03f61-883e-4430-954f-15d2c0293466,2016-07-13 16:00:00+00:00,Indianapolis,Uncasville,previous_game_city
169c6934-447e-4286-ba68-406747c82c40,2016-07-15 23:00:00+00:00,2016-07-15,2016,0a5ad38d-2fe3-43ba-894b-1ba3d5042ea9,0a5ad38d-2fe3-43ba-894b-1ba3d5042ea9,a015b02d-845c-40c1-8ef4-844984f47e4d,a015b02d-845c-40c1-8ef4-844984f47e4d,0,0,1,0,1,2,Rosemont,Uncasville,812.0,1,79663d5d-2d48-484d-94dc-84088750b86a,2016-07-13 16:30:00+00:00,Rosemont,Los Angeles,previous_game_city
fdafde53-b3d8-4846-8d80-e821e941c2e0,2016-07-15 23:00:00+00:00,2016-07-15,2016,f073a15f-0486-4179-b0a3-dfd0294eb595,f073a15f-0486-4179-b0a3-dfd0294eb595,5d70a9af-8c2b-4aec-9e68-9acc6ddb93e4,5d70a9af-8c2b-4aec-9e68-9acc6ddb93e4,1,0,1,0,1,3,Indianapolis,Indianapolis,0.0,0,3de03f61-883e-4430-954f-15d2c0293466,2016-07-13 16:00:00+00:00,Indianapolis,Indianapolis,previous_game_city
fdafde53-b3d8-4846-8d80-e821e941c2e0,2016-07-15 23:00:00+00:00,2016-07-15,2016,5d70a9af-8c2b-4aec-9e68-9acc6ddb93e4,5d70a9af-8c2b-4aec-9e68-9acc6ddb93e4,f073a15f-0486-4179-b0a3-dfd0294eb595,f073a15f-0486-4179-b0a3-dfd0294eb595,0,0,1,0,1,3,New York,Indianapolis,643.7,0,d46f7fec-26c2-4762-975f-74eb00e70e11,2016-07-13 15:00:00+00:00,New York,Atlanta,previous_game_city
28790e4e-4ba9-40ae-9c43-bd31eef20be3,2016-07-16 00:00:00+00:00,2016-07-15,2016,6f017f37-be96-4bdc-b6d3-0a0429c72e89,6f017f37-be96-4bdc-b6d3-0a0429c72e89,08ed8274-e29f-4248-bc2e-83cc8ed18d75,08ed8274-e29f-4248-bc2e-83cc8ed18d75,1,0,2,0,1,2,San Antonio,Minneapolis,1111.9,0,d5707a7c-ae7e-47c7-bb37-45fd3fd8877c,2016-07-12 16:30:00+00:00,San Antonio,Minneapolis,previous_game_city
28790e4e-4ba9-40ae-9c43-bd31eef20be3,2016-07-16 00:00:00+00:00,2016-07-15,2016,08ed8274-e29f-4248-bc2e-83cc8ed18d75,08ed8274-e29f-4248-bc2e-83cc8ed18d75,6f017f37-be96-4bdc-b6d3-0a0429c72e89,6f017f37-be96-4bdc-b6d3-0a0429c72e89,0,0,1,0,1,3,New York,Minneapolis,1016.4,-1,d46f7fec-26c2-4762-975f-74eb00e70e11,2016-07-13 15:00:00+00:00,New York,New York,previous_game_city
7fd993fa-9f8f-4e20-ac80-dbbb7c91103c,2016-07-16 00:30:00+00:00,2016-07-15,2016,3c409388-ab73-4c7f-953d-3a71062240f6,3c409388-ab73-4c7f-953d-3a71062240f6,5f0b5caf-708b-4300-92f2-53b51d83ec06,5f0b5caf-708b-4300-92f2-53b51d83ec06,1,0,1,0,1,3,Rosemont,Rosemont,0.0,0,79663d5d-2d48-484d-94dc-84088750b86a,2016-07-13 16:30:00+00:00,Rosemont,Rosemont,previous_game_city
7fd993fa-9f8f-4e20-ac80-dbbb7c91103c,2016-07-16 00:30:00+00:00,2016-07-15,2016,5f0b5caf-708b-4300-92f2-53b51d83ec06,5f0b5caf-708b-4300-92f2-53b51d83ec06,3c409388-ab73-4c7f-953d-3a71062240f6,3c409388-ab73-4c7f-953d-3a71062240f6,0,0,5,0,0,2,Arlington,Rosemont,815.2,0,62ad54cd-3ff0-47f3-854c-3a403f7e726d,2016-07-10 00:00:00+00:00,Minneapolis,Arlington,home_city
ff119f3b-0e1f-4336-982b-c153799995cf,2016-07-16 02:00:00+00:00,2016-07-15,2016,d6a012ed-84aa-48d3-8265-2d3f3ff2199a,d6a012ed-84aa-48d3-8265-2d3f3ff2199a,5c0d47fe-8539-47b0-9f36-d0b3609ca89b,5c0d47fe-8539-47b0-9f36-d0b3609ca89b,1,0,4,0,0,2,Seattle,Seattle,0.0,0,ce62437a-8129-4c98-909a-c4edfb41562b,2016-07-10 23:00:00+00:00,Seattle,Seattle,home_city
ff119f3b-0e1f-4336-982b-c153799995cf,2016-07-16 02:00:00+00:00,2016-07-15,2016,5c0d47fe-8539-47b0-9f36-d0b3609ca89b,5c0d47fe-8539-47b0-9f36-d0b3609ca89b,d6a012ed-84aa-48d3-8265-2d3f3ff2199a,d6a012ed-84aa-48d3-8265-2d3f3ff2199a,0,0,1,0,1,2,Phoenix,Seattle,1114.5,0,20d475fa-9da1-449f-960e-7f6d42504d7a,2016-07-13 19:30:00+00:00,Phoenix,Washington,previous_game_city
42906a30-087f-4888-bf18-3bd51c7c8a7b,2016-07-17 02:00:00+00:00,2016-07-16,2016,0699edf3-5993-4182-b9b4-ec935cbd4fcc,0699edf3-5993-4182-b9b4-ec935cbd4fcc,e6bc56cc-9dad-43aa-8ccb-ee9d499fea28,FR_LVA_ACES,1,0,2,0,1,2,Phoenix,Phoenix,0.0,0,20d475fa-9da1-449f-960e-7f6d42504d7a,2016-07-13 19:30:00+00:00,Phoenix,Phoenix,previous_game_city
42906a30-087f-4888-bf18-3bd51c7c8a7b,2016-07-17 02:00:00+00:00,2016-07-16,2016,e6bc56cc-9dad-43aa-8ccb-ee9d499fea28,FR_LVA_ACES,0699edf3-5993-4182-b9b4-ec935cbd4fcc,0699edf3-5993-4182-b9b4-ec935cbd4fcc,0,0,3,0,1,2,San Antonio,Phoenix,846.7,-2,d5707a7c-ae7e-47c7-bb37-45fd3fd8877c,2016-07-12 16:30:00+00:00,San Antonio,San Antonio,previous_game_city
2349ee6f-54d0-4113-bc6e-62512c17de61,2016-07-17 19:00:00+00:00,2016-07-17,2016,5d70a9af-8c2b-4aec-9e68-9acc6ddb93e4,5d70a9af-8c2b-4aec-9e68-9acc6ddb93e4,0a5ad38d-2fe3-43ba-894b-1ba3d5042ea9,0a5ad38d-2fe3-43ba-894b-1ba3d5042ea9,1,0,1,0,2,3,Indianapolis,Atlanta,427.3,0,fdafde53-b3d8-4846-8d80-e821e941c2e0,2016-07-15 23:00:00+00:00,Indianapolis,Atlanta,previous_game_city
2349ee6f-54d0-4113-bc6e-62512c17de61,2016-07-17 19:00:00+00:00,2016-07-17,2016,0a5ad38d-2fe3-43ba-894b-1ba3d5042ea9,0a5ad38d-2fe3-43ba-894b-1ba3d5042ea9,5d70a9af-8c2b-4aec-9e68-9acc6ddb93e4,5d70a9af-8c2b-4aec-9e68-9acc6ddb93e4,0,0,1,0,2,3,Uncasville,Atlanta,857.3,0,169c6934-447e-4286-ba68-406747c82c40,2016-07-15 23:00:00+00:00,Uncasville,Los Angeles,previous_game_city
80f77421-bb66-41ba-859b-2cd30c012b5e,2016-07-17 19:00:00+00:00,2016-07-17,2016,08ed8274-e29f-4248-bc2e-83cc8ed18d75,08ed8274-e29f-4248-bc2e-83cc8ed18d75,a015b02d-845c-40c1-8ef4-844984f47e4d,a015b02d-845c-40c1-8ef4-844984f47e4d,1,0,1,0,2,3,Minneapolis,New York,1016.4,1,28790e4e-4ba9-40ae-9c43-bd31eef20be3,2016-07-16 00:00:00+00:00,Minneapolis,New York,previous_game_city
80f77421-bb66-41ba-859b-2cd30c012b5e,2016-07-17 19:00:00+00:00,2016-07-17,2016,a015b02d-845c-40c1-8ef4-844984f47e4d,a015b02d-845c-40c1-8ef4-844984f47e4d,08ed8274-e29f-4248-bc2e-83cc8ed18d75,08ed8274-e29f-4248-bc2e-83cc8ed18d75,0,0,1,0,2,3,Uncasville,New York,112.4,0,169c6934-447e-4286-ba68-406747c82c40,2016-07-15 23:00:00+00:00,Uncasville,Uncasville,previous_game_city
7b064ebd-b563-4174-b86c-9fb5f4f13223,2016-07-17 20:30:00+00:00,2016-07-17,2016,5f0b5caf-708b-4300-92f2-53b51d83ec06,5f0b5caf-708b-4300-92f2-53b51d83ec06,6f017f37-be96-4bdc-b6d3-0a0429c72e89,6f017f37-be96-4bdc-b6d3-0a0429c72e89,1,0,1,0,1,1,Rosemont,Arlington,815.2,0,7fd993fa-9f8f-4e20-ac80-dbbb7c91103c,2016-07-16 00:30:00+00:00,Rosemont,Arlington,previous_game_city
7b064ebd-b563-4174-b86c-9fb5f4f13223,2016-07-17 20:30:00+00:00,2016-07-17,2016,6f017f37-be96-4bdc-b6d3-0a0429c72e89,6f017f37-be96-4bdc-b6d3-0a0429c72e89,5f0b5caf-708b-4300-92f2-53b51d83ec06,5f0b5caf-708b-4300-92f2-53b51d83ec06,0,0,1,0,1,2,Minneapolis,Arlington,870.5,0,28790e4e-4ba9-40ae-9c43-bd31eef20be3,2016-07-16 00:00:00+00:00,Minneapolis,Minneapolis,previous_game_city
377f7290-a770-4dee-a1f7-964b5f67eeac,2016-07-17 23:00:00+00:00,2016-07-17,2016,d6a012ed-84aa-48d3-8265-2d3f3ff2199a,d6a012ed-84aa-48d3-8265-2d3f3ff2199a,3c409388-ab73-4c7f-953d-3a71062240f6,3c409388-ab73-4c7f-953d-3a71062240f6,1,0,1,0,1,2,Seattle,Seattle,0.0,0,ff119f3b-0e1f-4336-982b-c153799995cf,2016-07-16 02:00:00+00:00,Seattle,Seattle,previous_game_city
377f7290-a770-4dee-a1f7-964b5f67eeac,2016-07-17 23:00:00+00:00,2016-07-17,2016,3c409388-ab73-4c7f-953d-3a71062240f6,3c409388-ab73-4c7f-953d-3a71062240f6,d6a012ed-84aa-48d3-8265-2d3f3ff2199a,d6a012ed-84aa-48d3-8265-2d3f3ff2199a,0,0,1,0,2,3,Rosemont,Seattle,1718.8,-2,7fd993fa-9f8f-4e20-ac80-dbbb7c91103c,2016-07-16 00:30:00+00:00,Rosemont,Rosemont,previous_game_city
824f4421-8dca-45e0-bfac-5f7e8d878dd5,2016-07-20 00:00:00+00:00,2016-07-19,2016,f073a15f-0486-4179-b0a3-dfd0294eb595,f073a15f-0486-4179-b0a3-dfd0294eb595,0a5ad38d-2fe3-43ba-894b-1ba3d5042ea9,0a5ad38d-2fe3-43ba-894b-1ba3d5042ea9,1,0,3,0,1,2,Indianapolis,Indianapolis,0.0,0,fdafde53-b3d8-4846-8d80-e821e941c2e0,2016-07-15 23:00:00+00:00,Indianapolis,Indianapolis,previous_game_city
824f4421-8dca-45e0-bfac-5f7e8d878dd5,2016-07-20 00:00:00+00:00,2016-07-19,2016,0a5ad38d-2fe3-43ba-894b-1ba3d5042ea9,0a5ad38d-2fe3-43ba-894b-1ba3d5042ea9,f073a15f-0486-4179-b0a3-dfd0294eb595,f073a15f-0486-4179-b0a3-dfd0294eb595,0,0,1,0,2,3,Atlanta,Indianapolis,427.3,0,2349ee6f-54d0-4113-bc6e-62512c17de61,2016-07-17 19:00:00+00:00,Atlanta,Los Angeles,previous_game_city
5771fa7b-ac8f-40df-91f3-bc8274bf1639,2016-07-20 02:00:00+00:00,2016-07-19,2016,0699edf3-5993-4182-b9b4-ec935cbd4fcc,0699edf3-5993-4182-b9b4-ec935cbd4fcc,3c409388-ab73-4c7f-953d-3a71062240f6,3c409388-ab73-4c7f-953d-3a71062240f6,1,0,2,0,1,2,Phoenix,Phoenix,0.0,0,42906a30-087f-4888-bf18-3bd51c7c8a7b,2016-07-17 02:00:00+00:00,Phoenix,Phoenix,previous_game_city
5771fa7b-ac8f-40df-91f3-bc8274bf1639,2016-07-20 02:00:00+00:00,2016-07-19,2016,3c409388-ab73-4c7f-953d-3a71062240f6,3c409388-ab73-4c7f-953d-3a71062240f6,0699edf3-5993-4182-b9b4-ec935cbd4fcc,0699edf3-5993-4182-b9b4-ec935cbd4fcc,0,0,1,0,2,3,Seattle,Phoenix,1114.5,0,377f7290-a770-4dee-a1f7-964b5f67eeac,2016-07-17 23:00:00+00:00,Seattle,Rosemont,previous_game_city
e534846b-0ee7-4d01-ba57-555cf8872613,2016-07-20 15:30:00+00:00,2016-07-20,2016,5c0d47fe-8539-47b0-9f36-d0b3609ca89b,5c0d47fe-8539-47b0-9f36-d0b3609ca89b,08ed8274-e29f-4248-bc2e-83cc8ed18d75,08ed8274-e29f-4248-bc2e-83cc8ed18d75,1,0,4,0,0,2,Washington,Washington,0.0,0,ff119f3b-0e1f-4336-982b-c153799995cf,2016-07-16 02:00:00+00:00,Seattle,Washington,home_city
e534846b-0ee7-4d01-ba57-555cf8872613,2016-07-20 15:30:00+00:00,2016-07-20,2016,08ed8274-e29f-4248-bc2e-83cc8ed18d75,08ed8274-e29f-4248-bc2e-83cc8ed18d75,5c0d47fe-8539-47b0-9f36-d0b3609ca89b,5c0d47fe-8539-47b0-9f36-d0b3609ca89b,0,0,2,0,1,3,New York,Washington,203.6,0,80f77421-bb66-41ba-859b-2cd30c012b5e,2016-07-17 19:00:00+00:00,New York,New York,previous_game_city
336b2f37-339e-4d89-8181-775f5ae6dba1,2016-07-20 16:30:00+00:00,2016-07-20,2016,5f0b5caf-708b-4300-92f2-53b51d83ec06,5f0b5caf-708b-4300-92f2-53b51d83ec06,a015b02d-845c-40c1-8ef4-844984f47e4d,a015b02d-845c-40c1-8ef4-844984f47e4d,1,0,2,0,1,2,Arlington,Arlington,0.0,0,7b064ebd-b563-4174-b86c-9fb5f4f13223,2016-07-17 20:30:00+00:00,Arlington,Arlington,previous_game_city
336b2f37-339e-4d89-8181-775f5ae6dba1,2016-07-20 16:30:00+00:00,2016-07-20,2016,a015b02d-845c-40c1-8ef4-844984f47e4d,a015b02d-845c-40c1-8ef4-844984f47e4d,5f0b5caf-708b-4300-92f2-53b51d83ec06,5f0b5caf-708b-4300-92f2-53b51d83ec06,0,0,2,0,1,3,New York,Arlington,1387.7,-1,80f77421-bb66-41ba-859b-2cd30c012b5e,2016-07-17 19:00:00+00:00,New York,Uncasville,previous_game_city
20996132-0699-4741-b05f-4ed9bec11b39,2016-07-20 17:00:00+00:00,2016-07-20,2016,6f017f37-be96-4bdc-b6d3-0a0429c72e89,6f017f37-be96-4bdc-b6d3-0a0429c72e89,5d70a9af-8c2b-4aec-9e68-9acc6ddb93e4,5d70a9af-8c2b-4aec-9e68-9acc6ddb93e4,1,0,2,0,1,2,Arlington,Minneapolis,870.5,0,7b064ebd-b563-4174-b86c-9fb5f4f13223,2016-07-17 20:30:00+00:00,Arlington,Minneapolis,previous_game_city
20996132-0699-4741-b05f-4ed9bec11b39,2016-07-20 17:00:00+00:00,2016-07-20,2016,5d70a9af-8c2b-4aec-9e68-9acc6ddb93e4,5d70a9af-8c2b-4aec-9e68-9acc6ddb93e4,6f017f37-be96-4bdc-b6d3-0a0429c72e89,6f017f37-be96-4bdc-b6d3-0a0429c72e89,0,0,2,0,1,3,Atlanta,Minneapolis,908.0,-1,2349ee6f-54d0-4113-bc6e-62512c17de61,2016-07-17 19:00:00+00:00,Atlanta,Atlanta,previous_game_city
cf3bbe1f-89d8-4ff3-9107-fb6902dbc51d,2016-07-20 19:00:00+00:00,2016-07-20,2016,d6a012ed-84aa-48d3-8265-2d3f3ff2199a,d6a012ed-84aa-48d3-8265-2d3f3ff2199a,e6bc56cc-9dad-43aa-8ccb-ee9d499fea28,FR_LVA_ACES,1,0,2,0,1,2,Seattle,Seattle,0.0,0,377f7290-a770-4dee-a1f7-964b5f67eeac,2016-07-17 23:00:00+00:00,Seattle,Seattle,previous_game_city
cf3bbe1f-89d8-4ff3-9107-fb6902dbc51d,2016-07-20 19:00:00+00:00,2016-07-20,2016,e6bc56cc-9dad-43aa-8ccb-ee9d499fea28,FR_LVA_ACES,d6a012ed-84aa-48d3-8265-2d3f3ff2199a,d6a012ed-84aa-48d3-8265-2d3f3ff2199a,0,0,3,0,1,1,Phoenix,Seattle,1114.5,0,42906a30-087f-4888-bf18-3bd51c7c8a7b,2016-07-17 02:00:00+00:00,Phoenix,San Antonio,previous_game_city
74640410-dbe7-400d-b4aa-813f03aef7a1,2016-07-21 15:00:00+00:00,2016-07-21,2016,08ed8274-e29f-4248-bc2e-83cc8ed18d75,08ed8274-e29f-4248-bc2e-83cc8ed18d75,f073a15f-0486-4179-b0a3-dfd0294eb595,f073a15f-0486-4179-b0a3-dfd0294eb595,1,0,0,1,2,3,Washington,New York,203.6,0,e534846b-0ee7-4d01-ba57-555cf8872613,2016-07-20 15:30:00+00:00,Washington,New York,previous_game_city
74640410-dbe7-400d-b4aa-813f03aef7a1,2016-07-21 15:00:00+00:00,2016-07-21,2016,f073a15f-0486-4179-b0a3-dfd0294eb595,f073a15f-0486-4179-b0a3-dfd0294eb595,08ed8274-e29f-4248-bc2e-83cc8ed18d75,08ed8274-e29f-4248-bc2e-83cc8ed18d75,0,0,1,0,1,2,Indianapolis,New York,643.7,0,824f4421-8dca-45e0-bfac-5f7e8d878dd5,2016-07-20 00:00:00+00:00,Indianapolis,Indianapolis,previous_game_city
4a759e55-4445-46eb-89bb-05ba0fdb101d,2016-07-22 23:00:00+00:00,2016-07-22,2016,5c0d47fe-8539-47b0-9f36-d0b3609ca89b,5c0d47fe-8539-47b0-9f36-d0b3609ca89b,0a5ad38d-2fe3-43ba-894b-1ba3d5042ea9,0a5ad38d-2fe3-43ba-894b-1ba3d5042ea9,1,0,1,0,1,2,Washington,Washington,0.0,0,e534846b-0ee7-4d01-ba57-555cf8872613,2016-07-20 15:30:00+00:00,Washington,Washington,previous_game_city
4a759e55-4445-46eb-89bb-05ba0fdb101d,2016-07-22 23:00:00+00:00,2016-07-22,2016,0a5ad38d-2fe3-43ba-894b-1ba3d5042ea9,0a5ad38d-2fe3-43ba-894b-1ba3d5042ea9,5c0d47fe-8539-47b0-9f36-d0b3609ca89b,5c0d47fe-8539-47b0-9f36-d0b3609ca89b,0,0,2,0,1,3,Indianapolis,Washington,490.8,0,824f4421-8dca-45e0-bfac-5f7e8d878dd5,2016-07-20 00:00:00+00:00,Indianapolis,Los Angeles,previous_game_city
8ed5f3d1-5ad1-43ad-8f4f-6476f3d0e42e,2016-07-22 23:30:00+00:00,2016-07-22,2016,5d70a9af-8c2b-4aec-9e68-9acc6ddb93e4,5d70a9af-8c2b-4aec-9e68-9acc6ddb93e4,5f0b5caf-708b-4300-92f2-53b51d83ec06,5f0b5caf-708b-4300-92f2-53b51d83ec06,1,0,1,0,1,3,Minneapolis,Atlanta,907.3,1,20996132-0699-4741-b05f-4ed9bec11b39,2016-07-20 17:00:00+00:00,Minneapolis,Atlanta,previous_game_city
8ed5f3d1-5ad1-43ad-8f4f-6476f3d0e42e,2016-07-22 23:30:00+00:00,2016-07-22,2016,5f0b5caf-708b-4300-92f2-53b51d83ec06,5f0b5caf-708b-4300-92f2-53b51d83ec06,5d70a9af-8c2b-4aec-9e68-9acc6ddb93e4,5d70a9af-8c2b-4aec-9e68-9acc6ddb93e4,0,0,1,0,1,3,Arlington,Atlanta,737.5,1,336b2f37-339e-4d89-8181-775f5ae6dba1,2016-07-20 16:30:00+00:00,Arlington,Arlington,previous_game_city
6915bc0b-80c4-4f46-b6ad-3a5a3ebf3744,2016-07-23 00:00:00+00:00,2016-07-22,2016,6f017f37-be96-4bdc-b6d3-0a0429c72e89,6f017f37-be96-4bdc-b6d3-0a0429c72e89,d6a012ed-84aa-48d3-8265-2d3f3ff2199a,d6a012ed-84aa-48d3-8265-2d3f3ff2199a,1,0,1,0,1,3,Minneapolis,Minneapolis,0.0,0,20996132-0699-4741-b05f-4ed9bec11b39,2016-07-20 17:00:00+00:00,Minneapolis,Minneapolis,previous_game_city
6915bc0b-80c4-4f46-b6ad-3a5a3ebf3744,2016-07-23 00:00:00+00:00,2016-07-22,2016,d6a012ed-84aa-48d3-8265-2d3f3ff2199a,d6a012ed-84aa-48d3-8265-2d3f3ff2199a,6f017f37-be96-4bdc-b6d3-0a0429c72e89,6f017f37-be96-4bdc-b6d3-0a0429c72e89,0,0,1,0,1,3,Seattle,Minneapolis,1391.3,2,cf3bbe1f-89d8-4ff3-9107-fb6902dbc51d,2016-07-20 19:00:00+00:00,Seattle,Seattle,previous_game_city
d63ed12a-ef8d-40bb-b498-3cc31dae1f21,2016-07-23 00:30:00+00:00,2016-07-22,2016,3c409388-ab73-4c7f-953d-3a71062240f6,3c409388-ab73-4c7f-953d-3a71062240f6,a015b02d-845c-40c1-8ef4-844984f47e4d,a015b02d-845c-40c1-8ef4-844984f47e4d,1,0,2,0,1,3,Phoenix,Rosemont,1442.2,2,5771fa7b-ac8f-40df-91f3-bc8274bf1639,2016-07-20 02:00:00+00:00,Phoenix,Rosemont,previous_game_city
d63ed12a-ef8d-40bb-b498-3cc31dae1f21,2016-07-23 00:30:00+00:00,2016-07-22,2016,a015b02d-845c-40c1-8ef4-844984f47e4d,a015b02d-845c-40c1-8ef4-844984f47e4d,3c409388-ab73-4c7f-953d-3a71062240f6,3c409388-ab73-4c7f-953d-3a71062240f6,0,0,1,0,1,3,Arlington,Rosemont,815.2,0,336b2f37-339e-4d89-8181-775f5ae6dba1,2016-07-20 16:30:00+00:00,Arlington,Uncasville,previous_game_city
ae49ff65-eddf-411b-9e41-594a664be07f,2016-08-26 23:00:00+00:00,2016-08-26,2016,a015b02d-845c-40c1-8ef4-844984f47e4d,a015b02d-845c-40c1-8ef4-844984f47e4d,6f017f37-be96-4bdc-b6d3-0a0429c72e89,6f017f37-be96-4bdc-b6d3-0a0429c72e89,1,0,34,0,0,0,Uncasville,Uncasville,0.1,0,d63ed12a-ef8d-40bb-b498-3cc31dae1f21,2016-07-23 00:30:00+00:00,Rosemont,Uncasville,home_city
ae49ff65-eddf-411b-9e41-594a664be07f,2016-08-26 23:00:00+00:00,2016-08-26,2016,6f017f37-be96-4bdc-b6d3-0a0429c72e89,6f017f37-be96-4bdc-b6d3-0a0429c72e89,a015b02d-845c-40c1-8ef4-844984f47e4d,a015b02d-845c-40c1-8ef4-844984f47e4d,0,0,34,0,0,0,Minneapolis,Uncasville,1088.7,1,6915bc0b-80c4-4f46-b6ad-3a5a3ebf3744,2016-07-23 00:00:00+00:00,Minneapolis,Minneapolis,home_city
5a447e5c-fbd7-40b2-8149-a5f8a3b3bf60,2016-08-27 00:00:00+00:00,2016-08-26,2016,e6bc56cc-9dad-43aa-8ccb-ee9d499fea28,FR_LVA_ACES,08ed8274-e29f-4248-bc2e-83cc8ed18d75,08ed8274-e29f-4248-bc2e-83cc8ed18d75,1,0,36,0,0,0,San Antonio,San Antonio,0.0,0,cf3bbe1f-89d8-4ff3-9107-fb6902dbc51d,2016-07-20 19:00:00+00:00,Seattle,San Antonio,home_city
5a447e5c-fbd7-40b2-8149-a5f8a3b3bf60,2016-08-27 00:00:00+00:00,2016-08-26,2016,08ed8274-e29f-4248-bc2e-83cc8ed18d75,08ed8274-e29f-4248-bc2e-83cc8ed18d75,e6bc56cc-9dad-43aa-8ccb-ee9d499fea28,FR_LVA_ACES,0,0,35,0,0,0,New York,San Antonio,1581.4,-1,74640410-dbe7-400d-b4aa-813f03aef7a1,2016-07-21 15:00:00+00:00,New York,New York,home_city
b3edc8e6-a0f0-4ca1-bf14-46b99a21234f,2016-08-27 00:30:00+00:00,2016-08-26,2016,3c409388-ab73-4c7f-953d-3a71062240f6,3c409388-ab73-4c7f-953d-3a71062240f6,5d70a9af-8c2b-4aec-9e68-9acc6ddb93e4,5d70a9af-8c2b-4aec-9e68-9acc6ddb93e4,1,0,34,0,0,0,Rosemont,Rosemont,0.0,0,d63ed12a-ef8d-40bb-b498-3cc31dae1f21,2016-07-23 00:30:00+00:00,Rosemont,Rosemont,home_city
b3edc8e6-a0f0-4ca1-bf14-46b99a21234f,2016-08-27 00:30:00+00:00,2016-08-26,2016,5d70a9af-8c2b-4aec-9e68-9acc6ddb93e4,5d70a9af-8c2b-4aec-9e68-9acc6ddb93e4,3c409388-ab73-4c7f-953d-3a71062240f6,3c409388-ab73-4c7f-953d-3a71062240f6,0,0,34,0,0,0,Atlanta,Rosemont,599.7,-1,8ed5f3d1-5ad1-43ad-8f4f-6476f3d0e42e,2016-07-22 23:30:00+00:00,Atlanta,Atlanta,home_city
03bf21b7-ee62-4614-ac58-eeeb7f28ac1f,2016-08-27 02:00:00+00:00,2016-08-26,2016,0699edf3-5993-4182-b9b4-ec935cbd4fcc,0699edf3-5993-4182-b9b4-ec935cbd4fcc,5f0b5caf-708b-4300-92f2-53b51d83ec06,5f0b5caf-708b-4300-92f2-53b51d83ec06,1,0,37,0,0,0,Phoenix,Phoenix,0.0,0,5771fa7b-ac8f-40df-91f3-bc8274bf1639,2016-07-20 02:00:00+00:00,Phoenix,Phoenix,home_city
03bf21b7-ee62-4614-ac58-eeeb7f28ac1f,2016-08-27 02:00:00+00:00,2016-08-26,2016,5f0b5caf-708b-4300-92f2-53b51d83ec06,5f0b5caf-708b-4300-92f2-53b51d83ec06,0699edf3-5993-4182-b9b4-ec935cbd4fcc,0699edf3-5993-4182-b9b4-ec935cbd4fcc,0,0,34,0,0,0,Arlington,Phoenix,867.0,-2,8ed5f3d1-5ad1-43ad-8f4f-6476f3d0e42e,2016-07-22 23:30:00+00:00,Atlanta,Arlington,home_city
34754ca1-2957-416e-ba20-16513c776572,2016-08-27 02:00:00+00:00,2016-08-26,2016,d6a012ed-84aa-48d3-8265-2d3f3ff2199a,d6a012ed-84aa-48d3-8265-2d3f3ff2199a,0a5ad38d-2fe3-43ba-894b-1ba3d5042ea9,0a5ad38d-2fe3-43ba-894b-1ba3d5042ea9,1,0,34,0,0,0,Seattle,Seattle,0.0,0,6915bc0b-80c4-4f46-b6ad-3a5a3ebf3744,2016-07-23 00:00:00+00:00,Minneapolis,Seattle,home_city
34754ca1-2957-416e-ba20-16513c776572,2016-08-27 02:00:00+00:00,2016-08-26,2016,0a5ad38d-2fe3-43ba-894b-1ba3d5042ea9,0a5ad38d-2fe3-43ba-894b-1ba3d5042ea9,d6a012ed-84aa-48d3-8265-2d3f3ff2199a,d6a012ed-84aa-48d3-8265-2d3f3ff2199a,0,0,34,0,0,0,Los Angeles,Seattle,960.2,0,4a759e55-4445-46eb-89bb-05ba0fdb101d,2016-07-22 23:00:00+00:00,Washington,Los Angeles,home_city
565b0ed3-22ed-4b48-9dab-6464dcc7e9ad,2016-08-27 23:00:00+00:00,2016-08-27,2016,f073a15f-0486-4179-b0a3-dfd0294eb595,f073a15f-0486-4179-b0a3-dfd0294eb595,5c0d47fe-8539-47b0-9f36-d0b3609ca89b,5c0d47fe-8539-47b0-9f36-d0b3609ca89b,1,0,36,0,0,0,Indianapolis,Indianapolis,0.0,0,74640410-dbe7-400d-b4aa-813f03aef7a1,2016-07-21 15:00:00+00:00,New York,Indianapolis,home_city
565b0ed3-22ed-4b48-9dab-6464dcc7e9ad,2016-08-27 23:00:00+00:00,2016-08-27,2016,5c0d47fe-8539-47b0-9f36-d0b3609ca89b,5c0d47fe-8539-47b0-9f36-d0b3609ca89b,f073a15f-0486-4179-b0a3-dfd0294eb595,f073a15f-0486-4179-b0a3-dfd0294eb595,0,0,35,0,0,0,Washington,Indianapolis,490.8,0,4a759e55-4445-46eb-89bb-05ba0fdb101d,2016-07-22 23:00:00+00:00,Washington,Washington,home_city
11f50656-0e44-4ea0-8693-d631636a790f,2016-08-28 19:00:00+00:00,2016-08-28,2016,5d70a9af-8c2b-4aec-9e68-9acc6ddb93e4,5d70a9af-8c2b-4aec-9e68-9acc6ddb93e4,a015b02d-845c-40c1-8ef4-844984f47e4d,a015b02d-845c-40c1-8ef4-844984f47e4d,1,0,1,0,1,1,Rosemont,Atlanta,599.8,1,b3edc8e6-a0f0-4ca1-bf14-46b99a21234f,2016-08-27 00:30:00+00:00,Rosemont,Atlanta,previous_game_city
11f50656-0e44-4ea0-8693-d631636a790f,2016-08-28 19:00:00+00:00,2016-08-28,2016,a015b02d-845c-40c1-8ef4-844984f47e4d,a015b02d-845c-40c1-8ef4-844984f47e4d,5d70a9af-8c2b-4aec-9e68-9acc6ddb93e4,5d70a9af-8c2b-4aec-9e68-9acc6ddb93e4,0,0,1,0,1,1,Uncasville,Atlanta,857.3,0,ae49ff65-eddf-411b-9e41-594a664be07f,2016-08-26 23:00:00+00:00,Uncasville,Uncasville,previous_game_city
177577b2-4d92-4624-b38a-71692fdc89e4,2016-08-28 20:30:00+00:00,2016-08-28,2016,5f0b5caf-708b-4300-92f2-53b51d83ec06,5f0b5caf-708b-4300-92f2-53b51d83ec06,3c409388-ab73-4c7f-953d-3a71062240f6,3c409388-ab73-4c7f-953d-3a71062240f6,1,0,1,0,1,1,Phoenix,Arlington,867.0,2,03bf21b7-ee62-4614-ac58-eeeb7f28ac1f,2016-08-27 02:00:00+00:00,Phoenix,Arlington,previous_game_city
177577b2-4d92-4624-b38a-71692fdc89e4,2016-08-28 20:30:00+00:00,2016-08-28,2016,3c409388-ab73-4c7f-953d-3a71062240f6,3c409388-ab73-4c7f-953d-3a71062240f6,5f0b5caf-708b-4300-92f2-53b51d83ec06,5f0b5caf-708b-4300-92f2-53b51d83ec06,0,0,1,0,1,1,Rosemont,Arlington,815.2,0,b3edc8e6-a0f0-4ca1-bf14-46b99a21234f,2016-08-27 00:30:00+00:00,Rosemont,Rosemont,previous_game_city
7d22ead2-12b4-4a48-83a2-709759170526,2016-08-28 23:00:00+00:00,2016-08-28,2016,5c0d47fe-8539-47b0-9f36-d0b3609ca89b,5c0d47fe-8539-47b0-9f36-d0b3609ca89b,e6bc56cc-9dad-43aa-8ccb-ee9d499fea28,FR_LVA_ACES,1,0,0,1,1,1,Indianapolis,Washington,490.8,0,565b0ed3-22ed-4b48-9dab-6464dcc7e9ad,2016-08-27 23:00:00+00:00,Indianapolis,Washington,previous_game_city
7d22ead2-12b4-4a48-83a2-709759170526,2016-08-28 23:00:00+00:00,2016-08-28,2016,e6bc56cc-9dad-43aa-8ccb-ee9d499fea28,FR_LVA_ACES,5c0d47fe-8539-47b0-9f36-d0b3609ca89b,5c0d47fe-8539-47b0-9f36-d0b3609ca89b,0,0,1,0,1,1,San Antonio,Washington,1385.7,1,5a447e5c-fbd7-40b2-8149-a5f8a3b3bf60,2016-08-27 00:00:00+00:00,San Antonio,San Antonio,previous_game_city
8834bb31-ad6e-4702-b597-3fbc80047d4d,2016-08-28 23:00:00+00:00,2016-08-28,2016,6f017f37-be96-4bdc-b6d3-0a0429c72e89,6f017f37-be96-4bdc-b6d3-0a0429c72e89,d6a012ed-84aa-48d3-8265-2d3f3ff2199a,d6a012ed-84aa-48d3-8265-2d3f3ff2199a,1,0,1,0,1,1,Uncasville,Minneapolis,1088.7,-1,ae49ff65-eddf-411b-9e41-594a664be07f,2016-08-26 23:00:00+00:00,Uncasville,Minneapolis,previous_game_city
8834bb31-ad6e-4702-b597-3fbc80047d4d,2016-08-28 23:00:00+00:00,2016-08-28,2016,d6a012ed-84aa-48d3-8265-2d3f3ff2199a,d6a012ed-84aa-48d3-8265-2d3f3ff2199a,6f017f37-be96-4bdc-b6d3-0a0429c72e89,6f017f37-be96-4bdc-b6d3-0a0429c72e89,0,0,1,0,1,1,Seattle,Minneapolis,1391.3,2,34754ca1-2957-416e-ba20-16513c776572,2016-08-27 02:00:00+00:00,Seattle,Seattle,previous_game_city
60716d73-6c78-4c81-b8fd-60321be85e7f,2016-08-29 01:00:00+00:00,2016-08-28,2016,0699edf3-5993-4182-b9b4-ec935cbd4fcc,0699edf3-5993-4182-b9b4-ec935cbd4fcc,0a5ad38d-2fe3-43ba-894b-1ba3d5042ea9,0a5ad38d-2fe3-43ba-894b-1ba3d5042ea9,1,0,1,0,1,1,Phoenix,Phoenix,0.0,0,03bf21b7-ee62-4614-ac58-eeeb7f28ac1f,2016-08-27 02:00:00+00:00,Phoenix,Phoenix,previous_game_city
60716d73-6c78-4c81-b8fd-60321be85e7f,2016-08-29 01:00:00+00:00,2016-08-28,2016,0a5ad38d-2fe3-43ba-894b-1ba3d5042ea9,0a5ad38d-2fe3-43ba-894b-1ba3d5042ea9,0699edf3-5993-4182-b9b4-ec935cbd4fcc,0699edf3-5993-4182-b9b4-ec935cbd4fcc,0,0,1,0,1,1,Seattle,Phoenix,1114.5,0,34754ca1-2957-416e-ba20-16513c776572,2016-08-27 02:00:00+00:00,Seattle,Los Angeles,previous_game_city
bc833372-e35e-4acd-b1db-f22962968388,2016-08-30 23:00:00+00:00,2016-08-30,2016,f073a15f-0486-4179-b0a3-dfd0294eb595,f073a15f-0486-4179-b0a3-dfd0294eb595,0699edf3-5993-4182-b9b4-ec935cbd4fcc,0699edf3-5993-4182-b9b4-ec935cbd4fcc,1,0,2,0,1,1,Indianapolis,Indianapolis,0.0,0,565b0ed3-22ed-4b48-9dab-6464dcc7e9ad,2016-08-27 23:00:00+00:00,Indianapolis,Indianapolis,previous_game_city
bc833372-e35e-4acd-b1db-f22962968388,2016-08-30 23:00:00+00:00,2016-08-30,2016,0699edf3-5993-4182-b9b4-ec935cbd4fcc,0699edf3-5993-4182-b9b4-ec935cbd4fcc,f073a15f-0486-4179-b0a3-dfd0294eb595,f073a15f-0486-4179-b0a3-dfd0294eb595,0,0,1,0,2,2,Phoenix,Indianapolis,1496.2,3,60716d73-6c78-4c81-b8fd-60321be85e7f,2016-08-29 01:00:00+00:00,Phoenix,Phoenix,previous_game_city
e05f6391-1c2f-4f58-8588-64cac6336fa6,2016-08-30 23:00:00+00:00,2016-08-30,2016,a015b02d-845c-40c1-8ef4-844984f47e4d,a015b02d-845c-40c1-8ef4-844984f47e4d,e6bc56cc-9dad-43aa-8ccb-ee9d499fea28,FR_LVA_ACES,1,0,1,0,2,2,Atlanta,Uncasville,857.3,0,11f50656-0e44-4ea0-8693-d631636a790f,2016-08-28 19:00:00+00:00,Atlanta,Uncasville,previous_game_city
e05f6391-1c2f-4f58-8588-64cac6336fa6,2016-08-30 23:00:00+00:00,2016-08-30,2016,e6bc56cc-9dad-43aa-8ccb-ee9d499fea28,FR_LVA_ACES,a015b02d-845c-40c1-8ef4-844984f47e4d,a015b02d-845c-40c1-8ef4-844984f47e4d,0,0,1,0,2,2,Washington,Uncasville,315.3,0,7d22ead2-12b4-4a48-83a2-709759170526,2016-08-28 23:00:00+00:00,Washington,San Antonio,previous_game_city
11dff200-6285-452c-9ac1-b09e214d84e4,2016-09-01 02:00:00+00:00,2016-08-31,2016,d6a012ed-84aa-48d3-8265-2d3f3ff2199a,d6a012ed-84aa-48d3-8265-2d3f3ff2199a,5f0b5caf-708b-4300-92f2-53b51d83ec06,5f0b5caf-708b-4300-92f2-53b51d83ec06,1,0,2,0,1,2,Minneapolis,Seattle,1391.3,-2,8834bb31-ad6e-4702-b597-3fbc80047d4d,2016-08-28 23:00:00+00:00,Minneapolis,Seattle,previous_game_city
11dff200-6285-452c-9ac1-b09e214d84e4,2016-09-01 02:00:00+00:00,2016-08-31,2016,5f0b5caf-708b-4300-92f2-53b51d83ec06,5f0b5caf-708b-4300-92f2-53b51d83ec06,d6a012ed-84aa-48d3-8265-2d3f3ff2199a,d6a012ed-84aa-48d3-8265-2d3f3ff2199a,0,0,2,0,1,2,Arlington,Seattle,1669.1,-2,177577b2-4d92-4624-b38a-71692fdc89e4,2016-08-28 20:30:00+00:00,Arlington,Arlington,previous_game_city
7dffcfe1-a7d2-444b-9d78-19ad59002136,2016-09-01 23:00:00+00:00,2016-09-01,2016,f073a15f-0486-4179-b0a3-dfd0294eb595,f073a15f-0486-4179-b0a3-dfd0294eb595,08ed8274-e29f-4248-bc2e-83cc8ed18d75,08ed8274-e29f-4248-bc2e-83cc8ed18d75,1,0,1,0,1,2,Indianapolis,Indianapolis,0.0,0,bc833372-e35e-4acd-b1db-f22962968388,2016-08-30 23:00:00+00:00,Indianapolis,Indianapolis,previous_game_city
7dffcfe1-a7d2-444b-9d78-19ad59002136,2016-09-01 23:00:00+00:00,2016-09-01,2016,08ed8274-e29f-4248-bc2e-83cc8ed18d75,08ed8274-e29f-4248-bc2e-83cc8ed18d75,f073a15f-0486-4179-b0a3-dfd0294eb595,f073a15f-0486-4179-b0a3-dfd0294eb595,0,0,5,0,0,1,New York,Indianapolis,643.7,0,5a447e5c-fbd7-40b2-8149-a5f8a3b3bf60,2016-08-27 00:00:00+00:00,San Antonio,New York,home_city
79e8f2d6-c6b4-4924-8827-529b2131bc38,2016-09-02 00:00:00+00:00,2016-09-01,2016,e6bc56cc-9dad-43aa-8ccb-ee9d499fea28,FR_LVA_ACES,0a5ad38d-2fe3-43ba-894b-1ba3d5042ea9,0a5ad38d-2fe3-43ba-894b-1ba3d5042ea9,1,0,1,0,2,3,Uncasville,San Antonio,1693.0,-1,e05f6391-1c2f-4f58-8588-64cac6336fa6,2016-08-30 23:00:00+00:00,Uncasville,San Antonio,previous_game_city
79e8f2d6-c6b4-4924-8827-529b2131bc38,2016-09-02 00:00:00+00:00,2016-09-01,2016,0a5ad38d-2fe3-43ba-894b-1ba3d5042ea9,0a5ad38d-2fe3-43ba-894b-1ba3d5042ea9,e6bc56cc-9dad-43aa-8ccb-ee9d499fea28,FR_LVA_ACES,0,0,3,0,1,2,Phoenix,San Antonio,846.7,2,60716d73-6c78-4c81-b8fd-60321be85e7f,2016-08-29 01:00:00+00:00,Phoenix,Los Angeles,previous_game_city
66688a28-4a91-4b24-a4e0-515df6bdc4dd,2016-09-02 23:00:00+00:00,2016-09-02,2016,a015b02d-845c-40c1-8ef4-844984f47e4d,a015b02d-845c-40c1-8ef4-844984f47e4d,0699edf3-5993-4182-b9b4-ec935cbd4fcc,0699edf3-5993-4182-b9b4-ec935cbd4fcc,1,0,2,0,1,3,Uncasville,Uncasville,0.0,0,e05f6391-1c2f-4f58-8588-64cac6336fa6,2016-08-30 23:00:00+00:00,Uncasville,Uncasville,previous_game_city
66688a28-4a91-4b24-a4e0-515df6bdc4dd,2016-09-02 23:00:00+00:00,2016-09-02,2016,0699edf3-5993-4182-b9b4-ec935cbd4fcc,0699edf3-5993-4182-b9b4-ec935cbd4fcc,a015b02d-845c-40c1-8ef4-844984f47e4d,a015b02d-845c-40c1-8ef4-844984f47e4d,0,0,2,0,1,3,Indianapolis,Uncasville,745.5,0,bc833372-e35e-4acd-b1db-f22962968388,2016-08-30 23:00:00+00:00,Indianapolis,Phoenix,previous_game_city
61dad1c5-891f-498d-b2cb-8b74ff1c2aee,2016-09-03 00:00:00+00:00,2016-09-02,2016,6f017f37-be96-4bdc-b6d3-0a0429c72e89,6f017f37-be96-4bdc-b6d3-0a0429c72e89,5c0d47fe-8539-47b0-9f36-d0b3609ca89b,5c0d47fe-8539-47b0-9f36-d0b3609ca89b,1,0,4,0,0,2,Minneapolis,Minneapolis,0.0,0,8834bb31-ad6e-4702-b597-3fbc80047d4d,2016-08-28 23:00:00+00:00,Minneapolis,Minneapolis,home_city
61dad1c5-891f-498d-b2cb-8b74ff1c2aee,2016-09-03 00:00:00+00:00,2016-09-02,2016,5c0d47fe-8539-47b0-9f36-d0b3609ca89b,5c0d47fe-8539-47b0-9f36-d0b3609ca89b,6f017f37-be96-4bdc-b6d3-0a0429c72e89,6f017f37-be96-4bdc-b6d3-0a0429c72e89,0,0,4,0,0,2,Washington,Minneapolis,931.2,-1,7d22ead2-12b4-4a48-83a2-709759170526,2016-08-28 23:00:00+00:00,Washington,Washington,home_city
2d8d7a67-61dd-4874-991f-e3446c601ecf,2016-09-03 00:30:00+00:00,2016-09-02,2016,5f0b5caf-708b-4300-92f2-53b51d83ec06,5f0b5caf-708b-4300-92f2-53b51d83ec06,0a5ad38d-2fe3-43ba-894b-1ba3d5042ea9,0a5ad38d-2fe3-43ba-894b-1ba3d5042ea9,1,0,1,0,1,3,Seattle,Arlington,1669.3,2,11dff200-6285-452c-9ac1-b09e214d84e4,2016-09-01 02:00:00+00:00,Seattle,Arlington,previous_game_city
2d8d7a67-61dd-4874-991f-e3446c601ecf,2016-09-03 00:30:00+00:00,2016-09-02,2016,0a5ad38d-2fe3-43ba-894b-1ba3d5042ea9,0a5ad38d-2fe3-43ba-894b-1ba3d5042ea9,5f0b5caf-708b-4300-92f2-53b51d83ec06,5f0b5caf-708b-4300-92f2-53b51d83ec06,0,0,0,1,1,3,San Antonio,Arlington,242.7,0,79e8f2d6-c6b4-4924-8827-529b2131bc38,2016-09-02 00:00:00+00:00,San Antonio,Los Angeles,previous_game_city
ac77c5bd-db90-4f4c-921e-50a49e71b4a9,2016-09-03 00:30:00+00:00,2016-09-02,2016,3c409388-ab73-4c7f-953d-3a71062240f6,3c409388-ab73-4c7f-953d-3a71062240f6,d6a012ed-84aa-48d3-8265-2d3f3ff2199a,d6a012ed-84aa-48d3-8265-2d3f3ff2199a,1,0,4,0,0,2,Rosemont,Rosemont,0.0,0,177577b2-4d92-4624-b38a-71692fdc89e4,2016-08-28 20:30:00+00:00,Arlington,Rosemont,home_city
ac77c5bd-db90-4f4c-921e-50a49e71b4a9,2016-09-03 00:30:00+00:00,2016-09-02,2016,d6a012ed-84aa-48d3-8265-2d3f3ff2199a,d6a012ed-84aa-48d3-8265-2d3f3ff2199a,3c409388-ab73-4c7f-953d-3a71062240f6,3c409388-ab73-4c7f-953d-3a71062240f6,0,0,1,0,1,3,Seattle,Rosemont,1718.8,2,11dff200-6285-452c-9ac1-b09e214d84e4,2016-09-01 02:00:00+00:00,Seattle,Seattle,previous_game_city
b4e3b6d0-37f7-4030-aef2-d3127bad6aea,2016-09-03 22:00:00+00:00,2016-09-03,2016,08ed8274-e29f-4248-bc2e-83cc8ed18d75,08ed8274-e29f-4248-bc2e-83cc8ed18d75,0699edf3-5993-4182-b9b4-ec935cbd4fcc,0699edf3-5993-4182-b9b4-ec935cbd4fcc,1,0,1,0,1,1,Indianapolis,New York,643.7,0,7dffcfe1-a7d2-444b-9d78-19ad59002136,2016-09-01 23:00:00+00:00,Indianapolis,New York,previous_game_city
b4e3b6d0-37f7-4030-aef2-d3127bad6aea,2016-09-03 22:00:00+00:00,2016-09-03,2016,0699edf3-5993-4182-b9b4-ec935cbd4fcc,0699edf3-5993-4182-b9b4-ec935cbd4fcc,08ed8274-e29f-4248-bc2e-83cc8ed18d75,08ed8274-e29f-4248-bc2e-83cc8ed18d75,0,0,0,1,2,3,Uncasville,New York,112.4,0,66688a28-4a91-4b24-a4e0-515df6bdc4dd,2016-09-02 23:00:00+00:00,Uncasville,Phoenix,previous_game_city
b94fb9f3-c5e4-48d7-8d2e-fd5786a14143,2016-09-04 20:30:00+00:00,2016-09-04,2016,5f0b5caf-708b-4300-92f2-53b51d83ec06,5f0b5caf-708b-4300-92f2-53b51d83ec06,5c0d47fe-8539-47b0-9f36-d0b3609ca89b,5c0d47fe-8539-47b0-9f36-d0b3609ca89b,1,0,1,0,2,3,Arlington,Arlington,0.4,0,2d8d7a67-61dd-4874-991f-e3446c601ecf,2016-09-03 00:30:00+00:00,Arlington,Arlington,previous_game_city
b94fb9f3-c5e4-48d7-8d2e-fd5786a14143,2016-09-04 20:30:00+00:00,2016-09-04,2016,5c0d47fe-8539-47b0-9f36-d0b3609ca89b,5c0d47fe-8539-47b0-9f36-d0b3609ca89b,5f0b5caf-708b-4300-92f2-53b51d83ec06,5f0b5caf-708b-4300-92f2-53b51d83ec06,0,0,1,0,1,2,Minneapolis,Arlington,870.5,0,61dad1c5-891f-498d-b2cb-8b74ff1c2aee,2016-09-03 00:00:00+00:00,Minneapolis,Washington,previous_game_city
026641dd-814e-4da4-8f57-5bedcceaa9f4,2016-09-04 22:00:00+00:00,2016-09-04,2016,3c409388-ab73-4c7f-953d-3a71062240f6,3c409388-ab73-4c7f-953d-3a71062240f6,e6bc56cc-9dad-43aa-8ccb-ee9d499fea28,FR_LVA_ACES,1,0,1,0,1,2,Rosemont,Rosemont,0.0,0,ac77c5bd-db90-4f4c-921e-50a49e71b4a9,2016-09-03 00:30:00+00:00,Rosemont,Rosemont,previous_game_city
026641dd-814e-4da4-8f57-5bedcceaa9f4,2016-09-04 22:00:00+00:00,2016-09-04,2016,e6bc56cc-9dad-43aa-8ccb-ee9d499fea28,FR_LVA_ACES,3c409388-ab73-4c7f-953d-3a71062240f6,3c409388-ab73-4c7f-953d-3a71062240f6,0,0,2,0,1,3,San Antonio,Rosemont,1051.2,0,79e8f2d6-c6b4-4924-8827-529b2131bc38,2016-09-02 00:00:00+00:00,San Antonio,San Antonio,previous_game_city
9f1f4031-f69d-4ae6-8704-9f0959ed90bc,2016-09-04 22:00:00+00:00,2016-09-04,2016,5d70a9af-8c2b-4aec-9e68-9acc6ddb93e4,5d70a9af-8c2b-4aec-9e68-9acc6ddb93e4,d6a012ed-84aa-48d3-8265-2d3f3ff2199a,d6a012ed-84aa-48d3-8265-2d3f3ff2199a,1,0,6,0,0,1,Atlanta,Atlanta,0.1,0,11f50656-0e44-4ea0-8693-d631636a790f,2016-08-28 19:00:00+00:00,Atlanta,Atlanta,home_city
9f1f4031-f69d-4ae6-8704-9f0959ed90bc,2016-09-04 22:00:00+00:00,2016-09-04,2016,d6a012ed-84aa-48d3-8265-2d3f3ff2199a,d6a012ed-84aa-48d3-8265-2d3f3ff2199a,5d70a9af-8c2b-4aec-9e68-9acc6ddb93e4,5d70a9af-8c2b-4aec-9e68-9acc6ddb93e4,0,0,1,0,2,3,Rosemont,Atlanta,599.8,1,ac77c5bd-db90-4f4c-921e-50a49e71b4a9,2016-09-03 00:30:00+00:00,Rosemont,Seattle,previous_game_city
1c4be219-9f3d-482d-9b1e-73d25af7a0a5,2016-09-04 23:00:00+00:00,2016-09-04,2016,6f017f37-be96-4bdc-b6d3-0a0429c72e89,6f017f37-be96-4bdc-b6d3-0a0429c72e89,a015b02d-845c-40c1-8ef4-844984f47e4d,a015b02d-845c-40c1-8ef4-844984f47e4d,1,0,1,0,1,2,Minneapolis,Minneapolis,0.0,0,61dad1c5-891f-498d-b2cb-8b74ff1c2aee,2016-09-03 00:00:00+00:00,Minneapolis,Minneapolis,previous_game_city
1c4be219-9f3d-482d-9b1e-73d25af7a0a5,2016-09-04 23:00:00+00:00,2016-09-04,2016,a015b02d-845c-40c1-8ef4-844984f47e4d,a015b02d-845c-40c1-8ef4-844984f47e4d,6f017f37-be96-4bdc-b6d3-0a0429c72e89,6f017f37-be96-4bdc-b6d3-0a0429c72e89,0,0,1,0,1,3,Uncasville,Minneapolis,1088.7,-1,66688a28-4a91-4b24-a4e0-515df6bdc4dd,2016-09-02 23:00:00+00:00,Uncasville,Uncasville,previous_game_city
3181ba35-1ddd-4c90-90b4-67523ff5baa3,2016-09-04 23:00:00+00:00,2016-09-04,2016,0a5ad38d-2fe3-43ba-894b-1ba3d5042ea9,0a5ad38d-2fe3-43ba-894b-1ba3d5042ea9,f073a15f-0486-4179-b0a3-dfd0294eb595,f073a15f-0486-4179-b0a3-dfd0294eb595,1,0,1,0,2,3,Arlington,Los Angeles,1220.5,-2,2d8d7a67-61dd-4874-991f-e3446c601ecf,2016-09-03 00:30:00+00:00,Arlington,Los Angeles,previous_game_city
3181ba35-1ddd-4c90-90b4-67523ff5baa3,2016-09-04 23:00:00+00:00,2016-09-04,2016,f073a15f-0486-4179-b0a3-dfd0294eb595,f073a15f-0486-4179-b0a3-dfd0294eb595,0a5ad38d-2fe3-43ba-894b-1ba3d5042ea9,0a5ad38d-2fe3-43ba-894b-1ba3d5042ea9,0,0,2,0,1,2,Indianapolis,Los Angeles,1805.8,-3,7dffcfe1-a7d2-444b-9d78-19ad59002136,2016-09-01 23:00:00+00:00,Indianapolis,Indianapolis,previous_game_city
8e6e30e9-d346-4654-815f-cc5a4a612605,2016-09-06 23:00:00+00:00,2016-09-06,2016,5d70a9af-8c2b-4aec-9e68-9acc6ddb93e4,5d70a9af-8c2b-4aec-9e68-9acc6ddb93e4,0699edf3-5993-4182-b9b4-ec935cbd4fcc,0699edf3-5993-4182-b9b4-ec935cbd4fcc,1,0,1,0,1,1,Atlanta,Atlanta,0.0,0,9f1f4031-f69d-4ae6-8704-9f0959ed90bc,2016-09-04 22:00:00+00:00,Atlanta,Atlanta,previous_game_city
8e6e30e9-d346-4654-815f-cc5a4a612605,2016-09-06 23:00:00+00:00,2016-09-06,2016,0699edf3-5993-4182-b9b4-ec935cbd4fcc,0699edf3-5993-4182-b9b4-ec935cbd4fcc,5d70a9af-8c2b-4aec-9e68-9acc6ddb93e4,5d70a9af-8c2b-4aec-9e68-9acc6ddb93e4,0,0,2,0,2,3,New York,Atlanta,745.9,0,b4e3b6d0-37f7-4030-aef2-d3127bad6aea,2016-09-03 22:00:00+00:00,New York,Phoenix,previous_game_city
2dd3d9db-d169-4f7b-bd75-fc969b6d8ddd,2016-09-07 00:00:00+00:00,2016-09-06,2016,e6bc56cc-9dad-43aa-8ccb-ee9d499fea28,FR_LVA_ACES,f073a15f-0486-4179-b0a3-dfd0294eb595,f073a15f-0486-4179-b0a3-dfd0294eb595,1,0,1,0,1,3,Rosemont,San Antonio,1051.2,0,026641dd-814e-4da4-8f57-5bedcceaa9f4,2016-09-04 22:00:00+00:00,Rosemont,San Antonio,previous_game_city
2dd3d9db-d169-4f7b-bd75-fc969b6d8ddd,2016-09-07 00:00:00+00:00,2016-09-06,2016,f073a15f-0486-4179-b0a3-dfd0294eb595,f073a15f-0486-4179-b0a3-dfd0294eb595,e6bc56cc-9dad-43aa-8ccb-ee9d499fea28,FR_LVA_ACES,0,0,1,0,1,3,Los Angeles,San Antonio,1201.6,2,3181ba35-1ddd-4c90-90b4-67523ff5baa3,2016-09-04 23:00:00+00:00,Los Angeles,Indianapolis,previous_game_city
38869e8e-63cb-4019-91db-e65a540c55f8,2016-09-07 02:00:00+00:00,2016-09-06,2016,0a5ad38d-2fe3-43ba-894b-1ba3d5042ea9,0a5ad38d-2fe3-43ba-894b-1ba3d5042ea9,6f017f37-be96-4bdc-b6d3-0a0429c72e89,6f017f37-be96-4bdc-b6d3-0a0429c72e89,1,0,1,0,2,3,Los Angeles,Los Angeles,0.0,0,3181ba35-1ddd-4c90-90b4-67523ff5baa3,2016-09-04 23:00:00+00:00,Los Angeles,Los Angeles,previous_game_city
38869e8e-63cb-4019-91db-e65a540c55f8,2016-09-07 02:00:00+00:00,2016-09-06,2016,6f017f37-be96-4bdc-b6d3-0a0429c72e89,6f017f37-be96-4bdc-b6d3-0a0429c72e89,0a5ad38d-2fe3-43ba-894b-1ba3d5042ea9,0a5ad38d-2fe3-43ba-894b-1ba3d5042ea9,0,0,1,0,2,2,Minneapolis,Los Angeles,1521.4,-2,1c4be219-9f3d-482d-9b1e-73d25af7a0a5,2016-09-04 23:00:00+00:00,Minneapolis,Minneapolis,previous_game_city
47547b48-13b0-49b6-801a-47426d602913,2016-09-07 23:00:00+00:00,2016-09-07,2016,08ed8274-e29f-4248-bc2e-83cc8ed18d75,08ed8274-e29f-4248-bc2e-83cc8ed18d75,d6a012ed-84aa-48d3-8265-2d3f3ff2199a,d6a012ed-84aa-48d3-8265-2d3f3ff2199a,1,0,3,0,1,2,New York,New York,0.0,0,b4e3b6d0-37f7-4030-aef2-d3127bad6aea,2016-09-03 22:00:00+00:00,New York,New York,previous_game_city
47547b48-13b0-49b6-801a-47426d602913,2016-09-07 23:00:00+00:00,2016-09-07,2016,d6a012ed-84aa-48d3-8265-2d3f3ff2199a,d6a012ed-84aa-48d3-8265-2d3f3ff2199a,08ed8274-e29f-4248-bc2e-83cc8ed18d75,08ed8274-e29f-4248-bc2e-83cc8ed18d75,0,0,2,0,1,3,Atlanta,New York,745.9,0,9f1f4031-f69d-4ae6-8704-9f0959ed90bc,2016-09-04 22:00:00+00:00,Atlanta,Seattle,previous_game_city
c157b4a2-8a1a-4186-a113-d1d3835c88ac,2016-09-07 23:00:00+00:00,2016-09-07,2016,5c0d47fe-8539-47b0-9f36-d0b3609ca89b,5c0d47fe-8539-47b0-9f36-d0b3609ca89b,3c409388-ab73-4c7f-953d-3a71062240f6,3c409388-ab73-4c7f-953d-3a71062240f6,1,0,2,0,1,2,Arlington,Washington,1199.5,1,b94fb9f3-c5e4-48d7-8d2e-fd5786a14143,2016-09-04 20:30:00+00:00,Arlington,Washington,previous_game_city
c157b4a2-8a1a-4186-a113-d1d3835c88ac,2016-09-07 23:00:00+00:00,2016-09-07,2016,3c409388-ab73-4c7f-953d-3a71062240f6,3c409388-ab73-4c7f-953d-3a71062240f6,5c0d47fe-8539-47b0-9f36-d0b3609ca89b,5c0d47fe-8539-47b0-9f36-d0b3609ca89b,0,0,2,0,1,2,Rosemont,Washington,607.3,1,026641dd-814e-4da4-8f57-5bedcceaa9f4,2016-09-04 22:00:00+00:00,Rosemont,Rosemont,previous_game_city
168320ac-cb1c-43c5-9467-b6af28c5fb4e,2016-09-09 02:30:00+00:00,2016-09-08,2016,0a5ad38d-2fe3-43ba-894b-1ba3d5042ea9,0a5ad38d-2fe3-43ba-894b-1ba3d5042ea9,5d70a9af-8c2b-4aec-9e68-9acc6ddb93e4,5d70a9af-8c2b-4aec-9e68-9acc6ddb93e4,1,0,1,0,2,4,Los Angeles,Los Angeles,0.0,0,38869e8e-63cb-4019-91db-e65a540c55f8,2016-09-07 02:00:00+00:00,Los Angeles,Los Angeles,previous_game_city
168320ac-cb1c-43c5-9467-b6af28c5fb4e,2016-09-09 02:30:00+00:00,2016-09-08,2016,5d70a9af-8c2b-4aec-9e68-9acc6ddb93e4,5d70a9af-8c2b-4aec-9e68-9acc6ddb93e4,0a5ad38d-2fe3-43ba-894b-1ba3d5042ea9,0a5ad38d-2fe3-43ba-894b-1ba3d5042ea9,0,0,1,0,2,2,Atlanta,Los Angeles,1932.7,-3,8e6e30e9-d346-4654-815f-cc5a4a612605,2016-09-06 23:00:00+00:00,Atlanta,Atlanta,previous_game_city
1faa3692-7758-4144-b899-e4067174bac9,2016-09-09 23:00:00+00:00,2016-09-09,2016,f073a15f-0486-4179-b0a3-dfd0294eb595,f073a15f-0486-4179-b0a3-dfd0294eb595,3c409388-ab73-4c7f-953d-3a71062240f6,3c409388-ab73-4c7f-953d-3a71062240f6,1,0,2,0,1,2,San Antonio,Indianapolis,999.6,1,2dd3d9db-d169-4f7b-bd75-fc969b6d8ddd,2016-09-07 00:00:00+00:00,San Antonio,Indianapolis,previous_game_city
1faa3692-7758-4144-b899-e4067174bac9,2016-09-09 23:00:00+00:00,2016-09-09,2016,3c409388-ab73-4c7f-953d-3a71062240f6,3c409388-ab73-4c7f-953d-3a71062240f6,f073a15f-0486-4179-b0a3-dfd0294eb595,f073a15f-0486-4179-b0a3-dfd0294eb595,0,0,1,0,1,3,Washington,Indianapolis,490.8,0,c157b4a2-8a1a-4186-a113-d1d3835c88ac,2016-09-07 23:00:00+00:00,Washington,Rosemont,previous_game_city
e56e253e-5871-49a2-badf-d5ffd68fcca6,2016-09-09 23:00:00+00:00,2016-09-09,2016,5c0d47fe-8539-47b0-9f36-d0b3609ca89b,5c0d47fe-8539-47b0-9f36-d0b3609ca89b,d6a012ed-84aa-48d3-8265-2d3f3ff2199a,d6a012ed-84aa-48d3-8265-2d3f3ff2199a,1,0,1,0,1,3,Washington,Washington,0.0,0,c157b4a2-8a1a-4186-a113-d1d3835c88ac,2016-09-07 23:00:00+00:00,Washington,Washington,previous_game_city
e56e253e-5871-49a2-badf-d5ffd68fcca6,2016-09-09 23:00:00+00:00,2016-09-09,2016,d6a012ed-84aa-48d3-8265-2d3f3ff2199a,d6a012ed-84aa-48d3-8265-2d3f3ff2199a,5c0d47fe-8539-47b0-9f36-d0b3609ca89b,5c0d47fe-8539-47b0-9f36-d0b3609ca89b,0,0,1,0,1,3,New York,Washington,203.6,0,47547b48-13b0-49b6-801a-47426d602913,2016-09-07 23:00:00+00:00,New York,Seattle,previous_game_city
aad243a0-14f7-447b-8b05-a6ebcde13d59,2016-09-09 23:30:00+00:00,2016-09-09,2016,08ed8274-e29f-4248-bc2e-83cc8ed18d75,08ed8274-e29f-4248-bc2e-83cc8ed18d75,a015b02d-845c-40c1-8ef4-844984f47e4d,a015b02d-845c-40c1-8ef4-844984f47e4d,1,0,1,0,1,2,New York,New York,0.0,0,47547b48-13b0-49b6-801a-47426d602913,2016-09-07 23:00:00+00:00,New York,New York,previous_game_city
aad243a0-14f7-447b-8b05-a6ebcde13d59,2016-09-09 23:30:00+00:00,2016-09-09,2016,a015b02d-845c-40c1-8ef4-844984f47e4d,a015b02d-845c-40c1-8ef4-844984f47e4d,08ed8274-e29f-4248-bc2e-83cc8ed18d75,08ed8274-e29f-4248-bc2e-83cc8ed18d75,0,0,4,0,0,2,Uncasville,New York,112.4,0,1c4be219-9f3d-482d-9b1e-73d25af7a0a5,2016-09-04 23:00:00+00:00,Minneapolis,Uncasville,home_city
aaaeb1a3-e419-4026-9e88-6b5f36f58c80,2016-09-10 00:00:00+00:00,2016-09-09,2016,e6bc56cc-9dad-43aa-8ccb-ee9d499fea28,FR_LVA_ACES,5f0b5caf-708b-4300-92f2-53b51d83ec06,5f0b5caf-708b-4300-92f2-53b51d83ec06,1,0,2,0,1,2,San Antonio,San Antonio,0.0,0,2dd3d9db-d169-4f7b-bd75-fc969b6d8ddd,2016-09-07 00:00:00+00:00,San Antonio,San Antonio,previous_game_city
aaaeb1a3-e419-4026-9e88-6b5f36f58c80,2016-09-10 00:00:00+00:00,2016-09-09,2016,5f0b5caf-708b-4300-92f2-53b51d83ec06,5f0b5caf-708b-4300-92f2-53b51d83ec06,e6bc56cc-9dad-43aa-8ccb-ee9d499fea28,FR_LVA_ACES,0,0,4,0,0,2,Arlington,San Antonio,243.0,0,b94fb9f3-c5e4-48d7-8d2e-fd5786a14143,2016-09-04 20:30:00+00:00,Arlington,Arlington,home_city
e1c14c66-e453-491b-8130-803acff61b32,2016-09-11 17:00:00+00:00,2016-09-11,2016,a015b02d-845c-40c1-8ef4-844984f47e4d,a015b02d-845c-40c1-8ef4-844984f47e4d,3c409388-ab73-4c7f-953d-3a71062240f6,3c409388-ab73-4c7f-953d-3a71062240f6,1,0,1,0,1,2,New York,Uncasville,112.4,0,aad243a0-14f7-447b-8b05-a6ebcde13d59,2016-09-09 23:30:00+00:00,New York,Uncasville,previous_game_city
e1c14c66-e453-491b-8130-803acff61b32,2016-09-11 17:00:00+00:00,2016-09-11,2016,3c409388-ab73-4c7f-953d-3a71062240f6,3c409388-ab73-4c7f-953d-3a71062240f6,a015b02d-845c-40c1-8ef4-844984f47e4d,a015b02d-845c-40c1-8ef4-844984f47e4d,0,0,1,0,2,3,Indianapolis,Uncasville,745.5,0,1faa3692-7758-4144-b899-e4067174bac9,2016-09-09 23:00:00+00:00,Indianapolis,Rosemont,previous_game_city
f9d086bd-358b-461d-b0cc-c329c6d669c5,2016-09-11 20:00:00+00:00,2016-09-11,2016,5c0d47fe-8539-47b0-9f36-d0b3609ca89b,5c0d47fe-8539-47b0-9f36-d0b3609ca89b,f073a15f-0486-4179-b0a3-dfd0294eb595,f073a15f-0486-4179-b0a3-dfd0294eb595,1,0,1,0,2,3,Washington,Washington,0.0,0,e56e253e-5871-49a2-badf-d5ffd68fcca6,2016-09-09 23:00:00+00:00,Washington,Washington,previous_game_city
f9d086bd-358b-461d-b0cc-c329c6d669c5,2016-09-11 20:00:00+00:00,2016-09-11,2016,f073a15f-0486-4179-b0a3-dfd0294eb595,f073a15f-0486-4179-b0a3-dfd0294eb595,5c0d47fe-8539-47b0-9f36-d0b3609ca89b,5c0d47fe-8539-47b0-9f36-d0b3609ca89b,0,0,1,0,1,3,Indianapolis,Washington,490.8,0,1faa3692-7758-4144-b899-e4067174bac9,2016-09-09 23:00:00+00:00,Indianapolis,Indianapolis,previous_game_city
0bd49c91-3d3d-4d8b-9c4d-542cfa1dd35f,2016-09-11 20:30:00+00:00,2016-09-11,2016,e6bc56cc-9dad-43aa-8ccb-ee9d499fea28,FR_LVA_ACES,6f017f37-be96-4bdc-b6d3-0a0429c72e89,6f017f37-be96-4bdc-b6d3-0a0429c72e89,1,0,1,0,1,3,San Antonio,San Antonio,0.0,0,aaaeb1a3-e419-4026-9e88-6b5f36f58c80,2016-09-10 00:00:00+00:00,San Antonio,San Antonio,previous_game_city
0bd49c91-3d3d-4d8b-9c4d-542cfa1dd35f,2016-09-11 20:30:00+00:00,2016-09-11,2016,6f017f37-be96-4bdc-b6d3-0a0429c72e89,6f017f37-be96-4bdc-b6d3-0a0429c72e89,e6bc56cc-9dad-43aa-8ccb-ee9d499fea28,FR_LVA_ACES,0,0,4,0,0,2,Minneapolis,San Antonio,1111.9,0,38869e8e-63cb-4019-91db-e65a540c55f8,2016-09-07 02:00:00+00:00,Los Angeles,Minneapolis,home_city
8c3a9df0-e625-4194-8e0a-aaefbfa515c3,2016-09-11 20:30:00+00:00,2016-09-11,2016,5f0b5caf-708b-4300-92f2-53b51d83ec06,5f0b5caf-708b-4300-92f2-53b51d83ec06,08ed8274-e29f-4248-bc2e-83cc8ed18d75,08ed8274-e29f-4248-bc2e-83cc8ed18d75,1,0,1,0,1,2,San Antonio,Arlington,243.0,0,aaaeb1a3-e419-4026-9e88-6b5f36f58c80,2016-09-10 00:00:00+00:00,San Antonio,Arlington,previous_game_city
8c3a9df0-e625-4194-8e0a-aaefbfa515c3,2016-09-11 20:30:00+00:00,2016-09-11,2016,08ed8274-e29f-4248-bc2e-83cc8ed18d75,08ed8274-e29f-4248-bc2e-83cc8ed18d75,5f0b5caf-708b-4300-92f2-53b51d83ec06,5f0b5caf-708b-4300-92f2-53b51d83ec06,0,0,1,0,2,2,New York,Arlington,1387.7,-1,aad243a0-14f7-447b-8b05-a6ebcde13d59,2016-09-09 23:30:00+00:00,New York,New York,previous_game_city
40cad184-3956-4369-91fe-6cc5a26807e4,2016-09-11 22:00:00+00:00,2016-09-11,2016,0699edf3-5993-4182-b9b4-ec935cbd4fcc,0699edf3-5993-4182-b9b4-ec935cbd4fcc,5d70a9af-8c2b-4aec-9e68-9acc6ddb93e4,5d70a9af-8c2b-4aec-9e68-9acc6ddb93e4,1,0,4,0,0,1,Phoenix,Phoenix,0.0,0,8e6e30e9-d346-4654-815f-cc5a4a612605,2016-09-06 23:00:00+00:00,Atlanta,Phoenix,home_city
40cad184-3956-4369-91fe-6cc5a26807e4,2016-09-11 22:00:00+00:00,2016-09-11,2016,5d70a9af-8c2b-4aec-9e68-9acc6ddb93e4,5d70a9af-8c2b-4aec-9e68-9acc6ddb93e4,0699edf3-5993-4182-b9b4-ec935cbd4fcc,0699edf3-5993-4182-b9b4-ec935cbd4fcc,0,0,2,0,1,3,Los Angeles,Phoenix,356.8,0,168320ac-cb1c-43c5-9467-b6af28c5fb4e,2016-09-09 02:30:00+00:00,Los Angeles,Atlanta,previous_game_city
cc9af1d9-2832-4f5d-94c8-3d83d9db9340,2016-09-11 23:00:00+00:00,2016-09-11,2016,d6a012ed-84aa-48d3-8265-2d3f3ff2199a,d6a012ed-84aa-48d3-8265-2d3f3ff2199a,0a5ad38d-2fe3-43ba-894b-1ba3d5042ea9,0a5ad38d-2fe3-43ba-894b-1ba3d5042ea9,1,0,1,0,2,3,Washington,Seattle,2321.6,-3,e56e253e-5871-49a2-badf-d5ffd68fcca6,2016-09-09 23:00:00+00:00,Washington,Seattle,previous_game_city
cc9af1d9-2832-4f5d-94c8-3d83d9db9340,2016-09-11 23:00:00+00:00,2016-09-11,2016,0a5ad38d-2fe3-43ba-894b-1ba3d5042ea9,0a5ad38d-2fe3-43ba-894b-1ba3d5042ea9,d6a012ed-84aa-48d3-8265-2d3f3ff2199a,d6a012ed-84aa-48d3-8265-2d3f3ff2199a,0,0,2,0,1,3,Los Angeles,Seattle,960.2,0,168320ac-cb1c-43c5-9467-b6af28c5fb4e,2016-09-09 02:30:00+00:00,Los Angeles,Los Angeles,previous_game_city
1598590b-9dcc-43ca-a024-2c76b996db7f,2016-09-13 23:00:00+00:00,2016-09-13,2016,08ed8274-e29f-4248-bc2e-83cc8ed18d75,08ed8274-e29f-4248-bc2e-83cc8ed18d75,5c0d47fe-8539-47b0-9f36-d0b3609ca89b,5c0d47fe-8539-47b0-9f36-d0b3609ca89b,1,0,1,0,2,3,Arlington,New York,1387.7,1,8c3a9df0-e625-4194-8e0a-aaefbfa515c3,2016-09-11 20:30:00+00:00,Arlington,New York,previous_game_city
1598590b-9dcc-43ca-a024-2c76b996db7f,2016-09-13 23:00:00+00:00,2016-09-13,2016,5c0d47fe-8539-47b0-9f36-d0b3609ca89b,5c0d47fe-8539-47b0-9f36-d0b3609ca89b,08ed8274-e29f-4248-bc2e-83cc8ed18d75,08ed8274-e29f-4248-bc2e-83cc8ed18d75,0,0,1,0,2,3,Washington,New York,203.6,0,f9d086bd-358b-461d-b0cc-c329c6d669c5,2016-09-11 20:00:00+00:00,Washington,Washington,previous_game_city
2eb8bbbc-57ec-4d8e-b28d-db0f10f8ef85,2016-09-13 23:00:00+00:00,2016-09-13,2016,5d70a9af-8c2b-4aec-9e68-9acc6ddb93e4,5d70a9af-8c2b-4aec-9e68-9acc6ddb93e4,e6bc56cc-9dad-43aa-8ccb-ee9d499fea28,FR_LVA_ACES,1,0,1,0,1,3,Phoenix,Atlanta,1588.1,3,40cad184-3956-4369-91fe-6cc5a26807e4,2016-09-11 22:00:00+00:00,Phoenix,Atlanta,previous_game_city
2eb8bbbc-57ec-4d8e-b28d-db0f10f8ef85,2016-09-13 23:00:00+00:00,2016-09-13,2016,e6bc56cc-9dad-43aa-8ccb-ee9d499fea28,FR_LVA_ACES,5d70a9af-8c2b-4aec-9e68-9acc6ddb93e4,5d70a9af-8c2b-4aec-9e68-9acc6ddb93e4,0,0,1,0,2,3,San Antonio,Atlanta,881.1,1,0bd49c91-3d3d-4d8b-9c4d-542cfa1dd35f,2016-09-11 20:30:00+00:00,San Antonio,San Antonio,previous_game_city
a7033435-5d9b-41ab-beb0-f770a84a3211,2016-09-13 23:00:00+00:00,2016-09-13,2016,a015b02d-845c-40c1-8ef4-844984f47e4d,a015b02d-845c-40c1-8ef4-844984f47e4d,f073a15f-0486-4179-b0a3-dfd0294eb595,f073a15f-0486-4179-b0a3-dfd0294eb595,1,0,1,0,2,2,Uncasville,Uncasville,0.0,0,e1c14c66-e453-491b-8130-803acff61b32,2016-09-11 17:00:00+00:00,Uncasville,Uncasville,previous_game_city
a7033435-5d9b-41ab-beb0-f770a84a3211,2016-09-13 23:00:00+00:00,2016-09-13,2016,f073a15f-0486-4179-b0a3-dfd0294eb595,f073a15f-0486-4179-b0a3-dfd0294eb595,a015b02d-845c-40c1-8ef4-844984f47e4d,a015b02d-845c-40c1-8ef4-844984f47e4d,0,0,1,0,2,3,Washington,Uncasville,315.3,0,f9d086bd-358b-461d-b0cc-c329c6d669c5,2016-09-11 20:00:00+00:00,Washington,Indianapolis,previous_game_city
631fe7f3-ae85-4d08-a828-d09b5cd2051a,2016-09-14 00:00:00+00:00,2016-09-13,2016,3c409388-ab73-4c7f-953d-3a71062240f6,3c409388-ab73-4c7f-953d-3a71062240f6,6f017f37-be96-4bdc-b6d3-0a0429c72e89,6f017f37-be96-4bdc-b6d3-0a0429c72e89,1,0,1,0,2,3,Uncasville,Rosemont,812.0,-1,e1c14c66-e453-491b-8130-803acff61b32,2016-09-11 17:00:00+00:00,Uncasville,Rosemont,previous_game_city
631fe7f3-ae85-4d08-a828-d09b5cd2051a,2016-09-14 00:00:00+00:00,2016-09-13,2016,6f017f37-be96-4bdc-b6d3-0a0429c72e89,6f017f37-be96-4bdc-b6d3-0a0429c72e89,3c409388-ab73-4c7f-953d-3a71062240f6,3c409388-ab73-4c7f-953d-3a71062240f6,0,0,1,0,1,2,San Antonio,Rosemont,1051.2,0,0bd49c91-3d3d-4d8b-9c4d-542cfa1dd35f,2016-09-11 20:30:00+00:00,San Antonio,Minneapolis,previous_game_city
92d7a8dc-bc28-4f23-8276-aefcb102e33d,2016-09-14 02:30:00+00:00,2016-09-13,2016,0a5ad38d-2fe3-43ba-894b-1ba3d5042ea9,0a5ad38d-2fe3-43ba-894b-1ba3d5042ea9,0699edf3-5993-4182-b9b4-ec935cbd4fcc,0699edf3-5993-4182-b9b4-ec935cbd4fcc,1,0,1,0,1,3,Seattle,Los Angeles,960.2,0,cc9af1d9-2832-4f5d-94c8-3d83d9db9340,2016-09-11 23:00:00+00:00,Seattle,Los Angeles,previous_game_city
92d7a8dc-bc28-4f23-8276-aefcb102e33d,2016-09-14 02:30:00+00:00,2016-09-13,2016,0699edf3-5993-4182-b9b4-ec935cbd4fcc,0699edf3-5993-4182-b9b4-ec935cbd4fcc,0a5ad38d-2fe3-43ba-894b-1ba3d5042ea9,0a5ad38d-2fe3-43ba-894b-1ba3d5042ea9,0,0,1,0,1,2,Phoenix,Los Angeles,356.8,0,40cad184-3956-4369-91fe-6cc5a26807e4,2016-09-11 22:00:00+00:00,Phoenix,Phoenix,previous_game_city
ad9cbe7d-b208-465d-9794-3ab13c25339e,2016-09-15 23:00:00+00:00,2016-09-15,2016,5d70a9af-8c2b-4aec-9e68-9acc6ddb93e4,5d70a9af-8c2b-4aec-9e68-9acc6ddb93e4,5c0d47fe-8539-47b0-9f36-d0b3609ca89b,5c0d47fe-8539-47b0-9f36-d0b3609ca89b,1,0,1,0,2,3,Atlanta,Atlanta,0.7,0,2eb8bbbc-57ec-4d8e-b28d-db0f10f8ef85,2016-09-13 23:00:00+00:00,Atlanta,Atlanta,previous_game_city
ad9cbe7d-b208-465d-9794-3ab13c25339e,2016-09-15 23:00:00+00:00,2016-09-15,2016,5c0d47fe-8539-47b0-9f36-d0b3609ca89b,5c0d47fe-8539-47b0-9f36-d0b3609ca89b,5d70a9af-8c2b-4aec-9e68-9acc6ddb93e4,5d70a9af-8c2b-4aec-9e68-9acc6ddb93e4,0,0,1,0,2,3,New York,Atlanta,745.9,0,1598590b-9dcc-43ca-a024-2c76b996db7f,2016-09-13 23:00:00+00:00,New York,Washington,previous_game_city
0e10d7c2-9d1a-4d83-9926-09c5645e45e6,2016-09-16 02:00:00+00:00,2016-09-15,2016,0699edf3-5993-4182-b9b4-ec935cbd4fcc,0699edf3-5993-4182-b9b4-ec935cbd4fcc,d6a012ed-84aa-48d3-8265-2d3f3ff2199a,d6a012ed-84aa-48d3-8265-2d3f3ff2199a,1,0,1,0,2,2,Los Angeles,Phoenix,356.8,0,92d7a8dc-bc28-4f23-8276-aefcb102e33d,2016-09-14 02:30:00+00:00,Los Angeles,Phoenix,previous_game_city
0e10d7c2-9d1a-4d83-9926-09c5645e45e6,2016-09-16 02:00:00+00:00,2016-09-15,2016,d6a012ed-84aa-48d3-8265-2d3f3ff2199a,d6a012ed-84aa-48d3-8265-2d3f3ff2199a,0699edf3-5993-4182-b9b4-ec935cbd4fcc,0699edf3-5993-4182-b9b4-ec935cbd4fcc,0,0,3,0,1,2,Seattle,Phoenix,1114.5,0,cc9af1d9-2832-4f5d-94c8-3d83d9db9340,2016-09-11 23:00:00+00:00,Seattle,Seattle,previous_game_city
ac59c432-0ebd-4e88-b592-d80809d9eb52,2016-09-16 23:00:00+00:00,2016-09-16,2016,f073a15f-0486-4179-b0a3-dfd0294eb595,f073a15f-0486-4179-b0a3-dfd0294eb595,6f017f37-be96-4bdc-b6d3-0a0429c72e89,6f017f37-be96-4bdc-b6d3-0a0429c72e89,1,0,2,0,1,3,Uncasville,Indianapolis,745.5,0,a7033435-5d9b-41ab-beb0-f770a84a3211,2016-09-13 23:00:00+00:00,Uncasville,Indianapolis,previous_game_city
ac59c432-0ebd-4e88-b592-d80809d9eb52,2016-09-16 23:00:00+00:00,2016-09-16,2016,6f017f37-be96-4bdc-b6d3-0a0429c72e89,6f017f37-be96-4bdc-b6d3-0a0429c72e89,f073a15f-0486-4179-b0a3-dfd0294eb595,f073a15f-0486-4179-b0a3-dfd0294eb595,0,0,2,0,1,2,Rosemont,Indianapolis,177.3,1,631fe7f3-ae85-4d08-a828-d09b5cd2051a,2016-09-14 00:00:00+00:00,Rosemont,Minneapolis,previous_game_city
ffc3d418-b4e1-4aff-b130-cd9b155f9f3c,2016-09-16 23:00:00+00:00,2016-09-16,2016,a015b02d-845c-40c1-8ef4-844984f47e4d,a015b02d-845c-40c1-8ef4-844984f47e4d,5f0b5caf-708b-4300-92f2-53b51d83ec06,5f0b5caf-708b-4300-92f2-53b51d83ec06,1,0,2,0,1,3,Uncasville,Uncasville,1.0,0,a7033435-5d9b-41ab-beb0-f770a84a3211,2016-09-13 23:00:00+00:00,Uncasville,Uncasville,previous_game_city
ffc3d418-b4e1-4aff-b130-cd9b155f9f3c,2016-09-16 23:00:00+00:00,2016-09-16,2016,5f0b5caf-708b-4300-92f2-53b51d83ec06,5f0b5caf-708b-4300-92f2-53b51d83ec06,a015b02d-845c-40c1-8ef4-844984f47e4d,a015b02d-845c-40c1-8ef4-844984f47e4d,0,0,4,0,0,2,Arlington,Uncasville,1498.3,1,8c3a9df0-e625-4194-8e0a-aaefbfa515c3,2016-09-11 20:30:00+00:00,Arlington,Arlington,home_city
d639fb3c-c854-47a7-9004-cc36a267d8dd,2016-09-17 00:30:00+00:00,2016-09-16,2016,3c409388-ab73-4c7f-953d-3a71062240f6,3c409388-ab73-4c7f-953d-3a71062240f6,08ed8274-e29f-4248-bc2e-83cc8ed18d75,08ed8274-e29f-4248-bc2e-83cc8ed18d75,1,0,2,0,1,3,Rosemont,Rosemont,0.0,0,631fe7f3-ae85-4d08-a828-d09b5cd2051a,2016-09-14 00:00:00+00:00,Rosemont,Rosemont,previous_game_city
d639fb3c-c854-47a7-9004-cc36a267d8dd,2016-09-17 00:30:00+00:00,2016-09-16,2016,08ed8274-e29f-4248-bc2e-83cc8ed18d75,08ed8274-e29f-4248-bc2e-83cc8ed18d75,3c409388-ab73-4c7f-953d-3a71062240f6,3c409388-ab73-4c7f-953d-3a71062240f6,0,0,2,0,1,3,New York,Rosemont,723.4,-1,1598590b-9dcc-43ca-a024-2c76b996db7f,2016-09-13 23:00:00+00:00,New York,New York,previous_game_city
af0c19c8-6bf7-4069-a7f9-8a228c08142f,2016-09-17 02:30:00+00:00,2016-09-16,2016,0a5ad38d-2fe3-43ba-894b-1ba3d5042ea9,0a5ad38d-2fe3-43ba-894b-1ba3d5042ea9,e6bc56cc-9dad-43aa-8ccb-ee9d499fea28,FR_LVA_ACES,1,0,2,0,1,2,Los Angeles,Los Angeles,0.0,0,92d7a8dc-bc28-4f23-8276-aefcb102e33d,2016-09-14 02:30:00+00:00,Los Angeles,Los Angeles,previous_game_city
af0c19c8-6bf7-4069-a7f9-8a228c08142f,2016-09-17 02:30:00+00:00,2016-09-16,2016,e6bc56cc-9dad-43aa-8ccb-ee9d499fea28,FR_LVA_ACES,0a5ad38d-2fe3-43ba-894b-1ba3d5042ea9,0a5ad38d-2fe3-43ba-894b-1ba3d5042ea9,0,0,2,0,1,3,Atlanta,Los Angeles,1932.1,-3,2eb8bbbc-57ec-4d8e-b28d-db0f10f8ef85,2016-09-13 23:00:00+00:00,Atlanta,San Antonio,previous_game_city
bfab5240-11ed-46df-835c-28e7a8239d55,2016-09-18 00:00:00+00:00,2016-09-17,2016,6f017f37-be96-4bdc-b6d3-0a0429c72e89,6f017f37-be96-4bdc-b6d3-0a0429c72e89,5d70a9af-8c2b-4aec-9e68-9acc6ddb93e4,5d70a9af-8c2b-4aec-9e68-9acc6ddb93e4,1,0,0,1,2,3,Indianapolis,Minneapolis,510.7,-1,ac59c432-0ebd-4e88-b592-d80809d9eb52,2016-09-16 23:00:00+00:00,Indianapolis,Minneapolis,previous_game_city
bfab5240-11ed-46df-835c-28e7a8239d55,2016-09-18 00:00:00+00:00,2016-09-17,2016,5d70a9af-8c2b-4aec-9e68-9acc6ddb93e4,5d70a9af-8c2b-4aec-9e68-9acc6ddb93e4,6f017f37-be96-4bdc-b6d3-0a0429c72e89,6f017f37-be96-4bdc-b6d3-0a0429c72e89,0,0,1,0,2,3,Atlanta,Minneapolis,908.0,-1,ad9cbe7d-b208-465d-9794-3ab13c25339e,2016-09-15 23:00:00+00:00,Atlanta,Atlanta,previous_game_city
00fcaf14-4bc7-4240-84a4-0a2e1a911ed2,2016-09-18 20:00:00+00:00,2016-09-18,2016,5c0d47fe-8539-47b0-9f36-d0b3609ca89b,5c0d47fe-8539-47b0-9f36-d0b3609ca89b,a015b02d-845c-40c1-8ef4-844984f47e4d,a015b02d-845c-40c1-8ef4-844984f47e4d,1,0,2,0,1,3,Atlanta,Washington,542.3,0,ad9cbe7d-b208-465d-9794-3ab13c25339e,2016-09-15 23:00:00+00:00,Atlanta,Washington,previous_game_city
00fcaf14-4bc7-4240-84a4-0a2e1a911ed2,2016-09-18 20:00:00+00:00,2016-09-18,2016,a015b02d-845c-40c1-8ef4-844984f47e4d,a015b02d-845c-40c1-8ef4-844984f47e4d,5c0d47fe-8539-47b0-9f36-d0b3609ca89b,5c0d47fe-8539-47b0-9f36-d0b3609ca89b,0,0,1,0,1,3,Uncasville,Washington,316.2,0,ffc3d418-b4e1-4aff-b130-cd9b155f9f3c,2016-09-16 23:00:00+00:00,Uncasville,Uncasville,previous_game_city
1723bd7a-021f-420c-bbf5-76f4e226e7aa,2016-09-18 20:00:00+00:00,2016-09-18,2016,f073a15f-0486-4179-b0a3-dfd0294eb595,f073a15f-0486-4179-b0a3-dfd0294eb595,5f0b5caf-708b-4300-92f2-53b51d83ec06,5f0b5caf-708b-4300-92f2-53b51d83ec06,1,0,1,0,1,3,Indianapolis,Indianapolis,0.0,0,ac59c432-0ebd-4e88-b592-d80809d9eb52,2016-09-16 23:00:00+00:00,Indianapolis,Indianapolis,previous_game_city
1723bd7a-021f-420c-bbf5-76f4e226e7aa,2016-09-18 20:00:00+00:00,2016-09-18,2016,5f0b5caf-708b-4300-92f2-53b51d83ec06,5f0b5caf-708b-4300-92f2-53b51d83ec06,f073a15f-0486-4179-b0a3-dfd0294eb595,f073a15f-0486-4179-b0a3-dfd0294eb595,0,0,1,0,1,2,Uncasville,Indianapolis,746.4,0,ffc3d418-b4e1-4aff-b130-cd9b155f9f3c,2016-09-16 23:00:00+00:00,Uncasville,Arlington,previous_game_city
5f271876-20dc-40be-8846-07a9600a3de6,2016-09-18 20:30:00+00:00,2016-09-18,2016,e6bc56cc-9dad-43aa-8ccb-ee9d499fea28,FR_LVA_ACES,0699edf3-5993-4182-b9b4-ec935cbd4fcc,0699edf3-5993-4182-b9b4-ec935cbd4fcc,1,0,1,0,1,3,Los Angeles,San Antonio,1201.6,2,af0c19c8-6bf7-4069-a7f9-8a228c08142f,2016-09-17 02:30:00+00:00,Los Angeles,San Antonio,previous_game_city
5f271876-20dc-40be-8846-07a9600a3de6,2016-09-18 20:30:00+00:00,2016-09-18,2016,0699edf3-5993-4182-b9b4-ec935cbd4fcc,0699edf3-5993-4182-b9b4-ec935cbd4fcc,e6bc56cc-9dad-43aa-8ccb-ee9d499fea28,FR_LVA_ACES,0,0,2,0,1,3,Phoenix,San Antonio,846.7,2,0e10d7c2-9d1a-4d83-9926-09c5645e45e6,2016-09-16 02:00:00+00:00,Phoenix,Phoenix,previous_game_city
ad3c64ea-63a1-40bf-b378-1862a136a4d7,2016-09-18 23:00:00+00:00,2016-09-18,2016,d6a012ed-84aa-48d3-8265-2d3f3ff2199a,d6a012ed-84aa-48d3-8265-2d3f3ff2199a,3c409388-ab73-4c7f-953d-3a71062240f6,3c409388-ab73-4c7f-953d-3a71062240f6,1,0,2,0,1,2,Phoenix,Seattle,1114.5,0,0e10d7c2-9d1a-4d83-9926-09c5645e45e6,2016-09-16 02:00:00+00:00,Phoenix,Seattle,previous_game_city
ad3c64ea-63a1-40bf-b378-1862a136a4d7,2016-09-18 23:00:00+00:00,2016-09-18,2016,3c409388-ab73-4c7f-953d-3a71062240f6,3c409388-ab73-4c7f-953d-3a71062240f6,d6a012ed-84aa-48d3-8265-2d3f3ff2199a,d6a012ed-84aa-48d3-8265-2d3f3ff2199a,0,0,1,0,1,3,Rosemont,Seattle,1718.8,-2,d639fb3c-c854-47a7-9004-cc36a267d8dd,2016-09-17 00:30:00+00:00,Rosemont,Rosemont,previous_game_city
87e29acf-58d6-45bc-ae35-2b8f6e538eed,2016-09-21 22:00:00+00:00,2016-09-21,2016,f073a15f-0486-4179-b0a3-dfd0294eb595,f073a15f-0486-4179-b0a3-dfd0294eb595,0699edf3-5993-4182-b9b4-ec935cbd4fcc,0699edf3-5993-4182-b9b4-ec935cbd4fcc,1,1,2,0,1,2,Indianapolis,Indianapolis,0.0,0,1723bd7a-021f-420c-bbf5-76f4e226e7aa,2016-09-18 20:00:00+00:00,Indianapolis,Indianapolis,previous_game_city
87e29acf-58d6-45bc-ae35-2b8f6e538eed,2016-09-21 22:00:00+00:00,2016-09-21,2016,0699edf3-5993-4182-b9b4-ec935cbd4fcc,0699edf3-5993-4182-b9b4-ec935cbd4fcc,f073a15f-0486-4179-b0a3-dfd0294eb595,f073a15f-0486-4179-b0a3-dfd0294eb595,0,1,2,0,1,2,San Antonio,Indianapolis,999.6,1,5f271876-20dc-40be-8846-07a9600a3de6,2016-09-18 20:30:00+00:00,San Antonio,Phoenix,previous_game_city
3bf99599-29ff-4bb8-a4e6-8707f4a6f2cb,2016-09-22 00:00:00+00:00,2016-09-21,2016,5d70a9af-8c2b-4aec-9e68-9acc6ddb93e4,5d70a9af-8c2b-4aec-9e68-9acc6ddb93e4,d6a012ed-84aa-48d3-8265-2d3f3ff2199a,d6a012ed-84aa-48d3-8265-2d3f3ff2199a,1,1,3,0,1,2,Minneapolis,Atlanta,908.0,1,bfab5240-11ed-46df-835c-28e7a8239d55,2016-09-18 00:00:00+00:00,Minneapolis,Atlanta,previous_game_city
3bf99599-29ff-4bb8-a4e6-8707f4a6f2cb,2016-09-22 00:00:00+00:00,2016-09-21,2016,d6a012ed-84aa-48d3-8265-2d3f3ff2199a,d6a012ed-84aa-48d3-8265-2d3f3ff2199a,5d70a9af-8c2b-4aec-9e68-9acc6ddb93e4,5d70a9af-8c2b-4aec-9e68-9acc6ddb93e4,0,1,2,0,1,2,Seattle,Atlanta,2178.4,3,ad3c64ea-63a1-40bf-b378-1862a136a4d7,2016-09-18 23:00:00+00:00,Seattle,Seattle,previous_game_city
5ca05cf3-406d-419a-939e-975c367dc54d,2016-09-24 23:00:00+00:00,2016-09-24,2016,08ed8274-e29f-4248-bc2e-83cc8ed18d75,08ed8274-e29f-4248-bc2e-83cc8ed18d75,0699edf3-5993-4182-b9b4-ec935cbd4fcc,0699edf3-5993-4182-b9b4-ec935cbd4fcc,1,1,7,0,0,0,New York,New York,0.0,0,d639fb3c-c854-47a7-9004-cc36a267d8dd,2016-09-17 00:30:00+00:00,Rosemont,New York,home_city
5ca05cf3-406d-419a-939e-975c367dc54d,2016-09-24 23:00:00+00:00,2016-09-24,2016,0699edf3-5993-4182-b9b4-ec935cbd4fcc,0699edf3-5993-4182-b9b4-ec935cbd4fcc,08ed8274-e29f-4248-bc2e-83cc8ed18d75,08ed8274-e29f-4248-bc2e-83cc8ed18d75,0,1,2,0,1,2,Indianapolis,New York,643.7,0,87e29acf-58d6-45bc-ae35-2b8f6e538eed,2016-09-21 22:00:00+00:00,Indianapolis,Phoenix,previous_game_city
547d50f9-821f-42b8-b300-1dd3fd60c4f3,2016-09-25 17:00:00+00:00,2016-09-25,2016,3c409388-ab73-4c7f-953d-3a71062240f6,3c409388-ab73-4c7f-953d-3a71062240f6,5d70a9af-8c2b-4aec-9e68-9acc6ddb93e4,5d70a9af-8c2b-4aec-9e68-9acc6ddb93e4,1,1,6,0,0,1,Rosemont,Rosemont,0.0,0,ad3c64ea-63a1-40bf-b378-1862a136a4d7,2016-09-18 23:00:00+00:00,Seattle,Rosemont,home_city
547d50f9-821f-42b8-b300-1dd3fd60c4f3,2016-09-25 17:00:00+00:00,2016-09-25,2016,5d70a9af-8c2b-4aec-9e68-9acc6ddb93e4,5d70a9af-8c2b-4aec-9e68-9acc6ddb93e4,3c409388-ab73-4c7f-953d-3a71062240f6,3c409388-ab73-4c7f-953d-3a71062240f6,0,1,3,0,1,1,Atlanta,Rosemont,599.8,-1,3bf99599-29ff-4bb8-a4e6-8707f4a6f2cb,2016-09-22 00:00:00+00:00,Atlanta,Atlanta,previous_game_city
2ef0ba68-5501-495e-b4d1-1ef8bafa42f4,2016-09-29 00:00:00+00:00,2016-09-28,2016,6f017f37-be96-4bdc-b6d3-0a0429c72e89,6f017f37-be96-4bdc-b6d3-0a0429c72e89,0699edf3-5993-4182-b9b4-ec935cbd4fcc,0699edf3-5993-4182-b9b4-ec935cbd4fcc,1,1,10,0,0,0,Minneapolis,St. Paul,8.7,0,bfab5240-11ed-46df-835c-28e7a8239d55,2016-09-18 00:00:00+00:00,Minneapolis,Minneapolis,home_city
2ef0ba68-5501-495e-b4d1-1ef8bafa42f4,2016-09-29 00:00:00+00:00,2016-09-28,2016,0699edf3-5993-4182-b9b4-ec935cbd4fcc,0699edf3-5993-4182-b9b4-ec935cbd4fcc,6f017f37-be96-4bdc-b6d3-0a0429c72e89,6f017f37-be96-4bdc-b6d3-0a0429c72e89,0,1,3,0,1,2,New York,St. Paul,1007.6,-1,5ca05cf3-406d-419a-939e-975c367dc54d,2016-09-24 23:00:00+00:00,New York,Phoenix,previous_game_city
a1142e4d-c485-4e47-acb3-b0e9249033b2,2016-09-29 02:00:00+00:00,2016-09-28,2016,0a5ad38d-2fe3-43ba-894b-1ba3d5042ea9,0a5ad38d-2fe3-43ba-894b-1ba3d5042ea9,3c409388-ab73-4c7f-953d-3a71062240f6,3c409388-ab73-4c7f-953d-3a71062240f6,1,1,11,0,0,0,Los Angeles,Long Beach,19.7,0,af0c19c8-6bf7-4069-a7f9-8a228c08142f,2016-09-17 02:30:00+00:00,Los Angeles,Los Angeles,home_city
a1142e4d-c485-4e47-acb3-b0e9249033b2,2016-09-29 02:00:00+00:00,2016-09-28,2016,3c409388-ab73-4c7f-953d-3a71062240f6,3c409388-ab73-4c7f-953d-3a71062240f6,0a5ad38d-2fe3-43ba-894b-1ba3d5042ea9,0a5ad38d-2fe3-43ba-894b-1ba3d5042ea9,0,1,2,0,1,1,Rosemont,Long Beach,1738.0,-2,547d50f9-821f-42b8-b300-1dd3fd60c4f3,2016-09-25 17:00:00+00:00,Rosemont,Rosemont,previous_game_city
80d02d1b-f0f9-48a7-9131-b944cf104f0a,2016-10-01 00:00:00+00:00,2016-09-30,2016,6f017f37-be96-4bdc-b6d3-0a0429c72e89,6f017f37-be96-4bdc-b6d3-0a0429c72e89,0699edf3-5993-4182-b9b4-ec935cbd4fcc,0699edf3-5993-4182-b9b4-ec935cbd4fcc,1,1,1,0,1,1,St. Paul,St. Paul,0.0,0,2ef0ba68-5501-495e-b4d1-1ef8bafa42f4,2016-09-29 00:00:00+00:00,St. Paul,Minneapolis,previous_game_city
80d02d1b-f0f9-48a7-9131-b944cf104f0a,2016-10-01 00:00:00+00:00,2016-09-30,2016,0699edf3-5993-4182-b9b4-ec935cbd4fcc,0699edf3-5993-4182-b9b4-ec935cbd4fcc,6f017f37-be96-4bdc-b6d3-0a0429c72e89,6f017f37-be96-4bdc-b6d3-0a0429c72e89,0,1,1,0,1,2,St. Paul,St. Paul,0.0,0,2ef0ba68-5501-495e-b4d1-1ef8bafa42f4,2016-09-29 00:00:00+00:00,St. Paul,Phoenix,previous_game_city
1c6bd4bb-dd8e-410a-b6f4-65831956ac3f,2016-10-01 02:00:00+00:00,2016-09-30,2016,0a5ad38d-2fe3-43ba-894b-1ba3d5042ea9,0a5ad38d-2fe3-43ba-894b-1ba3d5042ea9,3c409388-ab73-4c7f-953d-3a71062240f6,3c409388-ab73-4c7f-953d-3a71062240f6,1,1,1,0,1,1,Long Beach,Los Angeles,19.7,0,a1142e4d-c485-4e47-acb3-b0e9249033b2,2016-09-29 02:00:00+00:00,Long Beach,Los Angeles,previous_game_city
1c6bd4bb-dd8e-410a-b6f4-65831956ac3f,2016-10-01 02:00:00+00:00,2016-09-30,2016,3c409388-ab73-4c7f-953d-3a71062240f6,3c409388-ab73-4c7f-953d-3a71062240f6,0a5ad38d-2fe3-43ba-894b-1ba3d5042ea9,0a5ad38d-2fe3-43ba-894b-1ba3d5042ea9,0,1,1,0,1,2,Long Beach,Los Angeles,19.7,0,a1142e4d-c485-4e47-acb3-b0e9249033b2,2016-09-29 02:00:00+00:00,Long Beach,Rosemont,previous_game_city
622c7d25-abe3-4b0f-8b1d-293e1004ca67,2016-10-02 19:00:00+00:00,2016-10-02,2016,3c409388-ab73-4c7f-953d-3a71062240f6,3c409388-ab73-4c7f-953d-3a71062240f6,0a5ad38d-2fe3-43ba-894b-1ba3d5042ea9,0a5ad38d-2fe3-43ba-894b-1ba3d5042ea9,1,1,1,0,2,3,Los Angeles,Los Angeles,0.0,0,1c6bd4bb-dd8e-410a-b6f4-65831956ac3f,2016-10-01 02:00:00+00:00,Los Angeles,Rosemont,previous_game_city
622c7d25-abe3-4b0f-8b1d-293e1004ca67,2016-10-02 19:00:00+00:00,2016-10-02,2016,0a5ad38d-2fe3-43ba-894b-1ba3d5042ea9,0a5ad38d-2fe3-43ba-894b-1ba3d5042ea9,3c409388-ab73-4c7f-953d-3a71062240f6,3c409388-ab73-4c7f-953d-3a71062240f6,0,1,1,0,2,2,Los Angeles,Los Angeles,0.0,0,1c6bd4bb-dd8e-410a-b6f4-65831956ac3f,2016-10-01 02:00:00+00:00,Los Angeles,Los Angeles,previous_game_city
94f65c7a-baf5-4dc0-a71d-94b9dfa047f4,2016-10-02 21:00:00+00:00,2016-10-02,2016,0699edf3-5993-4182-b9b4-ec935cbd4fcc,0699edf3-5993-4182-b9b4-ec935cbd4fcc,6f017f37-be96-4bdc-b6d3-0a0429c72e89,6f017f37-be96-4bdc-b6d3-0a0429c72e89,1,1,1,0,2,2,St. Paul,Phoenix,1284.9,-2,80d02d1b-f0f9-48a7-9131-b944cf104f0a,2016-10-01 00:00:00+00:00,St. Paul,Phoenix,previous_game_city
94f65c7a-baf5-4dc0-a71d-94b9dfa047f4,2016-10-02 21:00:00+00:00,2016-10-02,2016,6f017f37-be96-4bdc-b6d3-0a0429c72e89,6f017f37-be96-4bdc-b6d3-0a0429c72e89,0699edf3-5993-4182-b9b4-ec935cbd4fcc,0699edf3-5993-4182-b9b4-ec935cbd4fcc,0,1,1,0,2,2,St. Paul,Phoenix,1284.9,-2,80d02d1b-f0f9-48a7-9131-b944cf104f0a,2016-10-01 00:00:00+00:00,St. Paul,Minneapolis,previous_game_city
0615a5ae-d6cb-46b2-b583-344b6d3f4bd2,2016-10-05 00:00:00+00:00,2016-10-04,2016,3c409388-ab73-4c7f-953d-3a71062240f6,3c409388-ab73-4c7f-953d-3a71062240f6,0a5ad38d-2fe3-43ba-894b-1ba3d5042ea9,0a5ad38d-2fe3-43ba-894b-1ba3d5042ea9,1,1,1,0,2,3,Los Angeles,Rosemont,1731.4,2,622c7d25-abe3-4b0f-8b1d-293e1004ca67,2016-10-02 19:00:00+00:00,Los Angeles,Rosemont,previous_game_city
0615a5ae-d6cb-46b2-b583-344b6d3f4bd2,2016-10-05 00:00:00+00:00,2016-10-04,2016,0a5ad38d-2fe3-43ba-894b-1ba3d5042ea9,0a5ad38d-2fe3-43ba-894b-1ba3d5042ea9,3c409388-ab73-4c7f-953d-3a71062240f6,3c409388-ab73-4c7f-953d-3a71062240f6,0,1,1,0,2,3,Los Angeles,Rosemont,1731.4,2,622c7d25-abe3-4b0f-8b1d-293e1004ca67,2016-10-02 19:00:00+00:00,Los Angeles,Los Angeles,previous_game_city
edded285-c54d-490d-a602-1aa2ef27fd56,2016-10-09 19:00:00+00:00,2016-10-09,2016,6f017f37-be96-4bdc-b6d3-0a0429c72e89,6f017f37-be96-4bdc-b6d3-0a0429c72e89,0a5ad38d-2fe3-43ba-894b-1ba3d5042ea9,0a5ad38d-2fe3-43ba-894b-1ba3d5042ea9,1,1,6,0,0,1,Minneapolis,Minneapolis,0.0,0,94f65c7a-baf5-4dc0-a71d-94b9dfa047f4,2016-10-02 21:00:00+00:00,Phoenix,Minneapolis,home_city
edded285-c54d-490d-a602-1aa2ef27fd56,2016-10-09 19:00:00+00:00,2016-10-09,2016,0a5ad38d-2fe3-43ba-894b-1ba3d5042ea9,0a5ad38d-2fe3-43ba-894b-1ba3d5042ea9,6f017f37-be96-4bdc-b6d3-0a0429c72e89,6f017f37-be96-4bdc-b6d3-0a0429c72e89,0,1,4,0,0,2,Los Angeles,Minneapolis,1521.4,2,0615a5ae-d6cb-46b2-b583-344b6d3f4bd2,2016-10-05 00:00:00+00:00,Rosemont,Los Angeles,home_city
80433215-a2c9-4df1-9244-04f79b2c1c65,2016-10-12 00:00:00+00:00,2016-10-11,2016,6f017f37-be96-4bdc-b6d3-0a0429c72e89,6f017f37-be96-4bdc-b6d3-0a0429c72e89,0a5ad38d-2fe3-43ba-894b-1ba3d5042ea9,0a5ad38d-2fe3-43ba-894b-1ba3d5042ea9,1,1,1,0,1,1,Minneapolis,Minneapolis,0.0,0,edded285-c54d-490d-a602-1aa2ef27fd56,2016-10-09 19:00:00+00:00,Minneapolis,Minneapolis,previous_game_city
80433215-a2c9-4df1-9244-04f79b2c1c65,2016-10-12 00:00:00+00:00,2016-10-11,2016,0a5ad38d-2fe3-43ba-894b-1ba3d5042ea9,0a5ad38d-2fe3-43ba-894b-1ba3d5042ea9,6f017f37-be96-4bdc-b6d3-0a0429c72e89,6f017f37-be96-4bdc-b6d3-0a0429c72e89,0,1,1,0,1,2,Minneapolis,Minneapolis,0.0,0,edded285-c54d-490d-a602-1aa2ef27fd56,2016-10-09 19:00:00+00:00,Minneapolis,Los Angeles,previous_game_city
3c0e5dbb-1541-4edb-889b-85d61f384490,2016-10-15 01:00:00+00:00,2016-10-14,2016,0a5ad38d-2fe3-43ba-894b-1ba3d5042ea9,0a5ad38d-2fe3-43ba-894b-1ba3d5042ea9,6f017f37-be96-4bdc-b6d3-0a0429c72e89,6f017f37-be96-4bdc-b6d3-0a0429c72e89,1,1,2,0,1,2,Minneapolis,Los Angeles,1521.4,-2,80433215-a2c9-4df1-9244-04f79b2c1c65,2016-10-12 00:00:00+00:00,Minneapolis,Los Angeles,previous_game_city
3c0e5dbb-1541-4edb-889b-85d61f384490,2016-10-15 01:00:00+00:00,2016-10-14,2016,6f017f37-be96-4bdc-b6d3-0a0429c72e89,6f017f37-be96-4bdc-b6d3-0a0429c72e89,0a5ad38d-2fe3-43ba-894b-1ba3d5042ea9,0a5ad38d-2fe3-43ba-894b-1ba3d5042ea9,0,1,2,0,1,2,Minneapolis,Los Angeles,1521.4,-2,80433215-a2c9-4df1-9244-04f79b2c1c65,2016-10-12 00:00:00+00:00,Minneapolis,Minneapolis,previous_game_city
0dbf41c3-9b0a-49b7-a5bd-0a29145d4301,2016-10-17 00:30:00+00:00,2016-10-16,2016,0a5ad38d-2fe3-43ba-894b-1ba3d5042ea9,0a5ad38d-2fe3-43ba-894b-1ba3d5042ea9,6f017f37-be96-4bdc-b6d3-0a0429c72e89,6f017f37-be96-4bdc-b6d3-0a0429c72e89,1,1,1,0,1,3,Los Angeles,Los Angeles,0.0,0,3c0e5dbb-1541-4edb-889b-85d61f384490,2016-10-15 01:00:00+00:00,Los Angeles,Los Angeles,previous_game_city
0dbf41c3-9b0a-49b7-a5bd-0a29145d4301,2016-10-17 00:30:00+00:00,2016-10-16,2016,6f017f37-be96-4bdc-b6d3-0a0429c72e89,6f017f37-be96-4bdc-b6d3-0a0429c72e89,0a5ad38d-2fe3-43ba-894b-1ba3d5042ea9,0a5ad38d-2fe3-43ba-894b-1ba3d5042ea9,0,1,1,0,1,3,Los Angeles,Los Angeles,0.0,0,3c0e5dbb-1541-4edb-889b-85d61f384490,2016-10-15 01:00:00+00:00,Los Angeles,Minneapolis,previous_game_city
724e95f7-81fc-43c8-a5df-f23d8a751416,2016-10-21 00:00:00+00:00,2016-10-20,2016,6f017f37-be96-4bdc-b6d3-0a0429c72e89,6f017f37-be96-4bdc-b6d3-0a0429c72e89,0a5ad38d-2fe3-43ba-894b-1ba3d5042ea9,0a5ad38d-2fe3-43ba-894b-1ba3d5042ea9,1,1,3,0,1,2,Los Angeles,Minneapolis,1521.4,2,0dbf41c3-9b0a-49b7-a5bd-0a29145d4301,2016-10-17 00:30:00+00:00,Los Angeles,Minneapolis,previous_game_city
724e95f7-81fc-43c8-a5df-f23d8a751416,2016-10-21 00:00:00+00:00,2016-10-20,2016,0a5ad38d-2fe3-43ba-894b-1ba3d5042ea9,0a5ad38d-2fe3-43ba-894b-1ba3d5042ea9,6f017f37-be96-4bdc-b6d3-0a0429c72e89,6f017f37-be96-4bdc-b6d3-0a0429c72e89,0,1,3,0,1,2,Los Angeles,Minneapolis,1521.4,2,0dbf41c3-9b0a-49b7-a5bd-0a29145d4301,2016-10-17 00:30:00+00:00,Los Angeles,Los Angeles,previous_game_city
