game_id,game_ts,game_date,season,team_id,franchise_id,opponent_team_id,opponent_franchise_id,is_home,is_playoff,off_3pa_rate_pre,def_3pa_allowed_pre,off_2pa_rate_pre,def_2pa_allowed_pre,off_tov_pct_pre,def_forced_tov_pre,games_played_before_game,prior_source,last_completed_game_id,last_completed_game_ts
3798e8e2-e968-4479-878d-74f72a1faca7,2023-05-19 23:00:00+00:00,2023-05-19,2023,a015b02d-845c-40c1-8ef4-844984f47e4d,a015b02d-845c-40c1-8ef4-844984f47e4d,f073a15f-0486-4179-b0a3-dfd0294eb595,f073a15f-0486-4179-b0a3-dfd0294eb595,0,0,0.2452488687782805,0.3451355661881977,0.7547511312217194,0.6548644338118023,0.1620128348415473,0.1768593944106741,0,prev_season_final,,
3798e8e2-e968-4479-878d-74f72a1faca7,2023-05-19 23:00:00+00:00,2023-05-19,2023,f073a15f-0486-4179-b0a3-dfd0294eb595,f073a15f-0486-4179-b0a3-dfd0294eb595,a015b02d-845c-40c1-8ef4-844984f47e4d,a015b02d-845c-40c1-8ef4-844984f47e4d,1,0,0.2898318654923939,0.3068504256181597,0.7101681345076061,0.6931495743818403,0.1745308563490381,0.1635254658088542,0,prev_season_final,,
bc9e26a9-05e3-44b2-94bd-98f6c789588c,2023-05-19 23:00:00+00:00,2023-05-19,2023,08ed8274-e29f-4248-bc2e-83cc8ed18d75,08ed8274-e29f-4248-bc2e-83cc8ed18d75,5c0d47fe-8539-47b0-9f36-d0b3609ca89b,5c0d47fe-8539-47b0-9f36-d0b3609ca89b,0,0,0.40752110514198,0.3076639646278555,0.59247889485802,0.6923360353721444,0.1735449368769996,0.1358848868941564,0,prev_season_final,,
bc9e26a9-05e3-44b2-94bd-98f6c789588c,2023-05-19 23:00:00+00:00,2023-05-19,2023,5c0d47fe-8539-47b0-9f36-d0b3609ca89b,5c0d47fe-8539-47b0-9f36-d0b3609ca89b,08ed8274-e29f-4248-bc2e-83cc8ed18d75,08ed8274-e29f-4248-bc2e-83cc8ed18d75,1,0,0.3382004735595896,0.3299595141700405,0.6617995264404104,0.6700404858299596,0.1544611486890222,0.1727402083735288,0,prev_season_final,,
4eb0419f-1f3f-47fb-ae8c-f8618da5118d,2023-05-20 00:00:00+00:00,2023-05-20,2023,3c409388-ab73-4c7f-953d-3a71062240f6,3c409388-ab73-4c7f-953d-3a71062240f6,6f017f37-be96-4bdc-b6d3-0a0429c72e89,6f017f37-be96-4bdc-b6d3-0a0429c72e89,0,0,0.3144570286475683,0.2618205210678674,0.6855429713524317,0.7381794789321325,0.1576951160149277,0.1534365828507971,0,prev_season_final,,
4eb0419f-1f3f-47fb-ae8c-f8618da5118d,2023-05-20 00:00:00+00:00,2023-05-20,2023,6f017f37-be96-4bdc-b6d3-0a0429c72e89,6f017f37-be96-4bdc-b6d3-0a0429c72e89,3c409388-ab73-4c7f-953d-3a71062240f6,3c409388-ab73-4c7f-953d-3a71062240f6,1,0,0.2928748964374482,0.363237639553429,0.7071251035625518,0.636762360446571,0.1703977369717365,0.1369048356522493,0,prev_season_final,,
809c98aa-9edd-40bb-999d-a27120b5f33d,2023-05-20 03:00:00+00:00,2023-05-20,2023,0699edf3-5993-4182-b9b4-ec935cbd4fcc,0699edf3-5993-4182-b9b4-ec935cbd4fcc,0a5ad38d-2fe3-43ba-894b-1ba3d5042ea9,0a5ad38d-2fe3-43ba-894b-1ba3d5042ea9,0,0,0.3940228077074321,0.3397386625672559,0.6059771922925679,0.6602613374327441,0.1584594320247397,0.1643702475558859,0,prev_season_final,,
809c98aa-9edd-40bb-999d-a27120b5f33d,2023-05-20 03:00:00+00:00,2023-05-20,2023,0a5ad38d-2fe3-43ba-894b-1ba3d5042ea9,0a5ad38d-2fe3-43ba-894b-1ba3d5042ea9,0699edf3-5993-4182-b9b4-ec935cbd4fcc,0699edf3-5993-4182-b9b4-ec935cbd4fcc,1,0,0.2528019925280199,0.346621905161561,0.7471980074719801,0.6533780948384389,0.1639029347610549,0.178367058708939,0,prev_season_final,,
211015b3-e25a-4fc2-92bd-0a8606f9a2ea,2023-05-20 17:00:00+00:00,2023-05-20,2023,5d70a9af-8c2b-4aec-9e68-9acc6ddb93e4,5d70a9af-8c2b-4aec-9e68-9acc6ddb93e4,5f0b5caf-708b-4300-92f2-53b51d83ec06,5f0b5caf-708b-4300-92f2-53b51d83ec06,0,0,0.3130328867235079,0.3599832565927166,0.6869671132764921,0.6400167434072834,0.1750759365507931,0.1636726793001837,0,prev_season_final,,
211015b3-e25a-4fc2-92bd-0a8606f9a2ea,2023-05-20 17:00:00+00:00,2023-05-20,2023,5f0b5caf-708b-4300-92f2-53b51d83ec06,5f0b5caf-708b-4300-92f2-53b51d83ec06,5d70a9af-8c2b-4aec-9e68-9acc6ddb93e4,5d70a9af-8c2b-4aec-9e68-9acc6ddb93e4,1,0,0.3306908267270668,0.3124758594051757,0.6693091732729332,0.6875241405948243,0.1512302324527618,0.1599405194176436,0,prev_season_final,,
844e7cc6-eefe-4c46-8f26-6ba1bc719444,2023-05-20 19:00:00+00:00,2023-05-20,2023,171b097d-01db-4ae8-9d56-035689402ec6,FR_LVA_ACES,d6a012ed-84aa-48d3-8265-2d3f3ff2199a,d6a012ed-84aa-48d3-8265-2d3f3ff2199a,0,0,0.3795161797046811,0.3427258805513017,0.6204838202953189,0.6572741194486983,0.1304063804063804,0.1393931845834012,0,prev_season_final,,
844e7cc6-eefe-4c46-8f26-6ba1bc719444,2023-05-20 19:00:00+00:00,2023-05-20,2023,d6a012ed-84aa-48d3-8265-2d3f3ff2199a,d6a012ed-84aa-48d3-8265-2d3f3ff2199a,171b097d-01db-4ae8-9d56-035689402ec6,FR_LVA_ACES,1,0,0.3658957542285122,0.3195697432338654,0.6341042457714877,0.6804302567661347,0.1447559597481569,0.1653233047758892,0,prev_season_final,,
bdec2db6-45cf-4d23-a72f-5d0ae00c12af,2023-05-21 17:00:00+00:00,2023-05-21,2023,5c0d47fe-8539-47b0-9f36-d0b3609ca89b,5c0d47fe-8539-47b0-9f36-d0b3609ca89b,a015b02d-845c-40c1-8ef4-844984f47e4d,a015b02d-845c-40c1-8ef4-844984f47e4d,0,0,0.32857142857142857,0.4626865671641791,0.6714285714285714,0.5373134328358209,0.14799635701275046,0.23118957545187055,1,season_to_date,bc9e26a9-05e3-44b2-94bd-98f6c789588c,2023-05-19 23:00:00+00:00
bdec2db6-45cf-4d23-a72f-5d0ae00c12af,2023-05-21 17:00:00+00:00,2023-05-21,2023,a015b02d-845c-40c1-8ef4-844984f47e4d,a015b02d-845c-40c1-8ef4-844984f47e4d,5c0d47fe-8539-47b0-9f36-d0b3609ca89b,5c0d47fe-8539-47b0-9f36-d0b3609ca89b,1,0,0.25757575757575757,0.36363636363636365,0.7424242424242424,0.6363636363636364,0.1835236541598695,0.21195421788893598,1,season_to_date,3798e8e2-e968-4479-878d-74f72a1faca7,2023-05-19 23:00:00+00:00
6334eba9-2a94-4101-890a-ae2391284d7a,2023-05-21 18:00:00+00:00,2023-05-21,2023,08ed8274-e29f-4248-bc2e-83cc8ed18d75,08ed8274-e29f-4248-bc2e-83cc8ed18d75,f073a15f-0486-4179-b0a3-dfd0294eb595,f073a15f-0486-4179-b0a3-dfd0294eb595,1,0,0.4626865671641791,0.32857142857142857,0.5373134328358209,0.6714285714285714,0.23118957545187055,0.14799635701275046,1,season_to_date,bc9e26a9-05e3-44b2-94bd-98f6c789588c,2023-05-19 23:00:00+00:00
6334eba9-2a94-4101-890a-ae2391284d7a,2023-05-21 18:00:00+00:00,2023-05-21,2023,f073a15f-0486-4179-b0a3-dfd0294eb595,f073a15f-0486-4179-b0a3-dfd0294eb595,08ed8274-e29f-4248-bc2e-83cc8ed18d75,08ed8274-e29f-4248-bc2e-83cc8ed18d75,0,0,0.36363636363636365,0.25757575757575757,0.6363636363636364,0.7424242424242424,0.21195421788893598,0.1835236541598695,1,season_to_date,3798e8e2-e968-4479-878d-74f72a1faca7,2023-05-19 23:00:00+00:00
424295ee-db8a-43ec-aa26-27d56802ec00,2023-05-21 20:00:00+00:00,2023-05-21,2023,0699edf3-5993-4182-b9b4-ec935cbd4fcc,0699edf3-5993-4182-b9b4-ec935cbd4fcc,3c409388-ab73-4c7f-953d-3a71062240f6,3c409388-ab73-4c7f-953d-3a71062240f6,1,0,0.3389830508474576,0.3013698630136986,0.6610169491525424,0.6986301369863014,0.24498886414253898,0.07546356188012074,1,season_to_date,809c98aa-9edd-40bb-999d-a27120b5f33d,2023-05-20 03:00:00+00:00
424295ee-db8a-43ec-aa26-27d56802ec00,2023-05-21 20:00:00+00:00,2023-05-21,2023,3c409388-ab73-4c7f-953d-3a71062240f6,3c409388-ab73-4c7f-953d-3a71062240f6,0699edf3-5993-4182-b9b4-ec935cbd4fcc,0699edf3-5993-4182-b9b4-ec935cbd4fcc,0,0,0.3333333333333333,0.38095238095238093,0.6666666666666666,0.6190476190476191,0.13850415512465375,0.22522522522522523,1,season_to_date,4eb0419f-1f3f-47fb-ae8c-f8618da5118d,2023-05-20 00:00:00+00:00
6f831f86-ef4d-4e6b-8528-9a2eb90daf84,2023-05-23 23:00:00+00:00,2023-05-23,2023,5c0d47fe-8539-47b0-9f36-d0b3609ca89b,5c0d47fe-8539-47b0-9f36-d0b3609ca89b,a015b02d-845c-40c1-8ef4-844984f47e4d,a015b02d-845c-40c1-8ef4-844984f47e4d,1,0,0.31654676258992803,0.362962962962963,0.6834532374100719,0.6370370370370371,0.14004033161550525,0.16489361702127658,2,season_to_date,bdec2db6-45cf-4d23-a72f-5d0ae00c12af,2023-05-21 17:00:00+00:00
6f831f86-ef4d-4e6b-8528-9a2eb90daf84,2023-05-23 23:00:00+00:00,2023-05-23,2023,a015b02d-845c-40c1-8ef4-844984f47e4d,a015b02d-845c-40c1-8ef4-844984f47e4d,5c0d47fe-8539-47b0-9f36-d0b3609ca89b,5c0d47fe-8539-47b0-9f36-d0b3609ca89b,0,0,0.26119402985074625,0.3333333333333333,0.7388059701492538,0.6666666666666666,0.14142049025769954,0.17293558149589278,2,season_to_date,bdec2db6-45cf-4d23-a72f-5d0ae00c12af,2023-05-21 17:00:00+00:00
90f616b3-e387-4ba8-b50d-95f38e1a635c,2023-05-24 00:00:00+00:00,2023-05-24,2023,5d70a9af-8c2b-4aec-9e68-9acc6ddb93e4,5d70a9af-8c2b-4aec-9e68-9acc6ddb93e4,6f017f37-be96-4bdc-b6d3-0a0429c72e89,6f017f37-be96-4bdc-b6d3-0a0429c72e89,0,0,0.3902439024390244,0.40540540540540543,0.6097560975609756,0.5945945945945946,0.1773049645390071,0.15772870662460567,1,season_to_date,211015b3-e25a-4fc2-92bd-0a8606f9a2ea,2023-05-20 17:00:00+00:00
90f616b3-e387-4ba8-b50d-95f38e1a635c,2023-05-24 00:00:00+00:00,2023-05-24,2023,6f017f37-be96-4bdc-b6d3-0a0429c72e89,6f017f37-be96-4bdc-b6d3-0a0429c72e89,5d70a9af-8c2b-4aec-9e68-9acc6ddb93e4,5d70a9af-8c2b-4aec-9e68-9acc6ddb93e4,1,0,0.38095238095238093,0.3333333333333333,0.6190476190476191,0.6666666666666666,0.22522522522522523,0.13850415512465375,1,season_to_date,4eb0419f-1f3f-47fb-ae8c-f8618da5118d,2023-05-20 00:00:00+00:00
88c5a9a4-6f97-4198-8db3-55cacfe3b306,2023-05-26 02:00:00+00:00,2023-05-26,2023,0a5ad38d-2fe3-43ba-894b-1ba3d5042ea9,0a5ad38d-2fe3-43ba-894b-1ba3d5042ea9,171b097d-01db-4ae8-9d56-035689402ec6,FR_LVA_ACES,1,0,0.3013698630136986,0.3389830508474576,0.6986301369863014,0.6610169491525424,0.07546356188012074,0.24498886414253898,1,season_to_date,809c98aa-9edd-40bb-999d-a27120b5f33d,2023-05-20 03:00:00+00:00
88c5a9a4-6f97-4198-8db3-55cacfe3b306,2023-05-26 02:00:00+00:00,2023-05-26,2023,171b097d-01db-4ae8-9d56-035689402ec6,FR_LVA_ACES,0a5ad38d-2fe3-43ba-894b-1ba3d5042ea9,0a5ad38d-2fe3-43ba-894b-1ba3d5042ea9,0,0,0.2465753424657534,0.2692307692307692,0.7534246575342466,0.7307692307692307,0.14817950889077053,0.13319672131147542,1,season_to_date,844e7cc6-eefe-4c46-8f26-6ba1bc719444,2023-05-20 19:00:00+00:00
c5f4622b-f403-44df-b1d2-fe9d3a701142,2023-05-26 02:00:00+00:00,2023-05-26,2023,0699edf3-5993-4182-b9b4-ec935cbd4fcc,0699edf3-5993-4182-b9b4-ec935cbd4fcc,6f017f37-be96-4bdc-b6d3-0a0429c72e89,6f017f37-be96-4bdc-b6d3-0a0429c72e89,1,0,0.3130434782608696,0.25874125874125875,0.6869565217391305,0.7412587412587412,0.23380474452554742,0.11343993085566119,2,season_to_date,424295ee-db8a-43ec-aa26-27d56802ec00,2023-05-21 20:00:00+00:00
c5f4622b-f403-44df-b1d2-fe9d3a701142,2023-05-26 02:00:00+00:00,2023-05-26,2023,6f017f37-be96-4bdc-b6d3-0a0429c72e89,6f017f37-be96-4bdc-b6d3-0a0429c72e89,0699edf3-5993-4182-b9b4-ec935cbd4fcc,0699edf3-5993-4182-b9b4-ec935cbd4fcc,0,0,0.3384615384615385,0.3333333333333333,0.6615384615384615,0.6666666666666666,0.2023627215051411,0.15983245149911818,2,season_to_date,90f616b3-e387-4ba8-b50d-95f38e1a635c,2023-05-24 00:00:00+00:00
72a38525-e26f-45d9-b96d-5812824bf931,2023-05-27 00:00:00+00:00,2023-05-27,2023,3c409388-ab73-4c7f-953d-3a71062240f6,3c409388-ab73-4c7f-953d-3a71062240f6,5c0d47fe-8539-47b0-9f36-d0b3609ca89b,5c0d47fe-8539-47b0-9f36-d0b3609ca89b,1,0,0.2746478873239437,0.33613445378151263,0.7253521126760564,0.6638655462184874,0.1452513966480447,0.22371364653243847,2,season_to_date,424295ee-db8a-43ec-aa26-27d56802ec00,2023-05-21 20:00:00+00:00
72a38525-e26f-45d9-b96d-5812824bf931,2023-05-27 00:00:00+00:00,2023-05-27,2023,5c0d47fe-8539-47b0-9f36-d0b3609ca89b,5c0d47fe-8539-47b0-9f36-d0b3609ca89b,3c409388-ab73-4c7f-953d-3a71062240f6,3c409388-ab73-4c7f-953d-3a71062240f6,0,0,0.35294117647058826,0.3622448979591837,0.6470588235294118,0.6377551020408163,0.14938751120406335,0.15988372093023256,3,season_to_date,6f831f86-ef4d-4e6b-8528-9a2eb90daf84,2023-05-23 23:00:00+00:00
9b54a734-2ea7-45bd-a7ad-494f72ce0ee3,2023-05-27 02:00:00+00:00,2023-05-27,2023,5f0b5caf-708b-4300-92f2-53b51d83ec06,5f0b5caf-708b-4300-92f2-53b51d83ec06,d6a012ed-84aa-48d3-8265-2d3f3ff2199a,d6a012ed-84aa-48d3-8265-2d3f3ff2199a,0,0,0.40540540540540543,0.3902439024390244,0.5945945945945946,0.6097560975609756,0.15772870662460567,0.1773049645390071,1,season_to_date,211015b3-e25a-4fc2-92bd-0a8606f9a2ea,2023-05-20 17:00:00+00:00
9b54a734-2ea7-45bd-a7ad-494f72ce0ee3,2023-05-27 02:00:00+00:00,2023-05-27,2023,d6a012ed-84aa-48d3-8265-2d3f3ff2199a,d6a012ed-84aa-48d3-8265-2d3f3ff2199a,5f0b5caf-708b-4300-92f2-53b51d83ec06,5f0b5caf-708b-4300-92f2-53b51d83ec06,1,0,0.2692307692307692,0.2465753424657534,0.7307692307692307,0.7534246575342466,0.13319672131147542,0.14817950889077053,1,season_to_date,844e7cc6-eefe-4c46-8f26-6ba1bc719444,2023-05-20 19:00:00+00:00
b5960ffd-9c41-4587-adfa-91e209bea65f,2023-05-27 17:00:00+00:00,2023-05-27,2023,08ed8274-e29f-4248-bc2e-83cc8ed18d75,08ed8274-e29f-4248-bc2e-83cc8ed18d75,a015b02d-845c-40c1-8ef4-844984f47e4d,a015b02d-845c-40c1-8ef4-844984f47e4d,1,0,0.4444444444444444,0.3006993006993007,0.5555555555555556,0.6993006993006993,0.21505376344086022,0.151285930408472,2,season_to_date,6334eba9-2a94-4101-890a-ae2391284d7a,2023-05-21 18:00:00+00:00
b5960ffd-9c41-4587-adfa-91e209bea65f,2023-05-27 17:00:00+00:00,2023-05-27,2023,a015b02d-845c-40c1-8ef4-844984f47e4d,a015b02d-845c-40c1-8ef4-844984f47e4d,08ed8274-e29f-4248-bc2e-83cc8ed18d75,08ed8274-e29f-4248-bc2e-83cc8ed18d75,0,0,0.2923076923076923,0.365,0.7076923076923077,0.635,0.1438228102977132,0.17135773661951292,3,season_to_date,6f831f86-ef4d-4e6b-8528-9a2eb90daf84,2023-05-23 23:00:00+00:00
c3680225-bb3d-4e99-8d36-e31c8b0d2e2b,2023-05-28 01:00:00+00:00,2023-05-28,2023,0a5ad38d-2fe3-43ba-894b-1ba3d5042ea9,0a5ad38d-2fe3-43ba-894b-1ba3d5042ea9,171b097d-01db-4ae8-9d56-035689402ec6,FR_LVA_ACES,0,0,0.2751677852348993,0.3644067796610169,0.7248322147651006,0.635593220338983,0.09546033092914721,0.23189045936395758,2,season_to_date,88c5a9a4-6f97-4198-8db3-55cacfe3b306,2023-05-26 02:00:00+00:00
c3680225-bb3d-4e99-8d36-e31c8b0d2e2b,2023-05-28 01:00:00+00:00,2023-05-28,2023,171b097d-01db-4ae8-9d56-035689402ec6,FR_LVA_ACES,0a5ad38d-2fe3-43ba-894b-1ba3d5042ea9,0a5ad38d-2fe3-43ba-894b-1ba3d5042ea9,1,0,0.3106060606060606,0.2597402597402597,0.6893939393939394,0.7402597402597403,0.18299246501614638,0.12409513960703206,2,season_to_date,88c5a9a4-6f97-4198-8db3-55cacfe3b306,2023-05-26 02:00:00+00:00
577222bd-4336-4ce9-9606-fdc1bafe35e8,2023-05-28 19:00:00+00:00,2023-05-28,2023,5d70a9af-8c2b-4aec-9e68-9acc6ddb93e4,5d70a9af-8c2b-4aec-9e68-9acc6ddb93e4,f073a15f-0486-4179-b0a3-dfd0294eb595,f073a15f-0486-4179-b0a3-dfd0294eb595,1,0,0.36423841059602646,0.3546099290780142,0.6357615894039735,0.6453900709219859,0.17825311942959002,0.16750418760469013,2,season_to_date,90f616b3-e387-4ba8-b50d-95f38e1a635c,2023-05-24 00:00:00+00:00
577222bd-4336-4ce9-9606-fdc1bafe35e8,2023-05-28 19:00:00+00:00,2023-05-28,2023,f073a15f-0486-4179-b0a3-dfd0294eb595,f073a15f-0486-4179-b0a3-dfd0294eb595,5d70a9af-8c2b-4aec-9e68-9acc6ddb93e4,5d70a9af-8c2b-4aec-9e68-9acc6ddb93e4,0,0,0.31654676258992803,0.34328358208955223,0.6834532374100719,0.6567164179104478,0.1826722338204593,0.1905568494600889,2,season_to_date,6334eba9-2a94-4101-890a-ae2391284d7a,2023-05-21 18:00:00+00:00
abef0fea-16c8-460d-aec2-54fd0e21bb79,2023-05-28 22:00:00+00:00,2023-05-28,2023,3c409388-ab73-4c7f-953d-3a71062240f6,3c409388-ab73-4c7f-953d-3a71062240f6,5f0b5caf-708b-4300-92f2-53b51d83ec06,5f0b5caf-708b-4300-92f2-53b51d83ec06,1,0,0.2955665024630542,0.3081081081081081,0.7044334975369458,0.6918918918918919,0.18234593629056264,0.20771513353115725,3,season_to_date,72a38525-e26f-45d9-b96d-5812824bf931,2023-05-27 00:00:00+00:00
abef0fea-16c8-460d-aec2-54fd0e21bb79,2023-05-28 22:00:00+00:00,2023-05-28,2023,5f0b5caf-708b-4300-92f2-53b51d83ec06,5f0b5caf-708b-4300-92f2-53b51d83ec06,3c409388-ab73-4c7f-953d-3a71062240f6,3c409388-ab73-4c7f-953d-3a71062240f6,0,0,0.35135135135135137,0.37662337662337664,0.6486486486486487,0.6233766233766234,0.14936135146271118,0.16752069373275522,2,season_to_date,9b54a734-2ea7-45bd-a7ad-494f72ce0ee3,2023-05-27 02:00:00+00:00
3eb617c0-b143-4d29-a829-1d35aebe22a7,2023-05-29 01:00:00+00:00,2023-05-29,2023,6f017f37-be96-4bdc-b6d3-0a0429c72e89,6f017f37-be96-4bdc-b6d3-0a0429c72e89,171b097d-01db-4ae8-9d56-035689402ec6,FR_LVA_ACES,0,0,0.31,0.3787878787878788,0.69,0.6212121212121212,0.17464706738466015,0.17939901330542682,3,season_to_date,c5f4622b-f403-44df-b1d2-fe9d3a701142,2023-05-26 02:00:00+00:00
3eb617c0-b143-4d29-a829-1d35aebe22a7,2023-05-29 01:00:00+00:00,2023-05-29,2023,171b097d-01db-4ae8-9d56-035689402ec6,FR_LVA_ACES,6f017f37-be96-4bdc-b6d3-0a0429c72e89,6f017f37-be96-4bdc-b6d3-0a0429c72e89,1,0,0.3443396226415094,0.27927927927927926,0.6556603773584906,0.7207207207207207,0.15952921157118546,0.151216767477845,3,season_to_date,c3680225-bb3d-4e99-8d36-e31c8b0d2e2b,2023-05-28 01:00:00+00:00
6d9c1f42-a0de-4205-b0f2-f986ecf7b571,2023-05-30 23:00:00+00:00,2023-05-30,2023,3c409388-ab73-4c7f-953d-3a71062240f6,3c409388-ab73-4c7f-953d-3a71062240f6,5d70a9af-8c2b-4aec-9e68-9acc6ddb93e4,5d70a9af-8c2b-4aec-9e68-9acc6ddb93e4,0,0,0.2841726618705036,0.32575757575757575,0.7158273381294964,0.6742424242424242,0.17975960506546468,0.18028846153846154,4,season_to_date,abef0fea-16c8-460d-aec2-54fd0e21bb79,2023-05-28 22:00:00+00:00
6d9c1f42-a0de-4205-b0f2-f986ecf7b571,2023-05-30 23:00:00+00:00,2023-05-30,2023,5d70a9af-8c2b-4aec-9e68-9acc6ddb93e4,5d70a9af-8c2b-4aec-9e68-9acc6ddb93e4,3c409388-ab73-4c7f-953d-3a71062240f6,3c409388-ab73-4c7f-953d-3a71062240f6,1,0,0.3472222222222222,0.3640552995391705,0.6527777777777778,0.6359447004608295,0.16330974414806748,0.15771765035749336,3,season_to_date,577222bd-4336-4ce9-9606-fdc1bafe35e8,2023-05-28 19:00:00+00:00
b1a1c594-80cb-4170-8daf-3ab69814b0f7,2023-05-30 23:00:00+00:00,2023-05-30,2023,a015b02d-845c-40c1-8ef4-844984f47e4d,a015b02d-845c-40c1-8ef4-844984f47e4d,f073a15f-0486-4179-b0a3-dfd0294eb595,f073a15f-0486-4179-b0a3-dfd0294eb595,1,0,0.31007751937984496,0.35447761194029853,0.689922480620155,0.6455223880597015,0.15609595793624712,0.16620498614958448,4,season_to_date,b5960ffd-9c41-4587-adfa-91e209bea65f,2023-05-27 17:00:00+00:00
b1a1c594-80cb-4170-8daf-3ab69814b0f7,2023-05-30 23:00:00+00:00,2023-05-30,2023,f073a15f-0486-4179-b0a3-dfd0294eb595,f073a15f-0486-4179-b0a3-dfd0294eb595,a015b02d-845c-40c1-8ef4-844984f47e4d,a015b02d-845c-40c1-8ef4-844984f47e4d,0,0,0.3395348837209302,0.3316582914572864,0.6604651162790698,0.6683417085427136,0.16790261648244018,0.1708914839077186,3,season_to_date,577222bd-4336-4ce9-9606-fdc1bafe35e8,2023-05-28 19:00:00+00:00
2b44aafa-6ca1-423b-b561-1d4f3eed4092,2023-05-31 00:00:00+00:00,2023-05-31,2023,5f0b5caf-708b-4300-92f2-53b51d83ec06,5f0b5caf-708b-4300-92f2-53b51d83ec06,6f017f37-be96-4bdc-b6d3-0a0429c72e89,6f017f37-be96-4bdc-b6d3-0a0429c72e89,1,0,0.3568281938325991,0.33624454148471616,0.6431718061674009,0.6637554585152838,0.13418662262592898,0.16940317956737033,3,season_to_date,abef0fea-16c8-460d-aec2-54fd0e21bb79,2023-05-28 22:00:00+00:00
2b44aafa-6ca1-423b-b561-1d4f3eed4092,2023-05-31 00:00:00+00:00,2023-05-31,2023,6f017f37-be96-4bdc-b6d3-0a0429c72e89,6f017f37-be96-4bdc-b6d3-0a0429c72e89,5f0b5caf-708b-4300-92f2-53b51d83ec06,5f0b5caf-708b-4300-92f2-53b51d83ec06,0,0,0.3062730627306273,0.4222222222222222,0.6937269372693727,0.5777777777777777,0.1665210744704084,0.1624467846739861,4,season_to_date,3eb617c0-b143-4d29-a829-1d35aebe22a7,2023-05-29 01:00:00+00:00
e04d3f9d-0ecc-4de4-9616-08bd2e42d88f,2023-05-31 01:00:00+00:00,2023-05-31,2023,08ed8274-e29f-4248-bc2e-83cc8ed18d75,08ed8274-e29f-4248-bc2e-83cc8ed18d75,d6a012ed-84aa-48d3-8265-2d3f3ff2199a,d6a012ed-84aa-48d3-8265-2d3f3ff2199a,0,0,0.4039408866995074,0.32038834951456313,0.5960591133004927,0.6796116504854369,0.19433851569375182,0.16536821990298398,3,season_to_date,b5960ffd-9c41-4587-adfa-91e209bea65f,2023-05-27 17:00:00+00:00
e04d3f9d-0ecc-4de4-9616-08bd2e42d88f,2023-05-31 01:00:00+00:00,2023-05-31,2023,d6a012ed-84aa-48d3-8265-2d3f3ff2199a,d6a012ed-84aa-48d3-8265-2d3f3ff2199a,08ed8274-e29f-4248-bc2e-83cc8ed18d75,08ed8274-e29f-4248-bc2e-83cc8ed18d75,1,0,0.31333333333333335,0.272108843537415,0.6866666666666666,0.7278911564625851,0.14477766287487073,0.14423076923076925,2,season_to_date,9b54a734-2ea7-45bd-a7ad-494f72ce0ee3,2023-05-27 02:00:00+00:00
4e9e9409-d45b-40b0-a7ef-f344d0ee4feb,2023-06-02 00:00:00+00:00,2023-06-02,2023,6f017f37-be96-4bdc-b6d3-0a0429c72e89,6f017f37-be96-4bdc-b6d3-0a0429c72e89,a015b02d-845c-40c1-8ef4-844984f47e4d,a015b02d-845c-40c1-8ef4-844984f47e4d,1,0,0.29793510324483774,0.39710144927536234,0.7020648967551623,0.6028985507246377,0.16819571865443425,0.15053573009829097,5,season_to_date,2b44aafa-6ca1-423b-b561-1d4f3eed4092,2023-05-31 00:00:00+00:00
4e9e9409-d45b-40b0-a7ef-f344d0ee4feb,2023-06-02 00:00:00+00:00,2023-06-02,2023,a015b02d-845c-40c1-8ef4-844984f47e4d,a015b02d-845c-40c1-8ef4-844984f47e4d,6f017f37-be96-4bdc-b6d3-0a0429c72e89,6f017f37-be96-4bdc-b6d3-0a0429c72e89,0,0,0.30606060606060603,0.34017595307917886,0.693939393939394,0.6598240469208211,0.1503792171563072,0.15550026657188554,5,season_to_date,b1a1c594-80cb-4170-8daf-3ab69814b0f7,2023-05-30 23:00:00+00:00
c050b134-1523-4874-8a47-c51f273379a4,2023-06-02 22:00:00+00:00,2023-06-02,2023,08ed8274-e29f-4248-bc2e-83cc8ed18d75,08ed8274-e29f-4248-bc2e-83cc8ed18d75,3c409388-ab73-4c7f-953d-3a71062240f6,3c409388-ab73-4c7f-953d-3a71062240f6,0,0,0.4076923076923077,0.3010752688172043,0.5923076923076923,0.6989247311827957,0.18705362203831766,0.1462633844795231,4,season_to_date,e04d3f9d-0ecc-4de4-9616-08bd2e42d88f,2023-05-31 01:00:00+00:00
c050b134-1523-4874-8a47-c51f273379a4,2023-06-02 22:00:00+00:00,2023-06-02,2023,3c409388-ab73-4c7f-953d-3a71062240f6,3c409388-ab73-4c7f-953d-3a71062240f6,08ed8274-e29f-4248-bc2e-83cc8ed18d75,08ed8274-e29f-4248-bc2e-83cc8ed18d75,1,0,0.27887323943661974,0.2964071856287425,0.7211267605633803,0.7035928143712575,0.1763855831349881,0.16460363444824863,5,season_to_date,6d9c1f42-a0de-4205-b0f2-f986ecf7b571,2023-05-30 23:00:00+00:00
22b33d76-ff20-4187-a1e0-f1367b96e1d8,2023-06-02 23:00:00+00:00,2023-06-02,2023,5c0d47fe-8539-47b0-9f36-d0b3609ca89b,5c0d47fe-8539-47b0-9f36-d0b3609ca89b,5f0b5caf-708b-4300-92f2-53b51d83ec06,5f0b5caf-708b-4300-92f2-53b51d83ec06,1,0,0.3296296296296296,0.35797665369649806,0.6703703703703704,0.642023346303502,0.15618027666220438,0.1836018853447331,4,season_to_date,72a38525-e26f-45d9-b96d-5812824bf931,2023-05-27 00:00:00+00:00
22b33d76-ff20-4187-a1e0-f1367b96e1d8,2023-06-02 23:00:00+00:00,2023-06-02,2023,5f0b5caf-708b-4300-92f2-53b51d83ec06,5f0b5caf-708b-4300-92f2-53b51d83ec06,5c0d47fe-8539-47b0-9f36-d0b3609ca89b,5c0d47fe-8539-47b0-9f36-d0b3609ca89b,0,0,0.3443708609271523,0.31986531986531985,0.6556291390728477,0.6801346801346801,0.1271670300010381,0.1706655958237125,4,season_to_date,2b44aafa-6ca1-423b-b561-1d4f3eed4092,2023-05-31 00:00:00+00:00
b553466e-4ef3-4c22-8364-7b7495b1df8d,2023-06-03 00:00:00+00:00,2023-06-03,2023,5d70a9af-8c2b-4aec-9e68-9acc6ddb93e4,5d70a9af-8c2b-4aec-9e68-9acc6ddb93e4,171b097d-01db-4ae8-9d56-035689402ec6,FR_LVA_ACES,1,0,0.3076923076923077,0.336734693877551,0.6923076923076923,0.6632653061224489,0.14863878168352979,0.15920242196471446,4,season_to_date,6d9c1f42-a0de-4205-b0f2-f986ecf7b571,2023-05-30 23:00:00+00:00
b553466e-4ef3-4c22-8364-7b7495b1df8d,2023-06-03 00:00:00+00:00,2023-06-03,2023,171b097d-01db-4ae8-9d56-035689402ec6,FR_LVA_ACES,5d70a9af-8c2b-4aec-9e68-9acc6ddb93e4,5d70a9af-8c2b-4aec-9e68-9acc6ddb93e4,0,0,0.39436619718309857,0.2832764505119454,0.6056338028169014,0.7167235494880546,0.14802454516094304,0.14899957428693061,4,season_to_date,3eb617c0-b143-4d29-a829-1d35aebe22a7,2023-05-29 01:00:00+00:00
4b9d4583-2961-4e89-876c-23cdd9717c3f,2023-06-03 02:00:00+00:00,2023-06-03,2023,0699edf3-5993-4182-b9b4-ec935cbd4fcc,0699edf3-5993-4182-b9b4-ec935cbd4fcc,0a5ad38d-2fe3-43ba-894b-1ba3d5042ea9,0a5ad38d-2fe3-43ba-894b-1ba3d5042ea9,1,0,0.37209302325581395,0.25821596244131456,0.627906976744186,0.7417840375586855,0.22946305644791187,0.11547344110854503,3,season_to_date,c5f4622b-f403-44df-b1d2-fe9d3a701142,2023-05-26 02:00:00+00:00
4b9d4583-2961-4e89-876c-23cdd9717c3f,2023-06-03 02:00:00+00:00,2023-06-03,2023,0a5ad38d-2fe3-43ba-894b-1ba3d5042ea9,0a5ad38d-2fe3-43ba-894b-1ba3d5042ea9,0699edf3-5993-4182-b9b4-ec935cbd4fcc,0699edf3-5993-4182-b9b4-ec935cbd4fcc,0,0,0.2903225806451613,0.3787878787878788,0.7096774193548387,0.6212121212121212,0.1323697767601603,0.19105984138428264,3,season_to_date,c3680225-bb3d-4e99-8d36-e31c8b0d2e2b,2023-05-28 01:00:00+00:00
de4dda30-5c73-4727-8e6c-a7a959814253,2023-06-03 23:00:00+00:00,2023-06-03,2023,5c0d47fe-8539-47b0-9f36-d0b3609ca89b,5c0d47fe-8539-47b0-9f36-d0b3609ca89b,6f017f37-be96-4bdc-b6d3-0a0429c72e89,6f017f37-be96-4bdc-b6d3-0a0429c72e89,1,0,0.3404255319148936,0.37237237237237236,0.6595744680851063,0.6276276276276276,0.15912147019273867,0.16813695519259325,5,season_to_date,22b33d76-ff20-4187-a1e0-f1367b96e1d8,2023-06-02 23:00:00+00:00
de4dda30-5c73-4727-8e6c-a7a959814253,2023-06-03 23:00:00+00:00,2023-06-03,2023,6f017f37-be96-4bdc-b6d3-0a0429c72e89,6f017f37-be96-4bdc-b6d3-0a0429c72e89,5c0d47fe-8539-47b0-9f36-d0b3609ca89b,5c0d47fe-8539-47b0-9f36-d0b3609ca89b,0,0,0.3007518796992481,0.38461538461538464,0.6992481203007519,0.6153846153846154,0.1705670897219573,0.14668746286393347,6,season_to_date,4e9e9409-d45b-40b0-a7ef-f344d0ee4feb,2023-06-02 00:00:00+00:00
a79425c1-0e59-4cd5-94e7-565f80266742,2023-06-04 02:00:00+00:00,2023-06-04,2023,0a5ad38d-2fe3-43ba-894b-1ba3d5042ea9,0a5ad38d-2fe3-43ba-894b-1ba3d5042ea9,d6a012ed-84aa-48d3-8265-2d3f3ff2199a,d6a012ed-84aa-48d3-8265-2d3f3ff2199a,1,0,0.2979452054794521,0.38223938223938225,0.702054794520548,0.6177606177606177,0.13532158777329653,0.19954697443641461,4,season_to_date,4b9d4583-2961-4e89-876c-23cdd9717c3f,2023-06-03 02:00:00+00:00
a79425c1-0e59-4cd5-94e7-565f80266742,2023-06-04 02:00:00+00:00,2023-06-04,2023,d6a012ed-84aa-48d3-8265-2d3f3ff2199a,d6a012ed-84aa-48d3-8265-2d3f3ff2199a,0a5ad38d-2fe3-43ba-894b-1ba3d5042ea9,0a5ad38d-2fe3-43ba-894b-1ba3d5042ea9,0,0,0.2914798206278027,0.3137254901960784,0.7085201793721974,0.6862745098039216,0.12692144972500352,0.14963339817447255,3,season_to_date,e04d3f9d-0ecc-4de4-9616-08bd2e42d88f,2023-05-31 01:00:00+00:00
074619f6-0b60-4071-9a70-aa2d0b30aa2e,2023-06-04 17:00:00+00:00,2023-06-04,2023,5f0b5caf-708b-4300-92f2-53b51d83ec06,5f0b5caf-708b-4300-92f2-53b51d83ec06,a015b02d-845c-40c1-8ef4-844984f47e4d,a015b02d-845c-40c1-8ef4-844984f47e4d,0,0,0.35978835978835977,0.33146067415730335,0.6402116402116402,0.6685393258426966,0.12333807174512919,0.1707537853851218,5,season_to_date,22b33d76-ff20-4187-a1e0-f1367b96e1d8,2023-06-02 23:00:00+00:00
074619f6-0b60-4071-9a70-aa2d0b30aa2e,2023-06-04 17:00:00+00:00,2023-06-04,2023,a015b02d-845c-40c1-8ef4-844984f47e4d,a015b02d-845c-40c1-8ef4-844984f47e4d,5f0b5caf-708b-4300-92f2-53b51d83ec06,5f0b5caf-708b-4300-92f2-53b51d83ec06,1,0,0.3092269326683292,0.33665835411471323,0.6907730673316709,0.6633416458852868,0.1466060694912769,0.15997023809523808,6,season_to_date,4e9e9409-d45b-40b0-a7ef-f344d0ee4feb,2023-06-02 00:00:00+00:00
7af17cb1-9249-41d5-92d8-829f930439a2,2023-06-04 18:00:00+00:00,2023-06-04,2023,08ed8274-e29f-4248-bc2e-83cc8ed18d75,08ed8274-e29f-4248-bc2e-83cc8ed18d75,3c409388-ab73-4c7f-953d-3a71062240f6,3c409388-ab73-4c7f-953d-3a71062240f6,1,0,0.4036697247706422,0.29428571428571426,0.5963302752293578,0.7057142857142857,0.17934332750850732,0.14874345084805968,5,season_to_date,c050b134-1523-4874-8a47-c51f273379a4,2023-06-02 22:00:00+00:00
7af17cb1-9249-41d5-92d8-829f930439a2,2023-06-04 18:00:00+00:00,2023-06-04,2023,3c409388-ab73-4c7f-953d-3a71062240f6,3c409388-ab73-4c7f-953d-3a71062240f6,08ed8274-e29f-4248-bc2e-83cc8ed18d75,08ed8274-e29f-4248-bc2e-83cc8ed18d75,0,0,0.27699530516431925,0.3117206982543641,0.7230046948356808,0.6882793017456359,0.17363597307747386,0.16179424235661682,6,season_to_date,c050b134-1523-4874-8a47-c51f273379a4,2023-06-02 22:00:00+00:00
97bcac71-3b6b-4d51-b7d7-3f0dc71f56be,2023-06-04 20:00:00+00:00,2023-06-04,2023,171b097d-01db-4ae8-9d56-035689402ec6,FR_LVA_ACES,f073a15f-0486-4179-b0a3-dfd0294eb595,f073a15f-0486-4179-b0a3-dfd0294eb595,0,0,0.3757062146892655,0.29155313351498635,0.6242937853107344,0.7084468664850136,0.1442224900981574,0.15311330384484517,5,season_to_date,b553466e-4ef3-4c22-8364-7b7495b1df8d,2023-06-03 00:00:00+00:00
97bcac71-3b6b-4d51-b7d7-3f0dc71f56be,2023-06-04 20:00:00+00:00,2023-06-04,2023,f073a15f-0486-4179-b0a3-dfd0294eb595,f073a15f-0486-4179-b0a3-dfd0294eb595,171b097d-01db-4ae8-9d56-035689402ec6,FR_LVA_ACES,1,0,0.3263888888888889,0.3210332103321033,0.6736111111111112,0.6789667896678967,0.15465017064846415,0.1601879538658693,4,season_to_date,b1a1c594-80cb-4170-8daf-3ab69814b0f7,2023-05-30 23:00:00+00:00
3d2a48cd-b960-49eb-adba-a410509962f1,2023-06-06 23:00:00+00:00,2023-06-06,2023,171b097d-01db-4ae8-9d56-035689402ec6,FR_LVA_ACES,a015b02d-845c-40c1-8ef4-844984f47e4d,a015b02d-845c-40c1-8ef4-844984f47e4d,0,0,0.3615023474178404,0.2876712328767123,0.6384976525821596,0.7123287671232876,0.13061461432406937,0.14910893935038805,6,season_to_date,97bcac71-3b6b-4d51-b7d7-3f0dc71f56be,2023-06-04 20:00:00+00:00
3d2a48cd-b960-49eb-adba-a410509962f1,2023-06-06 23:00:00+00:00,2023-06-06,2023,a015b02d-845c-40c1-8ef4-844984f47e4d,a015b02d-845c-40c1-8ef4-844984f47e4d,171b097d-01db-4ae8-9d56-035689402ec6,FR_LVA_ACES,1,0,0.3023758099352052,0.34549356223175964,0.6976241900647948,0.6545064377682404,0.15546482412060303,0.16535232765199695,7,season_to_date,074619f6-0b60-4071-9a70-aa2d0b30aa2e,2023-06-04 17:00:00+00:00
c9292042-b2e0-4d1e-a8e4-899b1aa4cb94,2023-06-07 00:00:00+00:00,2023-06-07,2023,3c409388-ab73-4c7f-953d-3a71062240f6,3c409388-ab73-4c7f-953d-3a71062240f6,f073a15f-0486-4179-b0a3-dfd0294eb595,f073a15f-0486-4179-b0a3-dfd0294eb595,1,0,0.28600405679513186,0.3157894736842105,0.7139959432048681,0.6842105263157895,0.17037082514734775,0.16381048387096775,7,season_to_date,7af17cb1-9249-41d5-92d8-829f930439a2,2023-06-04 18:00:00+00:00
c9292042-b2e0-4d1e-a8e4-899b1aa4cb94,2023-06-07 00:00:00+00:00,2023-06-07,2023,f073a15f-0486-4179-b0a3-dfd0294eb595,f073a15f-0486-4179-b0a3-dfd0294eb595,3c409388-ab73-4c7f-953d-3a71062240f6,3c409388-ab73-4c7f-953d-3a71062240f6,0,0,0.3147632311977716,0.31486880466472306,0.6852367688022284,0.685131195335277,0.14953190013869624,0.14092446448703494,5,season_to_date,97bcac71-3b6b-4d51-b7d7-3f0dc71f56be,2023-06-04 20:00:00+00:00
0fe827de-25c0-4974-9c89-1a50fd671b2f,2023-06-07 02:00:00+00:00,2023-06-07,2023,0a5ad38d-2fe3-43ba-894b-1ba3d5042ea9,0a5ad38d-2fe3-43ba-894b-1ba3d5042ea9,d6a012ed-84aa-48d3-8265-2d3f3ff2199a,d6a012ed-84aa-48d3-8265-2d3f3ff2199a,0,0,0.29444444444444445,0.38271604938271603,0.7055555555555556,0.6172839506172839,0.1288217107523188,0.1996181218538448,5,season_to_date,a79425c1-0e59-4cd5-94e7-565f80266742,2023-06-04 02:00:00+00:00
0fe827de-25c0-4974-9c89-1a50fd671b2f,2023-06-07 02:00:00+00:00,2023-06-07,2023,d6a012ed-84aa-48d3-8265-2d3f3ff2199a,d6a012ed-84aa-48d3-8265-2d3f3ff2199a,0a5ad38d-2fe3-43ba-894b-1ba3d5042ea9,0a5ad38d-2fe3-43ba-894b-1ba3d5042ea9,1,0,0.3125,0.30514705882352944,0.6875,0.6948529411764706,0.14450867052023122,0.13756316676024705,4,season_to_date,a79425c1-0e59-4cd5-94e7-565f80266742,2023-06-04 02:00:00+00:00
da3fbb4c-39b4-4fc5-8a82-cb2c3f4f431b,2023-06-08 00:00:00+00:00,2023-06-08,2023,0699edf3-5993-4182-b9b4-ec935cbd4fcc,0699edf3-5993-4182-b9b4-ec935cbd4fcc,5f0b5caf-708b-4300-92f2-53b51d83ec06,5f0b5caf-708b-4300-92f2-53b51d83ec06,0,0,0.3776824034334764,0.2743055555555556,0.6223175965665236,0.7256944444444444,0.22822044404372815,0.12283700064088869,4,season_to_date,4b9d4583-2961-4e89-876c-23cdd9717c3f,2023-06-03 02:00:00+00:00
da3fbb4c-39b4-4fc5-8a82-cb2c3f4f431b,2023-06-08 00:00:00+00:00,2023-06-08,2023,5f0b5caf-708b-4300-92f2-53b51d83ec06,5f0b5caf-708b-4300-92f2-53b51d83ec06,0699edf3-5993-4182-b9b4-ec935cbd4fcc,0699edf3-5993-4182-b9b4-ec935cbd4fcc,1,0,0.3656884875846501,0.32057416267942584,0.6343115124153499,0.6794258373205742,0.13515411079126588,0.1767151767151767,6,season_to_date,074619f6-0b60-4071-9a70-aa2d0b30aa2e,2023-06-04 17:00:00+00:00
cfda9e03-30f9-4ace-bcb2-055820e0811f,2023-06-08 23:00:00+00:00,2023-06-08,2023,171b097d-01db-4ae8-9d56-035689402ec6,FR_LVA_ACES,a015b02d-845c-40c1-8ef4-844984f47e4d,a015b02d-845c-40c1-8ef4-844984f47e4d,0,0,0.3456032719836401,0.29862475442043224,0.65439672801636,0.7013752455795678,0.13444222111055526,0.15013174826888903,7,season_to_date,3d2a48cd-b960-49eb-adba-a410509962f1,2023-06-06 23:00:00+00:00
cfda9e03-30f9-4ace-bcb2-055820e0811f,2023-06-08 23:00:00+00:00,2023-06-08,2023,a015b02d-845c-40c1-8ef4-844984f47e4d,a015b02d-845c-40c1-8ef4-844984f47e4d,171b097d-01db-4ae8-9d56-035689402ec6,FR_LVA_ACES,1,0,0.31086142322097376,0.332703213610586,0.6891385767790262,0.667296786389414,0.15554221470283253,0.16448285475327573,8,season_to_date,3d2a48cd-b960-49eb-adba-a410509962f1,2023-06-06 23:00:00+00:00
d6d80918-6ddb-4b00-bf94-552b834487e9,2023-06-09 23:30:00+00:00,2023-06-09,2023,08ed8274-e29f-4248-bc2e-83cc8ed18d75,08ed8274-e29f-4248-bc2e-83cc8ed18d75,5d70a9af-8c2b-4aec-9e68-9acc6ddb93e4,5d70a9af-8c2b-4aec-9e68-9acc6ddb93e4,0,0,0.3915211970074813,0.302158273381295,0.6084788029925187,0.697841726618705,0.17854457976244176,0.1490834130898918,6,season_to_date,7af17cb1-9249-41d5-92d8-829f930439a2,2023-06-04 18:00:00+00:00
d6d80918-6ddb-4b00-bf94-552b834487e9,2023-06-09 23:30:00+00:00,2023-06-09,2023,5d70a9af-8c2b-4aec-9e68-9acc6ddb93e4,5d70a9af-8c2b-4aec-9e68-9acc6ddb93e4,08ed8274-e29f-4248-bc2e-83cc8ed18d75,08ed8274-e29f-4248-bc2e-83cc8ed18d75,1,0,0.3111111111111111,0.32967032967032966,0.6888888888888889,0.6703296703296703,0.15275801456432578,0.15330981182795697,5,season_to_date,b553466e-4ef3-4c22-8364-7b7495b1df8d,2023-06-03 00:00:00+00:00
04cc0830-c1a7-4326-9a1b-1817999cca65,2023-06-10 00:00:00+00:00,2023-06-10,2023,6f017f37-be96-4bdc-b6d3-0a0429c72e89,6f017f37-be96-4bdc-b6d3-0a0429c72e89,f073a15f-0486-4179-b0a3-dfd0294eb595,f073a15f-0486-4179-b0a3-dfd0294eb595,1,0,0.3116883116883117,0.39014373716632444,0.6883116883116883,0.6098562628336756,0.17385257301808066,0.1422361439621556,7,season_to_date,de4dda30-5c73-4727-8e6c-a7a959814253,2023-06-03 23:00:00+00:00
04cc0830-c1a7-4326-9a1b-1817999cca65,2023-06-10 00:00:00+00:00,2023-06-10,2023,f073a15f-0486-4179-b0a3-dfd0294eb595,f073a15f-0486-4179-b0a3-dfd0294eb595,6f017f37-be96-4bdc-b6d3-0a0429c72e89,6f017f37-be96-4bdc-b6d3-0a0429c72e89,0,0,0.30787037037037035,0.30787589498806683,0.6921296296296297,0.6921241050119332,0.15247183755471047,0.12652736606174536,6,season_to_date,c9292042-b2e0-4d1e-a8e4-899b1aa4cb94,2023-06-07 00:00:00+00:00
c632441b-e189-41f3-8ad5-a2fa37f1123f,2023-06-10 00:00:00+00:00,2023-06-10,2023,0699edf3-5993-4182-b9b4-ec935cbd4fcc,0699edf3-5993-4182-b9b4-ec935cbd4fcc,5f0b5caf-708b-4300-92f2-53b51d83ec06,5f0b5caf-708b-4300-92f2-53b51d83ec06,0,0,0.37623762376237624,0.27945205479452057,0.6237623762376238,0.7205479452054795,0.21542051880441612,0.1329566229017783,5,season_to_date,da3fbb4c-39b4-4fc5-8a82-cb2c3f4f431b,2023-06-08 00:00:00+00:00
c632441b-e189-41f3-8ad5-a2fa37f1123f,2023-06-10 00:00:00+00:00,2023-06-10,2023,5f0b5caf-708b-4300-92f2-53b51d83ec06,5f0b5caf-708b-4300-92f2-53b51d83ec06,0699edf3-5993-4182-b9b4-ec935cbd4fcc,0699edf3-5993-4182-b9b4-ec935cbd4fcc,1,0,0.3557692307692308,0.32786885245901637,0.6442307692307693,0.6721311475409836,0.14040792196275495,0.1751706791232483,7,season_to_date,da3fbb4c-39b4-4fc5-8a82-cb2c3f4f431b,2023-06-08 00:00:00+00:00
2d25c66f-f07c-4d7a-bd3c-beee4da2416b,2023-06-10 02:00:00+00:00,2023-06-10,2023,0a5ad38d-2fe3-43ba-894b-1ba3d5042ea9,0a5ad38d-2fe3-43ba-894b-1ba3d5042ea9,3c409388-ab73-4c7f-953d-3a71062240f6,3c409388-ab73-4c7f-953d-3a71062240f6,1,0,0.29086538461538464,0.3673469387755102,0.7091346153846154,0.6326530612244898,0.15041681768756798,0.19036913481760825,6,season_to_date,0fe827de-25c0-4974-9c89-1a50fd671b2f,2023-06-07 02:00:00+00:00
2d25c66f-f07c-4d7a-bd3c-beee4da2416b,2023-06-10 02:00:00+00:00,2023-06-10,2023,3c409388-ab73-4c7f-953d-3a71062240f6,3c409388-ab73-4c7f-953d-3a71062240f6,0a5ad38d-2fe3-43ba-894b-1ba3d5042ea9,0a5ad38d-2fe3-43ba-894b-1ba3d5042ea9,0,0,0.28471001757469244,0.3102189781021898,0.7152899824253075,0.6897810218978102,0.15601463309662147,0.16417665407978987,8,season_to_date,c9292042-b2e0-4d1e-a8e4-899b1aa4cb94,2023-06-07 00:00:00+00:00
a7ce604c-9412-41ef-b7b1-94aee4a75af1,2023-06-10 02:00:00+00:00,2023-06-10,2023,5c0d47fe-8539-47b0-9f36-d0b3609ca89b,5c0d47fe-8539-47b0-9f36-d0b3609ca89b,d6a012ed-84aa-48d3-8265-2d3f3ff2199a,d6a012ed-84aa-48d3-8265-2d3f3ff2199a,0,0,0.355,0.37373737373737376,0.645,0.6262626262626263,0.15186740662966852,0.1723379290114403,6,season_to_date,de4dda30-5c73-4727-8e6c-a7a959814253,2023-06-03 23:00:00+00:00
a7ce604c-9412-41ef-b7b1-94aee4a75af1,2023-06-10 02:00:00+00:00,2023-06-10,2023,d6a012ed-84aa-48d3-8265-2d3f3ff2199a,d6a012ed-84aa-48d3-8265-2d3f3ff2199a,5c0d47fe-8539-47b0-9f36-d0b3609ca89b,5c0d47fe-8539-47b0-9f36-d0b3609ca89b,1,0,0.3089887640449438,0.29878048780487804,0.6910112359550562,0.7012195121951219,0.144284606770609,0.16280752532561504,5,season_to_date,0fe827de-25c0-4974-9c89-1a50fd671b2f,2023-06-07 02:00:00+00:00
ededdc8c-6d2f-4469-b902-d2d2faa823b9,2023-06-11 17:00:00+00:00,2023-06-11,2023,08ed8274-e29f-4248-bc2e-83cc8ed18d75,08ed8274-e29f-4248-bc2e-83cc8ed18d75,5f0b5caf-708b-4300-92f2-53b51d83ec06,5f0b5caf-708b-4300-92f2-53b51d83ec06,1,0,0.39285714285714285,0.30165289256198347,0.6071428571428571,0.6983471074380165,0.16838225949930105,0.15384615384615385,7,season_to_date,d6d80918-6ddb-4b00-bf94-552b834487e9,2023-06-09 23:30:00+00:00
ededdc8c-6d2f-4469-b902-d2d2faa823b9,2023-06-11 17:00:00+00:00,2023-06-11,2023,5f0b5caf-708b-4300-92f2-53b51d83ec06,5f0b5caf-708b-4300-92f2-53b51d83ec06,08ed8274-e29f-4248-bc2e-83cc8ed18d75,08ed8274-e29f-4248-bc2e-83cc8ed18d75,0,0,0.3554817275747508,0.3237410071942446,0.6445182724252492,0.6762589928057554,0.1406721571435879,0.1773049645390071,8,season_to_date,c632441b-e189-41f3-8ad5-a2fa37f1123f,2023-06-10 00:00:00+00:00
4bb087a9-56a7-48ad-a280-5e116036204d,2023-06-11 19:00:00+00:00,2023-06-11,2023,3c409388-ab73-4c7f-953d-3a71062240f6,3c409388-ab73-4c7f-953d-3a71062240f6,171b097d-01db-4ae8-9d56-035689402ec6,FR_LVA_ACES,0,0,0.2908805031446541,0.3059581320450886,0.7091194968553459,0.6940418679549114,0.16004043126684636,0.1588649041959738,9,season_to_date,2d25c66f-f07c-4d7a-bd3c-beee4da2416b,2023-06-10 02:00:00+00:00
4bb087a9-56a7-48ad-a280-5e116036204d,2023-06-11 19:00:00+00:00,2023-06-11,2023,171b097d-01db-4ae8-9d56-035689402ec6,FR_LVA_ACES,3c409388-ab73-4c7f-953d-3a71062240f6,3c409388-ab73-4c7f-953d-3a71062240f6,1,0,0.3460837887067395,0.2867012089810017,0.6539162112932605,0.7132987910189983,0.1434166252964863,0.14828794823402536,8,season_to_date,cfda9e03-30f9-4ace-bcb2-055820e0811f,2023-06-08 23:00:00+00:00
7d6a1be8-bd57-4dff-9a4d-29b79e3616e2,2023-06-11 19:00:00+00:00,2023-06-11,2023,5c0d47fe-8539-47b0-9f36-d0b3609ca89b,5c0d47fe-8539-47b0-9f36-d0b3609ca89b,d6a012ed-84aa-48d3-8265-2d3f3ff2199a,d6a012ed-84aa-48d3-8265-2d3f3ff2199a,0,0,0.3504273504273504,0.36980306345733044,0.6495726495726496,0.6301969365426696,0.1524194583493775,0.17630241423125795,7,season_to_date,a7ce604c-9412-41ef-b7b1-94aee4a75af1,2023-06-10 02:00:00+00:00
7d6a1be8-bd57-4dff-9a4d-29b79e3616e2,2023-06-11 19:00:00+00:00,2023-06-11,2023,d6a012ed-84aa-48d3-8265-2d3f3ff2199a,d6a012ed-84aa-48d3-8265-2d3f3ff2199a,5c0d47fe-8539-47b0-9f36-d0b3609ca89b,5c0d47fe-8539-47b0-9f36-d0b3609ca89b,1,0,0.31414868105515587,0.30303030303030304,0.6858513189448441,0.696969696969697,0.1531393568147014,0.1616055321707757,6,season_to_date,a7ce604c-9412-41ef-b7b1-94aee4a75af1,2023-06-10 02:00:00+00:00
4d7dfc79-7b97-4e54-b0d8-4d90d20110b5,2023-06-11 20:00:00+00:00,2023-06-11,2023,5d70a9af-8c2b-4aec-9e68-9acc6ddb93e4,5d70a9af-8c2b-4aec-9e68-9acc6ddb93e4,a015b02d-845c-40c1-8ef4-844984f47e4d,a015b02d-845c-40c1-8ef4-844984f47e4d,1,0,0.3091334894613583,0.3416856492027335,0.6908665105386417,0.6583143507972665,0.15746378332983416,0.14644351464435146,6,season_to_date,d6d80918-6ddb-4b00-bf94-552b834487e9,2023-06-09 23:30:00+00:00
4d7dfc79-7b97-4e54-b0d8-4d90d20110b5,2023-06-11 20:00:00+00:00,2023-06-11,2023,a015b02d-845c-40c1-8ef4-844984f47e4d,a015b02d-845c-40c1-8ef4-844984f47e4d,5d70a9af-8c2b-4aec-9e68-9acc6ddb93e4,5d70a9af-8c2b-4aec-9e68-9acc6ddb93e4,0,0,0.2980132450331126,0.33446519524617996,0.7019867549668874,0.66553480475382,0.1532921310039418,0.16939019529693106,9,season_to_date,cfda9e03-30f9-4ace-bcb2-055820e0811f,2023-06-08 23:00:00+00:00
e49edcc6-bcd9-439d-9e6f-2116c3ef2fb5,2023-06-11 21:00:00+00:00,2023-06-11,2023,0699edf3-5993-4182-b9b4-ec935cbd4fcc,0699edf3-5993-4182-b9b4-ec935cbd4fcc,f073a15f-0486-4179-b0a3-dfd0294eb595,f073a15f-0486-4179-b0a3-dfd0294eb595,0,0,0.3611859838274933,0.2930648769574944,0.6388140161725068,0.7069351230425056,0.21145570559430182,0.1346468502863376,6,season_to_date,c632441b-e189-41f3-8ad5-a2fa37f1123f,2023-06-10 00:00:00+00:00
e49edcc6-bcd9-439d-9e6f-2116c3ef2fb5,2023-06-11 21:00:00+00:00,2023-06-11,2023,f073a15f-0486-4179-b0a3-dfd0294eb595,f073a15f-0486-4179-b0a3-dfd0294eb595,0699edf3-5993-4182-b9b4-ec935cbd4fcc,0699edf3-5993-4182-b9b4-ec935cbd4fcc,1,0,0.30538922155688625,0.3008298755186722,0.6946107784431138,0.6991701244813278,0.14925373134328357,0.1314471707561342,7,season_to_date,04cc0830-c1a7-4326-9a1b-1817999cca65,2023-06-10 00:00:00+00:00
bea3c9bc-df9c-46d9-b64c-24196c755f3f,2023-06-11 23:00:00+00:00,2023-06-11,2023,0a5ad38d-2fe3-43ba-894b-1ba3d5042ea9,0a5ad38d-2fe3-43ba-894b-1ba3d5042ea9,6f017f37-be96-4bdc-b6d3-0a0429c72e89,6f017f37-be96-4bdc-b6d3-0a0429c72e89,0,0,0.2883435582822086,0.3638344226579521,0.7116564417177914,0.6361655773420479,0.1456280597384892,0.1908994179132503,7,season_to_date,2d25c66f-f07c-4d7a-bd3c-beee4da2416b,2023-06-10 02:00:00+00:00
bea3c9bc-df9c-46d9-b64c-24196c755f3f,2023-06-11 23:00:00+00:00,2023-06-11,2023,6f017f37-be96-4bdc-b6d3-0a0429c72e89,6f017f37-be96-4bdc-b6d3-0a0429c72e89,0a5ad38d-2fe3-43ba-894b-1ba3d5042ea9,0a5ad38d-2fe3-43ba-894b-1ba3d5042ea9,1,0,0.3047619047619048,0.3776978417266187,0.6952380952380952,0.6223021582733813,0.1725769637588376,0.14055999100416056,8,season_to_date,04cc0830-c1a7-4326-9a1b-1817999cca65,2023-06-10 00:00:00+00:00
b188fb9e-f5ac-4c00-8635-a4b1e66e7ac2,2023-06-13 23:00:00+00:00,2023-06-13,2023,5c0d47fe-8539-47b0-9f36-d0b3609ca89b,5c0d47fe-8539-47b0-9f36-d0b3609ca89b,f073a15f-0486-4179-b0a3-dfd0294eb595,f073a15f-0486-4179-b0a3-dfd0294eb595,0,0,0.3586337760910816,0.3666026871401152,0.6413662239089184,0.6333973128598849,0.16270197486535007,0.17606617852551562,8,season_to_date,7d6a1be8-bd57-4dff-9a4d-29b79e3616e2,2023-06-11 19:00:00+00:00
b188fb9e-f5ac-4c00-8635-a4b1e66e7ac2,2023-06-13 23:00:00+00:00,2023-06-13,2023,f073a15f-0486-4179-b0a3-dfd0294eb595,f073a15f-0486-4179-b0a3-dfd0294eb595,5c0d47fe-8539-47b0-9f36-d0b3609ca89b,5c0d47fe-8539-47b0-9f36-d0b3609ca89b,1,0,0.30404217926186294,0.30952380952380953,0.6959578207381371,0.6904761904761905,0.1478965819456617,0.13134609003428824,8,season_to_date,e49edcc6-bcd9-439d-9e6f-2116c3ef2fb5,2023-06-11 21:00:00+00:00
2c307e8b-f45a-4c7c-a9a8-0fe5a4f984f3,2023-06-14 00:00:00+00:00,2023-06-14,2023,08ed8274-e29f-4248-bc2e-83cc8ed18d75,08ed8274-e29f-4248-bc2e-83cc8ed18d75,5d70a9af-8c2b-4aec-9e68-9acc6ddb93e4,5d70a9af-8c2b-4aec-9e68-9acc6ddb93e4,1,0,0.39377289377289376,0.29858657243816256,0.6062271062271062,0.7014134275618374,0.16325277669252666,0.13988483268144283,8,season_to_date,ededdc8c-6d2f-4469-b902-d2d2faa823b9,2023-06-11 17:00:00+00:00
2c307e8b-f45a-4c7c-a9a8-0fe5a4f984f3,2023-06-14 00:00:00+00:00,2023-06-14,2023,5d70a9af-8c2b-4aec-9e68-9acc6ddb93e4,5d70a9af-8c2b-4aec-9e68-9acc6ddb93e4,08ed8274-e29f-4248-bc2e-83cc8ed18d75,08ed8274-e29f-4248-bc2e-83cc8ed18d75,0,0,0.30879345603271985,0.322265625,0.6912065439672802,0.677734375,0.17310332477765175,0.14797277300976622,7,season_to_date,4d7dfc79-7b97-4e54-b0d8-4d90d20110b5,2023-06-11 20:00:00+00:00
1de2890f-b4cb-40fe-b8bd-470c9649ba15,2023-06-14 02:00:00+00:00,2023-06-14,2023,0699edf3-5993-4182-b9b4-ec935cbd4fcc,0699edf3-5993-4182-b9b4-ec935cbd4fcc,d6a012ed-84aa-48d3-8265-2d3f3ff2199a,d6a012ed-84aa-48d3-8265-2d3f3ff2199a,1,0,0.3632183908045977,0.29320388349514565,0.6367816091954023,0.7067961165048544,0.20052618069815195,0.13506293042032771,7,season_to_date,e49edcc6-bcd9-439d-9e6f-2116c3ef2fb5,2023-06-11 21:00:00+00:00
1de2890f-b4cb-40fe-b8bd-470c9649ba15,2023-06-14 02:00:00+00:00,2023-06-14,2023,d6a012ed-84aa-48d3-8265-2d3f3ff2199a,d6a012ed-84aa-48d3-8265-2d3f3ff2199a,0699edf3-5993-4182-b9b4-ec935cbd4fcc,0699edf3-5993-4182-b9b4-ec935cbd4fcc,0,0,0.3180873180873181,0.31868131868131866,0.681912681912682,0.6813186813186813,0.1560136157337368,0.17206998584844976,7,season_to_date,7d6a1be8-bd57-4dff-9a4d-29b79e3616e2,2023-06-11 19:00:00+00:00
a43406b8-3a70-4daa-b989-9c765b7cb844,2023-06-14 17:00:00+00:00,2023-06-14,2023,0a5ad38d-2fe3-43ba-894b-1ba3d5042ea9,0a5ad38d-2fe3-43ba-894b-1ba3d5042ea9,5f0b5caf-708b-4300-92f2-53b51d83ec06,5f0b5caf-708b-4300-92f2-53b51d83ec06,0,0,0.3039568345323741,0.3669201520912547,0.6960431654676259,0.6330798479087453,0.14264552586821747,0.18379327371481866,8,season_to_date,bea3c9bc-df9c-46d9-b64c-24196c755f3f,2023-06-11 23:00:00+00:00
a43406b8-3a70-4daa-b989-9c765b7cb844,2023-06-14 17:00:00+00:00,2023-06-14,2023,5f0b5caf-708b-4300-92f2-53b51d83ec06,5f0b5caf-708b-4300-92f2-53b51d83ec06,0a5ad38d-2fe3-43ba-894b-1ba3d5042ea9,0a5ad38d-2fe3-43ba-894b-1ba3d5042ea9,1,0,0.34649122807017546,0.33226837060702874,0.6535087719298246,0.6677316293929713,0.1304920116194626,0.17205618930894692,9,season_to_date,ededdc8c-6d2f-4469-b902-d2d2faa823b9,2023-06-11 17:00:00+00:00
fc7285e2-d4c8-4326-b60b-9f627868e563,2023-06-15 23:00:00+00:00,2023-06-15,2023,5d70a9af-8c2b-4aec-9e68-9acc6ddb93e4,5d70a9af-8c2b-4aec-9e68-9acc6ddb93e4,a015b02d-845c-40c1-8ef4-844984f47e4d,a015b02d-845c-40c1-8ef4-844984f47e4d,0,0,0.3125,0.33217993079584773,0.6875,0.6678200692041523,0.1736201764920892,0.14892616397554476,8,season_to_date,2c307e8b-f45a-4c7c-a9a8-0fe5a4f984f3,2023-06-14 00:00:00+00:00
fc7285e2-d4c8-4326-b60b-9f627868e563,2023-06-15 23:00:00+00:00,2023-06-15,2023,a015b02d-845c-40c1-8ef4-844984f47e4d,a015b02d-845c-40c1-8ef4-844984f47e4d,5d70a9af-8c2b-4aec-9e68-9acc6ddb93e4,5d70a9af-8c2b-4aec-9e68-9acc6ddb93e4,1,0,0.2880354505169867,0.3317972350230415,0.7119645494830132,0.6682027649769585,0.15365304709141275,0.17971246006389777,10,season_to_date,4d7dfc79-7b97-4e54-b0d8-4d90d20110b5,2023-06-11 20:00:00+00:00
2449de11-a931-4138-98f4-97dbcee10b02,2023-06-16 00:00:00+00:00,2023-06-16,2023,3c409388-ab73-4c7f-953d-3a71062240f6,3c409388-ab73-4c7f-953d-3a71062240f6,f073a15f-0486-4179-b0a3-dfd0294eb595,f073a15f-0486-4179-b0a3-dfd0294eb595,1,0,0.29178470254957506,0.30029154518950435,0.7082152974504249,0.6997084548104956,0.15858533194299618,0.1613044814115788,10,season_to_date,4bb087a9-56a7-48ad-a280-5e116036204d,2023-06-11 19:00:00+00:00
2449de11-a931-4138-98f4-97dbcee10b02,2023-06-16 00:00:00+00:00,2023-06-16,2023,f073a15f-0486-4179-b0a3-dfd0294eb595,f073a15f-0486-4179-b0a3-dfd0294eb595,3c409388-ab73-4c7f-953d-3a71062240f6,3c409388-ab73-4c7f-953d-3a71062240f6,0,0,0.29827315541601257,0.31699346405228757,0.7017268445839875,0.6830065359477124,0.14723777074714042,0.1332280667127208,9,season_to_date,b188fb9e-f5ac-4c00-8635-a4b1e66e7ac2,2023-06-13 23:00:00+00:00
76a7c581-b49b-4c49-a567-9345868d1073,2023-06-16 02:00:00+00:00,2023-06-16,2023,171b097d-01db-4ae8-9d56-035689402ec6,FR_LVA_ACES,d6a012ed-84aa-48d3-8265-2d3f3ff2199a,d6a012ed-84aa-48d3-8265-2d3f3ff2199a,1,0,0.3355048859934853,0.288135593220339,0.6644951140065146,0.711864406779661,0.14780509434891856,0.14794322828963194,9,season_to_date,4bb087a9-56a7-48ad-a280-5e116036204d,2023-06-11 19:00:00+00:00
76a7c581-b49b-4c49-a567-9345868d1073,2023-06-16 02:00:00+00:00,2023-06-16,2023,d6a012ed-84aa-48d3-8265-2d3f3ff2199a,d6a012ed-84aa-48d3-8265-2d3f3ff2199a,171b097d-01db-4ae8-9d56-035689402ec6,FR_LVA_ACES,0,0,0.33152173913043476,0.31844660194174756,0.6684782608695652,0.6815533980582524,0.15174088175246925,0.17577682014062143,8,season_to_date,1de2890f-b4cb-40fe-b8bd-470c9649ba15,2023-06-14 02:00:00+00:00
9ac6e999-30f6-4eaf-be97-632068119da9,2023-06-17 00:00:00+00:00,2023-06-17,2023,0699edf3-5993-4182-b9b4-ec935cbd4fcc,0699edf3-5993-4182-b9b4-ec935cbd4fcc,5c0d47fe-8539-47b0-9f36-d0b3609ca89b,5c0d47fe-8539-47b0-9f36-d0b3609ca89b,0,0,0.3575757575757576,0.30887372013651876,0.6424242424242425,0.6911262798634812,0.20086002036890346,0.13348688687640684,8,season_to_date,1de2890f-b4cb-40fe-b8bd-470c9649ba15,2023-06-14 02:00:00+00:00
9ac6e999-30f6-4eaf-be97-632068119da9,2023-06-17 00:00:00+00:00,2023-06-17,2023,5c0d47fe-8539-47b0-9f36-d0b3609ca89b,5c0d47fe-8539-47b0-9f36-d0b3609ca89b,0699edf3-5993-4182-b9b4-ec935cbd4fcc,0699edf3-5993-4182-b9b4-ec935cbd4fcc,1,0,0.3608768971332209,0.3531409168081494,0.6391231028667791,0.6468590831918506,0.16118552578968412,0.17220019821605548,9,season_to_date,b188fb9e-f5ac-4c00-8635-a4b1e66e7ac2,2023-06-13 23:00:00+00:00
5e8b7fc0-324f-4f97-85c6-bd0b11209fbf,2023-06-17 02:00:00+00:00,2023-06-17,2023,0a5ad38d-2fe3-43ba-894b-1ba3d5042ea9,0a5ad38d-2fe3-43ba-894b-1ba3d5042ea9,6f017f37-be96-4bdc-b6d3-0a0429c72e89,6f017f37-be96-4bdc-b6d3-0a0429c72e89,1,0,0.2961165048543689,0.3596638655462185,0.7038834951456311,0.6403361344537815,0.14212972117856437,0.1855559353484057,9,season_to_date,a43406b8-3a70-4daa-b989-9c765b7cb844,2023-06-14 17:00:00+00:00
5e8b7fc0-324f-4f97-85c6-bd0b11209fbf,2023-06-17 02:00:00+00:00,2023-06-17,2023,6f017f37-be96-4bdc-b6d3-0a0429c72e89,6f017f37-be96-4bdc-b6d3-0a0429c72e89,0a5ad38d-2fe3-43ba-894b-1ba3d5042ea9,0a5ad38d-2fe3-43ba-894b-1ba3d5042ea9,0,0,0.3141891891891892,0.38202247191011235,0.6858108108108109,0.6179775280898876,0.16820857863751051,0.13835781847454218,9,season_to_date,bea3c9bc-df9c-46d9-b64c-24196c755f3f,2023-06-11 23:00:00+00:00
bba504a1-2e15-4067-b0d8-2b61cb50b314,2023-06-17 18:00:00+00:00,2023-06-17,2023,5f0b5caf-708b-4300-92f2-53b51d83ec06,5f0b5caf-708b-4300-92f2-53b51d83ec06,d6a012ed-84aa-48d3-8265-2d3f3ff2199a,d6a012ed-84aa-48d3-8265-2d3f3ff2199a,1,0,0.3426294820717131,0.3226744186046512,0.6573705179282868,0.6773255813953488,0.13692142974798222,0.16907172087012706,10,season_to_date,a43406b8-3a70-4daa-b989-9c765b7cb844,2023-06-14 17:00:00+00:00
bba504a1-2e15-4067-b0d8-2b61cb50b314,2023-06-17 18:00:00+00:00,2023-06-17,2023,d6a012ed-84aa-48d3-8265-2d3f3ff2199a,d6a012ed-84aa-48d3-8265-2d3f3ff2199a,5f0b5caf-708b-4300-92f2-53b51d83ec06,5f0b5caf-708b-4300-92f2-53b51d83ec06,0,0,0.3344155844155844,0.3247863247863248,0.6655844155844156,0.6752136752136753,0.15621924817949223,0.17298853477448356,9,season_to_date,76a7c581-b49b-4c49-a567-9345868d1073,2023-06-16 02:00:00+00:00
0cd1b4ea-2ba4-49ef-ba5a-6d52d94adb19,2023-06-18 16:00:00+00:00,2023-06-18,2023,0699edf3-5993-4182-b9b4-ec935cbd4fcc,0699edf3-5993-4182-b9b4-ec935cbd4fcc,08ed8274-e29f-4248-bc2e-83cc8ed18d75,08ed8274-e29f-4248-bc2e-83cc8ed18d75,0,0,0.3592057761732852,0.31846153846153846,0.6407942238267148,0.6815384615384615,0.20283209030437413,0.13762115366519245,9,season_to_date,9ac6e999-30f6-4eaf-be97-632068119da9,2023-06-17 00:00:00+00:00
0cd1b4ea-2ba4-49ef-ba5a-6d52d94adb19,2023-06-18 16:00:00+00:00,2023-06-18,2023,08ed8274-e29f-4248-bc2e-83cc8ed18d75,08ed8274-e29f-4248-bc2e-83cc8ed18d75,0699edf3-5993-4182-b9b4-ec935cbd4fcc,0699edf3-5993-4182-b9b4-ec935cbd4fcc,1,0,0.3954248366013072,0.3029827315541601,0.6045751633986928,0.6970172684458399,0.16245845528051986,0.14418917619917332,9,season_to_date,2c307e8b-f45a-4c7c-a9a8-0fe5a4f984f3,2023-06-14 00:00:00+00:00
e25f1206-8363-4d24-a1a7-39ce3bdb248e,2023-06-18 19:00:00+00:00,2023-06-18,2023,3c409388-ab73-4c7f-953d-3a71062240f6,3c409388-ab73-4c7f-953d-3a71062240f6,5c0d47fe-8539-47b0-9f36-d0b3609ca89b,5c0d47fe-8539-47b0-9f36-d0b3609ca89b,0,0,0.2997416020671835,0.29333333333333333,0.7002583979328165,0.7066666666666667,0.15545900267070595,0.15764951600594448,11,season_to_date,2449de11-a931-4138-98f4-97dbcee10b02,2023-06-16 00:00:00+00:00
e25f1206-8363-4d24-a1a7-39ce3bdb248e,2023-06-18 19:00:00+00:00,2023-06-18,2023,5c0d47fe-8539-47b0-9f36-d0b3609ca89b,5c0d47fe-8539-47b0-9f36-d0b3609ca89b,3c409388-ab73-4c7f-953d-3a71062240f6,3c409388-ab73-4c7f-953d-3a71062240f6,1,0,0.365296803652968,0.3549382716049383,0.634703196347032,0.6450617283950617,0.16246220497314862,0.1767337807606264,10,season_to_date,9ac6e999-30f6-4eaf-be97-632068119da9,2023-06-17 00:00:00+00:00
70fbf745-fe74-4329-ad76-985f7d61f75d,2023-06-18 20:00:00+00:00,2023-06-18,2023,5d70a9af-8c2b-4aec-9e68-9acc6ddb93e4,5d70a9af-8c2b-4aec-9e68-9acc6ddb93e4,f073a15f-0486-4179-b0a3-dfd0294eb595,f073a15f-0486-4179-b0a3-dfd0294eb595,0,0,0.3,0.31755725190839695,0.7,0.6824427480916031,0.17595851083533987,0.1457321304649549,9,season_to_date,fc7285e2-d4c8-4326-b60b-9f627868e563,2023-06-15 23:00:00+00:00
70fbf745-fe74-4329-ad76-985f7d61f75d,2023-06-18 20:00:00+00:00,2023-06-18,2023,f073a15f-0486-4179-b0a3-dfd0294eb595,f073a15f-0486-4179-b0a3-dfd0294eb595,5d70a9af-8c2b-4aec-9e68-9acc6ddb93e4,5d70a9af-8c2b-4aec-9e68-9acc6ddb93e4,1,0,0.29101283880171186,0.3235294117647059,0.7089871611982882,0.6764705882352942,0.14453418067875898,0.1320678694542687,10,season_to_date,2449de11-a931-4138-98f4-97dbcee10b02,2023-06-16 00:00:00+00:00
d8ed7c5c-2c29-4208-8782-0dff33782e9d,2023-06-18 23:30:00+00:00,2023-06-18,2023,0a5ad38d-2fe3-43ba-894b-1ba3d5042ea9,0a5ad38d-2fe3-43ba-894b-1ba3d5042ea9,a015b02d-845c-40c1-8ef4-844984f47e4d,a015b02d-845c-40c1-8ef4-844984f47e4d,1,0,0.308259587020649,0.3595679012345679,0.6917404129793511,0.6404320987654321,0.14491776759234296,0.18502831156092558,10,season_to_date,5e8b7fc0-324f-4f97-85c6-bd0b11209fbf,2023-06-17 02:00:00+00:00
d8ed7c5c-2c29-4208-8782-0dff33782e9d,2023-06-18 23:30:00+00:00,2023-06-18,2023,a015b02d-845c-40c1-8ef4-844984f47e4d,a015b02d-845c-40c1-8ef4-844984f47e4d,0a5ad38d-2fe3-43ba-894b-1ba3d5042ea9,0a5ad38d-2fe3-43ba-894b-1ba3d5042ea9,0,0,0.27984084880636606,0.31900138696255204,0.7201591511936339,0.680998613037448,0.15049644281135174,0.18113766462511507,11,season_to_date,fc7285e2-d4c8-4326-b60b-9f627868e563,2023-06-15 23:00:00+00:00
93dfd8d7-5918-4cd7-ab75-7d82f3b12959,2023-06-19 01:00:00+00:00,2023-06-19,2023,6f017f37-be96-4bdc-b6d3-0a0429c72e89,6f017f37-be96-4bdc-b6d3-0a0429c72e89,171b097d-01db-4ae8-9d56-035689402ec6,FR_LVA_ACES,0,0,0.3178294573643411,0.38653001464128844,0.6821705426356589,0.6134699853587116,0.16920092045300728,0.1415395854259885,10,season_to_date,5e8b7fc0-324f-4f97-85c6-bd0b11209fbf,2023-06-17 02:00:00+00:00
93dfd8d7-5918-4cd7-ab75-7d82f3b12959,2023-06-19 01:00:00+00:00,2023-06-19,2023,171b097d-01db-4ae8-9d56-035689402ec6,FR_LVA_ACES,6f017f37-be96-4bdc-b6d3-0a0429c72e89,6f017f37-be96-4bdc-b6d3-0a0429c72e89,1,0,0.3391812865497076,0.29453015427769985,0.6608187134502924,0.7054698457223001,0.14804096170970615,0.15226659705907944,10,season_to_date,76a7c581-b49b-4c49-a567-9345868d1073,2023-06-16 02:00:00+00:00
29a365d9-0f1d-4415-9d33-0fe5d01cf17b,2023-06-21 00:00:00+00:00,2023-06-21,2023,5d70a9af-8c2b-4aec-9e68-9acc6ddb93e4,5d70a9af-8c2b-4aec-9e68-9acc6ddb93e4,5f0b5caf-708b-4300-92f2-53b51d83ec06,5f0b5caf-708b-4300-92f2-53b51d83ec06,0,0,0.29310344827586204,0.3118131868131868,0.7068965517241379,0.6881868131868132,0.17651974096511386,0.14605950111875363,10,season_to_date,70fbf745-fe74-4329-ad76-985f7d61f75d,2023-06-18 20:00:00+00:00
29a365d9-0f1d-4415-9d33-0fe5d01cf17b,2023-06-21 00:00:00+00:00,2023-06-21,2023,5f0b5caf-708b-4300-92f2-53b51d83ec06,5f0b5caf-708b-4300-92f2-53b51d83ec06,5d70a9af-8c2b-4aec-9e68-9acc6ddb93e4,5d70a9af-8c2b-4aec-9e68-9acc6ddb93e4,1,0,0.3425814234016888,0.34084880636604775,0.6574185765983113,0.6591511936339522,0.13655580081559357,0.16720772871279382,11,season_to_date,bba504a1-2e15-4067-b0d8-2b61cb50b314,2023-06-17 18:00:00+00:00
764a36ac-2f57-4d54-b378-7a02be89bf77,2023-06-21 02:00:00+00:00,2023-06-21,2023,0a5ad38d-2fe3-43ba-894b-1ba3d5042ea9,0a5ad38d-2fe3-43ba-894b-1ba3d5042ea9,6f017f37-be96-4bdc-b6d3-0a0429c72e89,6f017f37-be96-4bdc-b6d3-0a0429c72e89,1,0,0.30563002680965146,0.34831460674157305,0.6943699731903485,0.651685393258427,0.14784452873281945,0.18450560652395515,11,season_to_date,d8ed7c5c-2c29-4208-8782-0dff33782e9d,2023-06-18 23:30:00+00:00
764a36ac-2f57-4d54-b378-7a02be89bf77,2023-06-21 02:00:00+00:00,2023-06-21,2023,6f017f37-be96-4bdc-b6d3-0a0429c72e89,6f017f37-be96-4bdc-b6d3-0a0429c72e89,0a5ad38d-2fe3-43ba-894b-1ba3d5042ea9,0a5ad38d-2fe3-43ba-894b-1ba3d5042ea9,0,0,0.31805555555555554,0.38837516512549536,0.6819444444444445,0.6116248348745046,0.16573229119777386,0.1350396808908464,11,season_to_date,93dfd8d7-5918-4cd7-ab75-7d82f3b12959,2023-06-19 01:00:00+00:00
99fe1ccd-3cf0-4b6f-9454-392c22f38aa0,2023-06-21 02:00:00+00:00,2023-06-21,2023,a015b02d-845c-40c1-8ef4-844984f47e4d,a015b02d-845c-40c1-8ef4-844984f47e4d,d6a012ed-84aa-48d3-8265-2d3f3ff2199a,d6a012ed-84aa-48d3-8265-2d3f3ff2199a,0,0,0.2762836185819071,0.3155893536121673,0.7237163814180929,0.6844106463878327,0.1526483127393598,0.18076047860236363,12,season_to_date,d8ed7c5c-2c29-4208-8782-0dff33782e9d,2023-06-18 23:30:00+00:00
99fe1ccd-3cf0-4b6f-9454-392c22f38aa0,2023-06-21 02:00:00+00:00,2023-06-21,2023,d6a012ed-84aa-48d3-8265-2d3f3ff2199a,d6a012ed-84aa-48d3-8265-2d3f3ff2199a,a015b02d-845c-40c1-8ef4-844984f47e4d,a015b02d-845c-40c1-8ef4-844984f47e4d,1,0,0.3533724340175953,0.3267776096822995,0.6466275659824047,0.6732223903177005,0.15545069677191745,0.16858478690882936,10,season_to_date,bba504a1-2e15-4067-b0d8-2b61cb50b314,2023-06-17 18:00:00+00:00
8894361c-76f7-4e72-827c-25438405cf7d,2023-06-21 19:30:00+00:00,2023-06-21,2023,0699edf3-5993-4182-b9b4-ec935cbd4fcc,0699edf3-5993-4182-b9b4-ec935cbd4fcc,171b097d-01db-4ae8-9d56-035689402ec6,FR_LVA_ACES,1,0,0.35760517799352753,0.32724719101123595,0.6423948220064725,0.672752808988764,0.2012552872151726,0.14168229077893302,10,season_to_date,0cd1b4ea-2ba4-49ef-ba5a-6d52d94adb19,2023-06-18 16:00:00+00:00
8894361c-76f7-4e72-827c-25438405cf7d,2023-06-21 19:30:00+00:00,2023-06-21,2023,171b097d-01db-4ae8-9d56-035689402ec6,FR_LVA_ACES,0699edf3-5993-4182-b9b4-ec935cbd4fcc,0699edf3-5993-4182-b9b4-ec935cbd4fcc,0,0,0.34564643799472294,0.2969543147208122,0.6543535620052771,0.7030456852791879,0.14111675126903553,0.15043547110055425,11,season_to_date,93dfd8d7-5918-4cd7-ab75-7d82f3b12959,2023-06-19 01:00:00+00:00
a8ad354d-8b44-4244-a56e-fd528eff9099,2023-06-23 00:00:00+00:00,2023-06-23,2023,3c409388-ab73-4c7f-953d-3a71062240f6,3c409388-ab73-4c7f-953d-3a71062240f6,5c0d47fe-8539-47b0-9f36-d0b3609ca89b,5c0d47fe-8539-47b0-9f36-d0b3609ca89b,1,0,0.3017964071856287,0.28869778869778867,0.6982035928143713,0.7113022113022113,0.16214136528525888,0.15208843386007861,12,season_to_date,e25f1206-8363-4d24-a1a7-39ce3bdb248e,2023-06-18 19:00:00+00:00
a8ad354d-8b44-4244-a56e-fd528eff9099,2023-06-23 00:00:00+00:00,2023-06-23,2023,5c0d47fe-8539-47b0-9f36-d0b3609ca89b,5c0d47fe-8539-47b0-9f36-d0b3609ca89b,3c409388-ab73-4c7f-953d-3a71062240f6,3c409388-ab73-4c7f-953d-3a71062240f6,0,0,0.3536754507628294,0.3526093088857546,0.6463245492371706,0.6473906911142454,0.15586292320396367,0.18225136433982245,11,season_to_date,e25f1206-8363-4d24-a1a7-39ce3bdb248e,2023-06-18 19:00:00+00:00
f9d3aad2-45ac-4f65-8e75-734ac3de27eb,2023-06-23 00:00:00+00:00,2023-06-23,2023,6f017f37-be96-4bdc-b6d3-0a0429c72e89,6f017f37-be96-4bdc-b6d3-0a0429c72e89,a015b02d-845c-40c1-8ef4-844984f47e4d,a015b02d-845c-40c1-8ef4-844984f47e4d,1,0,0.3227445997458704,0.3907203907203907,0.6772554002541296,0.6092796092796092,0.16374313031694648,0.14134545593459907,12,season_to_date,764a36ac-2f57-4d54-b378-7a02be89bf77,2023-06-21 02:00:00+00:00
f9d3aad2-45ac-4f65-8e75-734ac3de27eb,2023-06-23 00:00:00+00:00,2023-06-23,2023,a015b02d-845c-40c1-8ef4-844984f47e4d,a015b02d-845c-40c1-8ef4-844984f47e4d,6f017f37-be96-4bdc-b6d3-0a0429c72e89,6f017f37-be96-4bdc-b6d3-0a0429c72e89,0,0,0.2750845546786922,0.3212192262602579,0.7249154453213078,0.6787807737397421,0.15258137673425826,0.18011161846778287,13,season_to_date,99fe1ccd-3cf0-4b6f-9454-392c22f38aa0,2023-06-21 02:00:00+00:00
3ff7a268-6c59-4ca6-b142-5989e9e01125,2023-06-23 02:00:00+00:00,2023-06-23,2023,d6a012ed-84aa-48d3-8265-2d3f3ff2199a,d6a012ed-84aa-48d3-8265-2d3f3ff2199a,f073a15f-0486-4179-b0a3-dfd0294eb595,f073a15f-0486-4179-b0a3-dfd0294eb595,1,0,0.35656836461126007,0.32054794520547947,0.6434316353887399,0.6794520547945205,0.15703140628125625,0.1670061099796334,11,season_to_date,99fe1ccd-3cf0-4b6f-9454-392c22f38aa0,2023-06-21 02:00:00+00:00
3ff7a268-6c59-4ca6-b142-5989e9e01125,2023-06-23 02:00:00+00:00,2023-06-23,2023,f073a15f-0486-4179-b0a3-dfd0294eb595,f073a15f-0486-4179-b0a3-dfd0294eb595,d6a012ed-84aa-48d3-8265-2d3f3ff2199a,d6a012ed-84aa-48d3-8265-2d3f3ff2199a,0,0,0.28811369509043927,0.31501340482573725,0.7118863049095607,0.6849865951742627,0.14496782905711336,0.13677257254011996,11,season_to_date,70fbf745-fe74-4329-ad76-985f7d61f75d,2023-06-18 20:00:00+00:00
d6e4276d-b22f-4580-b151-49d48c2fd0d6,2023-06-23 23:30:00+00:00,2023-06-23,2023,08ed8274-e29f-4248-bc2e-83cc8ed18d75,08ed8274-e29f-4248-bc2e-83cc8ed18d75,5d70a9af-8c2b-4aec-9e68-9acc6ddb93e4,5d70a9af-8c2b-4aec-9e68-9acc6ddb93e4,0,0,0.39762611275964393,0.3067047075606277,0.6023738872403561,0.6932952924393724,0.16426049255799402,0.14815460368643513,10,season_to_date,0cd1b4ea-2ba4-49ef-ba5a-6d52d94adb19,2023-06-18 16:00:00+00:00
d6e4276d-b22f-4580-b151-49d48c2fd0d6,2023-06-23 23:30:00+00:00,2023-06-23,2023,5d70a9af-8c2b-4aec-9e68-9acc6ddb93e4,5d70a9af-8c2b-4aec-9e68-9acc6ddb93e4,08ed8274-e29f-4248-bc2e-83cc8ed18d75,08ed8274-e29f-4248-bc2e-83cc8ed18d75,1,0,0.290956749672346,0.30730478589420657,0.709043250327654,0.6926952141057935,0.17380237814838734,0.14778974320355445,11,season_to_date,29a365d9-0f1d-4415-9d33-0fe5d01cf17b,2023-06-21 00:00:00+00:00
f6ea66b1-b363-4605-83c2-47c1a1066fba,2023-06-24 02:00:00+00:00,2023-06-24,2023,0a5ad38d-2fe3-43ba-894b-1ba3d5042ea9,0a5ad38d-2fe3-43ba-894b-1ba3d5042ea9,5f0b5caf-708b-4300-92f2-53b51d83ec06,5f0b5caf-708b-4300-92f2-53b51d83ec06,1,0,0.31435643564356436,0.3504492939666239,0.6856435643564357,0.6495507060333762,0.15302865297232343,0.1810234861559241,12,season_to_date,764a36ac-2f57-4d54-b378-7a02be89bf77,2023-06-21 02:00:00+00:00
f6ea66b1-b363-4605-83c2-47c1a1066fba,2023-06-24 02:00:00+00:00,2023-06-24,2023,5f0b5caf-708b-4300-92f2-53b51d83ec06,5f0b5caf-708b-4300-92f2-53b51d83ec06,0a5ad38d-2fe3-43ba-894b-1ba3d5042ea9,0a5ad38d-2fe3-43ba-894b-1ba3d5042ea9,0,0,0.33631284916201115,0.33495736906211937,0.6636871508379888,0.6650426309378806,0.13892223784859192,0.16544446431765336,12,season_to_date,29a365d9-0f1d-4415-9d33-0fe5d01cf17b,2023-06-21 00:00:00+00:00
65b36ab3-ae39-4d23-917a-3fdd38a06cdf,2023-06-25 01:00:00+00:00,2023-06-25,2023,0699edf3-5993-4182-b9b4-ec935cbd4fcc,0699edf3-5993-4182-b9b4-ec935cbd4fcc,d6a012ed-84aa-48d3-8265-2d3f3ff2199a,d6a012ed-84aa-48d3-8265-2d3f3ff2199a,0,0,0.3502906976744186,0.32947232947232946,0.6497093023255814,0.6705276705276705,0.19606224460312874,0.13967026097827784,11,season_to_date,8894361c-76f7-4e72-827c-25438405cf7d,2023-06-21 19:30:00+00:00
65b36ab3-ae39-4d23-917a-3fdd38a06cdf,2023-06-25 01:00:00+00:00,2023-06-25,2023,d6a012ed-84aa-48d3-8265-2d3f3ff2199a,d6a012ed-84aa-48d3-8265-2d3f3ff2199a,0699edf3-5993-4182-b9b4-ec935cbd4fcc,0699edf3-5993-4182-b9b4-ec935cbd4fcc,1,0,0.3597560975609756,0.32040050062578224,0.6402439024390244,0.6795994993742178,0.15309302922518425,0.17088936770933946,12,season_to_date,3ff7a268-6c59-4ca6-b142-5989e9e01125,2023-06-23 02:00:00+00:00
6b99c094-3ce6-4343-8b1f-b134b271ef3b,2023-06-25 01:00:00+00:00,2023-06-25,2023,171b097d-01db-4ae8-9d56-035689402ec6,FR_LVA_ACES,f073a15f-0486-4179-b0a3-dfd0294eb595,f073a15f-0486-4179-b0a3-dfd0294eb595,1,0,0.3462940461725395,0.29603729603729606,0.6537059538274606,0.703962703962704,0.13923672111538896,0.15,12,season_to_date,8894361c-76f7-4e72-827c-25438405cf7d,2023-06-21 19:30:00+00:00
6b99c094-3ce6-4343-8b1f-b134b271ef3b,2023-06-25 01:00:00+00:00,2023-06-25,2023,f073a15f-0486-4179-b0a3-dfd0294eb595,f073a15f-0486-4179-b0a3-dfd0294eb595,171b097d-01db-4ae8-9d56-035689402ec6,FR_LVA_ACES,0,0,0.29062870699881377,0.32195121951219513,0.7093712930011863,0.6780487804878049,0.15065708269803235,0.13449836746809143,12,season_to_date,3ff7a268-6c59-4ca6-b142-5989e9e01125,2023-06-23 02:00:00+00:00
1b7a4ff7-2532-4ecb-8cd2-fa37438dfb78,2023-06-25 17:00:00+00:00,2023-06-25,2023,3c409388-ab73-4c7f-953d-3a71062240f6,3c409388-ab73-4c7f-953d-3a71062240f6,a015b02d-845c-40c1-8ef4-844984f47e4d,a015b02d-845c-40c1-8ef4-844984f47e4d,0,0,0.3002232142857143,0.2876557191392978,0.6997767857142857,0.7123442808607021,0.1659779147754217,0.15342155787164016,13,season_to_date,a8ad354d-8b44-4244-a56e-fd528eff9099,2023-06-23 00:00:00+00:00
1b7a4ff7-2532-4ecb-8cd2-fa37438dfb78,2023-06-25 17:00:00+00:00,2023-06-25,2023,a015b02d-845c-40c1-8ef4-844984f47e4d,a015b02d-845c-40c1-8ef4-844984f47e4d,3c409388-ab73-4c7f-953d-3a71062240f6,3c409388-ab73-4c7f-953d-3a71062240f6,1,0,0.2840549102428722,0.3186221743810549,0.7159450897571278,0.6813778256189451,0.15383181055379452,0.173986645349384,14,season_to_date,f9d3aad2-45ac-4f65-8e75-734ac3de27eb,2023-06-23 00:00:00+00:00
a4ffc2eb-2c02-44fc-8b74-77c4eec827f6,2023-06-25 17:00:00+00:00,2023-06-25,2023,08ed8274-e29f-4248-bc2e-83cc8ed18d75,08ed8274-e29f-4248-bc2e-83cc8ed18d75,5c0d47fe-8539-47b0-9f36-d0b3609ca89b,5c0d47fe-8539-47b0-9f36-d0b3609ca89b,1,0,0.4050802139037433,0.2951885565669701,0.5949197860962567,0.7048114434330299,0.16268326973287808,0.1532657392124499,11,season_to_date,d6e4276d-b22f-4580-b151-49d48c2fd0d6,2023-06-23 23:30:00+00:00
a4ffc2eb-2c02-44fc-8b74-77c4eec827f6,2023-06-25 17:00:00+00:00,2023-06-25,2023,5c0d47fe-8539-47b0-9f36-d0b3609ca89b,5c0d47fe-8539-47b0-9f36-d0b3609ca89b,08ed8274-e29f-4248-bc2e-83cc8ed18d75,08ed8274-e29f-4248-bc2e-83cc8ed18d75,0,0,0.3468354430379747,0.34675324675324676,0.6531645569620254,0.6532467532467533,0.15701853953840333,0.18480492813141683,12,season_to_date,a8ad354d-8b44-4244-a56e-fd528eff9099,2023-06-23 00:00:00+00:00
7551f82b-54ef-41a8-b2c7-7819f86dae14,2023-06-25 19:00:00+00:00,2023-06-25,2023,0a5ad38d-2fe3-43ba-894b-1ba3d5042ea9,0a5ad38d-2fe3-43ba-894b-1ba3d5042ea9,5f0b5caf-708b-4300-92f2-53b51d83ec06,5f0b5caf-708b-4300-92f2-53b51d83ec06,1,0,0.30839002267573695,0.3498233215547703,0.691609977324263,0.6501766784452296,0.15204095656954372,0.1830463029803032,13,season_to_date,f6ea66b1-b363-4605-83c2-47c1a1066fba,2023-06-24 02:00:00+00:00
7551f82b-54ef-41a8-b2c7-7819f86dae14,2023-06-25 19:00:00+00:00,2023-06-25,2023,5f0b5caf-708b-4300-92f2-53b51d83ec06,5f0b5caf-708b-4300-92f2-53b51d83ec06,0a5ad38d-2fe3-43ba-894b-1ba3d5042ea9,0a5ad38d-2fe3-43ba-894b-1ba3d5042ea9,0,0,0.33678756476683935,0.32737430167597764,0.6632124352331606,0.6726256983240223,0.1440329218106996,0.16348997699638515,13,season_to_date,f6ea66b1-b363-4605-83c2-47c1a1066fba,2023-06-24 02:00:00+00:00
8b4fb2db-570b-423c-9210-fa72bf4605d8,2023-06-27 02:00:00+00:00,2023-06-27,2023,171b097d-01db-4ae8-9d56-035689402ec6,FR_LVA_ACES,f073a15f-0486-4179-b0a3-dfd0294eb595,f073a15f-0486-4179-b0a3-dfd0294eb595,1,0,0.34723788049605414,0.2915766738660907,0.6527621195039459,0.7084233261339092,0.13977566867989646,0.15131136516476126,13,season_to_date,6b99c094-3ce6-4343-8b1f-b134b271ef3b,2023-06-25 01:00:00+00:00
8b4fb2db-570b-423c-9210-fa72bf4605d8,2023-06-27 02:00:00+00:00,2023-06-27,2023,f073a15f-0486-4179-b0a3-dfd0294eb595,f073a15f-0486-4179-b0a3-dfd0294eb595,171b097d-01db-4ae8-9d56-035689402ec6,FR_LVA_ACES,0,0,0.2864983534577388,0.3246606334841629,0.7135016465422612,0.6753393665158371,0.15191700799033103,0.1353945293754713,13,season_to_date,6b99c094-3ce6-4343-8b1f-b134b271ef3b,2023-06-25 01:00:00+00:00
0314ee9f-6de3-4960-a819-4e0825b56f2b,2023-06-27 23:00:00+00:00,2023-06-27,2023,08ed8274-e29f-4248-bc2e-83cc8ed18d75,08ed8274-e29f-4248-bc2e-83cc8ed18d75,a015b02d-845c-40c1-8ef4-844984f47e4d,a015b02d-845c-40c1-8ef4-844984f47e4d,0,0,0.41169305724725946,0.29594272076372313,0.5883069427527405,0.7040572792362768,0.1644617285745439,0.15408737024221453,12,season_to_date,a4ffc2eb-2c02-44fc-8b74-77c4eec827f6,2023-06-25 17:00:00+00:00
0314ee9f-6de3-4960-a819-4e0825b56f2b,2023-06-27 23:00:00+00:00,2023-06-27,2023,a015b02d-845c-40c1-8ef4-844984f47e4d,a015b02d-845c-40c1-8ef4-844984f47e4d,08ed8274-e29f-4248-bc2e-83cc8ed18d75,08ed8274-e29f-4248-bc2e-83cc8ed18d75,1,0,0.28237585199610515,0.3158953722334004,0.7176241480038948,0.6841046277665996,0.15367078379314325,0.1762417363833148,15,season_to_date,1b7a4ff7-2532-4ecb-8cd2-fa37438dfb78,2023-06-25 17:00:00+00:00
6e71a95a-9ae7-4d0b-9955-758099f628ec,2023-06-28 00:00:00+00:00,2023-06-28,2023,6f017f37-be96-4bdc-b6d3-0a0429c72e89,6f017f37-be96-4bdc-b6d3-0a0429c72e89,d6a012ed-84aa-48d3-8265-2d3f3ff2199a,d6a012ed-84aa-48d3-8265-2d3f3ff2199a,1,0,0.31981460023174973,0.3924914675767918,0.6801853997682503,0.6075085324232082,0.1583044982698962,0.1436325825667054,13,season_to_date,f9d3aad2-45ac-4f65-8e75-734ac3de27eb,2023-06-23 00:00:00+00:00
6e71a95a-9ae7-4d0b-9955-758099f628ec,2023-06-28 00:00:00+00:00,2023-06-28,2023,d6a012ed-84aa-48d3-8265-2d3f3ff2199a,d6a012ed-84aa-48d3-8265-2d3f3ff2199a,6f017f37-be96-4bdc-b6d3-0a0429c72e89,6f017f37-be96-4bdc-b6d3-0a0429c72e89,0,0,0.36824324324324326,0.3192982456140351,0.6317567567567568,0.6807017543859649,0.15090884427563755,0.17607448380114749,13,season_to_date,65b36ab3-ae39-4d23-917a-3fdd38a06cdf,2023-06-25 01:00:00+00:00
c49cefc3-73d6-44ca-ae6d-9296b63384f1,2023-06-28 02:00:00+00:00,2023-06-28,2023,0699edf3-5993-4182-b9b4-ec935cbd4fcc,0699edf3-5993-4182-b9b4-ec935cbd4fcc,5f0b5caf-708b-4300-92f2-53b51d83ec06,5f0b5caf-708b-4300-92f2-53b51d83ec06,1,0,0.3467741935483871,0.3408284023668639,0.6532258064516129,0.659171597633136,0.19968958207147186,0.13842447776219755,12,season_to_date,65b36ab3-ae39-4d23-917a-3fdd38a06cdf,2023-06-25 01:00:00+00:00
c49cefc3-73d6-44ca-ae6d-9296b63384f1,2023-06-28 02:00:00+00:00,2023-06-28,2023,5f0b5caf-708b-4300-92f2-53b51d83ec06,5f0b5caf-708b-4300-92f2-53b51d83ec06,0699edf3-5993-4182-b9b4-ec935cbd4fcc,0699edf3-5993-4182-b9b4-ec935cbd4fcc,0,0,0.33461909353905495,0.32601880877742945,0.665380906460945,0.6739811912225705,0.14384349827387802,0.16309841036478911,14,season_to_date,7551f82b-54ef-41a8-b2c7-7819f86dae14,2023-06-25 19:00:00+00:00
b793e262-c84c-4e39-ac0d-b7fc47700c51,2023-06-28 16:00:00+00:00,2023-06-28,2023,0a5ad38d-2fe3-43ba-894b-1ba3d5042ea9,0a5ad38d-2fe3-43ba-894b-1ba3d5042ea9,3c409388-ab73-4c7f-953d-3a71062240f6,3c409388-ab73-4c7f-953d-3a71062240f6,0,0,0.3082627118644068,0.3463626492942454,0.6917372881355932,0.6536373507057546,0.1524438910704594,0.1799821610601427,14,season_to_date,7551f82b-54ef-41a8-b2c7-7819f86dae14,2023-06-25 19:00:00+00:00
b793e262-c84c-4e39-ac0d-b7fc47700c51,2023-06-28 16:00:00+00:00,2023-06-28,2023,3c409388-ab73-4c7f-953d-3a71062240f6,3c409388-ab73-4c7f-953d-3a71062240f6,0a5ad38d-2fe3-43ba-894b-1ba3d5042ea9,0a5ad38d-2fe3-43ba-894b-1ba3d5042ea9,1,0,0.29864724245577523,0.28556593977154726,0.7013527575442248,0.7144340602284528,0.16897733345908392,0.1532772896782757,14,season_to_date,1b7a4ff7-2532-4ecb-8cd2-fa37438dfb78,2023-06-25 17:00:00+00:00
1b2d57dd-97a5-4b26-8c0e-9dcfdb6566d1,2023-06-28 23:00:00+00:00,2023-06-28,2023,5c0d47fe-8539-47b0-9f36-d0b3609ca89b,5c0d47fe-8539-47b0-9f36-d0b3609ca89b,5d70a9af-8c2b-4aec-9e68-9acc6ddb93e4,5d70a9af-8c2b-4aec-9e68-9acc6ddb93e4,1,0,0.34342258440046564,0.3582443653618031,0.6565774155995343,0.641755634638197,0.1575118351434141,0.18449870765882195,13,season_to_date,a4ffc2eb-2c02-44fc-8b74-77c4eec827f6,2023-06-25 17:00:00+00:00
1b2d57dd-97a5-4b26-8c0e-9dcfdb6566d1,2023-06-28 23:00:00+00:00,2023-06-28,2023,5d70a9af-8c2b-4aec-9e68-9acc6ddb93e4,5d70a9af-8c2b-4aec-9e68-9acc6ddb93e4,5c0d47fe-8539-47b0-9f36-d0b3609ca89b,5c0d47fe-8539-47b0-9f36-d0b3609ca89b,0,0,0.2815884476534296,0.32142857142857145,0.7184115523465704,0.6785714285714286,0.17609299097848716,0.14786795048143053,12,season_to_date,d6e4276d-b22f-4580-b151-49d48c2fd0d6,2023-06-23 23:30:00+00:00
1ab3ca58-1b82-4ae7-8209-0a93881f4c43,2023-06-30 02:00:00+00:00,2023-06-30,2023,6f017f37-be96-4bdc-b6d3-0a0429c72e89,6f017f37-be96-4bdc-b6d3-0a0429c72e89,d6a012ed-84aa-48d3-8265-2d3f3ff2199a,d6a012ed-84aa-48d3-8265-2d3f3ff2199a,0,0,0.3148936170212766,0.3945435466946485,0.6851063829787234,0.6054564533053515,0.15309394036550178,0.13911620294599017,14,season_to_date,6e71a95a-9ae7-4d0b-9955-758099f628ec,2023-06-28 00:00:00+00:00
1ab3ca58-1b82-4ae7-8209-0a93881f4c43,2023-06-30 02:00:00+00:00,2023-06-30,2023,d6a012ed-84aa-48d3-8265-2d3f3ff2199a,d6a012ed-84aa-48d3-8265-2d3f3ff2199a,6f017f37-be96-4bdc-b6d3-0a0429c72e89,6f017f37-be96-4bdc-b6d3-0a0429c72e89,1,0,0.37214137214137216,0.3143776824034335,0.6278586278586279,0.6856223175965666,0.1460510941990084,0.16960219129216167,14,season_to_date,6e71a95a-9ae7-4d0b-9955-758099f628ec,2023-06-28 00:00:00+00:00
1ff0c1ff-5389-4ed5-84de-b4fb1cd5d304,2023-06-30 02:00:00+00:00,2023-06-30,2023,0699edf3-5993-4182-b9b4-ec935cbd4fcc,0699edf3-5993-4182-b9b4-ec935cbd4fcc,f073a15f-0486-4179-b0a3-dfd0294eb595,f073a15f-0486-4179-b0a3-dfd0294eb595,1,0,0.3470661672908864,0.33443344334433445,0.6529338327091136,0.6655665566556656,0.20095475446663624,0.14253801013603626,13,season_to_date,c49cefc3-73d6-44ca-ae6d-9296b63384f1,2023-06-28 02:00:00+00:00
1ff0c1ff-5389-4ed5-84de-b4fb1cd5d304,2023-06-30 02:00:00+00:00,2023-06-30,2023,f073a15f-0486-4179-b0a3-dfd0294eb595,f073a15f-0486-4179-b0a3-dfd0294eb595,0699edf3-5993-4182-b9b4-ec935cbd4fcc,0699edf3-5993-4182-b9b4-ec935cbd4fcc,0,0,0.2861476238624874,0.3273684210526316,0.7138523761375126,0.6726315789473685,0.14688966953710322,0.13795509323861474,14,season_to_date,8b4fb2db-570b-423c-9210-fa72bf4605d8,2023-06-27 02:00:00+00:00
b999545b-8423-48aa-a1d7-a872ca763c14,2023-06-30 02:00:00+00:00,2023-06-30,2023,08ed8274-e29f-4248-bc2e-83cc8ed18d75,08ed8274-e29f-4248-bc2e-83cc8ed18d75,171b097d-01db-4ae8-9d56-035689402ec6,FR_LVA_ACES,0,0,0.40179573512906847,0.29116684841875684,0.5982042648709316,0.7088331515812432,0.1602401916135344,0.14667644509633976,13,season_to_date,0314ee9f-6de3-4960-a819-4e0825b56f2b,2023-06-27 23:00:00+00:00
b999545b-8423-48aa-a1d7-a872ca763c14,2023-06-30 02:00:00+00:00,2023-06-30,2023,171b097d-01db-4ae8-9d56-035689402ec6,FR_LVA_ACES,08ed8274-e29f-4248-bc2e-83cc8ed18d75,08ed8274-e29f-4248-bc2e-83cc8ed18d75,1,0,0.3483735571878279,0.2908366533864542,0.6516264428121721,0.7091633466135459,0.14202278747646252,0.14632172099249713,14,season_to_date,8b4fb2db-570b-423c-9210-fa72bf4605d8,2023-06-27 02:00:00+00:00
d51aca82-4ad4-4d36-b79b-637a77491bf0,2023-06-30 23:30:00+00:00,2023-06-30,2023,5c0d47fe-8539-47b0-9f36-d0b3609ca89b,5c0d47fe-8539-47b0-9f36-d0b3609ca89b,5d70a9af-8c2b-4aec-9e68-9acc6ddb93e4,5d70a9af-8c2b-4aec-9e68-9acc6ddb93e4,0,0,0.34012875536480686,0.3456924754634678,0.6598712446351931,0.6543075245365322,0.1565812295239931,0.17860500094002632,14,season_to_date,1b2d57dd-97a5-4b26-8c0e-9dcfdb6566d1,2023-06-28 23:00:00+00:00
d51aca82-4ad4-4d36-b79b-637a77491bf0,2023-06-30 23:30:00+00:00,2023-06-30,2023,5d70a9af-8c2b-4aec-9e68-9acc6ddb93e4,5d70a9af-8c2b-4aec-9e68-9acc6ddb93e4,5c0d47fe-8539-47b0-9f36-d0b3609ca89b,5c0d47fe-8539-47b0-9f36-d0b3609ca89b,1,0,0.2751381215469613,0.3198724760892667,0.7248618784530386,0.6801275239107333,0.17076284711139483,0.1476846852569396,13,season_to_date,1b2d57dd-97a5-4b26-8c0e-9dcfdb6566d1,2023-06-28 23:00:00+00:00
4ee8ba73-6c59-4bf3-97f4-75bac2ec596a,2023-07-01 00:00:00+00:00,2023-07-01,2023,0a5ad38d-2fe3-43ba-894b-1ba3d5042ea9,0a5ad38d-2fe3-43ba-894b-1ba3d5042ea9,3c409388-ab73-4c7f-953d-3a71062240f6,3c409388-ab73-4c7f-953d-3a71062240f6,0,0,0.3018867924528302,0.3444782168186423,0.6981132075471698,0.6555217831813577,0.1557052179873052,0.1778379665456277,15,season_to_date,b793e262-c84c-4e39-ac0d-b7fc47700c51,2023-06-28 16:00:00+00:00
4ee8ba73-6c59-4bf3-97f4-75bac2ec596a,2023-07-01 00:00:00+00:00,2023-07-01,2023,3c409388-ab73-4c7f-953d-3a71062240f6,3c409388-ab73-4c7f-953d-3a71062240f6,0a5ad38d-2fe3-43ba-894b-1ba3d5042ea9,0a5ad38d-2fe3-43ba-894b-1ba3d5042ea9,1,0,0.29990262901655307,0.2807017543859649,0.7000973709834469,0.7192982456140351,0.16757312950169045,0.15645294603849333,15,season_to_date,b793e262-c84c-4e39-ac0d-b7fc47700c51,2023-06-28 16:00:00+00:00
3dca1635-e03e-455c-b84d-fef11bf2b115,2023-07-01 19:00:00+00:00,2023-07-01,2023,171b097d-01db-4ae8-9d56-035689402ec6,FR_LVA_ACES,a015b02d-845c-40c1-8ef4-844984f47e4d,a015b02d-845c-40c1-8ef4-844984f47e4d,1,0,0.34540117416829746,0.29186155285313375,0.6545988258317026,0.7081384471468662,0.13935507072644449,0.14926025163094128,15,season_to_date,b999545b-8423-48aa-a1d7-a872ca763c14,2023-06-30 02:00:00+00:00
3dca1635-e03e-455c-b84d-fef11bf2b115,2023-07-01 19:00:00+00:00,2023-07-01,2023,a015b02d-845c-40c1-8ef4-844984f47e4d,a015b02d-845c-40c1-8ef4-844984f47e4d,171b097d-01db-4ae8-9d56-035689402ec6,FR_LVA_ACES,0,0,0.2793851717902351,0.31390977443609025,0.720614828209765,0.6860902255639098,0.14767246518181326,0.17210519069255129,16,season_to_date,0314ee9f-6de3-4960-a819-4e0825b56f2b,2023-06-27 23:00:00+00:00
d788aad0-f186-4ff5-a987-1c68872a0236,2023-07-02 02:00:00+00:00,2023-07-02,2023,0699edf3-5993-4182-b9b4-ec935cbd4fcc,0699edf3-5993-4182-b9b4-ec935cbd4fcc,6f017f37-be96-4bdc-b6d3-0a0429c72e89,6f017f37-be96-4bdc-b6d3-0a0429c72e89,1,0,0.34335260115606936,0.327217125382263,0.6566473988439306,0.672782874617737,0.1997391162563183,0.14538930305936215,14,season_to_date,1ff0c1ff-5389-4ed5-84de-b4fb1cd5d304,2023-06-30 02:00:00+00:00
d788aad0-f186-4ff5-a987-1c68872a0236,2023-07-02 02:00:00+00:00,2023-07-02,2023,6f017f37-be96-4bdc-b6d3-0a0429c72e89,6f017f37-be96-4bdc-b6d3-0a0429c72e89,0699edf3-5993-4182-b9b4-ec935cbd4fcc,0699edf3-5993-4182-b9b4-ec935cbd4fcc,0,0,0.3169291338582677,0.3876567020250723,0.6830708661417323,0.6123432979749277,0.1494868362338242,0.14174716505669888,15,season_to_date,1ab3ca58-1b82-4ae7-8209-0a93881f4c43,2023-06-30 02:00:00+00:00
506a3cd1-ce88-4eeb-9256-50d299c70ad8,2023-07-02 19:00:00+00:00,2023-07-02,2023,5c0d47fe-8539-47b0-9f36-d0b3609ca89b,5c0d47fe-8539-47b0-9f36-d0b3609ca89b,5f0b5caf-708b-4300-92f2-53b51d83ec06,5f0b5caf-708b-4300-92f2-53b51d83ec06,0,0,0.33600802407221664,0.33468559837728196,0.6639919759277834,0.665314401622718,0.1570915619389587,0.1740478558474229,15,season_to_date,d51aca82-4ad4-4d36-b79b-637a77491bf0,2023-06-30 23:30:00+00:00
506a3cd1-ce88-4eeb-9256-50d299c70ad8,2023-07-02 19:00:00+00:00,2023-07-02,2023,5f0b5caf-708b-4300-92f2-53b51d83ec06,5f0b5caf-708b-4300-92f2-53b51d83ec06,5c0d47fe-8539-47b0-9f36-d0b3609ca89b,5c0d47fe-8539-47b0-9f36-d0b3609ca89b,1,0,0.329700272479564,0.32741617357001973,0.670299727520436,0.6725838264299803,0.14693651233712227,0.16632106445481248,15,season_to_date,c49cefc3-73d6-44ca-ae6d-9296b63384f1,2023-06-28 02:00:00+00:00
a38f4fdf-bcf7-455b-818c-393d7a5abc22,2023-07-02 19:00:00+00:00,2023-07-02,2023,0a5ad38d-2fe3-43ba-894b-1ba3d5042ea9,0a5ad38d-2fe3-43ba-894b-1ba3d5042ea9,5d70a9af-8c2b-4aec-9e68-9acc6ddb93e4,5d70a9af-8c2b-4aec-9e68-9acc6ddb93e4,0,0,0.2951582867783985,0.33745247148288976,0.7048417132216015,0.6625475285171103,0.1561628555493586,0.1784614523262975,16,season_to_date,4ee8ba73-6c59-4bf3-97f4-75bac2ec596a,2023-07-01 00:00:00+00:00
a38f4fdf-bcf7-455b-818c-393d7a5abc22,2023-07-02 19:00:00+00:00,2023-07-02,2023,5d70a9af-8c2b-4aec-9e68-9acc6ddb93e4,5d70a9af-8c2b-4aec-9e68-9acc6ddb93e4,0a5ad38d-2fe3-43ba-894b-1ba3d5042ea9,0a5ad38d-2fe3-43ba-894b-1ba3d5042ea9,1,0,0.26899383983572894,0.31709741550695825,0.731006160164271,0.6829025844930418,0.16665674662222488,0.14879189861423664,14,season_to_date,d51aca82-4ad4-4d36-b79b-637a77491bf0,2023-06-30 23:30:00+00:00
38e26100-5a7a-484a-ab7d-0b43739b0daf,2023-07-02 20:00:00+00:00,2023-07-02,2023,3c409388-ab73-4c7f-953d-3a71062240f6,3c409388-ab73-4c7f-953d-3a71062240f6,f073a15f-0486-4179-b0a3-dfd0294eb595,f073a15f-0486-4179-b0a3-dfd0294eb595,0,0,0.2957875457875458,0.2753888380603843,0.7042124542124543,0.7246111619396157,0.1687927170093251,0.1568589513253545,16,season_to_date,4ee8ba73-6c59-4bf3-97f4-75bac2ec596a,2023-07-01 00:00:00+00:00
38e26100-5a7a-484a-ab7d-0b43739b0daf,2023-07-02 20:00:00+00:00,2023-07-02,2023,f073a15f-0486-4179-b0a3-dfd0294eb595,f073a15f-0486-4179-b0a3-dfd0294eb595,3c409388-ab73-4c7f-953d-3a71062240f6,3c409388-ab73-4c7f-953d-3a71062240f6,1,0,0.2827521206409048,0.3254437869822485,0.7172478793590952,0.6745562130177515,0.14926670917627965,0.14091610300225466,15,season_to_date,1ff0c1ff-5389-4ed5-84de-b4fb1cd5d304,2023-06-30 02:00:00+00:00
f5e94511-6524-490d-bcd4-5e74f83501b2,2023-07-02 22:00:00+00:00,2023-07-02,2023,08ed8274-e29f-4248-bc2e-83cc8ed18d75,08ed8274-e29f-4248-bc2e-83cc8ed18d75,d6a012ed-84aa-48d3-8265-2d3f3ff2199a,d6a012ed-84aa-48d3-8265-2d3f3ff2199a,0,0,0.39539748953974896,0.2920892494929006,0.604602510460251,0.7079107505070994,0.16243957561679956,0.14360191052976617,14,season_to_date,b999545b-8423-48aa-a1d7-a872ca763c14,2023-06-30 02:00:00+00:00
f5e94511-6524-490d-bcd4-5e74f83501b2,2023-07-02 22:00:00+00:00,2023-07-02,2023,d6a012ed-84aa-48d3-8265-2d3f3ff2199a,d6a012ed-84aa-48d3-8265-2d3f3ff2199a,08ed8274-e29f-4248-bc2e-83cc8ed18d75,08ed8274-e29f-4248-bc2e-83cc8ed18d75,1,0,0.367112810707457,0.31646825396825395,0.6328871892925431,0.683531746031746,0.14803634147049433,0.16483354029921352,15,season_to_date,1ab3ca58-1b82-4ae7-8209-0a93881f4c43,2023-06-30 02:00:00+00:00
057f83fb-4cc0-4298-a7e3-fc4fabc34285,2023-07-05 23:00:00+00:00,2023-07-05,2023,0699edf3-5993-4182-b9b4-ec935cbd4fcc,0699edf3-5993-4182-b9b4-ec935cbd4fcc,08ed8274-e29f-4248-bc2e-83cc8ed18d75,08ed8274-e29f-4248-bc2e-83cc8ed18d75,0,0,0.341991341991342,0.323164918970448,0.658008658008658,0.6768350810295519,0.20417147367781893,0.1452564028444239,15,season_to_date,d788aad0-f186-4ff5-a987-1c68872a0236,2023-07-02 02:00:00+00:00
057f83fb-4cc0-4298-a7e3-fc4fabc34285,2023-07-05 23:00:00+00:00,2023-07-05,2023,08ed8274-e29f-4248-bc2e-83cc8ed18d75,08ed8274-e29f-4248-bc2e-83cc8ed18d75,0699edf3-5993-4182-b9b4-ec935cbd4fcc,0699edf3-5993-4182-b9b4-ec935cbd4fcc,1,0,0.3924050632911392,0.2978116079923882,0.6075949367088608,0.7021883920076119,0.16216136890610786,0.14863604569829797,15,season_to_date,f5e94511-6524-490d-bcd4-5e74f83501b2,2023-07-02 22:00:00+00:00
c3738364-929c-4d24-ac6e-b4aed6d98afd,2023-07-06 00:00:00+00:00,2023-07-06,2023,6f017f37-be96-4bdc-b6d3-0a0429c72e89,6f017f37-be96-4bdc-b6d3-0a0429c72e89,f073a15f-0486-4179-b0a3-dfd0294eb595,f073a15f-0486-4179-b0a3-dfd0294eb595,1,0,0.31365313653136534,0.3841240875912409,0.6863468634686347,0.6158759124087592,0.1490998272114152,0.1495492459347881,16,season_to_date,d788aad0-f186-4ff5-a987-1c68872a0236,2023-07-02 02:00:00+00:00
c3738364-929c-4d24-ac6e-b4aed6d98afd,2023-07-06 00:00:00+00:00,2023-07-06,2023,f073a15f-0486-4179-b0a3-dfd0294eb595,f073a15f-0486-4179-b0a3-dfd0294eb595,6f017f37-be96-4bdc-b6d3-0a0429c72e89,6f017f37-be96-4bdc-b6d3-0a0429c72e89,0,0,0.2807794508414526,0.33086876155268025,0.7192205491585474,0.6691312384473198,0.150237933378654,0.14132947172018157,16,season_to_date,38e26100-5a7a-484a-ab7d-0b43739b0daf,2023-07-02 20:00:00+00:00
49112c1c-7bbe-40f4-9089-96a0933ac39f,2023-07-06 02:00:00+00:00,2023-07-06,2023,5f0b5caf-708b-4300-92f2-53b51d83ec06,5f0b5caf-708b-4300-92f2-53b51d83ec06,171b097d-01db-4ae8-9d56-035689402ec6,FR_LVA_ACES,0,0,0.3276595744680851,0.32933579335793356,0.6723404255319149,0.6706642066420664,0.149425584765059,0.16285104197637645,16,season_to_date,506a3cd1-ce88-4eeb-9256-50d299c70ad8,2023-07-02 19:00:00+00:00
49112c1c-7bbe-40f4-9089-96a0933ac39f,2023-07-06 02:00:00+00:00,2023-07-06,2023,171b097d-01db-4ae8-9d56-035689402ec6,FR_LVA_ACES,5f0b5caf-708b-4300-92f2-53b51d83ec06,5f0b5caf-708b-4300-92f2-53b51d83ec06,1,0,0.3436928702010969,0.2914837576821773,0.6563071297989032,0.7085162423178226,0.13904804494256406,0.14824429566880723,16,season_to_date,3dca1635-e03e-455c-b84d-fef11bf2b115,2023-07-01 19:00:00+00:00
520ffb01-9eb6-4f2d-bdcd-20ffee653991,2023-07-06 02:00:00+00:00,2023-07-06,2023,0a5ad38d-2fe3-43ba-894b-1ba3d5042ea9,0a5ad38d-2fe3-43ba-894b-1ba3d5042ea9,5d70a9af-8c2b-4aec-9e68-9acc6ddb93e4,5d70a9af-8c2b-4aec-9e68-9acc6ddb93e4,1,0,0.2936021034180543,0.3357142857142857,0.7063978965819456,0.6642857142857143,0.15569802433599372,0.17575614490700664,17,season_to_date,a38f4fdf-bcf7-455b-818c-393d7a5abc22,2023-07-02 19:00:00+00:00
520ffb01-9eb6-4f2d-bdcd-20ffee653991,2023-07-06 02:00:00+00:00,2023-07-06,2023,5d70a9af-8c2b-4aec-9e68-9acc6ddb93e4,5d70a9af-8c2b-4aec-9e68-9acc6ddb93e4,0a5ad38d-2fe3-43ba-894b-1ba3d5042ea9,0a5ad38d-2fe3-43ba-894b-1ba3d5042ea9,0,0,0.2715930902111324,0.3140726933830382,0.7284069097888676,0.6859273066169618,0.16457876170106386,0.1487806903424032,15,season_to_date,a38f4fdf-bcf7-455b-818c-393d7a5abc22,2023-07-02 19:00:00+00:00
9c8972f1-5449-4d92-aba2-f0a1b8c94c6a,2023-07-06 23:00:00+00:00,2023-07-06,2023,a015b02d-845c-40c1-8ef4-844984f47e4d,a015b02d-845c-40c1-8ef4-844984f47e4d,d6a012ed-84aa-48d3-8265-2d3f3ff2199a,d6a012ed-84aa-48d3-8265-2d3f3ff2199a,1,0,0.27976190476190477,0.3142605633802817,0.7202380952380952,0.6857394366197183,0.1468147580748117,0.16978257501420235,17,season_to_date,3dca1635-e03e-455c-b84d-fef11bf2b115,2023-07-01 19:00:00+00:00
9c8972f1-5449-4d92-aba2-f0a1b8c94c6a,2023-07-06 23:00:00+00:00,2023-07-06,2023,d6a012ed-84aa-48d3-8265-2d3f3ff2199a,d6a012ed-84aa-48d3-8265-2d3f3ff2199a,a015b02d-845c-40c1-8ef4-844984f47e4d,a015b02d-845c-40c1-8ef4-844984f47e4d,0,0,0.36813681368136814,0.31881371640407785,0.6318631863186318,0.6811862835959221,0.15246392594609312,0.16442347717496877,16,season_to_date,f5e94511-6524-490d-bcd4-5e74f83501b2,2023-07-02 22:00:00+00:00
d9b53ac9-472e-4117-b050-b88ee2cbc4a5,2023-07-07 23:00:00+00:00,2023-07-07,2023,5c0d47fe-8539-47b0-9f36-d0b3609ca89b,5c0d47fe-8539-47b0-9f36-d0b3609ca89b,f073a15f-0486-4179-b0a3-dfd0294eb595,f073a15f-0486-4179-b0a3-dfd0294eb595,1,0,0.3373945641986879,0.3320754716981132,0.662605435801312,0.6679245283018868,0.15408320493066258,0.17476335545642477,16,season_to_date,506a3cd1-ce88-4eeb-9256-50d299c70ad8,2023-07-02 19:00:00+00:00
d9b53ac9-472e-4117-b050-b88ee2cbc4a5,2023-07-07 23:00:00+00:00,2023-07-07,2023,f073a15f-0486-4179-b0a3-dfd0294eb595,f073a15f-0486-4179-b0a3-dfd0294eb595,5c0d47fe-8539-47b0-9f36-d0b3609ca89b,5c0d47fe-8539-47b0-9f36-d0b3609ca89b,0,0,0.27773144286905754,0.33157894736842103,0.7222685571309424,0.6684210526315789,0.15215834697217676,0.1446979022077888,17,season_to_date,c3738364-929c-4d24-ac6e-b4aed6d98afd,2023-07-06 00:00:00+00:00
1fe0b1de-a3c0-4b07-acd6-1e93a7d3b580,2023-07-08 00:00:00+00:00,2023-07-08,2023,3c409388-ab73-4c7f-953d-3a71062240f6,3c409388-ab73-4c7f-953d-3a71062240f6,5d70a9af-8c2b-4aec-9e68-9acc6ddb93e4,5d70a9af-8c2b-4aec-9e68-9acc6ddb93e4,1,0,0.30258620689655175,0.2739018087855297,0.6974137931034483,0.7260981912144703,0.1675795513823683,0.15733902007697909,17,season_to_date,38e26100-5a7a-484a-ab7d-0b43739b0daf,2023-07-02 20:00:00+00:00
1fe0b1de-a3c0-4b07-acd6-1e93a7d3b580,2023-07-08 00:00:00+00:00,2023-07-08,2023,5d70a9af-8c2b-4aec-9e68-9acc6ddb93e4,5d70a9af-8c2b-4aec-9e68-9acc6ddb93e4,3c409388-ab73-4c7f-953d-3a71062240f6,3c409388-ab73-4c7f-953d-3a71062240f6,0,0,0.2768259693417493,0.31463628396143734,0.7231740306582507,0.6853637160385626,0.16228667155271698,0.14790586150277568,16,season_to_date,520ffb01-9eb6-4f2d-bdcd-20ffee653991,2023-07-06 02:00:00+00:00
8f39bda7-b0d2-42d7-98c8-8785a59aa03e,2023-07-08 00:00:00+00:00,2023-07-08,2023,0699edf3-5993-4182-b9b4-ec935cbd4fcc,0699edf3-5993-4182-b9b4-ec935cbd4fcc,6f017f37-be96-4bdc-b6d3-0a0429c72e89,6f017f37-be96-4bdc-b6d3-0a0429c72e89,0,0,0.33905146316851664,0.3267504488330341,0.6609485368314834,0.6732495511669659,0.2015327845586148,0.1474886339034423,16,season_to_date,057f83fb-4cc0-4298-a7e3-fc4fabc34285,2023-07-05 23:00:00+00:00
8f39bda7-b0d2-42d7-98c8-8785a59aa03e,2023-07-08 00:00:00+00:00,2023-07-08,2023,6f017f37-be96-4bdc-b6d3-0a0429c72e89,6f017f37-be96-4bdc-b6d3-0a0429c72e89,0699edf3-5993-4182-b9b4-ec935cbd4fcc,0699edf3-5993-4182-b9b4-ec935cbd4fcc,1,0,0.31523642732049034,0.3747855917667238,0.6847635726795096,0.6252144082332761,0.1520075479610022,0.1515710670603121,17,season_to_date,c3738364-929c-4d24-ac6e-b4aed6d98afd,2023-07-06 00:00:00+00:00
f7e7dc81-13d8-4571-baa7-c903c7857c4a,2023-07-08 00:00:00+00:00,2023-07-08,2023,5f0b5caf-708b-4300-92f2-53b51d83ec06,5f0b5caf-708b-4300-92f2-53b51d83ec06,171b097d-01db-4ae8-9d56-035689402ec6,FR_LVA_ACES,1,0,0.32537788385043753,0.32811140121845084,0.6746221161495625,0.6718885987815492,0.14614541468761416,0.16194435235010582,17,season_to_date,49112c1c-7bbe-40f4-9089-96a0933ac39f,2023-07-06 02:00:00+00:00
f7e7dc81-13d8-4571-baa7-c903c7857c4a,2023-07-08 00:00:00+00:00,2023-07-08,2023,171b097d-01db-4ae8-9d56-035689402ec6,FR_LVA_ACES,5f0b5caf-708b-4300-92f2-53b51d83ec06,5f0b5caf-708b-4300-92f2-53b51d83ec06,0,0,0.34167385677308026,0.2915642915642916,0.6583261432269197,0.7084357084357085,0.1394993814650067,0.1448643659299523,17,season_to_date,49112c1c-7bbe-40f4-9089-96a0933ac39f,2023-07-06 02:00:00+00:00
48a0484f-725e-4875-810a-a18021d1b9f7,2023-07-08 18:00:00+00:00,2023-07-08,2023,08ed8274-e29f-4248-bc2e-83cc8ed18d75,08ed8274-e29f-4248-bc2e-83cc8ed18d75,d6a012ed-84aa-48d3-8265-2d3f3ff2199a,d6a012ed-84aa-48d3-8265-2d3f3ff2199a,1,0,0.39194139194139194,0.29785330948121647,0.608058608058608,0.7021466905187835,0.1633314117873123,0.14957381706917275,16,season_to_date,057f83fb-4cc0-4298-a7e3-fc4fabc34285,2023-07-05 23:00:00+00:00
48a0484f-725e-4875-810a-a18021d1b9f7,2023-07-08 18:00:00+00:00,2023-07-08,2023,d6a012ed-84aa-48d3-8265-2d3f3ff2199a,d6a012ed-84aa-48d3-8265-2d3f3ff2199a,08ed8274-e29f-4248-bc2e-83cc8ed18d75,08ed8274-e29f-4248-bc2e-83cc8ed18d75,0,0,0.367572156196944,0.3126094570928196,0.6324278438030561,0.6873905429071804,0.15765823269589194,0.16613468682957458,17,season_to_date,9c8972f1-5449-4d92-aba2-f0a1b8c94c6a,2023-07-06 23:00:00+00:00
f7fc44f1-09cd-452b-991d-b1a3cf93a215,2023-07-09 19:00:00+00:00,2023-07-09,2023,5c0d47fe-8539-47b0-9f36-d0b3609ca89b,5c0d47fe-8539-47b0-9f36-d0b3609ca89b,a015b02d-845c-40c1-8ef4-844984f47e4d,a015b02d-845c-40c1-8ef4-844984f47e4d,0,0,0.33716814159292036,0.33035714285714285,0.6628318584070797,0.6696428571428571,0.1504871029912612,0.17397804010516005,17,season_to_date,d9b53ac9-472e-4117-b050-b88ee2cbc4a5,2023-07-07 23:00:00+00:00
f7fc44f1-09cd-452b-991d-b1a3cf93a215,2023-07-09 19:00:00+00:00,2023-07-09,2023,a015b02d-845c-40c1-8ef4-844984f47e4d,a015b02d-845c-40c1-8ef4-844984f47e4d,5c0d47fe-8539-47b0-9f36-d0b3609ca89b,5c0d47fe-8539-47b0-9f36-d0b3609ca89b,1,0,0.27602905569007263,0.3167082294264339,0.7239709443099274,0.683291770573566,0.1493277229638228,0.17369968175303063,18,season_to_date,9c8972f1-5449-4d92-aba2-f0a1b8c94c6a,2023-07-06 23:00:00+00:00
0d3e15dd-ec9f-423f-bb52-ee35f704c1d4,2023-07-09 20:00:00+00:00,2023-07-09,2023,5f0b5caf-708b-4300-92f2-53b51d83ec06,5f0b5caf-708b-4300-92f2-53b51d83ec06,f073a15f-0486-4179-b0a3-dfd0294eb595,f073a15f-0486-4179-b0a3-dfd0294eb595,0,0,0.3192452830188679,0.3333333333333333,0.6807547169811321,0.6666666666666666,0.14811655677993454,0.1644577730482732,18,season_to_date,f7e7dc81-13d8-4571-baa7-c903c7857c4a,2023-07-08 00:00:00+00:00
0d3e15dd-ec9f-423f-bb52-ee35f704c1d4,2023-07-09 20:00:00+00:00,2023-07-09,2023,f073a15f-0486-4179-b0a3-dfd0294eb595,f073a15f-0486-4179-b0a3-dfd0294eb595,5f0b5caf-708b-4300-92f2-53b51d83ec06,5f0b5caf-708b-4300-92f2-53b51d83ec06,1,0,0.27879269261318507,0.3316708229426434,0.7212073073868149,0.6683291770573566,0.1525353687588118,0.14183079400470705,18,season_to_date,d9b53ac9-472e-4117-b050-b88ee2cbc4a5,2023-07-07 23:00:00+00:00
37f15e16-9d60-42b5-8d8d-ad606d924c3f,2023-07-09 22:00:00+00:00,2023-07-09,2023,0699edf3-5993-4182-b9b4-ec935cbd4fcc,0699edf3-5993-4182-b9b4-ec935cbd4fcc,0a5ad38d-2fe3-43ba-894b-1ba3d5042ea9,0a5ad38d-2fe3-43ba-894b-1ba3d5042ea9,1,0,0.33840304182509506,0.3248515691263783,0.6615969581749049,0.6751484308736218,0.20262679221057134,0.14891223764603626,17,season_to_date,8f39bda7-b0d2-42d7-98c8-8785a59aa03e,2023-07-08 00:00:00+00:00
37f15e16-9d60-42b5-8d8d-ad606d924c3f,2023-07-09 22:00:00+00:00,2023-07-09,2023,0a5ad38d-2fe3-43ba-894b-1ba3d5042ea9,0a5ad38d-2fe3-43ba-894b-1ba3d5042ea9,0699edf3-5993-4182-b9b4-ec935cbd4fcc,0699edf3-5993-4182-b9b4-ec935cbd4fcc,0,0,0.29528535980148884,0.33698399326032014,0.7047146401985112,0.6630160067396799,0.1544850087747485,0.1729739113183216,18,season_to_date,520ffb01-9eb6-4f2d-bdcd-20ffee653991,2023-07-06 02:00:00+00:00
5e24b4bc-2736-4e17-a2e6-c9869c9928d1,2023-07-09 23:00:00+00:00,2023-07-09,2023,6f017f37-be96-4bdc-b6d3-0a0429c72e89,6f017f37-be96-4bdc-b6d3-0a0429c72e89,171b097d-01db-4ae8-9d56-035689402ec6,FR_LVA_ACES,1,0,0.3140016570008285,0.3724531377343113,0.6859983429991715,0.6275468622656887,0.15314600332333028,0.15527562983287604,18,season_to_date,8f39bda7-b0d2-42d7-98c8-8785a59aa03e,2023-07-08 00:00:00+00:00
5e24b4bc-2736-4e17-a2e6-c9869c9928d1,2023-07-09 23:00:00+00:00,2023-07-09,2023,171b097d-01db-4ae8-9d56-035689402ec6,FR_LVA_ACES,6f017f37-be96-4bdc-b6d3-0a0429c72e89,6f017f37-be96-4bdc-b6d3-0a0429c72e89,0,0,0.34618539786710417,0.287044220325834,0.6538146021328958,0.712955779674166,0.14328432594069274,0.147005444646098,18,season_to_date,f7e7dc81-13d8-4571-baa7-c903c7857c4a,2023-07-08 00:00:00+00:00
6f949566-e171-483d-bc74-e12162220342,2023-07-10 00:00:00+00:00,2023-07-10,2023,3c409388-ab73-4c7f-953d-3a71062240f6,3c409388-ab73-4c7f-953d-3a71062240f6,5d70a9af-8c2b-4aec-9e68-9acc6ddb93e4,5d70a9af-8c2b-4aec-9e68-9acc6ddb93e4,1,0,0.30537459283387625,0.27235772357723576,0.6946254071661238,0.7276422764227642,0.16757023164120255,0.1594309541329409,18,season_to_date,1fe0b1de-a3c0-4b07-acd6-1e93a7d3b580,2023-07-08 00:00:00+00:00
6f949566-e171-483d-bc74-e12162220342,2023-07-10 00:00:00+00:00,2023-07-10,2023,5d70a9af-8c2b-4aec-9e68-9acc6ddb93e4,5d70a9af-8c2b-4aec-9e68-9acc6ddb93e4,3c409388-ab73-4c7f-953d-3a71062240f6,3c409388-ab73-4c7f-953d-3a71062240f6,0,0,0.27504244482173174,0.31679073614557485,0.7249575551782682,0.6832092638544252,0.16410838556833324,0.14898175281341575,17,season_to_date,1fe0b1de-a3c0-4b07-acd6-1e93a7d3b580,2023-07-08 00:00:00+00:00
614b4308-5433-4cd8-89d7-dbc36fed922c,2023-07-11 23:00:00+00:00,2023-07-11,2023,5c0d47fe-8539-47b0-9f36-d0b3609ca89b,5c0d47fe-8539-47b0-9f36-d0b3609ca89b,d6a012ed-84aa-48d3-8265-2d3f3ff2199a,d6a012ed-84aa-48d3-8265-2d3f3ff2199a,1,0,0.3341729638958858,0.3333333333333333,0.6658270361041142,0.6666666666666666,0.15368468400929605,0.17214435708355716,18,season_to_date,f7fc44f1-09cd-452b-991d-b1a3cf93a215,2023-07-09 19:00:00+00:00
614b4308-5433-4cd8-89d7-dbc36fed922c,2023-07-11 23:00:00+00:00,2023-07-11,2023,d6a012ed-84aa-48d3-8265-2d3f3ff2199a,d6a012ed-84aa-48d3-8265-2d3f3ff2199a,5c0d47fe-8539-47b0-9f36-d0b3609ca89b,5c0d47fe-8539-47b0-9f36-d0b3609ca89b,0,0,0.37110933758978454,0.320364238410596,0.6288906624102155,0.679635761589404,0.15907890313595544,0.16537832614835737,18,season_to_date,48a0484f-725e-4875-810a-a18021d1b9f7,2023-07-08 18:00:00+00:00
a1f9b04f-f05a-49d8-9a96-05b7c09ec9f2,2023-07-12 02:00:00+00:00,2023-07-12,2023,0699edf3-5993-4182-b9b4-ec935cbd4fcc,0699edf3-5993-4182-b9b4-ec935cbd4fcc,171b097d-01db-4ae8-9d56-035689402ec6,FR_LVA_ACES,0,0,0.3345291479820628,0.32345876701361087,0.6654708520179372,0.6765412329863891,0.2027846565927124,0.14874473951530984,18,season_to_date,37f15e16-9d60-42b5-8d8d-ad606d924c3f,2023-07-09 22:00:00+00:00
a1f9b04f-f05a-49d8-9a96-05b7c09ec9f2,2023-07-12 02:00:00+00:00,2023-07-12,2023,171b097d-01db-4ae8-9d56-035689402ec6,FR_LVA_ACES,0699edf3-5993-4182-b9b4-ec935cbd4fcc,0699edf3-5993-4182-b9b4-ec935cbd4fcc,1,0,0.3570875290472502,0.28361498897869214,0.6429124709527498,0.7163850110213079,0.14274254435636088,0.14722731439046746,19,season_to_date,5e24b4bc-2736-4e17-a2e6-c9869c9928d1,2023-07-09 23:00:00+00:00
5e455bfa-242d-473a-b8ef-d9fb670d1e0d,2023-07-12 16:00:00+00:00,2023-07-12,2023,08ed8274-e29f-4248-bc2e-83cc8ed18d75,08ed8274-e29f-4248-bc2e-83cc8ed18d75,f073a15f-0486-4179-b0a3-dfd0294eb595,f073a15f-0486-4179-b0a3-dfd0294eb595,0,0,0.3955094991364421,0.30595138306789604,0.6044905008635578,0.694048616932104,0.16269542897145375,0.15160044008904128,17,season_to_date,48a0484f-725e-4875-810a-a18021d1b9f7,2023-07-08 18:00:00+00:00
5e455bfa-242d-473a-b8ef-d9fb670d1e0d,2023-07-12 16:00:00+00:00,2023-07-12,2023,f073a15f-0486-4179-b0a3-dfd0294eb595,f073a15f-0486-4179-b0a3-dfd0294eb595,08ed8274-e29f-4248-bc2e-83cc8ed18d75,08ed8274-e29f-4248-bc2e-83cc8ed18d75,1,0,0.27526395173454,0.3256916996047431,0.72473604826546,0.6743083003952569,0.15477560414269276,0.14276985264741135,19,season_to_date,0d3e15dd-ec9f-423f-bb52-ee35f704c1d4,2023-07-09 20:00:00+00:00
ee26a4fd-f1cb-4330-a474-f456be1c83a9,2023-07-12 16:00:00+00:00,2023-07-12,2023,3c409388-ab73-4c7f-953d-3a71062240f6,3c409388-ab73-4c7f-953d-3a71062240f6,a015b02d-845c-40c1-8ef4-844984f47e4d,a015b02d-845c-40c1-8ef4-844984f47e4d,1,0,0.3051498847040738,0.2689655172413793,0.6948501152959262,0.7310344827586207,0.16460040624781117,0.1577360241243331,19,season_to_date,6f949566-e171-483d-bc74-e12162220342,2023-07-10 00:00:00+00:00
ee26a4fd-f1cb-4330-a474-f456be1c83a9,2023-07-12 16:00:00+00:00,2023-07-12,2023,a015b02d-845c-40c1-8ef4-844984f47e4d,a015b02d-845c-40c1-8ef4-844984f47e4d,3c409388-ab73-4c7f-953d-3a71062240f6,3c409388-ab73-4c7f-953d-3a71062240f6,0,0,0.28144171779141103,0.314873417721519,0.718558282208589,0.685126582278481,0.14882320492782938,0.17550747061404523,19,season_to_date,f7fc44f1-09cd-452b-991d-b1a3cf93a215,2023-07-09 19:00:00+00:00
126793f3-fb16-4024-8894-1a7bc57f1d9e,2023-07-12 17:00:00+00:00,2023-07-12,2023,5f0b5caf-708b-4300-92f2-53b51d83ec06,5f0b5caf-708b-4300-92f2-53b51d83ec06,6f017f37-be96-4bdc-b6d3-0a0429c72e89,6f017f37-be96-4bdc-b6d3-0a0429c72e89,0,0,0.3143475126171593,0.3268025078369906,0.6856524873828407,0.6731974921630094,0.14869194978491793,0.16605588639486943,19,season_to_date,0d3e15dd-ec9f-423f-bb52-ee35f704c1d4,2023-07-09 20:00:00+00:00
126793f3-fb16-4024-8894-1a7bc57f1d9e,2023-07-12 17:00:00+00:00,2023-07-12,2023,6f017f37-be96-4bdc-b6d3-0a0429c72e89,6f017f37-be96-4bdc-b6d3-0a0429c72e89,5f0b5caf-708b-4300-92f2-53b51d83ec06,5f0b5caf-708b-4300-92f2-53b51d83ec06,1,0,0.308835027365129,0.38183217859892227,0.691164972634871,0.6181678214010777,0.1530396847734309,0.1540950311732477,19,season_to_date,5e24b4bc-2736-4e17-a2e6-c9869c9928d1,2023-07-09 23:00:00+00:00
06f98a7a-50a8-4c39-83ae-5ecbd7d048c5,2023-07-12 23:00:00+00:00,2023-07-12,2023,5d70a9af-8c2b-4aec-9e68-9acc6ddb93e4,5d70a9af-8c2b-4aec-9e68-9acc6ddb93e4,d6a012ed-84aa-48d3-8265-2d3f3ff2199a,d6a012ed-84aa-48d3-8265-2d3f3ff2199a,1,0,0.2713487629688747,0.3159126365054602,0.7286512370311253,0.6840873634945398,0.16214828986048246,0.14699020065328977,18,season_to_date,6f949566-e171-483d-bc74-e12162220342,2023-07-10 00:00:00+00:00
06f98a7a-50a8-4c39-83ae-5ecbd7d048c5,2023-07-12 23:00:00+00:00,2023-07-12,2023,d6a012ed-84aa-48d3-8265-2d3f3ff2199a,d6a012ed-84aa-48d3-8265-2d3f3ff2199a,5d70a9af-8c2b-4aec-9e68-9acc6ddb93e4,5d70a9af-8c2b-4aec-9e68-9acc6ddb93e4,0,0,0.375,0.32235294117647056,0.625,0.6776470588235294,0.1595150741745095,0.16504945610036886,19,season_to_date,614b4308-5433-4cd8-89d7-dbc36fed922c,2023-07-11 23:00:00+00:00
5b176599-dcf3-475f-a42a-565ba8dc4721,2023-07-13 02:00:00+00:00,2023-07-13,2023,0a5ad38d-2fe3-43ba-894b-1ba3d5042ea9,0a5ad38d-2fe3-43ba-894b-1ba3d5042ea9,171b097d-01db-4ae8-9d56-035689402ec6,FR_LVA_ACES,1,0,0.2955433932759969,0.3336,0.7044566067240031,0.6664,0.15403176685564354,0.17464835113139202,19,season_to_date,37f15e16-9d60-42b5-8d8d-ad606d924c3f,2023-07-09 22:00:00+00:00
5b176599-dcf3-475f-a42a-565ba8dc4721,2023-07-13 02:00:00+00:00,2023-07-13,2023,171b097d-01db-4ae8-9d56-035689402ec6,FR_LVA_ACES,0a5ad38d-2fe3-43ba-894b-1ba3d5042ea9,0a5ad38d-2fe3-43ba-894b-1ba3d5042ea9,0,0,0.3565663976522377,0.2830188679245283,0.6434336023477623,0.7169811320754716,0.13812154696132597,0.1457614534655195,20,season_to_date,a1f9b04f-f05a-49d8-9a96-05b7c09ec9f2,2023-07-12 02:00:00+00:00
db8017c4-8cd6-41bb-a936-8986993ada35,2023-07-18 23:00:00+00:00,2023-07-18,2023,5d70a9af-8c2b-4aec-9e68-9acc6ddb93e4,5d70a9af-8c2b-4aec-9e68-9acc6ddb93e4,6f017f37-be96-4bdc-b6d3-0a0429c72e89,6f017f37-be96-4bdc-b6d3-0a0429c72e89,1,0,0.27155824508320725,0.3157894736842105,0.7284417549167927,0.6842105263157895,0.16300864222089606,0.14674611261241308,19,season_to_date,06f98a7a-50a8-4c39-83ae-5ecbd7d048c5,2023-07-12 23:00:00+00:00
db8017c4-8cd6-41bb-a936-8986993ada35,2023-07-18 23:00:00+00:00,2023-07-18,2023,6f017f37-be96-4bdc-b6d3-0a0429c72e89,6f017f37-be96-4bdc-b6d3-0a0429c72e89,5d70a9af-8c2b-4aec-9e68-9acc6ddb93e4,5d70a9af-8c2b-4aec-9e68-9acc6ddb93e4,0,0,0.30985915492957744,0.3788098693759071,0.6901408450704225,0.6211901306240929,0.15384958416018193,0.14987808424490529,20,season_to_date,126793f3-fb16-4024-8894-1a7bc57f1d9e,2023-07-12 17:00:00+00:00
0386b07a-b8de-4283-9056-9c5a69cd9d47,2023-07-19 02:00:00+00:00,2023-07-19,2023,0699edf3-5993-4182-b9b4-ec935cbd4fcc,0699edf3-5993-4182-b9b4-ec935cbd4fcc,a015b02d-845c-40c1-8ef4-844984f47e4d,a015b02d-845c-40c1-8ef4-844984f47e4d,1,0,0.3308016877637131,0.32475397426192276,0.6691983122362869,0.6752460257380772,0.19830809049079756,0.14371780721118468,19,season_to_date,a1f9b04f-f05a-49d8-9a96-05b7c09ec9f2,2023-07-12 02:00:00+00:00
0386b07a-b8de-4283-9056-9c5a69cd9d47,2023-07-19 02:00:00+00:00,2023-07-19,2023,a015b02d-845c-40c1-8ef4-844984f47e4d,a015b02d-845c-40c1-8ef4-844984f47e4d,0699edf3-5993-4182-b9b4-ec935cbd4fcc,0699edf3-5993-4182-b9b4-ec935cbd4fcc,0,0,0.28186453022578295,0.3152337858220211,0.718135469774217,0.6847662141779789,0.14771856877120035,0.17691918858926178,20,season_to_date,ee26a4fd-f1cb-4330-a474-f456be1c83a9,2023-07-12 16:00:00+00:00
7cd3c781-fa37-435f-ba4e-a86a9cf58556,2023-07-19 15:30:00+00:00,2023-07-19,2023,5c0d47fe-8539-47b0-9f36-d0b3609ca89b,5c0d47fe-8539-47b0-9f36-d0b3609ca89b,f073a15f-0486-4179-b0a3-dfd0294eb595,f073a15f-0486-4179-b0a3-dfd0294eb595,1,0,0.3354531001589825,0.33945686900958466,0.6645468998410174,0.6605431309904153,0.15396276469752238,0.17191081475307354,19,season_to_date,614b4308-5433-4cd8-89d7-dbc36fed922c,2023-07-11 23:00:00+00:00
7cd3c781-fa37-435f-ba4e-a86a9cf58556,2023-07-19 15:30:00+00:00,2023-07-19,2023,f073a15f-0486-4179-b0a3-dfd0294eb595,f073a15f-0486-4179-b0a3-dfd0294eb595,5c0d47fe-8539-47b0-9f36-d0b3609ca89b,5c0d47fe-8539-47b0-9f36-d0b3609ca89b,0,0,0.2741477272727273,0.3345780433159074,0.7258522727272727,0.6654219566840927,0.15353399448796684,0.14652217184562646,20,season_to_date,5e455bfa-242d-473a-b8ef-d9fb670d1e0d,2023-07-12 16:00:00+00:00
bd8bf34b-ccad-4917-b047-c6e36a1006d2,2023-07-19 17:00:00+00:00,2023-07-19,2023,08ed8274-e29f-4248-bc2e-83cc8ed18d75,08ed8274-e29f-4248-bc2e-83cc8ed18d75,5f0b5caf-708b-4300-92f2-53b51d83ec06,5f0b5caf-708b-4300-92f2-53b51d83ec06,1,0,0.400974025974026,0.3027450980392157,0.599025974025974,0.6972549019607843,0.16552276089539933,0.150429112528168,18,season_to_date,5e455bfa-242d-473a-b8ef-d9fb670d1e0d,2023-07-12 16:00:00+00:00
bd8bf34b-ccad-4917-b047-c6e36a1006d2,2023-07-19 17:00:00+00:00,2023-07-19,2023,5f0b5caf-708b-4300-92f2-53b51d83ec06,5f0b5caf-708b-4300-92f2-53b51d83ec06,08ed8274-e29f-4248-bc2e-83cc8ed18d75,08ed8274-e29f-4248-bc2e-83cc8ed18d75,0,0,0.3151432469304229,0.32689450222882616,0.684856753069577,0.6731054977711739,0.14502430983035286,0.16621978069888604,20,season_to_date,126793f3-fb16-4024-8894-1a7bc57f1d9e,2023-07-12 17:00:00+00:00
ebba9df0-bb5b-41d5-bb91-433170231c26,2023-07-20 15:30:00+00:00,2023-07-20,2023,5d70a9af-8c2b-4aec-9e68-9acc6ddb93e4,5d70a9af-8c2b-4aec-9e68-9acc6ddb93e4,a015b02d-845c-40c1-8ef4-844984f47e4d,a015b02d-845c-40c1-8ef4-844984f47e4d,0,0,0.2812051649928264,0.3166077738515901,0.7187948350071736,0.6833922261484099,0.16243323941292737,0.14722333621799608,20,season_to_date,db8017c4-8cd6-41bb-a936-8986993ada35,2023-07-18 23:00:00+00:00
ebba9df0-bb5b-41d5-bb91-433170231c26,2023-07-20 15:30:00+00:00,2023-07-20,2023,a015b02d-845c-40c1-8ef4-844984f47e4d,a015b02d-845c-40c1-8ef4-844984f47e4d,5d70a9af-8c2b-4aec-9e68-9acc6ddb93e4,5d70a9af-8c2b-4aec-9e68-9acc6ddb93e4,1,0,0.2810320781032078,0.31988472622478387,0.7189679218967922,0.6801152737752162,0.1476408871018408,0.17680116183620634,21,season_to_date,0386b07a-b8de-4283-9056-9c5a69cd9d47,2023-07-19 02:00:00+00:00
cf57d68f-6895-4b88-9b81-528c661719ee,2023-07-21 00:00:00+00:00,2023-07-21,2023,0a5ad38d-2fe3-43ba-894b-1ba3d5042ea9,0a5ad38d-2fe3-43ba-894b-1ba3d5042ea9,6f017f37-be96-4bdc-b6d3-0a0429c72e89,6f017f37-be96-4bdc-b6d3-0a0429c72e89,0,0,0.29403095062638174,0.3330804248861912,0.7059690493736183,0.6669195751138088,0.15457406258310433,0.17424327041215237,20,season_to_date,5b176599-dcf3-475f-a42a-565ba8dc4721,2023-07-13 02:00:00+00:00
cf57d68f-6895-4b88-9b81-528c661719ee,2023-07-21 00:00:00+00:00,2023-07-21,2023,6f017f37-be96-4bdc-b6d3-0a0429c72e89,6f017f37-be96-4bdc-b6d3-0a0429c72e89,0a5ad38d-2fe3-43ba-894b-1ba3d5042ea9,0a5ad38d-2fe3-43ba-894b-1ba3d5042ea9,1,0,0.31095406360424027,0.38275862068965516,0.6890459363957597,0.6172413793103448,0.15399320305862363,0.14994257518397208,21,season_to_date,db8017c4-8cd6-41bb-a936-8986993ada35,2023-07-18 23:00:00+00:00
c8736b3b-77df-4fec-830b-ea52e42895be,2023-07-21 02:00:00+00:00,2023-07-21,2023,0699edf3-5993-4182-b9b4-ec935cbd4fcc,0699edf3-5993-4182-b9b4-ec935cbd4fcc,3c409388-ab73-4c7f-953d-3a71062240f6,3c409388-ab73-4c7f-953d-3a71062240f6,1,0,0.3352044907778669,0.3219971056439942,0.6647955092221332,0.6780028943560058,0.1971969454478943,0.14381696820656947,20,season_to_date,0386b07a-b8de-4283-9056-9c5a69cd9d47,2023-07-19 02:00:00+00:00
c8736b3b-77df-4fec-830b-ea52e42895be,2023-07-21 02:00:00+00:00,2023-07-21,2023,3c409388-ab73-4c7f-953d-3a71062240f6,3c409388-ab73-4c7f-953d-3a71062240f6,0699edf3-5993-4182-b9b4-ec935cbd4fcc,0699edf3-5993-4182-b9b4-ec935cbd4fcc,0,0,0.30594277329420394,0.2700145560407569,0.6940572267057961,0.7299854439592431,0.16655932843278776,0.15619135925116454,20,season_to_date,ee26a4fd-f1cb-4330-a474-f456be1c83a9,2023-07-12 16:00:00+00:00
fccec898-2466-476a-8595-1c56564b9794,2023-07-21 02:00:00+00:00,2023-07-21,2023,171b097d-01db-4ae8-9d56-035689402ec6,FR_LVA_ACES,d6a012ed-84aa-48d3-8265-2d3f3ff2199a,d6a012ed-84aa-48d3-8265-2d3f3ff2199a,0,0,0.3549965059399022,0.2823061630218688,0.6450034940600978,0.7176938369781312,0.13949163050216987,0.146686846906618,21,season_to_date,5b176599-dcf3-475f-a42a-565ba8dc4721,2023-07-13 02:00:00+00:00
fccec898-2466-476a-8595-1c56564b9794,2023-07-21 02:00:00+00:00,2023-07-21,2023,d6a012ed-84aa-48d3-8265-2d3f3ff2199a,d6a012ed-84aa-48d3-8265-2d3f3ff2199a,171b097d-01db-4ae8-9d56-035689402ec6,FR_LVA_ACES,1,0,0.3720259552992069,0.31994047619047616,0.6279740447007931,0.6800595238095238,0.15865624120080574,0.1657618369526522,20,season_to_date,06f98a7a-50a8-4c39-83ae-5ecbd7d048c5,2023-07-12 23:00:00+00:00
ab653871-f85f-4412-8ea4-b1d28f816111,2023-07-21 23:00:00+00:00,2023-07-21,2023,08ed8274-e29f-4248-bc2e-83cc8ed18d75,08ed8274-e29f-4248-bc2e-83cc8ed18d75,5c0d47fe-8539-47b0-9f36-d0b3609ca89b,5c0d47fe-8539-47b0-9f36-d0b3609ca89b,0,0,0.402457757296467,0.2966789667896679,0.5975422427035331,0.7033210332103321,0.1645948434622468,0.14369448167753368,19,season_to_date,bd8bf34b-ccad-4917-b047-c6e36a1006d2,2023-07-19 17:00:00+00:00
ab653871-f85f-4412-8ea4-b1d28f816111,2023-07-21 23:00:00+00:00,2023-07-21,2023,5c0d47fe-8539-47b0-9f36-d0b3609ca89b,5c0d47fe-8539-47b0-9f36-d0b3609ca89b,08ed8274-e29f-4248-bc2e-83cc8ed18d75,08ed8274-e29f-4248-bc2e-83cc8ed18d75,1,0,0.3378684807256236,0.3411854103343465,0.6621315192743764,0.6588145896656535,0.15541590648016756,0.17181752098156264,20,season_to_date,7cd3c781-fa37-435f-ba4e-a86a9cf58556,2023-07-19 15:30:00+00:00
7d9e92ae-ed7f-4e7c-a8e7-5282e1ed6ecc,2023-07-22 17:00:00+00:00,2023-07-22,2023,5d70a9af-8c2b-4aec-9e68-9acc6ddb93e4,5d70a9af-8c2b-4aec-9e68-9acc6ddb93e4,a015b02d-845c-40c1-8ef4-844984f47e4d,a015b02d-845c-40c1-8ef4-844984f47e4d,1,0,0.2812071330589849,0.31759946055293325,0.7187928669410151,0.6824005394470668,0.16619278362900963,0.14846502264720685,21,season_to_date,ebba9df0-bb5b-41d5-bb91-433170231c26,2023-07-20 15:30:00+00:00
7d9e92ae-ed7f-4e7c-a8e7-5282e1ed6ecc,2023-07-22 17:00:00+00:00,2023-07-22,2023,a015b02d-845c-40c1-8ef4-844984f47e4d,a015b02d-845c-40c1-8ef4-844984f47e4d,5d70a9af-8c2b-4aec-9e68-9acc6ddb93e4,5d70a9af-8c2b-4aec-9e68-9acc6ddb93e4,0,0,0.2836218375499334,0.3181818181818182,0.7163781624500666,0.6818181818181818,0.14885412295949968,0.1798777432608478,22,season_to_date,ebba9df0-bb5b-41d5-bb91-433170231c26,2023-07-20 15:30:00+00:00
f8a038a2-1ffb-4913-91e6-fa77b1c73693,2023-07-22 19:00:00+00:00,2023-07-22,2023,6f017f37-be96-4bdc-b6d3-0a0429c72e89,6f017f37-be96-4bdc-b6d3-0a0429c72e89,171b097d-01db-4ae8-9d56-035689402ec6,FR_LVA_ACES,1,0,0.3122049898853675,0.38095238095238093,0.6877950101146325,0.6190476190476191,0.15427713044537372,0.15288811231435015,22,season_to_date,cf57d68f-6895-4b88-9b81-528c661719ee,2023-07-21 00:00:00+00:00
f8a038a2-1ffb-4913-91e6-fa77b1c73693,2023-07-22 19:00:00+00:00,2023-07-22,2023,171b097d-01db-4ae8-9d56-035689402ec6,FR_LVA_ACES,6f017f37-be96-4bdc-b6d3-0a0429c72e89,6f017f37-be96-4bdc-b6d3-0a0429c72e89,0,0,0.3513694054776219,0.2877148313176321,0.648630594522378,0.7122851686823679,0.14034622136937083,0.1492167360697997,22,season_to_date,fccec898-2466-476a-8595-1c56564b9794,2023-07-21 02:00:00+00:00
852524a9-9a24-44d5-83b1-7b44052a057b,2023-07-23 00:00:00+00:00,2023-07-23,2023,0a5ad38d-2fe3-43ba-894b-1ba3d5042ea9,0a5ad38d-2fe3-43ba-894b-1ba3d5042ea9,5f0b5caf-708b-4300-92f2-53b51d83ec06,5f0b5caf-708b-4300-92f2-53b51d83ec06,0,0,0.2959830866807611,0.3333333333333333,0.7040169133192389,0.6666666666666666,0.15742208135235078,0.17360001704049247,21,season_to_date,cf57d68f-6895-4b88-9b81-528c661719ee,2023-07-21 00:00:00+00:00
852524a9-9a24-44d5-83b1-7b44052a057b,2023-07-23 00:00:00+00:00,2023-07-23,2023,5f0b5caf-708b-4300-92f2-53b51d83ec06,5f0b5caf-708b-4300-92f2-53b51d83ec06,0a5ad38d-2fe3-43ba-894b-1ba3d5042ea9,0a5ad38d-2fe3-43ba-894b-1ba3d5042ea9,1,0,0.3091849935316947,0.3319209039548023,0.6908150064683053,0.6680790960451978,0.13937004738581613,0.1653494176372712,21,season_to_date,bd8bf34b-ccad-4917-b047-c6e36a1006d2,2023-07-19 17:00:00+00:00
2b49a7af-4688-4622-b84d-13e1d02e1ec4,2023-07-23 01:00:00+00:00,2023-07-23,2023,3c409388-ab73-4c7f-953d-3a71062240f6,3c409388-ab73-4c7f-953d-3a71062240f6,d6a012ed-84aa-48d3-8265-2d3f3ff2199a,d6a012ed-84aa-48d3-8265-2d3f3ff2199a,0,0,0.30437804030576787,0.2711511789181692,0.6956219596942321,0.7288488210818308,0.1655349837628105,0.15823117522131339,21,season_to_date,c8736b3b-77df-4fec-830b-ea52e42895be,2023-07-21 02:00:00+00:00
2b49a7af-4688-4622-b84d-13e1d02e1ec4,2023-07-23 01:00:00+00:00,2023-07-23,2023,d6a012ed-84aa-48d3-8265-2d3f3ff2199a,d6a012ed-84aa-48d3-8265-2d3f3ff2199a,3c409388-ab73-4c7f-953d-3a71062240f6,3c409388-ab73-4c7f-953d-3a71062240f6,1,0,0.37405106970324364,0.3177304964539007,0.6259489302967564,0.6822695035460993,0.16075009820745548,0.16541895531567452,21,season_to_date,fccec898-2466-476a-8595-1c56564b9794,2023-07-21 02:00:00+00:00
66792bf3-6ed9-4015-9148-7fce20a18a70,2023-07-23 17:00:00+00:00,2023-07-23,2023,0699edf3-5993-4182-b9b4-ec935cbd4fcc,0699edf3-5993-4182-b9b4-ec935cbd4fcc,5c0d47fe-8539-47b0-9f36-d0b3609ca89b,5c0d47fe-8539-47b0-9f36-d0b3609ca89b,0,0,0.33307984790874523,0.3196159122085048,0.6669201520912548,0.6803840877914952,0.19729118657332928,0.14393891983227985,21,season_to_date,c8736b3b-77df-4fec-830b-ea52e42895be,2023-07-21 02:00:00+00:00
66792bf3-6ed9-4015-9148-7fce20a18a70,2023-07-23 17:00:00+00:00,2023-07-23,2023,5c0d47fe-8539-47b0-9f36-d0b3609ca89b,5c0d47fe-8539-47b0-9f36-d0b3609ca89b,0699edf3-5993-4182-b9b4-ec935cbd4fcc,0699edf3-5993-4182-b9b4-ec935cbd4fcc,1,0,0.3357142857142857,0.34532374100719426,0.6642857142857143,0.6546762589928058,0.152875775069489,0.17229137081279758,21,season_to_date,ab653871-f85f-4412-8ea4-b1d28f816111,2023-07-21 23:00:00+00:00
5611eb0a-3c7a-4aac-b7c4-b098fce3a6db,2023-07-23 19:00:00+00:00,2023-07-23,2023,08ed8274-e29f-4248-bc2e-83cc8ed18d75,08ed8274-e29f-4248-bc2e-83cc8ed18d75,f073a15f-0486-4179-b0a3-dfd0294eb595,f073a15f-0486-4179-b0a3-dfd0294eb595,1,0,0.40334302325581395,0.29678770949720673,0.596656976744186,0.7032122905027933,0.16548000087094739,0.14173313214054753,20,season_to_date,ab653871-f85f-4412-8ea4-b1d28f816111,2023-07-21 23:00:00+00:00
5611eb0a-3c7a-4aac-b7c4-b098fce3a6db,2023-07-23 19:00:00+00:00,2023-07-23,2023,f073a15f-0486-4179-b0a3-dfd0294eb595,f073a15f-0486-4179-b0a3-dfd0294eb595,08ed8274-e29f-4248-bc2e-83cc8ed18d75,08ed8274-e29f-4248-bc2e-83cc8ed18d75,0,0,0.27853260869565216,0.3368945868945869,0.7214673913043478,0.6631054131054132,0.15428583262575848,0.14822551377811538,21,season_to_date,7cd3c781-fa37-435f-ba4e-a86a9cf58556,2023-07-19 15:30:00+00:00
0965dc03-a4ea-47b7-9bb0-9ea13af9e715,2023-07-25 23:00:00+00:00,2023-07-25,2023,08ed8274-e29f-4248-bc2e-83cc8ed18d75,08ed8274-e29f-4248-bc2e-83cc8ed18d75,d6a012ed-84aa-48d3-8265-2d3f3ff2199a,d6a012ed-84aa-48d3-8265-2d3f3ff2199a,1,0,0.40789473684210525,0.2952571810287241,0.5921052631578947,0.7047428189712759,0.16604055540565782,0.1435126126496852,21,season_to_date,5611eb0a-3c7a-4aac-b7c4-b098fce3a6db,2023-07-23 19:00:00+00:00
0965dc03-a4ea-47b7-9bb0-9ea13af9e715,2023-07-25 23:00:00+00:00,2023-07-25,2023,d6a012ed-84aa-48d3-8265-2d3f3ff2199a,d6a012ed-84aa-48d3-8265-2d3f3ff2199a,08ed8274-e29f-4248-bc2e-83cc8ed18d75,08ed8274-e29f-4248-bc2e-83cc8ed18d75,0,0,0.36713055003313455,0.31710615280594995,0.6328694499668654,0.68289384719405,0.16357957578033883,0.1669381926426517,22,season_to_date,2b49a7af-4688-4622-b84d-13e1d02e1ec4,2023-07-23 01:00:00+00:00
d1b91bdc-7497-46d0-a9e3-b3934127caee,2023-07-25 23:00:00+00:00,2023-07-25,2023,0699edf3-5993-4182-b9b4-ec935cbd4fcc,0699edf3-5993-4182-b9b4-ec935cbd4fcc,5d70a9af-8c2b-4aec-9e68-9acc6ddb93e4,5d70a9af-8c2b-4aec-9e68-9acc6ddb93e4,0,0,0.3335755813953488,0.32042022324359815,0.6664244186046512,0.6795797767564018,0.1984209432786204,0.14501275713602296,22,season_to_date,66792bf3-6ed9-4015-9148-7fce20a18a70,2023-07-23 17:00:00+00:00
d1b91bdc-7497-46d0-a9e3-b3934127caee,2023-07-25 23:00:00+00:00,2023-07-25,2023,5d70a9af-8c2b-4aec-9e68-9acc6ddb93e4,5d70a9af-8c2b-4aec-9e68-9acc6ddb93e4,0699edf3-5993-4182-b9b4-ec935cbd4fcc,0699edf3-5993-4182-b9b4-ec935cbd4fcc,1,0,0.28552717747216766,0.3195610071013557,0.7144728225278324,0.6804389928986443,0.16340493846036236,0.14819662034720354,22,season_to_date,7d9e92ae-ed7f-4e7c-a8e7-5282e1ed6ecc,2023-07-22 17:00:00+00:00
df0dc933-e485-4855-85ed-22fdc1ddab2b,2023-07-25 23:00:00+00:00,2023-07-25,2023,3c409388-ab73-4c7f-953d-3a71062240f6,3c409388-ab73-4c7f-953d-3a71062240f6,171b097d-01db-4ae8-9d56-035689402ec6,FR_LVA_ACES,1,0,0.30437665782493367,0.26830892143808255,0.6956233421750663,0.7316910785619174,0.16704008962150915,0.1612190369045945,22,season_to_date,2b49a7af-4688-4622-b84d-13e1d02e1ec4,2023-07-23 01:00:00+00:00
df0dc933-e485-4855-85ed-22fdc1ddab2b,2023-07-25 23:00:00+00:00,2023-07-25,2023,171b097d-01db-4ae8-9d56-035689402ec6,FR_LVA_ACES,3c409388-ab73-4c7f-953d-3a71062240f6,3c409388-ab73-4c7f-953d-3a71062240f6,0,0,0.3524904214559387,0.2910085054678007,0.6475095785440613,0.7089914945321992,0.14076960545543107,0.1496495548399318,23,season_to_date,f8a038a2-1ffb-4913-91e6-fa77b1c73693,2023-07-22 19:00:00+00:00
5e30a019-a071-4c37-808e-10ad90d3c894,2023-07-26 00:00:00+00:00,2023-07-26,2023,5f0b5caf-708b-4300-92f2-53b51d83ec06,5f0b5caf-708b-4300-92f2-53b51d83ec06,a015b02d-845c-40c1-8ef4-844984f47e4d,a015b02d-845c-40c1-8ef4-844984f47e4d,1,0,0.3064118372379778,0.3299526707234618,0.6935881627620222,0.6700473292765382,0.13839744321424494,0.16588952654232422,22,season_to_date,852524a9-9a24-44d5-83b1-7b44052a057b,2023-07-23 00:00:00+00:00
5e30a019-a071-4c37-808e-10ad90d3c894,2023-07-26 00:00:00+00:00,2023-07-26,2023,a015b02d-845c-40c1-8ef4-844984f47e4d,a015b02d-845c-40c1-8ef4-844984f47e4d,5f0b5caf-708b-4300-92f2-53b51d83ec06,5f0b5caf-708b-4300-92f2-53b51d83ec06,0,0,0.2869897959183674,0.32084155161078237,0.7130102040816326,0.6791584483892176,0.1485706642207445,0.17646383686898637,23,season_to_date,7d9e92ae-ed7f-4e7c-a8e7-5282e1ed6ecc,2023-07-22 17:00:00+00:00
37c5adcd-f118-4fdf-be89-cffd425fbd89,2023-07-26 02:00:00+00:00,2023-07-26,2023,0a5ad38d-2fe3-43ba-894b-1ba3d5042ea9,0a5ad38d-2fe3-43ba-894b-1ba3d5042ea9,f073a15f-0486-4179-b0a3-dfd0294eb595,f073a15f-0486-4179-b0a3-dfd0294eb595,1,0,0.29554655870445345,0.3290013679890561,0.7044534412955465,0.6709986320109439,0.15830787594327217,0.1709375697445574,22,season_to_date,852524a9-9a24-44d5-83b1-7b44052a057b,2023-07-23 00:00:00+00:00
37c5adcd-f118-4fdf-be89-cffd425fbd89,2023-07-26 02:00:00+00:00,2023-07-26,2023,f073a15f-0486-4179-b0a3-dfd0294eb595,f073a15f-0486-4179-b0a3-dfd0294eb595,0a5ad38d-2fe3-43ba-894b-1ba3d5042ea9,0a5ad38d-2fe3-43ba-894b-1ba3d5042ea9,0,0,0.2778139232270657,0.344429347826087,0.7221860767729343,0.6555706521739131,0.15544862274500484,0.14955285207863359,22,season_to_date,5611eb0a-3c7a-4aac-b7c4-b098fce3a6db,2023-07-23 19:00:00+00:00
f3c69dc1-d27f-40bb-8045-a750a58ef180,2023-07-27 00:00:00+00:00,2023-07-27,2023,5c0d47fe-8539-47b0-9f36-d0b3609ca89b,5c0d47fe-8539-47b0-9f36-d0b3609ca89b,6f017f37-be96-4bdc-b6d3-0a0429c72e89,6f017f37-be96-4bdc-b6d3-0a0429c72e89,0,0,0.33583617747440275,0.3452791178497588,0.6641638225255972,0.6547208821502413,0.15356829452460155,0.1744441778630838,22,season_to_date,66792bf3-6ed9-4015-9148-7fce20a18a70,2023-07-23 17:00:00+00:00
f3c69dc1-d27f-40bb-8045-a750a58ef180,2023-07-27 00:00:00+00:00,2023-07-27,2023,6f017f37-be96-4bdc-b6d3-0a0429c72e89,6f017f37-be96-4bdc-b6d3-0a0429c72e89,5c0d47fe-8539-47b0-9f36-d0b3609ca89b,5c0d47fe-8539-47b0-9f36-d0b3609ca89b,1,0,0.31450577663671375,0.38077166350411135,0.6854942233632862,0.6192283364958887,0.15448839642013093,0.1527406028162458,23,season_to_date,f8a038a2-1ffb-4913-91e6-fa77b1c73693,2023-07-22 19:00:00+00:00
7e7c807c-4578-49cd-9a46-fab8a1a3221e,2023-07-27 19:30:00+00:00,2023-07-27,2023,0a5ad38d-2fe3-43ba-894b-1ba3d5042ea9,0a5ad38d-2fe3-43ba-894b-1ba3d5042ea9,f073a15f-0486-4179-b0a3-dfd0294eb595,f073a15f-0486-4179-b0a3-dfd0294eb595,1,0,0.29233741146168707,0.32961992136304064,0.707662588538313,0.6703800786369594,0.1569432872837186,0.17181129877693652,23,season_to_date,37c5adcd-f118-4fdf-be89-cffd425fbd89,2023-07-26 02:00:00+00:00
7e7c807c-4578-49cd-9a46-fab8a1a3221e,2023-07-27 19:30:00+00:00,2023-07-27,2023,f073a15f-0486-4179-b0a3-dfd0294eb595,f073a15f-0486-4179-b0a3-dfd0294eb595,0a5ad38d-2fe3-43ba-894b-1ba3d5042ea9,0a5ad38d-2fe3-43ba-894b-1ba3d5042ea9,0,0,0.28044971892567144,0.338950097213221,0.7195502810743285,0.661049902786779,0.15695535070748454,0.1485626085278796,23,season_to_date,37c5adcd-f118-4fdf-be89-cffd425fbd89,2023-07-26 02:00:00+00:00
702b6dd0-5b67-4de6-8e69-edb5bb78df53,2023-07-27 23:00:00+00:00,2023-07-27,2023,08ed8274-e29f-4248-bc2e-83cc8ed18d75,08ed8274-e29f-4248-bc2e-83cc8ed18d75,5d70a9af-8c2b-4aec-9e68-9acc6ddb93e4,5d70a9af-8c2b-4aec-9e68-9acc6ddb93e4,1,0,0.4094488188976378,0.30121250797702614,0.5905511811023622,0.6987874920229739,0.16433083300434267,0.14403413559855277,22,season_to_date,0965dc03-a4ea-47b7-9bb0-9ea13af9e715,2023-07-25 23:00:00+00:00
702b6dd0-5b67-4de6-8e69-edb5bb78df53,2023-07-27 23:00:00+00:00,2023-07-27,2023,5d70a9af-8c2b-4aec-9e68-9acc6ddb93e4,5d70a9af-8c2b-4aec-9e68-9acc6ddb93e4,08ed8274-e29f-4248-bc2e-83cc8ed18d75,08ed8274-e29f-4248-bc2e-83cc8ed18d75,0,0,0.28419071518193223,0.32116336633663367,0.7158092848180677,0.6788366336633663,0.16450986142679083,0.14945200929923613,23,season_to_date,d1b91bdc-7497-46d0-a9e3-b3934127caee,2023-07-25 23:00:00+00:00
00ed63a3-9614-4718-a068-2fb5417e445c,2023-07-29 00:00:00+00:00,2023-07-29,2023,08ed8274-e29f-4248-bc2e-83cc8ed18d75,08ed8274-e29f-4248-bc2e-83cc8ed18d75,6f017f37-be96-4bdc-b6d3-0a0429c72e89,6f017f37-be96-4bdc-b6d3-0a0429c72e89,1,0,0.4119496855345912,0.30365853658536585,0.5880503144654088,0.6963414634146341,0.16358719291941676,0.14121900242896684,23,season_to_date,702b6dd0-5b67-4de6-8e69-edb5bb78df53,2023-07-27 23:00:00+00:00
00ed63a3-9614-4718-a068-2fb5417e445c,2023-07-29 00:00:00+00:00,2023-07-29,2023,6f017f37-be96-4bdc-b6d3-0a0429c72e89,6f017f37-be96-4bdc-b6d3-0a0429c72e89,08ed8274-e29f-4248-bc2e-83cc8ed18d75,08ed8274-e29f-4248-bc2e-83cc8ed18d75,0,0,0.3083997547516861,0.3755274261603376,0.6916002452483139,0.6244725738396625,0.15284854099119963,0.15259174056621277,24,season_to_date,f3c69dc1-d27f-40bb-8045-a750a58ef180,2023-07-27 00:00:00+00:00
b7f6c5b4-feeb-4cd1-bd24-539b9bbaffef,2023-07-29 00:00:00+00:00,2023-07-29,2023,5c0d47fe-8539-47b0-9f36-d0b3609ca89b,5c0d47fe-8539-47b0-9f36-d0b3609ca89b,5f0b5caf-708b-4300-92f2-53b51d83ec06,5f0b5caf-708b-4300-92f2-53b51d83ec06,0,0,0.3324692158133506,0.33727034120734906,0.6675307841866494,0.6627296587926509,0.15337423312883433,0.1718573965513949,23,season_to_date,f3c69dc1-d27f-40bb-8045-a750a58ef180,2023-07-27 00:00:00+00:00
b7f6c5b4-feeb-4cd1-bd24-539b9bbaffef,2023-07-29 00:00:00+00:00,2023-07-29,2023,5f0b5caf-708b-4300-92f2-53b51d83ec06,5f0b5caf-708b-4300-92f2-53b51d83ec06,5c0d47fe-8539-47b0-9f36-d0b3609ca89b,5c0d47fe-8539-47b0-9f36-d0b3609ca89b,1,0,0.3050647820965842,0.3313915857605178,0.6949352179034158,0.6686084142394823,0.13697757390417942,0.16333938294010888,23,season_to_date,5e30a019-a071-4c37-808e-10ad90d3c894,2023-07-26 00:00:00+00:00
e2c9efdc-7f3f-47f4-a67c-2c28bbb58524,2023-07-29 00:00:00+00:00,2023-07-29,2023,3c409388-ab73-4c7f-953d-3a71062240f6,3c409388-ab73-4c7f-953d-3a71062240f6,d6a012ed-84aa-48d3-8265-2d3f3ff2199a,d6a012ed-84aa-48d3-8265-2d3f3ff2199a,1,0,0.3060836501901141,0.2693282636248416,0.6939163498098859,0.7306717363751585,0.16595883073155798,0.15643294497015298,23,season_to_date,df0dc933-e485-4855-85ed-22fdc1ddab2b,2023-07-25 23:00:00+00:00
e2c9efdc-7f3f-47f4-a67c-2c28bbb58524,2023-07-29 00:00:00+00:00,2023-07-29,2023,d6a012ed-84aa-48d3-8265-2d3f3ff2199a,d6a012ed-84aa-48d3-8265-2d3f3ff2199a,3c409388-ab73-4c7f-953d-3a71062240f6,3c409388-ab73-4c7f-953d-3a71062240f6,0,0,0.36985433818872704,0.32328415651058373,0.630145661811273,0.6767158434894163,0.16322552563350426,0.16523621594697113,23,season_to_date,0965dc03-a4ea-47b7-9bb0-9ea13af9e715,2023-07-25 23:00:00+00:00
93d55213-cfac-447e-b09f-ba0e385801b4,2023-07-30 17:00:00+00:00,2023-07-30,2023,6f017f37-be96-4bdc-b6d3-0a0429c72e89,6f017f37-be96-4bdc-b6d3-0a0429c72e89,a015b02d-845c-40c1-8ef4-844984f47e4d,a015b02d-845c-40c1-8ef4-844984f47e4d,0,0,0.3084606345475911,0.3801270941652224,0.6915393654524089,0.6198729058347776,0.15263923893365516,0.15110573846263245,25,season_to_date,00ed63a3-9614-4718-a068-2fb5417e445c,2023-07-29 00:00:00+00:00
93d55213-cfac-447e-b09f-ba0e385801b4,2023-07-30 17:00:00+00:00,2023-07-30,2023,a015b02d-845c-40c1-8ef4-844984f47e4d,a015b02d-845c-40c1-8ef4-844984f47e4d,6f017f37-be96-4bdc-b6d3-0a0429c72e89,6f017f37-be96-4bdc-b6d3-0a0429c72e89,1,0,0.29008567931456547,0.3187226048841578,0.7099143206854345,0.6812773951158422,0.1468078468794157,0.17338554723955568,24,season_to_date,5e30a019-a071-4c37-808e-10ad90d3c894,2023-07-26 00:00:00+00:00
a30c37ee-cbd6-4d00-b26d-e45836ff4b9c,2023-07-30 19:00:00+00:00,2023-07-30,2023,5c0d47fe-8539-47b0-9f36-d0b3609ca89b,5c0d47fe-8539-47b0-9f36-d0b3609ca89b,5d70a9af-8c2b-4aec-9e68-9acc6ddb93e4,5d70a9af-8c2b-4aec-9e68-9acc6ddb93e4,0,0,0.33353960396039606,0.33396345305608066,0.6664603960396039,0.6660365469439193,0.15092893723599118,0.17406918792143067,24,season_to_date,b7f6c5b4-feeb-4cd1-bd24-539b9bbaffef,2023-07-29 00:00:00+00:00
a30c37ee-cbd6-4d00-b26d-e45836ff4b9c,2023-07-30 19:00:00+00:00,2023-07-30,2023,5d70a9af-8c2b-4aec-9e68-9acc6ddb93e4,5d70a9af-8c2b-4aec-9e68-9acc6ddb93e4,5c0d47fe-8539-47b0-9f36-d0b3609ca89b,5c0d47fe-8539-47b0-9f36-d0b3609ca89b,1,0,0.28734253149370126,0.3269916765755054,0.7126574685062987,0.6730083234244947,0.16106602827016844,0.1493397146149074,24,season_to_date,702b6dd0-5b67-4de6-8e69-edb5bb78df53,2023-07-27 23:00:00+00:00
83a532fe-83d9-4e7e-b94d-b01dbd09f35f,2023-07-30 20:00:00+00:00,2023-07-30,2023,08ed8274-e29f-4248-bc2e-83cc8ed18d75,08ed8274-e29f-4248-bc2e-83cc8ed18d75,0a5ad38d-2fe3-43ba-894b-1ba3d5042ea9,0a5ad38d-2fe3-43ba-894b-1ba3d5042ea9,0,0,0.4151624548736462,0.30391583869082406,0.5848375451263538,0.6960841613091759,0.16160573632462383,0.14150263176869277,24,season_to_date,00ed63a3-9614-4718-a068-2fb5417e445c,2023-07-29 00:00:00+00:00
83a532fe-83d9-4e7e-b94d-b01dbd09f35f,2023-07-30 20:00:00+00:00,2023-07-30,2023,0a5ad38d-2fe3-43ba-894b-1ba3d5042ea9,0a5ad38d-2fe3-43ba-894b-1ba3d5042ea9,08ed8274-e29f-4248-bc2e-83cc8ed18d75,08ed8274-e29f-4248-bc2e-83cc8ed18d75,1,0,0.2933168316831683,0.3320754716981132,0.7066831683168316,0.6679245283018868,0.15631105900742479,0.17314441457586616,24,season_to_date,7e7c807c-4578-49cd-9a46-fab8a1a3221e,2023-07-27 19:30:00+00:00
8ad0cf6f-ee24-4921-975e-1d250d9abf83,2023-07-30 20:00:00+00:00,2023-07-30,2023,d6a012ed-84aa-48d3-8265-2d3f3ff2199a,d6a012ed-84aa-48d3-8265-2d3f3ff2199a,f073a15f-0486-4179-b0a3-dfd0294eb595,f073a15f-0486-4179-b0a3-dfd0294eb595,0,0,0.36791314837153194,0.32246153846153847,0.632086851628468,0.6775384615384615,0.16268098259313485,0.16332351858667649,24,season_to_date,e2c9efdc-7f3f-47f4-a67c-2c28bbb58524,2023-07-29 00:00:00+00:00
8ad0cf6f-ee24-4921-975e-1d250d9abf83,2023-07-30 20:00:00+00:00,2023-07-30,2023,f073a15f-0486-4179-b0a3-dfd0294eb595,f073a15f-0486-4179-b0a3-dfd0294eb595,d6a012ed-84aa-48d3-8265-2d3f3ff2199a,d6a012ed-84aa-48d3-8265-2d3f3ff2199a,1,0,0.28468468468468466,0.338107098381071,0.7153153153153153,0.661892901618929,0.15881708652792992,0.1482634641758405,24,season_to_date,7e7c807c-4578-49cd-9a46-fab8a1a3221e,2023-07-27 19:30:00+00:00
e01f6a39-53f6-4e36-a8d1-067e8f9b6adf,2023-07-30 20:00:00+00:00,2023-07-30,2023,0699edf3-5993-4182-b9b4-ec935cbd4fcc,0699edf3-5993-4182-b9b4-ec935cbd4fcc,3c409388-ab73-4c7f-953d-3a71062240f6,3c409388-ab73-4c7f-953d-3a71062240f6,0,0,0.33471933471933474,0.31761006289308175,0.6652806652806653,0.6823899371069182,0.19753821719277348,0.14694656488549618,23,season_to_date,d1b91bdc-7497-46d0-a9e3-b3934127caee,2023-07-25 23:00:00+00:00
e01f6a39-53f6-4e36-a8d1-067e8f9b6adf,2023-07-30 20:00:00+00:00,2023-07-30,2023,3c409388-ab73-4c7f-953d-3a71062240f6,3c409388-ab73-4c7f-953d-3a71062240f6,0699edf3-5993-4182-b9b4-ec935cbd4fcc,0699edf3-5993-4182-b9b4-ec935cbd4fcc,1,0,0.3059610705596107,0.272178636089318,0.6940389294403893,0.727821363910682,0.16402028889623993,0.15618988292629304,24,season_to_date,e2c9efdc-7f3f-47f4-a67c-2c28bbb58524,2023-07-29 00:00:00+00:00
2f45da33-3dea-4380-902f-e27cb933796d,2023-07-30 22:00:00+00:00,2023-07-30,2023,5f0b5caf-708b-4300-92f2-53b51d83ec06,5f0b5caf-708b-4300-92f2-53b51d83ec06,171b097d-01db-4ae8-9d56-035689402ec6,FR_LVA_ACES,0,0,0.303236797274276,0.33250927070457353,0.696763202725724,0.6674907292954264,0.14043714890712772,0.1605445671718469,24,season_to_date,b7f6c5b4-feeb-4cd1-bd24-539b9bbaffef,2023-07-29 00:00:00+00:00
2f45da33-3dea-4380-902f-e27cb933796d,2023-07-30 22:00:00+00:00,2023-07-30,2023,171b097d-01db-4ae8-9d56-035689402ec6,FR_LVA_ACES,5f0b5caf-708b-4300-92f2-53b51d83ec06,5f0b5caf-708b-4300-92f2-53b51d83ec06,1,0,0.34957369062119364,0.2931235431235431,0.6504263093788063,0.7068764568764568,0.13700672917404513,0.14934451828448997,24,season_to_date,df0dc933-e485-4855-85ed-22fdc1ddab2b,2023-07-25 23:00:00+00:00
038c3ab0-90a8-447f-a139-45ac9a7c7f30,2023-08-01 23:00:00+00:00,2023-08-01,2023,0699edf3-5993-4182-b9b4-ec935cbd4fcc,0699edf3-5993-4182-b9b4-ec935cbd4fcc,f073a15f-0486-4179-b0a3-dfd0294eb595,f073a15f-0486-4179-b0a3-dfd0294eb595,0,0,0.3386454183266932,0.3161057692307692,0.6613545816733067,0.6838942307692307,0.19791052160840358,0.14422812768996904,24,season_to_date,e01f6a39-53f6-4e36-a8d1-067e8f9b6adf,2023-07-30 20:00:00+00:00
038c3ab0-90a8-447f-a139-45ac9a7c7f30,2023-08-01 23:00:00+00:00,2023-08-01,2023,f073a15f-0486-4179-b0a3-dfd0294eb595,f073a15f-0486-4179-b0a3-dfd0294eb595,0699edf3-5993-4182-b9b4-ec935cbd4fcc,0699edf3-5993-4182-b9b4-ec935cbd4fcc,1,0,0.2830733679953784,0.3407451923076923,0.7169266320046216,0.6592548076923077,0.1604925278888655,0.15089016267566652,25,season_to_date,8ad0cf6f-ee24-4921-975e-1d250d9abf83,2023-07-30 20:00:00+00:00
ca13fdc6-7716-4229-a1c4-b19db98cd263,2023-08-01 23:00:00+00:00,2023-08-01,2023,6f017f37-be96-4bdc-b6d3-0a0429c72e89,6f017f37-be96-4bdc-b6d3-0a0429c72e89,a015b02d-845c-40c1-8ef4-844984f47e4d,a015b02d-845c-40c1-8ef4-844984f47e4d,0,0,0.3085649461145774,0.37437603993344426,0.6914350538854226,0.6256239600665557,0.15544129955759012,0.14931995426543115,26,season_to_date,93d55213-cfac-447e-b09f-ba0e385801b4,2023-07-30 17:00:00+00:00
ca13fdc6-7716-4229-a1c4-b19db98cd263,2023-08-01 23:00:00+00:00,2023-08-01,2023,a015b02d-845c-40c1-8ef4-844984f47e4d,a015b02d-845c-40c1-8ef4-844984f47e4d,6f017f37-be96-4bdc-b6d3-0a0429c72e89,6f017f37-be96-4bdc-b6d3-0a0429c72e89,1,0,0.2878077373974209,0.31845597104945716,0.7121922626025792,0.6815440289505428,0.1451442646023927,0.17546791443850268,25,season_to_date,93d55213-cfac-447e-b09f-ba0e385801b4,2023-07-30 17:00:00+00:00
70eeeacb-e359-4ecd-9d29-5aab7aa0e8e6,2023-08-02 02:00:00+00:00,2023-08-02,2023,5d70a9af-8c2b-4aec-9e68-9acc6ddb93e4,5d70a9af-8c2b-4aec-9e68-9acc6ddb93e4,171b097d-01db-4ae8-9d56-035689402ec6,FR_LVA_ACES,0,0,0.2910144927536232,0.3255416191562144,0.7089855072463768,0.6744583808437856,0.16364808031474695,0.14985566310069623,25,season_to_date,a30c37ee-cbd6-4d00-b26d-e45836ff4b9c,2023-07-30 19:00:00+00:00
70eeeacb-e359-4ecd-9d29-5aab7aa0e8e6,2023-08-02 02:00:00+00:00,2023-08-02,2023,171b097d-01db-4ae8-9d56-035689402ec6,FR_LVA_ACES,5d70a9af-8c2b-4aec-9e68-9acc6ddb93e4,5d70a9af-8c2b-4aec-9e68-9acc6ddb93e4,1,0,0.3511137162954279,0.29041248606465997,0.6488862837045721,0.70958751393534,0.13541386422742355,0.14959673922469865,25,season_to_date,2f45da33-3dea-4380-902f-e27cb933796d,2023-07-30 22:00:00+00:00
d426d937-b768-4e0b-a05f-b37da2f165f3,2023-08-02 02:00:00+00:00,2023-08-02,2023,08ed8274-e29f-4248-bc2e-83cc8ed18d75,08ed8274-e29f-4248-bc2e-83cc8ed18d75,0a5ad38d-2fe3-43ba-894b-1ba3d5042ea9,0a5ad38d-2fe3-43ba-894b-1ba3d5042ea9,0,0,0.418013856812933,0.3039820527201346,0.581986143187067,0.6960179472798654,0.16254367818090154,0.13957762596664008,25,season_to_date,83a532fe-83d9-4e7e-b94d-b01dbd09f35f,2023-07-30 20:00:00+00:00
d426d937-b768-4e0b-a05f-b37da2f165f3,2023-08-02 02:00:00+00:00,2023-08-02,2023,0a5ad38d-2fe3-43ba-894b-1ba3d5042ea9,0a5ad38d-2fe3-43ba-894b-1ba3d5042ea9,08ed8274-e29f-4248-bc2e-83cc8ed18d75,08ed8274-e29f-4248-bc2e-83cc8ed18d75,1,0,0.2938388625592417,0.3385542168674699,0.7061611374407583,0.6614457831325301,0.1537443910113163,0.17363597307747386,25,season_to_date,83a532fe-83d9-4e7e-b94d-b01dbd09f35f,2023-07-30 20:00:00+00:00
e9ff9b0c-15fd-4eb7-9340-a866e812bdba,2023-08-03 02:30:00+00:00,2023-08-03,2023,5f0b5caf-708b-4300-92f2-53b51d83ec06,5f0b5caf-708b-4300-92f2-53b51d83ec06,d6a012ed-84aa-48d3-8265-2d3f3ff2199a,d6a012ed-84aa-48d3-8265-2d3f3ff2199a,0,0,0.300163132137031,0.3347205707491082,0.6998368678629691,0.6652794292508918,0.14106556828075814,0.15809927574633456,25,season_to_date,2f45da33-3dea-4380-902f-e27cb933796d,2023-07-30 22:00:00+00:00
e9ff9b0c-15fd-4eb7-9340-a866e812bdba,2023-08-03 02:30:00+00:00,2023-08-03,2023,d6a012ed-84aa-48d3-8265-2d3f3ff2199a,d6a012ed-84aa-48d3-8265-2d3f3ff2199a,5f0b5caf-708b-4300-92f2-53b51d83ec06,5f0b5caf-708b-4300-92f2-53b51d83ec06,1,0,0.36946386946386944,0.319337670017741,0.6305361305361306,0.6806623299822591,0.16473172262315655,0.16483419359400409,25,season_to_date,8ad0cf6f-ee24-4921-975e-1d250d9abf83,2023-07-30 20:00:00+00:00
8c13b1a7-a043-4add-88e4-34451aa09aeb,2023-08-04 02:00:00+00:00,2023-08-04,2023,0699edf3-5993-4182-b9b4-ec935cbd4fcc,0699edf3-5993-4182-b9b4-ec935cbd4fcc,5d70a9af-8c2b-4aec-9e68-9acc6ddb93e4,5d70a9af-8c2b-4aec-9e68-9acc6ddb93e4,1,0,0.3394904458598726,0.3132599884192241,0.6605095541401274,0.6867400115807759,0.19816265775391304,0.14751593698962118,25,season_to_date,038c3ab0-90a8-447f-a139-45ac9a7c7f30,2023-08-01 23:00:00+00:00
8c13b1a7-a043-4add-88e4-34451aa09aeb,2023-08-04 02:00:00+00:00,2023-08-04,2023,5d70a9af-8c2b-4aec-9e68-9acc6ddb93e4,5d70a9af-8c2b-4aec-9e68-9acc6ddb93e4,0699edf3-5993-4182-b9b4-ec935cbd4fcc,0699edf3-5993-4182-b9b4-ec935cbd4fcc,0,0,0.29129464285714285,0.32655305112699284,0.7087053571428571,0.6734469488730072,0.1645354629039897,0.15028172705234882,26,season_to_date,70eeeacb-e359-4ecd-9d29-5aab7aa0e8e6,2023-08-02 02:00:00+00:00
b8ee864a-7848-4ebd-8692-f069dfceb624,2023-08-04 23:00:00+00:00,2023-08-04,2023,a015b02d-845c-40c1-8ef4-844984f47e4d,a015b02d-845c-40c1-8ef4-844984f47e4d,f073a15f-0486-4179-b0a3-dfd0294eb595,f073a15f-0486-4179-b0a3-dfd0294eb595,0,0,0.28756330894766463,0.31799650553290626,0.7124366910523354,0.6820034944670937,0.144599362236244,0.17693271477430497,26,season_to_date,ca13fdc6-7716-4229-a1c4-b19db98cd263,2023-08-01 23:00:00+00:00
b8ee864a-7848-4ebd-8692-f069dfceb624,2023-08-04 23:00:00+00:00,2023-08-04,2023,f073a15f-0486-4179-b0a3-dfd0294eb595,f073a15f-0486-4179-b0a3-dfd0294eb595,a015b02d-845c-40c1-8ef4-844984f47e4d,a015b02d-845c-40c1-8ef4-844984f47e4d,1,0,0.2814938684503902,0.3414351851851852,0.7185061315496098,0.6585648148148148,0.16300502072311893,0.15290782578816253,26,season_to_date,038c3ab0-90a8-447f-a139-45ac9a7c7f30,2023-08-01 23:00:00+00:00
da52f36b-9dc8-4ff7-ab9f-9557cdee2ff7,2023-08-04 23:00:00+00:00,2023-08-04,2023,0a5ad38d-2fe3-43ba-894b-1ba3d5042ea9,0a5ad38d-2fe3-43ba-894b-1ba3d5042ea9,5c0d47fe-8539-47b0-9f36-d0b3609ca89b,5c0d47fe-8539-47b0-9f36-d0b3609ca89b,0,0,0.2935153583617747,0.3447276940903824,0.7064846416382252,0.6552723059096176,0.1533821406475562,0.17354531987459954,26,season_to_date,d426d937-b768-4e0b-a05f-b37da2f165f3,2023-08-02 02:00:00+00:00
da52f36b-9dc8-4ff7-ab9f-9557cdee2ff7,2023-08-04 23:00:00+00:00,2023-08-04,2023,5c0d47fe-8539-47b0-9f36-d0b3609ca89b,5c0d47fe-8539-47b0-9f36-d0b3609ca89b,0a5ad38d-2fe3-43ba-894b-1ba3d5042ea9,0a5ad38d-2fe3-43ba-894b-1ba3d5042ea9,1,0,0.33175355450236965,0.33617021276595743,0.6682464454976303,0.6638297872340425,0.15140146846026048,0.1762580417731559,25,season_to_date,a30c37ee-cbd6-4d00-b26d-e45836ff4b9c,2023-07-30 19:00:00+00:00
abe614d9-332e-45f3-a441-80a67671e331,2023-08-05 00:00:00+00:00,2023-08-05,2023,3c409388-ab73-4c7f-953d-3a71062240f6,3c409388-ab73-4c7f-953d-3a71062240f6,5f0b5caf-708b-4300-92f2-53b51d83ec06,5f0b5caf-708b-4300-92f2-53b51d83ec06,0,0,0.3050058207217695,0.2779069767441861,0.6949941792782305,0.7220930232558139,0.16073478760045926,0.15812191684284707,25,season_to_date,e01f6a39-53f6-4e36-a8d1-067e8f9b6adf,2023-07-30 20:00:00+00:00
abe614d9-332e-45f3-a441-80a67671e331,2023-08-05 00:00:00+00:00,2023-08-05,2023,5f0b5caf-708b-4300-92f2-53b51d83ec06,5f0b5caf-708b-4300-92f2-53b51d83ec06,3c409388-ab73-4c7f-953d-3a71062240f6,3c409388-ab73-4c7f-953d-3a71062240f6,1,0,0.29958246346555323,0.33390607101947306,0.7004175365344467,0.6660939289805269,0.1419243820459626,0.15994555045091033,26,season_to_date,e9ff9b0c-15fd-4eb7-9340-a866e812bdba,2023-08-03 02:30:00+00:00
dc699de9-401f-455d-9bae-b660c62b3b20,2023-08-05 00:00:00+00:00,2023-08-05,2023,08ed8274-e29f-4248-bc2e-83cc8ed18d75,08ed8274-e29f-4248-bc2e-83cc8ed18d75,6f017f37-be96-4bdc-b6d3-0a0429c72e89,6f017f37-be96-4bdc-b6d3-0a0429c72e89,0,0,0.42102335928809786,0.30329195898542904,0.5789766407119021,0.696708041014571,0.16286235828044143,0.13975803087192323,26,season_to_date,d426d937-b768-4e0b-a05f-b37da2f165f3,2023-08-02 02:00:00+00:00
dc699de9-401f-455d-9bae-b660c62b3b20,2023-08-05 00:00:00+00:00,2023-08-05,2023,6f017f37-be96-4bdc-b6d3-0a0429c72e89,6f017f37-be96-4bdc-b6d3-0a0429c72e89,08ed8274-e29f-4248-bc2e-83cc8ed18d75,08ed8274-e29f-4248-bc2e-83cc8ed18d75,1,0,0.3084522502744237,0.37086446104589116,0.6915477497255763,0.6291355389541089,0.1575950096285202,0.14864531005517584,27,season_to_date,ca13fdc6-7716-4229-a1c4-b19db98cd263,2023-08-01 23:00:00+00:00
5d91a9c0-af68-4af6-a5b0-c71fab12df0d,2023-08-06 02:00:00+00:00,2023-08-06,2023,0699edf3-5993-4182-b9b4-ec935cbd4fcc,0699edf3-5993-4182-b9b4-ec935cbd4fcc,d6a012ed-84aa-48d3-8265-2d3f3ff2199a,d6a012ed-84aa-48d3-8265-2d3f3ff2199a,1,0,0.3436928702010969,0.3094972067039106,0.6563071297989032,0.6905027932960894,0.19600294004410063,0.1483065170362358,26,season_to_date,8c13b1a7-a043-4add-88e4-34451aa09aeb,2023-08-04 02:00:00+00:00
5d91a9c0-af68-4af6-a5b0-c71fab12df0d,2023-08-06 02:00:00+00:00,2023-08-06,2023,d6a012ed-84aa-48d3-8265-2d3f3ff2199a,d6a012ed-84aa-48d3-8265-2d3f3ff2199a,0699edf3-5993-4182-b9b4-ec935cbd4fcc,0699edf3-5993-4182-b9b4-ec935cbd4fcc,0,0,0.36741573033707864,0.3178733031674208,0.6325842696629214,0.6821266968325792,0.16631387964922892,0.16474952989208694,26,season_to_date,e9ff9b0c-15fd-4eb7-9340-a866e812bdba,2023-08-03 02:30:00+00:00
13079dcf-f63e-438c-8026-f2e4b107a3c3,2023-08-06 19:00:00+00:00,2023-08-06,2023,5d70a9af-8c2b-4aec-9e68-9acc6ddb93e4,5d70a9af-8c2b-4aec-9e68-9acc6ddb93e4,f073a15f-0486-4179-b0a3-dfd0294eb595,f073a15f-0486-4179-b0a3-dfd0294eb595,1,0,0.2884097035040431,0.3306878306878307,0.7115902964959568,0.6693121693121693,0.16467584859277,0.1501394996926278,27,season_to_date,8c13b1a7-a043-4add-88e4-34451aa09aeb,2023-08-04 02:00:00+00:00
13079dcf-f63e-438c-8026-f2e4b107a3c3,2023-08-06 19:00:00+00:00,2023-08-06,2023,f073a15f-0486-4179-b0a3-dfd0294eb595,f073a15f-0486-4179-b0a3-dfd0294eb595,5d70a9af-8c2b-4aec-9e68-9acc6ddb93e4,5d70a9af-8c2b-4aec-9e68-9acc6ddb93e4,0,0,0.2852512155591572,0.3417085427135678,0.7147487844408428,0.6582914572864321,0.1649923599596866,0.15435164034826365,27,season_to_date,b8ee864a-7848-4ebd-8692-f069dfceb624,2023-08-04 23:00:00+00:00
2418f7c8-0648-49a3-8cab-4c0e49d8baa1,2023-08-06 19:00:00+00:00,2023-08-06,2023,0a5ad38d-2fe3-43ba-894b-1ba3d5042ea9,0a5ad38d-2fe3-43ba-894b-1ba3d5042ea9,5c0d47fe-8539-47b0-9f36-d0b3609ca89b,5c0d47fe-8539-47b0-9f36-d0b3609ca89b,0,0,0.29205479452054794,0.34335002782415136,0.707945205479452,0.6566499721758486,0.15458122540753233,0.17144897213642854,27,season_to_date,da52f36b-9dc8-4ff7-ab9f-9557cdee2ff7,2023-08-04 23:00:00+00:00
2418f7c8-0648-49a3-8cab-4c0e49d8baa1,2023-08-06 19:00:00+00:00,2023-08-06,2023,5c0d47fe-8539-47b0-9f36-d0b3609ca89b,5c0d47fe-8539-47b0-9f36-d0b3609ca89b,0a5ad38d-2fe3-43ba-894b-1ba3d5042ea9,0a5ad38d-2fe3-43ba-894b-1ba3d5042ea9,1,0,0.33086981239340535,0.33294392523364486,0.6691301876065947,0.6670560747663551,0.15005589474589387,0.17659614114139552,26,season_to_date,da52f36b-9dc8-4ff7-ab9f-9557cdee2ff7,2023-08-04 23:00:00+00:00
47243fd2-dfe2-4033-a11c-be21c5b2f6d4,2023-08-06 19:00:00+00:00,2023-08-06,2023,08ed8274-e29f-4248-bc2e-83cc8ed18d75,08ed8274-e29f-4248-bc2e-83cc8ed18d75,171b097d-01db-4ae8-9d56-035689402ec6,FR_LVA_ACES,1,0,0.4201815269620929,0.30167014613778703,0.5798184730379071,0.6983298538622129,0.1620941597716166,0.1396760806730288,27,season_to_date,dc699de9-401f-455d-9bae-b660c62b3b20,2023-08-05 00:00:00+00:00
47243fd2-dfe2-4033-a11c-be21c5b2f6d4,2023-08-06 19:00:00+00:00,2023-08-06,2023,171b097d-01db-4ae8-9d56-035689402ec6,FR_LVA_ACES,08ed8274-e29f-4248-bc2e-83cc8ed18d75,08ed8274-e29f-4248-bc2e-83cc8ed18d75,0,0,0.3512140033879164,0.2907039226222461,0.6487859966120836,0.7092960773777539,0.13640209264982645,0.15103471295060078,26,season_to_date,70eeeacb-e359-4ecd-9d29-5aab7aa0e8e6,2023-08-02 02:00:00+00:00
9352e9af-2f63-4232-88f6-97b8744efc21,2023-08-06 20:00:00+00:00,2023-08-06,2023,3c409388-ab73-4c7f-953d-3a71062240f6,3c409388-ab73-4c7f-953d-3a71062240f6,5f0b5caf-708b-4300-92f2-53b51d83ec06,5f0b5caf-708b-4300-92f2-53b51d83ec06,0,0,0.30665920537213204,0.2777467930842164,0.6933407946278679,0.7222532069157837,0.1594930248383804,0.15695332859511962,26,season_to_date,abe614d9-332e-45f3-a441-80a67671e331,2023-08-05 00:00:00+00:00
9352e9af-2f63-4232-88f6-97b8744efc21,2023-08-06 20:00:00+00:00,2023-08-06,2023,5f0b5caf-708b-4300-92f2-53b51d83ec06,5f0b5caf-708b-4300-92f2-53b51d83ec06,3c409388-ab73-4c7f-953d-3a71062240f6,3c409388-ab73-4c7f-953d-3a71062240f6,1,0,0.2986425339366516,0.334435261707989,0.7013574660633484,0.665564738292011,0.141439975199566,0.1587757446459342,27,season_to_date,abe614d9-332e-45f3-a441-80a67671e331,2023-08-05 00:00:00+00:00
076ad2cc-fef7-4013-9f86-dd33ccc7457a,2023-08-08 19:00:00+00:00,2023-08-08,2023,a015b02d-845c-40c1-8ef4-844984f47e4d,a015b02d-845c-40c1-8ef4-844984f47e4d,d6a012ed-84aa-48d3-8265-2d3f3ff2199a,d6a012ed-84aa-48d3-8265-2d3f3ff2199a,0,0,0.2896739130434783,0.32074408117249154,0.7103260869565218,0.6792559188275085,0.14632551295675633,0.17843726521412473,27,season_to_date,b8ee864a-7848-4ebd-8692-f069dfceb624,2023-08-04 23:00:00+00:00
076ad2cc-fef7-4013-9f86-dd33ccc7457a,2023-08-08 19:00:00+00:00,2023-08-08,2023,d6a012ed-84aa-48d3-8265-2d3f3ff2199a,d6a012ed-84aa-48d3-8265-2d3f3ff2199a,a015b02d-845c-40c1-8ef4-844984f47e4d,a015b02d-845c-40c1-8ef4-844984f47e4d,1,0,0.3650107991360691,0.3181076672104405,0.6349892008639308,0.6818923327895595,0.16483782866562163,0.16328130102540656,27,season_to_date,5d91a9c0-af68-4af6-a5b0-c71fab12df0d,2023-08-06 02:00:00+00:00
cce4fa89-1ec7-4083-97b9-d1f4a5a1f6bd,2023-08-08 23:00:00+00:00,2023-08-08,2023,0a5ad38d-2fe3-43ba-894b-1ba3d5042ea9,0a5ad38d-2fe3-43ba-894b-1ba3d5042ea9,f073a15f-0486-4179-b0a3-dfd0294eb595,f073a15f-0486-4179-b0a3-dfd0294eb595,0,0,0.2940552016985138,0.33942980096826253,0.7059447983014862,0.6605701990317375,0.15549743229881025,0.1716851558372953,28,season_to_date,2418f7c8-0648-49a3-8cab-4c0e49d8baa1,2023-08-06 19:00:00+00:00
cce4fa89-1ec7-4083-97b9-d1f4a5a1f6bd,2023-08-08 23:00:00+00:00,2023-08-08,2023,f073a15f-0486-4179-b0a3-dfd0294eb595,f073a15f-0486-4179-b0a3-dfd0294eb595,0a5ad38d-2fe3-43ba-894b-1ba3d5042ea9,0a5ad38d-2fe3-43ba-894b-1ba3d5042ea9,1,0,0.2825065274151436,0.3410685375067458,0.7174934725848564,0.6589314624932542,0.16552135303900342,0.15333493474257345,28,season_to_date,13079dcf-f63e-438c-8026-f2e4b107a3c3,2023-08-06 19:00:00+00:00
04f18afd-1326-4f82-8d21-bc2a8ca14d7e,2023-08-09 00:00:00+00:00,2023-08-09,2023,3c409388-ab73-4c7f-953d-3a71062240f6,3c409388-ab73-4c7f-953d-3a71062240f6,6f017f37-be96-4bdc-b6d3-0a0429c72e89,6f017f37-be96-4bdc-b6d3-0a0429c72e89,1,0,0.31010264721772013,0.2758990874932904,0.6898973527822798,0.7241009125067096,0.160842586544742,0.15732961365037143,27,season_to_date,9352e9af-2f63-4232-88f6-97b8744efc21,2023-08-06 20:00:00+00:00
04f18afd-1326-4f82-8d21-bc2a8ca14d7e,2023-08-09 00:00:00+00:00,2023-08-09,2023,6f017f37-be96-4bdc-b6d3-0a0429c72e89,6f017f37-be96-4bdc-b6d3-0a0429c72e89,3c409388-ab73-4c7f-953d-3a71062240f6,3c409388-ab73-4c7f-953d-3a71062240f6,0,0,0.306631299734748,0.3719856336582863,0.693368700265252,0.6280143663417137,0.15694459935310145,0.14840563147786615,28,season_to_date,dc699de9-401f-455d-9bae-b660c62b3b20,2023-08-05 00:00:00+00:00
76e5a63a-58ed-4dc7-b181-f83f96bfe6ba,2023-08-09 00:00:00+00:00,2023-08-09,2023,5f0b5caf-708b-4300-92f2-53b51d83ec06,5f0b5caf-708b-4300-92f2-53b51d83ec06,171b097d-01db-4ae8-9d56-035689402ec6,FR_LVA_ACES,1,0,0.29626032054395335,0.3368813198509846,0.7037396794560467,0.6631186801490154,0.14237793514722324,0.16010726397980912,28,season_to_date,9352e9af-2f63-4232-88f6-97b8744efc21,2023-08-06 20:00:00+00:00
76e5a63a-58ed-4dc7-b181-f83f96bfe6ba,2023-08-09 00:00:00+00:00,2023-08-09,2023,171b097d-01db-4ae8-9d56-035689402ec6,FR_LVA_ACES,5f0b5caf-708b-4300-92f2-53b51d83ec06,5f0b5caf-708b-4300-92f2-53b51d83ec06,0,0,0.3503530689842477,0.29891584925141973,0.6496469310157523,0.7010841507485803,0.1357722358272111,0.15069682210541543,27,season_to_date,47243fd2-dfe2-4033-a11c-be21c5b2f6d4,2023-08-06 19:00:00+00:00
518694e1-90f7-4184-b0ef-9faf3b37dadd,2023-08-09 02:00:00+00:00,2023-08-09,2023,0699edf3-5993-4182-b9b4-ec935cbd4fcc,0699edf3-5993-4182-b9b4-ec935cbd4fcc,5c0d47fe-8539-47b0-9f36-d0b3609ca89b,5c0d47fe-8539-47b0-9f36-d0b3609ca89b,1,0,0.3428738317757009,0.30934479054779807,0.657126168224299,0.6906552094522019,0.193321764913995,0.14751060613449066,27,season_to_date,5d91a9c0-af68-4af6-a5b0-c71fab12df0d,2023-08-06 02:00:00+00:00
518694e1-90f7-4184-b0ef-9faf3b37dadd,2023-08-09 02:00:00+00:00,2023-08-09,2023,5c0d47fe-8539-47b0-9f36-d0b3609ca89b,5c0d47fe-8539-47b0-9f36-d0b3609ca89b,0699edf3-5993-4182-b9b4-ec935cbd4fcc,0699edf3-5993-4182-b9b4-ec935cbd4fcc,0,0,0.3272926963207029,0.3337097684923772,0.6727073036792971,0.6662902315076228,0.151096171678368,0.17673757938905124,27,season_to_date,2418f7c8-0648-49a3-8cab-4c0e49d8baa1,2023-08-06 19:00:00+00:00
4dd3a7cc-e6e3-47b0-b7c0-22f3a117d8b9,2023-08-10 23:00:00+00:00,2023-08-10,2023,6f017f37-be96-4bdc-b6d3-0a0429c72e89,6f017f37-be96-4bdc-b6d3-0a0429c72e89,f073a15f-0486-4179-b0a3-dfd0294eb595,f073a15f-0486-4179-b0a3-dfd0294eb595,0,0,0.30519814719505917,0.3718518518518519,0.6948018528049408,0.6281481481481481,0.1585908510015859,0.1475480201738384,29,season_to_date,04f18afd-1326-4f82-8d21-bc2a8ca14d7e,2023-08-09 00:00:00+00:00
4dd3a7cc-e6e3-47b0-b7c0-22f3a117d8b9,2023-08-10 23:00:00+00:00,2023-08-10,2023,f073a15f-0486-4179-b0a3-dfd0294eb595,f073a15f-0486-4179-b0a3-dfd0294eb595,6f017f37-be96-4bdc-b6d3-0a0429c72e89,6f017f37-be96-4bdc-b6d3-0a0429c72e89,1,0,0.2834765032844871,0.3381818181818182,0.7165234967155129,0.6618181818181819,0.16767600302800909,0.15171636374866812,29,season_to_date,cce4fa89-1ec7-4083-97b9-d1f4a5a1f6bd,2023-08-08 23:00:00+00:00
7647ac07-fdb7-45d8-a343-a550a7cb67e0,2023-08-11 02:00:00+00:00,2023-08-11,2023,0699edf3-5993-4182-b9b4-ec935cbd4fcc,0699edf3-5993-4182-b9b4-ec935cbd4fcc,a015b02d-845c-40c1-8ef4-844984f47e4d,a015b02d-845c-40c1-8ef4-844984f47e4d,1,0,0.34743372814438805,0.3124676668391102,0.652566271855612,0.6875323331608898,0.19391189814137275,0.14703345305123822,28,season_to_date,518694e1-90f7-4184-b0ef-9faf3b37dadd,2023-08-09 02:00:00+00:00
7647ac07-fdb7-45d8-a343-a550a7cb67e0,2023-08-11 02:00:00+00:00,2023-08-11,2023,a015b02d-845c-40c1-8ef4-844984f47e4d,a015b02d-845c-40c1-8ef4-844984f47e4d,0699edf3-5993-4182-b9b4-ec935cbd4fcc,0699edf3-5993-4182-b9b4-ec935cbd4fcc,0,0,0.2869109947643979,0.3215835140997831,0.7130890052356021,0.678416485900217,0.1460464822533788,0.17870919998110563,28,season_to_date,076ad2cc-fef7-4013-9f86-dd33ccc7457a,2023-08-08 19:00:00+00:00
9666ea1e-6cb2-4342-a35e-e68a7e561d15,2023-08-11 02:00:00+00:00,2023-08-11,2023,5d70a9af-8c2b-4aec-9e68-9acc6ddb93e4,5d70a9af-8c2b-4aec-9e68-9acc6ddb93e4,d6a012ed-84aa-48d3-8265-2d3f3ff2199a,d6a012ed-84aa-48d3-8265-2d3f3ff2199a,0,0,0.2895148669796557,0.3265097236438076,0.7104851330203443,0.6734902763561924,0.16338621753271543,0.15115517582735566,28,season_to_date,13079dcf-f63e-438c-8026-f2e4b107a3c3,2023-08-06 19:00:00+00:00
9666ea1e-6cb2-4342-a35e-e68a7e561d15,2023-08-11 02:00:00+00:00,2023-08-11,2023,d6a012ed-84aa-48d3-8265-2d3f3ff2199a,d6a012ed-84aa-48d3-8265-2d3f3ff2199a,5d70a9af-8c2b-4aec-9e68-9acc6ddb93e4,5d70a9af-8c2b-4aec-9e68-9acc6ddb93e4,1,0,0.36420395421436,0.3143006809848088,0.63579604578564,0.6856993190151912,0.16559129730066705,0.16242213987226997,28,season_to_date,076ad2cc-fef7-4013-9f86-dd33ccc7457a,2023-08-08 19:00:00+00:00
90774a87-a07c-49c5-b595-32f8134e9ba7,2023-08-12 00:00:00+00:00,2023-08-12,2023,08ed8274-e29f-4248-bc2e-83cc8ed18d75,08ed8274-e29f-4248-bc2e-83cc8ed18d75,3c409388-ab73-4c7f-953d-3a71062240f6,3c409388-ab73-4c7f-953d-3a71062240f6,1,0,0.4232939969214982,0.3026183282980866,0.5767060030785018,0.6973816717019133,0.16137311018478195,0.13897781039678947,28,season_to_date,47243fd2-dfe2-4033-a11c-be21c5b2f6d4,2023-08-06 19:00:00+00:00
90774a87-a07c-49c5-b595-32f8134e9ba7,2023-08-12 00:00:00+00:00,2023-08-12,2023,3c409388-ab73-4c7f-953d-3a71062240f6,3c409388-ab73-4c7f-953d-3a71062240f6,08ed8274-e29f-4248-bc2e-83cc8ed18d75,08ed8274-e29f-4248-bc2e-83cc8ed18d75,0,0,0.3124026984950701,0.27537740760020823,0.6875973015049299,0.7246225923997918,0.15952418465416732,0.15899122807017543,28,season_to_date,04f18afd-1326-4f82-8d21-bc2a8ca14d7e,2023-08-09 00:00:00+00:00
0295d2c1-2fcb-47ca-a949-ad7342050e85,2023-08-12 02:00:00+00:00,2023-08-12,2023,5c0d47fe-8539-47b0-9f36-d0b3609ca89b,5c0d47fe-8539-47b0-9f36-d0b3609ca89b,171b097d-01db-4ae8-9d56-035689402ec6,FR_LVA_ACES,0,0,0.3298097251585624,0.3384279475982533,0.6701902748414377,0.6615720524017468,0.15048218163239238,0.17786997744088093,28,season_to_date,518694e1-90f7-4184-b0ef-9faf3b37dadd,2023-08-09 02:00:00+00:00
0295d2c1-2fcb-47ca-a949-ad7342050e85,2023-08-12 02:00:00+00:00,2023-08-12,2023,171b097d-01db-4ae8-9d56-035689402ec6,FR_LVA_ACES,5c0d47fe-8539-47b0-9f36-d0b3609ca89b,5c0d47fe-8539-47b0-9f36-d0b3609ca89b,1,0,0.35352480417754567,0.3011448481831757,0.6464751958224543,0.6988551518168243,0.1358652088877489,0.1480757899959686,28,season_to_date,76e5a63a-58ed-4dc7-b181-f83f96bfe6ba,2023-08-09 00:00:00+00:00
317d862a-9e1c-4b2e-8daa-614a73c07835,2023-08-12 23:30:00+00:00,2023-08-12,2023,0a5ad38d-2fe3-43ba-894b-1ba3d5042ea9,0a5ad38d-2fe3-43ba-894b-1ba3d5042ea9,5d70a9af-8c2b-4aec-9e68-9acc6ddb93e4,5d70a9af-8c2b-4aec-9e68-9acc6ddb93e4,1,0,0.2929447852760736,0.33853354134165364,0.7070552147239264,0.6614664586583463,0.15380829334317708,0.17366203053364415,29,season_to_date,cce4fa89-1ec7-4083-97b9-d1f4a5a1f6bd,2023-08-08 23:00:00+00:00
317d862a-9e1c-4b2e-8daa-614a73c07835,2023-08-12 23:30:00+00:00,2023-08-12,2023,5d70a9af-8c2b-4aec-9e68-9acc6ddb93e4,5d70a9af-8c2b-4aec-9e68-9acc6ddb93e4,0a5ad38d-2fe3-43ba-894b-1ba3d5042ea9,0a5ad38d-2fe3-43ba-894b-1ba3d5042ea9,0,0,0.2894472361809045,0.3232523549826475,0.7105527638190955,0.6767476450173525,0.16311231553212172,0.15251297279021567,29,season_to_date,9666ea1e-6cb2-4342-a35e-e68a7e561d15,2023-08-11 02:00:00+00:00
7d5dc1bf-2729-4845-b741-2deb93e6420d,2023-08-13 00:00:00+00:00,2023-08-13,2023,5f0b5caf-708b-4300-92f2-53b51d83ec06,5f0b5caf-708b-4300-92f2-53b51d83ec06,a015b02d-845c-40c1-8ef4-844984f47e4d,a015b02d-845c-40c1-8ef4-844984f47e4d,1,0,0.2984514312529329,0.34050179211469533,0.7015485687470671,0.6594982078853047,0.14021453905821965,0.15932528214644237,29,season_to_date,76e5a63a-58ed-4dc7-b181-f83f96bfe6ba,2023-08-09 00:00:00+00:00
7d5dc1bf-2729-4845-b741-2deb93e6420d,2023-08-13 00:00:00+00:00,2023-08-13,2023,a015b02d-845c-40c1-8ef4-844984f47e4d,a015b02d-845c-40c1-8ef4-844984f47e4d,5f0b5caf-708b-4300-92f2-53b51d83ec06,5f0b5caf-708b-4300-92f2-53b51d83ec06,0,0,0.28319030792529026,0.3215789473684211,0.7168096920747098,0.6784210526315789,0.14668774511294197,0.18021244494566957,29,season_to_date,7647ac07-fdb7-45d8-a343-a550a7cb67e0,2023-08-11 02:00:00+00:00
75d831f4-6def-410e-8315-ad97b721c68c,2023-08-13 19:00:00+00:00,2023-08-13,2023,3c409388-ab73-4c7f-953d-3a71062240f6,3c409388-ab73-4c7f-953d-3a71062240f6,5c0d47fe-8539-47b0-9f36-d0b3609ca89b,5c0d47fe-8539-47b0-9f36-d0b3609ca89b,0,0,0.31347020530796194,0.27881227981882234,0.686529794692038,0.7211877201811776,0.16110891570659938,0.15915843084945128,29,season_to_date,90774a87-a07c-49c5-b595-32f8134e9ba7,2023-08-12 00:00:00+00:00
75d831f4-6def-410e-8315-ad97b721c68c,2023-08-13 19:00:00+00:00,2023-08-13,2023,5c0d47fe-8539-47b0-9f36-d0b3609ca89b,5c0d47fe-8539-47b0-9f36-d0b3609ca89b,3c409388-ab73-4c7f-953d-3a71062240f6,3c409388-ab73-4c7f-953d-3a71062240f6,1,0,0.33231861998985285,0.3394447354635935,0.6676813800101471,0.6605552645364065,0.1495509626622378,0.17436990786568188,29,season_to_date,0295d2c1-2fcb-47ca-a949-ad7342050e85,2023-08-12 02:00:00+00:00
eab0bd2b-7b16-4b71-8ea9-39337027e196,2023-08-13 19:00:00+00:00,2023-08-13,2023,08ed8274-e29f-4248-bc2e-83cc8ed18d75,08ed8274-e29f-4248-bc2e-83cc8ed18d75,f073a15f-0486-4179-b0a3-dfd0294eb595,f073a15f-0486-4179-b0a3-dfd0294eb595,0,0,0.4218362282878412,0.303988326848249,0.5781637717121588,0.6960116731517509,0.1614627243165121,0.14126847791691152,29,season_to_date,90774a87-a07c-49c5-b595-32f8134e9ba7,2023-08-12 00:00:00+00:00
eab0bd2b-7b16-4b71-8ea9-39337027e196,2023-08-13 19:00:00+00:00,2023-08-13,2023,f073a15f-0486-4179-b0a3-dfd0294eb595,f073a15f-0486-4179-b0a3-dfd0294eb595,08ed8274-e29f-4248-bc2e-83cc8ed18d75,08ed8274-e29f-4248-bc2e-83cc8ed18d75,1,0,0.2872496336101612,0.33702213279678067,0.7127503663898388,0.6629778672032193,0.16677907454108265,0.15189153597509877,30,season_to_date,4dd3a7cc-e6e3-47b0-b7c0-22f3a117d8b9,2023-08-10 23:00:00+00:00
918089eb-99b1-48a3-86d8-74741b4b5b6a,2023-08-13 22:00:00+00:00,2023-08-13,2023,0699edf3-5993-4182-b9b4-ec935cbd4fcc,0699edf3-5993-4182-b9b4-ec935cbd4fcc,d6a012ed-84aa-48d3-8265-2d3f3ff2199a,d6a012ed-84aa-48d3-8265-2d3f3ff2199a,0,0,0.3466375068343357,0.3078842315369261,0.6533624931656643,0.6921157684630739,0.1949593572630222,0.14763407892948302,29,season_to_date,7647ac07-fdb7-45d8-a343-a550a7cb67e0,2023-08-11 02:00:00+00:00
918089eb-99b1-48a3-86d8-74741b4b5b6a,2023-08-13 22:00:00+00:00,2023-08-13,2023,d6a012ed-84aa-48d3-8265-2d3f3ff2199a,d6a012ed-84aa-48d3-8265-2d3f3ff2199a,0699edf3-5993-4182-b9b4-ec935cbd4fcc,0699edf3-5993-4182-b9b4-ec935cbd4fcc,1,0,0.3596977329974811,0.31331987891019175,0.6403022670025189,0.6866801210898082,0.1664662558244401,0.16217489061740398,29,season_to_date,9666ea1e-6cb2-4342-a35e-e68a7e561d15,2023-08-11 02:00:00+00:00
17b14a25-991b-4f02-b5fa-e24dcd2b5cfa,2023-08-14 01:00:00+00:00,2023-08-14,2023,5d70a9af-8c2b-4aec-9e68-9acc6ddb93e4,5d70a9af-8c2b-4aec-9e68-9acc6ddb93e4,171b097d-01db-4ae8-9d56-035689402ec6,FR_LVA_ACES,0,0,0.2921951219512195,0.32082732082732085,0.7078048780487805,0.6791726791726792,0.16348501506346647,0.15270164447924822,30,season_to_date,317d862a-9e1c-4b2e-8daa-614a73c07835,2023-08-12 23:30:00+00:00
17b14a25-991b-4f02-b5fa-e24dcd2b5cfa,2023-08-14 01:00:00+00:00,2023-08-14,2023,171b097d-01db-4ae8-9d56-035689402ec6,FR_LVA_ACES,5d70a9af-8c2b-4aec-9e68-9acc6ddb93e4,5d70a9af-8c2b-4aec-9e68-9acc6ddb93e4,1,0,0.3539156626506024,0.3045977011494253,0.6460843373493976,0.6954022988505747,0.13378909270888112,0.14725669008820452,29,season_to_date,0295d2c1-2fcb-47ca-a949-ad7342050e85,2023-08-12 02:00:00+00:00
10db347c-c279-46b6-9dc3-2cef42c0dc81,2023-08-18 02:00:00+00:00,2023-08-18,2023,08ed8274-e29f-4248-bc2e-83cc8ed18d75,08ed8274-e29f-4248-bc2e-83cc8ed18d75,171b097d-01db-4ae8-9d56-035689402ec6,FR_LVA_ACES,0,0,0.42117872544321994,0.3023037141513869,0.5788212745567801,0.6976962858486131,0.15948614873721925,0.14062545539331409,30,season_to_date,eab0bd2b-7b16-4b71-8ea9-39337027e196,2023-08-13 19:00:00+00:00
10db347c-c279-46b6-9dc3-2cef42c0dc81,2023-08-18 02:00:00+00:00,2023-08-18,2023,171b097d-01db-4ae8-9d56-035689402ec6,FR_LVA_ACES,08ed8274-e29f-4248-bc2e-83cc8ed18d75,08ed8274-e29f-4248-bc2e-83cc8ed18d75,1,0,0.3518608023199613,0.3032558139534884,0.6481391976800387,0.6967441860465117,0.13243698983779267,0.14875351072762544,30,season_to_date,17b14a25-991b-4f02-b5fa-e24dcd2b5cfa,2023-08-14 01:00:00+00:00
8629b2d8-4682-4cae-a9ce-688107386304,2023-08-18 23:00:00+00:00,2023-08-18,2023,5c0d47fe-8539-47b0-9f36-d0b3609ca89b,5c0d47fe-8539-47b0-9f36-d0b3609ca89b,f073a15f-0486-4179-b0a3-dfd0294eb595,f073a15f-0486-4179-b0a3-dfd0294eb595,0,0,0.3312007874015748,0.34058704453441296,0.6687992125984252,0.6594129554655871,0.15094732458879867,0.17478400376797518,30,season_to_date,75d831f4-6def-410e-8315-ad97b721c68c,2023-08-13 19:00:00+00:00
8629b2d8-4682-4cae-a9ce-688107386304,2023-08-18 23:00:00+00:00,2023-08-18,2023,f073a15f-0486-4179-b0a3-dfd0294eb595,f073a15f-0486-4179-b0a3-dfd0294eb595,5c0d47fe-8539-47b0-9f36-d0b3609ca89b,5c0d47fe-8539-47b0-9f36-d0b3609ca89b,1,0,0.28611898016997167,0.33932038834951456,0.7138810198300283,0.6606796116504854,0.16533499850985625,0.15023603347910452,31,season_to_date,eab0bd2b-7b16-4b71-8ea9-39337027e196,2023-08-13 19:00:00+00:00
dc031acb-85bc-405e-957c-0eed7ccccdb1,2023-08-18 23:00:00+00:00,2023-08-18,2023,5f0b5caf-708b-4300-92f2-53b51d83ec06,5f0b5caf-708b-4300-92f2-53b51d83ec06,a015b02d-845c-40c1-8ef4-844984f47e4d,a015b02d-845c-40c1-8ef4-844984f47e4d,0,0,0.29658314350797266,0.33711747285291216,0.7034168564920273,0.6628825271470878,0.14040234702430848,0.15870683321087437,30,season_to_date,7d5dc1bf-2729-4845-b741-2deb93e6420d,2023-08-13 00:00:00+00:00
dc031acb-85bc-405e-957c-0eed7ccccdb1,2023-08-18 23:00:00+00:00,2023-08-18,2023,a015b02d-845c-40c1-8ef4-844984f47e4d,a015b02d-845c-40c1-8ef4-844984f47e4d,5f0b5caf-708b-4300-92f2-53b51d83ec06,5f0b5caf-708b-4300-92f2-53b51d83ec06,1,0,0.2818889970788705,0.31873727087576376,0.7181110029211295,0.6812627291242362,0.1464972830077838,0.1791005174014947,30,season_to_date,7d5dc1bf-2729-4845-b741-2deb93e6420d,2023-08-13 00:00:00+00:00
8d3b13d5-f201-4c3e-a239-c436841c88c2,2023-08-18 23:30:00+00:00,2023-08-18,2023,3c409388-ab73-4c7f-953d-3a71062240f6,3c409388-ab73-4c7f-953d-3a71062240f6,5d70a9af-8c2b-4aec-9e68-9acc6ddb93e4,5d70a9af-8c2b-4aec-9e68-9acc6ddb93e4,0,0,0.31540697674418605,0.279296875,0.684593023255814,0.720703125,0.16196562362274128,0.1602235062916141,30,season_to_date,75d831f4-6def-410e-8315-ad97b721c68c,2023-08-13 19:00:00+00:00
8d3b13d5-f201-4c3e-a239-c436841c88c2,2023-08-18 23:30:00+00:00,2023-08-18,2023,5d70a9af-8c2b-4aec-9e68-9acc6ddb93e4,5d70a9af-8c2b-4aec-9e68-9acc6ddb93e4,3c409388-ab73-4c7f-953d-3a71062240f6,3c409388-ab73-4c7f-953d-3a71062240f6,1,0,0.2911931818181818,0.3200371057513915,0.7088068181818182,0.6799628942486086,0.16442585951454564,0.15083891230680221,31,season_to_date,17b14a25-991b-4f02-b5fa-e24dcd2b5cfa,2023-08-14 01:00:00+00:00
09ada667-a92c-48f7-a594-062ef27a3cd5,2023-08-19 02:00:00+00:00,2023-08-19,2023,6f017f37-be96-4bdc-b6d3-0a0429c72e89,6f017f37-be96-4bdc-b6d3-0a0429c72e89,d6a012ed-84aa-48d3-8265-2d3f3ff2199a,d6a012ed-84aa-48d3-8265-2d3f3ff2199a,0,0,0.3050847457627119,0.37267080745341613,0.6949152542372882,0.6273291925465838,0.1585536918760819,0.14728360069449598,30,season_to_date,4dd3a7cc-e6e3-47b0-b7c0-22f3a117d8b9,2023-08-10 23:00:00+00:00
09ada667-a92c-48f7-a594-062ef27a3cd5,2023-08-19 02:00:00+00:00,2023-08-19,2023,d6a012ed-84aa-48d3-8265-2d3f3ff2199a,d6a012ed-84aa-48d3-8265-2d3f3ff2199a,6f017f37-be96-4bdc-b6d3-0a0429c72e89,6f017f37-be96-4bdc-b6d3-0a0429c72e89,1,0,0.35613092330239376,0.3130772970345163,0.6438690766976063,0.6869227029654837,0.1672716141164123,0.1599829351535836,30,season_to_date,918089eb-99b1-48a3-86d8-74741b4b5b6a,2023-08-13 22:00:00+00:00
7e080bda-bee8-4657-9619-2d48360dd52a,2023-08-19 02:00:00+00:00,2023-08-19,2023,0699edf3-5993-4182-b9b4-ec935cbd4fcc,0699edf3-5993-4182-b9b4-ec935cbd4fcc,08ed8274-e29f-4248-bc2e-83cc8ed18d75,08ed8274-e29f-4248-bc2e-83cc8ed18d75,1,0,0.34506302521008403,0.3059051306873185,0.654936974789916,0.6940948693126815,0.19162040909436545,0.1490143815353973,30,season_to_date,918089eb-99b1-48a3-86d8-74741b4b5b6a,2023-08-13 22:00:00+00:00
7e080bda-bee8-4657-9619-2d48360dd52a,2023-08-19 02:00:00+00:00,2023-08-19,2023,08ed8274-e29f-4248-bc2e-83cc8ed18d75,08ed8274-e29f-4248-bc2e-83cc8ed18d75,0699edf3-5993-4182-b9b4-ec935cbd4fcc,0699edf3-5993-4182-b9b4-ec935cbd4fcc,0,0,0.42677824267782427,0.3037744429286039,0.5732217573221757,0.6962255570713961,0.1603084702193472,0.13912822396112884,31,season_to_date,10db347c-c279-46b6-9dc3-2cef42c0dc81,2023-08-18 02:00:00+00:00
8f6ecbf5-f1b9-48c5-8ce9-ceaa89d4b74c,2023-08-19 19:00:00+00:00,2023-08-19,2023,0a5ad38d-2fe3-43ba-894b-1ba3d5042ea9,0a5ad38d-2fe3-43ba-894b-1ba3d5042ea9,171b097d-01db-4ae8-9d56-035689402ec6,FR_LVA_ACES,0,0,0.29137760158572845,0.3398890569843671,0.7086223984142715,0.6601109430156329,0.15396287040342735,0.1737148834429169,30,season_to_date,317d862a-9e1c-4b2e-8daa-614a73c07835,2023-08-12 23:30:00+00:00
8f6ecbf5-f1b9-48c5-8ce9-ceaa89d4b74c,2023-08-19 19:00:00+00:00,2023-08-19,2023,171b097d-01db-4ae8-9d56-035689402ec6,FR_LVA_ACES,0a5ad38d-2fe3-43ba-894b-1ba3d5042ea9,0a5ad38d-2fe3-43ba-894b-1ba3d5042ea9,1,0,0.3517048108360579,0.3121047877145438,0.6482951891639421,0.6878952122854561,0.1311624680223735,0.149893985986492,31,season_to_date,10db347c-c279-46b6-9dc3-2cef42c0dc81,2023-08-18 02:00:00+00:00
d3e775b5-58e1-4d61-bf6e-f4ff115f56dc,2023-08-20 19:00:00+00:00,2023-08-20,2023,5c0d47fe-8539-47b0-9f36-d0b3609ca89b,5c0d47fe-8539-47b0-9f36-d0b3609ca89b,5f0b5caf-708b-4300-92f2-53b51d83ec06,5f0b5caf-708b-4300-92f2-53b51d83ec06,1,0,0.33349259436215956,0.3393731635651322,0.6665074056378404,0.6606268364348677,0.15008947641863418,0.17539856829136127,31,season_to_date,8629b2d8-4682-4cae-a9ce-688107386304,2023-08-18 23:00:00+00:00
d3e775b5-58e1-4d61-bf6e-f4ff115f56dc,2023-08-20 19:00:00+00:00,2023-08-20,2023,5f0b5caf-708b-4300-92f2-53b51d83ec06,5f0b5caf-708b-4300-92f2-53b51d83ec06,5c0d47fe-8539-47b0-9f36-d0b3609ca89b,5c0d47fe-8539-47b0-9f36-d0b3609ca89b,0,0,0.29528426619656234,0.3323795898903195,0.7047157338034377,0.6676204101096805,0.13989700336563804,0.1583177145453513,31,season_to_date,dc031acb-85bc-405e-957c-0eed7ccccdb1,2023-08-18 23:00:00+00:00
aaf07a71-7df7-42ff-a548-c5b1b8afd27e,2023-08-20 21:00:00+00:00,2023-08-20,2023,3c409388-ab73-4c7f-953d-3a71062240f6,3c409388-ab73-4c7f-953d-3a71062240f6,a015b02d-845c-40c1-8ef4-844984f47e4d,a015b02d-845c-40c1-8ef4-844984f47e4d,1,0,0.3147279549718574,0.27680680207841285,0.6852720450281425,0.7231931979215872,0.1628108692251909,0.15788126191221233,31,season_to_date,8d3b13d5-f201-4c3e-a239-c436841c88c2,2023-08-18 23:30:00+00:00
aaf07a71-7df7-42ff-a548-c5b1b8afd27e,2023-08-20 21:00:00+00:00,2023-08-20,2023,a015b02d-845c-40c1-8ef4-844984f47e4d,a015b02d-845c-40c1-8ef4-844984f47e4d,3c409388-ab73-4c7f-953d-3a71062240f6,3c409388-ab73-4c7f-953d-3a71062240f6,0,0,0.27905882352941175,0.31648675171736995,0.7209411764705882,0.68351324828263,0.14652040642561162,0.1772443837020586,31,season_to_date,dc031acb-85bc-405e-957c-0eed7ccccdb1,2023-08-18 23:00:00+00:00
ec2f9133-43cf-4546-85d0-a12a358fb669,2023-08-20 22:00:00+00:00,2023-08-20,2023,0699edf3-5993-4182-b9b4-ec935cbd4fcc,0699edf3-5993-4182-b9b4-ec935cbd4fcc,f073a15f-0486-4179-b0a3-dfd0294eb595,f073a15f-0486-4179-b0a3-dfd0294eb595,1,0,0.34430379746835443,0.30902290790088827,0.6556962025316456,0.6909770920991117,0.19073589509893277,0.1488242881238218,31,season_to_date,7e080bda-bee8-4657-9619-2d48360dd52a,2023-08-19 02:00:00+00:00
ec2f9133-43cf-4546-85d0-a12a358fb669,2023-08-20 22:00:00+00:00,2023-08-20,2023,f073a15f-0486-4179-b0a3-dfd0294eb595,f073a15f-0486-4179-b0a3-dfd0294eb595,0699edf3-5993-4182-b9b4-ec935cbd4fcc,0699edf3-5993-4182-b9b4-ec935cbd4fcc,0,0,0.2866300366300366,0.34134842055634135,0.7133699633699634,0.6586515794436586,0.16621242153947802,0.14942059965123472,32,season_to_date,8629b2d8-4682-4cae-a9ce-688107386304,2023-08-18 23:00:00+00:00
4aca3356-9edc-4059-8f3b-ff5450b21ec1,2023-08-20 23:00:00+00:00,2023-08-20,2023,6f017f37-be96-4bdc-b6d3-0a0429c72e89,6f017f37-be96-4bdc-b6d3-0a0429c72e89,d6a012ed-84aa-48d3-8265-2d3f3ff2199a,d6a012ed-84aa-48d3-8265-2d3f3ff2199a,1,0,0.30579710144927535,0.3734382230448866,0.6942028985507246,0.6265617769551134,0.15899400158994,0.14819014266440853,31,season_to_date,09ada667-a92c-48f7-a594-062ef27a3cd5,2023-08-19 02:00:00+00:00
4aca3356-9edc-4059-8f3b-ff5450b21ec1,2023-08-20 23:00:00+00:00,2023-08-20,2023,d6a012ed-84aa-48d3-8265-2d3f3ff2199a,d6a012ed-84aa-48d3-8265-2d3f3ff2199a,6f017f37-be96-4bdc-b6d3-0a0429c72e89,6f017f37-be96-4bdc-b6d3-0a0429c72e89,0,0,0.3574468085106383,0.31353135313531355,0.6425531914893617,0.6864686468646864,0.16751777451754882,0.16037292049779756,31,season_to_date,09ada667-a92c-48f7-a594-062ef27a3cd5,2023-08-19 02:00:00+00:00
04c93a83-aa61-4215-8b50-7f2c22b5165e,2023-08-22 23:00:00+00:00,2023-08-22,2023,5d70a9af-8c2b-4aec-9e68-9acc6ddb93e4,5d70a9af-8c2b-4aec-9e68-9acc6ddb93e4,171b097d-01db-4ae8-9d56-035689402ec6,FR_LVA_ACES,1,0,0.2883998165978909,0.3192446043165468,0.7116001834021092,0.6807553956834532,0.16209090542231072,0.15196857757411392,32,season_to_date,8d3b13d5-f201-4c3e-a239-c436841c88c2,2023-08-18 23:30:00+00:00
04c93a83-aa61-4215-8b50-7f2c22b5165e,2023-08-22 23:00:00+00:00,2023-08-22,2023,171b097d-01db-4ae8-9d56-035689402ec6,FR_LVA_ACES,5d70a9af-8c2b-4aec-9e68-9acc6ddb93e4,5d70a9af-8c2b-4aec-9e68-9acc6ddb93e4,0,0,0.35424187725631767,0.31010145566828407,0.6457581227436823,0.6898985443317159,0.13205701509223028,0.15404749570575565,32,season_to_date,8f6ecbf5-f1b9-48c5-8ce9-ceaa89d4b74c,2023-08-19 19:00:00+00:00
71dc16b8-d814-47ab-ab01-09df72601c2d,2023-08-22 23:00:00+00:00,2023-08-22,2023,5c0d47fe-8539-47b0-9f36-d0b3609ca89b,5c0d47fe-8539-47b0-9f36-d0b3609ca89b,a015b02d-845c-40c1-8ef4-844984f47e4d,a015b02d-845c-40c1-8ef4-844984f47e4d,1,0,0.33595194085027724,0.3382283278067267,0.6640480591497228,0.6617716721932734,0.15042789931452347,0.17573117953524273,32,season_to_date,d3e775b5-58e1-4d61-bf6e-f4ff115f56dc,2023-08-20 19:00:00+00:00
71dc16b8-d814-47ab-ab01-09df72601c2d,2023-08-22 23:00:00+00:00,2023-08-22,2023,a015b02d-845c-40c1-8ef4-844984f47e4d,a015b02d-845c-40c1-8ef4-844984f47e4d,5c0d47fe-8539-47b0-9f36-d0b3609ca89b,5c0d47fe-8539-47b0-9f36-d0b3609ca89b,0,0,0.28139321723189736,0.31699190861494525,0.7186067827681026,0.6830080913850547,0.14783723430650897,0.17612443363907615,32,season_to_date,aaf07a71-7df7-42ff-a548-c5b1b8afd27e,2023-08-20 21:00:00+00:00
43a965e8-d30c-4dd6-957a-dd5da003aaf7,2023-08-23 00:00:00+00:00,2023-08-23,2023,3c409388-ab73-4c7f-953d-3a71062240f6,3c409388-ab73-4c7f-953d-3a71062240f6,d6a012ed-84aa-48d3-8265-2d3f3ff2199a,d6a012ed-84aa-48d3-8265-2d3f3ff2199a,1,0,0.3152619589977221,0.27920883164673416,0.6847380410022779,0.7207911683532658,0.1621203968155415,0.15887488947833775,32,season_to_date,aaf07a71-7df7-42ff-a548-c5b1b8afd27e,2023-08-20 21:00:00+00:00
43a965e8-d30c-4dd6-957a-dd5da003aaf7,2023-08-23 00:00:00+00:00,2023-08-23,2023,d6a012ed-84aa-48d3-8265-2d3f3ff2199a,d6a012ed-84aa-48d3-8265-2d3f3ff2199a,3c409388-ab73-4c7f-953d-3a71062240f6,3c409388-ab73-4c7f-953d-3a71062240f6,0,0,0.3569146508443633,0.31201461854728185,0.6430853491556366,0.6879853814527181,0.1652757099342995,0.15950174692389488,32,season_to_date,4aca3356-9edc-4059-8f3b-ff5450b21ec1,2023-08-20 23:00:00+00:00
d92ce6a7-79e6-4161-add8-018dc888272c,2023-08-23 00:00:00+00:00,2023-08-23,2023,5f0b5caf-708b-4300-92f2-53b51d83ec06,5f0b5caf-708b-4300-92f2-53b51d83ec06,6f017f37-be96-4bdc-b6d3-0a0429c72e89,6f017f37-be96-4bdc-b6d3-0a0429c72e89,0,0,0.29555175363558595,0.3348708487084871,0.704448246364414,0.665129151291513,0.141340906413998,0.15838658695801552,32,season_to_date,d3e775b5-58e1-4d61-bf6e-f4ff115f56dc,2023-08-20 19:00:00+00:00
d92ce6a7-79e6-4161-add8-018dc888272c,2023-08-23 00:00:00+00:00,2023-08-23,2023,6f017f37-be96-4bdc-b6d3-0a0429c72e89,6f017f37-be96-4bdc-b6d3-0a0429c72e89,5f0b5caf-708b-4300-92f2-53b51d83ec06,5f0b5caf-708b-4300-92f2-53b51d83ec06,1,0,0.3044901777362021,0.3723737147966026,0.695509822263798,0.6276262852033974,0.1581547677364274,0.14653388335625095,32,season_to_date,4aca3356-9edc-4059-8f3b-ff5450b21ec1,2023-08-20 23:00:00+00:00
5b073cc6-cf36-401d-bce1-52c367370dc3,2023-08-24 02:00:00+00:00,2023-08-24,2023,0699edf3-5993-4182-b9b4-ec935cbd4fcc,0699edf3-5993-4182-b9b4-ec935cbd4fcc,0a5ad38d-2fe3-43ba-894b-1ba3d5042ea9,0a5ad38d-2fe3-43ba-894b-1ba3d5042ea9,0,0,0.3437806072477963,0.3080762250453721,0.6562193927522038,0.691923774954628,0.18953402366863906,0.1478394807052287,32,season_to_date,ec2f9133-43cf-4546-85d0-a12a358fb669,2023-08-20 22:00:00+00:00
5b073cc6-cf36-401d-bce1-52c367370dc3,2023-08-24 02:00:00+00:00,2023-08-24,2023,0a5ad38d-2fe3-43ba-894b-1ba3d5042ea9,0a5ad38d-2fe3-43ba-894b-1ba3d5042ea9,0699edf3-5993-4182-b9b4-ec935cbd4fcc,0699edf3-5993-4182-b9b4-ec935cbd4fcc,1,0,0.28971511347175277,0.3430515063168124,0.7102848865282472,0.6569484936831875,0.15823012932339497,0.17318266441529204,31,season_to_date,8f6ecbf5-f1b9-48c5-8ce9-ceaa89d4b74c,2023-08-19 19:00:00+00:00
01ab1a47-88df-4d3b-a66a-95c7613a726a,2023-08-24 23:00:00+00:00,2023-08-24,2023,08ed8274-e29f-4248-bc2e-83cc8ed18d75,08ed8274-e29f-4248-bc2e-83cc8ed18d75,a015b02d-845c-40c1-8ef4-844984f47e4d,a015b02d-845c-40c1-8ef4-844984f47e4d,0,0,0.42580935251798563,0.30440528634361236,0.5741906474820144,0.6955947136563877,0.1597739216115612,0.13993622466435834,32,season_to_date,7e080bda-bee8-4657-9619-2d48360dd52a,2023-08-19 02:00:00+00:00
01ab1a47-88df-4d3b-a66a-95c7613a726a,2023-08-24 23:00:00+00:00,2023-08-24,2023,a015b02d-845c-40c1-8ef4-844984f47e4d,a015b02d-845c-40c1-8ef4-844984f47e4d,08ed8274-e29f-4248-bc2e-83cc8ed18d75,08ed8274-e29f-4248-bc2e-83cc8ed18d75,1,0,0.28488631297369593,0.31807674526121127,0.7151136870263041,0.6819232547387887,0.1485301217745829,0.17759727639497633,33,season_to_date,71dc16b8-d814-47ab-ab01-09df72601c2d,2023-08-22 23:00:00+00:00
6d60a132-fb01-4a5f-b08f-8c69f97164fc,2023-08-24 23:00:00+00:00,2023-08-24,2023,d6a012ed-84aa-48d3-8265-2d3f3ff2199a,d6a012ed-84aa-48d3-8265-2d3f3ff2199a,f073a15f-0486-4179-b0a3-dfd0294eb595,f073a15f-0486-4179-b0a3-dfd0294eb595,0,0,0.35455349248452694,0.3124448367166814,0.6454465075154731,0.6875551632833187,0.16493468718599608,0.15635043925433897,33,season_to_date,43a965e8-d30c-4dd6-957a-dd5da003aaf7,2023-08-23 00:00:00+00:00
6d60a132-fb01-4a5f-b08f-8c69f97164fc,2023-08-24 23:00:00+00:00,2023-08-24,2023,f073a15f-0486-4179-b0a3-dfd0294eb595,f073a15f-0486-4179-b0a3-dfd0294eb595,d6a012ed-84aa-48d3-8265-2d3f3ff2199a,d6a012ed-84aa-48d3-8265-2d3f3ff2199a,1,0,0.2863494886616274,0.34095063985374774,0.7136505113383727,0.6590493601462523,0.16475290406234544,0.1495516856076091,33,season_to_date,ec2f9133-43cf-4546-85d0-a12a358fb669,2023-08-20 22:00:00+00:00
d2d22e0d-92ab-4f45-b968-6acc93970c71,2023-08-25 00:00:00+00:00,2023-08-25,2023,5f0b5caf-708b-4300-92f2-53b51d83ec06,5f0b5caf-708b-4300-92f2-53b51d83ec06,6f017f37-be96-4bdc-b6d3-0a0429c72e89,6f017f37-be96-4bdc-b6d3-0a0429c72e89,1,0,0.2956521739130435,0.3355674709562109,0.7043478260869566,0.6644325290437891,0.1430162506960968,0.15855039637599094,33,season_to_date,d92ce6a7-79e6-4161-add8-018dc888272c,2023-08-23 00:00:00+00:00
d2d22e0d-92ab-4f45-b968-6acc93970c71,2023-08-25 00:00:00+00:00,2023-08-25,2023,6f017f37-be96-4bdc-b6d3-0a0429c72e89,6f017f37-be96-4bdc-b6d3-0a0429c72e89,5f0b5caf-708b-4300-92f2-53b51d83ec06,5f0b5caf-708b-4300-92f2-53b51d83ec06,0,0,0.3061594202898551,0.36992221261884184,0.6938405797101449,0.6300777873811582,0.15832869987387949,0.14812729563795277,33,season_to_date,d92ce6a7-79e6-4161-add8-018dc888272c,2023-08-23 00:00:00+00:00
fa24097b-70b6-47ac-ac46-084d05b29920,2023-08-25 00:00:00+00:00,2023-08-25,2023,3c409388-ab73-4c7f-953d-3a71062240f6,3c409388-ab73-4c7f-953d-3a71062240f6,171b097d-01db-4ae8-9d56-035689402ec6,FR_LVA_ACES,1,0,0.31558098591549294,0.27928730512249444,0.684419014084507,0.7207126948775056,0.15889263540997645,0.15873758504992713,33,season_to_date,43a965e8-d30c-4dd6-957a-dd5da003aaf7,2023-08-23 00:00:00+00:00
fa24097b-70b6-47ac-ac46-084d05b29920,2023-08-25 00:00:00+00:00,2023-08-25,2023,171b097d-01db-4ae8-9d56-035689402ec6,FR_LVA_ACES,3c409388-ab73-4c7f-953d-3a71062240f6,3c409388-ab73-4c7f-953d-3a71062240f6,0,0,0.3518599562363239,0.30848329048843187,0.6481400437636762,0.6915167095115681,0.130909533732038,0.1526929483620211,33,season_to_date,04c93a83-aa61-4215-8b50-7f2c22b5165e,2023-08-22 23:00:00+00:00
35c2d977-6350-46f2-a68a-2e544815e3a6,2023-08-26 00:00:00+00:00,2023-08-26,2023,0a5ad38d-2fe3-43ba-894b-1ba3d5042ea9,0a5ad38d-2fe3-43ba-894b-1ba3d5042ea9,5d70a9af-8c2b-4aec-9e68-9acc6ddb93e4,5d70a9af-8c2b-4aec-9e68-9acc6ddb93e4,0,0,0.2891283973758201,0.3410486537553141,0.7108716026241799,0.6589513462446859,0.15633763320246774,0.17386427369601792,32,season_to_date,5b073cc6-cf36-401d-bce1-52c367370dc3,2023-08-24 02:00:00+00:00
35c2d977-6350-46f2-a68a-2e544815e3a6,2023-08-26 00:00:00+00:00,2023-08-26,2023,5d70a9af-8c2b-4aec-9e68-9acc6ddb93e4,5d70a9af-8c2b-4aec-9e68-9acc6ddb93e4,0a5ad38d-2fe3-43ba-894b-1ba3d5042ea9,0a5ad38d-2fe3-43ba-894b-1ba3d5042ea9,1,0,0.2873665480427046,0.31792411687745314,0.7126334519572953,0.6820758831225469,0.16051364365971107,0.15026490666735753,33,season_to_date,04c93a83-aa61-4215-8b50-7f2c22b5165e,2023-08-22 23:00:00+00:00
3428280d-6858-4a34-b7ac-dbfa4fb78d01,2023-08-26 23:00:00+00:00,2023-08-26,2023,5c0d47fe-8539-47b0-9f36-d0b3609ca89b,5c0d47fe-8539-47b0-9f36-d0b3609ca89b,171b097d-01db-4ae8-9d56-035689402ec6,FR_LVA_ACES,1,0,0.33647798742138363,0.3402394106813996,0.6635220125786163,0.6597605893186004,0.15268674503006335,0.17566915196052138,33,season_to_date,71dc16b8-d814-47ab-ab01-09df72601c2d,2023-08-22 23:00:00+00:00
3428280d-6858-4a34-b7ac-dbfa4fb78d01,2023-08-26 23:00:00+00:00,2023-08-26,2023,171b097d-01db-4ae8-9d56-035689402ec6,FR_LVA_ACES,5c0d47fe-8539-47b0-9f36-d0b3609ca89b,5c0d47fe-8539-47b0-9f36-d0b3609ca89b,0,0,0.35144312393887944,0.30982994608046455,0.6485568760611206,0.6901700539195355,0.13151162943236827,0.15305403639996415,34,season_to_date,fa24097b-70b6-47ac-ac46-084d05b29920,2023-08-25 00:00:00+00:00
02cec503-3b1d-4d2f-b99e-6ffb0084101c,2023-08-27 00:00:00+00:00,2023-08-27,2023,08ed8274-e29f-4248-bc2e-83cc8ed18d75,08ed8274-e29f-4248-bc2e-83cc8ed18d75,6f017f37-be96-4bdc-b6d3-0a0429c72e89,6f017f37-be96-4bdc-b6d3-0a0429c72e89,0,0,0.4254023488473249,0.30818414322250637,0.574597651152675,0.6918158567774936,0.1585399759045715,0.13966851121992646,33,season_to_date,01ab1a47-88df-4d3b-a66a-95c7613a726a,2023-08-24 23:00:00+00:00
02cec503-3b1d-4d2f-b99e-6ffb0084101c,2023-08-27 00:00:00+00:00,2023-08-27,2023,6f017f37-be96-4bdc-b6d3-0a0429c72e89,6f017f37-be96-4bdc-b6d3-0a0429c72e89,08ed8274-e29f-4248-bc2e-83cc8ed18d75,08ed8274-e29f-4248-bc2e-83cc8ed18d75,1,0,0.30755711775043937,0.36512605042016805,0.6924428822495606,0.6348739495798319,0.15836717528157815,0.14940303742870875,34,season_to_date,d2d22e0d-92ab-4f45-b968-6acc93970c71,2023-08-25 00:00:00+00:00
0b966496-0fb5-46cb-b495-5079b59945ef,2023-08-27 17:00:00+00:00,2023-08-27,2023,0a5ad38d-2fe3-43ba-894b-1ba3d5042ea9,0a5ad38d-2fe3-43ba-894b-1ba3d5042ea9,a015b02d-845c-40c1-8ef4-844984f47e4d,a015b02d-845c-40c1-8ef4-844984f47e4d,0,0,0.28876762164620284,0.335933914639743,0.7112323783537972,0.664066085360257,0.15592657152195227,0.17427770062358738,33,season_to_date,35c2d977-6350-46f2-a68a-2e544815e3a6,2023-08-26 00:00:00+00:00
0b966496-0fb5-46cb-b495-5079b59945ef,2023-08-27 17:00:00+00:00,2023-08-27,2023,a015b02d-845c-40c1-8ef4-844984f47e4d,a015b02d-845c-40c1-8ef4-844984f47e4d,0a5ad38d-2fe3-43ba-894b-1ba3d5042ea9,0a5ad38d-2fe3-43ba-894b-1ba3d5042ea9,1,0,0.28934885726606296,0.32126899016979443,0.710651142733937,0.6787310098302055,0.14801176286889087,0.17581875746094358,34,season_to_date,01ab1a47-88df-4d3b-a66a-95c7613a726a,2023-08-24 23:00:00+00:00
c3dc64e6-4f7e-4db2-b8a3-31729916ffb9,2023-08-27 20:00:00+00:00,2023-08-27,2023,5d70a9af-8c2b-4aec-9e68-9acc6ddb93e4,5d70a9af-8c2b-4aec-9e68-9acc6ddb93e4,f073a15f-0486-4179-b0a3-dfd0294eb595,f073a15f-0486-4179-b0a3-dfd0294eb595,0,0,0.283982683982684,0.31679389312977096,0.716017316017316,0.683206106870229,0.16125960256491653,0.15004602251951227,34,season_to_date,35c2d977-6350-46f2-a68a-2e544815e3a6,2023-08-26 00:00:00+00:00
c3dc64e6-4f7e-4db2-b8a3-31729916ffb9,2023-08-27 20:00:00+00:00,2023-08-27,2023,f073a15f-0486-4179-b0a3-dfd0294eb595,f073a15f-0486-4179-b0a3-dfd0294eb595,5d70a9af-8c2b-4aec-9e68-9acc6ddb93e4,5d70a9af-8c2b-4aec-9e68-9acc6ddb93e4,1,0,0.2878133102852204,0.34323725055432375,0.7121866897147796,0.6567627494456763,0.16404922773663938,0.14935039187956808,34,season_to_date,6d60a132-fb01-4a5f-b08f-8c69f97164fc,2023-08-24 23:00:00+00:00
7fac6e49-b348-4ba7-a8ed-19db0d371cba,2023-08-27 22:00:00+00:00,2023-08-27,2023,0699edf3-5993-4182-b9b4-ec935cbd4fcc,0699edf3-5993-4182-b9b4-ec935cbd4fcc,5f0b5caf-708b-4300-92f2-53b51d83ec06,5f0b5caf-708b-4300-92f2-53b51d83ec06,1,0,0.34174202760590194,0.3070136744596383,0.658257972394098,0.6929863255403617,0.18974741819086724,0.146304554524393,33,season_to_date,5b073cc6-cf36-401d-bce1-52c367370dc3,2023-08-24 02:00:00+00:00
7fac6e49-b348-4ba7-a8ed-19db0d371cba,2023-08-27 22:00:00+00:00,2023-08-27,2023,5f0b5caf-708b-4300-92f2-53b51d83ec06,5f0b5caf-708b-4300-92f2-53b51d83ec06,0699edf3-5993-4182-b9b4-ec935cbd4fcc,0699edf3-5993-4182-b9b4-ec935cbd4fcc,0,0,0.29302700523982267,0.3360797918473547,0.7069729947601774,0.6639202081526453,0.14437195129443278,0.15858148698404498,34,season_to_date,d2d22e0d-92ab-4f45-b968-6acc93970c71,2023-08-25 00:00:00+00:00
a5e31a44-6c49-409a-97e9-5b11b7fc2569,2023-08-27 22:00:00+00:00,2023-08-27,2023,3c409388-ab73-4c7f-953d-3a71062240f6,3c409388-ab73-4c7f-953d-3a71062240f6,d6a012ed-84aa-48d3-8265-2d3f3ff2199a,d6a012ed-84aa-48d3-8265-2d3f3ff2199a,0,0,0.3167305236270754,0.2810880829015544,0.6832694763729247,0.7189119170984456,0.15906234207150355,0.15849452885961726,34,season_to_date,fa24097b-70b6-47ac-ac46-084d05b29920,2023-08-25 00:00:00+00:00
a5e31a44-6c49-409a-97e9-5b11b7fc2569,2023-08-27 22:00:00+00:00,2023-08-27,2023,d6a012ed-84aa-48d3-8265-2d3f3ff2199a,d6a012ed-84aa-48d3-8265-2d3f3ff2199a,3c409388-ab73-4c7f-953d-3a71062240f6,3c409388-ab73-4c7f-953d-3a71062240f6,1,0,0.356376127093173,0.3131703131703132,0.643623872906827,0.6868296868296868,0.1642900232316361,0.1558967963208356,34,season_to_date,6d60a132-fb01-4a5f-b08f-8c69f97164fc,2023-08-24 23:00:00+00:00
2ee480c4-3f6b-404c-a205-1e40afbfb2ff,2023-08-28 23:00:00+00:00,2023-08-28,2023,08ed8274-e29f-4248-bc2e-83cc8ed18d75,08ed8274-e29f-4248-bc2e-83cc8ed18d75,171b097d-01db-4ae8-9d56-035689402ec6,FR_LVA_ACES,1,0,0.42351453855878635,0.3078196110881258,0.5764854614412137,0.6921803889118743,0.15600874935666495,0.14021583568638069,34,season_to_date,02cec503-3b1d-4d2f-b99e-6ffb0084101c,2023-08-27 00:00:00+00:00
2ee480c4-3f6b-404c-a205-1e40afbfb2ff,2023-08-28 23:00:00+00:00,2023-08-28,2023,171b097d-01db-4ae8-9d56-035689402ec6,FR_LVA_ACES,08ed8274-e29f-4248-bc2e-83cc8ed18d75,08ed8274-e29f-4248-bc2e-83cc8ed18d75,0,0,0.35398595621643947,0.3115679161628376,0.6460140437835605,0.6884320838371625,0.13365580448065173,0.15197757707879164,35,season_to_date,3428280d-6858-4a34-b7ac-dbfa4fb78d01,2023-08-26 23:00:00+00:00
6e15a1d8-611c-43c8-9cee-dd3fda4d0d56,2023-08-29 23:00:00+00:00,2023-08-29,2023,0699edf3-5993-4182-b9b4-ec935cbd4fcc,0699edf3-5993-4182-b9b4-ec935cbd4fcc,5d70a9af-8c2b-4aec-9e68-9acc6ddb93e4,5d70a9af-8c2b-4aec-9e68-9acc6ddb93e4,0,0,0.3388811835413777,0.30440359127832406,0.6611188164586222,0.6955964087216759,0.1893251550246829,0.14579247464055173,34,season_to_date,7fac6e49-b348-4ba7-a8ed-19db0d371cba,2023-08-27 22:00:00+00:00
6e15a1d8-611c-43c8-9cee-dd3fda4d0d56,2023-08-29 23:00:00+00:00,2023-08-29,2023,5d70a9af-8c2b-4aec-9e68-9acc6ddb93e4,5d70a9af-8c2b-4aec-9e68-9acc6ddb93e4,0699edf3-5993-4182-b9b4-ec935cbd4fcc,0699edf3-5993-4182-b9b4-ec935cbd4fcc,1,0,0.28247162673392184,0.3154859967051071,0.7175283732660782,0.6845140032948929,0.16085890024282914,0.15021090837747694,35,season_to_date,c3dc64e6-4f7e-4db2-b8a3-31729916ffb9,2023-08-27 20:00:00+00:00
f44c1021-77d7-47c0-8317-99ad8b3b004f,2023-08-29 23:00:00+00:00,2023-08-29,2023,5c0d47fe-8539-47b0-9f36-d0b3609ca89b,5c0d47fe-8539-47b0-9f36-d0b3609ca89b,6f017f37-be96-4bdc-b6d3-0a0429c72e89,6f017f37-be96-4bdc-b6d3-0a0429c72e89,1,0,0.3375435540069686,0.34331694233348237,0.6624564459930313,0.6566830576665177,0.15156097945872019,0.17652107199979195,34,season_to_date,3428280d-6858-4a34-b7ac-dbfa4fb78d01,2023-08-26 23:00:00+00:00
f44c1021-77d7-47c0-8317-99ad8b3b004f,2023-08-29 23:00:00+00:00,2023-08-29,2023,6f017f37-be96-4bdc-b6d3-0a0429c72e89,6f017f37-be96-4bdc-b6d3-0a0429c72e89,5c0d47fe-8539-47b0-9f36-d0b3609ca89b,5c0d47fe-8539-47b0-9f36-d0b3609ca89b,0,0,0.3072006817213464,0.36511817440912797,0.6927993182786536,0.634881825590872,0.1583834668097227,0.14717028802425466,35,season_to_date,02cec503-3b1d-4d2f-b99e-6ffb0084101c,2023-08-27 00:00:00+00:00
5d3c8f47-32b8-4946-83e0-bbca3bd6005c,2023-08-30 02:30:00+00:00,2023-08-30,2023,0a5ad38d-2fe3-43ba-894b-1ba3d5042ea9,0a5ad38d-2fe3-43ba-894b-1ba3d5042ea9,3c409388-ab73-4c7f-953d-3a71062240f6,3c409388-ab73-4c7f-953d-3a71062240f6,1,0,0.2901371074745688,0.33778966131907306,0.7098628925254312,0.6622103386809269,0.15685599692906402,0.17531232666860358,34,season_to_date,0b966496-0fb5-46cb-b495-5079b59945ef,2023-08-27 17:00:00+00:00
5d3c8f47-32b8-4946-83e0-bbca3bd6005c,2023-08-30 02:30:00+00:00,2023-08-30,2023,3c409388-ab73-4c7f-953d-3a71062240f6,3c409388-ab73-4c7f-953d-3a71062240f6,0a5ad38d-2fe3-43ba-894b-1ba3d5042ea9,0a5ad38d-2fe3-43ba-894b-1ba3d5042ea9,0,0,0.31626754748142033,0.283500837520938,0.6837324525185797,0.716499162479062,0.15754915156165486,0.15823780342020158,35,season_to_date,a5e31a44-6c49-409a-97e9-5b11b7fc2569,2023-08-27 22:00:00+00:00
4b3da5ff-01f5-4f61-96e2-afd169c11fe5,2023-08-31 23:00:00+00:00,2023-08-31,2023,0699edf3-5993-4182-b9b4-ec935cbd4fcc,0699edf3-5993-4182-b9b4-ec935cbd4fcc,a015b02d-845c-40c1-8ef4-844984f47e4d,a015b02d-845c-40c1-8ef4-844984f47e4d,0,0,0.33363349842413326,0.3028169014084507,0.6663665015758667,0.6971830985915493,0.18967686138847395,0.14485527096456569,35,season_to_date,6e15a1d8-611c-43c8-9cee-dd3fda4d0d56,2023-08-29 23:00:00+00:00
4b3da5ff-01f5-4f61-96e2-afd169c11fe5,2023-08-31 23:00:00+00:00,2023-08-31,2023,a015b02d-845c-40c1-8ef4-844984f47e4d,a015b02d-845c-40c1-8ef4-844984f47e4d,0699edf3-5993-4182-b9b4-ec935cbd4fcc,0699edf3-5993-4182-b9b4-ec935cbd4fcc,1,0,0.2923657718120805,0.3217391304347826,0.7076342281879194,0.6782608695652174,0.14975735517136793,0.17617417880100525,35,season_to_date,0b966496-0fb5-46cb-b495-5079b59945ef,2023-08-27 17:00:00+00:00
2ec6287f-9d3d-40dc-9f63-b972908bd55d,2023-09-01 02:00:00+00:00,2023-09-01,2023,5c0d47fe-8539-47b0-9f36-d0b3609ca89b,5c0d47fe-8539-47b0-9f36-d0b3609ca89b,171b097d-01db-4ae8-9d56-035689402ec6,FR_LVA_ACES,0,0,0.3389830508474576,0.3446180555555556,0.6610169491525424,0.6553819444444444,0.1522089483512829,0.17677566251344,35,season_to_date,f44c1021-77d7-47c0-8317-99ad8b3b004f,2023-08-29 23:00:00+00:00
2ec6287f-9d3d-40dc-9f63-b972908bd55d,2023-09-01 02:00:00+00:00,2023-09-01,2023,171b097d-01db-4ae8-9d56-035689402ec6,FR_LVA_ACES,5c0d47fe-8539-47b0-9f36-d0b3609ca89b,5c0d47fe-8539-47b0-9f36-d0b3609ca89b,1,0,0.3534136546184739,0.31533646322378717,0.6465863453815262,0.6846635367762128,0.13338697697449864,0.15148033476851627,36,season_to_date,2ee480c4-3f6b-404c-a205-1e40afbfb2ff,2023-08-28 23:00:00+00:00
a575dea3-f354-48ee-88e5-af87f60e2d3a,2023-09-01 02:00:00+00:00,2023-09-01,2023,0a5ad38d-2fe3-43ba-894b-1ba3d5042ea9,0a5ad38d-2fe3-43ba-894b-1ba3d5042ea9,d6a012ed-84aa-48d3-8265-2d3f3ff2199a,d6a012ed-84aa-48d3-8265-2d3f3ff2199a,1,0,0.2901709401709402,0.3378085751407536,0.7098290598290599,0.6621914248592464,0.1558611488826744,0.17530340974764017,35,season_to_date,5d3c8f47-32b8-4946-83e0-bbca3bd6005c,2023-08-30 02:30:00+00:00
a575dea3-f354-48ee-88e5-af87f60e2d3a,2023-09-01 02:00:00+00:00,2023-09-01,2023,d6a012ed-84aa-48d3-8265-2d3f3ff2199a,d6a012ed-84aa-48d3-8265-2d3f3ff2199a,0a5ad38d-2fe3-43ba-894b-1ba3d5042ea9,0a5ad38d-2fe3-43ba-894b-1ba3d5042ea9,0,0,0.35651811745106204,0.31281198003327787,0.6434818825489379,0.6871880199667221,0.16386701226198783,0.15447277496153944,35,season_to_date,a5e31a44-6c49-409a-97e9-5b11b7fc2569,2023-08-27 22:00:00+00:00
e1e4dd96-5f1d-4675-b28a-973a1becc80f,2023-09-01 23:00:00+00:00,2023-09-01,2023,5f0b5caf-708b-4300-92f2-53b51d83ec06,5f0b5caf-708b-4300-92f2-53b51d83ec06,f073a15f-0486-4179-b0a3-dfd0294eb595,f073a15f-0486-4179-b0a3-dfd0294eb595,0,0,0.291030160595378,0.33361486486486486,0.708969839404622,0.6663851351351351,0.14395450798618992,0.15897500472202986,35,season_to_date,7fac6e49-b348-4ba7-a8ed-19db0d371cba,2023-08-27 22:00:00+00:00
e1e4dd96-5f1d-4675-b28a-973a1becc80f,2023-09-01 23:00:00+00:00,2023-09-01,2023,f073a15f-0486-4179-b0a3-dfd0294eb595,f073a15f-0486-4179-b0a3-dfd0294eb595,5f0b5caf-708b-4300-92f2-53b51d83ec06,5f0b5caf-708b-4300-92f2-53b51d83ec06,1,0,0.2873322147651007,0.3399311531841652,0.7126677852348994,0.6600688468158348,0.1638228696726063,0.14929581074673534,35,season_to_date,c3dc64e6-4f7e-4db2-b8a3-31729916ffb9,2023-08-27 20:00:00+00:00
4da72939-c305-437e-8827-3d9e2d6b82e6,2023-09-02 00:00:00+00:00,2023-09-02,2023,08ed8274-e29f-4248-bc2e-83cc8ed18d75,08ed8274-e29f-4248-bc2e-83cc8ed18d75,a015b02d-845c-40c1-8ef4-844984f47e4d,a015b02d-845c-40c1-8ef4-844984f47e4d,1,0,0.42401960784313725,0.3085277554304103,0.5759803921568627,0.6914722445695897,0.15537445868536984,0.13976109001115583,35,season_to_date,2ee480c4-3f6b-404c-a205-1e40afbfb2ff,2023-08-28 23:00:00+00:00
4da72939-c305-437e-8827-3d9e2d6b82e6,2023-09-02 00:00:00+00:00,2023-09-02,2023,a015b02d-845c-40c1-8ef4-844984f47e4d,a015b02d-845c-40c1-8ef4-844984f47e4d,08ed8274-e29f-4248-bc2e-83cc8ed18d75,08ed8274-e29f-4248-bc2e-83cc8ed18d75,0,0,0.2931529315293153,0.318490245971162,0.7068470684706847,0.681509754028838,0.14975410745319412,0.17657064674777206,36,season_to_date,4b3da5ff-01f5-4f61-96e2-afd169c11fe5,2023-08-31 23:00:00+00:00
7bc5e691-b7b3-49cb-abe6-120e2e1ba258,2023-09-02 00:00:00+00:00,2023-09-02,2023,5d70a9af-8c2b-4aec-9e68-9acc6ddb93e4,5d70a9af-8c2b-4aec-9e68-9acc6ddb93e4,6f017f37-be96-4bdc-b6d3-0a0429c72e89,6f017f37-be96-4bdc-b6d3-0a0429c72e89,0,0,0.2815810920945395,0.31134352373290425,0.7184189079054605,0.6886564762670957,0.15956617197154205,0.15145528776504674,36,season_to_date,6e15a1d8-611c-43c8-9cee-dd3fda4d0d56,2023-08-29 23:00:00+00:00
7bc5e691-b7b3-49cb-abe6-120e2e1ba258,2023-09-02 00:00:00+00:00,2023-09-02,2023,6f017f37-be96-4bdc-b6d3-0a0429c72e89,6f017f37-be96-4bdc-b6d3-0a0429c72e89,5d70a9af-8c2b-4aec-9e68-9acc6ddb93e4,5d70a9af-8c2b-4aec-9e68-9acc6ddb93e4,1,0,0.30944490472245234,0.3657664813343924,0.6905550952775477,0.6342335186656076,0.1591188792063946,0.1479089790897909,36,season_to_date,f44c1021-77d7-47c0-8317-99ad8b3b004f,2023-08-29 23:00:00+00:00
53ad619e-852f-4fbf-866a-9a0463a897b4,2023-09-03 01:00:00+00:00,2023-09-03,2023,171b097d-01db-4ae8-9d56-035689402ec6,FR_LVA_ACES,d6a012ed-84aa-48d3-8265-2d3f3ff2199a,d6a012ed-84aa-48d3-8265-2d3f3ff2199a,1,0,0.3557993730407524,0.31480776551199086,0.6442006269592476,0.6851922344880091,0.13369306727507574,0.15097826854707697,37,season_to_date,2ec6287f-9d3d-40dc-9f63-b972908bd55d,2023-09-01 02:00:00+00:00
53ad619e-852f-4fbf-866a-9a0463a897b4,2023-09-03 01:00:00+00:00,2023-09-03,2023,d6a012ed-84aa-48d3-8265-2d3f3ff2199a,d6a012ed-84aa-48d3-8265-2d3f3ff2199a,171b097d-01db-4ae8-9d56-035689402ec6,FR_LVA_ACES,0,0,0.35804480651731163,0.3129554655870445,0.6419551934826884,0.6870445344129554,0.16614921897739401,0.15438350950855095,36,season_to_date,a575dea3-f354-48ee-88e5-af87f60e2d3a,2023-09-01 02:00:00+00:00
669605e3-02ff-4731-8612-2a1c4e07fb3a,2023-09-03 19:00:00+00:00,2023-09-03,2023,08ed8274-e29f-4248-bc2e-83cc8ed18d75,08ed8274-e29f-4248-bc2e-83cc8ed18d75,3c409388-ab73-4c7f-953d-3a71062240f6,3c409388-ab73-4c7f-953d-3a71062240f6,0,0,0.4235059760956175,0.30874852883483717,0.5764940239043824,0.6912514711651628,0.1561797343121407,0.14127396775414058,36,season_to_date,4da72939-c305-437e-8827-3d9e2d6b82e6,2023-09-02 00:00:00+00:00
669605e3-02ff-4731-8612-2a1c4e07fb3a,2023-09-03 19:00:00+00:00,2023-09-03,2023,3c409388-ab73-4c7f-953d-3a71062240f6,3c409388-ab73-4c7f-953d-3a71062240f6,08ed8274-e29f-4248-bc2e-83cc8ed18d75,08ed8274-e29f-4248-bc2e-83cc8ed18d75,1,0,0.3168476075593084,0.2837454398054317,0.6831523924406916,0.7162545601945683,0.1580069082090101,0.15724998778640872,36,season_to_date,5d3c8f47-32b8-4946-83e0-bbca3bd6005c,2023-08-30 02:30:00+00:00
7314edf4-577a-4fae-b959-288996b440f5,2023-09-03 20:00:00+00:00,2023-09-03,2023,5f0b5caf-708b-4300-92f2-53b51d83ec06,5f0b5caf-708b-4300-92f2-53b51d83ec06,f073a15f-0486-4179-b0a3-dfd0294eb595,f073a15f-0486-4179-b0a3-dfd0294eb595,1,0,0.29141337386018235,0.3333333333333333,0.7085866261398176,0.6666666666666666,0.14305611978411004,0.15811751464957244,36,season_to_date,e1e4dd96-5f1d-4675-b28a-973a1becc80f,2023-09-01 23:00:00+00:00
7314edf4-577a-4fae-b959-288996b440f5,2023-09-03 20:00:00+00:00,2023-09-03,2023,f073a15f-0486-4179-b0a3-dfd0294eb595,f073a15f-0486-4179-b0a3-dfd0294eb595,5f0b5caf-708b-4300-92f2-53b51d83ec06,5f0b5caf-708b-4300-92f2-53b51d83ec06,0,0,0.2883910386965377,0.3387432376196421,0.7116089613034623,0.6612567623803579,0.1628265713376264,0.1481716181458978,36,season_to_date,e1e4dd96-5f1d-4675-b28a-973a1becc80f,2023-09-01 23:00:00+00:00
ed568c11-a0aa-4b34-9f96-34a58164b584,2023-09-03 23:00:00+00:00,2023-09-03,2023,0699edf3-5993-4182-b9b4-ec935cbd4fcc,0699edf3-5993-4182-b9b4-ec935cbd4fcc,6f017f37-be96-4bdc-b6d3-0a0429c72e89,6f017f37-be96-4bdc-b6d3-0a0429c72e89,0,0,0.3299692847740237,0.30336168489266907,0.6700307152259763,0.6966383151073309,0.1897521083567595,0.14497303686193394,36,season_to_date,4b3da5ff-01f5-4f61-96e2-afd169c11fe5,2023-08-31 23:00:00+00:00
ed568c11-a0aa-4b34-9f96-34a58164b584,2023-09-03 23:00:00+00:00,2023-09-03,2023,6f017f37-be96-4bdc-b6d3-0a0429c72e89,6f017f37-be96-4bdc-b6d3-0a0429c72e89,0699edf3-5993-4182-b9b4-ec935cbd4fcc,0699edf3-5993-4182-b9b4-ec935cbd4fcc,1,0,0.3091710052062475,0.3607060629316961,0.6908289947937525,0.639293937068304,0.1581172898997687,0.14669126398476554,37,season_to_date,7bc5e691-b7b3-49cb-abe6-120e2e1ba258,2023-09-02 00:00:00+00:00
9d59dc24-c18b-4b56-9dca-71de356e1a1f,2023-09-03 23:30:00+00:00,2023-09-03,2023,0a5ad38d-2fe3-43ba-894b-1ba3d5042ea9,0a5ad38d-2fe3-43ba-894b-1ba3d5042ea9,5c0d47fe-8539-47b0-9f36-d0b3609ca89b,5c0d47fe-8539-47b0-9f36-d0b3609ca89b,1,0,0.29093931837073983,0.33982225983918746,0.7090606816292602,0.6601777401608125,0.15573310030584858,0.17733817891174303,36,season_to_date,a575dea3-f354-48ee-88e5-af87f60e2d3a,2023-09-01 02:00:00+00:00
9d59dc24-c18b-4b56-9dca-71de356e1a1f,2023-09-03 23:30:00+00:00,2023-09-03,2023,5c0d47fe-8539-47b0-9f36-d0b3609ca89b,5c0d47fe-8539-47b0-9f36-d0b3609ca89b,0a5ad38d-2fe3-43ba-894b-1ba3d5042ea9,0a5ad38d-2fe3-43ba-894b-1ba3d5042ea9,0,0,0.3377211024269848,0.3474218089602705,0.6622788975730152,0.6525781910397295,0.15165829645467654,0.1759868826589738,36,season_to_date,2ec6287f-9d3d-40dc-9f63-b972908bd55d,2023-09-01 02:00:00+00:00
28d47a42-cac7-40d6-a0ae-e280d9a555fa,2023-09-05 23:00:00+00:00,2023-09-05,2023,3c409388-ab73-4c7f-953d-3a71062240f6,3c409388-ab73-4c7f-953d-3a71062240f6,f073a15f-0486-4179-b0a3-dfd0294eb595,f073a15f-0486-4179-b0a3-dfd0294eb595,0,0,0.3169206721375537,0.2863332020480504,0.6830793278624463,0.7136667979519495,0.15871597879816568,0.15716543667629268,37,season_to_date,669605e3-02ff-4731-8612-2a1c4e07fb3a,2023-09-03 19:00:00+00:00
28d47a42-cac7-40d6-a0ae-e280d9a555fa,2023-09-05 23:00:00+00:00,2023-09-05,2023,f073a15f-0486-4179-b0a3-dfd0294eb595,f073a15f-0486-4179-b0a3-dfd0294eb595,3c409388-ab73-4c7f-953d-3a71062240f6,3c409388-ab73-4c7f-953d-3a71062240f6,1,0,0.290615141955836,0.33909895414320196,0.7093848580441641,0.6609010458567981,0.1625263957102522,0.14717389995786434,37,season_to_date,7314edf4-577a-4fae-b959-288996b440f5,2023-09-03 20:00:00+00:00
3063998b-e8e3-4c25-bd22-77ca8fde334a,2023-09-05 23:00:00+00:00,2023-09-05,2023,0a5ad38d-2fe3-43ba-894b-1ba3d5042ea9,0a5ad38d-2fe3-43ba-894b-1ba3d5042ea9,a015b02d-845c-40c1-8ef4-844984f47e4d,a015b02d-845c-40c1-8ef4-844984f47e4d,0,0,0.2922077922077922,0.3414332784184514,0.7077922077922078,0.6585667215815486,0.15582391897156211,0.1774193548387097,37,season_to_date,9d59dc24-c18b-4b56-9dca-71de356e1a1f,2023-09-03 23:30:00+00:00
3063998b-e8e3-4c25-bd22-77ca8fde334a,2023-09-05 23:00:00+00:00,2023-09-05,2023,a015b02d-845c-40c1-8ef4-844984f47e4d,a015b02d-845c-40c1-8ef4-844984f47e4d,0a5ad38d-2fe3-43ba-894b-1ba3d5042ea9,0a5ad38d-2fe3-43ba-894b-1ba3d5042ea9,1,0,0.29376498800959233,0.32066115702479336,0.7062350119904077,0.6793388429752066,0.15098394707457347,0.17681953000228154,37,season_to_date,4da72939-c305-437e-8827-3d9e2d6b82e6,2023-09-02 00:00:00+00:00
a963fc91-beac-4886-a8a4-794f54547259,2023-09-06 00:00:00+00:00,2023-09-06,2023,08ed8274-e29f-4248-bc2e-83cc8ed18d75,08ed8274-e29f-4248-bc2e-83cc8ed18d75,5f0b5caf-708b-4300-92f2-53b51d83ec06,5f0b5caf-708b-4300-92f2-53b51d83ec06,0,0,0.42215336948102244,0.3090423502479969,0.5778466305189776,0.690957649752003,0.15612433174054974,0.14243999715120004,37,season_to_date,669605e3-02ff-4731-8612-2a1c4e07fb3a,2023-09-03 19:00:00+00:00
a963fc91-beac-4886-a8a4-794f54547259,2023-09-06 00:00:00+00:00,2023-09-06,2023,5f0b5caf-708b-4300-92f2-53b51d83ec06,5f0b5caf-708b-4300-92f2-53b51d83ec06,08ed8274-e29f-4248-bc2e-83cc8ed18d75,08ed8274-e29f-4248-bc2e-83cc8ed18d75,1,0,0.29318600368324127,0.3341269841269841,0.7068139963167588,0.6658730158730158,0.14227115473467133,0.15796336909489658,37,season_to_date,7314edf4-577a-4fae-b959-288996b440f5,2023-09-03 20:00:00+00:00
dd82acb0-abf9-4957-863b-ba46468a154c,2023-09-06 02:00:00+00:00,2023-09-06,2023,0699edf3-5993-4182-b9b4-ec935cbd4fcc,0699edf3-5993-4182-b9b4-ec935cbd4fcc,5c0d47fe-8539-47b0-9f36-d0b3609ca89b,5c0d47fe-8539-47b0-9f36-d0b3609ca89b,1,0,0.3263740945888368,0.30303030303030304,0.6736259054111632,0.696969696969697,0.18819408213460537,0.1445000239337514,37,season_to_date,ed568c11-a0aa-4b34-9f96-34a58164b584,2023-09-03 23:00:00+00:00
dd82acb0-abf9-4957-863b-ba46468a154c,2023-09-06 02:00:00+00:00,2023-09-06,2023,5c0d47fe-8539-47b0-9f36-d0b3609ca89b,5c0d47fe-8539-47b0-9f36-d0b3609ca89b,0699edf3-5993-4182-b9b4-ec935cbd4fcc,0699edf3-5993-4182-b9b4-ec935cbd4fcc,0,0,0.33934294871794873,0.34735973597359737,0.6606570512820513,0.6526402640264026,0.15238545339974066,0.17557995502266907,37,season_to_date,9d59dc24-c18b-4b56-9dca-71de356e1a1f,2023-09-03 23:30:00+00:00
521cca71-099e-4f5e-a593-74de69cfb8f9,2023-09-06 23:00:00+00:00,2023-09-06,2023,5d70a9af-8c2b-4aec-9e68-9acc6ddb93e4,5d70a9af-8c2b-4aec-9e68-9acc6ddb93e4,d6a012ed-84aa-48d3-8265-2d3f3ff2199a,d6a012ed-84aa-48d3-8265-2d3f3ff2199a,1,0,0.27930763178599527,0.3110159595173219,0.7206923682140047,0.6889840404826781,0.15800908552241752,0.1507178700864232,37,season_to_date,7bc5e691-b7b3-49cb-abe6-120e2e1ba258,2023-09-02 00:00:00+00:00
521cca71-099e-4f5e-a593-74de69cfb8f9,2023-09-06 23:00:00+00:00,2023-09-06,2023,d6a012ed-84aa-48d3-8265-2d3f3ff2199a,d6a012ed-84aa-48d3-8265-2d3f3ff2199a,5d70a9af-8c2b-4aec-9e68-9acc6ddb93e4,5d70a9af-8c2b-4aec-9e68-9acc6ddb93e4,0,0,0.3571145461751883,0.3155206286836935,0.6428854538248118,0.6844793713163064,0.16663127595318988,0.15244084340656064,37,season_to_date,53ad619e-852f-4fbf-866a-9a0463a897b4,2023-09-03 01:00:00+00:00
94224b9f-7f92-41c4-9c0e-4d68047c9541,2023-09-07 23:00:00+00:00,2023-09-07,2023,08ed8274-e29f-4248-bc2e-83cc8ed18d75,08ed8274-e29f-4248-bc2e-83cc8ed18d75,0a5ad38d-2fe3-43ba-894b-1ba3d5042ea9,0a5ad38d-2fe3-43ba-894b-1ba3d5042ea9,1,0,0.42049736247174074,0.3073785687801261,0.5795026375282593,0.692621431219874,0.1555921128316039,0.14220770979242867,38,season_to_date,a963fc91-beac-4886-a8a4-794f54547259,2023-09-06 00:00:00+00:00
94224b9f-7f92-41c4-9c0e-4d68047c9541,2023-09-07 23:00:00+00:00,2023-09-07,2023,0a5ad38d-2fe3-43ba-894b-1ba3d5042ea9,0a5ad38d-2fe3-43ba-894b-1ba3d5042ea9,08ed8274-e29f-4248-bc2e-83cc8ed18d75,08ed8274-e29f-4248-bc2e-83cc8ed18d75,0,0,0.2927892234548336,0.3406813627254509,0.7072107765451664,0.6593186372745491,0.15612941525675275,0.1774268077392448,38,season_to_date,3063998b-e8e3-4c25-bd22-77ca8fde334a,2023-09-05 23:00:00+00:00
94aea7c0-2800-437e-a7df-e43a7a784469,2023-09-08 23:00:00+00:00,2023-09-08,2023,a015b02d-845c-40c1-8ef4-844984f47e4d,a015b02d-845c-40c1-8ef4-844984f47e4d,f073a15f-0486-4179-b0a3-dfd0294eb595,f073a15f-0486-4179-b0a3-dfd0294eb595,1,0,0.29427792915531337,0.32056451612903225,0.7057220708446866,0.6794354838709677,0.1516869695340083,0.17660910518053374,38,season_to_date,3063998b-e8e3-4c25-bd22-77ca8fde334a,2023-09-05 23:00:00+00:00
94aea7c0-2800-437e-a7df-e43a7a784469,2023-09-08 23:00:00+00:00,2023-09-08,2023,f073a15f-0486-4179-b0a3-dfd0294eb595,f073a15f-0486-4179-b0a3-dfd0294eb595,a015b02d-845c-40c1-8ef4-844984f47e4d,a015b02d-845c-40c1-8ef4-844984f47e4d,0,0,0.29006163328197226,0.3413968006242684,0.7099383667180277,0.6586031993757315,0.16385199569996878,0.14571874230358756,38,season_to_date,28d47a42-cac7-40d6-a0ae-e280d9a555fa,2023-09-05 23:00:00+00:00
f4205a2c-30fe-40a3-a5a0-796cb76692f4,2023-09-08 23:00:00+00:00,2023-09-08,2023,5c0d47fe-8539-47b0-9f36-d0b3609ca89b,5c0d47fe-8539-47b0-9f36-d0b3609ca89b,5d70a9af-8c2b-4aec-9e68-9acc6ddb93e4,5d70a9af-8c2b-4aec-9e68-9acc6ddb93e4,1,0,0.33944596176355835,0.3451185214945761,0.6605540382364417,0.6548814785054239,0.15090186053117455,0.17496864046142485,38,season_to_date,dd82acb0-abf9-4957-863b-ba46468a154c,2023-09-06 02:00:00+00:00
f4205a2c-30fe-40a3-a5a0-796cb76692f4,2023-09-08 23:00:00+00:00,2023-09-08,2023,5d70a9af-8c2b-4aec-9e68-9acc6ddb93e4,5d70a9af-8c2b-4aec-9e68-9acc6ddb93e4,5c0d47fe-8539-47b0-9f36-d0b3609ca89b,5c0d47fe-8539-47b0-9f36-d0b3609ca89b,0,0,0.2769701606732976,0.31140684410646385,0.7230298393267024,0.6885931558935361,0.15741254544013228,0.15110622228774254,38,season_to_date,521cca71-099e-4f5e-a593-74de69cfb8f9,2023-09-06 23:00:00+00:00
767727ba-c6d6-4b4d-9cbc-4859033dd39d,2023-09-09 00:00:00+00:00,2023-09-09,2023,3c409388-ab73-4c7f-953d-3a71062240f6,3c409388-ab73-4c7f-953d-3a71062240f6,6f017f37-be96-4bdc-b6d3-0a0429c72e89,6f017f37-be96-4bdc-b6d3-0a0429c72e89,1,0,0.3198027314112291,0.2858791843016545,0.6801972685887708,0.7141208156983455,0.15698086052207016,0.15863091102774304,38,season_to_date,28d47a42-cac7-40d6-a0ae-e280d9a555fa,2023-09-05 23:00:00+00:00
767727ba-c6d6-4b4d-9cbc-4859033dd39d,2023-09-09 00:00:00+00:00,2023-09-09,2023,6f017f37-be96-4bdc-b6d3-0a0429c72e89,6f017f37-be96-4bdc-b6d3-0a0429c72e89,3c409388-ab73-4c7f-953d-3a71062240f6,3c409388-ab73-4c7f-953d-3a71062240f6,0,0,0.30868042039704163,0.3567688855646971,0.6913195796029583,0.6432311144353029,0.15729349736379614,0.14635644895782615,38,season_to_date,ed568c11-a0aa-4b34-9f96-34a58164b584,2023-09-03 23:00:00+00:00
b3f4c93c-0814-41c8-b6be-978fbd6bd1fe,2023-09-09 00:00:00+00:00,2023-09-09,2023,5f0b5caf-708b-4300-92f2-53b51d83ec06,5f0b5caf-708b-4300-92f2-53b51d83ec06,d6a012ed-84aa-48d3-8265-2d3f3ff2199a,d6a012ed-84aa-48d3-8265-2d3f3ff2199a,1,0,0.2920100322465066,0.33487654320987653,0.7079899677534933,0.6651234567901234,0.14205480353656127,0.15737954411815572,38,season_to_date,a963fc91-beac-4886-a8a4-794f54547259,2023-09-06 00:00:00+00:00
b3f4c93c-0814-41c8-b6be-978fbd6bd1fe,2023-09-09 00:00:00+00:00,2023-09-09,2023,d6a012ed-84aa-48d3-8265-2d3f3ff2199a,d6a012ed-84aa-48d3-8265-2d3f3ff2199a,5f0b5caf-708b-4300-92f2-53b51d83ec06,5f0b5caf-708b-4300-92f2-53b51d83ec06,0,0,0.35642414860681115,0.3121895299961788,0.6435758513931888,0.6878104700038211,0.16664172317327286,0.15197303423025513,38,season_to_date,521cca71-099e-4f5e-a593-74de69cfb8f9,2023-09-06 23:00:00+00:00
4c572621-559b-4f9b-9085-aadb5f5d2c14,2023-09-09 02:00:00+00:00,2023-09-09,2023,0699edf3-5993-4182-b9b4-ec935cbd4fcc,0699edf3-5993-4182-b9b4-ec935cbd4fcc,171b097d-01db-4ae8-9d56-035689402ec6,FR_LVA_ACES,1,0,0.3246268656716418,0.3040644171779141,0.6753731343283582,0.6959355828220859,0.18723532970356926,0.14321622727538433,38,season_to_date,dd82acb0-abf9-4957-863b-ba46468a154c,2023-09-06 02:00:00+00:00
4c572621-559b-4f9b-9085-aadb5f5d2c14,2023-09-09 02:00:00+00:00,2023-09-09,2023,171b097d-01db-4ae8-9d56-035689402ec6,FR_LVA_ACES,0699edf3-5993-4182-b9b4-ec935cbd4fcc,0699edf3-5993-4182-b9b4-ec935cbd4fcc,0,0,0.3570612866387514,0.3150278293135436,0.6429387133612485,0.6849721706864564,0.13235276854993017,0.15184854110797863,38,season_to_date,53ad619e-852f-4fbf-866a-9a0463a897b4,2023-09-03 01:00:00+00:00
08a12d7e-5e8f-4191-ab07-c8fc885ae5d5,2023-09-10 17:00:00+00:00,2023-09-10,2023,08ed8274-e29f-4248-bc2e-83cc8ed18d75,08ed8274-e29f-4248-bc2e-83cc8ed18d75,5c0d47fe-8539-47b0-9f36-d0b3609ca89b,5c0d47fe-8539-47b0-9f36-d0b3609ca89b,1,0,0.4223283143591627,0.3078034682080925,0.5776716856408373,0.6921965317919075,0.15641468391900074,0.14227550836782438,39,season_to_date,94224b9f-7f92-41c4-9c0e-4d68047c9541,2023-09-07 23:00:00+00:00
08a12d7e-5e8f-4191-ab07-c8fc885ae5d5,2023-09-10 17:00:00+00:00,2023-09-10,2023,5c0d47fe-8539-47b0-9f36-d0b3609ca89b,5c0d47fe-8539-47b0-9f36-d0b3609ca89b,08ed8274-e29f-4248-bc2e-83cc8ed18d75,08ed8274-e29f-4248-bc2e-83cc8ed18d75,0,0,0.34219521458412455,0.3455968688845401,0.6578047854158754,0.6544031311154599,0.14933736958254862,0.17409669501683886,39,season_to_date,f4205a2c-30fe-40a3-a5a0-796cb76692f4,2023-09-08 23:00:00+00:00
98e27c9b-7aae-473c-b972-59593b0d8db4,2023-09-10 17:00:00+00:00,2023-09-10,2023,5d70a9af-8c2b-4aec-9e68-9acc6ddb93e4,5d70a9af-8c2b-4aec-9e68-9acc6ddb93e4,5f0b5caf-708b-4300-92f2-53b51d83ec06,5f0b5caf-708b-4300-92f2-53b51d83ec06,1,0,0.2791044776119403,0.3148148148148148,0.7208955223880597,0.6851851851851852,0.15701402916211354,0.14960106382978725,39,season_to_date,f4205a2c-30fe-40a3-a5a0-796cb76692f4,2023-09-08 23:00:00+00:00
98e27c9b-7aae-473c-b972-59593b0d8db4,2023-09-10 17:00:00+00:00,2023-09-10,2023,5f0b5caf-708b-4300-92f2-53b51d83ec06,5f0b5caf-708b-4300-92f2-53b51d83ec06,5d70a9af-8c2b-4aec-9e68-9acc6ddb93e4,5d70a9af-8c2b-4aec-9e68-9acc6ddb93e4,0,0,0.291958041958042,0.3355881247651259,0.708041958041958,0.6644118752348741,0.14275326675078592,0.1577074610782476,39,season_to_date,b3f4c93c-0814-41c8-b6be-978fbd6bd1fe,2023-09-09 00:00:00+00:00
b0edf02a-3565-4bf9-bf21-c02fcdcc7fed,2023-09-10 17:00:00+00:00,2023-09-10,2023,3c409388-ab73-4c7f-953d-3a71062240f6,3c409388-ab73-4c7f-953d-3a71062240f6,a015b02d-845c-40c1-8ef4-844984f47e4d,a015b02d-845c-40c1-8ef4-844984f47e4d,0,0,0.3190704537071191,0.28603603603603606,0.6809295462928808,0.713963963963964,0.15695396393446326,0.159402789689884,39,season_to_date,767727ba-c6d6-4b4d-9cbc-4859033dd39d,2023-09-09 00:00:00+00:00
b0edf02a-3565-4bf9-bf21-c02fcdcc7fed,2023-09-10 17:00:00+00:00,2023-09-10,2023,a015b02d-845c-40c1-8ef4-844984f47e4d,a015b02d-845c-40c1-8ef4-844984f47e4d,3c409388-ab73-4c7f-953d-3a71062240f6,3c409388-ab73-4c7f-953d-3a71062240f6,1,0,0.29501332318233725,0.3197011403853716,0.7049866768176627,0.6802988596146284,0.15345122646891043,0.17613285449596267,39,season_to_date,94aea7c0-2800-437e-a7df-e43a7a784469,2023-09-08 23:00:00+00:00
ddc2a2d9-d126-4324-a12d-693ed204ee3b,2023-09-10 17:00:00+00:00,2023-09-10,2023,6f017f37-be96-4bdc-b6d3-0a0429c72e89,6f017f37-be96-4bdc-b6d3-0a0429c72e89,f073a15f-0486-4179-b0a3-dfd0294eb595,f073a15f-0486-4179-b0a3-dfd0294eb595,0,0,0.3082763857251329,0.35503819570753004,0.6917236142748672,0.64496180429247,0.15810863261718303,0.14661764374168226,39,season_to_date,767727ba-c6d6-4b4d-9cbc-4859033dd39d,2023-09-09 00:00:00+00:00
ddc2a2d9-d126-4324-a12d-693ed204ee3b,2023-09-10 17:00:00+00:00,2023-09-10,2023,f073a15f-0486-4179-b0a3-dfd0294eb595,f073a15f-0486-4179-b0a3-dfd0294eb595,6f017f37-be96-4bdc-b6d3-0a0429c72e89,6f017f37-be96-4bdc-b6d3-0a0429c72e89,1,0,0.2899586310643099,0.3410911865700115,0.7100413689356901,0.6589088134299885,0.16368090126090737,0.14763272639879146,39,season_to_date,94aea7c0-2800-437e-a7df-e43a7a784469,2023-09-08 23:00:00+00:00
7f06a60d-4c08-466a-95a1-1c94abddab26,2023-09-10 19:00:00+00:00,2023-09-10,2023,0a5ad38d-2fe3-43ba-894b-1ba3d5042ea9,0a5ad38d-2fe3-43ba-894b-1ba3d5042ea9,d6a012ed-84aa-48d3-8265-2d3f3ff2199a,d6a012ed-84aa-48d3-8265-2d3f3ff2199a,0,0,0.29364161849710985,0.34477379095163807,0.7063583815028902,0.6552262090483619,0.15583799787204514,0.17770392679521352,39,season_to_date,94224b9f-7f92-41c4-9c0e-4d68047c9541,2023-09-07 23:00:00+00:00
7f06a60d-4c08-466a-95a1-1c94abddab26,2023-09-10 19:00:00+00:00,2023-09-10,2023,d6a012ed-84aa-48d3-8265-2d3f3ff2199a,d6a012ed-84aa-48d3-8265-2d3f3ff2199a,0a5ad38d-2fe3-43ba-894b-1ba3d5042ea9,0a5ad38d-2fe3-43ba-894b-1ba3d5042ea9,1,0,0.35657745947983416,0.31161578555472824,0.6434225405201659,0.6883842144452718,0.16672457660363824,0.15244764738491476,39,season_to_date,b3f4c93c-0814-41c8-b6be-978fbd6bd1fe,2023-09-09 00:00:00+00:00
b5a1172b-8ebb-4b1a-b496-3ab2e8f11968,2023-09-10 19:00:00+00:00,2023-09-10,2023,0699edf3-5993-4182-b9b4-ec935cbd4fcc,0699edf3-5993-4182-b9b4-ec935cbd4fcc,171b097d-01db-4ae8-9d56-035689402ec6,FR_LVA_ACES,0,0,0.3220747889022919,0.3054518297236744,0.6779252110977081,0.6945481702763256,0.18505878337824955,0.14254923650628928,39,season_to_date,4c572621-559b-4f9b-9085-aadb5f5d2c14,2023-09-09 02:00:00+00:00
b5a1172b-8ebb-4b1a-b496-3ab2e8f11968,2023-09-10 19:00:00+00:00,2023-09-10,2023,171b097d-01db-4ae8-9d56-035689402ec6,FR_LVA_ACES,0699edf3-5993-4182-b9b4-ec935cbd4fcc,0699edf3-5993-4182-b9b4-ec935cbd4fcc,1,0,0.35706340378198,0.31299638989169676,0.64293659621802,0.6870036101083032,0.13195104358677856,0.1507015996695728,39,season_to_date,4c572621-559b-4f9b-9085-aadb5f5d2c14,2023-09-09 02:00:00+00:00
c6542efa-e4f9-4dba-a945-57bacbb3155a,2023-09-14 00:00:00+00:00,2023-09-14,2023,6f017f37-be96-4bdc-b6d3-0a0429c72e89,6f017f37-be96-4bdc-b6d3-0a0429c72e89,a015b02d-845c-40c1-8ef4-844984f47e4d,a015b02d-845c-40c1-8ef4-844984f47e4d,0,1,0.308034061458719,0.35319148936170214,0.691965938541281,0.6468085106382979,0.15834585629209105,0.1469376544905246,40,season_to_date,ddc2a2d9-d126-4324-a12d-693ed204ee3b,2023-09-10 17:00:00+00:00
c6542efa-e4f9-4dba-a945-57bacbb3155a,2023-09-14 00:00:00+00:00,2023-09-14,2023,a015b02d-845c-40c1-8ef4-844984f47e4d,a015b02d-845c-40c1-8ef4-844984f47e4d,6f017f37-be96-4bdc-b6d3-0a0429c72e89,6f017f37-be96-4bdc-b6d3-0a0429c72e89,1,1,0.2944649446494465,0.3196940726577438,0.7055350553505535,0.6803059273422563,0.15191164729885567,0.1761994366071727,40,season_to_date,b0edf02a-3565-4bf9-bf21-c02fcdcc7fed,2023-09-10 17:00:00+00:00
105c2593-78a6-4969-846e-ffa036deeb9f,2023-09-14 02:00:00+00:00,2023-09-14,2023,3c409388-ab73-4c7f-953d-3a71062240f6,3c409388-ab73-4c7f-953d-3a71062240f6,171b097d-01db-4ae8-9d56-035689402ec6,FR_LVA_ACES,0,1,0.3190801293568092,0.2857662904987259,0.6809198706431908,0.7142337095012741,0.1575214427094788,0.1577139973229763,40,season_to_date,b0edf02a-3565-4bf9-bf21-c02fcdcc7fed,2023-09-10 17:00:00+00:00
105c2593-78a6-4969-846e-ffa036deeb9f,2023-09-14 02:00:00+00:00,2023-09-14,2023,171b097d-01db-4ae8-9d56-035689402ec6,FR_LVA_ACES,3c409388-ab73-4c7f-953d-3a71062240f6,3c409388-ab73-4c7f-953d-3a71062240f6,1,1,0.35995663173111675,0.31432594156986976,0.6400433682688833,0.6856740584301302,0.1312937180146155,0.15114873035066506,40,season_to_date,b5a1172b-8ebb-4b1a-b496-3ab2e8f11968,2023-09-10 19:00:00+00:00
620c2d29-b2bc-4c29-a002-45e159b650e8,2023-09-15 23:30:00+00:00,2023-09-15,2023,08ed8274-e29f-4248-bc2e-83cc8ed18d75,08ed8274-e29f-4248-bc2e-83cc8ed18d75,5c0d47fe-8539-47b0-9f36-d0b3609ca89b,5c0d47fe-8539-47b0-9f36-d0b3609ca89b,1,1,0.42438326778691454,0.3083980239943543,0.5756167322130854,0.6916019760056458,0.15525573462202882,0.1421967475925377,40,season_to_date,08a12d7e-5e8f-4191-ab07-c8fc885ae5d5,2023-09-10 17:00:00+00:00
620c2d29-b2bc-4c29-a002-45e159b650e8,2023-09-15 23:30:00+00:00,2023-09-15,2023,5c0d47fe-8539-47b0-9f36-d0b3609ca89b,5c0d47fe-8539-47b0-9f36-d0b3609ca89b,08ed8274-e29f-4248-bc2e-83cc8ed18d75,08ed8274-e29f-4248-bc2e-83cc8ed18d75,0,1,0.3419785105594665,0.3499429440852035,0.6580214894405335,0.6500570559147965,0.14908463723677684,0.17246942840293308,40,season_to_date,08a12d7e-5e8f-4191-ab07-c8fc885ae5d5,2023-09-10 17:00:00+00:00
2fc36318-8d93-4e1e-bddd-279980a6a334,2023-09-16 01:30:00+00:00,2023-09-16,2023,5d70a9af-8c2b-4aec-9e68-9acc6ddb93e4,5d70a9af-8c2b-4aec-9e68-9acc6ddb93e4,5f0b5caf-708b-4300-92f2-53b51d83ec06,5f0b5caf-708b-4300-92f2-53b51d83ec06,0,1,0.2787481804949054,0.3138105567606652,0.7212518195050946,0.6861894432393347,0.15660653549748138,0.1502004473596058,40,season_to_date,98e27c9b-7aae-473c-b972-59593b0d8db4,2023-09-10 17:00:00+00:00
2fc36318-8d93-4e1e-bddd-279980a6a334,2023-09-16 01:30:00+00:00,2023-09-16,2023,5f0b5caf-708b-4300-92f2-53b51d83ec06,5f0b5caf-708b-4300-92f2-53b51d83ec06,5d70a9af-8c2b-4aec-9e68-9acc6ddb93e4,5d70a9af-8c2b-4aec-9e68-9acc6ddb93e4,1,1,0.29152426520847574,0.33382191278856727,0.7084757347915243,0.6661780872114328,0.14349672827459534,0.15727571115973743,40,season_to_date,98e27c9b-7aae-473c-b972-59593b0d8db4,2023-09-10 17:00:00+00:00
0d920e15-ba87-4b0e-bc7b-aa25ce4e5757,2023-09-17 17:00:00+00:00,2023-09-17,2023,6f017f37-be96-4bdc-b6d3-0a0429c72e89,6f017f37-be96-4bdc-b6d3-0a0429c72e89,a015b02d-845c-40c1-8ef4-844984f47e4d,a015b02d-845c-40c1-8ef4-844984f47e4d,0,1,0.31039478449837016,0.3550173010380623,0.6896052155016299,0.6449826989619377,0.15980692714108669,0.14694525484812082,41,season_to_date,c6542efa-e4f9-4dba-a945-57bacbb3155a,2023-09-14 00:00:00+00:00
0d920e15-ba87-4b0e-bc7b-aa25ce4e5757,2023-09-17 17:00:00+00:00,2023-09-17,2023,a015b02d-845c-40c1-8ef4-844984f47e4d,a015b02d-845c-40c1-8ef4-844984f47e4d,6f017f37-be96-4bdc-b6d3-0a0429c72e89,6f017f37-be96-4bdc-b6d3-0a0429c72e89,1,1,0.29784172661870506,0.32186915887850465,0.702158273381295,0.6781308411214954,0.15180050004870604,0.17724326910530208,41,season_to_date,c6542efa-e4f9-4dba-a945-57bacbb3155a,2023-09-14 00:00:00+00:00
40541bcd-4438-4cd6-8b7a-0b1ec0c826c5,2023-09-17 19:00:00+00:00,2023-09-17,2023,3c409388-ab73-4c7f-953d-3a71062240f6,3c409388-ab73-4c7f-953d-3a71062240f6,171b097d-01db-4ae8-9d56-035689402ec6,FR_LVA_ACES,0,1,0.318739054290718,0.2860687699397377,0.681260945709282,0.7139312300602623,0.15749425830131578,0.15607765867449105,41,season_to_date,105c2593-78a6-4969-846e-ffa036deeb9f,2023-09-14 02:00:00+00:00
40541bcd-4438-4cd6-8b7a-0b1ec0c826c5,2023-09-17 19:00:00+00:00,2023-09-17,2023,171b097d-01db-4ae8-9d56-035689402ec6,FR_LVA_ACES,3c409388-ab73-4c7f-953d-3a71062240f6,3c409388-ab73-4c7f-953d-3a71062240f6,1,1,0.35832453361492433,0.3141091658084449,0.6416754663850757,0.685890834191555,0.13027220895880345,0.1512734620088265,41,season_to_date,105c2593-78a6-4969-846e-ffa036deeb9f,2023-09-14 02:00:00+00:00
b57e1659-5f26-4771-8e30-e9957c03850e,2023-09-19 23:00:00+00:00,2023-09-19,2023,08ed8274-e29f-4248-bc2e-83cc8ed18d75,08ed8274-e29f-4248-bc2e-83cc8ed18d75,5c0d47fe-8539-47b0-9f36-d0b3609ca89b,5c0d47fe-8539-47b0-9f36-d0b3609ca89b,1,1,0.42513927576601673,0.3080096253007906,0.5748607242339833,0.6919903746992093,0.1541481315539625,0.14074614221526385,41,season_to_date,620c2d29-b2bc-4c29-a002-45e159b650e8,2023-09-15 23:30:00+00:00
b57e1659-5f26-4771-8e30-e9957c03850e,2023-09-19 23:00:00+00:00,2023-09-19,2023,5c0d47fe-8539-47b0-9f36-d0b3609ca89b,5c0d47fe-8539-47b0-9f36-d0b3609ca89b,08ed8274-e29f-4248-bc2e-83cc8ed18d75,08ed8274-e29f-4248-bc2e-83cc8ed18d75,0,1,0.34066330209084356,0.35281065088757396,0.6593366979091565,0.647189349112426,0.14743096050170537,0.17091698317959847,41,season_to_date,620c2d29-b2bc-4c29-a002-45e159b650e8,2023-09-15 23:30:00+00:00
1c47eb55-2599-4c59-9939-788106db48dd,2023-09-20 01:00:00+00:00,2023-09-20,2023,5d70a9af-8c2b-4aec-9e68-9acc6ddb93e4,5d70a9af-8c2b-4aec-9e68-9acc6ddb93e4,5f0b5caf-708b-4300-92f2-53b51d83ec06,5f0b5caf-708b-4300-92f2-53b51d83ec06,0,1,0.28080736543909346,0.3120592383638928,0.7191926345609065,0.6879407616361072,0.15671680905707847,0.1512123284068795,41,season_to_date,2fc36318-8d93-4e1e-bddd-279980a6a334,2023-09-16 01:30:00+00:00
1c47eb55-2599-4c59-9939-788106db48dd,2023-09-20 01:00:00+00:00,2023-09-20,2023,5f0b5caf-708b-4300-92f2-53b51d83ec06,5f0b5caf-708b-4300-92f2-53b51d83ec06,5d70a9af-8c2b-4aec-9e68-9acc6ddb93e4,5d70a9af-8c2b-4aec-9e68-9acc6ddb93e4,1,1,0.2903871829105474,0.3344028520499109,0.7096128170894526,0.6655971479500892,0.14464679743347264,0.15737002992959623,41,season_to_date,2fc36318-8d93-4e1e-bddd-279980a6a334,2023-09-16 01:30:00+00:00
f8c774da-647a-46fa-b53b-cd5ef79872d7,2023-09-21 00:00:00+00:00,2023-09-21,2023,6f017f37-be96-4bdc-b6d3-0a0429c72e89,6f017f37-be96-4bdc-b6d3-0a0429c72e89,a015b02d-845c-40c1-8ef4-844984f47e4d,a015b02d-845c-40c1-8ef4-844984f47e4d,1,1,0.31130742049469967,0.35409614082599866,0.6886925795053004,0.6459038591740014,0.1586989345639368,0.14670221811654297,42,season_to_date,0d920e15-ba87-4b0e-bc7b-aa25ce4e5757,2023-09-17 17:00:00+00:00
f8c774da-647a-46fa-b53b-cd5ef79872d7,2023-09-21 00:00:00+00:00,2023-09-21,2023,a015b02d-845c-40c1-8ef4-844984f47e4d,a015b02d-845c-40c1-8ef4-844984f47e4d,6f017f37-be96-4bdc-b6d3-0a0429c72e89,6f017f37-be96-4bdc-b6d3-0a0429c72e89,0,1,0.2981715893108298,0.32252186588921283,0.7018284106891702,0.6774781341107872,0.15145096377886041,0.17575299923423807,42,season_to_date,0d920e15-ba87-4b0e-bc7b-aa25ce4e5757,2023-09-17 17:00:00+00:00
232fd578-f39f-450c-96d7-fa9683751b2c,2023-09-24 17:00:00+00:00,2023-09-24,2023,08ed8274-e29f-4248-bc2e-83cc8ed18d75,08ed8274-e29f-4248-bc2e-83cc8ed18d75,a015b02d-845c-40c1-8ef4-844984f47e4d,a015b02d-845c-40c1-8ef4-844984f47e4d,1,1,0.42126650863528614,0.3084643693542991,0.5787334913647139,0.6915356306457009,0.15383098825384967,0.1409126967558766,42,season_to_date,b57e1659-5f26-4771-8e30-e9957c03850e,2023-09-19 23:00:00+00:00
232fd578-f39f-450c-96d7-fa9683751b2c,2023-09-24 17:00:00+00:00,2023-09-24,2023,a015b02d-845c-40c1-8ef4-844984f47e4d,a015b02d-845c-40c1-8ef4-844984f47e4d,08ed8274-e29f-4248-bc2e-83cc8ed18d75,08ed8274-e29f-4248-bc2e-83cc8ed18d75,0,1,0.29838432451014096,0.32346647646219684,0.701615675489859,0.6765335235378032,0.15085692956899502,0.17477053228175823,43,season_to_date,f8c774da-647a-46fa-b53b-cd5ef79872d7,2023-09-21 00:00:00+00:00
f54f0504-9696-4606-a37a-7f84e4d2ec85,2023-09-24 21:00:00+00:00,2023-09-24,2023,5f0b5caf-708b-4300-92f2-53b51d83ec06,5f0b5caf-708b-4300-92f2-53b51d83ec06,171b097d-01db-4ae8-9d56-035689402ec6,FR_LVA_ACES,0,1,0.28985035783994795,0.33344935607379045,0.710149642160052,0.6665506439262096,0.1443853451355535,0.15820647373616667,42,season_to_date,1c47eb55-2599-4c59-9939-788106db48dd,2023-09-20 01:00:00+00:00
f54f0504-9696-4606-a37a-7f84e4d2ec85,2023-09-24 21:00:00+00:00,2023-09-24,2023,171b097d-01db-4ae8-9d56-035689402ec6,FR_LVA_ACES,5f0b5caf-708b-4300-92f2-53b51d83ec06,5f0b5caf-708b-4300-92f2-53b51d83ec06,1,1,0.3560657984921179,0.3143049026192075,0.6439342015078822,0.6856950973807925,0.12956807102879173,0.15242794079459882,42,season_to_date,40541bcd-4438-4cd6-8b7a-0b1ec0c826c5,2023-09-17 19:00:00+00:00
3bc2d8a6-c7d6-4c39-a85a-bce207e889c2,2023-09-27 00:00:00+00:00,2023-09-27,2023,08ed8274-e29f-4248-bc2e-83cc8ed18d75,08ed8274-e29f-4248-bc2e-83cc8ed18d75,a015b02d-845c-40c1-8ef4-844984f47e4d,a015b02d-845c-40c1-8ef4-844984f47e4d,1,1,0.4207216153591526,0.30935251798561153,0.5792783846408474,0.6906474820143885,0.15397650019278772,0.1411232697725695,43,season_to_date,232fd578-f39f-450c-96d7-fa9683751b2c,2023-09-24 17:00:00+00:00
3bc2d8a6-c7d6-4c39-a85a-bce207e889c2,2023-09-27 00:00:00+00:00,2023-09-27,2023,a015b02d-845c-40c1-8ef4-844984f47e4d,a015b02d-845c-40c1-8ef4-844984f47e4d,08ed8274-e29f-4248-bc2e-83cc8ed18d75,08ed8274-e29f-4248-bc2e-83cc8ed18d75,0,1,0.2995298858294157,0.32520891364902504,0.7004701141705842,0.674791086350975,0.15084829985092638,0.174451179137167,44,season_to_date,232fd578-f39f-450c-96d7-fa9683751b2c,2023-09-24 17:00:00+00:00
8fbd8501-d38f-46fc-a9d6-5df2deeafa05,2023-09-27 02:00:00+00:00,2023-09-27,2023,5f0b5caf-708b-4300-92f2-53b51d83ec06,5f0b5caf-708b-4300-92f2-53b51d83ec06,171b097d-01db-4ae8-9d56-035689402ec6,FR_LVA_ACES,0,1,0.2899841017488076,0.33344663494221616,0.7100158982511924,0.6665533650577838,0.14411179581736133,0.1586246104179568,43,season_to_date,f54f0504-9696-4606-a37a-7f84e4d2ec85,2023-09-24 21:00:00+00:00
8fbd8501-d38f-46fc-a9d6-5df2deeafa05,2023-09-27 02:00:00+00:00,2023-09-27,2023,171b097d-01db-4ae8-9d56-035689402ec6,FR_LVA_ACES,5f0b5caf-708b-4300-92f2-53b51d83ec06,5f0b5caf-708b-4300-92f2-53b51d83ec06,1,1,0.35554067626380986,0.3138734011151197,0.6444593237361902,0.6861265988848803,0.13066879608408433,0.1519564070300767,43,season_to_date,f54f0504-9696-4606-a37a-7f84e4d2ec85,2023-09-24 21:00:00+00:00
8ea6b4ec-a690-4295-b4bc-750b8899242d,2023-09-29 23:30:00+00:00,2023-09-29,2023,08ed8274-e29f-4248-bc2e-83cc8ed18d75,08ed8274-e29f-4248-bc2e-83cc8ed18d75,a015b02d-845c-40c1-8ef4-844984f47e4d,a015b02d-845c-40c1-8ef4-844984f47e4d,0,1,0.4202851587815943,0.30998080614203455,0.5797148412184057,0.6900191938579654,0.15416314979395265,0.1405925363592776,44,season_to_date,3bc2d8a6-c7d6-4c39-a85a-bce207e889c2,2023-09-27 00:00:00+00:00
8ea6b4ec-a690-4295-b4bc-750b8899242d,2023-09-29 23:30:00+00:00,2023-09-29,2023,a015b02d-845c-40c1-8ef4-844984f47e4d,a015b02d-845c-40c1-8ef4-844984f47e4d,08ed8274-e29f-4248-bc2e-83cc8ed18d75,08ed8274-e29f-4248-bc2e-83cc8ed18d75,1,1,0.30039395929087326,0.3268641470888662,0.6996060407091267,0.6731358529111338,0.15011363974711434,0.17419952948682166,45,season_to_date,3bc2d8a6-c7d6-4c39-a85a-bce207e889c2,2023-09-27 00:00:00+00:00
1989becd-337d-4984-b76e-a5c6bfc80f23,2023-09-30 01:30:00+00:00,2023-09-30,2023,5f0b5caf-708b-4300-92f2-53b51d83ec06,5f0b5caf-708b-4300-92f2-53b51d83ec06,171b097d-01db-4ae8-9d56-035689402ec6,FR_LVA_ACES,1,1,0.2901330034024126,0.3342201529763884,0.7098669965975873,0.6657798470236116,0.14273810989177468,0.15813828783650935,44,season_to_date,8fbd8501-d38f-46fc-a9d6-5df2deeafa05,2023-09-27 02:00:00+00:00
1989becd-337d-4984-b76e-a5c6bfc80f23,2023-09-30 01:30:00+00:00,2023-09-30,2023,171b097d-01db-4ae8-9d56-035689402ec6,FR_LVA_ACES,5f0b5caf-708b-4300-92f2-53b51d83ec06,5f0b5caf-708b-4300-92f2-53b51d83ec06,0,1,0.35583224115334205,0.3133567102327064,0.6441677588466579,0.6866432897672936,0.13079582670059922,0.15032240199374977,44,season_to_date,8fbd8501-d38f-46fc-a9d6-5df2deeafa05,2023-09-27 02:00:00+00:00
812a55b1-4edc-4c91-86b1-e0b8ac6aff33,2023-10-01 19:00:00+00:00,2023-10-01,2023,08ed8274-e29f-4248-bc2e-83cc8ed18d75,08ed8274-e29f-4248-bc2e-83cc8ed18d75,a015b02d-845c-40c1-8ef4-844984f47e4d,a015b02d-845c-40c1-8ef4-844984f47e4d,0,1,0.41840607210626185,0.30819774718397996,0.5815939278937381,0.69180225281602,0.15387303775471567,0.14054143894879892,45,season_to_date,8ea6b4ec-a690-4295-b4bc-750b8899242d,2023-09-29 23:30:00+00:00
812a55b1-4edc-4c91-86b1-e0b8ac6aff33,2023-10-01 19:00:00+00:00,2023-10-01,2023,a015b02d-845c-40c1-8ef4-844984f47e4d,a015b02d-845c-40c1-8ef4-844984f47e4d,08ed8274-e29f-4248-bc2e-83cc8ed18d75,08ed8274-e29f-4248-bc2e-83cc8ed18d75,1,1,0.29878048780487804,0.32724858944573515,0.7012195121951219,0.6727514105542649,0.14986203948391108,0.17345884737570405,46,season_to_date,8ea6b4ec-a690-4295-b4bc-750b8899242d,2023-09-29 23:30:00+00:00
65165d2d-847d-4c9b-a841-0f55b382e5ee,2023-10-08 19:00:00+00:00,2023-10-08,2023,08ed8274-e29f-4248-bc2e-83cc8ed18d75,08ed8274-e29f-4248-bc2e-83cc8ed18d75,171b097d-01db-4ae8-9d56-035689402ec6,FR_LVA_ACES,0,1,0.41640866873065013,0.30858539566147264,0.5835913312693498,0.6914146043385273,0.1535985262138319,0.1398905744839592,46,season_to_date,812a55b1-4edc-4c91-86b1-e0b8ac6aff33,2023-10-01 19:00:00+00:00
65165d2d-847d-4c9b-a841-0f55b382e5ee,2023-10-08 19:00:00+00:00,2023-10-08,2023,171b097d-01db-4ae8-9d56-035689402ec6,FR_LVA_ACES,08ed8274-e29f-4248-bc2e-83cc8ed18d75,08ed8274-e29f-4248-bc2e-83cc8ed18d75,1,1,0.3551912568306011,0.3146591970121382,0.644808743169399,0.6853408029878618,0.13299456111794833,0.14999130485189266,45,season_to_date,1989becd-337d-4984-b76e-a5c6bfc80f23,2023-09-30 01:30:00+00:00
cef98faf-f72c-44ad-a8ac-3f1cd6369ac4,2023-10-12 01:00:00+00:00,2023-10-12,2023,08ed8274-e29f-4248-bc2e-83cc8ed18d75,08ed8274-e29f-4248-bc2e-83cc8ed18d75,171b097d-01db-4ae8-9d56-035689402ec6,FR_LVA_ACES,0,1,0.4164898454076993,0.3092598142043752,0.5835101545923007,0.6907401857956248,0.15309446254071662,0.13967789714457132,47,season_to_date,65165d2d-847d-4c9b-a841-0f55b382e5ee,2023-10-08 19:00:00+00:00
cef98faf-f72c-44ad-a8ac-3f1cd6369ac4,2023-10-12 01:00:00+00:00,2023-10-12,2023,171b097d-01db-4ae8-9d56-035689402ec6,FR_LVA_ACES,08ed8274-e29f-4248-bc2e-83cc8ed18d75,08ed8274-e29f-4248-bc2e-83cc8ed18d75,1,1,0.3549606299212598,0.3168799512492383,0.6450393700787401,0.6831200487507617,0.1329166828661405,0.14955181781181082,46,season_to_date,65165d2d-847d-4c9b-a841-0f55b382e5ee,2023-10-08 19:00:00+00:00
4a134a39-25a9-4215-94d8-bc15a02fac55,2023-10-15 19:00:00+00:00,2023-10-15,2023,08ed8274-e29f-4248-bc2e-83cc8ed18d75,08ed8274-e29f-4248-bc2e-83cc8ed18d75,171b097d-01db-4ae8-9d56-035689402ec6,FR_LVA_ACES,1,1,0.4179768614654405,0.31141766950396244,0.5820231385345594,0.6885823304960376,0.1521751016019391,0.1393659423617361,48,season_to_date,cef98faf-f72c-44ad-a8ac-3f1cd6369ac4,2023-10-12 01:00:00+00:00
4a134a39-25a9-4215-94d8-bc15a02fac55,2023-10-15 19:00:00+00:00,2023-10-15,2023,171b097d-01db-4ae8-9d56-035689402ec6,FR_LVA_ACES,08ed8274-e29f-4248-bc2e-83cc8ed18d75,08ed8274-e29f-4248-bc2e-83cc8ed18d75,0,1,0.3562403697996918,0.32051282051282054,0.6437596302003081,0.6794871794871795,0.13273578442566797,0.14869234118638888,47,season_to_date,cef98faf-f72c-44ad-a8ac-3f1cd6369ac4,2023-10-12 01:00:00+00:00
6c313f6b-508e-41c7-81cf-bb553d451783,2023-10-19 00:00:00+00:00,2023-10-19,2023,08ed8274-e29f-4248-bc2e-83cc8ed18d75,08ed8274-e29f-4248-bc2e-83cc8ed18d75,171b097d-01db-4ae8-9d56-035689402ec6,FR_LVA_ACES,1,1,0.41904484566103667,0.31156501726121977,0.5809551543389633,0.6884349827387802,0.15187710256960846,0.13940227900241933,49,season_to_date,4a134a39-25a9-4215-94d8-bc15a02fac55,2023-10-15 19:00:00+00:00
6c313f6b-508e-41c7-81cf-bb553d451783,2023-10-19 00:00:00+00:00,2023-10-19,2023,171b097d-01db-4ae8-9d56-035689402ec6,FR_LVA_ACES,08ed8274-e29f-4248-bc2e-83cc8ed18d75,08ed8274-e29f-4248-bc2e-83cc8ed18d75,0,1,0.35546167773083887,0.32338308457711445,0.6445383222691611,0.6766169154228856,0.13291557649512564,0.14845362699719006,48,season_to_date,4a134a39-25a9-4215-94d8-bc15a02fac55,2023-10-15 19:00:00+00:00
