game_id,game_ts,game_date,season,team_id,franchise_id,opponent_team_id,opponent_franchise_id,is_home,is_playoff,days_rest_pre,is_b2b_pre,games_last_4_days_pre,games_last_7_days_pre,origin_city_pre,current_city_pre,travel_miles_pre,timezone_shift_hours_pre,previous_game_id,previous_game_ts,previous_game_city,home_city,origin_rule_used
0d65b7d3-b5e9-4427-8ca6-ffa87f7ef293,2022-05-06 23:00:00+00:00,2022-05-06,2022,5c0d47fe-8539-47b0-9f36-d0b3609ca89b,5c0d47fe-8539-47b0-9f36-d0b3609ca89b,f073a15f-0486-4179-b0a3-dfd0294eb595,f073a15f-0486-4179-b0a3-dfd0294eb595,1,0,0,1,0,0,Washington,Washington,0.0,0,,,,Washington,home_city
0d65b7d3-b5e9-4427-8ca6-ffa87f7ef293,2022-05-06 23:00:00+00:00,2022-05-06,2022,f073a15f-0486-4179-b0a3-dfd0294eb595,f073a15f-0486-4179-b0a3-dfd0294eb595,5c0d47fe-8539-47b0-9f36-d0b3609ca89b,5c0d47fe-8539-47b0-9f36-d0b3609ca89b,0,0,0,1,0,0,Indianapolis,Washington,493.7,0,,,,Indianapolis,home_city
88336741-df6c-4b24-bcea-eb1f89f9caa6,2022-05-07 00:00:00+00:00,2022-05-06,2022,3c409388-ab73-4c7f-953d-3a71062240f6,3c409388-ab73-4c7f-953d-3a71062240f6,0a5ad38d-2fe3-43ba-894b-1ba3d5042ea9,0a5ad38d-2fe3-43ba-894b-1ba3d5042ea9,1,0,0,1,0,0,Chicago,Chicago,0.0,0,,,,Chicago,home_city
88336741-df6c-4b24-bcea-eb1f89f9caa6,2022-05-07 00:00:00+00:00,2022-05-06,2022,0a5ad38d-2fe3-43ba-894b-1ba3d5042ea9,0a5ad38d-2fe3-43ba-894b-1ba3d5042ea9,3c409388-ab73-4c7f-953d-3a71062240f6,3c409388-ab73-4c7f-953d-3a71062240f6,0,0,0,1,0,0,Los Angeles,Chicago,1744.0,2,,,,Los Angeles,home_city
0c43909a-6372-4306-b1af-aade0c58a816,2022-05-07 02:00:00+00:00,2022-05-06,2022,d6a012ed-84aa-48d3-8265-2d3f3ff2199a,d6a012ed-84aa-48d3-8265-2d3f3ff2199a,6f017f37-be96-4bdc-b6d3-0a0429c72e89,6f017f37-be96-4bdc-b6d3-0a0429c72e89,1,0,0,1,0,0,Seattle,Seattle,0.0,0,,,,Seattle,home_city
0c43909a-6372-4306-b1af-aade0c58a816,2022-05-07 02:00:00+00:00,2022-05-06,2022,6f017f37-be96-4bdc-b6d3-0a0429c72e89,6f017f37-be96-4bdc-b6d3-0a0429c72e89,d6a012ed-84aa-48d3-8265-2d3f3ff2199a,d6a012ed-84aa-48d3-8265-2d3f3ff2199a,0,0,0,1,0,0,Minneapolis,Seattle,1391.7,-2,,,,Minneapolis,home_city
8b8e240b-0f6d-420f-b236-e4b3be723982,2022-05-07 02:00:00+00:00,2022-05-06,2022,0699edf3-5993-4182-b9b4-ec935cbd4fcc,0699edf3-5993-4182-b9b4-ec935cbd4fcc,171b097d-01db-4ae8-9d56-035689402ec6,FR_LVA_ACES,1,0,0,1,0,0,Phoenix,Phoenix,0.0,0,,,,Phoenix,home_city
8b8e240b-0f6d-420f-b236-e4b3be723982,2022-05-07 02:00:00+00:00,2022-05-06,2022,171b097d-01db-4ae8-9d56-035689402ec6,FR_LVA_ACES,0699edf3-5993-4182-b9b4-ec935cbd4fcc,0699edf3-5993-4182-b9b4-ec935cbd4fcc,0,0,0,1,0,0,Paradise,Phoenix,253.9,0,,,,Paradise,home_city
b10cd03a-2946-4bd8-b120-688eb69f6e1e,2022-05-07 22:00:00+00:00,2022-05-07,2022,08ed8274-e29f-4248-bc2e-83cc8ed18d75,08ed8274-e29f-4248-bc2e-83cc8ed18d75,a015b02d-845c-40c1-8ef4-844984f47e4d,a015b02d-845c-40c1-8ef4-844984f47e4d,1,0,0,1,0,0,Brooklyn,Brooklyn,0.0,0,,,,Brooklyn,home_city
b10cd03a-2946-4bd8-b120-688eb69f6e1e,2022-05-07 22:00:00+00:00,2022-05-07,2022,a015b02d-845c-40c1-8ef4-844984f47e4d,a015b02d-845c-40c1-8ef4-844984f47e4d,08ed8274-e29f-4248-bc2e-83cc8ed18d75,08ed8274-e29f-4248-bc2e-83cc8ed18d75,0,0,0,1,0,0,Uncasville,Brooklyn,113.0,0,,,,Uncasville,home_city
51236b31-9541-4846-9d41-f2934e42b3e9,2022-05-08 00:00:00+00:00,2022-05-07,2022,5f0b5caf-708b-4300-92f2-53b51d83ec06,5f0b5caf-708b-4300-92f2-53b51d83ec06,5d70a9af-8c2b-4aec-9e68-9acc6ddb93e4,5d70a9af-8c2b-4aec-9e68-9acc6ddb93e4,1,0,0,1,0,0,Arlington,Arlington,0.0,0,,,,Arlington,home_city
51236b31-9541-4846-9d41-f2934e42b3e9,2022-05-08 00:00:00+00:00,2022-05-07,2022,5d70a9af-8c2b-4aec-9e68-9acc6ddb93e4,5d70a9af-8c2b-4aec-9e68-9acc6ddb93e4,5f0b5caf-708b-4300-92f2-53b51d83ec06,5f0b5caf-708b-4300-92f2-53b51d83ec06,0,0,0,1,0,0,College Park,Arlington,733.7,-1,,,,College Park,home_city
5aedad58-d143-4e5f-bb06-20cb2cf791ea,2022-05-08 19:00:00+00:00,2022-05-08,2022,f073a15f-0486-4179-b0a3-dfd0294eb595,f073a15f-0486-4179-b0a3-dfd0294eb595,0a5ad38d-2fe3-43ba-894b-1ba3d5042ea9,0a5ad38d-2fe3-43ba-894b-1ba3d5042ea9,1,0,1,0,1,1,Washington,Indianapolis,493.8,0,0d65b7d3-b5e9-4427-8ca6-ffa87f7ef293,2022-05-06 23:00:00+00:00,Washington,Indianapolis,previous_game_city
5aedad58-d143-4e5f-bb06-20cb2cf791ea,2022-05-08 19:00:00+00:00,2022-05-08,2022,0a5ad38d-2fe3-43ba-894b-1ba3d5042ea9,0a5ad38d-2fe3-43ba-894b-1ba3d5042ea9,f073a15f-0486-4179-b0a3-dfd0294eb595,f073a15f-0486-4179-b0a3-dfd0294eb595,0,0,1,0,1,1,Chicago,Indianapolis,163.5,1,88336741-df6c-4b24-bcea-eb1f89f9caa6,2022-05-07 00:00:00+00:00,Chicago,Los Angeles,previous_game_city
f263e32c-4eb5-4cdb-8d0b-f23c6318e2ca,2022-05-09 00:00:00+00:00,2022-05-08,2022,6f017f37-be96-4bdc-b6d3-0a0429c72e89,6f017f37-be96-4bdc-b6d3-0a0429c72e89,5c0d47fe-8539-47b0-9f36-d0b3609ca89b,5c0d47fe-8539-47b0-9f36-d0b3609ca89b,1,0,1,0,1,1,Seattle,Minneapolis,1391.7,2,0c43909a-6372-4306-b1af-aade0c58a816,2022-05-07 02:00:00+00:00,Seattle,Minneapolis,previous_game_city
f263e32c-4eb5-4cdb-8d0b-f23c6318e2ca,2022-05-09 00:00:00+00:00,2022-05-08,2022,5c0d47fe-8539-47b0-9f36-d0b3609ca89b,5c0d47fe-8539-47b0-9f36-d0b3609ca89b,6f017f37-be96-4bdc-b6d3-0a0429c72e89,6f017f37-be96-4bdc-b6d3-0a0429c72e89,0,0,1,0,1,1,Washington,Minneapolis,936.1,-1,0d65b7d3-b5e9-4427-8ca6-ffa87f7ef293,2022-05-06 23:00:00+00:00,Washington,Washington,previous_game_city
0b7d2558-1dc6-4196-b8fb-39c9202382fd,2022-05-09 02:00:00+00:00,2022-05-08,2022,171b097d-01db-4ae8-9d56-035689402ec6,FR_LVA_ACES,d6a012ed-84aa-48d3-8265-2d3f3ff2199a,d6a012ed-84aa-48d3-8265-2d3f3ff2199a,1,0,1,0,1,1,Phoenix,Paradise,253.9,0,8b8e240b-0f6d-420f-b236-e4b3be723982,2022-05-07 02:00:00+00:00,Phoenix,Paradise,previous_game_city
0b7d2558-1dc6-4196-b8fb-39c9202382fd,2022-05-09 02:00:00+00:00,2022-05-08,2022,d6a012ed-84aa-48d3-8265-2d3f3ff2199a,d6a012ed-84aa-48d3-8265-2d3f3ff2199a,171b097d-01db-4ae8-9d56-035689402ec6,FR_LVA_ACES,0,0,1,0,1,1,Seattle,Paradise,877.2,0,0c43909a-6372-4306-b1af-aade0c58a816,2022-05-07 02:00:00+00:00,Seattle,Seattle,previous_game_city
5384b2e1-c062-474c-a62e-597b61293d88,2022-05-10 23:00:00+00:00,2022-05-10,2022,f073a15f-0486-4179-b0a3-dfd0294eb595,f073a15f-0486-4179-b0a3-dfd0294eb595,6f017f37-be96-4bdc-b6d3-0a0429c72e89,6f017f37-be96-4bdc-b6d3-0a0429c72e89,1,0,1,0,2,2,Indianapolis,Indianapolis,0.0,0,5aedad58-d143-4e5f-bb06-20cb2cf791ea,2022-05-08 19:00:00+00:00,Indianapolis,Indianapolis,previous_game_city
5384b2e1-c062-474c-a62e-597b61293d88,2022-05-10 23:00:00+00:00,2022-05-10,2022,6f017f37-be96-4bdc-b6d3-0a0429c72e89,6f017f37-be96-4bdc-b6d3-0a0429c72e89,f073a15f-0486-4179-b0a3-dfd0294eb595,f073a15f-0486-4179-b0a3-dfd0294eb595,0,0,1,0,2,2,Minneapolis,Indianapolis,511.4,1,f263e32c-4eb5-4cdb-8d0b-f23c6318e2ca,2022-05-09 00:00:00+00:00,Minneapolis,Minneapolis,previous_game_city
6bb0f77a-1e73-4fbf-a8c9-aa23cce77f96,2022-05-10 23:00:00+00:00,2022-05-10,2022,5c0d47fe-8539-47b0-9f36-d0b3609ca89b,5c0d47fe-8539-47b0-9f36-d0b3609ca89b,171b097d-01db-4ae8-9d56-035689402ec6,FR_LVA_ACES,1,0,1,0,2,2,Minneapolis,Washington,936.1,1,f263e32c-4eb5-4cdb-8d0b-f23c6318e2ca,2022-05-09 00:00:00+00:00,Minneapolis,Washington,previous_game_city
6bb0f77a-1e73-4fbf-a8c9-aa23cce77f96,2022-05-10 23:00:00+00:00,2022-05-10,2022,171b097d-01db-4ae8-9d56-035689402ec6,FR_LVA_ACES,5c0d47fe-8539-47b0-9f36-d0b3609ca89b,5c0d47fe-8539-47b0-9f36-d0b3609ca89b,0,0,1,0,2,2,Paradise,Washington,2087.6,3,0b7d2558-1dc6-4196-b8fb-39c9202382fd,2022-05-09 02:00:00+00:00,Paradise,Paradise,previous_game_city
8dfe7a35-a0b4-446d-846a-a5c0beb87db8,2022-05-11 23:00:00+00:00,2022-05-11,2022,5d70a9af-8c2b-4aec-9e68-9acc6ddb93e4,5d70a9af-8c2b-4aec-9e68-9acc6ddb93e4,0a5ad38d-2fe3-43ba-894b-1ba3d5042ea9,0a5ad38d-2fe3-43ba-894b-1ba3d5042ea9,1,0,3,0,1,1,Arlington,College Park,733.7,1,51236b31-9541-4846-9d41-f2934e42b3e9,2022-05-08 00:00:00+00:00,Arlington,College Park,previous_game_city
8dfe7a35-a0b4-446d-846a-a5c0beb87db8,2022-05-11 23:00:00+00:00,2022-05-11,2022,0a5ad38d-2fe3-43ba-894b-1ba3d5042ea9,0a5ad38d-2fe3-43ba-894b-1ba3d5042ea9,5d70a9af-8c2b-4aec-9e68-9acc6ddb93e4,5d70a9af-8c2b-4aec-9e68-9acc6ddb93e4,0,0,2,0,1,2,Indianapolis,College Park,433.0,0,5aedad58-d143-4e5f-bb06-20cb2cf791ea,2022-05-08 19:00:00+00:00,Indianapolis,Los Angeles,previous_game_city
e08d0ae4-a891-47fb-9444-98ba8344d222,2022-05-12 00:00:00+00:00,2022-05-11,2022,3c409388-ab73-4c7f-953d-3a71062240f6,3c409388-ab73-4c7f-953d-3a71062240f6,08ed8274-e29f-4248-bc2e-83cc8ed18d75,08ed8274-e29f-4248-bc2e-83cc8ed18d75,1,0,4,0,0,1,Chicago,Chicago,0.0,0,88336741-df6c-4b24-bcea-eb1f89f9caa6,2022-05-07 00:00:00+00:00,Chicago,Chicago,home_city
e08d0ae4-a891-47fb-9444-98ba8344d222,2022-05-12 00:00:00+00:00,2022-05-11,2022,08ed8274-e29f-4248-bc2e-83cc8ed18d75,08ed8274-e29f-4248-bc2e-83cc8ed18d75,3c409388-ab73-4c7f-953d-3a71062240f6,3c409388-ab73-4c7f-953d-3a71062240f6,0,0,3,0,1,1,Brooklyn,Chicago,712.5,-1,b10cd03a-2946-4bd8-b120-688eb69f6e1e,2022-05-07 22:00:00+00:00,Brooklyn,Brooklyn,previous_game_city
afd62b76-90fd-4039-b043-7e7395048323,2022-05-12 02:00:00+00:00,2022-05-11,2022,0699edf3-5993-4182-b9b4-ec935cbd4fcc,0699edf3-5993-4182-b9b4-ec935cbd4fcc,d6a012ed-84aa-48d3-8265-2d3f3ff2199a,d6a012ed-84aa-48d3-8265-2d3f3ff2199a,1,0,4,0,0,1,Phoenix,Phoenix,0.0,0,8b8e240b-0f6d-420f-b236-e4b3be723982,2022-05-07 02:00:00+00:00,Phoenix,Phoenix,home_city
afd62b76-90fd-4039-b043-7e7395048323,2022-05-12 02:00:00+00:00,2022-05-11,2022,d6a012ed-84aa-48d3-8265-2d3f3ff2199a,d6a012ed-84aa-48d3-8265-2d3f3ff2199a,0699edf3-5993-4182-b9b4-ec935cbd4fcc,0699edf3-5993-4182-b9b4-ec935cbd4fcc,0,0,2,0,1,2,Paradise,Phoenix,253.9,0,0b7d2558-1dc6-4196-b8fb-39c9202382fd,2022-05-09 02:00:00+00:00,Paradise,Seattle,previous_game_city
488ae3f7-65fd-45c0-bb90-5dc41e0259ff,2022-05-13 23:00:00+00:00,2022-05-13,2022,5c0d47fe-8539-47b0-9f36-d0b3609ca89b,5c0d47fe-8539-47b0-9f36-d0b3609ca89b,5f0b5caf-708b-4300-92f2-53b51d83ec06,5f0b5caf-708b-4300-92f2-53b51d83ec06,1,0,2,0,1,3,Washington,Washington,0.0,0,6bb0f77a-1e73-4fbf-a8c9-aa23cce77f96,2022-05-10 23:00:00+00:00,Washington,Washington,previous_game_city
488ae3f7-65fd-45c0-bb90-5dc41e0259ff,2022-05-13 23:00:00+00:00,2022-05-13,2022,5f0b5caf-708b-4300-92f2-53b51d83ec06,5f0b5caf-708b-4300-92f2-53b51d83ec06,5c0d47fe-8539-47b0-9f36-d0b3609ca89b,5c0d47fe-8539-47b0-9f36-d0b3609ca89b,0,0,5,0,0,1,Arlington,Washington,1200.9,1,51236b31-9541-4846-9d41-f2934e42b3e9,2022-05-08 00:00:00+00:00,Arlington,Arlington,home_city
a5c79851-3fc9-4950-be6e-719456720c0b,2022-05-13 23:30:00+00:00,2022-05-13,2022,5d70a9af-8c2b-4aec-9e68-9acc6ddb93e4,5d70a9af-8c2b-4aec-9e68-9acc6ddb93e4,171b097d-01db-4ae8-9d56-035689402ec6,FR_LVA_ACES,1,0,1,0,1,2,College Park,College Park,0.0,0,8dfe7a35-a0b4-446d-846a-a5c0beb87db8,2022-05-11 23:00:00+00:00,College Park,College Park,previous_game_city
a5c79851-3fc9-4950-be6e-719456720c0b,2022-05-13 23:30:00+00:00,2022-05-13,2022,171b097d-01db-4ae8-9d56-035689402ec6,FR_LVA_ACES,5d70a9af-8c2b-4aec-9e68-9acc6ddb93e4,5d70a9af-8c2b-4aec-9e68-9acc6ddb93e4,0,0,2,0,1,3,Washington,College Park,549.4,0,6bb0f77a-1e73-4fbf-a8c9-aa23cce77f96,2022-05-10 23:00:00+00:00,Washington,Paradise,previous_game_city
79f8daf7-0f28-49bc-9029-2df52dc4b5a8,2022-05-14 00:00:00+00:00,2022-05-13,2022,08ed8274-e29f-4248-bc2e-83cc8ed18d75,08ed8274-e29f-4248-bc2e-83cc8ed18d75,f073a15f-0486-4179-b0a3-dfd0294eb595,f073a15f-0486-4179-b0a3-dfd0294eb595,1,0,1,0,1,2,Chicago,Brooklyn,712.5,1,e08d0ae4-a891-47fb-9444-98ba8344d222,2022-05-12 00:00:00+00:00,Chicago,Brooklyn,previous_game_city
79f8daf7-0f28-49bc-9029-2df52dc4b5a8,2022-05-14 00:00:00+00:00,2022-05-13,2022,f073a15f-0486-4179-b0a3-dfd0294eb595,f073a15f-0486-4179-b0a3-dfd0294eb595,08ed8274-e29f-4248-bc2e-83cc8ed18d75,08ed8274-e29f-4248-bc2e-83cc8ed18d75,0,0,2,0,1,3,Indianapolis,Brooklyn,645.2,0,5384b2e1-c062-474c-a62e-597b61293d88,2022-05-10 23:00:00+00:00,Indianapolis,Indianapolis,previous_game_city
9f54a101-778d-416b-bb37-e7b666d539a9,2022-05-14 19:00:00+00:00,2022-05-14,2022,d6a012ed-84aa-48d3-8265-2d3f3ff2199a,d6a012ed-84aa-48d3-8265-2d3f3ff2199a,0699edf3-5993-4182-b9b4-ec935cbd4fcc,0699edf3-5993-4182-b9b4-ec935cbd4fcc,1,0,2,0,1,2,Phoenix,Seattle,1116.2,0,afd62b76-90fd-4039-b043-7e7395048323,2022-05-12 02:00:00+00:00,Phoenix,Seattle,previous_game_city
9f54a101-778d-416b-bb37-e7b666d539a9,2022-05-14 19:00:00+00:00,2022-05-14,2022,0699edf3-5993-4182-b9b4-ec935cbd4fcc,0699edf3-5993-4182-b9b4-ec935cbd4fcc,d6a012ed-84aa-48d3-8265-2d3f3ff2199a,d6a012ed-84aa-48d3-8265-2d3f3ff2199a,0,0,2,0,1,1,Phoenix,Seattle,1116.2,0,afd62b76-90fd-4039-b043-7e7395048323,2022-05-12 02:00:00+00:00,Phoenix,Phoenix,previous_game_city
c925d5fb-8bb3-4bd8-9072-7a196e53e03a,2022-05-14 23:00:00+00:00,2022-05-14,2022,a015b02d-845c-40c1-8ef4-844984f47e4d,a015b02d-845c-40c1-8ef4-844984f47e4d,0a5ad38d-2fe3-43ba-894b-1ba3d5042ea9,0a5ad38d-2fe3-43ba-894b-1ba3d5042ea9,1,0,6,0,0,1,Uncasville,Uncasville,0.0,0,b10cd03a-2946-4bd8-b120-688eb69f6e1e,2022-05-07 22:00:00+00:00,Brooklyn,Uncasville,home_city
c925d5fb-8bb3-4bd8-9072-7a196e53e03a,2022-05-14 23:00:00+00:00,2022-05-14,2022,0a5ad38d-2fe3-43ba-894b-1ba3d5042ea9,0a5ad38d-2fe3-43ba-894b-1ba3d5042ea9,a015b02d-845c-40c1-8ef4-844984f47e4d,a015b02d-845c-40c1-8ef4-844984f47e4d,0,0,2,0,1,2,College Park,Uncasville,866.0,0,8dfe7a35-a0b4-446d-846a-a5c0beb87db8,2022-05-11 23:00:00+00:00,College Park,Los Angeles,previous_game_city
dcad91e1-6654-48bd-9238-cae5716bef88,2022-05-15 00:00:00+00:00,2022-05-14,2022,6f017f37-be96-4bdc-b6d3-0a0429c72e89,6f017f37-be96-4bdc-b6d3-0a0429c72e89,3c409388-ab73-4c7f-953d-3a71062240f6,3c409388-ab73-4c7f-953d-3a71062240f6,1,0,3,0,1,2,Indianapolis,Minneapolis,511.4,-1,5384b2e1-c062-474c-a62e-597b61293d88,2022-05-10 23:00:00+00:00,Indianapolis,Minneapolis,previous_game_city
dcad91e1-6654-48bd-9238-cae5716bef88,2022-05-15 00:00:00+00:00,2022-05-14,2022,3c409388-ab73-4c7f-953d-3a71062240f6,3c409388-ab73-4c7f-953d-3a71062240f6,6f017f37-be96-4bdc-b6d3-0a0429c72e89,6f017f37-be96-4bdc-b6d3-0a0429c72e89,0,0,2,0,1,1,Chicago,Minneapolis,356.5,0,e08d0ae4-a891-47fb-9444-98ba8344d222,2022-05-12 00:00:00+00:00,Chicago,Chicago,previous_game_city
9c087cd5-0cc2-4458-aa2b-c3ec9d453d49,2022-05-15 18:00:00+00:00,2022-05-15,2022,08ed8274-e29f-4248-bc2e-83cc8ed18d75,08ed8274-e29f-4248-bc2e-83cc8ed18d75,5f0b5caf-708b-4300-92f2-53b51d83ec06,5f0b5caf-708b-4300-92f2-53b51d83ec06,1,0,1,0,2,2,Brooklyn,Brooklyn,0.0,0,79f8daf7-0f28-49bc-9029-2df52dc4b5a8,2022-05-14 00:00:00+00:00,Brooklyn,Brooklyn,previous_game_city
9c087cd5-0cc2-4458-aa2b-c3ec9d453d49,2022-05-15 18:00:00+00:00,2022-05-15,2022,5f0b5caf-708b-4300-92f2-53b51d83ec06,5f0b5caf-708b-4300-92f2-53b51d83ec06,08ed8274-e29f-4248-bc2e-83cc8ed18d75,08ed8274-e29f-4248-bc2e-83cc8ed18d75,0,0,1,0,1,1,Washington,Brooklyn,204.3,0,488ae3f7-65fd-45c0-bb90-5dc41e0259ff,2022-05-13 23:00:00+00:00,Washington,Arlington,previous_game_city
4462be86-878e-4f7c-bec0-603a46d4e399,2022-05-15 19:00:00+00:00,2022-05-15,2022,f073a15f-0486-4179-b0a3-dfd0294eb595,f073a15f-0486-4179-b0a3-dfd0294eb595,5d70a9af-8c2b-4aec-9e68-9acc6ddb93e4,5d70a9af-8c2b-4aec-9e68-9acc6ddb93e4,1,0,1,0,1,3,Brooklyn,Indianapolis,645.2,0,79f8daf7-0f28-49bc-9029-2df52dc4b5a8,2022-05-14 00:00:00+00:00,Brooklyn,Indianapolis,previous_game_city
4462be86-878e-4f7c-bec0-603a46d4e399,2022-05-15 19:00:00+00:00,2022-05-15,2022,5d70a9af-8c2b-4aec-9e68-9acc6ddb93e4,5d70a9af-8c2b-4aec-9e68-9acc6ddb93e4,f073a15f-0486-4179-b0a3-dfd0294eb595,f073a15f-0486-4179-b0a3-dfd0294eb595,0,0,1,0,2,2,College Park,Indianapolis,433.0,0,a5c79851-3fc9-4950-be6e-719456720c0b,2022-05-13 23:30:00+00:00,College Park,College Park,previous_game_city
2056ed07-3925-4a72-bfd8-029de673c212,2022-05-17 23:00:00+00:00,2022-05-17,2022,08ed8274-e29f-4248-bc2e-83cc8ed18d75,08ed8274-e29f-4248-bc2e-83cc8ed18d75,a015b02d-845c-40c1-8ef4-844984f47e4d,a015b02d-845c-40c1-8ef4-844984f47e4d,1,0,1,0,2,3,Brooklyn,Brooklyn,0.0,0,9c087cd5-0cc2-4458-aa2b-c3ec9d453d49,2022-05-15 18:00:00+00:00,Brooklyn,Brooklyn,previous_game_city
2056ed07-3925-4a72-bfd8-029de673c212,2022-05-17 23:00:00+00:00,2022-05-17,2022,a015b02d-845c-40c1-8ef4-844984f47e4d,a015b02d-845c-40c1-8ef4-844984f47e4d,08ed8274-e29f-4248-bc2e-83cc8ed18d75,08ed8274-e29f-4248-bc2e-83cc8ed18d75,0,0,2,0,1,1,Uncasville,Brooklyn,113.0,0,c925d5fb-8bb3-4bd8-9072-7a196e53e03a,2022-05-14 23:00:00+00:00,Uncasville,Uncasville,previous_game_city
4a6160fc-a3fe-403b-99b1-fc0490b29a74,2022-05-17 23:00:00+00:00,2022-05-17,2022,f073a15f-0486-4179-b0a3-dfd0294eb595,f073a15f-0486-4179-b0a3-dfd0294eb595,5d70a9af-8c2b-4aec-9e68-9acc6ddb93e4,5d70a9af-8c2b-4aec-9e68-9acc6ddb93e4,1,0,1,0,2,3,Indianapolis,Indianapolis,0.0,0,4462be86-878e-4f7c-bec0-603a46d4e399,2022-05-15 19:00:00+00:00,Indianapolis,Indianapolis,previous_game_city
4a6160fc-a3fe-403b-99b1-fc0490b29a74,2022-05-17 23:00:00+00:00,2022-05-17,2022,5d70a9af-8c2b-4aec-9e68-9acc6ddb93e4,5d70a9af-8c2b-4aec-9e68-9acc6ddb93e4,f073a15f-0486-4179-b0a3-dfd0294eb595,f073a15f-0486-4179-b0a3-dfd0294eb595,0,0,1,0,2,3,Indianapolis,Indianapolis,0.0,0,4462be86-878e-4f7c-bec0-603a46d4e399,2022-05-15 19:00:00+00:00,Indianapolis,College Park,previous_game_city
5f77a3c9-9c44-47f3-924a-ff067876cb97,2022-05-18 00:00:00+00:00,2022-05-17,2022,5f0b5caf-708b-4300-92f2-53b51d83ec06,5f0b5caf-708b-4300-92f2-53b51d83ec06,5c0d47fe-8539-47b0-9f36-d0b3609ca89b,5c0d47fe-8539-47b0-9f36-d0b3609ca89b,1,0,1,0,2,2,Brooklyn,Arlington,1388.8,-1,9c087cd5-0cc2-4458-aa2b-c3ec9d453d49,2022-05-15 18:00:00+00:00,Brooklyn,Arlington,previous_game_city
5f77a3c9-9c44-47f3-924a-ff067876cb97,2022-05-18 00:00:00+00:00,2022-05-17,2022,5c0d47fe-8539-47b0-9f36-d0b3609ca89b,5c0d47fe-8539-47b0-9f36-d0b3609ca89b,5f0b5caf-708b-4300-92f2-53b51d83ec06,5f0b5caf-708b-4300-92f2-53b51d83ec06,0,0,3,0,1,2,Washington,Arlington,1200.9,-1,488ae3f7-65fd-45c0-bb90-5dc41e0259ff,2022-05-13 23:00:00+00:00,Washington,Washington,previous_game_city
1140ff2c-85ba-48ba-b308-dc348cff37a2,2022-05-18 02:00:00+00:00,2022-05-17,2022,171b097d-01db-4ae8-9d56-035689402ec6,FR_LVA_ACES,0699edf3-5993-4182-b9b4-ec935cbd4fcc,0699edf3-5993-4182-b9b4-ec935cbd4fcc,1,0,3,0,1,2,College Park,Paradise,1742.5,-3,a5c79851-3fc9-4950-be6e-719456720c0b,2022-05-13 23:30:00+00:00,College Park,Paradise,previous_game_city
1140ff2c-85ba-48ba-b308-dc348cff37a2,2022-05-18 02:00:00+00:00,2022-05-17,2022,0699edf3-5993-4182-b9b4-ec935cbd4fcc,0699edf3-5993-4182-b9b4-ec935cbd4fcc,171b097d-01db-4ae8-9d56-035689402ec6,FR_LVA_ACES,0,0,2,0,1,2,Seattle,Paradise,877.2,0,9f54a101-778d-416b-bb37-e7b666d539a9,2022-05-14 19:00:00+00:00,Seattle,Phoenix,previous_game_city
9f130e96-da9f-4e94-b533-1c7dd645111a,2022-05-18 02:30:00+00:00,2022-05-17,2022,0a5ad38d-2fe3-43ba-894b-1ba3d5042ea9,0a5ad38d-2fe3-43ba-894b-1ba3d5042ea9,6f017f37-be96-4bdc-b6d3-0a0429c72e89,6f017f37-be96-4bdc-b6d3-0a0429c72e89,1,0,2,0,1,2,Uncasville,Los Angeles,2543.2,-3,c925d5fb-8bb3-4bd8-9072-7a196e53e03a,2022-05-14 23:00:00+00:00,Uncasville,Los Angeles,previous_game_city
9f130e96-da9f-4e94-b533-1c7dd645111a,2022-05-18 02:30:00+00:00,2022-05-17,2022,6f017f37-be96-4bdc-b6d3-0a0429c72e89,6f017f37-be96-4bdc-b6d3-0a0429c72e89,0a5ad38d-2fe3-43ba-894b-1ba3d5042ea9,0a5ad38d-2fe3-43ba-894b-1ba3d5042ea9,0,0,2,0,1,2,Minneapolis,Los Angeles,1522.4,-2,dcad91e1-6654-48bd-9238-cae5716bef88,2022-05-15 00:00:00+00:00,Minneapolis,Minneapolis,previous_game_city
d0f8da3f-a646-433f-9e82-aafa2203f1eb,2022-05-19 02:00:00+00:00,2022-05-18,2022,d6a012ed-84aa-48d3-8265-2d3f3ff2199a,d6a012ed-84aa-48d3-8265-2d3f3ff2199a,3c409388-ab73-4c7f-953d-3a71062240f6,3c409388-ab73-4c7f-953d-3a71062240f6,1,0,3,0,1,2,Seattle,Seattle,0.0,0,9f54a101-778d-416b-bb37-e7b666d539a9,2022-05-14 19:00:00+00:00,Seattle,Seattle,previous_game_city
d0f8da3f-a646-433f-9e82-aafa2203f1eb,2022-05-19 02:00:00+00:00,2022-05-18,2022,3c409388-ab73-4c7f-953d-3a71062240f6,3c409388-ab73-4c7f-953d-3a71062240f6,d6a012ed-84aa-48d3-8265-2d3f3ff2199a,d6a012ed-84aa-48d3-8265-2d3f3ff2199a,0,0,3,0,1,2,Minneapolis,Seattle,1391.7,-2,dcad91e1-6654-48bd-9238-cae5716bef88,2022-05-15 00:00:00+00:00,Minneapolis,Chicago,previous_game_city
7871b336-666d-49ca-983f-2c0f41153470,2022-05-20 02:00:00+00:00,2022-05-19,2022,0699edf3-5993-4182-b9b4-ec935cbd4fcc,0699edf3-5993-4182-b9b4-ec935cbd4fcc,5f0b5caf-708b-4300-92f2-53b51d83ec06,5f0b5caf-708b-4300-92f2-53b51d83ec06,1,0,1,0,1,2,Paradise,Phoenix,253.9,0,1140ff2c-85ba-48ba-b308-dc348cff37a2,2022-05-18 02:00:00+00:00,Paradise,Phoenix,previous_game_city
7871b336-666d-49ca-983f-2c0f41153470,2022-05-20 02:00:00+00:00,2022-05-19,2022,5f0b5caf-708b-4300-92f2-53b51d83ec06,5f0b5caf-708b-4300-92f2-53b51d83ec06,0699edf3-5993-4182-b9b4-ec935cbd4fcc,0699edf3-5993-4182-b9b4-ec935cbd4fcc,0,0,1,0,2,3,Arlington,Phoenix,866.9,-2,5f77a3c9-9c44-47f3-924a-ff067876cb97,2022-05-18 00:00:00+00:00,Arlington,Arlington,previous_game_city
cf2b4ce0-5800-473d-ac76-811c9aff71e7,2022-05-20 02:00:00+00:00,2022-05-19,2022,171b097d-01db-4ae8-9d56-035689402ec6,FR_LVA_ACES,6f017f37-be96-4bdc-b6d3-0a0429c72e89,6f017f37-be96-4bdc-b6d3-0a0429c72e89,1,0,1,0,1,2,Paradise,Paradise,0.0,0,1140ff2c-85ba-48ba-b308-dc348cff37a2,2022-05-18 02:00:00+00:00,Paradise,Paradise,previous_game_city
cf2b4ce0-5800-473d-ac76-811c9aff71e7,2022-05-20 02:00:00+00:00,2022-05-19,2022,6f017f37-be96-4bdc-b6d3-0a0429c72e89,6f017f37-be96-4bdc-b6d3-0a0429c72e89,171b097d-01db-4ae8-9d56-035689402ec6,FR_LVA_ACES,0,0,1,0,1,2,Los Angeles,Paradise,224.7,0,9f130e96-da9f-4e94-b533-1c7dd645111a,2022-05-18 02:30:00+00:00,Los Angeles,Minneapolis,previous_game_city
e53fb73f-f938-4dac-b14a-73b43845fe7b,2022-05-20 23:00:00+00:00,2022-05-20,2022,a015b02d-845c-40c1-8ef4-844984f47e4d,a015b02d-845c-40c1-8ef4-844984f47e4d,f073a15f-0486-4179-b0a3-dfd0294eb595,f073a15f-0486-4179-b0a3-dfd0294eb595,1,0,2,0,1,2,Brooklyn,Uncasville,113.0,0,2056ed07-3925-4a72-bfd8-029de673c212,2022-05-17 23:00:00+00:00,Brooklyn,Uncasville,previous_game_city
e53fb73f-f938-4dac-b14a-73b43845fe7b,2022-05-20 23:00:00+00:00,2022-05-20,2022,f073a15f-0486-4179-b0a3-dfd0294eb595,f073a15f-0486-4179-b0a3-dfd0294eb595,a015b02d-845c-40c1-8ef4-844984f47e4d,a015b02d-845c-40c1-8ef4-844984f47e4d,0,0,2,0,1,3,Indianapolis,Uncasville,746.3,0,4a6160fc-a3fe-403b-99b1-fc0490b29a74,2022-05-17 23:00:00+00:00,Indianapolis,Indianapolis,previous_game_city
0efc4151-5e9b-425f-8075-3ba841b8aa66,2022-05-20 23:30:00+00:00,2022-05-20,2022,5d70a9af-8c2b-4aec-9e68-9acc6ddb93e4,5d70a9af-8c2b-4aec-9e68-9acc6ddb93e4,5c0d47fe-8539-47b0-9f36-d0b3609ca89b,5c0d47fe-8539-47b0-9f36-d0b3609ca89b,1,0,2,0,1,3,Indianapolis,College Park,433.0,0,4a6160fc-a3fe-403b-99b1-fc0490b29a74,2022-05-17 23:00:00+00:00,Indianapolis,College Park,previous_game_city
0efc4151-5e9b-425f-8075-3ba841b8aa66,2022-05-20 23:30:00+00:00,2022-05-20,2022,5c0d47fe-8539-47b0-9f36-d0b3609ca89b,5c0d47fe-8539-47b0-9f36-d0b3609ca89b,5d70a9af-8c2b-4aec-9e68-9acc6ddb93e4,5d70a9af-8c2b-4aec-9e68-9acc6ddb93e4,0,0,2,0,1,2,Arlington,College Park,733.7,1,5f77a3c9-9c44-47f3-924a-ff067876cb97,2022-05-18 00:00:00+00:00,Arlington,Washington,previous_game_city
a5eb6fd2-809c-4aac-a039-7eb67fa4ccf3,2022-05-21 02:00:00+00:00,2022-05-20,2022,d6a012ed-84aa-48d3-8265-2d3f3ff2199a,d6a012ed-84aa-48d3-8265-2d3f3ff2199a,0a5ad38d-2fe3-43ba-894b-1ba3d5042ea9,0a5ad38d-2fe3-43ba-894b-1ba3d5042ea9,1,0,1,0,1,2,Seattle,Seattle,0.0,0,d0f8da3f-a646-433f-9e82-aafa2203f1eb,2022-05-19 02:00:00+00:00,Seattle,Seattle,previous_game_city
a5eb6fd2-809c-4aac-a039-7eb67fa4ccf3,2022-05-21 02:00:00+00:00,2022-05-20,2022,0a5ad38d-2fe3-43ba-894b-1ba3d5042ea9,0a5ad38d-2fe3-43ba-894b-1ba3d5042ea9,d6a012ed-84aa-48d3-8265-2d3f3ff2199a,d6a012ed-84aa-48d3-8265-2d3f3ff2199a,0,0,2,0,1,2,Los Angeles,Seattle,961.9,0,9f130e96-da9f-4e94-b533-1c7dd645111a,2022-05-18 02:30:00+00:00,Los Angeles,Los Angeles,previous_game_city
8cc57009-ec48-4fd3-b11b-9283d08c59b4,2022-05-21 19:00:00+00:00,2022-05-21,2022,171b097d-01db-4ae8-9d56-035689402ec6,FR_LVA_ACES,0699edf3-5993-4182-b9b4-ec935cbd4fcc,0699edf3-5993-4182-b9b4-ec935cbd4fcc,1,0,1,0,2,2,Paradise,Paradise,0.0,0,cf2b4ce0-5800-473d-ac76-811c9aff71e7,2022-05-20 02:00:00+00:00,Paradise,Paradise,previous_game_city
8cc57009-ec48-4fd3-b11b-9283d08c59b4,2022-05-21 19:00:00+00:00,2022-05-21,2022,0699edf3-5993-4182-b9b4-ec935cbd4fcc,0699edf3-5993-4182-b9b4-ec935cbd4fcc,171b097d-01db-4ae8-9d56-035689402ec6,FR_LVA_ACES,0,0,1,0,2,3,Phoenix,Paradise,253.9,0,7871b336-666d-49ca-983f-2c0f41153470,2022-05-20 02:00:00+00:00,Phoenix,Phoenix,previous_game_city
88427595-9bab-496c-8283-67cca8d49855,2022-05-22 00:00:00+00:00,2022-05-21,2022,5f0b5caf-708b-4300-92f2-53b51d83ec06,5f0b5caf-708b-4300-92f2-53b51d83ec06,6f017f37-be96-4bdc-b6d3-0a0429c72e89,6f017f37-be96-4bdc-b6d3-0a0429c72e89,1,0,1,0,2,3,Phoenix,Arlington,866.9,2,7871b336-666d-49ca-983f-2c0f41153470,2022-05-20 02:00:00+00:00,Phoenix,Arlington,previous_game_city
88427595-9bab-496c-8283-67cca8d49855,2022-05-22 00:00:00+00:00,2022-05-21,2022,6f017f37-be96-4bdc-b6d3-0a0429c72e89,6f017f37-be96-4bdc-b6d3-0a0429c72e89,5f0b5caf-708b-4300-92f2-53b51d83ec06,5f0b5caf-708b-4300-92f2-53b51d83ec06,0,0,1,0,2,3,Paradise,Arlington,1054.3,2,cf2b4ce0-5800-473d-ac76-811c9aff71e7,2022-05-20 02:00:00+00:00,Paradise,Minneapolis,previous_game_city
f9a9d320-2103-4fc2-9cc9-c323e7b16ee5,2022-05-22 18:00:00+00:00,2022-05-22,2022,f073a15f-0486-4179-b0a3-dfd0294eb595,f073a15f-0486-4179-b0a3-dfd0294eb595,a015b02d-845c-40c1-8ef4-844984f47e4d,a015b02d-845c-40c1-8ef4-844984f47e4d,1,0,1,0,1,3,Uncasville,Indianapolis,746.3,0,e53fb73f-f938-4dac-b14a-73b43845fe7b,2022-05-20 23:00:00+00:00,Uncasville,Indianapolis,previous_game_city
f9a9d320-2103-4fc2-9cc9-c323e7b16ee5,2022-05-22 18:00:00+00:00,2022-05-22,2022,a015b02d-845c-40c1-8ef4-844984f47e4d,a015b02d-845c-40c1-8ef4-844984f47e4d,f073a15f-0486-4179-b0a3-dfd0294eb595,f073a15f-0486-4179-b0a3-dfd0294eb595,0,0,1,0,1,2,Uncasville,Indianapolis,746.3,0,e53fb73f-f938-4dac-b14a-73b43845fe7b,2022-05-20 23:00:00+00:00,Uncasville,Uncasville,previous_game_city
59d9c693-63b1-4b2a-b0a3-1aa4d089dbf7,2022-05-22 19:00:00+00:00,2022-05-22,2022,5c0d47fe-8539-47b0-9f36-d0b3609ca89b,5c0d47fe-8539-47b0-9f36-d0b3609ca89b,3c409388-ab73-4c7f-953d-3a71062240f6,3c409388-ab73-4c7f-953d-3a71062240f6,1,0,1,0,1,2,College Park,Washington,549.4,0,0efc4151-5e9b-425f-8075-3ba841b8aa66,2022-05-20 23:30:00+00:00,College Park,Washington,previous_game_city
59d9c693-63b1-4b2a-b0a3-1aa4d089dbf7,2022-05-22 19:00:00+00:00,2022-05-22,2022,3c409388-ab73-4c7f-953d-3a71062240f6,3c409388-ab73-4c7f-953d-3a71062240f6,5c0d47fe-8539-47b0-9f36-d0b3609ca89b,5c0d47fe-8539-47b0-9f36-d0b3609ca89b,0,0,3,0,1,1,Seattle,Washington,2326.8,3,d0f8da3f-a646-433f-9e82-aafa2203f1eb,2022-05-19 02:00:00+00:00,Seattle,Chicago,previous_game_city
9e83fa07-7da4-4126-b214-19975fefecc5,2022-05-24 02:00:00+00:00,2022-05-23,2022,171b097d-01db-4ae8-9d56-035689402ec6,FR_LVA_ACES,0a5ad38d-2fe3-43ba-894b-1ba3d5042ea9,0a5ad38d-2fe3-43ba-894b-1ba3d5042ea9,1,0,1,0,2,3,Paradise,Paradise,0.0,0,8cc57009-ec48-4fd3-b11b-9283d08c59b4,2022-05-21 19:00:00+00:00,Paradise,Paradise,previous_game_city
9e83fa07-7da4-4126-b214-19975fefecc5,2022-05-24 02:00:00+00:00,2022-05-23,2022,0a5ad38d-2fe3-43ba-894b-1ba3d5042ea9,0a5ad38d-2fe3-43ba-894b-1ba3d5042ea9,171b097d-01db-4ae8-9d56-035689402ec6,FR_LVA_ACES,0,0,2,0,1,2,Seattle,Paradise,877.2,0,a5eb6fd2-809c-4aac-a039-7eb67fa4ccf3,2022-05-21 02:00:00+00:00,Seattle,Los Angeles,previous_game_city
3e565929-f7dc-4af9-8c55-92c5b1f16341,2022-05-24 23:00:00+00:00,2022-05-24,2022,5c0d47fe-8539-47b0-9f36-d0b3609ca89b,5c0d47fe-8539-47b0-9f36-d0b3609ca89b,5d70a9af-8c2b-4aec-9e68-9acc6ddb93e4,5d70a9af-8c2b-4aec-9e68-9acc6ddb93e4,1,0,1,0,2,3,Washington,Washington,0.0,0,59d9c693-63b1-4b2a-b0a3-1aa4d089dbf7,2022-05-22 19:00:00+00:00,Washington,Washington,previous_game_city
3e565929-f7dc-4af9-8c55-92c5b1f16341,2022-05-24 23:00:00+00:00,2022-05-24,2022,5d70a9af-8c2b-4aec-9e68-9acc6ddb93e4,5d70a9af-8c2b-4aec-9e68-9acc6ddb93e4,5c0d47fe-8539-47b0-9f36-d0b3609ca89b,5c0d47fe-8539-47b0-9f36-d0b3609ca89b,0,0,3,0,1,2,College Park,Washington,549.4,0,0efc4151-5e9b-425f-8075-3ba841b8aa66,2022-05-20 23:30:00+00:00,College Park,College Park,previous_game_city
50f0c8da-dcd4-4ff3-9d70-21861514dd0b,2022-05-24 23:00:00+00:00,2022-05-24,2022,a015b02d-845c-40c1-8ef4-844984f47e4d,a015b02d-845c-40c1-8ef4-844984f47e4d,5f0b5caf-708b-4300-92f2-53b51d83ec06,5f0b5caf-708b-4300-92f2-53b51d83ec06,1,0,1,0,2,3,Indianapolis,Uncasville,746.3,0,f9a9d320-2103-4fc2-9cc9-c323e7b16ee5,2022-05-22 18:00:00+00:00,Indianapolis,Uncasville,previous_game_city
50f0c8da-dcd4-4ff3-9d70-21861514dd0b,2022-05-24 23:00:00+00:00,2022-05-24,2022,5f0b5caf-708b-4300-92f2-53b51d83ec06,5f0b5caf-708b-4300-92f2-53b51d83ec06,a015b02d-845c-40c1-8ef4-844984f47e4d,a015b02d-845c-40c1-8ef4-844984f47e4d,0,0,2,0,1,3,Arlington,Uncasville,1498.5,1,88427595-9bab-496c-8283-67cca8d49855,2022-05-22 00:00:00+00:00,Arlington,Arlington,previous_game_city
99bdc2f2-19ce-4d61-9cab-6c27528603a9,2022-05-25 00:00:00+00:00,2022-05-24,2022,3c409388-ab73-4c7f-953d-3a71062240f6,3c409388-ab73-4c7f-953d-3a71062240f6,f073a15f-0486-4179-b0a3-dfd0294eb595,f073a15f-0486-4179-b0a3-dfd0294eb595,1,0,1,0,1,2,Washington,Chicago,596.5,-1,59d9c693-63b1-4b2a-b0a3-1aa4d089dbf7,2022-05-22 19:00:00+00:00,Washington,Chicago,previous_game_city
99bdc2f2-19ce-4d61-9cab-6c27528603a9,2022-05-25 00:00:00+00:00,2022-05-24,2022,f073a15f-0486-4179-b0a3-dfd0294eb595,f073a15f-0486-4179-b0a3-dfd0294eb595,3c409388-ab73-4c7f-953d-3a71062240f6,3c409388-ab73-4c7f-953d-3a71062240f6,0,0,1,0,2,3,Indianapolis,Chicago,163.5,-1,f9a9d320-2103-4fc2-9cc9-c323e7b16ee5,2022-05-22 18:00:00+00:00,Indianapolis,Indianapolis,previous_game_city
deadce04-8855-45a5-b2c5-49cbe2421165,2022-05-25 00:00:00+00:00,2022-05-24,2022,6f017f37-be96-4bdc-b6d3-0a0429c72e89,6f017f37-be96-4bdc-b6d3-0a0429c72e89,08ed8274-e29f-4248-bc2e-83cc8ed18d75,08ed8274-e29f-4248-bc2e-83cc8ed18d75,1,0,2,0,1,3,Arlington,Minneapolis,870.8,0,88427595-9bab-496c-8283-67cca8d49855,2022-05-22 00:00:00+00:00,Arlington,Minneapolis,previous_game_city
deadce04-8855-45a5-b2c5-49cbe2421165,2022-05-25 00:00:00+00:00,2022-05-24,2022,08ed8274-e29f-4248-bc2e-83cc8ed18d75,08ed8274-e29f-4248-bc2e-83cc8ed18d75,6f017f37-be96-4bdc-b6d3-0a0429c72e89,6f017f37-be96-4bdc-b6d3-0a0429c72e89,0,0,6,0,0,1,Brooklyn,Minneapolis,1019.2,-1,2056ed07-3925-4a72-bfd8-029de673c212,2022-05-17 23:00:00+00:00,Brooklyn,Brooklyn,home_city
4b54b7f1-8ae0-4a15-b622-38faa91d0650,2022-05-26 02:30:00+00:00,2022-05-25,2022,0a5ad38d-2fe3-43ba-894b-1ba3d5042ea9,0a5ad38d-2fe3-43ba-894b-1ba3d5042ea9,0699edf3-5993-4182-b9b4-ec935cbd4fcc,0699edf3-5993-4182-b9b4-ec935cbd4fcc,1,0,1,0,1,2,Paradise,Los Angeles,224.7,0,9e83fa07-7da4-4126-b214-19975fefecc5,2022-05-24 02:00:00+00:00,Paradise,Los Angeles,previous_game_city
4b54b7f1-8ae0-4a15-b622-38faa91d0650,2022-05-26 02:30:00+00:00,2022-05-25,2022,0699edf3-5993-4182-b9b4-ec935cbd4fcc,0699edf3-5993-4182-b9b4-ec935cbd4fcc,0a5ad38d-2fe3-43ba-894b-1ba3d5042ea9,0a5ad38d-2fe3-43ba-894b-1ba3d5042ea9,0,0,3,0,1,2,Paradise,Los Angeles,224.7,0,8cc57009-ec48-4fd3-b11b-9283d08c59b4,2022-05-21 19:00:00+00:00,Paradise,Phoenix,previous_game_city
4c23e5c7-13de-4e92-a93b-d85a641cc0f9,2022-05-26 23:00:00+00:00,2022-05-26,2022,a015b02d-845c-40c1-8ef4-844984f47e4d,a015b02d-845c-40c1-8ef4-844984f47e4d,5f0b5caf-708b-4300-92f2-53b51d83ec06,5f0b5caf-708b-4300-92f2-53b51d83ec06,1,0,1,0,2,3,Uncasville,Uncasville,0.0,0,50f0c8da-dcd4-4ff3-9d70-21861514dd0b,2022-05-24 23:00:00+00:00,Uncasville,Uncasville,previous_game_city
4c23e5c7-13de-4e92-a93b-d85a641cc0f9,2022-05-26 23:00:00+00:00,2022-05-26,2022,5f0b5caf-708b-4300-92f2-53b51d83ec06,5f0b5caf-708b-4300-92f2-53b51d83ec06,a015b02d-845c-40c1-8ef4-844984f47e4d,a015b02d-845c-40c1-8ef4-844984f47e4d,0,0,1,0,1,3,Uncasville,Uncasville,0.0,0,50f0c8da-dcd4-4ff3-9d70-21861514dd0b,2022-05-24 23:00:00+00:00,Uncasville,Arlington,previous_game_city
a425b2a4-e1a0-4719-860b-2233bd28618b,2022-05-27 23:00:00+00:00,2022-05-27,2022,f073a15f-0486-4179-b0a3-dfd0294eb595,f073a15f-0486-4179-b0a3-dfd0294eb595,0a5ad38d-2fe3-43ba-894b-1ba3d5042ea9,0a5ad38d-2fe3-43ba-894b-1ba3d5042ea9,1,0,2,0,1,3,Chicago,Indianapolis,160.0,1,99bdc2f2-19ce-4d61-9cab-6c27528603a9,2022-05-25 00:00:00+00:00,Chicago,Indianapolis,previous_game_city
a425b2a4-e1a0-4719-860b-2233bd28618b,2022-05-27 23:00:00+00:00,2022-05-27,2022,0a5ad38d-2fe3-43ba-894b-1ba3d5042ea9,0a5ad38d-2fe3-43ba-894b-1ba3d5042ea9,f073a15f-0486-4179-b0a3-dfd0294eb595,f073a15f-0486-4179-b0a3-dfd0294eb595,0,0,1,0,2,3,Los Angeles,Indianapolis,1808.6,3,4b54b7f1-8ae0-4a15-b622-38faa91d0650,2022-05-26 02:30:00+00:00,Los Angeles,Los Angeles,previous_game_city
53ceb466-9105-409f-b714-a06ebd1113f8,2022-05-28 02:00:00+00:00,2022-05-27,2022,d6a012ed-84aa-48d3-8265-2d3f3ff2199a,d6a012ed-84aa-48d3-8265-2d3f3ff2199a,08ed8274-e29f-4248-bc2e-83cc8ed18d75,08ed8274-e29f-4248-bc2e-83cc8ed18d75,1,0,6,0,0,1,Seattle,Seattle,0.0,0,a5eb6fd2-809c-4aac-a039-7eb67fa4ccf3,2022-05-21 02:00:00+00:00,Seattle,Seattle,home_city
53ceb466-9105-409f-b714-a06ebd1113f8,2022-05-28 02:00:00+00:00,2022-05-27,2022,08ed8274-e29f-4248-bc2e-83cc8ed18d75,08ed8274-e29f-4248-bc2e-83cc8ed18d75,d6a012ed-84aa-48d3-8265-2d3f3ff2199a,d6a012ed-84aa-48d3-8265-2d3f3ff2199a,0,0,2,0,1,1,Minneapolis,Seattle,1391.7,-2,deadce04-8855-45a5-b2c5-49cbe2421165,2022-05-25 00:00:00+00:00,Minneapolis,Brooklyn,previous_game_city
0aefb729-b13b-4f94-a579-0d9ee67adfa8,2022-05-28 19:00:00+00:00,2022-05-28,2022,3c409388-ab73-4c7f-953d-3a71062240f6,3c409388-ab73-4c7f-953d-3a71062240f6,171b097d-01db-4ae8-9d56-035689402ec6,FR_LVA_ACES,1,0,3,0,1,2,Chicago,Chicago,0.0,0,99bdc2f2-19ce-4d61-9cab-6c27528603a9,2022-05-25 00:00:00+00:00,Chicago,Chicago,previous_game_city
0aefb729-b13b-4f94-a579-0d9ee67adfa8,2022-05-28 19:00:00+00:00,2022-05-28,2022,171b097d-01db-4ae8-9d56-035689402ec6,FR_LVA_ACES,3c409388-ab73-4c7f-953d-3a71062240f6,3c409388-ab73-4c7f-953d-3a71062240f6,0,0,4,0,0,2,Paradise,Chicago,1525.6,2,9e83fa07-7da4-4126-b214-19975fefecc5,2022-05-24 02:00:00+00:00,Paradise,Paradise,home_city
8a329ab6-d2ed-4c29-8c71-422a25a3b928,2022-05-28 23:00:00+00:00,2022-05-28,2022,a015b02d-845c-40c1-8ef4-844984f47e4d,a015b02d-845c-40c1-8ef4-844984f47e4d,5c0d47fe-8539-47b0-9f36-d0b3609ca89b,5c0d47fe-8539-47b0-9f36-d0b3609ca89b,1,0,1,0,2,3,Uncasville,Uncasville,0.0,0,4c23e5c7-13de-4e92-a93b-d85a641cc0f9,2022-05-26 23:00:00+00:00,Uncasville,Uncasville,previous_game_city
8a329ab6-d2ed-4c29-8c71-422a25a3b928,2022-05-28 23:00:00+00:00,2022-05-28,2022,5c0d47fe-8539-47b0-9f36-d0b3609ca89b,5c0d47fe-8539-47b0-9f36-d0b3609ca89b,a015b02d-845c-40c1-8ef4-844984f47e4d,a015b02d-845c-40c1-8ef4-844984f47e4d,0,0,3,0,1,2,Washington,Uncasville,316.7,0,3e565929-f7dc-4af9-8c55-92c5b1f16341,2022-05-24 23:00:00+00:00,Washington,Washington,previous_game_city
ac6b8d46-c3bb-4d33-9a95-bf99bd7e1495,2022-05-29 16:00:00+00:00,2022-05-29,2022,5d70a9af-8c2b-4aec-9e68-9acc6ddb93e4,5d70a9af-8c2b-4aec-9e68-9acc6ddb93e4,0699edf3-5993-4182-b9b4-ec935cbd4fcc,0699edf3-5993-4182-b9b4-ec935cbd4fcc,1,0,4,0,0,1,College Park,College Park,0.0,0,3e565929-f7dc-4af9-8c55-92c5b1f16341,2022-05-24 23:00:00+00:00,Washington,College Park,home_city
ac6b8d46-c3bb-4d33-9a95-bf99bd7e1495,2022-05-29 16:00:00+00:00,2022-05-29,2022,0699edf3-5993-4182-b9b4-ec935cbd4fcc,0699edf3-5993-4182-b9b4-ec935cbd4fcc,5d70a9af-8c2b-4aec-9e68-9acc6ddb93e4,5d70a9af-8c2b-4aec-9e68-9acc6ddb93e4,0,0,3,0,1,1,Los Angeles,College Park,1931.4,3,4b54b7f1-8ae0-4a15-b622-38faa91d0650,2022-05-26 02:30:00+00:00,Los Angeles,Phoenix,previous_game_city
d96f23eb-05c2-4812-9ec0-66acdb303917,2022-05-29 22:00:00+00:00,2022-05-29,2022,d6a012ed-84aa-48d3-8265-2d3f3ff2199a,d6a012ed-84aa-48d3-8265-2d3f3ff2199a,08ed8274-e29f-4248-bc2e-83cc8ed18d75,08ed8274-e29f-4248-bc2e-83cc8ed18d75,1,0,1,0,1,1,Seattle,Seattle,0.0,0,53ceb466-9105-409f-b714-a06ebd1113f8,2022-05-28 02:00:00+00:00,Seattle,Seattle,previous_game_city
d96f23eb-05c2-4812-9ec0-66acdb303917,2022-05-29 22:00:00+00:00,2022-05-29,2022,08ed8274-e29f-4248-bc2e-83cc8ed18d75,08ed8274-e29f-4248-bc2e-83cc8ed18d75,d6a012ed-84aa-48d3-8265-2d3f3ff2199a,d6a012ed-84aa-48d3-8265-2d3f3ff2199a,0,0,1,0,1,2,Seattle,Seattle,0.0,0,53ceb466-9105-409f-b714-a06ebd1113f8,2022-05-28 02:00:00+00:00,Seattle,Brooklyn,previous_game_city
959e4457-6f0d-47d8-a4b7-53dd0b05ccdd,2022-05-29 23:00:00+00:00,2022-05-29,2022,6f017f37-be96-4bdc-b6d3-0a0429c72e89,6f017f37-be96-4bdc-b6d3-0a0429c72e89,0a5ad38d-2fe3-43ba-894b-1ba3d5042ea9,0a5ad38d-2fe3-43ba-894b-1ba3d5042ea9,1,0,4,0,0,1,Minneapolis,Minneapolis,0.0,0,deadce04-8855-45a5-b2c5-49cbe2421165,2022-05-25 00:00:00+00:00,Minneapolis,Minneapolis,home_city
959e4457-6f0d-47d8-a4b7-53dd0b05ccdd,2022-05-29 23:00:00+00:00,2022-05-29,2022,0a5ad38d-2fe3-43ba-894b-1ba3d5042ea9,0a5ad38d-2fe3-43ba-894b-1ba3d5042ea9,6f017f37-be96-4bdc-b6d3-0a0429c72e89,6f017f37-be96-4bdc-b6d3-0a0429c72e89,0,0,1,0,2,3,Indianapolis,Minneapolis,508.9,-1,a425b2a4-e1a0-4719-860b-2233bd28618b,2022-05-27 23:00:00+00:00,Indianapolis,Los Angeles,previous_game_city
a3100387-3dc5-42da-8906-8a4a03bf8bd5,2022-05-31 23:00:00+00:00,2022-05-31,2022,f073a15f-0486-4179-b0a3-dfd0294eb595,f073a15f-0486-4179-b0a3-dfd0294eb595,5c0d47fe-8539-47b0-9f36-d0b3609ca89b,5c0d47fe-8539-47b0-9f36-d0b3609ca89b,1,0,3,0,1,2,Indianapolis,Indianapolis,0.0,0,a425b2a4-e1a0-4719-860b-2233bd28618b,2022-05-27 23:00:00+00:00,Indianapolis,Indianapolis,previous_game_city
a3100387-3dc5-42da-8906-8a4a03bf8bd5,2022-05-31 23:00:00+00:00,2022-05-31,2022,5c0d47fe-8539-47b0-9f36-d0b3609ca89b,5c0d47fe-8539-47b0-9f36-d0b3609ca89b,f073a15f-0486-4179-b0a3-dfd0294eb595,f073a15f-0486-4179-b0a3-dfd0294eb595,0,0,2,0,1,2,Uncasville,Indianapolis,744.4,0,8a329ab6-d2ed-4c29-8c71-422a25a3b928,2022-05-28 23:00:00+00:00,Uncasville,Washington,previous_game_city
f4072c89-9cdd-4f30-a246-4c0c3f216e34,2022-05-31 23:00:00+00:00,2022-05-31,2022,3c409388-ab73-4c7f-953d-3a71062240f6,3c409388-ab73-4c7f-953d-3a71062240f6,0699edf3-5993-4182-b9b4-ec935cbd4fcc,0699edf3-5993-4182-b9b4-ec935cbd4fcc,1,0,2,0,1,2,Chicago,Chicago,0.0,0,0aefb729-b13b-4f94-a579-0d9ee67adfa8,2022-05-28 19:00:00+00:00,Chicago,Chicago,previous_game_city
f4072c89-9cdd-4f30-a246-4c0c3f216e34,2022-05-31 23:00:00+00:00,2022-05-31,2022,0699edf3-5993-4182-b9b4-ec935cbd4fcc,0699edf3-5993-4182-b9b4-ec935cbd4fcc,3c409388-ab73-4c7f-953d-3a71062240f6,3c409388-ab73-4c7f-953d-3a71062240f6,0,0,1,0,1,2,College Park,Chicago,592.7,-1,ac6b8d46-c3bb-4d33-9a95-bf99bd7e1495,2022-05-29 16:00:00+00:00,College Park,Phoenix,previous_game_city
57120240-449a-484e-aa81-c1285be793c1,2022-06-01 01:00:00+00:00,2022-05-31,2022,171b097d-01db-4ae8-9d56-035689402ec6,FR_LVA_ACES,a015b02d-845c-40c1-8ef4-844984f47e4d,a015b02d-845c-40c1-8ef4-844984f47e4d,1,0,2,0,1,1,Chicago,Paradise,1525.6,-2,0aefb729-b13b-4f94-a579-0d9ee67adfa8,2022-05-28 19:00:00+00:00,Chicago,Paradise,previous_game_city
57120240-449a-484e-aa81-c1285be793c1,2022-06-01 01:00:00+00:00,2022-05-31,2022,a015b02d-845c-40c1-8ef4-844984f47e4d,a015b02d-845c-40c1-8ef4-844984f47e4d,171b097d-01db-4ae8-9d56-035689402ec6,FR_LVA_ACES,0,0,2,0,1,3,Uncasville,Paradise,2326.0,-3,8a329ab6-d2ed-4c29-8c71-422a25a3b928,2022-05-28 23:00:00+00:00,Uncasville,Uncasville,previous_game_city
0add0ca2-2fe5-4b3d-b498-0f2f6edcf423,2022-06-01 02:30:00+00:00,2022-05-31,2022,0a5ad38d-2fe3-43ba-894b-1ba3d5042ea9,0a5ad38d-2fe3-43ba-894b-1ba3d5042ea9,5f0b5caf-708b-4300-92f2-53b51d83ec06,5f0b5caf-708b-4300-92f2-53b51d83ec06,1,0,1,0,2,3,Minneapolis,Los Angeles,1522.4,-2,959e4457-6f0d-47d8-a4b7-53dd0b05ccdd,2022-05-29 23:00:00+00:00,Minneapolis,Los Angeles,previous_game_city
0add0ca2-2fe5-4b3d-b498-0f2f6edcf423,2022-06-01 02:30:00+00:00,2022-05-31,2022,5f0b5caf-708b-4300-92f2-53b51d83ec06,5f0b5caf-708b-4300-92f2-53b51d83ec06,0a5ad38d-2fe3-43ba-894b-1ba3d5042ea9,0a5ad38d-2fe3-43ba-894b-1ba3d5042ea9,0,0,4,0,0,2,Arlington,Los Angeles,1221.9,-2,4c23e5c7-13de-4e92-a93b-d85a641cc0f9,2022-05-26 23:00:00+00:00,Uncasville,Arlington,home_city
1146b423-6107-48a7-9007-4ee2d0be42cb,2022-06-01 23:00:00+00:00,2022-06-01,2022,5d70a9af-8c2b-4aec-9e68-9acc6ddb93e4,5d70a9af-8c2b-4aec-9e68-9acc6ddb93e4,6f017f37-be96-4bdc-b6d3-0a0429c72e89,6f017f37-be96-4bdc-b6d3-0a0429c72e89,1,0,2,0,1,1,College Park,College Park,0.0,0,ac6b8d46-c3bb-4d33-9a95-bf99bd7e1495,2022-05-29 16:00:00+00:00,College Park,College Park,previous_game_city
1146b423-6107-48a7-9007-4ee2d0be42cb,2022-06-01 23:00:00+00:00,2022-06-01,2022,6f017f37-be96-4bdc-b6d3-0a0429c72e89,6f017f37-be96-4bdc-b6d3-0a0429c72e89,5d70a9af-8c2b-4aec-9e68-9acc6ddb93e4,5d70a9af-8c2b-4aec-9e68-9acc6ddb93e4,0,0,2,0,1,1,Minneapolis,College Park,912.7,1,959e4457-6f0d-47d8-a4b7-53dd0b05ccdd,2022-05-29 23:00:00+00:00,Minneapolis,Minneapolis,previous_game_city
f66d4484-8426-40cb-965e-295995f64dc0,2022-06-01 23:00:00+00:00,2022-06-01,2022,08ed8274-e29f-4248-bc2e-83cc8ed18d75,08ed8274-e29f-4248-bc2e-83cc8ed18d75,f073a15f-0486-4179-b0a3-dfd0294eb595,f073a15f-0486-4179-b0a3-dfd0294eb595,1,0,2,0,1,2,Seattle,Brooklyn,2405.2,3,d96f23eb-05c2-4812-9ec0-66acdb303917,2022-05-29 22:00:00+00:00,Seattle,Brooklyn,previous_game_city
f66d4484-8426-40cb-965e-295995f64dc0,2022-06-01 23:00:00+00:00,2022-06-01,2022,f073a15f-0486-4179-b0a3-dfd0294eb595,f073a15f-0486-4179-b0a3-dfd0294eb595,08ed8274-e29f-4248-bc2e-83cc8ed18d75,08ed8274-e29f-4248-bc2e-83cc8ed18d75,0,0,0,1,1,2,Indianapolis,Brooklyn,643.5,0,a3100387-3dc5-42da-8906-8a4a03bf8bd5,2022-05-31 23:00:00+00:00,Indianapolis,Indianapolis,previous_game_city
ad6bf282-5017-422d-bc74-f20e0bd7b87e,2022-06-03 02:00:00+00:00,2022-06-02,2022,171b097d-01db-4ae8-9d56-035689402ec6,FR_LVA_ACES,a015b02d-845c-40c1-8ef4-844984f47e4d,a015b02d-845c-40c1-8ef4-844984f47e4d,1,0,1,0,1,2,Paradise,Paradise,0.0,0,57120240-449a-484e-aa81-c1285be793c1,2022-06-01 01:00:00+00:00,Paradise,Paradise,previous_game_city
ad6bf282-5017-422d-bc74-f20e0bd7b87e,2022-06-03 02:00:00+00:00,2022-06-02,2022,a015b02d-845c-40c1-8ef4-844984f47e4d,a015b02d-845c-40c1-8ef4-844984f47e4d,171b097d-01db-4ae8-9d56-035689402ec6,FR_LVA_ACES,0,0,1,0,1,3,Paradise,Paradise,0.0,0,57120240-449a-484e-aa81-c1285be793c1,2022-06-01 01:00:00+00:00,Paradise,Uncasville,previous_game_city
4b0c2699-9971-430b-9a6a-c6e79535b0b6,2022-06-03 23:00:00+00:00,2022-06-03,2022,5c0d47fe-8539-47b0-9f36-d0b3609ca89b,5c0d47fe-8539-47b0-9f36-d0b3609ca89b,08ed8274-e29f-4248-bc2e-83cc8ed18d75,08ed8274-e29f-4248-bc2e-83cc8ed18d75,1,0,2,0,1,2,Indianapolis,Washington,493.2,0,a3100387-3dc5-42da-8906-8a4a03bf8bd5,2022-05-31 23:00:00+00:00,Indianapolis,Washington,previous_game_city
4b0c2699-9971-430b-9a6a-c6e79535b0b6,2022-06-03 23:00:00+00:00,2022-06-03,2022,08ed8274-e29f-4248-bc2e-83cc8ed18d75,08ed8274-e29f-4248-bc2e-83cc8ed18d75,5c0d47fe-8539-47b0-9f36-d0b3609ca89b,5c0d47fe-8539-47b0-9f36-d0b3609ca89b,0,0,1,0,1,3,Brooklyn,Washington,204.3,0,f66d4484-8426-40cb-965e-295995f64dc0,2022-06-01 23:00:00+00:00,Brooklyn,Brooklyn,previous_game_city
19a7d0a3-00af-4a21-b00a-8dc820d46779,2022-06-03 23:30:00+00:00,2022-06-03,2022,5d70a9af-8c2b-4aec-9e68-9acc6ddb93e4,5d70a9af-8c2b-4aec-9e68-9acc6ddb93e4,3c409388-ab73-4c7f-953d-3a71062240f6,3c409388-ab73-4c7f-953d-3a71062240f6,1,0,1,0,1,2,College Park,College Park,0.0,0,1146b423-6107-48a7-9007-4ee2d0be42cb,2022-06-01 23:00:00+00:00,College Park,College Park,previous_game_city
19a7d0a3-00af-4a21-b00a-8dc820d46779,2022-06-03 23:30:00+00:00,2022-06-03,2022,3c409388-ab73-4c7f-953d-3a71062240f6,3c409388-ab73-4c7f-953d-3a71062240f6,5d70a9af-8c2b-4aec-9e68-9acc6ddb93e4,5d70a9af-8c2b-4aec-9e68-9acc6ddb93e4,0,0,2,0,1,2,Chicago,College Park,592.7,1,f4072c89-9cdd-4f30-a246-4c0c3f216e34,2022-05-31 23:00:00+00:00,Chicago,Chicago,previous_game_city
3794f5f7-ace8-467d-8fd7-ec73012618d6,2022-06-04 02:00:00+00:00,2022-06-03,2022,0699edf3-5993-4182-b9b4-ec935cbd4fcc,0699edf3-5993-4182-b9b4-ec935cbd4fcc,a015b02d-845c-40c1-8ef4-844984f47e4d,a015b02d-845c-40c1-8ef4-844984f47e4d,1,0,2,0,1,2,Chicago,Phoenix,1451.7,-2,f4072c89-9cdd-4f30-a246-4c0c3f216e34,2022-05-31 23:00:00+00:00,Chicago,Phoenix,previous_game_city
3794f5f7-ace8-467d-8fd7-ec73012618d6,2022-06-04 02:00:00+00:00,2022-06-03,2022,a015b02d-845c-40c1-8ef4-844984f47e4d,a015b02d-845c-40c1-8ef4-844984f47e4d,0699edf3-5993-4182-b9b4-ec935cbd4fcc,0699edf3-5993-4182-b9b4-ec935cbd4fcc,0,0,0,1,2,3,Paradise,Phoenix,253.9,0,ad6bf282-5017-422d-bc74-f20e0bd7b87e,2022-06-03 02:00:00+00:00,Paradise,Uncasville,previous_game_city
9ae928f3-3c92-4511-9b99-462a52484a74,2022-06-04 02:00:00+00:00,2022-06-03,2022,d6a012ed-84aa-48d3-8265-2d3f3ff2199a,d6a012ed-84aa-48d3-8265-2d3f3ff2199a,5f0b5caf-708b-4300-92f2-53b51d83ec06,5f0b5caf-708b-4300-92f2-53b51d83ec06,1,0,4,0,0,2,Seattle,Seattle,0.0,0,d96f23eb-05c2-4812-9ec0-66acdb303917,2022-05-29 22:00:00+00:00,Seattle,Seattle,home_city
9ae928f3-3c92-4511-9b99-462a52484a74,2022-06-04 02:00:00+00:00,2022-06-03,2022,5f0b5caf-708b-4300-92f2-53b51d83ec06,5f0b5caf-708b-4300-92f2-53b51d83ec06,d6a012ed-84aa-48d3-8265-2d3f3ff2199a,d6a012ed-84aa-48d3-8265-2d3f3ff2199a,0,0,2,0,1,1,Los Angeles,Seattle,961.9,0,0add0ca2-2fe5-4b3d-b498-0f2f6edcf423,2022-06-01 02:30:00+00:00,Los Angeles,Arlington,previous_game_city
7af95ec7-4b74-401b-a42e-391d0ef02d7e,2022-06-05 18:00:00+00:00,2022-06-05,2022,08ed8274-e29f-4248-bc2e-83cc8ed18d75,08ed8274-e29f-4248-bc2e-83cc8ed18d75,6f017f37-be96-4bdc-b6d3-0a0429c72e89,6f017f37-be96-4bdc-b6d3-0a0429c72e89,1,0,1,0,2,3,Washington,Brooklyn,204.3,0,4b0c2699-9971-430b-9a6a-c6e79535b0b6,2022-06-03 23:00:00+00:00,Washington,Brooklyn,previous_game_city
7af95ec7-4b74-401b-a42e-391d0ef02d7e,2022-06-05 18:00:00+00:00,2022-06-05,2022,6f017f37-be96-4bdc-b6d3-0a0429c72e89,6f017f37-be96-4bdc-b6d3-0a0429c72e89,08ed8274-e29f-4248-bc2e-83cc8ed18d75,08ed8274-e29f-4248-bc2e-83cc8ed18d75,0,0,3,0,1,2,College Park,Brooklyn,753.7,0,1146b423-6107-48a7-9007-4ee2d0be42cb,2022-06-01 23:00:00+00:00,College Park,Minneapolis,previous_game_city
97dfc14e-e227-4662-8d97-5166ee1a0305,2022-06-05 19:00:00+00:00,2022-06-05,2022,5d70a9af-8c2b-4aec-9e68-9acc6ddb93e4,5d70a9af-8c2b-4aec-9e68-9acc6ddb93e4,f073a15f-0486-4179-b0a3-dfd0294eb595,f073a15f-0486-4179-b0a3-dfd0294eb595,1,0,1,0,2,3,College Park,College Park,0.0,0,19a7d0a3-00af-4a21-b00a-8dc820d46779,2022-06-03 23:30:00+00:00,College Park,College Park,previous_game_city
97dfc14e-e227-4662-8d97-5166ee1a0305,2022-06-05 19:00:00+00:00,2022-06-05,2022,f073a15f-0486-4179-b0a3-dfd0294eb595,f073a15f-0486-4179-b0a3-dfd0294eb595,5d70a9af-8c2b-4aec-9e68-9acc6ddb93e4,5d70a9af-8c2b-4aec-9e68-9acc6ddb93e4,0,0,3,0,1,2,Brooklyn,College Park,753.7,0,f66d4484-8426-40cb-965e-295995f64dc0,2022-06-01 23:00:00+00:00,Brooklyn,Indianapolis,previous_game_city
01dfd69f-b7a3-47b2-8487-2c889800af37,2022-06-05 22:00:00+00:00,2022-06-05,2022,d6a012ed-84aa-48d3-8265-2d3f3ff2199a,d6a012ed-84aa-48d3-8265-2d3f3ff2199a,a015b02d-845c-40c1-8ef4-844984f47e4d,a015b02d-845c-40c1-8ef4-844984f47e4d,1,0,1,0,1,2,Seattle,Seattle,0.0,0,9ae928f3-3c92-4511-9b99-462a52484a74,2022-06-04 02:00:00+00:00,Seattle,Seattle,previous_game_city
01dfd69f-b7a3-47b2-8487-2c889800af37,2022-06-05 22:00:00+00:00,2022-06-05,2022,a015b02d-845c-40c1-8ef4-844984f47e4d,a015b02d-845c-40c1-8ef4-844984f47e4d,d6a012ed-84aa-48d3-8265-2d3f3ff2199a,d6a012ed-84aa-48d3-8265-2d3f3ff2199a,0,0,1,0,2,3,Phoenix,Seattle,1116.2,0,3794f5f7-ace8-467d-8fd7-ec73012618d6,2022-06-04 02:00:00+00:00,Phoenix,Uncasville,previous_game_city
1d4f0e5e-80af-4a7e-9fdf-9c9a35c0f9ad,2022-06-05 22:00:00+00:00,2022-06-05,2022,0699edf3-5993-4182-b9b4-ec935cbd4fcc,0699edf3-5993-4182-b9b4-ec935cbd4fcc,0a5ad38d-2fe3-43ba-894b-1ba3d5042ea9,0a5ad38d-2fe3-43ba-894b-1ba3d5042ea9,1,0,1,0,1,3,Phoenix,Phoenix,0.0,0,3794f5f7-ace8-467d-8fd7-ec73012618d6,2022-06-04 02:00:00+00:00,Phoenix,Phoenix,previous_game_city
1d4f0e5e-80af-4a7e-9fdf-9c9a35c0f9ad,2022-06-05 22:00:00+00:00,2022-06-05,2022,0a5ad38d-2fe3-43ba-894b-1ba3d5042ea9,0a5ad38d-2fe3-43ba-894b-1ba3d5042ea9,0699edf3-5993-4182-b9b4-ec935cbd4fcc,0699edf3-5993-4182-b9b4-ec935cbd4fcc,0,0,4,0,0,2,Los Angeles,Phoenix,358.3,0,0add0ca2-2fe5-4b3d-b498-0f2f6edcf423,2022-06-01 02:30:00+00:00,Los Angeles,Los Angeles,home_city
7b8fab81-9428-4b75-a953-9fb3e0a7d6ff,2022-06-05 22:00:00+00:00,2022-06-05,2022,3c409388-ab73-4c7f-953d-3a71062240f6,3c409388-ab73-4c7f-953d-3a71062240f6,5c0d47fe-8539-47b0-9f36-d0b3609ca89b,5c0d47fe-8539-47b0-9f36-d0b3609ca89b,1,0,1,0,1,2,College Park,Chicago,592.7,-1,19a7d0a3-00af-4a21-b00a-8dc820d46779,2022-06-03 23:30:00+00:00,College Park,Chicago,previous_game_city
7b8fab81-9428-4b75-a953-9fb3e0a7d6ff,2022-06-05 22:00:00+00:00,2022-06-05,2022,5c0d47fe-8539-47b0-9f36-d0b3609ca89b,5c0d47fe-8539-47b0-9f36-d0b3609ca89b,3c409388-ab73-4c7f-953d-3a71062240f6,3c409388-ab73-4c7f-953d-3a71062240f6,0,0,1,0,1,2,Washington,Chicago,596.5,-1,4b0c2699-9971-430b-9a6a-c6e79535b0b6,2022-06-03 23:00:00+00:00,Washington,Washington,previous_game_city
e2334e94-f615-4fb2-80ff-e82f697b470e,2022-06-05 22:00:00+00:00,2022-06-05,2022,171b097d-01db-4ae8-9d56-035689402ec6,FR_LVA_ACES,5f0b5caf-708b-4300-92f2-53b51d83ec06,5f0b5caf-708b-4300-92f2-53b51d83ec06,1,0,2,0,1,2,Paradise,Paradise,0.0,0,ad6bf282-5017-422d-bc74-f20e0bd7b87e,2022-06-03 02:00:00+00:00,Paradise,Paradise,previous_game_city
e2334e94-f615-4fb2-80ff-e82f697b470e,2022-06-05 22:00:00+00:00,2022-06-05,2022,5f0b5caf-708b-4300-92f2-53b51d83ec06,5f0b5caf-708b-4300-92f2-53b51d83ec06,171b097d-01db-4ae8-9d56-035689402ec6,FR_LVA_ACES,0,0,1,0,1,2,Seattle,Paradise,877.2,0,9ae928f3-3c92-4511-9b99-462a52484a74,2022-06-04 02:00:00+00:00,Seattle,Arlington,previous_game_city
3c9c6315-f913-408d-8700-fc665039c659,2022-06-08 00:00:00+00:00,2022-06-07,2022,08ed8274-e29f-4248-bc2e-83cc8ed18d75,08ed8274-e29f-4248-bc2e-83cc8ed18d75,6f017f37-be96-4bdc-b6d3-0a0429c72e89,6f017f37-be96-4bdc-b6d3-0a0429c72e89,1,0,1,0,2,3,Brooklyn,Brooklyn,0.0,0,7af95ec7-4b74-401b-a42e-391d0ef02d7e,2022-06-05 18:00:00+00:00,Brooklyn,Brooklyn,previous_game_city
3c9c6315-f913-408d-8700-fc665039c659,2022-06-08 00:00:00+00:00,2022-06-07,2022,6f017f37-be96-4bdc-b6d3-0a0429c72e89,6f017f37-be96-4bdc-b6d3-0a0429c72e89,08ed8274-e29f-4248-bc2e-83cc8ed18d75,08ed8274-e29f-4248-bc2e-83cc8ed18d75,0,0,1,0,1,2,Brooklyn,Brooklyn,0.0,0,7af95ec7-4b74-401b-a42e-391d0ef02d7e,2022-06-05 18:00:00+00:00,Brooklyn,Minneapolis,previous_game_city
42b6b404-24ee-4730-843f-c56ea3dcb0ad,2022-06-08 02:00:00+00:00,2022-06-07,2022,d6a012ed-84aa-48d3-8265-2d3f3ff2199a,d6a012ed-84aa-48d3-8265-2d3f3ff2199a,5d70a9af-8c2b-4aec-9e68-9acc6ddb93e4,5d70a9af-8c2b-4aec-9e68-9acc6ddb93e4,1,0,1,0,2,2,Seattle,Seattle,0.0,0,01dfd69f-b7a3-47b2-8487-2c889800af37,2022-06-05 22:00:00+00:00,Seattle,Seattle,previous_game_city
42b6b404-24ee-4730-843f-c56ea3dcb0ad,2022-06-08 02:00:00+00:00,2022-06-07,2022,5d70a9af-8c2b-4aec-9e68-9acc6ddb93e4,5d70a9af-8c2b-4aec-9e68-9acc6ddb93e4,d6a012ed-84aa-48d3-8265-2d3f3ff2199a,d6a012ed-84aa-48d3-8265-2d3f3ff2199a,0,0,1,0,2,3,College Park,Seattle,2180.7,-3,97dfc14e-e227-4662-8d97-5166ee1a0305,2022-06-05 19:00:00+00:00,College Park,College Park,previous_game_city
17b208bc-a865-4691-b6d8-d219147f8426,2022-06-08 23:00:00+00:00,2022-06-08,2022,a015b02d-845c-40c1-8ef4-844984f47e4d,a015b02d-845c-40c1-8ef4-844984f47e4d,f073a15f-0486-4179-b0a3-dfd0294eb595,f073a15f-0486-4179-b0a3-dfd0294eb595,1,0,2,0,1,3,Seattle,Uncasville,2466.2,3,01dfd69f-b7a3-47b2-8487-2c889800af37,2022-06-05 22:00:00+00:00,Seattle,Uncasville,previous_game_city
17b208bc-a865-4691-b6d8-d219147f8426,2022-06-08 23:00:00+00:00,2022-06-08,2022,f073a15f-0486-4179-b0a3-dfd0294eb595,f073a15f-0486-4179-b0a3-dfd0294eb595,a015b02d-845c-40c1-8ef4-844984f47e4d,a015b02d-845c-40c1-8ef4-844984f47e4d,0,0,2,0,1,2,College Park,Uncasville,866.0,0,97dfc14e-e227-4662-8d97-5166ee1a0305,2022-06-05 19:00:00+00:00,College Park,Indianapolis,previous_game_city
5dceb79a-431c-4860-a85c-4af19431df34,2022-06-09 00:00:00+00:00,2022-06-08,2022,5c0d47fe-8539-47b0-9f36-d0b3609ca89b,5c0d47fe-8539-47b0-9f36-d0b3609ca89b,3c409388-ab73-4c7f-953d-3a71062240f6,3c409388-ab73-4c7f-953d-3a71062240f6,1,0,2,0,1,2,Chicago,Washington,596.5,1,7b8fab81-9428-4b75-a953-9fb3e0a7d6ff,2022-06-05 22:00:00+00:00,Chicago,Washington,previous_game_city
5dceb79a-431c-4860-a85c-4af19431df34,2022-06-09 00:00:00+00:00,2022-06-08,2022,3c409388-ab73-4c7f-953d-3a71062240f6,3c409388-ab73-4c7f-953d-3a71062240f6,5c0d47fe-8539-47b0-9f36-d0b3609ca89b,5c0d47fe-8539-47b0-9f36-d0b3609ca89b,0,0,2,0,1,2,Chicago,Washington,596.5,1,7b8fab81-9428-4b75-a953-9fb3e0a7d6ff,2022-06-05 22:00:00+00:00,Chicago,Chicago,previous_game_city
0286d6d9-b56e-4858-827b-27852c9b8754,2022-06-10 23:00:00+00:00,2022-06-10,2022,f073a15f-0486-4179-b0a3-dfd0294eb595,f073a15f-0486-4179-b0a3-dfd0294eb595,08ed8274-e29f-4248-bc2e-83cc8ed18d75,08ed8274-e29f-4248-bc2e-83cc8ed18d75,1,0,1,0,1,2,Uncasville,Indianapolis,744.4,0,17b208bc-a865-4691-b6d8-d219147f8426,2022-06-08 23:00:00+00:00,Uncasville,Indianapolis,previous_game_city
0286d6d9-b56e-4858-827b-27852c9b8754,2022-06-10 23:00:00+00:00,2022-06-10,2022,08ed8274-e29f-4248-bc2e-83cc8ed18d75,08ed8274-e29f-4248-bc2e-83cc8ed18d75,f073a15f-0486-4179-b0a3-dfd0294eb595,f073a15f-0486-4179-b0a3-dfd0294eb595,0,0,2,0,1,3,Brooklyn,Indianapolis,643.5,0,3c9c6315-f913-408d-8700-fc665039c659,2022-06-08 00:00:00+00:00,Brooklyn,Brooklyn,previous_game_city
798b74ef-66bc-4b79-b2fe-258b7e71d932,2022-06-10 23:00:00+00:00,2022-06-10,2022,a015b02d-845c-40c1-8ef4-844984f47e4d,a015b02d-845c-40c1-8ef4-844984f47e4d,3c409388-ab73-4c7f-953d-3a71062240f6,3c409388-ab73-4c7f-953d-3a71062240f6,1,0,1,0,1,3,Uncasville,Uncasville,0.0,0,17b208bc-a865-4691-b6d8-d219147f8426,2022-06-08 23:00:00+00:00,Uncasville,Uncasville,previous_game_city
798b74ef-66bc-4b79-b2fe-258b7e71d932,2022-06-10 23:00:00+00:00,2022-06-10,2022,3c409388-ab73-4c7f-953d-3a71062240f6,3c409388-ab73-4c7f-953d-3a71062240f6,a015b02d-845c-40c1-8ef4-844984f47e4d,a015b02d-845c-40c1-8ef4-844984f47e4d,0,0,1,0,1,3,Washington,Uncasville,316.7,0,5dceb79a-431c-4860-a85c-4af19431df34,2022-06-09 00:00:00+00:00,Washington,Chicago,previous_game_city
03aab897-336a-49bb-8770-16a3785a4c1b,2022-06-11 00:00:00+00:00,2022-06-10,2022,6f017f37-be96-4bdc-b6d3-0a0429c72e89,6f017f37-be96-4bdc-b6d3-0a0429c72e89,5c0d47fe-8539-47b0-9f36-d0b3609ca89b,5c0d47fe-8539-47b0-9f36-d0b3609ca89b,1,0,2,0,1,2,Brooklyn,Minneapolis,1019.2,-1,3c9c6315-f913-408d-8700-fc665039c659,2022-06-08 00:00:00+00:00,Brooklyn,Minneapolis,previous_game_city
03aab897-336a-49bb-8770-16a3785a4c1b,2022-06-11 00:00:00+00:00,2022-06-10,2022,5c0d47fe-8539-47b0-9f36-d0b3609ca89b,5c0d47fe-8539-47b0-9f36-d0b3609ca89b,6f017f37-be96-4bdc-b6d3-0a0429c72e89,6f017f37-be96-4bdc-b6d3-0a0429c72e89,0,0,1,0,1,3,Washington,Minneapolis,936.1,-1,5dceb79a-431c-4860-a85c-4af19431df34,2022-06-09 00:00:00+00:00,Washington,Washington,previous_game_city
66e150a9-ed58-40aa-b8a4-c60dbaeecf15,2022-06-11 00:00:00+00:00,2022-06-10,2022,5f0b5caf-708b-4300-92f2-53b51d83ec06,5f0b5caf-708b-4300-92f2-53b51d83ec06,d6a012ed-84aa-48d3-8265-2d3f3ff2199a,d6a012ed-84aa-48d3-8265-2d3f3ff2199a,1,0,4,0,0,2,Arlington,Arlington,0.0,0,e2334e94-f615-4fb2-80ff-e82f697b470e,2022-06-05 22:00:00+00:00,Paradise,Arlington,home_city
66e150a9-ed58-40aa-b8a4-c60dbaeecf15,2022-06-11 00:00:00+00:00,2022-06-10,2022,d6a012ed-84aa-48d3-8265-2d3f3ff2199a,d6a012ed-84aa-48d3-8265-2d3f3ff2199a,5f0b5caf-708b-4300-92f2-53b51d83ec06,5f0b5caf-708b-4300-92f2-53b51d83ec06,0,0,2,0,1,3,Seattle,Arlington,1670.8,2,42b6b404-24ee-4730-843f-c56ea3dcb0ad,2022-06-08 02:00:00+00:00,Seattle,Seattle,previous_game_city
a60dd2fa-501a-43d5-b614-09733f79d49a,2022-06-11 02:00:00+00:00,2022-06-10,2022,0699edf3-5993-4182-b9b4-ec935cbd4fcc,0699edf3-5993-4182-b9b4-ec935cbd4fcc,5d70a9af-8c2b-4aec-9e68-9acc6ddb93e4,5d70a9af-8c2b-4aec-9e68-9acc6ddb93e4,1,0,4,0,0,2,Phoenix,Phoenix,0.0,0,1d4f0e5e-80af-4a7e-9fdf-9c9a35c0f9ad,2022-06-05 22:00:00+00:00,Phoenix,Phoenix,home_city
a60dd2fa-501a-43d5-b614-09733f79d49a,2022-06-11 02:00:00+00:00,2022-06-10,2022,5d70a9af-8c2b-4aec-9e68-9acc6ddb93e4,5d70a9af-8c2b-4aec-9e68-9acc6ddb93e4,0699edf3-5993-4182-b9b4-ec935cbd4fcc,0699edf3-5993-4182-b9b4-ec935cbd4fcc,0,0,2,0,1,3,Seattle,Phoenix,1116.2,0,42b6b404-24ee-4730-843f-c56ea3dcb0ad,2022-06-08 02:00:00+00:00,Seattle,College Park,previous_game_city
12b77bb9-dd1e-424f-9828-da32d9b77567,2022-06-12 01:00:00+00:00,2022-06-11,2022,0a5ad38d-2fe3-43ba-894b-1ba3d5042ea9,0a5ad38d-2fe3-43ba-894b-1ba3d5042ea9,171b097d-01db-4ae8-9d56-035689402ec6,FR_LVA_ACES,1,0,5,0,0,1,Los Angeles,Los Angeles,0.0,0,1d4f0e5e-80af-4a7e-9fdf-9c9a35c0f9ad,2022-06-05 22:00:00+00:00,Phoenix,Los Angeles,home_city
12b77bb9-dd1e-424f-9828-da32d9b77567,2022-06-12 01:00:00+00:00,2022-06-11,2022,171b097d-01db-4ae8-9d56-035689402ec6,FR_LVA_ACES,0a5ad38d-2fe3-43ba-894b-1ba3d5042ea9,0a5ad38d-2fe3-43ba-894b-1ba3d5042ea9,0,0,5,0,0,1,Paradise,Los Angeles,224.7,0,e2334e94-f615-4fb2-80ff-e82f697b470e,2022-06-05 22:00:00+00:00,Paradise,Paradise,home_city
6f0e974d-1650-4048-929a-b4379ae1dca2,2022-06-12 18:00:00+00:00,2022-06-12,2022,08ed8274-e29f-4248-bc2e-83cc8ed18d75,08ed8274-e29f-4248-bc2e-83cc8ed18d75,3c409388-ab73-4c7f-953d-3a71062240f6,3c409388-ab73-4c7f-953d-3a71062240f6,1,0,1,0,1,3,Indianapolis,Brooklyn,643.5,0,0286d6d9-b56e-4858-827b-27852c9b8754,2022-06-10 23:00:00+00:00,Indianapolis,Brooklyn,previous_game_city
6f0e974d-1650-4048-929a-b4379ae1dca2,2022-06-12 18:00:00+00:00,2022-06-12,2022,3c409388-ab73-4c7f-953d-3a71062240f6,3c409388-ab73-4c7f-953d-3a71062240f6,08ed8274-e29f-4248-bc2e-83cc8ed18d75,08ed8274-e29f-4248-bc2e-83cc8ed18d75,0,0,1,0,2,3,Uncasville,Brooklyn,113.0,0,798b74ef-66bc-4b79-b2fe-258b7e71d932,2022-06-10 23:00:00+00:00,Uncasville,Chicago,previous_game_city
89eae2ce-87b0-44dd-9982-fb55ad672427,2022-06-12 20:00:00+00:00,2022-06-12,2022,5f0b5caf-708b-4300-92f2-53b51d83ec06,5f0b5caf-708b-4300-92f2-53b51d83ec06,d6a012ed-84aa-48d3-8265-2d3f3ff2199a,d6a012ed-84aa-48d3-8265-2d3f3ff2199a,1,0,1,0,1,2,Arlington,Arlington,0.0,0,66e150a9-ed58-40aa-b8a4-c60dbaeecf15,2022-06-11 00:00:00+00:00,Arlington,Arlington,previous_game_city
89eae2ce-87b0-44dd-9982-fb55ad672427,2022-06-12 20:00:00+00:00,2022-06-12,2022,d6a012ed-84aa-48d3-8265-2d3f3ff2199a,d6a012ed-84aa-48d3-8265-2d3f3ff2199a,5f0b5caf-708b-4300-92f2-53b51d83ec06,5f0b5caf-708b-4300-92f2-53b51d83ec06,0,0,1,0,1,3,Arlington,Arlington,0.0,0,66e150a9-ed58-40aa-b8a4-c60dbaeecf15,2022-06-11 00:00:00+00:00,Arlington,Seattle,previous_game_city
2d20e9c3-96ea-407b-b45b-d01c4ef1cee6,2022-06-12 22:00:00+00:00,2022-06-12,2022,5c0d47fe-8539-47b0-9f36-d0b3609ca89b,5c0d47fe-8539-47b0-9f36-d0b3609ca89b,0699edf3-5993-4182-b9b4-ec935cbd4fcc,0699edf3-5993-4182-b9b4-ec935cbd4fcc,1,0,1,0,2,3,Minneapolis,Washington,936.1,1,03aab897-336a-49bb-8770-16a3785a4c1b,2022-06-11 00:00:00+00:00,Minneapolis,Washington,previous_game_city
2d20e9c3-96ea-407b-b45b-d01c4ef1cee6,2022-06-12 22:00:00+00:00,2022-06-12,2022,0699edf3-5993-4182-b9b4-ec935cbd4fcc,0699edf3-5993-4182-b9b4-ec935cbd4fcc,5c0d47fe-8539-47b0-9f36-d0b3609ca89b,5c0d47fe-8539-47b0-9f36-d0b3609ca89b,0,0,1,0,1,2,Phoenix,Washington,1980.0,3,a60dd2fa-501a-43d5-b614-09733f79d49a,2022-06-11 02:00:00+00:00,Phoenix,Phoenix,previous_game_city
82efc89d-269c-4bf2-81d0-1a45cc2fc135,2022-06-12 23:00:00+00:00,2022-06-12,2022,6f017f37-be96-4bdc-b6d3-0a0429c72e89,6f017f37-be96-4bdc-b6d3-0a0429c72e89,f073a15f-0486-4179-b0a3-dfd0294eb595,f073a15f-0486-4179-b0a3-dfd0294eb595,1,0,1,0,1,3,Minneapolis,Minneapolis,0.0,0,03aab897-336a-49bb-8770-16a3785a4c1b,2022-06-11 00:00:00+00:00,Minneapolis,Minneapolis,previous_game_city
82efc89d-269c-4bf2-81d0-1a45cc2fc135,2022-06-12 23:00:00+00:00,2022-06-12,2022,f073a15f-0486-4179-b0a3-dfd0294eb595,f073a15f-0486-4179-b0a3-dfd0294eb595,6f017f37-be96-4bdc-b6d3-0a0429c72e89,6f017f37-be96-4bdc-b6d3-0a0429c72e89,0,0,1,0,2,3,Indianapolis,Minneapolis,508.9,-1,0286d6d9-b56e-4858-827b-27852c9b8754,2022-06-10 23:00:00+00:00,Indianapolis,Indianapolis,previous_game_city
768f0969-eebc-497b-b95c-4e8d13cf9fca,2022-06-14 23:00:00+00:00,2022-06-14,2022,5c0d47fe-8539-47b0-9f36-d0b3609ca89b,5c0d47fe-8539-47b0-9f36-d0b3609ca89b,0699edf3-5993-4182-b9b4-ec935cbd4fcc,0699edf3-5993-4182-b9b4-ec935cbd4fcc,1,0,1,0,2,3,Washington,Washington,0.0,0,2d20e9c3-96ea-407b-b45b-d01c4ef1cee6,2022-06-12 22:00:00+00:00,Washington,Washington,previous_game_city
768f0969-eebc-497b-b95c-4e8d13cf9fca,2022-06-14 23:00:00+00:00,2022-06-14,2022,0699edf3-5993-4182-b9b4-ec935cbd4fcc,0699edf3-5993-4182-b9b4-ec935cbd4fcc,5c0d47fe-8539-47b0-9f36-d0b3609ca89b,5c0d47fe-8539-47b0-9f36-d0b3609ca89b,0,0,1,0,2,2,Washington,Washington,0.0,0,2d20e9c3-96ea-407b-b45b-d01c4ef1cee6,2022-06-12 22:00:00+00:00,Washington,Phoenix,previous_game_city
7bc4782d-129e-4ab8-92bd-638c4841dfe1,2022-06-15 01:00:00+00:00,2022-06-14,2022,6f017f37-be96-4bdc-b6d3-0a0429c72e89,6f017f37-be96-4bdc-b6d3-0a0429c72e89,d6a012ed-84aa-48d3-8265-2d3f3ff2199a,d6a012ed-84aa-48d3-8265-2d3f3ff2199a,1,0,1,0,2,3,Minneapolis,Minneapolis,0.0,0,82efc89d-269c-4bf2-81d0-1a45cc2fc135,2022-06-12 23:00:00+00:00,Minneapolis,Minneapolis,previous_game_city
7bc4782d-129e-4ab8-92bd-638c4841dfe1,2022-06-15 01:00:00+00:00,2022-06-14,2022,d6a012ed-84aa-48d3-8265-2d3f3ff2199a,d6a012ed-84aa-48d3-8265-2d3f3ff2199a,6f017f37-be96-4bdc-b6d3-0a0429c72e89,6f017f37-be96-4bdc-b6d3-0a0429c72e89,0,0,1,0,2,3,Arlington,Minneapolis,870.8,0,89eae2ce-87b0-44dd-9982-fb55ad672427,2022-06-12 20:00:00+00:00,Arlington,Seattle,previous_game_city
76ba2483-e70b-4a88-9fbc-85b6c9545d15,2022-06-15 17:00:00+00:00,2022-06-15,2022,5f0b5caf-708b-4300-92f2-53b51d83ec06,5f0b5caf-708b-4300-92f2-53b51d83ec06,171b097d-01db-4ae8-9d56-035689402ec6,FR_LVA_ACES,1,0,2,0,1,2,Arlington,Arlington,0.0,0,89eae2ce-87b0-44dd-9982-fb55ad672427,2022-06-12 20:00:00+00:00,Arlington,Arlington,previous_game_city
76ba2483-e70b-4a88-9fbc-85b6c9545d15,2022-06-15 17:00:00+00:00,2022-06-15,2022,171b097d-01db-4ae8-9d56-035689402ec6,FR_LVA_ACES,5f0b5caf-708b-4300-92f2-53b51d83ec06,5f0b5caf-708b-4300-92f2-53b51d83ec06,0,0,3,0,1,1,Los Angeles,Arlington,1221.9,2,12b77bb9-dd1e-424f-9828-da32d9b77567,2022-06-12 01:00:00+00:00,Los Angeles,Paradise,previous_game_city
088b5955-db15-4b31-bc6c-6330aa560ddd,2022-06-15 23:00:00+00:00,2022-06-15,2022,a015b02d-845c-40c1-8ef4-844984f47e4d,a015b02d-845c-40c1-8ef4-844984f47e4d,5d70a9af-8c2b-4aec-9e68-9acc6ddb93e4,5d70a9af-8c2b-4aec-9e68-9acc6ddb93e4,1,0,4,0,0,2,Uncasville,Uncasville,0.0,0,798b74ef-66bc-4b79-b2fe-258b7e71d932,2022-06-10 23:00:00+00:00,Uncasville,Uncasville,home_city
088b5955-db15-4b31-bc6c-6330aa560ddd,2022-06-15 23:00:00+00:00,2022-06-15,2022,5d70a9af-8c2b-4aec-9e68-9acc6ddb93e4,5d70a9af-8c2b-4aec-9e68-9acc6ddb93e4,a015b02d-845c-40c1-8ef4-844984f47e4d,a015b02d-845c-40c1-8ef4-844984f47e4d,0,0,4,0,0,1,College Park,Uncasville,866.0,0,a60dd2fa-501a-43d5-b614-09733f79d49a,2022-06-11 02:00:00+00:00,Phoenix,College Park,home_city
09d9c5a7-53c9-4bff-8ee1-7f111b57760d,2022-06-15 23:00:00+00:00,2022-06-15,2022,f073a15f-0486-4179-b0a3-dfd0294eb595,f073a15f-0486-4179-b0a3-dfd0294eb595,0699edf3-5993-4182-b9b4-ec935cbd4fcc,0699edf3-5993-4182-b9b4-ec935cbd4fcc,1,0,2,0,1,3,Minneapolis,Indianapolis,508.9,1,82efc89d-269c-4bf2-81d0-1a45cc2fc135,2022-06-12 23:00:00+00:00,Minneapolis,Indianapolis,previous_game_city
09d9c5a7-53c9-4bff-8ee1-7f111b57760d,2022-06-15 23:00:00+00:00,2022-06-15,2022,0699edf3-5993-4182-b9b4-ec935cbd4fcc,0699edf3-5993-4182-b9b4-ec935cbd4fcc,f073a15f-0486-4179-b0a3-dfd0294eb595,f073a15f-0486-4179-b0a3-dfd0294eb595,0,0,0,1,2,3,Washington,Indianapolis,493.2,0,768f0969-eebc-497b-b95c-4e8d13cf9fca,2022-06-14 23:00:00+00:00,Washington,Phoenix,previous_game_city
6ebb4c0f-5cc3-4164-9bf8-948bfb1d8f58,2022-06-16 23:00:00+00:00,2022-06-16,2022,08ed8274-e29f-4248-bc2e-83cc8ed18d75,08ed8274-e29f-4248-bc2e-83cc8ed18d75,5c0d47fe-8539-47b0-9f36-d0b3609ca89b,5c0d47fe-8539-47b0-9f36-d0b3609ca89b,1,0,3,0,1,2,Brooklyn,Brooklyn,0.0,0,6f0e974d-1650-4048-929a-b4379ae1dca2,2022-06-12 18:00:00+00:00,Brooklyn,Brooklyn,previous_game_city
6ebb4c0f-5cc3-4164-9bf8-948bfb1d8f58,2022-06-16 23:00:00+00:00,2022-06-16,2022,5c0d47fe-8539-47b0-9f36-d0b3609ca89b,5c0d47fe-8539-47b0-9f36-d0b3609ca89b,08ed8274-e29f-4248-bc2e-83cc8ed18d75,08ed8274-e29f-4248-bc2e-83cc8ed18d75,0,0,1,0,2,3,Washington,Brooklyn,204.3,0,768f0969-eebc-497b-b95c-4e8d13cf9fca,2022-06-14 23:00:00+00:00,Washington,Washington,previous_game_city
233e582d-b7ba-41a7-89a1-8b2ec13b56a0,2022-06-17 23:00:00+00:00,2022-06-17,2022,a015b02d-845c-40c1-8ef4-844984f47e4d,a015b02d-845c-40c1-8ef4-844984f47e4d,d6a012ed-84aa-48d3-8265-2d3f3ff2199a,d6a012ed-84aa-48d3-8265-2d3f3ff2199a,1,0,1,0,1,2,Uncasville,Uncasville,0.0,0,088b5955-db15-4b31-bc6c-6330aa560ddd,2022-06-15 23:00:00+00:00,Uncasville,Uncasville,previous_game_city
233e582d-b7ba-41a7-89a1-8b2ec13b56a0,2022-06-17 23:00:00+00:00,2022-06-17,2022,d6a012ed-84aa-48d3-8265-2d3f3ff2199a,d6a012ed-84aa-48d3-8265-2d3f3ff2199a,a015b02d-845c-40c1-8ef4-844984f47e4d,a015b02d-845c-40c1-8ef4-844984f47e4d,0,0,2,0,1,3,Minneapolis,Uncasville,1090.0,1,7bc4782d-129e-4ab8-92bd-638c4841dfe1,2022-06-15 01:00:00+00:00,Minneapolis,Seattle,previous_game_city
05cf01c2-7593-4b3b-acc8-caa7ea6e3720,2022-06-18 00:00:00+00:00,2022-06-17,2022,3c409388-ab73-4c7f-953d-3a71062240f6,3c409388-ab73-4c7f-953d-3a71062240f6,5d70a9af-8c2b-4aec-9e68-9acc6ddb93e4,5d70a9af-8c2b-4aec-9e68-9acc6ddb93e4,1,0,4,0,0,2,Chicago,Chicago,0.0,0,6f0e974d-1650-4048-929a-b4379ae1dca2,2022-06-12 18:00:00+00:00,Brooklyn,Chicago,home_city
05cf01c2-7593-4b3b-acc8-caa7ea6e3720,2022-06-18 00:00:00+00:00,2022-06-17,2022,5d70a9af-8c2b-4aec-9e68-9acc6ddb93e4,5d70a9af-8c2b-4aec-9e68-9acc6ddb93e4,3c409388-ab73-4c7f-953d-3a71062240f6,3c409388-ab73-4c7f-953d-3a71062240f6,0,0,1,0,1,2,Uncasville,Chicago,800.9,-1,088b5955-db15-4b31-bc6c-6330aa560ddd,2022-06-15 23:00:00+00:00,Uncasville,College Park,previous_game_city
34901753-232b-49bc-88ca-ee0292369086,2022-06-18 00:00:00+00:00,2022-06-17,2022,5f0b5caf-708b-4300-92f2-53b51d83ec06,5f0b5caf-708b-4300-92f2-53b51d83ec06,0699edf3-5993-4182-b9b4-ec935cbd4fcc,0699edf3-5993-4182-b9b4-ec935cbd4fcc,1,0,1,0,1,3,Arlington,Arlington,0.0,0,76ba2483-e70b-4a88-9fbc-85b6c9545d15,2022-06-15 17:00:00+00:00,Arlington,Arlington,previous_game_city
34901753-232b-49bc-88ca-ee0292369086,2022-06-18 00:00:00+00:00,2022-06-17,2022,0699edf3-5993-4182-b9b4-ec935cbd4fcc,0699edf3-5993-4182-b9b4-ec935cbd4fcc,5f0b5caf-708b-4300-92f2-53b51d83ec06,5f0b5caf-708b-4300-92f2-53b51d83ec06,0,0,1,0,2,4,Indianapolis,Arlington,782.4,-1,09d9c5a7-53c9-4bff-8ee1-7f111b57760d,2022-06-15 23:00:00+00:00,Indianapolis,Phoenix,previous_game_city
b09d4a1d-f02f-4869-9401-161678f08570,2022-06-19 16:00:00+00:00,2022-06-19,2022,08ed8274-e29f-4248-bc2e-83cc8ed18d75,08ed8274-e29f-4248-bc2e-83cc8ed18d75,d6a012ed-84aa-48d3-8265-2d3f3ff2199a,d6a012ed-84aa-48d3-8265-2d3f3ff2199a,1,0,2,0,1,2,Brooklyn,Brooklyn,0.0,0,6ebb4c0f-5cc3-4164-9bf8-948bfb1d8f58,2022-06-16 23:00:00+00:00,Brooklyn,Brooklyn,previous_game_city
b09d4a1d-f02f-4869-9401-161678f08570,2022-06-19 16:00:00+00:00,2022-06-19,2022,d6a012ed-84aa-48d3-8265-2d3f3ff2199a,d6a012ed-84aa-48d3-8265-2d3f3ff2199a,08ed8274-e29f-4248-bc2e-83cc8ed18d75,08ed8274-e29f-4248-bc2e-83cc8ed18d75,0,0,1,0,1,3,Uncasville,Brooklyn,113.0,0,233e582d-b7ba-41a7-89a1-8b2ec13b56a0,2022-06-17 23:00:00+00:00,Uncasville,Seattle,previous_game_city
5d33ce72-c5a0-429f-a7ce-ae2f9c65e573,2022-06-19 18:00:00+00:00,2022-06-19,2022,5c0d47fe-8539-47b0-9f36-d0b3609ca89b,5c0d47fe-8539-47b0-9f36-d0b3609ca89b,a015b02d-845c-40c1-8ef4-844984f47e4d,a015b02d-845c-40c1-8ef4-844984f47e4d,1,0,2,0,1,3,Brooklyn,Washington,204.3,0,6ebb4c0f-5cc3-4164-9bf8-948bfb1d8f58,2022-06-16 23:00:00+00:00,Brooklyn,Washington,previous_game_city
5d33ce72-c5a0-429f-a7ce-ae2f9c65e573,2022-06-19 18:00:00+00:00,2022-06-19,2022,a015b02d-845c-40c1-8ef4-844984f47e4d,a015b02d-845c-40c1-8ef4-844984f47e4d,5c0d47fe-8539-47b0-9f36-d0b3609ca89b,5c0d47fe-8539-47b0-9f36-d0b3609ca89b,0,0,1,0,2,2,Uncasville,Washington,316.7,0,233e582d-b7ba-41a7-89a1-8b2ec13b56a0,2022-06-17 23:00:00+00:00,Uncasville,Uncasville,previous_game_city
ca85869e-edd9-4c88-98ea-9e01abe7a080,2022-06-19 19:00:00+00:00,2022-06-19,2022,f073a15f-0486-4179-b0a3-dfd0294eb595,f073a15f-0486-4179-b0a3-dfd0294eb595,3c409388-ab73-4c7f-953d-3a71062240f6,3c409388-ab73-4c7f-953d-3a71062240f6,1,0,3,0,1,2,Indianapolis,Indianapolis,0.0,0,09d9c5a7-53c9-4bff-8ee1-7f111b57760d,2022-06-15 23:00:00+00:00,Indianapolis,Indianapolis,previous_game_city
ca85869e-edd9-4c88-98ea-9e01abe7a080,2022-06-19 19:00:00+00:00,2022-06-19,2022,3c409388-ab73-4c7f-953d-3a71062240f6,3c409388-ab73-4c7f-953d-3a71062240f6,f073a15f-0486-4179-b0a3-dfd0294eb595,f073a15f-0486-4179-b0a3-dfd0294eb595,0,0,1,0,1,2,Chicago,Indianapolis,160.0,1,05cf01c2-7593-4b3b-acc8-caa7ea6e3720,2022-06-18 00:00:00+00:00,Chicago,Chicago,previous_game_city
e2d728cd-b522-4d4f-af2a-6d3a82e91ce8,2022-06-19 20:00:00+00:00,2022-06-19,2022,5f0b5caf-708b-4300-92f2-53b51d83ec06,5f0b5caf-708b-4300-92f2-53b51d83ec06,0a5ad38d-2fe3-43ba-894b-1ba3d5042ea9,0a5ad38d-2fe3-43ba-894b-1ba3d5042ea9,1,0,1,0,2,3,Arlington,Arlington,0.0,0,34901753-232b-49bc-88ca-ee0292369086,2022-06-18 00:00:00+00:00,Arlington,Arlington,previous_game_city
e2d728cd-b522-4d4f-af2a-6d3a82e91ce8,2022-06-19 20:00:00+00:00,2022-06-19,2022,0a5ad38d-2fe3-43ba-894b-1ba3d5042ea9,0a5ad38d-2fe3-43ba-894b-1ba3d5042ea9,5f0b5caf-708b-4300-92f2-53b51d83ec06,5f0b5caf-708b-4300-92f2-53b51d83ec06,0,0,7,0,0,0,Los Angeles,Arlington,1221.9,2,12b77bb9-dd1e-424f-9828-da32d9b77567,2022-06-12 01:00:00+00:00,Los Angeles,Los Angeles,home_city
aa0710de-12e2-49e0-b9f1-f900c5d88b13,2022-06-19 22:00:00+00:00,2022-06-19,2022,171b097d-01db-4ae8-9d56-035689402ec6,FR_LVA_ACES,6f017f37-be96-4bdc-b6d3-0a0429c72e89,6f017f37-be96-4bdc-b6d3-0a0429c72e89,1,0,3,0,1,1,Arlington,Paradise,1054.3,-2,76ba2483-e70b-4a88-9fbc-85b6c9545d15,2022-06-15 17:00:00+00:00,Arlington,Paradise,previous_game_city
aa0710de-12e2-49e0-b9f1-f900c5d88b13,2022-06-19 22:00:00+00:00,2022-06-19,2022,6f017f37-be96-4bdc-b6d3-0a0429c72e89,6f017f37-be96-4bdc-b6d3-0a0429c72e89,171b097d-01db-4ae8-9d56-035689402ec6,FR_LVA_ACES,0,0,4,0,0,2,Minneapolis,Paradise,1298.0,-2,7bc4782d-129e-4ab8-92bd-638c4841dfe1,2022-06-15 01:00:00+00:00,Minneapolis,Minneapolis,home_city
7e05f6f9-c8ce-4072-ae86-e4ca50f7c023,2022-06-21 23:00:00+00:00,2022-06-21,2022,5d70a9af-8c2b-4aec-9e68-9acc6ddb93e4,5d70a9af-8c2b-4aec-9e68-9acc6ddb93e4,5f0b5caf-708b-4300-92f2-53b51d83ec06,5f0b5caf-708b-4300-92f2-53b51d83ec06,1,0,3,0,1,2,Chicago,College Park,592.7,1,05cf01c2-7593-4b3b-acc8-caa7ea6e3720,2022-06-18 00:00:00+00:00,Chicago,College Park,previous_game_city
7e05f6f9-c8ce-4072-ae86-e4ca50f7c023,2022-06-21 23:00:00+00:00,2022-06-21,2022,5f0b5caf-708b-4300-92f2-53b51d83ec06,5f0b5caf-708b-4300-92f2-53b51d83ec06,5d70a9af-8c2b-4aec-9e68-9acc6ddb93e4,5d70a9af-8c2b-4aec-9e68-9acc6ddb93e4,0,0,1,0,2,3,Arlington,College Park,733.7,1,e2d728cd-b522-4d4f-af2a-6d3a82e91ce8,2022-06-19 20:00:00+00:00,Arlington,Arlington,previous_game_city
3e61adcd-d327-413e-9293-73d554d746ad,2022-06-22 02:00:00+00:00,2022-06-21,2022,0699edf3-5993-4182-b9b4-ec935cbd4fcc,0699edf3-5993-4182-b9b4-ec935cbd4fcc,6f017f37-be96-4bdc-b6d3-0a0429c72e89,6f017f37-be96-4bdc-b6d3-0a0429c72e89,1,0,3,0,1,3,Arlington,Phoenix,866.9,-2,34901753-232b-49bc-88ca-ee0292369086,2022-06-18 00:00:00+00:00,Arlington,Phoenix,previous_game_city
3e61adcd-d327-413e-9293-73d554d746ad,2022-06-22 02:00:00+00:00,2022-06-21,2022,6f017f37-be96-4bdc-b6d3-0a0429c72e89,6f017f37-be96-4bdc-b6d3-0a0429c72e89,0699edf3-5993-4182-b9b4-ec935cbd4fcc,0699edf3-5993-4182-b9b4-ec935cbd4fcc,0,0,1,0,1,2,Paradise,Phoenix,253.9,0,aa0710de-12e2-49e0-b9f1-f900c5d88b13,2022-06-19 22:00:00+00:00,Paradise,Minneapolis,previous_game_city
5e419775-590b-41fe-a6a3-9c8dfb5621ee,2022-06-22 02:00:00+00:00,2022-06-21,2022,171b097d-01db-4ae8-9d56-035689402ec6,FR_LVA_ACES,3c409388-ab73-4c7f-953d-3a71062240f6,3c409388-ab73-4c7f-953d-3a71062240f6,1,0,1,0,1,2,Paradise,Paradise,0.0,0,aa0710de-12e2-49e0-b9f1-f900c5d88b13,2022-06-19 22:00:00+00:00,Paradise,Paradise,previous_game_city
5e419775-590b-41fe-a6a3-9c8dfb5621ee,2022-06-22 02:00:00+00:00,2022-06-21,2022,3c409388-ab73-4c7f-953d-3a71062240f6,3c409388-ab73-4c7f-953d-3a71062240f6,171b097d-01db-4ae8-9d56-035689402ec6,FR_LVA_ACES,0,0,1,0,2,2,Indianapolis,Paradise,1595.8,-3,ca85869e-edd9-4c88-98ea-9e01abe7a080,2022-06-19 19:00:00+00:00,Indianapolis,Chicago,previous_game_city
03e21698-5136-46fa-94cd-5960ef78fb5b,2022-06-22 02:30:00+00:00,2022-06-21,2022,0a5ad38d-2fe3-43ba-894b-1ba3d5042ea9,0a5ad38d-2fe3-43ba-894b-1ba3d5042ea9,5c0d47fe-8539-47b0-9f36-d0b3609ca89b,5c0d47fe-8539-47b0-9f36-d0b3609ca89b,1,0,1,0,1,1,Arlington,Los Angeles,1221.9,-2,e2d728cd-b522-4d4f-af2a-6d3a82e91ce8,2022-06-19 20:00:00+00:00,Arlington,Los Angeles,previous_game_city
03e21698-5136-46fa-94cd-5960ef78fb5b,2022-06-22 02:30:00+00:00,2022-06-21,2022,5c0d47fe-8539-47b0-9f36-d0b3609ca89b,5c0d47fe-8539-47b0-9f36-d0b3609ca89b,0a5ad38d-2fe3-43ba-894b-1ba3d5042ea9,0a5ad38d-2fe3-43ba-894b-1ba3d5042ea9,0,0,1,0,1,3,Washington,Los Angeles,2298.4,-3,5d33ce72-c5a0-429f-a7ce-ae2f9c65e573,2022-06-19 18:00:00+00:00,Washington,Washington,previous_game_city
2b84a3be-77de-4a5b-ab3c-f577697f63f4,2022-06-22 23:00:00+00:00,2022-06-22,2022,a015b02d-845c-40c1-8ef4-844984f47e4d,a015b02d-845c-40c1-8ef4-844984f47e4d,08ed8274-e29f-4248-bc2e-83cc8ed18d75,08ed8274-e29f-4248-bc2e-83cc8ed18d75,1,0,2,0,1,3,Washington,Uncasville,316.7,0,5d33ce72-c5a0-429f-a7ce-ae2f9c65e573,2022-06-19 18:00:00+00:00,Washington,Uncasville,previous_game_city
2b84a3be-77de-4a5b-ab3c-f577697f63f4,2022-06-22 23:00:00+00:00,2022-06-22,2022,08ed8274-e29f-4248-bc2e-83cc8ed18d75,08ed8274-e29f-4248-bc2e-83cc8ed18d75,a015b02d-845c-40c1-8ef4-844984f47e4d,a015b02d-845c-40c1-8ef4-844984f47e4d,0,0,2,0,1,2,Brooklyn,Uncasville,113.0,0,b09d4a1d-f02f-4869-9401-161678f08570,2022-06-19 16:00:00+00:00,Brooklyn,Brooklyn,previous_game_city
5995b89c-8069-483c-92e3-6325957b2da4,2022-06-24 00:00:00+00:00,2022-06-23,2022,5f0b5caf-708b-4300-92f2-53b51d83ec06,5f0b5caf-708b-4300-92f2-53b51d83ec06,f073a15f-0486-4179-b0a3-dfd0294eb595,f073a15f-0486-4179-b0a3-dfd0294eb595,1,0,1,0,2,3,College Park,Arlington,733.7,-1,7e05f6f9-c8ce-4072-ae86-e4ca50f7c023,2022-06-21 23:00:00+00:00,College Park,Arlington,previous_game_city
5995b89c-8069-483c-92e3-6325957b2da4,2022-06-24 00:00:00+00:00,2022-06-23,2022,f073a15f-0486-4179-b0a3-dfd0294eb595,f073a15f-0486-4179-b0a3-dfd0294eb595,5f0b5caf-708b-4300-92f2-53b51d83ec06,5f0b5caf-708b-4300-92f2-53b51d83ec06,0,0,3,0,1,1,Indianapolis,Arlington,782.4,-1,ca85869e-edd9-4c88-98ea-9e01abe7a080,2022-06-19 19:00:00+00:00,Indianapolis,Indianapolis,previous_game_city
a21ed509-c809-4650-9be7-b3bcccec5f52,2022-06-24 00:00:00+00:00,2022-06-23,2022,6f017f37-be96-4bdc-b6d3-0a0429c72e89,6f017f37-be96-4bdc-b6d3-0a0429c72e89,0699edf3-5993-4182-b9b4-ec935cbd4fcc,0699edf3-5993-4182-b9b4-ec935cbd4fcc,1,0,1,0,2,2,Phoenix,Minneapolis,1278.1,2,3e61adcd-d327-413e-9293-73d554d746ad,2022-06-22 02:00:00+00:00,Phoenix,Minneapolis,previous_game_city
a21ed509-c809-4650-9be7-b3bcccec5f52,2022-06-24 00:00:00+00:00,2022-06-23,2022,0699edf3-5993-4182-b9b4-ec935cbd4fcc,0699edf3-5993-4182-b9b4-ec935cbd4fcc,6f017f37-be96-4bdc-b6d3-0a0429c72e89,6f017f37-be96-4bdc-b6d3-0a0429c72e89,0,0,1,0,1,2,Phoenix,Minneapolis,1278.1,2,3e61adcd-d327-413e-9293-73d554d746ad,2022-06-22 02:00:00+00:00,Phoenix,Phoenix,previous_game_city
e2e0a73c-95a1-4042-97ad-60f31711bac6,2022-06-24 02:00:00+00:00,2022-06-23,2022,d6a012ed-84aa-48d3-8265-2d3f3ff2199a,d6a012ed-84aa-48d3-8265-2d3f3ff2199a,5c0d47fe-8539-47b0-9f36-d0b3609ca89b,5c0d47fe-8539-47b0-9f36-d0b3609ca89b,1,0,3,0,1,2,Brooklyn,Seattle,2405.2,-3,b09d4a1d-f02f-4869-9401-161678f08570,2022-06-19 16:00:00+00:00,Brooklyn,Seattle,previous_game_city
e2e0a73c-95a1-4042-97ad-60f31711bac6,2022-06-24 02:00:00+00:00,2022-06-23,2022,5c0d47fe-8539-47b0-9f36-d0b3609ca89b,5c0d47fe-8539-47b0-9f36-d0b3609ca89b,d6a012ed-84aa-48d3-8265-2d3f3ff2199a,d6a012ed-84aa-48d3-8265-2d3f3ff2199a,0,0,1,0,2,3,Los Angeles,Seattle,961.9,0,03e21698-5136-46fa-94cd-5960ef78fb5b,2022-06-22 02:30:00+00:00,Los Angeles,Washington,previous_game_city
6693ba52-f7bd-432b-862d-113d7aaa2148,2022-06-24 02:30:00+00:00,2022-06-23,2022,0a5ad38d-2fe3-43ba-894b-1ba3d5042ea9,0a5ad38d-2fe3-43ba-894b-1ba3d5042ea9,3c409388-ab73-4c7f-953d-3a71062240f6,3c409388-ab73-4c7f-953d-3a71062240f6,1,0,1,0,2,2,Los Angeles,Los Angeles,0.0,0,03e21698-5136-46fa-94cd-5960ef78fb5b,2022-06-22 02:30:00+00:00,Los Angeles,Los Angeles,previous_game_city
6693ba52-f7bd-432b-862d-113d7aaa2148,2022-06-24 02:30:00+00:00,2022-06-23,2022,3c409388-ab73-4c7f-953d-3a71062240f6,3c409388-ab73-4c7f-953d-3a71062240f6,0a5ad38d-2fe3-43ba-894b-1ba3d5042ea9,0a5ad38d-2fe3-43ba-894b-1ba3d5042ea9,0,0,1,0,2,3,Paradise,Los Angeles,224.7,0,5e419775-590b-41fe-a6a3-9c8dfb5621ee,2022-06-22 02:00:00+00:00,Paradise,Chicago,previous_game_city
cf09509c-11eb-4b63-815d-ebf4abe634c2,2022-06-24 23:30:00+00:00,2022-06-24,2022,5d70a9af-8c2b-4aec-9e68-9acc6ddb93e4,5d70a9af-8c2b-4aec-9e68-9acc6ddb93e4,08ed8274-e29f-4248-bc2e-83cc8ed18d75,08ed8274-e29f-4248-bc2e-83cc8ed18d75,1,0,2,0,1,2,College Park,College Park,0.0,0,7e05f6f9-c8ce-4072-ae86-e4ca50f7c023,2022-06-21 23:00:00+00:00,College Park,College Park,previous_game_city
cf09509c-11eb-4b63-815d-ebf4abe634c2,2022-06-24 23:30:00+00:00,2022-06-24,2022,08ed8274-e29f-4248-bc2e-83cc8ed18d75,08ed8274-e29f-4248-bc2e-83cc8ed18d75,5d70a9af-8c2b-4aec-9e68-9acc6ddb93e4,5d70a9af-8c2b-4aec-9e68-9acc6ddb93e4,0,0,1,0,1,2,Uncasville,College Park,866.0,0,2b84a3be-77de-4a5b-ab3c-f577697f63f4,2022-06-22 23:00:00+00:00,Uncasville,Brooklyn,previous_game_city
1738ca8a-9198-487d-a16a-290dc4a4c27f,2022-06-26 00:00:00+00:00,2022-06-25,2022,5f0b5caf-708b-4300-92f2-53b51d83ec06,5f0b5caf-708b-4300-92f2-53b51d83ec06,0699edf3-5993-4182-b9b4-ec935cbd4fcc,0699edf3-5993-4182-b9b4-ec935cbd4fcc,1,0,1,0,2,3,Arlington,Arlington,0.0,0,5995b89c-8069-483c-92e3-6325957b2da4,2022-06-24 00:00:00+00:00,Arlington,Arlington,previous_game_city
1738ca8a-9198-487d-a16a-290dc4a4c27f,2022-06-26 00:00:00+00:00,2022-06-25,2022,0699edf3-5993-4182-b9b4-ec935cbd4fcc,0699edf3-5993-4182-b9b4-ec935cbd4fcc,5f0b5caf-708b-4300-92f2-53b51d83ec06,5f0b5caf-708b-4300-92f2-53b51d83ec06,0,0,1,0,2,2,Minneapolis,Arlington,870.8,0,a21ed509-c809-4650-9be7-b3bcccec5f52,2022-06-24 00:00:00+00:00,Minneapolis,Phoenix,previous_game_city
329d2dc3-7b97-4f90-b8f7-3e861bcff1cf,2022-06-26 01:00:00+00:00,2022-06-25,2022,d6a012ed-84aa-48d3-8265-2d3f3ff2199a,d6a012ed-84aa-48d3-8265-2d3f3ff2199a,0a5ad38d-2fe3-43ba-894b-1ba3d5042ea9,0a5ad38d-2fe3-43ba-894b-1ba3d5042ea9,1,0,1,0,1,2,Seattle,Seattle,0.0,0,e2e0a73c-95a1-4042-97ad-60f31711bac6,2022-06-24 02:00:00+00:00,Seattle,Seattle,previous_game_city
329d2dc3-7b97-4f90-b8f7-3e861bcff1cf,2022-06-26 01:00:00+00:00,2022-06-25,2022,0a5ad38d-2fe3-43ba-894b-1ba3d5042ea9,0a5ad38d-2fe3-43ba-894b-1ba3d5042ea9,d6a012ed-84aa-48d3-8265-2d3f3ff2199a,d6a012ed-84aa-48d3-8265-2d3f3ff2199a,0,0,1,0,2,3,Los Angeles,Seattle,961.9,0,6693ba52-f7bd-432b-862d-113d7aaa2148,2022-06-24 02:30:00+00:00,Los Angeles,Los Angeles,previous_game_city
9b7e2232-5b6c-4953-85ce-acea5ab65cf9,2022-06-26 02:00:00+00:00,2022-06-25,2022,171b097d-01db-4ae8-9d56-035689402ec6,FR_LVA_ACES,5c0d47fe-8539-47b0-9f36-d0b3609ca89b,5c0d47fe-8539-47b0-9f36-d0b3609ca89b,1,0,3,0,1,2,Paradise,Paradise,0.0,0,5e419775-590b-41fe-a6a3-9c8dfb5621ee,2022-06-22 02:00:00+00:00,Paradise,Paradise,previous_game_city
9b7e2232-5b6c-4953-85ce-acea5ab65cf9,2022-06-26 02:00:00+00:00,2022-06-25,2022,5c0d47fe-8539-47b0-9f36-d0b3609ca89b,5c0d47fe-8539-47b0-9f36-d0b3609ca89b,171b097d-01db-4ae8-9d56-035689402ec6,FR_LVA_ACES,0,0,1,0,2,3,Seattle,Paradise,877.2,0,e2e0a73c-95a1-4042-97ad-60f31711bac6,2022-06-24 02:00:00+00:00,Seattle,Washington,previous_game_city
281fdcab-11f1-4af0-b2c8-1a7a157a5773,2022-06-26 19:00:00+00:00,2022-06-26,2022,5d70a9af-8c2b-4aec-9e68-9acc6ddb93e4,5d70a9af-8c2b-4aec-9e68-9acc6ddb93e4,a015b02d-845c-40c1-8ef4-844984f47e4d,a015b02d-845c-40c1-8ef4-844984f47e4d,1,0,1,0,1,2,College Park,College Park,0.0,0,cf09509c-11eb-4b63-815d-ebf4abe634c2,2022-06-24 23:30:00+00:00,College Park,College Park,previous_game_city
281fdcab-11f1-4af0-b2c8-1a7a157a5773,2022-06-26 19:00:00+00:00,2022-06-26,2022,a015b02d-845c-40c1-8ef4-844984f47e4d,a015b02d-845c-40c1-8ef4-844984f47e4d,5d70a9af-8c2b-4aec-9e68-9acc6ddb93e4,5d70a9af-8c2b-4aec-9e68-9acc6ddb93e4,0,0,3,0,1,2,Uncasville,College Park,866.0,0,2b84a3be-77de-4a5b-ab3c-f577697f63f4,2022-06-22 23:00:00+00:00,Uncasville,Uncasville,previous_game_city
cb02156c-03aa-4048-a7c1-4e6d003a3d63,2022-06-26 22:00:00+00:00,2022-06-26,2022,3c409388-ab73-4c7f-953d-3a71062240f6,3c409388-ab73-4c7f-953d-3a71062240f6,6f017f37-be96-4bdc-b6d3-0a0429c72e89,6f017f37-be96-4bdc-b6d3-0a0429c72e89,1,0,2,0,1,3,Los Angeles,Chicago,1744.0,2,6693ba52-f7bd-432b-862d-113d7aaa2148,2022-06-24 02:30:00+00:00,Los Angeles,Chicago,previous_game_city
cb02156c-03aa-4048-a7c1-4e6d003a3d63,2022-06-26 22:00:00+00:00,2022-06-26,2022,6f017f37-be96-4bdc-b6d3-0a0429c72e89,6f017f37-be96-4bdc-b6d3-0a0429c72e89,3c409388-ab73-4c7f-953d-3a71062240f6,3c409388-ab73-4c7f-953d-3a71062240f6,0,0,2,0,1,3,Minneapolis,Chicago,356.5,0,a21ed509-c809-4650-9be7-b3bcccec5f52,2022-06-24 00:00:00+00:00,Minneapolis,Minneapolis,previous_game_city
d3b1bc83-b9cb-474c-b8f4-c78b3a5709cb,2022-06-28 02:00:00+00:00,2022-06-27,2022,0699edf3-5993-4182-b9b4-ec935cbd4fcc,0699edf3-5993-4182-b9b4-ec935cbd4fcc,f073a15f-0486-4179-b0a3-dfd0294eb595,f073a15f-0486-4179-b0a3-dfd0294eb595,1,0,1,0,2,3,Arlington,Phoenix,866.9,-2,1738ca8a-9198-487d-a16a-290dc4a4c27f,2022-06-26 00:00:00+00:00,Arlington,Phoenix,previous_game_city
d3b1bc83-b9cb-474c-b8f4-c78b3a5709cb,2022-06-28 02:00:00+00:00,2022-06-27,2022,f073a15f-0486-4179-b0a3-dfd0294eb595,f073a15f-0486-4179-b0a3-dfd0294eb595,0699edf3-5993-4182-b9b4-ec935cbd4fcc,0699edf3-5993-4182-b9b4-ec935cbd4fcc,0,0,3,0,1,1,Arlington,Phoenix,866.9,-2,5995b89c-8069-483c-92e3-6325957b2da4,2022-06-24 00:00:00+00:00,Arlington,Indianapolis,previous_game_city
20dc0185-e099-4f61-8915-51152a1e6bf0,2022-06-28 02:30:00+00:00,2022-06-27,2022,0a5ad38d-2fe3-43ba-894b-1ba3d5042ea9,0a5ad38d-2fe3-43ba-894b-1ba3d5042ea9,171b097d-01db-4ae8-9d56-035689402ec6,FR_LVA_ACES,1,0,1,0,2,3,Seattle,Los Angeles,961.9,0,329d2dc3-7b97-4f90-b8f7-3e861bcff1cf,2022-06-26 01:00:00+00:00,Seattle,Los Angeles,previous_game_city
20dc0185-e099-4f61-8915-51152a1e6bf0,2022-06-28 02:30:00+00:00,2022-06-27,2022,171b097d-01db-4ae8-9d56-035689402ec6,FR_LVA_ACES,0a5ad38d-2fe3-43ba-894b-1ba3d5042ea9,0a5ad38d-2fe3-43ba-894b-1ba3d5042ea9,0,0,1,0,1,2,Paradise,Los Angeles,224.7,0,9b7e2232-5b6c-4953-85ce-acea5ab65cf9,2022-06-26 02:00:00+00:00,Paradise,Paradise,previous_game_city
6d07ef6b-736c-44bc-a0dd-f139c8cf4c30,2022-06-28 23:00:00+00:00,2022-06-28,2022,5c0d47fe-8539-47b0-9f36-d0b3609ca89b,5c0d47fe-8539-47b0-9f36-d0b3609ca89b,5d70a9af-8c2b-4aec-9e68-9acc6ddb93e4,5d70a9af-8c2b-4aec-9e68-9acc6ddb93e4,1,0,2,0,1,3,Paradise,Washington,2087.6,3,9b7e2232-5b6c-4953-85ce-acea5ab65cf9,2022-06-26 02:00:00+00:00,Paradise,Washington,previous_game_city
6d07ef6b-736c-44bc-a0dd-f139c8cf4c30,2022-06-28 23:00:00+00:00,2022-06-28,2022,5d70a9af-8c2b-4aec-9e68-9acc6ddb93e4,5d70a9af-8c2b-4aec-9e68-9acc6ddb93e4,5c0d47fe-8539-47b0-9f36-d0b3609ca89b,5c0d47fe-8539-47b0-9f36-d0b3609ca89b,0,0,1,0,2,3,College Park,Washington,549.4,0,281fdcab-11f1-4af0-b2c8-1a7a157a5773,2022-06-26 19:00:00+00:00,College Park,College Park,previous_game_city
763c4059-e16c-4ec5-944a-a40cf3eca7b7,2022-06-29 00:00:00+00:00,2022-06-28,2022,6f017f37-be96-4bdc-b6d3-0a0429c72e89,6f017f37-be96-4bdc-b6d3-0a0429c72e89,5f0b5caf-708b-4300-92f2-53b51d83ec06,5f0b5caf-708b-4300-92f2-53b51d83ec06,1,0,1,0,1,3,Chicago,Minneapolis,356.5,0,cb02156c-03aa-4048-a7c1-4e6d003a3d63,2022-06-26 22:00:00+00:00,Chicago,Minneapolis,previous_game_city
763c4059-e16c-4ec5-944a-a40cf3eca7b7,2022-06-29 00:00:00+00:00,2022-06-28,2022,5f0b5caf-708b-4300-92f2-53b51d83ec06,5f0b5caf-708b-4300-92f2-53b51d83ec06,6f017f37-be96-4bdc-b6d3-0a0429c72e89,6f017f37-be96-4bdc-b6d3-0a0429c72e89,0,0,2,0,1,3,Arlington,Minneapolis,870.8,0,1738ca8a-9198-487d-a16a-290dc4a4c27f,2022-06-26 00:00:00+00:00,Arlington,Arlington,previous_game_city
0fb88402-3c8d-430b-9b9f-802f443670ff,2022-06-29 16:00:00+00:00,2022-06-29,2022,3c409388-ab73-4c7f-953d-3a71062240f6,3c409388-ab73-4c7f-953d-3a71062240f6,a015b02d-845c-40c1-8ef4-844984f47e4d,a015b02d-845c-40c1-8ef4-844984f47e4d,1,0,2,0,1,2,Chicago,Chicago,0.0,0,cb02156c-03aa-4048-a7c1-4e6d003a3d63,2022-06-26 22:00:00+00:00,Chicago,Chicago,previous_game_city
0fb88402-3c8d-430b-9b9f-802f443670ff,2022-06-29 16:00:00+00:00,2022-06-29,2022,a015b02d-845c-40c1-8ef4-844984f47e4d,a015b02d-845c-40c1-8ef4-844984f47e4d,3c409388-ab73-4c7f-953d-3a71062240f6,3c409388-ab73-4c7f-953d-3a71062240f6,0,0,2,0,1,2,College Park,Chicago,592.7,-1,281fdcab-11f1-4af0-b2c8-1a7a157a5773,2022-06-26 19:00:00+00:00,College Park,Uncasville,previous_game_city
4ff7b780-71fb-4712-99aa-e0378f123135,2022-06-30 02:00:00+00:00,2022-06-29,2022,0699edf3-5993-4182-b9b4-ec935cbd4fcc,0699edf3-5993-4182-b9b4-ec935cbd4fcc,f073a15f-0486-4179-b0a3-dfd0294eb595,f073a15f-0486-4179-b0a3-dfd0294eb595,1,0,1,0,2,3,Phoenix,Phoenix,0.0,0,d3b1bc83-b9cb-474c-b8f4-c78b3a5709cb,2022-06-28 02:00:00+00:00,Phoenix,Phoenix,previous_game_city
4ff7b780-71fb-4712-99aa-e0378f123135,2022-06-30 02:00:00+00:00,2022-06-29,2022,f073a15f-0486-4179-b0a3-dfd0294eb595,f073a15f-0486-4179-b0a3-dfd0294eb595,0699edf3-5993-4182-b9b4-ec935cbd4fcc,0699edf3-5993-4182-b9b4-ec935cbd4fcc,0,0,1,0,1,2,Phoenix,Phoenix,0.0,0,d3b1bc83-b9cb-474c-b8f4-c78b3a5709cb,2022-06-28 02:00:00+00:00,Phoenix,Indianapolis,previous_game_city
6a40ce71-0f17-4f03-b223-1dcf3fbac997,2022-06-30 02:00:00+00:00,2022-06-29,2022,d6a012ed-84aa-48d3-8265-2d3f3ff2199a,d6a012ed-84aa-48d3-8265-2d3f3ff2199a,171b097d-01db-4ae8-9d56-035689402ec6,FR_LVA_ACES,1,0,3,0,1,2,Seattle,Seattle,0.0,0,329d2dc3-7b97-4f90-b8f7-3e861bcff1cf,2022-06-26 01:00:00+00:00,Seattle,Seattle,previous_game_city
6a40ce71-0f17-4f03-b223-1dcf3fbac997,2022-06-30 02:00:00+00:00,2022-06-29,2022,171b097d-01db-4ae8-9d56-035689402ec6,FR_LVA_ACES,d6a012ed-84aa-48d3-8265-2d3f3ff2199a,d6a012ed-84aa-48d3-8265-2d3f3ff2199a,0,0,1,0,2,2,Los Angeles,Seattle,961.9,0,20dc0185-e099-4f61-8915-51152a1e6bf0,2022-06-28 02:30:00+00:00,Los Angeles,Paradise,previous_game_city
b25fe295-b49d-4dac-870b-2546861819a7,2022-06-30 23:00:00+00:00,2022-06-30,2022,08ed8274-e29f-4248-bc2e-83cc8ed18d75,08ed8274-e29f-4248-bc2e-83cc8ed18d75,5d70a9af-8c2b-4aec-9e68-9acc6ddb93e4,5d70a9af-8c2b-4aec-9e68-9acc6ddb93e4,1,0,5,0,0,1,Brooklyn,Brooklyn,0.0,0,cf09509c-11eb-4b63-815d-ebf4abe634c2,2022-06-24 23:30:00+00:00,College Park,Brooklyn,home_city
b25fe295-b49d-4dac-870b-2546861819a7,2022-06-30 23:00:00+00:00,2022-06-30,2022,5d70a9af-8c2b-4aec-9e68-9acc6ddb93e4,5d70a9af-8c2b-4aec-9e68-9acc6ddb93e4,08ed8274-e29f-4248-bc2e-83cc8ed18d75,08ed8274-e29f-4248-bc2e-83cc8ed18d75,0,0,1,0,2,3,Washington,Brooklyn,204.3,0,6d07ef6b-736c-44bc-a0dd-f139c8cf4c30,2022-06-28 23:00:00+00:00,Washington,College Park,previous_game_city
8007a193-c0c5-4f3c-b2ef-812e2154ba39,2022-07-02 00:00:00+00:00,2022-07-01,2022,6f017f37-be96-4bdc-b6d3-0a0429c72e89,6f017f37-be96-4bdc-b6d3-0a0429c72e89,171b097d-01db-4ae8-9d56-035689402ec6,FR_LVA_ACES,1,0,2,0,1,2,Minneapolis,Minneapolis,0.0,0,763c4059-e16c-4ec5-944a-a40cf3eca7b7,2022-06-29 00:00:00+00:00,Minneapolis,Minneapolis,previous_game_city
8007a193-c0c5-4f3c-b2ef-812e2154ba39,2022-07-02 00:00:00+00:00,2022-07-01,2022,171b097d-01db-4ae8-9d56-035689402ec6,FR_LVA_ACES,6f017f37-be96-4bdc-b6d3-0a0429c72e89,6f017f37-be96-4bdc-b6d3-0a0429c72e89,0,0,1,0,2,3,Seattle,Minneapolis,1391.7,2,6a40ce71-0f17-4f03-b223-1dcf3fbac997,2022-06-30 02:00:00+00:00,Seattle,Paradise,previous_game_city
83f87601-bc6a-4204-8850-d49e03f99b01,2022-07-02 00:00:00+00:00,2022-07-01,2022,5f0b5caf-708b-4300-92f2-53b51d83ec06,5f0b5caf-708b-4300-92f2-53b51d83ec06,0a5ad38d-2fe3-43ba-894b-1ba3d5042ea9,0a5ad38d-2fe3-43ba-894b-1ba3d5042ea9,1,0,2,0,1,2,Minneapolis,Arlington,870.8,0,763c4059-e16c-4ec5-944a-a40cf3eca7b7,2022-06-29 00:00:00+00:00,Minneapolis,Arlington,previous_game_city
83f87601-bc6a-4204-8850-d49e03f99b01,2022-07-02 00:00:00+00:00,2022-07-01,2022,0a5ad38d-2fe3-43ba-894b-1ba3d5042ea9,0a5ad38d-2fe3-43ba-894b-1ba3d5042ea9,5f0b5caf-708b-4300-92f2-53b51d83ec06,5f0b5caf-708b-4300-92f2-53b51d83ec06,0,0,3,0,1,2,Los Angeles,Arlington,1221.9,2,20dc0185-e099-4f61-8915-51152a1e6bf0,2022-06-28 02:30:00+00:00,Los Angeles,Los Angeles,previous_game_city
0821e2ce-f50d-4daf-b529-1b1a8b286db3,2022-07-02 02:00:00+00:00,2022-07-01,2022,d6a012ed-84aa-48d3-8265-2d3f3ff2199a,d6a012ed-84aa-48d3-8265-2d3f3ff2199a,f073a15f-0486-4179-b0a3-dfd0294eb595,f073a15f-0486-4179-b0a3-dfd0294eb595,1,0,1,0,1,2,Seattle,Seattle,0.0,0,6a40ce71-0f17-4f03-b223-1dcf3fbac997,2022-06-30 02:00:00+00:00,Seattle,Seattle,previous_game_city
0821e2ce-f50d-4daf-b529-1b1a8b286db3,2022-07-02 02:00:00+00:00,2022-07-01,2022,f073a15f-0486-4179-b0a3-dfd0294eb595,f073a15f-0486-4179-b0a3-dfd0294eb595,d6a012ed-84aa-48d3-8265-2d3f3ff2199a,d6a012ed-84aa-48d3-8265-2d3f3ff2199a,0,0,1,0,2,2,Phoenix,Seattle,1116.2,0,4ff7b780-71fb-4712-99aa-e0378f123135,2022-06-30 02:00:00+00:00,Phoenix,Indianapolis,previous_game_city
36e969e3-6464-461d-9879-5c048640c75f,2022-07-02 17:00:00+00:00,2022-07-02,2022,3c409388-ab73-4c7f-953d-3a71062240f6,3c409388-ab73-4c7f-953d-3a71062240f6,0699edf3-5993-4182-b9b4-ec935cbd4fcc,0699edf3-5993-4182-b9b4-ec935cbd4fcc,1,0,2,0,1,2,Chicago,Chicago,0.0,0,0fb88402-3c8d-430b-9b9f-802f443670ff,2022-06-29 16:00:00+00:00,Chicago,Chicago,previous_game_city
36e969e3-6464-461d-9879-5c048640c75f,2022-07-02 17:00:00+00:00,2022-07-02,2022,0699edf3-5993-4182-b9b4-ec935cbd4fcc,0699edf3-5993-4182-b9b4-ec935cbd4fcc,3c409388-ab73-4c7f-953d-3a71062240f6,3c409388-ab73-4c7f-953d-3a71062240f6,0,0,2,0,1,3,Phoenix,Chicago,1451.7,2,4ff7b780-71fb-4712-99aa-e0378f123135,2022-06-30 02:00:00+00:00,Phoenix,Phoenix,previous_game_city
4e66a899-ad62-438b-b8cd-66f324a86eb1,2022-07-03 17:00:00+00:00,2022-07-03,2022,a015b02d-845c-40c1-8ef4-844984f47e4d,a015b02d-845c-40c1-8ef4-844984f47e4d,5c0d47fe-8539-47b0-9f36-d0b3609ca89b,5c0d47fe-8539-47b0-9f36-d0b3609ca89b,1,0,3,0,1,2,Chicago,Uncasville,800.9,1,0fb88402-3c8d-430b-9b9f-802f443670ff,2022-06-29 16:00:00+00:00,Chicago,Uncasville,previous_game_city
4e66a899-ad62-438b-b8cd-66f324a86eb1,2022-07-03 17:00:00+00:00,2022-07-03,2022,5c0d47fe-8539-47b0-9f36-d0b3609ca89b,5c0d47fe-8539-47b0-9f36-d0b3609ca89b,a015b02d-845c-40c1-8ef4-844984f47e4d,a015b02d-845c-40c1-8ef4-844984f47e4d,0,0,4,0,0,1,Washington,Uncasville,316.7,0,6d07ef6b-736c-44bc-a0dd-f139c8cf4c30,2022-06-28 23:00:00+00:00,Washington,Washington,home_city
e34de742-9f39-437c-848f-f96248d2231e,2022-07-03 19:00:00+00:00,2022-07-03,2022,5d70a9af-8c2b-4aec-9e68-9acc6ddb93e4,5d70a9af-8c2b-4aec-9e68-9acc6ddb93e4,d6a012ed-84aa-48d3-8265-2d3f3ff2199a,d6a012ed-84aa-48d3-8265-2d3f3ff2199a,1,0,2,0,1,3,Brooklyn,College Park,753.7,0,b25fe295-b49d-4dac-870b-2546861819a7,2022-06-30 23:00:00+00:00,Brooklyn,College Park,previous_game_city
e34de742-9f39-437c-848f-f96248d2231e,2022-07-03 19:00:00+00:00,2022-07-03,2022,d6a012ed-84aa-48d3-8265-2d3f3ff2199a,d6a012ed-84aa-48d3-8265-2d3f3ff2199a,5d70a9af-8c2b-4aec-9e68-9acc6ddb93e4,5d70a9af-8c2b-4aec-9e68-9acc6ddb93e4,0,0,1,0,2,2,Seattle,College Park,2180.7,3,0821e2ce-f50d-4daf-b529-1b1a8b286db3,2022-07-02 02:00:00+00:00,Seattle,Seattle,previous_game_city
d710eac4-e890-4c23-ae05-ac65a5ff7c93,2022-07-03 22:00:00+00:00,2022-07-03,2022,0a5ad38d-2fe3-43ba-894b-1ba3d5042ea9,0a5ad38d-2fe3-43ba-894b-1ba3d5042ea9,08ed8274-e29f-4248-bc2e-83cc8ed18d75,08ed8274-e29f-4248-bc2e-83cc8ed18d75,1,0,1,0,1,2,Arlington,Los Angeles,1221.9,-2,83f87601-bc6a-4204-8850-d49e03f99b01,2022-07-02 00:00:00+00:00,Arlington,Los Angeles,previous_game_city
d710eac4-e890-4c23-ae05-ac65a5ff7c93,2022-07-03 22:00:00+00:00,2022-07-03,2022,08ed8274-e29f-4248-bc2e-83cc8ed18d75,08ed8274-e29f-4248-bc2e-83cc8ed18d75,0a5ad38d-2fe3-43ba-894b-1ba3d5042ea9,0a5ad38d-2fe3-43ba-894b-1ba3d5042ea9,0,0,2,0,1,1,Brooklyn,Los Angeles,2448.8,-3,b25fe295-b49d-4dac-870b-2546861819a7,2022-06-30 23:00:00+00:00,Brooklyn,Brooklyn,previous_game_city
8f8b89d3-09ba-4aa5-9cf1-20346c1eae6d,2022-07-03 23:00:00+00:00,2022-07-03,2022,6f017f37-be96-4bdc-b6d3-0a0429c72e89,6f017f37-be96-4bdc-b6d3-0a0429c72e89,171b097d-01db-4ae8-9d56-035689402ec6,FR_LVA_ACES,1,0,1,0,1,3,Minneapolis,Minneapolis,0.0,0,8007a193-c0c5-4f3c-b2ef-812e2154ba39,2022-07-02 00:00:00+00:00,Minneapolis,Minneapolis,previous_game_city
8f8b89d3-09ba-4aa5-9cf1-20346c1eae6d,2022-07-03 23:00:00+00:00,2022-07-03,2022,171b097d-01db-4ae8-9d56-035689402ec6,FR_LVA_ACES,6f017f37-be96-4bdc-b6d3-0a0429c72e89,6f017f37-be96-4bdc-b6d3-0a0429c72e89,0,0,1,0,2,3,Minneapolis,Minneapolis,0.0,0,8007a193-c0c5-4f3c-b2ef-812e2154ba39,2022-07-02 00:00:00+00:00,Minneapolis,Paradise,previous_game_city
1fd5aab3-3cec-4a25-843d-a7445015f7d8,2022-07-04 23:00:00+00:00,2022-07-04,2022,0a5ad38d-2fe3-43ba-894b-1ba3d5042ea9,0a5ad38d-2fe3-43ba-894b-1ba3d5042ea9,0699edf3-5993-4182-b9b4-ec935cbd4fcc,0699edf3-5993-4182-b9b4-ec935cbd4fcc,1,0,0,1,2,3,Los Angeles,Los Angeles,0.0,0,d710eac4-e890-4c23-ae05-ac65a5ff7c93,2022-07-03 22:00:00+00:00,Los Angeles,Los Angeles,previous_game_city
1fd5aab3-3cec-4a25-843d-a7445015f7d8,2022-07-04 23:00:00+00:00,2022-07-04,2022,0699edf3-5993-4182-b9b4-ec935cbd4fcc,0699edf3-5993-4182-b9b4-ec935cbd4fcc,0a5ad38d-2fe3-43ba-894b-1ba3d5042ea9,0a5ad38d-2fe3-43ba-894b-1ba3d5042ea9,0,0,1,0,1,3,Chicago,Los Angeles,1744.0,-2,36e969e3-6464-461d-9879-5c048640c75f,2022-07-02 17:00:00+00:00,Chicago,Phoenix,previous_game_city
0b0c3ae0-0c5a-4b14-b398-3a77d48b0fb0,2022-07-05 23:00:00+00:00,2022-07-05,2022,f073a15f-0486-4179-b0a3-dfd0294eb595,f073a15f-0486-4179-b0a3-dfd0294eb595,d6a012ed-84aa-48d3-8265-2d3f3ff2199a,d6a012ed-84aa-48d3-8265-2d3f3ff2199a,1,0,3,0,1,2,Seattle,Indianapolis,1867.8,3,0821e2ce-f50d-4daf-b529-1b1a8b286db3,2022-07-02 02:00:00+00:00,Seattle,Indianapolis,previous_game_city
0b0c3ae0-0c5a-4b14-b398-3a77d48b0fb0,2022-07-05 23:00:00+00:00,2022-07-05,2022,d6a012ed-84aa-48d3-8265-2d3f3ff2199a,d6a012ed-84aa-48d3-8265-2d3f3ff2199a,f073a15f-0486-4179-b0a3-dfd0294eb595,f073a15f-0486-4179-b0a3-dfd0294eb595,0,0,1,0,2,3,College Park,Indianapolis,437.1,0,e34de742-9f39-437c-848f-f96248d2231e,2022-07-03 19:00:00+00:00,College Park,Seattle,previous_game_city
bdc824b0-4b21-4b43-986c-7d15b3a28f30,2022-07-06 00:00:00+00:00,2022-07-05,2022,5f0b5caf-708b-4300-92f2-53b51d83ec06,5f0b5caf-708b-4300-92f2-53b51d83ec06,a015b02d-845c-40c1-8ef4-844984f47e4d,a015b02d-845c-40c1-8ef4-844984f47e4d,1,0,3,0,1,2,Arlington,Arlington,0.0,0,83f87601-bc6a-4204-8850-d49e03f99b01,2022-07-02 00:00:00+00:00,Arlington,Arlington,previous_game_city
bdc824b0-4b21-4b43-986c-7d15b3a28f30,2022-07-06 00:00:00+00:00,2022-07-05,2022,a015b02d-845c-40c1-8ef4-844984f47e4d,a015b02d-845c-40c1-8ef4-844984f47e4d,5f0b5caf-708b-4300-92f2-53b51d83ec06,5f0b5caf-708b-4300-92f2-53b51d83ec06,0,0,1,0,1,2,Uncasville,Arlington,1498.5,-1,4e66a899-ad62-438b-b8cd-66f324a86eb1,2022-07-03 17:00:00+00:00,Uncasville,Uncasville,previous_game_city
d49651b2-a220-46e3-9ebb-f97cfca08f7b,2022-07-06 17:00:00+00:00,2022-07-06,2022,6f017f37-be96-4bdc-b6d3-0a0429c72e89,6f017f37-be96-4bdc-b6d3-0a0429c72e89,3c409388-ab73-4c7f-953d-3a71062240f6,3c409388-ab73-4c7f-953d-3a71062240f6,1,0,2,0,1,2,Minneapolis,Minneapolis,0.0,0,8f8b89d3-09ba-4aa5-9cf1-20346c1eae6d,2022-07-03 23:00:00+00:00,Minneapolis,Minneapolis,previous_game_city
d49651b2-a220-46e3-9ebb-f97cfca08f7b,2022-07-06 17:00:00+00:00,2022-07-06,2022,3c409388-ab73-4c7f-953d-3a71062240f6,3c409388-ab73-4c7f-953d-3a71062240f6,6f017f37-be96-4bdc-b6d3-0a0429c72e89,6f017f37-be96-4bdc-b6d3-0a0429c72e89,0,0,3,0,1,2,Chicago,Minneapolis,356.5,0,36e969e3-6464-461d-9879-5c048640c75f,2022-07-02 17:00:00+00:00,Chicago,Chicago,previous_game_city
6d5a5054-d21d-47c7-9eb7-38a6f45ba2bc,2022-07-07 00:00:00+00:00,2022-07-06,2022,5d70a9af-8c2b-4aec-9e68-9acc6ddb93e4,5d70a9af-8c2b-4aec-9e68-9acc6ddb93e4,5c0d47fe-8539-47b0-9f36-d0b3609ca89b,5c0d47fe-8539-47b0-9f36-d0b3609ca89b,1,0,2,0,1,2,College Park,College Park,0.0,0,e34de742-9f39-437c-848f-f96248d2231e,2022-07-03 19:00:00+00:00,College Park,College Park,previous_game_city
6d5a5054-d21d-47c7-9eb7-38a6f45ba2bc,2022-07-07 00:00:00+00:00,2022-07-06,2022,5c0d47fe-8539-47b0-9f36-d0b3609ca89b,5c0d47fe-8539-47b0-9f36-d0b3609ca89b,5d70a9af-8c2b-4aec-9e68-9acc6ddb93e4,5d70a9af-8c2b-4aec-9e68-9acc6ddb93e4,0,0,2,0,1,1,Uncasville,College Park,866.0,0,4e66a899-ad62-438b-b8cd-66f324a86eb1,2022-07-03 17:00:00+00:00,Uncasville,Washington,previous_game_city
0a8bd237-8c5a-407a-8344-57ba05c25b18,2022-07-07 02:00:00+00:00,2022-07-06,2022,171b097d-01db-4ae8-9d56-035689402ec6,FR_LVA_ACES,08ed8274-e29f-4248-bc2e-83cc8ed18d75,08ed8274-e29f-4248-bc2e-83cc8ed18d75,1,0,2,0,1,3,Minneapolis,Paradise,1298.0,-2,8f8b89d3-09ba-4aa5-9cf1-20346c1eae6d,2022-07-03 23:00:00+00:00,Minneapolis,Paradise,previous_game_city
0a8bd237-8c5a-407a-8344-57ba05c25b18,2022-07-07 02:00:00+00:00,2022-07-06,2022,08ed8274-e29f-4248-bc2e-83cc8ed18d75,08ed8274-e29f-4248-bc2e-83cc8ed18d75,171b097d-01db-4ae8-9d56-035689402ec6,FR_LVA_ACES,0,0,2,0,1,2,Los Angeles,Paradise,224.7,0,d710eac4-e890-4c23-ae05-ac65a5ff7c93,2022-07-03 22:00:00+00:00,Los Angeles,Brooklyn,previous_game_city
51e367e2-1260-41ad-8bb6-3b9b2baef585,2022-07-07 23:00:00+00:00,2022-07-07,2022,f073a15f-0486-4179-b0a3-dfd0294eb595,f073a15f-0486-4179-b0a3-dfd0294eb595,3c409388-ab73-4c7f-953d-3a71062240f6,3c409388-ab73-4c7f-953d-3a71062240f6,1,0,1,0,1,2,Indianapolis,Indianapolis,0.0,0,0b0c3ae0-0c5a-4b14-b398-3a77d48b0fb0,2022-07-05 23:00:00+00:00,Indianapolis,Indianapolis,previous_game_city
51e367e2-1260-41ad-8bb6-3b9b2baef585,2022-07-07 23:00:00+00:00,2022-07-07,2022,3c409388-ab73-4c7f-953d-3a71062240f6,3c409388-ab73-4c7f-953d-3a71062240f6,f073a15f-0486-4179-b0a3-dfd0294eb595,f073a15f-0486-4179-b0a3-dfd0294eb595,0,0,0,1,1,2,Minneapolis,Indianapolis,508.9,1,d49651b2-a220-46e3-9ebb-f97cfca08f7b,2022-07-06 17:00:00+00:00,Minneapolis,Chicago,previous_game_city
f6b4b77a-9dd8-4e58-aaa5-52fe1abbbb40,2022-07-08 02:00:00+00:00,2022-07-07,2022,0699edf3-5993-4182-b9b4-ec935cbd4fcc,0699edf3-5993-4182-b9b4-ec935cbd4fcc,08ed8274-e29f-4248-bc2e-83cc8ed18d75,08ed8274-e29f-4248-bc2e-83cc8ed18d75,1,0,2,0,1,2,Los Angeles,Phoenix,358.3,0,1fd5aab3-3cec-4a25-843d-a7445015f7d8,2022-07-04 23:00:00+00:00,Los Angeles,Phoenix,previous_game_city
f6b4b77a-9dd8-4e58-aaa5-52fe1abbbb40,2022-07-08 02:00:00+00:00,2022-07-07,2022,08ed8274-e29f-4248-bc2e-83cc8ed18d75,08ed8274-e29f-4248-bc2e-83cc8ed18d75,0699edf3-5993-4182-b9b4-ec935cbd4fcc,0699edf3-5993-4182-b9b4-ec935cbd4fcc,0,0,0,1,2,3,Paradise,Phoenix,253.9,0,0a8bd237-8c5a-407a-8344-57ba05c25b18,2022-07-07 02:00:00+00:00,Paradise,Brooklyn,previous_game_city
a65ff376-897e-47a8-b1e1-6383508bd437,2022-07-08 02:30:00+00:00,2022-07-07,2022,0a5ad38d-2fe3-43ba-894b-1ba3d5042ea9,0a5ad38d-2fe3-43ba-894b-1ba3d5042ea9,d6a012ed-84aa-48d3-8265-2d3f3ff2199a,d6a012ed-84aa-48d3-8265-2d3f3ff2199a,1,0,2,0,2,3,Los Angeles,Los Angeles,0.0,0,1fd5aab3-3cec-4a25-843d-a7445015f7d8,2022-07-04 23:00:00+00:00,Los Angeles,Los Angeles,previous_game_city
a65ff376-897e-47a8-b1e1-6383508bd437,2022-07-08 02:30:00+00:00,2022-07-07,2022,d6a012ed-84aa-48d3-8265-2d3f3ff2199a,d6a012ed-84aa-48d3-8265-2d3f3ff2199a,0a5ad38d-2fe3-43ba-894b-1ba3d5042ea9,0a5ad38d-2fe3-43ba-894b-1ba3d5042ea9,0,0,1,0,2,3,Indianapolis,Los Angeles,1808.6,-3,0b0c3ae0-0c5a-4b14-b398-3a77d48b0fb0,2022-07-05 23:00:00+00:00,Indianapolis,Seattle,previous_game_city
5ffc9fc6-9902-4963-8f99-2b591e7c7fd6,2022-07-12 19:00:00+00:00,2022-07-12,2022,d6a012ed-84aa-48d3-8265-2d3f3ff2199a,d6a012ed-84aa-48d3-8265-2d3f3ff2199a,5f0b5caf-708b-4300-92f2-53b51d83ec06,5f0b5caf-708b-4300-92f2-53b51d83ec06,1,0,4,0,0,2,Seattle,Seattle,0.0,0,a65ff376-897e-47a8-b1e1-6383508bd437,2022-07-08 02:30:00+00:00,Los Angeles,Seattle,home_city
5ffc9fc6-9902-4963-8f99-2b591e7c7fd6,2022-07-12 19:00:00+00:00,2022-07-12,2022,5f0b5caf-708b-4300-92f2-53b51d83ec06,5f0b5caf-708b-4300-92f2-53b51d83ec06,d6a012ed-84aa-48d3-8265-2d3f3ff2199a,d6a012ed-84aa-48d3-8265-2d3f3ff2199a,0,0,6,0,0,1,Arlington,Seattle,1670.8,-2,bdc824b0-4b21-4b43-986c-7d15b3a28f30,2022-07-06 00:00:00+00:00,Arlington,Arlington,home_city
ee3425b5-09ed-4e69-adbd-80a2c24f2fdb,2022-07-12 23:00:00+00:00,2022-07-12,2022,08ed8274-e29f-4248-bc2e-83cc8ed18d75,08ed8274-e29f-4248-bc2e-83cc8ed18d75,171b097d-01db-4ae8-9d56-035689402ec6,FR_LVA_ACES,1,0,4,0,0,2,Brooklyn,Brooklyn,0.0,0,f6b4b77a-9dd8-4e58-aaa5-52fe1abbbb40,2022-07-08 02:00:00+00:00,Phoenix,Brooklyn,home_city
ee3425b5-09ed-4e69-adbd-80a2c24f2fdb,2022-07-12 23:00:00+00:00,2022-07-12,2022,171b097d-01db-4ae8-9d56-035689402ec6,FR_LVA_ACES,08ed8274-e29f-4248-bc2e-83cc8ed18d75,08ed8274-e29f-4248-bc2e-83cc8ed18d75,0,0,5,0,0,1,Paradise,Brooklyn,2233.4,3,0a8bd237-8c5a-407a-8344-57ba05c25b18,2022-07-07 02:00:00+00:00,Paradise,Paradise,home_city
5476f0ef-f0f4-4d72-935a-ef4aca935622,2022-07-13 00:00:00+00:00,2022-07-12,2022,6f017f37-be96-4bdc-b6d3-0a0429c72e89,6f017f37-be96-4bdc-b6d3-0a0429c72e89,0699edf3-5993-4182-b9b4-ec935cbd4fcc,0699edf3-5993-4182-b9b4-ec935cbd4fcc,1,0,5,0,0,1,Minneapolis,Minneapolis,0.0,0,d49651b2-a220-46e3-9ebb-f97cfca08f7b,2022-07-06 17:00:00+00:00,Minneapolis,Minneapolis,home_city
5476f0ef-f0f4-4d72-935a-ef4aca935622,2022-07-13 00:00:00+00:00,2022-07-12,2022,0699edf3-5993-4182-b9b4-ec935cbd4fcc,0699edf3-5993-4182-b9b4-ec935cbd4fcc,6f017f37-be96-4bdc-b6d3-0a0429c72e89,6f017f37-be96-4bdc-b6d3-0a0429c72e89,0,0,4,0,0,1,Phoenix,Minneapolis,1278.1,2,f6b4b77a-9dd8-4e58-aaa5-52fe1abbbb40,2022-07-08 02:00:00+00:00,Phoenix,Phoenix,home_city
f262847f-bd24-4e0b-889c-29b95494e4ad,2022-07-13 00:00:00+00:00,2022-07-12,2022,3c409388-ab73-4c7f-953d-3a71062240f6,3c409388-ab73-4c7f-953d-3a71062240f6,5d70a9af-8c2b-4aec-9e68-9acc6ddb93e4,5d70a9af-8c2b-4aec-9e68-9acc6ddb93e4,1,0,4,0,0,2,Chicago,Chicago,0.0,0,51e367e2-1260-41ad-8bb6-3b9b2baef585,2022-07-07 23:00:00+00:00,Indianapolis,Chicago,home_city
f262847f-bd24-4e0b-889c-29b95494e4ad,2022-07-13 00:00:00+00:00,2022-07-12,2022,5d70a9af-8c2b-4aec-9e68-9acc6ddb93e4,5d70a9af-8c2b-4aec-9e68-9acc6ddb93e4,3c409388-ab73-4c7f-953d-3a71062240f6,3c409388-ab73-4c7f-953d-3a71062240f6,0,0,5,0,0,1,College Park,Chicago,592.7,-1,6d5a5054-d21d-47c7-9eb7-38a6f45ba2bc,2022-07-07 00:00:00+00:00,College Park,College Park,home_city
a8cff817-5818-4749-8e12-ae0ab9c90cb2,2022-07-13 02:30:00+00:00,2022-07-12,2022,0a5ad38d-2fe3-43ba-894b-1ba3d5042ea9,0a5ad38d-2fe3-43ba-894b-1ba3d5042ea9,5c0d47fe-8539-47b0-9f36-d0b3609ca89b,5c0d47fe-8539-47b0-9f36-d0b3609ca89b,1,0,4,0,0,1,Los Angeles,Los Angeles,0.0,0,a65ff376-897e-47a8-b1e1-6383508bd437,2022-07-08 02:30:00+00:00,Los Angeles,Los Angeles,home_city
a8cff817-5818-4749-8e12-ae0ab9c90cb2,2022-07-13 02:30:00+00:00,2022-07-12,2022,5c0d47fe-8539-47b0-9f36-d0b3609ca89b,5c0d47fe-8539-47b0-9f36-d0b3609ca89b,0a5ad38d-2fe3-43ba-894b-1ba3d5042ea9,0a5ad38d-2fe3-43ba-894b-1ba3d5042ea9,0,0,5,0,0,1,Washington,Los Angeles,2298.4,-3,6d5a5054-d21d-47c7-9eb7-38a6f45ba2bc,2022-07-07 00:00:00+00:00,College Park,Washington,home_city
079ffc9a-8f21-4413-9938-1e3dfefd3d41,2022-07-13 16:00:00+00:00,2022-07-13,2022,f073a15f-0486-4179-b0a3-dfd0294eb595,f073a15f-0486-4179-b0a3-dfd0294eb595,a015b02d-845c-40c1-8ef4-844984f47e4d,a015b02d-845c-40c1-8ef4-844984f47e4d,1,0,5,0,0,1,Indianapolis,Indianapolis,1.2,0,51e367e2-1260-41ad-8bb6-3b9b2baef585,2022-07-07 23:00:00+00:00,Indianapolis,Indianapolis,home_city
079ffc9a-8f21-4413-9938-1e3dfefd3d41,2022-07-13 16:00:00+00:00,2022-07-13,2022,a015b02d-845c-40c1-8ef4-844984f47e4d,a015b02d-845c-40c1-8ef4-844984f47e4d,f073a15f-0486-4179-b0a3-dfd0294eb595,f073a15f-0486-4179-b0a3-dfd0294eb595,0,0,7,0,0,0,Uncasville,Indianapolis,744.4,0,bdc824b0-4b21-4b43-986c-7d15b3a28f30,2022-07-06 00:00:00+00:00,Arlington,Uncasville,home_city
684b793c-3aae-4a23-ace2-18392353f018,2022-07-14 15:00:00+00:00,2022-07-14,2022,08ed8274-e29f-4248-bc2e-83cc8ed18d75,08ed8274-e29f-4248-bc2e-83cc8ed18d75,171b097d-01db-4ae8-9d56-035689402ec6,FR_LVA_ACES,1,0,1,0,1,2,Brooklyn,Brooklyn,0.0,0,ee3425b5-09ed-4e69-adbd-80a2c24f2fdb,2022-07-12 23:00:00+00:00,Brooklyn,Brooklyn,previous_game_city
684b793c-3aae-4a23-ace2-18392353f018,2022-07-14 15:00:00+00:00,2022-07-14,2022,171b097d-01db-4ae8-9d56-035689402ec6,FR_LVA_ACES,08ed8274-e29f-4248-bc2e-83cc8ed18d75,08ed8274-e29f-4248-bc2e-83cc8ed18d75,0,0,1,0,1,1,Brooklyn,Brooklyn,0.0,0,ee3425b5-09ed-4e69-adbd-80a2c24f2fdb,2022-07-12 23:00:00+00:00,Brooklyn,Paradise,previous_game_city
bd23350c-6797-49eb-8a3e-01226bafb08e,2022-07-15 00:00:00+00:00,2022-07-14,2022,6f017f37-be96-4bdc-b6d3-0a0429c72e89,6f017f37-be96-4bdc-b6d3-0a0429c72e89,5f0b5caf-708b-4300-92f2-53b51d83ec06,5f0b5caf-708b-4300-92f2-53b51d83ec06,1,0,1,0,1,1,Minneapolis,Minneapolis,0.0,0,5476f0ef-f0f4-4d72-935a-ef4aca935622,2022-07-13 00:00:00+00:00,Minneapolis,Minneapolis,previous_game_city
bd23350c-6797-49eb-8a3e-01226bafb08e,2022-07-15 00:00:00+00:00,2022-07-14,2022,5f0b5caf-708b-4300-92f2-53b51d83ec06,5f0b5caf-708b-4300-92f2-53b51d83ec06,6f017f37-be96-4bdc-b6d3-0a0429c72e89,6f017f37-be96-4bdc-b6d3-0a0429c72e89,0,0,1,0,1,1,Seattle,Minneapolis,1391.7,2,5ffc9fc6-9902-4963-8f99-2b591e7c7fd6,2022-07-12 19:00:00+00:00,Seattle,Arlington,previous_game_city
a906c43a-270a-4893-bf2d-da2b2b5bee4e,2022-07-15 02:00:00+00:00,2022-07-14,2022,0699edf3-5993-4182-b9b4-ec935cbd4fcc,0699edf3-5993-4182-b9b4-ec935cbd4fcc,5c0d47fe-8539-47b0-9f36-d0b3609ca89b,5c0d47fe-8539-47b0-9f36-d0b3609ca89b,1,0,1,0,1,2,Minneapolis,Phoenix,1278.1,-2,5476f0ef-f0f4-4d72-935a-ef4aca935622,2022-07-13 00:00:00+00:00,Minneapolis,Phoenix,previous_game_city
a906c43a-270a-4893-bf2d-da2b2b5bee4e,2022-07-15 02:00:00+00:00,2022-07-14,2022,5c0d47fe-8539-47b0-9f36-d0b3609ca89b,5c0d47fe-8539-47b0-9f36-d0b3609ca89b,0699edf3-5993-4182-b9b4-ec935cbd4fcc,0699edf3-5993-4182-b9b4-ec935cbd4fcc,0,0,1,0,1,1,Los Angeles,Phoenix,358.3,0,a8cff817-5818-4749-8e12-ae0ab9c90cb2,2022-07-13 02:30:00+00:00,Los Angeles,Washington,previous_game_city
8aa21769-ca85-48ae-895e-e0ffe9de6c11,2022-07-15 02:30:00+00:00,2022-07-14,2022,0a5ad38d-2fe3-43ba-894b-1ba3d5042ea9,0a5ad38d-2fe3-43ba-894b-1ba3d5042ea9,3c409388-ab73-4c7f-953d-3a71062240f6,3c409388-ab73-4c7f-953d-3a71062240f6,1,0,1,0,1,2,Los Angeles,Los Angeles,0.0,0,a8cff817-5818-4749-8e12-ae0ab9c90cb2,2022-07-13 02:30:00+00:00,Los Angeles,Los Angeles,previous_game_city
8aa21769-ca85-48ae-895e-e0ffe9de6c11,2022-07-15 02:30:00+00:00,2022-07-14,2022,3c409388-ab73-4c7f-953d-3a71062240f6,3c409388-ab73-4c7f-953d-3a71062240f6,0a5ad38d-2fe3-43ba-894b-1ba3d5042ea9,0a5ad38d-2fe3-43ba-894b-1ba3d5042ea9,0,0,1,0,1,2,Chicago,Los Angeles,1744.0,-2,f262847f-bd24-4e0b-889c-29b95494e4ad,2022-07-13 00:00:00+00:00,Chicago,Chicago,previous_game_city
c74f3d85-2489-49d5-bfbe-585f4d615ae5,2022-07-15 23:00:00+00:00,2022-07-15,2022,f073a15f-0486-4179-b0a3-dfd0294eb595,f073a15f-0486-4179-b0a3-dfd0294eb595,6f017f37-be96-4bdc-b6d3-0a0429c72e89,6f017f37-be96-4bdc-b6d3-0a0429c72e89,1,0,1,0,1,1,Indianapolis,Indianapolis,0.0,0,079ffc9a-8f21-4413-9938-1e3dfefd3d41,2022-07-13 16:00:00+00:00,Indianapolis,Indianapolis,previous_game_city
c74f3d85-2489-49d5-bfbe-585f4d615ae5,2022-07-15 23:00:00+00:00,2022-07-15,2022,6f017f37-be96-4bdc-b6d3-0a0429c72e89,6f017f37-be96-4bdc-b6d3-0a0429c72e89,f073a15f-0486-4179-b0a3-dfd0294eb595,f073a15f-0486-4179-b0a3-dfd0294eb595,0,0,0,1,2,2,Minneapolis,Indianapolis,508.9,1,bd23350c-6797-49eb-8a3e-01226bafb08e,2022-07-15 00:00:00+00:00,Minneapolis,Minneapolis,previous_game_city
39d4946d-cf96-4f5f-b900-079f14a74227,2022-07-15 23:30:00+00:00,2022-07-15,2022,5d70a9af-8c2b-4aec-9e68-9acc6ddb93e4,5d70a9af-8c2b-4aec-9e68-9acc6ddb93e4,a015b02d-845c-40c1-8ef4-844984f47e4d,a015b02d-845c-40c1-8ef4-844984f47e4d,1,0,2,0,1,1,Chicago,College Park,592.7,1,f262847f-bd24-4e0b-889c-29b95494e4ad,2022-07-13 00:00:00+00:00,Chicago,College Park,previous_game_city
39d4946d-cf96-4f5f-b900-079f14a74227,2022-07-15 23:30:00+00:00,2022-07-15,2022,a015b02d-845c-40c1-8ef4-844984f47e4d,a015b02d-845c-40c1-8ef4-844984f47e4d,5d70a9af-8c2b-4aec-9e68-9acc6ddb93e4,5d70a9af-8c2b-4aec-9e68-9acc6ddb93e4,0,0,1,0,1,1,Indianapolis,College Park,437.1,0,079ffc9a-8f21-4413-9938-1e3dfefd3d41,2022-07-13 16:00:00+00:00,Indianapolis,Uncasville,previous_game_city
e119c703-fe96-4621-9961-610052715957,2022-07-17 00:00:00+00:00,2022-07-16,2022,5f0b5caf-708b-4300-92f2-53b51d83ec06,5f0b5caf-708b-4300-92f2-53b51d83ec06,3c409388-ab73-4c7f-953d-3a71062240f6,3c409388-ab73-4c7f-953d-3a71062240f6,1,0,1,0,2,2,Minneapolis,Arlington,870.8,0,bd23350c-6797-49eb-8a3e-01226bafb08e,2022-07-15 00:00:00+00:00,Minneapolis,Arlington,previous_game_city
e119c703-fe96-4621-9961-610052715957,2022-07-17 00:00:00+00:00,2022-07-16,2022,3c409388-ab73-4c7f-953d-3a71062240f6,3c409388-ab73-4c7f-953d-3a71062240f6,5f0b5caf-708b-4300-92f2-53b51d83ec06,5f0b5caf-708b-4300-92f2-53b51d83ec06,0,0,1,0,2,2,Los Angeles,Arlington,1221.9,2,8aa21769-ca85-48ae-895e-e0ffe9de6c11,2022-07-15 02:30:00+00:00,Los Angeles,Chicago,previous_game_city
33692687-3b74-47fb-a26f-5c4ce35144b5,2022-07-17 17:00:00+00:00,2022-07-17,2022,a015b02d-845c-40c1-8ef4-844984f47e4d,a015b02d-845c-40c1-8ef4-844984f47e4d,171b097d-01db-4ae8-9d56-035689402ec6,FR_LVA_ACES,1,0,1,0,2,2,College Park,Uncasville,866.0,0,39d4946d-cf96-4f5f-b900-079f14a74227,2022-07-15 23:30:00+00:00,College Park,Uncasville,previous_game_city
33692687-3b74-47fb-a26f-5c4ce35144b5,2022-07-17 17:00:00+00:00,2022-07-17,2022,171b097d-01db-4ae8-9d56-035689402ec6,FR_LVA_ACES,a015b02d-845c-40c1-8ef4-844984f47e4d,a015b02d-845c-40c1-8ef4-844984f47e4d,0,0,2,0,1,2,Brooklyn,Uncasville,113.0,0,684b793c-3aae-4a23-ace2-18392353f018,2022-07-14 15:00:00+00:00,Brooklyn,Paradise,previous_game_city
df8516a6-6658-4ed0-949a-1a06b907754d,2022-07-17 19:00:00+00:00,2022-07-17,2022,5c0d47fe-8539-47b0-9f36-d0b3609ca89b,5c0d47fe-8539-47b0-9f36-d0b3609ca89b,6f017f37-be96-4bdc-b6d3-0a0429c72e89,6f017f37-be96-4bdc-b6d3-0a0429c72e89,1,0,2,0,1,2,Phoenix,Washington,1980.0,3,a906c43a-270a-4893-bf2d-da2b2b5bee4e,2022-07-15 02:00:00+00:00,Phoenix,Washington,previous_game_city
df8516a6-6658-4ed0-949a-1a06b907754d,2022-07-17 19:00:00+00:00,2022-07-17,2022,6f017f37-be96-4bdc-b6d3-0a0429c72e89,6f017f37-be96-4bdc-b6d3-0a0429c72e89,5c0d47fe-8539-47b0-9f36-d0b3609ca89b,5c0d47fe-8539-47b0-9f36-d0b3609ca89b,0,0,1,0,2,3,Indianapolis,Washington,493.2,0,c74f3d85-2489-49d5-bfbe-585f4d615ae5,2022-07-15 23:00:00+00:00,Indianapolis,Minneapolis,previous_game_city
80308f6d-6ddd-4a42-b3b6-289e2d1321d3,2022-07-17 22:00:00+00:00,2022-07-17,2022,d6a012ed-84aa-48d3-8265-2d3f3ff2199a,d6a012ed-84aa-48d3-8265-2d3f3ff2199a,f073a15f-0486-4179-b0a3-dfd0294eb595,f073a15f-0486-4179-b0a3-dfd0294eb595,1,0,4,0,0,1,Seattle,Seattle,0.0,0,5ffc9fc6-9902-4963-8f99-2b591e7c7fd6,2022-07-12 19:00:00+00:00,Seattle,Seattle,home_city
80308f6d-6ddd-4a42-b3b6-289e2d1321d3,2022-07-17 22:00:00+00:00,2022-07-17,2022,f073a15f-0486-4179-b0a3-dfd0294eb595,f073a15f-0486-4179-b0a3-dfd0294eb595,d6a012ed-84aa-48d3-8265-2d3f3ff2199a,d6a012ed-84aa-48d3-8265-2d3f3ff2199a,0,0,1,0,2,2,Indianapolis,Seattle,1867.8,-3,c74f3d85-2489-49d5-bfbe-585f4d615ae5,2022-07-15 23:00:00+00:00,Indianapolis,Indianapolis,previous_game_city
c8e3803e-24ac-4099-b987-8aaeea4f4819,2022-07-17 22:00:00+00:00,2022-07-17,2022,0699edf3-5993-4182-b9b4-ec935cbd4fcc,0699edf3-5993-4182-b9b4-ec935cbd4fcc,5d70a9af-8c2b-4aec-9e68-9acc6ddb93e4,5d70a9af-8c2b-4aec-9e68-9acc6ddb93e4,1,0,2,0,1,2,Phoenix,Phoenix,0.0,0,a906c43a-270a-4893-bf2d-da2b2b5bee4e,2022-07-15 02:00:00+00:00,Phoenix,Phoenix,previous_game_city
c8e3803e-24ac-4099-b987-8aaeea4f4819,2022-07-17 22:00:00+00:00,2022-07-17,2022,5d70a9af-8c2b-4aec-9e68-9acc6ddb93e4,5d70a9af-8c2b-4aec-9e68-9acc6ddb93e4,0699edf3-5993-4182-b9b4-ec935cbd4fcc,0699edf3-5993-4182-b9b4-ec935cbd4fcc,0,0,1,0,1,2,College Park,Phoenix,1585.4,-3,39d4946d-cf96-4f5f-b900-079f14a74227,2022-07-15 23:30:00+00:00,College Park,College Park,previous_game_city
32306c5c-685f-4ad8-8899-9511a512be16,2022-07-19 15:30:00+00:00,2022-07-19,2022,a015b02d-845c-40c1-8ef4-844984f47e4d,a015b02d-845c-40c1-8ef4-844984f47e4d,08ed8274-e29f-4248-bc2e-83cc8ed18d75,08ed8274-e29f-4248-bc2e-83cc8ed18d75,1,0,1,0,2,3,Uncasville,Uncasville,0.0,0,33692687-3b74-47fb-a26f-5c4ce35144b5,2022-07-17 17:00:00+00:00,Uncasville,Uncasville,previous_game_city
32306c5c-685f-4ad8-8899-9511a512be16,2022-07-19 15:30:00+00:00,2022-07-19,2022,08ed8274-e29f-4248-bc2e-83cc8ed18d75,08ed8274-e29f-4248-bc2e-83cc8ed18d75,a015b02d-845c-40c1-8ef4-844984f47e4d,a015b02d-845c-40c1-8ef4-844984f47e4d,0,0,4,0,0,2,Brooklyn,Uncasville,113.0,0,684b793c-3aae-4a23-ace2-18392353f018,2022-07-14 15:00:00+00:00,Brooklyn,Brooklyn,home_city
2c9841df-9434-40f2-ad36-fb87f02646af,2022-07-20 02:00:00+00:00,2022-07-19,2022,171b097d-01db-4ae8-9d56-035689402ec6,FR_LVA_ACES,5d70a9af-8c2b-4aec-9e68-9acc6ddb93e4,5d70a9af-8c2b-4aec-9e68-9acc6ddb93e4,1,0,1,0,1,3,Uncasville,Paradise,2326.0,-3,33692687-3b74-47fb-a26f-5c4ce35144b5,2022-07-17 17:00:00+00:00,Uncasville,Paradise,previous_game_city
2c9841df-9434-40f2-ad36-fb87f02646af,2022-07-20 02:00:00+00:00,2022-07-19,2022,5d70a9af-8c2b-4aec-9e68-9acc6ddb93e4,5d70a9af-8c2b-4aec-9e68-9acc6ddb93e4,171b097d-01db-4ae8-9d56-035689402ec6,FR_LVA_ACES,0,0,1,0,2,3,Phoenix,Paradise,253.9,0,c8e3803e-24ac-4099-b987-8aaeea4f4819,2022-07-17 22:00:00+00:00,Phoenix,College Park,previous_game_city
d2037a08-c5c9-4be7-8b12-6d4ee38b57ed,2022-07-20 02:30:00+00:00,2022-07-19,2022,0a5ad38d-2fe3-43ba-894b-1ba3d5042ea9,0a5ad38d-2fe3-43ba-894b-1ba3d5042ea9,f073a15f-0486-4179-b0a3-dfd0294eb595,f073a15f-0486-4179-b0a3-dfd0294eb595,1,0,4,0,0,2,Los Angeles,Los Angeles,0.0,0,8aa21769-ca85-48ae-895e-e0ffe9de6c11,2022-07-15 02:30:00+00:00,Los Angeles,Los Angeles,home_city
d2037a08-c5c9-4be7-8b12-6d4ee38b57ed,2022-07-20 02:30:00+00:00,2022-07-19,2022,f073a15f-0486-4179-b0a3-dfd0294eb595,f073a15f-0486-4179-b0a3-dfd0294eb595,0a5ad38d-2fe3-43ba-894b-1ba3d5042ea9,0a5ad38d-2fe3-43ba-894b-1ba3d5042ea9,0,0,1,0,2,3,Seattle,Los Angeles,961.9,0,80308f6d-6ddd-4a42-b3b6-289e2d1321d3,2022-07-17 22:00:00+00:00,Seattle,Indianapolis,previous_game_city
ecc5916a-0d76-403c-943e-bda50ce17740,2022-07-20 16:00:00+00:00,2022-07-20,2022,3c409388-ab73-4c7f-953d-3a71062240f6,3c409388-ab73-4c7f-953d-3a71062240f6,d6a012ed-84aa-48d3-8265-2d3f3ff2199a,d6a012ed-84aa-48d3-8265-2d3f3ff2199a,1,0,3,0,1,2,Arlington,Chicago,817.0,0,e119c703-fe96-4621-9961-610052715957,2022-07-17 00:00:00+00:00,Arlington,Chicago,previous_game_city
ecc5916a-0d76-403c-943e-bda50ce17740,2022-07-20 16:00:00+00:00,2022-07-20,2022,d6a012ed-84aa-48d3-8265-2d3f3ff2199a,d6a012ed-84aa-48d3-8265-2d3f3ff2199a,3c409388-ab73-4c7f-953d-3a71062240f6,3c409388-ab73-4c7f-953d-3a71062240f6,0,0,2,0,1,1,Seattle,Chicago,1735.1,2,80308f6d-6ddd-4a42-b3b6-289e2d1321d3,2022-07-17 22:00:00+00:00,Seattle,Seattle,previous_game_city
479b2959-e157-4659-a725-964aacd4ff00,2022-07-21 15:30:00+00:00,2022-07-21,2022,5c0d47fe-8539-47b0-9f36-d0b3609ca89b,5c0d47fe-8539-47b0-9f36-d0b3609ca89b,08ed8274-e29f-4248-bc2e-83cc8ed18d75,08ed8274-e29f-4248-bc2e-83cc8ed18d75,1,0,3,0,1,2,Washington,Washington,0.0,0,df8516a6-6658-4ed0-949a-1a06b907754d,2022-07-17 19:00:00+00:00,Washington,Washington,previous_game_city
479b2959-e157-4659-a725-964aacd4ff00,2022-07-21 15:30:00+00:00,2022-07-21,2022,08ed8274-e29f-4248-bc2e-83cc8ed18d75,08ed8274-e29f-4248-bc2e-83cc8ed18d75,5c0d47fe-8539-47b0-9f36-d0b3609ca89b,5c0d47fe-8539-47b0-9f36-d0b3609ca89b,0,0,1,0,1,2,Uncasville,Washington,316.7,0,32306c5c-685f-4ad8-8899-9511a512be16,2022-07-19 15:30:00+00:00,Uncasville,Brooklyn,previous_game_city
63b24db0-24c2-412b-ac14-fe0ef7557ed3,2022-07-21 19:30:00+00:00,2022-07-21,2022,0a5ad38d-2fe3-43ba-894b-1ba3d5042ea9,0a5ad38d-2fe3-43ba-894b-1ba3d5042ea9,5d70a9af-8c2b-4aec-9e68-9acc6ddb93e4,5d70a9af-8c2b-4aec-9e68-9acc6ddb93e4,1,0,1,0,1,2,Los Angeles,Los Angeles,0.0,0,d2037a08-c5c9-4be7-8b12-6d4ee38b57ed,2022-07-20 02:30:00+00:00,Los Angeles,Los Angeles,previous_game_city
63b24db0-24c2-412b-ac14-fe0ef7557ed3,2022-07-21 19:30:00+00:00,2022-07-21,2022,5d70a9af-8c2b-4aec-9e68-9acc6ddb93e4,5d70a9af-8c2b-4aec-9e68-9acc6ddb93e4,0a5ad38d-2fe3-43ba-894b-1ba3d5042ea9,0a5ad38d-2fe3-43ba-894b-1ba3d5042ea9,0,0,1,0,2,3,Paradise,Los Angeles,224.7,0,2c9841df-9434-40f2-ad36-fb87f02646af,2022-07-20 02:00:00+00:00,Paradise,College Park,previous_game_city
c45ef18f-f875-46ce-858e-2a36a7c4cdb3,2022-07-22 02:00:00+00:00,2022-07-21,2022,171b097d-01db-4ae8-9d56-035689402ec6,FR_LVA_ACES,f073a15f-0486-4179-b0a3-dfd0294eb595,f073a15f-0486-4179-b0a3-dfd0294eb595,1,0,1,0,2,3,Paradise,Paradise,0.0,0,2c9841df-9434-40f2-ad36-fb87f02646af,2022-07-20 02:00:00+00:00,Paradise,Paradise,previous_game_city
c45ef18f-f875-46ce-858e-2a36a7c4cdb3,2022-07-22 02:00:00+00:00,2022-07-21,2022,f073a15f-0486-4179-b0a3-dfd0294eb595,f073a15f-0486-4179-b0a3-dfd0294eb595,171b097d-01db-4ae8-9d56-035689402ec6,FR_LVA_ACES,0,0,1,0,2,3,Los Angeles,Paradise,224.7,0,d2037a08-c5c9-4be7-8b12-6d4ee38b57ed,2022-07-20 02:30:00+00:00,Los Angeles,Indianapolis,previous_game_city
a049231d-8c48-4a90-8148-1b729520611d,2022-07-23 00:00:00+00:00,2022-07-22,2022,6f017f37-be96-4bdc-b6d3-0a0429c72e89,6f017f37-be96-4bdc-b6d3-0a0429c72e89,a015b02d-845c-40c1-8ef4-844984f47e4d,a015b02d-845c-40c1-8ef4-844984f47e4d,1,0,4,0,0,2,Minneapolis,Minneapolis,0.0,0,df8516a6-6658-4ed0-949a-1a06b907754d,2022-07-17 19:00:00+00:00,Washington,Minneapolis,home_city
a049231d-8c48-4a90-8148-1b729520611d,2022-07-23 00:00:00+00:00,2022-07-22,2022,a015b02d-845c-40c1-8ef4-844984f47e4d,a015b02d-845c-40c1-8ef4-844984f47e4d,6f017f37-be96-4bdc-b6d3-0a0429c72e89,6f017f37-be96-4bdc-b6d3-0a0429c72e89,0,0,2,0,1,3,Uncasville,Minneapolis,1090.0,-1,32306c5c-685f-4ad8-8899-9511a512be16,2022-07-19 15:30:00+00:00,Uncasville,Uncasville,previous_game_city
ba4d0db3-c384-404b-ac98-da5ab06f5ca4,2022-07-23 00:00:00+00:00,2022-07-22,2022,3c409388-ab73-4c7f-953d-3a71062240f6,3c409388-ab73-4c7f-953d-3a71062240f6,5f0b5caf-708b-4300-92f2-53b51d83ec06,5f0b5caf-708b-4300-92f2-53b51d83ec06,1,0,1,0,1,2,Chicago,Chicago,0.0,0,ecc5916a-0d76-403c-943e-bda50ce17740,2022-07-20 16:00:00+00:00,Chicago,Chicago,previous_game_city
ba4d0db3-c384-404b-ac98-da5ab06f5ca4,2022-07-23 00:00:00+00:00,2022-07-22,2022,5f0b5caf-708b-4300-92f2-53b51d83ec06,5f0b5caf-708b-4300-92f2-53b51d83ec06,3c409388-ab73-4c7f-953d-3a71062240f6,3c409388-ab73-4c7f-953d-3a71062240f6,0,0,5,0,0,1,Arlington,Chicago,817.0,0,e119c703-fe96-4621-9961-610052715957,2022-07-17 00:00:00+00:00,Arlington,Arlington,home_city
1ed5ec22-698f-4842-a0c1-9203211bc69f,2022-07-23 02:00:00+00:00,2022-07-22,2022,0699edf3-5993-4182-b9b4-ec935cbd4fcc,0699edf3-5993-4182-b9b4-ec935cbd4fcc,d6a012ed-84aa-48d3-8265-2d3f3ff2199a,d6a012ed-84aa-48d3-8265-2d3f3ff2199a,1,0,4,0,0,1,Phoenix,Phoenix,0.0,0,c8e3803e-24ac-4099-b987-8aaeea4f4819,2022-07-17 22:00:00+00:00,Phoenix,Phoenix,home_city
1ed5ec22-698f-4842-a0c1-9203211bc69f,2022-07-23 02:00:00+00:00,2022-07-22,2022,d6a012ed-84aa-48d3-8265-2d3f3ff2199a,d6a012ed-84aa-48d3-8265-2d3f3ff2199a,0699edf3-5993-4182-b9b4-ec935cbd4fcc,0699edf3-5993-4182-b9b4-ec935cbd4fcc,0,0,1,0,1,2,Chicago,Phoenix,1451.7,-2,ecc5916a-0d76-403c-943e-bda50ce17740,2022-07-20 16:00:00+00:00,Chicago,Seattle,previous_game_city
9ca70992-c780-4e95-b220-025987420aa7,2022-07-23 23:00:00+00:00,2022-07-23,2022,08ed8274-e29f-4248-bc2e-83cc8ed18d75,08ed8274-e29f-4248-bc2e-83cc8ed18d75,3c409388-ab73-4c7f-953d-3a71062240f6,3c409388-ab73-4c7f-953d-3a71062240f6,1,0,1,0,2,2,Washington,Brooklyn,204.3,0,479b2959-e157-4659-a725-964aacd4ff00,2022-07-21 15:30:00+00:00,Washington,Brooklyn,previous_game_city
9ca70992-c780-4e95-b220-025987420aa7,2022-07-23 23:00:00+00:00,2022-07-23,2022,3c409388-ab73-4c7f-953d-3a71062240f6,3c409388-ab73-4c7f-953d-3a71062240f6,08ed8274-e29f-4248-bc2e-83cc8ed18d75,08ed8274-e29f-4248-bc2e-83cc8ed18d75,0,0,0,1,2,3,Chicago,Brooklyn,712.5,1,ba4d0db3-c384-404b-ac98-da5ab06f5ca4,2022-07-23 00:00:00+00:00,Chicago,Chicago,previous_game_city
956f0fe2-9617-4c55-b24a-e416073f0410,2022-07-24 02:00:00+00:00,2022-07-23,2022,171b097d-01db-4ae8-9d56-035689402ec6,FR_LVA_ACES,0a5ad38d-2fe3-43ba-894b-1ba3d5042ea9,0a5ad38d-2fe3-43ba-894b-1ba3d5042ea9,1,0,1,0,2,3,Paradise,Paradise,0.0,0,c45ef18f-f875-46ce-858e-2a36a7c4cdb3,2022-07-22 02:00:00+00:00,Paradise,Paradise,previous_game_city
956f0fe2-9617-4c55-b24a-e416073f0410,2022-07-24 02:00:00+00:00,2022-07-23,2022,0a5ad38d-2fe3-43ba-894b-1ba3d5042ea9,0a5ad38d-2fe3-43ba-894b-1ba3d5042ea9,171b097d-01db-4ae8-9d56-035689402ec6,FR_LVA_ACES,0,0,1,0,2,2,Los Angeles,Paradise,224.7,0,63b24db0-24c2-412b-ac14-fe0ef7557ed3,2022-07-21 19:30:00+00:00,Los Angeles,Los Angeles,previous_game_city
7b82ffe9-09b3-4684-909c-bd4e560be8d1,2022-07-24 19:00:00+00:00,2022-07-24,2022,f073a15f-0486-4179-b0a3-dfd0294eb595,f073a15f-0486-4179-b0a3-dfd0294eb595,5f0b5caf-708b-4300-92f2-53b51d83ec06,5f0b5caf-708b-4300-92f2-53b51d83ec06,1,0,2,0,1,3,Paradise,Indianapolis,1594.2,3,c45ef18f-f875-46ce-858e-2a36a7c4cdb3,2022-07-22 02:00:00+00:00,Paradise,Indianapolis,previous_game_city
7b82ffe9-09b3-4684-909c-bd4e560be8d1,2022-07-24 19:00:00+00:00,2022-07-24,2022,5f0b5caf-708b-4300-92f2-53b51d83ec06,5f0b5caf-708b-4300-92f2-53b51d83ec06,f073a15f-0486-4179-b0a3-dfd0294eb595,f073a15f-0486-4179-b0a3-dfd0294eb595,0,0,1,0,1,1,Chicago,Indianapolis,158.3,1,ba4d0db3-c384-404b-ac98-da5ab06f5ca4,2022-07-23 00:00:00+00:00,Chicago,Arlington,previous_game_city
9dafca82-c85d-41ea-9fb9-298a9b0f1cc5,2022-07-24 22:00:00+00:00,2022-07-24,2022,d6a012ed-84aa-48d3-8265-2d3f3ff2199a,d6a012ed-84aa-48d3-8265-2d3f3ff2199a,5d70a9af-8c2b-4aec-9e68-9acc6ddb93e4,5d70a9af-8c2b-4aec-9e68-9acc6ddb93e4,1,0,1,0,2,3,Phoenix,Seattle,1116.2,0,1ed5ec22-698f-4842-a0c1-9203211bc69f,2022-07-23 02:00:00+00:00,Phoenix,Seattle,previous_game_city
9dafca82-c85d-41ea-9fb9-298a9b0f1cc5,2022-07-24 22:00:00+00:00,2022-07-24,2022,5d70a9af-8c2b-4aec-9e68-9acc6ddb93e4,5d70a9af-8c2b-4aec-9e68-9acc6ddb93e4,d6a012ed-84aa-48d3-8265-2d3f3ff2199a,d6a012ed-84aa-48d3-8265-2d3f3ff2199a,0,0,2,0,1,3,Los Angeles,Seattle,961.9,0,63b24db0-24c2-412b-ac14-fe0ef7557ed3,2022-07-21 19:30:00+00:00,Los Angeles,College Park,previous_game_city
7182e1ea-9ac7-41a0-a3ca-eeace2ae124c,2022-07-24 23:00:00+00:00,2022-07-24,2022,6f017f37-be96-4bdc-b6d3-0a0429c72e89,6f017f37-be96-4bdc-b6d3-0a0429c72e89,a015b02d-845c-40c1-8ef4-844984f47e4d,a015b02d-845c-40c1-8ef4-844984f47e4d,1,0,1,0,1,2,Minneapolis,Minneapolis,0.0,0,a049231d-8c48-4a90-8148-1b729520611d,2022-07-23 00:00:00+00:00,Minneapolis,Minneapolis,previous_game_city
7182e1ea-9ac7-41a0-a3ca-eeace2ae124c,2022-07-24 23:00:00+00:00,2022-07-24,2022,a015b02d-845c-40c1-8ef4-844984f47e4d,a015b02d-845c-40c1-8ef4-844984f47e4d,6f017f37-be96-4bdc-b6d3-0a0429c72e89,6f017f37-be96-4bdc-b6d3-0a0429c72e89,0,0,1,0,1,3,Minneapolis,Minneapolis,0.0,0,a049231d-8c48-4a90-8148-1b729520611d,2022-07-23 00:00:00+00:00,Minneapolis,Uncasville,previous_game_city
2bc03143-9096-4849-9857-672edec471b3,2022-07-28 23:00:00+00:00,2022-07-28,2022,a015b02d-845c-40c1-8ef4-844984f47e4d,a015b02d-845c-40c1-8ef4-844984f47e4d,d6a012ed-84aa-48d3-8265-2d3f3ff2199a,d6a012ed-84aa-48d3-8265-2d3f3ff2199a,1,0,3,0,1,2,Minneapolis,Uncasville,1090.0,1,7182e1ea-9ac7-41a0-a3ca-eeace2ae124c,2022-07-24 23:00:00+00:00,Minneapolis,Uncasville,previous_game_city
2bc03143-9096-4849-9857-672edec471b3,2022-07-28 23:00:00+00:00,2022-07-28,2022,d6a012ed-84aa-48d3-8265-2d3f3ff2199a,d6a012ed-84aa-48d3-8265-2d3f3ff2199a,a015b02d-845c-40c1-8ef4-844984f47e4d,a015b02d-845c-40c1-8ef4-844984f47e4d,0,0,3,0,1,2,Seattle,Uncasville,2466.2,3,9dafca82-c85d-41ea-9fb9-298a9b0f1cc5,2022-07-24 22:00:00+00:00,Seattle,Seattle,previous_game_city
e7d14db3-a07a-4643-954a-94ae73e5e344,2022-07-28 23:00:00+00:00,2022-07-28,2022,5d70a9af-8c2b-4aec-9e68-9acc6ddb93e4,5d70a9af-8c2b-4aec-9e68-9acc6ddb93e4,6f017f37-be96-4bdc-b6d3-0a0429c72e89,6f017f37-be96-4bdc-b6d3-0a0429c72e89,1,0,3,0,1,2,Seattle,College Park,2180.7,3,9dafca82-c85d-41ea-9fb9-298a9b0f1cc5,2022-07-24 22:00:00+00:00,Seattle,College Park,previous_game_city
e7d14db3-a07a-4643-954a-94ae73e5e344,2022-07-28 23:00:00+00:00,2022-07-28,2022,6f017f37-be96-4bdc-b6d3-0a0429c72e89,6f017f37-be96-4bdc-b6d3-0a0429c72e89,5d70a9af-8c2b-4aec-9e68-9acc6ddb93e4,5d70a9af-8c2b-4aec-9e68-9acc6ddb93e4,0,0,3,0,1,2,Minneapolis,College Park,912.7,1,7182e1ea-9ac7-41a0-a3ca-eeace2ae124c,2022-07-24 23:00:00+00:00,Minneapolis,Minneapolis,previous_game_city
7b34bf70-51e5-4883-8389-135c657bed56,2022-07-29 00:00:00+00:00,2022-07-28,2022,5f0b5caf-708b-4300-92f2-53b51d83ec06,5f0b5caf-708b-4300-92f2-53b51d83ec06,5c0d47fe-8539-47b0-9f36-d0b3609ca89b,5c0d47fe-8539-47b0-9f36-d0b3609ca89b,1,0,3,0,1,2,Indianapolis,Arlington,781.8,-1,7b82ffe9-09b3-4684-909c-bd4e560be8d1,2022-07-24 19:00:00+00:00,Indianapolis,Arlington,previous_game_city
7b34bf70-51e5-4883-8389-135c657bed56,2022-07-29 00:00:00+00:00,2022-07-28,2022,5c0d47fe-8539-47b0-9f36-d0b3609ca89b,5c0d47fe-8539-47b0-9f36-d0b3609ca89b,5f0b5caf-708b-4300-92f2-53b51d83ec06,5f0b5caf-708b-4300-92f2-53b51d83ec06,0,0,6,0,0,1,Washington,Arlington,1200.9,-1,479b2959-e157-4659-a725-964aacd4ff00,2022-07-21 15:30:00+00:00,Washington,Washington,home_city
b5734101-1b29-4eee-aeba-670131637ed5,2022-07-29 02:00:00+00:00,2022-07-28,2022,0699edf3-5993-4182-b9b4-ec935cbd4fcc,0699edf3-5993-4182-b9b4-ec935cbd4fcc,0a5ad38d-2fe3-43ba-894b-1ba3d5042ea9,0a5ad38d-2fe3-43ba-894b-1ba3d5042ea9,1,0,5,0,0,1,Phoenix,Phoenix,0.0,0,1ed5ec22-698f-4842-a0c1-9203211bc69f,2022-07-23 02:00:00+00:00,Phoenix,Phoenix,home_city
b5734101-1b29-4eee-aeba-670131637ed5,2022-07-29 02:00:00+00:00,2022-07-28,2022,0a5ad38d-2fe3-43ba-894b-1ba3d5042ea9,0a5ad38d-2fe3-43ba-894b-1ba3d5042ea9,0699edf3-5993-4182-b9b4-ec935cbd4fcc,0699edf3-5993-4182-b9b4-ec935cbd4fcc,0,0,4,0,0,2,Los Angeles,Phoenix,358.3,0,956f0fe2-9617-4c55-b24a-e416073f0410,2022-07-24 02:00:00+00:00,Paradise,Los Angeles,home_city
040083f1-b56c-4f34-80c6-5120e0bac763,2022-07-29 23:00:00+00:00,2022-07-29,2022,f073a15f-0486-4179-b0a3-dfd0294eb595,f073a15f-0486-4179-b0a3-dfd0294eb595,171b097d-01db-4ae8-9d56-035689402ec6,FR_LVA_ACES,1,0,4,0,0,1,Indianapolis,Indianapolis,2.3,0,7b82ffe9-09b3-4684-909c-bd4e560be8d1,2022-07-24 19:00:00+00:00,Indianapolis,Indianapolis,home_city
040083f1-b56c-4f34-80c6-5120e0bac763,2022-07-29 23:00:00+00:00,2022-07-29,2022,171b097d-01db-4ae8-9d56-035689402ec6,FR_LVA_ACES,f073a15f-0486-4179-b0a3-dfd0294eb595,f073a15f-0486-4179-b0a3-dfd0294eb595,0,0,5,0,0,1,Paradise,Indianapolis,1594.2,3,956f0fe2-9617-4c55-b24a-e416073f0410,2022-07-24 02:00:00+00:00,Paradise,Paradise,home_city
dbbaf5a9-b8fd-4ba7-b244-f476803db7cf,2022-07-30 00:00:00+00:00,2022-07-29,2022,3c409388-ab73-4c7f-953d-3a71062240f6,3c409388-ab73-4c7f-953d-3a71062240f6,08ed8274-e29f-4248-bc2e-83cc8ed18d75,08ed8274-e29f-4248-bc2e-83cc8ed18d75,1,0,5,0,0,2,Chicago,Chicago,0.0,0,9ca70992-c780-4e95-b220-025987420aa7,2022-07-23 23:00:00+00:00,Brooklyn,Chicago,home_city
dbbaf5a9-b8fd-4ba7-b244-f476803db7cf,2022-07-30 00:00:00+00:00,2022-07-29,2022,08ed8274-e29f-4248-bc2e-83cc8ed18d75,08ed8274-e29f-4248-bc2e-83cc8ed18d75,3c409388-ab73-4c7f-953d-3a71062240f6,3c409388-ab73-4c7f-953d-3a71062240f6,0,0,5,0,0,1,Brooklyn,Chicago,712.5,-1,9ca70992-c780-4e95-b220-025987420aa7,2022-07-23 23:00:00+00:00,Brooklyn,Brooklyn,home_city
07750f7d-1f53-40ea-b67f-c4ae7dc0e4df,2022-07-30 16:00:00+00:00,2022-07-30,2022,5c0d47fe-8539-47b0-9f36-d0b3609ca89b,5c0d47fe-8539-47b0-9f36-d0b3609ca89b,d6a012ed-84aa-48d3-8265-2d3f3ff2199a,d6a012ed-84aa-48d3-8265-2d3f3ff2199a,1,0,1,0,1,1,Arlington,Washington,1200.9,1,7b34bf70-51e5-4883-8389-135c657bed56,2022-07-29 00:00:00+00:00,Arlington,Washington,previous_game_city
07750f7d-1f53-40ea-b67f-c4ae7dc0e4df,2022-07-30 16:00:00+00:00,2022-07-30,2022,d6a012ed-84aa-48d3-8265-2d3f3ff2199a,d6a012ed-84aa-48d3-8265-2d3f3ff2199a,5c0d47fe-8539-47b0-9f36-d0b3609ca89b,5c0d47fe-8539-47b0-9f36-d0b3609ca89b,0,0,1,0,1,2,Uncasville,Washington,316.7,0,2bc03143-9096-4849-9857-672edec471b3,2022-07-28 23:00:00+00:00,Uncasville,Seattle,previous_game_city
c5ebf0f7-c4f0-4cdf-80ec-54eb7a49feee,2022-07-30 23:30:00+00:00,2022-07-30,2022,5d70a9af-8c2b-4aec-9e68-9acc6ddb93e4,5d70a9af-8c2b-4aec-9e68-9acc6ddb93e4,5f0b5caf-708b-4300-92f2-53b51d83ec06,5f0b5caf-708b-4300-92f2-53b51d83ec06,1,0,1,0,1,2,College Park,College Park,0.0,0,e7d14db3-a07a-4643-954a-94ae73e5e344,2022-07-28 23:00:00+00:00,College Park,College Park,previous_game_city
c5ebf0f7-c4f0-4cdf-80ec-54eb7a49feee,2022-07-30 23:30:00+00:00,2022-07-30,2022,5f0b5caf-708b-4300-92f2-53b51d83ec06,5f0b5caf-708b-4300-92f2-53b51d83ec06,5d70a9af-8c2b-4aec-9e68-9acc6ddb93e4,5d70a9af-8c2b-4aec-9e68-9acc6ddb93e4,0,0,1,0,1,2,Arlington,College Park,733.7,1,7b34bf70-51e5-4883-8389-135c657bed56,2022-07-29 00:00:00+00:00,Arlington,Arlington,previous_game_city
5ef15bd4-5cb6-4bbd-af1f-3b053a0180b7,2022-07-31 17:00:00+00:00,2022-07-31,2022,a015b02d-845c-40c1-8ef4-844984f47e4d,a015b02d-845c-40c1-8ef4-844984f47e4d,3c409388-ab73-4c7f-953d-3a71062240f6,3c409388-ab73-4c7f-953d-3a71062240f6,1,0,2,0,1,2,Uncasville,Uncasville,0.0,0,2bc03143-9096-4849-9857-672edec471b3,2022-07-28 23:00:00+00:00,Uncasville,Uncasville,previous_game_city
5ef15bd4-5cb6-4bbd-af1f-3b053a0180b7,2022-07-31 17:00:00+00:00,2022-07-31,2022,3c409388-ab73-4c7f-953d-3a71062240f6,3c409388-ab73-4c7f-953d-3a71062240f6,a015b02d-845c-40c1-8ef4-844984f47e4d,a015b02d-845c-40c1-8ef4-844984f47e4d,0,0,1,0,1,1,Chicago,Uncasville,800.9,1,dbbaf5a9-b8fd-4ba7-b244-f476803db7cf,2022-07-30 00:00:00+00:00,Chicago,Chicago,previous_game_city
2d2e3b06-49fb-462f-9534-48ff7960213f,2022-07-31 18:00:00+00:00,2022-07-31,2022,08ed8274-e29f-4248-bc2e-83cc8ed18d75,08ed8274-e29f-4248-bc2e-83cc8ed18d75,0699edf3-5993-4182-b9b4-ec935cbd4fcc,0699edf3-5993-4182-b9b4-ec935cbd4fcc,1,0,1,0,1,1,Chicago,Brooklyn,712.5,1,dbbaf5a9-b8fd-4ba7-b244-f476803db7cf,2022-07-30 00:00:00+00:00,Chicago,Brooklyn,previous_game_city
2d2e3b06-49fb-462f-9534-48ff7960213f,2022-07-31 18:00:00+00:00,2022-07-31,2022,0699edf3-5993-4182-b9b4-ec935cbd4fcc,0699edf3-5993-4182-b9b4-ec935cbd4fcc,08ed8274-e29f-4248-bc2e-83cc8ed18d75,08ed8274-e29f-4248-bc2e-83cc8ed18d75,0,0,2,0,1,1,Phoenix,Brooklyn,2141.3,3,b5734101-1b29-4eee-aeba-670131637ed5,2022-07-29 02:00:00+00:00,Phoenix,Phoenix,previous_game_city
57c8c0f4-0d7b-4872-a7ac-7ddf24e05551,2022-07-31 19:00:00+00:00,2022-07-31,2022,5c0d47fe-8539-47b0-9f36-d0b3609ca89b,5c0d47fe-8539-47b0-9f36-d0b3609ca89b,d6a012ed-84aa-48d3-8265-2d3f3ff2199a,d6a012ed-84aa-48d3-8265-2d3f3ff2199a,1,0,0,1,2,2,Washington,Washington,0.0,0,07750f7d-1f53-40ea-b67f-c4ae7dc0e4df,2022-07-30 16:00:00+00:00,Washington,Washington,previous_game_city
57c8c0f4-0d7b-4872-a7ac-7ddf24e05551,2022-07-31 19:00:00+00:00,2022-07-31,2022,d6a012ed-84aa-48d3-8265-2d3f3ff2199a,d6a012ed-84aa-48d3-8265-2d3f3ff2199a,5c0d47fe-8539-47b0-9f36-d0b3609ca89b,5c0d47fe-8539-47b0-9f36-d0b3609ca89b,0,0,0,1,2,3,Washington,Washington,0.0,0,07750f7d-1f53-40ea-b67f-c4ae7dc0e4df,2022-07-30 16:00:00+00:00,Washington,Seattle,previous_game_city
8b6ff843-b26a-49eb-800b-8a950ffdc228,2022-07-31 19:00:00+00:00,2022-07-31,2022,f073a15f-0486-4179-b0a3-dfd0294eb595,f073a15f-0486-4179-b0a3-dfd0294eb595,171b097d-01db-4ae8-9d56-035689402ec6,FR_LVA_ACES,1,0,1,0,1,2,Indianapolis,Indianapolis,0.0,0,040083f1-b56c-4f34-80c6-5120e0bac763,2022-07-29 23:00:00+00:00,Indianapolis,Indianapolis,previous_game_city
8b6ff843-b26a-49eb-800b-8a950ffdc228,2022-07-31 19:00:00+00:00,2022-07-31,2022,171b097d-01db-4ae8-9d56-035689402ec6,FR_LVA_ACES,f073a15f-0486-4179-b0a3-dfd0294eb595,f073a15f-0486-4179-b0a3-dfd0294eb595,0,0,1,0,1,1,Indianapolis,Indianapolis,0.0,0,040083f1-b56c-4f34-80c6-5120e0bac763,2022-07-29 23:00:00+00:00,Indianapolis,Paradise,previous_game_city
ca7fce5d-2187-4609-845f-5972921f2411,2022-07-31 23:00:00+00:00,2022-07-31,2022,0a5ad38d-2fe3-43ba-894b-1ba3d5042ea9,0a5ad38d-2fe3-43ba-894b-1ba3d5042ea9,6f017f37-be96-4bdc-b6d3-0a0429c72e89,6f017f37-be96-4bdc-b6d3-0a0429c72e89,1,0,2,0,1,1,Phoenix,Los Angeles,358.3,0,b5734101-1b29-4eee-aeba-670131637ed5,2022-07-29 02:00:00+00:00,Phoenix,Los Angeles,previous_game_city
ca7fce5d-2187-4609-845f-5972921f2411,2022-07-31 23:00:00+00:00,2022-07-31,2022,6f017f37-be96-4bdc-b6d3-0a0429c72e89,6f017f37-be96-4bdc-b6d3-0a0429c72e89,0a5ad38d-2fe3-43ba-894b-1ba3d5042ea9,0a5ad38d-2fe3-43ba-894b-1ba3d5042ea9,0,0,2,0,1,2,College Park,Los Angeles,1931.4,-3,e7d14db3-a07a-4643-954a-94ae73e5e344,2022-07-28 23:00:00+00:00,College Park,Minneapolis,previous_game_city
8a18b793-c62c-4583-a0e0-7c9df7386917,2022-08-02 23:00:00+00:00,2022-08-02,2022,a015b02d-845c-40c1-8ef4-844984f47e4d,a015b02d-845c-40c1-8ef4-844984f47e4d,0699edf3-5993-4182-b9b4-ec935cbd4fcc,0699edf3-5993-4182-b9b4-ec935cbd4fcc,1,0,1,0,1,2,Uncasville,Uncasville,0.0,0,5ef15bd4-5cb6-4bbd-af1f-3b053a0180b7,2022-07-31 17:00:00+00:00,Uncasville,Uncasville,previous_game_city
8a18b793-c62c-4583-a0e0-7c9df7386917,2022-08-02 23:00:00+00:00,2022-08-02,2022,0699edf3-5993-4182-b9b4-ec935cbd4fcc,0699edf3-5993-4182-b9b4-ec935cbd4fcc,a015b02d-845c-40c1-8ef4-844984f47e4d,a015b02d-845c-40c1-8ef4-844984f47e4d,0,0,1,0,1,2,Brooklyn,Uncasville,113.0,0,2d2e3b06-49fb-462f-9534-48ff7960213f,2022-07-31 18:00:00+00:00,Brooklyn,Phoenix,previous_game_city
921af238-3929-4f13-98ab-af19ca9ec904,2022-08-02 23:00:00+00:00,2022-08-02,2022,5c0d47fe-8539-47b0-9f36-d0b3609ca89b,5c0d47fe-8539-47b0-9f36-d0b3609ca89b,171b097d-01db-4ae8-9d56-035689402ec6,FR_LVA_ACES,1,0,1,0,2,3,Washington,Washington,0.0,0,57c8c0f4-0d7b-4872-a7ac-7ddf24e05551,2022-07-31 19:00:00+00:00,Washington,Washington,previous_game_city
921af238-3929-4f13-98ab-af19ca9ec904,2022-08-02 23:00:00+00:00,2022-08-02,2022,171b097d-01db-4ae8-9d56-035689402ec6,FR_LVA_ACES,5c0d47fe-8539-47b0-9f36-d0b3609ca89b,5c0d47fe-8539-47b0-9f36-d0b3609ca89b,0,0,1,0,2,2,Indianapolis,Washington,494.9,0,8b6ff843-b26a-49eb-800b-8a950ffdc228,2022-07-31 19:00:00+00:00,Indianapolis,Paradise,previous_game_city
f61cf932-ad1c-4bf4-aa1c-ca3fdf461262,2022-08-02 23:00:00+00:00,2022-08-02,2022,08ed8274-e29f-4248-bc2e-83cc8ed18d75,08ed8274-e29f-4248-bc2e-83cc8ed18d75,0a5ad38d-2fe3-43ba-894b-1ba3d5042ea9,0a5ad38d-2fe3-43ba-894b-1ba3d5042ea9,1,0,1,0,2,2,Brooklyn,Brooklyn,0.0,0,2d2e3b06-49fb-462f-9534-48ff7960213f,2022-07-31 18:00:00+00:00,Brooklyn,Brooklyn,previous_game_city
f61cf932-ad1c-4bf4-aa1c-ca3fdf461262,2022-08-02 23:00:00+00:00,2022-08-02,2022,0a5ad38d-2fe3-43ba-894b-1ba3d5042ea9,0a5ad38d-2fe3-43ba-894b-1ba3d5042ea9,08ed8274-e29f-4248-bc2e-83cc8ed18d75,08ed8274-e29f-4248-bc2e-83cc8ed18d75,0,0,1,0,1,2,Los Angeles,Brooklyn,2448.8,3,ca7fce5d-2187-4609-845f-5972921f2411,2022-07-31 23:00:00+00:00,Los Angeles,Los Angeles,previous_game_city
c351c57a-e4c0-4733-94e4-0eb20b10686d,2022-08-03 01:00:00+00:00,2022-08-02,2022,3c409388-ab73-4c7f-953d-3a71062240f6,3c409388-ab73-4c7f-953d-3a71062240f6,5f0b5caf-708b-4300-92f2-53b51d83ec06,5f0b5caf-708b-4300-92f2-53b51d83ec06,1,0,1,0,2,2,Uncasville,Chicago,800.9,-1,5ef15bd4-5cb6-4bbd-af1f-3b053a0180b7,2022-07-31 17:00:00+00:00,Uncasville,Chicago,previous_game_city
c351c57a-e4c0-4733-94e4-0eb20b10686d,2022-08-03 01:00:00+00:00,2022-08-02,2022,5f0b5caf-708b-4300-92f2-53b51d83ec06,5f0b5caf-708b-4300-92f2-53b51d83ec06,3c409388-ab73-4c7f-953d-3a71062240f6,3c409388-ab73-4c7f-953d-3a71062240f6,0,0,2,0,1,2,College Park,Chicago,592.7,-1,c5ebf0f7-c4f0-4cdf-80ec-54eb7a49feee,2022-07-30 23:30:00+00:00,College Park,Arlington,previous_game_city
5f18c4a9-37a4-4697-9be1-09167e11f545,2022-08-03 23:00:00+00:00,2022-08-03,2022,5d70a9af-8c2b-4aec-9e68-9acc6ddb93e4,5d70a9af-8c2b-4aec-9e68-9acc6ddb93e4,f073a15f-0486-4179-b0a3-dfd0294eb595,f073a15f-0486-4179-b0a3-dfd0294eb595,1,0,3,0,1,2,College Park,College Park,0.0,0,c5ebf0f7-c4f0-4cdf-80ec-54eb7a49feee,2022-07-30 23:30:00+00:00,College Park,College Park,previous_game_city
5f18c4a9-37a4-4697-9be1-09167e11f545,2022-08-03 23:00:00+00:00,2022-08-03,2022,f073a15f-0486-4179-b0a3-dfd0294eb595,f073a15f-0486-4179-b0a3-dfd0294eb595,5d70a9af-8c2b-4aec-9e68-9acc6ddb93e4,5d70a9af-8c2b-4aec-9e68-9acc6ddb93e4,0,0,2,0,1,2,Indianapolis,College Park,438.5,0,8b6ff843-b26a-49eb-800b-8a950ffdc228,2022-07-31 19:00:00+00:00,Indianapolis,Indianapolis,previous_game_city
eb0be516-5776-4f53-9e6f-398f184f2eb5,2022-08-03 23:00:00+00:00,2022-08-03,2022,08ed8274-e29f-4248-bc2e-83cc8ed18d75,08ed8274-e29f-4248-bc2e-83cc8ed18d75,0a5ad38d-2fe3-43ba-894b-1ba3d5042ea9,0a5ad38d-2fe3-43ba-894b-1ba3d5042ea9,1,0,0,1,2,3,Brooklyn,Brooklyn,0.0,0,f61cf932-ad1c-4bf4-aa1c-ca3fdf461262,2022-08-02 23:00:00+00:00,Brooklyn,Brooklyn,previous_game_city
eb0be516-5776-4f53-9e6f-398f184f2eb5,2022-08-03 23:00:00+00:00,2022-08-03,2022,0a5ad38d-2fe3-43ba-894b-1ba3d5042ea9,0a5ad38d-2fe3-43ba-894b-1ba3d5042ea9,08ed8274-e29f-4248-bc2e-83cc8ed18d75,08ed8274-e29f-4248-bc2e-83cc8ed18d75,0,0,0,1,2,3,Brooklyn,Brooklyn,0.0,0,f61cf932-ad1c-4bf4-aa1c-ca3fdf461262,2022-08-02 23:00:00+00:00,Brooklyn,Los Angeles,previous_game_city
d0fd263f-ad57-4860-b446-abe495a59bc4,2022-08-04 02:00:00+00:00,2022-08-03,2022,d6a012ed-84aa-48d3-8265-2d3f3ff2199a,d6a012ed-84aa-48d3-8265-2d3f3ff2199a,6f017f37-be96-4bdc-b6d3-0a0429c72e89,6f017f37-be96-4bdc-b6d3-0a0429c72e89,1,0,2,0,2,3,Washington,Seattle,2326.8,-3,57c8c0f4-0d7b-4872-a7ac-7ddf24e05551,2022-07-31 19:00:00+00:00,Washington,Seattle,previous_game_city
d0fd263f-ad57-4860-b446-abe495a59bc4,2022-08-04 02:00:00+00:00,2022-08-03,2022,6f017f37-be96-4bdc-b6d3-0a0429c72e89,6f017f37-be96-4bdc-b6d3-0a0429c72e89,d6a012ed-84aa-48d3-8265-2d3f3ff2199a,d6a012ed-84aa-48d3-8265-2d3f3ff2199a,0,0,2,0,1,2,Los Angeles,Seattle,961.9,0,ca7fce5d-2187-4609-845f-5972921f2411,2022-07-31 23:00:00+00:00,Los Angeles,Minneapolis,previous_game_city
12ce4c07-4121-4aad-b3a8-ace700d39053,2022-08-04 23:00:00+00:00,2022-08-04,2022,a015b02d-845c-40c1-8ef4-844984f47e4d,a015b02d-845c-40c1-8ef4-844984f47e4d,0699edf3-5993-4182-b9b4-ec935cbd4fcc,0699edf3-5993-4182-b9b4-ec935cbd4fcc,1,0,1,0,2,3,Uncasville,Uncasville,0.0,0,8a18b793-c62c-4583-a0e0-7c9df7386917,2022-08-02 23:00:00+00:00,Uncasville,Uncasville,previous_game_city
12ce4c07-4121-4aad-b3a8-ace700d39053,2022-08-04 23:00:00+00:00,2022-08-04,2022,0699edf3-5993-4182-b9b4-ec935cbd4fcc,0699edf3-5993-4182-b9b4-ec935cbd4fcc,a015b02d-845c-40c1-8ef4-844984f47e4d,a015b02d-845c-40c1-8ef4-844984f47e4d,0,0,1,0,2,3,Uncasville,Uncasville,0.0,0,8a18b793-c62c-4583-a0e0-7c9df7386917,2022-08-02 23:00:00+00:00,Uncasville,Phoenix,previous_game_city
ed34d681-591e-4f6f-b4b7-932c2857c98c,2022-08-05 00:00:00+00:00,2022-08-04,2022,5f0b5caf-708b-4300-92f2-53b51d83ec06,5f0b5caf-708b-4300-92f2-53b51d83ec06,171b097d-01db-4ae8-9d56-035689402ec6,FR_LVA_ACES,1,0,1,0,1,3,Chicago,Arlington,817.0,0,c351c57a-e4c0-4733-94e4-0eb20b10686d,2022-08-03 01:00:00+00:00,Chicago,Arlington,previous_game_city
ed34d681-591e-4f6f-b4b7-932c2857c98c,2022-08-05 00:00:00+00:00,2022-08-04,2022,171b097d-01db-4ae8-9d56-035689402ec6,FR_LVA_ACES,5f0b5caf-708b-4300-92f2-53b51d83ec06,5f0b5caf-708b-4300-92f2-53b51d83ec06,0,0,1,0,2,3,Washington,Arlington,1200.9,-1,921af238-3929-4f13-98ab-af19ca9ec904,2022-08-02 23:00:00+00:00,Washington,Paradise,previous_game_city
5ef70af6-5ac9-493b-957d-d16d2e25e1f8,2022-08-05 23:30:00+00:00,2022-08-05,2022,5d70a9af-8c2b-4aec-9e68-9acc6ddb93e4,5d70a9af-8c2b-4aec-9e68-9acc6ddb93e4,0a5ad38d-2fe3-43ba-894b-1ba3d5042ea9,0a5ad38d-2fe3-43ba-894b-1ba3d5042ea9,1,0,1,0,1,2,College Park,College Park,0.0,0,5f18c4a9-37a4-4697-9be1-09167e11f545,2022-08-03 23:00:00+00:00,College Park,College Park,previous_game_city
5ef70af6-5ac9-493b-957d-d16d2e25e1f8,2022-08-05 23:30:00+00:00,2022-08-05,2022,0a5ad38d-2fe3-43ba-894b-1ba3d5042ea9,0a5ad38d-2fe3-43ba-894b-1ba3d5042ea9,5d70a9af-8c2b-4aec-9e68-9acc6ddb93e4,5d70a9af-8c2b-4aec-9e68-9acc6ddb93e4,0,0,1,0,2,3,Brooklyn,College Park,753.7,0,eb0be516-5776-4f53-9e6f-398f184f2eb5,2022-08-03 23:00:00+00:00,Brooklyn,Los Angeles,previous_game_city
b0b1aed5-a3da-47dd-870b-d13c9dc2f169,2022-08-06 00:00:00+00:00,2022-08-05,2022,3c409388-ab73-4c7f-953d-3a71062240f6,3c409388-ab73-4c7f-953d-3a71062240f6,5c0d47fe-8539-47b0-9f36-d0b3609ca89b,5c0d47fe-8539-47b0-9f36-d0b3609ca89b,1,0,2,0,1,3,Chicago,Chicago,0.0,0,c351c57a-e4c0-4733-94e4-0eb20b10686d,2022-08-03 01:00:00+00:00,Chicago,Chicago,previous_game_city
b0b1aed5-a3da-47dd-870b-d13c9dc2f169,2022-08-06 00:00:00+00:00,2022-08-05,2022,5c0d47fe-8539-47b0-9f36-d0b3609ca89b,5c0d47fe-8539-47b0-9f36-d0b3609ca89b,3c409388-ab73-4c7f-953d-3a71062240f6,3c409388-ab73-4c7f-953d-3a71062240f6,0,0,2,0,1,3,Washington,Chicago,596.5,-1,921af238-3929-4f13-98ab-af19ca9ec904,2022-08-02 23:00:00+00:00,Washington,Washington,previous_game_city
f3b062fb-8e19-4eee-9489-693dbb3b0748,2022-08-07 00:00:00+00:00,2022-08-06,2022,5f0b5caf-708b-4300-92f2-53b51d83ec06,5f0b5caf-708b-4300-92f2-53b51d83ec06,f073a15f-0486-4179-b0a3-dfd0294eb595,f073a15f-0486-4179-b0a3-dfd0294eb595,1,0,1,0,2,3,Arlington,Arlington,0.0,0,ed34d681-591e-4f6f-b4b7-932c2857c98c,2022-08-05 00:00:00+00:00,Arlington,Arlington,previous_game_city
f3b062fb-8e19-4eee-9489-693dbb3b0748,2022-08-07 00:00:00+00:00,2022-08-06,2022,f073a15f-0486-4179-b0a3-dfd0294eb595,f073a15f-0486-4179-b0a3-dfd0294eb595,5f0b5caf-708b-4300-92f2-53b51d83ec06,5f0b5caf-708b-4300-92f2-53b51d83ec06,0,0,2,0,1,2,College Park,Arlington,733.7,-1,5f18c4a9-37a4-4697-9be1-09167e11f545,2022-08-03 23:00:00+00:00,College Park,Indianapolis,previous_game_city
217eb45a-d11e-4786-92b5-2094ae36e548,2022-08-07 02:00:00+00:00,2022-08-06,2022,0699edf3-5993-4182-b9b4-ec935cbd4fcc,0699edf3-5993-4182-b9b4-ec935cbd4fcc,08ed8274-e29f-4248-bc2e-83cc8ed18d75,08ed8274-e29f-4248-bc2e-83cc8ed18d75,1,0,1,0,2,3,Uncasville,Phoenix,2240.6,-3,12ce4c07-4121-4aad-b3a8-ace700d39053,2022-08-04 23:00:00+00:00,Uncasville,Phoenix,previous_game_city
217eb45a-d11e-4786-92b5-2094ae36e548,2022-08-07 02:00:00+00:00,2022-08-06,2022,08ed8274-e29f-4248-bc2e-83cc8ed18d75,08ed8274-e29f-4248-bc2e-83cc8ed18d75,0699edf3-5993-4182-b9b4-ec935cbd4fcc,0699edf3-5993-4182-b9b4-ec935cbd4fcc,0,0,2,0,2,3,Brooklyn,Phoenix,2141.3,-3,eb0be516-5776-4f53-9e6f-398f184f2eb5,2022-08-03 23:00:00+00:00,Brooklyn,Brooklyn,previous_game_city
a36fc37d-017c-479f-a01a-c6e845656d5a,2022-08-07 17:00:00+00:00,2022-08-07,2022,3c409388-ab73-4c7f-953d-3a71062240f6,3c409388-ab73-4c7f-953d-3a71062240f6,a015b02d-845c-40c1-8ef4-844984f47e4d,a015b02d-845c-40c1-8ef4-844984f47e4d,1,0,1,0,1,3,Chicago,Chicago,0.0,0,b0b1aed5-a3da-47dd-870b-d13c9dc2f169,2022-08-06 00:00:00+00:00,Chicago,Chicago,previous_game_city
a36fc37d-017c-479f-a01a-c6e845656d5a,2022-08-07 17:00:00+00:00,2022-08-07,2022,a015b02d-845c-40c1-8ef4-844984f47e4d,a015b02d-845c-40c1-8ef4-844984f47e4d,3c409388-ab73-4c7f-953d-3a71062240f6,3c409388-ab73-4c7f-953d-3a71062240f6,0,0,2,0,1,3,Uncasville,Chicago,800.9,-1,12ce4c07-4121-4aad-b3a8-ace700d39053,2022-08-04 23:00:00+00:00,Uncasville,Uncasville,previous_game_city
a1a512cb-d115-48a5-b4db-0f4a17b54f55,2022-08-07 19:00:00+00:00,2022-08-07,2022,d6a012ed-84aa-48d3-8265-2d3f3ff2199a,d6a012ed-84aa-48d3-8265-2d3f3ff2199a,171b097d-01db-4ae8-9d56-035689402ec6,FR_LVA_ACES,1,0,3,0,1,2,Seattle,Seattle,0.0,0,d0fd263f-ad57-4860-b446-abe495a59bc4,2022-08-04 02:00:00+00:00,Seattle,Seattle,previous_game_city
a1a512cb-d115-48a5-b4db-0f4a17b54f55,2022-08-07 19:00:00+00:00,2022-08-07,2022,171b097d-01db-4ae8-9d56-035689402ec6,FR_LVA_ACES,d6a012ed-84aa-48d3-8265-2d3f3ff2199a,d6a012ed-84aa-48d3-8265-2d3f3ff2199a,0,0,2,0,1,3,Arlington,Seattle,1670.8,-2,ed34d681-591e-4f6f-b4b7-932c2857c98c,2022-08-05 00:00:00+00:00,Arlington,Paradise,previous_game_city
e3ba6cd6-e739-4e49-ab52-7924d9f93056,2022-08-07 19:00:00+00:00,2022-08-07,2022,5c0d47fe-8539-47b0-9f36-d0b3609ca89b,5c0d47fe-8539-47b0-9f36-d0b3609ca89b,0a5ad38d-2fe3-43ba-894b-1ba3d5042ea9,0a5ad38d-2fe3-43ba-894b-1ba3d5042ea9,1,0,1,0,1,3,Chicago,Washington,596.5,1,b0b1aed5-a3da-47dd-870b-d13c9dc2f169,2022-08-06 00:00:00+00:00,Chicago,Washington,previous_game_city
e3ba6cd6-e739-4e49-ab52-7924d9f93056,2022-08-07 19:00:00+00:00,2022-08-07,2022,0a5ad38d-2fe3-43ba-894b-1ba3d5042ea9,0a5ad38d-2fe3-43ba-894b-1ba3d5042ea9,5c0d47fe-8539-47b0-9f36-d0b3609ca89b,5c0d47fe-8539-47b0-9f36-d0b3609ca89b,0,0,1,0,2,4,College Park,Washington,549.4,0,5ef70af6-5ac9-493b-957d-d16d2e25e1f8,2022-08-05 23:30:00+00:00,College Park,Los Angeles,previous_game_city
9cd637f1-5160-4690-a5b3-509dfaaa6359,2022-08-07 23:00:00+00:00,2022-08-07,2022,6f017f37-be96-4bdc-b6d3-0a0429c72e89,6f017f37-be96-4bdc-b6d3-0a0429c72e89,5d70a9af-8c2b-4aec-9e68-9acc6ddb93e4,5d70a9af-8c2b-4aec-9e68-9acc6ddb93e4,1,0,3,0,1,2,Seattle,Minneapolis,1391.7,2,d0fd263f-ad57-4860-b446-abe495a59bc4,2022-08-04 02:00:00+00:00,Seattle,Minneapolis,previous_game_city
9cd637f1-5160-4690-a5b3-509dfaaa6359,2022-08-07 23:00:00+00:00,2022-08-07,2022,5d70a9af-8c2b-4aec-9e68-9acc6ddb93e4,5d70a9af-8c2b-4aec-9e68-9acc6ddb93e4,6f017f37-be96-4bdc-b6d3-0a0429c72e89,6f017f37-be96-4bdc-b6d3-0a0429c72e89,0,0,1,0,2,2,College Park,Minneapolis,912.7,-1,5ef70af6-5ac9-493b-957d-d16d2e25e1f8,2022-08-05 23:30:00+00:00,College Park,College Park,previous_game_city
d08ed992-498e-4754-aeac-d120afcf89eb,2022-08-09 00:00:00+00:00,2022-08-08,2022,5f0b5caf-708b-4300-92f2-53b51d83ec06,5f0b5caf-708b-4300-92f2-53b51d83ec06,08ed8274-e29f-4248-bc2e-83cc8ed18d75,08ed8274-e29f-4248-bc2e-83cc8ed18d75,1,0,1,0,2,3,Arlington,Arlington,0.0,0,f3b062fb-8e19-4eee-9489-693dbb3b0748,2022-08-07 00:00:00+00:00,Arlington,Arlington,previous_game_city
d08ed992-498e-4754-aeac-d120afcf89eb,2022-08-09 00:00:00+00:00,2022-08-08,2022,08ed8274-e29f-4248-bc2e-83cc8ed18d75,08ed8274-e29f-4248-bc2e-83cc8ed18d75,5f0b5caf-708b-4300-92f2-53b51d83ec06,5f0b5caf-708b-4300-92f2-53b51d83ec06,0,0,1,0,1,3,Phoenix,Arlington,866.9,2,217eb45a-d11e-4786-92b5-2094ae36e548,2022-08-07 02:00:00+00:00,Phoenix,Brooklyn,previous_game_city
7e7ad113-f34d-4620-8abf-a716cd2b1874,2022-08-10 00:00:00+00:00,2022-08-09,2022,3c409388-ab73-4c7f-953d-3a71062240f6,3c409388-ab73-4c7f-953d-3a71062240f6,d6a012ed-84aa-48d3-8265-2d3f3ff2199a,d6a012ed-84aa-48d3-8265-2d3f3ff2199a,1,0,1,0,2,3,Chicago,Chicago,0.0,0,a36fc37d-017c-479f-a01a-c6e845656d5a,2022-08-07 17:00:00+00:00,Chicago,Chicago,previous_game_city
7e7ad113-f34d-4620-8abf-a716cd2b1874,2022-08-10 00:00:00+00:00,2022-08-09,2022,d6a012ed-84aa-48d3-8265-2d3f3ff2199a,d6a012ed-84aa-48d3-8265-2d3f3ff2199a,3c409388-ab73-4c7f-953d-3a71062240f6,3c409388-ab73-4c7f-953d-3a71062240f6,0,0,1,0,1,2,Seattle,Chicago,1735.1,2,a1a512cb-d115-48a5-b4db-0f4a17b54f55,2022-08-07 19:00:00+00:00,Seattle,Seattle,previous_game_city
cbfd5453-ef83-406e-b970-4dae19840a8f,2022-08-10 02:00:00+00:00,2022-08-09,2022,171b097d-01db-4ae8-9d56-035689402ec6,FR_LVA_ACES,5d70a9af-8c2b-4aec-9e68-9acc6ddb93e4,5d70a9af-8c2b-4aec-9e68-9acc6ddb93e4,1,0,1,0,1,3,Seattle,Paradise,877.2,0,a1a512cb-d115-48a5-b4db-0f4a17b54f55,2022-08-07 19:00:00+00:00,Seattle,Paradise,previous_game_city
cbfd5453-ef83-406e-b970-4dae19840a8f,2022-08-10 02:00:00+00:00,2022-08-09,2022,5d70a9af-8c2b-4aec-9e68-9acc6ddb93e4,5d70a9af-8c2b-4aec-9e68-9acc6ddb93e4,171b097d-01db-4ae8-9d56-035689402ec6,FR_LVA_ACES,0,0,1,0,2,3,Minneapolis,Paradise,1298.0,-2,9cd637f1-5160-4690-a5b3-509dfaaa6359,2022-08-07 23:00:00+00:00,Minneapolis,College Park,previous_game_city
a05b4e60-542c-4c5c-8221-806599361735,2022-08-10 02:30:00+00:00,2022-08-09,2022,0a5ad38d-2fe3-43ba-894b-1ba3d5042ea9,0a5ad38d-2fe3-43ba-894b-1ba3d5042ea9,a015b02d-845c-40c1-8ef4-844984f47e4d,a015b02d-845c-40c1-8ef4-844984f47e4d,1,0,1,0,2,4,Washington,Los Angeles,2298.4,-3,e3ba6cd6-e739-4e49-ab52-7924d9f93056,2022-08-07 19:00:00+00:00,Washington,Los Angeles,previous_game_city
a05b4e60-542c-4c5c-8221-806599361735,2022-08-10 02:30:00+00:00,2022-08-09,2022,a015b02d-845c-40c1-8ef4-844984f47e4d,a015b02d-845c-40c1-8ef4-844984f47e4d,0a5ad38d-2fe3-43ba-894b-1ba3d5042ea9,0a5ad38d-2fe3-43ba-894b-1ba3d5042ea9,0,0,1,0,1,3,Chicago,Los Angeles,1744.0,-2,a36fc37d-017c-479f-a01a-c6e845656d5a,2022-08-07 17:00:00+00:00,Chicago,Uncasville,previous_game_city
8516664d-028d-4c4f-92a1-b2c362d5c8a6,2022-08-11 00:00:00+00:00,2022-08-10,2022,5f0b5caf-708b-4300-92f2-53b51d83ec06,5f0b5caf-708b-4300-92f2-53b51d83ec06,08ed8274-e29f-4248-bc2e-83cc8ed18d75,08ed8274-e29f-4248-bc2e-83cc8ed18d75,1,0,1,0,2,3,Arlington,Arlington,0.0,0,d08ed992-498e-4754-aeac-d120afcf89eb,2022-08-09 00:00:00+00:00,Arlington,Arlington,previous_game_city
8516664d-028d-4c4f-92a1-b2c362d5c8a6,2022-08-11 00:00:00+00:00,2022-08-10,2022,08ed8274-e29f-4248-bc2e-83cc8ed18d75,08ed8274-e29f-4248-bc2e-83cc8ed18d75,5f0b5caf-708b-4300-92f2-53b51d83ec06,5f0b5caf-708b-4300-92f2-53b51d83ec06,0,0,1,0,2,3,Arlington,Arlington,0.0,0,d08ed992-498e-4754-aeac-d120afcf89eb,2022-08-09 00:00:00+00:00,Arlington,Brooklyn,previous_game_city
f1f285ea-c4cc-4dc8-a274-513794c8044f,2022-08-11 02:00:00+00:00,2022-08-10,2022,0699edf3-5993-4182-b9b4-ec935cbd4fcc,0699edf3-5993-4182-b9b4-ec935cbd4fcc,6f017f37-be96-4bdc-b6d3-0a0429c72e89,6f017f37-be96-4bdc-b6d3-0a0429c72e89,1,0,3,0,1,2,Phoenix,Phoenix,0.0,0,217eb45a-d11e-4786-92b5-2094ae36e548,2022-08-07 02:00:00+00:00,Phoenix,Phoenix,previous_game_city
f1f285ea-c4cc-4dc8-a274-513794c8044f,2022-08-11 02:00:00+00:00,2022-08-10,2022,6f017f37-be96-4bdc-b6d3-0a0429c72e89,6f017f37-be96-4bdc-b6d3-0a0429c72e89,0699edf3-5993-4182-b9b4-ec935cbd4fcc,0699edf3-5993-4182-b9b4-ec935cbd4fcc,0,0,2,0,1,2,Minneapolis,Phoenix,1278.1,-2,9cd637f1-5160-4690-a5b3-509dfaaa6359,2022-08-07 23:00:00+00:00,Minneapolis,Minneapolis,previous_game_city
83358498-f5ef-4819-a706-81a3c05972bf,2022-08-12 02:00:00+00:00,2022-08-11,2022,171b097d-01db-4ae8-9d56-035689402ec6,FR_LVA_ACES,3c409388-ab73-4c7f-953d-3a71062240f6,3c409388-ab73-4c7f-953d-3a71062240f6,1,0,1,0,2,3,Paradise,Paradise,0.0,0,cbfd5453-ef83-406e-b970-4dae19840a8f,2022-08-10 02:00:00+00:00,Paradise,Paradise,previous_game_city
83358498-f5ef-4819-a706-81a3c05972bf,2022-08-12 02:00:00+00:00,2022-08-11,2022,3c409388-ab73-4c7f-953d-3a71062240f6,3c409388-ab73-4c7f-953d-3a71062240f6,171b097d-01db-4ae8-9d56-035689402ec6,FR_LVA_ACES,0,0,1,0,2,3,Chicago,Paradise,1525.6,-2,7e7ad113-f34d-4620-8abf-a716cd2b1874,2022-08-10 00:00:00+00:00,Chicago,Chicago,previous_game_city
cceb7a9e-11c1-40ff-9779-24f2b94e944b,2022-08-12 02:30:00+00:00,2022-08-11,2022,0a5ad38d-2fe3-43ba-894b-1ba3d5042ea9,0a5ad38d-2fe3-43ba-894b-1ba3d5042ea9,a015b02d-845c-40c1-8ef4-844984f47e4d,a015b02d-845c-40c1-8ef4-844984f47e4d,1,0,1,0,2,3,Los Angeles,Los Angeles,0.0,0,a05b4e60-542c-4c5c-8221-806599361735,2022-08-10 02:30:00+00:00,Los Angeles,Los Angeles,previous_game_city
cceb7a9e-11c1-40ff-9779-24f2b94e944b,2022-08-12 02:30:00+00:00,2022-08-11,2022,a015b02d-845c-40c1-8ef4-844984f47e4d,a015b02d-845c-40c1-8ef4-844984f47e4d,0a5ad38d-2fe3-43ba-894b-1ba3d5042ea9,0a5ad38d-2fe3-43ba-894b-1ba3d5042ea9,0,0,1,0,2,3,Los Angeles,Los Angeles,0.0,0,a05b4e60-542c-4c5c-8221-806599361735,2022-08-10 02:30:00+00:00,Los Angeles,Uncasville,previous_game_city
c2942605-12ea-42da-a992-aaa8794b5031,2022-08-12 23:00:00+00:00,2022-08-12,2022,f073a15f-0486-4179-b0a3-dfd0294eb595,f073a15f-0486-4179-b0a3-dfd0294eb595,5c0d47fe-8539-47b0-9f36-d0b3609ca89b,5c0d47fe-8539-47b0-9f36-d0b3609ca89b,1,0,5,0,0,1,Indianapolis,Indianapolis,2.3,0,f3b062fb-8e19-4eee-9489-693dbb3b0748,2022-08-07 00:00:00+00:00,Arlington,Indianapolis,home_city
c2942605-12ea-42da-a992-aaa8794b5031,2022-08-12 23:00:00+00:00,2022-08-12,2022,5c0d47fe-8539-47b0-9f36-d0b3609ca89b,5c0d47fe-8539-47b0-9f36-d0b3609ca89b,f073a15f-0486-4179-b0a3-dfd0294eb595,f073a15f-0486-4179-b0a3-dfd0294eb595,0,0,4,0,0,2,Washington,Indianapolis,494.9,0,e3ba6cd6-e739-4e49-ab52-7924d9f93056,2022-08-07 19:00:00+00:00,Washington,Washington,home_city
a235769c-be11-4024-97a1-eb0e83034fd8,2022-08-12 23:30:00+00:00,2022-08-12,2022,5d70a9af-8c2b-4aec-9e68-9acc6ddb93e4,5d70a9af-8c2b-4aec-9e68-9acc6ddb93e4,08ed8274-e29f-4248-bc2e-83cc8ed18d75,08ed8274-e29f-4248-bc2e-83cc8ed18d75,1,0,2,0,1,3,Paradise,College Park,1742.5,3,cbfd5453-ef83-406e-b970-4dae19840a8f,2022-08-10 02:00:00+00:00,Paradise,College Park,previous_game_city
a235769c-be11-4024-97a1-eb0e83034fd8,2022-08-12 23:30:00+00:00,2022-08-12,2022,08ed8274-e29f-4248-bc2e-83cc8ed18d75,08ed8274-e29f-4248-bc2e-83cc8ed18d75,5d70a9af-8c2b-4aec-9e68-9acc6ddb93e4,5d70a9af-8c2b-4aec-9e68-9acc6ddb93e4,0,0,1,0,2,3,Arlington,College Park,733.7,1,8516664d-028d-4c4f-92a1-b2c362d5c8a6,2022-08-11 00:00:00+00:00,Arlington,Brooklyn,previous_game_city
486f979a-70a7-4789-8776-e622acb39c72,2022-08-13 01:00:00+00:00,2022-08-12,2022,6f017f37-be96-4bdc-b6d3-0a0429c72e89,6f017f37-be96-4bdc-b6d3-0a0429c72e89,d6a012ed-84aa-48d3-8265-2d3f3ff2199a,d6a012ed-84aa-48d3-8265-2d3f3ff2199a,1,0,1,0,1,2,Phoenix,Minneapolis,1278.1,2,f1f285ea-c4cc-4dc8-a274-513794c8044f,2022-08-11 02:00:00+00:00,Phoenix,Minneapolis,previous_game_city
486f979a-70a7-4789-8776-e622acb39c72,2022-08-13 01:00:00+00:00,2022-08-12,2022,d6a012ed-84aa-48d3-8265-2d3f3ff2199a,d6a012ed-84aa-48d3-8265-2d3f3ff2199a,6f017f37-be96-4bdc-b6d3-0a0429c72e89,6f017f37-be96-4bdc-b6d3-0a0429c72e89,0,0,2,0,1,2,Chicago,Minneapolis,356.5,0,7e7ad113-f34d-4620-8abf-a716cd2b1874,2022-08-10 00:00:00+00:00,Chicago,Seattle,previous_game_city
b1f899dd-f07e-4600-ae2d-4b1cac2affe1,2022-08-13 02:00:00+00:00,2022-08-12,2022,0699edf3-5993-4182-b9b4-ec935cbd4fcc,0699edf3-5993-4182-b9b4-ec935cbd4fcc,5f0b5caf-708b-4300-92f2-53b51d83ec06,5f0b5caf-708b-4300-92f2-53b51d83ec06,1,0,1,0,1,2,Phoenix,Phoenix,0.0,0,f1f285ea-c4cc-4dc8-a274-513794c8044f,2022-08-11 02:00:00+00:00,Phoenix,Phoenix,previous_game_city
b1f899dd-f07e-4600-ae2d-4b1cac2affe1,2022-08-13 02:00:00+00:00,2022-08-12,2022,5f0b5caf-708b-4300-92f2-53b51d83ec06,5f0b5caf-708b-4300-92f2-53b51d83ec06,0699edf3-5993-4182-b9b4-ec935cbd4fcc,0699edf3-5993-4182-b9b4-ec935cbd4fcc,0,0,1,0,2,3,Arlington,Phoenix,866.9,-2,8516664d-028d-4c4f-92a1-b2c362d5c8a6,2022-08-11 00:00:00+00:00,Arlington,Arlington,previous_game_city
a8ad5f4e-6956-4eb9-bc93-a915e4bda31b,2022-08-14 17:00:00+00:00,2022-08-14,2022,a015b02d-845c-40c1-8ef4-844984f47e4d,a015b02d-845c-40c1-8ef4-844984f47e4d,6f017f37-be96-4bdc-b6d3-0a0429c72e89,6f017f37-be96-4bdc-b6d3-0a0429c72e89,1,0,2,0,1,3,Los Angeles,Uncasville,2543.2,3,cceb7a9e-11c1-40ff-9779-24f2b94e944b,2022-08-12 02:30:00+00:00,Los Angeles,Uncasville,previous_game_city
a8ad5f4e-6956-4eb9-bc93-a915e4bda31b,2022-08-14 17:00:00+00:00,2022-08-14,2022,6f017f37-be96-4bdc-b6d3-0a0429c72e89,6f017f37-be96-4bdc-b6d3-0a0429c72e89,a015b02d-845c-40c1-8ef4-844984f47e4d,a015b02d-845c-40c1-8ef4-844984f47e4d,0,0,1,0,2,3,Minneapolis,Uncasville,1090.0,1,486f979a-70a7-4789-8776-e622acb39c72,2022-08-13 01:00:00+00:00,Minneapolis,Minneapolis,previous_game_city
3994c5c2-70df-47ad-8bd3-04a03a9b8554,2022-08-14 18:00:00+00:00,2022-08-14,2022,08ed8274-e29f-4248-bc2e-83cc8ed18d75,08ed8274-e29f-4248-bc2e-83cc8ed18d75,5d70a9af-8c2b-4aec-9e68-9acc6ddb93e4,5d70a9af-8c2b-4aec-9e68-9acc6ddb93e4,1,0,1,0,2,3,College Park,Brooklyn,753.7,0,a235769c-be11-4024-97a1-eb0e83034fd8,2022-08-12 23:30:00+00:00,College Park,Brooklyn,previous_game_city
3994c5c2-70df-47ad-8bd3-04a03a9b8554,2022-08-14 18:00:00+00:00,2022-08-14,2022,5d70a9af-8c2b-4aec-9e68-9acc6ddb93e4,5d70a9af-8c2b-4aec-9e68-9acc6ddb93e4,08ed8274-e29f-4248-bc2e-83cc8ed18d75,08ed8274-e29f-4248-bc2e-83cc8ed18d75,0,0,1,0,1,3,College Park,Brooklyn,753.7,0,a235769c-be11-4024-97a1-eb0e83034fd8,2022-08-12 23:30:00+00:00,College Park,College Park,previous_game_city
73670ea0-8aa1-49ad-9260-c3e6e71c6618,2022-08-14 19:00:00+00:00,2022-08-14,2022,171b097d-01db-4ae8-9d56-035689402ec6,FR_LVA_ACES,d6a012ed-84aa-48d3-8265-2d3f3ff2199a,d6a012ed-84aa-48d3-8265-2d3f3ff2199a,1,0,2,0,1,3,Paradise,Paradise,0.0,0,83358498-f5ef-4819-a706-81a3c05972bf,2022-08-12 02:00:00+00:00,Paradise,Paradise,previous_game_city
73670ea0-8aa1-49ad-9260-c3e6e71c6618,2022-08-14 19:00:00+00:00,2022-08-14,2022,d6a012ed-84aa-48d3-8265-2d3f3ff2199a,d6a012ed-84aa-48d3-8265-2d3f3ff2199a,171b097d-01db-4ae8-9d56-035689402ec6,FR_LVA_ACES,0,0,1,0,1,3,Minneapolis,Paradise,1298.0,-2,486f979a-70a7-4789-8776-e622acb39c72,2022-08-13 01:00:00+00:00,Minneapolis,Seattle,previous_game_city
f552caff-7ab9-4393-a17b-8b700f7124a1,2022-08-14 19:00:00+00:00,2022-08-14,2022,5c0d47fe-8539-47b0-9f36-d0b3609ca89b,5c0d47fe-8539-47b0-9f36-d0b3609ca89b,f073a15f-0486-4179-b0a3-dfd0294eb595,f073a15f-0486-4179-b0a3-dfd0294eb595,1,0,1,0,1,2,Indianapolis,Washington,494.9,0,c2942605-12ea-42da-a992-aaa8794b5031,2022-08-12 23:00:00+00:00,Indianapolis,Washington,previous_game_city
f552caff-7ab9-4393-a17b-8b700f7124a1,2022-08-14 19:00:00+00:00,2022-08-14,2022,f073a15f-0486-4179-b0a3-dfd0294eb595,f073a15f-0486-4179-b0a3-dfd0294eb595,5c0d47fe-8539-47b0-9f36-d0b3609ca89b,5c0d47fe-8539-47b0-9f36-d0b3609ca89b,0,0,1,0,1,1,Indianapolis,Washington,494.9,0,c2942605-12ea-42da-a992-aaa8794b5031,2022-08-12 23:00:00+00:00,Indianapolis,Indianapolis,previous_game_city
4fc118a6-8d0a-4482-8dd8-91e347494850,2022-08-14 21:00:00+00:00,2022-08-14,2022,0699edf3-5993-4182-b9b4-ec935cbd4fcc,0699edf3-5993-4182-b9b4-ec935cbd4fcc,3c409388-ab73-4c7f-953d-3a71062240f6,3c409388-ab73-4c7f-953d-3a71062240f6,1,0,1,0,2,2,Phoenix,Phoenix,0.0,0,b1f899dd-f07e-4600-ae2d-4b1cac2affe1,2022-08-13 02:00:00+00:00,Phoenix,Phoenix,previous_game_city
4fc118a6-8d0a-4482-8dd8-91e347494850,2022-08-14 21:00:00+00:00,2022-08-14,2022,3c409388-ab73-4c7f-953d-3a71062240f6,3c409388-ab73-4c7f-953d-3a71062240f6,0699edf3-5993-4182-b9b4-ec935cbd4fcc,0699edf3-5993-4182-b9b4-ec935cbd4fcc,0,0,2,0,1,3,Paradise,Phoenix,253.9,0,83358498-f5ef-4819-a706-81a3c05972bf,2022-08-12 02:00:00+00:00,Paradise,Chicago,previous_game_city
67d644f5-5ff7-41f3-9581-3925f88a4f7b,2022-08-14 23:00:00+00:00,2022-08-14,2022,0a5ad38d-2fe3-43ba-894b-1ba3d5042ea9,0a5ad38d-2fe3-43ba-894b-1ba3d5042ea9,5f0b5caf-708b-4300-92f2-53b51d83ec06,5f0b5caf-708b-4300-92f2-53b51d83ec06,1,0,2,0,1,3,Los Angeles,Los Angeles,0.0,0,cceb7a9e-11c1-40ff-9779-24f2b94e944b,2022-08-12 02:30:00+00:00,Los Angeles,Los Angeles,previous_game_city
67d644f5-5ff7-41f3-9581-3925f88a4f7b,2022-08-14 23:00:00+00:00,2022-08-14,2022,5f0b5caf-708b-4300-92f2-53b51d83ec06,5f0b5caf-708b-4300-92f2-53b51d83ec06,0a5ad38d-2fe3-43ba-894b-1ba3d5042ea9,0a5ad38d-2fe3-43ba-894b-1ba3d5042ea9,0,0,1,0,2,3,Phoenix,Los Angeles,358.3,0,b1f899dd-f07e-4600-ae2d-4b1cac2affe1,2022-08-13 02:00:00+00:00,Phoenix,Arlington,previous_game_city
02eb3caa-50f7-4937-b766-1b53654311c0,2022-08-18 00:00:00+00:00,2022-08-17,2022,3c409388-ab73-4c7f-953d-3a71062240f6,3c409388-ab73-4c7f-953d-3a71062240f6,08ed8274-e29f-4248-bc2e-83cc8ed18d75,08ed8274-e29f-4248-bc2e-83cc8ed18d75,1,1,2,0,1,2,Phoenix,Chicago,1451.7,2,4fc118a6-8d0a-4482-8dd8-91e347494850,2022-08-14 21:00:00+00:00,Phoenix,Chicago,previous_game_city
02eb3caa-50f7-4937-b766-1b53654311c0,2022-08-18 00:00:00+00:00,2022-08-17,2022,08ed8274-e29f-4248-bc2e-83cc8ed18d75,08ed8274-e29f-4248-bc2e-83cc8ed18d75,3c409388-ab73-4c7f-953d-3a71062240f6,3c409388-ab73-4c7f-953d-3a71062240f6,0,1,2,0,1,3,Brooklyn,Chicago,712.5,-1,3994c5c2-70df-47ad-8bd3-04a03a9b8554,2022-08-14 18:00:00+00:00,Brooklyn,Brooklyn,previous_game_city
57e644e8-3fe6-46da-bed5-f6a7c632b32c,2022-08-18 02:00:00+00:00,2022-08-17,2022,171b097d-01db-4ae8-9d56-035689402ec6,FR_LVA_ACES,0699edf3-5993-4182-b9b4-ec935cbd4fcc,0699edf3-5993-4182-b9b4-ec935cbd4fcc,1,1,2,0,1,2,Paradise,Paradise,0.0,0,73670ea0-8aa1-49ad-9260-c3e6e71c6618,2022-08-14 19:00:00+00:00,Paradise,Paradise,previous_game_city
57e644e8-3fe6-46da-bed5-f6a7c632b32c,2022-08-18 02:00:00+00:00,2022-08-17,2022,0699edf3-5993-4182-b9b4-ec935cbd4fcc,0699edf3-5993-4182-b9b4-ec935cbd4fcc,171b097d-01db-4ae8-9d56-035689402ec6,FR_LVA_ACES,0,1,2,0,1,3,Phoenix,Paradise,253.9,0,4fc118a6-8d0a-4482-8dd8-91e347494850,2022-08-14 21:00:00+00:00,Phoenix,Phoenix,previous_game_city
19637fe4-87a5-4751-ba35-48972ac4f5ef,2022-08-19 00:00:00+00:00,2022-08-18,2022,a015b02d-845c-40c1-8ef4-844984f47e4d,a015b02d-845c-40c1-8ef4-844984f47e4d,5f0b5caf-708b-4300-92f2-53b51d83ec06,5f0b5caf-708b-4300-92f2-53b51d83ec06,1,1,3,0,1,2,Uncasville,Uncasville,0.0,0,a8ad5f4e-6956-4eb9-bc93-a915e4bda31b,2022-08-14 17:00:00+00:00,Uncasville,Uncasville,previous_game_city
19637fe4-87a5-4751-ba35-48972ac4f5ef,2022-08-19 00:00:00+00:00,2022-08-18,2022,5f0b5caf-708b-4300-92f2-53b51d83ec06,5f0b5caf-708b-4300-92f2-53b51d83ec06,a015b02d-845c-40c1-8ef4-844984f47e4d,a015b02d-845c-40c1-8ef4-844984f47e4d,0,1,3,0,1,2,Los Angeles,Uncasville,2543.2,3,67d644f5-5ff7-41f3-9581-3925f88a4f7b,2022-08-14 23:00:00+00:00,Los Angeles,Arlington,previous_game_city
e6035ef2-bdc9-4a76-affb-c384c1fe38df,2022-08-19 02:00:00+00:00,2022-08-18,2022,d6a012ed-84aa-48d3-8265-2d3f3ff2199a,d6a012ed-84aa-48d3-8265-2d3f3ff2199a,5c0d47fe-8539-47b0-9f36-d0b3609ca89b,5c0d47fe-8539-47b0-9f36-d0b3609ca89b,1,1,3,0,1,2,Paradise,Seattle,877.2,0,73670ea0-8aa1-49ad-9260-c3e6e71c6618,2022-08-14 19:00:00+00:00,Paradise,Seattle,previous_game_city
e6035ef2-bdc9-4a76-affb-c384c1fe38df,2022-08-19 02:00:00+00:00,2022-08-18,2022,5c0d47fe-8539-47b0-9f36-d0b3609ca89b,5c0d47fe-8539-47b0-9f36-d0b3609ca89b,d6a012ed-84aa-48d3-8265-2d3f3ff2199a,d6a012ed-84aa-48d3-8265-2d3f3ff2199a,0,1,3,0,1,2,Washington,Seattle,2326.8,-3,f552caff-7ab9-4393-a17b-8b700f7124a1,2022-08-14 19:00:00+00:00,Washington,Washington,previous_game_city
b9cf745b-36a1-404e-8159-78d719742a6b,2022-08-20 16:00:00+00:00,2022-08-20,2022,3c409388-ab73-4c7f-953d-3a71062240f6,3c409388-ab73-4c7f-953d-3a71062240f6,08ed8274-e29f-4248-bc2e-83cc8ed18d75,08ed8274-e29f-4248-bc2e-83cc8ed18d75,1,1,2,0,1,2,Chicago,Chicago,0.0,0,02eb3caa-50f7-4937-b766-1b53654311c0,2022-08-18 00:00:00+00:00,Chicago,Chicago,previous_game_city
b9cf745b-36a1-404e-8159-78d719742a6b,2022-08-20 16:00:00+00:00,2022-08-20,2022,08ed8274-e29f-4248-bc2e-83cc8ed18d75,08ed8274-e29f-4248-bc2e-83cc8ed18d75,3c409388-ab73-4c7f-953d-3a71062240f6,3c409388-ab73-4c7f-953d-3a71062240f6,0,1,2,0,1,2,Chicago,Chicago,0.0,0,02eb3caa-50f7-4937-b766-1b53654311c0,2022-08-18 00:00:00+00:00,Chicago,Brooklyn,previous_game_city
aa8335fa-cdcc-4ec6-84f5-9a5595b7fe23,2022-08-21 01:00:00+00:00,2022-08-20,2022,171b097d-01db-4ae8-9d56-035689402ec6,FR_LVA_ACES,0699edf3-5993-4182-b9b4-ec935cbd4fcc,0699edf3-5993-4182-b9b4-ec935cbd4fcc,1,1,2,0,1,2,Paradise,Paradise,0.0,0,57e644e8-3fe6-46da-bed5-f6a7c632b32c,2022-08-18 02:00:00+00:00,Paradise,Paradise,previous_game_city
aa8335fa-cdcc-4ec6-84f5-9a5595b7fe23,2022-08-21 01:00:00+00:00,2022-08-20,2022,0699edf3-5993-4182-b9b4-ec935cbd4fcc,0699edf3-5993-4182-b9b4-ec935cbd4fcc,171b097d-01db-4ae8-9d56-035689402ec6,FR_LVA_ACES,0,1,2,0,1,2,Paradise,Paradise,0.0,0,57e644e8-3fe6-46da-bed5-f6a7c632b32c,2022-08-18 02:00:00+00:00,Paradise,Phoenix,previous_game_city
5271c8a5-1f21-411e-b70a-c15cfafd8085,2022-08-21 16:00:00+00:00,2022-08-21,2022,a015b02d-845c-40c1-8ef4-844984f47e4d,a015b02d-845c-40c1-8ef4-844984f47e4d,5f0b5caf-708b-4300-92f2-53b51d83ec06,5f0b5caf-708b-4300-92f2-53b51d83ec06,1,1,2,0,1,2,Uncasville,Uncasville,0.0,0,19637fe4-87a5-4751-ba35-48972ac4f5ef,2022-08-19 00:00:00+00:00,Uncasville,Uncasville,previous_game_city
5271c8a5-1f21-411e-b70a-c15cfafd8085,2022-08-21 16:00:00+00:00,2022-08-21,2022,5f0b5caf-708b-4300-92f2-53b51d83ec06,5f0b5caf-708b-4300-92f2-53b51d83ec06,a015b02d-845c-40c1-8ef4-844984f47e4d,a015b02d-845c-40c1-8ef4-844984f47e4d,0,1,2,0,1,2,Uncasville,Uncasville,0.0,0,19637fe4-87a5-4751-ba35-48972ac4f5ef,2022-08-19 00:00:00+00:00,Uncasville,Arlington,previous_game_city
1594e504-9b7a-40a9-a4f2-0fca7e19b6a5,2022-08-21 20:00:00+00:00,2022-08-21,2022,d6a012ed-84aa-48d3-8265-2d3f3ff2199a,d6a012ed-84aa-48d3-8265-2d3f3ff2199a,5c0d47fe-8539-47b0-9f36-d0b3609ca89b,5c0d47fe-8539-47b0-9f36-d0b3609ca89b,1,1,2,0,1,2,Seattle,Seattle,0.0,0,e6035ef2-bdc9-4a76-affb-c384c1fe38df,2022-08-19 02:00:00+00:00,Seattle,Seattle,previous_game_city
1594e504-9b7a-40a9-a4f2-0fca7e19b6a5,2022-08-21 20:00:00+00:00,2022-08-21,2022,5c0d47fe-8539-47b0-9f36-d0b3609ca89b,5c0d47fe-8539-47b0-9f36-d0b3609ca89b,d6a012ed-84aa-48d3-8265-2d3f3ff2199a,d6a012ed-84aa-48d3-8265-2d3f3ff2199a,0,1,2,0,1,2,Seattle,Seattle,0.0,0,e6035ef2-bdc9-4a76-affb-c384c1fe38df,2022-08-19 02:00:00+00:00,Seattle,Washington,previous_game_city
8deab0c2-7f9f-4d64-b690-00a846aa1a49,2022-08-24 01:00:00+00:00,2022-08-23,2022,08ed8274-e29f-4248-bc2e-83cc8ed18d75,08ed8274-e29f-4248-bc2e-83cc8ed18d75,3c409388-ab73-4c7f-953d-3a71062240f6,3c409388-ab73-4c7f-953d-3a71062240f6,1,1,2,0,1,2,Chicago,Brooklyn,712.5,1,b9cf745b-36a1-404e-8159-78d719742a6b,2022-08-20 16:00:00+00:00,Chicago,Brooklyn,previous_game_city
8deab0c2-7f9f-4d64-b690-00a846aa1a49,2022-08-24 01:00:00+00:00,2022-08-23,2022,3c409388-ab73-4c7f-953d-3a71062240f6,3c409388-ab73-4c7f-953d-3a71062240f6,08ed8274-e29f-4248-bc2e-83cc8ed18d75,08ed8274-e29f-4248-bc2e-83cc8ed18d75,0,1,2,0,1,2,Chicago,Brooklyn,712.5,1,b9cf745b-36a1-404e-8159-78d719742a6b,2022-08-20 16:00:00+00:00,Chicago,Chicago,previous_game_city
5dcadd58-7a20-4983-815d-1e7bd615b9f8,2022-08-25 01:00:00+00:00,2022-08-24,2022,5f0b5caf-708b-4300-92f2-53b51d83ec06,5f0b5caf-708b-4300-92f2-53b51d83ec06,a015b02d-845c-40c1-8ef4-844984f47e4d,a015b02d-845c-40c1-8ef4-844984f47e4d,1,1,2,0,1,2,Uncasville,Arlington,1498.5,-1,5271c8a5-1f21-411e-b70a-c15cfafd8085,2022-08-21 16:00:00+00:00,Uncasville,Arlington,previous_game_city
5dcadd58-7a20-4983-815d-1e7bd615b9f8,2022-08-25 01:00:00+00:00,2022-08-24,2022,a015b02d-845c-40c1-8ef4-844984f47e4d,a015b02d-845c-40c1-8ef4-844984f47e4d,5f0b5caf-708b-4300-92f2-53b51d83ec06,5f0b5caf-708b-4300-92f2-53b51d83ec06,0,1,2,0,1,2,Uncasville,Arlington,1498.5,-1,5271c8a5-1f21-411e-b70a-c15cfafd8085,2022-08-21 16:00:00+00:00,Uncasville,Uncasville,previous_game_city
1c387b51-a52b-488a-9d26-1b1bfa1070a6,2022-08-28 20:00:00+00:00,2022-08-28,2022,171b097d-01db-4ae8-9d56-035689402ec6,FR_LVA_ACES,d6a012ed-84aa-48d3-8265-2d3f3ff2199a,d6a012ed-84aa-48d3-8265-2d3f3ff2199a,1,1,7,0,0,0,Paradise,Paradise,0.0,0,aa8335fa-cdcc-4ec6-84f5-9a5595b7fe23,2022-08-21 01:00:00+00:00,Paradise,Paradise,home_city
1c387b51-a52b-488a-9d26-1b1bfa1070a6,2022-08-28 20:00:00+00:00,2022-08-28,2022,d6a012ed-84aa-48d3-8265-2d3f3ff2199a,d6a012ed-84aa-48d3-8265-2d3f3ff2199a,171b097d-01db-4ae8-9d56-035689402ec6,FR_LVA_ACES,0,1,6,0,0,1,Seattle,Paradise,877.2,0,1594e504-9b7a-40a9-a4f2-0fca7e19b6a5,2022-08-21 20:00:00+00:00,Seattle,Seattle,home_city
d5c6c2e0-6c81-40c8-ad9d-c55f2f6b304d,2022-08-29 00:00:00+00:00,2022-08-28,2022,3c409388-ab73-4c7f-953d-3a71062240f6,3c409388-ab73-4c7f-953d-3a71062240f6,a015b02d-845c-40c1-8ef4-844984f47e4d,a015b02d-845c-40c1-8ef4-844984f47e4d,1,1,4,0,0,1,Chicago,Chicago,0.0,0,8deab0c2-7f9f-4d64-b690-00a846aa1a49,2022-08-24 01:00:00+00:00,Brooklyn,Chicago,home_city
d5c6c2e0-6c81-40c8-ad9d-c55f2f6b304d,2022-08-29 00:00:00+00:00,2022-08-28,2022,a015b02d-845c-40c1-8ef4-844984f47e4d,a015b02d-845c-40c1-8ef4-844984f47e4d,3c409388-ab73-4c7f-953d-3a71062240f6,3c409388-ab73-4c7f-953d-3a71062240f6,0,1,3,0,1,2,Arlington,Chicago,817.0,0,5dcadd58-7a20-4983-815d-1e7bd615b9f8,2022-08-25 01:00:00+00:00,Arlington,Uncasville,previous_game_city
0a7be8bf-2a28-40a8-ac60-bce7abca4334,2022-09-01 00:00:00+00:00,2022-08-31,2022,3c409388-ab73-4c7f-953d-3a71062240f6,3c409388-ab73-4c7f-953d-3a71062240f6,a015b02d-845c-40c1-8ef4-844984f47e4d,a015b02d-845c-40c1-8ef4-844984f47e4d,1,1,2,0,1,1,Chicago,Chicago,0.0,0,d5c6c2e0-6c81-40c8-ad9d-c55f2f6b304d,2022-08-29 00:00:00+00:00,Chicago,Chicago,previous_game_city
0a7be8bf-2a28-40a8-ac60-bce7abca4334,2022-09-01 00:00:00+00:00,2022-08-31,2022,a015b02d-845c-40c1-8ef4-844984f47e4d,a015b02d-845c-40c1-8ef4-844984f47e4d,3c409388-ab73-4c7f-953d-3a71062240f6,3c409388-ab73-4c7f-953d-3a71062240f6,0,1,2,0,1,2,Chicago,Chicago,0.0,0,d5c6c2e0-6c81-40c8-ad9d-c55f2f6b304d,2022-08-29 00:00:00+00:00,Chicago,Uncasville,previous_game_city
bc8a015c-8f4c-414d-972a-951a05a87902,2022-09-01 02:00:00+00:00,2022-08-31,2022,171b097d-01db-4ae8-9d56-035689402ec6,FR_LVA_ACES,d6a012ed-84aa-48d3-8265-2d3f3ff2199a,d6a012ed-84aa-48d3-8265-2d3f3ff2199a,1,1,2,0,1,1,Paradise,Paradise,0.0,0,1c387b51-a52b-488a-9d26-1b1bfa1070a6,2022-08-28 20:00:00+00:00,Paradise,Paradise,previous_game_city
bc8a015c-8f4c-414d-972a-951a05a87902,2022-09-01 02:00:00+00:00,2022-08-31,2022,d6a012ed-84aa-48d3-8265-2d3f3ff2199a,d6a012ed-84aa-48d3-8265-2d3f3ff2199a,171b097d-01db-4ae8-9d56-035689402ec6,FR_LVA_ACES,0,1,2,0,1,1,Paradise,Paradise,0.0,0,1c387b51-a52b-488a-9d26-1b1bfa1070a6,2022-08-28 20:00:00+00:00,Paradise,Seattle,previous_game_city
bec61fbb-5c68-4715-8cb5-6c2c4702ca8b,2022-09-04 17:00:00+00:00,2022-09-04,2022,a015b02d-845c-40c1-8ef4-844984f47e4d,a015b02d-845c-40c1-8ef4-844984f47e4d,3c409388-ab73-4c7f-953d-3a71062240f6,3c409388-ab73-4c7f-953d-3a71062240f6,1,1,3,0,1,2,Chicago,Uncasville,800.9,1,0a7be8bf-2a28-40a8-ac60-bce7abca4334,2022-09-01 00:00:00+00:00,Chicago,Uncasville,previous_game_city
bec61fbb-5c68-4715-8cb5-6c2c4702ca8b,2022-09-04 17:00:00+00:00,2022-09-04,2022,3c409388-ab73-4c7f-953d-3a71062240f6,3c409388-ab73-4c7f-953d-3a71062240f6,a015b02d-845c-40c1-8ef4-844984f47e4d,a015b02d-845c-40c1-8ef4-844984f47e4d,0,1,3,0,1,2,Chicago,Uncasville,800.9,1,0a7be8bf-2a28-40a8-ac60-bce7abca4334,2022-09-01 00:00:00+00:00,Chicago,Chicago,previous_game_city
92e6bf66-e257-4cfc-9104-da158a115c64,2022-09-04 19:00:00+00:00,2022-09-04,2022,d6a012ed-84aa-48d3-8265-2d3f3ff2199a,d6a012ed-84aa-48d3-8265-2d3f3ff2199a,171b097d-01db-4ae8-9d56-035689402ec6,FR_LVA_ACES,1,1,3,0,1,2,Paradise,Seattle,877.2,0,bc8a015c-8f4c-414d-972a-951a05a87902,2022-09-01 02:00:00+00:00,Paradise,Seattle,previous_game_city
92e6bf66-e257-4cfc-9104-da158a115c64,2022-09-04 19:00:00+00:00,2022-09-04,2022,171b097d-01db-4ae8-9d56-035689402ec6,FR_LVA_ACES,d6a012ed-84aa-48d3-8265-2d3f3ff2199a,d6a012ed-84aa-48d3-8265-2d3f3ff2199a,0,1,3,0,1,2,Paradise,Seattle,877.2,0,bc8a015c-8f4c-414d-972a-951a05a87902,2022-09-01 02:00:00+00:00,Paradise,Paradise,previous_game_city
4f952440-c563-441f-be47-010066ab49fa,2022-09-07 00:00:00+00:00,2022-09-06,2022,a015b02d-845c-40c1-8ef4-844984f47e4d,a015b02d-845c-40c1-8ef4-844984f47e4d,3c409388-ab73-4c7f-953d-3a71062240f6,3c409388-ab73-4c7f-953d-3a71062240f6,1,1,1,0,1,2,Uncasville,Uncasville,0.0,0,bec61fbb-5c68-4715-8cb5-6c2c4702ca8b,2022-09-04 17:00:00+00:00,Uncasville,Uncasville,previous_game_city
4f952440-c563-441f-be47-010066ab49fa,2022-09-07 00:00:00+00:00,2022-09-06,2022,3c409388-ab73-4c7f-953d-3a71062240f6,3c409388-ab73-4c7f-953d-3a71062240f6,a015b02d-845c-40c1-8ef4-844984f47e4d,a015b02d-845c-40c1-8ef4-844984f47e4d,0,1,1,0,1,2,Uncasville,Uncasville,0.0,0,bec61fbb-5c68-4715-8cb5-6c2c4702ca8b,2022-09-04 17:00:00+00:00,Uncasville,Chicago,previous_game_city
952547d5-99b7-4e29-8cba-ba41ae7b72e1,2022-09-07 02:00:00+00:00,2022-09-06,2022,d6a012ed-84aa-48d3-8265-2d3f3ff2199a,d6a012ed-84aa-48d3-8265-2d3f3ff2199a,171b097d-01db-4ae8-9d56-035689402ec6,FR_LVA_ACES,1,1,1,0,1,2,Seattle,Seattle,0.0,0,92e6bf66-e257-4cfc-9104-da158a115c64,2022-09-04 19:00:00+00:00,Seattle,Seattle,previous_game_city
952547d5-99b7-4e29-8cba-ba41ae7b72e1,2022-09-07 02:00:00+00:00,2022-09-06,2022,171b097d-01db-4ae8-9d56-035689402ec6,FR_LVA_ACES,d6a012ed-84aa-48d3-8265-2d3f3ff2199a,d6a012ed-84aa-48d3-8265-2d3f3ff2199a,0,1,1,0,1,2,Seattle,Seattle,0.0,0,92e6bf66-e257-4cfc-9104-da158a115c64,2022-09-04 19:00:00+00:00,Seattle,Paradise,previous_game_city
d399e44e-1905-44bc-91af-b91cfbf94913,2022-09-09 00:00:00+00:00,2022-09-08,2022,3c409388-ab73-4c7f-953d-3a71062240f6,3c409388-ab73-4c7f-953d-3a71062240f6,a015b02d-845c-40c1-8ef4-844984f47e4d,a015b02d-845c-40c1-8ef4-844984f47e4d,1,1,1,0,2,2,Uncasville,Chicago,800.9,-1,4f952440-c563-441f-be47-010066ab49fa,2022-09-07 00:00:00+00:00,Uncasville,Chicago,previous_game_city
d399e44e-1905-44bc-91af-b91cfbf94913,2022-09-09 00:00:00+00:00,2022-09-08,2022,a015b02d-845c-40c1-8ef4-844984f47e4d,a015b02d-845c-40c1-8ef4-844984f47e4d,3c409388-ab73-4c7f-953d-3a71062240f6,3c409388-ab73-4c7f-953d-3a71062240f6,0,1,1,0,2,2,Uncasville,Chicago,800.9,-1,4f952440-c563-441f-be47-010066ab49fa,2022-09-07 00:00:00+00:00,Uncasville,Uncasville,previous_game_city
d13fb4ea-9119-47f7-ad23-5d91cee9e41d,2022-09-11 19:00:00+00:00,2022-09-11,2022,171b097d-01db-4ae8-9d56-035689402ec6,FR_LVA_ACES,a015b02d-845c-40c1-8ef4-844984f47e4d,a015b02d-845c-40c1-8ef4-844984f47e4d,1,1,4,0,0,2,Paradise,Paradise,0.0,0,952547d5-99b7-4e29-8cba-ba41ae7b72e1,2022-09-07 02:00:00+00:00,Seattle,Paradise,home_city
d13fb4ea-9119-47f7-ad23-5d91cee9e41d,2022-09-11 19:00:00+00:00,2022-09-11,2022,a015b02d-845c-40c1-8ef4-844984f47e4d,a015b02d-845c-40c1-8ef4-844984f47e4d,171b097d-01db-4ae8-9d56-035689402ec6,FR_LVA_ACES,0,1,2,0,1,3,Chicago,Paradise,1525.6,-2,d399e44e-1905-44bc-91af-b91cfbf94913,2022-09-09 00:00:00+00:00,Chicago,Uncasville,previous_game_city
91e5511e-627e-4940-8471-5ddaaa33a5e9,2022-09-14 01:00:00+00:00,2022-09-13,2022,171b097d-01db-4ae8-9d56-035689402ec6,FR_LVA_ACES,a015b02d-845c-40c1-8ef4-844984f47e4d,a015b02d-845c-40c1-8ef4-844984f47e4d,1,1,1,0,1,2,Paradise,Paradise,0.0,0,d13fb4ea-9119-47f7-ad23-5d91cee9e41d,2022-09-11 19:00:00+00:00,Paradise,Paradise,previous_game_city
91e5511e-627e-4940-8471-5ddaaa33a5e9,2022-09-14 01:00:00+00:00,2022-09-13,2022,a015b02d-845c-40c1-8ef4-844984f47e4d,a015b02d-845c-40c1-8ef4-844984f47e4d,171b097d-01db-4ae8-9d56-035689402ec6,FR_LVA_ACES,0,1,1,0,1,3,Paradise,Paradise,0.0,0,d13fb4ea-9119-47f7-ad23-5d91cee9e41d,2022-09-11 19:00:00+00:00,Paradise,Uncasville,previous_game_city
acea56af-565b-468e-aebf-740815401ac4,2022-09-16 01:00:00+00:00,2022-09-15,2022,a015b02d-845c-40c1-8ef4-844984f47e4d,a015b02d-845c-40c1-8ef4-844984f47e4d,171b097d-01db-4ae8-9d56-035689402ec6,FR_LVA_ACES,1,1,1,0,2,3,Paradise,Uncasville,2326.0,3,91e5511e-627e-4940-8471-5ddaaa33a5e9,2022-09-14 01:00:00+00:00,Paradise,Uncasville,previous_game_city
acea56af-565b-468e-aebf-740815401ac4,2022-09-16 01:00:00+00:00,2022-09-15,2022,171b097d-01db-4ae8-9d56-035689402ec6,FR_LVA_ACES,a015b02d-845c-40c1-8ef4-844984f47e4d,a015b02d-845c-40c1-8ef4-844984f47e4d,0,1,1,0,2,2,Paradise,Uncasville,2326.0,3,91e5511e-627e-4940-8471-5ddaaa33a5e9,2022-09-14 01:00:00+00:00,Paradise,Paradise,previous_game_city
f3db498c-85ae-4857-af45-1db173c8d173,2022-09-18 20:00:00+00:00,2022-09-18,2022,a015b02d-845c-40c1-8ef4-844984f47e4d,a015b02d-845c-40c1-8ef4-844984f47e4d,171b097d-01db-4ae8-9d56-035689402ec6,FR_LVA_ACES,1,1,2,0,1,3,Uncasville,Uncasville,0.0,0,acea56af-565b-468e-aebf-740815401ac4,2022-09-16 01:00:00+00:00,Uncasville,Uncasville,previous_game_city
f3db498c-85ae-4857-af45-1db173c8d173,2022-09-18 20:00:00+00:00,2022-09-18,2022,171b097d-01db-4ae8-9d56-035689402ec6,FR_LVA_ACES,a015b02d-845c-40c1-8ef4-844984f47e4d,a015b02d-845c-40c1-8ef4-844984f47e4d,0,1,2,0,1,3,Uncasville,Uncasville,0.0,0,acea56af-565b-468e-aebf-740815401ac4,2022-09-16 01:00:00+00:00,Uncasville,Paradise,previous_game_city
