game_id,game_ts,game_date,season,team_id,franchise_id,opponent_team_id,opponent_franchise_id,is_home,is_playoff,days_rest_pre,is_b2b_pre,games_last_4_days_pre,games_last_7_days_pre,origin_city_pre,current_city_pre,travel_miles_pre,timezone_shift_hours_pre,previous_game_id,previous_game_ts,previous_game_city,home_city,origin_rule_used
fa563e76-0e3b-4d94-a9e7-862bd5e8aa86,2021-05-14 23:00:00+00:00,2021-05-14,2021,08ed8274-e29f-4248-bc2e-83cc8ed18d75,08ed8274-e29f-4248-bc2e-83cc8ed18d75,f073a15f-0486-4179-b0a3-dfd0294eb595,f073a15f-0486-4179-b0a3-dfd0294eb595,1,0,0,1,0,0,Brooklyn,Brooklyn,0.0,0,,,,Brooklyn,home_city
fa563e76-0e3b-4d94-a9e7-862bd5e8aa86,2021-05-14 23:00:00+00:00,2021-05-14,2021,f073a15f-0486-4179-b0a3-dfd0294eb595,f073a15f-0486-4179-b0a3-dfd0294eb595,08ed8274-e29f-4248-bc2e-83cc8ed18d75,08ed8274-e29f-4248-bc2e-83cc8ed18d75,0,0,0,1,0,0,Indianapolis,Brooklyn,643.9,0,,,,Indianapolis,home_city
21115b42-e31e-43dc-aeb9-7d7a16e4a652,2021-05-14 23:30:00+00:00,2021-05-14,2021,5d70a9af-8c2b-4aec-9e68-9acc6ddb93e4,5d70a9af-8c2b-4aec-9e68-9acc6ddb93e4,a015b02d-845c-40c1-8ef4-844984f47e4d,a015b02d-845c-40c1-8ef4-844984f47e4d,1,0,0,1,0,0,College Park,College Park,0.0,0,,,,College Park,home_city
21115b42-e31e-43dc-aeb9-7d7a16e4a652,2021-05-14 23:30:00+00:00,2021-05-14,2021,a015b02d-845c-40c1-8ef4-844984f47e4d,a015b02d-845c-40c1-8ef4-844984f47e4d,5d70a9af-8c2b-4aec-9e68-9acc6ddb93e4,5d70a9af-8c2b-4aec-9e68-9acc6ddb93e4,0,0,0,1,0,0,Uncasville,College Park,866.0,0,,,,Uncasville,home_city
02e2fc3d-0e69-445c-ba4c-e6f39ac8e19e,2021-05-15 01:00:00+00:00,2021-05-14,2021,6f017f37-be96-4bdc-b6d3-0a0429c72e89,6f017f37-be96-4bdc-b6d3-0a0429c72e89,0699edf3-5993-4182-b9b4-ec935cbd4fcc,0699edf3-5993-4182-b9b4-ec935cbd4fcc,1,0,0,1,0,0,Minneapolis,Minneapolis,0.0,0,,,,Minneapolis,home_city
02e2fc3d-0e69-445c-ba4c-e6f39ac8e19e,2021-05-15 01:00:00+00:00,2021-05-14,2021,0699edf3-5993-4182-b9b4-ec935cbd4fcc,0699edf3-5993-4182-b9b4-ec935cbd4fcc,6f017f37-be96-4bdc-b6d3-0a0429c72e89,6f017f37-be96-4bdc-b6d3-0a0429c72e89,0,0,0,1,0,0,Phoenix,Minneapolis,1278.1,2,,,,Phoenix,home_city
9b8108e6-044a-41c8-abcb-ff05b0f6fd47,2021-05-15 02:30:00+00:00,2021-05-14,2021,0a5ad38d-2fe3-43ba-894b-1ba3d5042ea9,0a5ad38d-2fe3-43ba-894b-1ba3d5042ea9,5f0b5caf-708b-4300-92f2-53b51d83ec06,5f0b5caf-708b-4300-92f2-53b51d83ec06,1,0,0,1,0,0,Los Angeles,Los Angeles,0.0,0,,,,Los Angeles,home_city
9b8108e6-044a-41c8-abcb-ff05b0f6fd47,2021-05-15 02:30:00+00:00,2021-05-14,2021,5f0b5caf-708b-4300-92f2-53b51d83ec06,5f0b5caf-708b-4300-92f2-53b51d83ec06,0a5ad38d-2fe3-43ba-894b-1ba3d5042ea9,0a5ad38d-2fe3-43ba-894b-1ba3d5042ea9,0,0,0,1,0,0,Arlington,Los Angeles,1222.0,-2,,,,Arlington,home_city
ef3d265f-687f-44d9-ae14-ae6841c50d6c,2021-05-15 17:00:00+00:00,2021-05-15,2021,5c0d47fe-8539-47b0-9f36-d0b3609ca89b,5c0d47fe-8539-47b0-9f36-d0b3609ca89b,3c409388-ab73-4c7f-953d-3a71062240f6,3c409388-ab73-4c7f-953d-3a71062240f6,1,0,0,1,0,0,Washington,Washington,0.0,0,,,,Washington,home_city
ef3d265f-687f-44d9-ae14-ae6841c50d6c,2021-05-15 17:00:00+00:00,2021-05-15,2021,3c409388-ab73-4c7f-953d-3a71062240f6,3c409388-ab73-4c7f-953d-3a71062240f6,5c0d47fe-8539-47b0-9f36-d0b3609ca89b,5c0d47fe-8539-47b0-9f36-d0b3609ca89b,0,0,0,1,0,0,Chicago,Washington,596.5,1,,,,Chicago,home_city
69bbf525-fb4b-4f42-8965-1bf7436f5b6a,2021-05-15 19:00:00+00:00,2021-05-15,2021,d6a012ed-84aa-48d3-8265-2d3f3ff2199a,d6a012ed-84aa-48d3-8265-2d3f3ff2199a,171b097d-01db-4ae8-9d56-035689402ec6,FR_LVA_ACES,1,0,0,1,0,0,Everett,Everett,0.0,0,,,,Everett,home_city
69bbf525-fb4b-4f42-8965-1bf7436f5b6a,2021-05-15 19:00:00+00:00,2021-05-15,2021,171b097d-01db-4ae8-9d56-035689402ec6,FR_LVA_ACES,d6a012ed-84aa-48d3-8265-2d3f3ff2199a,d6a012ed-84aa-48d3-8265-2d3f3ff2199a,0,0,0,1,0,0,Paradise,Everett,896.1,0,,,,Paradise,home_city
6a9628a4-5a4e-41ba-a1b8-a34a07c39706,2021-05-16 18:00:00+00:00,2021-05-16,2021,f073a15f-0486-4179-b0a3-dfd0294eb595,f073a15f-0486-4179-b0a3-dfd0294eb595,08ed8274-e29f-4248-bc2e-83cc8ed18d75,08ed8274-e29f-4248-bc2e-83cc8ed18d75,1,0,1,0,1,1,Brooklyn,Indianapolis,645.2,0,fa563e76-0e3b-4d94-a9e7-862bd5e8aa86,2021-05-14 23:00:00+00:00,Brooklyn,Indianapolis,previous_game_city
6a9628a4-5a4e-41ba-a1b8-a34a07c39706,2021-05-16 18:00:00+00:00,2021-05-16,2021,08ed8274-e29f-4248-bc2e-83cc8ed18d75,08ed8274-e29f-4248-bc2e-83cc8ed18d75,f073a15f-0486-4179-b0a3-dfd0294eb595,f073a15f-0486-4179-b0a3-dfd0294eb595,0,0,1,0,1,1,Brooklyn,Indianapolis,645.2,0,fa563e76-0e3b-4d94-a9e7-862bd5e8aa86,2021-05-14 23:00:00+00:00,Brooklyn,Brooklyn,previous_game_city
5bff239d-5a84-41aa-93f5-e62a8c0ac49a,2021-05-16 23:00:00+00:00,2021-05-16,2021,a015b02d-845c-40c1-8ef4-844984f47e4d,a015b02d-845c-40c1-8ef4-844984f47e4d,0699edf3-5993-4182-b9b4-ec935cbd4fcc,0699edf3-5993-4182-b9b4-ec935cbd4fcc,1,0,1,0,1,1,College Park,Uncasville,866.0,0,21115b42-e31e-43dc-aeb9-7d7a16e4a652,2021-05-14 23:30:00+00:00,College Park,Uncasville,previous_game_city
5bff239d-5a84-41aa-93f5-e62a8c0ac49a,2021-05-16 23:00:00+00:00,2021-05-16,2021,0699edf3-5993-4182-b9b4-ec935cbd4fcc,0699edf3-5993-4182-b9b4-ec935cbd4fcc,a015b02d-845c-40c1-8ef4-844984f47e4d,a015b02d-845c-40c1-8ef4-844984f47e4d,0,0,1,0,1,1,Minneapolis,Uncasville,1090.0,1,02e2fc3d-0e69-445c-ba4c-e6f39ac8e19e,2021-05-15 01:00:00+00:00,Minneapolis,Phoenix,previous_game_city
af987cd7-d84c-4290-9f14-498264a1cbb2,2021-05-18 23:00:00+00:00,2021-05-18,2021,08ed8274-e29f-4248-bc2e-83cc8ed18d75,08ed8274-e29f-4248-bc2e-83cc8ed18d75,6f017f37-be96-4bdc-b6d3-0a0429c72e89,6f017f37-be96-4bdc-b6d3-0a0429c72e89,1,0,1,0,2,2,Indianapolis,Brooklyn,645.2,0,6a9628a4-5a4e-41ba-a1b8-a34a07c39706,2021-05-16 18:00:00+00:00,Indianapolis,Brooklyn,previous_game_city
af987cd7-d84c-4290-9f14-498264a1cbb2,2021-05-18 23:00:00+00:00,2021-05-18,2021,6f017f37-be96-4bdc-b6d3-0a0429c72e89,6f017f37-be96-4bdc-b6d3-0a0429c72e89,08ed8274-e29f-4248-bc2e-83cc8ed18d75,08ed8274-e29f-4248-bc2e-83cc8ed18d75,0,0,3,0,1,1,Minneapolis,Brooklyn,1019.2,1,02e2fc3d-0e69-445c-ba4c-e6f39ac8e19e,2021-05-15 01:00:00+00:00,Minneapolis,Minneapolis,previous_game_city
5ee30658-140f-4079-9f92-ce202607d414,2021-05-19 00:00:00+00:00,2021-05-18,2021,5c0d47fe-8539-47b0-9f36-d0b3609ca89b,5c0d47fe-8539-47b0-9f36-d0b3609ca89b,0699edf3-5993-4182-b9b4-ec935cbd4fcc,0699edf3-5993-4182-b9b4-ec935cbd4fcc,1,0,2,0,1,1,Washington,Washington,0.0,0,ef3d265f-687f-44d9-ae14-ae6841c50d6c,2021-05-15 17:00:00+00:00,Washington,Washington,previous_game_city
5ee30658-140f-4079-9f92-ce202607d414,2021-05-19 00:00:00+00:00,2021-05-18,2021,0699edf3-5993-4182-b9b4-ec935cbd4fcc,0699edf3-5993-4182-b9b4-ec935cbd4fcc,5c0d47fe-8539-47b0-9f36-d0b3609ca89b,5c0d47fe-8539-47b0-9f36-d0b3609ca89b,0,0,1,0,2,2,Uncasville,Washington,316.7,0,5bff239d-5a84-41aa-93f5-e62a8c0ac49a,2021-05-16 23:00:00+00:00,Uncasville,Phoenix,previous_game_city
99bbea86-db37-4f27-af92-7267b0af4b77,2021-05-19 02:00:00+00:00,2021-05-18,2021,d6a012ed-84aa-48d3-8265-2d3f3ff2199a,d6a012ed-84aa-48d3-8265-2d3f3ff2199a,171b097d-01db-4ae8-9d56-035689402ec6,FR_LVA_ACES,1,0,2,0,1,1,Everett,Everett,0.0,0,69bbf525-fb4b-4f42-8965-1bf7436f5b6a,2021-05-15 19:00:00+00:00,Everett,Everett,previous_game_city
99bbea86-db37-4f27-af92-7267b0af4b77,2021-05-19 02:00:00+00:00,2021-05-18,2021,171b097d-01db-4ae8-9d56-035689402ec6,FR_LVA_ACES,d6a012ed-84aa-48d3-8265-2d3f3ff2199a,d6a012ed-84aa-48d3-8265-2d3f3ff2199a,0,0,2,0,1,1,Everett,Everett,0.0,0,69bbf525-fb4b-4f42-8965-1bf7436f5b6a,2021-05-15 19:00:00+00:00,Everett,Paradise,previous_game_city
a6b6b2ab-4252-40c9-8b84-cf3a63461ede,2021-05-19 23:00:00+00:00,2021-05-19,2021,5d70a9af-8c2b-4aec-9e68-9acc6ddb93e4,5d70a9af-8c2b-4aec-9e68-9acc6ddb93e4,3c409388-ab73-4c7f-953d-3a71062240f6,3c409388-ab73-4c7f-953d-3a71062240f6,1,0,4,0,0,1,College Park,College Park,0.0,0,21115b42-e31e-43dc-aeb9-7d7a16e4a652,2021-05-14 23:30:00+00:00,College Park,College Park,home_city
a6b6b2ab-4252-40c9-8b84-cf3a63461ede,2021-05-19 23:00:00+00:00,2021-05-19,2021,3c409388-ab73-4c7f-953d-3a71062240f6,3c409388-ab73-4c7f-953d-3a71062240f6,5d70a9af-8c2b-4aec-9e68-9acc6ddb93e4,5d70a9af-8c2b-4aec-9e68-9acc6ddb93e4,0,0,3,0,1,1,Washington,College Park,549.4,0,ef3d265f-687f-44d9-ae14-ae6841c50d6c,2021-05-15 17:00:00+00:00,Washington,Chicago,previous_game_city
d94a3462-1c53-443f-8724-c9c460e001d8,2021-05-19 23:00:00+00:00,2021-05-19,2021,a015b02d-845c-40c1-8ef4-844984f47e4d,a015b02d-845c-40c1-8ef4-844984f47e4d,f073a15f-0486-4179-b0a3-dfd0294eb595,f073a15f-0486-4179-b0a3-dfd0294eb595,1,0,2,0,1,2,Uncasville,Uncasville,0.0,0,5bff239d-5a84-41aa-93f5-e62a8c0ac49a,2021-05-16 23:00:00+00:00,Uncasville,Uncasville,previous_game_city
d94a3462-1c53-443f-8724-c9c460e001d8,2021-05-19 23:00:00+00:00,2021-05-19,2021,f073a15f-0486-4179-b0a3-dfd0294eb595,f073a15f-0486-4179-b0a3-dfd0294eb595,a015b02d-845c-40c1-8ef4-844984f47e4d,a015b02d-845c-40c1-8ef4-844984f47e4d,0,0,2,0,1,2,Indianapolis,Uncasville,746.3,0,6a9628a4-5a4e-41ba-a1b8-a34a07c39706,2021-05-16 18:00:00+00:00,Indianapolis,Indianapolis,previous_game_city
ea71f486-e435-413d-a5be-771131e7eef7,2021-05-21 00:00:00+00:00,2021-05-20,2021,6f017f37-be96-4bdc-b6d3-0a0429c72e89,6f017f37-be96-4bdc-b6d3-0a0429c72e89,d6a012ed-84aa-48d3-8265-2d3f3ff2199a,d6a012ed-84aa-48d3-8265-2d3f3ff2199a,1,0,1,0,1,2,Brooklyn,Minneapolis,1019.2,-1,af987cd7-d84c-4290-9f14-498264a1cbb2,2021-05-18 23:00:00+00:00,Brooklyn,Minneapolis,previous_game_city
ea71f486-e435-413d-a5be-771131e7eef7,2021-05-21 00:00:00+00:00,2021-05-20,2021,d6a012ed-84aa-48d3-8265-2d3f3ff2199a,d6a012ed-84aa-48d3-8265-2d3f3ff2199a,6f017f37-be96-4bdc-b6d3-0a0429c72e89,6f017f37-be96-4bdc-b6d3-0a0429c72e89,0,0,1,0,1,2,Everett,Minneapolis,1383.5,2,99bbea86-db37-4f27-af92-7267b0af4b77,2021-05-19 02:00:00+00:00,Everett,Everett,previous_game_city
04c467bf-28cc-4aac-99cf-329a7df62468,2021-05-21 23:00:00+00:00,2021-05-21,2021,5c0d47fe-8539-47b0-9f36-d0b3609ca89b,5c0d47fe-8539-47b0-9f36-d0b3609ca89b,08ed8274-e29f-4248-bc2e-83cc8ed18d75,08ed8274-e29f-4248-bc2e-83cc8ed18d75,1,0,2,0,1,2,Washington,Washington,0.0,0,5ee30658-140f-4079-9f92-ce202607d414,2021-05-19 00:00:00+00:00,Washington,Washington,previous_game_city
04c467bf-28cc-4aac-99cf-329a7df62468,2021-05-21 23:00:00+00:00,2021-05-21,2021,08ed8274-e29f-4248-bc2e-83cc8ed18d75,08ed8274-e29f-4248-bc2e-83cc8ed18d75,5c0d47fe-8539-47b0-9f36-d0b3609ca89b,5c0d47fe-8539-47b0-9f36-d0b3609ca89b,0,0,2,0,1,3,Brooklyn,Washington,204.3,0,af987cd7-d84c-4290-9f14-498264a1cbb2,2021-05-18 23:00:00+00:00,Brooklyn,Brooklyn,previous_game_city
e714956d-97f0-460d-8aaa-cbeddd8ef354,2021-05-21 23:00:00+00:00,2021-05-21,2021,f073a15f-0486-4179-b0a3-dfd0294eb595,f073a15f-0486-4179-b0a3-dfd0294eb595,5d70a9af-8c2b-4aec-9e68-9acc6ddb93e4,5d70a9af-8c2b-4aec-9e68-9acc6ddb93e4,1,0,1,0,1,3,Uncasville,Indianapolis,746.3,0,d94a3462-1c53-443f-8724-c9c460e001d8,2021-05-19 23:00:00+00:00,Uncasville,Indianapolis,previous_game_city
e714956d-97f0-460d-8aaa-cbeddd8ef354,2021-05-21 23:00:00+00:00,2021-05-21,2021,5d70a9af-8c2b-4aec-9e68-9acc6ddb93e4,5d70a9af-8c2b-4aec-9e68-9acc6ddb93e4,f073a15f-0486-4179-b0a3-dfd0294eb595,f073a15f-0486-4179-b0a3-dfd0294eb595,0,0,1,0,1,2,College Park,Indianapolis,433.0,0,a6b6b2ab-4252-40c9-8b84-cf3a63461ede,2021-05-19 23:00:00+00:00,College Park,College Park,previous_game_city
16d8aeca-0444-4033-afff-53d24e9c30cf,2021-05-22 02:00:00+00:00,2021-05-21,2021,0699edf3-5993-4182-b9b4-ec935cbd4fcc,0699edf3-5993-4182-b9b4-ec935cbd4fcc,a015b02d-845c-40c1-8ef4-844984f47e4d,a015b02d-845c-40c1-8ef4-844984f47e4d,1,0,2,0,1,3,Washington,Phoenix,1980.0,-3,5ee30658-140f-4079-9f92-ce202607d414,2021-05-19 00:00:00+00:00,Washington,Phoenix,previous_game_city
16d8aeca-0444-4033-afff-53d24e9c30cf,2021-05-22 02:00:00+00:00,2021-05-21,2021,a015b02d-845c-40c1-8ef4-844984f47e4d,a015b02d-845c-40c1-8ef4-844984f47e4d,0699edf3-5993-4182-b9b4-ec935cbd4fcc,0699edf3-5993-4182-b9b4-ec935cbd4fcc,0,0,1,0,1,3,Uncasville,Phoenix,2240.6,-3,d94a3462-1c53-443f-8724-c9c460e001d8,2021-05-19 23:00:00+00:00,Uncasville,Uncasville,previous_game_city
feaa408c-0f28-49d6-9beb-10b21c4aa033,2021-05-22 02:30:00+00:00,2021-05-21,2021,171b097d-01db-4ae8-9d56-035689402ec6,FR_LVA_ACES,0a5ad38d-2fe3-43ba-894b-1ba3d5042ea9,0a5ad38d-2fe3-43ba-894b-1ba3d5042ea9,1,0,2,0,1,2,Everett,Paradise,896.1,0,99bbea86-db37-4f27-af92-7267b0af4b77,2021-05-19 02:00:00+00:00,Everett,Paradise,previous_game_city
feaa408c-0f28-49d6-9beb-10b21c4aa033,2021-05-22 02:30:00+00:00,2021-05-21,2021,0a5ad38d-2fe3-43ba-894b-1ba3d5042ea9,0a5ad38d-2fe3-43ba-894b-1ba3d5042ea9,171b097d-01db-4ae8-9d56-035689402ec6,FR_LVA_ACES,0,0,6,0,0,1,Los Angeles,Paradise,225.0,0,9b8108e6-044a-41c8-abcb-ff05b0f6fd47,2021-05-15 02:30:00+00:00,Los Angeles,Los Angeles,home_city
da39259b-7ba8-49d0-bb78-8cba1e0e6196,2021-05-23 00:00:00+00:00,2021-05-22,2021,5f0b5caf-708b-4300-92f2-53b51d83ec06,5f0b5caf-708b-4300-92f2-53b51d83ec06,d6a012ed-84aa-48d3-8265-2d3f3ff2199a,d6a012ed-84aa-48d3-8265-2d3f3ff2199a,1,0,7,0,0,0,Arlington,Arlington,0.0,0,9b8108e6-044a-41c8-abcb-ff05b0f6fd47,2021-05-15 02:30:00+00:00,Los Angeles,Arlington,home_city
da39259b-7ba8-49d0-bb78-8cba1e0e6196,2021-05-23 00:00:00+00:00,2021-05-22,2021,d6a012ed-84aa-48d3-8265-2d3f3ff2199a,d6a012ed-84aa-48d3-8265-2d3f3ff2199a,5f0b5caf-708b-4300-92f2-53b51d83ec06,5f0b5caf-708b-4300-92f2-53b51d83ec06,0,0,1,0,2,3,Minneapolis,Arlington,870.8,0,ea71f486-e435-413d-a5be-771131e7eef7,2021-05-21 00:00:00+00:00,Minneapolis,Everett,previous_game_city
9c67f291-aafa-4f35-9b9e-2c1f1edca89a,2021-05-23 17:00:00+00:00,2021-05-23,2021,3c409388-ab73-4c7f-953d-3a71062240f6,3c409388-ab73-4c7f-953d-3a71062240f6,08ed8274-e29f-4248-bc2e-83cc8ed18d75,08ed8274-e29f-4248-bc2e-83cc8ed18d75,1,0,3,0,1,1,College Park,Chicago,592.7,-1,a6b6b2ab-4252-40c9-8b84-cf3a63461ede,2021-05-19 23:00:00+00:00,College Park,Chicago,previous_game_city
9c67f291-aafa-4f35-9b9e-2c1f1edca89a,2021-05-23 17:00:00+00:00,2021-05-23,2021,08ed8274-e29f-4248-bc2e-83cc8ed18d75,08ed8274-e29f-4248-bc2e-83cc8ed18d75,3c409388-ab73-4c7f-953d-3a71062240f6,3c409388-ab73-4c7f-953d-3a71062240f6,0,0,1,0,1,3,Washington,Chicago,596.5,-1,04c467bf-28cc-4aac-99cf-329a7df62468,2021-05-21 23:00:00+00:00,Washington,Brooklyn,previous_game_city
bfd848a3-380a-4098-b661-519181194939,2021-05-23 17:00:00+00:00,2021-05-23,2021,f073a15f-0486-4179-b0a3-dfd0294eb595,f073a15f-0486-4179-b0a3-dfd0294eb595,5c0d47fe-8539-47b0-9f36-d0b3609ca89b,5c0d47fe-8539-47b0-9f36-d0b3609ca89b,1,0,1,0,2,3,Indianapolis,Indianapolis,0.0,0,e714956d-97f0-460d-8aaa-cbeddd8ef354,2021-05-21 23:00:00+00:00,Indianapolis,Indianapolis,previous_game_city
bfd848a3-380a-4098-b661-519181194939,2021-05-23 17:00:00+00:00,2021-05-23,2021,5c0d47fe-8539-47b0-9f36-d0b3609ca89b,5c0d47fe-8539-47b0-9f36-d0b3609ca89b,f073a15f-0486-4179-b0a3-dfd0294eb595,f073a15f-0486-4179-b0a3-dfd0294eb595,0,0,1,0,1,2,Washington,Indianapolis,493.8,0,04c467bf-28cc-4aac-99cf-329a7df62468,2021-05-21 23:00:00+00:00,Washington,Washington,previous_game_city
01071dea-86e7-4a0e-a4ca-cccd0993e8d0,2021-05-23 22:00:00+00:00,2021-05-23,2021,171b097d-01db-4ae8-9d56-035689402ec6,FR_LVA_ACES,a015b02d-845c-40c1-8ef4-844984f47e4d,a015b02d-845c-40c1-8ef4-844984f47e4d,1,0,1,0,1,2,Paradise,Paradise,0.0,0,feaa408c-0f28-49d6-9beb-10b21c4aa033,2021-05-22 02:30:00+00:00,Paradise,Paradise,previous_game_city
01071dea-86e7-4a0e-a4ca-cccd0993e8d0,2021-05-23 22:00:00+00:00,2021-05-23,2021,a015b02d-845c-40c1-8ef4-844984f47e4d,a015b02d-845c-40c1-8ef4-844984f47e4d,171b097d-01db-4ae8-9d56-035689402ec6,FR_LVA_ACES,0,0,1,0,2,3,Phoenix,Paradise,253.9,0,16d8aeca-0444-4033-afff-53d24e9c30cf,2021-05-22 02:00:00+00:00,Phoenix,Uncasville,previous_game_city
1f5ba118-b452-47fc-a84a-82baad94f119,2021-05-24 23:00:00+00:00,2021-05-24,2021,08ed8274-e29f-4248-bc2e-83cc8ed18d75,08ed8274-e29f-4248-bc2e-83cc8ed18d75,5f0b5caf-708b-4300-92f2-53b51d83ec06,5f0b5caf-708b-4300-92f2-53b51d83ec06,1,0,0,1,2,3,Chicago,Brooklyn,712.5,1,9c67f291-aafa-4f35-9b9e-2c1f1edca89a,2021-05-23 17:00:00+00:00,Chicago,Brooklyn,previous_game_city
1f5ba118-b452-47fc-a84a-82baad94f119,2021-05-24 23:00:00+00:00,2021-05-24,2021,5f0b5caf-708b-4300-92f2-53b51d83ec06,5f0b5caf-708b-4300-92f2-53b51d83ec06,08ed8274-e29f-4248-bc2e-83cc8ed18d75,08ed8274-e29f-4248-bc2e-83cc8ed18d75,0,0,1,0,1,1,Arlington,Brooklyn,1388.8,1,da39259b-7ba8-49d0-bb78-8cba1e0e6196,2021-05-23 00:00:00+00:00,Arlington,Arlington,previous_game_city
08ab8292-e274-4e40-a046-0265ded4a58b,2021-05-25 23:00:00+00:00,2021-05-25,2021,f073a15f-0486-4179-b0a3-dfd0294eb595,f073a15f-0486-4179-b0a3-dfd0294eb595,5c0d47fe-8539-47b0-9f36-d0b3609ca89b,5c0d47fe-8539-47b0-9f36-d0b3609ca89b,1,0,1,0,2,3,Indianapolis,Indianapolis,0.0,0,bfd848a3-380a-4098-b661-519181194939,2021-05-23 17:00:00+00:00,Indianapolis,Indianapolis,previous_game_city
08ab8292-e274-4e40-a046-0265ded4a58b,2021-05-25 23:00:00+00:00,2021-05-25,2021,5c0d47fe-8539-47b0-9f36-d0b3609ca89b,5c0d47fe-8539-47b0-9f36-d0b3609ca89b,f073a15f-0486-4179-b0a3-dfd0294eb595,f073a15f-0486-4179-b0a3-dfd0294eb595,0,0,1,0,2,3,Indianapolis,Indianapolis,0.0,0,bfd848a3-380a-4098-b661-519181194939,2021-05-23 17:00:00+00:00,Indianapolis,Washington,previous_game_city
55c27197-44d7-4ce1-9f0d-d2e5c79e00c4,2021-05-26 00:00:00+00:00,2021-05-25,2021,3c409388-ab73-4c7f-953d-3a71062240f6,3c409388-ab73-4c7f-953d-3a71062240f6,5d70a9af-8c2b-4aec-9e68-9acc6ddb93e4,5d70a9af-8c2b-4aec-9e68-9acc6ddb93e4,1,0,1,0,1,2,Chicago,Chicago,0.0,0,9c67f291-aafa-4f35-9b9e-2c1f1edca89a,2021-05-23 17:00:00+00:00,Chicago,Chicago,previous_game_city
55c27197-44d7-4ce1-9f0d-d2e5c79e00c4,2021-05-26 00:00:00+00:00,2021-05-25,2021,5d70a9af-8c2b-4aec-9e68-9acc6ddb93e4,5d70a9af-8c2b-4aec-9e68-9acc6ddb93e4,3c409388-ab73-4c7f-953d-3a71062240f6,3c409388-ab73-4c7f-953d-3a71062240f6,0,0,3,0,1,2,Indianapolis,Chicago,163.5,-1,e714956d-97f0-460d-8aaa-cbeddd8ef354,2021-05-21 23:00:00+00:00,Indianapolis,College Park,previous_game_city
92fc011c-0ad7-4302-a998-80ad106b7cce,2021-05-26 02:00:00+00:00,2021-05-25,2021,d6a012ed-84aa-48d3-8265-2d3f3ff2199a,d6a012ed-84aa-48d3-8265-2d3f3ff2199a,a015b02d-845c-40c1-8ef4-844984f47e4d,a015b02d-845c-40c1-8ef4-844984f47e4d,1,0,2,0,1,3,Arlington,Everett,1676.7,-2,da39259b-7ba8-49d0-bb78-8cba1e0e6196,2021-05-23 00:00:00+00:00,Arlington,Everett,previous_game_city
92fc011c-0ad7-4302-a998-80ad106b7cce,2021-05-26 02:00:00+00:00,2021-05-25,2021,a015b02d-845c-40c1-8ef4-844984f47e4d,a015b02d-845c-40c1-8ef4-844984f47e4d,d6a012ed-84aa-48d3-8265-2d3f3ff2199a,d6a012ed-84aa-48d3-8265-2d3f3ff2199a,0,0,1,0,2,3,Paradise,Everett,896.1,0,01071dea-86e7-4a0e-a4ca-cccd0993e8d0,2021-05-23 22:00:00+00:00,Paradise,Uncasville,previous_game_city
e61f629c-e191-4e75-8c8f-0f823e2e5c4a,2021-05-27 02:00:00+00:00,2021-05-26,2021,0699edf3-5993-4182-b9b4-ec935cbd4fcc,0699edf3-5993-4182-b9b4-ec935cbd4fcc,171b097d-01db-4ae8-9d56-035689402ec6,FR_LVA_ACES,1,0,4,0,0,1,Phoenix,Phoenix,0.4,0,16d8aeca-0444-4033-afff-53d24e9c30cf,2021-05-22 02:00:00+00:00,Phoenix,Phoenix,home_city
e61f629c-e191-4e75-8c8f-0f823e2e5c4a,2021-05-27 02:00:00+00:00,2021-05-26,2021,171b097d-01db-4ae8-9d56-035689402ec6,FR_LVA_ACES,0699edf3-5993-4182-b9b4-ec935cbd4fcc,0699edf3-5993-4182-b9b4-ec935cbd4fcc,0,0,2,0,1,2,Paradise,Phoenix,253.9,0,01071dea-86e7-4a0e-a4ca-cccd0993e8d0,2021-05-23 22:00:00+00:00,Paradise,Paradise,previous_game_city
19f22577-6211-4df8-be6f-a2a1c60c3f70,2021-05-27 23:00:00+00:00,2021-05-27,2021,5d70a9af-8c2b-4aec-9e68-9acc6ddb93e4,5d70a9af-8c2b-4aec-9e68-9acc6ddb93e4,5f0b5caf-708b-4300-92f2-53b51d83ec06,5f0b5caf-708b-4300-92f2-53b51d83ec06,1,0,1,0,1,2,Chicago,College Park,592.7,1,55c27197-44d7-4ce1-9f0d-d2e5c79e00c4,2021-05-26 00:00:00+00:00,Chicago,College Park,previous_game_city
19f22577-6211-4df8-be6f-a2a1c60c3f70,2021-05-27 23:00:00+00:00,2021-05-27,2021,5f0b5caf-708b-4300-92f2-53b51d83ec06,5f0b5caf-708b-4300-92f2-53b51d83ec06,5d70a9af-8c2b-4aec-9e68-9acc6ddb93e4,5d70a9af-8c2b-4aec-9e68-9acc6ddb93e4,0,0,2,0,1,2,Brooklyn,College Park,753.7,0,1f5ba118-b452-47fc-a84a-82baad94f119,2021-05-24 23:00:00+00:00,Brooklyn,Arlington,previous_game_city
900d7ece-9d6f-46a8-9af9-096d468d35b5,2021-05-28 23:00:00+00:00,2021-05-28,2021,a015b02d-845c-40c1-8ef4-844984f47e4d,a015b02d-845c-40c1-8ef4-844984f47e4d,5c0d47fe-8539-47b0-9f36-d0b3609ca89b,5c0d47fe-8539-47b0-9f36-d0b3609ca89b,1,0,2,0,1,3,Everett,Uncasville,2455.6,3,92fc011c-0ad7-4302-a998-80ad106b7cce,2021-05-26 02:00:00+00:00,Everett,Uncasville,previous_game_city
900d7ece-9d6f-46a8-9af9-096d468d35b5,2021-05-28 23:00:00+00:00,2021-05-28,2021,5c0d47fe-8539-47b0-9f36-d0b3609ca89b,5c0d47fe-8539-47b0-9f36-d0b3609ca89b,a015b02d-845c-40c1-8ef4-844984f47e4d,a015b02d-845c-40c1-8ef4-844984f47e4d,0,0,2,0,1,3,Indianapolis,Uncasville,746.3,0,08ab8292-e274-4e40-a046-0265ded4a58b,2021-05-25 23:00:00+00:00,Indianapolis,Washington,previous_game_city
5f60c4b4-50c3-4ab4-9626-dbc6d8caa304,2021-05-29 00:00:00+00:00,2021-05-28,2021,3c409388-ab73-4c7f-953d-3a71062240f6,3c409388-ab73-4c7f-953d-3a71062240f6,0a5ad38d-2fe3-43ba-894b-1ba3d5042ea9,0a5ad38d-2fe3-43ba-894b-1ba3d5042ea9,1,0,2,0,1,2,Chicago,Chicago,0.0,0,55c27197-44d7-4ce1-9f0d-d2e5c79e00c4,2021-05-26 00:00:00+00:00,Chicago,Chicago,previous_game_city
5f60c4b4-50c3-4ab4-9626-dbc6d8caa304,2021-05-29 00:00:00+00:00,2021-05-28,2021,0a5ad38d-2fe3-43ba-894b-1ba3d5042ea9,0a5ad38d-2fe3-43ba-894b-1ba3d5042ea9,3c409388-ab73-4c7f-953d-3a71062240f6,3c409388-ab73-4c7f-953d-3a71062240f6,0,0,6,0,0,1,Los Angeles,Chicago,1744.2,2,feaa408c-0f28-49d6-9beb-10b21c4aa033,2021-05-22 02:30:00+00:00,Paradise,Los Angeles,home_city
af319dea-7ffa-403e-8afc-405a595c6efd,2021-05-29 02:00:00+00:00,2021-05-28,2021,d6a012ed-84aa-48d3-8265-2d3f3ff2199a,d6a012ed-84aa-48d3-8265-2d3f3ff2199a,6f017f37-be96-4bdc-b6d3-0a0429c72e89,6f017f37-be96-4bdc-b6d3-0a0429c72e89,1,0,2,0,1,2,Everett,Everett,0.0,0,92fc011c-0ad7-4302-a998-80ad106b7cce,2021-05-26 02:00:00+00:00,Everett,Everett,previous_game_city
af319dea-7ffa-403e-8afc-405a595c6efd,2021-05-29 02:00:00+00:00,2021-05-28,2021,6f017f37-be96-4bdc-b6d3-0a0429c72e89,6f017f37-be96-4bdc-b6d3-0a0429c72e89,d6a012ed-84aa-48d3-8265-2d3f3ff2199a,d6a012ed-84aa-48d3-8265-2d3f3ff2199a,0,0,7,0,0,0,Minneapolis,Everett,1383.5,-2,ea71f486-e435-413d-a5be-771131e7eef7,2021-05-21 00:00:00+00:00,Minneapolis,Minneapolis,home_city
e43b64a9-f813-45cb-ae5c-e19f81818d68,2021-05-29 02:30:00+00:00,2021-05-28,2021,171b097d-01db-4ae8-9d56-035689402ec6,FR_LVA_ACES,f073a15f-0486-4179-b0a3-dfd0294eb595,f073a15f-0486-4179-b0a3-dfd0294eb595,1,0,1,0,1,3,Phoenix,Paradise,253.9,0,e61f629c-e191-4e75-8c8f-0f823e2e5c4a,2021-05-27 02:00:00+00:00,Phoenix,Paradise,previous_game_city
e43b64a9-f813-45cb-ae5c-e19f81818d68,2021-05-29 02:30:00+00:00,2021-05-28,2021,f073a15f-0486-4179-b0a3-dfd0294eb595,f073a15f-0486-4179-b0a3-dfd0294eb595,171b097d-01db-4ae8-9d56-035689402ec6,FR_LVA_ACES,0,0,2,0,1,3,Indianapolis,Paradise,1594.9,-3,08ab8292-e274-4e40-a046-0265ded4a58b,2021-05-25 23:00:00+00:00,Indianapolis,Indianapolis,previous_game_city
5251e99a-9201-42ff-b578-b2d52f2371c6,2021-05-29 18:00:00+00:00,2021-05-29,2021,08ed8274-e29f-4248-bc2e-83cc8ed18d75,08ed8274-e29f-4248-bc2e-83cc8ed18d75,5d70a9af-8c2b-4aec-9e68-9acc6ddb93e4,5d70a9af-8c2b-4aec-9e68-9acc6ddb93e4,1,0,4,0,0,2,Brooklyn,Brooklyn,0.0,0,1f5ba118-b452-47fc-a84a-82baad94f119,2021-05-24 23:00:00+00:00,Brooklyn,Brooklyn,home_city
5251e99a-9201-42ff-b578-b2d52f2371c6,2021-05-29 18:00:00+00:00,2021-05-29,2021,5d70a9af-8c2b-4aec-9e68-9acc6ddb93e4,5d70a9af-8c2b-4aec-9e68-9acc6ddb93e4,08ed8274-e29f-4248-bc2e-83cc8ed18d75,08ed8274-e29f-4248-bc2e-83cc8ed18d75,0,0,1,0,2,2,College Park,Brooklyn,753.7,0,19f22577-6211-4df8-be6f-a2a1c60c3f70,2021-05-27 23:00:00+00:00,College Park,College Park,previous_game_city
03fe8f4c-af07-4ef3-9dd5-880b9542bdcd,2021-05-30 00:00:00+00:00,2021-05-29,2021,5f0b5caf-708b-4300-92f2-53b51d83ec06,5f0b5caf-708b-4300-92f2-53b51d83ec06,0699edf3-5993-4182-b9b4-ec935cbd4fcc,0699edf3-5993-4182-b9b4-ec935cbd4fcc,1,0,1,0,1,3,College Park,Arlington,733.7,-1,19f22577-6211-4df8-be6f-a2a1c60c3f70,2021-05-27 23:00:00+00:00,College Park,Arlington,previous_game_city
03fe8f4c-af07-4ef3-9dd5-880b9542bdcd,2021-05-30 00:00:00+00:00,2021-05-29,2021,0699edf3-5993-4182-b9b4-ec935cbd4fcc,0699edf3-5993-4182-b9b4-ec935cbd4fcc,5f0b5caf-708b-4300-92f2-53b51d83ec06,5f0b5caf-708b-4300-92f2-53b51d83ec06,0,0,2,0,1,1,Phoenix,Arlington,866.9,2,e61f629c-e191-4e75-8c8f-0f823e2e5c4a,2021-05-27 02:00:00+00:00,Phoenix,Phoenix,previous_game_city
343d953b-d0ce-47bc-896b-5ac834f6a46f,2021-05-30 22:00:00+00:00,2021-05-30,2021,171b097d-01db-4ae8-9d56-035689402ec6,FR_LVA_ACES,f073a15f-0486-4179-b0a3-dfd0294eb595,f073a15f-0486-4179-b0a3-dfd0294eb595,1,0,1,0,2,3,Paradise,Paradise,0.0,0,e43b64a9-f813-45cb-ae5c-e19f81818d68,2021-05-29 02:30:00+00:00,Paradise,Paradise,previous_game_city
343d953b-d0ce-47bc-896b-5ac834f6a46f,2021-05-30 22:00:00+00:00,2021-05-30,2021,f073a15f-0486-4179-b0a3-dfd0294eb595,f073a15f-0486-4179-b0a3-dfd0294eb595,171b097d-01db-4ae8-9d56-035689402ec6,FR_LVA_ACES,0,0,1,0,1,3,Paradise,Paradise,0.0,0,e43b64a9-f813-45cb-ae5c-e19f81818d68,2021-05-29 02:30:00+00:00,Paradise,Indianapolis,previous_game_city
40f0142f-6cab-4f9b-b71b-c2aea2c783b5,2021-05-30 22:00:00+00:00,2021-05-30,2021,3c409388-ab73-4c7f-953d-3a71062240f6,3c409388-ab73-4c7f-953d-3a71062240f6,0a5ad38d-2fe3-43ba-894b-1ba3d5042ea9,0a5ad38d-2fe3-43ba-894b-1ba3d5042ea9,1,0,1,0,1,3,Chicago,Chicago,0.0,0,5f60c4b4-50c3-4ab4-9626-dbc6d8caa304,2021-05-29 00:00:00+00:00,Chicago,Chicago,previous_game_city
40f0142f-6cab-4f9b-b71b-c2aea2c783b5,2021-05-30 22:00:00+00:00,2021-05-30,2021,0a5ad38d-2fe3-43ba-894b-1ba3d5042ea9,0a5ad38d-2fe3-43ba-894b-1ba3d5042ea9,3c409388-ab73-4c7f-953d-3a71062240f6,3c409388-ab73-4c7f-953d-3a71062240f6,0,0,1,0,1,1,Chicago,Chicago,0.0,0,5f60c4b4-50c3-4ab4-9626-dbc6d8caa304,2021-05-29 00:00:00+00:00,Chicago,Los Angeles,previous_game_city
d322498f-2a7e-48dc-9d99-8c4446a915ad,2021-05-30 23:00:00+00:00,2021-05-30,2021,6f017f37-be96-4bdc-b6d3-0a0429c72e89,6f017f37-be96-4bdc-b6d3-0a0429c72e89,a015b02d-845c-40c1-8ef4-844984f47e4d,a015b02d-845c-40c1-8ef4-844984f47e4d,1,0,1,0,1,1,Everett,Minneapolis,1383.5,2,af319dea-7ffa-403e-8afc-405a595c6efd,2021-05-29 02:00:00+00:00,Everett,Minneapolis,previous_game_city
d322498f-2a7e-48dc-9d99-8c4446a915ad,2021-05-30 23:00:00+00:00,2021-05-30,2021,a015b02d-845c-40c1-8ef4-844984f47e4d,a015b02d-845c-40c1-8ef4-844984f47e4d,6f017f37-be96-4bdc-b6d3-0a0429c72e89,6f017f37-be96-4bdc-b6d3-0a0429c72e89,0,0,1,0,1,3,Uncasville,Minneapolis,1090.0,-1,900d7ece-9d6f-46a8-9af9-096d468d35b5,2021-05-28 23:00:00+00:00,Uncasville,Uncasville,previous_game_city
4a898750-4b04-4ee5-8ec9-a0460ab23198,2021-06-01 23:00:00+00:00,2021-06-01,2021,a015b02d-845c-40c1-8ef4-844984f47e4d,a015b02d-845c-40c1-8ef4-844984f47e4d,171b097d-01db-4ae8-9d56-035689402ec6,FR_LVA_ACES,1,0,1,0,2,3,Minneapolis,Uncasville,1090.0,1,d322498f-2a7e-48dc-9d99-8c4446a915ad,2021-05-30 23:00:00+00:00,Minneapolis,Uncasville,previous_game_city
4a898750-4b04-4ee5-8ec9-a0460ab23198,2021-06-01 23:00:00+00:00,2021-06-01,2021,171b097d-01db-4ae8-9d56-035689402ec6,FR_LVA_ACES,a015b02d-845c-40c1-8ef4-844984f47e4d,a015b02d-845c-40c1-8ef4-844984f47e4d,0,0,1,0,2,3,Paradise,Uncasville,2326.0,3,343d953b-d0ce-47bc-896b-5ac834f6a46f,2021-05-30 22:00:00+00:00,Paradise,Paradise,previous_game_city
10713831-74ec-4f54-a221-b4d0dd858808,2021-06-02 00:00:00+00:00,2021-06-01,2021,5f0b5caf-708b-4300-92f2-53b51d83ec06,5f0b5caf-708b-4300-92f2-53b51d83ec06,0a5ad38d-2fe3-43ba-894b-1ba3d5042ea9,0a5ad38d-2fe3-43ba-894b-1ba3d5042ea9,1,0,2,0,1,2,Arlington,Arlington,0.0,0,03fe8f4c-af07-4ef3-9dd5-880b9542bdcd,2021-05-30 00:00:00+00:00,Arlington,Arlington,previous_game_city
10713831-74ec-4f54-a221-b4d0dd858808,2021-06-02 00:00:00+00:00,2021-06-01,2021,0a5ad38d-2fe3-43ba-894b-1ba3d5042ea9,0a5ad38d-2fe3-43ba-894b-1ba3d5042ea9,5f0b5caf-708b-4300-92f2-53b51d83ec06,5f0b5caf-708b-4300-92f2-53b51d83ec06,0,0,1,0,2,2,Chicago,Arlington,817.0,0,40f0142f-6cab-4f9b-b71b-c2aea2c783b5,2021-05-30 22:00:00+00:00,Chicago,Los Angeles,previous_game_city
f9fa75c3-cafa-4f8e-afad-80e767af3dab,2021-06-02 00:30:00+00:00,2021-06-01,2021,3c409388-ab73-4c7f-953d-3a71062240f6,3c409388-ab73-4c7f-953d-3a71062240f6,0699edf3-5993-4182-b9b4-ec935cbd4fcc,0699edf3-5993-4182-b9b4-ec935cbd4fcc,1,0,1,0,2,3,Chicago,Chicago,0.0,0,40f0142f-6cab-4f9b-b71b-c2aea2c783b5,2021-05-30 22:00:00+00:00,Chicago,Chicago,previous_game_city
f9fa75c3-cafa-4f8e-afad-80e767af3dab,2021-06-02 00:30:00+00:00,2021-06-01,2021,0699edf3-5993-4182-b9b4-ec935cbd4fcc,0699edf3-5993-4182-b9b4-ec935cbd4fcc,3c409388-ab73-4c7f-953d-3a71062240f6,3c409388-ab73-4c7f-953d-3a71062240f6,0,0,2,0,1,2,Arlington,Chicago,817.0,0,03fe8f4c-af07-4ef3-9dd5-880b9542bdcd,2021-05-30 00:00:00+00:00,Arlington,Phoenix,previous_game_city
a2575b34-1625-4805-99b5-2740a345e51e,2021-06-02 02:30:00+00:00,2021-06-01,2021,d6a012ed-84aa-48d3-8265-2d3f3ff2199a,d6a012ed-84aa-48d3-8265-2d3f3ff2199a,f073a15f-0486-4179-b0a3-dfd0294eb595,f073a15f-0486-4179-b0a3-dfd0294eb595,1,0,3,0,1,2,Everett,Everett,0.0,0,af319dea-7ffa-403e-8afc-405a595c6efd,2021-05-29 02:00:00+00:00,Everett,Everett,previous_game_city
a2575b34-1625-4805-99b5-2740a345e51e,2021-06-02 02:30:00+00:00,2021-06-01,2021,f073a15f-0486-4179-b0a3-dfd0294eb595,f073a15f-0486-4179-b0a3-dfd0294eb595,d6a012ed-84aa-48d3-8265-2d3f3ff2199a,d6a012ed-84aa-48d3-8265-2d3f3ff2199a,0,0,1,0,2,3,Paradise,Everett,896.1,0,343d953b-d0ce-47bc-896b-5ac834f6a46f,2021-05-30 22:00:00+00:00,Paradise,Indianapolis,previous_game_city
2092a8d9-d755-4c2f-b243-09fe1707b630,2021-06-03 23:00:00+00:00,2021-06-03,2021,08ed8274-e29f-4248-bc2e-83cc8ed18d75,08ed8274-e29f-4248-bc2e-83cc8ed18d75,171b097d-01db-4ae8-9d56-035689402ec6,FR_LVA_ACES,1,0,4,0,0,1,Brooklyn,Brooklyn,0.0,0,5251e99a-9201-42ff-b578-b2d52f2371c6,2021-05-29 18:00:00+00:00,Brooklyn,Brooklyn,home_city
2092a8d9-d755-4c2f-b243-09fe1707b630,2021-06-03 23:00:00+00:00,2021-06-03,2021,171b097d-01db-4ae8-9d56-035689402ec6,FR_LVA_ACES,08ed8274-e29f-4248-bc2e-83cc8ed18d75,08ed8274-e29f-4248-bc2e-83cc8ed18d75,0,0,1,0,2,3,Uncasville,Brooklyn,113.0,0,4a898750-4b04-4ee5-8ec9-a0460ab23198,2021-06-01 23:00:00+00:00,Uncasville,Paradise,previous_game_city
e87671ca-95ee-4c66-a516-39005e0dfa1d,2021-06-04 02:00:00+00:00,2021-06-03,2021,0699edf3-5993-4182-b9b4-ec935cbd4fcc,0699edf3-5993-4182-b9b4-ec935cbd4fcc,3c409388-ab73-4c7f-953d-3a71062240f6,3c409388-ab73-4c7f-953d-3a71062240f6,1,0,1,0,1,2,Chicago,Phoenix,1451.7,-2,f9fa75c3-cafa-4f8e-afad-80e767af3dab,2021-06-02 00:30:00+00:00,Chicago,Phoenix,previous_game_city
e87671ca-95ee-4c66-a516-39005e0dfa1d,2021-06-04 02:00:00+00:00,2021-06-03,2021,3c409388-ab73-4c7f-953d-3a71062240f6,3c409388-ab73-4c7f-953d-3a71062240f6,0699edf3-5993-4182-b9b4-ec935cbd4fcc,0699edf3-5993-4182-b9b4-ec935cbd4fcc,0,0,1,0,2,3,Chicago,Phoenix,1451.7,-2,f9fa75c3-cafa-4f8e-afad-80e767af3dab,2021-06-02 00:30:00+00:00,Chicago,Chicago,previous_game_city
bafde111-4c06-41e9-8c54-b652c7ada60e,2021-06-04 02:30:00+00:00,2021-06-03,2021,0a5ad38d-2fe3-43ba-894b-1ba3d5042ea9,0a5ad38d-2fe3-43ba-894b-1ba3d5042ea9,f073a15f-0486-4179-b0a3-dfd0294eb595,f073a15f-0486-4179-b0a3-dfd0294eb595,1,0,1,0,2,3,Arlington,Los Angeles,1222.0,-2,10713831-74ec-4f54-a221-b4d0dd858808,2021-06-02 00:00:00+00:00,Arlington,Los Angeles,previous_game_city
bafde111-4c06-41e9-8c54-b652c7ada60e,2021-06-04 02:30:00+00:00,2021-06-03,2021,f073a15f-0486-4179-b0a3-dfd0294eb595,f073a15f-0486-4179-b0a3-dfd0294eb595,0a5ad38d-2fe3-43ba-894b-1ba3d5042ea9,0a5ad38d-2fe3-43ba-894b-1ba3d5042ea9,0,0,1,0,2,3,Everett,Los Angeles,984.3,0,a2575b34-1625-4805-99b5-2740a345e51e,2021-06-02 02:30:00+00:00,Everett,Indianapolis,previous_game_city
e89a88a8-89d0-45a4-a748-7b8c0fc93ab6,2021-06-05 00:00:00+00:00,2021-06-04,2021,6f017f37-be96-4bdc-b6d3-0a0429c72e89,6f017f37-be96-4bdc-b6d3-0a0429c72e89,5d70a9af-8c2b-4aec-9e68-9acc6ddb93e4,5d70a9af-8c2b-4aec-9e68-9acc6ddb93e4,1,0,4,0,0,2,Minneapolis,Minneapolis,0.0,0,d322498f-2a7e-48dc-9d99-8c4446a915ad,2021-05-30 23:00:00+00:00,Minneapolis,Minneapolis,home_city
e89a88a8-89d0-45a4-a748-7b8c0fc93ab6,2021-06-05 00:00:00+00:00,2021-06-04,2021,5d70a9af-8c2b-4aec-9e68-9acc6ddb93e4,5d70a9af-8c2b-4aec-9e68-9acc6ddb93e4,6f017f37-be96-4bdc-b6d3-0a0429c72e89,6f017f37-be96-4bdc-b6d3-0a0429c72e89,0,0,5,0,0,1,College Park,Minneapolis,912.7,-1,5251e99a-9201-42ff-b578-b2d52f2371c6,2021-05-29 18:00:00+00:00,Brooklyn,College Park,home_city
8d92e2c9-8efc-4f73-8822-676d1f635b54,2021-06-05 02:00:00+00:00,2021-06-04,2021,d6a012ed-84aa-48d3-8265-2d3f3ff2199a,d6a012ed-84aa-48d3-8265-2d3f3ff2199a,5f0b5caf-708b-4300-92f2-53b51d83ec06,5f0b5caf-708b-4300-92f2-53b51d83ec06,1,0,2,0,1,2,Everett,Everett,0.0,0,a2575b34-1625-4805-99b5-2740a345e51e,2021-06-02 02:30:00+00:00,Everett,Everett,previous_game_city
8d92e2c9-8efc-4f73-8822-676d1f635b54,2021-06-05 02:00:00+00:00,2021-06-04,2021,5f0b5caf-708b-4300-92f2-53b51d83ec06,5f0b5caf-708b-4300-92f2-53b51d83ec06,d6a012ed-84aa-48d3-8265-2d3f3ff2199a,d6a012ed-84aa-48d3-8265-2d3f3ff2199a,0,0,2,0,1,2,Arlington,Everett,1676.7,-2,10713831-74ec-4f54-a221-b4d0dd858808,2021-06-02 00:00:00+00:00,Arlington,Arlington,previous_game_city
beed162c-10c7-4626-a251-34531b543abc,2021-06-05 17:00:00+00:00,2021-06-05,2021,5c0d47fe-8539-47b0-9f36-d0b3609ca89b,5c0d47fe-8539-47b0-9f36-d0b3609ca89b,171b097d-01db-4ae8-9d56-035689402ec6,FR_LVA_ACES,1,0,7,0,0,0,Washington,Washington,0.0,0,900d7ece-9d6f-46a8-9af9-096d468d35b5,2021-05-28 23:00:00+00:00,Uncasville,Washington,home_city
beed162c-10c7-4626-a251-34531b543abc,2021-06-05 17:00:00+00:00,2021-06-05,2021,171b097d-01db-4ae8-9d56-035689402ec6,FR_LVA_ACES,5c0d47fe-8539-47b0-9f36-d0b3609ca89b,5c0d47fe-8539-47b0-9f36-d0b3609ca89b,0,0,1,0,2,3,Brooklyn,Washington,204.3,0,2092a8d9-d755-4c2f-b243-09fe1707b630,2021-06-03 23:00:00+00:00,Brooklyn,Paradise,previous_game_city
6657b06c-e5af-4ab1-adbe-57c20a9cb728,2021-06-05 19:00:00+00:00,2021-06-05,2021,0a5ad38d-2fe3-43ba-894b-1ba3d5042ea9,0a5ad38d-2fe3-43ba-894b-1ba3d5042ea9,3c409388-ab73-4c7f-953d-3a71062240f6,3c409388-ab73-4c7f-953d-3a71062240f6,1,0,1,0,2,3,Los Angeles,Los Angeles,0.0,0,bafde111-4c06-41e9-8c54-b652c7ada60e,2021-06-04 02:30:00+00:00,Los Angeles,Los Angeles,previous_game_city
6657b06c-e5af-4ab1-adbe-57c20a9cb728,2021-06-05 19:00:00+00:00,2021-06-05,2021,3c409388-ab73-4c7f-953d-3a71062240f6,3c409388-ab73-4c7f-953d-3a71062240f6,0a5ad38d-2fe3-43ba-894b-1ba3d5042ea9,0a5ad38d-2fe3-43ba-894b-1ba3d5042ea9,0,0,1,0,2,3,Phoenix,Los Angeles,358.4,0,e87671ca-95ee-4c66-a516-39005e0dfa1d,2021-06-04 02:00:00+00:00,Phoenix,Chicago,previous_game_city
8ccde6d8-ca24-4a06-af54-4b76b217dfd5,2021-06-05 23:00:00+00:00,2021-06-05,2021,a015b02d-845c-40c1-8ef4-844984f47e4d,a015b02d-845c-40c1-8ef4-844984f47e4d,08ed8274-e29f-4248-bc2e-83cc8ed18d75,08ed8274-e29f-4248-bc2e-83cc8ed18d75,1,0,3,0,1,2,Uncasville,Uncasville,0.0,0,4a898750-4b04-4ee5-8ec9-a0460ab23198,2021-06-01 23:00:00+00:00,Uncasville,Uncasville,previous_game_city
8ccde6d8-ca24-4a06-af54-4b76b217dfd5,2021-06-05 23:00:00+00:00,2021-06-05,2021,08ed8274-e29f-4248-bc2e-83cc8ed18d75,08ed8274-e29f-4248-bc2e-83cc8ed18d75,a015b02d-845c-40c1-8ef4-844984f47e4d,a015b02d-845c-40c1-8ef4-844984f47e4d,0,0,1,0,1,2,Brooklyn,Uncasville,113.0,0,2092a8d9-d755-4c2f-b243-09fe1707b630,2021-06-03 23:00:00+00:00,Brooklyn,Brooklyn,previous_game_city
796872bf-b8e4-4d53-8085-4bb4ec66f6db,2021-06-06 23:00:00+00:00,2021-06-06,2021,6f017f37-be96-4bdc-b6d3-0a0429c72e89,6f017f37-be96-4bdc-b6d3-0a0429c72e89,5d70a9af-8c2b-4aec-9e68-9acc6ddb93e4,5d70a9af-8c2b-4aec-9e68-9acc6ddb93e4,1,0,1,0,1,2,Minneapolis,Minneapolis,0.0,0,e89a88a8-89d0-45a4-a748-7b8c0fc93ab6,2021-06-05 00:00:00+00:00,Minneapolis,Minneapolis,previous_game_city
796872bf-b8e4-4d53-8085-4bb4ec66f6db,2021-06-06 23:00:00+00:00,2021-06-06,2021,5d70a9af-8c2b-4aec-9e68-9acc6ddb93e4,5d70a9af-8c2b-4aec-9e68-9acc6ddb93e4,6f017f37-be96-4bdc-b6d3-0a0429c72e89,6f017f37-be96-4bdc-b6d3-0a0429c72e89,0,0,1,0,1,1,Minneapolis,Minneapolis,0.0,0,e89a88a8-89d0-45a4-a748-7b8c0fc93ab6,2021-06-05 00:00:00+00:00,Minneapolis,College Park,previous_game_city
85cde37d-ed09-42ea-aa36-663158871c60,2021-06-06 23:00:00+00:00,2021-06-06,2021,d6a012ed-84aa-48d3-8265-2d3f3ff2199a,d6a012ed-84aa-48d3-8265-2d3f3ff2199a,5f0b5caf-708b-4300-92f2-53b51d83ec06,5f0b5caf-708b-4300-92f2-53b51d83ec06,1,0,1,0,1,2,Everett,Everett,0.0,0,8d92e2c9-8efc-4f73-8822-676d1f635b54,2021-06-05 02:00:00+00:00,Everett,Everett,previous_game_city
85cde37d-ed09-42ea-aa36-663158871c60,2021-06-06 23:00:00+00:00,2021-06-06,2021,5f0b5caf-708b-4300-92f2-53b51d83ec06,5f0b5caf-708b-4300-92f2-53b51d83ec06,d6a012ed-84aa-48d3-8265-2d3f3ff2199a,d6a012ed-84aa-48d3-8265-2d3f3ff2199a,0,0,1,0,1,2,Everett,Everett,0.0,0,8d92e2c9-8efc-4f73-8822-676d1f635b54,2021-06-05 02:00:00+00:00,Everett,Arlington,previous_game_city
84beb1d7-2c2b-450b-8391-900a28551177,2021-06-08 23:00:00+00:00,2021-06-08,2021,5c0d47fe-8539-47b0-9f36-d0b3609ca89b,5c0d47fe-8539-47b0-9f36-d0b3609ca89b,6f017f37-be96-4bdc-b6d3-0a0429c72e89,6f017f37-be96-4bdc-b6d3-0a0429c72e89,1,0,2,0,1,1,Washington,Washington,0.0,0,beed162c-10c7-4626-a251-34531b543abc,2021-06-05 17:00:00+00:00,Washington,Washington,previous_game_city
84beb1d7-2c2b-450b-8391-900a28551177,2021-06-08 23:00:00+00:00,2021-06-08,2021,6f017f37-be96-4bdc-b6d3-0a0429c72e89,6f017f37-be96-4bdc-b6d3-0a0429c72e89,5c0d47fe-8539-47b0-9f36-d0b3609ca89b,5c0d47fe-8539-47b0-9f36-d0b3609ca89b,0,0,1,0,2,2,Minneapolis,Washington,936.1,1,796872bf-b8e4-4d53-8085-4bb4ec66f6db,2021-06-06 23:00:00+00:00,Minneapolis,Minneapolis,previous_game_city
19688148-0f1d-45cd-832c-80619a136397,2021-06-09 02:00:00+00:00,2021-06-08,2021,0699edf3-5993-4182-b9b4-ec935cbd4fcc,0699edf3-5993-4182-b9b4-ec935cbd4fcc,5f0b5caf-708b-4300-92f2-53b51d83ec06,5f0b5caf-708b-4300-92f2-53b51d83ec06,1,0,4,0,0,2,Phoenix,Phoenix,0.4,0,e87671ca-95ee-4c66-a516-39005e0dfa1d,2021-06-04 02:00:00+00:00,Phoenix,Phoenix,home_city
19688148-0f1d-45cd-832c-80619a136397,2021-06-09 02:00:00+00:00,2021-06-08,2021,5f0b5caf-708b-4300-92f2-53b51d83ec06,5f0b5caf-708b-4300-92f2-53b51d83ec06,0699edf3-5993-4182-b9b4-ec935cbd4fcc,0699edf3-5993-4182-b9b4-ec935cbd4fcc,0,0,1,0,2,3,Everett,Phoenix,1133.4,0,85cde37d-ed09-42ea-aa36-663158871c60,2021-06-06 23:00:00+00:00,Everett,Arlington,previous_game_city
35eeda89-a0bc-4c96-9b32-44bf510eb024,2021-06-09 23:00:00+00:00,2021-06-09,2021,5d70a9af-8c2b-4aec-9e68-9acc6ddb93e4,5d70a9af-8c2b-4aec-9e68-9acc6ddb93e4,d6a012ed-84aa-48d3-8265-2d3f3ff2199a,d6a012ed-84aa-48d3-8265-2d3f3ff2199a,1,0,2,0,1,2,Minneapolis,College Park,912.7,1,796872bf-b8e4-4d53-8085-4bb4ec66f6db,2021-06-06 23:00:00+00:00,Minneapolis,College Park,previous_game_city
35eeda89-a0bc-4c96-9b32-44bf510eb024,2021-06-09 23:00:00+00:00,2021-06-09,2021,d6a012ed-84aa-48d3-8265-2d3f3ff2199a,d6a012ed-84aa-48d3-8265-2d3f3ff2199a,5d70a9af-8c2b-4aec-9e68-9acc6ddb93e4,5d70a9af-8c2b-4aec-9e68-9acc6ddb93e4,0,0,2,0,1,2,Everett,College Park,2179.3,3,85cde37d-ed09-42ea-aa36-663158871c60,2021-06-06 23:00:00+00:00,Everett,Everett,previous_game_city
afc1e25c-e53b-4f63-bbf2-be04cd2ef227,2021-06-10 00:00:00+00:00,2021-06-09,2021,3c409388-ab73-4c7f-953d-3a71062240f6,3c409388-ab73-4c7f-953d-3a71062240f6,f073a15f-0486-4179-b0a3-dfd0294eb595,f073a15f-0486-4179-b0a3-dfd0294eb595,1,0,3,0,1,2,Los Angeles,Chicago,1744.2,2,6657b06c-e5af-4ab1-adbe-57c20a9cb728,2021-06-05 19:00:00+00:00,Los Angeles,Chicago,previous_game_city
afc1e25c-e53b-4f63-bbf2-be04cd2ef227,2021-06-10 00:00:00+00:00,2021-06-09,2021,f073a15f-0486-4179-b0a3-dfd0294eb595,f073a15f-0486-4179-b0a3-dfd0294eb595,3c409388-ab73-4c7f-953d-3a71062240f6,3c409388-ab73-4c7f-953d-3a71062240f6,0,0,5,0,0,1,Indianapolis,Chicago,160.9,-1,bafde111-4c06-41e9-8c54-b652c7ada60e,2021-06-04 02:30:00+00:00,Los Angeles,Indianapolis,home_city
412c1595-5655-44ac-bd75-037aa5d24970,2021-06-10 23:00:00+00:00,2021-06-10,2021,5c0d47fe-8539-47b0-9f36-d0b3609ca89b,5c0d47fe-8539-47b0-9f36-d0b3609ca89b,0a5ad38d-2fe3-43ba-894b-1ba3d5042ea9,0a5ad38d-2fe3-43ba-894b-1ba3d5042ea9,1,0,1,0,1,2,Washington,Washington,0.0,0,84beb1d7-2c2b-450b-8391-900a28551177,2021-06-08 23:00:00+00:00,Washington,Washington,previous_game_city
412c1595-5655-44ac-bd75-037aa5d24970,2021-06-10 23:00:00+00:00,2021-06-10,2021,0a5ad38d-2fe3-43ba-894b-1ba3d5042ea9,0a5ad38d-2fe3-43ba-894b-1ba3d5042ea9,5c0d47fe-8539-47b0-9f36-d0b3609ca89b,5c0d47fe-8539-47b0-9f36-d0b3609ca89b,0,0,4,0,0,2,Los Angeles,Washington,2298.6,3,6657b06c-e5af-4ab1-adbe-57c20a9cb728,2021-06-05 19:00:00+00:00,Los Angeles,Los Angeles,home_city
42342a81-debf-4c99-94f1-f323bd1a2249,2021-06-12 00:00:00+00:00,2021-06-11,2021,5d70a9af-8c2b-4aec-9e68-9acc6ddb93e4,5d70a9af-8c2b-4aec-9e68-9acc6ddb93e4,d6a012ed-84aa-48d3-8265-2d3f3ff2199a,d6a012ed-84aa-48d3-8265-2d3f3ff2199a,1,0,1,0,1,3,College Park,College Park,0.0,0,35eeda89-a0bc-4c96-9b32-44bf510eb024,2021-06-09 23:00:00+00:00,College Park,College Park,previous_game_city
42342a81-debf-4c99-94f1-f323bd1a2249,2021-06-12 00:00:00+00:00,2021-06-11,2021,d6a012ed-84aa-48d3-8265-2d3f3ff2199a,d6a012ed-84aa-48d3-8265-2d3f3ff2199a,5d70a9af-8c2b-4aec-9e68-9acc6ddb93e4,5d70a9af-8c2b-4aec-9e68-9acc6ddb93e4,0,0,1,0,1,3,College Park,College Park,0.0,0,35eeda89-a0bc-4c96-9b32-44bf510eb024,2021-06-09 23:00:00+00:00,College Park,Everett,previous_game_city
377a66e8-adc0-4b1e-a0d7-698f2b2e8460,2021-06-12 02:00:00+00:00,2021-06-11,2021,0699edf3-5993-4182-b9b4-ec935cbd4fcc,0699edf3-5993-4182-b9b4-ec935cbd4fcc,5f0b5caf-708b-4300-92f2-53b51d83ec06,5f0b5caf-708b-4300-92f2-53b51d83ec06,1,0,2,0,1,1,Phoenix,Phoenix,0.0,0,19688148-0f1d-45cd-832c-80619a136397,2021-06-09 02:00:00+00:00,Phoenix,Phoenix,previous_game_city
377a66e8-adc0-4b1e-a0d7-698f2b2e8460,2021-06-12 02:00:00+00:00,2021-06-11,2021,5f0b5caf-708b-4300-92f2-53b51d83ec06,5f0b5caf-708b-4300-92f2-53b51d83ec06,0699edf3-5993-4182-b9b4-ec935cbd4fcc,0699edf3-5993-4182-b9b4-ec935cbd4fcc,0,0,2,0,1,3,Phoenix,Phoenix,0.0,0,19688148-0f1d-45cd-832c-80619a136397,2021-06-09 02:00:00+00:00,Phoenix,Arlington,previous_game_city
6ee58313-0be5-49f2-a32c-3c881e492d50,2021-06-12 17:00:00+00:00,2021-06-12,2021,f073a15f-0486-4179-b0a3-dfd0294eb595,f073a15f-0486-4179-b0a3-dfd0294eb595,3c409388-ab73-4c7f-953d-3a71062240f6,3c409388-ab73-4c7f-953d-3a71062240f6,1,0,2,0,1,1,Chicago,Indianapolis,160.0,1,afc1e25c-e53b-4f63-bbf2-be04cd2ef227,2021-06-10 00:00:00+00:00,Chicago,Indianapolis,previous_game_city
6ee58313-0be5-49f2-a32c-3c881e492d50,2021-06-12 17:00:00+00:00,2021-06-12,2021,3c409388-ab73-4c7f-953d-3a71062240f6,3c409388-ab73-4c7f-953d-3a71062240f6,f073a15f-0486-4179-b0a3-dfd0294eb595,f073a15f-0486-4179-b0a3-dfd0294eb595,0,0,2,0,1,2,Chicago,Indianapolis,160.0,1,afc1e25c-e53b-4f63-bbf2-be04cd2ef227,2021-06-10 00:00:00+00:00,Chicago,Chicago,previous_game_city
c0d1f87a-6f5d-4e59-abbb-67a9520cc2fe,2021-06-13 00:00:00+00:00,2021-06-12,2021,6f017f37-be96-4bdc-b6d3-0a0429c72e89,6f017f37-be96-4bdc-b6d3-0a0429c72e89,0a5ad38d-2fe3-43ba-894b-1ba3d5042ea9,0a5ad38d-2fe3-43ba-894b-1ba3d5042ea9,1,0,3,0,1,2,Washington,Minneapolis,936.1,-1,84beb1d7-2c2b-450b-8391-900a28551177,2021-06-08 23:00:00+00:00,Washington,Minneapolis,previous_game_city
c0d1f87a-6f5d-4e59-abbb-67a9520cc2fe,2021-06-13 00:00:00+00:00,2021-06-12,2021,0a5ad38d-2fe3-43ba-894b-1ba3d5042ea9,0a5ad38d-2fe3-43ba-894b-1ba3d5042ea9,6f017f37-be96-4bdc-b6d3-0a0429c72e89,6f017f37-be96-4bdc-b6d3-0a0429c72e89,0,0,1,0,1,2,Washington,Minneapolis,936.1,-1,412c1595-5655-44ac-bd75-037aa5d24970,2021-06-10 23:00:00+00:00,Washington,Los Angeles,previous_game_city
5a6a7a85-1816-45af-aeac-a0018f1068e1,2021-06-13 18:00:00+00:00,2021-06-13,2021,a015b02d-845c-40c1-8ef4-844984f47e4d,a015b02d-845c-40c1-8ef4-844984f47e4d,d6a012ed-84aa-48d3-8265-2d3f3ff2199a,d6a012ed-84aa-48d3-8265-2d3f3ff2199a,1,0,7,0,0,0,Uncasville,Uncasville,0.0,0,8ccde6d8-ca24-4a06-af54-4b76b217dfd5,2021-06-05 23:00:00+00:00,Uncasville,Uncasville,home_city
5a6a7a85-1816-45af-aeac-a0018f1068e1,2021-06-13 18:00:00+00:00,2021-06-13,2021,d6a012ed-84aa-48d3-8265-2d3f3ff2199a,d6a012ed-84aa-48d3-8265-2d3f3ff2199a,a015b02d-845c-40c1-8ef4-844984f47e4d,a015b02d-845c-40c1-8ef4-844984f47e4d,0,0,1,0,2,3,College Park,Uncasville,866.0,0,42342a81-debf-4c99-94f1-f323bd1a2249,2021-06-12 00:00:00+00:00,College Park,Everett,previous_game_city
58503ee4-10e0-4095-ac9b-1f306d2dd9ed,2021-06-13 19:30:00+00:00,2021-06-13,2021,5d70a9af-8c2b-4aec-9e68-9acc6ddb93e4,5d70a9af-8c2b-4aec-9e68-9acc6ddb93e4,5c0d47fe-8539-47b0-9f36-d0b3609ca89b,5c0d47fe-8539-47b0-9f36-d0b3609ca89b,1,0,1,0,2,3,College Park,College Park,0.0,0,42342a81-debf-4c99-94f1-f323bd1a2249,2021-06-12 00:00:00+00:00,College Park,College Park,previous_game_city
58503ee4-10e0-4095-ac9b-1f306d2dd9ed,2021-06-13 19:30:00+00:00,2021-06-13,2021,5c0d47fe-8539-47b0-9f36-d0b3609ca89b,5c0d47fe-8539-47b0-9f36-d0b3609ca89b,5d70a9af-8c2b-4aec-9e68-9acc6ddb93e4,5d70a9af-8c2b-4aec-9e68-9acc6ddb93e4,0,0,2,0,1,2,Washington,College Park,549.4,0,412c1595-5655-44ac-bd75-037aa5d24970,2021-06-10 23:00:00+00:00,Washington,Washington,previous_game_city
9758e4ed-3d63-4b0c-93aa-c0dce6e640fe,2021-06-13 22:00:00+00:00,2021-06-13,2021,171b097d-01db-4ae8-9d56-035689402ec6,FR_LVA_ACES,5f0b5caf-708b-4300-92f2-53b51d83ec06,5f0b5caf-708b-4300-92f2-53b51d83ec06,1,0,7,0,0,0,Paradise,Paradise,0.0,0,beed162c-10c7-4626-a251-34531b543abc,2021-06-05 17:00:00+00:00,Washington,Paradise,home_city
9758e4ed-3d63-4b0c-93aa-c0dce6e640fe,2021-06-13 22:00:00+00:00,2021-06-13,2021,5f0b5caf-708b-4300-92f2-53b51d83ec06,5f0b5caf-708b-4300-92f2-53b51d83ec06,171b097d-01db-4ae8-9d56-035689402ec6,FR_LVA_ACES,0,0,1,0,1,3,Phoenix,Paradise,253.9,0,377a66e8-adc0-4b1e-a0d7-698f2b2e8460,2021-06-12 02:00:00+00:00,Phoenix,Arlington,previous_game_city
9f3c8560-a2d5-4621-afd0-f20a2abf3e78,2021-06-13 22:00:00+00:00,2021-06-13,2021,0699edf3-5993-4182-b9b4-ec935cbd4fcc,0699edf3-5993-4182-b9b4-ec935cbd4fcc,08ed8274-e29f-4248-bc2e-83cc8ed18d75,08ed8274-e29f-4248-bc2e-83cc8ed18d75,1,0,1,0,1,2,Phoenix,Phoenix,0.0,0,377a66e8-adc0-4b1e-a0d7-698f2b2e8460,2021-06-12 02:00:00+00:00,Phoenix,Phoenix,previous_game_city
9f3c8560-a2d5-4621-afd0-f20a2abf3e78,2021-06-13 22:00:00+00:00,2021-06-13,2021,08ed8274-e29f-4248-bc2e-83cc8ed18d75,08ed8274-e29f-4248-bc2e-83cc8ed18d75,0699edf3-5993-4182-b9b4-ec935cbd4fcc,0699edf3-5993-4182-b9b4-ec935cbd4fcc,0,0,7,0,0,0,Brooklyn,Phoenix,2141.3,-3,8ccde6d8-ca24-4a06-af54-4b76b217dfd5,2021-06-05 23:00:00+00:00,Uncasville,Brooklyn,home_city
e7397ed4-631a-48ea-bc95-d6a30b1de4d4,2021-06-15 23:00:00+00:00,2021-06-15,2021,f073a15f-0486-4179-b0a3-dfd0294eb595,f073a15f-0486-4179-b0a3-dfd0294eb595,d6a012ed-84aa-48d3-8265-2d3f3ff2199a,d6a012ed-84aa-48d3-8265-2d3f3ff2199a,1,0,2,0,1,2,Indianapolis,Indianapolis,0.0,0,6ee58313-0be5-49f2-a32c-3c881e492d50,2021-06-12 17:00:00+00:00,Indianapolis,Indianapolis,previous_game_city
e7397ed4-631a-48ea-bc95-d6a30b1de4d4,2021-06-15 23:00:00+00:00,2021-06-15,2021,d6a012ed-84aa-48d3-8265-2d3f3ff2199a,d6a012ed-84aa-48d3-8265-2d3f3ff2199a,f073a15f-0486-4179-b0a3-dfd0294eb595,f073a15f-0486-4179-b0a3-dfd0294eb595,0,0,1,0,2,3,Uncasville,Indianapolis,744.4,0,5a6a7a85-1816-45af-aeac-a0018f1068e1,2021-06-13 18:00:00+00:00,Uncasville,Everett,previous_game_city
a07ca7a3-c8e4-4171-8c30-90ae6229e150,2021-06-16 01:00:00+00:00,2021-06-15,2021,6f017f37-be96-4bdc-b6d3-0a0429c72e89,6f017f37-be96-4bdc-b6d3-0a0429c72e89,3c409388-ab73-4c7f-953d-3a71062240f6,3c409388-ab73-4c7f-953d-3a71062240f6,1,0,2,0,1,2,Minneapolis,Minneapolis,0.0,0,c0d1f87a-6f5d-4e59-abbb-67a9520cc2fe,2021-06-13 00:00:00+00:00,Minneapolis,Minneapolis,previous_game_city
a07ca7a3-c8e4-4171-8c30-90ae6229e150,2021-06-16 01:00:00+00:00,2021-06-15,2021,3c409388-ab73-4c7f-953d-3a71062240f6,3c409388-ab73-4c7f-953d-3a71062240f6,6f017f37-be96-4bdc-b6d3-0a0429c72e89,6f017f37-be96-4bdc-b6d3-0a0429c72e89,0,0,2,0,1,2,Indianapolis,Minneapolis,508.9,-1,6ee58313-0be5-49f2-a32c-3c881e492d50,2021-06-12 17:00:00+00:00,Indianapolis,Chicago,previous_game_city
9a66680b-822c-445f-8e0b-168fad84b1ef,2021-06-16 02:00:00+00:00,2021-06-15,2021,171b097d-01db-4ae8-9d56-035689402ec6,FR_LVA_ACES,08ed8274-e29f-4248-bc2e-83cc8ed18d75,08ed8274-e29f-4248-bc2e-83cc8ed18d75,1,0,1,0,1,1,Paradise,Paradise,0.0,0,9758e4ed-3d63-4b0c-93aa-c0dce6e640fe,2021-06-13 22:00:00+00:00,Paradise,Paradise,previous_game_city
9a66680b-822c-445f-8e0b-168fad84b1ef,2021-06-16 02:00:00+00:00,2021-06-15,2021,08ed8274-e29f-4248-bc2e-83cc8ed18d75,08ed8274-e29f-4248-bc2e-83cc8ed18d75,171b097d-01db-4ae8-9d56-035689402ec6,FR_LVA_ACES,0,0,1,0,1,1,Phoenix,Paradise,253.9,0,9f3c8560-a2d5-4621-afd0-f20a2abf3e78,2021-06-13 22:00:00+00:00,Phoenix,Brooklyn,previous_game_city
e70135f7-b822-4a3e-9068-e025c490fd2f,2021-06-17 02:30:00+00:00,2021-06-16,2021,0a5ad38d-2fe3-43ba-894b-1ba3d5042ea9,0a5ad38d-2fe3-43ba-894b-1ba3d5042ea9,0699edf3-5993-4182-b9b4-ec935cbd4fcc,0699edf3-5993-4182-b9b4-ec935cbd4fcc,1,0,3,0,1,2,Minneapolis,Los Angeles,1522.6,-2,c0d1f87a-6f5d-4e59-abbb-67a9520cc2fe,2021-06-13 00:00:00+00:00,Minneapolis,Los Angeles,previous_game_city
e70135f7-b822-4a3e-9068-e025c490fd2f,2021-06-17 02:30:00+00:00,2021-06-16,2021,0699edf3-5993-4182-b9b4-ec935cbd4fcc,0699edf3-5993-4182-b9b4-ec935cbd4fcc,0a5ad38d-2fe3-43ba-894b-1ba3d5042ea9,0a5ad38d-2fe3-43ba-894b-1ba3d5042ea9,0,0,2,0,1,2,Phoenix,Los Angeles,358.4,0,9f3c8560-a2d5-4621-afd0-f20a2abf3e78,2021-06-13 22:00:00+00:00,Phoenix,Phoenix,previous_game_city
b397bf2b-2a9f-4ca3-b8ab-7cb40d1db344,2021-06-17 23:00:00+00:00,2021-06-17,2021,5c0d47fe-8539-47b0-9f36-d0b3609ca89b,5c0d47fe-8539-47b0-9f36-d0b3609ca89b,5d70a9af-8c2b-4aec-9e68-9acc6ddb93e4,5d70a9af-8c2b-4aec-9e68-9acc6ddb93e4,1,0,3,0,1,2,College Park,Washington,549.4,0,58503ee4-10e0-4095-ac9b-1f306d2dd9ed,2021-06-13 19:30:00+00:00,College Park,Washington,previous_game_city
b397bf2b-2a9f-4ca3-b8ab-7cb40d1db344,2021-06-17 23:00:00+00:00,2021-06-17,2021,5d70a9af-8c2b-4aec-9e68-9acc6ddb93e4,5d70a9af-8c2b-4aec-9e68-9acc6ddb93e4,5c0d47fe-8539-47b0-9f36-d0b3609ca89b,5c0d47fe-8539-47b0-9f36-d0b3609ca89b,0,0,3,0,1,2,College Park,Washington,549.4,0,58503ee4-10e0-4095-ac9b-1f306d2dd9ed,2021-06-13 19:30:00+00:00,College Park,College Park,previous_game_city
c131eee2-1f3b-4f91-84ff-93f33ac11a8d,2021-06-17 23:00:00+00:00,2021-06-17,2021,f073a15f-0486-4179-b0a3-dfd0294eb595,f073a15f-0486-4179-b0a3-dfd0294eb595,d6a012ed-84aa-48d3-8265-2d3f3ff2199a,d6a012ed-84aa-48d3-8265-2d3f3ff2199a,1,0,1,0,1,2,Indianapolis,Indianapolis,0.0,0,e7397ed4-631a-48ea-bc95-d6a30b1de4d4,2021-06-15 23:00:00+00:00,Indianapolis,Indianapolis,previous_game_city
c131eee2-1f3b-4f91-84ff-93f33ac11a8d,2021-06-17 23:00:00+00:00,2021-06-17,2021,d6a012ed-84aa-48d3-8265-2d3f3ff2199a,d6a012ed-84aa-48d3-8265-2d3f3ff2199a,f073a15f-0486-4179-b0a3-dfd0294eb595,f073a15f-0486-4179-b0a3-dfd0294eb595,0,0,1,0,2,3,Indianapolis,Indianapolis,0.0,0,e7397ed4-631a-48ea-bc95-d6a30b1de4d4,2021-06-15 23:00:00+00:00,Indianapolis,Everett,previous_game_city
7e59c4ea-8511-40c6-ad3c-d067311f02d6,2021-06-18 00:00:00+00:00,2021-06-17,2021,3c409388-ab73-4c7f-953d-3a71062240f6,3c409388-ab73-4c7f-953d-3a71062240f6,a015b02d-845c-40c1-8ef4-844984f47e4d,a015b02d-845c-40c1-8ef4-844984f47e4d,1,0,1,0,1,2,Minneapolis,Chicago,356.5,0,a07ca7a3-c8e4-4171-8c30-90ae6229e150,2021-06-16 01:00:00+00:00,Minneapolis,Chicago,previous_game_city
7e59c4ea-8511-40c6-ad3c-d067311f02d6,2021-06-18 00:00:00+00:00,2021-06-17,2021,a015b02d-845c-40c1-8ef4-844984f47e4d,a015b02d-845c-40c1-8ef4-844984f47e4d,3c409388-ab73-4c7f-953d-3a71062240f6,3c409388-ab73-4c7f-953d-3a71062240f6,0,0,3,0,1,1,Uncasville,Chicago,800.9,-1,5a6a7a85-1816-45af-aeac-a0018f1068e1,2021-06-13 18:00:00+00:00,Uncasville,Uncasville,previous_game_city
a9ce6c2e-3ee0-44a1-8645-1365d3725767,2021-06-18 00:00:00+00:00,2021-06-17,2021,5f0b5caf-708b-4300-92f2-53b51d83ec06,5f0b5caf-708b-4300-92f2-53b51d83ec06,6f017f37-be96-4bdc-b6d3-0a0429c72e89,6f017f37-be96-4bdc-b6d3-0a0429c72e89,1,0,3,0,1,2,Paradise,Arlington,1054.3,2,9758e4ed-3d63-4b0c-93aa-c0dce6e640fe,2021-06-13 22:00:00+00:00,Paradise,Arlington,previous_game_city
a9ce6c2e-3ee0-44a1-8645-1365d3725767,2021-06-18 00:00:00+00:00,2021-06-17,2021,6f017f37-be96-4bdc-b6d3-0a0429c72e89,6f017f37-be96-4bdc-b6d3-0a0429c72e89,5f0b5caf-708b-4300-92f2-53b51d83ec06,5f0b5caf-708b-4300-92f2-53b51d83ec06,0,0,1,0,1,2,Minneapolis,Arlington,870.8,0,a07ca7a3-c8e4-4171-8c30-90ae6229e150,2021-06-16 01:00:00+00:00,Minneapolis,Minneapolis,previous_game_city
bc8ffd94-6461-4e66-9bb8-a35cf08348d7,2021-06-18 02:00:00+00:00,2021-06-17,2021,171b097d-01db-4ae8-9d56-035689402ec6,FR_LVA_ACES,08ed8274-e29f-4248-bc2e-83cc8ed18d75,08ed8274-e29f-4248-bc2e-83cc8ed18d75,1,0,1,0,2,2,Paradise,Paradise,0.0,0,9a66680b-822c-445f-8e0b-168fad84b1ef,2021-06-16 02:00:00+00:00,Paradise,Paradise,previous_game_city
bc8ffd94-6461-4e66-9bb8-a35cf08348d7,2021-06-18 02:00:00+00:00,2021-06-17,2021,08ed8274-e29f-4248-bc2e-83cc8ed18d75,08ed8274-e29f-4248-bc2e-83cc8ed18d75,171b097d-01db-4ae8-9d56-035689402ec6,FR_LVA_ACES,0,0,1,0,2,2,Paradise,Paradise,0.0,0,9a66680b-822c-445f-8e0b-168fad84b1ef,2021-06-16 02:00:00+00:00,Paradise,Brooklyn,previous_game_city
e2ad6d33-5505-4c3e-88f7-888d2962231d,2021-06-19 02:30:00+00:00,2021-06-18,2021,0a5ad38d-2fe3-43ba-894b-1ba3d5042ea9,0a5ad38d-2fe3-43ba-894b-1ba3d5042ea9,0699edf3-5993-4182-b9b4-ec935cbd4fcc,0699edf3-5993-4182-b9b4-ec935cbd4fcc,1,0,1,0,1,2,Los Angeles,Los Angeles,0.0,0,e70135f7-b822-4a3e-9068-e025c490fd2f,2021-06-17 02:30:00+00:00,Los Angeles,Los Angeles,previous_game_city
e2ad6d33-5505-4c3e-88f7-888d2962231d,2021-06-19 02:30:00+00:00,2021-06-18,2021,0699edf3-5993-4182-b9b4-ec935cbd4fcc,0699edf3-5993-4182-b9b4-ec935cbd4fcc,0a5ad38d-2fe3-43ba-894b-1ba3d5042ea9,0a5ad38d-2fe3-43ba-894b-1ba3d5042ea9,0,0,1,0,1,3,Los Angeles,Los Angeles,0.0,0,e70135f7-b822-4a3e-9068-e025c490fd2f,2021-06-17 02:30:00+00:00,Los Angeles,Phoenix,previous_game_city
877d05c4-c09a-42ee-a71f-73c6651c9362,2021-06-19 18:00:00+00:00,2021-06-19,2021,3c409388-ab73-4c7f-953d-3a71062240f6,3c409388-ab73-4c7f-953d-3a71062240f6,a015b02d-845c-40c1-8ef4-844984f47e4d,a015b02d-845c-40c1-8ef4-844984f47e4d,1,0,1,0,2,3,Chicago,Chicago,0.0,0,7e59c4ea-8511-40c6-ad3c-d067311f02d6,2021-06-18 00:00:00+00:00,Chicago,Chicago,previous_game_city
877d05c4-c09a-42ee-a71f-73c6651c9362,2021-06-19 18:00:00+00:00,2021-06-19,2021,a015b02d-845c-40c1-8ef4-844984f47e4d,a015b02d-845c-40c1-8ef4-844984f47e4d,3c409388-ab73-4c7f-953d-3a71062240f6,3c409388-ab73-4c7f-953d-3a71062240f6,0,0,1,0,1,2,Chicago,Chicago,0.0,0,7e59c4ea-8511-40c6-ad3c-d067311f02d6,2021-06-18 00:00:00+00:00,Chicago,Uncasville,previous_game_city
1c471ec0-ed95-4b30-852b-714308785ad8,2021-06-19 23:00:00+00:00,2021-06-19,2021,5c0d47fe-8539-47b0-9f36-d0b3609ca89b,5c0d47fe-8539-47b0-9f36-d0b3609ca89b,f073a15f-0486-4179-b0a3-dfd0294eb595,f073a15f-0486-4179-b0a3-dfd0294eb595,1,0,1,0,1,2,Washington,Washington,0.0,0,b397bf2b-2a9f-4ca3-b8ab-7cb40d1db344,2021-06-17 23:00:00+00:00,Washington,Washington,previous_game_city
1c471ec0-ed95-4b30-852b-714308785ad8,2021-06-19 23:00:00+00:00,2021-06-19,2021,f073a15f-0486-4179-b0a3-dfd0294eb595,f073a15f-0486-4179-b0a3-dfd0294eb595,5c0d47fe-8539-47b0-9f36-d0b3609ca89b,5c0d47fe-8539-47b0-9f36-d0b3609ca89b,0,0,1,0,2,3,Indianapolis,Washington,493.2,0,c131eee2-1f3b-4f91-84ff-93f33ac11a8d,2021-06-17 23:00:00+00:00,Indianapolis,Indianapolis,previous_game_city
044708e4-4ade-4361-a774-f5e7a54d2add,2021-06-20 00:00:00+00:00,2021-06-19,2021,5f0b5caf-708b-4300-92f2-53b51d83ec06,5f0b5caf-708b-4300-92f2-53b51d83ec06,6f017f37-be96-4bdc-b6d3-0a0429c72e89,6f017f37-be96-4bdc-b6d3-0a0429c72e89,1,0,1,0,1,2,Arlington,Arlington,0.0,0,a9ce6c2e-3ee0-44a1-8645-1365d3725767,2021-06-18 00:00:00+00:00,Arlington,Arlington,previous_game_city
044708e4-4ade-4361-a774-f5e7a54d2add,2021-06-20 00:00:00+00:00,2021-06-19,2021,6f017f37-be96-4bdc-b6d3-0a0429c72e89,6f017f37-be96-4bdc-b6d3-0a0429c72e89,5f0b5caf-708b-4300-92f2-53b51d83ec06,5f0b5caf-708b-4300-92f2-53b51d83ec06,0,0,1,0,2,3,Arlington,Arlington,0.0,0,a9ce6c2e-3ee0-44a1-8645-1365d3725767,2021-06-18 00:00:00+00:00,Arlington,Minneapolis,previous_game_city
4bdbec54-2d6a-4f8d-a760-d90d6e4706ed,2021-06-20 20:00:00+00:00,2021-06-20,2021,0a5ad38d-2fe3-43ba-894b-1ba3d5042ea9,0a5ad38d-2fe3-43ba-894b-1ba3d5042ea9,08ed8274-e29f-4248-bc2e-83cc8ed18d75,08ed8274-e29f-4248-bc2e-83cc8ed18d75,1,0,1,0,2,2,Los Angeles,Los Angeles,0.0,0,e2ad6d33-5505-4c3e-88f7-888d2962231d,2021-06-19 02:30:00+00:00,Los Angeles,Los Angeles,previous_game_city
4bdbec54-2d6a-4f8d-a760-d90d6e4706ed,2021-06-20 20:00:00+00:00,2021-06-20,2021,08ed8274-e29f-4248-bc2e-83cc8ed18d75,08ed8274-e29f-4248-bc2e-83cc8ed18d75,0a5ad38d-2fe3-43ba-894b-1ba3d5042ea9,0a5ad38d-2fe3-43ba-894b-1ba3d5042ea9,0,0,2,0,1,3,Paradise,Los Angeles,225.0,0,bc8ffd94-6461-4e66-9bb8-a35cf08348d7,2021-06-18 02:00:00+00:00,Paradise,Brooklyn,previous_game_city
932ea61f-485b-4878-9f59-e85aebffbc42,2021-06-22 23:00:00+00:00,2021-06-22,2021,a015b02d-845c-40c1-8ef4-844984f47e4d,a015b02d-845c-40c1-8ef4-844984f47e4d,5f0b5caf-708b-4300-92f2-53b51d83ec06,5f0b5caf-708b-4300-92f2-53b51d83ec06,1,0,2,0,1,2,Chicago,Uncasville,800.9,1,877d05c4-c09a-42ee-a71f-73c6651c9362,2021-06-19 18:00:00+00:00,Chicago,Uncasville,previous_game_city
932ea61f-485b-4878-9f59-e85aebffbc42,2021-06-22 23:00:00+00:00,2021-06-22,2021,5f0b5caf-708b-4300-92f2-53b51d83ec06,5f0b5caf-708b-4300-92f2-53b51d83ec06,a015b02d-845c-40c1-8ef4-844984f47e4d,a015b02d-845c-40c1-8ef4-844984f47e4d,0,0,2,0,1,2,Arlington,Uncasville,1498.5,1,044708e4-4ade-4361-a774-f5e7a54d2add,2021-06-20 00:00:00+00:00,Arlington,Arlington,previous_game_city
bf26efee-685e-4b62-8c37-db82d9886257,2021-06-22 23:00:00+00:00,2021-06-22,2021,08ed8274-e29f-4248-bc2e-83cc8ed18d75,08ed8274-e29f-4248-bc2e-83cc8ed18d75,3c409388-ab73-4c7f-953d-3a71062240f6,3c409388-ab73-4c7f-953d-3a71062240f6,1,0,1,0,1,3,Los Angeles,Brooklyn,2449.0,3,4bdbec54-2d6a-4f8d-a760-d90d6e4706ed,2021-06-20 20:00:00+00:00,Los Angeles,Brooklyn,previous_game_city
bf26efee-685e-4b62-8c37-db82d9886257,2021-06-22 23:00:00+00:00,2021-06-22,2021,3c409388-ab73-4c7f-953d-3a71062240f6,3c409388-ab73-4c7f-953d-3a71062240f6,08ed8274-e29f-4248-bc2e-83cc8ed18d75,08ed8274-e29f-4248-bc2e-83cc8ed18d75,0,0,2,0,1,3,Chicago,Brooklyn,712.5,1,877d05c4-c09a-42ee-a71f-73c6651c9362,2021-06-19 18:00:00+00:00,Chicago,Chicago,previous_game_city
4ab7eec4-180b-4714-932b-02ef682012b0,2021-06-23 02:00:00+00:00,2021-06-22,2021,d6a012ed-84aa-48d3-8265-2d3f3ff2199a,d6a012ed-84aa-48d3-8265-2d3f3ff2199a,5c0d47fe-8539-47b0-9f36-d0b3609ca89b,5c0d47fe-8539-47b0-9f36-d0b3609ca89b,1,0,4,0,0,2,Everett,Everett,0.0,0,c131eee2-1f3b-4f91-84ff-93f33ac11a8d,2021-06-17 23:00:00+00:00,Indianapolis,Everett,home_city
4ab7eec4-180b-4714-932b-02ef682012b0,2021-06-23 02:00:00+00:00,2021-06-22,2021,5c0d47fe-8539-47b0-9f36-d0b3609ca89b,5c0d47fe-8539-47b0-9f36-d0b3609ca89b,d6a012ed-84aa-48d3-8265-2d3f3ff2199a,d6a012ed-84aa-48d3-8265-2d3f3ff2199a,0,0,2,0,1,2,Washington,Everett,2319.1,-3,1c471ec0-ed95-4b30-852b-714308785ad8,2021-06-19 23:00:00+00:00,Washington,Washington,previous_game_city
5e721480-8310-45f9-970d-3ec811413604,2021-06-23 23:00:00+00:00,2021-06-23,2021,5d70a9af-8c2b-4aec-9e68-9acc6ddb93e4,5d70a9af-8c2b-4aec-9e68-9acc6ddb93e4,6f017f37-be96-4bdc-b6d3-0a0429c72e89,6f017f37-be96-4bdc-b6d3-0a0429c72e89,1,0,5,0,0,1,College Park,College Park,0.0,0,b397bf2b-2a9f-4ca3-b8ab-7cb40d1db344,2021-06-17 23:00:00+00:00,Washington,College Park,home_city
5e721480-8310-45f9-970d-3ec811413604,2021-06-23 23:00:00+00:00,2021-06-23,2021,6f017f37-be96-4bdc-b6d3-0a0429c72e89,6f017f37-be96-4bdc-b6d3-0a0429c72e89,5d70a9af-8c2b-4aec-9e68-9acc6ddb93e4,5d70a9af-8c2b-4aec-9e68-9acc6ddb93e4,0,0,3,0,1,2,Arlington,College Park,733.7,1,044708e4-4ade-4361-a774-f5e7a54d2add,2021-06-20 00:00:00+00:00,Arlington,Minneapolis,previous_game_city
4683ea41-264a-4c6b-b27c-1ed5c780df8f,2021-06-24 23:00:00+00:00,2021-06-24,2021,08ed8274-e29f-4248-bc2e-83cc8ed18d75,08ed8274-e29f-4248-bc2e-83cc8ed18d75,3c409388-ab73-4c7f-953d-3a71062240f6,3c409388-ab73-4c7f-953d-3a71062240f6,1,0,1,0,2,3,Brooklyn,Brooklyn,0.0,0,bf26efee-685e-4b62-8c37-db82d9886257,2021-06-22 23:00:00+00:00,Brooklyn,Brooklyn,previous_game_city
4683ea41-264a-4c6b-b27c-1ed5c780df8f,2021-06-24 23:00:00+00:00,2021-06-24,2021,3c409388-ab73-4c7f-953d-3a71062240f6,3c409388-ab73-4c7f-953d-3a71062240f6,08ed8274-e29f-4248-bc2e-83cc8ed18d75,08ed8274-e29f-4248-bc2e-83cc8ed18d75,0,0,1,0,1,3,Brooklyn,Brooklyn,0.0,0,bf26efee-685e-4b62-8c37-db82d9886257,2021-06-22 23:00:00+00:00,Brooklyn,Chicago,previous_game_city
b8c39903-5383-42a6-83a3-81c66792f93a,2021-06-24 23:00:00+00:00,2021-06-24,2021,f073a15f-0486-4179-b0a3-dfd0294eb595,f073a15f-0486-4179-b0a3-dfd0294eb595,5f0b5caf-708b-4300-92f2-53b51d83ec06,5f0b5caf-708b-4300-92f2-53b51d83ec06,1,0,4,0,0,2,Indianapolis,Indianapolis,1.1,0,1c471ec0-ed95-4b30-852b-714308785ad8,2021-06-19 23:00:00+00:00,Washington,Indianapolis,home_city
b8c39903-5383-42a6-83a3-81c66792f93a,2021-06-24 23:00:00+00:00,2021-06-24,2021,5f0b5caf-708b-4300-92f2-53b51d83ec06,5f0b5caf-708b-4300-92f2-53b51d83ec06,f073a15f-0486-4179-b0a3-dfd0294eb595,f073a15f-0486-4179-b0a3-dfd0294eb595,0,0,1,0,1,3,Uncasville,Indianapolis,744.4,0,932ea61f-485b-4878-9f59-e85aebffbc42,2021-06-22 23:00:00+00:00,Uncasville,Arlington,previous_game_city
455d5c10-fc9e-4846-a8ca-4a53bfe044d6,2021-06-25 02:30:00+00:00,2021-06-24,2021,0a5ad38d-2fe3-43ba-894b-1ba3d5042ea9,0a5ad38d-2fe3-43ba-894b-1ba3d5042ea9,5c0d47fe-8539-47b0-9f36-d0b3609ca89b,5c0d47fe-8539-47b0-9f36-d0b3609ca89b,1,0,3,0,1,2,Los Angeles,Los Angeles,0.0,0,4bdbec54-2d6a-4f8d-a760-d90d6e4706ed,2021-06-20 20:00:00+00:00,Los Angeles,Los Angeles,previous_game_city
455d5c10-fc9e-4846-a8ca-4a53bfe044d6,2021-06-25 02:30:00+00:00,2021-06-24,2021,5c0d47fe-8539-47b0-9f36-d0b3609ca89b,5c0d47fe-8539-47b0-9f36-d0b3609ca89b,0a5ad38d-2fe3-43ba-894b-1ba3d5042ea9,0a5ad38d-2fe3-43ba-894b-1ba3d5042ea9,0,0,1,0,1,3,Everett,Los Angeles,984.3,0,4ab7eec4-180b-4714-932b-02ef682012b0,2021-06-23 02:00:00+00:00,Everett,Washington,previous_game_city
7a5d8f73-c31b-49d2-98b8-61bfa0c6a853,2021-06-26 00:00:00+00:00,2021-06-25,2021,6f017f37-be96-4bdc-b6d3-0a0429c72e89,6f017f37-be96-4bdc-b6d3-0a0429c72e89,171b097d-01db-4ae8-9d56-035689402ec6,FR_LVA_ACES,1,0,1,0,1,2,College Park,Minneapolis,912.7,-1,5e721480-8310-45f9-970d-3ec811413604,2021-06-23 23:00:00+00:00,College Park,Minneapolis,previous_game_city
7a5d8f73-c31b-49d2-98b8-61bfa0c6a853,2021-06-26 00:00:00+00:00,2021-06-25,2021,171b097d-01db-4ae8-9d56-035689402ec6,FR_LVA_ACES,6f017f37-be96-4bdc-b6d3-0a0429c72e89,6f017f37-be96-4bdc-b6d3-0a0429c72e89,0,0,7,0,0,0,Paradise,Minneapolis,1298.0,2,bc8ffd94-6461-4e66-9bb8-a35cf08348d7,2021-06-18 02:00:00+00:00,Paradise,Paradise,home_city
1aed8f05-6294-46d2-881f-291254ae9633,2021-06-26 17:00:00+00:00,2021-06-26,2021,5f0b5caf-708b-4300-92f2-53b51d83ec06,5f0b5caf-708b-4300-92f2-53b51d83ec06,5c0d47fe-8539-47b0-9f36-d0b3609ca89b,5c0d47fe-8539-47b0-9f36-d0b3609ca89b,1,0,1,0,2,3,Indianapolis,Arlington,782.4,-1,b8c39903-5383-42a6-83a3-81c66792f93a,2021-06-24 23:00:00+00:00,Indianapolis,Arlington,previous_game_city
1aed8f05-6294-46d2-881f-291254ae9633,2021-06-26 17:00:00+00:00,2021-06-26,2021,5c0d47fe-8539-47b0-9f36-d0b3609ca89b,5c0d47fe-8539-47b0-9f36-d0b3609ca89b,5f0b5caf-708b-4300-92f2-53b51d83ec06,5f0b5caf-708b-4300-92f2-53b51d83ec06,0,0,1,0,2,3,Los Angeles,Arlington,1222.0,2,455d5c10-fc9e-4846-a8ca-4a53bfe044d6,2021-06-25 02:30:00+00:00,Los Angeles,Washington,previous_game_city
56e62033-afd7-49a3-9e92-6aaeefb2a34a,2021-06-26 23:00:00+00:00,2021-06-26,2021,5d70a9af-8c2b-4aec-9e68-9acc6ddb93e4,5d70a9af-8c2b-4aec-9e68-9acc6ddb93e4,08ed8274-e29f-4248-bc2e-83cc8ed18d75,08ed8274-e29f-4248-bc2e-83cc8ed18d75,1,0,2,0,1,1,College Park,College Park,0.0,0,5e721480-8310-45f9-970d-3ec811413604,2021-06-23 23:00:00+00:00,College Park,College Park,previous_game_city
56e62033-afd7-49a3-9e92-6aaeefb2a34a,2021-06-26 23:00:00+00:00,2021-06-26,2021,08ed8274-e29f-4248-bc2e-83cc8ed18d75,08ed8274-e29f-4248-bc2e-83cc8ed18d75,5d70a9af-8c2b-4aec-9e68-9acc6ddb93e4,5d70a9af-8c2b-4aec-9e68-9acc6ddb93e4,0,0,1,0,2,3,Brooklyn,College Park,753.7,0,4683ea41-264a-4c6b-b27c-1ed5c780df8f,2021-06-24 23:00:00+00:00,Brooklyn,Brooklyn,previous_game_city
3a09a1bb-0cb6-4cd9-bc5c-4abf5dfca729,2021-06-27 18:00:00+00:00,2021-06-27,2021,a015b02d-845c-40c1-8ef4-844984f47e4d,a015b02d-845c-40c1-8ef4-844984f47e4d,3c409388-ab73-4c7f-953d-3a71062240f6,3c409388-ab73-4c7f-953d-3a71062240f6,1,0,4,0,0,1,Uncasville,Uncasville,0.0,0,932ea61f-485b-4878-9f59-e85aebffbc42,2021-06-22 23:00:00+00:00,Uncasville,Uncasville,home_city
3a09a1bb-0cb6-4cd9-bc5c-4abf5dfca729,2021-06-27 18:00:00+00:00,2021-06-27,2021,3c409388-ab73-4c7f-953d-3a71062240f6,3c409388-ab73-4c7f-953d-3a71062240f6,a015b02d-845c-40c1-8ef4-844984f47e4d,a015b02d-845c-40c1-8ef4-844984f47e4d,0,0,2,0,1,2,Brooklyn,Uncasville,113.0,0,4683ea41-264a-4c6b-b27c-1ed5c780df8f,2021-06-24 23:00:00+00:00,Brooklyn,Chicago,previous_game_city
995d7432-ed08-4889-9c20-517d95d1a3a0,2021-06-27 20:00:00+00:00,2021-06-27,2021,171b097d-01db-4ae8-9d56-035689402ec6,FR_LVA_ACES,d6a012ed-84aa-48d3-8265-2d3f3ff2199a,d6a012ed-84aa-48d3-8265-2d3f3ff2199a,1,0,1,0,1,1,Minneapolis,Paradise,1298.0,-2,7a5d8f73-c31b-49d2-98b8-61bfa0c6a853,2021-06-26 00:00:00+00:00,Minneapolis,Paradise,previous_game_city
995d7432-ed08-4889-9c20-517d95d1a3a0,2021-06-27 20:00:00+00:00,2021-06-27,2021,d6a012ed-84aa-48d3-8265-2d3f3ff2199a,d6a012ed-84aa-48d3-8265-2d3f3ff2199a,171b097d-01db-4ae8-9d56-035689402ec6,FR_LVA_ACES,0,0,4,0,0,1,Everett,Paradise,896.1,0,4ab7eec4-180b-4714-932b-02ef682012b0,2021-06-23 02:00:00+00:00,Everett,Everett,home_city
750e6734-c212-4d86-806d-017c69648671,2021-06-27 22:00:00+00:00,2021-06-27,2021,0699edf3-5993-4182-b9b4-ec935cbd4fcc,0699edf3-5993-4182-b9b4-ec935cbd4fcc,0a5ad38d-2fe3-43ba-894b-1ba3d5042ea9,0a5ad38d-2fe3-43ba-894b-1ba3d5042ea9,1,0,8,0,0,0,Phoenix,Phoenix,0.4,0,e2ad6d33-5505-4c3e-88f7-888d2962231d,2021-06-19 02:30:00+00:00,Los Angeles,Phoenix,home_city
750e6734-c212-4d86-806d-017c69648671,2021-06-27 22:00:00+00:00,2021-06-27,2021,0a5ad38d-2fe3-43ba-894b-1ba3d5042ea9,0a5ad38d-2fe3-43ba-894b-1ba3d5042ea9,0699edf3-5993-4182-b9b4-ec935cbd4fcc,0699edf3-5993-4182-b9b4-ec935cbd4fcc,0,0,2,0,1,2,Los Angeles,Phoenix,358.4,0,455d5c10-fc9e-4846-a8ca-4a53bfe044d6,2021-06-25 02:30:00+00:00,Los Angeles,Los Angeles,previous_game_city
7da5ff41-b3f6-4cf0-9578-90d0afb60811,2021-06-29 23:00:00+00:00,2021-06-29,2021,5c0d47fe-8539-47b0-9f36-d0b3609ca89b,5c0d47fe-8539-47b0-9f36-d0b3609ca89b,a015b02d-845c-40c1-8ef4-844984f47e4d,a015b02d-845c-40c1-8ef4-844984f47e4d,1,0,2,0,1,3,Arlington,Washington,1200.9,1,1aed8f05-6294-46d2-881f-291254ae9633,2021-06-26 17:00:00+00:00,Arlington,Washington,previous_game_city
7da5ff41-b3f6-4cf0-9578-90d0afb60811,2021-06-29 23:00:00+00:00,2021-06-29,2021,a015b02d-845c-40c1-8ef4-844984f47e4d,a015b02d-845c-40c1-8ef4-844984f47e4d,5c0d47fe-8539-47b0-9f36-d0b3609ca89b,5c0d47fe-8539-47b0-9f36-d0b3609ca89b,0,0,1,0,1,2,Uncasville,Washington,316.7,0,3a09a1bb-0cb6-4cd9-bc5c-4abf5dfca729,2021-06-27 18:00:00+00:00,Uncasville,Uncasville,previous_game_city
d834f51d-fae9-431e-971a-c32a820ce091,2021-06-29 23:00:00+00:00,2021-06-29,2021,5d70a9af-8c2b-4aec-9e68-9acc6ddb93e4,5d70a9af-8c2b-4aec-9e68-9acc6ddb93e4,08ed8274-e29f-4248-bc2e-83cc8ed18d75,08ed8274-e29f-4248-bc2e-83cc8ed18d75,1,0,2,0,1,2,College Park,College Park,0.0,0,56e62033-afd7-49a3-9e92-6aaeefb2a34a,2021-06-26 23:00:00+00:00,College Park,College Park,previous_game_city
d834f51d-fae9-431e-971a-c32a820ce091,2021-06-29 23:00:00+00:00,2021-06-29,2021,08ed8274-e29f-4248-bc2e-83cc8ed18d75,08ed8274-e29f-4248-bc2e-83cc8ed18d75,5d70a9af-8c2b-4aec-9e68-9acc6ddb93e4,5d70a9af-8c2b-4aec-9e68-9acc6ddb93e4,0,0,2,0,1,3,College Park,College Park,0.0,0,56e62033-afd7-49a3-9e92-6aaeefb2a34a,2021-06-26 23:00:00+00:00,College Park,Brooklyn,previous_game_city
cec8ef2f-8220-4786-a60b-a45f8d9e48fb,2021-07-01 00:00:00+00:00,2021-06-30,2021,5f0b5caf-708b-4300-92f2-53b51d83ec06,5f0b5caf-708b-4300-92f2-53b51d83ec06,3c409388-ab73-4c7f-953d-3a71062240f6,3c409388-ab73-4c7f-953d-3a71062240f6,1,0,3,0,1,2,Arlington,Arlington,0.0,0,1aed8f05-6294-46d2-881f-291254ae9633,2021-06-26 17:00:00+00:00,Arlington,Arlington,previous_game_city
cec8ef2f-8220-4786-a60b-a45f8d9e48fb,2021-07-01 00:00:00+00:00,2021-06-30,2021,3c409388-ab73-4c7f-953d-3a71062240f6,3c409388-ab73-4c7f-953d-3a71062240f6,5f0b5caf-708b-4300-92f2-53b51d83ec06,5f0b5caf-708b-4300-92f2-53b51d83ec06,0,0,2,0,1,2,Uncasville,Arlington,1498.5,-1,3a09a1bb-0cb6-4cd9-bc5c-4abf5dfca729,2021-06-27 18:00:00+00:00,Uncasville,Chicago,previous_game_city
ce82ac82-7fb4-4188-a233-41f7b09b19fa,2021-07-01 02:00:00+00:00,2021-06-30,2021,0699edf3-5993-4182-b9b4-ec935cbd4fcc,0699edf3-5993-4182-b9b4-ec935cbd4fcc,6f017f37-be96-4bdc-b6d3-0a0429c72e89,6f017f37-be96-4bdc-b6d3-0a0429c72e89,1,0,2,0,1,1,Phoenix,Phoenix,0.0,0,750e6734-c212-4d86-806d-017c69648671,2021-06-27 22:00:00+00:00,Phoenix,Phoenix,previous_game_city
ce82ac82-7fb4-4188-a233-41f7b09b19fa,2021-07-01 02:00:00+00:00,2021-06-30,2021,6f017f37-be96-4bdc-b6d3-0a0429c72e89,6f017f37-be96-4bdc-b6d3-0a0429c72e89,0699edf3-5993-4182-b9b4-ec935cbd4fcc,0699edf3-5993-4182-b9b4-ec935cbd4fcc,0,0,4,0,0,2,Minneapolis,Phoenix,1278.1,-2,7a5d8f73-c31b-49d2-98b8-61bfa0c6a853,2021-06-26 00:00:00+00:00,Minneapolis,Minneapolis,home_city
15bb36c2-826c-4eab-b328-facd43ce384d,2021-07-01 02:30:00+00:00,2021-06-30,2021,0a5ad38d-2fe3-43ba-894b-1ba3d5042ea9,0a5ad38d-2fe3-43ba-894b-1ba3d5042ea9,171b097d-01db-4ae8-9d56-035689402ec6,FR_LVA_ACES,1,0,2,0,1,2,Phoenix,Los Angeles,358.4,0,750e6734-c212-4d86-806d-017c69648671,2021-06-27 22:00:00+00:00,Phoenix,Los Angeles,previous_game_city
15bb36c2-826c-4eab-b328-facd43ce384d,2021-07-01 02:30:00+00:00,2021-06-30,2021,171b097d-01db-4ae8-9d56-035689402ec6,FR_LVA_ACES,0a5ad38d-2fe3-43ba-894b-1ba3d5042ea9,0a5ad38d-2fe3-43ba-894b-1ba3d5042ea9,0,0,2,0,1,2,Paradise,Los Angeles,225.0,0,995d7432-ed08-4889-9c20-517d95d1a3a0,2021-06-27 20:00:00+00:00,Paradise,Paradise,previous_game_city
04cfbc38-a5a4-44ca-856e-a91181822df4,2021-07-01 23:00:00+00:00,2021-07-01,2021,f073a15f-0486-4179-b0a3-dfd0294eb595,f073a15f-0486-4179-b0a3-dfd0294eb595,a015b02d-845c-40c1-8ef4-844984f47e4d,a015b02d-845c-40c1-8ef4-844984f47e4d,1,0,6,0,0,1,Indianapolis,Indianapolis,1.1,0,b8c39903-5383-42a6-83a3-81c66792f93a,2021-06-24 23:00:00+00:00,Indianapolis,Indianapolis,home_city
04cfbc38-a5a4-44ca-856e-a91181822df4,2021-07-01 23:00:00+00:00,2021-07-01,2021,a015b02d-845c-40c1-8ef4-844984f47e4d,a015b02d-845c-40c1-8ef4-844984f47e4d,f073a15f-0486-4179-b0a3-dfd0294eb595,f073a15f-0486-4179-b0a3-dfd0294eb595,0,0,1,0,2,2,Washington,Indianapolis,493.2,0,7da5ff41-b3f6-4cf0-9578-90d0afb60811,2021-06-29 23:00:00+00:00,Washington,Uncasville,previous_game_city
85c9362d-5378-4761-a1eb-4af7dfaca33e,2021-07-03 00:00:00+00:00,2021-07-02,2021,5f0b5caf-708b-4300-92f2-53b51d83ec06,5f0b5caf-708b-4300-92f2-53b51d83ec06,3c409388-ab73-4c7f-953d-3a71062240f6,3c409388-ab73-4c7f-953d-3a71062240f6,1,0,1,0,1,2,Arlington,Arlington,0.0,0,cec8ef2f-8220-4786-a60b-a45f8d9e48fb,2021-07-01 00:00:00+00:00,Arlington,Arlington,previous_game_city
85c9362d-5378-4761-a1eb-4af7dfaca33e,2021-07-03 00:00:00+00:00,2021-07-02,2021,3c409388-ab73-4c7f-953d-3a71062240f6,3c409388-ab73-4c7f-953d-3a71062240f6,5f0b5caf-708b-4300-92f2-53b51d83ec06,5f0b5caf-708b-4300-92f2-53b51d83ec06,0,0,1,0,1,2,Arlington,Arlington,0.0,0,cec8ef2f-8220-4786-a60b-a45f8d9e48fb,2021-07-01 00:00:00+00:00,Arlington,Chicago,previous_game_city
161af777-63e6-4d42-9e2a-fe6ebbfc9a2b,2021-07-03 02:00:00+00:00,2021-07-02,2021,d6a012ed-84aa-48d3-8265-2d3f3ff2199a,d6a012ed-84aa-48d3-8265-2d3f3ff2199a,5d70a9af-8c2b-4aec-9e68-9acc6ddb93e4,5d70a9af-8c2b-4aec-9e68-9acc6ddb93e4,1,0,4,0,0,1,Everett,Everett,0.0,0,995d7432-ed08-4889-9c20-517d95d1a3a0,2021-06-27 20:00:00+00:00,Paradise,Everett,home_city
161af777-63e6-4d42-9e2a-fe6ebbfc9a2b,2021-07-03 02:00:00+00:00,2021-07-02,2021,5d70a9af-8c2b-4aec-9e68-9acc6ddb93e4,5d70a9af-8c2b-4aec-9e68-9acc6ddb93e4,d6a012ed-84aa-48d3-8265-2d3f3ff2199a,d6a012ed-84aa-48d3-8265-2d3f3ff2199a,0,0,2,0,1,2,College Park,Everett,2179.3,-3,d834f51d-fae9-431e-971a-c32a820ce091,2021-06-29 23:00:00+00:00,College Park,College Park,previous_game_city
4bd134eb-d5f6-4099-afe6-7b4e9bdc9976,2021-07-03 02:00:00+00:00,2021-07-02,2021,0a5ad38d-2fe3-43ba-894b-1ba3d5042ea9,0a5ad38d-2fe3-43ba-894b-1ba3d5042ea9,171b097d-01db-4ae8-9d56-035689402ec6,FR_LVA_ACES,1,0,1,0,1,2,Los Angeles,Los Angeles,0.0,0,15bb36c2-826c-4eab-b328-facd43ce384d,2021-07-01 02:30:00+00:00,Los Angeles,Los Angeles,previous_game_city
4bd134eb-d5f6-4099-afe6-7b4e9bdc9976,2021-07-03 02:00:00+00:00,2021-07-02,2021,171b097d-01db-4ae8-9d56-035689402ec6,FR_LVA_ACES,0a5ad38d-2fe3-43ba-894b-1ba3d5042ea9,0a5ad38d-2fe3-43ba-894b-1ba3d5042ea9,0,0,1,0,1,3,Los Angeles,Los Angeles,0.0,0,15bb36c2-826c-4eab-b328-facd43ce384d,2021-07-01 02:30:00+00:00,Los Angeles,Paradise,previous_game_city
cd546a72-95f9-4a03-964e-dfe0f1f03f5b,2021-07-03 17:00:00+00:00,2021-07-03,2021,08ed8274-e29f-4248-bc2e-83cc8ed18d75,08ed8274-e29f-4248-bc2e-83cc8ed18d75,5c0d47fe-8539-47b0-9f36-d0b3609ca89b,5c0d47fe-8539-47b0-9f36-d0b3609ca89b,1,0,3,0,1,2,College Park,Brooklyn,753.7,0,d834f51d-fae9-431e-971a-c32a820ce091,2021-06-29 23:00:00+00:00,College Park,Brooklyn,previous_game_city
cd546a72-95f9-4a03-964e-dfe0f1f03f5b,2021-07-03 17:00:00+00:00,2021-07-03,2021,5c0d47fe-8539-47b0-9f36-d0b3609ca89b,5c0d47fe-8539-47b0-9f36-d0b3609ca89b,08ed8274-e29f-4248-bc2e-83cc8ed18d75,08ed8274-e29f-4248-bc2e-83cc8ed18d75,0,0,3,0,1,2,Washington,Brooklyn,204.3,0,7da5ff41-b3f6-4cf0-9578-90d0afb60811,2021-06-29 23:00:00+00:00,Washington,Washington,previous_game_city
cde6de28-4c9c-4390-9b3c-850c2d3fe1a0,2021-07-03 17:00:00+00:00,2021-07-03,2021,f073a15f-0486-4179-b0a3-dfd0294eb595,f073a15f-0486-4179-b0a3-dfd0294eb595,a015b02d-845c-40c1-8ef4-844984f47e4d,a015b02d-845c-40c1-8ef4-844984f47e4d,1,0,1,0,1,1,Indianapolis,Indianapolis,0.0,0,04cfbc38-a5a4-44ca-856e-a91181822df4,2021-07-01 23:00:00+00:00,Indianapolis,Indianapolis,previous_game_city
cde6de28-4c9c-4390-9b3c-850c2d3fe1a0,2021-07-03 17:00:00+00:00,2021-07-03,2021,a015b02d-845c-40c1-8ef4-844984f47e4d,a015b02d-845c-40c1-8ef4-844984f47e4d,f073a15f-0486-4179-b0a3-dfd0294eb595,f073a15f-0486-4179-b0a3-dfd0294eb595,0,0,1,0,2,3,Indianapolis,Indianapolis,0.0,0,04cfbc38-a5a4-44ca-856e-a91181822df4,2021-07-01 23:00:00+00:00,Indianapolis,Uncasville,previous_game_city
53d250d7-73c7-40a7-ae51-28e8e36cdde7,2021-07-04 02:00:00+00:00,2021-07-03,2021,0699edf3-5993-4182-b9b4-ec935cbd4fcc,0699edf3-5993-4182-b9b4-ec935cbd4fcc,6f017f37-be96-4bdc-b6d3-0a0429c72e89,6f017f37-be96-4bdc-b6d3-0a0429c72e89,1,0,2,0,1,2,Phoenix,Phoenix,0.0,0,ce82ac82-7fb4-4188-a233-41f7b09b19fa,2021-07-01 02:00:00+00:00,Phoenix,Phoenix,previous_game_city
53d250d7-73c7-40a7-ae51-28e8e36cdde7,2021-07-04 02:00:00+00:00,2021-07-03,2021,6f017f37-be96-4bdc-b6d3-0a0429c72e89,6f017f37-be96-4bdc-b6d3-0a0429c72e89,0699edf3-5993-4182-b9b4-ec935cbd4fcc,0699edf3-5993-4182-b9b4-ec935cbd4fcc,0,0,2,0,1,1,Phoenix,Phoenix,0.0,0,ce82ac82-7fb4-4188-a233-41f7b09b19fa,2021-07-01 02:00:00+00:00,Phoenix,Minneapolis,previous_game_city
bc3f10b8-a29d-4e83-ae97-ebc64609017a,2021-07-04 22:00:00+00:00,2021-07-04,2021,171b097d-01db-4ae8-9d56-035689402ec6,FR_LVA_ACES,5d70a9af-8c2b-4aec-9e68-9acc6ddb93e4,5d70a9af-8c2b-4aec-9e68-9acc6ddb93e4,1,0,1,0,2,3,Los Angeles,Paradise,225.0,0,4bd134eb-d5f6-4099-afe6-7b4e9bdc9976,2021-07-03 02:00:00+00:00,Los Angeles,Paradise,previous_game_city
bc3f10b8-a29d-4e83-ae97-ebc64609017a,2021-07-04 22:00:00+00:00,2021-07-04,2021,5d70a9af-8c2b-4aec-9e68-9acc6ddb93e4,5d70a9af-8c2b-4aec-9e68-9acc6ddb93e4,171b097d-01db-4ae8-9d56-035689402ec6,FR_LVA_ACES,0,0,1,0,1,2,Everett,Paradise,896.1,0,161af777-63e6-4d42-9e2a-fe6ebbfc9a2b,2021-07-03 02:00:00+00:00,Everett,College Park,previous_game_city
a5a7b65c-4d42-46e6-ab5c-aae72efb9d0a,2021-07-05 01:00:00+00:00,2021-07-04,2021,0a5ad38d-2fe3-43ba-894b-1ba3d5042ea9,0a5ad38d-2fe3-43ba-894b-1ba3d5042ea9,d6a012ed-84aa-48d3-8265-2d3f3ff2199a,d6a012ed-84aa-48d3-8265-2d3f3ff2199a,1,0,1,0,2,3,Los Angeles,Los Angeles,0.0,0,4bd134eb-d5f6-4099-afe6-7b4e9bdc9976,2021-07-03 02:00:00+00:00,Los Angeles,Los Angeles,previous_game_city
a5a7b65c-4d42-46e6-ab5c-aae72efb9d0a,2021-07-05 01:00:00+00:00,2021-07-04,2021,d6a012ed-84aa-48d3-8265-2d3f3ff2199a,d6a012ed-84aa-48d3-8265-2d3f3ff2199a,0a5ad38d-2fe3-43ba-894b-1ba3d5042ea9,0a5ad38d-2fe3-43ba-894b-1ba3d5042ea9,0,0,1,0,1,2,Everett,Los Angeles,984.3,0,161af777-63e6-4d42-9e2a-fe6ebbfc9a2b,2021-07-03 02:00:00+00:00,Everett,Everett,previous_game_city
2f6ec0be-a440-416b-a462-aa4c6028ac48,2021-07-05 23:00:00+00:00,2021-07-05,2021,08ed8274-e29f-4248-bc2e-83cc8ed18d75,08ed8274-e29f-4248-bc2e-83cc8ed18d75,5f0b5caf-708b-4300-92f2-53b51d83ec06,5f0b5caf-708b-4300-92f2-53b51d83ec06,1,0,1,0,1,2,Brooklyn,Brooklyn,0.0,0,cd546a72-95f9-4a03-964e-dfe0f1f03f5b,2021-07-03 17:00:00+00:00,Brooklyn,Brooklyn,previous_game_city
2f6ec0be-a440-416b-a462-aa4c6028ac48,2021-07-05 23:00:00+00:00,2021-07-05,2021,5f0b5caf-708b-4300-92f2-53b51d83ec06,5f0b5caf-708b-4300-92f2-53b51d83ec06,08ed8274-e29f-4248-bc2e-83cc8ed18d75,08ed8274-e29f-4248-bc2e-83cc8ed18d75,0,0,2,0,1,2,Arlington,Brooklyn,1388.8,1,85c9362d-5378-4761-a1eb-4af7dfaca33e,2021-07-03 00:00:00+00:00,Arlington,Arlington,previous_game_city
6cb9b5c3-c403-45f5-936d-53463dc1a151,2021-07-08 00:00:00+00:00,2021-07-07,2021,6f017f37-be96-4bdc-b6d3-0a0429c72e89,6f017f37-be96-4bdc-b6d3-0a0429c72e89,5f0b5caf-708b-4300-92f2-53b51d83ec06,5f0b5caf-708b-4300-92f2-53b51d83ec06,1,0,3,0,1,2,Phoenix,Minneapolis,1278.1,2,53d250d7-73c7-40a7-ae51-28e8e36cdde7,2021-07-04 02:00:00+00:00,Phoenix,Minneapolis,previous_game_city
6cb9b5c3-c403-45f5-936d-53463dc1a151,2021-07-08 00:00:00+00:00,2021-07-07,2021,5f0b5caf-708b-4300-92f2-53b51d83ec06,5f0b5caf-708b-4300-92f2-53b51d83ec06,6f017f37-be96-4bdc-b6d3-0a0429c72e89,6f017f37-be96-4bdc-b6d3-0a0429c72e89,0,0,1,0,1,3,Brooklyn,Minneapolis,1019.2,-1,2f6ec0be-a440-416b-a462-aa4c6028ac48,2021-07-05 23:00:00+00:00,Brooklyn,Arlington,previous_game_city
c3f6c012-151b-42b7-bed3-e347994c2c94,2021-07-08 02:00:00+00:00,2021-07-07,2021,171b097d-01db-4ae8-9d56-035689402ec6,FR_LVA_ACES,0699edf3-5993-4182-b9b4-ec935cbd4fcc,0699edf3-5993-4182-b9b4-ec935cbd4fcc,1,0,2,0,1,3,Paradise,Paradise,0.0,0,bc3f10b8-a29d-4e83-ae97-ebc64609017a,2021-07-04 22:00:00+00:00,Paradise,Paradise,previous_game_city
c3f6c012-151b-42b7-bed3-e347994c2c94,2021-07-08 02:00:00+00:00,2021-07-07,2021,0699edf3-5993-4182-b9b4-ec935cbd4fcc,0699edf3-5993-4182-b9b4-ec935cbd4fcc,171b097d-01db-4ae8-9d56-035689402ec6,FR_LVA_ACES,0,0,3,0,1,2,Phoenix,Paradise,253.9,0,53d250d7-73c7-40a7-ae51-28e8e36cdde7,2021-07-04 02:00:00+00:00,Phoenix,Phoenix,previous_game_city
d54efaf1-81e3-4ca6-ae38-8779b265855c,2021-07-08 02:00:00+00:00,2021-07-07,2021,d6a012ed-84aa-48d3-8265-2d3f3ff2199a,d6a012ed-84aa-48d3-8265-2d3f3ff2199a,0a5ad38d-2fe3-43ba-894b-1ba3d5042ea9,0a5ad38d-2fe3-43ba-894b-1ba3d5042ea9,1,0,2,0,1,2,Los Angeles,Everett,984.3,0,a5a7b65c-4d42-46e6-ab5c-aae72efb9d0a,2021-07-05 01:00:00+00:00,Los Angeles,Everett,previous_game_city
d54efaf1-81e3-4ca6-ae38-8779b265855c,2021-07-08 02:00:00+00:00,2021-07-07,2021,0a5ad38d-2fe3-43ba-894b-1ba3d5042ea9,0a5ad38d-2fe3-43ba-894b-1ba3d5042ea9,d6a012ed-84aa-48d3-8265-2d3f3ff2199a,d6a012ed-84aa-48d3-8265-2d3f3ff2199a,0,0,2,0,1,3,Los Angeles,Everett,984.3,0,a5a7b65c-4d42-46e6-ab5c-aae72efb9d0a,2021-07-05 01:00:00+00:00,Los Angeles,Los Angeles,previous_game_city
47c22f58-1eb2-4825-8db6-153631bcc9fc,2021-07-09 23:00:00+00:00,2021-07-09,2021,f073a15f-0486-4179-b0a3-dfd0294eb595,f073a15f-0486-4179-b0a3-dfd0294eb595,08ed8274-e29f-4248-bc2e-83cc8ed18d75,08ed8274-e29f-4248-bc2e-83cc8ed18d75,1,0,5,0,0,1,Indianapolis,Indianapolis,1.1,0,cde6de28-4c9c-4390-9b3c-850c2d3fe1a0,2021-07-03 17:00:00+00:00,Indianapolis,Indianapolis,home_city
47c22f58-1eb2-4825-8db6-153631bcc9fc,2021-07-09 23:00:00+00:00,2021-07-09,2021,08ed8274-e29f-4248-bc2e-83cc8ed18d75,08ed8274-e29f-4248-bc2e-83cc8ed18d75,f073a15f-0486-4179-b0a3-dfd0294eb595,f073a15f-0486-4179-b0a3-dfd0294eb595,0,0,3,0,1,2,Brooklyn,Indianapolis,643.5,0,2f6ec0be-a440-416b-a462-aa4c6028ac48,2021-07-05 23:00:00+00:00,Brooklyn,Brooklyn,previous_game_city
77ef1880-4723-4d29-bb50-431682889a1b,2021-07-09 23:00:00+00:00,2021-07-09,2021,a015b02d-845c-40c1-8ef4-844984f47e4d,a015b02d-845c-40c1-8ef4-844984f47e4d,5d70a9af-8c2b-4aec-9e68-9acc6ddb93e4,5d70a9af-8c2b-4aec-9e68-9acc6ddb93e4,1,0,5,0,0,1,Uncasville,Uncasville,0.0,0,cde6de28-4c9c-4390-9b3c-850c2d3fe1a0,2021-07-03 17:00:00+00:00,Indianapolis,Uncasville,home_city
77ef1880-4723-4d29-bb50-431682889a1b,2021-07-09 23:00:00+00:00,2021-07-09,2021,5d70a9af-8c2b-4aec-9e68-9acc6ddb93e4,5d70a9af-8c2b-4aec-9e68-9acc6ddb93e4,a015b02d-845c-40c1-8ef4-844984f47e4d,a015b02d-845c-40c1-8ef4-844984f47e4d,0,0,4,0,0,2,College Park,Uncasville,866.0,0,bc3f10b8-a29d-4e83-ae97-ebc64609017a,2021-07-04 22:00:00+00:00,Paradise,College Park,home_city
38fcc9e0-a736-491f-bdf2-368f7990e62d,2021-07-10 01:00:00+00:00,2021-07-09,2021,0699edf3-5993-4182-b9b4-ec935cbd4fcc,0699edf3-5993-4182-b9b4-ec935cbd4fcc,d6a012ed-84aa-48d3-8265-2d3f3ff2199a,d6a012ed-84aa-48d3-8265-2d3f3ff2199a,1,0,1,0,1,2,Paradise,Phoenix,253.9,0,c3f6c012-151b-42b7-bed3-e347994c2c94,2021-07-08 02:00:00+00:00,Paradise,Phoenix,previous_game_city
38fcc9e0-a736-491f-bdf2-368f7990e62d,2021-07-10 01:00:00+00:00,2021-07-09,2021,d6a012ed-84aa-48d3-8265-2d3f3ff2199a,d6a012ed-84aa-48d3-8265-2d3f3ff2199a,0699edf3-5993-4182-b9b4-ec935cbd4fcc,0699edf3-5993-4182-b9b4-ec935cbd4fcc,0,0,1,0,1,3,Everett,Phoenix,1133.4,0,d54efaf1-81e3-4ca6-ae38-8779b265855c,2021-07-08 02:00:00+00:00,Everett,Everett,previous_game_city
dc85fc4c-daa3-422c-be79-92daee37b182,2021-07-10 02:30:00+00:00,2021-07-09,2021,171b097d-01db-4ae8-9d56-035689402ec6,FR_LVA_ACES,6f017f37-be96-4bdc-b6d3-0a0429c72e89,6f017f37-be96-4bdc-b6d3-0a0429c72e89,1,0,1,0,1,3,Paradise,Paradise,0.0,0,c3f6c012-151b-42b7-bed3-e347994c2c94,2021-07-08 02:00:00+00:00,Paradise,Paradise,previous_game_city
dc85fc4c-daa3-422c-be79-92daee37b182,2021-07-10 02:30:00+00:00,2021-07-09,2021,6f017f37-be96-4bdc-b6d3-0a0429c72e89,6f017f37-be96-4bdc-b6d3-0a0429c72e89,171b097d-01db-4ae8-9d56-035689402ec6,FR_LVA_ACES,0,0,1,0,1,2,Minneapolis,Paradise,1298.0,-2,6cb9b5c3-c403-45f5-936d-53463dc1a151,2021-07-08 00:00:00+00:00,Minneapolis,Minneapolis,previous_game_city
345431b5-22c8-4a3b-a99a-9c83b0bfbd23,2021-07-11 00:00:00+00:00,2021-07-10,2021,3c409388-ab73-4c7f-953d-3a71062240f6,3c409388-ab73-4c7f-953d-3a71062240f6,5c0d47fe-8539-47b0-9f36-d0b3609ca89b,5c0d47fe-8539-47b0-9f36-d0b3609ca89b,1,0,7,0,0,0,Chicago,Chicago,0.0,0,85c9362d-5378-4761-a1eb-4af7dfaca33e,2021-07-03 00:00:00+00:00,Arlington,Chicago,home_city
345431b5-22c8-4a3b-a99a-9c83b0bfbd23,2021-07-11 00:00:00+00:00,2021-07-10,2021,5c0d47fe-8539-47b0-9f36-d0b3609ca89b,5c0d47fe-8539-47b0-9f36-d0b3609ca89b,3c409388-ab73-4c7f-953d-3a71062240f6,3c409388-ab73-4c7f-953d-3a71062240f6,0,0,6,0,0,1,Washington,Chicago,596.5,-1,cd546a72-95f9-4a03-964e-dfe0f1f03f5b,2021-07-03 17:00:00+00:00,Brooklyn,Washington,home_city
0b17f01d-2b4d-44c1-af38-c0cd8e897b0a,2021-07-11 17:00:00+00:00,2021-07-11,2021,5f0b5caf-708b-4300-92f2-53b51d83ec06,5f0b5caf-708b-4300-92f2-53b51d83ec06,171b097d-01db-4ae8-9d56-035689402ec6,FR_LVA_ACES,1,0,3,0,1,2,Minneapolis,Arlington,870.8,0,6cb9b5c3-c403-45f5-936d-53463dc1a151,2021-07-08 00:00:00+00:00,Minneapolis,Arlington,previous_game_city
0b17f01d-2b4d-44c1-af38-c0cd8e897b0a,2021-07-11 17:00:00+00:00,2021-07-11,2021,171b097d-01db-4ae8-9d56-035689402ec6,FR_LVA_ACES,5f0b5caf-708b-4300-92f2-53b51d83ec06,5f0b5caf-708b-4300-92f2-53b51d83ec06,0,0,1,0,2,3,Paradise,Arlington,1054.3,2,dc85fc4c-daa3-422c-be79-92daee37b182,2021-07-10 02:30:00+00:00,Paradise,Paradise,previous_game_city
5fc05663-ddc3-4ffa-9e08-63e6574f3d2c,2021-07-11 18:00:00+00:00,2021-07-11,2021,08ed8274-e29f-4248-bc2e-83cc8ed18d75,08ed8274-e29f-4248-bc2e-83cc8ed18d75,a015b02d-845c-40c1-8ef4-844984f47e4d,a015b02d-845c-40c1-8ef4-844984f47e4d,1,0,1,0,1,2,Indianapolis,Brooklyn,643.5,0,47c22f58-1eb2-4825-8db6-153631bcc9fc,2021-07-09 23:00:00+00:00,Indianapolis,Brooklyn,previous_game_city
5fc05663-ddc3-4ffa-9e08-63e6574f3d2c,2021-07-11 18:00:00+00:00,2021-07-11,2021,a015b02d-845c-40c1-8ef4-844984f47e4d,a015b02d-845c-40c1-8ef4-844984f47e4d,08ed8274-e29f-4248-bc2e-83cc8ed18d75,08ed8274-e29f-4248-bc2e-83cc8ed18d75,0,0,1,0,1,1,Uncasville,Brooklyn,113.0,0,77ef1880-4723-4d29-bb50-431682889a1b,2021-07-09 23:00:00+00:00,Uncasville,Uncasville,previous_game_city
e52e1b19-f57e-4c66-8bc0-6136df40e39e,2021-07-11 21:00:00+00:00,2021-07-11,2021,5d70a9af-8c2b-4aec-9e68-9acc6ddb93e4,5d70a9af-8c2b-4aec-9e68-9acc6ddb93e4,f073a15f-0486-4179-b0a3-dfd0294eb595,f073a15f-0486-4179-b0a3-dfd0294eb595,1,0,1,0,1,2,Uncasville,College Park,866.0,0,77ef1880-4723-4d29-bb50-431682889a1b,2021-07-09 23:00:00+00:00,Uncasville,College Park,previous_game_city
e52e1b19-f57e-4c66-8bc0-6136df40e39e,2021-07-11 21:00:00+00:00,2021-07-11,2021,f073a15f-0486-4179-b0a3-dfd0294eb595,f073a15f-0486-4179-b0a3-dfd0294eb595,5d70a9af-8c2b-4aec-9e68-9acc6ddb93e4,5d70a9af-8c2b-4aec-9e68-9acc6ddb93e4,0,0,1,0,1,1,Indianapolis,College Park,437.1,0,47c22f58-1eb2-4825-8db6-153631bcc9fc,2021-07-09 23:00:00+00:00,Indianapolis,Indianapolis,previous_game_city
88a8c9cd-dcfc-43a0-a88d-4d7e9dc28164,2021-07-11 22:00:00+00:00,2021-07-11,2021,d6a012ed-84aa-48d3-8265-2d3f3ff2199a,d6a012ed-84aa-48d3-8265-2d3f3ff2199a,0699edf3-5993-4182-b9b4-ec935cbd4fcc,0699edf3-5993-4182-b9b4-ec935cbd4fcc,1,0,1,0,2,3,Phoenix,Everett,1133.4,0,38fcc9e0-a736-491f-bdf2-368f7990e62d,2021-07-10 01:00:00+00:00,Phoenix,Everett,previous_game_city
88a8c9cd-dcfc-43a0-a88d-4d7e9dc28164,2021-07-11 22:00:00+00:00,2021-07-11,2021,0699edf3-5993-4182-b9b4-ec935cbd4fcc,0699edf3-5993-4182-b9b4-ec935cbd4fcc,d6a012ed-84aa-48d3-8265-2d3f3ff2199a,d6a012ed-84aa-48d3-8265-2d3f3ff2199a,0,0,1,0,2,2,Phoenix,Everett,1133.4,0,38fcc9e0-a736-491f-bdf2-368f7990e62d,2021-07-10 01:00:00+00:00,Phoenix,Phoenix,previous_game_city
180e187d-a21d-4c46-b1e7-5524cde616f4,2021-07-12 01:00:00+00:00,2021-07-11,2021,0a5ad38d-2fe3-43ba-894b-1ba3d5042ea9,0a5ad38d-2fe3-43ba-894b-1ba3d5042ea9,6f017f37-be96-4bdc-b6d3-0a0429c72e89,6f017f37-be96-4bdc-b6d3-0a0429c72e89,1,0,3,0,1,2,Everett,Los Angeles,984.3,0,d54efaf1-81e3-4ca6-ae38-8779b265855c,2021-07-08 02:00:00+00:00,Everett,Los Angeles,previous_game_city
180e187d-a21d-4c46-b1e7-5524cde616f4,2021-07-12 01:00:00+00:00,2021-07-11,2021,6f017f37-be96-4bdc-b6d3-0a0429c72e89,6f017f37-be96-4bdc-b6d3-0a0429c72e89,0a5ad38d-2fe3-43ba-894b-1ba3d5042ea9,0a5ad38d-2fe3-43ba-894b-1ba3d5042ea9,0,0,1,0,2,2,Paradise,Los Angeles,225.0,0,dc85fc4c-daa3-422c-be79-92daee37b182,2021-07-10 02:30:00+00:00,Paradise,Minneapolis,previous_game_city
089fab04-815d-4c96-ae19-0124c00bbd89,2021-08-15 20:00:00+00:00,2021-08-15,2021,3c409388-ab73-4c7f-953d-3a71062240f6,3c409388-ab73-4c7f-953d-3a71062240f6,d6a012ed-84aa-48d3-8265-2d3f3ff2199a,d6a012ed-84aa-48d3-8265-2d3f3ff2199a,1,0,35,0,0,0,Chicago,Chicago,0.0,0,345431b5-22c8-4a3b-a99a-9c83b0bfbd23,2021-07-11 00:00:00+00:00,Chicago,Chicago,home_city
089fab04-815d-4c96-ae19-0124c00bbd89,2021-08-15 20:00:00+00:00,2021-08-15,2021,d6a012ed-84aa-48d3-8265-2d3f3ff2199a,d6a012ed-84aa-48d3-8265-2d3f3ff2199a,3c409388-ab73-4c7f-953d-3a71062240f6,3c409388-ab73-4c7f-953d-3a71062240f6,0,0,34,0,0,0,Everett,Chicago,1728.4,2,88a8c9cd-dcfc-43a0-a88d-4d7e9dc28164,2021-07-11 22:00:00+00:00,Everett,Everett,home_city
7e3c9de2-e754-4588-b68f-3aec276ddcff,2021-08-15 20:00:00+00:00,2021-08-15,2021,5f0b5caf-708b-4300-92f2-53b51d83ec06,5f0b5caf-708b-4300-92f2-53b51d83ec06,a015b02d-845c-40c1-8ef4-844984f47e4d,a015b02d-845c-40c1-8ef4-844984f47e4d,1,0,34,0,0,0,Arlington,Arlington,0.0,0,0b17f01d-2b4d-44c1-af38-c0cd8e897b0a,2021-07-11 17:00:00+00:00,Arlington,Arlington,home_city
7e3c9de2-e754-4588-b68f-3aec276ddcff,2021-08-15 20:00:00+00:00,2021-08-15,2021,a015b02d-845c-40c1-8ef4-844984f47e4d,a015b02d-845c-40c1-8ef4-844984f47e4d,5f0b5caf-708b-4300-92f2-53b51d83ec06,5f0b5caf-708b-4300-92f2-53b51d83ec06,0,0,34,0,0,0,Uncasville,Arlington,1498.5,-1,5fc05663-ddc3-4ffa-9e08-63e6574f3d2c,2021-07-11 18:00:00+00:00,Brooklyn,Uncasville,home_city
3308cefc-e029-4fb2-9c57-63e14c9cabf9,2021-08-15 22:00:00+00:00,2021-08-15,2021,0699edf3-5993-4182-b9b4-ec935cbd4fcc,0699edf3-5993-4182-b9b4-ec935cbd4fcc,5d70a9af-8c2b-4aec-9e68-9acc6ddb93e4,5d70a9af-8c2b-4aec-9e68-9acc6ddb93e4,1,0,34,0,0,0,Phoenix,Phoenix,0.4,0,88a8c9cd-dcfc-43a0-a88d-4d7e9dc28164,2021-07-11 22:00:00+00:00,Everett,Phoenix,home_city
3308cefc-e029-4fb2-9c57-63e14c9cabf9,2021-08-15 22:00:00+00:00,2021-08-15,2021,5d70a9af-8c2b-4aec-9e68-9acc6ddb93e4,5d70a9af-8c2b-4aec-9e68-9acc6ddb93e4,0699edf3-5993-4182-b9b4-ec935cbd4fcc,0699edf3-5993-4182-b9b4-ec935cbd4fcc,0,0,34,0,0,0,College Park,Phoenix,1585.4,-3,e52e1b19-f57e-4c66-8bc0-6136df40e39e,2021-07-11 21:00:00+00:00,College Park,College Park,home_city
7b6ed8e1-74d4-46fa-a9a3-82753778f6cb,2021-08-15 22:00:00+00:00,2021-08-15,2021,171b097d-01db-4ae8-9d56-035689402ec6,FR_LVA_ACES,5c0d47fe-8539-47b0-9f36-d0b3609ca89b,5c0d47fe-8539-47b0-9f36-d0b3609ca89b,1,0,34,0,0,0,Paradise,Paradise,0.0,0,0b17f01d-2b4d-44c1-af38-c0cd8e897b0a,2021-07-11 17:00:00+00:00,Arlington,Paradise,home_city
7b6ed8e1-74d4-46fa-a9a3-82753778f6cb,2021-08-15 22:00:00+00:00,2021-08-15,2021,5c0d47fe-8539-47b0-9f36-d0b3609ca89b,5c0d47fe-8539-47b0-9f36-d0b3609ca89b,171b097d-01db-4ae8-9d56-035689402ec6,FR_LVA_ACES,0,0,35,0,0,0,Washington,Paradise,2087.6,-3,345431b5-22c8-4a3b-a99a-9c83b0bfbd23,2021-07-11 00:00:00+00:00,Chicago,Washington,home_city
23c0ca5d-7ba0-4ed6-9879-60d3508a70b0,2021-08-15 23:00:00+00:00,2021-08-15,2021,6f017f37-be96-4bdc-b6d3-0a0429c72e89,6f017f37-be96-4bdc-b6d3-0a0429c72e89,08ed8274-e29f-4248-bc2e-83cc8ed18d75,08ed8274-e29f-4248-bc2e-83cc8ed18d75,1,0,34,0,0,0,Minneapolis,Minneapolis,0.0,0,180e187d-a21d-4c46-b1e7-5524cde616f4,2021-07-12 01:00:00+00:00,Los Angeles,Minneapolis,home_city
23c0ca5d-7ba0-4ed6-9879-60d3508a70b0,2021-08-15 23:00:00+00:00,2021-08-15,2021,08ed8274-e29f-4248-bc2e-83cc8ed18d75,08ed8274-e29f-4248-bc2e-83cc8ed18d75,6f017f37-be96-4bdc-b6d3-0a0429c72e89,6f017f37-be96-4bdc-b6d3-0a0429c72e89,0,0,34,0,0,0,Brooklyn,Minneapolis,1019.2,-1,5fc05663-ddc3-4ffa-9e08-63e6574f3d2c,2021-07-11 18:00:00+00:00,Brooklyn,Brooklyn,home_city
2a143dcf-041f-4313-a45f-3213090be2d7,2021-08-16 01:00:00+00:00,2021-08-15,2021,0a5ad38d-2fe3-43ba-894b-1ba3d5042ea9,0a5ad38d-2fe3-43ba-894b-1ba3d5042ea9,f073a15f-0486-4179-b0a3-dfd0294eb595,f073a15f-0486-4179-b0a3-dfd0294eb595,1,0,34,0,0,0,Los Angeles,Los Angeles,0.0,0,180e187d-a21d-4c46-b1e7-5524cde616f4,2021-07-12 01:00:00+00:00,Los Angeles,Los Angeles,home_city
2a143dcf-041f-4313-a45f-3213090be2d7,2021-08-16 01:00:00+00:00,2021-08-15,2021,f073a15f-0486-4179-b0a3-dfd0294eb595,f073a15f-0486-4179-b0a3-dfd0294eb595,0a5ad38d-2fe3-43ba-894b-1ba3d5042ea9,0a5ad38d-2fe3-43ba-894b-1ba3d5042ea9,0,0,34,0,0,0,Indianapolis,Los Angeles,1808.5,-3,e52e1b19-f57e-4c66-8bc0-6136df40e39e,2021-07-11 21:00:00+00:00,College Park,Indianapolis,home_city
6b1fd58c-82ab-4a3b-b8f1-8aec56bacc18,2021-08-17 23:00:00+00:00,2021-08-17,2021,a015b02d-845c-40c1-8ef4-844984f47e4d,a015b02d-845c-40c1-8ef4-844984f47e4d,6f017f37-be96-4bdc-b6d3-0a0429c72e89,6f017f37-be96-4bdc-b6d3-0a0429c72e89,1,0,1,0,1,1,Arlington,Uncasville,1498.5,1,7e3c9de2-e754-4588-b68f-3aec276ddcff,2021-08-15 20:00:00+00:00,Arlington,Uncasville,previous_game_city
6b1fd58c-82ab-4a3b-b8f1-8aec56bacc18,2021-08-17 23:00:00+00:00,2021-08-17,2021,6f017f37-be96-4bdc-b6d3-0a0429c72e89,6f017f37-be96-4bdc-b6d3-0a0429c72e89,a015b02d-845c-40c1-8ef4-844984f47e4d,a015b02d-845c-40c1-8ef4-844984f47e4d,0,0,1,0,1,1,Minneapolis,Uncasville,1090.0,1,23c0ca5d-7ba0-4ed6-9879-60d3508a70b0,2021-08-15 23:00:00+00:00,Minneapolis,Minneapolis,previous_game_city
017e9cbf-5a32-4a58-aa69-caaa136dbbd2,2021-08-18 00:00:00+00:00,2021-08-17,2021,3c409388-ab73-4c7f-953d-3a71062240f6,3c409388-ab73-4c7f-953d-3a71062240f6,5f0b5caf-708b-4300-92f2-53b51d83ec06,5f0b5caf-708b-4300-92f2-53b51d83ec06,1,0,1,0,1,1,Chicago,Chicago,0.0,0,089fab04-815d-4c96-ae19-0124c00bbd89,2021-08-15 20:00:00+00:00,Chicago,Chicago,previous_game_city
017e9cbf-5a32-4a58-aa69-caaa136dbbd2,2021-08-18 00:00:00+00:00,2021-08-17,2021,5f0b5caf-708b-4300-92f2-53b51d83ec06,5f0b5caf-708b-4300-92f2-53b51d83ec06,3c409388-ab73-4c7f-953d-3a71062240f6,3c409388-ab73-4c7f-953d-3a71062240f6,0,0,1,0,1,1,Arlington,Chicago,817.0,0,7e3c9de2-e754-4588-b68f-3aec276ddcff,2021-08-15 20:00:00+00:00,Arlington,Arlington,previous_game_city
739f2540-2616-4e40-a88f-9a2c23ca61a1,2021-08-18 02:00:00+00:00,2021-08-17,2021,171b097d-01db-4ae8-9d56-035689402ec6,FR_LVA_ACES,5c0d47fe-8539-47b0-9f36-d0b3609ca89b,5c0d47fe-8539-47b0-9f36-d0b3609ca89b,1,0,1,0,1,1,Paradise,Paradise,0.0,0,7b6ed8e1-74d4-46fa-a9a3-82753778f6cb,2021-08-15 22:00:00+00:00,Paradise,Paradise,previous_game_city
739f2540-2616-4e40-a88f-9a2c23ca61a1,2021-08-18 02:00:00+00:00,2021-08-17,2021,5c0d47fe-8539-47b0-9f36-d0b3609ca89b,5c0d47fe-8539-47b0-9f36-d0b3609ca89b,171b097d-01db-4ae8-9d56-035689402ec6,FR_LVA_ACES,0,0,1,0,1,1,Paradise,Paradise,0.0,0,7b6ed8e1-74d4-46fa-a9a3-82753778f6cb,2021-08-15 22:00:00+00:00,Paradise,Washington,previous_game_city
e142fc24-30a7-4df3-9bbd-dbcc714573fb,2021-08-18 02:00:00+00:00,2021-08-17,2021,0699edf3-5993-4182-b9b4-ec935cbd4fcc,0699edf3-5993-4182-b9b4-ec935cbd4fcc,f073a15f-0486-4179-b0a3-dfd0294eb595,f073a15f-0486-4179-b0a3-dfd0294eb595,1,0,1,0,1,1,Phoenix,Phoenix,2.2,0,3308cefc-e029-4fb2-9c57-63e14c9cabf9,2021-08-15 22:00:00+00:00,Phoenix,Phoenix,previous_game_city
e142fc24-30a7-4df3-9bbd-dbcc714573fb,2021-08-18 02:00:00+00:00,2021-08-17,2021,f073a15f-0486-4179-b0a3-dfd0294eb595,f073a15f-0486-4179-b0a3-dfd0294eb595,0699edf3-5993-4182-b9b4-ec935cbd4fcc,0699edf3-5993-4182-b9b4-ec935cbd4fcc,0,0,1,0,1,1,Los Angeles,Phoenix,356.7,0,2a143dcf-041f-4313-a45f-3213090be2d7,2021-08-16 01:00:00+00:00,Los Angeles,Indianapolis,previous_game_city
dfed376f-95ad-46f9-ba3c-3775ad2590fa,2021-08-18 02:30:00+00:00,2021-08-17,2021,0a5ad38d-2fe3-43ba-894b-1ba3d5042ea9,0a5ad38d-2fe3-43ba-894b-1ba3d5042ea9,5d70a9af-8c2b-4aec-9e68-9acc6ddb93e4,5d70a9af-8c2b-4aec-9e68-9acc6ddb93e4,1,0,1,0,1,1,Los Angeles,Los Angeles,0.0,0,2a143dcf-041f-4313-a45f-3213090be2d7,2021-08-16 01:00:00+00:00,Los Angeles,Los Angeles,previous_game_city
dfed376f-95ad-46f9-ba3c-3775ad2590fa,2021-08-18 02:30:00+00:00,2021-08-17,2021,5d70a9af-8c2b-4aec-9e68-9acc6ddb93e4,5d70a9af-8c2b-4aec-9e68-9acc6ddb93e4,0a5ad38d-2fe3-43ba-894b-1ba3d5042ea9,0a5ad38d-2fe3-43ba-894b-1ba3d5042ea9,0,0,1,0,1,1,Phoenix,Los Angeles,358.4,0,3308cefc-e029-4fb2-9c57-63e14c9cabf9,2021-08-15 22:00:00+00:00,Phoenix,College Park,previous_game_city
b77844e6-b218-4023-8f31-11b083ff7466,2021-08-18 23:00:00+00:00,2021-08-18,2021,08ed8274-e29f-4248-bc2e-83cc8ed18d75,08ed8274-e29f-4248-bc2e-83cc8ed18d75,d6a012ed-84aa-48d3-8265-2d3f3ff2199a,d6a012ed-84aa-48d3-8265-2d3f3ff2199a,1,0,2,0,1,1,Minneapolis,Brooklyn,1019.2,1,23c0ca5d-7ba0-4ed6-9879-60d3508a70b0,2021-08-15 23:00:00+00:00,Minneapolis,Brooklyn,previous_game_city
b77844e6-b218-4023-8f31-11b083ff7466,2021-08-18 23:00:00+00:00,2021-08-18,2021,d6a012ed-84aa-48d3-8265-2d3f3ff2199a,d6a012ed-84aa-48d3-8265-2d3f3ff2199a,08ed8274-e29f-4248-bc2e-83cc8ed18d75,08ed8274-e29f-4248-bc2e-83cc8ed18d75,0,0,2,0,1,1,Chicago,Brooklyn,712.5,1,089fab04-815d-4c96-ae19-0124c00bbd89,2021-08-15 20:00:00+00:00,Chicago,Everett,previous_game_city
461f65f4-f99f-4cf4-b111-55b7b2fd523a,2021-08-19 23:00:00+00:00,2021-08-19,2021,a015b02d-845c-40c1-8ef4-844984f47e4d,a015b02d-845c-40c1-8ef4-844984f47e4d,6f017f37-be96-4bdc-b6d3-0a0429c72e89,6f017f37-be96-4bdc-b6d3-0a0429c72e89,1,0,1,0,2,2,Uncasville,Uncasville,0.0,0,6b1fd58c-82ab-4a3b-b8f1-8aec56bacc18,2021-08-17 23:00:00+00:00,Uncasville,Uncasville,previous_game_city
461f65f4-f99f-4cf4-b111-55b7b2fd523a,2021-08-19 23:00:00+00:00,2021-08-19,2021,6f017f37-be96-4bdc-b6d3-0a0429c72e89,6f017f37-be96-4bdc-b6d3-0a0429c72e89,a015b02d-845c-40c1-8ef4-844984f47e4d,a015b02d-845c-40c1-8ef4-844984f47e4d,0,0,1,0,2,2,Uncasville,Uncasville,0.0,0,6b1fd58c-82ab-4a3b-b8f1-8aec56bacc18,2021-08-17 23:00:00+00:00,Uncasville,Minneapolis,previous_game_city
b5cba86b-884d-4bc3-99da-141f610e6f8f,2021-08-20 02:00:00+00:00,2021-08-19,2021,0699edf3-5993-4182-b9b4-ec935cbd4fcc,0699edf3-5993-4182-b9b4-ec935cbd4fcc,5c0d47fe-8539-47b0-9f36-d0b3609ca89b,5c0d47fe-8539-47b0-9f36-d0b3609ca89b,1,0,1,0,2,2,Phoenix,Phoenix,2.2,0,e142fc24-30a7-4df3-9bbd-dbcc714573fb,2021-08-18 02:00:00+00:00,Phoenix,Phoenix,previous_game_city
b5cba86b-884d-4bc3-99da-141f610e6f8f,2021-08-20 02:00:00+00:00,2021-08-19,2021,5c0d47fe-8539-47b0-9f36-d0b3609ca89b,5c0d47fe-8539-47b0-9f36-d0b3609ca89b,0699edf3-5993-4182-b9b4-ec935cbd4fcc,0699edf3-5993-4182-b9b4-ec935cbd4fcc,0,0,1,0,2,2,Paradise,Phoenix,253.9,0,739f2540-2616-4e40-a88f-9a2c23ca61a1,2021-08-18 02:00:00+00:00,Paradise,Washington,previous_game_city
94c3c2cc-bb13-4509-a3af-180e38ba6552,2021-08-20 02:30:00+00:00,2021-08-19,2021,0a5ad38d-2fe3-43ba-894b-1ba3d5042ea9,0a5ad38d-2fe3-43ba-894b-1ba3d5042ea9,5d70a9af-8c2b-4aec-9e68-9acc6ddb93e4,5d70a9af-8c2b-4aec-9e68-9acc6ddb93e4,1,0,1,0,2,2,Los Angeles,Los Angeles,0.0,0,dfed376f-95ad-46f9-ba3c-3775ad2590fa,2021-08-18 02:30:00+00:00,Los Angeles,Los Angeles,previous_game_city
94c3c2cc-bb13-4509-a3af-180e38ba6552,2021-08-20 02:30:00+00:00,2021-08-19,2021,5d70a9af-8c2b-4aec-9e68-9acc6ddb93e4,5d70a9af-8c2b-4aec-9e68-9acc6ddb93e4,0a5ad38d-2fe3-43ba-894b-1ba3d5042ea9,0a5ad38d-2fe3-43ba-894b-1ba3d5042ea9,0,0,1,0,2,2,Los Angeles,Los Angeles,0.0,0,dfed376f-95ad-46f9-ba3c-3775ad2590fa,2021-08-18 02:30:00+00:00,Los Angeles,College Park,previous_game_city
339da74c-c997-4d7f-af53-7e3b6ec7a803,2021-08-20 23:00:00+00:00,2021-08-20,2021,08ed8274-e29f-4248-bc2e-83cc8ed18d75,08ed8274-e29f-4248-bc2e-83cc8ed18d75,d6a012ed-84aa-48d3-8265-2d3f3ff2199a,d6a012ed-84aa-48d3-8265-2d3f3ff2199a,1,0,1,0,1,2,Brooklyn,Brooklyn,0.0,0,b77844e6-b218-4023-8f31-11b083ff7466,2021-08-18 23:00:00+00:00,Brooklyn,Brooklyn,previous_game_city
339da74c-c997-4d7f-af53-7e3b6ec7a803,2021-08-20 23:00:00+00:00,2021-08-20,2021,d6a012ed-84aa-48d3-8265-2d3f3ff2199a,d6a012ed-84aa-48d3-8265-2d3f3ff2199a,08ed8274-e29f-4248-bc2e-83cc8ed18d75,08ed8274-e29f-4248-bc2e-83cc8ed18d75,0,0,1,0,1,2,Brooklyn,Brooklyn,0.0,0,b77844e6-b218-4023-8f31-11b083ff7466,2021-08-18 23:00:00+00:00,Brooklyn,Everett,previous_game_city
ed699f5b-4208-4956-ac96-3ed93ce46266,2021-08-21 00:00:00+00:00,2021-08-20,2021,5f0b5caf-708b-4300-92f2-53b51d83ec06,5f0b5caf-708b-4300-92f2-53b51d83ec06,f073a15f-0486-4179-b0a3-dfd0294eb595,f073a15f-0486-4179-b0a3-dfd0294eb595,1,0,2,0,1,2,Chicago,Arlington,817.0,0,017e9cbf-5a32-4a58-aa69-caaa136dbbd2,2021-08-18 00:00:00+00:00,Chicago,Arlington,previous_game_city
ed699f5b-4208-4956-ac96-3ed93ce46266,2021-08-21 00:00:00+00:00,2021-08-20,2021,f073a15f-0486-4179-b0a3-dfd0294eb595,f073a15f-0486-4179-b0a3-dfd0294eb595,5f0b5caf-708b-4300-92f2-53b51d83ec06,5f0b5caf-708b-4300-92f2-53b51d83ec06,0,0,2,0,1,2,Phoenix,Arlington,868.3,2,e142fc24-30a7-4df3-9bbd-dbcc714573fb,2021-08-18 02:00:00+00:00,Phoenix,Indianapolis,previous_game_city
4feffe06-b2e7-4cea-a2a0-db2f5683a643,2021-08-21 16:00:00+00:00,2021-08-21,2021,5d70a9af-8c2b-4aec-9e68-9acc6ddb93e4,5d70a9af-8c2b-4aec-9e68-9acc6ddb93e4,0699edf3-5993-4182-b9b4-ec935cbd4fcc,0699edf3-5993-4182-b9b4-ec935cbd4fcc,1,0,1,0,2,3,Los Angeles,College Park,1931.6,3,94c3c2cc-bb13-4509-a3af-180e38ba6552,2021-08-20 02:30:00+00:00,Los Angeles,College Park,previous_game_city
4feffe06-b2e7-4cea-a2a0-db2f5683a643,2021-08-21 16:00:00+00:00,2021-08-21,2021,0699edf3-5993-4182-b9b4-ec935cbd4fcc,0699edf3-5993-4182-b9b4-ec935cbd4fcc,5d70a9af-8c2b-4aec-9e68-9acc6ddb93e4,5d70a9af-8c2b-4aec-9e68-9acc6ddb93e4,0,0,1,0,2,3,Phoenix,College Park,1585.4,3,b5cba86b-884d-4bc3-99da-141f610e6f8f,2021-08-20 02:00:00+00:00,Phoenix,Phoenix,previous_game_city
ab04d6bf-7569-440d-adbc-613189264568,2021-08-22 00:00:00+00:00,2021-08-21,2021,3c409388-ab73-4c7f-953d-3a71062240f6,3c409388-ab73-4c7f-953d-3a71062240f6,6f017f37-be96-4bdc-b6d3-0a0429c72e89,6f017f37-be96-4bdc-b6d3-0a0429c72e89,1,0,3,0,1,2,Chicago,Chicago,0.0,0,017e9cbf-5a32-4a58-aa69-caaa136dbbd2,2021-08-18 00:00:00+00:00,Chicago,Chicago,previous_game_city
ab04d6bf-7569-440d-adbc-613189264568,2021-08-22 00:00:00+00:00,2021-08-21,2021,6f017f37-be96-4bdc-b6d3-0a0429c72e89,6f017f37-be96-4bdc-b6d3-0a0429c72e89,3c409388-ab73-4c7f-953d-3a71062240f6,3c409388-ab73-4c7f-953d-3a71062240f6,0,0,1,0,2,3,Uncasville,Chicago,800.9,-1,461f65f4-f99f-4cf4-b111-55b7b2fd523a,2021-08-19 23:00:00+00:00,Uncasville,Minneapolis,previous_game_city
a29d3c76-c8eb-4907-b6de-d26f24d829ba,2021-08-22 18:00:00+00:00,2021-08-22,2021,08ed8274-e29f-4248-bc2e-83cc8ed18d75,08ed8274-e29f-4248-bc2e-83cc8ed18d75,0a5ad38d-2fe3-43ba-894b-1ba3d5042ea9,0a5ad38d-2fe3-43ba-894b-1ba3d5042ea9,1,0,1,0,2,3,Brooklyn,Brooklyn,0.0,0,339da74c-c997-4d7f-af53-7e3b6ec7a803,2021-08-20 23:00:00+00:00,Brooklyn,Brooklyn,previous_game_city
a29d3c76-c8eb-4907-b6de-d26f24d829ba,2021-08-22 18:00:00+00:00,2021-08-22,2021,0a5ad38d-2fe3-43ba-894b-1ba3d5042ea9,0a5ad38d-2fe3-43ba-894b-1ba3d5042ea9,08ed8274-e29f-4248-bc2e-83cc8ed18d75,08ed8274-e29f-4248-bc2e-83cc8ed18d75,0,0,2,0,1,3,Los Angeles,Brooklyn,2449.0,3,94c3c2cc-bb13-4509-a3af-180e38ba6552,2021-08-20 02:30:00+00:00,Los Angeles,Los Angeles,previous_game_city
dcfd1a7a-161d-44d2-8e05-a800dced8765,2021-08-22 19:00:00+00:00,2021-08-22,2021,5c0d47fe-8539-47b0-9f36-d0b3609ca89b,5c0d47fe-8539-47b0-9f36-d0b3609ca89b,d6a012ed-84aa-48d3-8265-2d3f3ff2199a,d6a012ed-84aa-48d3-8265-2d3f3ff2199a,1,0,2,0,1,3,Phoenix,Washington,1980.0,3,b5cba86b-884d-4bc3-99da-141f610e6f8f,2021-08-20 02:00:00+00:00,Phoenix,Washington,previous_game_city
dcfd1a7a-161d-44d2-8e05-a800dced8765,2021-08-22 19:00:00+00:00,2021-08-22,2021,d6a012ed-84aa-48d3-8265-2d3f3ff2199a,d6a012ed-84aa-48d3-8265-2d3f3ff2199a,5c0d47fe-8539-47b0-9f36-d0b3609ca89b,5c0d47fe-8539-47b0-9f36-d0b3609ca89b,0,0,1,0,2,3,Brooklyn,Washington,204.3,0,339da74c-c997-4d7f-af53-7e3b6ec7a803,2021-08-20 23:00:00+00:00,Brooklyn,Everett,previous_game_city
001b19cc-5185-4b46-b5f4-605b1b5d188b,2021-08-24 23:00:00+00:00,2021-08-24,2021,a015b02d-845c-40c1-8ef4-844984f47e4d,a015b02d-845c-40c1-8ef4-844984f47e4d,171b097d-01db-4ae8-9d56-035689402ec6,FR_LVA_ACES,1,0,4,0,0,2,Uncasville,Uncasville,0.0,0,461f65f4-f99f-4cf4-b111-55b7b2fd523a,2021-08-19 23:00:00+00:00,Uncasville,Uncasville,home_city
001b19cc-5185-4b46-b5f4-605b1b5d188b,2021-08-24 23:00:00+00:00,2021-08-24,2021,171b097d-01db-4ae8-9d56-035689402ec6,FR_LVA_ACES,a015b02d-845c-40c1-8ef4-844984f47e4d,a015b02d-845c-40c1-8ef4-844984f47e4d,0,0,6,0,0,1,Paradise,Uncasville,2326.0,3,739f2540-2616-4e40-a88f-9a2c23ca61a1,2021-08-18 02:00:00+00:00,Paradise,Paradise,home_city
7f134788-62ff-4dd2-a9d0-9a025a3e7f45,2021-08-24 23:00:00+00:00,2021-08-24,2021,6f017f37-be96-4bdc-b6d3-0a0429c72e89,6f017f37-be96-4bdc-b6d3-0a0429c72e89,d6a012ed-84aa-48d3-8265-2d3f3ff2199a,d6a012ed-84aa-48d3-8265-2d3f3ff2199a,1,0,2,0,1,3,Chicago,Minneapolis,356.5,0,ab04d6bf-7569-440d-adbc-613189264568,2021-08-22 00:00:00+00:00,Chicago,Minneapolis,previous_game_city
7f134788-62ff-4dd2-a9d0-9a025a3e7f45,2021-08-24 23:00:00+00:00,2021-08-24,2021,d6a012ed-84aa-48d3-8265-2d3f3ff2199a,d6a012ed-84aa-48d3-8265-2d3f3ff2199a,6f017f37-be96-4bdc-b6d3-0a0429c72e89,6f017f37-be96-4bdc-b6d3-0a0429c72e89,0,0,1,0,2,3,Washington,Minneapolis,936.1,-1,dcfd1a7a-161d-44d2-8e05-a800dced8765,2021-08-22 19:00:00+00:00,Washington,Everett,previous_game_city
8c11e1f3-93ed-4c58-af3c-9eec60e9a2e7,2021-08-24 23:00:00+00:00,2021-08-24,2021,5d70a9af-8c2b-4aec-9e68-9acc6ddb93e4,5d70a9af-8c2b-4aec-9e68-9acc6ddb93e4,3c409388-ab73-4c7f-953d-3a71062240f6,3c409388-ab73-4c7f-953d-3a71062240f6,1,0,2,0,1,3,College Park,College Park,0.0,0,4feffe06-b2e7-4cea-a2a0-db2f5683a643,2021-08-21 16:00:00+00:00,College Park,College Park,previous_game_city
8c11e1f3-93ed-4c58-af3c-9eec60e9a2e7,2021-08-24 23:00:00+00:00,2021-08-24,2021,3c409388-ab73-4c7f-953d-3a71062240f6,3c409388-ab73-4c7f-953d-3a71062240f6,5d70a9af-8c2b-4aec-9e68-9acc6ddb93e4,5d70a9af-8c2b-4aec-9e68-9acc6ddb93e4,0,0,2,0,1,2,Chicago,College Park,592.7,1,ab04d6bf-7569-440d-adbc-613189264568,2021-08-22 00:00:00+00:00,Chicago,Chicago,previous_game_city
f057cb00-1962-4e08-acf8-392157ee7279,2021-08-24 23:00:00+00:00,2021-08-24,2021,5c0d47fe-8539-47b0-9f36-d0b3609ca89b,5c0d47fe-8539-47b0-9f36-d0b3609ca89b,0a5ad38d-2fe3-43ba-894b-1ba3d5042ea9,0a5ad38d-2fe3-43ba-894b-1ba3d5042ea9,1,0,1,0,1,3,Washington,Washington,0.0,0,dcfd1a7a-161d-44d2-8e05-a800dced8765,2021-08-22 19:00:00+00:00,Washington,Washington,previous_game_city
f057cb00-1962-4e08-acf8-392157ee7279,2021-08-24 23:00:00+00:00,2021-08-24,2021,0a5ad38d-2fe3-43ba-894b-1ba3d5042ea9,0a5ad38d-2fe3-43ba-894b-1ba3d5042ea9,5c0d47fe-8539-47b0-9f36-d0b3609ca89b,5c0d47fe-8539-47b0-9f36-d0b3609ca89b,0,0,1,0,1,3,Brooklyn,Washington,204.3,0,a29d3c76-c8eb-4907-b6de-d26f24d829ba,2021-08-22 18:00:00+00:00,Brooklyn,Los Angeles,previous_game_city
08854e73-7582-4aa7-b612-81fdcdc1c285,2021-08-25 23:00:00+00:00,2021-08-25,2021,08ed8274-e29f-4248-bc2e-83cc8ed18d75,08ed8274-e29f-4248-bc2e-83cc8ed18d75,0699edf3-5993-4182-b9b4-ec935cbd4fcc,0699edf3-5993-4182-b9b4-ec935cbd4fcc,1,0,2,0,1,3,Brooklyn,Brooklyn,0.0,0,a29d3c76-c8eb-4907-b6de-d26f24d829ba,2021-08-22 18:00:00+00:00,Brooklyn,Brooklyn,previous_game_city
08854e73-7582-4aa7-b612-81fdcdc1c285,2021-08-25 23:00:00+00:00,2021-08-25,2021,0699edf3-5993-4182-b9b4-ec935cbd4fcc,0699edf3-5993-4182-b9b4-ec935cbd4fcc,08ed8274-e29f-4248-bc2e-83cc8ed18d75,08ed8274-e29f-4248-bc2e-83cc8ed18d75,0,0,3,0,1,2,College Park,Brooklyn,753.7,0,4feffe06-b2e7-4cea-a2a0-db2f5683a643,2021-08-21 16:00:00+00:00,College Park,Phoenix,previous_game_city
c0b4cab5-8e14-4c7b-a5a0-edf5c4a41dd6,2021-08-26 23:00:00+00:00,2021-08-26,2021,a015b02d-845c-40c1-8ef4-844984f47e4d,a015b02d-845c-40c1-8ef4-844984f47e4d,0a5ad38d-2fe3-43ba-894b-1ba3d5042ea9,0a5ad38d-2fe3-43ba-894b-1ba3d5042ea9,1,0,1,0,1,2,Uncasville,Uncasville,0.0,0,001b19cc-5185-4b46-b5f4-605b1b5d188b,2021-08-24 23:00:00+00:00,Uncasville,Uncasville,previous_game_city
c0b4cab5-8e14-4c7b-a5a0-edf5c4a41dd6,2021-08-26 23:00:00+00:00,2021-08-26,2021,0a5ad38d-2fe3-43ba-894b-1ba3d5042ea9,0a5ad38d-2fe3-43ba-894b-1ba3d5042ea9,a015b02d-845c-40c1-8ef4-844984f47e4d,a015b02d-845c-40c1-8ef4-844984f47e4d,0,0,1,0,2,3,Washington,Uncasville,316.7,0,f057cb00-1962-4e08-acf8-392157ee7279,2021-08-24 23:00:00+00:00,Washington,Los Angeles,previous_game_city
c4498549-d11f-4100-a172-31b52e3342fa,2021-08-26 23:00:00+00:00,2021-08-26,2021,5d70a9af-8c2b-4aec-9e68-9acc6ddb93e4,5d70a9af-8c2b-4aec-9e68-9acc6ddb93e4,171b097d-01db-4ae8-9d56-035689402ec6,FR_LVA_ACES,1,0,1,0,1,3,College Park,College Park,0.0,0,8c11e1f3-93ed-4c58-af3c-9eec60e9a2e7,2021-08-24 23:00:00+00:00,College Park,College Park,previous_game_city
c4498549-d11f-4100-a172-31b52e3342fa,2021-08-26 23:00:00+00:00,2021-08-26,2021,171b097d-01db-4ae8-9d56-035689402ec6,FR_LVA_ACES,5d70a9af-8c2b-4aec-9e68-9acc6ddb93e4,5d70a9af-8c2b-4aec-9e68-9acc6ddb93e4,0,0,1,0,1,1,Uncasville,College Park,866.0,0,001b19cc-5185-4b46-b5f4-605b1b5d188b,2021-08-24 23:00:00+00:00,Uncasville,Paradise,previous_game_city
fc39b4ea-f749-4256-b450-708f491782dd,2021-08-26 23:00:00+00:00,2021-08-26,2021,5c0d47fe-8539-47b0-9f36-d0b3609ca89b,5c0d47fe-8539-47b0-9f36-d0b3609ca89b,5f0b5caf-708b-4300-92f2-53b51d83ec06,5f0b5caf-708b-4300-92f2-53b51d83ec06,1,0,1,0,2,3,Washington,Washington,0.0,0,f057cb00-1962-4e08-acf8-392157ee7279,2021-08-24 23:00:00+00:00,Washington,Washington,previous_game_city
fc39b4ea-f749-4256-b450-708f491782dd,2021-08-26 23:00:00+00:00,2021-08-26,2021,5f0b5caf-708b-4300-92f2-53b51d83ec06,5f0b5caf-708b-4300-92f2-53b51d83ec06,5c0d47fe-8539-47b0-9f36-d0b3609ca89b,5c0d47fe-8539-47b0-9f36-d0b3609ca89b,0,0,5,0,0,1,Arlington,Washington,1200.9,1,ed699f5b-4208-4956-ac96-3ed93ce46266,2021-08-21 00:00:00+00:00,Arlington,Arlington,home_city
3fbc759e-ff77-490c-8549-fbb57f7664f9,2021-08-28 00:00:00+00:00,2021-08-27,2021,08ed8274-e29f-4248-bc2e-83cc8ed18d75,08ed8274-e29f-4248-bc2e-83cc8ed18d75,0699edf3-5993-4182-b9b4-ec935cbd4fcc,0699edf3-5993-4182-b9b4-ec935cbd4fcc,1,0,1,0,1,3,Brooklyn,Brooklyn,0.0,0,08854e73-7582-4aa7-b612-81fdcdc1c285,2021-08-25 23:00:00+00:00,Brooklyn,Brooklyn,previous_game_city
3fbc759e-ff77-490c-8549-fbb57f7664f9,2021-08-28 00:00:00+00:00,2021-08-27,2021,0699edf3-5993-4182-b9b4-ec935cbd4fcc,0699edf3-5993-4182-b9b4-ec935cbd4fcc,08ed8274-e29f-4248-bc2e-83cc8ed18d75,08ed8274-e29f-4248-bc2e-83cc8ed18d75,0,0,1,0,1,2,Brooklyn,Brooklyn,0.0,0,08854e73-7582-4aa7-b612-81fdcdc1c285,2021-08-25 23:00:00+00:00,Brooklyn,Phoenix,previous_game_city
bd8a3903-5572-43d2-8127-df5df1a57117,2021-08-28 02:00:00+00:00,2021-08-27,2021,d6a012ed-84aa-48d3-8265-2d3f3ff2199a,d6a012ed-84aa-48d3-8265-2d3f3ff2199a,3c409388-ab73-4c7f-953d-3a71062240f6,3c409388-ab73-4c7f-953d-3a71062240f6,1,0,2,0,1,3,Minneapolis,Everett,1383.5,-2,7f134788-62ff-4dd2-a9d0-9a025a3e7f45,2021-08-24 23:00:00+00:00,Minneapolis,Everett,previous_game_city
bd8a3903-5572-43d2-8127-df5df1a57117,2021-08-28 02:00:00+00:00,2021-08-27,2021,3c409388-ab73-4c7f-953d-3a71062240f6,3c409388-ab73-4c7f-953d-3a71062240f6,d6a012ed-84aa-48d3-8265-2d3f3ff2199a,d6a012ed-84aa-48d3-8265-2d3f3ff2199a,0,0,2,0,1,2,College Park,Everett,2179.3,-3,8c11e1f3-93ed-4c58-af3c-9eec60e9a2e7,2021-08-24 23:00:00+00:00,College Park,Chicago,previous_game_city
28ae6a10-696b-4efb-9996-8968129bd109,2021-08-28 17:00:00+00:00,2021-08-28,2021,f073a15f-0486-4179-b0a3-dfd0294eb595,f073a15f-0486-4179-b0a3-dfd0294eb595,171b097d-01db-4ae8-9d56-035689402ec6,FR_LVA_ACES,1,0,7,0,0,0,Indianapolis,Indianapolis,1.1,0,ed699f5b-4208-4956-ac96-3ed93ce46266,2021-08-21 00:00:00+00:00,Arlington,Indianapolis,home_city
28ae6a10-696b-4efb-9996-8968129bd109,2021-08-28 17:00:00+00:00,2021-08-28,2021,171b097d-01db-4ae8-9d56-035689402ec6,FR_LVA_ACES,f073a15f-0486-4179-b0a3-dfd0294eb595,f073a15f-0486-4179-b0a3-dfd0294eb595,0,0,1,0,2,2,College Park,Indianapolis,437.1,0,c4498549-d11f-4100-a172-31b52e3342fa,2021-08-26 23:00:00+00:00,College Park,Paradise,previous_game_city
3262378a-aef9-43f4-8ade-59a33d580b0e,2021-08-28 23:00:00+00:00,2021-08-28,2021,5c0d47fe-8539-47b0-9f36-d0b3609ca89b,5c0d47fe-8539-47b0-9f36-d0b3609ca89b,5f0b5caf-708b-4300-92f2-53b51d83ec06,5f0b5caf-708b-4300-92f2-53b51d83ec06,1,0,1,0,2,3,Washington,Washington,0.0,0,fc39b4ea-f749-4256-b450-708f491782dd,2021-08-26 23:00:00+00:00,Washington,Washington,previous_game_city
3262378a-aef9-43f4-8ade-59a33d580b0e,2021-08-28 23:00:00+00:00,2021-08-28,2021,5f0b5caf-708b-4300-92f2-53b51d83ec06,5f0b5caf-708b-4300-92f2-53b51d83ec06,5c0d47fe-8539-47b0-9f36-d0b3609ca89b,5c0d47fe-8539-47b0-9f36-d0b3609ca89b,0,0,1,0,1,1,Washington,Washington,0.0,0,fc39b4ea-f749-4256-b450-708f491782dd,2021-08-26 23:00:00+00:00,Washington,Arlington,previous_game_city
9725261d-1c55-4272-890e-35ff24ae0d49,2021-08-28 23:00:00+00:00,2021-08-28,2021,a015b02d-845c-40c1-8ef4-844984f47e4d,a015b02d-845c-40c1-8ef4-844984f47e4d,0a5ad38d-2fe3-43ba-894b-1ba3d5042ea9,0a5ad38d-2fe3-43ba-894b-1ba3d5042ea9,1,0,1,0,2,2,Uncasville,Uncasville,0.0,0,c0b4cab5-8e14-4c7b-a5a0-edf5c4a41dd6,2021-08-26 23:00:00+00:00,Uncasville,Uncasville,previous_game_city
9725261d-1c55-4272-890e-35ff24ae0d49,2021-08-28 23:00:00+00:00,2021-08-28,2021,0a5ad38d-2fe3-43ba-894b-1ba3d5042ea9,0a5ad38d-2fe3-43ba-894b-1ba3d5042ea9,a015b02d-845c-40c1-8ef4-844984f47e4d,a015b02d-845c-40c1-8ef4-844984f47e4d,0,0,1,0,2,3,Uncasville,Uncasville,0.0,0,c0b4cab5-8e14-4c7b-a5a0-edf5c4a41dd6,2021-08-26 23:00:00+00:00,Uncasville,Los Angeles,previous_game_city
8af51a86-612e-444a-aa97-d60f7eb09934,2021-08-29 22:00:00+00:00,2021-08-29,2021,d6a012ed-84aa-48d3-8265-2d3f3ff2199a,d6a012ed-84aa-48d3-8265-2d3f3ff2199a,3c409388-ab73-4c7f-953d-3a71062240f6,3c409388-ab73-4c7f-953d-3a71062240f6,1,0,1,0,1,3,Everett,Everett,0.0,0,bd8a3903-5572-43d2-8127-df5df1a57117,2021-08-28 02:00:00+00:00,Everett,Everett,previous_game_city
8af51a86-612e-444a-aa97-d60f7eb09934,2021-08-29 22:00:00+00:00,2021-08-29,2021,3c409388-ab73-4c7f-953d-3a71062240f6,3c409388-ab73-4c7f-953d-3a71062240f6,d6a012ed-84aa-48d3-8265-2d3f3ff2199a,d6a012ed-84aa-48d3-8265-2d3f3ff2199a,0,0,1,0,1,2,Everett,Everett,0.0,0,bd8a3903-5572-43d2-8127-df5df1a57117,2021-08-28 02:00:00+00:00,Everett,Chicago,previous_game_city
19ec917a-9392-47cb-b108-b5f11e4438eb,2021-08-31 23:00:00+00:00,2021-08-31,2021,f073a15f-0486-4179-b0a3-dfd0294eb595,f073a15f-0486-4179-b0a3-dfd0294eb595,0a5ad38d-2fe3-43ba-894b-1ba3d5042ea9,0a5ad38d-2fe3-43ba-894b-1ba3d5042ea9,1,0,2,0,1,1,Indianapolis,Indianapolis,0.0,0,28ae6a10-696b-4efb-9996-8968129bd109,2021-08-28 17:00:00+00:00,Indianapolis,Indianapolis,previous_game_city
19ec917a-9392-47cb-b108-b5f11e4438eb,2021-08-31 23:00:00+00:00,2021-08-31,2021,0a5ad38d-2fe3-43ba-894b-1ba3d5042ea9,0a5ad38d-2fe3-43ba-894b-1ba3d5042ea9,f073a15f-0486-4179-b0a3-dfd0294eb595,f073a15f-0486-4179-b0a3-dfd0294eb595,0,0,2,0,1,3,Uncasville,Indianapolis,744.4,0,9725261d-1c55-4272-890e-35ff24ae0d49,2021-08-28 23:00:00+00:00,Uncasville,Los Angeles,previous_game_city
67f1b1d9-a315-487c-8c5f-ad2faa46f982,2021-08-31 23:00:00+00:00,2021-08-31,2021,5c0d47fe-8539-47b0-9f36-d0b3609ca89b,5c0d47fe-8539-47b0-9f36-d0b3609ca89b,a015b02d-845c-40c1-8ef4-844984f47e4d,a015b02d-845c-40c1-8ef4-844984f47e4d,1,0,2,0,1,3,Washington,Washington,0.0,0,3262378a-aef9-43f4-8ade-59a33d580b0e,2021-08-28 23:00:00+00:00,Washington,Washington,previous_game_city
67f1b1d9-a315-487c-8c5f-ad2faa46f982,2021-08-31 23:00:00+00:00,2021-08-31,2021,a015b02d-845c-40c1-8ef4-844984f47e4d,a015b02d-845c-40c1-8ef4-844984f47e4d,5c0d47fe-8539-47b0-9f36-d0b3609ca89b,5c0d47fe-8539-47b0-9f36-d0b3609ca89b,0,0,2,0,1,3,Uncasville,Washington,316.7,0,9725261d-1c55-4272-890e-35ff24ae0d49,2021-08-28 23:00:00+00:00,Uncasville,Uncasville,previous_game_city
58637816-e274-429f-a4ea-86c560105db9,2021-09-01 00:00:00+00:00,2021-08-31,2021,6f017f37-be96-4bdc-b6d3-0a0429c72e89,6f017f37-be96-4bdc-b6d3-0a0429c72e89,08ed8274-e29f-4248-bc2e-83cc8ed18d75,08ed8274-e29f-4248-bc2e-83cc8ed18d75,1,0,6,0,0,1,Minneapolis,Minneapolis,0.0,0,7f134788-62ff-4dd2-a9d0-9a025a3e7f45,2021-08-24 23:00:00+00:00,Minneapolis,Minneapolis,home_city
58637816-e274-429f-a4ea-86c560105db9,2021-09-01 00:00:00+00:00,2021-08-31,2021,08ed8274-e29f-4248-bc2e-83cc8ed18d75,08ed8274-e29f-4248-bc2e-83cc8ed18d75,6f017f37-be96-4bdc-b6d3-0a0429c72e89,6f017f37-be96-4bdc-b6d3-0a0429c72e89,0,0,3,0,1,2,Brooklyn,Minneapolis,1019.2,-1,3fbc759e-ff77-490c-8549-fbb57f7664f9,2021-08-28 00:00:00+00:00,Brooklyn,Brooklyn,previous_game_city
be79198f-f79c-45e2-8dd6-45b376c7075a,2021-09-01 02:00:00+00:00,2021-08-31,2021,0699edf3-5993-4182-b9b4-ec935cbd4fcc,0699edf3-5993-4182-b9b4-ec935cbd4fcc,3c409388-ab73-4c7f-953d-3a71062240f6,3c409388-ab73-4c7f-953d-3a71062240f6,1,0,3,0,1,2,Brooklyn,Phoenix,2141.3,-3,3fbc759e-ff77-490c-8549-fbb57f7664f9,2021-08-28 00:00:00+00:00,Brooklyn,Phoenix,previous_game_city
be79198f-f79c-45e2-8dd6-45b376c7075a,2021-09-01 02:00:00+00:00,2021-08-31,2021,3c409388-ab73-4c7f-953d-3a71062240f6,3c409388-ab73-4c7f-953d-3a71062240f6,0699edf3-5993-4182-b9b4-ec935cbd4fcc,0699edf3-5993-4182-b9b4-ec935cbd4fcc,0,0,1,0,2,3,Everett,Phoenix,1133.4,0,8af51a86-612e-444a-aa97-d60f7eb09934,2021-08-29 22:00:00+00:00,Everett,Chicago,previous_game_city
7c9ea9bb-fb9b-42be-b9dd-a8870df62f50,2021-09-03 00:00:00+00:00,2021-09-02,2021,5f0b5caf-708b-4300-92f2-53b51d83ec06,5f0b5caf-708b-4300-92f2-53b51d83ec06,5d70a9af-8c2b-4aec-9e68-9acc6ddb93e4,5d70a9af-8c2b-4aec-9e68-9acc6ddb93e4,1,0,4,0,0,2,Arlington,Arlington,0.0,0,3262378a-aef9-43f4-8ade-59a33d580b0e,2021-08-28 23:00:00+00:00,Washington,Arlington,home_city
7c9ea9bb-fb9b-42be-b9dd-a8870df62f50,2021-09-03 00:00:00+00:00,2021-09-02,2021,5d70a9af-8c2b-4aec-9e68-9acc6ddb93e4,5d70a9af-8c2b-4aec-9e68-9acc6ddb93e4,5f0b5caf-708b-4300-92f2-53b51d83ec06,5f0b5caf-708b-4300-92f2-53b51d83ec06,0,0,6,0,0,1,College Park,Arlington,733.7,-1,c4498549-d11f-4100-a172-31b52e3342fa,2021-08-26 23:00:00+00:00,College Park,College Park,home_city
c07987c4-d9ed-4ec9-904a-acbe07efb1d1,2021-09-03 00:00:00+00:00,2021-09-02,2021,6f017f37-be96-4bdc-b6d3-0a0429c72e89,6f017f37-be96-4bdc-b6d3-0a0429c72e89,0a5ad38d-2fe3-43ba-894b-1ba3d5042ea9,0a5ad38d-2fe3-43ba-894b-1ba3d5042ea9,1,0,1,0,1,1,Minneapolis,Minneapolis,0.0,0,58637816-e274-429f-a4ea-86c560105db9,2021-09-01 00:00:00+00:00,Minneapolis,Minneapolis,previous_game_city
c07987c4-d9ed-4ec9-904a-acbe07efb1d1,2021-09-03 00:00:00+00:00,2021-09-02,2021,0a5ad38d-2fe3-43ba-894b-1ba3d5042ea9,0a5ad38d-2fe3-43ba-894b-1ba3d5042ea9,6f017f37-be96-4bdc-b6d3-0a0429c72e89,6f017f37-be96-4bdc-b6d3-0a0429c72e89,0,0,1,0,1,3,Indianapolis,Minneapolis,508.9,-1,19ec917a-9392-47cb-b108-b5f11e4438eb,2021-08-31 23:00:00+00:00,Indianapolis,Los Angeles,previous_game_city
657638cc-6b36-41f8-ba39-5ef73679d3ab,2021-09-03 02:00:00+00:00,2021-09-02,2021,d6a012ed-84aa-48d3-8265-2d3f3ff2199a,d6a012ed-84aa-48d3-8265-2d3f3ff2199a,08ed8274-e29f-4248-bc2e-83cc8ed18d75,08ed8274-e29f-4248-bc2e-83cc8ed18d75,1,0,3,0,1,2,Everett,Everett,0.0,0,8af51a86-612e-444a-aa97-d60f7eb09934,2021-08-29 22:00:00+00:00,Everett,Everett,previous_game_city
657638cc-6b36-41f8-ba39-5ef73679d3ab,2021-09-03 02:00:00+00:00,2021-09-02,2021,08ed8274-e29f-4248-bc2e-83cc8ed18d75,08ed8274-e29f-4248-bc2e-83cc8ed18d75,d6a012ed-84aa-48d3-8265-2d3f3ff2199a,d6a012ed-84aa-48d3-8265-2d3f3ff2199a,0,0,1,0,1,2,Minneapolis,Everett,1383.5,-2,58637816-e274-429f-a4ea-86c560105db9,2021-09-01 00:00:00+00:00,Minneapolis,Brooklyn,previous_game_city
86a42ba6-4809-4deb-a10a-45833f482075,2021-09-03 02:00:00+00:00,2021-09-02,2021,171b097d-01db-4ae8-9d56-035689402ec6,FR_LVA_ACES,3c409388-ab73-4c7f-953d-3a71062240f6,3c409388-ab73-4c7f-953d-3a71062240f6,1,0,4,0,0,2,Paradise,Paradise,0.0,0,28ae6a10-696b-4efb-9996-8968129bd109,2021-08-28 17:00:00+00:00,Indianapolis,Paradise,home_city
86a42ba6-4809-4deb-a10a-45833f482075,2021-09-03 02:00:00+00:00,2021-09-02,2021,3c409388-ab73-4c7f-953d-3a71062240f6,3c409388-ab73-4c7f-953d-3a71062240f6,171b097d-01db-4ae8-9d56-035689402ec6,FR_LVA_ACES,0,0,1,0,2,3,Phoenix,Paradise,253.9,0,be79198f-f79c-45e2-8dd6-45b376c7075a,2021-09-01 02:00:00+00:00,Phoenix,Chicago,previous_game_city
6b647f76-9706-445f-8728-54a4ceea09b5,2021-09-04 17:00:00+00:00,2021-09-04,2021,f073a15f-0486-4179-b0a3-dfd0294eb595,f073a15f-0486-4179-b0a3-dfd0294eb595,0699edf3-5993-4182-b9b4-ec935cbd4fcc,0699edf3-5993-4182-b9b4-ec935cbd4fcc,1,0,3,0,1,2,Indianapolis,Indianapolis,0.0,0,19ec917a-9392-47cb-b108-b5f11e4438eb,2021-08-31 23:00:00+00:00,Indianapolis,Indianapolis,previous_game_city
6b647f76-9706-445f-8728-54a4ceea09b5,2021-09-04 17:00:00+00:00,2021-09-04,2021,0699edf3-5993-4182-b9b4-ec935cbd4fcc,0699edf3-5993-4182-b9b4-ec935cbd4fcc,f073a15f-0486-4179-b0a3-dfd0294eb595,f073a15f-0486-4179-b0a3-dfd0294eb595,0,0,3,0,1,1,Phoenix,Indianapolis,1497.8,3,be79198f-f79c-45e2-8dd6-45b376c7075a,2021-09-01 02:00:00+00:00,Phoenix,Phoenix,previous_game_city
c32ce717-93b6-4d18-a32d-b83c3fa805dc,2021-09-05 00:00:00+00:00,2021-09-04,2021,6f017f37-be96-4bdc-b6d3-0a0429c72e89,6f017f37-be96-4bdc-b6d3-0a0429c72e89,5c0d47fe-8539-47b0-9f36-d0b3609ca89b,5c0d47fe-8539-47b0-9f36-d0b3609ca89b,1,0,1,0,2,2,Minneapolis,Minneapolis,0.0,0,c07987c4-d9ed-4ec9-904a-acbe07efb1d1,2021-09-03 00:00:00+00:00,Minneapolis,Minneapolis,previous_game_city
c32ce717-93b6-4d18-a32d-b83c3fa805dc,2021-09-05 00:00:00+00:00,2021-09-04,2021,5c0d47fe-8539-47b0-9f36-d0b3609ca89b,5c0d47fe-8539-47b0-9f36-d0b3609ca89b,6f017f37-be96-4bdc-b6d3-0a0429c72e89,6f017f37-be96-4bdc-b6d3-0a0429c72e89,0,0,3,0,1,2,Washington,Minneapolis,936.1,-1,67f1b1d9-a315-487c-8c5f-ad2faa46f982,2021-08-31 23:00:00+00:00,Washington,Washington,previous_game_city
7429de98-5fc7-4132-8712-b9234dab9603,2021-09-05 19:00:00+00:00,2021-09-05,2021,3c409388-ab73-4c7f-953d-3a71062240f6,3c409388-ab73-4c7f-953d-3a71062240f6,171b097d-01db-4ae8-9d56-035689402ec6,FR_LVA_ACES,1,0,2,0,1,3,Paradise,Chicago,1525.6,2,86a42ba6-4809-4deb-a10a-45833f482075,2021-09-03 02:00:00+00:00,Paradise,Chicago,previous_game_city
7429de98-5fc7-4132-8712-b9234dab9603,2021-09-05 19:00:00+00:00,2021-09-05,2021,171b097d-01db-4ae8-9d56-035689402ec6,FR_LVA_ACES,3c409388-ab73-4c7f-953d-3a71062240f6,3c409388-ab73-4c7f-953d-3a71062240f6,0,0,2,0,1,1,Paradise,Chicago,1525.6,2,86a42ba6-4809-4deb-a10a-45833f482075,2021-09-03 02:00:00+00:00,Paradise,Paradise,previous_game_city
5ca6a8f5-d898-44f9-a79e-c44cc30e45b6,2021-09-05 20:00:00+00:00,2021-09-05,2021,5f0b5caf-708b-4300-92f2-53b51d83ec06,5f0b5caf-708b-4300-92f2-53b51d83ec06,5d70a9af-8c2b-4aec-9e68-9acc6ddb93e4,5d70a9af-8c2b-4aec-9e68-9acc6ddb93e4,1,0,2,0,1,1,Arlington,Arlington,0.0,0,7c9ea9bb-fb9b-42be-b9dd-a8870df62f50,2021-09-03 00:00:00+00:00,Arlington,Arlington,previous_game_city
5ca6a8f5-d898-44f9-a79e-c44cc30e45b6,2021-09-05 20:00:00+00:00,2021-09-05,2021,5d70a9af-8c2b-4aec-9e68-9acc6ddb93e4,5d70a9af-8c2b-4aec-9e68-9acc6ddb93e4,5f0b5caf-708b-4300-92f2-53b51d83ec06,5f0b5caf-708b-4300-92f2-53b51d83ec06,0,0,2,0,1,1,Arlington,Arlington,0.0,0,7c9ea9bb-fb9b-42be-b9dd-a8870df62f50,2021-09-03 00:00:00+00:00,Arlington,College Park,previous_game_city
1d3133ab-cdfa-4579-8cee-05e92b67c920,2021-09-06 23:00:00+00:00,2021-09-06,2021,f073a15f-0486-4179-b0a3-dfd0294eb595,f073a15f-0486-4179-b0a3-dfd0294eb595,0699edf3-5993-4182-b9b4-ec935cbd4fcc,0699edf3-5993-4182-b9b4-ec935cbd4fcc,1,0,1,0,1,2,Indianapolis,Indianapolis,0.0,0,6b647f76-9706-445f-8728-54a4ceea09b5,2021-09-04 17:00:00+00:00,Indianapolis,Indianapolis,previous_game_city
1d3133ab-cdfa-4579-8cee-05e92b67c920,2021-09-06 23:00:00+00:00,2021-09-06,2021,0699edf3-5993-4182-b9b4-ec935cbd4fcc,0699edf3-5993-4182-b9b4-ec935cbd4fcc,f073a15f-0486-4179-b0a3-dfd0294eb595,f073a15f-0486-4179-b0a3-dfd0294eb595,0,0,1,0,1,2,Indianapolis,Indianapolis,0.0,0,6b647f76-9706-445f-8728-54a4ceea09b5,2021-09-04 17:00:00+00:00,Indianapolis,Phoenix,previous_game_city
1f7fc429-6c8a-4df0-b352-1ad56d1e558d,2021-09-08 00:00:00+00:00,2021-09-07,2021,5f0b5caf-708b-4300-92f2-53b51d83ec06,5f0b5caf-708b-4300-92f2-53b51d83ec06,a015b02d-845c-40c1-8ef4-844984f47e4d,a015b02d-845c-40c1-8ef4-844984f47e4d,1,0,1,0,1,2,Arlington,Arlington,0.0,0,5ca6a8f5-d898-44f9-a79e-c44cc30e45b6,2021-09-05 20:00:00+00:00,Arlington,Arlington,previous_game_city
1f7fc429-6c8a-4df0-b352-1ad56d1e558d,2021-09-08 00:00:00+00:00,2021-09-07,2021,a015b02d-845c-40c1-8ef4-844984f47e4d,a015b02d-845c-40c1-8ef4-844984f47e4d,5f0b5caf-708b-4300-92f2-53b51d83ec06,5f0b5caf-708b-4300-92f2-53b51d83ec06,0,0,6,0,0,1,Uncasville,Arlington,1498.5,-1,67f1b1d9-a315-487c-8c5f-ad2faa46f982,2021-08-31 23:00:00+00:00,Washington,Uncasville,home_city
216c9e4f-6d95-452e-838c-707386603daa,2021-09-08 02:00:00+00:00,2021-09-07,2021,d6a012ed-84aa-48d3-8265-2d3f3ff2199a,d6a012ed-84aa-48d3-8265-2d3f3ff2199a,5c0d47fe-8539-47b0-9f36-d0b3609ca89b,5c0d47fe-8539-47b0-9f36-d0b3609ca89b,1,0,4,0,0,1,Everett,Everett,0.0,0,657638cc-6b36-41f8-ba39-5ef73679d3ab,2021-09-03 02:00:00+00:00,Everett,Everett,home_city
216c9e4f-6d95-452e-838c-707386603daa,2021-09-08 02:00:00+00:00,2021-09-07,2021,5c0d47fe-8539-47b0-9f36-d0b3609ca89b,5c0d47fe-8539-47b0-9f36-d0b3609ca89b,d6a012ed-84aa-48d3-8265-2d3f3ff2199a,d6a012ed-84aa-48d3-8265-2d3f3ff2199a,0,0,2,0,1,2,Minneapolis,Everett,1383.5,-2,c32ce717-93b6-4d18-a32d-b83c3fa805dc,2021-09-05 00:00:00+00:00,Minneapolis,Washington,previous_game_city
717509e8-ead0-4364-9ac4-8b3b4043f2aa,2021-09-08 23:00:00+00:00,2021-09-08,2021,5d70a9af-8c2b-4aec-9e68-9acc6ddb93e4,5d70a9af-8c2b-4aec-9e68-9acc6ddb93e4,0699edf3-5993-4182-b9b4-ec935cbd4fcc,0699edf3-5993-4182-b9b4-ec935cbd4fcc,1,0,2,0,1,2,Arlington,College Park,733.7,1,5ca6a8f5-d898-44f9-a79e-c44cc30e45b6,2021-09-05 20:00:00+00:00,Arlington,College Park,previous_game_city
717509e8-ead0-4364-9ac4-8b3b4043f2aa,2021-09-08 23:00:00+00:00,2021-09-08,2021,0699edf3-5993-4182-b9b4-ec935cbd4fcc,0699edf3-5993-4182-b9b4-ec935cbd4fcc,5d70a9af-8c2b-4aec-9e68-9acc6ddb93e4,5d70a9af-8c2b-4aec-9e68-9acc6ddb93e4,0,0,1,0,2,2,Indianapolis,College Park,437.1,0,1d3133ab-cdfa-4579-8cee-05e92b67c920,2021-09-06 23:00:00+00:00,Indianapolis,Phoenix,previous_game_city
c96d16d2-6ebe-42b6-a5e9-7dd6e1bf9647,2021-09-09 01:00:00+00:00,2021-09-08,2021,171b097d-01db-4ae8-9d56-035689402ec6,FR_LVA_ACES,6f017f37-be96-4bdc-b6d3-0a0429c72e89,6f017f37-be96-4bdc-b6d3-0a0429c72e89,1,0,2,0,1,2,Chicago,Paradise,1525.6,-2,7429de98-5fc7-4132-8712-b9234dab9603,2021-09-05 19:00:00+00:00,Chicago,Paradise,previous_game_city
c96d16d2-6ebe-42b6-a5e9-7dd6e1bf9647,2021-09-09 01:00:00+00:00,2021-09-08,2021,6f017f37-be96-4bdc-b6d3-0a0429c72e89,6f017f37-be96-4bdc-b6d3-0a0429c72e89,171b097d-01db-4ae8-9d56-035689402ec6,FR_LVA_ACES,0,0,3,0,1,2,Minneapolis,Paradise,1298.0,-2,c32ce717-93b6-4d18-a32d-b83c3fa805dc,2021-09-05 00:00:00+00:00,Minneapolis,Minneapolis,previous_game_city
75fdcd78-ed4d-482a-ab29-58901f8b0ccb,2021-09-10 02:30:00+00:00,2021-09-09,2021,0a5ad38d-2fe3-43ba-894b-1ba3d5042ea9,0a5ad38d-2fe3-43ba-894b-1ba3d5042ea9,a015b02d-845c-40c1-8ef4-844984f47e4d,a015b02d-845c-40c1-8ef4-844984f47e4d,1,0,6,0,0,1,Los Angeles,Los Angeles,0.0,0,c07987c4-d9ed-4ec9-904a-acbe07efb1d1,2021-09-03 00:00:00+00:00,Minneapolis,Los Angeles,home_city
75fdcd78-ed4d-482a-ab29-58901f8b0ccb,2021-09-10 02:30:00+00:00,2021-09-09,2021,a015b02d-845c-40c1-8ef4-844984f47e4d,a015b02d-845c-40c1-8ef4-844984f47e4d,0a5ad38d-2fe3-43ba-894b-1ba3d5042ea9,0a5ad38d-2fe3-43ba-894b-1ba3d5042ea9,0,0,1,0,1,1,Arlington,Los Angeles,1222.0,-2,1f7fc429-6c8a-4df0-b352-1ad56d1e558d,2021-09-08 00:00:00+00:00,Arlington,Uncasville,previous_game_city
c6a70199-462a-49d3-aff4-92c180a66e77,2021-09-10 23:00:00+00:00,2021-09-10,2021,5c0d47fe-8539-47b0-9f36-d0b3609ca89b,5c0d47fe-8539-47b0-9f36-d0b3609ca89b,5d70a9af-8c2b-4aec-9e68-9acc6ddb93e4,5d70a9af-8c2b-4aec-9e68-9acc6ddb93e4,1,0,2,0,1,2,Everett,Washington,2319.1,3,216c9e4f-6d95-452e-838c-707386603daa,2021-09-08 02:00:00+00:00,Everett,Washington,previous_game_city
c6a70199-462a-49d3-aff4-92c180a66e77,2021-09-10 23:00:00+00:00,2021-09-10,2021,5d70a9af-8c2b-4aec-9e68-9acc6ddb93e4,5d70a9af-8c2b-4aec-9e68-9acc6ddb93e4,5c0d47fe-8539-47b0-9f36-d0b3609ca89b,5c0d47fe-8539-47b0-9f36-d0b3609ca89b,0,0,1,0,1,2,College Park,Washington,549.4,0,717509e8-ead0-4364-9ac4-8b3b4043f2aa,2021-09-08 23:00:00+00:00,College Park,College Park,previous_game_city
5a6502d5-07f7-440a-911a-7157bd8d6cd3,2021-09-11 00:00:00+00:00,2021-09-10,2021,6f017f37-be96-4bdc-b6d3-0a0429c72e89,6f017f37-be96-4bdc-b6d3-0a0429c72e89,f073a15f-0486-4179-b0a3-dfd0294eb595,f073a15f-0486-4179-b0a3-dfd0294eb595,1,0,1,0,1,2,Paradise,Minneapolis,1298.0,2,c96d16d2-6ebe-42b6-a5e9-7dd6e1bf9647,2021-09-09 01:00:00+00:00,Paradise,Minneapolis,previous_game_city
5a6502d5-07f7-440a-911a-7157bd8d6cd3,2021-09-11 00:00:00+00:00,2021-09-10,2021,f073a15f-0486-4179-b0a3-dfd0294eb595,f073a15f-0486-4179-b0a3-dfd0294eb595,6f017f37-be96-4bdc-b6d3-0a0429c72e89,6f017f37-be96-4bdc-b6d3-0a0429c72e89,0,0,3,0,1,2,Indianapolis,Minneapolis,508.9,-1,1d3133ab-cdfa-4579-8cee-05e92b67c920,2021-09-06 23:00:00+00:00,Indianapolis,Indianapolis,previous_game_city
e42a37e4-6de6-4269-84e7-39b3d12da826,2021-09-12 00:00:00+00:00,2021-09-11,2021,5f0b5caf-708b-4300-92f2-53b51d83ec06,5f0b5caf-708b-4300-92f2-53b51d83ec06,08ed8274-e29f-4248-bc2e-83cc8ed18d75,08ed8274-e29f-4248-bc2e-83cc8ed18d75,1,0,3,0,1,2,Arlington,Arlington,0.0,0,1f7fc429-6c8a-4df0-b352-1ad56d1e558d,2021-09-08 00:00:00+00:00,Arlington,Arlington,previous_game_city
e42a37e4-6de6-4269-84e7-39b3d12da826,2021-09-12 00:00:00+00:00,2021-09-11,2021,08ed8274-e29f-4248-bc2e-83cc8ed18d75,08ed8274-e29f-4248-bc2e-83cc8ed18d75,5f0b5caf-708b-4300-92f2-53b51d83ec06,5f0b5caf-708b-4300-92f2-53b51d83ec06,0,0,8,0,0,0,Brooklyn,Arlington,1388.8,-1,657638cc-6b36-41f8-ba39-5ef73679d3ab,2021-09-03 02:00:00+00:00,Everett,Brooklyn,home_city
95878a60-3381-454a-a07d-9fabe82c5d79,2021-09-12 02:00:00+00:00,2021-09-11,2021,0699edf3-5993-4182-b9b4-ec935cbd4fcc,0699edf3-5993-4182-b9b4-ec935cbd4fcc,a015b02d-845c-40c1-8ef4-844984f47e4d,a015b02d-845c-40c1-8ef4-844984f47e4d,1,0,2,0,1,3,College Park,Phoenix,1585.4,-3,717509e8-ead0-4364-9ac4-8b3b4043f2aa,2021-09-08 23:00:00+00:00,College Park,Phoenix,previous_game_city
95878a60-3381-454a-a07d-9fabe82c5d79,2021-09-12 02:00:00+00:00,2021-09-11,2021,a015b02d-845c-40c1-8ef4-844984f47e4d,a015b02d-845c-40c1-8ef4-844984f47e4d,0699edf3-5993-4182-b9b4-ec935cbd4fcc,0699edf3-5993-4182-b9b4-ec935cbd4fcc,0,0,1,0,2,2,Los Angeles,Phoenix,358.4,0,75fdcd78-ed4d-482a-ab29-58901f8b0ccb,2021-09-10 02:30:00+00:00,Los Angeles,Uncasville,previous_game_city
8ced2bbc-a7ed-48a8-bb3d-becf7274031a,2021-09-12 19:00:00+00:00,2021-09-12,2021,3c409388-ab73-4c7f-953d-3a71062240f6,3c409388-ab73-4c7f-953d-3a71062240f6,5c0d47fe-8539-47b0-9f36-d0b3609ca89b,5c0d47fe-8539-47b0-9f36-d0b3609ca89b,1,0,6,0,0,1,Chicago,Chicago,0.0,0,7429de98-5fc7-4132-8712-b9234dab9603,2021-09-05 19:00:00+00:00,Chicago,Chicago,home_city
8ced2bbc-a7ed-48a8-bb3d-becf7274031a,2021-09-12 19:00:00+00:00,2021-09-12,2021,5c0d47fe-8539-47b0-9f36-d0b3609ca89b,5c0d47fe-8539-47b0-9f36-d0b3609ca89b,3c409388-ab73-4c7f-953d-3a71062240f6,3c409388-ab73-4c7f-953d-3a71062240f6,0,0,1,0,1,2,Washington,Chicago,596.5,-1,c6a70199-462a-49d3-aff4-92c180a66e77,2021-09-10 23:00:00+00:00,Washington,Washington,previous_game_city
f725da52-12b6-4be0-8715-bc399a68fc89,2021-09-12 23:00:00+00:00,2021-09-12,2021,6f017f37-be96-4bdc-b6d3-0a0429c72e89,6f017f37-be96-4bdc-b6d3-0a0429c72e89,f073a15f-0486-4179-b0a3-dfd0294eb595,f073a15f-0486-4179-b0a3-dfd0294eb595,1,0,1,0,2,2,Minneapolis,Minneapolis,0.0,0,5a6502d5-07f7-440a-911a-7157bd8d6cd3,2021-09-11 00:00:00+00:00,Minneapolis,Minneapolis,previous_game_city
f725da52-12b6-4be0-8715-bc399a68fc89,2021-09-12 23:00:00+00:00,2021-09-12,2021,f073a15f-0486-4179-b0a3-dfd0294eb595,f073a15f-0486-4179-b0a3-dfd0294eb595,6f017f37-be96-4bdc-b6d3-0a0429c72e89,6f017f37-be96-4bdc-b6d3-0a0429c72e89,0,0,1,0,1,2,Minneapolis,Minneapolis,0.0,0,5a6502d5-07f7-440a-911a-7157bd8d6cd3,2021-09-11 00:00:00+00:00,Minneapolis,Indianapolis,previous_game_city
866f5455-1c68-47e4-aa04-8944cb1becfd,2021-09-13 01:00:00+00:00,2021-09-12,2021,0a5ad38d-2fe3-43ba-894b-1ba3d5042ea9,0a5ad38d-2fe3-43ba-894b-1ba3d5042ea9,d6a012ed-84aa-48d3-8265-2d3f3ff2199a,d6a012ed-84aa-48d3-8265-2d3f3ff2199a,1,0,2,0,1,1,Los Angeles,Los Angeles,0.0,0,75fdcd78-ed4d-482a-ab29-58901f8b0ccb,2021-09-10 02:30:00+00:00,Los Angeles,Los Angeles,previous_game_city
866f5455-1c68-47e4-aa04-8944cb1becfd,2021-09-13 01:00:00+00:00,2021-09-12,2021,d6a012ed-84aa-48d3-8265-2d3f3ff2199a,d6a012ed-84aa-48d3-8265-2d3f3ff2199a,0a5ad38d-2fe3-43ba-894b-1ba3d5042ea9,0a5ad38d-2fe3-43ba-894b-1ba3d5042ea9,0,0,4,0,0,1,Everett,Los Angeles,984.3,0,216c9e4f-6d95-452e-838c-707386603daa,2021-09-08 02:00:00+00:00,Everett,Everett,home_city
7319da0e-affb-4758-a0a5-c8a62e624ad9,2021-09-13 19:00:00+00:00,2021-09-13,2021,171b097d-01db-4ae8-9d56-035689402ec6,FR_LVA_ACES,5f0b5caf-708b-4300-92f2-53b51d83ec06,5f0b5caf-708b-4300-92f2-53b51d83ec06,1,0,4,0,0,1,Paradise,Paradise,0.0,0,c96d16d2-6ebe-42b6-a5e9-7dd6e1bf9647,2021-09-09 01:00:00+00:00,Paradise,Paradise,home_city
7319da0e-affb-4758-a0a5-c8a62e624ad9,2021-09-13 19:00:00+00:00,2021-09-13,2021,5f0b5caf-708b-4300-92f2-53b51d83ec06,5f0b5caf-708b-4300-92f2-53b51d83ec06,171b097d-01db-4ae8-9d56-035689402ec6,FR_LVA_ACES,0,0,1,0,1,2,Arlington,Paradise,1054.3,-2,e42a37e4-6de6-4269-84e7-39b3d12da826,2021-09-12 00:00:00+00:00,Arlington,Arlington,previous_game_city
cbe48f7d-fde9-4ddf-b2e9-b9c4d252c13f,2021-09-14 23:00:00+00:00,2021-09-14,2021,5d70a9af-8c2b-4aec-9e68-9acc6ddb93e4,5d70a9af-8c2b-4aec-9e68-9acc6ddb93e4,f073a15f-0486-4179-b0a3-dfd0294eb595,f073a15f-0486-4179-b0a3-dfd0294eb595,1,0,3,0,1,2,Washington,College Park,549.4,0,c6a70199-462a-49d3-aff4-92c180a66e77,2021-09-10 23:00:00+00:00,Washington,College Park,previous_game_city
cbe48f7d-fde9-4ddf-b2e9-b9c4d252c13f,2021-09-14 23:00:00+00:00,2021-09-14,2021,f073a15f-0486-4179-b0a3-dfd0294eb595,f073a15f-0486-4179-b0a3-dfd0294eb595,5d70a9af-8c2b-4aec-9e68-9acc6ddb93e4,5d70a9af-8c2b-4aec-9e68-9acc6ddb93e4,0,0,1,0,2,2,Minneapolis,College Park,912.7,1,f725da52-12b6-4be0-8715-bc399a68fc89,2021-09-12 23:00:00+00:00,Minneapolis,Indianapolis,previous_game_city
5611f77a-47f9-4799-9de8-467f3c156305,2021-09-15 23:00:00+00:00,2021-09-15,2021,a015b02d-845c-40c1-8ef4-844984f47e4d,a015b02d-845c-40c1-8ef4-844984f47e4d,08ed8274-e29f-4248-bc2e-83cc8ed18d75,08ed8274-e29f-4248-bc2e-83cc8ed18d75,1,0,3,0,1,2,Phoenix,Uncasville,2240.6,3,95878a60-3381-454a-a07d-9fabe82c5d79,2021-09-12 02:00:00+00:00,Phoenix,Uncasville,previous_game_city
5611f77a-47f9-4799-9de8-467f3c156305,2021-09-15 23:00:00+00:00,2021-09-15,2021,08ed8274-e29f-4248-bc2e-83cc8ed18d75,08ed8274-e29f-4248-bc2e-83cc8ed18d75,a015b02d-845c-40c1-8ef4-844984f47e4d,a015b02d-845c-40c1-8ef4-844984f47e4d,0,0,3,0,1,1,Arlington,Uncasville,1498.5,1,e42a37e4-6de6-4269-84e7-39b3d12da826,2021-09-12 00:00:00+00:00,Arlington,Brooklyn,previous_game_city
e12a562b-3614-4984-86fe-3920d2ec8926,2021-09-16 23:00:00+00:00,2021-09-16,2021,5d70a9af-8c2b-4aec-9e68-9acc6ddb93e4,5d70a9af-8c2b-4aec-9e68-9acc6ddb93e4,0a5ad38d-2fe3-43ba-894b-1ba3d5042ea9,0a5ad38d-2fe3-43ba-894b-1ba3d5042ea9,1,0,1,0,1,2,College Park,College Park,0.0,0,cbe48f7d-fde9-4ddf-b2e9-b9c4d252c13f,2021-09-14 23:00:00+00:00,College Park,College Park,previous_game_city
e12a562b-3614-4984-86fe-3920d2ec8926,2021-09-16 23:00:00+00:00,2021-09-16,2021,0a5ad38d-2fe3-43ba-894b-1ba3d5042ea9,0a5ad38d-2fe3-43ba-894b-1ba3d5042ea9,5d70a9af-8c2b-4aec-9e68-9acc6ddb93e4,5d70a9af-8c2b-4aec-9e68-9acc6ddb93e4,0,0,3,0,1,2,Los Angeles,College Park,1931.6,3,866f5455-1c68-47e4-aa04-8944cb1becfd,2021-09-13 01:00:00+00:00,Los Angeles,Los Angeles,previous_game_city
5ec90a86-8af3-4d78-828f-8d4157d9aaff,2021-09-17 23:00:00+00:00,2021-09-17,2021,08ed8274-e29f-4248-bc2e-83cc8ed18d75,08ed8274-e29f-4248-bc2e-83cc8ed18d75,5c0d47fe-8539-47b0-9f36-d0b3609ca89b,5c0d47fe-8539-47b0-9f36-d0b3609ca89b,1,0,1,0,1,2,Uncasville,Brooklyn,113.0,0,5611f77a-47f9-4799-9de8-467f3c156305,2021-09-15 23:00:00+00:00,Uncasville,Brooklyn,previous_game_city
5ec90a86-8af3-4d78-828f-8d4157d9aaff,2021-09-17 23:00:00+00:00,2021-09-17,2021,5c0d47fe-8539-47b0-9f36-d0b3609ca89b,5c0d47fe-8539-47b0-9f36-d0b3609ca89b,08ed8274-e29f-4248-bc2e-83cc8ed18d75,08ed8274-e29f-4248-bc2e-83cc8ed18d75,0,0,4,0,0,2,Washington,Brooklyn,204.3,0,8ced2bbc-a7ed-48a8-bb3d-becf7274031a,2021-09-12 19:00:00+00:00,Chicago,Washington,home_city
c331528c-ef4e-4071-ab7a-244876089243,2021-09-17 23:00:00+00:00,2021-09-17,2021,f073a15f-0486-4179-b0a3-dfd0294eb595,f073a15f-0486-4179-b0a3-dfd0294eb595,6f017f37-be96-4bdc-b6d3-0a0429c72e89,6f017f37-be96-4bdc-b6d3-0a0429c72e89,1,0,2,0,1,3,College Park,Indianapolis,437.1,0,cbe48f7d-fde9-4ddf-b2e9-b9c4d252c13f,2021-09-14 23:00:00+00:00,College Park,Indianapolis,previous_game_city
c331528c-ef4e-4071-ab7a-244876089243,2021-09-17 23:00:00+00:00,2021-09-17,2021,6f017f37-be96-4bdc-b6d3-0a0429c72e89,6f017f37-be96-4bdc-b6d3-0a0429c72e89,f073a15f-0486-4179-b0a3-dfd0294eb595,f073a15f-0486-4179-b0a3-dfd0294eb595,0,0,4,0,0,2,Minneapolis,Indianapolis,508.9,1,f725da52-12b6-4be0-8715-bc399a68fc89,2021-09-12 23:00:00+00:00,Minneapolis,Minneapolis,home_city
31a71261-9488-4a23-a70f-5474d4d922a2,2021-09-18 00:00:00+00:00,2021-09-17,2021,3c409388-ab73-4c7f-953d-3a71062240f6,3c409388-ab73-4c7f-953d-3a71062240f6,171b097d-01db-4ae8-9d56-035689402ec6,FR_LVA_ACES,1,0,4,0,0,1,Chicago,Chicago,0.0,0,8ced2bbc-a7ed-48a8-bb3d-becf7274031a,2021-09-12 19:00:00+00:00,Chicago,Chicago,home_city
31a71261-9488-4a23-a70f-5474d4d922a2,2021-09-18 00:00:00+00:00,2021-09-17,2021,171b097d-01db-4ae8-9d56-035689402ec6,FR_LVA_ACES,3c409388-ab73-4c7f-953d-3a71062240f6,3c409388-ab73-4c7f-953d-3a71062240f6,0,0,3,0,1,1,Paradise,Chicago,1525.6,2,7319da0e-affb-4758-a0a5-c8a62e624ad9,2021-09-13 19:00:00+00:00,Paradise,Paradise,previous_game_city
f71cf348-cda3-4f1b-88c3-39400994b5d8,2021-09-18 02:00:00+00:00,2021-09-17,2021,d6a012ed-84aa-48d3-8265-2d3f3ff2199a,d6a012ed-84aa-48d3-8265-2d3f3ff2199a,0699edf3-5993-4182-b9b4-ec935cbd4fcc,0699edf3-5993-4182-b9b4-ec935cbd4fcc,1,0,4,0,0,1,Everett,Everett,0.0,0,866f5455-1c68-47e4-aa04-8944cb1becfd,2021-09-13 01:00:00+00:00,Los Angeles,Everett,home_city
f71cf348-cda3-4f1b-88c3-39400994b5d8,2021-09-18 02:00:00+00:00,2021-09-17,2021,0699edf3-5993-4182-b9b4-ec935cbd4fcc,0699edf3-5993-4182-b9b4-ec935cbd4fcc,d6a012ed-84aa-48d3-8265-2d3f3ff2199a,d6a012ed-84aa-48d3-8265-2d3f3ff2199a,0,0,5,0,0,1,Phoenix,Everett,1133.1,0,95878a60-3381-454a-a07d-9fabe82c5d79,2021-09-12 02:00:00+00:00,Phoenix,Phoenix,home_city
3fd20eda-6929-4734-9713-7a65fefc2550,2021-09-19 17:00:00+00:00,2021-09-19,2021,a015b02d-845c-40c1-8ef4-844984f47e4d,a015b02d-845c-40c1-8ef4-844984f47e4d,5d70a9af-8c2b-4aec-9e68-9acc6ddb93e4,5d70a9af-8c2b-4aec-9e68-9acc6ddb93e4,1,0,3,0,1,1,Uncasville,Uncasville,0.0,0,5611f77a-47f9-4799-9de8-467f3c156305,2021-09-15 23:00:00+00:00,Uncasville,Uncasville,previous_game_city
3fd20eda-6929-4734-9713-7a65fefc2550,2021-09-19 17:00:00+00:00,2021-09-19,2021,5d70a9af-8c2b-4aec-9e68-9acc6ddb93e4,5d70a9af-8c2b-4aec-9e68-9acc6ddb93e4,a015b02d-845c-40c1-8ef4-844984f47e4d,a015b02d-845c-40c1-8ef4-844984f47e4d,0,0,2,0,1,2,College Park,Uncasville,866.0,0,e12a562b-3614-4984-86fe-3920d2ec8926,2021-09-16 23:00:00+00:00,College Park,College Park,previous_game_city
bd18f03b-fb4c-47dc-8323-1ce88271f867,2021-09-19 19:00:00+00:00,2021-09-19,2021,0699edf3-5993-4182-b9b4-ec935cbd4fcc,0699edf3-5993-4182-b9b4-ec935cbd4fcc,171b097d-01db-4ae8-9d56-035689402ec6,FR_LVA_ACES,1,0,1,0,1,1,Everett,Phoenix,1133.4,0,f71cf348-cda3-4f1b-88c3-39400994b5d8,2021-09-18 02:00:00+00:00,Everett,Phoenix,previous_game_city
bd18f03b-fb4c-47dc-8323-1ce88271f867,2021-09-19 19:00:00+00:00,2021-09-19,2021,171b097d-01db-4ae8-9d56-035689402ec6,FR_LVA_ACES,0699edf3-5993-4182-b9b4-ec935cbd4fcc,0699edf3-5993-4182-b9b4-ec935cbd4fcc,0,0,1,0,1,2,Chicago,Phoenix,1451.7,-2,31a71261-9488-4a23-a70f-5474d4d922a2,2021-09-18 00:00:00+00:00,Chicago,Paradise,previous_game_city
e8c389c8-4ca3-4822-a850-3c59874eb70a,2021-09-19 19:00:00+00:00,2021-09-19,2021,5c0d47fe-8539-47b0-9f36-d0b3609ca89b,5c0d47fe-8539-47b0-9f36-d0b3609ca89b,6f017f37-be96-4bdc-b6d3-0a0429c72e89,6f017f37-be96-4bdc-b6d3-0a0429c72e89,1,0,1,0,1,2,Brooklyn,Washington,204.3,0,5ec90a86-8af3-4d78-828f-8d4157d9aaff,2021-09-17 23:00:00+00:00,Brooklyn,Washington,previous_game_city
e8c389c8-4ca3-4822-a850-3c59874eb70a,2021-09-19 19:00:00+00:00,2021-09-19,2021,6f017f37-be96-4bdc-b6d3-0a0429c72e89,6f017f37-be96-4bdc-b6d3-0a0429c72e89,5c0d47fe-8539-47b0-9f36-d0b3609ca89b,5c0d47fe-8539-47b0-9f36-d0b3609ca89b,0,0,1,0,1,2,Indianapolis,Washington,493.2,0,c331528c-ef4e-4071-ab7a-244876089243,2021-09-17 23:00:00+00:00,Indianapolis,Minneapolis,previous_game_city
9dcb81ee-65c1-4619-bd37-a8fe95e901ee,2021-09-19 21:00:00+00:00,2021-09-19,2021,5f0b5caf-708b-4300-92f2-53b51d83ec06,5f0b5caf-708b-4300-92f2-53b51d83ec06,0a5ad38d-2fe3-43ba-894b-1ba3d5042ea9,0a5ad38d-2fe3-43ba-894b-1ba3d5042ea9,1,0,5,0,0,1,Arlington,Arlington,0.0,0,7319da0e-affb-4758-a0a5-c8a62e624ad9,2021-09-13 19:00:00+00:00,Paradise,Arlington,home_city
9dcb81ee-65c1-4619-bd37-a8fe95e901ee,2021-09-19 21:00:00+00:00,2021-09-19,2021,0a5ad38d-2fe3-43ba-894b-1ba3d5042ea9,0a5ad38d-2fe3-43ba-894b-1ba3d5042ea9,5f0b5caf-708b-4300-92f2-53b51d83ec06,5f0b5caf-708b-4300-92f2-53b51d83ec06,0,0,2,0,1,2,College Park,Arlington,733.7,-1,e12a562b-3614-4984-86fe-3920d2ec8926,2021-09-16 23:00:00+00:00,College Park,Los Angeles,previous_game_city
8c3e2280-0bde-4ff4-9c24-4c056386260b,2021-09-19 22:00:00+00:00,2021-09-19,2021,3c409388-ab73-4c7f-953d-3a71062240f6,3c409388-ab73-4c7f-953d-3a71062240f6,f073a15f-0486-4179-b0a3-dfd0294eb595,f073a15f-0486-4179-b0a3-dfd0294eb595,1,0,1,0,1,2,Chicago,Chicago,0.0,0,31a71261-9488-4a23-a70f-5474d4d922a2,2021-09-18 00:00:00+00:00,Chicago,Chicago,previous_game_city
8c3e2280-0bde-4ff4-9c24-4c056386260b,2021-09-19 22:00:00+00:00,2021-09-19,2021,f073a15f-0486-4179-b0a3-dfd0294eb595,f073a15f-0486-4179-b0a3-dfd0294eb595,3c409388-ab73-4c7f-953d-3a71062240f6,3c409388-ab73-4c7f-953d-3a71062240f6,0,0,1,0,1,3,Indianapolis,Chicago,160.0,-1,c331528c-ef4e-4071-ab7a-244876089243,2021-09-17 23:00:00+00:00,Indianapolis,Indianapolis,previous_game_city
1f08aa74-b4b1-4438-b1b3-d504f989919c,2021-09-24 00:00:00+00:00,2021-09-23,2021,3c409388-ab73-4c7f-953d-3a71062240f6,3c409388-ab73-4c7f-953d-3a71062240f6,5f0b5caf-708b-4300-92f2-53b51d83ec06,5f0b5caf-708b-4300-92f2-53b51d83ec06,1,1,3,0,1,2,Chicago,Chicago,0.0,0,8c3e2280-0bde-4ff4-9c24-4c056386260b,2021-09-19 22:00:00+00:00,Chicago,Chicago,previous_game_city
1f08aa74-b4b1-4438-b1b3-d504f989919c,2021-09-24 00:00:00+00:00,2021-09-23,2021,5f0b5caf-708b-4300-92f2-53b51d83ec06,5f0b5caf-708b-4300-92f2-53b51d83ec06,3c409388-ab73-4c7f-953d-3a71062240f6,3c409388-ab73-4c7f-953d-3a71062240f6,0,1,3,0,1,1,Arlington,Chicago,817.0,0,9dcb81ee-65c1-4619-bd37-a8fe95e901ee,2021-09-19 21:00:00+00:00,Arlington,Arlington,previous_game_city
0520f21c-a56a-41c5-90b5-ad94199820a3,2021-09-24 02:00:00+00:00,2021-09-23,2021,0699edf3-5993-4182-b9b4-ec935cbd4fcc,0699edf3-5993-4182-b9b4-ec935cbd4fcc,08ed8274-e29f-4248-bc2e-83cc8ed18d75,08ed8274-e29f-4248-bc2e-83cc8ed18d75,1,1,3,0,1,2,Phoenix,Phoenix,5.5,0,bd18f03b-fb4c-47dc-8323-1ce88271f867,2021-09-19 19:00:00+00:00,Phoenix,Phoenix,previous_game_city
0520f21c-a56a-41c5-90b5-ad94199820a3,2021-09-24 02:00:00+00:00,2021-09-23,2021,08ed8274-e29f-4248-bc2e-83cc8ed18d75,08ed8274-e29f-4248-bc2e-83cc8ed18d75,0699edf3-5993-4182-b9b4-ec935cbd4fcc,0699edf3-5993-4182-b9b4-ec935cbd4fcc,0,1,5,0,0,1,Brooklyn,Phoenix,2142.5,-3,5ec90a86-8af3-4d78-828f-8d4157d9aaff,2021-09-17 23:00:00+00:00,Brooklyn,Brooklyn,home_city
5d1442f6-80ec-4fbc-81c1-ca819121c540,2021-09-26 19:00:00+00:00,2021-09-26,2021,d6a012ed-84aa-48d3-8265-2d3f3ff2199a,d6a012ed-84aa-48d3-8265-2d3f3ff2199a,0699edf3-5993-4182-b9b4-ec935cbd4fcc,0699edf3-5993-4182-b9b4-ec935cbd4fcc,1,1,8,0,0,0,Everett,Everett,0.0,0,f71cf348-cda3-4f1b-88c3-39400994b5d8,2021-09-18 02:00:00+00:00,Everett,Everett,home_city
5d1442f6-80ec-4fbc-81c1-ca819121c540,2021-09-26 19:00:00+00:00,2021-09-26,2021,0699edf3-5993-4182-b9b4-ec935cbd4fcc,0699edf3-5993-4182-b9b4-ec935cbd4fcc,d6a012ed-84aa-48d3-8265-2d3f3ff2199a,d6a012ed-84aa-48d3-8265-2d3f3ff2199a,0,1,2,0,1,2,Phoenix,Everett,1128.0,0,0520f21c-a56a-41c5-90b5-ad94199820a3,2021-09-24 02:00:00+00:00,Phoenix,Phoenix,previous_game_city
ce785bd5-2ae9-4d91-b52d-88223d6fa344,2021-09-26 21:00:00+00:00,2021-09-26,2021,6f017f37-be96-4bdc-b6d3-0a0429c72e89,6f017f37-be96-4bdc-b6d3-0a0429c72e89,3c409388-ab73-4c7f-953d-3a71062240f6,3c409388-ab73-4c7f-953d-3a71062240f6,1,1,6,0,0,1,Minneapolis,Minneapolis,0.0,0,e8c389c8-4ca3-4822-a850-3c59874eb70a,2021-09-19 19:00:00+00:00,Washington,Minneapolis,home_city
ce785bd5-2ae9-4d91-b52d-88223d6fa344,2021-09-26 21:00:00+00:00,2021-09-26,2021,3c409388-ab73-4c7f-953d-3a71062240f6,3c409388-ab73-4c7f-953d-3a71062240f6,6f017f37-be96-4bdc-b6d3-0a0429c72e89,6f017f37-be96-4bdc-b6d3-0a0429c72e89,0,1,2,0,1,2,Chicago,Minneapolis,356.5,0,1f08aa74-b4b1-4438-b1b3-d504f989919c,2021-09-24 00:00:00+00:00,Chicago,Chicago,previous_game_city
8db777f3-d932-4107-9d87-0ab4e4fca5cb,2021-09-29 00:00:00+00:00,2021-09-28,2021,a015b02d-845c-40c1-8ef4-844984f47e4d,a015b02d-845c-40c1-8ef4-844984f47e4d,3c409388-ab73-4c7f-953d-3a71062240f6,3c409388-ab73-4c7f-953d-3a71062240f6,1,1,8,0,0,0,Uncasville,Uncasville,0.0,0,3fd20eda-6929-4734-9713-7a65fefc2550,2021-09-19 17:00:00+00:00,Uncasville,Uncasville,home_city
8db777f3-d932-4107-9d87-0ab4e4fca5cb,2021-09-29 00:00:00+00:00,2021-09-28,2021,3c409388-ab73-4c7f-953d-3a71062240f6,3c409388-ab73-4c7f-953d-3a71062240f6,a015b02d-845c-40c1-8ef4-844984f47e4d,a015b02d-845c-40c1-8ef4-844984f47e4d,0,1,1,0,1,2,Minneapolis,Uncasville,1090.0,1,ce785bd5-2ae9-4d91-b52d-88223d6fa344,2021-09-26 21:00:00+00:00,Minneapolis,Chicago,previous_game_city
96fb24dd-36db-40f2-9879-71585430c94f,2021-09-29 02:00:00+00:00,2021-09-28,2021,171b097d-01db-4ae8-9d56-035689402ec6,FR_LVA_ACES,0699edf3-5993-4182-b9b4-ec935cbd4fcc,0699edf3-5993-4182-b9b4-ec935cbd4fcc,1,1,8,0,0,0,Paradise,Paradise,0.0,0,bd18f03b-fb4c-47dc-8323-1ce88271f867,2021-09-19 19:00:00+00:00,Phoenix,Paradise,home_city
96fb24dd-36db-40f2-9879-71585430c94f,2021-09-29 02:00:00+00:00,2021-09-28,2021,0699edf3-5993-4182-b9b4-ec935cbd4fcc,0699edf3-5993-4182-b9b4-ec935cbd4fcc,171b097d-01db-4ae8-9d56-035689402ec6,FR_LVA_ACES,0,1,1,0,1,2,Everett,Paradise,896.1,0,5d1442f6-80ec-4fbc-81c1-ca819121c540,2021-09-26 19:00:00+00:00,Everett,Phoenix,previous_game_city
7ffe48f7-1f94-45fa-aabf-ec43acc8c735,2021-10-01 00:00:00+00:00,2021-09-30,2021,a015b02d-845c-40c1-8ef4-844984f47e4d,a015b02d-845c-40c1-8ef4-844984f47e4d,3c409388-ab73-4c7f-953d-3a71062240f6,3c409388-ab73-4c7f-953d-3a71062240f6,1,1,1,0,1,1,Uncasville,Uncasville,0.0,0,8db777f3-d932-4107-9d87-0ab4e4fca5cb,2021-09-29 00:00:00+00:00,Uncasville,Uncasville,previous_game_city
7ffe48f7-1f94-45fa-aabf-ec43acc8c735,2021-10-01 00:00:00+00:00,2021-09-30,2021,3c409388-ab73-4c7f-953d-3a71062240f6,3c409388-ab73-4c7f-953d-3a71062240f6,a015b02d-845c-40c1-8ef4-844984f47e4d,a015b02d-845c-40c1-8ef4-844984f47e4d,0,1,1,0,2,3,Uncasville,Uncasville,0.0,0,8db777f3-d932-4107-9d87-0ab4e4fca5cb,2021-09-29 00:00:00+00:00,Uncasville,Chicago,previous_game_city
82d86a4f-0b8c-4a52-a597-26dff13ac1ac,2021-10-01 02:00:00+00:00,2021-09-30,2021,171b097d-01db-4ae8-9d56-035689402ec6,FR_LVA_ACES,0699edf3-5993-4182-b9b4-ec935cbd4fcc,0699edf3-5993-4182-b9b4-ec935cbd4fcc,1,1,1,0,1,1,Paradise,Paradise,0.0,0,96fb24dd-36db-40f2-9879-71585430c94f,2021-09-29 02:00:00+00:00,Paradise,Paradise,previous_game_city
82d86a4f-0b8c-4a52-a597-26dff13ac1ac,2021-10-01 02:00:00+00:00,2021-09-30,2021,0699edf3-5993-4182-b9b4-ec935cbd4fcc,0699edf3-5993-4182-b9b4-ec935cbd4fcc,171b097d-01db-4ae8-9d56-035689402ec6,FR_LVA_ACES,0,1,1,0,2,3,Paradise,Paradise,0.0,0,96fb24dd-36db-40f2-9879-71585430c94f,2021-09-29 02:00:00+00:00,Paradise,Phoenix,previous_game_city
19583dc5-82db-4df3-8dc0-19f545fb7eec,2021-10-03 17:00:00+00:00,2021-10-03,2021,3c409388-ab73-4c7f-953d-3a71062240f6,3c409388-ab73-4c7f-953d-3a71062240f6,a015b02d-845c-40c1-8ef4-844984f47e4d,a015b02d-845c-40c1-8ef4-844984f47e4d,1,1,2,0,1,3,Uncasville,Chicago,800.9,-1,7ffe48f7-1f94-45fa-aabf-ec43acc8c735,2021-10-01 00:00:00+00:00,Uncasville,Chicago,previous_game_city
19583dc5-82db-4df3-8dc0-19f545fb7eec,2021-10-03 17:00:00+00:00,2021-10-03,2021,a015b02d-845c-40c1-8ef4-844984f47e4d,a015b02d-845c-40c1-8ef4-844984f47e4d,3c409388-ab73-4c7f-953d-3a71062240f6,3c409388-ab73-4c7f-953d-3a71062240f6,0,1,2,0,1,2,Uncasville,Chicago,800.9,-1,7ffe48f7-1f94-45fa-aabf-ec43acc8c735,2021-10-01 00:00:00+00:00,Uncasville,Uncasville,previous_game_city
d8efbcb9-e7df-4956-9902-d96cee1df863,2021-10-03 19:00:00+00:00,2021-10-03,2021,0699edf3-5993-4182-b9b4-ec935cbd4fcc,0699edf3-5993-4182-b9b4-ec935cbd4fcc,171b097d-01db-4ae8-9d56-035689402ec6,FR_LVA_ACES,1,1,2,0,1,3,Paradise,Phoenix,253.9,0,82d86a4f-0b8c-4a52-a597-26dff13ac1ac,2021-10-01 02:00:00+00:00,Paradise,Phoenix,previous_game_city
d8efbcb9-e7df-4956-9902-d96cee1df863,2021-10-03 19:00:00+00:00,2021-10-03,2021,171b097d-01db-4ae8-9d56-035689402ec6,FR_LVA_ACES,0699edf3-5993-4182-b9b4-ec935cbd4fcc,0699edf3-5993-4182-b9b4-ec935cbd4fcc,0,1,2,0,1,2,Paradise,Phoenix,253.9,0,82d86a4f-0b8c-4a52-a597-26dff13ac1ac,2021-10-01 02:00:00+00:00,Paradise,Paradise,previous_game_city
2dbd8cf1-1a09-49bb-b547-87970db22f6f,2021-10-07 00:00:00+00:00,2021-10-06,2021,3c409388-ab73-4c7f-953d-3a71062240f6,3c409388-ab73-4c7f-953d-3a71062240f6,a015b02d-845c-40c1-8ef4-844984f47e4d,a015b02d-845c-40c1-8ef4-844984f47e4d,1,1,2,0,1,2,Chicago,Chicago,0.0,0,19583dc5-82db-4df3-8dc0-19f545fb7eec,2021-10-03 17:00:00+00:00,Chicago,Chicago,previous_game_city
2dbd8cf1-1a09-49bb-b547-87970db22f6f,2021-10-07 00:00:00+00:00,2021-10-06,2021,a015b02d-845c-40c1-8ef4-844984f47e4d,a015b02d-845c-40c1-8ef4-844984f47e4d,3c409388-ab73-4c7f-953d-3a71062240f6,3c409388-ab73-4c7f-953d-3a71062240f6,0,1,2,0,1,2,Chicago,Chicago,0.0,0,19583dc5-82db-4df3-8dc0-19f545fb7eec,2021-10-03 17:00:00+00:00,Chicago,Uncasville,previous_game_city
acf50873-6bde-479d-9331-ef57ce044938,2021-10-07 02:00:00+00:00,2021-10-06,2021,0699edf3-5993-4182-b9b4-ec935cbd4fcc,0699edf3-5993-4182-b9b4-ec935cbd4fcc,171b097d-01db-4ae8-9d56-035689402ec6,FR_LVA_ACES,1,1,2,0,1,2,Phoenix,Phoenix,0.0,0,d8efbcb9-e7df-4956-9902-d96cee1df863,2021-10-03 19:00:00+00:00,Phoenix,Phoenix,previous_game_city
acf50873-6bde-479d-9331-ef57ce044938,2021-10-07 02:00:00+00:00,2021-10-06,2021,171b097d-01db-4ae8-9d56-035689402ec6,FR_LVA_ACES,0699edf3-5993-4182-b9b4-ec935cbd4fcc,0699edf3-5993-4182-b9b4-ec935cbd4fcc,0,1,2,0,1,2,Phoenix,Phoenix,0.0,0,d8efbcb9-e7df-4956-9902-d96cee1df863,2021-10-03 19:00:00+00:00,Phoenix,Paradise,previous_game_city
ef6e2144-d45e-4ca9-ad22-4f755f028ed7,2021-10-09 01:00:00+00:00,2021-10-08,2021,171b097d-01db-4ae8-9d56-035689402ec6,FR_LVA_ACES,0699edf3-5993-4182-b9b4-ec935cbd4fcc,0699edf3-5993-4182-b9b4-ec935cbd4fcc,1,1,1,0,1,2,Phoenix,Paradise,253.9,0,acf50873-6bde-479d-9331-ef57ce044938,2021-10-07 02:00:00+00:00,Phoenix,Paradise,previous_game_city
ef6e2144-d45e-4ca9-ad22-4f755f028ed7,2021-10-09 01:00:00+00:00,2021-10-08,2021,0699edf3-5993-4182-b9b4-ec935cbd4fcc,0699edf3-5993-4182-b9b4-ec935cbd4fcc,171b097d-01db-4ae8-9d56-035689402ec6,FR_LVA_ACES,0,1,1,0,1,2,Phoenix,Paradise,253.9,0,acf50873-6bde-479d-9331-ef57ce044938,2021-10-07 02:00:00+00:00,Phoenix,Phoenix,previous_game_city
3a406982-f5cd-4f0f-9355-d7ef3b94a8cd,2021-10-10 19:00:00+00:00,2021-10-10,2021,0699edf3-5993-4182-b9b4-ec935cbd4fcc,0699edf3-5993-4182-b9b4-ec935cbd4fcc,3c409388-ab73-4c7f-953d-3a71062240f6,3c409388-ab73-4c7f-953d-3a71062240f6,1,1,1,0,2,3,Paradise,Phoenix,253.9,0,ef6e2144-d45e-4ca9-ad22-4f755f028ed7,2021-10-09 01:00:00+00:00,Paradise,Phoenix,previous_game_city
3a406982-f5cd-4f0f-9355-d7ef3b94a8cd,2021-10-10 19:00:00+00:00,2021-10-10,2021,3c409388-ab73-4c7f-953d-3a71062240f6,3c409388-ab73-4c7f-953d-3a71062240f6,0699edf3-5993-4182-b9b4-ec935cbd4fcc,0699edf3-5993-4182-b9b4-ec935cbd4fcc,0,1,3,0,1,2,Chicago,Phoenix,1451.7,-2,2dbd8cf1-1a09-49bb-b547-87970db22f6f,2021-10-07 00:00:00+00:00,Chicago,Chicago,previous_game_city
458f5ba6-bd46-4788-b9bd-3355ab7489ce,2021-10-14 01:00:00+00:00,2021-10-13,2021,0699edf3-5993-4182-b9b4-ec935cbd4fcc,0699edf3-5993-4182-b9b4-ec935cbd4fcc,3c409388-ab73-4c7f-953d-3a71062240f6,3c409388-ab73-4c7f-953d-3a71062240f6,1,1,2,0,1,3,Phoenix,Phoenix,0.0,0,3a406982-f5cd-4f0f-9355-d7ef3b94a8cd,2021-10-10 19:00:00+00:00,Phoenix,Phoenix,previous_game_city
458f5ba6-bd46-4788-b9bd-3355ab7489ce,2021-10-14 01:00:00+00:00,2021-10-13,2021,3c409388-ab73-4c7f-953d-3a71062240f6,3c409388-ab73-4c7f-953d-3a71062240f6,0699edf3-5993-4182-b9b4-ec935cbd4fcc,0699edf3-5993-4182-b9b4-ec935cbd4fcc,0,1,2,0,1,2,Phoenix,Phoenix,0.0,0,3a406982-f5cd-4f0f-9355-d7ef3b94a8cd,2021-10-10 19:00:00+00:00,Phoenix,Chicago,previous_game_city
c1c0c3c1-93cc-45d9-ad27-08a2659c1afb,2021-10-16 01:00:00+00:00,2021-10-15,2021,3c409388-ab73-4c7f-953d-3a71062240f6,3c409388-ab73-4c7f-953d-3a71062240f6,0699edf3-5993-4182-b9b4-ec935cbd4fcc,0699edf3-5993-4182-b9b4-ec935cbd4fcc,1,1,1,0,1,2,Phoenix,Chicago,1451.7,2,458f5ba6-bd46-4788-b9bd-3355ab7489ce,2021-10-14 01:00:00+00:00,Phoenix,Chicago,previous_game_city
c1c0c3c1-93cc-45d9-ad27-08a2659c1afb,2021-10-16 01:00:00+00:00,2021-10-15,2021,0699edf3-5993-4182-b9b4-ec935cbd4fcc,0699edf3-5993-4182-b9b4-ec935cbd4fcc,3c409388-ab73-4c7f-953d-3a71062240f6,3c409388-ab73-4c7f-953d-3a71062240f6,0,1,1,0,1,3,Phoenix,Chicago,1451.7,2,458f5ba6-bd46-4788-b9bd-3355ab7489ce,2021-10-14 01:00:00+00:00,Phoenix,Phoenix,previous_game_city
27808273-a3d8-41f0-af82-8d5d9ff7b541,2021-10-17 19:00:00+00:00,2021-10-17,2021,3c409388-ab73-4c7f-953d-3a71062240f6,3c409388-ab73-4c7f-953d-3a71062240f6,0699edf3-5993-4182-b9b4-ec935cbd4fcc,0699edf3-5993-4182-b9b4-ec935cbd4fcc,1,1,1,0,2,3,Chicago,Chicago,0.0,0,c1c0c3c1-93cc-45d9-ad27-08a2659c1afb,2021-10-16 01:00:00+00:00,Chicago,Chicago,previous_game_city
27808273-a3d8-41f0-af82-8d5d9ff7b541,2021-10-17 19:00:00+00:00,2021-10-17,2021,0699edf3-5993-4182-b9b4-ec935cbd4fcc,0699edf3-5993-4182-b9b4-ec935cbd4fcc,3c409388-ab73-4c7f-953d-3a71062240f6,3c409388-ab73-4c7f-953d-3a71062240f6,0,1,1,0,2,3,Chicago,Chicago,0.0,0,c1c0c3c1-93cc-45d9-ad27-08a2659c1afb,2021-10-16 01:00:00+00:00,Chicago,Phoenix,previous_game_city
