game_id,game_ts,game_date,season,team_id,franchise_id,opponent_team_id,opponent_franchise_id,is_home,is_playoff,days_rest_pre,is_b2b_pre,games_last_4_days_pre,games_last_7_days_pre,origin_city_pre,current_city_pre,travel_miles_pre,timezone_shift_hours_pre,previous_game_id,previous_game_ts,previous_game_city,home_city,origin_rule_used
127815af-ec83-4409-b0c3-4140a357a60c,2025-05-16 23:30:00+00:00,2025-05-16,2025,5c0d47fe-8539-47b0-9f36-d0b3609ca89b,5c0d47fe-8539-47b0-9f36-d0b3609ca89b,5d70a9af-8c2b-4aec-9e68-9acc6ddb93e4,5d70a9af-8c2b-4aec-9e68-9acc6ddb93e4,1,0,0,1,0,0,Washington,Washington,0.0,0,,,,Washington,home_city
127815af-ec83-4409-b0c3-4140a357a60c,2025-05-16 23:30:00+00:00,2025-05-16,2025,5d70a9af-8c2b-4aec-9e68-9acc6ddb93e4,5d70a9af-8c2b-4aec-9e68-9acc6ddb93e4,5c0d47fe-8539-47b0-9f36-d0b3609ca89b,5c0d47fe-8539-47b0-9f36-d0b3609ca89b,0,0,0,1,0,0,College Park,Washington,549.4,0,,,,College Park,home_city
7bbb5b8b-7d33-4ca4-9478-a4732d10c367,2025-05-16 23:30:00+00:00,2025-05-16,2025,5f0b5caf-708b-4300-92f2-53b51d83ec06,5f0b5caf-708b-4300-92f2-53b51d83ec06,6f017f37-be96-4bdc-b6d3-0a0429c72e89,6f017f37-be96-4bdc-b6d3-0a0429c72e89,1,0,0,1,0,0,Arlington,Arlington,0.0,0,,,,Arlington,home_city
7bbb5b8b-7d33-4ca4-9478-a4732d10c367,2025-05-16 23:30:00+00:00,2025-05-16,2025,6f017f37-be96-4bdc-b6d3-0a0429c72e89,6f017f37-be96-4bdc-b6d3-0a0429c72e89,5f0b5caf-708b-4300-92f2-53b51d83ec06,5f0b5caf-708b-4300-92f2-53b51d83ec06,0,0,0,1,0,0,Minneapolis,Arlington,870.8,0,,,,Minneapolis,home_city
293a4a3d-3699-4cd3-b085-0dc0e8c56188,2025-05-17 02:00:00+00:00,2025-05-16,2025,4f57ec40-0d35-4b59-bea0-9d040f0d2292,4f57ec40-0d35-4b59-bea0-9d040f0d2292,0a5ad38d-2fe3-43ba-894b-1ba3d5042ea9,0a5ad38d-2fe3-43ba-894b-1ba3d5042ea9,1,0,0,1,0,0,San Francisco,San Francisco,0.0,0,,,,San Francisco,home_city
293a4a3d-3699-4cd3-b085-0dc0e8c56188,2025-05-17 02:00:00+00:00,2025-05-16,2025,0a5ad38d-2fe3-43ba-894b-1ba3d5042ea9,0a5ad38d-2fe3-43ba-894b-1ba3d5042ea9,4f57ec40-0d35-4b59-bea0-9d040f0d2292,4f57ec40-0d35-4b59-bea0-9d040f0d2292,0,0,0,1,0,0,Los Angeles,San Francisco,345.5,0,,,,Los Angeles,home_city
8e354cb1-e600-4ccd-aec8-3b9daa7dd2ca,2025-05-17 17:00:00+00:00,2025-05-17,2025,08ed8274-e29f-4248-bc2e-83cc8ed18d75,08ed8274-e29f-4248-bc2e-83cc8ed18d75,171b097d-01db-4ae8-9d56-035689402ec6,FR_LVA_ACES,1,0,0,1,0,0,Brooklyn,Brooklyn,0.0,0,,,,Brooklyn,home_city
8e354cb1-e600-4ccd-aec8-3b9daa7dd2ca,2025-05-17 17:00:00+00:00,2025-05-17,2025,171b097d-01db-4ae8-9d56-035689402ec6,FR_LVA_ACES,08ed8274-e29f-4248-bc2e-83cc8ed18d75,08ed8274-e29f-4248-bc2e-83cc8ed18d75,0,0,0,1,0,0,Paradise,Brooklyn,2233.4,3,,,,Paradise,home_city
edfb1305-dc50-48e3-9ea5-c3e16ace9489,2025-05-17 19:00:00+00:00,2025-05-17,2025,f073a15f-0486-4179-b0a3-dfd0294eb595,f073a15f-0486-4179-b0a3-dfd0294eb595,3c409388-ab73-4c7f-953d-3a71062240f6,3c409388-ab73-4c7f-953d-3a71062240f6,1,0,0,1,0,0,Indianapolis,Indianapolis,0.0,0,,,,Indianapolis,home_city
edfb1305-dc50-48e3-9ea5-c3e16ace9489,2025-05-17 19:00:00+00:00,2025-05-17,2025,3c409388-ab73-4c7f-953d-3a71062240f6,3c409388-ab73-4c7f-953d-3a71062240f6,f073a15f-0486-4179-b0a3-dfd0294eb595,f073a15f-0486-4179-b0a3-dfd0294eb595,0,0,0,1,0,0,Chicago,Indianapolis,163.7,1,,,,Chicago,home_city
d307de7c-b2bc-42a3-b338-4205f3918f7c,2025-05-18 02:00:00+00:00,2025-05-17,2025,0699edf3-5993-4182-b9b4-ec935cbd4fcc,0699edf3-5993-4182-b9b4-ec935cbd4fcc,d6a012ed-84aa-48d3-8265-2d3f3ff2199a,d6a012ed-84aa-48d3-8265-2d3f3ff2199a,1,0,0,1,0,0,Phoenix,Phoenix,0.0,0,,,,Phoenix,home_city
d307de7c-b2bc-42a3-b338-4205f3918f7c,2025-05-18 02:00:00+00:00,2025-05-17,2025,d6a012ed-84aa-48d3-8265-2d3f3ff2199a,d6a012ed-84aa-48d3-8265-2d3f3ff2199a,0699edf3-5993-4182-b9b4-ec935cbd4fcc,0699edf3-5993-4182-b9b4-ec935cbd4fcc,0,0,0,1,0,0,Seattle,Phoenix,1116.2,0,,,,Seattle,home_city
37b8b67b-ceb5-4918-aa27-3d495a19e646,2025-05-18 17:00:00+00:00,2025-05-18,2025,a015b02d-845c-40c1-8ef4-844984f47e4d,a015b02d-845c-40c1-8ef4-844984f47e4d,5c0d47fe-8539-47b0-9f36-d0b3609ca89b,5c0d47fe-8539-47b0-9f36-d0b3609ca89b,1,0,0,1,0,0,Uncasville,Uncasville,0.0,0,,,,Uncasville,home_city
37b8b67b-ceb5-4918-aa27-3d495a19e646,2025-05-18 17:00:00+00:00,2025-05-18,2025,5c0d47fe-8539-47b0-9f36-d0b3609ca89b,5c0d47fe-8539-47b0-9f36-d0b3609ca89b,a015b02d-845c-40c1-8ef4-844984f47e4d,a015b02d-845c-40c1-8ef4-844984f47e4d,0,0,1,0,1,1,Washington,Uncasville,316.7,0,127815af-ec83-4409-b0c3-4140a357a60c,2025-05-16 23:30:00+00:00,Washington,Washington,previous_game_city
b47a1788-78ca-4559-b220-121d3fa3ac55,2025-05-18 22:00:00+00:00,2025-05-18,2025,0a5ad38d-2fe3-43ba-894b-1ba3d5042ea9,0a5ad38d-2fe3-43ba-894b-1ba3d5042ea9,6f017f37-be96-4bdc-b6d3-0a0429c72e89,6f017f37-be96-4bdc-b6d3-0a0429c72e89,1,0,1,0,1,1,San Francisco,Los Angeles,345.5,0,293a4a3d-3699-4cd3-b085-0dc0e8c56188,2025-05-17 02:00:00+00:00,San Francisco,Los Angeles,previous_game_city
b47a1788-78ca-4559-b220-121d3fa3ac55,2025-05-18 22:00:00+00:00,2025-05-18,2025,6f017f37-be96-4bdc-b6d3-0a0429c72e89,6f017f37-be96-4bdc-b6d3-0a0429c72e89,0a5ad38d-2fe3-43ba-894b-1ba3d5042ea9,0a5ad38d-2fe3-43ba-894b-1ba3d5042ea9,0,0,1,0,1,1,Arlington,Los Angeles,1221.9,-2,7bbb5b8b-7d33-4ca4-9478-a4732d10c367,2025-05-16 23:30:00+00:00,Arlington,Minneapolis,previous_game_city
a179dea9-a4d1-42c2-85df-3eb6260b4ef5,2025-05-20 00:00:00+00:00,2025-05-19,2025,5f0b5caf-708b-4300-92f2-53b51d83ec06,5f0b5caf-708b-4300-92f2-53b51d83ec06,d6a012ed-84aa-48d3-8265-2d3f3ff2199a,d6a012ed-84aa-48d3-8265-2d3f3ff2199a,1,0,2,0,1,1,Arlington,Arlington,0.0,0,7bbb5b8b-7d33-4ca4-9478-a4732d10c367,2025-05-16 23:30:00+00:00,Arlington,Arlington,previous_game_city
a179dea9-a4d1-42c2-85df-3eb6260b4ef5,2025-05-20 00:00:00+00:00,2025-05-19,2025,d6a012ed-84aa-48d3-8265-2d3f3ff2199a,d6a012ed-84aa-48d3-8265-2d3f3ff2199a,5f0b5caf-708b-4300-92f2-53b51d83ec06,5f0b5caf-708b-4300-92f2-53b51d83ec06,0,0,1,0,1,1,Phoenix,Arlington,866.9,2,d307de7c-b2bc-42a3-b338-4205f3918f7c,2025-05-18 02:00:00+00:00,Phoenix,Seattle,previous_game_city
bfcf9c89-536d-4dd3-9082-a3b67bd48c00,2025-05-20 23:00:00+00:00,2025-05-20,2025,f073a15f-0486-4179-b0a3-dfd0294eb595,f073a15f-0486-4179-b0a3-dfd0294eb595,5d70a9af-8c2b-4aec-9e68-9acc6ddb93e4,5d70a9af-8c2b-4aec-9e68-9acc6ddb93e4,1,0,2,0,1,1,Indianapolis,Indianapolis,0.0,0,edfb1305-dc50-48e3-9ea5-c3e16ace9489,2025-05-17 19:00:00+00:00,Indianapolis,Indianapolis,previous_game_city
bfcf9c89-536d-4dd3-9082-a3b67bd48c00,2025-05-20 23:00:00+00:00,2025-05-20,2025,5d70a9af-8c2b-4aec-9e68-9acc6ddb93e4,5d70a9af-8c2b-4aec-9e68-9acc6ddb93e4,f073a15f-0486-4179-b0a3-dfd0294eb595,f073a15f-0486-4179-b0a3-dfd0294eb595,0,0,3,0,1,1,Washington,Indianapolis,493.8,0,127815af-ec83-4409-b0c3-4140a357a60c,2025-05-16 23:30:00+00:00,Washington,College Park,previous_game_city
ef103806-2fdc-432d-ac11-6d7ed57a7117,2025-05-20 23:00:00+00:00,2025-05-20,2025,a015b02d-845c-40c1-8ef4-844984f47e4d,a015b02d-845c-40c1-8ef4-844984f47e4d,171b097d-01db-4ae8-9d56-035689402ec6,FR_LVA_ACES,1,0,1,0,1,1,Uncasville,Uncasville,0.0,0,37b8b67b-ceb5-4918-aa27-3d495a19e646,2025-05-18 17:00:00+00:00,Uncasville,Uncasville,previous_game_city
ef103806-2fdc-432d-ac11-6d7ed57a7117,2025-05-20 23:00:00+00:00,2025-05-20,2025,171b097d-01db-4ae8-9d56-035689402ec6,FR_LVA_ACES,a015b02d-845c-40c1-8ef4-844984f47e4d,a015b02d-845c-40c1-8ef4-844984f47e4d,0,0,2,0,1,1,Brooklyn,Uncasville,113.0,0,8e354cb1-e600-4ccd-aec8-3b9daa7dd2ca,2025-05-17 17:00:00+00:00,Brooklyn,Paradise,previous_game_city
c2d0f217-e400-4de3-99fe-494d59ea4764,2025-05-22 00:00:00+00:00,2025-05-21,2025,6f017f37-be96-4bdc-b6d3-0a0429c72e89,6f017f37-be96-4bdc-b6d3-0a0429c72e89,5f0b5caf-708b-4300-92f2-53b51d83ec06,5f0b5caf-708b-4300-92f2-53b51d83ec06,1,0,2,0,1,2,Los Angeles,Minneapolis,1522.4,2,b47a1788-78ca-4559-b220-121d3fa3ac55,2025-05-18 22:00:00+00:00,Los Angeles,Minneapolis,previous_game_city
c2d0f217-e400-4de3-99fe-494d59ea4764,2025-05-22 00:00:00+00:00,2025-05-21,2025,5f0b5caf-708b-4300-92f2-53b51d83ec06,5f0b5caf-708b-4300-92f2-53b51d83ec06,6f017f37-be96-4bdc-b6d3-0a0429c72e89,6f017f37-be96-4bdc-b6d3-0a0429c72e89,0,0,1,0,1,2,Arlington,Minneapolis,870.8,0,a179dea9-a4d1-42c2-85df-3eb6260b4ef5,2025-05-20 00:00:00+00:00,Arlington,Arlington,previous_game_city
53eeff78-96b1-4f61-9270-f1982ce345ae,2025-05-22 02:00:00+00:00,2025-05-21,2025,4f57ec40-0d35-4b59-bea0-9d040f0d2292,4f57ec40-0d35-4b59-bea0-9d040f0d2292,5c0d47fe-8539-47b0-9f36-d0b3609ca89b,5c0d47fe-8539-47b0-9f36-d0b3609ca89b,1,0,4,0,0,1,San Francisco,San Francisco,0.0,0,293a4a3d-3699-4cd3-b085-0dc0e8c56188,2025-05-17 02:00:00+00:00,San Francisco,San Francisco,home_city
53eeff78-96b1-4f61-9270-f1982ce345ae,2025-05-22 02:00:00+00:00,2025-05-21,2025,5c0d47fe-8539-47b0-9f36-d0b3609ca89b,5c0d47fe-8539-47b0-9f36-d0b3609ca89b,4f57ec40-0d35-4b59-bea0-9d040f0d2292,4f57ec40-0d35-4b59-bea0-9d040f0d2292,0,0,2,0,1,2,Uncasville,San Francisco,2651.2,-3,37b8b67b-ceb5-4918-aa27-3d495a19e646,2025-05-18 17:00:00+00:00,Uncasville,Washington,previous_game_city
bc7d0ee2-679a-4acc-a24c-73510404fe99,2025-05-22 02:00:00+00:00,2025-05-21,2025,0699edf3-5993-4182-b9b4-ec935cbd4fcc,0699edf3-5993-4182-b9b4-ec935cbd4fcc,0a5ad38d-2fe3-43ba-894b-1ba3d5042ea9,0a5ad38d-2fe3-43ba-894b-1ba3d5042ea9,1,0,3,0,1,1,Phoenix,Phoenix,0.0,0,d307de7c-b2bc-42a3-b338-4205f3918f7c,2025-05-18 02:00:00+00:00,Phoenix,Phoenix,previous_game_city
bc7d0ee2-679a-4acc-a24c-73510404fe99,2025-05-22 02:00:00+00:00,2025-05-21,2025,0a5ad38d-2fe3-43ba-894b-1ba3d5042ea9,0a5ad38d-2fe3-43ba-894b-1ba3d5042ea9,0699edf3-5993-4182-b9b4-ec935cbd4fcc,0699edf3-5993-4182-b9b4-ec935cbd4fcc,0,0,2,0,1,2,Los Angeles,Phoenix,358.3,0,b47a1788-78ca-4559-b220-121d3fa3ac55,2025-05-18 22:00:00+00:00,Los Angeles,Los Angeles,previous_game_city
d1bd5e4c-1d9e-47c6-b24e-52544a1a2c13,2025-05-22 23:30:00+00:00,2025-05-22,2025,5d70a9af-8c2b-4aec-9e68-9acc6ddb93e4,5d70a9af-8c2b-4aec-9e68-9acc6ddb93e4,f073a15f-0486-4179-b0a3-dfd0294eb595,f073a15f-0486-4179-b0a3-dfd0294eb595,1,0,1,0,1,2,Indianapolis,Atlanta,426.3,0,bfcf9c89-536d-4dd3-9082-a3b67bd48c00,2025-05-20 23:00:00+00:00,Indianapolis,College Park,previous_game_city
d1bd5e4c-1d9e-47c6-b24e-52544a1a2c13,2025-05-22 23:30:00+00:00,2025-05-22,2025,f073a15f-0486-4179-b0a3-dfd0294eb595,f073a15f-0486-4179-b0a3-dfd0294eb595,5d70a9af-8c2b-4aec-9e68-9acc6ddb93e4,5d70a9af-8c2b-4aec-9e68-9acc6ddb93e4,0,0,1,0,1,2,Indianapolis,Atlanta,426.3,0,bfcf9c89-536d-4dd3-9082-a3b67bd48c00,2025-05-20 23:00:00+00:00,Indianapolis,Indianapolis,previous_game_city
5aab29d7-6671-4deb-a42c-c71a01e82f9f,2025-05-23 00:00:00+00:00,2025-05-22,2025,3c409388-ab73-4c7f-953d-3a71062240f6,3c409388-ab73-4c7f-953d-3a71062240f6,08ed8274-e29f-4248-bc2e-83cc8ed18d75,08ed8274-e29f-4248-bc2e-83cc8ed18d75,1,0,4,0,0,1,Chicago,Chicago,0.3,0,edfb1305-dc50-48e3-9ea5-c3e16ace9489,2025-05-17 19:00:00+00:00,Indianapolis,Chicago,home_city
5aab29d7-6671-4deb-a42c-c71a01e82f9f,2025-05-23 00:00:00+00:00,2025-05-22,2025,08ed8274-e29f-4248-bc2e-83cc8ed18d75,08ed8274-e29f-4248-bc2e-83cc8ed18d75,3c409388-ab73-4c7f-953d-3a71062240f6,3c409388-ab73-4c7f-953d-3a71062240f6,0,0,4,0,0,1,Brooklyn,Chicago,712.5,-1,8e354cb1-e600-4ccd-aec8-3b9daa7dd2ca,2025-05-17 17:00:00+00:00,Brooklyn,Brooklyn,home_city
92c4a40c-74f4-4a28-be37-18237fca81a5,2025-05-23 23:30:00+00:00,2025-05-23,2025,6f017f37-be96-4bdc-b6d3-0a0429c72e89,6f017f37-be96-4bdc-b6d3-0a0429c72e89,a015b02d-845c-40c1-8ef4-844984f47e4d,a015b02d-845c-40c1-8ef4-844984f47e4d,1,0,1,0,1,3,Minneapolis,Minneapolis,0.0,0,c2d0f217-e400-4de3-99fe-494d59ea4764,2025-05-22 00:00:00+00:00,Minneapolis,Minneapolis,previous_game_city
92c4a40c-74f4-4a28-be37-18237fca81a5,2025-05-23 23:30:00+00:00,2025-05-23,2025,a015b02d-845c-40c1-8ef4-844984f47e4d,a015b02d-845c-40c1-8ef4-844984f47e4d,6f017f37-be96-4bdc-b6d3-0a0429c72e89,6f017f37-be96-4bdc-b6d3-0a0429c72e89,0,0,2,0,1,2,Uncasville,Minneapolis,1090.0,-1,ef103806-2fdc-432d-ac11-6d7ed57a7117,2025-05-20 23:00:00+00:00,Uncasville,Uncasville,previous_game_city
10582ee6-a493-4e18-9878-6203b5e8065d,2025-05-24 02:00:00+00:00,2025-05-23,2025,d6a012ed-84aa-48d3-8265-2d3f3ff2199a,d6a012ed-84aa-48d3-8265-2d3f3ff2199a,0699edf3-5993-4182-b9b4-ec935cbd4fcc,0699edf3-5993-4182-b9b4-ec935cbd4fcc,1,0,3,0,1,2,Arlington,Seattle,1670.8,-2,a179dea9-a4d1-42c2-85df-3eb6260b4ef5,2025-05-20 00:00:00+00:00,Arlington,Seattle,previous_game_city
10582ee6-a493-4e18-9878-6203b5e8065d,2025-05-24 02:00:00+00:00,2025-05-23,2025,0699edf3-5993-4182-b9b4-ec935cbd4fcc,0699edf3-5993-4182-b9b4-ec935cbd4fcc,d6a012ed-84aa-48d3-8265-2d3f3ff2199a,d6a012ed-84aa-48d3-8265-2d3f3ff2199a,0,0,1,0,1,2,Phoenix,Seattle,1116.2,0,bc7d0ee2-679a-4acc-a24c-73510404fe99,2025-05-22 02:00:00+00:00,Phoenix,Phoenix,previous_game_city
a35a38a3-fdb6-40a3-86f1-842d77ac32bf,2025-05-24 02:00:00+00:00,2025-05-23,2025,0a5ad38d-2fe3-43ba-894b-1ba3d5042ea9,0a5ad38d-2fe3-43ba-894b-1ba3d5042ea9,4f57ec40-0d35-4b59-bea0-9d040f0d2292,4f57ec40-0d35-4b59-bea0-9d040f0d2292,1,0,1,0,1,3,Phoenix,Los Angeles,358.3,0,bc7d0ee2-679a-4acc-a24c-73510404fe99,2025-05-22 02:00:00+00:00,Phoenix,Los Angeles,previous_game_city
a35a38a3-fdb6-40a3-86f1-842d77ac32bf,2025-05-24 02:00:00+00:00,2025-05-23,2025,4f57ec40-0d35-4b59-bea0-9d040f0d2292,4f57ec40-0d35-4b59-bea0-9d040f0d2292,0a5ad38d-2fe3-43ba-894b-1ba3d5042ea9,0a5ad38d-2fe3-43ba-894b-1ba3d5042ea9,0,0,1,0,1,2,San Francisco,Los Angeles,345.5,0,53eeff78-96b1-4f61-9270-f1982ce345ae,2025-05-22 02:00:00+00:00,San Francisco,San Francisco,previous_game_city
b8786c5b-6a05-49e0-9ba2-0bc7db3e8a60,2025-05-24 02:00:00+00:00,2025-05-23,2025,171b097d-01db-4ae8-9d56-035689402ec6,FR_LVA_ACES,5c0d47fe-8539-47b0-9f36-d0b3609ca89b,5c0d47fe-8539-47b0-9f36-d0b3609ca89b,1,0,2,0,1,2,Uncasville,Paradise,2326.0,-3,ef103806-2fdc-432d-ac11-6d7ed57a7117,2025-05-20 23:00:00+00:00,Uncasville,Paradise,previous_game_city
b8786c5b-6a05-49e0-9ba2-0bc7db3e8a60,2025-05-24 02:00:00+00:00,2025-05-23,2025,5c0d47fe-8539-47b0-9f36-d0b3609ca89b,5c0d47fe-8539-47b0-9f36-d0b3609ca89b,171b097d-01db-4ae8-9d56-035689402ec6,FR_LVA_ACES,0,0,1,0,1,3,San Francisco,Paradise,414.5,0,53eeff78-96b1-4f61-9270-f1982ce345ae,2025-05-22 02:00:00+00:00,San Francisco,Washington,previous_game_city
1af6c1e1-fa3c-4263-8c71-da93fc3e0406,2025-05-24 17:00:00+00:00,2025-05-24,2025,f073a15f-0486-4179-b0a3-dfd0294eb595,f073a15f-0486-4179-b0a3-dfd0294eb595,08ed8274-e29f-4248-bc2e-83cc8ed18d75,08ed8274-e29f-4248-bc2e-83cc8ed18d75,1,0,1,0,2,3,Atlanta,Indianapolis,426.3,0,d1bd5e4c-1d9e-47c6-b24e-52544a1a2c13,2025-05-22 23:30:00+00:00,Atlanta,Indianapolis,previous_game_city
1af6c1e1-fa3c-4263-8c71-da93fc3e0406,2025-05-24 17:00:00+00:00,2025-05-24,2025,08ed8274-e29f-4248-bc2e-83cc8ed18d75,08ed8274-e29f-4248-bc2e-83cc8ed18d75,f073a15f-0486-4179-b0a3-dfd0294eb595,f073a15f-0486-4179-b0a3-dfd0294eb595,0,0,1,0,1,2,Chicago,Indianapolis,163.5,1,5aab29d7-6671-4deb-a42c-c71a01e82f9f,2025-05-23 00:00:00+00:00,Chicago,Brooklyn,previous_game_city
2eee580f-c783-4be6-baeb-d082df2690a2,2025-05-24 19:00:00+00:00,2025-05-24,2025,5d70a9af-8c2b-4aec-9e68-9acc6ddb93e4,5d70a9af-8c2b-4aec-9e68-9acc6ddb93e4,5f0b5caf-708b-4300-92f2-53b51d83ec06,5f0b5caf-708b-4300-92f2-53b51d83ec06,1,0,1,0,2,2,Atlanta,College Park,8.5,0,d1bd5e4c-1d9e-47c6-b24e-52544a1a2c13,2025-05-22 23:30:00+00:00,Atlanta,College Park,previous_game_city
2eee580f-c783-4be6-baeb-d082df2690a2,2025-05-24 19:00:00+00:00,2025-05-24,2025,5f0b5caf-708b-4300-92f2-53b51d83ec06,5f0b5caf-708b-4300-92f2-53b51d83ec06,5d70a9af-8c2b-4aec-9e68-9acc6ddb93e4,5d70a9af-8c2b-4aec-9e68-9acc6ddb93e4,0,0,2,0,1,2,Minneapolis,College Park,912.7,1,c2d0f217-e400-4de3-99fe-494d59ea4764,2025-05-22 00:00:00+00:00,Minneapolis,Arlington,previous_game_city
b0d98920-a05f-481d-9dea-7046f3e6fc33,2025-05-25 19:00:00+00:00,2025-05-25,2025,5d70a9af-8c2b-4aec-9e68-9acc6ddb93e4,5d70a9af-8c2b-4aec-9e68-9acc6ddb93e4,a015b02d-845c-40c1-8ef4-844984f47e4d,a015b02d-845c-40c1-8ef4-844984f47e4d,1,0,0,1,2,3,College Park,College Park,0.0,0,2eee580f-c783-4be6-baeb-d082df2690a2,2025-05-24 19:00:00+00:00,College Park,College Park,previous_game_city
b0d98920-a05f-481d-9dea-7046f3e6fc33,2025-05-25 19:00:00+00:00,2025-05-25,2025,a015b02d-845c-40c1-8ef4-844984f47e4d,a015b02d-845c-40c1-8ef4-844984f47e4d,5d70a9af-8c2b-4aec-9e68-9acc6ddb93e4,5d70a9af-8c2b-4aec-9e68-9acc6ddb93e4,0,0,1,0,1,3,Minneapolis,College Park,912.7,1,92c4a40c-74f4-4a28-be37-18237fca81a5,2025-05-23 23:30:00+00:00,Minneapolis,Uncasville,previous_game_city
5a9dfeb9-11f2-42a8-97c9-81e381c4a9fa,2025-05-25 22:00:00+00:00,2025-05-25,2025,d6a012ed-84aa-48d3-8265-2d3f3ff2199a,d6a012ed-84aa-48d3-8265-2d3f3ff2199a,171b097d-01db-4ae8-9d56-035689402ec6,FR_LVA_ACES,1,0,1,0,1,2,Seattle,Seattle,0.0,0,10582ee6-a493-4e18-9878-6203b5e8065d,2025-05-24 02:00:00+00:00,Seattle,Seattle,previous_game_city
5a9dfeb9-11f2-42a8-97c9-81e381c4a9fa,2025-05-25 22:00:00+00:00,2025-05-25,2025,171b097d-01db-4ae8-9d56-035689402ec6,FR_LVA_ACES,d6a012ed-84aa-48d3-8265-2d3f3ff2199a,d6a012ed-84aa-48d3-8265-2d3f3ff2199a,0,0,1,0,1,2,Paradise,Seattle,877.2,0,b8786c5b-6a05-49e0-9ba2-0bc7db3e8a60,2025-05-24 02:00:00+00:00,Paradise,Paradise,previous_game_city
bbd4ae77-444a-4dfe-ad87-70233844aa1d,2025-05-25 22:00:00+00:00,2025-05-25,2025,0699edf3-5993-4182-b9b4-ec935cbd4fcc,0699edf3-5993-4182-b9b4-ec935cbd4fcc,5c0d47fe-8539-47b0-9f36-d0b3609ca89b,5c0d47fe-8539-47b0-9f36-d0b3609ca89b,1,0,1,0,2,2,Seattle,Phoenix,1116.2,0,10582ee6-a493-4e18-9878-6203b5e8065d,2025-05-24 02:00:00+00:00,Seattle,Phoenix,previous_game_city
bbd4ae77-444a-4dfe-ad87-70233844aa1d,2025-05-25 22:00:00+00:00,2025-05-25,2025,5c0d47fe-8539-47b0-9f36-d0b3609ca89b,5c0d47fe-8539-47b0-9f36-d0b3609ca89b,0699edf3-5993-4182-b9b4-ec935cbd4fcc,0699edf3-5993-4182-b9b4-ec935cbd4fcc,0,0,1,0,2,3,Paradise,Phoenix,253.9,0,b8786c5b-6a05-49e0-9ba2-0bc7db3e8a60,2025-05-24 02:00:00+00:00,Paradise,Washington,previous_game_city
d93c9688-bbdf-4066-ac6b-159c3c6dd32d,2025-05-25 22:00:00+00:00,2025-05-25,2025,0a5ad38d-2fe3-43ba-894b-1ba3d5042ea9,0a5ad38d-2fe3-43ba-894b-1ba3d5042ea9,3c409388-ab73-4c7f-953d-3a71062240f6,3c409388-ab73-4c7f-953d-3a71062240f6,1,0,1,0,2,3,Los Angeles,Los Angeles,0.0,0,a35a38a3-fdb6-40a3-86f1-842d77ac32bf,2025-05-24 02:00:00+00:00,Los Angeles,Los Angeles,previous_game_city
d93c9688-bbdf-4066-ac6b-159c3c6dd32d,2025-05-25 22:00:00+00:00,2025-05-25,2025,3c409388-ab73-4c7f-953d-3a71062240f6,3c409388-ab73-4c7f-953d-3a71062240f6,0a5ad38d-2fe3-43ba-894b-1ba3d5042ea9,0a5ad38d-2fe3-43ba-894b-1ba3d5042ea9,0,0,2,0,1,1,Chicago,Los Angeles,1744.0,-2,5aab29d7-6671-4deb-a42c-c71a01e82f9f,2025-05-23 00:00:00+00:00,Chicago,Chicago,previous_game_city
5f3d74e1-8cdd-4616-aedf-f1e90dc75db0,2025-05-27 23:00:00+00:00,2025-05-27,2025,08ed8274-e29f-4248-bc2e-83cc8ed18d75,08ed8274-e29f-4248-bc2e-83cc8ed18d75,4f57ec40-0d35-4b59-bea0-9d040f0d2292,4f57ec40-0d35-4b59-bea0-9d040f0d2292,1,0,2,0,1,2,Indianapolis,Brooklyn,645.2,0,1af6c1e1-fa3c-4263-8c71-da93fc3e0406,2025-05-24 17:00:00+00:00,Indianapolis,Brooklyn,previous_game_city
5f3d74e1-8cdd-4616-aedf-f1e90dc75db0,2025-05-27 23:00:00+00:00,2025-05-27,2025,4f57ec40-0d35-4b59-bea0-9d040f0d2292,4f57ec40-0d35-4b59-bea0-9d040f0d2292,08ed8274-e29f-4248-bc2e-83cc8ed18d75,08ed8274-e29f-4248-bc2e-83cc8ed18d75,0,0,3,0,1,2,Los Angeles,Brooklyn,2448.8,3,a35a38a3-fdb6-40a3-86f1-842d77ac32bf,2025-05-24 02:00:00+00:00,Los Angeles,San Francisco,previous_game_city
8a594783-4b88-43cd-b381-a8660e3a0766,2025-05-27 23:00:00+00:00,2025-05-27,2025,a015b02d-845c-40c1-8ef4-844984f47e4d,a015b02d-845c-40c1-8ef4-844984f47e4d,5f0b5caf-708b-4300-92f2-53b51d83ec06,5f0b5caf-708b-4300-92f2-53b51d83ec06,1,0,1,0,2,3,College Park,Uncasville,866.0,0,b0d98920-a05f-481d-9dea-7046f3e6fc33,2025-05-25 19:00:00+00:00,College Park,Uncasville,previous_game_city
8a594783-4b88-43cd-b381-a8660e3a0766,2025-05-27 23:00:00+00:00,2025-05-27,2025,5f0b5caf-708b-4300-92f2-53b51d83ec06,5f0b5caf-708b-4300-92f2-53b51d83ec06,a015b02d-845c-40c1-8ef4-844984f47e4d,a015b02d-845c-40c1-8ef4-844984f47e4d,0,0,2,0,1,2,College Park,Uncasville,866.0,0,2eee580f-c783-4be6-baeb-d082df2690a2,2025-05-24 19:00:00+00:00,College Park,Arlington,previous_game_city
ee675eed-ef15-494e-a8f4-e0202373e26c,2025-05-28 00:00:00+00:00,2025-05-27,2025,6f017f37-be96-4bdc-b6d3-0a0429c72e89,6f017f37-be96-4bdc-b6d3-0a0429c72e89,d6a012ed-84aa-48d3-8265-2d3f3ff2199a,d6a012ed-84aa-48d3-8265-2d3f3ff2199a,1,0,3,0,1,2,Minneapolis,Minneapolis,0.0,0,92c4a40c-74f4-4a28-be37-18237fca81a5,2025-05-23 23:30:00+00:00,Minneapolis,Minneapolis,previous_game_city
ee675eed-ef15-494e-a8f4-e0202373e26c,2025-05-28 00:00:00+00:00,2025-05-27,2025,d6a012ed-84aa-48d3-8265-2d3f3ff2199a,d6a012ed-84aa-48d3-8265-2d3f3ff2199a,6f017f37-be96-4bdc-b6d3-0a0429c72e89,6f017f37-be96-4bdc-b6d3-0a0429c72e89,0,0,1,0,2,2,Seattle,Minneapolis,1391.7,2,5a9dfeb9-11f2-42a8-97c9-81e381c4a9fa,2025-05-25 22:00:00+00:00,Seattle,Seattle,previous_game_city
35c05ea8-240a-4d51-8940-e54f7f1e403f,2025-05-28 02:00:00+00:00,2025-05-27,2025,0699edf3-5993-4182-b9b4-ec935cbd4fcc,0699edf3-5993-4182-b9b4-ec935cbd4fcc,3c409388-ab73-4c7f-953d-3a71062240f6,3c409388-ab73-4c7f-953d-3a71062240f6,1,0,1,0,2,3,Phoenix,Phoenix,0.0,0,bbd4ae77-444a-4dfe-ad87-70233844aa1d,2025-05-25 22:00:00+00:00,Phoenix,Phoenix,previous_game_city
35c05ea8-240a-4d51-8940-e54f7f1e403f,2025-05-28 02:00:00+00:00,2025-05-27,2025,3c409388-ab73-4c7f-953d-3a71062240f6,3c409388-ab73-4c7f-953d-3a71062240f6,0699edf3-5993-4182-b9b4-ec935cbd4fcc,0699edf3-5993-4182-b9b4-ec935cbd4fcc,0,0,1,0,1,2,Los Angeles,Phoenix,358.3,0,d93c9688-bbdf-4066-ac6b-159c3c6dd32d,2025-05-25 22:00:00+00:00,Los Angeles,Chicago,previous_game_city
9cfc31da-5b6e-4ee4-87cf-2051401bf23a,2025-05-28 02:00:00+00:00,2025-05-27,2025,0a5ad38d-2fe3-43ba-894b-1ba3d5042ea9,0a5ad38d-2fe3-43ba-894b-1ba3d5042ea9,5d70a9af-8c2b-4aec-9e68-9acc6ddb93e4,5d70a9af-8c2b-4aec-9e68-9acc6ddb93e4,1,0,1,0,2,3,Los Angeles,Los Angeles,0.0,0,d93c9688-bbdf-4066-ac6b-159c3c6dd32d,2025-05-25 22:00:00+00:00,Los Angeles,Los Angeles,previous_game_city
9cfc31da-5b6e-4ee4-87cf-2051401bf23a,2025-05-28 02:00:00+00:00,2025-05-27,2025,5d70a9af-8c2b-4aec-9e68-9acc6ddb93e4,5d70a9af-8c2b-4aec-9e68-9acc6ddb93e4,0a5ad38d-2fe3-43ba-894b-1ba3d5042ea9,0a5ad38d-2fe3-43ba-894b-1ba3d5042ea9,0,0,1,0,2,4,College Park,Los Angeles,1931.4,-3,b0d98920-a05f-481d-9dea-7046f3e6fc33,2025-05-25 19:00:00+00:00,College Park,College Park,previous_game_city
35aee448-2794-4453-9b79-17b91ac28be2,2025-05-28 23:30:00+00:00,2025-05-28,2025,5c0d47fe-8539-47b0-9f36-d0b3609ca89b,5c0d47fe-8539-47b0-9f36-d0b3609ca89b,f073a15f-0486-4179-b0a3-dfd0294eb595,f073a15f-0486-4179-b0a3-dfd0294eb595,1,0,2,0,1,3,Phoenix,Baltimore,2000.0,3,bbd4ae77-444a-4dfe-ad87-70233844aa1d,2025-05-25 22:00:00+00:00,Phoenix,Washington,previous_game_city
35aee448-2794-4453-9b79-17b91ac28be2,2025-05-28 23:30:00+00:00,2025-05-28,2025,f073a15f-0486-4179-b0a3-dfd0294eb595,f073a15f-0486-4179-b0a3-dfd0294eb595,5c0d47fe-8539-47b0-9f36-d0b3609ca89b,5c0d47fe-8539-47b0-9f36-d0b3609ca89b,0,0,3,0,1,2,Indianapolis,Baltimore,509.1,0,1af6c1e1-fa3c-4263-8c71-da93fc3e0406,2025-05-24 17:00:00+00:00,Indianapolis,Indianapolis,previous_game_city
a17fdde4-604b-4197-8c9a-97dc9b78c44e,2025-05-29 23:00:00+00:00,2025-05-29,2025,08ed8274-e29f-4248-bc2e-83cc8ed18d75,08ed8274-e29f-4248-bc2e-83cc8ed18d75,4f57ec40-0d35-4b59-bea0-9d040f0d2292,4f57ec40-0d35-4b59-bea0-9d040f0d2292,1,0,1,0,1,3,Brooklyn,Brooklyn,0.0,0,5f3d74e1-8cdd-4616-aedf-f1e90dc75db0,2025-05-27 23:00:00+00:00,Brooklyn,Brooklyn,previous_game_city
a17fdde4-604b-4197-8c9a-97dc9b78c44e,2025-05-29 23:00:00+00:00,2025-05-29,2025,4f57ec40-0d35-4b59-bea0-9d040f0d2292,4f57ec40-0d35-4b59-bea0-9d040f0d2292,08ed8274-e29f-4248-bc2e-83cc8ed18d75,08ed8274-e29f-4248-bc2e-83cc8ed18d75,0,0,1,0,1,2,Brooklyn,Brooklyn,0.0,0,5f3d74e1-8cdd-4616-aedf-f1e90dc75db0,2025-05-27 23:00:00+00:00,Brooklyn,San Francisco,previous_game_city
65e262be-3840-4e8e-bf9a-a4d9fe9acce4,2025-05-30 00:00:00+00:00,2025-05-29,2025,3c409388-ab73-4c7f-953d-3a71062240f6,3c409388-ab73-4c7f-953d-3a71062240f6,5f0b5caf-708b-4300-92f2-53b51d83ec06,5f0b5caf-708b-4300-92f2-53b51d83ec06,1,0,1,0,2,3,Phoenix,Chicago,1451.7,2,35c05ea8-240a-4d51-8940-e54f7f1e403f,2025-05-28 02:00:00+00:00,Phoenix,Chicago,previous_game_city
65e262be-3840-4e8e-bf9a-a4d9fe9acce4,2025-05-30 00:00:00+00:00,2025-05-29,2025,5f0b5caf-708b-4300-92f2-53b51d83ec06,5f0b5caf-708b-4300-92f2-53b51d83ec06,3c409388-ab73-4c7f-953d-3a71062240f6,3c409388-ab73-4c7f-953d-3a71062240f6,0,0,1,0,1,2,Uncasville,Chicago,800.9,-1,8a594783-4b88-43cd-b381-a8660e3a0766,2025-05-27 23:00:00+00:00,Uncasville,Arlington,previous_game_city
1d299098-034f-480d-af99-bcebd640859e,2025-05-30 23:30:00+00:00,2025-05-30,2025,f073a15f-0486-4179-b0a3-dfd0294eb595,f073a15f-0486-4179-b0a3-dfd0294eb595,a015b02d-845c-40c1-8ef4-844984f47e4d,a015b02d-845c-40c1-8ef4-844984f47e4d,1,0,1,0,1,2,Baltimore,Indianapolis,509.1,0,35aee448-2794-4453-9b79-17b91ac28be2,2025-05-28 23:30:00+00:00,Baltimore,Indianapolis,previous_game_city
1d299098-034f-480d-af99-bcebd640859e,2025-05-30 23:30:00+00:00,2025-05-30,2025,a015b02d-845c-40c1-8ef4-844984f47e4d,a015b02d-845c-40c1-8ef4-844984f47e4d,f073a15f-0486-4179-b0a3-dfd0294eb595,f073a15f-0486-4179-b0a3-dfd0294eb595,0,0,2,0,1,3,Uncasville,Indianapolis,746.3,0,8a594783-4b88-43cd-b381-a8660e3a0766,2025-05-27 23:00:00+00:00,Uncasville,Uncasville,previous_game_city
e09bd75a-f5bc-42c2-aff3-96b24323a37d,2025-05-30 23:30:00+00:00,2025-05-30,2025,5c0d47fe-8539-47b0-9f36-d0b3609ca89b,5c0d47fe-8539-47b0-9f36-d0b3609ca89b,08ed8274-e29f-4248-bc2e-83cc8ed18d75,08ed8274-e29f-4248-bc2e-83cc8ed18d75,1,0,1,0,1,3,Baltimore,Washington,36.5,0,35aee448-2794-4453-9b79-17b91ac28be2,2025-05-28 23:30:00+00:00,Baltimore,Washington,previous_game_city
e09bd75a-f5bc-42c2-aff3-96b24323a37d,2025-05-30 23:30:00+00:00,2025-05-30,2025,08ed8274-e29f-4248-bc2e-83cc8ed18d75,08ed8274-e29f-4248-bc2e-83cc8ed18d75,5c0d47fe-8539-47b0-9f36-d0b3609ca89b,5c0d47fe-8539-47b0-9f36-d0b3609ca89b,0,0,0,1,2,3,Brooklyn,Washington,204.3,0,a17fdde4-604b-4197-8c9a-97dc9b78c44e,2025-05-29 23:00:00+00:00,Brooklyn,Brooklyn,previous_game_city
b362941f-7c63-4698-b2fd-94d03931d2c4,2025-05-31 02:00:00+00:00,2025-05-30,2025,d6a012ed-84aa-48d3-8265-2d3f3ff2199a,d6a012ed-84aa-48d3-8265-2d3f3ff2199a,5d70a9af-8c2b-4aec-9e68-9acc6ddb93e4,5d70a9af-8c2b-4aec-9e68-9acc6ddb93e4,1,0,2,0,1,3,Minneapolis,Seattle,1391.7,-2,ee675eed-ef15-494e-a8f4-e0202373e26c,2025-05-28 00:00:00+00:00,Minneapolis,Seattle,previous_game_city
b362941f-7c63-4698-b2fd-94d03931d2c4,2025-05-31 02:00:00+00:00,2025-05-30,2025,5d70a9af-8c2b-4aec-9e68-9acc6ddb93e4,5d70a9af-8c2b-4aec-9e68-9acc6ddb93e4,d6a012ed-84aa-48d3-8265-2d3f3ff2199a,d6a012ed-84aa-48d3-8265-2d3f3ff2199a,0,0,2,0,1,3,Los Angeles,Seattle,961.9,0,9cfc31da-5b6e-4ee4-87cf-2051401bf23a,2025-05-28 02:00:00+00:00,Los Angeles,College Park,previous_game_city
c3e32fcd-a01f-4508-a0a0-cd764857ad67,2025-05-31 02:00:00+00:00,2025-05-30,2025,0699edf3-5993-4182-b9b4-ec935cbd4fcc,0699edf3-5993-4182-b9b4-ec935cbd4fcc,6f017f37-be96-4bdc-b6d3-0a0429c72e89,6f017f37-be96-4bdc-b6d3-0a0429c72e89,1,0,2,0,1,3,Phoenix,Phoenix,0.0,0,35c05ea8-240a-4d51-8940-e54f7f1e403f,2025-05-28 02:00:00+00:00,Phoenix,Phoenix,previous_game_city
c3e32fcd-a01f-4508-a0a0-cd764857ad67,2025-05-31 02:00:00+00:00,2025-05-30,2025,6f017f37-be96-4bdc-b6d3-0a0429c72e89,6f017f37-be96-4bdc-b6d3-0a0429c72e89,0699edf3-5993-4182-b9b4-ec935cbd4fcc,0699edf3-5993-4182-b9b4-ec935cbd4fcc,0,0,2,0,1,2,Minneapolis,Phoenix,1278.1,-2,ee675eed-ef15-494e-a8f4-e0202373e26c,2025-05-28 00:00:00+00:00,Minneapolis,Minneapolis,previous_game_city
f3470bfa-ede4-4a89-9112-c19f16602f14,2025-05-31 02:00:00+00:00,2025-05-30,2025,171b097d-01db-4ae8-9d56-035689402ec6,FR_LVA_ACES,0a5ad38d-2fe3-43ba-894b-1ba3d5042ea9,0a5ad38d-2fe3-43ba-894b-1ba3d5042ea9,1,0,4,0,0,2,Paradise,Paradise,0.0,0,5a9dfeb9-11f2-42a8-97c9-81e381c4a9fa,2025-05-25 22:00:00+00:00,Seattle,Paradise,home_city
f3470bfa-ede4-4a89-9112-c19f16602f14,2025-05-31 02:00:00+00:00,2025-05-30,2025,0a5ad38d-2fe3-43ba-894b-1ba3d5042ea9,0a5ad38d-2fe3-43ba-894b-1ba3d5042ea9,171b097d-01db-4ae8-9d56-035689402ec6,FR_LVA_ACES,0,0,2,0,1,3,Los Angeles,Paradise,224.7,0,9cfc31da-5b6e-4ee4-87cf-2051401bf23a,2025-05-28 02:00:00+00:00,Los Angeles,Los Angeles,previous_game_city
edfd325f-1f56-417a-9e52-bc60e744f09c,2025-06-01 00:00:00+00:00,2025-05-31,2025,5f0b5caf-708b-4300-92f2-53b51d83ec06,5f0b5caf-708b-4300-92f2-53b51d83ec06,3c409388-ab73-4c7f-953d-3a71062240f6,3c409388-ab73-4c7f-953d-3a71062240f6,1,0,1,0,2,3,Chicago,Arlington,817.0,0,65e262be-3840-4e8e-bf9a-a4d9fe9acce4,2025-05-30 00:00:00+00:00,Chicago,Arlington,previous_game_city
edfd325f-1f56-417a-9e52-bc60e744f09c,2025-06-01 00:00:00+00:00,2025-05-31,2025,3c409388-ab73-4c7f-953d-3a71062240f6,3c409388-ab73-4c7f-953d-3a71062240f6,5f0b5caf-708b-4300-92f2-53b51d83ec06,5f0b5caf-708b-4300-92f2-53b51d83ec06,0,0,1,0,2,3,Chicago,Arlington,817.0,0,65e262be-3840-4e8e-bf9a-a4d9fe9acce4,2025-05-30 00:00:00+00:00,Chicago,Chicago,previous_game_city
765fac81-ca49-432b-8368-a419565a5531,2025-06-01 19:00:00+00:00,2025-06-01,2025,08ed8274-e29f-4248-bc2e-83cc8ed18d75,08ed8274-e29f-4248-bc2e-83cc8ed18d75,a015b02d-845c-40c1-8ef4-844984f47e4d,a015b02d-845c-40c1-8ef4-844984f47e4d,1,0,1,0,2,3,Washington,Brooklyn,204.3,0,e09bd75a-f5bc-42c2-aff3-96b24323a37d,2025-05-30 23:30:00+00:00,Washington,Brooklyn,previous_game_city
765fac81-ca49-432b-8368-a419565a5531,2025-06-01 19:00:00+00:00,2025-06-01,2025,a015b02d-845c-40c1-8ef4-844984f47e4d,a015b02d-845c-40c1-8ef4-844984f47e4d,08ed8274-e29f-4248-bc2e-83cc8ed18d75,08ed8274-e29f-4248-bc2e-83cc8ed18d75,0,0,1,0,1,3,Indianapolis,Brooklyn,645.2,0,1d299098-034f-480d-af99-bcebd640859e,2025-05-30 23:30:00+00:00,Indianapolis,Uncasville,previous_game_city
58213aa0-65d0-474d-8f26-5b28ea18b59d,2025-06-01 22:00:00+00:00,2025-06-01,2025,d6a012ed-84aa-48d3-8265-2d3f3ff2199a,d6a012ed-84aa-48d3-8265-2d3f3ff2199a,171b097d-01db-4ae8-9d56-035689402ec6,FR_LVA_ACES,1,0,1,0,1,3,Seattle,Seattle,0.0,0,b362941f-7c63-4698-b2fd-94d03931d2c4,2025-05-31 02:00:00+00:00,Seattle,Seattle,previous_game_city
58213aa0-65d0-474d-8f26-5b28ea18b59d,2025-06-01 22:00:00+00:00,2025-06-01,2025,171b097d-01db-4ae8-9d56-035689402ec6,FR_LVA_ACES,d6a012ed-84aa-48d3-8265-2d3f3ff2199a,d6a012ed-84aa-48d3-8265-2d3f3ff2199a,0,0,1,0,1,2,Paradise,Seattle,877.2,0,f3470bfa-ede4-4a89-9112-c19f16602f14,2025-05-31 02:00:00+00:00,Paradise,Paradise,previous_game_city
c9d9dbf0-f3e6-4f3f-b2a5-e83fe165023d,2025-06-01 22:00:00+00:00,2025-06-01,2025,0a5ad38d-2fe3-43ba-894b-1ba3d5042ea9,0a5ad38d-2fe3-43ba-894b-1ba3d5042ea9,0699edf3-5993-4182-b9b4-ec935cbd4fcc,0699edf3-5993-4182-b9b4-ec935cbd4fcc,1,0,1,0,1,3,Paradise,Los Angeles,224.7,0,f3470bfa-ede4-4a89-9112-c19f16602f14,2025-05-31 02:00:00+00:00,Paradise,Los Angeles,previous_game_city
c9d9dbf0-f3e6-4f3f-b2a5-e83fe165023d,2025-06-01 22:00:00+00:00,2025-06-01,2025,0699edf3-5993-4182-b9b4-ec935cbd4fcc,0699edf3-5993-4182-b9b4-ec935cbd4fcc,0a5ad38d-2fe3-43ba-894b-1ba3d5042ea9,0a5ad38d-2fe3-43ba-894b-1ba3d5042ea9,0,0,1,0,1,3,Phoenix,Los Angeles,358.3,0,c3e32fcd-a01f-4508-a0a0-cd764857ad67,2025-05-31 02:00:00+00:00,Phoenix,Phoenix,previous_game_city
9998a61a-229c-44c2-b892-ee5b1ea16c23,2025-06-02 00:30:00+00:00,2025-06-01,2025,4f57ec40-0d35-4b59-bea0-9d040f0d2292,4f57ec40-0d35-4b59-bea0-9d040f0d2292,6f017f37-be96-4bdc-b6d3-0a0429c72e89,6f017f37-be96-4bdc-b6d3-0a0429c72e89,1,0,2,0,1,2,Brooklyn,San Francisco,2566.2,-3,a17fdde4-604b-4197-8c9a-97dc9b78c44e,2025-05-29 23:00:00+00:00,Brooklyn,San Francisco,previous_game_city
9998a61a-229c-44c2-b892-ee5b1ea16c23,2025-06-02 00:30:00+00:00,2025-06-01,2025,6f017f37-be96-4bdc-b6d3-0a0429c72e89,6f017f37-be96-4bdc-b6d3-0a0429c72e89,4f57ec40-0d35-4b59-bea0-9d040f0d2292,4f57ec40-0d35-4b59-bea0-9d040f0d2292,0,0,1,0,1,2,Phoenix,San Francisco,651.4,0,c3e32fcd-a01f-4508-a0a0-cd764857ad67,2025-05-31 02:00:00+00:00,Phoenix,Minneapolis,previous_game_city
ad3c9dd5-f619-4f67-8827-5fa1c32197a9,2025-06-03 23:00:00+00:00,2025-06-03,2025,f073a15f-0486-4179-b0a3-dfd0294eb595,f073a15f-0486-4179-b0a3-dfd0294eb595,5c0d47fe-8539-47b0-9f36-d0b3609ca89b,5c0d47fe-8539-47b0-9f36-d0b3609ca89b,1,0,3,0,1,2,Indianapolis,Indianapolis,0.0,0,1d299098-034f-480d-af99-bcebd640859e,2025-05-30 23:30:00+00:00,Indianapolis,Indianapolis,previous_game_city
ad3c9dd5-f619-4f67-8827-5fa1c32197a9,2025-06-03 23:00:00+00:00,2025-06-03,2025,5c0d47fe-8539-47b0-9f36-d0b3609ca89b,5c0d47fe-8539-47b0-9f36-d0b3609ca89b,f073a15f-0486-4179-b0a3-dfd0294eb595,f073a15f-0486-4179-b0a3-dfd0294eb595,0,0,3,0,1,2,Washington,Indianapolis,493.8,0,e09bd75a-f5bc-42c2-aff3-96b24323a37d,2025-05-30 23:30:00+00:00,Washington,Washington,previous_game_city
272d53ae-a46b-43bc-ac0f-8a846e03a9d1,2025-06-04 00:00:00+00:00,2025-06-03,2025,6f017f37-be96-4bdc-b6d3-0a0429c72e89,6f017f37-be96-4bdc-b6d3-0a0429c72e89,0699edf3-5993-4182-b9b4-ec935cbd4fcc,0699edf3-5993-4182-b9b4-ec935cbd4fcc,1,0,1,0,2,3,San Francisco,Minneapolis,1579.5,2,9998a61a-229c-44c2-b892-ee5b1ea16c23,2025-06-02 00:30:00+00:00,San Francisco,Minneapolis,previous_game_city
272d53ae-a46b-43bc-ac0f-8a846e03a9d1,2025-06-04 00:00:00+00:00,2025-06-03,2025,0699edf3-5993-4182-b9b4-ec935cbd4fcc,0699edf3-5993-4182-b9b4-ec935cbd4fcc,6f017f37-be96-4bdc-b6d3-0a0429c72e89,6f017f37-be96-4bdc-b6d3-0a0429c72e89,0,0,1,0,2,3,Los Angeles,Minneapolis,1522.4,2,c9d9dbf0-f3e6-4f3f-b2a5-e83fe165023d,2025-06-01 22:00:00+00:00,Los Angeles,Phoenix,previous_game_city
ed7f05ed-46c5-44b7-84d2-222654ca74f9,2025-06-04 01:30:00+00:00,2025-06-03,2025,d6a012ed-84aa-48d3-8265-2d3f3ff2199a,d6a012ed-84aa-48d3-8265-2d3f3ff2199a,5f0b5caf-708b-4300-92f2-53b51d83ec06,5f0b5caf-708b-4300-92f2-53b51d83ec06,1,0,1,0,2,3,Seattle,Seattle,0.0,0,58213aa0-65d0-474d-8f26-5b28ea18b59d,2025-06-01 22:00:00+00:00,Seattle,Seattle,previous_game_city
ed7f05ed-46c5-44b7-84d2-222654ca74f9,2025-06-04 01:30:00+00:00,2025-06-03,2025,5f0b5caf-708b-4300-92f2-53b51d83ec06,5f0b5caf-708b-4300-92f2-53b51d83ec06,d6a012ed-84aa-48d3-8265-2d3f3ff2199a,d6a012ed-84aa-48d3-8265-2d3f3ff2199a,0,0,2,0,1,3,Arlington,Seattle,1670.8,-2,edfd325f-1f56-417a-9e52-bc60e744f09c,2025-06-01 00:00:00+00:00,Arlington,Arlington,previous_game_city
f8baaf5b-f1fa-4923-9eec-e85ed7a82142,2025-06-05 23:30:00+00:00,2025-06-05,2025,5c0d47fe-8539-47b0-9f36-d0b3609ca89b,5c0d47fe-8539-47b0-9f36-d0b3609ca89b,08ed8274-e29f-4248-bc2e-83cc8ed18d75,08ed8274-e29f-4248-bc2e-83cc8ed18d75,1,0,1,0,1,2,Indianapolis,Washington,493.8,0,ad3c9dd5-f619-4f67-8827-5fa1c32197a9,2025-06-03 23:00:00+00:00,Indianapolis,Washington,previous_game_city
f8baaf5b-f1fa-4923-9eec-e85ed7a82142,2025-06-05 23:30:00+00:00,2025-06-05,2025,08ed8274-e29f-4248-bc2e-83cc8ed18d75,08ed8274-e29f-4248-bc2e-83cc8ed18d75,5c0d47fe-8539-47b0-9f36-d0b3609ca89b,5c0d47fe-8539-47b0-9f36-d0b3609ca89b,0,0,3,0,1,3,Brooklyn,Washington,204.3,0,765fac81-ca49-432b-8368-a419565a5531,2025-06-01 19:00:00+00:00,Brooklyn,Brooklyn,previous_game_city
45eb60bf-a1b9-4f49-90cb-62097ff47bbd,2025-06-06 02:00:00+00:00,2025-06-05,2025,0699edf3-5993-4182-b9b4-ec935cbd4fcc,0699edf3-5993-4182-b9b4-ec935cbd4fcc,4f57ec40-0d35-4b59-bea0-9d040f0d2292,4f57ec40-0d35-4b59-bea0-9d040f0d2292,1,0,1,0,2,3,Minneapolis,Phoenix,1278.1,-2,272d53ae-a46b-43bc-ac0f-8a846e03a9d1,2025-06-04 00:00:00+00:00,Minneapolis,Phoenix,previous_game_city
45eb60bf-a1b9-4f49-90cb-62097ff47bbd,2025-06-06 02:00:00+00:00,2025-06-05,2025,4f57ec40-0d35-4b59-bea0-9d040f0d2292,4f57ec40-0d35-4b59-bea0-9d040f0d2292,0699edf3-5993-4182-b9b4-ec935cbd4fcc,0699edf3-5993-4182-b9b4-ec935cbd4fcc,0,0,3,0,1,2,San Francisco,Phoenix,651.4,0,9998a61a-229c-44c2-b892-ee5b1ea16c23,2025-06-02 00:30:00+00:00,San Francisco,San Francisco,previous_game_city
772cef5b-3110-4eaf-a68b-6eb3cd04f42a,2025-06-06 23:30:00+00:00,2025-06-06,2025,a015b02d-845c-40c1-8ef4-844984f47e4d,a015b02d-845c-40c1-8ef4-844984f47e4d,5d70a9af-8c2b-4aec-9e68-9acc6ddb93e4,5d70a9af-8c2b-4aec-9e68-9acc6ddb93e4,1,0,4,0,0,2,Uncasville,Uncasville,0.0,0,765fac81-ca49-432b-8368-a419565a5531,2025-06-01 19:00:00+00:00,Brooklyn,Uncasville,home_city
772cef5b-3110-4eaf-a68b-6eb3cd04f42a,2025-06-06 23:30:00+00:00,2025-06-06,2025,5d70a9af-8c2b-4aec-9e68-9acc6ddb93e4,5d70a9af-8c2b-4aec-9e68-9acc6ddb93e4,a015b02d-845c-40c1-8ef4-844984f47e4d,a015b02d-845c-40c1-8ef4-844984f47e4d,0,0,6,0,0,1,College Park,Uncasville,866.0,0,b362941f-7c63-4698-b2fd-94d03931d2c4,2025-05-31 02:00:00+00:00,Seattle,College Park,home_city
47a7d227-3c32-40e6-a7ef-8ac8ab76d1a4,2025-06-07 01:30:00+00:00,2025-06-06,2025,5f0b5caf-708b-4300-92f2-53b51d83ec06,5f0b5caf-708b-4300-92f2-53b51d83ec06,0a5ad38d-2fe3-43ba-894b-1ba3d5042ea9,0a5ad38d-2fe3-43ba-894b-1ba3d5042ea9,1,0,2,0,1,2,Seattle,Arlington,1670.8,2,ed7f05ed-46c5-44b7-84d2-222654ca74f9,2025-06-04 01:30:00+00:00,Seattle,Arlington,previous_game_city
47a7d227-3c32-40e6-a7ef-8ac8ab76d1a4,2025-06-07 01:30:00+00:00,2025-06-06,2025,0a5ad38d-2fe3-43ba-894b-1ba3d5042ea9,0a5ad38d-2fe3-43ba-894b-1ba3d5042ea9,5f0b5caf-708b-4300-92f2-53b51d83ec06,5f0b5caf-708b-4300-92f2-53b51d83ec06,0,0,4,0,0,2,Los Angeles,Arlington,1221.9,2,c9d9dbf0-f3e6-4f3f-b2a5-e83fe165023d,2025-06-01 22:00:00+00:00,Los Angeles,Los Angeles,home_city
8b0ee0bd-54cf-4be2-a8ba-b16813be20b6,2025-06-07 19:00:00+00:00,2025-06-07,2025,4f57ec40-0d35-4b59-bea0-9d040f0d2292,4f57ec40-0d35-4b59-bea0-9d040f0d2292,171b097d-01db-4ae8-9d56-035689402ec6,FR_LVA_ACES,1,0,1,0,1,2,Phoenix,San Francisco,651.4,0,45eb60bf-a1b9-4f49-90cb-62097ff47bbd,2025-06-06 02:00:00+00:00,Phoenix,San Francisco,previous_game_city
8b0ee0bd-54cf-4be2-a8ba-b16813be20b6,2025-06-07 19:00:00+00:00,2025-06-07,2025,171b097d-01db-4ae8-9d56-035689402ec6,FR_LVA_ACES,4f57ec40-0d35-4b59-bea0-9d040f0d2292,4f57ec40-0d35-4b59-bea0-9d040f0d2292,0,0,5,0,0,1,Paradise,San Francisco,414.5,0,58213aa0-65d0-474d-8f26-5b28ea18b59d,2025-06-01 22:00:00+00:00,Seattle,Paradise,home_city
6022e6ab-04da-4d0b-9ef0-7cad9d8f09cc,2025-06-08 00:00:00+00:00,2025-06-07,2025,3c409388-ab73-4c7f-953d-3a71062240f6,3c409388-ab73-4c7f-953d-3a71062240f6,f073a15f-0486-4179-b0a3-dfd0294eb595,f073a15f-0486-4179-b0a3-dfd0294eb595,1,0,6,0,0,1,Chicago,Chicago,3.0,0,edfd325f-1f56-417a-9e52-bc60e744f09c,2025-06-01 00:00:00+00:00,Arlington,Chicago,home_city
6022e6ab-04da-4d0b-9ef0-7cad9d8f09cc,2025-06-08 00:00:00+00:00,2025-06-07,2025,f073a15f-0486-4179-b0a3-dfd0294eb595,f073a15f-0486-4179-b0a3-dfd0294eb595,3c409388-ab73-4c7f-953d-3a71062240f6,3c409388-ab73-4c7f-953d-3a71062240f6,0,0,3,0,1,1,Indianapolis,Chicago,166.4,-1,ad3c9dd5-f619-4f67-8827-5fa1c32197a9,2025-06-03 23:00:00+00:00,Indianapolis,Indianapolis,previous_game_city
639e72ff-50dd-401b-a2a8-dd49fdd02b89,2025-06-08 02:00:00+00:00,2025-06-07,2025,0699edf3-5993-4182-b9b4-ec935cbd4fcc,0699edf3-5993-4182-b9b4-ec935cbd4fcc,d6a012ed-84aa-48d3-8265-2d3f3ff2199a,d6a012ed-84aa-48d3-8265-2d3f3ff2199a,1,0,1,0,2,3,Phoenix,Phoenix,0.0,0,45eb60bf-a1b9-4f49-90cb-62097ff47bbd,2025-06-06 02:00:00+00:00,Phoenix,Phoenix,previous_game_city
639e72ff-50dd-401b-a2a8-dd49fdd02b89,2025-06-08 02:00:00+00:00,2025-06-07,2025,d6a012ed-84aa-48d3-8265-2d3f3ff2199a,d6a012ed-84aa-48d3-8265-2d3f3ff2199a,0699edf3-5993-4182-b9b4-ec935cbd4fcc,0699edf3-5993-4182-b9b4-ec935cbd4fcc,0,0,3,0,1,2,Seattle,Phoenix,1116.2,0,ed7f05ed-46c5-44b7-84d2-222654ca74f9,2025-06-04 01:30:00+00:00,Seattle,Seattle,previous_game_city
d181b175-a503-4a37-a3ce-9673570c903d,2025-06-08 19:00:00+00:00,2025-06-08,2025,5c0d47fe-8539-47b0-9f36-d0b3609ca89b,5c0d47fe-8539-47b0-9f36-d0b3609ca89b,a015b02d-845c-40c1-8ef4-844984f47e4d,a015b02d-845c-40c1-8ef4-844984f47e4d,1,0,2,0,1,2,Washington,Washington,0.0,0,f8baaf5b-f1fa-4923-9eec-e85ed7a82142,2025-06-05 23:30:00+00:00,Washington,Washington,previous_game_city
d181b175-a503-4a37-a3ce-9673570c903d,2025-06-08 19:00:00+00:00,2025-06-08,2025,a015b02d-845c-40c1-8ef4-844984f47e4d,a015b02d-845c-40c1-8ef4-844984f47e4d,5c0d47fe-8539-47b0-9f36-d0b3609ca89b,5c0d47fe-8539-47b0-9f36-d0b3609ca89b,0,0,1,0,1,2,Uncasville,Washington,316.7,0,772cef5b-3110-4eaf-a68b-6eb3cd04f42a,2025-06-06 23:30:00+00:00,Uncasville,Uncasville,previous_game_city
274b94f6-f288-4d46-bf2c-1b3ffaddacdf,2025-06-08 20:00:00+00:00,2025-06-08,2025,5f0b5caf-708b-4300-92f2-53b51d83ec06,5f0b5caf-708b-4300-92f2-53b51d83ec06,6f017f37-be96-4bdc-b6d3-0a0429c72e89,6f017f37-be96-4bdc-b6d3-0a0429c72e89,1,0,1,0,1,2,Arlington,Arlington,0.0,0,47a7d227-3c32-40e6-a7ef-8ac8ab76d1a4,2025-06-07 01:30:00+00:00,Arlington,Arlington,previous_game_city
274b94f6-f288-4d46-bf2c-1b3ffaddacdf,2025-06-08 20:00:00+00:00,2025-06-08,2025,6f017f37-be96-4bdc-b6d3-0a0429c72e89,6f017f37-be96-4bdc-b6d3-0a0429c72e89,5f0b5caf-708b-4300-92f2-53b51d83ec06,5f0b5caf-708b-4300-92f2-53b51d83ec06,0,0,4,0,0,2,Minneapolis,Arlington,870.8,0,272d53ae-a46b-43bc-ac0f-8a846e03a9d1,2025-06-04 00:00:00+00:00,Minneapolis,Minneapolis,home_city
5e1d090c-1c51-494b-8c1f-1f1ba520ee2a,2025-06-10 02:00:00+00:00,2025-06-09,2025,0a5ad38d-2fe3-43ba-894b-1ba3d5042ea9,0a5ad38d-2fe3-43ba-894b-1ba3d5042ea9,4f57ec40-0d35-4b59-bea0-9d040f0d2292,4f57ec40-0d35-4b59-bea0-9d040f0d2292,1,0,2,0,1,1,Arlington,Los Angeles,1221.9,-2,47a7d227-3c32-40e6-a7ef-8ac8ab76d1a4,2025-06-07 01:30:00+00:00,Arlington,Los Angeles,previous_game_city
5e1d090c-1c51-494b-8c1f-1f1ba520ee2a,2025-06-10 02:00:00+00:00,2025-06-09,2025,4f57ec40-0d35-4b59-bea0-9d040f0d2292,4f57ec40-0d35-4b59-bea0-9d040f0d2292,0a5ad38d-2fe3-43ba-894b-1ba3d5042ea9,0a5ad38d-2fe3-43ba-894b-1ba3d5042ea9,0,0,1,0,2,2,San Francisco,Los Angeles,345.5,0,8b0ee0bd-54cf-4be2-a8ba-b16813be20b6,2025-06-07 19:00:00+00:00,San Francisco,San Francisco,previous_game_city
4a60d4ef-8d10-4f25-bab6-346332242fd5,2025-06-10 23:30:00+00:00,2025-06-10,2025,5d70a9af-8c2b-4aec-9e68-9acc6ddb93e4,5d70a9af-8c2b-4aec-9e68-9acc6ddb93e4,f073a15f-0486-4179-b0a3-dfd0294eb595,f073a15f-0486-4179-b0a3-dfd0294eb595,1,0,3,0,1,1,Uncasville,College Park,866.0,0,772cef5b-3110-4eaf-a68b-6eb3cd04f42a,2025-06-06 23:30:00+00:00,Uncasville,College Park,previous_game_city
4a60d4ef-8d10-4f25-bab6-346332242fd5,2025-06-10 23:30:00+00:00,2025-06-10,2025,f073a15f-0486-4179-b0a3-dfd0294eb595,f073a15f-0486-4179-b0a3-dfd0294eb595,5d70a9af-8c2b-4aec-9e68-9acc6ddb93e4,5d70a9af-8c2b-4aec-9e68-9acc6ddb93e4,0,0,2,0,1,2,Chicago,College Park,595.3,1,6022e6ab-04da-4d0b-9ef0-7cad9d8f09cc,2025-06-08 00:00:00+00:00,Chicago,Indianapolis,previous_game_city
b4e88ec3-e017-41ee-9815-d884b722b6e5,2025-06-11 00:00:00+00:00,2025-06-10,2025,08ed8274-e29f-4248-bc2e-83cc8ed18d75,08ed8274-e29f-4248-bc2e-83cc8ed18d75,3c409388-ab73-4c7f-953d-3a71062240f6,3c409388-ab73-4c7f-953d-3a71062240f6,1,0,4,0,0,1,Brooklyn,Brooklyn,0.0,0,f8baaf5b-f1fa-4923-9eec-e85ed7a82142,2025-06-05 23:30:00+00:00,Washington,Brooklyn,home_city
b4e88ec3-e017-41ee-9815-d884b722b6e5,2025-06-11 00:00:00+00:00,2025-06-10,2025,3c409388-ab73-4c7f-953d-3a71062240f6,3c409388-ab73-4c7f-953d-3a71062240f6,08ed8274-e29f-4248-bc2e-83cc8ed18d75,08ed8274-e29f-4248-bc2e-83cc8ed18d75,0,0,2,0,1,1,Chicago,Brooklyn,715.3,1,6022e6ab-04da-4d0b-9ef0-7cad9d8f09cc,2025-06-08 00:00:00+00:00,Chicago,Chicago,previous_game_city
79540e2c-1097-4658-8983-740bf9bcb90f,2025-06-12 02:00:00+00:00,2025-06-11,2025,d6a012ed-84aa-48d3-8265-2d3f3ff2199a,d6a012ed-84aa-48d3-8265-2d3f3ff2199a,6f017f37-be96-4bdc-b6d3-0a0429c72e89,6f017f37-be96-4bdc-b6d3-0a0429c72e89,1,0,3,0,1,1,Phoenix,Seattle,1116.2,0,639e72ff-50dd-401b-a2a8-dd49fdd02b89,2025-06-08 02:00:00+00:00,Phoenix,Seattle,previous_game_city
79540e2c-1097-4658-8983-740bf9bcb90f,2025-06-12 02:00:00+00:00,2025-06-11,2025,6f017f37-be96-4bdc-b6d3-0a0429c72e89,6f017f37-be96-4bdc-b6d3-0a0429c72e89,d6a012ed-84aa-48d3-8265-2d3f3ff2199a,d6a012ed-84aa-48d3-8265-2d3f3ff2199a,0,0,2,0,1,1,Arlington,Seattle,1670.8,-2,274b94f6-f288-4d46-bf2c-1b3ffaddacdf,2025-06-08 20:00:00+00:00,Arlington,Minneapolis,previous_game_city
84da0d09-cdf5-46a5-89eb-d489373ed8ed,2025-06-12 02:00:00+00:00,2025-06-11,2025,171b097d-01db-4ae8-9d56-035689402ec6,FR_LVA_ACES,0a5ad38d-2fe3-43ba-894b-1ba3d5042ea9,0a5ad38d-2fe3-43ba-894b-1ba3d5042ea9,1,0,3,0,1,1,San Francisco,Paradise,414.5,0,8b0ee0bd-54cf-4be2-a8ba-b16813be20b6,2025-06-07 19:00:00+00:00,San Francisco,Paradise,previous_game_city
84da0d09-cdf5-46a5-89eb-d489373ed8ed,2025-06-12 02:00:00+00:00,2025-06-11,2025,0a5ad38d-2fe3-43ba-894b-1ba3d5042ea9,0a5ad38d-2fe3-43ba-894b-1ba3d5042ea9,171b097d-01db-4ae8-9d56-035689402ec6,FR_LVA_ACES,0,0,1,0,1,2,Los Angeles,Paradise,224.7,0,5e1d090c-1c51-494b-8c1f-1f1ba520ee2a,2025-06-10 02:00:00+00:00,Los Angeles,Los Angeles,previous_game_city
b2ddc164-9bb2-4439-86c3-4fd90c929a5b,2025-06-12 02:00:00+00:00,2025-06-11,2025,0699edf3-5993-4182-b9b4-ec935cbd4fcc,0699edf3-5993-4182-b9b4-ec935cbd4fcc,5f0b5caf-708b-4300-92f2-53b51d83ec06,5f0b5caf-708b-4300-92f2-53b51d83ec06,1,0,3,0,1,2,Phoenix,Phoenix,0.0,0,639e72ff-50dd-401b-a2a8-dd49fdd02b89,2025-06-08 02:00:00+00:00,Phoenix,Phoenix,previous_game_city
b2ddc164-9bb2-4439-86c3-4fd90c929a5b,2025-06-12 02:00:00+00:00,2025-06-11,2025,5f0b5caf-708b-4300-92f2-53b51d83ec06,5f0b5caf-708b-4300-92f2-53b51d83ec06,0699edf3-5993-4182-b9b4-ec935cbd4fcc,0699edf3-5993-4182-b9b4-ec935cbd4fcc,0,0,2,0,1,2,Arlington,Phoenix,866.9,-2,274b94f6-f288-4d46-bf2c-1b3ffaddacdf,2025-06-08 20:00:00+00:00,Arlington,Arlington,previous_game_city
c95f06b7-8138-460b-bc1d-e9c9478156eb,2025-06-13 23:30:00+00:00,2025-06-13,2025,5d70a9af-8c2b-4aec-9e68-9acc6ddb93e4,5d70a9af-8c2b-4aec-9e68-9acc6ddb93e4,3c409388-ab73-4c7f-953d-3a71062240f6,3c409388-ab73-4c7f-953d-3a71062240f6,1,0,2,0,1,2,College Park,College Park,0.0,0,4a60d4ef-8d10-4f25-bab6-346332242fd5,2025-06-10 23:30:00+00:00,College Park,College Park,previous_game_city
c95f06b7-8138-460b-bc1d-e9c9478156eb,2025-06-13 23:30:00+00:00,2025-06-13,2025,3c409388-ab73-4c7f-953d-3a71062240f6,3c409388-ab73-4c7f-953d-3a71062240f6,5d70a9af-8c2b-4aec-9e68-9acc6ddb93e4,5d70a9af-8c2b-4aec-9e68-9acc6ddb93e4,0,0,2,0,1,2,Brooklyn,College Park,753.7,0,b4e88ec3-e017-41ee-9815-d884b722b6e5,2025-06-11 00:00:00+00:00,Brooklyn,Chicago,previous_game_city
95640028-ee51-4c32-89e0-b7258c3072b2,2025-06-14 02:00:00+00:00,2025-06-13,2025,171b097d-01db-4ae8-9d56-035689402ec6,FR_LVA_ACES,5f0b5caf-708b-4300-92f2-53b51d83ec06,5f0b5caf-708b-4300-92f2-53b51d83ec06,1,0,1,0,1,2,Paradise,Paradise,0.0,0,84da0d09-cdf5-46a5-89eb-d489373ed8ed,2025-06-12 02:00:00+00:00,Paradise,Paradise,previous_game_city
95640028-ee51-4c32-89e0-b7258c3072b2,2025-06-14 02:00:00+00:00,2025-06-13,2025,5f0b5caf-708b-4300-92f2-53b51d83ec06,5f0b5caf-708b-4300-92f2-53b51d83ec06,171b097d-01db-4ae8-9d56-035689402ec6,FR_LVA_ACES,0,0,1,0,1,3,Phoenix,Paradise,253.9,0,b2ddc164-9bb2-4439-86c3-4fd90c929a5b,2025-06-12 02:00:00+00:00,Phoenix,Arlington,previous_game_city
998caf2f-d2a7-45f9-b02d-657e1bdfdb4b,2025-06-14 17:00:00+00:00,2025-06-14,2025,6f017f37-be96-4bdc-b6d3-0a0429c72e89,6f017f37-be96-4bdc-b6d3-0a0429c72e89,0a5ad38d-2fe3-43ba-894b-1ba3d5042ea9,0a5ad38d-2fe3-43ba-894b-1ba3d5042ea9,1,0,2,0,1,2,Seattle,Minneapolis,1391.7,2,79540e2c-1097-4658-8983-740bf9bcb90f,2025-06-12 02:00:00+00:00,Seattle,Minneapolis,previous_game_city
998caf2f-d2a7-45f9-b02d-657e1bdfdb4b,2025-06-14 17:00:00+00:00,2025-06-14,2025,0a5ad38d-2fe3-43ba-894b-1ba3d5042ea9,0a5ad38d-2fe3-43ba-894b-1ba3d5042ea9,6f017f37-be96-4bdc-b6d3-0a0429c72e89,6f017f37-be96-4bdc-b6d3-0a0429c72e89,0,0,2,0,1,2,Paradise,Minneapolis,1298.0,2,84da0d09-cdf5-46a5-89eb-d489373ed8ed,2025-06-12 02:00:00+00:00,Paradise,Los Angeles,previous_game_city
f43d1b9c-6f44-4c54-a1a7-cd450611311c,2025-06-14 19:00:00+00:00,2025-06-14,2025,f073a15f-0486-4179-b0a3-dfd0294eb595,f073a15f-0486-4179-b0a3-dfd0294eb595,08ed8274-e29f-4248-bc2e-83cc8ed18d75,08ed8274-e29f-4248-bc2e-83cc8ed18d75,1,0,3,0,1,2,College Park,Indianapolis,433.0,0,4a60d4ef-8d10-4f25-bab6-346332242fd5,2025-06-10 23:30:00+00:00,College Park,Indianapolis,previous_game_city
f43d1b9c-6f44-4c54-a1a7-cd450611311c,2025-06-14 19:00:00+00:00,2025-06-14,2025,08ed8274-e29f-4248-bc2e-83cc8ed18d75,08ed8274-e29f-4248-bc2e-83cc8ed18d75,f073a15f-0486-4179-b0a3-dfd0294eb595,f073a15f-0486-4179-b0a3-dfd0294eb595,0,0,3,0,1,1,Brooklyn,Indianapolis,645.2,0,b4e88ec3-e017-41ee-9815-d884b722b6e5,2025-06-11 00:00:00+00:00,Brooklyn,Brooklyn,previous_game_city
ee13e918-b149-4c1e-8ae9-03cf0618c5d9,2025-06-15 00:30:00+00:00,2025-06-14,2025,4f57ec40-0d35-4b59-bea0-9d040f0d2292,4f57ec40-0d35-4b59-bea0-9d040f0d2292,d6a012ed-84aa-48d3-8265-2d3f3ff2199a,d6a012ed-84aa-48d3-8265-2d3f3ff2199a,1,0,4,0,0,2,San Francisco,San Francisco,0.0,0,5e1d090c-1c51-494b-8c1f-1f1ba520ee2a,2025-06-10 02:00:00+00:00,Los Angeles,San Francisco,home_city
ee13e918-b149-4c1e-8ae9-03cf0618c5d9,2025-06-15 00:30:00+00:00,2025-06-14,2025,d6a012ed-84aa-48d3-8265-2d3f3ff2199a,d6a012ed-84aa-48d3-8265-2d3f3ff2199a,4f57ec40-0d35-4b59-bea0-9d040f0d2292,4f57ec40-0d35-4b59-bea0-9d040f0d2292,0,0,2,0,1,2,Seattle,San Francisco,680.9,0,79540e2c-1097-4658-8983-740bf9bcb90f,2025-06-12 02:00:00+00:00,Seattle,Seattle,previous_game_city
962dcb61-9ab7-45cf-8224-bcf693a06ceb,2025-06-15 16:00:00+00:00,2025-06-15,2025,a015b02d-845c-40c1-8ef4-844984f47e4d,a015b02d-845c-40c1-8ef4-844984f47e4d,3c409388-ab73-4c7f-953d-3a71062240f6,3c409388-ab73-4c7f-953d-3a71062240f6,1,0,6,0,0,1,Uncasville,Uncasville,0.0,0,d181b175-a503-4a37-a3ce-9673570c903d,2025-06-08 19:00:00+00:00,Washington,Uncasville,home_city
962dcb61-9ab7-45cf-8224-bcf693a06ceb,2025-06-15 16:00:00+00:00,2025-06-15,2025,3c409388-ab73-4c7f-953d-3a71062240f6,3c409388-ab73-4c7f-953d-3a71062240f6,a015b02d-845c-40c1-8ef4-844984f47e4d,a015b02d-845c-40c1-8ef4-844984f47e4d,0,0,1,0,1,2,College Park,Uncasville,866.0,0,c95f06b7-8138-460b-bc1d-e9c9478156eb,2025-06-13 23:30:00+00:00,College Park,Chicago,previous_game_city
58dd842c-81d4-4f8b-9019-9fb43e6b3e3c,2025-06-15 18:00:00+00:00,2025-06-15,2025,5c0d47fe-8539-47b0-9f36-d0b3609ca89b,5c0d47fe-8539-47b0-9f36-d0b3609ca89b,5d70a9af-8c2b-4aec-9e68-9acc6ddb93e4,5d70a9af-8c2b-4aec-9e68-9acc6ddb93e4,1,0,6,0,0,1,Washington,Washington,0.0,0,d181b175-a503-4a37-a3ce-9673570c903d,2025-06-08 19:00:00+00:00,Washington,Washington,home_city
58dd842c-81d4-4f8b-9019-9fb43e6b3e3c,2025-06-15 18:00:00+00:00,2025-06-15,2025,5d70a9af-8c2b-4aec-9e68-9acc6ddb93e4,5d70a9af-8c2b-4aec-9e68-9acc6ddb93e4,5c0d47fe-8539-47b0-9f36-d0b3609ca89b,5c0d47fe-8539-47b0-9f36-d0b3609ca89b,0,0,1,0,1,2,College Park,Washington,549.4,0,c95f06b7-8138-460b-bc1d-e9c9478156eb,2025-06-13 23:30:00+00:00,College Park,College Park,previous_game_city
7162ed3d-7135-4801-b3a8-ba85cbcaa7ea,2025-06-15 22:00:00+00:00,2025-06-15,2025,171b097d-01db-4ae8-9d56-035689402ec6,FR_LVA_ACES,0699edf3-5993-4182-b9b4-ec935cbd4fcc,0699edf3-5993-4182-b9b4-ec935cbd4fcc,1,0,1,0,2,2,Paradise,Paradise,0.0,0,95640028-ee51-4c32-89e0-b7258c3072b2,2025-06-14 02:00:00+00:00,Paradise,Paradise,previous_game_city
7162ed3d-7135-4801-b3a8-ba85cbcaa7ea,2025-06-15 22:00:00+00:00,2025-06-15,2025,0699edf3-5993-4182-b9b4-ec935cbd4fcc,0699edf3-5993-4182-b9b4-ec935cbd4fcc,171b097d-01db-4ae8-9d56-035689402ec6,FR_LVA_ACES,0,0,3,0,1,1,Phoenix,Paradise,253.9,0,b2ddc164-9bb2-4439-86c3-4fd90c929a5b,2025-06-12 02:00:00+00:00,Phoenix,Phoenix,previous_game_city
acf4a696-dabb-4821-9d7a-7417121d43a8,2025-06-17 23:00:00+00:00,2025-06-17,2025,f073a15f-0486-4179-b0a3-dfd0294eb595,f073a15f-0486-4179-b0a3-dfd0294eb595,a015b02d-845c-40c1-8ef4-844984f47e4d,a015b02d-845c-40c1-8ef4-844984f47e4d,1,0,2,0,1,2,Indianapolis,Indianapolis,0.0,0,f43d1b9c-6f44-4c54-a1a7-cd450611311c,2025-06-14 19:00:00+00:00,Indianapolis,Indianapolis,previous_game_city
acf4a696-dabb-4821-9d7a-7417121d43a8,2025-06-17 23:00:00+00:00,2025-06-17,2025,a015b02d-845c-40c1-8ef4-844984f47e4d,a015b02d-845c-40c1-8ef4-844984f47e4d,f073a15f-0486-4179-b0a3-dfd0294eb595,f073a15f-0486-4179-b0a3-dfd0294eb595,0,0,1,0,1,1,Uncasville,Indianapolis,746.3,0,962dcb61-9ab7-45cf-8224-bcf693a06ceb,2025-06-15 16:00:00+00:00,Uncasville,Uncasville,previous_game_city
d4aa66df-d40e-4ca8-9232-7561e99aa20f,2025-06-17 23:00:00+00:00,2025-06-17,2025,08ed8274-e29f-4248-bc2e-83cc8ed18d75,08ed8274-e29f-4248-bc2e-83cc8ed18d75,5d70a9af-8c2b-4aec-9e68-9acc6ddb93e4,5d70a9af-8c2b-4aec-9e68-9acc6ddb93e4,1,0,2,0,1,2,Indianapolis,Brooklyn,645.2,0,f43d1b9c-6f44-4c54-a1a7-cd450611311c,2025-06-14 19:00:00+00:00,Indianapolis,Brooklyn,previous_game_city
d4aa66df-d40e-4ca8-9232-7561e99aa20f,2025-06-17 23:00:00+00:00,2025-06-17,2025,5d70a9af-8c2b-4aec-9e68-9acc6ddb93e4,5d70a9af-8c2b-4aec-9e68-9acc6ddb93e4,08ed8274-e29f-4248-bc2e-83cc8ed18d75,08ed8274-e29f-4248-bc2e-83cc8ed18d75,0,0,1,0,2,3,Washington,Brooklyn,204.3,0,58dd842c-81d4-4f8b-9019-9fb43e6b3e3c,2025-06-15 18:00:00+00:00,Washington,College Park,previous_game_city
326d833a-4a17-4fec-882e-c3699065a0ed,2025-06-18 00:00:00+00:00,2025-06-17,2025,6f017f37-be96-4bdc-b6d3-0a0429c72e89,6f017f37-be96-4bdc-b6d3-0a0429c72e89,171b097d-01db-4ae8-9d56-035689402ec6,FR_LVA_ACES,1,0,2,0,1,2,Minneapolis,Minneapolis,0.0,0,998caf2f-d2a7-45f9-b02d-657e1bdfdb4b,2025-06-14 17:00:00+00:00,Minneapolis,Minneapolis,previous_game_city
326d833a-4a17-4fec-882e-c3699065a0ed,2025-06-18 00:00:00+00:00,2025-06-17,2025,171b097d-01db-4ae8-9d56-035689402ec6,FR_LVA_ACES,6f017f37-be96-4bdc-b6d3-0a0429c72e89,6f017f37-be96-4bdc-b6d3-0a0429c72e89,0,0,1,0,2,3,Paradise,Minneapolis,1298.0,2,7162ed3d-7135-4801-b3a8-ba85cbcaa7ea,2025-06-15 22:00:00+00:00,Paradise,Paradise,previous_game_city
d3a6ebac-4d09-45ba-bacb-b2c623fe8e00,2025-06-18 00:00:00+00:00,2025-06-17,2025,3c409388-ab73-4c7f-953d-3a71062240f6,3c409388-ab73-4c7f-953d-3a71062240f6,5c0d47fe-8539-47b0-9f36-d0b3609ca89b,5c0d47fe-8539-47b0-9f36-d0b3609ca89b,1,0,1,0,2,3,Uncasville,Chicago,800.9,-1,962dcb61-9ab7-45cf-8224-bcf693a06ceb,2025-06-15 16:00:00+00:00,Uncasville,Chicago,previous_game_city
d3a6ebac-4d09-45ba-bacb-b2c623fe8e00,2025-06-18 00:00:00+00:00,2025-06-17,2025,5c0d47fe-8539-47b0-9f36-d0b3609ca89b,5c0d47fe-8539-47b0-9f36-d0b3609ca89b,3c409388-ab73-4c7f-953d-3a71062240f6,3c409388-ab73-4c7f-953d-3a71062240f6,0,0,1,0,1,1,Washington,Chicago,596.5,-1,58dd842c-81d4-4f8b-9019-9fb43e6b3e3c,2025-06-15 18:00:00+00:00,Washington,Washington,previous_game_city
f992552a-94d9-40c8-aa4b-fa5c7bf321fd,2025-06-18 00:00:00+00:00,2025-06-17,2025,5f0b5caf-708b-4300-92f2-53b51d83ec06,5f0b5caf-708b-4300-92f2-53b51d83ec06,4f57ec40-0d35-4b59-bea0-9d040f0d2292,4f57ec40-0d35-4b59-bea0-9d040f0d2292,1,0,3,0,1,2,Paradise,Arlington,1054.3,2,95640028-ee51-4c32-89e0-b7258c3072b2,2025-06-14 02:00:00+00:00,Paradise,Arlington,previous_game_city
f992552a-94d9-40c8-aa4b-fa5c7bf321fd,2025-06-18 00:00:00+00:00,2025-06-17,2025,4f57ec40-0d35-4b59-bea0-9d040f0d2292,4f57ec40-0d35-4b59-bea0-9d040f0d2292,5f0b5caf-708b-4300-92f2-53b51d83ec06,5f0b5caf-708b-4300-92f2-53b51d83ec06,0,0,2,0,1,1,San Francisco,Arlington,1463.3,2,ee13e918-b149-4c1e-8ae9-03cf0618c5d9,2025-06-15 00:30:00+00:00,San Francisco,San Francisco,previous_game_city
4f5eef0b-7151-49c4-bc34-46d08d1e5ca1,2025-06-18 02:00:00+00:00,2025-06-17,2025,0a5ad38d-2fe3-43ba-894b-1ba3d5042ea9,0a5ad38d-2fe3-43ba-894b-1ba3d5042ea9,d6a012ed-84aa-48d3-8265-2d3f3ff2199a,d6a012ed-84aa-48d3-8265-2d3f3ff2199a,1,0,2,0,1,2,Minneapolis,Los Angeles,1522.4,-2,998caf2f-d2a7-45f9-b02d-657e1bdfdb4b,2025-06-14 17:00:00+00:00,Minneapolis,Los Angeles,previous_game_city
4f5eef0b-7151-49c4-bc34-46d08d1e5ca1,2025-06-18 02:00:00+00:00,2025-06-17,2025,d6a012ed-84aa-48d3-8265-2d3f3ff2199a,d6a012ed-84aa-48d3-8265-2d3f3ff2199a,0a5ad38d-2fe3-43ba-894b-1ba3d5042ea9,0a5ad38d-2fe3-43ba-894b-1ba3d5042ea9,0,0,2,0,1,2,San Francisco,Los Angeles,345.5,0,ee13e918-b149-4c1e-8ae9-03cf0618c5d9,2025-06-15 00:30:00+00:00,San Francisco,Seattle,previous_game_city
42f7582e-79b3-4a78-88ba-0245ebd00b6b,2025-06-18 23:00:00+00:00,2025-06-18,2025,a015b02d-845c-40c1-8ef4-844984f47e4d,a015b02d-845c-40c1-8ef4-844984f47e4d,0699edf3-5993-4182-b9b4-ec935cbd4fcc,0699edf3-5993-4182-b9b4-ec935cbd4fcc,1,0,0,1,2,2,Indianapolis,Uncasville,746.3,0,acf4a696-dabb-4821-9d7a-7417121d43a8,2025-06-17 23:00:00+00:00,Indianapolis,Uncasville,previous_game_city
42f7582e-79b3-4a78-88ba-0245ebd00b6b,2025-06-18 23:00:00+00:00,2025-06-18,2025,0699edf3-5993-4182-b9b4-ec935cbd4fcc,0699edf3-5993-4182-b9b4-ec935cbd4fcc,a015b02d-845c-40c1-8ef4-844984f47e4d,a015b02d-845c-40c1-8ef4-844984f47e4d,0,0,2,0,1,2,Paradise,Uncasville,2326.0,3,7162ed3d-7135-4801-b3a8-ba85cbcaa7ea,2025-06-15 22:00:00+00:00,Paradise,Phoenix,previous_game_city
c9537ded-ab0e-4847-9c8a-61866576706f,2025-06-19 23:00:00+00:00,2025-06-19,2025,08ed8274-e29f-4248-bc2e-83cc8ed18d75,08ed8274-e29f-4248-bc2e-83cc8ed18d75,0699edf3-5993-4182-b9b4-ec935cbd4fcc,0699edf3-5993-4182-b9b4-ec935cbd4fcc,1,0,1,0,1,2,Brooklyn,Brooklyn,0.0,0,d4aa66df-d40e-4ca8-9232-7561e99aa20f,2025-06-17 23:00:00+00:00,Brooklyn,Brooklyn,previous_game_city
c9537ded-ab0e-4847-9c8a-61866576706f,2025-06-19 23:00:00+00:00,2025-06-19,2025,0699edf3-5993-4182-b9b4-ec935cbd4fcc,0699edf3-5993-4182-b9b4-ec935cbd4fcc,08ed8274-e29f-4248-bc2e-83cc8ed18d75,08ed8274-e29f-4248-bc2e-83cc8ed18d75,0,0,0,1,2,2,Uncasville,Brooklyn,113.0,0,42f7582e-79b3-4a78-88ba-0245ebd00b6b,2025-06-18 23:00:00+00:00,Uncasville,Phoenix,previous_game_city
57909126-867a-49a0-bc68-8c65ff35b9dd,2025-06-20 02:00:00+00:00,2025-06-19,2025,4f57ec40-0d35-4b59-bea0-9d040f0d2292,4f57ec40-0d35-4b59-bea0-9d040f0d2292,f073a15f-0486-4179-b0a3-dfd0294eb595,f073a15f-0486-4179-b0a3-dfd0294eb595,1,0,1,0,1,2,Arlington,San Francisco,1463.3,-2,f992552a-94d9-40c8-aa4b-fa5c7bf321fd,2025-06-18 00:00:00+00:00,Arlington,San Francisco,previous_game_city
57909126-867a-49a0-bc68-8c65ff35b9dd,2025-06-20 02:00:00+00:00,2025-06-19,2025,f073a15f-0486-4179-b0a3-dfd0294eb595,f073a15f-0486-4179-b0a3-dfd0294eb595,4f57ec40-0d35-4b59-bea0-9d040f0d2292,4f57ec40-0d35-4b59-bea0-9d040f0d2292,0,0,1,0,1,2,Indianapolis,San Francisco,1943.5,-3,acf4a696-dabb-4821-9d7a-7417121d43a8,2025-06-17 23:00:00+00:00,Indianapolis,Indianapolis,previous_game_city
5cc2b6cf-49a3-4f54-a14e-88d92bf3ac7a,2025-06-20 23:30:00+00:00,2025-06-20,2025,a015b02d-845c-40c1-8ef4-844984f47e4d,a015b02d-845c-40c1-8ef4-844984f47e4d,5f0b5caf-708b-4300-92f2-53b51d83ec06,5f0b5caf-708b-4300-92f2-53b51d83ec06,1,0,1,0,2,3,Uncasville,Uncasville,0.0,0,42f7582e-79b3-4a78-88ba-0245ebd00b6b,2025-06-18 23:00:00+00:00,Uncasville,Uncasville,previous_game_city
5cc2b6cf-49a3-4f54-a14e-88d92bf3ac7a,2025-06-20 23:30:00+00:00,2025-06-20,2025,5f0b5caf-708b-4300-92f2-53b51d83ec06,5f0b5caf-708b-4300-92f2-53b51d83ec06,a015b02d-845c-40c1-8ef4-844984f47e4d,a015b02d-845c-40c1-8ef4-844984f47e4d,0,0,2,0,1,2,Arlington,Uncasville,1498.5,1,f992552a-94d9-40c8-aa4b-fa5c7bf321fd,2025-06-18 00:00:00+00:00,Arlington,Arlington,previous_game_city
779671c7-564a-4c9b-8014-3f019f2e56ad,2025-06-20 23:30:00+00:00,2025-06-20,2025,5d70a9af-8c2b-4aec-9e68-9acc6ddb93e4,5d70a9af-8c2b-4aec-9e68-9acc6ddb93e4,5c0d47fe-8539-47b0-9f36-d0b3609ca89b,5c0d47fe-8539-47b0-9f36-d0b3609ca89b,1,0,2,0,1,3,Brooklyn,College Park,753.7,0,d4aa66df-d40e-4ca8-9232-7561e99aa20f,2025-06-17 23:00:00+00:00,Brooklyn,College Park,previous_game_city
779671c7-564a-4c9b-8014-3f019f2e56ad,2025-06-20 23:30:00+00:00,2025-06-20,2025,5c0d47fe-8539-47b0-9f36-d0b3609ca89b,5c0d47fe-8539-47b0-9f36-d0b3609ca89b,5d70a9af-8c2b-4aec-9e68-9acc6ddb93e4,5d70a9af-8c2b-4aec-9e68-9acc6ddb93e4,0,0,2,0,1,2,Chicago,College Park,592.7,1,d3a6ebac-4d09-45ba-bacb-b2c623fe8e00,2025-06-18 00:00:00+00:00,Chicago,Washington,previous_game_city
2d265850-900a-4d26-b91d-9ea1c0a1b382,2025-06-21 02:00:00+00:00,2025-06-20,2025,171b097d-01db-4ae8-9d56-035689402ec6,FR_LVA_ACES,d6a012ed-84aa-48d3-8265-2d3f3ff2199a,d6a012ed-84aa-48d3-8265-2d3f3ff2199a,1,0,2,0,1,3,Minneapolis,Paradise,1298.0,-2,326d833a-4a17-4fec-882e-c3699065a0ed,2025-06-18 00:00:00+00:00,Minneapolis,Paradise,previous_game_city
2d265850-900a-4d26-b91d-9ea1c0a1b382,2025-06-21 02:00:00+00:00,2025-06-20,2025,d6a012ed-84aa-48d3-8265-2d3f3ff2199a,d6a012ed-84aa-48d3-8265-2d3f3ff2199a,171b097d-01db-4ae8-9d56-035689402ec6,FR_LVA_ACES,0,0,2,0,1,2,Los Angeles,Paradise,224.7,0,4f5eef0b-7151-49c4-bc34-46d08d1e5ca1,2025-06-18 02:00:00+00:00,Los Angeles,Seattle,previous_game_city
84446760-5dc5-43e6-a5d9-58080ed0ef75,2025-06-21 17:00:00+00:00,2025-06-21,2025,3c409388-ab73-4c7f-953d-3a71062240f6,3c409388-ab73-4c7f-953d-3a71062240f6,0699edf3-5993-4182-b9b4-ec935cbd4fcc,0699edf3-5993-4182-b9b4-ec935cbd4fcc,1,0,3,0,1,2,Chicago,Chicago,0.0,0,d3a6ebac-4d09-45ba-bacb-b2c623fe8e00,2025-06-18 00:00:00+00:00,Chicago,Chicago,previous_game_city
84446760-5dc5-43e6-a5d9-58080ed0ef75,2025-06-21 17:00:00+00:00,2025-06-21,2025,0699edf3-5993-4182-b9b4-ec935cbd4fcc,0699edf3-5993-4182-b9b4-ec935cbd4fcc,3c409388-ab73-4c7f-953d-3a71062240f6,3c409388-ab73-4c7f-953d-3a71062240f6,0,0,1,0,2,3,Brooklyn,Chicago,712.5,-1,c9537ded-ab0e-4847-9c8a-61866576706f,2025-06-19 23:00:00+00:00,Brooklyn,Phoenix,previous_game_city
1294e522-7385-45d7-852f-76da7cf5ab3d,2025-06-22 00:00:00+00:00,2025-06-21,2025,6f017f37-be96-4bdc-b6d3-0a0429c72e89,6f017f37-be96-4bdc-b6d3-0a0429c72e89,0a5ad38d-2fe3-43ba-894b-1ba3d5042ea9,0a5ad38d-2fe3-43ba-894b-1ba3d5042ea9,1,0,3,0,1,2,Minneapolis,Minneapolis,0.0,0,326d833a-4a17-4fec-882e-c3699065a0ed,2025-06-18 00:00:00+00:00,Minneapolis,Minneapolis,previous_game_city
1294e522-7385-45d7-852f-76da7cf5ab3d,2025-06-22 00:00:00+00:00,2025-06-21,2025,0a5ad38d-2fe3-43ba-894b-1ba3d5042ea9,0a5ad38d-2fe3-43ba-894b-1ba3d5042ea9,6f017f37-be96-4bdc-b6d3-0a0429c72e89,6f017f37-be96-4bdc-b6d3-0a0429c72e89,0,0,3,0,1,2,Los Angeles,Minneapolis,1522.4,2,4f5eef0b-7151-49c4-bc34-46d08d1e5ca1,2025-06-18 02:00:00+00:00,Los Angeles,Los Angeles,previous_game_city
36996288-3356-4ce9-b751-b31f6890cd69,2025-06-22 19:00:00+00:00,2025-06-22,2025,171b097d-01db-4ae8-9d56-035689402ec6,FR_LVA_ACES,f073a15f-0486-4179-b0a3-dfd0294eb595,f073a15f-0486-4179-b0a3-dfd0294eb595,1,0,1,0,1,3,Paradise,Las Vegas,0.8,0,2d265850-900a-4d26-b91d-9ea1c0a1b382,2025-06-21 02:00:00+00:00,Paradise,Paradise,previous_game_city
36996288-3356-4ce9-b751-b31f6890cd69,2025-06-22 19:00:00+00:00,2025-06-22,2025,f073a15f-0486-4179-b0a3-dfd0294eb595,f073a15f-0486-4179-b0a3-dfd0294eb595,171b097d-01db-4ae8-9d56-035689402ec6,FR_LVA_ACES,0,0,2,0,1,2,San Francisco,Las Vegas,414.3,0,57909126-867a-49a0-bc68-8c65ff35b9dd,2025-06-20 02:00:00+00:00,San Francisco,Indianapolis,previous_game_city
b22ddc9a-0884-436b-a5cb-261725723b33,2025-06-22 19:00:00+00:00,2025-06-22,2025,5d70a9af-8c2b-4aec-9e68-9acc6ddb93e4,5d70a9af-8c2b-4aec-9e68-9acc6ddb93e4,3c409388-ab73-4c7f-953d-3a71062240f6,3c409388-ab73-4c7f-953d-3a71062240f6,1,0,1,0,1,3,College Park,College Park,0.0,0,779671c7-564a-4c9b-8014-3f019f2e56ad,2025-06-20 23:30:00+00:00,College Park,College Park,previous_game_city
b22ddc9a-0884-436b-a5cb-261725723b33,2025-06-22 19:00:00+00:00,2025-06-22,2025,3c409388-ab73-4c7f-953d-3a71062240f6,3c409388-ab73-4c7f-953d-3a71062240f6,5d70a9af-8c2b-4aec-9e68-9acc6ddb93e4,5d70a9af-8c2b-4aec-9e68-9acc6ddb93e4,0,0,0,1,1,3,Chicago,College Park,592.7,1,84446760-5dc5-43e6-a5d9-58080ed0ef75,2025-06-21 17:00:00+00:00,Chicago,Chicago,previous_game_city
cda56706-140f-45d4-b565-9b1457767039,2025-06-22 19:00:00+00:00,2025-06-22,2025,5c0d47fe-8539-47b0-9f36-d0b3609ca89b,5c0d47fe-8539-47b0-9f36-d0b3609ca89b,5f0b5caf-708b-4300-92f2-53b51d83ec06,5f0b5caf-708b-4300-92f2-53b51d83ec06,1,0,1,0,1,3,College Park,Washington,549.4,0,779671c7-564a-4c9b-8014-3f019f2e56ad,2025-06-20 23:30:00+00:00,College Park,Washington,previous_game_city
cda56706-140f-45d4-b565-9b1457767039,2025-06-22 19:00:00+00:00,2025-06-22,2025,5f0b5caf-708b-4300-92f2-53b51d83ec06,5f0b5caf-708b-4300-92f2-53b51d83ec06,5c0d47fe-8539-47b0-9f36-d0b3609ca89b,5c0d47fe-8539-47b0-9f36-d0b3609ca89b,0,0,1,0,1,2,Uncasville,Washington,316.7,0,5cc2b6cf-49a3-4f54-a14e-88d92bf3ac7a,2025-06-20 23:30:00+00:00,Uncasville,Arlington,previous_game_city
5c4e4191-667a-4956-811e-2cccb0324876,2025-06-22 23:00:00+00:00,2025-06-22,2025,d6a012ed-84aa-48d3-8265-2d3f3ff2199a,d6a012ed-84aa-48d3-8265-2d3f3ff2199a,08ed8274-e29f-4248-bc2e-83cc8ed18d75,08ed8274-e29f-4248-bc2e-83cc8ed18d75,1,0,1,0,1,2,Paradise,Seattle,877.2,0,2d265850-900a-4d26-b91d-9ea1c0a1b382,2025-06-21 02:00:00+00:00,Paradise,Seattle,previous_game_city
5c4e4191-667a-4956-811e-2cccb0324876,2025-06-22 23:00:00+00:00,2025-06-22,2025,08ed8274-e29f-4248-bc2e-83cc8ed18d75,08ed8274-e29f-4248-bc2e-83cc8ed18d75,d6a012ed-84aa-48d3-8265-2d3f3ff2199a,d6a012ed-84aa-48d3-8265-2d3f3ff2199a,0,0,2,0,1,2,Brooklyn,Seattle,2405.2,-3,c9537ded-ab0e-4847-9c8a-61866576706f,2025-06-19 23:00:00+00:00,Brooklyn,Brooklyn,previous_game_city
10082fe6-4d1c-4a6a-997d-061623f03559,2025-06-23 00:30:00+00:00,2025-06-22,2025,4f57ec40-0d35-4b59-bea0-9d040f0d2292,4f57ec40-0d35-4b59-bea0-9d040f0d2292,a015b02d-845c-40c1-8ef4-844984f47e4d,a015b02d-845c-40c1-8ef4-844984f47e4d,1,0,2,0,1,2,San Francisco,San Francisco,0.0,0,57909126-867a-49a0-bc68-8c65ff35b9dd,2025-06-20 02:00:00+00:00,San Francisco,San Francisco,previous_game_city
10082fe6-4d1c-4a6a-997d-061623f03559,2025-06-23 00:30:00+00:00,2025-06-22,2025,a015b02d-845c-40c1-8ef4-844984f47e4d,a015b02d-845c-40c1-8ef4-844984f47e4d,4f57ec40-0d35-4b59-bea0-9d040f0d2292,4f57ec40-0d35-4b59-bea0-9d040f0d2292,0,0,1,0,2,4,Uncasville,San Francisco,2651.2,-3,5cc2b6cf-49a3-4f54-a14e-88d92bf3ac7a,2025-06-20 23:30:00+00:00,Uncasville,Uncasville,previous_game_city
113aaa30-c901-4aa5-bbaa-16445f830e85,2025-06-25 00:00:00+00:00,2025-06-24,2025,5f0b5caf-708b-4300-92f2-53b51d83ec06,5f0b5caf-708b-4300-92f2-53b51d83ec06,5d70a9af-8c2b-4aec-9e68-9acc6ddb93e4,5d70a9af-8c2b-4aec-9e68-9acc6ddb93e4,1,0,1,0,2,3,Washington,Arlington,1200.9,-1,cda56706-140f-45d4-b565-9b1457767039,2025-06-22 19:00:00+00:00,Washington,Arlington,previous_game_city
113aaa30-c901-4aa5-bbaa-16445f830e85,2025-06-25 00:00:00+00:00,2025-06-24,2025,5d70a9af-8c2b-4aec-9e68-9acc6ddb93e4,5d70a9af-8c2b-4aec-9e68-9acc6ddb93e4,5f0b5caf-708b-4300-92f2-53b51d83ec06,5f0b5caf-708b-4300-92f2-53b51d83ec06,0,0,1,0,2,3,College Park,Arlington,733.7,-1,b22ddc9a-0884-436b-a5cb-261725723b33,2025-06-22 19:00:00+00:00,College Park,College Park,previous_game_city
4bfeb202-768f-487c-a416-9c9a314242a6,2025-06-25 00:00:00+00:00,2025-06-24,2025,3c409388-ab73-4c7f-953d-3a71062240f6,3c409388-ab73-4c7f-953d-3a71062240f6,0a5ad38d-2fe3-43ba-894b-1ba3d5042ea9,0a5ad38d-2fe3-43ba-894b-1ba3d5042ea9,1,0,1,0,2,3,College Park,Chicago,592.7,-1,b22ddc9a-0884-436b-a5cb-261725723b33,2025-06-22 19:00:00+00:00,College Park,Chicago,previous_game_city
4bfeb202-768f-487c-a416-9c9a314242a6,2025-06-25 00:00:00+00:00,2025-06-24,2025,0a5ad38d-2fe3-43ba-894b-1ba3d5042ea9,0a5ad38d-2fe3-43ba-894b-1ba3d5042ea9,3c409388-ab73-4c7f-953d-3a71062240f6,3c409388-ab73-4c7f-953d-3a71062240f6,0,0,2,0,1,2,Minneapolis,Chicago,356.5,0,1294e522-7385-45d7-852f-76da7cf5ab3d,2025-06-22 00:00:00+00:00,Minneapolis,Los Angeles,previous_game_city
f07b7d2f-3955-4af2-ad39-73299457ce8f,2025-06-25 00:00:00+00:00,2025-06-24,2025,5c0d47fe-8539-47b0-9f36-d0b3609ca89b,5c0d47fe-8539-47b0-9f36-d0b3609ca89b,6f017f37-be96-4bdc-b6d3-0a0429c72e89,6f017f37-be96-4bdc-b6d3-0a0429c72e89,1,0,1,0,2,3,Washington,Washington,0.0,0,cda56706-140f-45d4-b565-9b1457767039,2025-06-22 19:00:00+00:00,Washington,Washington,previous_game_city
f07b7d2f-3955-4af2-ad39-73299457ce8f,2025-06-25 00:00:00+00:00,2025-06-24,2025,6f017f37-be96-4bdc-b6d3-0a0429c72e89,6f017f37-be96-4bdc-b6d3-0a0429c72e89,5c0d47fe-8539-47b0-9f36-d0b3609ca89b,5c0d47fe-8539-47b0-9f36-d0b3609ca89b,0,0,2,0,1,2,Minneapolis,Washington,936.1,1,1294e522-7385-45d7-852f-76da7cf5ab3d,2025-06-22 00:00:00+00:00,Minneapolis,Minneapolis,previous_game_city
009fc0bc-e36e-47b2-b5c5-e5cab9b252d1,2025-06-25 02:00:00+00:00,2025-06-24,2025,d6a012ed-84aa-48d3-8265-2d3f3ff2199a,d6a012ed-84aa-48d3-8265-2d3f3ff2199a,f073a15f-0486-4179-b0a3-dfd0294eb595,f073a15f-0486-4179-b0a3-dfd0294eb595,1,0,1,0,2,3,Seattle,Seattle,0.0,0,5c4e4191-667a-4956-811e-2cccb0324876,2025-06-22 23:00:00+00:00,Seattle,Seattle,previous_game_city
009fc0bc-e36e-47b2-b5c5-e5cab9b252d1,2025-06-25 02:00:00+00:00,2025-06-24,2025,f073a15f-0486-4179-b0a3-dfd0294eb595,f073a15f-0486-4179-b0a3-dfd0294eb595,d6a012ed-84aa-48d3-8265-2d3f3ff2199a,d6a012ed-84aa-48d3-8265-2d3f3ff2199a,0,0,1,0,1,3,Las Vegas,Seattle,876.5,0,36996288-3356-4ce9-b751-b31f6890cd69,2025-06-22 19:00:00+00:00,Las Vegas,Indianapolis,previous_game_city
1c528f37-bdd0-449a-99b5-7a8d174e4243,2025-06-26 02:00:00+00:00,2025-06-25,2025,4f57ec40-0d35-4b59-bea0-9d040f0d2292,4f57ec40-0d35-4b59-bea0-9d040f0d2292,08ed8274-e29f-4248-bc2e-83cc8ed18d75,08ed8274-e29f-4248-bc2e-83cc8ed18d75,1,0,2,0,1,2,San Francisco,San Francisco,0.0,0,10082fe6-4d1c-4a6a-997d-061623f03559,2025-06-23 00:30:00+00:00,San Francisco,San Francisco,previous_game_city
1c528f37-bdd0-449a-99b5-7a8d174e4243,2025-06-26 02:00:00+00:00,2025-06-25,2025,08ed8274-e29f-4248-bc2e-83cc8ed18d75,08ed8274-e29f-4248-bc2e-83cc8ed18d75,4f57ec40-0d35-4b59-bea0-9d040f0d2292,4f57ec40-0d35-4b59-bea0-9d040f0d2292,0,0,2,0,1,2,Seattle,San Francisco,680.9,0,5c4e4191-667a-4956-811e-2cccb0324876,2025-06-22 23:00:00+00:00,Seattle,Brooklyn,previous_game_city
e6fdfe56-f4ef-4bab-8f24-19a99adb7f6f,2025-06-26 02:00:00+00:00,2025-06-25,2025,171b097d-01db-4ae8-9d56-035689402ec6,FR_LVA_ACES,a015b02d-845c-40c1-8ef4-844984f47e4d,a015b02d-845c-40c1-8ef4-844984f47e4d,1,0,2,0,1,2,Las Vegas,Paradise,0.8,0,36996288-3356-4ce9-b751-b31f6890cd69,2025-06-22 19:00:00+00:00,Las Vegas,Paradise,previous_game_city
e6fdfe56-f4ef-4bab-8f24-19a99adb7f6f,2025-06-26 02:00:00+00:00,2025-06-25,2025,a015b02d-845c-40c1-8ef4-844984f47e4d,a015b02d-845c-40c1-8ef4-844984f47e4d,171b097d-01db-4ae8-9d56-035689402ec6,FR_LVA_ACES,0,0,2,0,1,3,San Francisco,Paradise,414.5,0,10082fe6-4d1c-4a6a-997d-061623f03559,2025-06-23 00:30:00+00:00,San Francisco,Uncasville,previous_game_city
03c66dd6-d190-41d7-bb90-7709c8c6493b,2025-06-26 23:00:00+00:00,2025-06-26,2025,f073a15f-0486-4179-b0a3-dfd0294eb595,f073a15f-0486-4179-b0a3-dfd0294eb595,0a5ad38d-2fe3-43ba-894b-1ba3d5042ea9,0a5ad38d-2fe3-43ba-894b-1ba3d5042ea9,1,0,1,0,2,3,Seattle,Indianapolis,1869.1,3,009fc0bc-e36e-47b2-b5c5-e5cab9b252d1,2025-06-25 02:00:00+00:00,Seattle,Indianapolis,previous_game_city
03c66dd6-d190-41d7-bb90-7709c8c6493b,2025-06-26 23:00:00+00:00,2025-06-26,2025,0a5ad38d-2fe3-43ba-894b-1ba3d5042ea9,0a5ad38d-2fe3-43ba-894b-1ba3d5042ea9,f073a15f-0486-4179-b0a3-dfd0294eb595,f073a15f-0486-4179-b0a3-dfd0294eb595,0,0,1,0,1,2,Chicago,Indianapolis,163.5,1,4bfeb202-768f-487c-a416-9c9a314242a6,2025-06-25 00:00:00+00:00,Chicago,Los Angeles,previous_game_city
fd8a85e4-5aac-47f6-b278-e1f1fa69b82d,2025-06-27 02:00:00+00:00,2025-06-26,2025,171b097d-01db-4ae8-9d56-035689402ec6,FR_LVA_ACES,5c0d47fe-8539-47b0-9f36-d0b3609ca89b,5c0d47fe-8539-47b0-9f36-d0b3609ca89b,1,0,0,1,2,3,Paradise,Paradise,0.0,0,e6fdfe56-f4ef-4bab-8f24-19a99adb7f6f,2025-06-26 02:00:00+00:00,Paradise,Paradise,previous_game_city
fd8a85e4-5aac-47f6-b278-e1f1fa69b82d,2025-06-27 02:00:00+00:00,2025-06-26,2025,5c0d47fe-8539-47b0-9f36-d0b3609ca89b,5c0d47fe-8539-47b0-9f36-d0b3609ca89b,171b097d-01db-4ae8-9d56-035689402ec6,FR_LVA_ACES,0,0,1,0,2,3,Washington,Paradise,2087.6,-3,f07b7d2f-3955-4af2-ad39-73299457ce8f,2025-06-25 00:00:00+00:00,Washington,Washington,previous_game_city
4e456309-00d3-4582-8f89-1c9049054791,2025-06-27 23:30:00+00:00,2025-06-27,2025,5d70a9af-8c2b-4aec-9e68-9acc6ddb93e4,5d70a9af-8c2b-4aec-9e68-9acc6ddb93e4,6f017f37-be96-4bdc-b6d3-0a0429c72e89,6f017f37-be96-4bdc-b6d3-0a0429c72e89,1,0,2,0,1,3,Arlington,College Park,733.7,1,113aaa30-c901-4aa5-bbaa-16445f830e85,2025-06-25 00:00:00+00:00,Arlington,College Park,previous_game_city
4e456309-00d3-4582-8f89-1c9049054791,2025-06-27 23:30:00+00:00,2025-06-27,2025,6f017f37-be96-4bdc-b6d3-0a0429c72e89,6f017f37-be96-4bdc-b6d3-0a0429c72e89,5d70a9af-8c2b-4aec-9e68-9acc6ddb93e4,5d70a9af-8c2b-4aec-9e68-9acc6ddb93e4,0,0,2,0,1,2,Washington,College Park,549.4,0,f07b7d2f-3955-4af2-ad39-73299457ce8f,2025-06-25 00:00:00+00:00,Washington,Minneapolis,previous_game_city
b27d4faa-d86d-439c-9ae5-0ed478abadb8,2025-06-27 23:30:00+00:00,2025-06-27,2025,5f0b5caf-708b-4300-92f2-53b51d83ec06,5f0b5caf-708b-4300-92f2-53b51d83ec06,f073a15f-0486-4179-b0a3-dfd0294eb595,f073a15f-0486-4179-b0a3-dfd0294eb595,1,0,2,0,1,3,Arlington,Dallas,17.8,0,113aaa30-c901-4aa5-bbaa-16445f830e85,2025-06-25 00:00:00+00:00,Arlington,Arlington,previous_game_city
b27d4faa-d86d-439c-9ae5-0ed478abadb8,2025-06-27 23:30:00+00:00,2025-06-27,2025,f073a15f-0486-4179-b0a3-dfd0294eb595,f073a15f-0486-4179-b0a3-dfd0294eb595,5f0b5caf-708b-4300-92f2-53b51d83ec06,5f0b5caf-708b-4300-92f2-53b51d83ec06,0,0,0,1,2,3,Indianapolis,Dallas,763.5,-1,03c66dd6-d190-41d7-bb90-7709c8c6493b,2025-06-26 23:00:00+00:00,Indianapolis,Indianapolis,previous_game_city
02291b17-b5ee-4973-b184-51149f2c1817,2025-06-28 02:00:00+00:00,2025-06-27,2025,0699edf3-5993-4182-b9b4-ec935cbd4fcc,0699edf3-5993-4182-b9b4-ec935cbd4fcc,08ed8274-e29f-4248-bc2e-83cc8ed18d75,08ed8274-e29f-4248-bc2e-83cc8ed18d75,1,0,5,0,0,1,Phoenix,Phoenix,0.0,0,84446760-5dc5-43e6-a5d9-58080ed0ef75,2025-06-21 17:00:00+00:00,Chicago,Phoenix,home_city
02291b17-b5ee-4973-b184-51149f2c1817,2025-06-28 02:00:00+00:00,2025-06-27,2025,08ed8274-e29f-4248-bc2e-83cc8ed18d75,08ed8274-e29f-4248-bc2e-83cc8ed18d75,0699edf3-5993-4182-b9b4-ec935cbd4fcc,0699edf3-5993-4182-b9b4-ec935cbd4fcc,0,0,1,0,1,2,San Francisco,Phoenix,651.4,0,1c528f37-bdd0-449a-99b5-7a8d174e4243,2025-06-26 02:00:00+00:00,San Francisco,Brooklyn,previous_game_city
27345b01-bece-490a-b228-52c863c0e525,2025-06-28 02:00:00+00:00,2025-06-27,2025,4f57ec40-0d35-4b59-bea0-9d040f0d2292,4f57ec40-0d35-4b59-bea0-9d040f0d2292,3c409388-ab73-4c7f-953d-3a71062240f6,3c409388-ab73-4c7f-953d-3a71062240f6,1,0,1,0,1,2,San Francisco,San Francisco,0.0,0,1c528f37-bdd0-449a-99b5-7a8d174e4243,2025-06-26 02:00:00+00:00,San Francisco,San Francisco,previous_game_city
27345b01-bece-490a-b228-52c863c0e525,2025-06-28 02:00:00+00:00,2025-06-27,2025,3c409388-ab73-4c7f-953d-3a71062240f6,3c409388-ab73-4c7f-953d-3a71062240f6,4f57ec40-0d35-4b59-bea0-9d040f0d2292,4f57ec40-0d35-4b59-bea0-9d040f0d2292,0,0,2,0,1,3,Chicago,San Francisco,1853.8,-2,4bfeb202-768f-487c-a416-9c9a314242a6,2025-06-25 00:00:00+00:00,Chicago,Chicago,previous_game_city
f2a059a9-b803-4538-b746-3868679fa790,2025-06-28 02:00:00+00:00,2025-06-27,2025,d6a012ed-84aa-48d3-8265-2d3f3ff2199a,d6a012ed-84aa-48d3-8265-2d3f3ff2199a,a015b02d-845c-40c1-8ef4-844984f47e4d,a015b02d-845c-40c1-8ef4-844984f47e4d,1,0,2,0,1,3,Seattle,Seattle,0.0,0,009fc0bc-e36e-47b2-b5c5-e5cab9b252d1,2025-06-25 02:00:00+00:00,Seattle,Seattle,previous_game_city
f2a059a9-b803-4538-b746-3868679fa790,2025-06-28 02:00:00+00:00,2025-06-27,2025,a015b02d-845c-40c1-8ef4-844984f47e4d,a015b02d-845c-40c1-8ef4-844984f47e4d,d6a012ed-84aa-48d3-8265-2d3f3ff2199a,d6a012ed-84aa-48d3-8265-2d3f3ff2199a,0,0,1,0,1,3,Paradise,Seattle,877.2,0,e6fdfe56-f4ef-4bab-8f24-19a99adb7f6f,2025-06-26 02:00:00+00:00,Paradise,Uncasville,previous_game_city
f73fe2ca-493d-4a4e-bb34-3b5834d2ce24,2025-06-29 00:00:00+00:00,2025-06-28,2025,5f0b5caf-708b-4300-92f2-53b51d83ec06,5f0b5caf-708b-4300-92f2-53b51d83ec06,5c0d47fe-8539-47b0-9f36-d0b3609ca89b,5c0d47fe-8539-47b0-9f36-d0b3609ca89b,1,0,0,1,2,3,Dallas,Arlington,17.8,0,b27d4faa-d86d-439c-9ae5-0ed478abadb8,2025-06-27 23:30:00+00:00,Dallas,Arlington,previous_game_city
f73fe2ca-493d-4a4e-bb34-3b5834d2ce24,2025-06-29 00:00:00+00:00,2025-06-28,2025,5c0d47fe-8539-47b0-9f36-d0b3609ca89b,5c0d47fe-8539-47b0-9f36-d0b3609ca89b,5f0b5caf-708b-4300-92f2-53b51d83ec06,5f0b5caf-708b-4300-92f2-53b51d83ec06,0,0,1,0,2,3,Paradise,Arlington,1054.3,2,fd8a85e4-5aac-47f6-b278-e1f1fa69b82d,2025-06-27 02:00:00+00:00,Paradise,Washington,previous_game_city
896a9eeb-64b3-4a6c-a723-7f1a9ac07e42,2025-06-29 19:00:00+00:00,2025-06-29,2025,5d70a9af-8c2b-4aec-9e68-9acc6ddb93e4,5d70a9af-8c2b-4aec-9e68-9acc6ddb93e4,08ed8274-e29f-4248-bc2e-83cc8ed18d75,08ed8274-e29f-4248-bc2e-83cc8ed18d75,1,0,1,0,1,3,College Park,College Park,0.0,0,4e456309-00d3-4582-8f89-1c9049054791,2025-06-27 23:30:00+00:00,College Park,College Park,previous_game_city
896a9eeb-64b3-4a6c-a723-7f1a9ac07e42,2025-06-29 19:00:00+00:00,2025-06-29,2025,08ed8274-e29f-4248-bc2e-83cc8ed18d75,08ed8274-e29f-4248-bc2e-83cc8ed18d75,5d70a9af-8c2b-4aec-9e68-9acc6ddb93e4,5d70a9af-8c2b-4aec-9e68-9acc6ddb93e4,0,0,1,0,2,3,Phoenix,College Park,1585.4,3,02291b17-b5ee-4973-b184-51149f2c1817,2025-06-28 02:00:00+00:00,Phoenix,Brooklyn,previous_game_city
8a325ea5-03e5-4940-bb7a-2eb4c8b2b077,2025-06-29 20:00:00+00:00,2025-06-29,2025,0a5ad38d-2fe3-43ba-894b-1ba3d5042ea9,0a5ad38d-2fe3-43ba-894b-1ba3d5042ea9,3c409388-ab73-4c7f-953d-3a71062240f6,3c409388-ab73-4c7f-953d-3a71062240f6,1,0,2,0,1,2,Indianapolis,Los Angeles,1807.4,-3,03c66dd6-d190-41d7-bb90-7709c8c6493b,2025-06-26 23:00:00+00:00,Indianapolis,Los Angeles,previous_game_city
8a325ea5-03e5-4940-bb7a-2eb4c8b2b077,2025-06-29 20:00:00+00:00,2025-06-29,2025,3c409388-ab73-4c7f-953d-3a71062240f6,3c409388-ab73-4c7f-953d-3a71062240f6,0a5ad38d-2fe3-43ba-894b-1ba3d5042ea9,0a5ad38d-2fe3-43ba-894b-1ba3d5042ea9,0,0,1,0,1,3,San Francisco,Los Angeles,345.5,0,27345b01-bece-490a-b228-52c863c0e525,2025-06-28 02:00:00+00:00,San Francisco,Chicago,previous_game_city
475cc53b-e563-4217-a5dc-930581369bab,2025-06-29 22:00:00+00:00,2025-06-29,2025,0699edf3-5993-4182-b9b4-ec935cbd4fcc,0699edf3-5993-4182-b9b4-ec935cbd4fcc,171b097d-01db-4ae8-9d56-035689402ec6,FR_LVA_ACES,1,0,1,0,1,1,Phoenix,Phoenix,0.0,0,02291b17-b5ee-4973-b184-51149f2c1817,2025-06-28 02:00:00+00:00,Phoenix,Phoenix,previous_game_city
475cc53b-e563-4217-a5dc-930581369bab,2025-06-29 22:00:00+00:00,2025-06-29,2025,171b097d-01db-4ae8-9d56-035689402ec6,FR_LVA_ACES,0699edf3-5993-4182-b9b4-ec935cbd4fcc,0699edf3-5993-4182-b9b4-ec935cbd4fcc,0,0,2,0,2,3,Paradise,Phoenix,253.9,0,fd8a85e4-5aac-47f6-b278-e1f1fa69b82d,2025-06-27 02:00:00+00:00,Paradise,Paradise,previous_game_city
70027443-e0df-4b70-ae14-444a64d21e97,2025-06-29 23:00:00+00:00,2025-06-29,2025,6f017f37-be96-4bdc-b6d3-0a0429c72e89,6f017f37-be96-4bdc-b6d3-0a0429c72e89,a015b02d-845c-40c1-8ef4-844984f47e4d,a015b02d-845c-40c1-8ef4-844984f47e4d,1,0,1,0,1,2,College Park,Minneapolis,912.7,-1,4e456309-00d3-4582-8f89-1c9049054791,2025-06-27 23:30:00+00:00,College Park,Minneapolis,previous_game_city
70027443-e0df-4b70-ae14-444a64d21e97,2025-06-29 23:00:00+00:00,2025-06-29,2025,a015b02d-845c-40c1-8ef4-844984f47e4d,a015b02d-845c-40c1-8ef4-844984f47e4d,6f017f37-be96-4bdc-b6d3-0a0429c72e89,6f017f37-be96-4bdc-b6d3-0a0429c72e89,0,0,1,0,2,3,Seattle,Minneapolis,1391.7,2,f2a059a9-b803-4538-b746-3868679fa790,2025-06-28 02:00:00+00:00,Seattle,Uncasville,previous_game_city
63c1a202-5e2e-4437-896f-5759a7ed6c69,2025-06-30 00:30:00+00:00,2025-06-29,2025,4f57ec40-0d35-4b59-bea0-9d040f0d2292,4f57ec40-0d35-4b59-bea0-9d040f0d2292,d6a012ed-84aa-48d3-8265-2d3f3ff2199a,d6a012ed-84aa-48d3-8265-2d3f3ff2199a,1,0,1,0,2,3,San Francisco,San Francisco,0.0,0,27345b01-bece-490a-b228-52c863c0e525,2025-06-28 02:00:00+00:00,San Francisco,San Francisco,previous_game_city
63c1a202-5e2e-4437-896f-5759a7ed6c69,2025-06-30 00:30:00+00:00,2025-06-29,2025,d6a012ed-84aa-48d3-8265-2d3f3ff2199a,d6a012ed-84aa-48d3-8265-2d3f3ff2199a,4f57ec40-0d35-4b59-bea0-9d040f0d2292,4f57ec40-0d35-4b59-bea0-9d040f0d2292,0,0,1,0,1,3,Seattle,San Francisco,680.9,0,f2a059a9-b803-4538-b746-3868679fa790,2025-06-28 02:00:00+00:00,Seattle,Seattle,previous_game_city
01384c8c-e038-4abe-b80a-901c44d112ce,2025-07-03 23:00:00+00:00,2025-07-03,2025,f073a15f-0486-4179-b0a3-dfd0294eb595,f073a15f-0486-4179-b0a3-dfd0294eb595,171b097d-01db-4ae8-9d56-035689402ec6,FR_LVA_ACES,1,0,5,0,0,2,Indianapolis,Indianapolis,0.0,0,b27d4faa-d86d-439c-9ae5-0ed478abadb8,2025-06-27 23:30:00+00:00,Dallas,Indianapolis,home_city
01384c8c-e038-4abe-b80a-901c44d112ce,2025-07-03 23:00:00+00:00,2025-07-03,2025,171b097d-01db-4ae8-9d56-035689402ec6,FR_LVA_ACES,f073a15f-0486-4179-b0a3-dfd0294eb595,f073a15f-0486-4179-b0a3-dfd0294eb595,0,0,3,0,1,2,Phoenix,Indianapolis,1496.2,3,475cc53b-e563-4217-a5dc-930581369bab,2025-06-29 22:00:00+00:00,Phoenix,Paradise,previous_game_city
8eac9b16-89e2-4dd6-bf64-c8281c7879f7,2025-07-03 23:00:00+00:00,2025-07-03,2025,08ed8274-e29f-4248-bc2e-83cc8ed18d75,08ed8274-e29f-4248-bc2e-83cc8ed18d75,0a5ad38d-2fe3-43ba-894b-1ba3d5042ea9,0a5ad38d-2fe3-43ba-894b-1ba3d5042ea9,1,0,3,0,1,2,College Park,Brooklyn,753.7,0,896a9eeb-64b3-4a6c-a723-7f1a9ac07e42,2025-06-29 19:00:00+00:00,College Park,Brooklyn,previous_game_city
8eac9b16-89e2-4dd6-bf64-c8281c7879f7,2025-07-03 23:00:00+00:00,2025-07-03,2025,0a5ad38d-2fe3-43ba-894b-1ba3d5042ea9,0a5ad38d-2fe3-43ba-894b-1ba3d5042ea9,08ed8274-e29f-4248-bc2e-83cc8ed18d75,08ed8274-e29f-4248-bc2e-83cc8ed18d75,0,0,3,0,1,2,Los Angeles,Brooklyn,2448.8,3,8a325ea5-03e5-4940-bb7a-2eb4c8b2b077,2025-06-29 20:00:00+00:00,Los Angeles,Los Angeles,previous_game_city
21815dfe-7533-4983-9fc4-01b7e5798634,2025-07-03 23:30:00+00:00,2025-07-03,2025,5d70a9af-8c2b-4aec-9e68-9acc6ddb93e4,5d70a9af-8c2b-4aec-9e68-9acc6ddb93e4,d6a012ed-84aa-48d3-8265-2d3f3ff2199a,d6a012ed-84aa-48d3-8265-2d3f3ff2199a,1,0,3,0,1,2,College Park,College Park,0.0,0,896a9eeb-64b3-4a6c-a723-7f1a9ac07e42,2025-06-29 19:00:00+00:00,College Park,College Park,previous_game_city
21815dfe-7533-4983-9fc4-01b7e5798634,2025-07-03 23:30:00+00:00,2025-07-03,2025,d6a012ed-84aa-48d3-8265-2d3f3ff2199a,d6a012ed-84aa-48d3-8265-2d3f3ff2199a,5d70a9af-8c2b-4aec-9e68-9acc6ddb93e4,5d70a9af-8c2b-4aec-9e68-9acc6ddb93e4,0,0,3,0,1,2,San Francisco,College Park,2132.3,3,63c1a202-5e2e-4437-896f-5759a7ed6c69,2025-06-30 00:30:00+00:00,San Francisco,Seattle,previous_game_city
4ad39d3d-bb92-4273-aac9-14aced9b814c,2025-07-04 00:00:00+00:00,2025-07-03,2025,5f0b5caf-708b-4300-92f2-53b51d83ec06,5f0b5caf-708b-4300-92f2-53b51d83ec06,0699edf3-5993-4182-b9b4-ec935cbd4fcc,0699edf3-5993-4182-b9b4-ec935cbd4fcc,1,0,4,0,0,2,Arlington,Arlington,0.0,0,f73fe2ca-493d-4a4e-bb34-3b5834d2ce24,2025-06-29 00:00:00+00:00,Arlington,Arlington,home_city
4ad39d3d-bb92-4273-aac9-14aced9b814c,2025-07-04 00:00:00+00:00,2025-07-03,2025,0699edf3-5993-4182-b9b4-ec935cbd4fcc,0699edf3-5993-4182-b9b4-ec935cbd4fcc,5f0b5caf-708b-4300-92f2-53b51d83ec06,5f0b5caf-708b-4300-92f2-53b51d83ec06,0,0,3,0,1,2,Phoenix,Arlington,866.9,2,475cc53b-e563-4217-a5dc-930581369bab,2025-06-29 22:00:00+00:00,Phoenix,Phoenix,previous_game_city
5f9bc5fb-ea1b-41df-a540-0be01471154c,2025-07-04 00:00:00+00:00,2025-07-03,2025,6f017f37-be96-4bdc-b6d3-0a0429c72e89,6f017f37-be96-4bdc-b6d3-0a0429c72e89,5c0d47fe-8539-47b0-9f36-d0b3609ca89b,5c0d47fe-8539-47b0-9f36-d0b3609ca89b,1,0,3,0,1,2,Minneapolis,Minneapolis,0.0,0,70027443-e0df-4b70-ae14-444a64d21e97,2025-06-29 23:00:00+00:00,Minneapolis,Minneapolis,previous_game_city
5f9bc5fb-ea1b-41df-a540-0be01471154c,2025-07-04 00:00:00+00:00,2025-07-03,2025,5c0d47fe-8539-47b0-9f36-d0b3609ca89b,5c0d47fe-8539-47b0-9f36-d0b3609ca89b,6f017f37-be96-4bdc-b6d3-0a0429c72e89,6f017f37-be96-4bdc-b6d3-0a0429c72e89,0,0,4,0,0,2,Washington,Minneapolis,936.1,-1,f73fe2ca-493d-4a4e-bb34-3b5834d2ce24,2025-06-29 00:00:00+00:00,Arlington,Washington,home_city
fb52f96d-5a6c-47ca-93ba-471dd9084a2d,2025-07-05 23:00:00+00:00,2025-07-05,2025,f073a15f-0486-4179-b0a3-dfd0294eb595,f073a15f-0486-4179-b0a3-dfd0294eb595,0a5ad38d-2fe3-43ba-894b-1ba3d5042ea9,0a5ad38d-2fe3-43ba-894b-1ba3d5042ea9,1,0,1,0,1,1,Indianapolis,Indianapolis,0.0,0,01384c8c-e038-4abe-b80a-901c44d112ce,2025-07-03 23:00:00+00:00,Indianapolis,Indianapolis,previous_game_city
fb52f96d-5a6c-47ca-93ba-471dd9084a2d,2025-07-05 23:00:00+00:00,2025-07-05,2025,0a5ad38d-2fe3-43ba-894b-1ba3d5042ea9,0a5ad38d-2fe3-43ba-894b-1ba3d5042ea9,f073a15f-0486-4179-b0a3-dfd0294eb595,f073a15f-0486-4179-b0a3-dfd0294eb595,0,0,1,0,1,2,Brooklyn,Indianapolis,645.2,0,8eac9b16-89e2-4dd6-bf64-c8281c7879f7,2025-07-03 23:00:00+00:00,Brooklyn,Los Angeles,previous_game_city
7d922f87-8ed8-4992-9dd4-4f167d608dd6,2025-07-06 00:00:00+00:00,2025-07-05,2025,6f017f37-be96-4bdc-b6d3-0a0429c72e89,6f017f37-be96-4bdc-b6d3-0a0429c72e89,4f57ec40-0d35-4b59-bea0-9d040f0d2292,4f57ec40-0d35-4b59-bea0-9d040f0d2292,1,0,1,0,1,2,Minneapolis,Minneapolis,0.0,0,5f9bc5fb-ea1b-41df-a540-0be01471154c,2025-07-04 00:00:00+00:00,Minneapolis,Minneapolis,previous_game_city
7d922f87-8ed8-4992-9dd4-4f167d608dd6,2025-07-06 00:00:00+00:00,2025-07-05,2025,4f57ec40-0d35-4b59-bea0-9d040f0d2292,4f57ec40-0d35-4b59-bea0-9d040f0d2292,6f017f37-be96-4bdc-b6d3-0a0429c72e89,6f017f37-be96-4bdc-b6d3-0a0429c72e89,0,0,5,0,0,1,San Francisco,Minneapolis,1579.5,2,63c1a202-5e2e-4437-896f-5759a7ed6c69,2025-06-30 00:30:00+00:00,San Francisco,San Francisco,home_city
ecb7cba9-dfbe-46df-9326-2442921add0c,2025-07-06 17:00:00+00:00,2025-07-06,2025,08ed8274-e29f-4248-bc2e-83cc8ed18d75,08ed8274-e29f-4248-bc2e-83cc8ed18d75,d6a012ed-84aa-48d3-8265-2d3f3ff2199a,d6a012ed-84aa-48d3-8265-2d3f3ff2199a,1,0,2,0,1,2,Brooklyn,Brooklyn,0.0,0,8eac9b16-89e2-4dd6-bf64-c8281c7879f7,2025-07-03 23:00:00+00:00,Brooklyn,Brooklyn,previous_game_city
ecb7cba9-dfbe-46df-9326-2442921add0c,2025-07-06 17:00:00+00:00,2025-07-06,2025,d6a012ed-84aa-48d3-8265-2d3f3ff2199a,d6a012ed-84aa-48d3-8265-2d3f3ff2199a,08ed8274-e29f-4248-bc2e-83cc8ed18d75,08ed8274-e29f-4248-bc2e-83cc8ed18d75,0,0,2,0,1,2,College Park,Brooklyn,753.7,0,21815dfe-7533-4983-9fc4-01b7e5798634,2025-07-03 23:30:00+00:00,College Park,Seattle,previous_game_city
e71aa609-4f24-4b4c-8d2f-952f1cc9a393,2025-07-06 20:00:00+00:00,2025-07-06,2025,a015b02d-845c-40c1-8ef4-844984f47e4d,a015b02d-845c-40c1-8ef4-844984f47e4d,171b097d-01db-4ae8-9d56-035689402ec6,FR_LVA_ACES,1,0,6,0,0,1,Uncasville,Uncasville,0.0,0,70027443-e0df-4b70-ae14-444a64d21e97,2025-06-29 23:00:00+00:00,Minneapolis,Uncasville,home_city
e71aa609-4f24-4b4c-8d2f-952f1cc9a393,2025-07-06 20:00:00+00:00,2025-07-06,2025,171b097d-01db-4ae8-9d56-035689402ec6,FR_LVA_ACES,a015b02d-845c-40c1-8ef4-844984f47e4d,a015b02d-845c-40c1-8ef4-844984f47e4d,0,0,2,0,1,2,Indianapolis,Uncasville,746.3,0,01384c8c-e038-4abe-b80a-901c44d112ce,2025-07-03 23:00:00+00:00,Indianapolis,Paradise,previous_game_city
c45b91f1-cf78-4834-bbf7-ec7221c75049,2025-07-06 23:00:00+00:00,2025-07-06,2025,6f017f37-be96-4bdc-b6d3-0a0429c72e89,6f017f37-be96-4bdc-b6d3-0a0429c72e89,3c409388-ab73-4c7f-953d-3a71062240f6,3c409388-ab73-4c7f-953d-3a71062240f6,1,0,0,1,2,3,Minneapolis,Minneapolis,0.0,0,7d922f87-8ed8-4992-9dd4-4f167d608dd6,2025-07-06 00:00:00+00:00,Minneapolis,Minneapolis,previous_game_city
c45b91f1-cf78-4834-bbf7-ec7221c75049,2025-07-06 23:00:00+00:00,2025-07-06,2025,3c409388-ab73-4c7f-953d-3a71062240f6,3c409388-ab73-4c7f-953d-3a71062240f6,6f017f37-be96-4bdc-b6d3-0a0429c72e89,6f017f37-be96-4bdc-b6d3-0a0429c72e89,0,0,6,0,0,1,Chicago,Minneapolis,356.2,0,8a325ea5-03e5-4940-bb7a-2eb4c8b2b077,2025-06-29 20:00:00+00:00,Los Angeles,Chicago,home_city
a4d71aea-7129-4510-a0c0-686300cd53cf,2025-07-07 23:30:00+00:00,2025-07-07,2025,5d70a9af-8c2b-4aec-9e68-9acc6ddb93e4,5d70a9af-8c2b-4aec-9e68-9acc6ddb93e4,4f57ec40-0d35-4b59-bea0-9d040f0d2292,4f57ec40-0d35-4b59-bea0-9d040f0d2292,1,0,3,0,1,1,College Park,College Park,0.0,0,21815dfe-7533-4983-9fc4-01b7e5798634,2025-07-03 23:30:00+00:00,College Park,College Park,previous_game_city
a4d71aea-7129-4510-a0c0-686300cd53cf,2025-07-07 23:30:00+00:00,2025-07-07,2025,4f57ec40-0d35-4b59-bea0-9d040f0d2292,4f57ec40-0d35-4b59-bea0-9d040f0d2292,5d70a9af-8c2b-4aec-9e68-9acc6ddb93e4,5d70a9af-8c2b-4aec-9e68-9acc6ddb93e4,0,0,1,0,1,1,Minneapolis,College Park,912.7,1,7d922f87-8ed8-4992-9dd4-4f167d608dd6,2025-07-06 00:00:00+00:00,Minneapolis,San Francisco,previous_game_city
cb7c1747-ad70-44d5-86ba-dde154b3bcbd,2025-07-08 02:00:00+00:00,2025-07-07,2025,0699edf3-5993-4182-b9b4-ec935cbd4fcc,0699edf3-5993-4182-b9b4-ec935cbd4fcc,5f0b5caf-708b-4300-92f2-53b51d83ec06,5f0b5caf-708b-4300-92f2-53b51d83ec06,1,0,3,0,1,1,Arlington,Phoenix,866.9,-2,4ad39d3d-bb92-4273-aac9-14aced9b814c,2025-07-04 00:00:00+00:00,Arlington,Phoenix,previous_game_city
cb7c1747-ad70-44d5-86ba-dde154b3bcbd,2025-07-08 02:00:00+00:00,2025-07-07,2025,5f0b5caf-708b-4300-92f2-53b51d83ec06,5f0b5caf-708b-4300-92f2-53b51d83ec06,0699edf3-5993-4182-b9b4-ec935cbd4fcc,0699edf3-5993-4182-b9b4-ec935cbd4fcc,0,0,3,0,1,1,Arlington,Phoenix,866.9,-2,4ad39d3d-bb92-4273-aac9-14aced9b814c,2025-07-04 00:00:00+00:00,Arlington,Arlington,previous_game_city
66b295b9-ed48-41fe-8fd7-4cca0813f9f5,2025-07-08 15:30:00+00:00,2025-07-08,2025,5c0d47fe-8539-47b0-9f36-d0b3609ca89b,5c0d47fe-8539-47b0-9f36-d0b3609ca89b,3c409388-ab73-4c7f-953d-3a71062240f6,3c409388-ab73-4c7f-953d-3a71062240f6,1,0,4,0,0,1,Washington,Fairfax,17.2,0,5f9bc5fb-ea1b-41df-a540-0be01471154c,2025-07-04 00:00:00+00:00,Minneapolis,Washington,home_city
66b295b9-ed48-41fe-8fd7-4cca0813f9f5,2025-07-08 15:30:00+00:00,2025-07-08,2025,3c409388-ab73-4c7f-953d-3a71062240f6,3c409388-ab73-4c7f-953d-3a71062240f6,5c0d47fe-8539-47b0-9f36-d0b3609ca89b,5c0d47fe-8539-47b0-9f36-d0b3609ca89b,0,0,1,0,1,1,Minneapolis,Fairfax,922.3,1,c45b91f1-cf78-4834-bbf7-ec7221c75049,2025-07-06 23:00:00+00:00,Minneapolis,Chicago,previous_game_city
32604e6c-f852-4281-b6c9-a2d2c18fbc96,2025-07-09 00:00:00+00:00,2025-07-08,2025,08ed8274-e29f-4248-bc2e-83cc8ed18d75,08ed8274-e29f-4248-bc2e-83cc8ed18d75,171b097d-01db-4ae8-9d56-035689402ec6,FR_LVA_ACES,1,0,1,0,1,2,Brooklyn,Brooklyn,0.0,0,ecb7cba9-dfbe-46df-9326-2442921add0c,2025-07-06 17:00:00+00:00,Brooklyn,Brooklyn,previous_game_city
32604e6c-f852-4281-b6c9-a2d2c18fbc96,2025-07-09 00:00:00+00:00,2025-07-08,2025,171b097d-01db-4ae8-9d56-035689402ec6,FR_LVA_ACES,08ed8274-e29f-4248-bc2e-83cc8ed18d75,08ed8274-e29f-4248-bc2e-83cc8ed18d75,0,0,1,0,1,2,Uncasville,Brooklyn,113.0,0,e71aa609-4f24-4b4c-8d2f-952f1cc9a393,2025-07-06 20:00:00+00:00,Uncasville,Paradise,previous_game_city
cba5ede2-0a93-430c-aa0b-4c48363996d9,2025-07-09 15:00:00+00:00,2025-07-09,2025,a015b02d-845c-40c1-8ef4-844984f47e4d,a015b02d-845c-40c1-8ef4-844984f47e4d,d6a012ed-84aa-48d3-8265-2d3f3ff2199a,d6a012ed-84aa-48d3-8265-2d3f3ff2199a,1,0,2,0,1,1,Uncasville,Uncasville,0.0,0,e71aa609-4f24-4b4c-8d2f-952f1cc9a393,2025-07-06 20:00:00+00:00,Uncasville,Uncasville,previous_game_city
cba5ede2-0a93-430c-aa0b-4c48363996d9,2025-07-09 15:00:00+00:00,2025-07-09,2025,d6a012ed-84aa-48d3-8265-2d3f3ff2199a,d6a012ed-84aa-48d3-8265-2d3f3ff2199a,a015b02d-845c-40c1-8ef4-844984f47e4d,a015b02d-845c-40c1-8ef4-844984f47e4d,0,0,2,0,1,2,Brooklyn,Uncasville,113.0,0,ecb7cba9-dfbe-46df-9326-2442921add0c,2025-07-06 17:00:00+00:00,Brooklyn,Seattle,previous_game_city
473b6ccd-bea1-4377-b656-99e755056013,2025-07-09 16:00:00+00:00,2025-07-09,2025,f073a15f-0486-4179-b0a3-dfd0294eb595,f073a15f-0486-4179-b0a3-dfd0294eb595,4f57ec40-0d35-4b59-bea0-9d040f0d2292,4f57ec40-0d35-4b59-bea0-9d040f0d2292,1,0,3,0,1,2,Indianapolis,Indianapolis,0.0,0,fb52f96d-5a6c-47ca-93ba-471dd9084a2d,2025-07-05 23:00:00+00:00,Indianapolis,Indianapolis,previous_game_city
473b6ccd-bea1-4377-b656-99e755056013,2025-07-09 16:00:00+00:00,2025-07-09,2025,4f57ec40-0d35-4b59-bea0-9d040f0d2292,4f57ec40-0d35-4b59-bea0-9d040f0d2292,f073a15f-0486-4179-b0a3-dfd0294eb595,f073a15f-0486-4179-b0a3-dfd0294eb595,0,0,1,0,2,2,College Park,Indianapolis,433.0,0,a4d71aea-7129-4510-a0c0-686300cd53cf,2025-07-07 23:30:00+00:00,College Park,San Francisco,previous_game_city
516df53d-92a5-477a-bf9c-ae883264d691,2025-07-09 19:30:00+00:00,2025-07-09,2025,0699edf3-5993-4182-b9b4-ec935cbd4fcc,0699edf3-5993-4182-b9b4-ec935cbd4fcc,6f017f37-be96-4bdc-b6d3-0a0429c72e89,6f017f37-be96-4bdc-b6d3-0a0429c72e89,1,0,1,0,1,2,Phoenix,Phoenix,0.0,0,cb7c1747-ad70-44d5-86ba-dde154b3bcbd,2025-07-08 02:00:00+00:00,Phoenix,Phoenix,previous_game_city
516df53d-92a5-477a-bf9c-ae883264d691,2025-07-09 19:30:00+00:00,2025-07-09,2025,6f017f37-be96-4bdc-b6d3-0a0429c72e89,6f017f37-be96-4bdc-b6d3-0a0429c72e89,0699edf3-5993-4182-b9b4-ec935cbd4fcc,0699edf3-5993-4182-b9b4-ec935cbd4fcc,0,0,2,0,2,3,Minneapolis,Phoenix,1278.1,-2,c45b91f1-cf78-4834-bbf7-ec7221c75049,2025-07-06 23:00:00+00:00,Minneapolis,Minneapolis,previous_game_city
79e66bc9-a63b-4d35-a31b-81f82758ffd1,2025-07-10 00:00:00+00:00,2025-07-09,2025,3c409388-ab73-4c7f-953d-3a71062240f6,3c409388-ab73-4c7f-953d-3a71062240f6,5f0b5caf-708b-4300-92f2-53b51d83ec06,5f0b5caf-708b-4300-92f2-53b51d83ec06,1,0,0,1,2,2,Fairfax,Chicago,581.5,-1,66b295b9-ed48-41fe-8fd7-4cca0813f9f5,2025-07-08 15:30:00+00:00,Fairfax,Chicago,previous_game_city
79e66bc9-a63b-4d35-a31b-81f82758ffd1,2025-07-10 00:00:00+00:00,2025-07-09,2025,5f0b5caf-708b-4300-92f2-53b51d83ec06,5f0b5caf-708b-4300-92f2-53b51d83ec06,3c409388-ab73-4c7f-953d-3a71062240f6,3c409388-ab73-4c7f-953d-3a71062240f6,0,0,1,0,1,2,Phoenix,Chicago,1451.7,2,cb7c1747-ad70-44d5-86ba-dde154b3bcbd,2025-07-08 02:00:00+00:00,Phoenix,Arlington,previous_game_city
e3e04e5c-30b5-4cd3-bef5-9e4a16bf0e89,2025-07-10 19:00:00+00:00,2025-07-10,2025,0a5ad38d-2fe3-43ba-894b-1ba3d5042ea9,0a5ad38d-2fe3-43ba-894b-1ba3d5042ea9,6f017f37-be96-4bdc-b6d3-0a0429c72e89,6f017f37-be96-4bdc-b6d3-0a0429c72e89,1,0,4,0,0,2,Los Angeles,Los Angeles,0.0,0,fb52f96d-5a6c-47ca-93ba-471dd9084a2d,2025-07-05 23:00:00+00:00,Indianapolis,Los Angeles,home_city
e3e04e5c-30b5-4cd3-bef5-9e4a16bf0e89,2025-07-10 19:00:00+00:00,2025-07-10,2025,6f017f37-be96-4bdc-b6d3-0a0429c72e89,6f017f37-be96-4bdc-b6d3-0a0429c72e89,0a5ad38d-2fe3-43ba-894b-1ba3d5042ea9,0a5ad38d-2fe3-43ba-894b-1ba3d5042ea9,0,0,0,1,2,4,Phoenix,Los Angeles,358.3,0,516df53d-92a5-477a-bf9c-ae883264d691,2025-07-09 19:30:00+00:00,Phoenix,Minneapolis,previous_game_city
3128ac62-3240-4020-a3d9-456d92e4e181,2025-07-10 23:30:00+00:00,2025-07-10,2025,5c0d47fe-8539-47b0-9f36-d0b3609ca89b,5c0d47fe-8539-47b0-9f36-d0b3609ca89b,171b097d-01db-4ae8-9d56-035689402ec6,FR_LVA_ACES,1,0,1,0,1,2,Fairfax,Fairfax,0.0,0,66b295b9-ed48-41fe-8fd7-4cca0813f9f5,2025-07-08 15:30:00+00:00,Fairfax,Washington,previous_game_city
3128ac62-3240-4020-a3d9-456d92e4e181,2025-07-10 23:30:00+00:00,2025-07-10,2025,171b097d-01db-4ae8-9d56-035689402ec6,FR_LVA_ACES,5c0d47fe-8539-47b0-9f36-d0b3609ca89b,5c0d47fe-8539-47b0-9f36-d0b3609ca89b,0,0,1,0,2,3,Brooklyn,Fairfax,218.6,0,32604e6c-f852-4281-b6c9-a2d2c18fbc96,2025-07-09 00:00:00+00:00,Brooklyn,Paradise,previous_game_city
9490bb7a-0d69-46d9-b48b-8e419003820a,2025-07-11 23:30:00+00:00,2025-07-11,2025,f073a15f-0486-4179-b0a3-dfd0294eb595,f073a15f-0486-4179-b0a3-dfd0294eb595,5d70a9af-8c2b-4aec-9e68-9acc6ddb93e4,5d70a9af-8c2b-4aec-9e68-9acc6ddb93e4,1,0,1,0,1,2,Indianapolis,Indianapolis,0.0,0,473b6ccd-bea1-4377-b656-99e755056013,2025-07-09 16:00:00+00:00,Indianapolis,Indianapolis,previous_game_city
9490bb7a-0d69-46d9-b48b-8e419003820a,2025-07-11 23:30:00+00:00,2025-07-11,2025,5d70a9af-8c2b-4aec-9e68-9acc6ddb93e4,5d70a9af-8c2b-4aec-9e68-9acc6ddb93e4,f073a15f-0486-4179-b0a3-dfd0294eb595,f073a15f-0486-4179-b0a3-dfd0294eb595,0,0,3,0,1,1,College Park,Indianapolis,433.0,0,a4d71aea-7129-4510-a0c0-686300cd53cf,2025-07-07 23:30:00+00:00,College Park,College Park,previous_game_city
cde22b85-921d-4781-95cf-173139bae8b9,2025-07-12 02:00:00+00:00,2025-07-11,2025,d6a012ed-84aa-48d3-8265-2d3f3ff2199a,d6a012ed-84aa-48d3-8265-2d3f3ff2199a,a015b02d-845c-40c1-8ef4-844984f47e4d,a015b02d-845c-40c1-8ef4-844984f47e4d,1,0,1,0,1,2,Uncasville,Seattle,2466.2,-3,cba5ede2-0a93-430c-aa0b-4c48363996d9,2025-07-09 15:00:00+00:00,Uncasville,Seattle,previous_game_city
cde22b85-921d-4781-95cf-173139bae8b9,2025-07-12 02:00:00+00:00,2025-07-11,2025,a015b02d-845c-40c1-8ef4-844984f47e4d,a015b02d-845c-40c1-8ef4-844984f47e4d,d6a012ed-84aa-48d3-8265-2d3f3ff2199a,d6a012ed-84aa-48d3-8265-2d3f3ff2199a,0,0,1,0,1,2,Uncasville,Seattle,2466.2,-3,cba5ede2-0a93-430c-aa0b-4c48363996d9,2025-07-09 15:00:00+00:00,Uncasville,Uncasville,previous_game_city
6ff8bfe8-1070-4692-958b-926fedbc2607,2025-07-12 17:00:00+00:00,2025-07-12,2025,3c409388-ab73-4c7f-953d-3a71062240f6,3c409388-ab73-4c7f-953d-3a71062240f6,6f017f37-be96-4bdc-b6d3-0a0429c72e89,6f017f37-be96-4bdc-b6d3-0a0429c72e89,1,0,2,0,2,3,Chicago,Chicago,0.0,0,79e66bc9-a63b-4d35-a31b-81f82758ffd1,2025-07-10 00:00:00+00:00,Chicago,Chicago,previous_game_city
6ff8bfe8-1070-4692-958b-926fedbc2607,2025-07-12 17:00:00+00:00,2025-07-12,2025,6f017f37-be96-4bdc-b6d3-0a0429c72e89,6f017f37-be96-4bdc-b6d3-0a0429c72e89,3c409388-ab73-4c7f-953d-3a71062240f6,3c409388-ab73-4c7f-953d-3a71062240f6,0,0,1,0,2,4,Los Angeles,Chicago,1744.0,2,e3e04e5c-30b5-4cd3-bef5-9e4a16bf0e89,2025-07-10 19:00:00+00:00,Los Angeles,Minneapolis,previous_game_city
b25f3091-aef6-4e55-9fb0-d5745a720e42,2025-07-12 20:00:00+00:00,2025-07-12,2025,171b097d-01db-4ae8-9d56-035689402ec6,FR_LVA_ACES,4f57ec40-0d35-4b59-bea0-9d040f0d2292,4f57ec40-0d35-4b59-bea0-9d040f0d2292,1,0,1,0,2,3,Fairfax,Paradise,2070.7,-3,3128ac62-3240-4020-a3d9-456d92e4e181,2025-07-10 23:30:00+00:00,Fairfax,Paradise,previous_game_city
b25f3091-aef6-4e55-9fb0-d5745a720e42,2025-07-12 20:00:00+00:00,2025-07-12,2025,4f57ec40-0d35-4b59-bea0-9d040f0d2292,4f57ec40-0d35-4b59-bea0-9d040f0d2292,171b097d-01db-4ae8-9d56-035689402ec6,FR_LVA_ACES,0,0,2,0,1,3,Indianapolis,Paradise,1594.9,-3,473b6ccd-bea1-4377-b656-99e755056013,2025-07-09 16:00:00+00:00,Indianapolis,San Francisco,previous_game_city
d11600c6-b496-4625-ac2a-acd44a4fe7c4,2025-07-13 17:00:00+00:00,2025-07-13,2025,f073a15f-0486-4179-b0a3-dfd0294eb595,f073a15f-0486-4179-b0a3-dfd0294eb595,5f0b5caf-708b-4300-92f2-53b51d83ec06,5f0b5caf-708b-4300-92f2-53b51d83ec06,1,0,1,0,2,2,Indianapolis,Indianapolis,0.0,0,9490bb7a-0d69-46d9-b48b-8e419003820a,2025-07-11 23:30:00+00:00,Indianapolis,Indianapolis,previous_game_city
d11600c6-b496-4625-ac2a-acd44a4fe7c4,2025-07-13 17:00:00+00:00,2025-07-13,2025,5f0b5caf-708b-4300-92f2-53b51d83ec06,5f0b5caf-708b-4300-92f2-53b51d83ec06,f073a15f-0486-4179-b0a3-dfd0294eb595,f073a15f-0486-4179-b0a3-dfd0294eb595,0,0,3,0,1,2,Chicago,Indianapolis,163.5,1,79e66bc9-a63b-4d35-a31b-81f82758ffd1,2025-07-10 00:00:00+00:00,Chicago,Arlington,previous_game_city
1afa397b-1c35-4439-9ccf-dfb9fe66edfd,2025-07-13 19:00:00+00:00,2025-07-13,2025,08ed8274-e29f-4248-bc2e-83cc8ed18d75,08ed8274-e29f-4248-bc2e-83cc8ed18d75,5d70a9af-8c2b-4aec-9e68-9acc6ddb93e4,5d70a9af-8c2b-4aec-9e68-9acc6ddb93e4,1,0,4,0,0,2,Brooklyn,Brooklyn,0.0,0,32604e6c-f852-4281-b6c9-a2d2c18fbc96,2025-07-09 00:00:00+00:00,Brooklyn,Brooklyn,home_city
1afa397b-1c35-4439-9ccf-dfb9fe66edfd,2025-07-13 19:00:00+00:00,2025-07-13,2025,5d70a9af-8c2b-4aec-9e68-9acc6ddb93e4,5d70a9af-8c2b-4aec-9e68-9acc6ddb93e4,08ed8274-e29f-4248-bc2e-83cc8ed18d75,08ed8274-e29f-4248-bc2e-83cc8ed18d75,0,0,1,0,1,2,Indianapolis,Brooklyn,645.2,0,9490bb7a-0d69-46d9-b48b-8e419003820a,2025-07-11 23:30:00+00:00,Indianapolis,College Park,previous_game_city
1dc8a33e-b81b-4a0d-91bf-0109943d729e,2025-07-13 22:00:00+00:00,2025-07-13,2025,0a5ad38d-2fe3-43ba-894b-1ba3d5042ea9,0a5ad38d-2fe3-43ba-894b-1ba3d5042ea9,a015b02d-845c-40c1-8ef4-844984f47e4d,a015b02d-845c-40c1-8ef4-844984f47e4d,1,0,2,0,1,1,Los Angeles,Los Angeles,0.0,0,e3e04e5c-30b5-4cd3-bef5-9e4a16bf0e89,2025-07-10 19:00:00+00:00,Los Angeles,Los Angeles,previous_game_city
1dc8a33e-b81b-4a0d-91bf-0109943d729e,2025-07-13 22:00:00+00:00,2025-07-13,2025,a015b02d-845c-40c1-8ef4-844984f47e4d,a015b02d-845c-40c1-8ef4-844984f47e4d,0a5ad38d-2fe3-43ba-894b-1ba3d5042ea9,0a5ad38d-2fe3-43ba-894b-1ba3d5042ea9,0,0,1,0,2,3,Seattle,Los Angeles,961.9,0,cde22b85-921d-4781-95cf-173139bae8b9,2025-07-12 02:00:00+00:00,Seattle,Uncasville,previous_game_city
9bb7fd31-2faf-4602-bf65-4532dd75baba,2025-07-13 22:00:00+00:00,2025-07-13,2025,d6a012ed-84aa-48d3-8265-2d3f3ff2199a,d6a012ed-84aa-48d3-8265-2d3f3ff2199a,5c0d47fe-8539-47b0-9f36-d0b3609ca89b,5c0d47fe-8539-47b0-9f36-d0b3609ca89b,1,0,1,0,2,3,Seattle,Seattle,0.0,0,cde22b85-921d-4781-95cf-173139bae8b9,2025-07-12 02:00:00+00:00,Seattle,Seattle,previous_game_city
9bb7fd31-2faf-4602-bf65-4532dd75baba,2025-07-13 22:00:00+00:00,2025-07-13,2025,5c0d47fe-8539-47b0-9f36-d0b3609ca89b,5c0d47fe-8539-47b0-9f36-d0b3609ca89b,d6a012ed-84aa-48d3-8265-2d3f3ff2199a,d6a012ed-84aa-48d3-8265-2d3f3ff2199a,0,0,2,0,1,2,Fairfax,Seattle,2312.7,-3,3128ac62-3240-4020-a3d9-456d92e4e181,2025-07-10 23:30:00+00:00,Fairfax,Washington,previous_game_city
541ceca0-1e17-4022-9583-6389fd9a0b97,2025-07-15 00:00:00+00:00,2025-07-14,2025,3c409388-ab73-4c7f-953d-3a71062240f6,3c409388-ab73-4c7f-953d-3a71062240f6,6f017f37-be96-4bdc-b6d3-0a0429c72e89,6f017f37-be96-4bdc-b6d3-0a0429c72e89,1,0,1,0,1,3,Chicago,Chicago,0.0,0,6ff8bfe8-1070-4692-958b-926fedbc2607,2025-07-12 17:00:00+00:00,Chicago,Chicago,previous_game_city
541ceca0-1e17-4022-9583-6389fd9a0b97,2025-07-15 00:00:00+00:00,2025-07-14,2025,6f017f37-be96-4bdc-b6d3-0a0429c72e89,6f017f37-be96-4bdc-b6d3-0a0429c72e89,3c409388-ab73-4c7f-953d-3a71062240f6,3c409388-ab73-4c7f-953d-3a71062240f6,0,0,1,0,2,3,Chicago,Chicago,0.0,0,6ff8bfe8-1070-4692-958b-926fedbc2607,2025-07-12 17:00:00+00:00,Chicago,Minneapolis,previous_game_city
8a311d5b-f22a-4cac-8291-39d32d009302,2025-07-15 02:00:00+00:00,2025-07-14,2025,4f57ec40-0d35-4b59-bea0-9d040f0d2292,4f57ec40-0d35-4b59-bea0-9d040f0d2292,0699edf3-5993-4182-b9b4-ec935cbd4fcc,0699edf3-5993-4182-b9b4-ec935cbd4fcc,1,0,1,0,1,3,Paradise,San Francisco,414.5,0,b25f3091-aef6-4e55-9fb0-d5745a720e42,2025-07-12 20:00:00+00:00,Paradise,San Francisco,previous_game_city
8a311d5b-f22a-4cac-8291-39d32d009302,2025-07-15 02:00:00+00:00,2025-07-14,2025,0699edf3-5993-4182-b9b4-ec935cbd4fcc,0699edf3-5993-4182-b9b4-ec935cbd4fcc,4f57ec40-0d35-4b59-bea0-9d040f0d2292,4f57ec40-0d35-4b59-bea0-9d040f0d2292,0,0,4,0,0,2,Phoenix,San Francisco,651.4,0,516df53d-92a5-477a-bf9c-ae883264d691,2025-07-09 19:30:00+00:00,Phoenix,Phoenix,home_city
333e71e9-d362-4003-836b-7d936322e7d2,2025-07-16 00:00:00+00:00,2025-07-15,2025,a015b02d-845c-40c1-8ef4-844984f47e4d,a015b02d-845c-40c1-8ef4-844984f47e4d,f073a15f-0486-4179-b0a3-dfd0294eb595,f073a15f-0486-4179-b0a3-dfd0294eb595,1,0,1,0,2,3,Los Angeles,Boston,2592.2,3,1dc8a33e-b81b-4a0d-91bf-0109943d729e,2025-07-13 22:00:00+00:00,Los Angeles,Uncasville,previous_game_city
333e71e9-d362-4003-836b-7d936322e7d2,2025-07-16 00:00:00+00:00,2025-07-15,2025,f073a15f-0486-4179-b0a3-dfd0294eb595,f073a15f-0486-4179-b0a3-dfd0294eb595,a015b02d-845c-40c1-8ef4-844984f47e4d,a015b02d-845c-40c1-8ef4-844984f47e4d,0,0,1,0,2,3,Indianapolis,Boston,805.4,0,d11600c6-b496-4625-ac2a-acd44a4fe7c4,2025-07-13 17:00:00+00:00,Indianapolis,Indianapolis,previous_game_city
e380b602-7a50-4ce9-99e7-63c43f11724e,2025-07-16 02:00:00+00:00,2025-07-15,2025,0a5ad38d-2fe3-43ba-894b-1ba3d5042ea9,0a5ad38d-2fe3-43ba-894b-1ba3d5042ea9,5c0d47fe-8539-47b0-9f36-d0b3609ca89b,5c0d47fe-8539-47b0-9f36-d0b3609ca89b,1,0,1,0,1,2,Los Angeles,Los Angeles,0.0,0,1dc8a33e-b81b-4a0d-91bf-0109943d729e,2025-07-13 22:00:00+00:00,Los Angeles,Los Angeles,previous_game_city
e380b602-7a50-4ce9-99e7-63c43f11724e,2025-07-16 02:00:00+00:00,2025-07-15,2025,5c0d47fe-8539-47b0-9f36-d0b3609ca89b,5c0d47fe-8539-47b0-9f36-d0b3609ca89b,0a5ad38d-2fe3-43ba-894b-1ba3d5042ea9,0a5ad38d-2fe3-43ba-894b-1ba3d5042ea9,0,0,1,0,1,3,Seattle,Los Angeles,961.9,0,9bb7fd31-2faf-4602-bf65-4532dd75baba,2025-07-13 22:00:00+00:00,Seattle,Washington,previous_game_city
c0fc57e5-f80e-4668-a218-89e26635bcda,2025-07-16 16:00:00+00:00,2025-07-16,2025,3c409388-ab73-4c7f-953d-3a71062240f6,3c409388-ab73-4c7f-953d-3a71062240f6,5d70a9af-8c2b-4aec-9e68-9acc6ddb93e4,5d70a9af-8c2b-4aec-9e68-9acc6ddb93e4,1,0,1,0,2,3,Chicago,Chicago,0.0,0,541ceca0-1e17-4022-9583-6389fd9a0b97,2025-07-15 00:00:00+00:00,Chicago,Chicago,previous_game_city
c0fc57e5-f80e-4668-a218-89e26635bcda,2025-07-16 16:00:00+00:00,2025-07-16,2025,5d70a9af-8c2b-4aec-9e68-9acc6ddb93e4,5d70a9af-8c2b-4aec-9e68-9acc6ddb93e4,3c409388-ab73-4c7f-953d-3a71062240f6,3c409388-ab73-4c7f-953d-3a71062240f6,0,0,2,0,1,2,Brooklyn,Chicago,712.5,-1,1afa397b-1c35-4439-9ccf-dfb9fe66edfd,2025-07-13 19:00:00+00:00,Brooklyn,College Park,previous_game_city
83fc47a0-fbb1-4f04-8af2-94e9a1fd566e,2025-07-16 17:00:00+00:00,2025-07-16,2025,6f017f37-be96-4bdc-b6d3-0a0429c72e89,6f017f37-be96-4bdc-b6d3-0a0429c72e89,0699edf3-5993-4182-b9b4-ec935cbd4fcc,0699edf3-5993-4182-b9b4-ec935cbd4fcc,1,0,1,0,2,4,Chicago,Minneapolis,356.5,0,541ceca0-1e17-4022-9583-6389fd9a0b97,2025-07-15 00:00:00+00:00,Chicago,Minneapolis,previous_game_city
83fc47a0-fbb1-4f04-8af2-94e9a1fd566e,2025-07-16 17:00:00+00:00,2025-07-16,2025,0699edf3-5993-4182-b9b4-ec935cbd4fcc,0699edf3-5993-4182-b9b4-ec935cbd4fcc,6f017f37-be96-4bdc-b6d3-0a0429c72e89,6f017f37-be96-4bdc-b6d3-0a0429c72e89,0,0,1,0,1,2,San Francisco,Minneapolis,1579.5,2,8a311d5b-f22a-4cac-8291-39d32d009302,2025-07-15 02:00:00+00:00,San Francisco,Phoenix,previous_game_city
5e64c14b-9cf3-45d2-bd9d-f0af702d801f,2025-07-16 19:00:00+00:00,2025-07-16,2025,d6a012ed-84aa-48d3-8265-2d3f3ff2199a,d6a012ed-84aa-48d3-8265-2d3f3ff2199a,4f57ec40-0d35-4b59-bea0-9d040f0d2292,4f57ec40-0d35-4b59-bea0-9d040f0d2292,1,0,2,0,1,3,Seattle,Seattle,0.0,0,9bb7fd31-2faf-4602-bf65-4532dd75baba,2025-07-13 22:00:00+00:00,Seattle,Seattle,previous_game_city
5e64c14b-9cf3-45d2-bd9d-f0af702d801f,2025-07-16 19:00:00+00:00,2025-07-16,2025,4f57ec40-0d35-4b59-bea0-9d040f0d2292,4f57ec40-0d35-4b59-bea0-9d040f0d2292,d6a012ed-84aa-48d3-8265-2d3f3ff2199a,d6a012ed-84aa-48d3-8265-2d3f3ff2199a,0,0,1,0,2,3,San Francisco,Seattle,680.9,0,8a311d5b-f22a-4cac-8291-39d32d009302,2025-07-15 02:00:00+00:00,San Francisco,San Francisco,previous_game_city
1f15d85b-41ea-4e16-b597-b0e14ee9ba73,2025-07-16 23:30:00+00:00,2025-07-16,2025,08ed8274-e29f-4248-bc2e-83cc8ed18d75,08ed8274-e29f-4248-bc2e-83cc8ed18d75,f073a15f-0486-4179-b0a3-dfd0294eb595,f073a15f-0486-4179-b0a3-dfd0294eb595,1,0,2,0,1,1,Brooklyn,Brooklyn,0.0,0,1afa397b-1c35-4439-9ccf-dfb9fe66edfd,2025-07-13 19:00:00+00:00,Brooklyn,Brooklyn,previous_game_city
1f15d85b-41ea-4e16-b597-b0e14ee9ba73,2025-07-16 23:30:00+00:00,2025-07-16,2025,f073a15f-0486-4179-b0a3-dfd0294eb595,f073a15f-0486-4179-b0a3-dfd0294eb595,08ed8274-e29f-4248-bc2e-83cc8ed18d75,08ed8274-e29f-4248-bc2e-83cc8ed18d75,0,0,0,1,2,4,Boston,Brooklyn,190.3,0,333e71e9-d362-4003-836b-7d936322e7d2,2025-07-16 00:00:00+00:00,Boston,Indianapolis,previous_game_city
644ab6e9-5db5-4614-a48f-09f6721a63de,2025-07-17 00:00:00+00:00,2025-07-16,2025,5f0b5caf-708b-4300-92f2-53b51d83ec06,5f0b5caf-708b-4300-92f2-53b51d83ec06,171b097d-01db-4ae8-9d56-035689402ec6,FR_LVA_ACES,1,0,2,0,1,2,Indianapolis,Arlington,779.1,-1,d11600c6-b496-4625-ac2a-acd44a4fe7c4,2025-07-13 17:00:00+00:00,Indianapolis,Arlington,previous_game_city
644ab6e9-5db5-4614-a48f-09f6721a63de,2025-07-17 00:00:00+00:00,2025-07-16,2025,171b097d-01db-4ae8-9d56-035689402ec6,FR_LVA_ACES,5f0b5caf-708b-4300-92f2-53b51d83ec06,5f0b5caf-708b-4300-92f2-53b51d83ec06,0,0,3,0,1,2,Paradise,Arlington,1054.3,2,b25f3091-aef6-4e55-9fb0-d5745a720e42,2025-07-12 20:00:00+00:00,Paradise,Paradise,previous_game_city
ee0589dc-66ed-4b0f-88f5-466040567e54,2025-07-22 23:30:00+00:00,2025-07-22,2025,5c0d47fe-8539-47b0-9f36-d0b3609ca89b,5c0d47fe-8539-47b0-9f36-d0b3609ca89b,0a5ad38d-2fe3-43ba-894b-1ba3d5042ea9,0a5ad38d-2fe3-43ba-894b-1ba3d5042ea9,1,0,6,0,0,1,Washington,Washington,0.0,0,e380b602-7a50-4ce9-99e7-63c43f11724e,2025-07-16 02:00:00+00:00,Los Angeles,Washington,home_city
ee0589dc-66ed-4b0f-88f5-466040567e54,2025-07-22 23:30:00+00:00,2025-07-22,2025,0a5ad38d-2fe3-43ba-894b-1ba3d5042ea9,0a5ad38d-2fe3-43ba-894b-1ba3d5042ea9,5c0d47fe-8539-47b0-9f36-d0b3609ca89b,5c0d47fe-8539-47b0-9f36-d0b3609ca89b,0,0,6,0,0,1,Los Angeles,Washington,2298.4,3,e380b602-7a50-4ce9-99e7-63c43f11724e,2025-07-16 02:00:00+00:00,Los Angeles,Los Angeles,home_city
32cb5f24-0d87-4645-a3fd-dd1e0fd1a4f6,2025-07-23 00:00:00+00:00,2025-07-22,2025,08ed8274-e29f-4248-bc2e-83cc8ed18d75,08ed8274-e29f-4248-bc2e-83cc8ed18d75,f073a15f-0486-4179-b0a3-dfd0294eb595,f073a15f-0486-4179-b0a3-dfd0294eb595,1,0,5,0,0,1,Brooklyn,Brooklyn,0.0,0,1f15d85b-41ea-4e16-b597-b0e14ee9ba73,2025-07-16 23:30:00+00:00,Brooklyn,Brooklyn,home_city
32cb5f24-0d87-4645-a3fd-dd1e0fd1a4f6,2025-07-23 00:00:00+00:00,2025-07-22,2025,f073a15f-0486-4179-b0a3-dfd0294eb595,f073a15f-0486-4179-b0a3-dfd0294eb595,08ed8274-e29f-4248-bc2e-83cc8ed18d75,08ed8274-e29f-4248-bc2e-83cc8ed18d75,0,0,5,0,0,2,Indianapolis,Brooklyn,645.2,0,1f15d85b-41ea-4e16-b597-b0e14ee9ba73,2025-07-16 23:30:00+00:00,Brooklyn,Indianapolis,home_city
5ec92dac-bcc5-4c96-a776-daf36ffd931c,2025-07-23 00:00:00+00:00,2025-07-22,2025,6f017f37-be96-4bdc-b6d3-0a0429c72e89,6f017f37-be96-4bdc-b6d3-0a0429c72e89,3c409388-ab73-4c7f-953d-3a71062240f6,3c409388-ab73-4c7f-953d-3a71062240f6,1,0,5,0,0,1,Minneapolis,Minneapolis,0.0,0,83fc47a0-fbb1-4f04-8af2-94e9a1fd566e,2025-07-16 17:00:00+00:00,Minneapolis,Minneapolis,home_city
5ec92dac-bcc5-4c96-a776-daf36ffd931c,2025-07-23 00:00:00+00:00,2025-07-22,2025,3c409388-ab73-4c7f-953d-3a71062240f6,3c409388-ab73-4c7f-953d-3a71062240f6,6f017f37-be96-4bdc-b6d3-0a0429c72e89,6f017f37-be96-4bdc-b6d3-0a0429c72e89,0,0,5,0,0,1,Chicago,Minneapolis,356.2,0,c0fc57e5-f80e-4668-a218-89e26635bcda,2025-07-16 16:00:00+00:00,Chicago,Chicago,home_city
47165c40-8cd4-435b-8cc3-4ec5254c2ccd,2025-07-23 02:00:00+00:00,2025-07-22,2025,d6a012ed-84aa-48d3-8265-2d3f3ff2199a,d6a012ed-84aa-48d3-8265-2d3f3ff2199a,5f0b5caf-708b-4300-92f2-53b51d83ec06,5f0b5caf-708b-4300-92f2-53b51d83ec06,1,0,5,0,0,1,Seattle,Seattle,0.0,0,5e64c14b-9cf3-45d2-bd9d-f0af702d801f,2025-07-16 19:00:00+00:00,Seattle,Seattle,home_city
47165c40-8cd4-435b-8cc3-4ec5254c2ccd,2025-07-23 02:00:00+00:00,2025-07-22,2025,5f0b5caf-708b-4300-92f2-53b51d83ec06,5f0b5caf-708b-4300-92f2-53b51d83ec06,d6a012ed-84aa-48d3-8265-2d3f3ff2199a,d6a012ed-84aa-48d3-8265-2d3f3ff2199a,0,0,5,0,0,1,Arlington,Seattle,1670.8,-2,644ab6e9-5db5-4614-a48f-09f6721a63de,2025-07-17 00:00:00+00:00,Arlington,Arlington,home_city
79e78af3-8156-4f23-b736-0b0638476136,2025-07-23 02:00:00+00:00,2025-07-22,2025,171b097d-01db-4ae8-9d56-035689402ec6,FR_LVA_ACES,5d70a9af-8c2b-4aec-9e68-9acc6ddb93e4,5d70a9af-8c2b-4aec-9e68-9acc6ddb93e4,1,0,5,0,0,1,Paradise,Paradise,0.0,0,644ab6e9-5db5-4614-a48f-09f6721a63de,2025-07-17 00:00:00+00:00,Arlington,Paradise,home_city
79e78af3-8156-4f23-b736-0b0638476136,2025-07-23 02:00:00+00:00,2025-07-22,2025,5d70a9af-8c2b-4aec-9e68-9acc6ddb93e4,5d70a9af-8c2b-4aec-9e68-9acc6ddb93e4,171b097d-01db-4ae8-9d56-035689402ec6,FR_LVA_ACES,0,0,5,0,0,1,College Park,Paradise,1742.5,-3,c0fc57e5-f80e-4668-a218-89e26635bcda,2025-07-16 16:00:00+00:00,Chicago,College Park,home_city
17812353-7592-47dc-9fe1-36f6bb0d8b9d,2025-07-24 02:00:00+00:00,2025-07-23,2025,0699edf3-5993-4182-b9b4-ec935cbd4fcc,0699edf3-5993-4182-b9b4-ec935cbd4fcc,5d70a9af-8c2b-4aec-9e68-9acc6ddb93e4,5d70a9af-8c2b-4aec-9e68-9acc6ddb93e4,1,0,6,0,0,1,Phoenix,Phoenix,0.0,0,83fc47a0-fbb1-4f04-8af2-94e9a1fd566e,2025-07-16 17:00:00+00:00,Minneapolis,Phoenix,home_city
17812353-7592-47dc-9fe1-36f6bb0d8b9d,2025-07-24 02:00:00+00:00,2025-07-23,2025,5d70a9af-8c2b-4aec-9e68-9acc6ddb93e4,5d70a9af-8c2b-4aec-9e68-9acc6ddb93e4,0699edf3-5993-4182-b9b4-ec935cbd4fcc,0699edf3-5993-4182-b9b4-ec935cbd4fcc,0,0,0,1,1,2,Paradise,Phoenix,253.9,0,79e78af3-8156-4f23-b736-0b0638476136,2025-07-23 02:00:00+00:00,Paradise,College Park,previous_game_city
4d8cf7bd-df70-42d4-a4fd-14a6fcb736a9,2025-07-24 23:00:00+00:00,2025-07-24,2025,f073a15f-0486-4179-b0a3-dfd0294eb595,f073a15f-0486-4179-b0a3-dfd0294eb595,171b097d-01db-4ae8-9d56-035689402ec6,FR_LVA_ACES,1,0,1,0,1,1,Brooklyn,Indianapolis,645.2,0,32cb5f24-0d87-4645-a3fd-dd1e0fd1a4f6,2025-07-23 00:00:00+00:00,Brooklyn,Indianapolis,previous_game_city
4d8cf7bd-df70-42d4-a4fd-14a6fcb736a9,2025-07-24 23:00:00+00:00,2025-07-24,2025,171b097d-01db-4ae8-9d56-035689402ec6,FR_LVA_ACES,f073a15f-0486-4179-b0a3-dfd0294eb595,f073a15f-0486-4179-b0a3-dfd0294eb595,0,0,1,0,1,1,Paradise,Indianapolis,1594.9,3,79e78af3-8156-4f23-b736-0b0638476136,2025-07-23 02:00:00+00:00,Paradise,Paradise,previous_game_city
df3cec08-c316-47e9-9bf2-3deedec89e18,2025-07-24 23:00:00+00:00,2025-07-24,2025,a015b02d-845c-40c1-8ef4-844984f47e4d,a015b02d-845c-40c1-8ef4-844984f47e4d,0a5ad38d-2fe3-43ba-894b-1ba3d5042ea9,0a5ad38d-2fe3-43ba-894b-1ba3d5042ea9,1,0,8,0,0,0,Uncasville,Uncasville,0.0,0,333e71e9-d362-4003-836b-7d936322e7d2,2025-07-16 00:00:00+00:00,Boston,Uncasville,home_city
df3cec08-c316-47e9-9bf2-3deedec89e18,2025-07-24 23:00:00+00:00,2025-07-24,2025,0a5ad38d-2fe3-43ba-894b-1ba3d5042ea9,0a5ad38d-2fe3-43ba-894b-1ba3d5042ea9,a015b02d-845c-40c1-8ef4-844984f47e4d,a015b02d-845c-40c1-8ef4-844984f47e4d,0,0,1,0,1,1,Washington,Uncasville,316.7,0,ee0589dc-66ed-4b0f-88f5-466040567e54,2025-07-22 23:30:00+00:00,Washington,Los Angeles,previous_game_city
d8bda49f-0b5d-428a-9697-070219652f4a,2025-07-25 00:30:00+00:00,2025-07-24,2025,3c409388-ab73-4c7f-953d-3a71062240f6,3c409388-ab73-4c7f-953d-3a71062240f6,d6a012ed-84aa-48d3-8265-2d3f3ff2199a,d6a012ed-84aa-48d3-8265-2d3f3ff2199a,1,0,1,0,1,1,Minneapolis,Chicago,356.5,0,5ec92dac-bcc5-4c96-a776-daf36ffd931c,2025-07-23 00:00:00+00:00,Minneapolis,Chicago,previous_game_city
d8bda49f-0b5d-428a-9697-070219652f4a,2025-07-25 00:30:00+00:00,2025-07-24,2025,d6a012ed-84aa-48d3-8265-2d3f3ff2199a,d6a012ed-84aa-48d3-8265-2d3f3ff2199a,3c409388-ab73-4c7f-953d-3a71062240f6,3c409388-ab73-4c7f-953d-3a71062240f6,0,0,1,0,1,1,Seattle,Chicago,1735.1,2,47165c40-8cd4-435b-8cc3-4ec5254c2ccd,2025-07-23 02:00:00+00:00,Seattle,Seattle,previous_game_city
0141c94b-0923-4c3f-8e2f-50513198e128,2025-07-25 23:30:00+00:00,2025-07-25,2025,6f017f37-be96-4bdc-b6d3-0a0429c72e89,6f017f37-be96-4bdc-b6d3-0a0429c72e89,171b097d-01db-4ae8-9d56-035689402ec6,FR_LVA_ACES,1,0,2,0,1,1,Minneapolis,Minneapolis,0.0,0,5ec92dac-bcc5-4c96-a776-daf36ffd931c,2025-07-23 00:00:00+00:00,Minneapolis,Minneapolis,previous_game_city
0141c94b-0923-4c3f-8e2f-50513198e128,2025-07-25 23:30:00+00:00,2025-07-25,2025,171b097d-01db-4ae8-9d56-035689402ec6,FR_LVA_ACES,6f017f37-be96-4bdc-b6d3-0a0429c72e89,6f017f37-be96-4bdc-b6d3-0a0429c72e89,0,0,0,1,2,2,Indianapolis,Minneapolis,511.4,-1,4d8cf7bd-df70-42d4-a4fd-14a6fcb736a9,2025-07-24 23:00:00+00:00,Indianapolis,Paradise,previous_game_city
886f70ad-6601-4949-8361-19950f284336,2025-07-25 23:30:00+00:00,2025-07-25,2025,08ed8274-e29f-4248-bc2e-83cc8ed18d75,08ed8274-e29f-4248-bc2e-83cc8ed18d75,0699edf3-5993-4182-b9b4-ec935cbd4fcc,0699edf3-5993-4182-b9b4-ec935cbd4fcc,1,0,2,0,1,1,Brooklyn,Brooklyn,0.0,0,32cb5f24-0d87-4645-a3fd-dd1e0fd1a4f6,2025-07-23 00:00:00+00:00,Brooklyn,Brooklyn,previous_game_city
886f70ad-6601-4949-8361-19950f284336,2025-07-25 23:30:00+00:00,2025-07-25,2025,0699edf3-5993-4182-b9b4-ec935cbd4fcc,0699edf3-5993-4182-b9b4-ec935cbd4fcc,08ed8274-e29f-4248-bc2e-83cc8ed18d75,08ed8274-e29f-4248-bc2e-83cc8ed18d75,0,0,1,0,1,1,Phoenix,Brooklyn,2141.3,3,17812353-7592-47dc-9fe1-36f6bb0d8b9d,2025-07-24 02:00:00+00:00,Phoenix,Phoenix,previous_game_city
d417a7b2-8eca-4edd-9e75-7875ed550fdd,2025-07-26 02:00:00+00:00,2025-07-25,2025,4f57ec40-0d35-4b59-bea0-9d040f0d2292,4f57ec40-0d35-4b59-bea0-9d040f0d2292,5f0b5caf-708b-4300-92f2-53b51d83ec06,5f0b5caf-708b-4300-92f2-53b51d83ec06,1,0,8,0,0,0,San Francisco,San Francisco,0.0,0,5e64c14b-9cf3-45d2-bd9d-f0af702d801f,2025-07-16 19:00:00+00:00,Seattle,San Francisco,home_city
d417a7b2-8eca-4edd-9e75-7875ed550fdd,2025-07-26 02:00:00+00:00,2025-07-25,2025,5f0b5caf-708b-4300-92f2-53b51d83ec06,5f0b5caf-708b-4300-92f2-53b51d83ec06,4f57ec40-0d35-4b59-bea0-9d040f0d2292,4f57ec40-0d35-4b59-bea0-9d040f0d2292,0,0,2,0,1,1,Seattle,San Francisco,680.9,0,47165c40-8cd4-435b-8cc3-4ec5254c2ccd,2025-07-23 02:00:00+00:00,Seattle,Arlington,previous_game_city
b1e3f299-f65d-4dad-be45-f936a6d7278f,2025-07-26 23:00:00+00:00,2025-07-26,2025,08ed8274-e29f-4248-bc2e-83cc8ed18d75,08ed8274-e29f-4248-bc2e-83cc8ed18d75,0a5ad38d-2fe3-43ba-894b-1ba3d5042ea9,0a5ad38d-2fe3-43ba-894b-1ba3d5042ea9,1,0,0,1,2,2,Brooklyn,Brooklyn,0.0,0,886f70ad-6601-4949-8361-19950f284336,2025-07-25 23:30:00+00:00,Brooklyn,Brooklyn,previous_game_city
b1e3f299-f65d-4dad-be45-f936a6d7278f,2025-07-26 23:00:00+00:00,2025-07-26,2025,0a5ad38d-2fe3-43ba-894b-1ba3d5042ea9,0a5ad38d-2fe3-43ba-894b-1ba3d5042ea9,08ed8274-e29f-4248-bc2e-83cc8ed18d75,08ed8274-e29f-4248-bc2e-83cc8ed18d75,0,0,1,0,2,2,Uncasville,Brooklyn,113.0,0,df3cec08-c316-47e9-9bf2-3deedec89e18,2025-07-24 23:00:00+00:00,Uncasville,Los Angeles,previous_game_city
a4cfb5be-1674-4ee4-af01-a984647aadea,2025-07-26 23:30:00+00:00,2025-07-26,2025,5c0d47fe-8539-47b0-9f36-d0b3609ca89b,5c0d47fe-8539-47b0-9f36-d0b3609ca89b,d6a012ed-84aa-48d3-8265-2d3f3ff2199a,d6a012ed-84aa-48d3-8265-2d3f3ff2199a,1,0,3,0,1,1,Washington,Washington,0.0,0,ee0589dc-66ed-4b0f-88f5-466040567e54,2025-07-22 23:30:00+00:00,Washington,Washington,previous_game_city
a4cfb5be-1674-4ee4-af01-a984647aadea,2025-07-26 23:30:00+00:00,2025-07-26,2025,d6a012ed-84aa-48d3-8265-2d3f3ff2199a,d6a012ed-84aa-48d3-8265-2d3f3ff2199a,5c0d47fe-8539-47b0-9f36-d0b3609ca89b,5c0d47fe-8539-47b0-9f36-d0b3609ca89b,0,0,1,0,2,2,Chicago,Washington,596.5,1,d8bda49f-0b5d-428a-9697-070219652f4a,2025-07-25 00:30:00+00:00,Chicago,Seattle,previous_game_city
c1285855-b4ab-4687-98f6-5191a40ff762,2025-07-27 17:00:00+00:00,2025-07-27,2025,a015b02d-845c-40c1-8ef4-844984f47e4d,a015b02d-845c-40c1-8ef4-844984f47e4d,4f57ec40-0d35-4b59-bea0-9d040f0d2292,4f57ec40-0d35-4b59-bea0-9d040f0d2292,1,0,2,0,1,1,Uncasville,Uncasville,0.0,0,df3cec08-c316-47e9-9bf2-3deedec89e18,2025-07-24 23:00:00+00:00,Uncasville,Uncasville,previous_game_city
c1285855-b4ab-4687-98f6-5191a40ff762,2025-07-27 17:00:00+00:00,2025-07-27,2025,4f57ec40-0d35-4b59-bea0-9d040f0d2292,4f57ec40-0d35-4b59-bea0-9d040f0d2292,a015b02d-845c-40c1-8ef4-844984f47e4d,a015b02d-845c-40c1-8ef4-844984f47e4d,0,0,1,0,1,1,San Francisco,Uncasville,2651.2,3,d417a7b2-8eca-4edd-9e75-7875ed550fdd,2025-07-26 02:00:00+00:00,San Francisco,San Francisco,previous_game_city
c8479b40-acd5-45d5-8423-804199b3cc72,2025-07-27 19:00:00+00:00,2025-07-27,2025,3c409388-ab73-4c7f-953d-3a71062240f6,3c409388-ab73-4c7f-953d-3a71062240f6,f073a15f-0486-4179-b0a3-dfd0294eb595,f073a15f-0486-4179-b0a3-dfd0294eb595,1,0,2,0,1,2,Chicago,Chicago,3.3,0,d8bda49f-0b5d-428a-9697-070219652f4a,2025-07-25 00:30:00+00:00,Chicago,Chicago,previous_game_city
c8479b40-acd5-45d5-8423-804199b3cc72,2025-07-27 19:00:00+00:00,2025-07-27,2025,f073a15f-0486-4179-b0a3-dfd0294eb595,f073a15f-0486-4179-b0a3-dfd0294eb595,3c409388-ab73-4c7f-953d-3a71062240f6,3c409388-ab73-4c7f-953d-3a71062240f6,0,0,2,0,1,2,Indianapolis,Chicago,166.4,-1,4d8cf7bd-df70-42d4-a4fd-14a6fcb736a9,2025-07-24 23:00:00+00:00,Indianapolis,Indianapolis,previous_game_city
585740b6-3c8b-4746-8808-e7635a88c710,2025-07-27 20:00:00+00:00,2025-07-27,2025,5f0b5caf-708b-4300-92f2-53b51d83ec06,5f0b5caf-708b-4300-92f2-53b51d83ec06,171b097d-01db-4ae8-9d56-035689402ec6,FR_LVA_ACES,1,0,1,0,1,2,San Francisco,Arlington,1463.3,2,d417a7b2-8eca-4edd-9e75-7875ed550fdd,2025-07-26 02:00:00+00:00,San Francisco,Arlington,previous_game_city
585740b6-3c8b-4746-8808-e7635a88c710,2025-07-27 20:00:00+00:00,2025-07-27,2025,171b097d-01db-4ae8-9d56-035689402ec6,FR_LVA_ACES,5f0b5caf-708b-4300-92f2-53b51d83ec06,5f0b5caf-708b-4300-92f2-53b51d83ec06,0,0,1,0,2,3,Minneapolis,Arlington,870.8,0,0141c94b-0923-4c3f-8e2f-50513198e128,2025-07-25 23:30:00+00:00,Minneapolis,Paradise,previous_game_city
d5b4c575-bc11-412e-893d-9c6ed1889586,2025-07-27 22:00:00+00:00,2025-07-27,2025,5c0d47fe-8539-47b0-9f36-d0b3609ca89b,5c0d47fe-8539-47b0-9f36-d0b3609ca89b,0699edf3-5993-4182-b9b4-ec935cbd4fcc,0699edf3-5993-4182-b9b4-ec935cbd4fcc,1,0,0,1,1,2,Washington,Washington,0.0,0,a4cfb5be-1674-4ee4-af01-a984647aadea,2025-07-26 23:30:00+00:00,Washington,Washington,previous_game_city
d5b4c575-bc11-412e-893d-9c6ed1889586,2025-07-27 22:00:00+00:00,2025-07-27,2025,0699edf3-5993-4182-b9b4-ec935cbd4fcc,0699edf3-5993-4182-b9b4-ec935cbd4fcc,5c0d47fe-8539-47b0-9f36-d0b3609ca89b,5c0d47fe-8539-47b0-9f36-d0b3609ca89b,0,0,1,0,2,2,Brooklyn,Washington,204.3,0,886f70ad-6601-4949-8361-19950f284336,2025-07-25 23:30:00+00:00,Brooklyn,Phoenix,previous_game_city
548df81e-2319-4153-a4df-bf65932d74be,2025-07-27 23:00:00+00:00,2025-07-27,2025,6f017f37-be96-4bdc-b6d3-0a0429c72e89,6f017f37-be96-4bdc-b6d3-0a0429c72e89,5d70a9af-8c2b-4aec-9e68-9acc6ddb93e4,5d70a9af-8c2b-4aec-9e68-9acc6ddb93e4,1,0,1,0,1,2,Minneapolis,Minneapolis,0.0,0,0141c94b-0923-4c3f-8e2f-50513198e128,2025-07-25 23:30:00+00:00,Minneapolis,Minneapolis,previous_game_city
548df81e-2319-4153-a4df-bf65932d74be,2025-07-27 23:00:00+00:00,2025-07-27,2025,5d70a9af-8c2b-4aec-9e68-9acc6ddb93e4,5d70a9af-8c2b-4aec-9e68-9acc6ddb93e4,6f017f37-be96-4bdc-b6d3-0a0429c72e89,6f017f37-be96-4bdc-b6d3-0a0429c72e89,0,0,3,0,1,2,Phoenix,Minneapolis,1278.1,2,17812353-7592-47dc-9fe1-36f6bb0d8b9d,2025-07-24 02:00:00+00:00,Phoenix,College Park,previous_game_city
6adda940-e25a-4b97-9334-bfcbbb00d303,2025-07-28 23:00:00+00:00,2025-07-28,2025,a015b02d-845c-40c1-8ef4-844984f47e4d,a015b02d-845c-40c1-8ef4-844984f47e4d,d6a012ed-84aa-48d3-8265-2d3f3ff2199a,d6a012ed-84aa-48d3-8265-2d3f3ff2199a,1,0,0,1,2,2,Uncasville,Uncasville,0.0,0,c1285855-b4ab-4687-98f6-5191a40ff762,2025-07-27 17:00:00+00:00,Uncasville,Uncasville,previous_game_city
6adda940-e25a-4b97-9334-bfcbbb00d303,2025-07-28 23:00:00+00:00,2025-07-28,2025,d6a012ed-84aa-48d3-8265-2d3f3ff2199a,d6a012ed-84aa-48d3-8265-2d3f3ff2199a,a015b02d-845c-40c1-8ef4-844984f47e4d,a015b02d-845c-40c1-8ef4-844984f47e4d,0,0,1,0,2,3,Washington,Uncasville,316.7,0,a4cfb5be-1674-4ee4-af01-a984647aadea,2025-07-26 23:30:00+00:00,Washington,Seattle,previous_game_city
17a0db49-b39b-430e-91c7-d573aca6eb9e,2025-07-29 00:00:00+00:00,2025-07-28,2025,5f0b5caf-708b-4300-92f2-53b51d83ec06,5f0b5caf-708b-4300-92f2-53b51d83ec06,08ed8274-e29f-4248-bc2e-83cc8ed18d75,08ed8274-e29f-4248-bc2e-83cc8ed18d75,1,0,0,1,2,3,Arlington,Arlington,0.0,0,585740b6-3c8b-4746-8808-e7635a88c710,2025-07-27 20:00:00+00:00,Arlington,Arlington,previous_game_city
17a0db49-b39b-430e-91c7-d573aca6eb9e,2025-07-29 00:00:00+00:00,2025-07-28,2025,08ed8274-e29f-4248-bc2e-83cc8ed18d75,08ed8274-e29f-4248-bc2e-83cc8ed18d75,5f0b5caf-708b-4300-92f2-53b51d83ec06,5f0b5caf-708b-4300-92f2-53b51d83ec06,0,0,1,0,2,3,Brooklyn,Arlington,1388.8,-1,b1e3f299-f65d-4dad-be45-f936a6d7278f,2025-07-26 23:00:00+00:00,Brooklyn,Brooklyn,previous_game_city
0976f7b8-1f32-4781-a1a1-c00605e4456c,2025-07-29 23:30:00+00:00,2025-07-29,2025,5c0d47fe-8539-47b0-9f36-d0b3609ca89b,5c0d47fe-8539-47b0-9f36-d0b3609ca89b,3c409388-ab73-4c7f-953d-3a71062240f6,3c409388-ab73-4c7f-953d-3a71062240f6,1,0,1,0,2,3,Washington,Washington,0.0,0,d5b4c575-bc11-412e-893d-9c6ed1889586,2025-07-27 22:00:00+00:00,Washington,Washington,previous_game_city
0976f7b8-1f32-4781-a1a1-c00605e4456c,2025-07-29 23:30:00+00:00,2025-07-29,2025,3c409388-ab73-4c7f-953d-3a71062240f6,3c409388-ab73-4c7f-953d-3a71062240f6,5c0d47fe-8539-47b0-9f36-d0b3609ca89b,5c0d47fe-8539-47b0-9f36-d0b3609ca89b,0,0,1,0,1,3,Chicago,Washington,599.7,1,c8479b40-acd5-45d5-8423-804199b3cc72,2025-07-27 19:00:00+00:00,Chicago,Chicago,previous_game_city
7a6fecee-f650-46ac-af8f-8dfc5ff13ae2,2025-07-29 23:30:00+00:00,2025-07-29,2025,5d70a9af-8c2b-4aec-9e68-9acc6ddb93e4,5d70a9af-8c2b-4aec-9e68-9acc6ddb93e4,4f57ec40-0d35-4b59-bea0-9d040f0d2292,4f57ec40-0d35-4b59-bea0-9d040f0d2292,1,0,1,0,1,3,Minneapolis,College Park,912.7,1,548df81e-2319-4153-a4df-bf65932d74be,2025-07-27 23:00:00+00:00,Minneapolis,College Park,previous_game_city
7a6fecee-f650-46ac-af8f-8dfc5ff13ae2,2025-07-29 23:30:00+00:00,2025-07-29,2025,4f57ec40-0d35-4b59-bea0-9d040f0d2292,4f57ec40-0d35-4b59-bea0-9d040f0d2292,5d70a9af-8c2b-4aec-9e68-9acc6ddb93e4,5d70a9af-8c2b-4aec-9e68-9acc6ddb93e4,0,0,1,0,2,2,Uncasville,College Park,866.0,0,c1285855-b4ab-4687-98f6-5191a40ff762,2025-07-27 17:00:00+00:00,Uncasville,San Francisco,previous_game_city
d1c14296-f76a-40ad-aa4d-31daaa637556,2025-07-30 02:00:00+00:00,2025-07-29,2025,0a5ad38d-2fe3-43ba-894b-1ba3d5042ea9,0a5ad38d-2fe3-43ba-894b-1ba3d5042ea9,171b097d-01db-4ae8-9d56-035689402ec6,FR_LVA_ACES,1,0,2,0,1,3,Brooklyn,Los Angeles,2448.8,-3,b1e3f299-f65d-4dad-be45-f936a6d7278f,2025-07-26 23:00:00+00:00,Brooklyn,Los Angeles,previous_game_city
d1c14296-f76a-40ad-aa4d-31daaa637556,2025-07-30 02:00:00+00:00,2025-07-29,2025,171b097d-01db-4ae8-9d56-035689402ec6,FR_LVA_ACES,0a5ad38d-2fe3-43ba-894b-1ba3d5042ea9,0a5ad38d-2fe3-43ba-894b-1ba3d5042ea9,0,0,1,0,2,4,Arlington,Los Angeles,1221.9,-2,585740b6-3c8b-4746-8808-e7635a88c710,2025-07-27 20:00:00+00:00,Arlington,Paradise,previous_game_city
185c1d82-80ca-427a-bb34-b717e2127e2e,2025-07-30 23:00:00+00:00,2025-07-30,2025,f073a15f-0486-4179-b0a3-dfd0294eb595,f073a15f-0486-4179-b0a3-dfd0294eb595,0699edf3-5993-4182-b9b4-ec935cbd4fcc,0699edf3-5993-4182-b9b4-ec935cbd4fcc,1,0,2,0,1,2,Chicago,Indianapolis,166.4,1,c8479b40-acd5-45d5-8423-804199b3cc72,2025-07-27 19:00:00+00:00,Chicago,Indianapolis,previous_game_city
185c1d82-80ca-427a-bb34-b717e2127e2e,2025-07-30 23:00:00+00:00,2025-07-30,2025,0699edf3-5993-4182-b9b4-ec935cbd4fcc,0699edf3-5993-4182-b9b4-ec935cbd4fcc,f073a15f-0486-4179-b0a3-dfd0294eb595,f073a15f-0486-4179-b0a3-dfd0294eb595,0,0,2,0,1,3,Washington,Indianapolis,493.8,0,d5b4c575-bc11-412e-893d-9c6ed1889586,2025-07-27 22:00:00+00:00,Washington,Phoenix,previous_game_city
c2f7980e-2390-45e9-8977-c6e6d2c1f545,2025-07-31 00:00:00+00:00,2025-07-30,2025,6f017f37-be96-4bdc-b6d3-0a0429c72e89,6f017f37-be96-4bdc-b6d3-0a0429c72e89,08ed8274-e29f-4248-bc2e-83cc8ed18d75,08ed8274-e29f-4248-bc2e-83cc8ed18d75,1,0,2,0,1,2,Minneapolis,Minneapolis,0.0,0,548df81e-2319-4153-a4df-bf65932d74be,2025-07-27 23:00:00+00:00,Minneapolis,Minneapolis,previous_game_city
c2f7980e-2390-45e9-8977-c6e6d2c1f545,2025-07-31 00:00:00+00:00,2025-07-30,2025,08ed8274-e29f-4248-bc2e-83cc8ed18d75,08ed8274-e29f-4248-bc2e-83cc8ed18d75,6f017f37-be96-4bdc-b6d3-0a0429c72e89,6f017f37-be96-4bdc-b6d3-0a0429c72e89,0,0,1,0,2,3,Arlington,Minneapolis,870.8,0,17a0db49-b39b-430e-91c7-d573aca6eb9e,2025-07-29 00:00:00+00:00,Arlington,Brooklyn,previous_game_city
e8241b1f-576e-4bcf-b7d0-79606aa78b00,2025-07-31 00:00:00+00:00,2025-07-30,2025,5f0b5caf-708b-4300-92f2-53b51d83ec06,5f0b5caf-708b-4300-92f2-53b51d83ec06,5d70a9af-8c2b-4aec-9e68-9acc6ddb93e4,5d70a9af-8c2b-4aec-9e68-9acc6ddb93e4,1,0,1,0,2,3,Arlington,Arlington,0.0,0,17a0db49-b39b-430e-91c7-d573aca6eb9e,2025-07-29 00:00:00+00:00,Arlington,Arlington,previous_game_city
e8241b1f-576e-4bcf-b7d0-79606aa78b00,2025-07-31 00:00:00+00:00,2025-07-30,2025,5d70a9af-8c2b-4aec-9e68-9acc6ddb93e4,5d70a9af-8c2b-4aec-9e68-9acc6ddb93e4,5f0b5caf-708b-4300-92f2-53b51d83ec06,5f0b5caf-708b-4300-92f2-53b51d83ec06,0,0,0,1,2,3,College Park,Arlington,733.7,-1,7a6fecee-f650-46ac-af8f-8dfc5ff13ae2,2025-07-29 23:30:00+00:00,College Park,College Park,previous_game_city
50578d4e-21ed-488c-ac01-1008b9b70e0d,2025-07-31 23:30:00+00:00,2025-07-31,2025,5c0d47fe-8539-47b0-9f36-d0b3609ca89b,5c0d47fe-8539-47b0-9f36-d0b3609ca89b,4f57ec40-0d35-4b59-bea0-9d040f0d2292,4f57ec40-0d35-4b59-bea0-9d040f0d2292,1,0,1,0,2,3,Washington,Washington,0.0,0,0976f7b8-1f32-4781-a1a1-c00605e4456c,2025-07-29 23:30:00+00:00,Washington,Washington,previous_game_city
50578d4e-21ed-488c-ac01-1008b9b70e0d,2025-07-31 23:30:00+00:00,2025-07-31,2025,4f57ec40-0d35-4b59-bea0-9d040f0d2292,4f57ec40-0d35-4b59-bea0-9d040f0d2292,5c0d47fe-8539-47b0-9f36-d0b3609ca89b,5c0d47fe-8539-47b0-9f36-d0b3609ca89b,0,0,1,0,2,3,College Park,Washington,549.4,0,7a6fecee-f650-46ac-af8f-8dfc5ff13ae2,2025-07-29 23:30:00+00:00,College Park,San Francisco,previous_game_city
64fb0c10-3ce1-4592-a3f9-65395a9e58af,2025-08-01 23:30:00+00:00,2025-08-01,2025,5d70a9af-8c2b-4aec-9e68-9acc6ddb93e4,5d70a9af-8c2b-4aec-9e68-9acc6ddb93e4,0699edf3-5993-4182-b9b4-ec935cbd4fcc,0699edf3-5993-4182-b9b4-ec935cbd4fcc,1,0,1,0,2,3,Arlington,College Park,733.7,1,e8241b1f-576e-4bcf-b7d0-79606aa78b00,2025-07-31 00:00:00+00:00,Arlington,College Park,previous_game_city
64fb0c10-3ce1-4592-a3f9-65395a9e58af,2025-08-01 23:30:00+00:00,2025-08-01,2025,0699edf3-5993-4182-b9b4-ec935cbd4fcc,0699edf3-5993-4182-b9b4-ec935cbd4fcc,5d70a9af-8c2b-4aec-9e68-9acc6ddb93e4,5d70a9af-8c2b-4aec-9e68-9acc6ddb93e4,0,0,1,0,1,3,Indianapolis,College Park,433.0,0,185c1d82-80ca-427a-bb34-b717e2127e2e,2025-07-30 23:00:00+00:00,Indianapolis,Phoenix,previous_game_city
a107ee4b-b669-407b-a34b-fbabfce430fd,2025-08-01 23:30:00+00:00,2025-08-01,2025,a015b02d-845c-40c1-8ef4-844984f47e4d,a015b02d-845c-40c1-8ef4-844984f47e4d,08ed8274-e29f-4248-bc2e-83cc8ed18d75,08ed8274-e29f-4248-bc2e-83cc8ed18d75,1,0,3,0,1,2,Uncasville,Uncasville,0.0,0,6adda940-e25a-4b97-9334-bfcbbb00d303,2025-07-28 23:00:00+00:00,Uncasville,Uncasville,previous_game_city
a107ee4b-b669-407b-a34b-fbabfce430fd,2025-08-01 23:30:00+00:00,2025-08-01,2025,08ed8274-e29f-4248-bc2e-83cc8ed18d75,08ed8274-e29f-4248-bc2e-83cc8ed18d75,a015b02d-845c-40c1-8ef4-844984f47e4d,a015b02d-845c-40c1-8ef4-844984f47e4d,0,0,1,0,2,4,Minneapolis,Uncasville,1090.0,1,c2f7980e-2390-45e9-8977-c6e6d2c1f545,2025-07-31 00:00:00+00:00,Minneapolis,Brooklyn,previous_game_city
a1ca524f-e7ce-449f-ab32-66adea0ba523,2025-08-01 23:30:00+00:00,2025-08-01,2025,5f0b5caf-708b-4300-92f2-53b51d83ec06,5f0b5caf-708b-4300-92f2-53b51d83ec06,f073a15f-0486-4179-b0a3-dfd0294eb595,f073a15f-0486-4179-b0a3-dfd0294eb595,1,0,1,0,2,4,Arlington,Dallas,17.8,0,e8241b1f-576e-4bcf-b7d0-79606aa78b00,2025-07-31 00:00:00+00:00,Arlington,Arlington,previous_game_city
a1ca524f-e7ce-449f-ab32-66adea0ba523,2025-08-01 23:30:00+00:00,2025-08-01,2025,f073a15f-0486-4179-b0a3-dfd0294eb595,f073a15f-0486-4179-b0a3-dfd0294eb595,5f0b5caf-708b-4300-92f2-53b51d83ec06,5f0b5caf-708b-4300-92f2-53b51d83ec06,0,0,1,0,1,2,Indianapolis,Dallas,763.5,-1,185c1d82-80ca-427a-bb34-b717e2127e2e,2025-07-30 23:00:00+00:00,Indianapolis,Indianapolis,previous_game_city
dac6daa2-9c9a-4f59-9904-7a2947143e7a,2025-08-01 23:30:00+00:00,2025-08-01,2025,3c409388-ab73-4c7f-953d-3a71062240f6,3c409388-ab73-4c7f-953d-3a71062240f6,4f57ec40-0d35-4b59-bea0-9d040f0d2292,4f57ec40-0d35-4b59-bea0-9d040f0d2292,1,0,2,0,1,2,Washington,Chicago,596.5,-1,0976f7b8-1f32-4781-a1a1-c00605e4456c,2025-07-29 23:30:00+00:00,Washington,Chicago,previous_game_city
dac6daa2-9c9a-4f59-9904-7a2947143e7a,2025-08-01 23:30:00+00:00,2025-08-01,2025,4f57ec40-0d35-4b59-bea0-9d040f0d2292,4f57ec40-0d35-4b59-bea0-9d040f0d2292,3c409388-ab73-4c7f-953d-3a71062240f6,3c409388-ab73-4c7f-953d-3a71062240f6,0,0,0,1,2,4,Washington,Chicago,596.5,-1,50578d4e-21ed-488c-ac01-1008b9b70e0d,2025-07-31 23:30:00+00:00,Washington,San Francisco,previous_game_city
f5e70e9e-0abc-49a4-b407-193d76a99fd6,2025-08-02 02:00:00+00:00,2025-08-01,2025,d6a012ed-84aa-48d3-8265-2d3f3ff2199a,d6a012ed-84aa-48d3-8265-2d3f3ff2199a,0a5ad38d-2fe3-43ba-894b-1ba3d5042ea9,0a5ad38d-2fe3-43ba-894b-1ba3d5042ea9,1,0,3,0,1,2,Uncasville,Seattle,2466.2,-3,6adda940-e25a-4b97-9334-bfcbbb00d303,2025-07-28 23:00:00+00:00,Uncasville,Seattle,previous_game_city
f5e70e9e-0abc-49a4-b407-193d76a99fd6,2025-08-02 02:00:00+00:00,2025-08-01,2025,0a5ad38d-2fe3-43ba-894b-1ba3d5042ea9,0a5ad38d-2fe3-43ba-894b-1ba3d5042ea9,d6a012ed-84aa-48d3-8265-2d3f3ff2199a,d6a012ed-84aa-48d3-8265-2d3f3ff2199a,0,0,2,0,1,2,Los Angeles,Seattle,961.9,0,d1c14296-f76a-40ad-aa4d-31daaa637556,2025-07-30 02:00:00+00:00,Los Angeles,Los Angeles,previous_game_city
1a3627a5-02d8-49f1-8015-8b258b6af8d6,2025-08-02 19:00:00+00:00,2025-08-02,2025,171b097d-01db-4ae8-9d56-035689402ec6,FR_LVA_ACES,6f017f37-be96-4bdc-b6d3-0a0429c72e89,6f017f37-be96-4bdc-b6d3-0a0429c72e89,1,0,3,0,1,2,Los Angeles,Paradise,224.7,0,d1c14296-f76a-40ad-aa4d-31daaa637556,2025-07-30 02:00:00+00:00,Los Angeles,Paradise,previous_game_city
1a3627a5-02d8-49f1-8015-8b258b6af8d6,2025-08-02 19:00:00+00:00,2025-08-02,2025,6f017f37-be96-4bdc-b6d3-0a0429c72e89,6f017f37-be96-4bdc-b6d3-0a0429c72e89,171b097d-01db-4ae8-9d56-035689402ec6,FR_LVA_ACES,0,0,2,0,1,2,Minneapolis,Paradise,1298.0,-2,c2f7980e-2390-45e9-8977-c6e6d2c1f545,2025-07-31 00:00:00+00:00,Minneapolis,Minneapolis,previous_game_city
fd9a1650-48c4-4a52-a5dc-0324466c3ed0,2025-08-03 17:00:00+00:00,2025-08-03,2025,a015b02d-845c-40c1-8ef4-844984f47e4d,a015b02d-845c-40c1-8ef4-844984f47e4d,08ed8274-e29f-4248-bc2e-83cc8ed18d75,08ed8274-e29f-4248-bc2e-83cc8ed18d75,1,0,1,0,1,3,Uncasville,Uncasville,0.0,0,a107ee4b-b669-407b-a34b-fbabfce430fd,2025-08-01 23:30:00+00:00,Uncasville,Uncasville,previous_game_city
fd9a1650-48c4-4a52-a5dc-0324466c3ed0,2025-08-03 17:00:00+00:00,2025-08-03,2025,08ed8274-e29f-4248-bc2e-83cc8ed18d75,08ed8274-e29f-4248-bc2e-83cc8ed18d75,a015b02d-845c-40c1-8ef4-844984f47e4d,a015b02d-845c-40c1-8ef4-844984f47e4d,0,0,1,0,2,3,Uncasville,Uncasville,0.0,0,a107ee4b-b669-407b-a34b-fbabfce430fd,2025-08-01 23:30:00+00:00,Uncasville,Brooklyn,previous_game_city
0b629654-f5ce-4ac6-af48-0c1db944c24c,2025-08-03 19:00:00+00:00,2025-08-03,2025,5d70a9af-8c2b-4aec-9e68-9acc6ddb93e4,5d70a9af-8c2b-4aec-9e68-9acc6ddb93e4,5c0d47fe-8539-47b0-9f36-d0b3609ca89b,5c0d47fe-8539-47b0-9f36-d0b3609ca89b,1,0,1,0,2,4,College Park,College Park,0.0,0,64fb0c10-3ce1-4592-a3f9-65395a9e58af,2025-08-01 23:30:00+00:00,College Park,College Park,previous_game_city
0b629654-f5ce-4ac6-af48-0c1db944c24c,2025-08-03 19:00:00+00:00,2025-08-03,2025,5c0d47fe-8539-47b0-9f36-d0b3609ca89b,5c0d47fe-8539-47b0-9f36-d0b3609ca89b,5d70a9af-8c2b-4aec-9e68-9acc6ddb93e4,5d70a9af-8c2b-4aec-9e68-9acc6ddb93e4,0,0,2,0,1,3,Washington,College Park,549.4,0,50578d4e-21ed-488c-ac01-1008b9b70e0d,2025-07-31 23:30:00+00:00,Washington,Washington,previous_game_city
58be413a-aed7-412e-a0ea-b7b5525ffedc,2025-08-03 19:00:00+00:00,2025-08-03,2025,d6a012ed-84aa-48d3-8265-2d3f3ff2199a,d6a012ed-84aa-48d3-8265-2d3f3ff2199a,f073a15f-0486-4179-b0a3-dfd0294eb595,f073a15f-0486-4179-b0a3-dfd0294eb595,1,0,1,0,1,2,Seattle,Seattle,0.0,0,f5e70e9e-0abc-49a4-b407-193d76a99fd6,2025-08-02 02:00:00+00:00,Seattle,Seattle,previous_game_city
58be413a-aed7-412e-a0ea-b7b5525ffedc,2025-08-03 19:00:00+00:00,2025-08-03,2025,f073a15f-0486-4179-b0a3-dfd0294eb595,f073a15f-0486-4179-b0a3-dfd0294eb595,d6a012ed-84aa-48d3-8265-2d3f3ff2199a,d6a012ed-84aa-48d3-8265-2d3f3ff2199a,0,0,1,0,2,3,Dallas,Seattle,1680.0,-2,a1ca524f-e7ce-449f-ab32-66adea0ba523,2025-08-01 23:30:00+00:00,Dallas,Indianapolis,previous_game_city
1dffe97b-d132-4697-af9f-8b08902da90d,2025-08-03 22:00:00+00:00,2025-08-03,2025,3c409388-ab73-4c7f-953d-3a71062240f6,3c409388-ab73-4c7f-953d-3a71062240f6,0699edf3-5993-4182-b9b4-ec935cbd4fcc,0699edf3-5993-4182-b9b4-ec935cbd4fcc,1,0,1,0,1,3,Chicago,Chicago,0.0,0,dac6daa2-9c9a-4f59-9904-7a2947143e7a,2025-08-01 23:30:00+00:00,Chicago,Chicago,previous_game_city
1dffe97b-d132-4697-af9f-8b08902da90d,2025-08-03 22:00:00+00:00,2025-08-03,2025,0699edf3-5993-4182-b9b4-ec935cbd4fcc,0699edf3-5993-4182-b9b4-ec935cbd4fcc,3c409388-ab73-4c7f-953d-3a71062240f6,3c409388-ab73-4c7f-953d-3a71062240f6,0,0,1,0,2,3,College Park,Chicago,592.7,-1,64fb0c10-3ce1-4592-a3f9-65395a9e58af,2025-08-01 23:30:00+00:00,College Park,Phoenix,previous_game_city
de06dc94-ceb2-41b8-bde0-f9f91c917d00,2025-08-03 22:00:00+00:00,2025-08-03,2025,171b097d-01db-4ae8-9d56-035689402ec6,FR_LVA_ACES,4f57ec40-0d35-4b59-bea0-9d040f0d2292,4f57ec40-0d35-4b59-bea0-9d040f0d2292,1,0,0,1,1,3,Paradise,Paradise,0.0,0,1a3627a5-02d8-49f1-8015-8b258b6af8d6,2025-08-02 19:00:00+00:00,Paradise,Paradise,previous_game_city
de06dc94-ceb2-41b8-bde0-f9f91c917d00,2025-08-03 22:00:00+00:00,2025-08-03,2025,4f57ec40-0d35-4b59-bea0-9d040f0d2292,4f57ec40-0d35-4b59-bea0-9d040f0d2292,171b097d-01db-4ae8-9d56-035689402ec6,FR_LVA_ACES,0,0,1,0,2,4,Chicago,Paradise,1525.6,-2,dac6daa2-9c9a-4f59-9904-7a2947143e7a,2025-08-01 23:30:00+00:00,Chicago,San Francisco,previous_game_city
a386fb2c-3ff8-4de2-96a3-38a77b363f3b,2025-08-05 23:00:00+00:00,2025-08-05,2025,08ed8274-e29f-4248-bc2e-83cc8ed18d75,08ed8274-e29f-4248-bc2e-83cc8ed18d75,5f0b5caf-708b-4300-92f2-53b51d83ec06,5f0b5caf-708b-4300-92f2-53b51d83ec06,1,0,1,0,2,3,Uncasville,Brooklyn,113.0,0,fd9a1650-48c4-4a52-a5dc-0324466c3ed0,2025-08-03 17:00:00+00:00,Uncasville,Brooklyn,previous_game_city
a386fb2c-3ff8-4de2-96a3-38a77b363f3b,2025-08-05 23:00:00+00:00,2025-08-05,2025,5f0b5caf-708b-4300-92f2-53b51d83ec06,5f0b5caf-708b-4300-92f2-53b51d83ec06,08ed8274-e29f-4248-bc2e-83cc8ed18d75,08ed8274-e29f-4248-bc2e-83cc8ed18d75,0,0,3,0,1,2,Dallas,Brooklyn,1371.7,1,a1ca524f-e7ce-449f-ab32-66adea0ba523,2025-08-01 23:30:00+00:00,Dallas,Arlington,previous_game_city
cd325282-98cc-46dd-a9f0-e2d5d887b51f,2025-08-06 00:00:00+00:00,2025-08-05,2025,3c409388-ab73-4c7f-953d-3a71062240f6,3c409388-ab73-4c7f-953d-3a71062240f6,5c0d47fe-8539-47b0-9f36-d0b3609ca89b,5c0d47fe-8539-47b0-9f36-d0b3609ca89b,1,0,1,0,2,3,Chicago,Chicago,0.0,0,1dffe97b-d132-4697-af9f-8b08902da90d,2025-08-03 22:00:00+00:00,Chicago,Chicago,previous_game_city
cd325282-98cc-46dd-a9f0-e2d5d887b51f,2025-08-06 00:00:00+00:00,2025-08-05,2025,5c0d47fe-8539-47b0-9f36-d0b3609ca89b,5c0d47fe-8539-47b0-9f36-d0b3609ca89b,3c409388-ab73-4c7f-953d-3a71062240f6,3c409388-ab73-4c7f-953d-3a71062240f6,0,0,1,0,1,3,College Park,Chicago,592.7,-1,0b629654-f5ce-4ac6-af48-0c1db944c24c,2025-08-03 19:00:00+00:00,College Park,Washington,previous_game_city
6a9e0ff7-c5b4-4a72-b217-41dc4a8caa4f,2025-08-06 02:00:00+00:00,2025-08-05,2025,d6a012ed-84aa-48d3-8265-2d3f3ff2199a,d6a012ed-84aa-48d3-8265-2d3f3ff2199a,6f017f37-be96-4bdc-b6d3-0a0429c72e89,6f017f37-be96-4bdc-b6d3-0a0429c72e89,1,0,1,0,2,2,Seattle,Seattle,0.0,0,58be413a-aed7-412e-a0ea-b7b5525ffedc,2025-08-03 19:00:00+00:00,Seattle,Seattle,previous_game_city
6a9e0ff7-c5b4-4a72-b217-41dc4a8caa4f,2025-08-06 02:00:00+00:00,2025-08-05,2025,6f017f37-be96-4bdc-b6d3-0a0429c72e89,6f017f37-be96-4bdc-b6d3-0a0429c72e89,d6a012ed-84aa-48d3-8265-2d3f3ff2199a,d6a012ed-84aa-48d3-8265-2d3f3ff2199a,0,0,2,0,1,2,Paradise,Seattle,877.2,0,1a3627a5-02d8-49f1-8015-8b258b6af8d6,2025-08-02 19:00:00+00:00,Paradise,Minneapolis,previous_game_city
9bafda37-d4b4-455f-853c-14e788647931,2025-08-06 02:00:00+00:00,2025-08-05,2025,0a5ad38d-2fe3-43ba-894b-1ba3d5042ea9,0a5ad38d-2fe3-43ba-894b-1ba3d5042ea9,f073a15f-0486-4179-b0a3-dfd0294eb595,f073a15f-0486-4179-b0a3-dfd0294eb595,1,0,3,0,1,2,Seattle,Los Angeles,961.9,0,f5e70e9e-0abc-49a4-b407-193d76a99fd6,2025-08-02 02:00:00+00:00,Seattle,Los Angeles,previous_game_city
9bafda37-d4b4-455f-853c-14e788647931,2025-08-06 02:00:00+00:00,2025-08-05,2025,f073a15f-0486-4179-b0a3-dfd0294eb595,f073a15f-0486-4179-b0a3-dfd0294eb595,0a5ad38d-2fe3-43ba-894b-1ba3d5042ea9,0a5ad38d-2fe3-43ba-894b-1ba3d5042ea9,0,0,1,0,2,3,Seattle,Los Angeles,961.9,0,58be413a-aed7-412e-a0ea-b7b5525ffedc,2025-08-03 19:00:00+00:00,Seattle,Indianapolis,previous_game_city
d300ee86-e2e0-4bf4-9247-1d7a3a859e07,2025-08-06 02:00:00+00:00,2025-08-05,2025,0699edf3-5993-4182-b9b4-ec935cbd4fcc,0699edf3-5993-4182-b9b4-ec935cbd4fcc,a015b02d-845c-40c1-8ef4-844984f47e4d,a015b02d-845c-40c1-8ef4-844984f47e4d,1,0,1,0,2,3,Chicago,Phoenix,1451.7,-2,1dffe97b-d132-4697-af9f-8b08902da90d,2025-08-03 22:00:00+00:00,Chicago,Phoenix,previous_game_city
d300ee86-e2e0-4bf4-9247-1d7a3a859e07,2025-08-06 02:00:00+00:00,2025-08-05,2025,a015b02d-845c-40c1-8ef4-844984f47e4d,a015b02d-845c-40c1-8ef4-844984f47e4d,0699edf3-5993-4182-b9b4-ec935cbd4fcc,0699edf3-5993-4182-b9b4-ec935cbd4fcc,0,0,1,0,2,2,Uncasville,Phoenix,2240.6,-3,fd9a1650-48c4-4a52-a5dc-0324466c3ed0,2025-08-03 17:00:00+00:00,Uncasville,Uncasville,previous_game_city
b95c82f4-3822-42a7-a0f7-2e42c3960736,2025-08-07 02:00:00+00:00,2025-08-06,2025,4f57ec40-0d35-4b59-bea0-9d040f0d2292,4f57ec40-0d35-4b59-bea0-9d040f0d2292,171b097d-01db-4ae8-9d56-035689402ec6,FR_LVA_ACES,1,0,2,0,1,3,Paradise,San Francisco,414.5,0,de06dc94-ceb2-41b8-bde0-f9f91c917d00,2025-08-03 22:00:00+00:00,Paradise,San Francisco,previous_game_city
b95c82f4-3822-42a7-a0f7-2e42c3960736,2025-08-07 02:00:00+00:00,2025-08-06,2025,171b097d-01db-4ae8-9d56-035689402ec6,FR_LVA_ACES,4f57ec40-0d35-4b59-bea0-9d040f0d2292,4f57ec40-0d35-4b59-bea0-9d040f0d2292,0,0,2,0,2,2,Paradise,San Francisco,414.5,0,de06dc94-ceb2-41b8-bde0-f9f91c917d00,2025-08-03 22:00:00+00:00,Paradise,Paradise,previous_game_city
186e6409-ec2d-4ab0-ae28-17589c92364e,2025-08-08 00:00:00+00:00,2025-08-07,2025,3c409388-ab73-4c7f-953d-3a71062240f6,3c409388-ab73-4c7f-953d-3a71062240f6,5d70a9af-8c2b-4aec-9e68-9acc6ddb93e4,5d70a9af-8c2b-4aec-9e68-9acc6ddb93e4,1,0,1,0,2,3,Chicago,Chicago,0.0,0,cd325282-98cc-46dd-a9f0-e2d5d887b51f,2025-08-06 00:00:00+00:00,Chicago,Chicago,previous_game_city
186e6409-ec2d-4ab0-ae28-17589c92364e,2025-08-08 00:00:00+00:00,2025-08-07,2025,5d70a9af-8c2b-4aec-9e68-9acc6ddb93e4,5d70a9af-8c2b-4aec-9e68-9acc6ddb93e4,3c409388-ab73-4c7f-953d-3a71062240f6,3c409388-ab73-4c7f-953d-3a71062240f6,0,0,3,0,1,2,College Park,Chicago,592.7,-1,0b629654-f5ce-4ac6-af48-0c1db944c24c,2025-08-03 19:00:00+00:00,College Park,College Park,previous_game_city
042c5181-7425-497a-8593-922c0cccfc16,2025-08-08 02:00:00+00:00,2025-08-07,2025,0a5ad38d-2fe3-43ba-894b-1ba3d5042ea9,0a5ad38d-2fe3-43ba-894b-1ba3d5042ea9,a015b02d-845c-40c1-8ef4-844984f47e4d,a015b02d-845c-40c1-8ef4-844984f47e4d,1,0,1,0,1,2,Los Angeles,Los Angeles,0.0,0,9bafda37-d4b4-455f-853c-14e788647931,2025-08-06 02:00:00+00:00,Los Angeles,Los Angeles,previous_game_city
042c5181-7425-497a-8593-922c0cccfc16,2025-08-08 02:00:00+00:00,2025-08-07,2025,a015b02d-845c-40c1-8ef4-844984f47e4d,a015b02d-845c-40c1-8ef4-844984f47e4d,0a5ad38d-2fe3-43ba-894b-1ba3d5042ea9,0a5ad38d-2fe3-43ba-894b-1ba3d5042ea9,0,0,1,0,2,3,Phoenix,Los Angeles,358.3,0,d300ee86-e2e0-4bf4-9247-1d7a3a859e07,2025-08-06 02:00:00+00:00,Phoenix,Uncasville,previous_game_city
0934f4d6-98dc-4543-b6bd-c04adfa95bf2,2025-08-08 02:00:00+00:00,2025-08-07,2025,0699edf3-5993-4182-b9b4-ec935cbd4fcc,0699edf3-5993-4182-b9b4-ec935cbd4fcc,f073a15f-0486-4179-b0a3-dfd0294eb595,f073a15f-0486-4179-b0a3-dfd0294eb595,1,0,1,0,2,3,Phoenix,Phoenix,0.0,0,d300ee86-e2e0-4bf4-9247-1d7a3a859e07,2025-08-06 02:00:00+00:00,Phoenix,Phoenix,previous_game_city
0934f4d6-98dc-4543-b6bd-c04adfa95bf2,2025-08-08 02:00:00+00:00,2025-08-07,2025,f073a15f-0486-4179-b0a3-dfd0294eb595,f073a15f-0486-4179-b0a3-dfd0294eb595,0699edf3-5993-4182-b9b4-ec935cbd4fcc,0699edf3-5993-4182-b9b4-ec935cbd4fcc,0,0,1,0,2,3,Los Angeles,Phoenix,358.3,0,9bafda37-d4b4-455f-853c-14e788647931,2025-08-06 02:00:00+00:00,Los Angeles,Indianapolis,previous_game_city
076e0d71-c610-4e6f-9814-6099bc1f606b,2025-08-08 23:30:00+00:00,2025-08-08,2025,5f0b5caf-708b-4300-92f2-53b51d83ec06,5f0b5caf-708b-4300-92f2-53b51d83ec06,08ed8274-e29f-4248-bc2e-83cc8ed18d75,08ed8274-e29f-4248-bc2e-83cc8ed18d75,1,0,2,0,1,2,Brooklyn,Arlington,1388.8,-1,a386fb2c-3ff8-4de2-96a3-38a77b363f3b,2025-08-05 23:00:00+00:00,Brooklyn,Arlington,previous_game_city
076e0d71-c610-4e6f-9814-6099bc1f606b,2025-08-08 23:30:00+00:00,2025-08-08,2025,08ed8274-e29f-4248-bc2e-83cc8ed18d75,08ed8274-e29f-4248-bc2e-83cc8ed18d75,5f0b5caf-708b-4300-92f2-53b51d83ec06,5f0b5caf-708b-4300-92f2-53b51d83ec06,0,0,2,0,1,3,Brooklyn,Arlington,1388.8,-1,a386fb2c-3ff8-4de2-96a3-38a77b363f3b,2025-08-05 23:00:00+00:00,Brooklyn,Brooklyn,previous_game_city
29b79cdd-02fe-4814-a965-ee95a23a8475,2025-08-08 23:30:00+00:00,2025-08-08,2025,6f017f37-be96-4bdc-b6d3-0a0429c72e89,6f017f37-be96-4bdc-b6d3-0a0429c72e89,5c0d47fe-8539-47b0-9f36-d0b3609ca89b,5c0d47fe-8539-47b0-9f36-d0b3609ca89b,1,0,2,0,1,2,Seattle,Minneapolis,1391.7,2,6a9e0ff7-c5b4-4a72-b217-41dc4a8caa4f,2025-08-06 02:00:00+00:00,Seattle,Minneapolis,previous_game_city
29b79cdd-02fe-4814-a965-ee95a23a8475,2025-08-08 23:30:00+00:00,2025-08-08,2025,5c0d47fe-8539-47b0-9f36-d0b3609ca89b,5c0d47fe-8539-47b0-9f36-d0b3609ca89b,6f017f37-be96-4bdc-b6d3-0a0429c72e89,6f017f37-be96-4bdc-b6d3-0a0429c72e89,0,0,2,0,1,2,Chicago,Minneapolis,356.5,0,cd325282-98cc-46dd-a9f0-e2d5d887b51f,2025-08-06 00:00:00+00:00,Chicago,Washington,previous_game_city
25596e43-21b0-4411-b093-a5ca0b6480d6,2025-08-09 02:00:00+00:00,2025-08-08,2025,171b097d-01db-4ae8-9d56-035689402ec6,FR_LVA_ACES,d6a012ed-84aa-48d3-8265-2d3f3ff2199a,d6a012ed-84aa-48d3-8265-2d3f3ff2199a,1,0,1,0,1,3,San Francisco,Paradise,414.5,0,b95c82f4-3822-42a7-a0f7-2e42c3960736,2025-08-07 02:00:00+00:00,San Francisco,Paradise,previous_game_city
25596e43-21b0-4411-b093-a5ca0b6480d6,2025-08-09 02:00:00+00:00,2025-08-08,2025,d6a012ed-84aa-48d3-8265-2d3f3ff2199a,d6a012ed-84aa-48d3-8265-2d3f3ff2199a,171b097d-01db-4ae8-9d56-035689402ec6,FR_LVA_ACES,0,0,2,0,1,3,Seattle,Paradise,877.2,0,6a9e0ff7-c5b4-4a72-b217-41dc4a8caa4f,2025-08-06 02:00:00+00:00,Seattle,Seattle,previous_game_city
8cc5b0f6-cada-4bcf-8b02-0d0d88de48ed,2025-08-10 00:00:00+00:00,2025-08-09,2025,f073a15f-0486-4179-b0a3-dfd0294eb595,f073a15f-0486-4179-b0a3-dfd0294eb595,3c409388-ab73-4c7f-953d-3a71062240f6,3c409388-ab73-4c7f-953d-3a71062240f6,1,0,1,0,2,3,Phoenix,Indianapolis,1496.2,3,0934f4d6-98dc-4543-b6bd-c04adfa95bf2,2025-08-08 02:00:00+00:00,Phoenix,Indianapolis,previous_game_city
8cc5b0f6-cada-4bcf-8b02-0d0d88de48ed,2025-08-10 00:00:00+00:00,2025-08-09,2025,3c409388-ab73-4c7f-953d-3a71062240f6,3c409388-ab73-4c7f-953d-3a71062240f6,f073a15f-0486-4179-b0a3-dfd0294eb595,f073a15f-0486-4179-b0a3-dfd0294eb595,0,0,1,0,2,3,Chicago,Indianapolis,163.5,1,186e6409-ec2d-4ab0-ae28-17589c92364e,2025-08-08 00:00:00+00:00,Chicago,Chicago,previous_game_city
3a283716-466b-440c-a344-5994da2e16aa,2025-08-10 00:30:00+00:00,2025-08-09,2025,4f57ec40-0d35-4b59-bea0-9d040f0d2292,4f57ec40-0d35-4b59-bea0-9d040f0d2292,0a5ad38d-2fe3-43ba-894b-1ba3d5042ea9,0a5ad38d-2fe3-43ba-894b-1ba3d5042ea9,1,0,2,0,1,2,San Francisco,San Francisco,0.0,0,b95c82f4-3822-42a7-a0f7-2e42c3960736,2025-08-07 02:00:00+00:00,San Francisco,San Francisco,previous_game_city
3a283716-466b-440c-a344-5994da2e16aa,2025-08-10 00:30:00+00:00,2025-08-09,2025,0a5ad38d-2fe3-43ba-894b-1ba3d5042ea9,0a5ad38d-2fe3-43ba-894b-1ba3d5042ea9,4f57ec40-0d35-4b59-bea0-9d040f0d2292,4f57ec40-0d35-4b59-bea0-9d040f0d2292,0,0,1,0,2,2,Los Angeles,San Francisco,345.5,0,042c5181-7425-497a-8593-922c0cccfc16,2025-08-08 02:00:00+00:00,Los Angeles,Los Angeles,previous_game_city
2de72b4c-3c39-42c4-8321-18efac227563,2025-08-10 16:30:00+00:00,2025-08-10,2025,08ed8274-e29f-4248-bc2e-83cc8ed18d75,08ed8274-e29f-4248-bc2e-83cc8ed18d75,6f017f37-be96-4bdc-b6d3-0a0429c72e89,6f017f37-be96-4bdc-b6d3-0a0429c72e89,1,0,1,0,1,3,Arlington,Brooklyn,1388.8,1,076e0d71-c610-4e6f-9814-6099bc1f606b,2025-08-08 23:30:00+00:00,Arlington,Brooklyn,previous_game_city
2de72b4c-3c39-42c4-8321-18efac227563,2025-08-10 16:30:00+00:00,2025-08-10,2025,6f017f37-be96-4bdc-b6d3-0a0429c72e89,6f017f37-be96-4bdc-b6d3-0a0429c72e89,08ed8274-e29f-4248-bc2e-83cc8ed18d75,08ed8274-e29f-4248-bc2e-83cc8ed18d75,0,0,1,0,1,2,Minneapolis,Brooklyn,1019.2,1,29b79cdd-02fe-4814-a965-ee95a23a8475,2025-08-08 23:30:00+00:00,Minneapolis,Minneapolis,previous_game_city
56ef45bc-fa3c-47bb-926c-8b9f8433bdb6,2025-08-10 20:00:00+00:00,2025-08-10,2025,5f0b5caf-708b-4300-92f2-53b51d83ec06,5f0b5caf-708b-4300-92f2-53b51d83ec06,5c0d47fe-8539-47b0-9f36-d0b3609ca89b,5c0d47fe-8539-47b0-9f36-d0b3609ca89b,1,0,1,0,1,2,Arlington,Arlington,0.0,0,076e0d71-c610-4e6f-9814-6099bc1f606b,2025-08-08 23:30:00+00:00,Arlington,Arlington,previous_game_city
56ef45bc-fa3c-47bb-926c-8b9f8433bdb6,2025-08-10 20:00:00+00:00,2025-08-10,2025,5c0d47fe-8539-47b0-9f36-d0b3609ca89b,5c0d47fe-8539-47b0-9f36-d0b3609ca89b,5f0b5caf-708b-4300-92f2-53b51d83ec06,5f0b5caf-708b-4300-92f2-53b51d83ec06,0,0,1,0,1,3,Minneapolis,Arlington,870.8,0,29b79cdd-02fe-4814-a965-ee95a23a8475,2025-08-08 23:30:00+00:00,Minneapolis,Washington,previous_game_city
2eb1473f-e48b-4a13-bb64-bb3604b03c6d,2025-08-10 22:00:00+00:00,2025-08-10,2025,0699edf3-5993-4182-b9b4-ec935cbd4fcc,0699edf3-5993-4182-b9b4-ec935cbd4fcc,5d70a9af-8c2b-4aec-9e68-9acc6ddb93e4,5d70a9af-8c2b-4aec-9e68-9acc6ddb93e4,1,0,2,0,1,3,Phoenix,Phoenix,0.0,0,0934f4d6-98dc-4543-b6bd-c04adfa95bf2,2025-08-08 02:00:00+00:00,Phoenix,Phoenix,previous_game_city
2eb1473f-e48b-4a13-bb64-bb3604b03c6d,2025-08-10 22:00:00+00:00,2025-08-10,2025,5d70a9af-8c2b-4aec-9e68-9acc6ddb93e4,5d70a9af-8c2b-4aec-9e68-9acc6ddb93e4,0699edf3-5993-4182-b9b4-ec935cbd4fcc,0699edf3-5993-4182-b9b4-ec935cbd4fcc,0,0,2,0,1,2,Chicago,Phoenix,1451.7,-2,186e6409-ec2d-4ab0-ae28-17589c92364e,2025-08-08 00:00:00+00:00,Chicago,College Park,previous_game_city
935164e5-cfe3-4dba-ab15-eccdd145ace9,2025-08-11 00:00:00+00:00,2025-08-10,2025,0a5ad38d-2fe3-43ba-894b-1ba3d5042ea9,0a5ad38d-2fe3-43ba-894b-1ba3d5042ea9,d6a012ed-84aa-48d3-8265-2d3f3ff2199a,d6a012ed-84aa-48d3-8265-2d3f3ff2199a,1,0,0,1,2,3,San Francisco,Los Angeles,345.5,0,3a283716-466b-440c-a344-5994da2e16aa,2025-08-10 00:30:00+00:00,San Francisco,Los Angeles,previous_game_city
935164e5-cfe3-4dba-ab15-eccdd145ace9,2025-08-11 00:00:00+00:00,2025-08-10,2025,d6a012ed-84aa-48d3-8265-2d3f3ff2199a,d6a012ed-84aa-48d3-8265-2d3f3ff2199a,0a5ad38d-2fe3-43ba-894b-1ba3d5042ea9,0a5ad38d-2fe3-43ba-894b-1ba3d5042ea9,0,0,1,0,1,3,Paradise,Los Angeles,224.7,0,25596e43-21b0-4411-b093-a5ca0b6480d6,2025-08-09 02:00:00+00:00,Paradise,Seattle,previous_game_city
5ad8ad8a-0d14-4a98-986e-ce28cf221779,2025-08-11 01:00:00+00:00,2025-08-10,2025,171b097d-01db-4ae8-9d56-035689402ec6,FR_LVA_ACES,a015b02d-845c-40c1-8ef4-844984f47e4d,a015b02d-845c-40c1-8ef4-844984f47e4d,1,0,1,0,2,3,Paradise,Paradise,0.0,0,25596e43-21b0-4411-b093-a5ca0b6480d6,2025-08-09 02:00:00+00:00,Paradise,Paradise,previous_game_city
5ad8ad8a-0d14-4a98-986e-ce28cf221779,2025-08-11 01:00:00+00:00,2025-08-10,2025,a015b02d-845c-40c1-8ef4-844984f47e4d,a015b02d-845c-40c1-8ef4-844984f47e4d,171b097d-01db-4ae8-9d56-035689402ec6,FR_LVA_ACES,0,0,2,0,1,3,Los Angeles,Paradise,224.7,0,042c5181-7425-497a-8593-922c0cccfc16,2025-08-08 02:00:00+00:00,Los Angeles,Uncasville,previous_game_city
d4d4ba52-c15f-4b5d-be3d-337d438d5749,2025-08-12 02:00:00+00:00,2025-08-11,2025,4f57ec40-0d35-4b59-bea0-9d040f0d2292,4f57ec40-0d35-4b59-bea0-9d040f0d2292,a015b02d-845c-40c1-8ef4-844984f47e4d,a015b02d-845c-40c1-8ef4-844984f47e4d,1,0,1,0,1,2,San Francisco,San Francisco,0.0,0,3a283716-466b-440c-a344-5994da2e16aa,2025-08-10 00:30:00+00:00,San Francisco,San Francisco,previous_game_city
d4d4ba52-c15f-4b5d-be3d-337d438d5749,2025-08-12 02:00:00+00:00,2025-08-11,2025,a015b02d-845c-40c1-8ef4-844984f47e4d,a015b02d-845c-40c1-8ef4-844984f47e4d,4f57ec40-0d35-4b59-bea0-9d040f0d2292,4f57ec40-0d35-4b59-bea0-9d040f0d2292,0,0,0,1,2,3,Paradise,San Francisco,414.5,0,5ad8ad8a-0d14-4a98-986e-ce28cf221779,2025-08-11 01:00:00+00:00,Paradise,Uncasville,previous_game_city
e95d472a-45d1-45ba-81f4-030d6afe351a,2025-08-12 23:30:00+00:00,2025-08-12,2025,f073a15f-0486-4179-b0a3-dfd0294eb595,f073a15f-0486-4179-b0a3-dfd0294eb595,5f0b5caf-708b-4300-92f2-53b51d83ec06,5f0b5caf-708b-4300-92f2-53b51d83ec06,1,0,2,0,1,3,Indianapolis,Indianapolis,0.0,0,8cc5b0f6-cada-4bcf-8b02-0d0d88de48ed,2025-08-10 00:00:00+00:00,Indianapolis,Indianapolis,previous_game_city
e95d472a-45d1-45ba-81f4-030d6afe351a,2025-08-12 23:30:00+00:00,2025-08-12,2025,5f0b5caf-708b-4300-92f2-53b51d83ec06,5f0b5caf-708b-4300-92f2-53b51d83ec06,f073a15f-0486-4179-b0a3-dfd0294eb595,f073a15f-0486-4179-b0a3-dfd0294eb595,0,0,1,0,2,3,Arlington,Indianapolis,779.1,1,56ef45bc-fa3c-47bb-926c-8b9f8433bdb6,2025-08-10 20:00:00+00:00,Arlington,Arlington,previous_game_city
33c1ac74-3d81-4431-81f2-e8d996bd505b,2025-08-13 02:00:00+00:00,2025-08-12,2025,0a5ad38d-2fe3-43ba-894b-1ba3d5042ea9,0a5ad38d-2fe3-43ba-894b-1ba3d5042ea9,08ed8274-e29f-4248-bc2e-83cc8ed18d75,08ed8274-e29f-4248-bc2e-83cc8ed18d75,1,0,1,0,2,4,Los Angeles,Los Angeles,0.0,0,935164e5-cfe3-4dba-ab15-eccdd145ace9,2025-08-11 00:00:00+00:00,Los Angeles,Los Angeles,previous_game_city
33c1ac74-3d81-4431-81f2-e8d996bd505b,2025-08-13 02:00:00+00:00,2025-08-12,2025,08ed8274-e29f-4248-bc2e-83cc8ed18d75,08ed8274-e29f-4248-bc2e-83cc8ed18d75,0a5ad38d-2fe3-43ba-894b-1ba3d5042ea9,0a5ad38d-2fe3-43ba-894b-1ba3d5042ea9,0,0,1,0,2,3,Brooklyn,Los Angeles,2448.8,-3,2de72b4c-3c39-42c4-8321-18efac227563,2025-08-10 16:30:00+00:00,Brooklyn,Brooklyn,previous_game_city
3f5f7cac-ecfc-4b06-a399-6b587dc94aab,2025-08-13 23:00:00+00:00,2025-08-13,2025,a015b02d-845c-40c1-8ef4-844984f47e4d,a015b02d-845c-40c1-8ef4-844984f47e4d,3c409388-ab73-4c7f-953d-3a71062240f6,3c409388-ab73-4c7f-953d-3a71062240f6,1,0,1,0,2,3,San Francisco,Uncasville,2651.2,3,d4d4ba52-c15f-4b5d-be3d-337d438d5749,2025-08-12 02:00:00+00:00,San Francisco,Uncasville,previous_game_city
3f5f7cac-ecfc-4b06-a399-6b587dc94aab,2025-08-13 23:00:00+00:00,2025-08-13,2025,3c409388-ab73-4c7f-953d-3a71062240f6,3c409388-ab73-4c7f-953d-3a71062240f6,a015b02d-845c-40c1-8ef4-844984f47e4d,a015b02d-845c-40c1-8ef4-844984f47e4d,0,0,3,0,1,2,Indianapolis,Uncasville,746.3,0,8cc5b0f6-cada-4bcf-8b02-0d0d88de48ed,2025-08-10 00:00:00+00:00,Indianapolis,Chicago,previous_game_city
74f4d3c6-f105-49b3-bb25-ee57ac47d235,2025-08-13 23:30:00+00:00,2025-08-13,2025,5c0d47fe-8539-47b0-9f36-d0b3609ca89b,5c0d47fe-8539-47b0-9f36-d0b3609ca89b,4f57ec40-0d35-4b59-bea0-9d040f0d2292,4f57ec40-0d35-4b59-bea0-9d040f0d2292,1,0,2,0,1,2,Arlington,Washington,1200.9,1,56ef45bc-fa3c-47bb-926c-8b9f8433bdb6,2025-08-10 20:00:00+00:00,Arlington,Washington,previous_game_city
74f4d3c6-f105-49b3-bb25-ee57ac47d235,2025-08-13 23:30:00+00:00,2025-08-13,2025,4f57ec40-0d35-4b59-bea0-9d040f0d2292,4f57ec40-0d35-4b59-bea0-9d040f0d2292,5c0d47fe-8539-47b0-9f36-d0b3609ca89b,5c0d47fe-8539-47b0-9f36-d0b3609ca89b,0,0,1,0,2,3,San Francisco,Washington,2436.7,3,d4d4ba52-c15f-4b5d-be3d-337d438d5749,2025-08-12 02:00:00+00:00,San Francisco,San Francisco,previous_game_city
ef433d2f-c65d-45c8-aa73-88e89b9dcdce,2025-08-14 01:30:00+00:00,2025-08-13,2025,171b097d-01db-4ae8-9d56-035689402ec6,FR_LVA_ACES,08ed8274-e29f-4248-bc2e-83cc8ed18d75,08ed8274-e29f-4248-bc2e-83cc8ed18d75,1,0,2,0,1,3,Paradise,Paradise,0.0,0,5ad8ad8a-0d14-4a98-986e-ce28cf221779,2025-08-11 01:00:00+00:00,Paradise,Paradise,previous_game_city
ef433d2f-c65d-45c8-aa73-88e89b9dcdce,2025-08-14 01:30:00+00:00,2025-08-13,2025,08ed8274-e29f-4248-bc2e-83cc8ed18d75,08ed8274-e29f-4248-bc2e-83cc8ed18d75,171b097d-01db-4ae8-9d56-035689402ec6,FR_LVA_ACES,0,0,0,1,2,3,Los Angeles,Paradise,224.7,0,33c1ac74-3d81-4431-81f2-e8d996bd505b,2025-08-13 02:00:00+00:00,Los Angeles,Brooklyn,previous_game_city
4b134f76-aff1-49fb-b585-3e9073eb44c2,2025-08-14 02:00:00+00:00,2025-08-13,2025,d6a012ed-84aa-48d3-8265-2d3f3ff2199a,d6a012ed-84aa-48d3-8265-2d3f3ff2199a,5d70a9af-8c2b-4aec-9e68-9acc6ddb93e4,5d70a9af-8c2b-4aec-9e68-9acc6ddb93e4,1,0,2,0,1,2,Los Angeles,Seattle,961.9,0,935164e5-cfe3-4dba-ab15-eccdd145ace9,2025-08-11 00:00:00+00:00,Los Angeles,Seattle,previous_game_city
4b134f76-aff1-49fb-b585-3e9073eb44c2,2025-08-14 02:00:00+00:00,2025-08-13,2025,5d70a9af-8c2b-4aec-9e68-9acc6ddb93e4,5d70a9af-8c2b-4aec-9e68-9acc6ddb93e4,d6a012ed-84aa-48d3-8265-2d3f3ff2199a,d6a012ed-84aa-48d3-8265-2d3f3ff2199a,0,0,2,0,1,2,Phoenix,Seattle,1116.2,0,2eb1473f-e48b-4a13-bb64-bb3604b03c6d,2025-08-10 22:00:00+00:00,Phoenix,College Park,previous_game_city
0dba890c-bbe9-4bd1-bfce-2ccaff13d596,2025-08-15 23:30:00+00:00,2025-08-15,2025,3c409388-ab73-4c7f-953d-3a71062240f6,3c409388-ab73-4c7f-953d-3a71062240f6,4f57ec40-0d35-4b59-bea0-9d040f0d2292,4f57ec40-0d35-4b59-bea0-9d040f0d2292,1,0,1,0,1,2,Uncasville,Chicago,800.9,-1,3f5f7cac-ecfc-4b06-a399-6b587dc94aab,2025-08-13 23:00:00+00:00,Uncasville,Chicago,previous_game_city
0dba890c-bbe9-4bd1-bfce-2ccaff13d596,2025-08-15 23:30:00+00:00,2025-08-15,2025,4f57ec40-0d35-4b59-bea0-9d040f0d2292,4f57ec40-0d35-4b59-bea0-9d040f0d2292,3c409388-ab73-4c7f-953d-3a71062240f6,3c409388-ab73-4c7f-953d-3a71062240f6,0,0,1,0,2,3,Washington,Chicago,596.5,-1,74f4d3c6-f105-49b3-bb25-ee57ac47d235,2025-08-13 23:30:00+00:00,Washington,San Francisco,previous_game_city
a7dc6a3d-76f1-43a8-9bdf-fd66492af752,2025-08-15 23:30:00+00:00,2025-08-15,2025,f073a15f-0486-4179-b0a3-dfd0294eb595,f073a15f-0486-4179-b0a3-dfd0294eb595,5c0d47fe-8539-47b0-9f36-d0b3609ca89b,5c0d47fe-8539-47b0-9f36-d0b3609ca89b,1,0,2,0,1,2,Indianapolis,Indianapolis,0.0,0,e95d472a-45d1-45ba-81f4-030d6afe351a,2025-08-12 23:30:00+00:00,Indianapolis,Indianapolis,previous_game_city
a7dc6a3d-76f1-43a8-9bdf-fd66492af752,2025-08-15 23:30:00+00:00,2025-08-15,2025,5c0d47fe-8539-47b0-9f36-d0b3609ca89b,5c0d47fe-8539-47b0-9f36-d0b3609ca89b,f073a15f-0486-4179-b0a3-dfd0294eb595,f073a15f-0486-4179-b0a3-dfd0294eb595,0,0,1,0,1,3,Washington,Indianapolis,493.8,0,74f4d3c6-f105-49b3-bb25-ee57ac47d235,2025-08-13 23:30:00+00:00,Washington,Washington,previous_game_city
abe6b85a-9f9f-4056-95b8-9ffb7861376f,2025-08-15 23:30:00+00:00,2025-08-15,2025,5f0b5caf-708b-4300-92f2-53b51d83ec06,5f0b5caf-708b-4300-92f2-53b51d83ec06,0a5ad38d-2fe3-43ba-894b-1ba3d5042ea9,0a5ad38d-2fe3-43ba-894b-1ba3d5042ea9,1,0,2,0,1,3,Indianapolis,Arlington,779.1,-1,e95d472a-45d1-45ba-81f4-030d6afe351a,2025-08-12 23:30:00+00:00,Indianapolis,Arlington,previous_game_city
abe6b85a-9f9f-4056-95b8-9ffb7861376f,2025-08-15 23:30:00+00:00,2025-08-15,2025,0a5ad38d-2fe3-43ba-894b-1ba3d5042ea9,0a5ad38d-2fe3-43ba-894b-1ba3d5042ea9,5f0b5caf-708b-4300-92f2-53b51d83ec06,5f0b5caf-708b-4300-92f2-53b51d83ec06,0,0,2,0,1,3,Los Angeles,Arlington,1221.9,2,33c1ac74-3d81-4431-81f2-e8d996bd505b,2025-08-13 02:00:00+00:00,Los Angeles,Los Angeles,previous_game_city
f69e50f9-fa32-4c94-9a1b-f8a270e47e4c,2025-08-16 02:00:00+00:00,2025-08-15,2025,5d70a9af-8c2b-4aec-9e68-9acc6ddb93e4,5d70a9af-8c2b-4aec-9e68-9acc6ddb93e4,d6a012ed-84aa-48d3-8265-2d3f3ff2199a,d6a012ed-84aa-48d3-8265-2d3f3ff2199a,1,0,1,0,1,2,Seattle,Vancouver,119.5,0,4b134f76-aff1-49fb-b585-3e9073eb44c2,2025-08-14 02:00:00+00:00,Seattle,College Park,previous_game_city
f69e50f9-fa32-4c94-9a1b-f8a270e47e4c,2025-08-16 02:00:00+00:00,2025-08-15,2025,d6a012ed-84aa-48d3-8265-2d3f3ff2199a,d6a012ed-84aa-48d3-8265-2d3f3ff2199a,5d70a9af-8c2b-4aec-9e68-9acc6ddb93e4,5d70a9af-8c2b-4aec-9e68-9acc6ddb93e4,0,0,1,0,1,3,Seattle,Vancouver,119.5,0,4b134f76-aff1-49fb-b585-3e9073eb44c2,2025-08-14 02:00:00+00:00,Seattle,Seattle,previous_game_city
fdec04dc-4b3e-4713-8640-3988c3e4f01f,2025-08-16 02:00:00+00:00,2025-08-15,2025,0699edf3-5993-4182-b9b4-ec935cbd4fcc,0699edf3-5993-4182-b9b4-ec935cbd4fcc,171b097d-01db-4ae8-9d56-035689402ec6,FR_LVA_ACES,1,0,4,0,0,1,Phoenix,Phoenix,0.0,0,2eb1473f-e48b-4a13-bb64-bb3604b03c6d,2025-08-10 22:00:00+00:00,Phoenix,Phoenix,home_city
fdec04dc-4b3e-4713-8640-3988c3e4f01f,2025-08-16 02:00:00+00:00,2025-08-15,2025,171b097d-01db-4ae8-9d56-035689402ec6,FR_LVA_ACES,0699edf3-5993-4182-b9b4-ec935cbd4fcc,0699edf3-5993-4182-b9b4-ec935cbd4fcc,0,0,1,0,1,3,Paradise,Phoenix,253.9,0,ef433d2f-c65d-45c8-aa73-88e89b9dcdce,2025-08-14 01:30:00+00:00,Paradise,Paradise,previous_game_city
673f7bf8-4cb2-4836-9dec-4131b50da342,2025-08-16 18:00:00+00:00,2025-08-16,2025,6f017f37-be96-4bdc-b6d3-0a0429c72e89,6f017f37-be96-4bdc-b6d3-0a0429c72e89,08ed8274-e29f-4248-bc2e-83cc8ed18d75,08ed8274-e29f-4248-bc2e-83cc8ed18d75,1,0,5,0,0,1,Minneapolis,Minneapolis,0.0,0,2de72b4c-3c39-42c4-8321-18efac227563,2025-08-10 16:30:00+00:00,Brooklyn,Minneapolis,home_city
673f7bf8-4cb2-4836-9dec-4131b50da342,2025-08-16 18:00:00+00:00,2025-08-16,2025,08ed8274-e29f-4248-bc2e-83cc8ed18d75,08ed8274-e29f-4248-bc2e-83cc8ed18d75,6f017f37-be96-4bdc-b6d3-0a0429c72e89,6f017f37-be96-4bdc-b6d3-0a0429c72e89,0,0,2,0,2,3,Paradise,Minneapolis,1298.0,2,ef433d2f-c65d-45c8-aa73-88e89b9dcdce,2025-08-14 01:30:00+00:00,Paradise,Brooklyn,previous_game_city
211705ef-50b5-48b3-8486-1e18374bada4,2025-08-17 17:00:00+00:00,2025-08-17,2025,a015b02d-845c-40c1-8ef4-844984f47e4d,a015b02d-845c-40c1-8ef4-844984f47e4d,f073a15f-0486-4179-b0a3-dfd0294eb595,f073a15f-0486-4179-b0a3-dfd0294eb595,1,0,3,0,1,3,Uncasville,Uncasville,0.0,0,3f5f7cac-ecfc-4b06-a399-6b587dc94aab,2025-08-13 23:00:00+00:00,Uncasville,Uncasville,previous_game_city
211705ef-50b5-48b3-8486-1e18374bada4,2025-08-17 17:00:00+00:00,2025-08-17,2025,f073a15f-0486-4179-b0a3-dfd0294eb595,f073a15f-0486-4179-b0a3-dfd0294eb595,a015b02d-845c-40c1-8ef4-844984f47e4d,a015b02d-845c-40c1-8ef4-844984f47e4d,0,0,1,0,1,2,Indianapolis,Uncasville,746.3,0,a7dc6a3d-76f1-43a8-9bdf-fd66492af752,2025-08-15 23:30:00+00:00,Indianapolis,Indianapolis,previous_game_city
3495c00d-950e-4e49-87e6-3a022d1d9c1b,2025-08-17 19:00:00+00:00,2025-08-17,2025,5c0d47fe-8539-47b0-9f36-d0b3609ca89b,5c0d47fe-8539-47b0-9f36-d0b3609ca89b,0a5ad38d-2fe3-43ba-894b-1ba3d5042ea9,0a5ad38d-2fe3-43ba-894b-1ba3d5042ea9,1,0,1,0,2,3,Indianapolis,Washington,493.8,0,a7dc6a3d-76f1-43a8-9bdf-fd66492af752,2025-08-15 23:30:00+00:00,Indianapolis,Washington,previous_game_city
3495c00d-950e-4e49-87e6-3a022d1d9c1b,2025-08-17 19:00:00+00:00,2025-08-17,2025,0a5ad38d-2fe3-43ba-894b-1ba3d5042ea9,0a5ad38d-2fe3-43ba-894b-1ba3d5042ea9,5c0d47fe-8539-47b0-9f36-d0b3609ca89b,5c0d47fe-8539-47b0-9f36-d0b3609ca89b,0,0,1,0,1,3,Arlington,Washington,1200.9,1,abe6b85a-9f9f-4056-95b8-9ffb7861376f,2025-08-15 23:30:00+00:00,Arlington,Los Angeles,previous_game_city
89e532bc-3a8e-4609-b8bc-6b416e0fd935,2025-08-17 19:30:00+00:00,2025-08-17,2025,171b097d-01db-4ae8-9d56-035689402ec6,FR_LVA_ACES,5f0b5caf-708b-4300-92f2-53b51d83ec06,5f0b5caf-708b-4300-92f2-53b51d83ec06,1,0,1,0,2,3,Phoenix,Paradise,253.9,0,fdec04dc-4b3e-4713-8640-3988c3e4f01f,2025-08-16 02:00:00+00:00,Phoenix,Paradise,previous_game_city
89e532bc-3a8e-4609-b8bc-6b416e0fd935,2025-08-17 19:30:00+00:00,2025-08-17,2025,5f0b5caf-708b-4300-92f2-53b51d83ec06,5f0b5caf-708b-4300-92f2-53b51d83ec06,171b097d-01db-4ae8-9d56-035689402ec6,FR_LVA_ACES,0,0,1,0,1,3,Arlington,Paradise,1054.3,-2,abe6b85a-9f9f-4056-95b8-9ffb7861376f,2025-08-15 23:30:00+00:00,Arlington,Arlington,previous_game_city
b233aa62-25a1-489f-9f1a-ad31d9a6a7c2,2025-08-17 22:00:00+00:00,2025-08-17,2025,d6a012ed-84aa-48d3-8265-2d3f3ff2199a,d6a012ed-84aa-48d3-8265-2d3f3ff2199a,0699edf3-5993-4182-b9b4-ec935cbd4fcc,0699edf3-5993-4182-b9b4-ec935cbd4fcc,1,0,1,0,2,3,Vancouver,Seattle,119.5,0,f69e50f9-fa32-4c94-9a1b-f8a270e47e4c,2025-08-16 02:00:00+00:00,Vancouver,Seattle,previous_game_city
b233aa62-25a1-489f-9f1a-ad31d9a6a7c2,2025-08-17 22:00:00+00:00,2025-08-17,2025,0699edf3-5993-4182-b9b4-ec935cbd4fcc,0699edf3-5993-4182-b9b4-ec935cbd4fcc,d6a012ed-84aa-48d3-8265-2d3f3ff2199a,d6a012ed-84aa-48d3-8265-2d3f3ff2199a,0,0,1,0,1,2,Phoenix,Seattle,1116.2,0,fdec04dc-4b3e-4713-8640-3988c3e4f01f,2025-08-16 02:00:00+00:00,Phoenix,Phoenix,previous_game_city
94b79934-48bf-41c5-a7e5-0387bb466644,2025-08-18 00:30:00+00:00,2025-08-17,2025,4f57ec40-0d35-4b59-bea0-9d040f0d2292,4f57ec40-0d35-4b59-bea0-9d040f0d2292,5d70a9af-8c2b-4aec-9e68-9acc6ddb93e4,5d70a9af-8c2b-4aec-9e68-9acc6ddb93e4,1,0,1,0,2,3,Chicago,San Francisco,1853.8,-2,0dba890c-bbe9-4bd1-bfce-2ccaff13d596,2025-08-15 23:30:00+00:00,Chicago,San Francisco,previous_game_city
94b79934-48bf-41c5-a7e5-0387bb466644,2025-08-18 00:30:00+00:00,2025-08-17,2025,5d70a9af-8c2b-4aec-9e68-9acc6ddb93e4,5d70a9af-8c2b-4aec-9e68-9acc6ddb93e4,4f57ec40-0d35-4b59-bea0-9d040f0d2292,4f57ec40-0d35-4b59-bea0-9d040f0d2292,0,0,1,0,2,3,Vancouver,San Francisco,796.1,0,f69e50f9-fa32-4c94-9a1b-f8a270e47e4c,2025-08-16 02:00:00+00:00,Vancouver,College Park,previous_game_city
b6df91b4-c8f5-45f8-bebf-c6845d61912b,2025-08-19 23:00:00+00:00,2025-08-19,2025,08ed8274-e29f-4248-bc2e-83cc8ed18d75,08ed8274-e29f-4248-bc2e-83cc8ed18d75,6f017f37-be96-4bdc-b6d3-0a0429c72e89,6f017f37-be96-4bdc-b6d3-0a0429c72e89,1,0,2,0,1,3,Minneapolis,Brooklyn,1019.2,1,673f7bf8-4cb2-4836-9dec-4131b50da342,2025-08-16 18:00:00+00:00,Minneapolis,Brooklyn,previous_game_city
b6df91b4-c8f5-45f8-bebf-c6845d61912b,2025-08-19 23:00:00+00:00,2025-08-19,2025,6f017f37-be96-4bdc-b6d3-0a0429c72e89,6f017f37-be96-4bdc-b6d3-0a0429c72e89,08ed8274-e29f-4248-bc2e-83cc8ed18d75,08ed8274-e29f-4248-bc2e-83cc8ed18d75,0,0,2,0,1,1,Minneapolis,Brooklyn,1019.2,1,673f7bf8-4cb2-4836-9dec-4131b50da342,2025-08-16 18:00:00+00:00,Minneapolis,Minneapolis,previous_game_city
f9368273-0898-4f92-bd8a-83357de98319,2025-08-19 23:30:00+00:00,2025-08-19,2025,5c0d47fe-8539-47b0-9f36-d0b3609ca89b,5c0d47fe-8539-47b0-9f36-d0b3609ca89b,a015b02d-845c-40c1-8ef4-844984f47e4d,a015b02d-845c-40c1-8ef4-844984f47e4d,1,0,1,0,2,3,Washington,Washington,0.0,0,3495c00d-950e-4e49-87e6-3a022d1d9c1b,2025-08-17 19:00:00+00:00,Washington,Washington,previous_game_city
f9368273-0898-4f92-bd8a-83357de98319,2025-08-19 23:30:00+00:00,2025-08-19,2025,a015b02d-845c-40c1-8ef4-844984f47e4d,a015b02d-845c-40c1-8ef4-844984f47e4d,5c0d47fe-8539-47b0-9f36-d0b3609ca89b,5c0d47fe-8539-47b0-9f36-d0b3609ca89b,0,0,1,0,1,2,Uncasville,Washington,316.7,0,211705ef-50b5-48b3-8486-1e18374bada4,2025-08-17 17:00:00+00:00,Uncasville,Uncasville,previous_game_city
45ff0733-6194-4e63-bc59-0cc5efa69256,2025-08-20 00:00:00+00:00,2025-08-19,2025,3c409388-ab73-4c7f-953d-3a71062240f6,3c409388-ab73-4c7f-953d-3a71062240f6,d6a012ed-84aa-48d3-8265-2d3f3ff2199a,d6a012ed-84aa-48d3-8265-2d3f3ff2199a,1,0,3,0,1,2,Chicago,Chicago,0.0,0,0dba890c-bbe9-4bd1-bfce-2ccaff13d596,2025-08-15 23:30:00+00:00,Chicago,Chicago,previous_game_city
45ff0733-6194-4e63-bc59-0cc5efa69256,2025-08-20 00:00:00+00:00,2025-08-19,2025,d6a012ed-84aa-48d3-8265-2d3f3ff2199a,d6a012ed-84aa-48d3-8265-2d3f3ff2199a,3c409388-ab73-4c7f-953d-3a71062240f6,3c409388-ab73-4c7f-953d-3a71062240f6,0,0,1,0,2,3,Seattle,Chicago,1735.1,2,b233aa62-25a1-489f-9f1a-ad31d9a6a7c2,2025-08-17 22:00:00+00:00,Seattle,Seattle,previous_game_city
2cc91c72-9797-403a-adc1-51f134d84117,2025-08-20 02:00:00+00:00,2025-08-19,2025,4f57ec40-0d35-4b59-bea0-9d040f0d2292,4f57ec40-0d35-4b59-bea0-9d040f0d2292,0699edf3-5993-4182-b9b4-ec935cbd4fcc,0699edf3-5993-4182-b9b4-ec935cbd4fcc,1,0,1,0,2,3,San Francisco,San Francisco,0.0,0,94b79934-48bf-41c5-a7e5-0387bb466644,2025-08-18 00:30:00+00:00,San Francisco,San Francisco,previous_game_city
2cc91c72-9797-403a-adc1-51f134d84117,2025-08-20 02:00:00+00:00,2025-08-19,2025,0699edf3-5993-4182-b9b4-ec935cbd4fcc,0699edf3-5993-4182-b9b4-ec935cbd4fcc,4f57ec40-0d35-4b59-bea0-9d040f0d2292,4f57ec40-0d35-4b59-bea0-9d040f0d2292,0,0,1,0,2,2,Seattle,San Francisco,680.9,0,b233aa62-25a1-489f-9f1a-ad31d9a6a7c2,2025-08-17 22:00:00+00:00,Seattle,Phoenix,previous_game_city
dfddb2f2-d585-40c5-b962-cc34ca2a9374,2025-08-20 02:00:00+00:00,2025-08-19,2025,171b097d-01db-4ae8-9d56-035689402ec6,FR_LVA_ACES,5d70a9af-8c2b-4aec-9e68-9acc6ddb93e4,5d70a9af-8c2b-4aec-9e68-9acc6ddb93e4,1,0,1,0,2,3,Paradise,Paradise,0.0,0,89e532bc-3a8e-4609-b8bc-6b416e0fd935,2025-08-17 19:30:00+00:00,Paradise,Paradise,previous_game_city
dfddb2f2-d585-40c5-b962-cc34ca2a9374,2025-08-20 02:00:00+00:00,2025-08-19,2025,5d70a9af-8c2b-4aec-9e68-9acc6ddb93e4,5d70a9af-8c2b-4aec-9e68-9acc6ddb93e4,171b097d-01db-4ae8-9d56-035689402ec6,FR_LVA_ACES,0,0,1,0,2,3,San Francisco,Paradise,414.5,0,94b79934-48bf-41c5-a7e5-0387bb466644,2025-08-18 00:30:00+00:00,San Francisco,College Park,previous_game_city
44e93bed-d304-4352-aebd-6ce08d7ecba0,2025-08-21 02:00:00+00:00,2025-08-20,2025,0a5ad38d-2fe3-43ba-894b-1ba3d5042ea9,0a5ad38d-2fe3-43ba-894b-1ba3d5042ea9,5f0b5caf-708b-4300-92f2-53b51d83ec06,5f0b5caf-708b-4300-92f2-53b51d83ec06,1,0,2,0,1,2,Washington,Los Angeles,2298.4,-3,3495c00d-950e-4e49-87e6-3a022d1d9c1b,2025-08-17 19:00:00+00:00,Washington,Los Angeles,previous_game_city
44e93bed-d304-4352-aebd-6ce08d7ecba0,2025-08-21 02:00:00+00:00,2025-08-20,2025,5f0b5caf-708b-4300-92f2-53b51d83ec06,5f0b5caf-708b-4300-92f2-53b51d83ec06,0a5ad38d-2fe3-43ba-894b-1ba3d5042ea9,0a5ad38d-2fe3-43ba-894b-1ba3d5042ea9,0,0,2,0,1,2,Paradise,Los Angeles,224.7,0,89e532bc-3a8e-4609-b8bc-6b416e0fd935,2025-08-17 19:30:00+00:00,Paradise,Arlington,previous_game_city
7989533a-1d74-4dd2-987f-83cae58ec668,2025-08-21 23:00:00+00:00,2025-08-21,2025,a015b02d-845c-40c1-8ef4-844984f47e4d,a015b02d-845c-40c1-8ef4-844984f47e4d,5c0d47fe-8539-47b0-9f36-d0b3609ca89b,5c0d47fe-8539-47b0-9f36-d0b3609ca89b,1,0,1,0,2,2,Washington,Uncasville,316.7,0,f9368273-0898-4f92-bd8a-83357de98319,2025-08-19 23:30:00+00:00,Washington,Uncasville,previous_game_city
7989533a-1d74-4dd2-987f-83cae58ec668,2025-08-21 23:00:00+00:00,2025-08-21,2025,5c0d47fe-8539-47b0-9f36-d0b3609ca89b,5c0d47fe-8539-47b0-9f36-d0b3609ca89b,a015b02d-845c-40c1-8ef4-844984f47e4d,a015b02d-845c-40c1-8ef4-844984f47e4d,0,0,1,0,2,3,Washington,Uncasville,316.7,0,f9368273-0898-4f92-bd8a-83357de98319,2025-08-19 23:30:00+00:00,Washington,Washington,previous_game_city
e294a887-c480-4ae6-b011-de2aaa055059,2025-08-21 23:00:00+00:00,2025-08-21,2025,08ed8274-e29f-4248-bc2e-83cc8ed18d75,08ed8274-e29f-4248-bc2e-83cc8ed18d75,3c409388-ab73-4c7f-953d-3a71062240f6,3c409388-ab73-4c7f-953d-3a71062240f6,1,0,1,0,1,2,Brooklyn,Brooklyn,0.0,0,b6df91b4-c8f5-45f8-bebf-c6845d61912b,2025-08-19 23:00:00+00:00,Brooklyn,Brooklyn,previous_game_city
e294a887-c480-4ae6-b011-de2aaa055059,2025-08-21 23:00:00+00:00,2025-08-21,2025,3c409388-ab73-4c7f-953d-3a71062240f6,3c409388-ab73-4c7f-953d-3a71062240f6,08ed8274-e29f-4248-bc2e-83cc8ed18d75,08ed8274-e29f-4248-bc2e-83cc8ed18d75,0,0,1,0,1,2,Chicago,Brooklyn,712.5,1,45ff0733-6194-4e63-bc59-0cc5efa69256,2025-08-20 00:00:00+00:00,Chicago,Chicago,previous_game_city
1bfb21d0-94d4-414b-872a-8caa5df09a89,2025-08-21 23:30:00+00:00,2025-08-21,2025,5d70a9af-8c2b-4aec-9e68-9acc6ddb93e4,5d70a9af-8c2b-4aec-9e68-9acc6ddb93e4,6f017f37-be96-4bdc-b6d3-0a0429c72e89,6f017f37-be96-4bdc-b6d3-0a0429c72e89,1,0,1,0,2,3,Paradise,College Park,1742.5,3,dfddb2f2-d585-40c5-b962-cc34ca2a9374,2025-08-20 02:00:00+00:00,Paradise,College Park,previous_game_city
1bfb21d0-94d4-414b-872a-8caa5df09a89,2025-08-21 23:30:00+00:00,2025-08-21,2025,6f017f37-be96-4bdc-b6d3-0a0429c72e89,6f017f37-be96-4bdc-b6d3-0a0429c72e89,5d70a9af-8c2b-4aec-9e68-9acc6ddb93e4,5d70a9af-8c2b-4aec-9e68-9acc6ddb93e4,0,0,1,0,1,2,Brooklyn,College Park,753.7,0,b6df91b4-c8f5-45f8-bebf-c6845d61912b,2025-08-19 23:00:00+00:00,Brooklyn,Minneapolis,previous_game_city
6284f010-f6d1-40dc-8fca-3b4803fd645b,2025-08-22 02:00:00+00:00,2025-08-21,2025,171b097d-01db-4ae8-9d56-035689402ec6,FR_LVA_ACES,0699edf3-5993-4182-b9b4-ec935cbd4fcc,0699edf3-5993-4182-b9b4-ec935cbd4fcc,1,0,1,0,2,3,Paradise,Paradise,0.0,0,dfddb2f2-d585-40c5-b962-cc34ca2a9374,2025-08-20 02:00:00+00:00,Paradise,Paradise,previous_game_city
6284f010-f6d1-40dc-8fca-3b4803fd645b,2025-08-22 02:00:00+00:00,2025-08-21,2025,0699edf3-5993-4182-b9b4-ec935cbd4fcc,0699edf3-5993-4182-b9b4-ec935cbd4fcc,171b097d-01db-4ae8-9d56-035689402ec6,FR_LVA_ACES,0,0,1,0,2,3,San Francisco,Paradise,414.5,0,2cc91c72-9797-403a-adc1-51f134d84117,2025-08-20 02:00:00+00:00,San Francisco,Phoenix,previous_game_city
1146f4af-8af9-4447-97da-96ce6b61a481,2025-08-22 23:30:00+00:00,2025-08-22,2025,5f0b5caf-708b-4300-92f2-53b51d83ec06,5f0b5caf-708b-4300-92f2-53b51d83ec06,d6a012ed-84aa-48d3-8265-2d3f3ff2199a,d6a012ed-84aa-48d3-8265-2d3f3ff2199a,1,0,1,0,1,3,Los Angeles,Arlington,1221.9,2,44e93bed-d304-4352-aebd-6ce08d7ecba0,2025-08-21 02:00:00+00:00,Los Angeles,Arlington,previous_game_city
1146f4af-8af9-4447-97da-96ce6b61a481,2025-08-22 23:30:00+00:00,2025-08-22,2025,d6a012ed-84aa-48d3-8265-2d3f3ff2199a,d6a012ed-84aa-48d3-8265-2d3f3ff2199a,5f0b5caf-708b-4300-92f2-53b51d83ec06,5f0b5caf-708b-4300-92f2-53b51d83ec06,0,0,2,0,1,3,Chicago,Arlington,817.0,0,45ff0733-6194-4e63-bc59-0cc5efa69256,2025-08-20 00:00:00+00:00,Chicago,Seattle,previous_game_city
c033c39a-f504-457a-ac46-8c49ea427508,2025-08-22 23:30:00+00:00,2025-08-22,2025,f073a15f-0486-4179-b0a3-dfd0294eb595,f073a15f-0486-4179-b0a3-dfd0294eb595,6f017f37-be96-4bdc-b6d3-0a0429c72e89,6f017f37-be96-4bdc-b6d3-0a0429c72e89,1,0,4,0,0,2,Indianapolis,Indianapolis,0.0,0,211705ef-50b5-48b3-8486-1e18374bada4,2025-08-17 17:00:00+00:00,Uncasville,Indianapolis,home_city
c033c39a-f504-457a-ac46-8c49ea427508,2025-08-22 23:30:00+00:00,2025-08-22,2025,6f017f37-be96-4bdc-b6d3-0a0429c72e89,6f017f37-be96-4bdc-b6d3-0a0429c72e89,f073a15f-0486-4179-b0a3-dfd0294eb595,f073a15f-0486-4179-b0a3-dfd0294eb595,0,0,0,1,2,3,College Park,Indianapolis,433.0,0,1bfb21d0-94d4-414b-872a-8caa5df09a89,2025-08-21 23:30:00+00:00,College Park,Minneapolis,previous_game_city
545784f9-c706-42ad-9145-9424c6f683b3,2025-08-23 02:00:00+00:00,2025-08-22,2025,0699edf3-5993-4182-b9b4-ec935cbd4fcc,0699edf3-5993-4182-b9b4-ec935cbd4fcc,4f57ec40-0d35-4b59-bea0-9d040f0d2292,4f57ec40-0d35-4b59-bea0-9d040f0d2292,1,0,0,1,2,4,Paradise,Phoenix,253.9,0,6284f010-f6d1-40dc-8fca-3b4803fd645b,2025-08-22 02:00:00+00:00,Paradise,Phoenix,previous_game_city
545784f9-c706-42ad-9145-9424c6f683b3,2025-08-23 02:00:00+00:00,2025-08-22,2025,4f57ec40-0d35-4b59-bea0-9d040f0d2292,4f57ec40-0d35-4b59-bea0-9d040f0d2292,0699edf3-5993-4182-b9b4-ec935cbd4fcc,0699edf3-5993-4182-b9b4-ec935cbd4fcc,0,0,2,0,1,3,San Francisco,Phoenix,651.4,0,2cc91c72-9797-403a-adc1-51f134d84117,2025-08-20 02:00:00+00:00,San Francisco,San Francisco,previous_game_city
7ae48770-c55c-4f0a-af4c-c12583ea049f,2025-08-23 18:00:00+00:00,2025-08-23,2025,5d70a9af-8c2b-4aec-9e68-9acc6ddb93e4,5d70a9af-8c2b-4aec-9e68-9acc6ddb93e4,08ed8274-e29f-4248-bc2e-83cc8ed18d75,08ed8274-e29f-4248-bc2e-83cc8ed18d75,1,0,1,0,2,3,College Park,College Park,0.0,0,1bfb21d0-94d4-414b-872a-8caa5df09a89,2025-08-21 23:30:00+00:00,College Park,College Park,previous_game_city
7ae48770-c55c-4f0a-af4c-c12583ea049f,2025-08-23 18:00:00+00:00,2025-08-23,2025,08ed8274-e29f-4248-bc2e-83cc8ed18d75,08ed8274-e29f-4248-bc2e-83cc8ed18d75,5d70a9af-8c2b-4aec-9e68-9acc6ddb93e4,5d70a9af-8c2b-4aec-9e68-9acc6ddb93e4,0,0,1,0,2,3,Brooklyn,College Park,753.7,0,e294a887-c480-4ae6-b011-de2aaa055059,2025-08-21 23:00:00+00:00,Brooklyn,Brooklyn,previous_game_city
b4e99a33-dd30-4a34-b2ac-fb606cbdb378,2025-08-23 19:00:00+00:00,2025-08-23,2025,5c0d47fe-8539-47b0-9f36-d0b3609ca89b,5c0d47fe-8539-47b0-9f36-d0b3609ca89b,171b097d-01db-4ae8-9d56-035689402ec6,FR_LVA_ACES,1,0,1,0,2,3,Uncasville,Washington,316.7,0,7989533a-1d74-4dd2-987f-83cae58ec668,2025-08-21 23:00:00+00:00,Uncasville,Washington,previous_game_city
b4e99a33-dd30-4a34-b2ac-fb606cbdb378,2025-08-23 19:00:00+00:00,2025-08-23,2025,171b097d-01db-4ae8-9d56-035689402ec6,FR_LVA_ACES,5c0d47fe-8539-47b0-9f36-d0b3609ca89b,5c0d47fe-8539-47b0-9f36-d0b3609ca89b,0,0,1,0,2,3,Paradise,Washington,2087.6,3,6284f010-f6d1-40dc-8fca-3b4803fd645b,2025-08-22 02:00:00+00:00,Paradise,Paradise,previous_game_city
a1382913-f5c5-4721-9dee-4195779e9b68,2025-08-23 20:00:00+00:00,2025-08-23,2025,3c409388-ab73-4c7f-953d-3a71062240f6,3c409388-ab73-4c7f-953d-3a71062240f6,a015b02d-845c-40c1-8ef4-844984f47e4d,a015b02d-845c-40c1-8ef4-844984f47e4d,1,0,1,0,2,2,Brooklyn,Chicago,712.5,-1,e294a887-c480-4ae6-b011-de2aaa055059,2025-08-21 23:00:00+00:00,Brooklyn,Chicago,previous_game_city
a1382913-f5c5-4721-9dee-4195779e9b68,2025-08-23 20:00:00+00:00,2025-08-23,2025,a015b02d-845c-40c1-8ef4-844984f47e4d,a015b02d-845c-40c1-8ef4-844984f47e4d,3c409388-ab73-4c7f-953d-3a71062240f6,3c409388-ab73-4c7f-953d-3a71062240f6,0,0,1,0,2,3,Uncasville,Chicago,800.9,-1,7989533a-1d74-4dd2-987f-83cae58ec668,2025-08-21 23:00:00+00:00,Uncasville,Uncasville,previous_game_city
bb8576ec-3270-4ee6-9d85-f37e6e502af7,2025-08-24 19:00:00+00:00,2025-08-24,2025,5c0d47fe-8539-47b0-9f36-d0b3609ca89b,5c0d47fe-8539-47b0-9f36-d0b3609ca89b,d6a012ed-84aa-48d3-8265-2d3f3ff2199a,d6a012ed-84aa-48d3-8265-2d3f3ff2199a,1,0,0,1,2,4,Washington,Washington,0.0,0,b4e99a33-dd30-4a34-b2ac-fb606cbdb378,2025-08-23 19:00:00+00:00,Washington,Washington,previous_game_city
bb8576ec-3270-4ee6-9d85-f37e6e502af7,2025-08-24 19:00:00+00:00,2025-08-24,2025,d6a012ed-84aa-48d3-8265-2d3f3ff2199a,d6a012ed-84aa-48d3-8265-2d3f3ff2199a,5c0d47fe-8539-47b0-9f36-d0b3609ca89b,5c0d47fe-8539-47b0-9f36-d0b3609ca89b,0,0,1,0,1,3,Arlington,Washington,1200.9,1,1146f4af-8af9-4447-97da-96ce6b61a481,2025-08-22 23:30:00+00:00,Arlington,Seattle,previous_game_city
0962940f-0261-4fce-b716-3a16393d43b7,2025-08-24 20:00:00+00:00,2025-08-24,2025,5f0b5caf-708b-4300-92f2-53b51d83ec06,5f0b5caf-708b-4300-92f2-53b51d83ec06,4f57ec40-0d35-4b59-bea0-9d040f0d2292,4f57ec40-0d35-4b59-bea0-9d040f0d2292,1,0,1,0,2,3,Arlington,Arlington,0.0,0,1146f4af-8af9-4447-97da-96ce6b61a481,2025-08-22 23:30:00+00:00,Arlington,Arlington,previous_game_city
0962940f-0261-4fce-b716-3a16393d43b7,2025-08-24 20:00:00+00:00,2025-08-24,2025,4f57ec40-0d35-4b59-bea0-9d040f0d2292,4f57ec40-0d35-4b59-bea0-9d040f0d2292,5f0b5caf-708b-4300-92f2-53b51d83ec06,5f0b5caf-708b-4300-92f2-53b51d83ec06,0,0,1,0,1,3,Phoenix,Arlington,866.9,2,545784f9-c706-42ad-9145-9424c6f683b3,2025-08-23 02:00:00+00:00,Phoenix,San Francisco,previous_game_city
dbd3b99e-a600-4ca7-96e5-6a28e87a5b44,2025-08-24 23:00:00+00:00,2025-08-24,2025,6f017f37-be96-4bdc-b6d3-0a0429c72e89,6f017f37-be96-4bdc-b6d3-0a0429c72e89,f073a15f-0486-4179-b0a3-dfd0294eb595,f073a15f-0486-4179-b0a3-dfd0294eb595,1,0,1,0,2,3,Indianapolis,Minneapolis,511.4,-1,c033c39a-f504-457a-ac46-8c49ea427508,2025-08-22 23:30:00+00:00,Indianapolis,Minneapolis,previous_game_city
dbd3b99e-a600-4ca7-96e5-6a28e87a5b44,2025-08-24 23:00:00+00:00,2025-08-24,2025,f073a15f-0486-4179-b0a3-dfd0294eb595,f073a15f-0486-4179-b0a3-dfd0294eb595,6f017f37-be96-4bdc-b6d3-0a0429c72e89,6f017f37-be96-4bdc-b6d3-0a0429c72e89,0,0,1,0,1,2,Indianapolis,Minneapolis,511.4,-1,c033c39a-f504-457a-ac46-8c49ea427508,2025-08-22 23:30:00+00:00,Indianapolis,Indianapolis,previous_game_city
b1c16ad6-2122-4340-859a-d8167bec0518,2025-08-25 23:00:00+00:00,2025-08-25,2025,08ed8274-e29f-4248-bc2e-83cc8ed18d75,08ed8274-e29f-4248-bc2e-83cc8ed18d75,a015b02d-845c-40c1-8ef4-844984f47e4d,a015b02d-845c-40c1-8ef4-844984f47e4d,1,0,1,0,2,3,College Park,Brooklyn,753.7,0,7ae48770-c55c-4f0a-af4c-c12583ea049f,2025-08-23 18:00:00+00:00,College Park,Brooklyn,previous_game_city
b1c16ad6-2122-4340-859a-d8167bec0518,2025-08-25 23:00:00+00:00,2025-08-25,2025,a015b02d-845c-40c1-8ef4-844984f47e4d,a015b02d-845c-40c1-8ef4-844984f47e4d,08ed8274-e29f-4248-bc2e-83cc8ed18d75,08ed8274-e29f-4248-bc2e-83cc8ed18d75,0,0,1,0,2,3,Chicago,Brooklyn,712.5,1,a1382913-f5c5-4721-9dee-4195779e9b68,2025-08-23 20:00:00+00:00,Chicago,Uncasville,previous_game_city
605469ad-b049-40a1-901e-e7506fba8fd2,2025-08-26 00:00:00+00:00,2025-08-25,2025,3c409388-ab73-4c7f-953d-3a71062240f6,3c409388-ab73-4c7f-953d-3a71062240f6,171b097d-01db-4ae8-9d56-035689402ec6,FR_LVA_ACES,1,0,1,0,2,3,Chicago,Chicago,0.0,0,a1382913-f5c5-4721-9dee-4195779e9b68,2025-08-23 20:00:00+00:00,Chicago,Chicago,previous_game_city
605469ad-b049-40a1-901e-e7506fba8fd2,2025-08-26 00:00:00+00:00,2025-08-25,2025,171b097d-01db-4ae8-9d56-035689402ec6,FR_LVA_ACES,3c409388-ab73-4c7f-953d-3a71062240f6,3c409388-ab73-4c7f-953d-3a71062240f6,0,0,1,0,2,3,Washington,Chicago,596.5,-1,b4e99a33-dd30-4a34-b2ac-fb606cbdb378,2025-08-23 19:00:00+00:00,Washington,Paradise,previous_game_city
ab22cb38-adf5-49e7-8d94-af37949f1527,2025-08-26 23:00:00+00:00,2025-08-26,2025,f073a15f-0486-4179-b0a3-dfd0294eb595,f073a15f-0486-4179-b0a3-dfd0294eb595,d6a012ed-84aa-48d3-8265-2d3f3ff2199a,d6a012ed-84aa-48d3-8265-2d3f3ff2199a,1,0,1,0,2,2,Minneapolis,Indianapolis,511.4,1,dbd3b99e-a600-4ca7-96e5-6a28e87a5b44,2025-08-24 23:00:00+00:00,Minneapolis,Indianapolis,previous_game_city
ab22cb38-adf5-49e7-8d94-af37949f1527,2025-08-26 23:00:00+00:00,2025-08-26,2025,d6a012ed-84aa-48d3-8265-2d3f3ff2199a,d6a012ed-84aa-48d3-8265-2d3f3ff2199a,f073a15f-0486-4179-b0a3-dfd0294eb595,f073a15f-0486-4179-b0a3-dfd0294eb595,0,0,1,0,2,3,Washington,Indianapolis,493.8,0,bb8576ec-3270-4ee6-9d85-f37e6e502af7,2025-08-24 19:00:00+00:00,Washington,Seattle,previous_game_city
07de9590-90f6-48b8-87d9-f4870dd9e369,2025-08-27 02:00:00+00:00,2025-08-26,2025,0a5ad38d-2fe3-43ba-894b-1ba3d5042ea9,0a5ad38d-2fe3-43ba-894b-1ba3d5042ea9,0699edf3-5993-4182-b9b4-ec935cbd4fcc,0699edf3-5993-4182-b9b4-ec935cbd4fcc,1,0,5,0,0,1,Los Angeles,Los Angeles,0.0,0,44e93bed-d304-4352-aebd-6ce08d7ecba0,2025-08-21 02:00:00+00:00,Los Angeles,Los Angeles,home_city
07de9590-90f6-48b8-87d9-f4870dd9e369,2025-08-27 02:00:00+00:00,2025-08-26,2025,0699edf3-5993-4182-b9b4-ec935cbd4fcc,0699edf3-5993-4182-b9b4-ec935cbd4fcc,0a5ad38d-2fe3-43ba-894b-1ba3d5042ea9,0a5ad38d-2fe3-43ba-894b-1ba3d5042ea9,0,0,3,0,1,3,Phoenix,Los Angeles,358.3,0,545784f9-c706-42ad-9145-9424c6f683b3,2025-08-23 02:00:00+00:00,Phoenix,Phoenix,previous_game_city
73346e21-9cac-4ec6-b33b-5475f90cc65d,2025-08-27 23:30:00+00:00,2025-08-27,2025,5d70a9af-8c2b-4aec-9e68-9acc6ddb93e4,5d70a9af-8c2b-4aec-9e68-9acc6ddb93e4,171b097d-01db-4ae8-9d56-035689402ec6,FR_LVA_ACES,1,0,3,0,1,2,College Park,College Park,0.0,0,7ae48770-c55c-4f0a-af4c-c12583ea049f,2025-08-23 18:00:00+00:00,College Park,College Park,previous_game_city
73346e21-9cac-4ec6-b33b-5475f90cc65d,2025-08-27 23:30:00+00:00,2025-08-27,2025,171b097d-01db-4ae8-9d56-035689402ec6,FR_LVA_ACES,5d70a9af-8c2b-4aec-9e68-9acc6ddb93e4,5d70a9af-8c2b-4aec-9e68-9acc6ddb93e4,0,0,1,0,2,3,Chicago,College Park,592.7,1,605469ad-b049-40a1-901e-e7506fba8fd2,2025-08-26 00:00:00+00:00,Chicago,Paradise,previous_game_city
467aedcd-fa42-4992-9a69-fce47d1ece15,2025-08-28 00:00:00+00:00,2025-08-27,2025,5f0b5caf-708b-4300-92f2-53b51d83ec06,5f0b5caf-708b-4300-92f2-53b51d83ec06,a015b02d-845c-40c1-8ef4-844984f47e4d,a015b02d-845c-40c1-8ef4-844984f47e4d,1,0,2,0,1,3,Arlington,Arlington,0.0,0,0962940f-0261-4fce-b716-3a16393d43b7,2025-08-24 20:00:00+00:00,Arlington,Arlington,previous_game_city
467aedcd-fa42-4992-9a69-fce47d1ece15,2025-08-28 00:00:00+00:00,2025-08-27,2025,a015b02d-845c-40c1-8ef4-844984f47e4d,a015b02d-845c-40c1-8ef4-844984f47e4d,5f0b5caf-708b-4300-92f2-53b51d83ec06,5f0b5caf-708b-4300-92f2-53b51d83ec06,0,0,1,0,2,3,Brooklyn,Arlington,1388.8,-1,b1c16ad6-2122-4340-859a-d8167bec0518,2025-08-25 23:00:00+00:00,Brooklyn,Uncasville,previous_game_city
0293e78b-c940-41cf-a0cd-7e8477e22e8c,2025-08-28 23:00:00+00:00,2025-08-28,2025,08ed8274-e29f-4248-bc2e-83cc8ed18d75,08ed8274-e29f-4248-bc2e-83cc8ed18d75,5c0d47fe-8539-47b0-9f36-d0b3609ca89b,5c0d47fe-8539-47b0-9f36-d0b3609ca89b,1,0,2,0,1,3,Brooklyn,Brooklyn,0.0,0,b1c16ad6-2122-4340-859a-d8167bec0518,2025-08-25 23:00:00+00:00,Brooklyn,Brooklyn,previous_game_city
0293e78b-c940-41cf-a0cd-7e8477e22e8c,2025-08-28 23:00:00+00:00,2025-08-28,2025,5c0d47fe-8539-47b0-9f36-d0b3609ca89b,5c0d47fe-8539-47b0-9f36-d0b3609ca89b,08ed8274-e29f-4248-bc2e-83cc8ed18d75,08ed8274-e29f-4248-bc2e-83cc8ed18d75,0,0,3,0,1,3,Washington,Brooklyn,204.3,0,bb8576ec-3270-4ee6-9d85-f37e6e502af7,2025-08-24 19:00:00+00:00,Washington,Washington,previous_game_city
5bd3c372-8440-42c1-890b-1f50980339f6,2025-08-29 00:00:00+00:00,2025-08-28,2025,6f017f37-be96-4bdc-b6d3-0a0429c72e89,6f017f37-be96-4bdc-b6d3-0a0429c72e89,d6a012ed-84aa-48d3-8265-2d3f3ff2199a,d6a012ed-84aa-48d3-8265-2d3f3ff2199a,1,0,3,0,1,3,Minneapolis,Minneapolis,0.0,0,dbd3b99e-a600-4ca7-96e5-6a28e87a5b44,2025-08-24 23:00:00+00:00,Minneapolis,Minneapolis,previous_game_city
5bd3c372-8440-42c1-890b-1f50980339f6,2025-08-29 00:00:00+00:00,2025-08-28,2025,d6a012ed-84aa-48d3-8265-2d3f3ff2199a,d6a012ed-84aa-48d3-8265-2d3f3ff2199a,6f017f37-be96-4bdc-b6d3-0a0429c72e89,6f017f37-be96-4bdc-b6d3-0a0429c72e89,0,0,1,0,2,3,Indianapolis,Minneapolis,511.4,-1,ab22cb38-adf5-49e7-8d94-af37949f1527,2025-08-26 23:00:00+00:00,Indianapolis,Seattle,previous_game_city
839042f6-f98f-4f3b-98fa-9fe9138ab502,2025-08-29 02:00:00+00:00,2025-08-28,2025,0699edf3-5993-4182-b9b4-ec935cbd4fcc,0699edf3-5993-4182-b9b4-ec935cbd4fcc,3c409388-ab73-4c7f-953d-3a71062240f6,3c409388-ab73-4c7f-953d-3a71062240f6,1,0,1,0,1,3,Los Angeles,Phoenix,358.3,0,07de9590-90f6-48b8-87d9-f4870dd9e369,2025-08-27 02:00:00+00:00,Los Angeles,Phoenix,previous_game_city
839042f6-f98f-4f3b-98fa-9fe9138ab502,2025-08-29 02:00:00+00:00,2025-08-28,2025,3c409388-ab73-4c7f-953d-3a71062240f6,3c409388-ab73-4c7f-953d-3a71062240f6,0699edf3-5993-4182-b9b4-ec935cbd4fcc,0699edf3-5993-4182-b9b4-ec935cbd4fcc,0,0,2,0,1,3,Chicago,Phoenix,1451.7,-2,605469ad-b049-40a1-901e-e7506fba8fd2,2025-08-26 00:00:00+00:00,Chicago,Chicago,previous_game_city
6391d63f-5468-49cc-98d6-d6f2d7c9bc9a,2025-08-29 23:30:00+00:00,2025-08-29,2025,5d70a9af-8c2b-4aec-9e68-9acc6ddb93e4,5d70a9af-8c2b-4aec-9e68-9acc6ddb93e4,5f0b5caf-708b-4300-92f2-53b51d83ec06,5f0b5caf-708b-4300-92f2-53b51d83ec06,1,0,1,0,1,2,College Park,College Park,0.0,0,73346e21-9cac-4ec6-b33b-5475f90cc65d,2025-08-27 23:30:00+00:00,College Park,College Park,previous_game_city
6391d63f-5468-49cc-98d6-d6f2d7c9bc9a,2025-08-29 23:30:00+00:00,2025-08-29,2025,5f0b5caf-708b-4300-92f2-53b51d83ec06,5f0b5caf-708b-4300-92f2-53b51d83ec06,5d70a9af-8c2b-4aec-9e68-9acc6ddb93e4,5d70a9af-8c2b-4aec-9e68-9acc6ddb93e4,0,0,1,0,1,3,Arlington,College Park,733.7,1,467aedcd-fa42-4992-9a69-fce47d1ece15,2025-08-28 00:00:00+00:00,Arlington,Arlington,previous_game_city
6d17df9c-9585-4b14-b1ab-7334c0443b45,2025-08-30 02:00:00+00:00,2025-08-29,2025,0a5ad38d-2fe3-43ba-894b-1ba3d5042ea9,0a5ad38d-2fe3-43ba-894b-1ba3d5042ea9,f073a15f-0486-4179-b0a3-dfd0294eb595,f073a15f-0486-4179-b0a3-dfd0294eb595,1,0,2,0,1,1,Los Angeles,Los Angeles,0.0,0,07de9590-90f6-48b8-87d9-f4870dd9e369,2025-08-27 02:00:00+00:00,Los Angeles,Los Angeles,previous_game_city
6d17df9c-9585-4b14-b1ab-7334c0443b45,2025-08-30 02:00:00+00:00,2025-08-29,2025,f073a15f-0486-4179-b0a3-dfd0294eb595,f073a15f-0486-4179-b0a3-dfd0294eb595,0a5ad38d-2fe3-43ba-894b-1ba3d5042ea9,0a5ad38d-2fe3-43ba-894b-1ba3d5042ea9,0,0,2,0,1,3,Indianapolis,Los Angeles,1807.4,-3,ab22cb38-adf5-49e7-8d94-af37949f1527,2025-08-26 23:00:00+00:00,Indianapolis,Indianapolis,previous_game_city
f4a43e2c-aa5d-4868-a4ec-16ded7246011,2025-08-30 23:00:00+00:00,2025-08-30,2025,a015b02d-845c-40c1-8ef4-844984f47e4d,a015b02d-845c-40c1-8ef4-844984f47e4d,6f017f37-be96-4bdc-b6d3-0a0429c72e89,6f017f37-be96-4bdc-b6d3-0a0429c72e89,1,0,2,0,1,3,Arlington,Uncasville,1498.5,1,467aedcd-fa42-4992-9a69-fce47d1ece15,2025-08-28 00:00:00+00:00,Arlington,Uncasville,previous_game_city
f4a43e2c-aa5d-4868-a4ec-16ded7246011,2025-08-30 23:00:00+00:00,2025-08-30,2025,6f017f37-be96-4bdc-b6d3-0a0429c72e89,6f017f37-be96-4bdc-b6d3-0a0429c72e89,a015b02d-845c-40c1-8ef4-844984f47e4d,a015b02d-845c-40c1-8ef4-844984f47e4d,0,0,1,0,1,2,Minneapolis,Uncasville,1090.0,1,5bd3c372-8440-42c1-890b-1f50980339f6,2025-08-29 00:00:00+00:00,Minneapolis,Minneapolis,previous_game_city
b3770461-6a18-42c3-a797-81fc86d542ba,2025-08-31 00:30:00+00:00,2025-08-30,2025,4f57ec40-0d35-4b59-bea0-9d040f0d2292,4f57ec40-0d35-4b59-bea0-9d040f0d2292,5c0d47fe-8539-47b0-9f36-d0b3609ca89b,5c0d47fe-8539-47b0-9f36-d0b3609ca89b,1,0,5,0,0,1,San Francisco,San Francisco,0.0,0,0962940f-0261-4fce-b716-3a16393d43b7,2025-08-24 20:00:00+00:00,Arlington,San Francisco,home_city
b3770461-6a18-42c3-a797-81fc86d542ba,2025-08-31 00:30:00+00:00,2025-08-30,2025,5c0d47fe-8539-47b0-9f36-d0b3609ca89b,5c0d47fe-8539-47b0-9f36-d0b3609ca89b,4f57ec40-0d35-4b59-bea0-9d040f0d2292,4f57ec40-0d35-4b59-bea0-9d040f0d2292,0,0,1,0,1,3,Brooklyn,San Francisco,2566.2,-3,0293e78b-c940-41cf-a0cd-7e8477e22e8c,2025-08-28 23:00:00+00:00,Brooklyn,Washington,previous_game_city
f9f13a3c-2e9d-4f16-9b69-ae8ecde4a9f7,2025-08-31 01:00:00+00:00,2025-08-30,2025,d6a012ed-84aa-48d3-8265-2d3f3ff2199a,d6a012ed-84aa-48d3-8265-2d3f3ff2199a,3c409388-ab73-4c7f-953d-3a71062240f6,3c409388-ab73-4c7f-953d-3a71062240f6,1,0,1,0,2,3,Minneapolis,Seattle,1391.7,-2,5bd3c372-8440-42c1-890b-1f50980339f6,2025-08-29 00:00:00+00:00,Minneapolis,Seattle,previous_game_city
f9f13a3c-2e9d-4f16-9b69-ae8ecde4a9f7,2025-08-31 01:00:00+00:00,2025-08-30,2025,3c409388-ab73-4c7f-953d-3a71062240f6,3c409388-ab73-4c7f-953d-3a71062240f6,d6a012ed-84aa-48d3-8265-2d3f3ff2199a,d6a012ed-84aa-48d3-8265-2d3f3ff2199a,0,0,1,0,1,3,Phoenix,Seattle,1116.2,0,839042f6-f98f-4f3b-98fa-9fe9138ab502,2025-08-29 02:00:00+00:00,Phoenix,Chicago,previous_game_city
b8a9473b-b08f-4b3a-9a87-ddf2aa6fb0a7,2025-08-31 02:00:00+00:00,2025-08-30,2025,0699edf3-5993-4182-b9b4-ec935cbd4fcc,0699edf3-5993-4182-b9b4-ec935cbd4fcc,08ed8274-e29f-4248-bc2e-83cc8ed18d75,08ed8274-e29f-4248-bc2e-83cc8ed18d75,1,0,1,0,2,2,Phoenix,Phoenix,0.0,0,839042f6-f98f-4f3b-98fa-9fe9138ab502,2025-08-29 02:00:00+00:00,Phoenix,Phoenix,previous_game_city
b8a9473b-b08f-4b3a-9a87-ddf2aa6fb0a7,2025-08-31 02:00:00+00:00,2025-08-30,2025,08ed8274-e29f-4248-bc2e-83cc8ed18d75,08ed8274-e29f-4248-bc2e-83cc8ed18d75,0699edf3-5993-4182-b9b4-ec935cbd4fcc,0699edf3-5993-4182-b9b4-ec935cbd4fcc,0,0,1,0,1,3,Brooklyn,Phoenix,2141.3,-3,0293e78b-c940-41cf-a0cd-7e8477e22e8c,2025-08-28 23:00:00+00:00,Brooklyn,Brooklyn,previous_game_city
eef5e74b-cdc8-45c9-b34e-c80089a44b6d,2025-09-01 00:00:00+00:00,2025-08-31,2025,0a5ad38d-2fe3-43ba-894b-1ba3d5042ea9,0a5ad38d-2fe3-43ba-894b-1ba3d5042ea9,5c0d47fe-8539-47b0-9f36-d0b3609ca89b,5c0d47fe-8539-47b0-9f36-d0b3609ca89b,1,0,1,0,1,2,Los Angeles,Los Angeles,0.0,0,6d17df9c-9585-4b14-b1ab-7334c0443b45,2025-08-30 02:00:00+00:00,Los Angeles,Los Angeles,previous_game_city
eef5e74b-cdc8-45c9-b34e-c80089a44b6d,2025-09-01 00:00:00+00:00,2025-08-31,2025,5c0d47fe-8539-47b0-9f36-d0b3609ca89b,5c0d47fe-8539-47b0-9f36-d0b3609ca89b,0a5ad38d-2fe3-43ba-894b-1ba3d5042ea9,0a5ad38d-2fe3-43ba-894b-1ba3d5042ea9,0,0,0,1,2,3,San Francisco,Los Angeles,345.5,0,b3770461-6a18-42c3-a797-81fc86d542ba,2025-08-31 00:30:00+00:00,San Francisco,Washington,previous_game_city
908cd927-f426-47f8-95c4-207b14d9de72,2025-09-01 00:30:00+00:00,2025-08-31,2025,4f57ec40-0d35-4b59-bea0-9d040f0d2292,4f57ec40-0d35-4b59-bea0-9d040f0d2292,f073a15f-0486-4179-b0a3-dfd0294eb595,f073a15f-0486-4179-b0a3-dfd0294eb595,1,0,0,1,1,2,San Francisco,San Francisco,0.0,0,b3770461-6a18-42c3-a797-81fc86d542ba,2025-08-31 00:30:00+00:00,San Francisco,San Francisco,previous_game_city
908cd927-f426-47f8-95c4-207b14d9de72,2025-09-01 00:30:00+00:00,2025-08-31,2025,f073a15f-0486-4179-b0a3-dfd0294eb595,f073a15f-0486-4179-b0a3-dfd0294eb595,4f57ec40-0d35-4b59-bea0-9d040f0d2292,4f57ec40-0d35-4b59-bea0-9d040f0d2292,0,0,1,0,1,3,Los Angeles,San Francisco,345.5,0,6d17df9c-9585-4b14-b1ab-7334c0443b45,2025-08-30 02:00:00+00:00,Los Angeles,Indianapolis,previous_game_city
229cd339-d841-43e9-8caf-50acf5713440,2025-09-01 17:00:00+00:00,2025-09-01,2025,a015b02d-845c-40c1-8ef4-844984f47e4d,a015b02d-845c-40c1-8ef4-844984f47e4d,5d70a9af-8c2b-4aec-9e68-9acc6ddb93e4,5d70a9af-8c2b-4aec-9e68-9acc6ddb93e4,1,0,1,0,1,3,Uncasville,Uncasville,0.0,0,f4a43e2c-aa5d-4868-a4ec-16ded7246011,2025-08-30 23:00:00+00:00,Uncasville,Uncasville,previous_game_city
229cd339-d841-43e9-8caf-50acf5713440,2025-09-01 17:00:00+00:00,2025-09-01,2025,5d70a9af-8c2b-4aec-9e68-9acc6ddb93e4,5d70a9af-8c2b-4aec-9e68-9acc6ddb93e4,a015b02d-845c-40c1-8ef4-844984f47e4d,a015b02d-845c-40c1-8ef4-844984f47e4d,0,0,2,0,1,2,College Park,Uncasville,866.0,0,6391d63f-5468-49cc-98d6-d6f2d7c9bc9a,2025-08-29 23:30:00+00:00,College Park,College Park,previous_game_city
d781abdf-d0a8-43bb-8830-cc7ac2b713cf,2025-09-02 00:00:00+00:00,2025-09-01,2025,6f017f37-be96-4bdc-b6d3-0a0429c72e89,6f017f37-be96-4bdc-b6d3-0a0429c72e89,5f0b5caf-708b-4300-92f2-53b51d83ec06,5f0b5caf-708b-4300-92f2-53b51d83ec06,1,0,1,0,2,2,Uncasville,Minneapolis,1090.0,-1,f4a43e2c-aa5d-4868-a4ec-16ded7246011,2025-08-30 23:00:00+00:00,Uncasville,Minneapolis,previous_game_city
d781abdf-d0a8-43bb-8830-cc7ac2b713cf,2025-09-02 00:00:00+00:00,2025-09-01,2025,5f0b5caf-708b-4300-92f2-53b51d83ec06,5f0b5caf-708b-4300-92f2-53b51d83ec06,6f017f37-be96-4bdc-b6d3-0a0429c72e89,6f017f37-be96-4bdc-b6d3-0a0429c72e89,0,0,2,0,1,2,College Park,Minneapolis,912.7,-1,6391d63f-5468-49cc-98d6-d6f2d7c9bc9a,2025-08-29 23:30:00+00:00,College Park,Arlington,previous_game_city
7c219682-63ed-42c1-8555-c42addba3a67,2025-09-02 02:00:00+00:00,2025-09-01,2025,d6a012ed-84aa-48d3-8265-2d3f3ff2199a,d6a012ed-84aa-48d3-8265-2d3f3ff2199a,0a5ad38d-2fe3-43ba-894b-1ba3d5042ea9,0a5ad38d-2fe3-43ba-894b-1ba3d5042ea9,1,0,1,0,2,3,Seattle,Seattle,0.0,0,f9f13a3c-2e9d-4f16-9b69-ae8ecde4a9f7,2025-08-31 01:00:00+00:00,Seattle,Seattle,previous_game_city
7c219682-63ed-42c1-8555-c42addba3a67,2025-09-02 02:00:00+00:00,2025-09-01,2025,0a5ad38d-2fe3-43ba-894b-1ba3d5042ea9,0a5ad38d-2fe3-43ba-894b-1ba3d5042ea9,d6a012ed-84aa-48d3-8265-2d3f3ff2199a,d6a012ed-84aa-48d3-8265-2d3f3ff2199a,0,0,0,1,2,3,Los Angeles,Seattle,961.9,0,eef5e74b-cdc8-45c9-b34e-c80089a44b6d,2025-09-01 00:00:00+00:00,Los Angeles,Los Angeles,previous_game_city
384c2c90-ef47-49cb-b607-d5752ff7bff9,2025-09-03 02:00:00+00:00,2025-09-02,2025,0699edf3-5993-4182-b9b4-ec935cbd4fcc,0699edf3-5993-4182-b9b4-ec935cbd4fcc,f073a15f-0486-4179-b0a3-dfd0294eb595,f073a15f-0486-4179-b0a3-dfd0294eb595,1,0,2,0,1,3,Phoenix,Phoenix,0.0,0,b8a9473b-b08f-4b3a-9a87-ddf2aa6fb0a7,2025-08-31 02:00:00+00:00,Phoenix,Phoenix,previous_game_city
384c2c90-ef47-49cb-b607-d5752ff7bff9,2025-09-03 02:00:00+00:00,2025-09-02,2025,f073a15f-0486-4179-b0a3-dfd0294eb595,f073a15f-0486-4179-b0a3-dfd0294eb595,0699edf3-5993-4182-b9b4-ec935cbd4fcc,0699edf3-5993-4182-b9b4-ec935cbd4fcc,0,0,1,0,2,3,San Francisco,Phoenix,651.4,0,908cd927-f426-47f8-95c4-207b14d9de72,2025-09-01 00:30:00+00:00,San Francisco,Indianapolis,previous_game_city
86c4cd99-dcc3-4400-aa83-33d156304c10,2025-09-03 02:00:00+00:00,2025-09-02,2025,4f57ec40-0d35-4b59-bea0-9d040f0d2292,4f57ec40-0d35-4b59-bea0-9d040f0d2292,08ed8274-e29f-4248-bc2e-83cc8ed18d75,08ed8274-e29f-4248-bc2e-83cc8ed18d75,1,0,1,0,2,2,San Francisco,San Francisco,0.0,0,908cd927-f426-47f8-95c4-207b14d9de72,2025-09-01 00:30:00+00:00,San Francisco,San Francisco,previous_game_city
86c4cd99-dcc3-4400-aa83-33d156304c10,2025-09-03 02:00:00+00:00,2025-09-02,2025,08ed8274-e29f-4248-bc2e-83cc8ed18d75,08ed8274-e29f-4248-bc2e-83cc8ed18d75,4f57ec40-0d35-4b59-bea0-9d040f0d2292,4f57ec40-0d35-4b59-bea0-9d040f0d2292,0,0,2,0,1,2,Phoenix,San Francisco,651.4,0,b8a9473b-b08f-4b3a-9a87-ddf2aa6fb0a7,2025-08-31 02:00:00+00:00,Phoenix,Brooklyn,previous_game_city
e83198ea-0baf-4a62-aaaa-8d6e6ff8cee7,2025-09-03 23:30:00+00:00,2025-09-03,2025,5d70a9af-8c2b-4aec-9e68-9acc6ddb93e4,5d70a9af-8c2b-4aec-9e68-9acc6ddb93e4,0a5ad38d-2fe3-43ba-894b-1ba3d5042ea9,0a5ad38d-2fe3-43ba-894b-1ba3d5042ea9,1,0,1,0,1,3,Uncasville,College Park,866.0,0,229cd339-d841-43e9-8caf-50acf5713440,2025-09-01 17:00:00+00:00,Uncasville,College Park,previous_game_city
e83198ea-0baf-4a62-aaaa-8d6e6ff8cee7,2025-09-03 23:30:00+00:00,2025-09-03,2025,0a5ad38d-2fe3-43ba-894b-1ba3d5042ea9,0a5ad38d-2fe3-43ba-894b-1ba3d5042ea9,5d70a9af-8c2b-4aec-9e68-9acc6ddb93e4,5d70a9af-8c2b-4aec-9e68-9acc6ddb93e4,0,0,1,0,2,3,Seattle,College Park,2180.7,3,7c219682-63ed-42c1-8555-c42addba3a67,2025-09-02 02:00:00+00:00,Seattle,Los Angeles,previous_game_city
2f5baf0d-dd06-464d-95dd-177924f443c9,2025-09-04 00:00:00+00:00,2025-09-03,2025,3c409388-ab73-4c7f-953d-3a71062240f6,3c409388-ab73-4c7f-953d-3a71062240f6,a015b02d-845c-40c1-8ef4-844984f47e4d,a015b02d-845c-40c1-8ef4-844984f47e4d,1,0,3,0,1,2,Seattle,Chicago,1735.1,2,f9f13a3c-2e9d-4f16-9b69-ae8ecde4a9f7,2025-08-31 01:00:00+00:00,Seattle,Chicago,previous_game_city
2f5baf0d-dd06-464d-95dd-177924f443c9,2025-09-04 00:00:00+00:00,2025-09-03,2025,a015b02d-845c-40c1-8ef4-844984f47e4d,a015b02d-845c-40c1-8ef4-844984f47e4d,3c409388-ab73-4c7f-953d-3a71062240f6,3c409388-ab73-4c7f-953d-3a71062240f6,0,0,1,0,2,3,Uncasville,Chicago,800.9,-1,229cd339-d841-43e9-8caf-50acf5713440,2025-09-01 17:00:00+00:00,Uncasville,Uncasville,previous_game_city
a5a85e15-27f1-40da-8969-5c14497c18ee,2025-09-04 23:30:00+00:00,2025-09-04,2025,5c0d47fe-8539-47b0-9f36-d0b3609ca89b,5c0d47fe-8539-47b0-9f36-d0b3609ca89b,0699edf3-5993-4182-b9b4-ec935cbd4fcc,0699edf3-5993-4182-b9b4-ec935cbd4fcc,1,0,3,0,1,3,Los Angeles,Washington,2298.4,3,eef5e74b-cdc8-45c9-b34e-c80089a44b6d,2025-09-01 00:00:00+00:00,Los Angeles,Washington,previous_game_city
a5a85e15-27f1-40da-8969-5c14497c18ee,2025-09-04 23:30:00+00:00,2025-09-04,2025,0699edf3-5993-4182-b9b4-ec935cbd4fcc,0699edf3-5993-4182-b9b4-ec935cbd4fcc,5c0d47fe-8539-47b0-9f36-d0b3609ca89b,5c0d47fe-8539-47b0-9f36-d0b3609ca89b,0,0,1,0,1,3,Phoenix,Washington,1980.0,3,384c2c90-ef47-49cb-b607-d5752ff7bff9,2025-09-03 02:00:00+00:00,Phoenix,Phoenix,previous_game_city
b69d86fb-d73a-4b99-bec9-88e73e7ce25b,2025-09-05 02:00:00+00:00,2025-09-04,2025,4f57ec40-0d35-4b59-bea0-9d040f0d2292,4f57ec40-0d35-4b59-bea0-9d040f0d2292,5f0b5caf-708b-4300-92f2-53b51d83ec06,5f0b5caf-708b-4300-92f2-53b51d83ec06,1,0,1,0,2,3,San Francisco,San Francisco,0.0,0,86c4cd99-dcc3-4400-aa83-33d156304c10,2025-09-03 02:00:00+00:00,San Francisco,San Francisco,previous_game_city
b69d86fb-d73a-4b99-bec9-88e73e7ce25b,2025-09-05 02:00:00+00:00,2025-09-04,2025,5f0b5caf-708b-4300-92f2-53b51d83ec06,5f0b5caf-708b-4300-92f2-53b51d83ec06,4f57ec40-0d35-4b59-bea0-9d040f0d2292,4f57ec40-0d35-4b59-bea0-9d040f0d2292,0,0,2,0,1,2,Minneapolis,San Francisco,1579.5,-2,d781abdf-d0a8-43bb-8830-cc7ac2b713cf,2025-09-02 00:00:00+00:00,Minneapolis,Arlington,previous_game_city
c65312de-0424-41f1-8439-c23a319d23ac,2025-09-05 02:00:00+00:00,2025-09-04,2025,171b097d-01db-4ae8-9d56-035689402ec6,FR_LVA_ACES,6f017f37-be96-4bdc-b6d3-0a0429c72e89,6f017f37-be96-4bdc-b6d3-0a0429c72e89,1,0,7,0,0,0,Paradise,Las Vegas,0.8,0,73346e21-9cac-4ec6-b33b-5475f90cc65d,2025-08-27 23:30:00+00:00,College Park,Paradise,home_city
c65312de-0424-41f1-8439-c23a319d23ac,2025-09-05 02:00:00+00:00,2025-09-04,2025,6f017f37-be96-4bdc-b6d3-0a0429c72e89,6f017f37-be96-4bdc-b6d3-0a0429c72e89,171b097d-01db-4ae8-9d56-035689402ec6,FR_LVA_ACES,0,0,2,0,1,3,Minneapolis,Las Vegas,1297.5,-2,d781abdf-d0a8-43bb-8830-cc7ac2b713cf,2025-09-02 00:00:00+00:00,Minneapolis,Minneapolis,previous_game_city
1fbd18c4-cdc0-447c-b339-e189c095c217,2025-09-05 23:30:00+00:00,2025-09-05,2025,5d70a9af-8c2b-4aec-9e68-9acc6ddb93e4,5d70a9af-8c2b-4aec-9e68-9acc6ddb93e4,0a5ad38d-2fe3-43ba-894b-1ba3d5042ea9,0a5ad38d-2fe3-43ba-894b-1ba3d5042ea9,1,0,1,0,2,3,College Park,College Park,0.0,0,e83198ea-0baf-4a62-aaaa-8d6e6ff8cee7,2025-09-03 23:30:00+00:00,College Park,College Park,previous_game_city
1fbd18c4-cdc0-447c-b339-e189c095c217,2025-09-05 23:30:00+00:00,2025-09-05,2025,0a5ad38d-2fe3-43ba-894b-1ba3d5042ea9,0a5ad38d-2fe3-43ba-894b-1ba3d5042ea9,5d70a9af-8c2b-4aec-9e68-9acc6ddb93e4,5d70a9af-8c2b-4aec-9e68-9acc6ddb93e4,0,0,1,0,2,4,College Park,College Park,0.0,0,e83198ea-0baf-4a62-aaaa-8d6e6ff8cee7,2025-09-03 23:30:00+00:00,College Park,Los Angeles,previous_game_city
f9c188c7-35cd-436c-8d11-7f1b0131ba33,2025-09-05 23:30:00+00:00,2025-09-05,2025,f073a15f-0486-4179-b0a3-dfd0294eb595,f073a15f-0486-4179-b0a3-dfd0294eb595,3c409388-ab73-4c7f-953d-3a71062240f6,3c409388-ab73-4c7f-953d-3a71062240f6,1,0,2,0,1,3,Phoenix,Indianapolis,1496.2,3,384c2c90-ef47-49cb-b607-d5752ff7bff9,2025-09-03 02:00:00+00:00,Phoenix,Indianapolis,previous_game_city
f9c188c7-35cd-436c-8d11-7f1b0131ba33,2025-09-05 23:30:00+00:00,2025-09-05,2025,3c409388-ab73-4c7f-953d-3a71062240f6,3c409388-ab73-4c7f-953d-3a71062240f6,f073a15f-0486-4179-b0a3-dfd0294eb595,f073a15f-0486-4179-b0a3-dfd0294eb595,0,0,1,0,1,2,Chicago,Indianapolis,163.5,1,2f5baf0d-dd06-464d-95dd-177924f443c9,2025-09-04 00:00:00+00:00,Chicago,Chicago,previous_game_city
1cf9c10b-f66e-464f-8cf5-6cb1f3ea43c6,2025-09-06 02:00:00+00:00,2025-09-05,2025,d6a012ed-84aa-48d3-8265-2d3f3ff2199a,d6a012ed-84aa-48d3-8265-2d3f3ff2199a,08ed8274-e29f-4248-bc2e-83cc8ed18d75,08ed8274-e29f-4248-bc2e-83cc8ed18d75,1,0,3,0,1,2,Seattle,Seattle,0.0,0,7c219682-63ed-42c1-8555-c42addba3a67,2025-09-02 02:00:00+00:00,Seattle,Seattle,previous_game_city
1cf9c10b-f66e-464f-8cf5-6cb1f3ea43c6,2025-09-06 02:00:00+00:00,2025-09-05,2025,08ed8274-e29f-4248-bc2e-83cc8ed18d75,08ed8274-e29f-4248-bc2e-83cc8ed18d75,d6a012ed-84aa-48d3-8265-2d3f3ff2199a,d6a012ed-84aa-48d3-8265-2d3f3ff2199a,0,0,2,0,1,2,San Francisco,Seattle,680.9,0,86c4cd99-dcc3-4400-aa83-33d156304c10,2025-09-03 02:00:00+00:00,San Francisco,Brooklyn,previous_game_city
f0ccfa2d-7cf2-4828-a0e0-1495c228fdb2,2025-09-06 17:00:00+00:00,2025-09-06,2025,a015b02d-845c-40c1-8ef4-844984f47e4d,a015b02d-845c-40c1-8ef4-844984f47e4d,0699edf3-5993-4182-b9b4-ec935cbd4fcc,0699edf3-5993-4182-b9b4-ec935cbd4fcc,1,0,2,0,1,3,Chicago,Uncasville,800.9,1,2f5baf0d-dd06-464d-95dd-177924f443c9,2025-09-04 00:00:00+00:00,Chicago,Uncasville,previous_game_city
f0ccfa2d-7cf2-4828-a0e0-1495c228fdb2,2025-09-06 17:00:00+00:00,2025-09-06,2025,0699edf3-5993-4182-b9b4-ec935cbd4fcc,0699edf3-5993-4182-b9b4-ec935cbd4fcc,a015b02d-845c-40c1-8ef4-844984f47e4d,a015b02d-845c-40c1-8ef4-844984f47e4d,0,0,1,0,2,3,Washington,Uncasville,316.7,0,a5a85e15-27f1-40da-8969-5c14497c18ee,2025-09-04 23:30:00+00:00,Washington,Phoenix,previous_game_city
421e879b-21e1-43a9-a641-5a1e5cb320a3,2025-09-07 00:30:00+00:00,2025-09-06,2025,4f57ec40-0d35-4b59-bea0-9d040f0d2292,4f57ec40-0d35-4b59-bea0-9d040f0d2292,6f017f37-be96-4bdc-b6d3-0a0429c72e89,6f017f37-be96-4bdc-b6d3-0a0429c72e89,1,0,1,0,2,4,San Francisco,San Francisco,0.0,0,b69d86fb-d73a-4b99-bec9-88e73e7ce25b,2025-09-05 02:00:00+00:00,San Francisco,San Francisco,previous_game_city
421e879b-21e1-43a9-a641-5a1e5cb320a3,2025-09-07 00:30:00+00:00,2025-09-06,2025,6f017f37-be96-4bdc-b6d3-0a0429c72e89,6f017f37-be96-4bdc-b6d3-0a0429c72e89,4f57ec40-0d35-4b59-bea0-9d040f0d2292,4f57ec40-0d35-4b59-bea0-9d040f0d2292,0,0,1,0,1,3,Las Vegas,San Francisco,414.3,0,c65312de-0424-41f1-8439-c23a319d23ac,2025-09-05 02:00:00+00:00,Las Vegas,Minneapolis,previous_game_city
dc1cf6a2-4fd5-4b84-aab8-3d18b59e14a5,2025-09-07 19:00:00+00:00,2025-09-07,2025,5c0d47fe-8539-47b0-9f36-d0b3609ca89b,5c0d47fe-8539-47b0-9f36-d0b3609ca89b,f073a15f-0486-4179-b0a3-dfd0294eb595,f073a15f-0486-4179-b0a3-dfd0294eb595,1,0,2,0,1,2,Washington,Baltimore,36.5,0,a5a85e15-27f1-40da-8969-5c14497c18ee,2025-09-04 23:30:00+00:00,Washington,Washington,previous_game_city
dc1cf6a2-4fd5-4b84-aab8-3d18b59e14a5,2025-09-07 19:00:00+00:00,2025-09-07,2025,f073a15f-0486-4179-b0a3-dfd0294eb595,f073a15f-0486-4179-b0a3-dfd0294eb595,5c0d47fe-8539-47b0-9f36-d0b3609ca89b,5c0d47fe-8539-47b0-9f36-d0b3609ca89b,0,0,1,0,1,3,Indianapolis,Baltimore,509.1,0,f9c188c7-35cd-436c-8d11-7f1b0131ba33,2025-09-05 23:30:00+00:00,Indianapolis,Indianapolis,previous_game_city
8af5fca3-5db1-45d8-895e-c772b97241db,2025-09-07 22:00:00+00:00,2025-09-07,2025,0a5ad38d-2fe3-43ba-894b-1ba3d5042ea9,0a5ad38d-2fe3-43ba-894b-1ba3d5042ea9,5f0b5caf-708b-4300-92f2-53b51d83ec06,5f0b5caf-708b-4300-92f2-53b51d83ec06,1,0,1,0,2,4,College Park,Los Angeles,1931.4,-3,1fbd18c4-cdc0-447c-b339-e189c095c217,2025-09-05 23:30:00+00:00,College Park,Los Angeles,previous_game_city
8af5fca3-5db1-45d8-895e-c772b97241db,2025-09-07 22:00:00+00:00,2025-09-07,2025,5f0b5caf-708b-4300-92f2-53b51d83ec06,5f0b5caf-708b-4300-92f2-53b51d83ec06,0a5ad38d-2fe3-43ba-894b-1ba3d5042ea9,0a5ad38d-2fe3-43ba-894b-1ba3d5042ea9,0,0,2,0,1,2,San Francisco,Los Angeles,345.5,0,b69d86fb-d73a-4b99-bec9-88e73e7ce25b,2025-09-05 02:00:00+00:00,San Francisco,Arlington,previous_game_city
8fc361a1-ad32-4a5f-9f22-54d648200cb6,2025-09-08 01:00:00+00:00,2025-09-07,2025,171b097d-01db-4ae8-9d56-035689402ec6,FR_LVA_ACES,3c409388-ab73-4c7f-953d-3a71062240f6,3c409388-ab73-4c7f-953d-3a71062240f6,1,0,2,0,1,1,Las Vegas,Las Vegas,0.0,0,c65312de-0424-41f1-8439-c23a319d23ac,2025-09-05 02:00:00+00:00,Las Vegas,Paradise,previous_game_city
8fc361a1-ad32-4a5f-9f22-54d648200cb6,2025-09-08 01:00:00+00:00,2025-09-07,2025,3c409388-ab73-4c7f-953d-3a71062240f6,3c409388-ab73-4c7f-953d-3a71062240f6,171b097d-01db-4ae8-9d56-035689402ec6,FR_LVA_ACES,0,0,1,0,2,2,Indianapolis,Las Vegas,1594.6,-3,f9c188c7-35cd-436c-8d11-7f1b0131ba33,2025-09-05 23:30:00+00:00,Indianapolis,Chicago,previous_game_city
066fe1b5-ac89-4da1-be0d-7a9f9c1ee193,2025-09-08 23:30:00+00:00,2025-09-08,2025,5d70a9af-8c2b-4aec-9e68-9acc6ddb93e4,5d70a9af-8c2b-4aec-9e68-9acc6ddb93e4,a015b02d-845c-40c1-8ef4-844984f47e4d,a015b02d-845c-40c1-8ef4-844984f47e4d,1,0,2,0,1,3,College Park,College Park,0.0,0,1fbd18c4-cdc0-447c-b339-e189c095c217,2025-09-05 23:30:00+00:00,College Park,College Park,previous_game_city
066fe1b5-ac89-4da1-be0d-7a9f9c1ee193,2025-09-08 23:30:00+00:00,2025-09-08,2025,a015b02d-845c-40c1-8ef4-844984f47e4d,a015b02d-845c-40c1-8ef4-844984f47e4d,5d70a9af-8c2b-4aec-9e68-9acc6ddb93e4,5d70a9af-8c2b-4aec-9e68-9acc6ddb93e4,0,0,1,0,1,3,Uncasville,College Park,866.0,0,f0ccfa2d-7cf2-4828-a0e0-1495c228fdb2,2025-09-06 17:00:00+00:00,Uncasville,Uncasville,previous_game_city
bf12976a-1b69-4b23-b6b9-9e4244ae6401,2025-09-09 23:00:00+00:00,2025-09-09,2025,08ed8274-e29f-4248-bc2e-83cc8ed18d75,08ed8274-e29f-4248-bc2e-83cc8ed18d75,5c0d47fe-8539-47b0-9f36-d0b3609ca89b,5c0d47fe-8539-47b0-9f36-d0b3609ca89b,1,0,3,0,1,2,Seattle,Brooklyn,2405.2,3,1cf9c10b-f66e-464f-8cf5-6cb1f3ea43c6,2025-09-06 02:00:00+00:00,Seattle,Brooklyn,previous_game_city
bf12976a-1b69-4b23-b6b9-9e4244ae6401,2025-09-09 23:00:00+00:00,2025-09-09,2025,5c0d47fe-8539-47b0-9f36-d0b3609ca89b,5c0d47fe-8539-47b0-9f36-d0b3609ca89b,08ed8274-e29f-4248-bc2e-83cc8ed18d75,08ed8274-e29f-4248-bc2e-83cc8ed18d75,0,0,1,0,1,2,Baltimore,Brooklyn,169.9,0,dc1cf6a2-4fd5-4b84-aab8-3d18b59e14a5,2025-09-07 19:00:00+00:00,Baltimore,Washington,previous_game_city
31d89653-50a1-4688-b507-15c8e12dad33,2025-09-09 23:30:00+00:00,2025-09-09,2025,f073a15f-0486-4179-b0a3-dfd0294eb595,f073a15f-0486-4179-b0a3-dfd0294eb595,6f017f37-be96-4bdc-b6d3-0a0429c72e89,6f017f37-be96-4bdc-b6d3-0a0429c72e89,1,0,1,0,2,3,Baltimore,Indianapolis,509.1,0,dc1cf6a2-4fd5-4b84-aab8-3d18b59e14a5,2025-09-07 19:00:00+00:00,Baltimore,Indianapolis,previous_game_city
31d89653-50a1-4688-b507-15c8e12dad33,2025-09-09 23:30:00+00:00,2025-09-09,2025,6f017f37-be96-4bdc-b6d3-0a0429c72e89,6f017f37-be96-4bdc-b6d3-0a0429c72e89,f073a15f-0486-4179-b0a3-dfd0294eb595,f073a15f-0486-4179-b0a3-dfd0294eb595,0,0,2,0,1,2,San Francisco,Indianapolis,1943.5,3,421e879b-21e1-43a9-a641-5a1e5cb320a3,2025-09-07 00:30:00+00:00,San Francisco,Minneapolis,previous_game_city
428eaadb-1bde-4aa3-85ad-6353e5c1f025,2025-09-10 02:00:00+00:00,2025-09-09,2025,0699edf3-5993-4182-b9b4-ec935cbd4fcc,0699edf3-5993-4182-b9b4-ec935cbd4fcc,0a5ad38d-2fe3-43ba-894b-1ba3d5042ea9,0a5ad38d-2fe3-43ba-894b-1ba3d5042ea9,1,0,2,0,1,3,Uncasville,Phoenix,2240.6,-3,f0ccfa2d-7cf2-4828-a0e0-1495c228fdb2,2025-09-06 17:00:00+00:00,Uncasville,Phoenix,previous_game_city
428eaadb-1bde-4aa3-85ad-6353e5c1f025,2025-09-10 02:00:00+00:00,2025-09-09,2025,0a5ad38d-2fe3-43ba-894b-1ba3d5042ea9,0a5ad38d-2fe3-43ba-894b-1ba3d5042ea9,0699edf3-5993-4182-b9b4-ec935cbd4fcc,0699edf3-5993-4182-b9b4-ec935cbd4fcc,0,0,1,0,2,3,Los Angeles,Phoenix,358.3,0,8af5fca3-5db1-45d8-895e-c772b97241db,2025-09-07 22:00:00+00:00,Los Angeles,Los Angeles,previous_game_city
ae5d8817-5152-45ff-a437-bd57cf3f5faa,2025-09-10 02:00:00+00:00,2025-09-09,2025,171b097d-01db-4ae8-9d56-035689402ec6,FR_LVA_ACES,3c409388-ab73-4c7f-953d-3a71062240f6,3c409388-ab73-4c7f-953d-3a71062240f6,1,0,1,0,1,2,Las Vegas,Las Vegas,0.0,0,8fc361a1-ad32-4a5f-9f22-54d648200cb6,2025-09-08 01:00:00+00:00,Las Vegas,Paradise,previous_game_city
ae5d8817-5152-45ff-a437-bd57cf3f5faa,2025-09-10 02:00:00+00:00,2025-09-09,2025,3c409388-ab73-4c7f-953d-3a71062240f6,3c409388-ab73-4c7f-953d-3a71062240f6,171b097d-01db-4ae8-9d56-035689402ec6,FR_LVA_ACES,0,0,1,0,2,3,Las Vegas,Las Vegas,0.0,0,8fc361a1-ad32-4a5f-9f22-54d648200cb6,2025-09-08 01:00:00+00:00,Las Vegas,Chicago,previous_game_city
e9ff9be0-15cb-4e16-86a5-89be878b6745,2025-09-10 02:00:00+00:00,2025-09-09,2025,d6a012ed-84aa-48d3-8265-2d3f3ff2199a,d6a012ed-84aa-48d3-8265-2d3f3ff2199a,4f57ec40-0d35-4b59-bea0-9d040f0d2292,4f57ec40-0d35-4b59-bea0-9d040f0d2292,1,0,3,0,1,1,Seattle,Seattle,0.0,0,1cf9c10b-f66e-464f-8cf5-6cb1f3ea43c6,2025-09-06 02:00:00+00:00,Seattle,Seattle,previous_game_city
e9ff9be0-15cb-4e16-86a5-89be878b6745,2025-09-10 02:00:00+00:00,2025-09-09,2025,4f57ec40-0d35-4b59-bea0-9d040f0d2292,4f57ec40-0d35-4b59-bea0-9d040f0d2292,d6a012ed-84aa-48d3-8265-2d3f3ff2199a,d6a012ed-84aa-48d3-8265-2d3f3ff2199a,0,0,2,0,1,3,San Francisco,Seattle,680.9,0,421e879b-21e1-43a9-a641-5a1e5cb320a3,2025-09-07 00:30:00+00:00,San Francisco,San Francisco,previous_game_city
1ecad64f-deda-4055-95e7-198f2df3fa68,2025-09-10 23:00:00+00:00,2025-09-10,2025,a015b02d-845c-40c1-8ef4-844984f47e4d,a015b02d-845c-40c1-8ef4-844984f47e4d,5d70a9af-8c2b-4aec-9e68-9acc6ddb93e4,5d70a9af-8c2b-4aec-9e68-9acc6ddb93e4,1,0,1,0,2,3,College Park,Uncasville,866.0,0,066fe1b5-ac89-4da1-be0d-7a9f9c1ee193,2025-09-08 23:30:00+00:00,College Park,Uncasville,previous_game_city
1ecad64f-deda-4055-95e7-198f2df3fa68,2025-09-10 23:00:00+00:00,2025-09-10,2025,5d70a9af-8c2b-4aec-9e68-9acc6ddb93e4,5d70a9af-8c2b-4aec-9e68-9acc6ddb93e4,a015b02d-845c-40c1-8ef4-844984f47e4d,a015b02d-845c-40c1-8ef4-844984f47e4d,0,0,1,0,1,3,College Park,Uncasville,866.0,0,066fe1b5-ac89-4da1-be0d-7a9f9c1ee193,2025-09-08 23:30:00+00:00,College Park,College Park,previous_game_city
26dc7ac4-cdfa-4270-bdb1-394c4e513476,2025-09-12 00:00:00+00:00,2025-09-11,2025,6f017f37-be96-4bdc-b6d3-0a0429c72e89,6f017f37-be96-4bdc-b6d3-0a0429c72e89,4f57ec40-0d35-4b59-bea0-9d040f0d2292,4f57ec40-0d35-4b59-bea0-9d040f0d2292,1,0,1,0,1,3,Indianapolis,Minneapolis,511.4,-1,31d89653-50a1-4688-b507-15c8e12dad33,2025-09-09 23:30:00+00:00,Indianapolis,Minneapolis,previous_game_city
26dc7ac4-cdfa-4270-bdb1-394c4e513476,2025-09-12 00:00:00+00:00,2025-09-11,2025,4f57ec40-0d35-4b59-bea0-9d040f0d2292,4f57ec40-0d35-4b59-bea0-9d040f0d2292,6f017f37-be96-4bdc-b6d3-0a0429c72e89,6f017f37-be96-4bdc-b6d3-0a0429c72e89,0,0,1,0,1,3,Seattle,Minneapolis,1391.7,2,e9ff9be0-15cb-4e16-86a5-89be878b6745,2025-09-10 02:00:00+00:00,Seattle,San Francisco,previous_game_city
93a98ff0-ed90-4c11-8f56-dfd70e55ed58,2025-09-12 00:00:00+00:00,2025-09-11,2025,5f0b5caf-708b-4300-92f2-53b51d83ec06,5f0b5caf-708b-4300-92f2-53b51d83ec06,0699edf3-5993-4182-b9b4-ec935cbd4fcc,0699edf3-5993-4182-b9b4-ec935cbd4fcc,1,0,3,0,1,2,Los Angeles,Arlington,1221.9,2,8af5fca3-5db1-45d8-895e-c772b97241db,2025-09-07 22:00:00+00:00,Los Angeles,Arlington,previous_game_city
93a98ff0-ed90-4c11-8f56-dfd70e55ed58,2025-09-12 00:00:00+00:00,2025-09-11,2025,0699edf3-5993-4182-b9b4-ec935cbd4fcc,0699edf3-5993-4182-b9b4-ec935cbd4fcc,5f0b5caf-708b-4300-92f2-53b51d83ec06,5f0b5caf-708b-4300-92f2-53b51d83ec06,0,0,1,0,1,3,Phoenix,Arlington,866.9,2,428eaadb-1bde-4aa3-85ad-6353e5c1f025,2025-09-10 02:00:00+00:00,Phoenix,Phoenix,previous_game_city
d15b970b-6606-4246-a924-bc903756c55f,2025-09-12 00:00:00+00:00,2025-09-11,2025,3c409388-ab73-4c7f-953d-3a71062240f6,3c409388-ab73-4c7f-953d-3a71062240f6,08ed8274-e29f-4248-bc2e-83cc8ed18d75,08ed8274-e29f-4248-bc2e-83cc8ed18d75,1,0,1,0,2,3,Las Vegas,Chicago,1525.3,2,ae5d8817-5152-45ff-a437-bd57cf3f5faa,2025-09-10 02:00:00+00:00,Las Vegas,Chicago,previous_game_city
d15b970b-6606-4246-a924-bc903756c55f,2025-09-12 00:00:00+00:00,2025-09-11,2025,08ed8274-e29f-4248-bc2e-83cc8ed18d75,08ed8274-e29f-4248-bc2e-83cc8ed18d75,3c409388-ab73-4c7f-953d-3a71062240f6,3c409388-ab73-4c7f-953d-3a71062240f6,0,0,1,0,1,2,Brooklyn,Chicago,712.5,-1,bf12976a-1b69-4b23-b6b9-9e4244ae6401,2025-09-09 23:00:00+00:00,Brooklyn,Brooklyn,previous_game_city
1a0df56d-9b5f-4e53-9d8a-8b754f489bef,2025-09-12 02:00:00+00:00,2025-09-11,2025,0a5ad38d-2fe3-43ba-894b-1ba3d5042ea9,0a5ad38d-2fe3-43ba-894b-1ba3d5042ea9,171b097d-01db-4ae8-9d56-035689402ec6,FR_LVA_ACES,1,0,1,0,2,3,Phoenix,Los Angeles,358.3,0,428eaadb-1bde-4aa3-85ad-6353e5c1f025,2025-09-10 02:00:00+00:00,Phoenix,Los Angeles,previous_game_city
1a0df56d-9b5f-4e53-9d8a-8b754f489bef,2025-09-12 02:00:00+00:00,2025-09-11,2025,171b097d-01db-4ae8-9d56-035689402ec6,FR_LVA_ACES,0a5ad38d-2fe3-43ba-894b-1ba3d5042ea9,0a5ad38d-2fe3-43ba-894b-1ba3d5042ea9,0,0,1,0,2,3,Las Vegas,Los Angeles,225.3,0,ae5d8817-5152-45ff-a437-bd57cf3f5faa,2025-09-10 02:00:00+00:00,Las Vegas,Paradise,previous_game_city
d23df8d9-9b35-4185-9ae5-d47e05013b0b,2025-09-14 17:00:00+00:00,2025-09-14,2025,6f017f37-be96-4bdc-b6d3-0a0429c72e89,6f017f37-be96-4bdc-b6d3-0a0429c72e89,4f57ec40-0d35-4b59-bea0-9d040f0d2292,4f57ec40-0d35-4b59-bea0-9d040f0d2292,1,1,2,0,1,2,Minneapolis,Minneapolis,0.0,0,26dc7ac4-cdfa-4270-bdb1-394c4e513476,2025-09-12 00:00:00+00:00,Minneapolis,Minneapolis,previous_game_city
d23df8d9-9b35-4185-9ae5-d47e05013b0b,2025-09-14 17:00:00+00:00,2025-09-14,2025,4f57ec40-0d35-4b59-bea0-9d040f0d2292,4f57ec40-0d35-4b59-bea0-9d040f0d2292,6f017f37-be96-4bdc-b6d3-0a0429c72e89,6f017f37-be96-4bdc-b6d3-0a0429c72e89,0,1,2,0,1,2,Minneapolis,Minneapolis,0.0,0,26dc7ac4-cdfa-4270-bdb1-394c4e513476,2025-09-12 00:00:00+00:00,Minneapolis,San Francisco,previous_game_city
e88f7300-bce3-49dc-a97d-6d17dadb7e95,2025-09-14 19:00:00+00:00,2025-09-14,2025,5d70a9af-8c2b-4aec-9e68-9acc6ddb93e4,5d70a9af-8c2b-4aec-9e68-9acc6ddb93e4,f073a15f-0486-4179-b0a3-dfd0294eb595,f073a15f-0486-4179-b0a3-dfd0294eb595,1,1,3,0,1,2,Uncasville,College Park,866.0,0,1ecad64f-deda-4055-95e7-198f2df3fa68,2025-09-10 23:00:00+00:00,Uncasville,College Park,previous_game_city
e88f7300-bce3-49dc-a97d-6d17dadb7e95,2025-09-14 19:00:00+00:00,2025-09-14,2025,f073a15f-0486-4179-b0a3-dfd0294eb595,f073a15f-0486-4179-b0a3-dfd0294eb595,5d70a9af-8c2b-4aec-9e68-9acc6ddb93e4,5d70a9af-8c2b-4aec-9e68-9acc6ddb93e4,0,1,4,0,0,2,Indianapolis,College Park,433.0,0,31d89653-50a1-4688-b507-15c8e12dad33,2025-09-09 23:30:00+00:00,Indianapolis,Indianapolis,home_city
d9c1aff3-25aa-404a-b801-cd5f8058d423,2025-09-14 21:00:00+00:00,2025-09-14,2025,0699edf3-5993-4182-b9b4-ec935cbd4fcc,0699edf3-5993-4182-b9b4-ec935cbd4fcc,08ed8274-e29f-4248-bc2e-83cc8ed18d75,08ed8274-e29f-4248-bc2e-83cc8ed18d75,1,1,2,0,1,2,Arlington,Phoenix,866.9,-2,93a98ff0-ed90-4c11-8f56-dfd70e55ed58,2025-09-12 00:00:00+00:00,Arlington,Phoenix,previous_game_city
d9c1aff3-25aa-404a-b801-cd5f8058d423,2025-09-14 21:00:00+00:00,2025-09-14,2025,08ed8274-e29f-4248-bc2e-83cc8ed18d75,08ed8274-e29f-4248-bc2e-83cc8ed18d75,0699edf3-5993-4182-b9b4-ec935cbd4fcc,0699edf3-5993-4182-b9b4-ec935cbd4fcc,0,1,2,0,1,2,Chicago,Phoenix,1451.7,-2,d15b970b-6606-4246-a924-bc903756c55f,2025-09-12 00:00:00+00:00,Chicago,Brooklyn,previous_game_city
2b3209a5-f4cc-4cec-98a2-618f77314523,2025-09-15 02:00:00+00:00,2025-09-14,2025,171b097d-01db-4ae8-9d56-035689402ec6,FR_LVA_ACES,d6a012ed-84aa-48d3-8265-2d3f3ff2199a,d6a012ed-84aa-48d3-8265-2d3f3ff2199a,1,1,2,0,1,3,Los Angeles,Paradise,224.7,0,1a0df56d-9b5f-4e53-9d8a-8b754f489bef,2025-09-12 02:00:00+00:00,Los Angeles,Paradise,previous_game_city
2b3209a5-f4cc-4cec-98a2-618f77314523,2025-09-15 02:00:00+00:00,2025-09-14,2025,d6a012ed-84aa-48d3-8265-2d3f3ff2199a,d6a012ed-84aa-48d3-8265-2d3f3ff2199a,171b097d-01db-4ae8-9d56-035689402ec6,FR_LVA_ACES,0,1,4,0,0,1,Seattle,Paradise,877.2,0,e9ff9be0-15cb-4e16-86a5-89be878b6745,2025-09-10 02:00:00+00:00,Seattle,Seattle,home_city
69a412a7-f97f-4e25-804a-8c085ec0ce2f,2025-09-16 23:30:00+00:00,2025-09-16,2025,f073a15f-0486-4179-b0a3-dfd0294eb595,f073a15f-0486-4179-b0a3-dfd0294eb595,5d70a9af-8c2b-4aec-9e68-9acc6ddb93e4,5d70a9af-8c2b-4aec-9e68-9acc6ddb93e4,1,1,1,0,1,2,College Park,Indianapolis,433.0,0,e88f7300-bce3-49dc-a97d-6d17dadb7e95,2025-09-14 19:00:00+00:00,College Park,Indianapolis,previous_game_city
69a412a7-f97f-4e25-804a-8c085ec0ce2f,2025-09-16 23:30:00+00:00,2025-09-16,2025,5d70a9af-8c2b-4aec-9e68-9acc6ddb93e4,5d70a9af-8c2b-4aec-9e68-9acc6ddb93e4,f073a15f-0486-4179-b0a3-dfd0294eb595,f073a15f-0486-4179-b0a3-dfd0294eb595,0,1,1,0,1,2,College Park,Indianapolis,433.0,0,e88f7300-bce3-49dc-a97d-6d17dadb7e95,2025-09-14 19:00:00+00:00,College Park,College Park,previous_game_city
ec784d2b-3c27-47ac-bb5b-7edab3baa3fb,2025-09-17 01:30:00+00:00,2025-09-16,2025,d6a012ed-84aa-48d3-8265-2d3f3ff2199a,d6a012ed-84aa-48d3-8265-2d3f3ff2199a,171b097d-01db-4ae8-9d56-035689402ec6,FR_LVA_ACES,1,1,1,0,1,2,Paradise,Seattle,877.2,0,2b3209a5-f4cc-4cec-98a2-618f77314523,2025-09-15 02:00:00+00:00,Paradise,Seattle,previous_game_city
ec784d2b-3c27-47ac-bb5b-7edab3baa3fb,2025-09-17 01:30:00+00:00,2025-09-16,2025,171b097d-01db-4ae8-9d56-035689402ec6,FR_LVA_ACES,d6a012ed-84aa-48d3-8265-2d3f3ff2199a,d6a012ed-84aa-48d3-8265-2d3f3ff2199a,0,1,1,0,1,3,Paradise,Seattle,877.2,0,2b3209a5-f4cc-4cec-98a2-618f77314523,2025-09-15 02:00:00+00:00,Paradise,Paradise,previous_game_city
14312745-52b6-41c0-96d0-ee3ff44c26c2,2025-09-18 00:00:00+00:00,2025-09-17,2025,08ed8274-e29f-4248-bc2e-83cc8ed18d75,08ed8274-e29f-4248-bc2e-83cc8ed18d75,0699edf3-5993-4182-b9b4-ec935cbd4fcc,0699edf3-5993-4182-b9b4-ec935cbd4fcc,1,1,2,0,1,2,Phoenix,Brooklyn,2141.3,3,d9c1aff3-25aa-404a-b801-cd5f8058d423,2025-09-14 21:00:00+00:00,Phoenix,Brooklyn,previous_game_city
14312745-52b6-41c0-96d0-ee3ff44c26c2,2025-09-18 00:00:00+00:00,2025-09-17,2025,0699edf3-5993-4182-b9b4-ec935cbd4fcc,0699edf3-5993-4182-b9b4-ec935cbd4fcc,08ed8274-e29f-4248-bc2e-83cc8ed18d75,08ed8274-e29f-4248-bc2e-83cc8ed18d75,0,1,2,0,1,2,Phoenix,Brooklyn,2141.3,3,d9c1aff3-25aa-404a-b801-cd5f8058d423,2025-09-14 21:00:00+00:00,Phoenix,Phoenix,previous_game_city
2fb00c07-3995-4420-aa53-e0b95160a91a,2025-09-18 02:00:00+00:00,2025-09-17,2025,4f57ec40-0d35-4b59-bea0-9d040f0d2292,4f57ec40-0d35-4b59-bea0-9d040f0d2292,6f017f37-be96-4bdc-b6d3-0a0429c72e89,6f017f37-be96-4bdc-b6d3-0a0429c72e89,1,1,2,0,1,2,Minneapolis,San Jose,1570.2,-2,d23df8d9-9b35-4185-9ae5-d47e05013b0b,2025-09-14 17:00:00+00:00,Minneapolis,San Francisco,previous_game_city
2fb00c07-3995-4420-aa53-e0b95160a91a,2025-09-18 02:00:00+00:00,2025-09-17,2025,6f017f37-be96-4bdc-b6d3-0a0429c72e89,6f017f37-be96-4bdc-b6d3-0a0429c72e89,4f57ec40-0d35-4b59-bea0-9d040f0d2292,4f57ec40-0d35-4b59-bea0-9d040f0d2292,0,1,2,0,1,2,Minneapolis,San Jose,1570.2,-2,d23df8d9-9b35-4185-9ae5-d47e05013b0b,2025-09-14 17:00:00+00:00,Minneapolis,Minneapolis,previous_game_city
4e9f12ff-e41e-413d-a1d4-936579e0e487,2025-09-18 23:30:00+00:00,2025-09-18,2025,5d70a9af-8c2b-4aec-9e68-9acc6ddb93e4,5d70a9af-8c2b-4aec-9e68-9acc6ddb93e4,f073a15f-0486-4179-b0a3-dfd0294eb595,f073a15f-0486-4179-b0a3-dfd0294eb595,1,1,1,0,2,2,Indianapolis,College Park,433.0,0,69a412a7-f97f-4e25-804a-8c085ec0ce2f,2025-09-16 23:30:00+00:00,Indianapolis,College Park,previous_game_city
4e9f12ff-e41e-413d-a1d4-936579e0e487,2025-09-18 23:30:00+00:00,2025-09-18,2025,f073a15f-0486-4179-b0a3-dfd0294eb595,f073a15f-0486-4179-b0a3-dfd0294eb595,5d70a9af-8c2b-4aec-9e68-9acc6ddb93e4,5d70a9af-8c2b-4aec-9e68-9acc6ddb93e4,0,1,1,0,2,2,Indianapolis,College Park,433.0,0,69a412a7-f97f-4e25-804a-8c085ec0ce2f,2025-09-16 23:30:00+00:00,Indianapolis,Indianapolis,previous_game_city
58bb94db-4f37-45ce-a7b9-2cb2aa412759,2025-09-19 01:30:00+00:00,2025-09-18,2025,171b097d-01db-4ae8-9d56-035689402ec6,FR_LVA_ACES,d6a012ed-84aa-48d3-8265-2d3f3ff2199a,d6a012ed-84aa-48d3-8265-2d3f3ff2199a,1,1,1,0,2,3,Seattle,Paradise,877.2,0,ec784d2b-3c27-47ac-bb5b-7edab3baa3fb,2025-09-17 01:30:00+00:00,Seattle,Paradise,previous_game_city
58bb94db-4f37-45ce-a7b9-2cb2aa412759,2025-09-19 01:30:00+00:00,2025-09-18,2025,d6a012ed-84aa-48d3-8265-2d3f3ff2199a,d6a012ed-84aa-48d3-8265-2d3f3ff2199a,171b097d-01db-4ae8-9d56-035689402ec6,FR_LVA_ACES,0,1,1,0,2,2,Seattle,Paradise,877.2,0,ec784d2b-3c27-47ac-bb5b-7edab3baa3fb,2025-09-17 01:30:00+00:00,Seattle,Seattle,previous_game_city
f319caf0-a286-4e3e-87b3-4aeb5473cebf,2025-09-20 01:00:00+00:00,2025-09-19,2025,0699edf3-5993-4182-b9b4-ec935cbd4fcc,0699edf3-5993-4182-b9b4-ec935cbd4fcc,08ed8274-e29f-4248-bc2e-83cc8ed18d75,08ed8274-e29f-4248-bc2e-83cc8ed18d75,1,1,1,0,1,2,Brooklyn,Phoenix,2141.3,-3,14312745-52b6-41c0-96d0-ee3ff44c26c2,2025-09-18 00:00:00+00:00,Brooklyn,Phoenix,previous_game_city
f319caf0-a286-4e3e-87b3-4aeb5473cebf,2025-09-20 01:00:00+00:00,2025-09-19,2025,08ed8274-e29f-4248-bc2e-83cc8ed18d75,08ed8274-e29f-4248-bc2e-83cc8ed18d75,0699edf3-5993-4182-b9b4-ec935cbd4fcc,0699edf3-5993-4182-b9b4-ec935cbd4fcc,0,1,1,0,1,2,Brooklyn,Phoenix,2141.3,-3,14312745-52b6-41c0-96d0-ee3ff44c26c2,2025-09-18 00:00:00+00:00,Brooklyn,Brooklyn,previous_game_city
8cd4034f-e3f1-45a0-afa2-29c966d41bc9,2025-09-21 19:00:00+00:00,2025-09-21,2025,171b097d-01db-4ae8-9d56-035689402ec6,FR_LVA_ACES,f073a15f-0486-4179-b0a3-dfd0294eb595,f073a15f-0486-4179-b0a3-dfd0294eb595,1,1,2,0,1,3,Paradise,Paradise,0.0,0,58bb94db-4f37-45ce-a7b9-2cb2aa412759,2025-09-19 01:30:00+00:00,Paradise,Paradise,previous_game_city
8cd4034f-e3f1-45a0-afa2-29c966d41bc9,2025-09-21 19:00:00+00:00,2025-09-21,2025,f073a15f-0486-4179-b0a3-dfd0294eb595,f073a15f-0486-4179-b0a3-dfd0294eb595,171b097d-01db-4ae8-9d56-035689402ec6,FR_LVA_ACES,0,1,2,0,1,3,College Park,Paradise,1742.5,-3,4e9f12ff-e41e-413d-a1d4-936579e0e487,2025-09-18 23:30:00+00:00,College Park,Indianapolis,previous_game_city
0973a093-1a22-4782-80a5-4f393bb71641,2025-09-21 21:00:00+00:00,2025-09-21,2025,6f017f37-be96-4bdc-b6d3-0a0429c72e89,6f017f37-be96-4bdc-b6d3-0a0429c72e89,0699edf3-5993-4182-b9b4-ec935cbd4fcc,0699edf3-5993-4182-b9b4-ec935cbd4fcc,1,1,3,0,1,2,San Jose,Minneapolis,1570.2,2,2fb00c07-3995-4420-aa53-e0b95160a91a,2025-09-18 02:00:00+00:00,San Jose,Minneapolis,previous_game_city
0973a093-1a22-4782-80a5-4f393bb71641,2025-09-21 21:00:00+00:00,2025-09-21,2025,0699edf3-5993-4182-b9b4-ec935cbd4fcc,0699edf3-5993-4182-b9b4-ec935cbd4fcc,6f017f37-be96-4bdc-b6d3-0a0429c72e89,6f017f37-be96-4bdc-b6d3-0a0429c72e89,0,1,1,0,2,3,Phoenix,Minneapolis,1278.1,2,f319caf0-a286-4e3e-87b3-4aeb5473cebf,2025-09-20 01:00:00+00:00,Phoenix,Phoenix,previous_game_city
d1ac0af3-7692-4dc7-89cd-1410070e8853,2025-09-23 23:30:00+00:00,2025-09-23,2025,6f017f37-be96-4bdc-b6d3-0a0429c72e89,6f017f37-be96-4bdc-b6d3-0a0429c72e89,0699edf3-5993-4182-b9b4-ec935cbd4fcc,0699edf3-5993-4182-b9b4-ec935cbd4fcc,1,1,1,0,1,2,Minneapolis,Minneapolis,0.0,0,0973a093-1a22-4782-80a5-4f393bb71641,2025-09-21 21:00:00+00:00,Minneapolis,Minneapolis,previous_game_city
d1ac0af3-7692-4dc7-89cd-1410070e8853,2025-09-23 23:30:00+00:00,2025-09-23,2025,0699edf3-5993-4182-b9b4-ec935cbd4fcc,0699edf3-5993-4182-b9b4-ec935cbd4fcc,6f017f37-be96-4bdc-b6d3-0a0429c72e89,6f017f37-be96-4bdc-b6d3-0a0429c72e89,0,1,1,0,2,3,Minneapolis,Minneapolis,0.0,0,0973a093-1a22-4782-80a5-4f393bb71641,2025-09-21 21:00:00+00:00,Minneapolis,Phoenix,previous_game_city
30981dda-706d-44fc-9eb4-b6f8c5a3e874,2025-09-24 01:30:00+00:00,2025-09-23,2025,171b097d-01db-4ae8-9d56-035689402ec6,FR_LVA_ACES,f073a15f-0486-4179-b0a3-dfd0294eb595,f073a15f-0486-4179-b0a3-dfd0294eb595,1,1,1,0,1,3,Paradise,Paradise,0.0,0,8cd4034f-e3f1-45a0-afa2-29c966d41bc9,2025-09-21 19:00:00+00:00,Paradise,Paradise,previous_game_city
30981dda-706d-44fc-9eb4-b6f8c5a3e874,2025-09-24 01:30:00+00:00,2025-09-23,2025,f073a15f-0486-4179-b0a3-dfd0294eb595,f073a15f-0486-4179-b0a3-dfd0294eb595,171b097d-01db-4ae8-9d56-035689402ec6,FR_LVA_ACES,0,1,1,0,1,3,Paradise,Paradise,0.0,0,8cd4034f-e3f1-45a0-afa2-29c966d41bc9,2025-09-21 19:00:00+00:00,Paradise,Indianapolis,previous_game_city
059e0f9b-7b9d-4971-baf1-1b912ef755d1,2025-09-26 23:30:00+00:00,2025-09-26,2025,f073a15f-0486-4179-b0a3-dfd0294eb595,f073a15f-0486-4179-b0a3-dfd0294eb595,171b097d-01db-4ae8-9d56-035689402ec6,FR_LVA_ACES,1,1,2,0,1,2,Paradise,Indianapolis,1594.9,3,30981dda-706d-44fc-9eb4-b6f8c5a3e874,2025-09-24 01:30:00+00:00,Paradise,Indianapolis,previous_game_city
059e0f9b-7b9d-4971-baf1-1b912ef755d1,2025-09-26 23:30:00+00:00,2025-09-26,2025,171b097d-01db-4ae8-9d56-035689402ec6,FR_LVA_ACES,f073a15f-0486-4179-b0a3-dfd0294eb595,f073a15f-0486-4179-b0a3-dfd0294eb595,0,1,2,0,1,2,Paradise,Indianapolis,1594.9,3,30981dda-706d-44fc-9eb4-b6f8c5a3e874,2025-09-24 01:30:00+00:00,Paradise,Paradise,previous_game_city
5a89a8be-ae96-4f08-8a50-15e0c79b643c,2025-09-27 01:30:00+00:00,2025-09-26,2025,0699edf3-5993-4182-b9b4-ec935cbd4fcc,0699edf3-5993-4182-b9b4-ec935cbd4fcc,6f017f37-be96-4bdc-b6d3-0a0429c72e89,6f017f37-be96-4bdc-b6d3-0a0429c72e89,1,1,2,0,1,3,Minneapolis,Phoenix,1278.1,-2,d1ac0af3-7692-4dc7-89cd-1410070e8853,2025-09-23 23:30:00+00:00,Minneapolis,Phoenix,previous_game_city
5a89a8be-ae96-4f08-8a50-15e0c79b643c,2025-09-27 01:30:00+00:00,2025-09-26,2025,6f017f37-be96-4bdc-b6d3-0a0429c72e89,6f017f37-be96-4bdc-b6d3-0a0429c72e89,0699edf3-5993-4182-b9b4-ec935cbd4fcc,0699edf3-5993-4182-b9b4-ec935cbd4fcc,0,1,2,0,1,2,Minneapolis,Phoenix,1278.1,-2,d1ac0af3-7692-4dc7-89cd-1410070e8853,2025-09-23 23:30:00+00:00,Minneapolis,Minneapolis,previous_game_city
f8098775-9026-45b0-a3b8-03765c171265,2025-09-28 19:00:00+00:00,2025-09-28,2025,f073a15f-0486-4179-b0a3-dfd0294eb595,f073a15f-0486-4179-b0a3-dfd0294eb595,171b097d-01db-4ae8-9d56-035689402ec6,FR_LVA_ACES,1,1,1,0,1,3,Indianapolis,Indianapolis,0.0,0,059e0f9b-7b9d-4971-baf1-1b912ef755d1,2025-09-26 23:30:00+00:00,Indianapolis,Indianapolis,previous_game_city
f8098775-9026-45b0-a3b8-03765c171265,2025-09-28 19:00:00+00:00,2025-09-28,2025,171b097d-01db-4ae8-9d56-035689402ec6,FR_LVA_ACES,f073a15f-0486-4179-b0a3-dfd0294eb595,f073a15f-0486-4179-b0a3-dfd0294eb595,0,1,1,0,1,3,Indianapolis,Indianapolis,0.0,0,059e0f9b-7b9d-4971-baf1-1b912ef755d1,2025-09-26 23:30:00+00:00,Indianapolis,Paradise,previous_game_city
fb31c505-de82-4d70-a8a2-a91dbaacd1ee,2025-09-29 00:00:00+00:00,2025-09-28,2025,0699edf3-5993-4182-b9b4-ec935cbd4fcc,0699edf3-5993-4182-b9b4-ec935cbd4fcc,6f017f37-be96-4bdc-b6d3-0a0429c72e89,6f017f37-be96-4bdc-b6d3-0a0429c72e89,1,1,1,0,1,3,Phoenix,Phoenix,0.0,0,5a89a8be-ae96-4f08-8a50-15e0c79b643c,2025-09-27 01:30:00+00:00,Phoenix,Phoenix,previous_game_city
fb31c505-de82-4d70-a8a2-a91dbaacd1ee,2025-09-29 00:00:00+00:00,2025-09-28,2025,6f017f37-be96-4bdc-b6d3-0a0429c72e89,6f017f37-be96-4bdc-b6d3-0a0429c72e89,0699edf3-5993-4182-b9b4-ec935cbd4fcc,0699edf3-5993-4182-b9b4-ec935cbd4fcc,0,1,1,0,1,3,Phoenix,Phoenix,0.0,0,5a89a8be-ae96-4f08-8a50-15e0c79b643c,2025-09-27 01:30:00+00:00,Phoenix,Minneapolis,previous_game_city
fc11987d-5051-4621-94f9-17a356691802,2025-10-01 01:30:00+00:00,2025-09-30,2025,171b097d-01db-4ae8-9d56-035689402ec6,FR_LVA_ACES,f073a15f-0486-4179-b0a3-dfd0294eb595,f073a15f-0486-4179-b0a3-dfd0294eb595,1,1,1,0,2,3,Indianapolis,Paradise,1594.9,-3,f8098775-9026-45b0-a3b8-03765c171265,2025-09-28 19:00:00+00:00,Indianapolis,Paradise,previous_game_city
fc11987d-5051-4621-94f9-17a356691802,2025-10-01 01:30:00+00:00,2025-09-30,2025,f073a15f-0486-4179-b0a3-dfd0294eb595,f073a15f-0486-4179-b0a3-dfd0294eb595,171b097d-01db-4ae8-9d56-035689402ec6,FR_LVA_ACES,0,1,1,0,2,3,Indianapolis,Paradise,1594.9,-3,f8098775-9026-45b0-a3b8-03765c171265,2025-09-28 19:00:00+00:00,Indianapolis,Indianapolis,previous_game_city
d06d5e67-e80d-4c55-907a-79b86c145e92,2025-10-04 00:00:00+00:00,2025-10-03,2025,171b097d-01db-4ae8-9d56-035689402ec6,FR_LVA_ACES,0699edf3-5993-4182-b9b4-ec935cbd4fcc,0699edf3-5993-4182-b9b4-ec935cbd4fcc,1,1,2,0,1,3,Paradise,Paradise,0.0,0,fc11987d-5051-4621-94f9-17a356691802,2025-10-01 01:30:00+00:00,Paradise,Paradise,previous_game_city
d06d5e67-e80d-4c55-907a-79b86c145e92,2025-10-04 00:00:00+00:00,2025-10-03,2025,0699edf3-5993-4182-b9b4-ec935cbd4fcc,0699edf3-5993-4182-b9b4-ec935cbd4fcc,171b097d-01db-4ae8-9d56-035689402ec6,FR_LVA_ACES,0,1,4,0,0,2,Phoenix,Paradise,253.9,0,fb31c505-de82-4d70-a8a2-a91dbaacd1ee,2025-09-29 00:00:00+00:00,Phoenix,Phoenix,home_city
acd54341-7fa1-4d4d-b64f-d637a66c3443,2025-10-05 19:00:00+00:00,2025-10-05,2025,171b097d-01db-4ae8-9d56-035689402ec6,FR_LVA_ACES,0699edf3-5993-4182-b9b4-ec935cbd4fcc,0699edf3-5993-4182-b9b4-ec935cbd4fcc,1,1,1,0,1,3,Paradise,Paradise,0.0,0,d06d5e67-e80d-4c55-907a-79b86c145e92,2025-10-04 00:00:00+00:00,Paradise,Paradise,previous_game_city
acd54341-7fa1-4d4d-b64f-d637a66c3443,2025-10-05 19:00:00+00:00,2025-10-05,2025,0699edf3-5993-4182-b9b4-ec935cbd4fcc,0699edf3-5993-4182-b9b4-ec935cbd4fcc,171b097d-01db-4ae8-9d56-035689402ec6,FR_LVA_ACES,0,1,1,0,1,2,Paradise,Paradise,0.0,0,d06d5e67-e80d-4c55-907a-79b86c145e92,2025-10-04 00:00:00+00:00,Paradise,Phoenix,previous_game_city
4a8a3c5a-81ad-462c-b4cb-3300d1eea8c3,2025-10-09 00:00:00+00:00,2025-10-08,2025,0699edf3-5993-4182-b9b4-ec935cbd4fcc,0699edf3-5993-4182-b9b4-ec935cbd4fcc,171b097d-01db-4ae8-9d56-035689402ec6,FR_LVA_ACES,1,1,2,0,1,2,Paradise,Phoenix,253.9,0,acd54341-7fa1-4d4d-b64f-d637a66c3443,2025-10-05 19:00:00+00:00,Paradise,Phoenix,previous_game_city
4a8a3c5a-81ad-462c-b4cb-3300d1eea8c3,2025-10-09 00:00:00+00:00,2025-10-08,2025,171b097d-01db-4ae8-9d56-035689402ec6,FR_LVA_ACES,0699edf3-5993-4182-b9b4-ec935cbd4fcc,0699edf3-5993-4182-b9b4-ec935cbd4fcc,0,1,2,0,1,2,Paradise,Phoenix,253.9,0,acd54341-7fa1-4d4d-b64f-d637a66c3443,2025-10-05 19:00:00+00:00,Paradise,Paradise,previous_game_city
e149ddfc-1ec6-43c0-a2f4-7d0ddbe8afb1,2025-10-11 00:00:00+00:00,2025-10-10,2025,0699edf3-5993-4182-b9b4-ec935cbd4fcc,0699edf3-5993-4182-b9b4-ec935cbd4fcc,171b097d-01db-4ae8-9d56-035689402ec6,FR_LVA_ACES,1,1,1,0,1,3,Phoenix,Phoenix,0.0,0,4a8a3c5a-81ad-462c-b4cb-3300d1eea8c3,2025-10-09 00:00:00+00:00,Phoenix,Phoenix,previous_game_city
e149ddfc-1ec6-43c0-a2f4-7d0ddbe8afb1,2025-10-11 00:00:00+00:00,2025-10-10,2025,171b097d-01db-4ae8-9d56-035689402ec6,FR_LVA_ACES,0699edf3-5993-4182-b9b4-ec935cbd4fcc,0699edf3-5993-4182-b9b4-ec935cbd4fcc,0,1,1,0,1,3,Phoenix,Phoenix,0.0,0,4a8a3c5a-81ad-462c-b4cb-3300d1eea8c3,2025-10-09 00:00:00+00:00,Phoenix,Paradise,previous_game_city
