game_id,game_ts,game_date,season,team_id,franchise_id,opponent_team_id,opponent_franchise_id,is_home,is_playoff,off_3pa_rate_pre,def_3pa_allowed_pre,off_2pa_rate_pre,def_2pa_allowed_pre,off_tov_pct_pre,def_forced_tov_pre,games_played_before_game,prior_source,last_completed_game_id,last_completed_game_ts
e83ca6b1-1257-47d2-9153-ed2c72ad85ab,2015-06-05 23:00:00+00:00,2015-06-05,2015,5c0d47fe-8539-47b0-9f36-d0b3609ca89b,5c0d47fe-8539-47b0-9f36-d0b3609ca89b,a015b02d-845c-40c1-8ef4-844984f47e4d,a015b02d-845c-40c1-8ef4-844984f47e4d,0,0,0.2264303865983083,0.22480313128093668,0.7735696134016917,0.7751968687190632,0.1568800878009095,0.156320556753684,0,league_init,,
e83ca6b1-1257-47d2-9153-ed2c72ad85ab,2015-06-05 23:00:00+00:00,2015-06-05,2015,a015b02d-845c-40c1-8ef4-844984f47e4d,a015b02d-845c-40c1-8ef4-844984f47e4d,5c0d47fe-8539-47b0-9f36-d0b3609ca89b,5c0d47fe-8539-47b0-9f36-d0b3609ca89b,1,0,0.2264303865983083,0.22480313128093668,0.7735696134016917,0.7751968687190632,0.1568800878009095,0.156320556753684,0,league_init,,
51ada2d4-5260-4c88-9fed-af4bf50130ab,2015-06-05 23:30:00+00:00,2015-06-05,2015,08ed8274-e29f-4248-bc2e-83cc8ed18d75,08ed8274-e29f-4248-bc2e-83cc8ed18d75,5d70a9af-8c2b-4aec-9e68-9acc6ddb93e4,5d70a9af-8c2b-4aec-9e68-9acc6ddb93e4,1,0,0.2264303865983083,0.22480313128093668,0.7735696134016917,0.7751968687190632,0.1568800878009095,0.156320556753684,0,league_init,,
51ada2d4-5260-4c88-9fed-af4bf50130ab,2015-06-05 23:30:00+00:00,2015-06-05,2015,5d70a9af-8c2b-4aec-9e68-9acc6ddb93e4,5d70a9af-8c2b-4aec-9e68-9acc6ddb93e4,08ed8274-e29f-4248-bc2e-83cc8ed18d75,08ed8274-e29f-4248-bc2e-83cc8ed18d75,0,0,0.2264303865983083,0.22480313128093668,0.7735696134016917,0.7751968687190632,0.1568800878009095,0.156320556753684,0,league_init,,
8c504e6b-663d-40a1-a902-2cae4d9c4470,2015-06-06 00:00:00+00:00,2015-06-06,2015,5f0b5caf-708b-4300-92f2-53b51d83ec06,5f0b5caf-708b-4300-92f2-53b51d83ec06,6f017f37-be96-4bdc-b6d3-0a0429c72e89,6f017f37-be96-4bdc-b6d3-0a0429c72e89,0,0,0.2264303865983083,0.22480313128093668,0.7735696134016917,0.7751968687190632,0.1568800878009095,0.156320556753684,0,league_init,,
8c504e6b-663d-40a1-a902-2cae4d9c4470,2015-06-06 00:00:00+00:00,2015-06-06,2015,6f017f37-be96-4bdc-b6d3-0a0429c72e89,6f017f37-be96-4bdc-b6d3-0a0429c72e89,5f0b5caf-708b-4300-92f2-53b51d83ec06,5f0b5caf-708b-4300-92f2-53b51d83ec06,1,0,0.2264303865983083,0.22480313128093668,0.7735696134016917,0.7751968687190632,0.1568800878009095,0.156320556753684,0,league_init,,
fea52768-68e5-4af0-92f1-0c415c7b71a0,2015-06-06 00:30:00+00:00,2015-06-06,2015,3c409388-ab73-4c7f-953d-3a71062240f6,3c409388-ab73-4c7f-953d-3a71062240f6,f073a15f-0486-4179-b0a3-dfd0294eb595,f073a15f-0486-4179-b0a3-dfd0294eb595,1,0,0.2264303865983083,0.22480313128093668,0.7735696134016917,0.7751968687190632,0.1568800878009095,0.156320556753684,0,league_init,,
fea52768-68e5-4af0-92f1-0c415c7b71a0,2015-06-06 00:30:00+00:00,2015-06-06,2015,f073a15f-0486-4179-b0a3-dfd0294eb595,f073a15f-0486-4179-b0a3-dfd0294eb595,3c409388-ab73-4c7f-953d-3a71062240f6,3c409388-ab73-4c7f-953d-3a71062240f6,0,0,0.2264303865983083,0.22480313128093668,0.7735696134016917,0.7751968687190632,0.1568800878009095,0.156320556753684,0,league_init,,
cae9c07b-96d8-48c4-9ad8-f280218846be,2015-06-06 02:00:00+00:00,2015-06-06,2015,0699edf3-5993-4182-b9b4-ec935cbd4fcc,0699edf3-5993-4182-b9b4-ec935cbd4fcc,e6bc56cc-9dad-43aa-8ccb-ee9d499fea28,FR_LVA_ACES,1,0,0.2264303865983083,0.22480313128093668,0.7735696134016917,0.7751968687190632,0.1568800878009095,0.156320556753684,0,league_init,,
cae9c07b-96d8-48c4-9ad8-f280218846be,2015-06-06 02:00:00+00:00,2015-06-06,2015,e6bc56cc-9dad-43aa-8ccb-ee9d499fea28,FR_LVA_ACES,0699edf3-5993-4182-b9b4-ec935cbd4fcc,0699edf3-5993-4182-b9b4-ec935cbd4fcc,0,0,0.2264303865983083,0.22480313128093668,0.7735696134016917,0.7751968687190632,0.1568800878009095,0.156320556753684,0,league_init,,
2ebfa00b-5e4d-4e56-905b-af8baee748b5,2015-06-06 23:00:00+00:00,2015-06-06,2015,6f017f37-be96-4bdc-b6d3-0a0429c72e89,6f017f37-be96-4bdc-b6d3-0a0429c72e89,f073a15f-0486-4179-b0a3-dfd0294eb595,f073a15f-0486-4179-b0a3-dfd0294eb595,0,0,0.18840579710144928,0.3037974683544304,0.8115942028985508,0.6962025316455697,0.18100511073253833,0.06645990252547629,1,season_to_date,8c504e6b-663d-40a1-a902-2cae4d9c4470,2015-06-06 00:00:00+00:00
2ebfa00b-5e4d-4e56-905b-af8baee748b5,2015-06-06 23:00:00+00:00,2015-06-06,2015,f073a15f-0486-4179-b0a3-dfd0294eb595,f073a15f-0486-4179-b0a3-dfd0294eb595,6f017f37-be96-4bdc-b6d3-0a0429c72e89,6f017f37-be96-4bdc-b6d3-0a0429c72e89,1,0,0.30303030303030304,0.08974358974358974,0.696969696969697,0.9102564102564102,0.20807324178110695,0.12690355329949238,1,season_to_date,fea52768-68e5-4af0-92f1-0c415c7b71a0,2015-06-06 00:30:00+00:00
d288c503-8651-4790-ae08-c5c7a0f6650f,2015-06-06 23:00:00+00:00,2015-06-06,2015,08ed8274-e29f-4248-bc2e-83cc8ed18d75,08ed8274-e29f-4248-bc2e-83cc8ed18d75,5c0d47fe-8539-47b0-9f36-d0b3609ca89b,5c0d47fe-8539-47b0-9f36-d0b3609ca89b,0,0,0.25,0.29850746268656714,0.75,0.7014925373134329,0.17353077279037482,0.19857859531772573,1,season_to_date,51ada2d4-5260-4c88-9fed-af4bf50130ab,2015-06-05 23:30:00+00:00
d288c503-8651-4790-ae08-c5c7a0f6650f,2015-06-06 23:00:00+00:00,2015-06-06,2015,5c0d47fe-8539-47b0-9f36-d0b3609ca89b,5c0d47fe-8539-47b0-9f36-d0b3609ca89b,08ed8274-e29f-4248-bc2e-83cc8ed18d75,08ed8274-e29f-4248-bc2e-83cc8ed18d75,1,0,0.3235294117647059,0.2535211267605634,0.6764705882352942,0.7464788732394366,0.1259157509157509,0.10288065843621398,1,season_to_date,e83ca6b1-1257-47d2-9153-ed2c72ad85ab,2015-06-05 23:00:00+00:00
ea3dd788-1700-47ca-abc4-16eaea61c07a,2015-06-07 00:00:00+00:00,2015-06-07,2015,3c409388-ab73-4c7f-953d-3a71062240f6,3c409388-ab73-4c7f-953d-3a71062240f6,5f0b5caf-708b-4300-92f2-53b51d83ec06,5f0b5caf-708b-4300-92f2-53b51d83ec06,0,0,0.08974358974358974,0.30303030303030304,0.9102564102564102,0.696969696969697,0.12690355329949238,0.20807324178110695,1,season_to_date,fea52768-68e5-4af0-92f1-0c415c7b71a0,2015-06-06 00:30:00+00:00
ea3dd788-1700-47ca-abc4-16eaea61c07a,2015-06-07 00:00:00+00:00,2015-06-07,2015,5f0b5caf-708b-4300-92f2-53b51d83ec06,5f0b5caf-708b-4300-92f2-53b51d83ec06,3c409388-ab73-4c7f-953d-3a71062240f6,3c409388-ab73-4c7f-953d-3a71062240f6,1,0,0.3037974683544304,0.18840579710144928,0.6962025316455697,0.8115942028985508,0.06645990252547629,0.18100511073253833,1,season_to_date,8c504e6b-663d-40a1-a902-2cae4d9c4470,2015-06-06 00:00:00+00:00
a1365784-ec32-4fa0-a735-f4cbe4be65f1,2015-06-07 01:00:00+00:00,2015-06-07,2015,0a5ad38d-2fe3-43ba-894b-1ba3d5042ea9,0a5ad38d-2fe3-43ba-894b-1ba3d5042ea9,d6a012ed-84aa-48d3-8265-2d3f3ff2199a,d6a012ed-84aa-48d3-8265-2d3f3ff2199a,0,0,0.2264303865983083,0.22480313128093668,0.7735696134016917,0.7751968687190632,0.1568800878009095,0.156320556753684,0,league_init,,
a1365784-ec32-4fa0-a735-f4cbe4be65f1,2015-06-07 01:00:00+00:00,2015-06-07,2015,d6a012ed-84aa-48d3-8265-2d3f3ff2199a,d6a012ed-84aa-48d3-8265-2d3f3ff2199a,0a5ad38d-2fe3-43ba-894b-1ba3d5042ea9,0a5ad38d-2fe3-43ba-894b-1ba3d5042ea9,1,0,0.2264303865983083,0.22480313128093668,0.7735696134016917,0.7751968687190632,0.1568800878009095,0.156320556753684,0,league_init,,
9a539ef0-67a3-45a2-80f8-20d18bbe8dea,2015-06-07 19:00:00+00:00,2015-06-07,2015,5d70a9af-8c2b-4aec-9e68-9acc6ddb93e4,5d70a9af-8c2b-4aec-9e68-9acc6ddb93e4,a015b02d-845c-40c1-8ef4-844984f47e4d,a015b02d-845c-40c1-8ef4-844984f47e4d,1,0,0.29850746268656714,0.25,0.7014925373134329,0.75,0.19857859531772573,0.17353077279037482,1,season_to_date,51ada2d4-5260-4c88-9fed-af4bf50130ab,2015-06-05 23:30:00+00:00
9a539ef0-67a3-45a2-80f8-20d18bbe8dea,2015-06-07 19:00:00+00:00,2015-06-07,2015,a015b02d-845c-40c1-8ef4-844984f47e4d,a015b02d-845c-40c1-8ef4-844984f47e4d,5d70a9af-8c2b-4aec-9e68-9acc6ddb93e4,5d70a9af-8c2b-4aec-9e68-9acc6ddb93e4,0,0,0.2535211267605634,0.3235294117647059,0.7464788732394366,0.6764705882352942,0.10288065843621398,0.1259157509157509,1,season_to_date,e83ca6b1-1257-47d2-9153-ed2c72ad85ab,2015-06-05 23:00:00+00:00
dfc5b37b-eaae-4c78-9352-4dc9f6831b37,2015-06-09 23:00:00+00:00,2015-06-09,2015,08ed8274-e29f-4248-bc2e-83cc8ed18d75,08ed8274-e29f-4248-bc2e-83cc8ed18d75,f073a15f-0486-4179-b0a3-dfd0294eb595,f073a15f-0486-4179-b0a3-dfd0294eb595,1,0,0.20833333333333334,0.2753623188405797,0.7916666666666666,0.7246376811594203,0.19000460617227083,0.1539815222173339,2,season_to_date,d288c503-8651-4790-ae08-c5c7a0f6650f,2015-06-06 23:00:00+00:00
dfc5b37b-eaae-4c78-9352-4dc9f6831b37,2015-06-09 23:00:00+00:00,2015-06-09,2015,f073a15f-0486-4179-b0a3-dfd0294eb595,f073a15f-0486-4179-b0a3-dfd0294eb595,08ed8274-e29f-4248-bc2e-83cc8ed18d75,08ed8274-e29f-4248-bc2e-83cc8ed18d75,0,0,0.26515151515151514,0.15,0.7348484848484849,0.85,0.1762114537444934,0.14501760928112697,2,season_to_date,2ebfa00b-5e4d-4e56-905b-af8baee748b5,2015-06-06 23:00:00+00:00
1c310b95-0b91-4bce-ab06-b3c273dfe9cf,2015-06-10 00:00:00+00:00,2015-06-10,2015,5f0b5caf-708b-4300-92f2-53b51d83ec06,5f0b5caf-708b-4300-92f2-53b51d83ec06,d6a012ed-84aa-48d3-8265-2d3f3ff2199a,d6a012ed-84aa-48d3-8265-2d3f3ff2199a,1,0,0.2550335570469799,0.2222222222222222,0.7449664429530202,0.7777777777777778,0.11220346227826458,0.1733477789815818,2,season_to_date,ea3dd788-1700-47ca-abc4-16eaea61c07a,2015-06-07 00:00:00+00:00
1c310b95-0b91-4bce-ab06-b3c273dfe9cf,2015-06-10 00:00:00+00:00,2015-06-10,2015,d6a012ed-84aa-48d3-8265-2d3f3ff2199a,d6a012ed-84aa-48d3-8265-2d3f3ff2199a,5f0b5caf-708b-4300-92f2-53b51d83ec06,5f0b5caf-708b-4300-92f2-53b51d83ec06,0,0,0.3125,0.3283582089552239,0.6875,0.6716417910447762,0.07656967840735068,0.12088974854932302,1,season_to_date,a1365784-ec32-4fa0-a735-f4cbe4be65f1,2015-06-07 01:00:00+00:00
190037cb-4223-4948-9695-6e1ce0ad4815,2015-06-11 23:00:00+00:00,2015-06-11,2015,0699edf3-5993-4182-b9b4-ec935cbd4fcc,0699edf3-5993-4182-b9b4-ec935cbd4fcc,08ed8274-e29f-4248-bc2e-83cc8ed18d75,08ed8274-e29f-4248-bc2e-83cc8ed18d75,0,0,0.16176470588235295,0.2698412698412698,0.8382352941176471,0.7301587301587301,0.12719703977798336,0.171939477303989,1,season_to_date,cae9c07b-96d8-48c4-9ad8-f280218846be,2015-06-06 02:00:00+00:00
190037cb-4223-4948-9695-6e1ce0ad4815,2015-06-11 23:00:00+00:00,2015-06-11,2015,08ed8274-e29f-4248-bc2e-83cc8ed18d75,08ed8274-e29f-4248-bc2e-83cc8ed18d75,0699edf3-5993-4182-b9b4-ec935cbd4fcc,0699edf3-5993-4182-b9b4-ec935cbd4fcc,1,0,0.20670391061452514,0.27722772277227725,0.7932960893854749,0.7227722772277227,0.18024236846142047,0.16126667644040463,3,season_to_date,dfc5b37b-eaae-4c78-9352-4dc9f6831b37,2015-06-09 23:00:00+00:00
43fee822-936f-42f6-bf82-e23ad07a747e,2015-06-11 23:00:00+00:00,2015-06-11,2015,3c409388-ab73-4c7f-953d-3a71062240f6,3c409388-ab73-4c7f-953d-3a71062240f6,a015b02d-845c-40c1-8ef4-844984f47e4d,a015b02d-845c-40c1-8ef4-844984f47e4d,0,0,0.16666666666666666,0.25,0.8333333333333334,0.75,0.14498757249378624,0.18134715025906736,2,season_to_date,ea3dd788-1700-47ca-abc4-16eaea61c07a,2015-06-07 00:00:00+00:00
43fee822-936f-42f6-bf82-e23ad07a747e,2015-06-11 23:00:00+00:00,2015-06-11,2015,a015b02d-845c-40c1-8ef4-844984f47e4d,a015b02d-845c-40c1-8ef4-844984f47e4d,3c409388-ab73-4c7f-953d-3a71062240f6,3c409388-ab73-4c7f-953d-3a71062240f6,1,0,0.2746478873239437,0.27941176470588236,0.7253521126760564,0.7205882352941176,0.11246063877642824,0.19120458891013384,2,season_to_date,9a539ef0-67a3-45a2-80f8-20d18bbe8dea,2015-06-07 19:00:00+00:00
85f3b011-4b09-4ae0-9ddc-e3f4718f03d0,2015-06-11 23:00:00+00:00,2015-06-11,2015,5d70a9af-8c2b-4aec-9e68-9acc6ddb93e4,5d70a9af-8c2b-4aec-9e68-9acc6ddb93e4,e6bc56cc-9dad-43aa-8ccb-ee9d499fea28,FR_LVA_ACES,1,0,0.26666666666666666,0.2748091603053435,0.7333333333333333,0.7251908396946565,0.22380467955239064,0.14705882352941174,2,season_to_date,9a539ef0-67a3-45a2-80f8-20d18bbe8dea,2015-06-07 19:00:00+00:00
85f3b011-4b09-4ae0-9ddc-e3f4718f03d0,2015-06-11 23:00:00+00:00,2015-06-11,2015,e6bc56cc-9dad-43aa-8ccb-ee9d499fea28,FR_LVA_ACES,5d70a9af-8c2b-4aec-9e68-9acc6ddb93e4,5d70a9af-8c2b-4aec-9e68-9acc6ddb93e4,0,0,0.2698412698412698,0.16176470588235295,0.7301587301587301,0.8382352941176471,0.171939477303989,0.12719703977798336,1,season_to_date,cae9c07b-96d8-48c4-9ad8-f280218846be,2015-06-06 02:00:00+00:00
485f6c2b-feb8-4573-a4c6-9de1299b1dab,2015-06-12 00:00:00+00:00,2015-06-12,2015,6f017f37-be96-4bdc-b6d3-0a0429c72e89,6f017f37-be96-4bdc-b6d3-0a0429c72e89,d6a012ed-84aa-48d3-8265-2d3f3ff2199a,d6a012ed-84aa-48d3-8265-2d3f3ff2199a,1,0,0.20610687022900764,0.2689655172413793,0.7938931297709924,0.7310344827586207,0.17338534893801474,0.1024123805188894,2,season_to_date,2ebfa00b-5e4d-4e56-905b-af8baee748b5,2015-06-06 23:00:00+00:00
485f6c2b-feb8-4573-a4c6-9de1299b1dab,2015-06-12 00:00:00+00:00,2015-06-12,2015,d6a012ed-84aa-48d3-8265-2d3f3ff2199a,d6a012ed-84aa-48d3-8265-2d3f3ff2199a,6f017f37-be96-4bdc-b6d3-0a0429c72e89,6f017f37-be96-4bdc-b6d3-0a0429c72e89,0,0,0.3464566929133858,0.34615384615384615,0.6535433070866141,0.6538461538461539,0.1560249639942391,0.14976958525345624,2,season_to_date,1c310b95-0b91-4bce-ab06-b3c273dfe9cf,2015-06-10 00:00:00+00:00
4720db4c-bd9e-417d-ba69-0dd349d38a19,2015-06-12 23:00:00+00:00,2015-06-12,2015,0699edf3-5993-4182-b9b4-ec935cbd4fcc,0699edf3-5993-4182-b9b4-ec935cbd4fcc,f073a15f-0486-4179-b0a3-dfd0294eb595,f073a15f-0486-4179-b0a3-dfd0294eb595,0,0,0.2556390977443609,0.21804511278195488,0.7443609022556391,0.7819548872180451,0.12910798122065728,0.17869108778199685,2,season_to_date,190037cb-4223-4948-9695-6e1ce0ad4815,2015-06-11 23:00:00+00:00
4720db4c-bd9e-417d-ba69-0dd349d38a19,2015-06-12 23:00:00+00:00,2015-06-12,2015,f073a15f-0486-4179-b0a3-dfd0294eb595,f073a15f-0486-4179-b0a3-dfd0294eb595,0699edf3-5993-4182-b9b4-ec935cbd4fcc,0699edf3-5993-4182-b9b4-ec935cbd4fcc,1,0,0.27040816326530615,0.1658291457286432,0.7295918367346939,0.8341708542713567,0.17608217168011736,0.1499143346659052,3,season_to_date,dfc5b37b-eaae-4c78-9352-4dc9f6831b37,2015-06-09 23:00:00+00:00
ea6db48f-1611-4097-b882-baf9e03927a2,2015-06-12 23:00:00+00:00,2015-06-12,2015,5c0d47fe-8539-47b0-9f36-d0b3609ca89b,5c0d47fe-8539-47b0-9f36-d0b3609ca89b,5d70a9af-8c2b-4aec-9e68-9acc6ddb93e4,5d70a9af-8c2b-4aec-9e68-9acc6ddb93e4,1,0,0.28776978417266186,0.21374045801526717,0.7122302158273381,0.7862595419847328,0.1152604887044721,0.15453296703296704,2,season_to_date,d288c503-8651-4790-ae08-c5c7a0f6650f,2015-06-06 23:00:00+00:00
ea6db48f-1611-4097-b882-baf9e03927a2,2015-06-12 23:00:00+00:00,2015-06-12,2015,5d70a9af-8c2b-4aec-9e68-9acc6ddb93e4,5d70a9af-8c2b-4aec-9e68-9acc6ddb93e4,5c0d47fe-8539-47b0-9f36-d0b3609ca89b,5c0d47fe-8539-47b0-9f36-d0b3609ca89b,0,0,0.23222748815165878,0.31088082901554404,0.7677725118483413,0.689119170984456,0.1996480779642664,0.16305172152282724,3,season_to_date,85f3b011-4b09-4ae0-9ddc-e3f4718f03d0,2015-06-11 23:00:00+00:00
8a1ce526-276b-4a30-b093-da3e785f52dd,2015-06-14 17:00:00+00:00,2015-06-14,2015,3c409388-ab73-4c7f-953d-3a71062240f6,3c409388-ab73-4c7f-953d-3a71062240f6,f073a15f-0486-4179-b0a3-dfd0294eb595,f073a15f-0486-4179-b0a3-dfd0294eb595,0,0,0.14084507042253522,0.22167487684729065,0.8591549295774648,0.7783251231527094,0.13877028181041845,0.16492184138821167,3,season_to_date,43fee822-936f-42f6-bf82-e23ad07a747e,2015-06-11 23:00:00+00:00
8a1ce526-276b-4a30-b093-da3e785f52dd,2015-06-14 17:00:00+00:00,2015-06-14,2015,f073a15f-0486-4179-b0a3-dfd0294eb595,f073a15f-0486-4179-b0a3-dfd0294eb595,3c409388-ab73-4c7f-953d-3a71062240f6,3c409388-ab73-4c7f-953d-3a71062240f6,1,0,0.22727272727272727,0.20149253731343283,0.7727272727272727,0.7985074626865671,0.17515051997810618,0.15037593984962408,4,season_to_date,4720db4c-bd9e-417d-ba69-0dd349d38a19,2015-06-12 23:00:00+00:00
3bf2083f-2a04-4645-a133-e65a1efb243b,2015-06-14 19:00:00+00:00,2015-06-14,2015,0699edf3-5993-4182-b9b4-ec935cbd4fcc,0699edf3-5993-4182-b9b4-ec935cbd4fcc,6f017f37-be96-4bdc-b6d3-0a0429c72e89,6f017f37-be96-4bdc-b6d3-0a0429c72e89,1,0,0.2722772277227723,0.1791044776119403,0.7277227722772277,0.8208955223880597,0.13706975327444412,0.17654847726938355,3,season_to_date,4720db4c-bd9e-417d-ba69-0dd349d38a19,2015-06-12 23:00:00+00:00
3bf2083f-2a04-4645-a133-e65a1efb243b,2015-06-14 19:00:00+00:00,2015-06-14,2015,6f017f37-be96-4bdc-b6d3-0a0429c72e89,6f017f37-be96-4bdc-b6d3-0a0429c72e89,0699edf3-5993-4182-b9b4-ec935cbd4fcc,0699edf3-5993-4182-b9b4-ec935cbd4fcc,0,0,0.2131979695431472,0.27884615384615385,0.7868020304568528,0.7211538461538461,0.15904719633081815,0.11636927851047323,3,season_to_date,485f6c2b-feb8-4573-a4c6-9de1299b1dab,2015-06-12 00:00:00+00:00
ace51453-5f2c-41f8-b1fd-7d25f77c7d75,2015-06-14 19:00:00+00:00,2015-06-14,2015,5d70a9af-8c2b-4aec-9e68-9acc6ddb93e4,5d70a9af-8c2b-4aec-9e68-9acc6ddb93e4,a015b02d-845c-40c1-8ef4-844984f47e4d,a015b02d-845c-40c1-8ef4-844984f47e4d,0,0,0.2454212454212454,0.296875,0.7545787545787546,0.703125,0.19845469940728194,0.17191977077363896,4,season_to_date,ea6db48f-1611-4097-b882-baf9e03927a2,2015-06-12 23:00:00+00:00
ace51453-5f2c-41f8-b1fd-7d25f77c7d75,2015-06-14 19:00:00+00:00,2015-06-14,2015,a015b02d-845c-40c1-8ef4-844984f47e4d,a015b02d-845c-40c1-8ef4-844984f47e4d,5d70a9af-8c2b-4aec-9e68-9acc6ddb93e4,5d70a9af-8c2b-4aec-9e68-9acc6ddb93e4,1,0,0.23923444976076555,0.2146341463414634,0.7607655502392344,0.7853658536585366,0.11753108886866849,0.17016654598117306,3,season_to_date,43fee822-936f-42f6-bf82-e23ad07a747e,2015-06-11 23:00:00+00:00
05193803-6f3b-49e0-a113-5d7e1bd99994,2015-06-14 20:30:00+00:00,2015-06-14,2015,5f0b5caf-708b-4300-92f2-53b51d83ec06,5f0b5caf-708b-4300-92f2-53b51d83ec06,e6bc56cc-9dad-43aa-8ccb-ee9d499fea28,FR_LVA_ACES,0,0,0.28773584905660377,0.2727272727272727,0.7122641509433962,0.7272727272727273,0.13307437778736875,0.19055995309293464,3,season_to_date,1c310b95-0b91-4bce-ab06-b3c273dfe9cf,2015-06-10 00:00:00+00:00
05193803-6f3b-49e0-a113-5d7e1bd99994,2015-06-14 20:30:00+00:00,2015-06-14,2015,e6bc56cc-9dad-43aa-8ccb-ee9d499fea28,FR_LVA_ACES,5f0b5caf-708b-4300-92f2-53b51d83ec06,5f0b5caf-708b-4300-92f2-53b51d83ec06,1,0,0.328,0.16666666666666666,0.672,0.8333333333333334,0.18373909049150208,0.14023732470334413,2,season_to_date,85f3b011-4b09-4ae0-9ddc-e3f4718f03d0,2015-06-11 23:00:00+00:00
b408b01e-2062-4247-86aa-6e1f129f7aab,2015-06-14 21:00:00+00:00,2015-06-14,2015,0a5ad38d-2fe3-43ba-894b-1ba3d5042ea9,0a5ad38d-2fe3-43ba-894b-1ba3d5042ea9,d6a012ed-84aa-48d3-8265-2d3f3ff2199a,d6a012ed-84aa-48d3-8265-2d3f3ff2199a,1,0,0.3283582089552239,0.3125,0.6716417910447762,0.6875,0.12088974854932302,0.07656967840735068,1,season_to_date,a1365784-ec32-4fa0-a735-f4cbe4be65f1,2015-06-07 01:00:00+00:00
b408b01e-2062-4247-86aa-6e1f129f7aab,2015-06-14 21:00:00+00:00,2015-06-14,2015,d6a012ed-84aa-48d3-8265-2d3f3ff2199a,d6a012ed-84aa-48d3-8265-2d3f3ff2199a,0a5ad38d-2fe3-43ba-894b-1ba3d5042ea9,0a5ad38d-2fe3-43ba-894b-1ba3d5042ea9,0,0,0.33157894736842103,0.30612244897959184,0.6684210526315789,0.6938775510204082,0.15280682000965096,0.14263685427910563,3,season_to_date,485f6c2b-feb8-4573-a4c6-9de1299b1dab,2015-06-12 00:00:00+00:00
772209b5-e1ab-4469-8482-a0d262a7fde1,2015-06-14 22:00:00+00:00,2015-06-14,2015,08ed8274-e29f-4248-bc2e-83cc8ed18d75,08ed8274-e29f-4248-bc2e-83cc8ed18d75,5c0d47fe-8539-47b0-9f36-d0b3609ca89b,5c0d47fe-8539-47b0-9f36-d0b3609ca89b,1,0,0.19678714859437751,0.2958801498127341,0.8032128514056225,0.704119850187266,0.18150879183210436,0.15416526516425608,4,season_to_date,190037cb-4223-4948-9695-6e1ce0ad4815,2015-06-11 23:00:00+00:00
772209b5-e1ab-4469-8482-a0d262a7fde1,2015-06-14 22:00:00+00:00,2015-06-14,2015,5c0d47fe-8539-47b0-9f36-d0b3609ca89b,5c0d47fe-8539-47b0-9f36-d0b3609ca89b,08ed8274-e29f-4248-bc2e-83cc8ed18d75,08ed8274-e29f-4248-bc2e-83cc8ed18d75,0,0,0.27722772277227725,0.23834196891191708,0.7227722772277227,0.7616580310880829,0.14296754250386398,0.16723708774113255,3,season_to_date,ea6db48f-1611-4097-b882-baf9e03927a2,2015-06-12 23:00:00+00:00
76f1fcdf-f2dc-4da1-b788-9c6f1f62c208,2015-06-16 16:00:00+00:00,2015-06-16,2015,5d70a9af-8c2b-4aec-9e68-9acc6ddb93e4,5d70a9af-8c2b-4aec-9e68-9acc6ddb93e4,f073a15f-0486-4179-b0a3-dfd0294eb595,f073a15f-0486-4179-b0a3-dfd0294eb595,1,0,0.23738872403560832,0.29523809523809524,0.7626112759643917,0.7047619047619048,0.21509911429776465,0.19511523276099532,5,season_to_date,ace51453-5f2c-41f8-b1fd-7d25f77c7d75,2015-06-14 19:00:00+00:00
76f1fcdf-f2dc-4da1-b788-9c6f1f62c208,2015-06-16 16:00:00+00:00,2015-06-16,2015,f073a15f-0486-4179-b0a3-dfd0294eb595,f073a15f-0486-4179-b0a3-dfd0294eb595,5d70a9af-8c2b-4aec-9e68-9acc6ddb93e4,5d70a9af-8c2b-4aec-9e68-9acc6ddb93e4,0,0,0.2522255192878338,0.191044776119403,0.7477744807121661,0.808955223880597,0.16000691921812835,0.15692175408426484,5,season_to_date,8a1ce526-276b-4a30-b093-da3e785f52dd,2015-06-14 17:00:00+00:00
b090eda1-79cc-4828-9ba6-7789625606b5,2015-06-16 16:30:00+00:00,2015-06-16,2015,5f0b5caf-708b-4300-92f2-53b51d83ec06,5f0b5caf-708b-4300-92f2-53b51d83ec06,e6bc56cc-9dad-43aa-8ccb-ee9d499fea28,FR_LVA_ACES,1,0,0.22972972972972974,0.25193798449612403,0.7702702702702703,0.748062015503876,0.13328454944595441,0.1777451754880939,4,season_to_date,05193803-6f3b-49e0-a113-5d7e1bd99994,2015-06-14 20:30:00+00:00
b090eda1-79cc-4828-9ba6-7789625606b5,2015-06-16 16:30:00+00:00,2015-06-16,2015,e6bc56cc-9dad-43aa-8ccb-ee9d499fea28,FR_LVA_ACES,5f0b5caf-708b-4300-92f2-53b51d83ec06,5f0b5caf-708b-4300-92f2-53b51d83ec06,0,0,0.2810810810810811,0.13596491228070176,0.7189189189189189,0.8640350877192983,0.16815266697950884,0.13793103448275862,3,season_to_date,05193803-6f3b-49e0-a113-5d7e1bd99994,2015-06-14 20:30:00+00:00
d100c505-98eb-455b-9f04-b19af3109d60,2015-06-17 02:00:00+00:00,2015-06-17,2015,a015b02d-845c-40c1-8ef4-844984f47e4d,a015b02d-845c-40c1-8ef4-844984f47e4d,d6a012ed-84aa-48d3-8265-2d3f3ff2199a,d6a012ed-84aa-48d3-8265-2d3f3ff2199a,0,0,0.25,0.21189591078066913,0.75,0.7881040892193308,0.15981735159817353,0.19866838487972507,4,season_to_date,ace51453-5f2c-41f8-b1fd-7d25f77c7d75,2015-06-14 19:00:00+00:00
d100c505-98eb-455b-9f04-b19af3109d60,2015-06-17 02:00:00+00:00,2015-06-17,2015,d6a012ed-84aa-48d3-8265-2d3f3ff2199a,d6a012ed-84aa-48d3-8265-2d3f3ff2199a,a015b02d-845c-40c1-8ef4-844984f47e4d,a015b02d-845c-40c1-8ef4-844984f47e4d,1,0,0.3319672131147541,0.308300395256917,0.6680327868852459,0.691699604743083,0.15520238390861682,0.14743049705139005,4,season_to_date,b408b01e-2062-4247-86aa-6e1f129f7aab,2015-06-14 21:00:00+00:00
c6580d81-a7c7-4030-8f49-1fe3f4957a35,2015-06-17 02:30:00+00:00,2015-06-17,2015,0a5ad38d-2fe3-43ba-894b-1ba3d5042ea9,0a5ad38d-2fe3-43ba-894b-1ba3d5042ea9,6f017f37-be96-4bdc-b6d3-0a0429c72e89,6f017f37-be96-4bdc-b6d3-0a0429c72e89,1,0,0.3225806451612903,0.3220338983050847,0.6774193548387096,0.6779661016949152,0.14131551901336073,0.11854583772391991,2,season_to_date,b408b01e-2062-4247-86aa-6e1f129f7aab,2015-06-14 21:00:00+00:00
c6580d81-a7c7-4030-8f49-1fe3f4957a35,2015-06-17 02:30:00+00:00,2015-06-17,2015,6f017f37-be96-4bdc-b6d3-0a0429c72e89,6f017f37-be96-4bdc-b6d3-0a0429c72e89,0a5ad38d-2fe3-43ba-894b-1ba3d5042ea9,0a5ad38d-2fe3-43ba-894b-1ba3d5042ea9,0,0,0.19318181818181818,0.2773722627737226,0.8068181818181818,0.7226277372262774,0.16791455626513985,0.11901997213190896,4,season_to_date,3bf2083f-2a04-4645-a133-e65a1efb243b,2015-06-14 19:00:00+00:00
8d49e3cf-53ff-46e6-9af9-0e9defd81a4e,2015-06-19 23:00:00+00:00,2015-06-19,2015,5c0d47fe-8539-47b0-9f36-d0b3609ca89b,5c0d47fe-8539-47b0-9f36-d0b3609ca89b,5f0b5caf-708b-4300-92f2-53b51d83ec06,5f0b5caf-708b-4300-92f2-53b51d83ec06,1,0,0.3041825095057034,0.20454545454545456,0.6958174904942965,0.7954545454545454,0.1519224027112306,0.17527988239285308,4,season_to_date,772209b5-e1ab-4469-8482-a0d262a7fde1,2015-06-14 22:00:00+00:00
8d49e3cf-53ff-46e6-9af9-0e9defd81a4e,2015-06-19 23:00:00+00:00,2015-06-19,2015,5f0b5caf-708b-4300-92f2-53b51d83ec06,5f0b5caf-708b-4300-92f2-53b51d83ec06,5c0d47fe-8539-47b0-9f36-d0b3609ca89b,5c0d47fe-8539-47b0-9f36-d0b3609ca89b,0,0,0.22070844686648503,0.2415902140672783,0.779291553133515,0.7584097859327217,0.13378068461734477,0.16949918640390527,5,season_to_date,b090eda1-79cc-4828-9ba6-7789625606b5,2015-06-16 16:30:00+00:00
a2ccdcaa-2e3f-4813-807d-ceeb75fc5791,2015-06-19 23:30:00+00:00,2015-06-19,2015,08ed8274-e29f-4248-bc2e-83cc8ed18d75,08ed8274-e29f-4248-bc2e-83cc8ed18d75,f073a15f-0486-4179-b0a3-dfd0294eb595,f073a15f-0486-4179-b0a3-dfd0294eb595,1,0,0.178125,0.31402439024390244,0.821875,0.6859756097560976,0.18477292965271594,0.15900417953843357,5,season_to_date,772209b5-e1ab-4469-8482-a0d262a7fde1,2015-06-14 22:00:00+00:00
a2ccdcaa-2e3f-4813-807d-ceeb75fc5791,2015-06-19 23:30:00+00:00,2015-06-19,2015,f073a15f-0486-4179-b0a3-dfd0294eb595,f073a15f-0486-4179-b0a3-dfd0294eb595,08ed8274-e29f-4248-bc2e-83cc8ed18d75,08ed8274-e29f-4248-bc2e-83cc8ed18d75,0,0,0.2619647355163728,0.19306930693069307,0.7380352644836272,0.806930693069307,0.16753134457414612,0.16071428571428573,6,season_to_date,76f1fcdf-f2dc-4da1-b788-9c6f1f62c208,2015-06-16 16:00:00+00:00
bc555ba4-b54f-4beb-9389-25f87f4f988b,2015-06-19 23:30:00+00:00,2015-06-19,2015,3c409388-ab73-4c7f-953d-3a71062240f6,3c409388-ab73-4c7f-953d-3a71062240f6,5d70a9af-8c2b-4aec-9e68-9acc6ddb93e4,5d70a9af-8c2b-4aec-9e68-9acc6ddb93e4,0,0,0.14285714285714285,0.2536231884057971,0.8571428571428571,0.7463768115942029,0.1497967044725016,0.14893617021276595,4,season_to_date,8a1ce526-276b-4a30-b093-da3e785f52dd,2015-06-14 17:00:00+00:00
bc555ba4-b54f-4beb-9389-25f87f4f988b,2015-06-19 23:30:00+00:00,2015-06-19,2015,5d70a9af-8c2b-4aec-9e68-9acc6ddb93e4,5d70a9af-8c2b-4aec-9e68-9acc6ddb93e4,3c409388-ab73-4c7f-953d-3a71062240f6,3c409388-ab73-4c7f-953d-3a71062240f6,1,0,0.2315270935960591,0.2986666666666667,0.7684729064039408,0.7013333333333334,0.20913884007029876,0.1968652987052321,6,season_to_date,76f1fcdf-f2dc-4da1-b788-9c6f1f62c208,2015-06-16 16:00:00+00:00
fda7e656-dd47-4aed-95eb-261692bcbd6a,2015-06-20 00:00:00+00:00,2015-06-20,2015,6f017f37-be96-4bdc-b6d3-0a0429c72e89,6f017f37-be96-4bdc-b6d3-0a0429c72e89,e6bc56cc-9dad-43aa-8ccb-ee9d499fea28,FR_LVA_ACES,0,0,0.19626168224299065,0.28059701492537314,0.8037383177570093,0.7194029850746269,0.1619021186048663,0.13056689773050992,5,season_to_date,c6580d81-a7c7-4030-8f49-1fe3f4957a35,2015-06-17 02:30:00+00:00
fda7e656-dd47-4aed-95eb-261692bcbd6a,2015-06-20 00:00:00+00:00,2015-06-20,2015,e6bc56cc-9dad-43aa-8ccb-ee9d499fea28,FR_LVA_ACES,6f017f37-be96-4bdc-b6d3-0a0429c72e89,6f017f37-be96-4bdc-b6d3-0a0429c72e89,1,0,0.25984251968503935,0.14715719063545152,0.7401574803149606,0.8528428093645485,0.1599953455899465,0.13746431214973037,4,season_to_date,b090eda1-79cc-4828-9ba6-7789625606b5,2015-06-16 16:30:00+00:00
e2c70ed1-ddf5-4110-87ec-1cf798dfa349,2015-06-20 02:00:00+00:00,2015-06-20,2015,0699edf3-5993-4182-b9b4-ec935cbd4fcc,0699edf3-5993-4182-b9b4-ec935cbd4fcc,a015b02d-845c-40c1-8ef4-844984f47e4d,a015b02d-845c-40c1-8ef4-844984f47e4d,1,0,0.27238805970149255,0.16791044776119404,0.7276119402985075,0.832089552238806,0.1345471201190885,0.18092105263157895,4,season_to_date,3bf2083f-2a04-4645-a133-e65a1efb243b,2015-06-14 19:00:00+00:00
e2c70ed1-ddf5-4110-87ec-1cf798dfa349,2015-06-20 02:00:00+00:00,2015-06-20,2015,a015b02d-845c-40c1-8ef4-844984f47e4d,a015b02d-845c-40c1-8ef4-844984f47e4d,0699edf3-5993-4182-b9b4-ec935cbd4fcc,0699edf3-5993-4182-b9b4-ec935cbd4fcc,0,0,0.24324324324324326,0.2111801242236025,0.7567567567567568,0.7888198757763976,0.15814081408140815,0.21080368906455865,5,season_to_date,d100c505-98eb-455b-9f04-b19af3109d60,2015-06-17 02:00:00+00:00
5bd94201-ca94-49f0-a3a5-599997b29017,2015-06-20 23:00:00+00:00,2015-06-20,2015,5c0d47fe-8539-47b0-9f36-d0b3609ca89b,5c0d47fe-8539-47b0-9f36-d0b3609ca89b,f073a15f-0486-4179-b0a3-dfd0294eb595,f073a15f-0486-4179-b0a3-dfd0294eb595,0,0,0.30120481927710846,0.2182890855457227,0.6987951807228916,0.7817109144542773,0.14781966001478197,0.1629173361899661,5,season_to_date,8d49e3cf-53ff-46e6-9af9-0e9defd81a4e,2015-06-19 23:00:00+00:00
5bd94201-ca94-49f0-a3a5-599997b29017,2015-06-20 23:00:00+00:00,2015-06-20,2015,f073a15f-0486-4179-b0a3-dfd0294eb595,f073a15f-0486-4179-b0a3-dfd0294eb595,5c0d47fe-8539-47b0-9f36-d0b3609ca89b,5c0d47fe-8539-47b0-9f36-d0b3609ca89b,1,0,0.2613390928725702,0.19957081545064378,0.7386609071274298,0.8004291845493562,0.1636839807944129,0.16562441954058574,7,season_to_date,a2ccdcaa-2e3f-4813-807d-ceeb75fc5791,2015-06-19 23:30:00+00:00
15cc3634-ccf0-4f77-9f83-9352c9b4b37a,2015-06-21 00:00:00+00:00,2015-06-21,2015,3c409388-ab73-4c7f-953d-3a71062240f6,3c409388-ab73-4c7f-953d-3a71062240f6,e6bc56cc-9dad-43aa-8ccb-ee9d499fea28,FR_LVA_ACES,0,0,0.15789473684210525,0.2276657060518732,0.8421052631578947,0.7723342939481268,0.1605445671718469,0.15603913630229418,5,season_to_date,bc555ba4-b54f-4beb-9389-25f87f4f988b,2015-06-19 23:30:00+00:00
15cc3634-ccf0-4f77-9f83-9352c9b4b37a,2015-06-21 00:00:00+00:00,2015-06-21,2015,e6bc56cc-9dad-43aa-8ccb-ee9d499fea28,FR_LVA_ACES,3c409388-ab73-4c7f-953d-3a71062240f6,3c409388-ab73-4c7f-953d-3a71062240f6,1,0,0.2563291139240506,0.14084507042253522,0.7436708860759493,0.8591549295774648,0.16396514569474374,0.14941114431358762,5,season_to_date,fda7e656-dd47-4aed-95eb-261692bcbd6a,2015-06-20 00:00:00+00:00
14927ddd-7af7-4e10-ac6c-46f59eac6b0c,2015-06-21 19:00:00+00:00,2015-06-21,2015,08ed8274-e29f-4248-bc2e-83cc8ed18d75,08ed8274-e29f-4248-bc2e-83cc8ed18d75,5d70a9af-8c2b-4aec-9e68-9acc6ddb93e4,5d70a9af-8c2b-4aec-9e68-9acc6ddb93e4,0,0,0.18848167539267016,0.30456852791878175,0.8115183246073299,0.6954314720812182,0.18683207533069277,0.15571591340676033,6,season_to_date,a2ccdcaa-2e3f-4813-807d-ceeb75fc5791,2015-06-19 23:30:00+00:00
14927ddd-7af7-4e10-ac6c-46f59eac6b0c,2015-06-21 19:00:00+00:00,2015-06-21,2015,5d70a9af-8c2b-4aec-9e68-9acc6ddb93e4,5d70a9af-8c2b-4aec-9e68-9acc6ddb93e4,08ed8274-e29f-4248-bc2e-83cc8ed18d75,08ed8274-e29f-4248-bc2e-83cc8ed18d75,1,0,0.21593291404612158,0.28832951945080093,0.7840670859538784,0.7116704805491991,0.20532342185720281,0.19787644787644787,7,season_to_date,bc555ba4-b54f-4beb-9389-25f87f4f988b,2015-06-19 23:30:00+00:00
c077e0ce-9bfa-4369-9e93-f25325a88b10,2015-06-21 21:00:00+00:00,2015-06-21,2015,0a5ad38d-2fe3-43ba-894b-1ba3d5042ea9,0a5ad38d-2fe3-43ba-894b-1ba3d5042ea9,a015b02d-845c-40c1-8ef4-844984f47e4d,a015b02d-845c-40c1-8ef4-844984f47e4d,1,0,0.31351351351351353,0.2857142857142857,0.6864864864864865,0.7142857142857143,0.15487867836861124,0.12221618685497011,3,season_to_date,c6580d81-a7c7-4030-8f49-1fe3f4957a35,2015-06-17 02:30:00+00:00
c077e0ce-9bfa-4369-9e93-f25325a88b10,2015-06-21 21:00:00+00:00,2015-06-21,2015,a015b02d-845c-40c1-8ef4-844984f47e4d,a015b02d-845c-40c1-8ef4-844984f47e4d,0a5ad38d-2fe3-43ba-894b-1ba3d5042ea9,0a5ad38d-2fe3-43ba-894b-1ba3d5042ea9,0,0,0.23294117647058823,0.20759493670886076,0.7670588235294118,0.7924050632911392,0.1510848987913208,0.21159317211948792,6,season_to_date,e2c70ed1-ddf5-4110-87ec-1cf798dfa349,2015-06-20 02:00:00+00:00
a86a1395-71d8-457d-a2c6-90cd3b87f2c8,2015-06-21 23:00:00+00:00,2015-06-21,2015,5f0b5caf-708b-4300-92f2-53b51d83ec06,5f0b5caf-708b-4300-92f2-53b51d83ec06,6f017f37-be96-4bdc-b6d3-0a0429c72e89,6f017f37-be96-4bdc-b6d3-0a0429c72e89,0,0,0.22850678733031674,0.25,0.7714932126696833,0.75,0.1309085762807812,0.1631780328606797,6,season_to_date,8d49e3cf-53ff-46e6-9af9-0e9defd81a4e,2015-06-19 23:00:00+00:00
a86a1395-71d8-457d-a2c6-90cd3b87f2c8,2015-06-21 23:00:00+00:00,2015-06-21,2015,6f017f37-be96-4bdc-b6d3-0a0429c72e89,6f017f37-be96-4bdc-b6d3-0a0429c72e89,5f0b5caf-708b-4300-92f2-53b51d83ec06,5f0b5caf-708b-4300-92f2-53b51d83ec06,1,0,0.1830238726790451,0.27455919395465994,0.8169761273209549,0.72544080604534,0.16889238020424197,0.1387787470261697,6,season_to_date,fda7e656-dd47-4aed-95eb-261692bcbd6a,2015-06-20 00:00:00+00:00
d6d52a6a-c103-4d37-85b5-fe05a9e10b10,2015-06-22 01:00:00+00:00,2015-06-22,2015,0699edf3-5993-4182-b9b4-ec935cbd4fcc,0699edf3-5993-4182-b9b4-ec935cbd4fcc,d6a012ed-84aa-48d3-8265-2d3f3ff2199a,d6a012ed-84aa-48d3-8265-2d3f3ff2199a,0,0,0.25513196480938416,0.175,0.7448680351906158,0.825,0.15340112201963535,0.16742005692281933,5,season_to_date,e2c70ed1-ddf5-4110-87ec-1cf798dfa349,2015-06-20 02:00:00+00:00
d6d52a6a-c103-4d37-85b5-fe05a9e10b10,2015-06-22 01:00:00+00:00,2015-06-22,2015,d6a012ed-84aa-48d3-8265-2d3f3ff2199a,d6a012ed-84aa-48d3-8265-2d3f3ff2199a,0699edf3-5993-4182-b9b4-ec935cbd4fcc,0699edf3-5993-4182-b9b4-ec935cbd4fcc,1,0,0.30976430976430974,0.2893081761006289,0.6902356902356902,0.710691823899371,0.17774266811494027,0.1482260686621402,5,season_to_date,d100c505-98eb-455b-9f04-b19af3109d60,2015-06-17 02:00:00+00:00
6e6025ca-a6e1-49c8-be7a-83822339106f,2015-06-24 00:00:00+00:00,2015-06-24,2015,0a5ad38d-2fe3-43ba-894b-1ba3d5042ea9,0a5ad38d-2fe3-43ba-894b-1ba3d5042ea9,5c0d47fe-8539-47b0-9f36-d0b3609ca89b,5c0d47fe-8539-47b0-9f36-d0b3609ca89b,0,0,0.30327868852459017,0.2708333333333333,0.6967213114754098,0.7291666666666666,0.16604930387022607,0.11545058714870035,4,season_to_date,c077e0ce-9bfa-4369-9e93-f25325a88b10,2015-06-21 21:00:00+00:00
6e6025ca-a6e1-49c8-be7a-83822339106f,2015-06-24 00:00:00+00:00,2015-06-24,2015,5c0d47fe-8539-47b0-9f36-d0b3609ca89b,5c0d47fe-8539-47b0-9f36-d0b3609ca89b,0a5ad38d-2fe3-43ba-894b-1ba3d5042ea9,0a5ad38d-2fe3-43ba-894b-1ba3d5042ea9,1,0,0.3112244897959184,0.22871046228710462,0.6887755102040817,0.7712895377128953,0.16112944065065604,0.15870672473610395,6,season_to_date,5bd94201-ca94-49f0-a3a5-599997b29017,2015-06-20 23:00:00+00:00
10ce1e8d-a564-406e-8862-065c5e3398ec,2015-06-24 16:30:00+00:00,2015-06-24,2015,3c409388-ab73-4c7f-953d-3a71062240f6,3c409388-ab73-4c7f-953d-3a71062240f6,5d70a9af-8c2b-4aec-9e68-9acc6ddb93e4,5d70a9af-8c2b-4aec-9e68-9acc6ddb93e4,1,0,0.16507177033492823,0.22482435597189696,0.8349282296650717,0.775175644028103,0.15511339323919554,0.15273535129130794,6,season_to_date,15cc3634-ccf0-4f77-9f83-9352c9b4b37a,2015-06-21 00:00:00+00:00
10ce1e8d-a564-406e-8862-065c5e3398ec,2015-06-24 16:30:00+00:00,2015-06-24,2015,5d70a9af-8c2b-4aec-9e68-9acc6ddb93e4,5d70a9af-8c2b-4aec-9e68-9acc6ddb93e4,3c409388-ab73-4c7f-953d-3a71062240f6,3c409388-ab73-4c7f-953d-3a71062240f6,0,0,0.22920517560073936,0.2716297786720322,0.7707948243992606,0.7283702213279678,0.20701221110004717,0.20291071928351526,8,season_to_date,14927ddd-7af7-4e10-ac6c-46f59eac6b0c,2015-06-21 19:00:00+00:00
1f1d3ba6-2729-412c-b4a6-e9086b86673a,2015-06-26 00:00:00+00:00,2015-06-26,2015,0699edf3-5993-4182-b9b4-ec935cbd4fcc,0699edf3-5993-4182-b9b4-ec935cbd4fcc,e6bc56cc-9dad-43aa-8ccb-ee9d499fea28,FR_LVA_ACES,0,0,0.2561576354679803,0.18095238095238095,0.7438423645320197,0.819047619047619,0.1440070895797947,0.17223011363636362,6,season_to_date,d6d52a6a-c103-4d37-85b5-fe05a9e10b10,2015-06-22 01:00:00+00:00
1f1d3ba6-2729-412c-b4a6-e9086b86673a,2015-06-26 00:00:00+00:00,2015-06-26,2015,e6bc56cc-9dad-43aa-8ccb-ee9d499fea28,FR_LVA_ACES,0699edf3-5993-4182-b9b4-ec935cbd4fcc,0699edf3-5993-4182-b9b4-ec935cbd4fcc,1,0,0.2474747474747475,0.15081206496519722,0.7525252525252525,0.8491879350348028,0.15883821193555706,0.14576197070184388,6,season_to_date,15cc3634-ccf0-4f77-9f83-9352c9b4b37a,2015-06-21 00:00:00+00:00
df32e819-d2cd-4c3a-9478-118ca5d8f2ef,2015-06-26 02:00:00+00:00,2015-06-26,2015,6f017f37-be96-4bdc-b6d3-0a0429c72e89,6f017f37-be96-4bdc-b6d3-0a0429c72e89,d6a012ed-84aa-48d3-8265-2d3f3ff2199a,d6a012ed-84aa-48d3-8265-2d3f3ff2199a,0,0,0.18077803203661327,0.27176220806794055,0.8192219679633868,0.7282377919320594,0.17209961530674223,0.13570566948130278,7,season_to_date,a86a1395-71d8-457d-a2c6-90cd3b87f2c8,2015-06-21 23:00:00+00:00
df32e819-d2cd-4c3a-9478-118ca5d8f2ef,2015-06-26 02:00:00+00:00,2015-06-26,2015,d6a012ed-84aa-48d3-8265-2d3f3ff2199a,d6a012ed-84aa-48d3-8265-2d3f3ff2199a,6f017f37-be96-4bdc-b6d3-0a0429c72e89,6f017f37-be96-4bdc-b6d3-0a0429c72e89,1,0,0.29411764705882354,0.2845953002610966,0.7058823529411765,0.7154046997389034,0.18146970067694315,0.13899920571882446,6,season_to_date,d6d52a6a-c103-4d37-85b5-fe05a9e10b10,2015-06-22 01:00:00+00:00
c9ea295b-8ced-4126-8633-fc7b0f56c7a8,2015-06-26 23:00:00+00:00,2015-06-26,2015,3c409388-ab73-4c7f-953d-3a71062240f6,3c409388-ab73-4c7f-953d-3a71062240f6,f073a15f-0486-4179-b0a3-dfd0294eb595,f073a15f-0486-4179-b0a3-dfd0294eb595,0,0,0.1673469387755102,0.22330097087378642,0.8326530612244898,0.7766990291262136,0.15367926233954077,0.14857542387694458,7,season_to_date,10ce1e8d-a564-406e-8862-065c5e3398ec,2015-06-24 16:30:00+00:00
c9ea295b-8ced-4126-8633-fc7b0f56c7a8,2015-06-26 23:00:00+00:00,2015-06-26,2015,f073a15f-0486-4179-b0a3-dfd0294eb595,f073a15f-0486-4179-b0a3-dfd0294eb595,3c409388-ab73-4c7f-953d-3a71062240f6,3c409388-ab73-4c7f-953d-3a71062240f6,1,0,0.2635514018691589,0.21863117870722434,0.7364485981308411,0.7813688212927756,0.16048308127516048,0.17293028322440088,8,season_to_date,5bd94201-ca94-49f0-a3a5-599997b29017,2015-06-20 23:00:00+00:00
f6f1b668-73d3-4a07-9fa1-95f148313e6f,2015-06-26 23:00:00+00:00,2015-06-26,2015,0a5ad38d-2fe3-43ba-894b-1ba3d5042ea9,0a5ad38d-2fe3-43ba-894b-1ba3d5042ea9,a015b02d-845c-40c1-8ef4-844984f47e4d,a015b02d-845c-40c1-8ef4-844984f47e4d,0,0,0.28525641025641024,0.2651006711409396,0.7147435897435898,0.7348993288590604,0.171966902601934,0.11438078402828325,5,season_to_date,6e6025ca-a6e1-49c8-be7a-83822339106f,2015-06-24 00:00:00+00:00
f6f1b668-73d3-4a07-9fa1-95f148313e6f,2015-06-26 23:00:00+00:00,2015-06-26,2015,a015b02d-845c-40c1-8ef4-844984f47e4d,a015b02d-845c-40c1-8ef4-844984f47e4d,0a5ad38d-2fe3-43ba-894b-1ba3d5042ea9,0a5ad38d-2fe3-43ba-894b-1ba3d5042ea9,1,0,0.23265306122448978,0.21585903083700442,0.7673469387755102,0.7841409691629956,0.1440785307156428,0.20991416842890906,7,season_to_date,c077e0ce-9bfa-4369-9e93-f25325a88b10,2015-06-21 21:00:00+00:00
b623aed3-4252-4405-93a5-bf8942253302,2015-06-26 23:30:00+00:00,2015-06-26,2015,5c0d47fe-8539-47b0-9f36-d0b3609ca89b,5c0d47fe-8539-47b0-9f36-d0b3609ca89b,5d70a9af-8c2b-4aec-9e68-9acc6ddb93e4,5d70a9af-8c2b-4aec-9e68-9acc6ddb93e4,0,0,0.3022222222222222,0.22755741127348644,0.6977777777777778,0.7724425887265136,0.15426978966226526,0.1635024445996571,7,season_to_date,6e6025ca-a6e1-49c8-be7a-83822339106f,2015-06-24 00:00:00+00:00
b623aed3-4252-4405-93a5-bf8942253302,2015-06-26 23:30:00+00:00,2015-06-26,2015,5d70a9af-8c2b-4aec-9e68-9acc6ddb93e4,5d70a9af-8c2b-4aec-9e68-9acc6ddb93e4,5c0d47fe-8539-47b0-9f36-d0b3609ca89b,5c0d47fe-8539-47b0-9f36-d0b3609ca89b,1,0,0.2273449920508744,0.2601054481546573,0.7726550079491256,0.7398945518453427,0.19688644688644688,0.19573302016050106,9,season_to_date,10ce1e8d-a564-406e-8862-065c5e3398ec,2015-06-24 16:30:00+00:00
fae3d9c8-91a5-4518-9629-d1d8f989dde4,2015-06-27 00:00:00+00:00,2015-06-27,2015,08ed8274-e29f-4248-bc2e-83cc8ed18d75,08ed8274-e29f-4248-bc2e-83cc8ed18d75,5f0b5caf-708b-4300-92f2-53b51d83ec06,5f0b5caf-708b-4300-92f2-53b51d83ec06,0,0,0.1832579185520362,0.3078602620087336,0.8167420814479638,0.6921397379912664,0.19419330192283205,0.16543527144233858,7,season_to_date,14927ddd-7af7-4e10-ac6c-46f59eac6b0c,2015-06-21 19:00:00+00:00
fae3d9c8-91a5-4518-9629-d1d8f989dde4,2015-06-27 00:00:00+00:00,2015-06-27,2015,5f0b5caf-708b-4300-92f2-53b51d83ec06,5f0b5caf-708b-4300-92f2-53b51d83ec06,08ed8274-e29f-4248-bc2e-83cc8ed18d75,08ed8274-e29f-4248-bc2e-83cc8ed18d75,1,0,0.23255813953488372,0.23903508771929824,0.7674418604651163,0.7609649122807017,0.12922646558015083,0.16703425012973536,7,season_to_date,a86a1395-71d8-457d-a2c6-90cd3b87f2c8,2015-06-21 23:00:00+00:00
5838e712-4da2-4eec-9687-f8e9fe3fbfda,2015-06-28 00:00:00+00:00,2015-06-28,2015,e6bc56cc-9dad-43aa-8ccb-ee9d499fea28,FR_LVA_ACES,d6a012ed-84aa-48d3-8265-2d3f3ff2199a,d6a012ed-84aa-48d3-8265-2d3f3ff2199a,1,0,0.24183006535947713,0.1504950495049505,0.7581699346405228,0.8495049504950495,0.16610759901948136,0.14045820588051688,7,season_to_date,1f1d3ba6-2729-412c-b4a6-e9086b86673a,2015-06-26 00:00:00+00:00
5838e712-4da2-4eec-9687-f8e9fe3fbfda,2015-06-28 00:00:00+00:00,2015-06-28,2015,d6a012ed-84aa-48d3-8265-2d3f3ff2199a,d6a012ed-84aa-48d3-8265-2d3f3ff2199a,e6bc56cc-9dad-43aa-8ccb-ee9d499fea28,FR_LVA_ACES,0,0,0.30787589498806683,0.2595078299776286,0.6921241050119332,0.7404921700223713,0.18457895103433866,0.14217046916254822,7,season_to_date,df32e819-d2cd-4c3a-9478-118ca5d8f2ef,2015-06-26 02:00:00+00:00
d6621d52-1dbe-4e8c-aa03-b576ba991f58,2015-06-28 00:00:00+00:00,2015-06-28,2015,0699edf3-5993-4182-b9b4-ec935cbd4fcc,0699edf3-5993-4182-b9b4-ec935cbd4fcc,6f017f37-be96-4bdc-b6d3-0a0429c72e89,6f017f37-be96-4bdc-b6d3-0a0429c72e89,0,0,0.23958333333333334,0.18426501035196688,0.7604166666666666,0.8157349896480331,0.13889765768040913,0.17725077929221927,7,season_to_date,1f1d3ba6-2729-412c-b4a6-e9086b86673a,2015-06-26 00:00:00+00:00
d6621d52-1dbe-4e8c-aa03-b576ba991f58,2015-06-28 00:00:00+00:00,2015-06-28,2015,6f017f37-be96-4bdc-b6d3-0a0429c72e89,6f017f37-be96-4bdc-b6d3-0a0429c72e89,0699edf3-5993-4182-b9b4-ec935cbd4fcc,0699edf3-5993-4182-b9b4-ec935cbd4fcc,1,0,0.17165668662674652,0.2851782363977486,0.8283433133732535,0.7148217636022514,0.17060830685963055,0.14396521330356093,8,season_to_date,df32e819-d2cd-4c3a-9478-118ca5d8f2ef,2015-06-26 02:00:00+00:00
7a9ad6f0-918a-4e24-9c46-4d7f8a2a217d,2015-06-28 19:00:00+00:00,2015-06-28,2015,08ed8274-e29f-4248-bc2e-83cc8ed18d75,08ed8274-e29f-4248-bc2e-83cc8ed18d75,0a5ad38d-2fe3-43ba-894b-1ba3d5042ea9,0a5ad38d-2fe3-43ba-894b-1ba3d5042ea9,1,0,0.17408906882591094,0.3173076923076923,0.8259109311740891,0.6826923076923077,0.20698142761244126,0.16881436047493106,8,season_to_date,fae3d9c8-91a5-4518-9629-d1d8f989dde4,2015-06-27 00:00:00+00:00
7a9ad6f0-918a-4e24-9c46-4d7f8a2a217d,2015-06-28 19:00:00+00:00,2015-06-28,2015,0a5ad38d-2fe3-43ba-894b-1ba3d5042ea9,0a5ad38d-2fe3-43ba-894b-1ba3d5042ea9,08ed8274-e29f-4248-bc2e-83cc8ed18d75,08ed8274-e29f-4248-bc2e-83cc8ed18d75,0,0,0.2671957671957672,0.2546916890080429,0.7328042328042328,0.7453083109919572,0.1805420318078546,0.11710082997781247,6,season_to_date,f6f1b668-73d3-4a07-9fa1-95f148313e6f,2015-06-26 23:00:00+00:00
135a96be-8904-46d0-8594-221655ce7a6d,2015-06-28 20:00:00+00:00,2015-06-28,2015,3c409388-ab73-4c7f-953d-3a71062240f6,3c409388-ab73-4c7f-953d-3a71062240f6,5c0d47fe-8539-47b0-9f36-d0b3609ca89b,5c0d47fe-8539-47b0-9f36-d0b3609ca89b,0,0,0.1710758377425044,0.22552447552447552,0.8289241622574955,0.7744755244755245,0.14771828013716695,0.15524736079486648,8,season_to_date,c9ea295b-8ced-4126-8633-fc7b0f56c7a8,2015-06-26 23:00:00+00:00
135a96be-8904-46d0-8594-221655ce7a6d,2015-06-28 20:00:00+00:00,2015-06-28,2015,5c0d47fe-8539-47b0-9f36-d0b3609ca89b,5c0d47fe-8539-47b0-9f36-d0b3609ca89b,3c409388-ab73-4c7f-953d-3a71062240f6,3c409388-ab73-4c7f-953d-3a71062240f6,1,0,0.30177514792899407,0.21129326047358835,0.6982248520710059,0.7887067395264117,0.16472303206997085,0.1659475605708596,8,season_to_date,b623aed3-4252-4405-93a5-bf8942253302,2015-06-26 23:30:00+00:00
31d34fcb-2242-470e-910f-84ff45eb6b36,2015-06-28 23:00:00+00:00,2015-06-28,2015,5f0b5caf-708b-4300-92f2-53b51d83ec06,5f0b5caf-708b-4300-92f2-53b51d83ec06,d6a012ed-84aa-48d3-8265-2d3f3ff2199a,d6a012ed-84aa-48d3-8265-2d3f3ff2199a,1,0,0.2491349480968858,0.22440944881889763,0.7508650519031141,0.7755905511811023,0.13672922252010725,0.18338451040600476,8,season_to_date,fae3d9c8-91a5-4518-9629-d1d8f989dde4,2015-06-27 00:00:00+00:00
31d34fcb-2242-470e-910f-84ff45eb6b36,2015-06-28 23:00:00+00:00,2015-06-28,2015,d6a012ed-84aa-48d3-8265-2d3f3ff2199a,d6a012ed-84aa-48d3-8265-2d3f3ff2199a,5f0b5caf-708b-4300-92f2-53b51d83ec06,5f0b5caf-708b-4300-92f2-53b51d83ec06,0,0,0.29338842975206614,0.26264591439688717,0.7066115702479339,0.7373540856031129,0.18270401948842876,0.1457082303073119,8,season_to_date,5838e712-4da2-4eec-9687-f8e9fe3fbfda,2015-06-28 00:00:00+00:00
e621da0a-e763-4ff6-a198-a5bdb039d89c,2015-06-30 23:00:00+00:00,2015-06-30,2015,a015b02d-845c-40c1-8ef4-844984f47e4d,a015b02d-845c-40c1-8ef4-844984f47e4d,f073a15f-0486-4179-b0a3-dfd0294eb595,f073a15f-0486-4179-b0a3-dfd0294eb595,1,0,0.23008849557522124,0.21153846153846154,0.7699115044247787,0.7884615384615384,0.1417511721731545,0.21093027053508245,8,season_to_date,f6f1b668-73d3-4a07-9fa1-95f148313e6f,2015-06-26 23:00:00+00:00
e621da0a-e763-4ff6-a198-a5bdb039d89c,2015-06-30 23:00:00+00:00,2015-06-30,2015,f073a15f-0486-4179-b0a3-dfd0294eb595,f073a15f-0486-4179-b0a3-dfd0294eb595,a015b02d-845c-40c1-8ef4-844984f47e4d,a015b02d-845c-40c1-8ef4-844984f47e4d,0,0,0.26182432432432434,0.2155887230514096,0.7381756756756757,0.7844112769485904,0.16550649856398772,0.1652832738152688,9,season_to_date,c9ea295b-8ced-4126-8633-fc7b0f56c7a8,2015-06-26 23:00:00+00:00
5971d3ce-573b-45c8-abb2-488e5d779a12,2015-07-01 00:00:00+00:00,2015-07-01,2015,08ed8274-e29f-4248-bc2e-83cc8ed18d75,08ed8274-e29f-4248-bc2e-83cc8ed18d75,3c409388-ab73-4c7f-953d-3a71062240f6,3c409388-ab73-4c7f-953d-3a71062240f6,0,0,0.18050541516245489,0.3137931034482759,0.8194945848375451,0.6862068965517242,0.19769316006850005,0.16664983335016664,9,season_to_date,7a9ad6f0-918a-4e24-9c46-4d7f8a2a217d,2015-06-28 19:00:00+00:00
5971d3ce-573b-45c8-abb2-488e5d779a12,2015-07-01 00:00:00+00:00,2015-07-01,2015,3c409388-ab73-4c7f-953d-3a71062240f6,3c409388-ab73-4c7f-953d-3a71062240f6,08ed8274-e29f-4248-bc2e-83cc8ed18d75,08ed8274-e29f-4248-bc2e-83cc8ed18d75,1,0,0.1661392405063291,0.23052959501557632,0.8338607594936709,0.7694704049844237,0.14463303848912262,0.151862062520443,9,season_to_date,135a96be-8904-46d0-8594-221655ce7a6d,2015-06-28 20:00:00+00:00
4b9a679e-8345-4553-8650-e96116edc1cc,2015-07-01 02:00:00+00:00,2015-07-01,2015,0699edf3-5993-4182-b9b4-ec935cbd4fcc,0699edf3-5993-4182-b9b4-ec935cbd4fcc,e6bc56cc-9dad-43aa-8ccb-ee9d499fea28,FR_LVA_ACES,1,0,0.23649906890130354,0.17915904936014626,0.7635009310986964,0.8208409506398537,0.15040944794161887,0.17468313292167695,8,season_to_date,d6621d52-1dbe-4e8c-aa03-b576ba991f58,2015-06-28 00:00:00+00:00
4b9a679e-8345-4553-8650-e96116edc1cc,2015-07-01 02:00:00+00:00,2015-07-01,2015,e6bc56cc-9dad-43aa-8ccb-ee9d499fea28,FR_LVA_ACES,0699edf3-5993-4182-b9b4-ec935cbd4fcc,0699edf3-5993-4182-b9b4-ec935cbd4fcc,0,0,0.24714828897338403,0.156140350877193,0.752851711026616,0.843859649122807,0.16650674493424394,0.1437894038270103,8,season_to_date,5838e712-4da2-4eec-9687-f8e9fe3fbfda,2015-06-28 00:00:00+00:00
575a283b-c31e-497f-a9e5-a726bd24f1aa,2015-07-01 02:00:00+00:00,2015-07-01,2015,5f0b5caf-708b-4300-92f2-53b51d83ec06,5f0b5caf-708b-4300-92f2-53b51d83ec06,d6a012ed-84aa-48d3-8265-2d3f3ff2199a,d6a012ed-84aa-48d3-8265-2d3f3ff2199a,0,0,0.2643856920684292,0.22530329289428075,0.7356143079315708,0.7746967071057193,0.13750717428735412,0.17636012992285832,9,season_to_date,31d34fcb-2242-470e-910f-84ff45eb6b36,2015-06-28 23:00:00+00:00
575a283b-c31e-497f-a9e5-a726bd24f1aa,2015-07-01 02:00:00+00:00,2015-07-01,2015,d6a012ed-84aa-48d3-8265-2d3f3ff2199a,d6a012ed-84aa-48d3-8265-2d3f3ff2199a,5f0b5caf-708b-4300-92f2-53b51d83ec06,5f0b5caf-708b-4300-92f2-53b51d83ec06,1,0,0.2857142857142857,0.27806563039723664,0.7142857142857143,0.7219343696027634,0.1753155680224404,0.14549989607150282,9,season_to_date,31d34fcb-2242-470e-910f-84ff45eb6b36,2015-06-28 23:00:00+00:00
37c647db-e58b-4583-93b6-5b8cb730cbab,2015-07-02 23:00:00+00:00,2015-07-02,2015,5c0d47fe-8539-47b0-9f36-d0b3609ca89b,5c0d47fe-8539-47b0-9f36-d0b3609ca89b,f073a15f-0486-4179-b0a3-dfd0294eb595,f073a15f-0486-4179-b0a3-dfd0294eb595,0,0,0.29809358752166376,0.20195439739413681,0.7019064124783362,0.7980456026058632,0.1599313465439226,0.1609442060085837,9,season_to_date,135a96be-8904-46d0-8594-221655ce7a6d,2015-06-28 20:00:00+00:00
37c647db-e58b-4583-93b6-5b8cb730cbab,2015-07-02 23:00:00+00:00,2015-07-02,2015,f073a15f-0486-4179-b0a3-dfd0294eb595,f073a15f-0486-4179-b0a3-dfd0294eb595,5c0d47fe-8539-47b0-9f36-d0b3609ca89b,5c0d47fe-8539-47b0-9f36-d0b3609ca89b,1,0,0.25925925925925924,0.22122571001494767,0.7407407407407407,0.7787742899850523,0.17067477096546865,0.16303396358543418,10,season_to_date,e621da0a-e763-4ff6-a198-a5bdb039d89c,2015-06-30 23:00:00+00:00
f4cab0f3-673f-48ab-8923-d6d1672d8635,2015-07-02 23:00:00+00:00,2015-07-02,2015,3c409388-ab73-4c7f-953d-3a71062240f6,3c409388-ab73-4c7f-953d-3a71062240f6,a015b02d-845c-40c1-8ef4-844984f47e4d,a015b02d-845c-40c1-8ef4-844984f47e4d,0,0,0.1763869132290185,0.23587570621468926,0.8236130867709816,0.7641242937853108,0.1393509916605453,0.15046835925910226,10,season_to_date,5971d3ce-573b-45c8-abb2-488e5d779a12,2015-07-01 00:00:00+00:00
f4cab0f3-673f-48ab-8923-d6d1672d8635,2015-07-02 23:00:00+00:00,2015-07-02,2015,a015b02d-845c-40c1-8ef4-844984f47e4d,a015b02d-845c-40c1-8ef4-844984f47e4d,3c409388-ab73-4c7f-953d-3a71062240f6,3c409388-ab73-4c7f-953d-3a71062240f6,1,0,0.23454833597464342,0.21354166666666666,0.7654516640253566,0.7864583333333334,0.14168458080906782,0.21186440677966104,9,season_to_date,e621da0a-e763-4ff6-a198-a5bdb039d89c,2015-06-30 23:00:00+00:00
7f7c9b34-cec7-4d6a-ba8e-481cfc848878,2015-07-03 02:00:00+00:00,2015-07-03,2015,0699edf3-5993-4182-b9b4-ec935cbd4fcc,0699edf3-5993-4182-b9b4-ec935cbd4fcc,5f0b5caf-708b-4300-92f2-53b51d83ec06,5f0b5caf-708b-4300-92f2-53b51d83ec06,1,0,0.23232323232323232,0.184640522875817,0.7676767676767676,0.815359477124183,0.15004791446007967,0.16931397388423308,9,season_to_date,4b9a679e-8345-4553-8650-e96116edc1cc,2015-07-01 02:00:00+00:00
7f7c9b34-cec7-4d6a-ba8e-481cfc848878,2015-07-03 02:00:00+00:00,2015-07-03,2015,5f0b5caf-708b-4300-92f2-53b51d83ec06,5f0b5caf-708b-4300-92f2-53b51d83ec06,0699edf3-5993-4182-b9b4-ec935cbd4fcc,0699edf3-5993-4182-b9b4-ec935cbd4fcc,0,0,0.2711864406779661,0.2222222222222222,0.7288135593220338,0.7777777777777778,0.13685536777164703,0.17181734317343172,10,season_to_date,575a283b-c31e-497f-a9e5-a726bd24f1aa,2015-07-01 02:00:00+00:00
1d2cb486-d1a6-4231-bd54-195fdeb05d69,2015-07-03 02:30:00+00:00,2015-07-03,2015,0a5ad38d-2fe3-43ba-894b-1ba3d5042ea9,0a5ad38d-2fe3-43ba-894b-1ba3d5042ea9,e6bc56cc-9dad-43aa-8ccb-ee9d499fea28,FR_LVA_ACES,1,0,0.2694063926940639,0.2517321016166282,0.730593607305936,0.7482678983833718,0.17589690003483105,0.11663250159044321,7,season_to_date,7a9ad6f0-918a-4e24-9c46-4d7f8a2a217d,2015-06-28 19:00:00+00:00
1d2cb486-d1a6-4231-bd54-195fdeb05d69,2015-07-03 02:30:00+00:00,2015-07-03,2015,e6bc56cc-9dad-43aa-8ccb-ee9d499fea28,FR_LVA_ACES,0a5ad38d-2fe3-43ba-894b-1ba3d5042ea9,0a5ad38d-2fe3-43ba-894b-1ba3d5042ea9,0,0,0.24534686971235195,0.1594896331738437,0.754653130287648,0.8405103668261563,0.16178775468931697,0.1440525102715703,9,season_to_date,4b9a679e-8345-4553-8650-e96116edc1cc,2015-07-01 02:00:00+00:00
1af09fed-6d5f-4ee8-b2ba-3f9c11823484,2015-07-04 00:00:00+00:00,2015-07-04,2015,6f017f37-be96-4bdc-b6d3-0a0429c72e89,6f017f37-be96-4bdc-b6d3-0a0429c72e89,d6a012ed-84aa-48d3-8265-2d3f3ff2199a,d6a012ed-84aa-48d3-8265-2d3f3ff2199a,1,0,0.168141592920354,0.27796610169491526,0.831858407079646,0.7220338983050848,0.16885700822032568,0.1542080501829587,9,season_to_date,d6621d52-1dbe-4e8c-aa03-b576ba991f58,2015-06-28 00:00:00+00:00
1af09fed-6d5f-4ee8-b2ba-3f9c11823484,2015-07-04 00:00:00+00:00,2015-07-04,2015,d6a012ed-84aa-48d3-8265-2d3f3ff2199a,d6a012ed-84aa-48d3-8265-2d3f3ff2199a,6f017f37-be96-4bdc-b6d3-0a0429c72e89,6f017f37-be96-4bdc-b6d3-0a0429c72e89,0,0,0.2764227642276423,0.2841614906832298,0.7235772357723578,0.7158385093167702,0.17061518962659647,0.14400786774692081,10,season_to_date,575a283b-c31e-497f-a9e5-a726bd24f1aa,2015-07-01 02:00:00+00:00
69971430-8ab6-4be8-aa9e-961ea7aa731a,2015-07-04 02:30:00+00:00,2015-07-04,2015,0a5ad38d-2fe3-43ba-894b-1ba3d5042ea9,0a5ad38d-2fe3-43ba-894b-1ba3d5042ea9,5f0b5caf-708b-4300-92f2-53b51d83ec06,5f0b5caf-708b-4300-92f2-53b51d83ec06,1,0,0.258,0.2413793103448276,0.742,0.7586206896551724,0.1691248171623598,0.12349490583513431,8,season_to_date,1d2cb486-d1a6-4231-bd54-195fdeb05d69,2015-07-03 02:30:00+00:00
69971430-8ab6-4be8-aa9e-961ea7aa731a,2015-07-04 02:30:00+00:00,2015-07-04,2015,5f0b5caf-708b-4300-92f2-53b51d83ec06,5f0b5caf-708b-4300-92f2-53b51d83ec06,0a5ad38d-2fe3-43ba-894b-1ba3d5042ea9,0a5ad38d-2fe3-43ba-894b-1ba3d5042ea9,0,0,0.27471116816431324,0.22792022792022792,0.7252888318356868,0.7720797720797721,0.1373300663926652,0.1709582102152807,11,season_to_date,7f7c9b34-cec7-4d6a-ba8e-481cfc848878,2015-07-03 02:00:00+00:00
8f63bd75-7f86-419d-a4c3-61ac1c103393,2015-07-05 19:00:00+00:00,2015-07-05,2015,5d70a9af-8c2b-4aec-9e68-9acc6ddb93e4,5d70a9af-8c2b-4aec-9e68-9acc6ddb93e4,d6a012ed-84aa-48d3-8265-2d3f3ff2199a,d6a012ed-84aa-48d3-8265-2d3f3ff2199a,1,0,0.2145922746781116,0.26357827476038337,0.7854077253218884,0.7364217252396166,0.19549836567503828,0.19986675549633576,10,season_to_date,b623aed3-4252-4405-93a5-bf8942253302,2015-06-26 23:30:00+00:00
8f63bd75-7f86-419d-a4c3-61ac1c103393,2015-07-05 19:00:00+00:00,2015-07-05,2015,d6a012ed-84aa-48d3-8265-2d3f3ff2199a,d6a012ed-84aa-48d3-8265-2d3f3ff2199a,5d70a9af-8c2b-4aec-9e68-9acc6ddb93e4,5d70a9af-8c2b-4aec-9e68-9acc6ddb93e4,0,0,0.2776957163958641,0.2725988700564972,0.7223042836041359,0.7274011299435028,0.17042416681518446,0.1452370781717215,11,season_to_date,1af09fed-6d5f-4ee8-b2ba-3f9c11823484,2015-07-04 00:00:00+00:00
967290ff-30d2-4e8e-9c3e-4ea55c4f5937,2015-07-05 21:00:00+00:00,2015-07-05,2015,0699edf3-5993-4182-b9b4-ec935cbd4fcc,0699edf3-5993-4182-b9b4-ec935cbd4fcc,0a5ad38d-2fe3-43ba-894b-1ba3d5042ea9,0a5ad38d-2fe3-43ba-894b-1ba3d5042ea9,0,0,0.2374429223744292,0.19765739385065886,0.7625570776255708,0.8023426061493412,0.15111965929385904,0.16658629608522202,10,season_to_date,7f7c9b34-cec7-4d6a-ba8e-481cfc848878,2015-07-03 02:00:00+00:00
967290ff-30d2-4e8e-9c3e-4ea55c4f5937,2015-07-05 21:00:00+00:00,2015-07-05,2015,0a5ad38d-2fe3-43ba-894b-1ba3d5042ea9,0a5ad38d-2fe3-43ba-894b-1ba3d5042ea9,0699edf3-5993-4182-b9b4-ec935cbd4fcc,0699edf3-5993-4182-b9b4-ec935cbd4fcc,1,0,0.26465364120781526,0.24822695035460993,0.7353463587921847,0.75177304964539,0.16295857350643755,0.12158218956014266,9,season_to_date,69971430-8ab6-4be8-aa9e-961ea7aa731a,2015-07-04 02:30:00+00:00
6adb6aed-af65-427a-919f-9013bac25bcf,2015-07-08 00:00:00+00:00,2015-07-08,2015,5d70a9af-8c2b-4aec-9e68-9acc6ddb93e4,5d70a9af-8c2b-4aec-9e68-9acc6ddb93e4,5f0b5caf-708b-4300-92f2-53b51d83ec06,5f0b5caf-708b-4300-92f2-53b51d83ec06,1,0,0.21279373368146215,0.2656934306569343,0.7872062663185379,0.7343065693430657,0.19112860495042008,0.19864716189234344,11,season_to_date,8f63bd75-7f86-419d-a4c3-61ac1c103393,2015-07-05 19:00:00+00:00
6adb6aed-af65-427a-919f-9013bac25bcf,2015-07-08 00:00:00+00:00,2015-07-08,2015,5f0b5caf-708b-4300-92f2-53b51d83ec06,5f0b5caf-708b-4300-92f2-53b51d83ec06,5d70a9af-8c2b-4aec-9e68-9acc6ddb93e4,5d70a9af-8c2b-4aec-9e68-9acc6ddb93e4,0,0,0.27647058823529413,0.23529411764705882,0.7235294117647059,0.7647058823529411,0.13489045808437444,0.16637647514025924,12,season_to_date,69971430-8ab6-4be8-aa9e-961ea7aa731a,2015-07-04 02:30:00+00:00
498c3f06-5d5e-4c01-b2f4-c393c5f9be01,2015-07-08 16:00:00+00:00,2015-07-08,2015,d6a012ed-84aa-48d3-8265-2d3f3ff2199a,d6a012ed-84aa-48d3-8265-2d3f3ff2199a,f073a15f-0486-4179-b0a3-dfd0294eb595,f073a15f-0486-4179-b0a3-dfd0294eb595,0,0,0.27853260869565216,0.2658064516129032,0.7214673913043478,0.7341935483870968,0.17163874131589701,0.14515060593071738,12,season_to_date,8f63bd75-7f86-419d-a4c3-61ac1c103393,2015-07-05 19:00:00+00:00
498c3f06-5d5e-4c01-b2f4-c393c5f9be01,2015-07-08 16:00:00+00:00,2015-07-08,2015,f073a15f-0486-4179-b0a3-dfd0294eb595,f073a15f-0486-4179-b0a3-dfd0294eb595,d6a012ed-84aa-48d3-8265-2d3f3ff2199a,d6a012ed-84aa-48d3-8265-2d3f3ff2199a,1,0,0.24362606232294617,0.2324621733149931,0.7563739376770539,0.7675378266850069,0.1659742587161942,0.1675831894994581,11,season_to_date,37c647db-e58b-4583-93b6-5b8cb730cbab,2015-07-02 23:00:00+00:00
17b06ca3-9f9b-4adf-a4a0-7f0e92806948,2015-07-09 00:00:00+00:00,2015-07-09,2015,0a5ad38d-2fe3-43ba-894b-1ba3d5042ea9,0a5ad38d-2fe3-43ba-894b-1ba3d5042ea9,e6bc56cc-9dad-43aa-8ccb-ee9d499fea28,FR_LVA_ACES,0,0,0.2634069400630915,0.24405705229793978,0.7365930599369085,0.7559429477020603,0.15544416060153277,0.11438306157215868,10,season_to_date,967290ff-30d2-4e8e-9c3e-4ea55c4f5937,2015-07-05 21:00:00+00:00
17b06ca3-9f9b-4adf-a4a0-7f0e92806948,2015-07-09 00:00:00+00:00,2015-07-09,2015,e6bc56cc-9dad-43aa-8ccb-ee9d499fea28,FR_LVA_ACES,0a5ad38d-2fe3-43ba-894b-1ba3d5042ea9,0a5ad38d-2fe3-43ba-894b-1ba3d5042ea9,1,0,0.23809523809523808,0.16110304789550073,0.7619047619047619,0.8388969521044993,0.16264259861639255,0.14197446731179864,10,season_to_date,1d2cb486-d1a6-4231-bd54-195fdeb05d69,2015-07-03 02:30:00+00:00
a6928cce-08c3-4c4a-a7da-26f4db2b31b1,2015-07-09 15:30:00+00:00,2015-07-09,2015,08ed8274-e29f-4248-bc2e-83cc8ed18d75,08ed8274-e29f-4248-bc2e-83cc8ed18d75,5c0d47fe-8539-47b0-9f36-d0b3609ca89b,5c0d47fe-8539-47b0-9f36-d0b3609ca89b,0,0,0.19193548387096773,0.3087557603686636,0.8080645161290323,0.6912442396313364,0.19164474281048716,0.15887426236949614,10,season_to_date,5971d3ce-573b-45c8-abb2-488e5d779a12,2015-07-01 00:00:00+00:00
a6928cce-08c3-4c4a-a7da-26f4db2b31b1,2015-07-09 15:30:00+00:00,2015-07-09,2015,5c0d47fe-8539-47b0-9f36-d0b3609ca89b,5c0d47fe-8539-47b0-9f36-d0b3609ca89b,08ed8274-e29f-4248-bc2e-83cc8ed18d75,08ed8274-e29f-4248-bc2e-83cc8ed18d75,1,0,0.30393700787401573,0.19047619047619047,0.6960629921259842,0.8095238095238095,0.16555513808003006,0.15649273508178743,10,season_to_date,37c647db-e58b-4583-93b6-5b8cb730cbab,2015-07-02 23:00:00+00:00
5bf4ab5f-56d6-43f5-a976-4ccf30e9368c,2015-07-10 23:00:00+00:00,2015-07-10,2015,e6bc56cc-9dad-43aa-8ccb-ee9d499fea28,FR_LVA_ACES,f073a15f-0486-4179-b0a3-dfd0294eb595,f073a15f-0486-4179-b0a3-dfd0294eb595,0,0,0.22331460674157302,0.16358839050131926,0.776685393258427,0.8364116094986808,0.16245336016433992,0.1407634346278049,11,season_to_date,17b06ca3-9f9b-4adf-a4a0-7f0e92806948,2015-07-09 00:00:00+00:00
5bf4ab5f-56d6-43f5-a976-4ccf30e9368c,2015-07-10 23:00:00+00:00,2015-07-10,2015,f073a15f-0486-4179-b0a3-dfd0294eb595,f073a15f-0486-4179-b0a3-dfd0294eb595,e6bc56cc-9dad-43aa-8ccb-ee9d499fea28,FR_LVA_ACES,1,0,0.2480719794344473,0.24093264248704663,0.7519280205655527,0.7590673575129534,0.16262898160610137,0.1765864902040968,12,season_to_date,498c3f06-5d5e-4c01-b2f4-c393c5f9be01,2015-07-08 16:00:00+00:00
cfbbd617-fbb5-47d6-a6c5-165d920880a3,2015-07-11 00:30:00+00:00,2015-07-11,2015,3c409388-ab73-4c7f-953d-3a71062240f6,3c409388-ab73-4c7f-953d-3a71062240f6,6f017f37-be96-4bdc-b6d3-0a0429c72e89,6f017f37-be96-4bdc-b6d3-0a0429c72e89,1,0,0.1803921568627451,0.23785166240409208,0.8196078431372549,0.7621483375959079,0.14351888510570907,0.1513807466831225,11,season_to_date,f4cab0f3-673f-48ab-8923-d6d1672d8635,2015-07-02 23:00:00+00:00
cfbbd617-fbb5-47d6-a6c5-165d920880a3,2015-07-11 00:30:00+00:00,2015-07-11,2015,6f017f37-be96-4bdc-b6d3-0a0429c72e89,6f017f37-be96-4bdc-b6d3-0a0429c72e89,3c409388-ab73-4c7f-953d-3a71062240f6,3c409388-ab73-4c7f-953d-3a71062240f6,0,0,0.1669316375198728,0.2791411042944785,0.8330683624801272,0.7208588957055214,0.16780109661561732,0.15550807217473886,10,season_to_date,1af09fed-6d5f-4ee8-b2ba-3f9c11823484,2015-07-04 00:00:00+00:00
466d05c8-0a65-4ec6-b472-0df977749ece,2015-07-11 02:00:00+00:00,2015-07-11,2015,0699edf3-5993-4182-b9b4-ec935cbd4fcc,0699edf3-5993-4182-b9b4-ec935cbd4fcc,d6a012ed-84aa-48d3-8265-2d3f3ff2199a,d6a012ed-84aa-48d3-8265-2d3f3ff2199a,0,0,0.23480662983425415,0.20291777188328913,0.7651933701657458,0.7970822281167109,0.1424024124643994,0.16003200640128026,11,season_to_date,967290ff-30d2-4e8e-9c3e-4ea55c4f5937,2015-07-05 21:00:00+00:00
466d05c8-0a65-4ec6-b472-0df977749ece,2015-07-11 02:00:00+00:00,2015-07-11,2015,d6a012ed-84aa-48d3-8265-2d3f3ff2199a,d6a012ed-84aa-48d3-8265-2d3f3ff2199a,0699edf3-5993-4182-b9b4-ec935cbd4fcc,0699edf3-5993-4182-b9b4-ec935cbd4fcc,1,0,0.28425096030729835,0.2680047225501771,0.7157490396927016,0.731995277449823,0.18048835802842456,0.14358017157830502,13,season_to_date,498c3f06-5d5e-4c01-b2f4-c393c5f9be01,2015-07-08 16:00:00+00:00
51588f63-b302-49cf-a4c4-5a212bf4d71f,2015-07-12 00:00:00+00:00,2015-07-12,2015,0a5ad38d-2fe3-43ba-894b-1ba3d5042ea9,0a5ad38d-2fe3-43ba-894b-1ba3d5042ea9,5f0b5caf-708b-4300-92f2-53b51d83ec06,5f0b5caf-708b-4300-92f2-53b51d83ec06,0,0,0.25604551920341395,0.22832369942196531,0.7439544807965861,0.7716763005780347,0.1529051987767584,0.11851490851092109,11,season_to_date,17b06ca3-9f9b-4adf-a4a0-7f0e92806948,2015-07-09 00:00:00+00:00
51588f63-b302-49cf-a4c4-5a212bf4d71f,2015-07-12 00:00:00+00:00,2015-07-12,2015,5f0b5caf-708b-4300-92f2-53b51d83ec06,5f0b5caf-708b-4300-92f2-53b51d83ec06,0a5ad38d-2fe3-43ba-894b-1ba3d5042ea9,0a5ad38d-2fe3-43ba-894b-1ba3d5042ea9,1,0,0.2858707557502738,0.22366863905325443,0.7141292442497261,0.7763313609467456,0.1389998668264749,0.16584766584766586,13,season_to_date,6adb6aed-af65-427a-919f-9013bac25bcf,2015-07-08 00:00:00+00:00
16d4f0de-694c-4221-89be-256bf96a32d4,2015-07-12 19:00:00+00:00,2015-07-12,2015,08ed8274-e29f-4248-bc2e-83cc8ed18d75,08ed8274-e29f-4248-bc2e-83cc8ed18d75,5d70a9af-8c2b-4aec-9e68-9acc6ddb93e4,5d70a9af-8c2b-4aec-9e68-9acc6ddb93e4,0,0,0.19040697674418605,0.30482758620689654,0.809593023255814,0.6951724137931035,0.19021516812566472,0.15832482124616956,11,season_to_date,a6928cce-08c3-4c4a-a7da-26f4db2b31b1,2015-07-09 15:30:00+00:00
16d4f0de-694c-4221-89be-256bf96a32d4,2015-07-12 19:00:00+00:00,2015-07-12,2015,5d70a9af-8c2b-4aec-9e68-9acc6ddb93e4,5d70a9af-8c2b-4aec-9e68-9acc6ddb93e4,08ed8274-e29f-4248-bc2e-83cc8ed18d75,08ed8274-e29f-4248-bc2e-83cc8ed18d75,1,0,0.2033096926713948,0.27807486631016043,0.7966903073286052,0.7219251336898396,0.18835793167509546,0.1975001854461835,12,season_to_date,6adb6aed-af65-427a-919f-9013bac25bcf,2015-07-08 00:00:00+00:00
9af2b7f4-bde0-4762-bcd2-be1206fdeff3,2015-07-12 22:00:00+00:00,2015-07-12,2015,3c409388-ab73-4c7f-953d-3a71062240f6,3c409388-ab73-4c7f-953d-3a71062240f6,a015b02d-845c-40c1-8ef4-844984f47e4d,a015b02d-845c-40c1-8ef4-844984f47e4d,1,0,0.1823671497584541,0.23604651162790696,0.8176328502415459,0.763953488372093,0.14332140509749505,0.14692345818877006,12,season_to_date,cfbbd617-fbb5-47d6-a6c5-165d920880a3,2015-07-11 00:30:00+00:00
9af2b7f4-bde0-4762-bcd2-be1206fdeff3,2015-07-12 22:00:00+00:00,2015-07-12,2015,a015b02d-845c-40c1-8ef4-844984f47e4d,a015b02d-845c-40c1-8ef4-844984f47e4d,3c409388-ab73-4c7f-953d-3a71062240f6,3c409388-ab73-4c7f-953d-3a71062240f6,0,0,0.23687943262411348,0.21473354231974923,0.7631205673758865,0.7852664576802508,0.14362145331754594,0.20974080452157018,10,season_to_date,f4cab0f3-673f-48ab-8923-d6d1672d8635,2015-07-02 23:00:00+00:00
dc1a00d8-b994-4a38-a729-f2fbdc84770d,2015-07-12 22:00:00+00:00,2015-07-12,2015,0699edf3-5993-4182-b9b4-ec935cbd4fcc,0699edf3-5993-4182-b9b4-ec935cbd4fcc,d6a012ed-84aa-48d3-8265-2d3f3ff2199a,d6a012ed-84aa-48d3-8265-2d3f3ff2199a,1,0,0.23522012578616353,0.2096177558569667,0.7647798742138365,0.7903822441430333,0.14002915675592728,0.16336249861557203,12,season_to_date,466d05c8-0a65-4ec6-b472-0df977749ece,2015-07-11 02:00:00+00:00
dc1a00d8-b994-4a38-a729-f2fbdc84770d,2015-07-12 22:00:00+00:00,2015-07-12,2015,d6a012ed-84aa-48d3-8265-2d3f3ff2199a,d6a012ed-84aa-48d3-8265-2d3f3ff2199a,0699edf3-5993-4182-b9b4-ec935cbd4fcc,0699edf3-5993-4182-b9b4-ec935cbd4fcc,0,0,0.2852028639618138,0.2657952069716776,0.7147971360381862,0.7342047930283224,0.18214936247723132,0.14143565509667544,14,season_to_date,466d05c8-0a65-4ec6-b472-0df977749ece,2015-07-11 02:00:00+00:00
2504fecd-6bbe-4a7c-9263-54a7080fc2f8,2015-07-12 23:00:00+00:00,2015-07-12,2015,6f017f37-be96-4bdc-b6d3-0a0429c72e89,6f017f37-be96-4bdc-b6d3-0a0429c72e89,e6bc56cc-9dad-43aa-8ccb-ee9d499fea28,FR_LVA_ACES,1,0,0.17256011315417255,0.2727272727272727,0.8274398868458275,0.7272727272727273,0.16081622220328873,0.15417457305502846,11,season_to_date,cfbbd617-fbb5-47d6-a6c5-165d920880a3,2015-07-11 00:30:00+00:00
2504fecd-6bbe-4a7c-9263-54a7080fc2f8,2015-07-12 23:00:00+00:00,2015-07-12,2015,e6bc56cc-9dad-43aa-8ccb-ee9d499fea28,FR_LVA_ACES,6f017f37-be96-4bdc-b6d3-0a0429c72e89,6f017f37-be96-4bdc-b6d3-0a0429c72e89,0,0,0.2159383033419023,0.16117216117216118,0.7840616966580977,0.8388278388278388,0.16163586977313593,0.13929171118913145,12,season_to_date,5bf4ab5f-56d6-43f5-a976-4ccf30e9368c,2015-07-10 23:00:00+00:00
42ef4bd5-af9a-4042-9ba7-05900d837cee,2015-07-14 23:00:00+00:00,2015-07-14,2015,6f017f37-be96-4bdc-b6d3-0a0429c72e89,6f017f37-be96-4bdc-b6d3-0a0429c72e89,a015b02d-845c-40c1-8ef4-844984f47e4d,a015b02d-845c-40c1-8ef4-844984f47e4d,0,0,0.17631917631917632,0.2614795918367347,0.8236808236808236,0.7385204081632653,0.1575959279561472,0.15482623959607117,12,season_to_date,2504fecd-6bbe-4a7c-9263-54a7080fc2f8,2015-07-12 23:00:00+00:00
42ef4bd5-af9a-4042-9ba7-05900d837cee,2015-07-14 23:00:00+00:00,2015-07-14,2015,a015b02d-845c-40c1-8ef4-844984f47e4d,a015b02d-845c-40c1-8ef4-844984f47e4d,6f017f37-be96-4bdc-b6d3-0a0429c72e89,6f017f37-be96-4bdc-b6d3-0a0429c72e89,1,0,0.2438070404172099,0.2198581560283688,0.7561929595827901,0.7801418439716312,0.14200539821939331,0.20230629172567266,11,season_to_date,9af2b7f4-bde0-4762-bcd2-be1206fdeff3,2015-07-12 22:00:00+00:00
f65ef04d-a24f-42bc-90c4-36f635a92711,2015-07-15 02:00:00+00:00,2015-07-15,2015,0699edf3-5993-4182-b9b4-ec935cbd4fcc,0699edf3-5993-4182-b9b4-ec935cbd4fcc,5d70a9af-8c2b-4aec-9e68-9acc6ddb93e4,5d70a9af-8c2b-4aec-9e68-9acc6ddb93e4,1,0,0.2324766355140187,0.2151029748283753,0.7675233644859814,0.7848970251716247,0.14133333333333334,0.16486913512399534,13,season_to_date,dc1a00d8-b994-4a38-a729-f2fbdc84770d,2015-07-12 22:00:00+00:00
f65ef04d-a24f-42bc-90c4-36f635a92711,2015-07-15 02:00:00+00:00,2015-07-15,2015,5d70a9af-8c2b-4aec-9e68-9acc6ddb93e4,5d70a9af-8c2b-4aec-9e68-9acc6ddb93e4,0699edf3-5993-4182-b9b4-ec935cbd4fcc,0699edf3-5993-4182-b9b4-ec935cbd4fcc,0,0,0.20754716981132076,0.27103960396039606,0.7924528301886793,0.7289603960396039,0.1887214918593865,0.19650729640135334,13,season_to_date,16d4f0de-694c-4221-89be-256bf96a32d4,2015-07-12 19:00:00+00:00
6b85eb61-28bd-4651-8d6d-aa35c8ae0294,2015-07-15 15:00:00+00:00,2015-07-15,2015,08ed8274-e29f-4248-bc2e-83cc8ed18d75,08ed8274-e29f-4248-bc2e-83cc8ed18d75,e6bc56cc-9dad-43aa-8ccb-ee9d499fea28,FR_LVA_ACES,1,0,0.18983957219251338,0.30256410256410254,0.8101604278074866,0.6974358974358974,0.18975509441017013,0.16122380113231596,12,season_to_date,16d4f0de-694c-4221-89be-256bf96a32d4,2015-07-12 19:00:00+00:00
6b85eb61-28bd-4651-8d6d-aa35c8ae0294,2015-07-15 15:00:00+00:00,2015-07-15,2015,e6bc56cc-9dad-43aa-8ccb-ee9d499fea28,FR_LVA_ACES,08ed8274-e29f-4248-bc2e-83cc8ed18d75,08ed8274-e29f-4248-bc2e-83cc8ed18d75,0,0,0.2101534828807556,0.16535433070866143,0.7898465171192444,0.8346456692913385,0.1616493534025864,0.13795542978422357,13,season_to_date,2504fecd-6bbe-4a7c-9263-54a7080fc2f8,2015-07-12 23:00:00+00:00
c37b20c7-d697-422c-818e-2f7a07706100,2015-07-15 16:30:00+00:00,2015-07-15,2015,3c409388-ab73-4c7f-953d-3a71062240f6,3c409388-ab73-4c7f-953d-3a71062240f6,5c0d47fe-8539-47b0-9f36-d0b3609ca89b,5c0d47fe-8539-47b0-9f36-d0b3609ca89b,1,0,0.1888268156424581,0.2418655097613883,0.8111731843575419,0.7581344902386117,0.1417464520947919,0.1453776514901209,13,season_to_date,9af2b7f4-bde0-4762-bcd2-be1206fdeff3,2015-07-12 22:00:00+00:00
c37b20c7-d697-422c-818e-2f7a07706100,2015-07-15 16:30:00+00:00,2015-07-15,2015,5c0d47fe-8539-47b0-9f36-d0b3609ca89b,5c0d47fe-8539-47b0-9f36-d0b3609ca89b,3c409388-ab73-4c7f-953d-3a71062240f6,3c409388-ab73-4c7f-953d-3a71062240f6,0,0,0.3004231311706629,0.1891891891891892,0.6995768688293371,0.8108108108108109,0.1643004591987193,0.15852754673474428,11,season_to_date,a6928cce-08c3-4c4a-a7da-26f4db2b31b1,2015-07-09 15:30:00+00:00
5aef9cd5-5585-4344-bf51-af62cf1a9ed7,2015-07-15 19:00:00+00:00,2015-07-15,2015,0a5ad38d-2fe3-43ba-894b-1ba3d5042ea9,0a5ad38d-2fe3-43ba-894b-1ba3d5042ea9,d6a012ed-84aa-48d3-8265-2d3f3ff2199a,d6a012ed-84aa-48d3-8265-2d3f3ff2199a,0,0,0.2591623036649215,0.22996057818659657,0.7408376963350786,0.7700394218134035,0.15534797947402182,0.11322738485179344,12,season_to_date,51588f63-b302-49cf-a4c4-5a212bf4d71f,2015-07-12 00:00:00+00:00
5aef9cd5-5585-4344-bf51-af62cf1a9ed7,2015-07-15 19:00:00+00:00,2015-07-15,2015,d6a012ed-84aa-48d3-8265-2d3f3ff2199a,d6a012ed-84aa-48d3-8265-2d3f3ff2199a,0a5ad38d-2fe3-43ba-894b-1ba3d5042ea9,0a5ad38d-2fe3-43ba-894b-1ba3d5042ea9,1,0,0.28523862375138737,0.26149131767109296,0.7147613762486127,0.7385086823289071,0.18233851185609157,0.14248785349445622,15,season_to_date,dc1a00d8-b994-4a38-a729-f2fbdc84770d,2015-07-12 22:00:00+00:00
5b058ded-5432-4310-8040-3b35d67df401,2015-07-15 23:00:00+00:00,2015-07-15,2015,5f0b5caf-708b-4300-92f2-53b51d83ec06,5f0b5caf-708b-4300-92f2-53b51d83ec06,f073a15f-0486-4179-b0a3-dfd0294eb595,f073a15f-0486-4179-b0a3-dfd0294eb595,0,0,0.2830957230142566,0.22847682119205298,0.7169042769857433,0.7715231788079471,0.13356526060756663,0.16697223677317968,14,season_to_date,51588f63-b302-49cf-a4c4-5a212bf4d71f,2015-07-12 00:00:00+00:00
5b058ded-5432-4310-8040-3b35d67df401,2015-07-15 23:00:00+00:00,2015-07-15,2015,f073a15f-0486-4179-b0a3-dfd0294eb595,f073a15f-0486-4179-b0a3-dfd0294eb595,5f0b5caf-708b-4300-92f2-53b51d83ec06,5f0b5caf-708b-4300-92f2-53b51d83ec06,1,0,0.2395709177592372,0.23269689737470167,0.7604290822407628,0.7673031026252983,0.1597333148135287,0.17474730169607675,13,season_to_date,5bf4ab5f-56d6-43f5-a976-4ccf30e9368c,2015-07-10 23:00:00+00:00
973fadab-4a74-4469-9c8e-0f14468d0272,2015-07-16 19:30:00+00:00,2015-07-16,2015,0a5ad38d-2fe3-43ba-894b-1ba3d5042ea9,0a5ad38d-2fe3-43ba-894b-1ba3d5042ea9,5d70a9af-8c2b-4aec-9e68-9acc6ddb93e4,5d70a9af-8c2b-4aec-9e68-9acc6ddb93e4,1,0,0.26012269938650306,0.23393939393939395,0.7398773006134969,0.7660606060606061,0.16681494661921709,0.11482449589245705,13,season_to_date,5aef9cd5-5585-4344-bf51-af62cf1a9ed7,2015-07-15 19:00:00+00:00
973fadab-4a74-4469-9c8e-0f14468d0272,2015-07-16 19:30:00+00:00,2015-07-16,2015,5d70a9af-8c2b-4aec-9e68-9acc6ddb93e4,5d70a9af-8c2b-4aec-9e68-9acc6ddb93e4,0a5ad38d-2fe3-43ba-894b-1ba3d5042ea9,0a5ad38d-2fe3-43ba-894b-1ba3d5042ea9,0,0,0.2191358024691358,0.2589595375722543,0.7808641975308642,0.7410404624277457,0.1867622889586135,0.1919017463058914,14,season_to_date,f65ef04d-a24f-42bc-90c4-36f635a92711,2015-07-15 02:00:00+00:00
a4ee7046-1b48-422a-babd-50c0184ffef7,2015-07-16 23:00:00+00:00,2015-07-16,2015,08ed8274-e29f-4248-bc2e-83cc8ed18d75,08ed8274-e29f-4248-bc2e-83cc8ed18d75,a015b02d-845c-40c1-8ef4-844984f47e4d,a015b02d-845c-40c1-8ef4-844984f47e4d,1,0,0.19123020706455543,0.29097387173396677,0.8087697929354446,0.7090261282660333,0.1865928320836486,0.1598665461875304,13,season_to_date,6b85eb61-28bd-4651-8d6d-aa35c8ae0294,2015-07-15 15:00:00+00:00
a4ee7046-1b48-422a-babd-50c0184ffef7,2015-07-16 23:00:00+00:00,2015-07-16,2015,a015b02d-845c-40c1-8ef4-844984f47e4d,a015b02d-845c-40c1-8ef4-844984f47e4d,08ed8274-e29f-4248-bc2e-83cc8ed18d75,08ed8274-e29f-4248-bc2e-83cc8ed18d75,0,0,0.2511961722488038,0.21614583333333334,0.7488038277511961,0.7838541666666666,0.14426811674619908,0.20008934221792057,12,season_to_date,42ef4bd5-af9a-4042-9ba7-05900d837cee,2015-07-14 23:00:00+00:00
fb3605cc-e2c7-4ae7-9827-aa884c7073c8,2015-07-17 23:00:00+00:00,2015-07-17,2015,5c0d47fe-8539-47b0-9f36-d0b3609ca89b,5c0d47fe-8539-47b0-9f36-d0b3609ca89b,f073a15f-0486-4179-b0a3-dfd0294eb595,f073a15f-0486-4179-b0a3-dfd0294eb595,1,0,0.2862644415917843,0.1859052247873633,0.7137355584082157,0.8140947752126367,0.16439146318015765,0.1519756838905775,12,season_to_date,c37b20c7-d697-422c-818e-2f7a07706100,2015-07-15 16:30:00+00:00
fb3605cc-e2c7-4ae7-9827-aa884c7073c8,2015-07-17 23:00:00+00:00,2015-07-17,2015,f073a15f-0486-4179-b0a3-dfd0294eb595,f073a15f-0486-4179-b0a3-dfd0294eb595,5c0d47fe-8539-47b0-9f36-d0b3609ca89b,5c0d47fe-8539-47b0-9f36-d0b3609ca89b,0,0,0.24,0.23658269441401972,0.76,0.7634173055859803,0.15875830056089227,0.17087526105942663,14,season_to_date,5b058ded-5432-4310-8040-3b35d67df401,2015-07-15 23:00:00+00:00
10097670-7563-4f11-bb49-94590a0e5a76,2015-07-18 00:00:00+00:00,2015-07-18,2015,5f0b5caf-708b-4300-92f2-53b51d83ec06,5f0b5caf-708b-4300-92f2-53b51d83ec06,e6bc56cc-9dad-43aa-8ccb-ee9d499fea28,FR_LVA_ACES,0,0,0.282876064333018,0.2295760082730093,0.7171239356669821,0.7704239917269907,0.13290572361387998,0.165557861328125,15,season_to_date,5b058ded-5432-4310-8040-3b35d67df401,2015-07-15 23:00:00+00:00
10097670-7563-4f11-bb49-94590a0e5a76,2015-07-18 00:00:00+00:00,2015-07-18,2015,e6bc56cc-9dad-43aa-8ccb-ee9d499fea28,FR_LVA_ACES,5f0b5caf-708b-4300-92f2-53b51d83ec06,5f0b5caf-708b-4300-92f2-53b51d83ec06,1,0,0.20572057205720573,0.1683991683991684,0.7942794279427943,0.8316008316008316,0.1603354711396152,0.1388934278898003,14,season_to_date,6b85eb61-28bd-4651-8d6d-aa35c8ae0294,2015-07-15 15:00:00+00:00
9943a5c4-f2cc-486d-9bcd-d2de37ca46a6,2015-07-18 00:00:00+00:00,2015-07-18,2015,3c409388-ab73-4c7f-953d-3a71062240f6,3c409388-ab73-4c7f-953d-3a71062240f6,6f017f37-be96-4bdc-b6d3-0a0429c72e89,6f017f37-be96-4bdc-b6d3-0a0429c72e89,0,0,0.18609406952965235,0.23487903225806453,0.8139059304703476,0.7651209677419355,0.13750510733255805,0.1467695334112006,14,season_to_date,c37b20c7-d697-422c-818e-2f7a07706100,2015-07-15 16:30:00+00:00
9943a5c4-f2cc-486d-9bcd-d2de37ca46a6,2015-07-18 00:00:00+00:00,2015-07-18,2015,6f017f37-be96-4bdc-b6d3-0a0429c72e89,6f017f37-be96-4bdc-b6d3-0a0429c72e89,3c409388-ab73-4c7f-953d-3a71062240f6,3c409388-ab73-4c7f-953d-3a71062240f6,1,0,0.1761904761904762,0.2672919109026964,0.8238095238095238,0.7327080890973037,0.15891360878358857,0.15601756104640616,13,season_to_date,42ef4bd5-af9a-4042-9ba7-05900d837cee,2015-07-14 23:00:00+00:00
a2cf1100-a12c-408e-a395-f02217bc3aa9,2015-07-19 01:00:00+00:00,2015-07-19,2015,5d70a9af-8c2b-4aec-9e68-9acc6ddb93e4,5d70a9af-8c2b-4aec-9e68-9acc6ddb93e4,d6a012ed-84aa-48d3-8265-2d3f3ff2199a,d6a012ed-84aa-48d3-8265-2d3f3ff2199a,0,0,0.21911196911196912,0.25026968716289105,0.7808880308880309,0.749730312837109,0.1853820969863167,0.19261781042823867,15,season_to_date,973fadab-4a74-4469-9c8e-0f14468d0272,2015-07-16 19:30:00+00:00
a2cf1100-a12c-408e-a395-f02217bc3aa9,2015-07-19 01:00:00+00:00,2015-07-19,2015,d6a012ed-84aa-48d3-8265-2d3f3ff2199a,d6a012ed-84aa-48d3-8265-2d3f3ff2199a,5d70a9af-8c2b-4aec-9e68-9acc6ddb93e4,5d70a9af-8c2b-4aec-9e68-9acc6ddb93e4,1,0,0.2849740932642487,0.2621359223300971,0.7150259067357513,0.7378640776699029,0.1793048488935205,0.15231400117164617,16,season_to_date,5aef9cd5-5585-4344-bf51-af62cf1a9ed7,2015-07-15 19:00:00+00:00
0b3726f1-ae61-4d2e-b5d6-515b97e3e59e,2015-07-19 02:00:00+00:00,2015-07-19,2015,0699edf3-5993-4182-b9b4-ec935cbd4fcc,0699edf3-5993-4182-b9b4-ec935cbd4fcc,08ed8274-e29f-4248-bc2e-83cc8ed18d75,08ed8274-e29f-4248-bc2e-83cc8ed18d75,1,0,0.22343921139101863,0.22645502645502646,0.7765607886089814,0.7735449735449735,0.14022568868237636,0.16445267594839696,14,season_to_date,f65ef04d-a24f-42bc-90c4-36f635a92711,2015-07-15 02:00:00+00:00
0b3726f1-ae61-4d2e-b5d6-515b97e3e59e,2015-07-19 02:00:00+00:00,2015-07-19,2015,08ed8274-e29f-4248-bc2e-83cc8ed18d75,08ed8274-e29f-4248-bc2e-83cc8ed18d75,0699edf3-5993-4182-b9b4-ec935cbd4fcc,0699edf3-5993-4182-b9b4-ec935cbd4fcc,0,0,0.19387755102040816,0.2894736842105263,0.8061224489795918,0.7105263157894737,0.1848236574281508,0.16105653084232566,14,season_to_date,a4ee7046-1b48-422a-babd-50c0184ffef7,2015-07-16 23:00:00+00:00
e1a15cf3-4715-4129-9992-47f77c912537,2015-07-19 20:30:00+00:00,2015-07-19,2015,5f0b5caf-708b-4300-92f2-53b51d83ec06,5f0b5caf-708b-4300-92f2-53b51d83ec06,6f017f37-be96-4bdc-b6d3-0a0429c72e89,6f017f37-be96-4bdc-b6d3-0a0429c72e89,1,0,0.28,0.22113502935420742,0.72,0.7788649706457925,0.13241165765814705,0.16757856140250363,16,season_to_date,10097670-7563-4f11-bb49-94590a0e5a76,2015-07-18 00:00:00+00:00
e1a15cf3-4715-4129-9992-47f77c912537,2015-07-19 20:30:00+00:00,2015-07-19,2015,6f017f37-be96-4bdc-b6d3-0a0429c72e89,6f017f37-be96-4bdc-b6d3-0a0429c72e89,5f0b5caf-708b-4300-92f2-53b51d83ec06,5f0b5caf-708b-4300-92f2-53b51d83ec06,0,0,0.1761487964989059,0.2634989200863931,0.8238512035010941,0.7365010799136069,0.15535732184023254,0.15409869016113364,14,season_to_date,9943a5c4-f2cc-486d-9bcd-d2de37ca46a6,2015-07-18 00:00:00+00:00
34aa781e-84d0-4e1d-a599-3a5035e91258,2015-07-19 22:00:00+00:00,2015-07-19,2015,3c409388-ab73-4c7f-953d-3a71062240f6,3c409388-ab73-4c7f-953d-3a71062240f6,e6bc56cc-9dad-43aa-8ccb-ee9d499fea28,FR_LVA_ACES,1,0,0.18839200761179828,0.23076923076923078,0.8116079923882017,0.7692307692307693,0.1370686369366992,0.14449204934295656,15,season_to_date,9943a5c4-f2cc-486d-9bcd-d2de37ca46a6,2015-07-18 00:00:00+00:00
34aa781e-84d0-4e1d-a599-3a5035e91258,2015-07-19 22:00:00+00:00,2015-07-19,2015,e6bc56cc-9dad-43aa-8ccb-ee9d499fea28,FR_LVA_ACES,3c409388-ab73-4c7f-953d-3a71062240f6,3c409388-ab73-4c7f-953d-3a71062240f6,0,0,0.19813278008298754,0.17281553398058253,0.8018672199170125,0.8271844660194175,0.16284643274135072,0.1379362901996647,15,season_to_date,10097670-7563-4f11-bb49-94590a0e5a76,2015-07-18 00:00:00+00:00
4dc912c8-3ada-42df-84a8-9fc91e2c1f86,2015-07-19 23:00:00+00:00,2015-07-19,2015,5c0d47fe-8539-47b0-9f36-d0b3609ca89b,5c0d47fe-8539-47b0-9f36-d0b3609ca89b,a015b02d-845c-40c1-8ef4-844984f47e4d,a015b02d-845c-40c1-8ef4-844984f47e4d,1,0,0.2826855123674912,0.1943181818181818,0.7173144876325088,0.8056818181818182,0.15994881637875877,0.1572162247143905,13,season_to_date,fb3605cc-e2c7-4ae7-9827-aa884c7073c8,2015-07-17 23:00:00+00:00
4dc912c8-3ada-42df-84a8-9fc91e2c1f86,2015-07-19 23:00:00+00:00,2015-07-19,2015,a015b02d-845c-40c1-8ef4-844984f47e4d,a015b02d-845c-40c1-8ef4-844984f47e4d,5c0d47fe-8539-47b0-9f36-d0b3609ca89b,5c0d47fe-8539-47b0-9f36-d0b3609ca89b,0,0,0.25275938189845476,0.21712907117008443,0.7472406181015453,0.7828709288299156,0.14673764673764675,0.19717582228345099,13,season_to_date,a4ee7046-1b48-422a-babd-50c0184ffef7,2015-07-16 23:00:00+00:00
2a1292c8-4d74-4540-8f06-d85888d96260,2015-07-21 16:30:00+00:00,2015-07-21,2015,5c0d47fe-8539-47b0-9f36-d0b3609ca89b,5c0d47fe-8539-47b0-9f36-d0b3609ca89b,5f0b5caf-708b-4300-92f2-53b51d83ec06,5f0b5caf-708b-4300-92f2-53b51d83ec06,0,0,0.28114663726571115,0.20125786163522014,0.7188533627342889,0.7987421383647799,0.1592146510476819,0.15860492077804975,14,season_to_date,4dc912c8-3ada-42df-84a8-9fc91e2c1f86,2015-07-19 23:00:00+00:00
2a1292c8-4d74-4540-8f06-d85888d96260,2015-07-21 16:30:00+00:00,2015-07-21,2015,5f0b5caf-708b-4300-92f2-53b51d83ec06,5f0b5caf-708b-4300-92f2-53b51d83ec06,5c0d47fe-8539-47b0-9f36-d0b3609ca89b,5c0d47fe-8539-47b0-9f36-d0b3609ca89b,1,0,0.2842724978973928,0.2188365650969529,0.7157275021026073,0.7811634349030471,0.13361426589238912,0.16632410212029425,17,season_to_date,e1a15cf3-4715-4129-9992-47f77c912537,2015-07-19 20:30:00+00:00
79210623-0c29-4c8a-821f-c220657125f7,2015-07-21 16:30:00+00:00,2015-07-21,2015,e6bc56cc-9dad-43aa-8ccb-ee9d499fea28,FR_LVA_ACES,f073a15f-0486-4179-b0a3-dfd0294eb595,f073a15f-0486-4179-b0a3-dfd0294eb595,1,0,0.19786614936954414,0.1721014492753623,0.8021338506304558,0.8278985507246377,0.16023790276013397,0.13755844452046984,16,season_to_date,34aa781e-84d0-4e1d-a599-3a5035e91258,2015-07-19 22:00:00+00:00
79210623-0c29-4c8a-821f-c220657125f7,2015-07-21 16:30:00+00:00,2015-07-21,2015,f073a15f-0486-4179-b0a3-dfd0294eb595,f073a15f-0486-4179-b0a3-dfd0294eb595,e6bc56cc-9dad-43aa-8ccb-ee9d499fea28,FR_LVA_ACES,0,0,0.2445141065830721,0.237029501525941,0.7554858934169278,0.762970498474059,0.16289853315553401,0.16676054667812992,15,season_to_date,fb3605cc-e2c7-4ae7-9827-aa884c7073c8,2015-07-17 23:00:00+00:00
21452280-3b7a-4b0c-994c-4d8af191bcd4,2015-07-22 00:00:00+00:00,2015-07-22,2015,3c409388-ab73-4c7f-953d-3a71062240f6,3c409388-ab73-4c7f-953d-3a71062240f6,5d70a9af-8c2b-4aec-9e68-9acc6ddb93e4,5d70a9af-8c2b-4aec-9e68-9acc6ddb93e4,1,0,0.18666666666666668,0.22859664607237423,0.8133333333333334,0.7714033539276258,0.1367584804002419,0.14308188895217944,16,season_to_date,34aa781e-84d0-4e1d-a599-3a5035e91258,2015-07-19 22:00:00+00:00
21452280-3b7a-4b0c-994c-4d8af191bcd4,2015-07-22 00:00:00+00:00,2015-07-22,2015,5d70a9af-8c2b-4aec-9e68-9acc6ddb93e4,5d70a9af-8c2b-4aec-9e68-9acc6ddb93e4,3c409388-ab73-4c7f-953d-3a71062240f6,3c409388-ab73-4c7f-953d-3a71062240f6,0,0,0.22272727272727272,0.24263959390862944,0.7772727272727272,0.7573604060913706,0.1862539349422875,0.1924752030121667,16,season_to_date,a2cf1100-a12c-408e-a395-f02217bc3aa9,2015-07-19 01:00:00+00:00
b46091b6-b2ba-4e36-969b-245da0328d87,2015-07-22 02:00:00+00:00,2015-07-22,2015,08ed8274-e29f-4248-bc2e-83cc8ed18d75,08ed8274-e29f-4248-bc2e-83cc8ed18d75,d6a012ed-84aa-48d3-8265-2d3f3ff2199a,d6a012ed-84aa-48d3-8265-2d3f3ff2199a,0,0,0.1897810218978102,0.28556806550665303,0.8102189781021898,0.714431934493347,0.17929644667042052,0.16000483033450066,15,season_to_date,0b3726f1-ae61-4d2e-b5d6-515b97e3e59e,2015-07-19 02:00:00+00:00
b46091b6-b2ba-4e36-969b-245da0328d87,2015-07-22 02:00:00+00:00,2015-07-22,2015,d6a012ed-84aa-48d3-8265-2d3f3ff2199a,d6a012ed-84aa-48d3-8265-2d3f3ff2199a,08ed8274-e29f-4248-bc2e-83cc8ed18d75,08ed8274-e29f-4248-bc2e-83cc8ed18d75,1,0,0.2756598240469208,0.263254113345521,0.7243401759530792,0.7367458866544789,0.17996487085720866,0.1553815403992005,17,season_to_date,a2cf1100-a12c-408e-a395-f02217bc3aa9,2015-07-19 01:00:00+00:00
bdc51b47-6f2d-40cd-a0b3-233b79ceac43,2015-07-22 03:00:00+00:00,2015-07-22,2015,0699edf3-5993-4182-b9b4-ec935cbd4fcc,0699edf3-5993-4182-b9b4-ec935cbd4fcc,0a5ad38d-2fe3-43ba-894b-1ba3d5042ea9,0a5ad38d-2fe3-43ba-894b-1ba3d5042ea9,0,0,0.22392638036809817,0.22015655577299412,0.7760736196319018,0.7798434442270059,0.14048868328727993,0.16044125040664833,15,season_to_date,0b3726f1-ae61-4d2e-b5d6-515b97e3e59e,2015-07-19 02:00:00+00:00
bdc51b47-6f2d-40cd-a0b3-233b79ceac43,2015-07-22 03:00:00+00:00,2015-07-22,2015,0a5ad38d-2fe3-43ba-894b-1ba3d5042ea9,0a5ad38d-2fe3-43ba-894b-1ba3d5042ea9,0699edf3-5993-4182-b9b4-ec935cbd4fcc,0699edf3-5993-4182-b9b4-ec935cbd4fcc,1,0,0.2508551881413911,0.23284589426321708,0.7491448118586089,0.7671541057367829,0.16954377311960542,0.1187525815778604,14,season_to_date,973fadab-4a74-4469-9c8e-0f14468d0272,2015-07-16 19:30:00+00:00
856c3033-570f-4d06-b862-20c9015d24ec,2015-07-22 17:00:00+00:00,2015-07-22,2015,6f017f37-be96-4bdc-b6d3-0a0429c72e89,6f017f37-be96-4bdc-b6d3-0a0429c72e89,a015b02d-845c-40c1-8ef4-844984f47e4d,a015b02d-845c-40c1-8ef4-844984f47e4d,1,0,0.1764102564102564,0.2696969696969697,0.8235897435897436,0.7303030303030303,0.1546971685730358,0.15413745618427643,15,season_to_date,e1a15cf3-4715-4129-9992-47f77c912537,2015-07-19 20:30:00+00:00
856c3033-570f-4d06-b862-20c9015d24ec,2015-07-22 17:00:00+00:00,2015-07-22,2015,a015b02d-845c-40c1-8ef4-844984f47e4d,a015b02d-845c-40c1-8ef4-844984f47e4d,6f017f37-be96-4bdc-b6d3-0a0429c72e89,6f017f37-be96-4bdc-b6d3-0a0429c72e89,0,0,0.25510204081632654,0.21984216459977451,0.7448979591836735,0.7801578354002254,0.1488986228846942,0.19387297314618984,14,season_to_date,4dc912c8-3ada-42df-84a8-9fc91e2c1f86,2015-07-19 23:00:00+00:00
57b60aae-9e4e-449e-bb78-48ce4583d4a0,2015-07-23 02:30:00+00:00,2015-07-23,2015,08ed8274-e29f-4248-bc2e-83cc8ed18d75,08ed8274-e29f-4248-bc2e-83cc8ed18d75,0a5ad38d-2fe3-43ba-894b-1ba3d5042ea9,0a5ad38d-2fe3-43ba-894b-1ba3d5042ea9,0,0,0.18622696411251213,0.28103946102021177,0.8137730358874878,0.7189605389797883,0.17525801874982613,0.16120785160355652,16,season_to_date,b46091b6-b2ba-4e36-969b-245da0328d87,2015-07-22 02:00:00+00:00
57b60aae-9e4e-449e-bb78-48ce4583d4a0,2015-07-23 02:30:00+00:00,2015-07-23,2015,0a5ad38d-2fe3-43ba-894b-1ba3d5042ea9,0a5ad38d-2fe3-43ba-894b-1ba3d5042ea9,08ed8274-e29f-4248-bc2e-83cc8ed18d75,08ed8274-e29f-4248-bc2e-83cc8ed18d75,1,0,0.24866023579849947,0.2297154899894626,0.7513397642015005,0.7702845100105374,0.16750418760469013,0.11835278858625163,15,season_to_date,bdc51b47-6f2d-40cd-a0b3-233b79ceac43,2015-07-22 03:00:00+00:00
a1dddeac-babc-4176-ae65-6db301556e8f,2015-07-28 23:00:00+00:00,2015-07-28,2015,a015b02d-845c-40c1-8ef4-844984f47e4d,a015b02d-845c-40c1-8ef4-844984f47e4d,f073a15f-0486-4179-b0a3-dfd0294eb595,f073a15f-0486-4179-b0a3-dfd0294eb595,1,0,0.2585551330798479,0.2182952182952183,0.7414448669201521,0.7817047817047817,0.1499206302545711,0.191576571224902,15,season_to_date,856c3033-570f-4d06-b862-20c9015d24ec,2015-07-22 17:00:00+00:00
a1dddeac-babc-4176-ae65-6db301556e8f,2015-07-28 23:00:00+00:00,2015-07-28,2015,f073a15f-0486-4179-b0a3-dfd0294eb595,f073a15f-0486-4179-b0a3-dfd0294eb595,a015b02d-845c-40c1-8ef4-844984f47e4d,a015b02d-845c-40c1-8ef4-844984f47e4d,0,0,0.23748773307163887,0.23638132295719844,0.7625122669283612,0.7636186770428015,0.16053998515897025,0.17421846575802524,16,season_to_date,79210623-0c29-4c8a-821f-c220657125f7,2015-07-21 16:30:00+00:00
951c2ab4-5371-4820-92ac-9330af18ba17,2015-07-29 02:00:00+00:00,2015-07-29,2015,0699edf3-5993-4182-b9b4-ec935cbd4fcc,0699edf3-5993-4182-b9b4-ec935cbd4fcc,3c409388-ab73-4c7f-953d-3a71062240f6,3c409388-ab73-4c7f-953d-3a71062240f6,1,0,0.22157996146435452,0.21985157699443414,0.7784200385356455,0.7801484230055659,0.13898285142806718,0.15913743305011077,16,season_to_date,bdc51b47-6f2d-40cd-a0b3-233b79ceac43,2015-07-22 03:00:00+00:00
951c2ab4-5371-4820-92ac-9330af18ba17,2015-07-29 02:00:00+00:00,2015-07-29,2015,3c409388-ab73-4c7f-953d-3a71062240f6,3c409388-ab73-4c7f-953d-3a71062240f6,0699edf3-5993-4182-b9b4-ec935cbd4fcc,0699edf3-5993-4182-b9b4-ec935cbd4fcc,0,0,0.18571428571428572,0.22425249169435216,0.8142857142857143,0.7757475083056479,0.13813581203201653,0.1447039624662145,17,season_to_date,21452280-3b7a-4b0c-994c-4d8af191bcd4,2015-07-22 00:00:00+00:00
4218b747-2509-4548-ac8b-e5898aed6620,2015-07-29 15:30:00+00:00,2015-07-29,2015,5c0d47fe-8539-47b0-9f36-d0b3609ca89b,5c0d47fe-8539-47b0-9f36-d0b3609ca89b,d6a012ed-84aa-48d3-8265-2d3f3ff2199a,d6a012ed-84aa-48d3-8265-2d3f3ff2199a,1,0,0.2782969885773624,0.20155793573515093,0.7217030114226376,0.7984420642648491,0.15615288999378496,0.15813342881012052,15,season_to_date,2a1292c8-4d74-4540-8f06-d85888d96260,2015-07-21 16:30:00+00:00
4218b747-2509-4548-ac8b-e5898aed6620,2015-07-29 15:30:00+00:00,2015-07-29,2015,d6a012ed-84aa-48d3-8265-2d3f3ff2199a,d6a012ed-84aa-48d3-8265-2d3f3ff2199a,5c0d47fe-8539-47b0-9f36-d0b3609ca89b,5c0d47fe-8539-47b0-9f36-d0b3609ca89b,0,0,0.271889400921659,0.2555746140651801,0.728110599078341,0.7444253859348199,0.1799880460769398,0.15299403516926177,18,season_to_date,b46091b6-b2ba-4e36-969b-245da0328d87,2015-07-22 02:00:00+00:00
43a02b0d-9d76-40c1-88b1-224039d62bd4,2015-07-29 23:00:00+00:00,2015-07-29,2015,08ed8274-e29f-4248-bc2e-83cc8ed18d75,08ed8274-e29f-4248-bc2e-83cc8ed18d75,f073a15f-0486-4179-b0a3-dfd0294eb595,f073a15f-0486-4179-b0a3-dfd0294eb595,0,0,0.18231540565177756,0.2731397459165154,0.8176845943482224,0.7268602540834845,0.17299456862335494,0.16057511421660842,17,season_to_date,57b60aae-9e4e-449e-bb78-48ce4583d4a0,2015-07-23 02:30:00+00:00
43a02b0d-9d76-40c1-88b1-224039d62bd4,2015-07-29 23:00:00+00:00,2015-07-29,2015,f073a15f-0486-4179-b0a3-dfd0294eb595,f073a15f-0486-4179-b0a3-dfd0294eb595,08ed8274-e29f-4248-bc2e-83cc8ed18d75,08ed8274-e29f-4248-bc2e-83cc8ed18d75,1,0,0.23454545454545456,0.24062214089661482,0.7654545454545455,0.7593778591033852,0.16040146957031043,0.17638541529551138,17,season_to_date,a1dddeac-babc-4176-ae65-6db301556e8f,2015-07-28 23:00:00+00:00
59eb02cf-5b14-43b3-9019-32f5db5fa7bd,2015-07-30 00:00:00+00:00,2015-07-30,2015,0a5ad38d-2fe3-43ba-894b-1ba3d5042ea9,0a5ad38d-2fe3-43ba-894b-1ba3d5042ea9,6f017f37-be96-4bdc-b6d3-0a0429c72e89,6f017f37-be96-4bdc-b6d3-0a0429c72e89,0,0,0.2419678714859438,0.22266009852216748,0.7580321285140562,0.7773399014778325,0.16640948836646396,0.1197685980294676,16,season_to_date,57b60aae-9e4e-449e-bb78-48ce4583d4a0,2015-07-23 02:30:00+00:00
59eb02cf-5b14-43b3-9019-32f5db5fa7bd,2015-07-30 00:00:00+00:00,2015-07-30,2015,6f017f37-be96-4bdc-b6d3-0a0429c72e89,6f017f37-be96-4bdc-b6d3-0a0429c72e89,0a5ad38d-2fe3-43ba-894b-1ba3d5042ea9,0a5ad38d-2fe3-43ba-894b-1ba3d5042ea9,1,0,0.17809523809523808,0.2721280602636535,0.8219047619047619,0.7278719397363466,0.15525246662797446,0.15480328299792623,16,season_to_date,856c3033-570f-4d06-b862-20c9015d24ec,2015-07-22 17:00:00+00:00
6e95ded4-3552-4ac8-bf23-f7caa371772e,2015-07-30 00:00:00+00:00,2015-07-30,2015,5d70a9af-8c2b-4aec-9e68-9acc6ddb93e4,5d70a9af-8c2b-4aec-9e68-9acc6ddb93e4,e6bc56cc-9dad-43aa-8ccb-ee9d499fea28,FR_LVA_ACES,0,0,0.21861656703672075,0.23809523809523808,0.7813834329632793,0.7619047619047619,0.1853178819401547,0.19042724229725097,17,season_to_date,21452280-3b7a-4b0c-994c-4d8af191bcd4,2015-07-22 00:00:00+00:00
6e95ded4-3552-4ac8-bf23-f7caa371772e,2015-07-30 00:00:00+00:00,2015-07-30,2015,e6bc56cc-9dad-43aa-8ccb-ee9d499fea28,FR_LVA_ACES,5d70a9af-8c2b-4aec-9e68-9acc6ddb93e4,5d70a9af-8c2b-4aec-9e68-9acc6ddb93e4,1,0,0.19888475836431227,0.16981132075471697,0.8011152416356877,0.8301886792452831,0.1678676711431379,0.13672611670887438,17,season_to_date,79210623-0c29-4c8a-821f-c220657125f7,2015-07-21 16:30:00+00:00
b6acb5fb-623b-4e7d-9922-945df44cbfad,2015-07-31 00:00:00+00:00,2015-07-31,2015,0699edf3-5993-4182-b9b4-ec935cbd4fcc,0699edf3-5993-4182-b9b4-ec935cbd4fcc,5f0b5caf-708b-4300-92f2-53b51d83ec06,5f0b5caf-708b-4300-92f2-53b51d83ec06,0,0,0.21931407942238268,0.21735395189003437,0.7806859205776173,0.7826460481099656,0.1402061855670103,0.15642924183960788,17,season_to_date,951c2ab4-5371-4820-92ac-9330af18ba17,2015-07-29 02:00:00+00:00
b6acb5fb-623b-4e7d-9922-945df44cbfad,2015-07-31 00:00:00+00:00,2015-07-31,2015,5f0b5caf-708b-4300-92f2-53b51d83ec06,5f0b5caf-708b-4300-92f2-53b51d83ec06,0699edf3-5993-4182-b9b4-ec935cbd4fcc,0699edf3-5993-4182-b9b4-ec935cbd4fcc,1,0,0.2797147385103011,0.21949078138718173,0.7202852614896988,0.7805092186128183,0.13472040984002706,0.16344495637177936,18,season_to_date,2a1292c8-4d74-4540-8f06-d85888d96260,2015-07-21 16:30:00+00:00
99bdd057-5dce-489c-8c71-03ea39d4dfa9,2015-07-31 23:00:00+00:00,2015-07-31,2015,a015b02d-845c-40c1-8ef4-844984f47e4d,a015b02d-845c-40c1-8ef4-844984f47e4d,d6a012ed-84aa-48d3-8265-2d3f3ff2199a,d6a012ed-84aa-48d3-8265-2d3f3ff2199a,1,0,0.26141450313339304,0.21668264621284755,0.738585496866607,0.7833173537871524,0.1536998235553595,0.1892683465959328,16,season_to_date,a1dddeac-babc-4176-ae65-6db301556e8f,2015-07-28 23:00:00+00:00
99bdd057-5dce-489c-8c71-03ea39d4dfa9,2015-07-31 23:00:00+00:00,2015-07-31,2015,d6a012ed-84aa-48d3-8265-2d3f3ff2199a,d6a012ed-84aa-48d3-8265-2d3f3ff2199a,a015b02d-845c-40c1-8ef4-844984f47e4d,a015b02d-845c-40c1-8ef4-844984f47e4d,0,0,0.26770293609671847,0.255663430420712,0.7322970639032815,0.7443365695792881,0.17520665400215638,0.14896643044555063,19,season_to_date,4218b747-2509-4548-ac8b-e5898aed6620,2015-07-29 15:30:00+00:00
0f355d0c-e93c-49e3-afd2-b72f8b969a04,2015-08-01 00:00:00+00:00,2015-08-01,2015,5d70a9af-8c2b-4aec-9e68-9acc6ddb93e4,5d70a9af-8c2b-4aec-9e68-9acc6ddb93e4,6f017f37-be96-4bdc-b6d3-0a0429c72e89,6f017f37-be96-4bdc-b6d3-0a0429c72e89,0,0,0.21746160064672596,0.2367713004484305,0.7825383993532741,0.7632286995515695,0.1828826512725828,0.19012584225128815,18,season_to_date,6e95ded4-3552-4ac8-bf23-f7caa371772e,2015-07-30 00:00:00+00:00
0f355d0c-e93c-49e3-afd2-b72f8b969a04,2015-08-01 00:00:00+00:00,2015-08-01,2015,6f017f37-be96-4bdc-b6d3-0a0429c72e89,6f017f37-be96-4bdc-b6d3-0a0429c72e89,5d70a9af-8c2b-4aec-9e68-9acc6ddb93e4,5d70a9af-8c2b-4aec-9e68-9acc6ddb93e4,1,0,0.1782178217821782,0.2712623097582811,0.8217821782178217,0.7287376902417189,0.15458699280418067,0.16137931034482758,17,season_to_date,59eb02cf-5b14-43b3-9019-32f5db5fa7bd,2015-07-30 00:00:00+00:00
c6cbabd5-5114-4dd1-b202-b0c442f30ffc,2015-08-01 00:00:00+00:00,2015-08-01,2015,5c0d47fe-8539-47b0-9f36-d0b3609ca89b,5c0d47fe-8539-47b0-9f36-d0b3609ca89b,e6bc56cc-9dad-43aa-8ccb-ee9d499fea28,FR_LVA_ACES,0,0,0.27686350435624396,0.2018181818181818,0.723136495643756,0.7981818181818182,0.15116550797452824,0.15422578655151142,16,season_to_date,4218b747-2509-4548-ac8b-e5898aed6620,2015-07-29 15:30:00+00:00
c6cbabd5-5114-4dd1-b202-b0c442f30ffc,2015-08-01 00:00:00+00:00,2015-08-01,2015,e6bc56cc-9dad-43aa-8ccb-ee9d499fea28,FR_LVA_ACES,5c0d47fe-8539-47b0-9f36-d0b3609ca89b,5c0d47fe-8539-47b0-9f36-d0b3609ca89b,1,0,0.19982471516213848,0.17126623376623376,0.8001752848378615,0.8287337662337663,0.16895783733968206,0.13693766800223156,18,season_to_date,6e95ded4-3552-4ac8-bf23-f7caa371772e,2015-07-30 00:00:00+00:00
2d70d9db-d7cb-4131-afbe-574f8c3c614e,2015-08-01 00:30:00+00:00,2015-08-01,2015,0a5ad38d-2fe3-43ba-894b-1ba3d5042ea9,0a5ad38d-2fe3-43ba-894b-1ba3d5042ea9,3c409388-ab73-4c7f-953d-3a71062240f6,3c409388-ab73-4c7f-953d-3a71062240f6,0,0,0.24262607040913417,0.22026022304832713,0.7573739295908658,0.7797397769516728,0.17254163814738763,0.12118033902148649,17,season_to_date,59eb02cf-5b14-43b3-9019-32f5db5fa7bd,2015-07-30 00:00:00+00:00
2d70d9db-d7cb-4131-afbe-574f8c3c614e,2015-08-01 00:30:00+00:00,2015-08-01,2015,3c409388-ab73-4c7f-953d-3a71062240f6,3c409388-ab73-4c7f-953d-3a71062240f6,0a5ad38d-2fe3-43ba-894b-1ba3d5042ea9,0a5ad38d-2fe3-43ba-894b-1ba3d5042ea9,1,0,0.18573667711598746,0.22213500784929358,0.8142633228840125,0.7778649921507065,0.13699456849728425,0.1454466775651505,18,season_to_date,951c2ab4-5371-4820-92ac-9330af18ba17,2015-07-29 02:00:00+00:00
f59d0bd6-ceef-43fb-9a5e-e9942ae5c28c,2015-08-02 00:00:00+00:00,2015-08-02,2015,5f0b5caf-708b-4300-92f2-53b51d83ec06,5f0b5caf-708b-4300-92f2-53b51d83ec06,6f017f37-be96-4bdc-b6d3-0a0429c72e89,6f017f37-be96-4bdc-b6d3-0a0429c72e89,1,0,0.2811094452773613,0.2179379715004191,0.7188905547226386,0.7820620284995808,0.13532031517643028,0.16531152037617555,19,season_to_date,b6acb5fb-623b-4e7d-9922-945df44cbfad,2015-07-31 00:00:00+00:00
f59d0bd6-ceef-43fb-9a5e-e9942ae5c28c,2015-08-02 00:00:00+00:00,2015-08-02,2015,6f017f37-be96-4bdc-b6d3-0a0429c72e89,6f017f37-be96-4bdc-b6d3-0a0429c72e89,5f0b5caf-708b-4300-92f2-53b51d83ec06,5f0b5caf-708b-4300-92f2-53b51d83ec06,0,0,0.17929292929292928,0.26756985605419137,0.8207070707070707,0.7324301439458086,0.15408419006700425,0.16487082954692978,18,season_to_date,0f355d0c-e93c-49e3-afd2-b72f8b969a04,2015-08-01 00:00:00+00:00
318209c9-1d6b-41fe-9a23-3e652b398757,2015-08-02 19:00:00+00:00,2015-08-02,2015,08ed8274-e29f-4248-bc2e-83cc8ed18d75,08ed8274-e29f-4248-bc2e-83cc8ed18d75,d6a012ed-84aa-48d3-8265-2d3f3ff2199a,d6a012ed-84aa-48d3-8265-2d3f3ff2199a,1,0,0.18095238095238095,0.27467811158798283,0.819047619047619,0.7253218884120172,0.17667844522968199,0.16222244753117712,18,season_to_date,43a02b0d-9d76-40c1-88b1-224039d62bd4,2015-07-29 23:00:00+00:00
318209c9-1d6b-41fe-9a23-3e652b398757,2015-08-02 19:00:00+00:00,2015-08-02,2015,d6a012ed-84aa-48d3-8265-2d3f3ff2199a,d6a012ed-84aa-48d3-8265-2d3f3ff2199a,08ed8274-e29f-4248-bc2e-83cc8ed18d75,08ed8274-e29f-4248-bc2e-83cc8ed18d75,0,0,0.2616899097621001,0.2540415704387991,0.7383100902379,0.745958429561201,0.17534033071134597,0.15058839946044,20,season_to_date,99bdd057-5dce-489c-8c71-03ea39d4dfa9,2015-07-31 23:00:00+00:00
ee2400ab-ddff-44ff-ba28-111493845e3c,2015-08-02 19:00:00+00:00,2015-08-02,2015,0699edf3-5993-4182-b9b4-ec935cbd4fcc,0699edf3-5993-4182-b9b4-ec935cbd4fcc,5d70a9af-8c2b-4aec-9e68-9acc6ddb93e4,5d70a9af-8c2b-4aec-9e68-9acc6ddb93e4,0,0,0.21772805507745266,0.22249190938511326,0.7822719449225474,0.7775080906148867,0.14339347168630723,0.15579381240952916,18,season_to_date,b6acb5fb-623b-4e7d-9922-945df44cbfad,2015-07-31 00:00:00+00:00
ee2400ab-ddff-44ff-ba28-111493845e3c,2015-08-02 19:00:00+00:00,2015-08-02,2015,5d70a9af-8c2b-4aec-9e68-9acc6ddb93e4,5d70a9af-8c2b-4aec-9e68-9acc6ddb93e4,0699edf3-5993-4182-b9b4-ec935cbd4fcc,0699edf3-5993-4182-b9b4-ec935cbd4fcc,1,0,0.2167563412759416,0.23406040268456377,0.7832436587240584,0.7659395973154363,0.18478646896919115,0.18755387805503135,19,season_to_date,0f355d0c-e93c-49e3-afd2-b72f8b969a04,2015-08-01 00:00:00+00:00
8467315b-e464-429b-a230-4bf7e5fc8db7,2015-08-02 20:30:00+00:00,2015-08-02,2015,0a5ad38d-2fe3-43ba-894b-1ba3d5042ea9,0a5ad38d-2fe3-43ba-894b-1ba3d5042ea9,e6bc56cc-9dad-43aa-8ccb-ee9d499fea28,FR_LVA_ACES,0,0,0.23634735899731424,0.2169728783902012,0.7636526410026858,0.7830271216097988,0.16750080723280594,0.12029190836429735,18,season_to_date,2d70d9db-d7cb-4131-afbe-574f8c3c614e,2015-08-01 00:30:00+00:00
8467315b-e464-429b-a230-4bf7e5fc8db7,2015-08-02 20:30:00+00:00,2015-08-02,2015,e6bc56cc-9dad-43aa-8ccb-ee9d499fea28,FR_LVA_ACES,0a5ad38d-2fe3-43ba-894b-1ba3d5042ea9,0a5ad38d-2fe3-43ba-894b-1ba3d5042ea9,1,0,0.19601328903654486,0.1745173745173745,0.8039867109634552,0.8254826254826255,0.16809588774118106,0.13858427128774914,19,season_to_date,c6cbabd5-5114-4dd1-b202-b0c442f30ffc,2015-08-01 00:00:00+00:00
a45793d7-41e4-4249-8129-764fd19e16f7,2015-08-02 22:00:00+00:00,2015-08-02,2015,a015b02d-845c-40c1-8ef4-844984f47e4d,a015b02d-845c-40c1-8ef4-844984f47e4d,f073a15f-0486-4179-b0a3-dfd0294eb595,f073a15f-0486-4179-b0a3-dfd0294eb595,0,0,0.2593220338983051,0.2128623188405797,0.7406779661016949,0.7871376811594203,0.15523915924030243,0.18863737239236575,17,season_to_date,99bdd057-5dce-489c-8c71-03ea39d4dfa9,2015-07-31 23:00:00+00:00
a45793d7-41e4-4249-8129-764fd19e16f7,2015-08-02 22:00:00+00:00,2015-08-02,2015,f073a15f-0486-4179-b0a3-dfd0294eb595,f073a15f-0486-4179-b0a3-dfd0294eb595,a015b02d-845c-40c1-8ef4-844984f47e4d,a015b02d-845c-40c1-8ef4-844984f47e4d,1,0,0.23817712811693895,0.2363162467419635,0.7618228718830611,0.7636837532580365,0.1620440156768164,0.17991433836346432,18,season_to_date,43a02b0d-9d76-40c1-88b1-224039d62bd4,2015-07-29 23:00:00+00:00
c1cbb2de-bb93-4e04-bf6c-df030d59b787,2015-08-02 22:00:00+00:00,2015-08-02,2015,3c409388-ab73-4c7f-953d-3a71062240f6,3c409388-ab73-4c7f-953d-3a71062240f6,5c0d47fe-8539-47b0-9f36-d0b3609ca89b,5c0d47fe-8539-47b0-9f36-d0b3609ca89b,1,0,0.18466120625465376,0.21791044776119403,0.8153387937453462,0.7820895522388059,0.1354578014510056,0.14246155254485537,19,season_to_date,2d70d9db-d7cb-4131-afbe-574f8c3c614e,2015-08-01 00:30:00+00:00
c1cbb2de-bb93-4e04-bf6c-df030d59b787,2015-08-02 22:00:00+00:00,2015-08-02,2015,5c0d47fe-8539-47b0-9f36-d0b3609ca89b,5c0d47fe-8539-47b0-9f36-d0b3609ca89b,3c409388-ab73-4c7f-953d-3a71062240f6,3c409388-ab73-4c7f-953d-3a71062240f6,0,0,0.27463503649635035,0.19776440240756663,0.7253649635036497,0.8022355975924333,0.15224160260119587,0.15406274072303236,17,season_to_date,c6cbabd5-5114-4dd1-b202-b0c442f30ffc,2015-08-01 00:00:00+00:00
f702b081-6f44-4c37-9c52-92317f535f03,2015-08-04 23:00:00+00:00,2015-08-04,2015,e6bc56cc-9dad-43aa-8ccb-ee9d499fea28,FR_LVA_ACES,a015b02d-845c-40c1-8ef4-844984f47e4d,a015b02d-845c-40c1-8ef4-844984f47e4d,0,0,0.19400630914826497,0.17573529411764705,0.805993690851735,0.8242647058823529,0.1643705132077225,0.13857264426504748,20,season_to_date,8467315b-e464-429b-a230-4bf7e5fc8db7,2015-08-02 20:30:00+00:00
f702b081-6f44-4c37-9c52-92317f535f03,2015-08-04 23:00:00+00:00,2015-08-04,2015,a015b02d-845c-40c1-8ef4-844984f47e4d,a015b02d-845c-40c1-8ef4-844984f47e4d,e6bc56cc-9dad-43aa-8ccb-ee9d499fea28,FR_LVA_ACES,1,0,0.2574898785425101,0.2123817712811694,0.7425101214574898,0.7876182287188306,0.15717068119622296,0.18724045877002174,18,season_to_date,a45793d7-41e4-4249-8129-764fd19e16f7,2015-08-02 22:00:00+00:00
3bc6b7a7-f771-4491-b232-56bbc2f46a71,2015-08-05 00:00:00+00:00,2015-08-05,2015,3c409388-ab73-4c7f-953d-3a71062240f6,3c409388-ab73-4c7f-953d-3a71062240f6,f073a15f-0486-4179-b0a3-dfd0294eb595,f073a15f-0486-4179-b0a3-dfd0294eb595,1,0,0.1848441926345609,0.21843971631205675,0.8151558073654391,0.7815602836879433,0.1336371204486702,0.13931076681016585,20,season_to_date,c1cbb2de-bb93-4e04-bf6c-df030d59b787,2015-08-02 22:00:00+00:00
3bc6b7a7-f771-4491-b232-56bbc2f46a71,2015-08-05 00:00:00+00:00,2015-08-05,2015,f073a15f-0486-4179-b0a3-dfd0294eb595,f073a15f-0486-4179-b0a3-dfd0294eb595,3c409388-ab73-4c7f-953d-3a71062240f6,3c409388-ab73-4c7f-953d-3a71062240f6,0,0,0.23649754500818332,0.23548922056384744,0.7635024549918167,0.7645107794361525,0.16206296622893776,0.18055884442339568,19,season_to_date,a45793d7-41e4-4249-8129-764fd19e16f7,2015-08-02 22:00:00+00:00
0b4a9f9d-10df-4156-9ddc-3355ba755068,2015-08-05 02:00:00+00:00,2015-08-05,2015,0699edf3-5993-4182-b9b4-ec935cbd4fcc,0699edf3-5993-4182-b9b4-ec935cbd4fcc,5f0b5caf-708b-4300-92f2-53b51d83ec06,5f0b5caf-708b-4300-92f2-53b51d83ec06,1,0,0.21493027071369974,0.2234123947972456,0.7850697292863003,0.7765876052027544,0.1455999210305513,0.15481317658014201,19,season_to_date,ee2400ab-ddff-44ff-ba28-111493845e3c,2015-08-02 19:00:00+00:00
0b4a9f9d-10df-4156-9ddc-3355ba755068,2015-08-05 02:00:00+00:00,2015-08-05,2015,5f0b5caf-708b-4300-92f2-53b51d83ec06,5f0b5caf-708b-4300-92f2-53b51d83ec06,0699edf3-5993-4182-b9b4-ec935cbd4fcc,0699edf3-5993-4182-b9b4-ec935cbd4fcc,0,0,0.28346456692913385,0.22257551669316375,0.7165354330708661,0.7774244833068362,0.1338469574301384,0.16444310152473038,20,season_to_date,f59d0bd6-ceef-43fb-9a5e-e9942ae5c28c,2015-08-02 00:00:00+00:00
32f7c59f-a077-45fc-b423-f9388c23529d,2015-08-05 02:00:00+00:00,2015-08-05,2015,0a5ad38d-2fe3-43ba-894b-1ba3d5042ea9,0a5ad38d-2fe3-43ba-894b-1ba3d5042ea9,6f017f37-be96-4bdc-b6d3-0a0429c72e89,6f017f37-be96-4bdc-b6d3-0a0429c72e89,1,0,0.23434856175972926,0.21375310687655344,0.7656514382402707,0.7862468931234465,0.16601961585615038,0.1186427773830068,19,season_to_date,8467315b-e464-429b-a230-4bf7e5fc8db7,2015-08-02 20:30:00+00:00
32f7c59f-a077-45fc-b423-f9388c23529d,2015-08-05 02:00:00+00:00,2015-08-05,2015,6f017f37-be96-4bdc-b6d3-0a0429c72e89,6f017f37-be96-4bdc-b6d3-0a0429c72e89,0a5ad38d-2fe3-43ba-894b-1ba3d5042ea9,0a5ad38d-2fe3-43ba-894b-1ba3d5042ea9,0,0,0.18595371109337588,0.2709003215434084,0.8140462889066241,0.7290996784565916,0.15377536688138713,0.16163528197059837,19,season_to_date,f59d0bd6-ceef-43fb-9a5e-e9942ae5c28c,2015-08-02 00:00:00+00:00
10581680-8911-40a5-ac03-c7699d930d73,2015-08-05 23:00:00+00:00,2015-08-05,2015,5c0d47fe-8539-47b0-9f36-d0b3609ca89b,5c0d47fe-8539-47b0-9f36-d0b3609ca89b,e6bc56cc-9dad-43aa-8ccb-ee9d499fea28,FR_LVA_ACES,1,0,0.2718696397941681,0.19724025974025974,0.7281303602058319,0.8027597402597403,0.14795599123996245,0.15099277751214232,18,season_to_date,c1cbb2de-bb93-4e04-bf6c-df030d59b787,2015-08-02 22:00:00+00:00
10581680-8911-40a5-ac03-c7699d930d73,2015-08-05 23:00:00+00:00,2015-08-05,2015,e6bc56cc-9dad-43aa-8ccb-ee9d499fea28,FR_LVA_ACES,5c0d47fe-8539-47b0-9f36-d0b3609ca89b,5c0d47fe-8539-47b0-9f36-d0b3609ca89b,0,0,0.19349962207105065,0.18048780487804877,0.8065003779289494,0.8195121951219512,0.1688138605064416,0.14062397802341553,21,season_to_date,f702b081-6f44-4c37-9c52-92317f535f03,2015-08-04 23:00:00+00:00
15432e87-7ac0-48c5-8fbf-3da0f437d72a,2015-08-07 02:30:00+00:00,2015-08-07,2015,0a5ad38d-2fe3-43ba-894b-1ba3d5042ea9,0a5ad38d-2fe3-43ba-894b-1ba3d5042ea9,5f0b5caf-708b-4300-92f2-53b51d83ec06,5f0b5caf-708b-4300-92f2-53b51d83ec06,1,0,0.22875297855440826,0.219070133963751,0.7712470214455918,0.780929866036249,0.1614658925979681,0.12196300053132396,20,season_to_date,32f7c59f-a077-45fc-b423-f9388c23529d,2015-08-05 02:00:00+00:00
15432e87-7ac0-48c5-8fbf-3da0f437d72a,2015-08-07 02:30:00+00:00,2015-08-07,2015,5f0b5caf-708b-4300-92f2-53b51d83ec06,5f0b5caf-708b-4300-92f2-53b51d83ec06,0a5ad38d-2fe3-43ba-894b-1ba3d5042ea9,0a5ad38d-2fe3-43ba-894b-1ba3d5042ea9,0,0,0.28125,0.22171945701357465,0.71875,0.7782805429864253,0.13240374868113453,0.16330854280228632,21,season_to_date,0b4a9f9d-10df-4156-9ddc-3355ba755068,2015-08-05 02:00:00+00:00
34b4b132-5439-4599-a6e9-f74146268536,2015-08-07 23:00:00+00:00,2015-08-07,2015,5d70a9af-8c2b-4aec-9e68-9acc6ddb93e4,5d70a9af-8c2b-4aec-9e68-9acc6ddb93e4,f073a15f-0486-4179-b0a3-dfd0294eb595,f073a15f-0486-4179-b0a3-dfd0294eb595,0,0,0.21793002915451895,0.23058446757405926,0.782069970845481,0.7694155324259407,0.1825474094141551,0.1874154412580123,20,season_to_date,ee2400ab-ddff-44ff-ba28-111493845e3c,2015-08-02 19:00:00+00:00
34b4b132-5439-4599-a6e9-f74146268536,2015-08-07 23:00:00+00:00,2015-08-07,2015,f073a15f-0486-4179-b0a3-dfd0294eb595,f073a15f-0486-4179-b0a3-dfd0294eb595,5d70a9af-8c2b-4aec-9e68-9acc6ddb93e4,5d70a9af-8c2b-4aec-9e68-9acc6ddb93e4,1,0,0.2382420971472629,0.23076923076923078,0.761757902852737,0.7692307692307693,0.1608223306867001,0.17967434025828186,20,season_to_date,3bc6b7a7-f771-4491-b232-56bbc2f46a71,2015-08-05 00:00:00+00:00
a9813cec-6e52-4e81-bcb2-619fb6682928,2015-08-07 23:00:00+00:00,2015-08-07,2015,5c0d47fe-8539-47b0-9f36-d0b3609ca89b,5c0d47fe-8539-47b0-9f36-d0b3609ca89b,a015b02d-845c-40c1-8ef4-844984f47e4d,a015b02d-845c-40c1-8ef4-844984f47e4d,0,0,0.27495908346972175,0.19707467282525018,0.7250409165302782,0.8029253271747498,0.14827038562707825,0.1497795245398773,19,season_to_date,10581680-8911-40a5-ac03-c7699d930d73,2015-08-05 23:00:00+00:00
a9813cec-6e52-4e81-bcb2-619fb6682928,2015-08-07 23:00:00+00:00,2015-08-07,2015,a015b02d-845c-40c1-8ef4-844984f47e4d,a015b02d-845c-40c1-8ef4-844984f47e4d,5c0d47fe-8539-47b0-9f36-d0b3609ca89b,5c0d47fe-8539-47b0-9f36-d0b3609ca89b,1,0,0.2580152671755725,0.2110016420361248,0.7419847328244275,0.7889983579638752,0.15832731844746095,0.19088916645063983,19,season_to_date,f702b081-6f44-4c37-9c52-92317f535f03,2015-08-04 23:00:00+00:00
b7d30002-f11f-48a0-9f5c-acd958ab65ff,2015-08-08 00:30:00+00:00,2015-08-08,2015,08ed8274-e29f-4248-bc2e-83cc8ed18d75,08ed8274-e29f-4248-bc2e-83cc8ed18d75,3c409388-ab73-4c7f-953d-3a71062240f6,3c409388-ab73-4c7f-953d-3a71062240f6,0,0,0.17743254292722813,0.27465362673186633,0.8225674570727719,0.7253463732681337,0.17363962737874555,0.16535982297479315,19,season_to_date,318209c9-1d6b-41fe-9a23-3e652b398757,2015-08-02 19:00:00+00:00
b7d30002-f11f-48a0-9f5c-acd958ab65ff,2015-08-08 00:30:00+00:00,2015-08-08,2015,3c409388-ab73-4c7f-953d-3a71062240f6,3c409388-ab73-4c7f-953d-3a71062240f6,08ed8274-e29f-4248-bc2e-83cc8ed18d75,08ed8274-e29f-4248-bc2e-83cc8ed18d75,1,0,0.1831081081081081,0.22087542087542086,0.8168918918918919,0.7791245791245791,0.13506184685342398,0.13934647023476512,21,season_to_date,3bc6b7a7-f771-4491-b232-56bbc2f46a71,2015-08-05 00:00:00+00:00
8c051558-2f1f-4f19-a4f5-bc291f5c714a,2015-08-08 02:00:00+00:00,2015-08-08,2015,0699edf3-5993-4182-b9b4-ec935cbd4fcc,0699edf3-5993-4182-b9b4-ec935cbd4fcc,6f017f37-be96-4bdc-b6d3-0a0429c72e89,6f017f37-be96-4bdc-b6d3-0a0429c72e89,1,0,0.21445221445221446,0.22431259044862517,0.7855477855477856,0.7756874095513748,0.14540655439022682,0.15217007762879323,20,season_to_date,0b4a9f9d-10df-4156-9ddc-3355ba755068,2015-08-05 02:00:00+00:00
8c051558-2f1f-4f19-a4f5-bc291f5c714a,2015-08-08 02:00:00+00:00,2015-08-08,2015,6f017f37-be96-4bdc-b6d3-0a0429c72e89,6f017f37-be96-4bdc-b6d3-0a0429c72e89,0699edf3-5993-4182-b9b4-ec935cbd4fcc,0699edf3-5993-4182-b9b4-ec935cbd4fcc,0,0,0.19239543726235742,0.2634367903103709,0.8076045627376426,0.7365632096896291,0.15532612712490762,0.15746745672561002,20,season_to_date,32f7c59f-a077-45fc-b423-f9388c23529d,2015-08-05 02:00:00+00:00
5b061c98-f8d4-4c26-9825-a8b205c7f9f3,2015-08-09 00:00:00+00:00,2015-08-09,2015,e6bc56cc-9dad-43aa-8ccb-ee9d499fea28,FR_LVA_ACES,d6a012ed-84aa-48d3-8265-2d3f3ff2199a,d6a012ed-84aa-48d3-8265-2d3f3ff2199a,1,0,0.19352517985611511,0.18645204560697518,0.8064748201438849,0.8135479543930249,0.16698219565633574,0.14118680583153798,22,season_to_date,10581680-8911-40a5-ac03-c7699d930d73,2015-08-05 23:00:00+00:00
5b061c98-f8d4-4c26-9825-a8b205c7f9f3,2015-08-09 00:00:00+00:00,2015-08-09,2015,d6a012ed-84aa-48d3-8265-2d3f3ff2199a,d6a012ed-84aa-48d3-8265-2d3f3ff2199a,e6bc56cc-9dad-43aa-8ccb-ee9d499fea28,FR_LVA_ACES,0,0,0.26229508196721313,0.24725676664228238,0.7377049180327869,0.7527432333577176,0.17771551624331397,0.14896114827448723,21,season_to_date,318209c9-1d6b-41fe-9a23-3e652b398757,2015-08-02 19:00:00+00:00
8141a2bd-66df-4d58-aaa7-b6cfbf8f9bf3,2015-08-09 18:00:00+00:00,2015-08-09,2015,0699edf3-5993-4182-b9b4-ec935cbd4fcc,0699edf3-5993-4182-b9b4-ec935cbd4fcc,3c409388-ab73-4c7f-953d-3a71062240f6,3c409388-ab73-4c7f-953d-3a71062240f6,0,0,0.21655580192165558,0.2236024844720497,0.7834441980783444,0.7763975155279503,0.14223560910307897,0.15115639930658323,21,season_to_date,8c051558-2f1f-4f19-a4f5-bc291f5c714a,2015-08-08 02:00:00+00:00
8141a2bd-66df-4d58-aaa7-b6cfbf8f9bf3,2015-08-09 18:00:00+00:00,2015-08-09,2015,3c409388-ab73-4c7f-953d-3a71062240f6,3c409388-ab73-4c7f-953d-3a71062240f6,0699edf3-5993-4182-b9b4-ec935cbd4fcc,0699edf3-5993-4182-b9b4-ec935cbd4fcc,1,0,0.18228829993535875,0.22193548387096773,0.8177117000646412,0.7780645161290323,0.13544467682501743,0.1400990099009901,22,season_to_date,b7d30002-f11f-48a0-9f5c-acd958ab65ff,2015-08-08 00:30:00+00:00
b85d5d47-045f-4cd5-9029-0a9f09302cfd,2015-08-09 20:00:00+00:00,2015-08-09,2015,5c0d47fe-8539-47b0-9f36-d0b3609ca89b,5c0d47fe-8539-47b0-9f36-d0b3609ca89b,a015b02d-845c-40c1-8ef4-844984f47e4d,a015b02d-845c-40c1-8ef4-844984f47e4d,1,0,0.27769110764430577,0.19941348973607037,0.7223088923556942,0.8005865102639296,0.1477017606049864,0.14869718390410175,20,season_to_date,a9813cec-6e52-4e81-bcb2-619fb6682928,2015-08-07 23:00:00+00:00
b85d5d47-045f-4cd5-9029-0a9f09302cfd,2015-08-09 20:00:00+00:00,2015-08-09,2015,a015b02d-845c-40c1-8ef4-844984f47e4d,a015b02d-845c-40c1-8ef4-844984f47e4d,5c0d47fe-8539-47b0-9f36-d0b3609ca89b,5c0d47fe-8539-47b0-9f36-d0b3609ca89b,0,0,0.25745454545454544,0.2167449139280125,0.7425454545454545,0.7832550860719875,0.15689678194685538,0.18841394825646793,20,season_to_date,a9813cec-6e52-4e81-bcb2-619fb6682928,2015-08-07 23:00:00+00:00
f4c0dd83-d394-401b-b141-89df1d926b76,2015-08-09 20:30:00+00:00,2015-08-09,2015,5d70a9af-8c2b-4aec-9e68-9acc6ddb93e4,5d70a9af-8c2b-4aec-9e68-9acc6ddb93e4,5f0b5caf-708b-4300-92f2-53b51d83ec06,5f0b5caf-708b-4300-92f2-53b51d83ec06,0,0,0.21912072575017447,0.22930903568716782,0.7808792742498255,0.7706909643128322,0.18658593011325916,0.18307695545127417,21,season_to_date,34b4b132-5439-4599-a6e9-f74146268536,2015-08-07 23:00:00+00:00
f4c0dd83-d394-401b-b141-89df1d926b76,2015-08-09 20:30:00+00:00,2015-08-09,2015,5f0b5caf-708b-4300-92f2-53b51d83ec06,5f0b5caf-708b-4300-92f2-53b51d83ec06,5d70a9af-8c2b-4aec-9e68-9acc6ddb93e4,5d70a9af-8c2b-4aec-9e68-9acc6ddb93e4,1,0,0.2784645413142485,0.2159827213822894,0.7215354586857514,0.7840172786177105,0.1320605401127708,0.16349176212476005,22,season_to_date,15432e87-7ac0-48c5-8fbf-3da0f437d72a,2015-08-07 02:30:00+00:00
ef949bbc-5c94-41ca-965c-8681ec9f0acd,2015-08-09 23:00:00+00:00,2015-08-09,2015,0a5ad38d-2fe3-43ba-894b-1ba3d5042ea9,0a5ad38d-2fe3-43ba-894b-1ba3d5042ea9,6f017f37-be96-4bdc-b6d3-0a0429c72e89,6f017f37-be96-4bdc-b6d3-0a0429c72e89,0,0,0.22239031770045387,0.21889055472263869,0.7776096822995462,0.7811094452773614,0.16175454754777802,0.12209382308433073,21,season_to_date,15432e87-7ac0-48c5-8fbf-3da0f437d72a,2015-08-07 02:30:00+00:00
ef949bbc-5c94-41ca-965c-8681ec9f0acd,2015-08-09 23:00:00+00:00,2015-08-09,2015,6f017f37-be96-4bdc-b6d3-0a0429c72e89,6f017f37-be96-4bdc-b6d3-0a0429c72e89,0a5ad38d-2fe3-43ba-894b-1ba3d5042ea9,0a5ad38d-2fe3-43ba-894b-1ba3d5042ea9,1,0,0.19319826338639653,0.2631578947368421,0.8068017366136034,0.7368421052631579,0.15413002165554426,0.15376044568245126,21,season_to_date,8c051558-2f1f-4f19-a4f5-bc291f5c714a,2015-08-08 02:00:00+00:00
07a38728-f2b3-4d4d-a701-2438eb5ca8e1,2015-08-11 23:00:00+00:00,2015-08-11,2015,5c0d47fe-8539-47b0-9f36-d0b3609ca89b,5c0d47fe-8539-47b0-9f36-d0b3609ca89b,f073a15f-0486-4179-b0a3-dfd0294eb595,f073a15f-0486-4179-b0a3-dfd0294eb595,1,0,0.2753188297074269,0.2030812324929972,0.7246811702925732,0.7969187675070029,0.14801256411994668,0.14618607086751614,21,season_to_date,b85d5d47-045f-4cd5-9029-0a9f09302cfd,2015-08-09 20:00:00+00:00
07a38728-f2b3-4d4d-a701-2438eb5ca8e1,2015-08-11 23:00:00+00:00,2015-08-11,2015,f073a15f-0486-4179-b0a3-dfd0294eb595,f073a15f-0486-4179-b0a3-dfd0294eb595,5c0d47fe-8539-47b0-9f36-d0b3609ca89b,5c0d47fe-8539-47b0-9f36-d0b3609ca89b,0,0,0.23663003663003662,0.23146067415730337,0.7633699633699633,0.7685393258426966,0.1578060691361184,0.18409739071212702,21,season_to_date,34b4b132-5439-4599-a6e9-f74146268536,2015-08-07 23:00:00+00:00
4e7bbce9-884b-4639-869d-855c5e61fff9,2015-08-11 23:00:00+00:00,2015-08-11,2015,08ed8274-e29f-4248-bc2e-83cc8ed18d75,08ed8274-e29f-4248-bc2e-83cc8ed18d75,3c409388-ab73-4c7f-953d-3a71062240f6,3c409388-ab73-4c7f-953d-3a71062240f6,1,0,0.18090062111801242,0.2689335394126739,0.8190993788819876,0.7310664605873262,0.17277510255038345,0.1642335766423358,20,season_to_date,b7d30002-f11f-48a0-9f5c-acd958ab65ff,2015-08-08 00:30:00+00:00
4e7bbce9-884b-4639-869d-855c5e61fff9,2015-08-11 23:00:00+00:00,2015-08-11,2015,3c409388-ab73-4c7f-953d-3a71062240f6,3c409388-ab73-4c7f-953d-3a71062240f6,08ed8274-e29f-4248-bc2e-83cc8ed18d75,08ed8274-e29f-4248-bc2e-83cc8ed18d75,0,0,0.18523076923076923,0.22215346534653466,0.8147692307692308,0.7778465346534653,0.13286979712353555,0.13973118381779814,23,season_to_date,8141a2bd-66df-4d58-aaa7-b6cfbf8f9bf3,2015-08-09 18:00:00+00:00
4d8eaa60-9839-49e2-a1d2-d365348bdbfe,2015-08-12 00:00:00+00:00,2015-08-12,2015,6f017f37-be96-4bdc-b6d3-0a0429c72e89,6f017f37-be96-4bdc-b6d3-0a0429c72e89,e6bc56cc-9dad-43aa-8ccb-ee9d499fea28,FR_LVA_ACES,1,0,0.19129834254143646,0.2629399585921325,0.8087016574585635,0.7370600414078675,0.15199172489497795,0.155461379560023,22,season_to_date,ef949bbc-5c94-41ca-965c-8681ec9f0acd,2015-08-09 23:00:00+00:00
4d8eaa60-9839-49e2-a1d2-d365348bdbfe,2015-08-12 00:00:00+00:00,2015-08-12,2015,e6bc56cc-9dad-43aa-8ccb-ee9d499fea28,FR_LVA_ACES,6f017f37-be96-4bdc-b6d3-0a0429c72e89,6f017f37-be96-4bdc-b6d3-0a0429c72e89,0,0,0.19752236751548521,0.18561335902376364,0.8024776324845148,0.8143866409762364,0.16766248018534324,0.1426597789524267,23,season_to_date,5b061c98-f8d4-4c26-9825-a8b205c7f9f3,2015-08-09 00:00:00+00:00
56d490bf-3137-44a8-b4c8-dc98816b4c8c,2015-08-12 02:30:00+00:00,2015-08-12,2015,0a5ad38d-2fe3-43ba-894b-1ba3d5042ea9,0a5ad38d-2fe3-43ba-894b-1ba3d5042ea9,d6a012ed-84aa-48d3-8265-2d3f3ff2199a,d6a012ed-84aa-48d3-8265-2d3f3ff2199a,1,0,0.2239884393063584,0.21571428571428572,0.7760115606936416,0.7842857142857143,0.16314378625417472,0.12136187706369858,22,season_to_date,ef949bbc-5c94-41ca-965c-8681ec9f0acd,2015-08-09 23:00:00+00:00
56d490bf-3137-44a8-b4c8-dc98816b4c8c,2015-08-12 02:30:00+00:00,2015-08-12,2015,d6a012ed-84aa-48d3-8265-2d3f3ff2199a,d6a012ed-84aa-48d3-8265-2d3f3ff2199a,0a5ad38d-2fe3-43ba-894b-1ba3d5042ea9,0a5ad38d-2fe3-43ba-894b-1ba3d5042ea9,0,0,0.25760950259836674,0.24895104895104894,0.7423904974016332,0.7510489510489511,0.1776179338952385,0.15050379163938235,22,season_to_date,5b061c98-f8d4-4c26-9825-a8b205c7f9f3,2015-08-09 00:00:00+00:00
7c2be9e0-18c5-4b0b-b0fa-d0da3252a05c,2015-08-12 23:00:00+00:00,2015-08-12,2015,5f0b5caf-708b-4300-92f2-53b51d83ec06,5f0b5caf-708b-4300-92f2-53b51d83ec06,a015b02d-845c-40c1-8ef4-844984f47e4d,a015b02d-845c-40c1-8ef4-844984f47e4d,0,0,0.2810743285446596,0.2184065934065934,0.7189256714553404,0.7815934065934066,0.13153412316893145,0.16194576325742335,23,season_to_date,f4c0dd83-d394-401b-b141-89df1d926b76,2015-08-09 20:30:00+00:00
7c2be9e0-18c5-4b0b-b0fa-d0da3252a05c,2015-08-12 23:00:00+00:00,2015-08-12,2015,a015b02d-845c-40c1-8ef4-844984f47e4d,a015b02d-845c-40c1-8ef4-844984f47e4d,5f0b5caf-708b-4300-92f2-53b51d83ec06,5f0b5caf-708b-4300-92f2-53b51d83ec06,1,0,0.2585128561501042,0.21670428893905191,0.7414871438498958,0.7832957110609481,0.15408156759398978,0.1870095714408899,21,season_to_date,b85d5d47-045f-4cd5-9029-0a9f09302cfd,2015-08-09 20:00:00+00:00
7f4c1677-3d04-4930-ac26-32a942bb9cd4,2015-08-13 02:00:00+00:00,2015-08-13,2015,0699edf3-5993-4182-b9b4-ec935cbd4fcc,0699edf3-5993-4182-b9b4-ec935cbd4fcc,d6a012ed-84aa-48d3-8265-2d3f3ff2199a,d6a012ed-84aa-48d3-8265-2d3f3ff2199a,1,0,0.21705426356589147,0.2246234446627374,0.7829457364341085,0.7753765553372626,0.14172758466358348,0.14770527504436198,22,season_to_date,8141a2bd-66df-4d58-aaa7-b6cfbf8f9bf3,2015-08-09 18:00:00+00:00
7f4c1677-3d04-4930-ac26-32a942bb9cd4,2015-08-13 02:00:00+00:00,2015-08-13,2015,d6a012ed-84aa-48d3-8265-2d3f3ff2199a,d6a012ed-84aa-48d3-8265-2d3f3ff2199a,0699edf3-5993-4182-b9b4-ec935cbd4fcc,0699edf3-5993-4182-b9b4-ec935cbd4fcc,0,0,0.25742574257425743,0.25100401606425704,0.7425742574257426,0.748995983935743,0.1756588525731648,0.15061458838751415,23,season_to_date,56d490bf-3137-44a8-b4c8-dc98816b4c8c,2015-08-12 02:30:00+00:00
78256a33-5401-4b85-af2b-9e7ee97607a3,2015-08-14 23:00:00+00:00,2015-08-14,2015,08ed8274-e29f-4248-bc2e-83cc8ed18d75,08ed8274-e29f-4248-bc2e-83cc8ed18d75,a015b02d-845c-40c1-8ef4-844984f47e4d,a015b02d-845c-40c1-8ef4-844984f47e4d,0,0,0.180339985218034,0.26099706744868034,0.819660014781966,0.7390029325513197,0.17239544535490048,0.1655090080312568,21,season_to_date,4e7bbce9-884b-4639-869d-855c5e61fff9,2015-08-11 23:00:00+00:00
78256a33-5401-4b85-af2b-9e7ee97607a3,2015-08-14 23:00:00+00:00,2015-08-14,2015,a015b02d-845c-40c1-8ef4-844984f47e4d,a015b02d-845c-40c1-8ef4-844984f47e4d,08ed8274-e29f-4248-bc2e-83cc8ed18d75,08ed8274-e29f-4248-bc2e-83cc8ed18d75,1,0,0.25727513227513227,0.2152080344332855,0.7427248677248677,0.7847919655667145,0.15228735608844848,0.1858908341915551,22,season_to_date,7c2be9e0-18c5-4b0b-b0fa-d0da3252a05c,2015-08-12 23:00:00+00:00
5d957af9-44cd-45d7-890b-f3206eecb023,2015-08-14 23:30:00+00:00,2015-08-14,2015,5d70a9af-8c2b-4aec-9e68-9acc6ddb93e4,5d70a9af-8c2b-4aec-9e68-9acc6ddb93e4,6f017f37-be96-4bdc-b6d3-0a0429c72e89,6f017f37-be96-4bdc-b6d3-0a0429c72e89,1,0,0.22133333333333333,0.2346125995655322,0.7786666666666666,0.7653874004344677,0.18408505402391664,0.18017023326775605,22,season_to_date,f4c0dd83-d394-401b-b141-89df1d926b76,2015-08-09 20:30:00+00:00
5d957af9-44cd-45d7-890b-f3206eecb023,2015-08-14 23:30:00+00:00,2015-08-14,2015,6f017f37-be96-4bdc-b6d3-0a0429c72e89,6f017f37-be96-4bdc-b6d3-0a0429c72e89,5d70a9af-8c2b-4aec-9e68-9acc6ddb93e4,5d70a9af-8c2b-4aec-9e68-9acc6ddb93e4,0,0,0.1882430647291942,0.259672131147541,0.8117569352708058,0.740327868852459,0.15234674522781388,0.15455245662396627,23,season_to_date,4d8eaa60-9839-49e2-a1d2-d365348bdbfe,2015-08-12 00:00:00+00:00
eece7f60-410a-4106-b11e-594bcee70592,2015-08-15 02:00:00+00:00,2015-08-15,2015,3c409388-ab73-4c7f-953d-3a71062240f6,3c409388-ab73-4c7f-953d-3a71062240f6,d6a012ed-84aa-48d3-8265-2d3f3ff2199a,d6a012ed-84aa-48d3-8265-2d3f3ff2199a,0,0,0.18230088495575222,0.2201070791195717,0.8176991150442477,0.7798929208804283,0.13522156235724075,0.14069066325598392,24,season_to_date,4e7bbce9-884b-4639-869d-855c5e61fff9,2015-08-11 23:00:00+00:00
eece7f60-410a-4106-b11e-594bcee70592,2015-08-15 02:00:00+00:00,2015-08-15,2015,d6a012ed-84aa-48d3-8265-2d3f3ff2199a,d6a012ed-84aa-48d3-8265-2d3f3ff2199a,3c409388-ab73-4c7f-953d-3a71062240f6,3c409388-ab73-4c7f-953d-3a71062240f6,1,0,0.2533783783783784,0.2568866111467008,0.7466216216216216,0.7431133888532991,0.174524484014569,0.15059365860272328,24,season_to_date,7f4c1677-3d04-4930-ac26-32a942bb9cd4,2015-08-13 02:00:00+00:00
fed0baef-9832-4901-9104-09aa53b846d1,2015-08-15 23:00:00+00:00,2015-08-15,2015,08ed8274-e29f-4248-bc2e-83cc8ed18d75,08ed8274-e29f-4248-bc2e-83cc8ed18d75,5f0b5caf-708b-4300-92f2-53b51d83ec06,5f0b5caf-708b-4300-92f2-53b51d83ec06,1,0,0.1767180925666199,0.26319493314567205,0.82328190743338,0.7368050668543279,0.16882271580831504,0.16741187480503275,22,season_to_date,78256a33-5401-4b85-af2b-9e7ee97607a3,2015-08-14 23:00:00+00:00
fed0baef-9832-4901-9104-09aa53b846d1,2015-08-15 23:00:00+00:00,2015-08-15,2015,5f0b5caf-708b-4300-92f2-53b51d83ec06,5f0b5caf-708b-4300-92f2-53b51d83ec06,08ed8274-e29f-4248-bc2e-83cc8ed18d75,08ed8274-e29f-4248-bc2e-83cc8ed18d75,0,0,0.2773109243697479,0.21909744931327665,0.7226890756302521,0.7809025506867233,0.13272727272727272,0.15991060419235512,24,season_to_date,7c2be9e0-18c5-4b0b-b0fa-d0da3252a05c,2015-08-12 23:00:00+00:00
36c29f16-51c2-4a20-a611-90b0d0b56554,2015-08-16 19:00:00+00:00,2015-08-16,2015,5d70a9af-8c2b-4aec-9e68-9acc6ddb93e4,5d70a9af-8c2b-4aec-9e68-9acc6ddb93e4,a015b02d-845c-40c1-8ef4-844984f47e4d,a015b02d-845c-40c1-8ef4-844984f47e4d,1,0,0.22370088719898606,0.2361878453038674,0.7762991128010139,0.7638121546961326,0.17939942592183705,0.17912368658637315,23,season_to_date,5d957af9-44cd-45d7-890b-f3206eecb023,2015-08-14 23:30:00+00:00
36c29f16-51c2-4a20-a611-90b0d0b56554,2015-08-16 19:00:00+00:00,2015-08-16,2015,a015b02d-845c-40c1-8ef4-844984f47e4d,a015b02d-845c-40c1-8ef4-844984f47e4d,5d70a9af-8c2b-4aec-9e68-9acc6ddb93e4,5d70a9af-8c2b-4aec-9e68-9acc6ddb93e4,0,0,0.2594008922880816,0.20995228357191548,0.7405991077119184,0.7900477164280846,0.1545919163545568,0.18184864673066686,23,season_to_date,78256a33-5401-4b85-af2b-9e7ee97607a3,2015-08-14 23:00:00+00:00
bd3a0c8b-e020-4d12-b64c-2f38fcfef8f8,2015-08-16 20:00:00+00:00,2015-08-16,2015,5c0d47fe-8539-47b0-9f36-d0b3609ca89b,5c0d47fe-8539-47b0-9f36-d0b3609ca89b,6f017f37-be96-4bdc-b6d3-0a0429c72e89,6f017f37-be96-4bdc-b6d3-0a0429c72e89,1,0,0.2741007194244604,0.19826435246995994,0.7258992805755395,0.80173564753004,0.15093155605565534,0.14534580841442832,22,season_to_date,07a38728-f2b3-4d4d-a701-2438eb5ca8e1,2015-08-11 23:00:00+00:00
bd3a0c8b-e020-4d12-b64c-2f38fcfef8f8,2015-08-16 20:00:00+00:00,2015-08-16,2015,6f017f37-be96-4bdc-b6d3-0a0429c72e89,6f017f37-be96-4bdc-b6d3-0a0429c72e89,5c0d47fe-8539-47b0-9f36-d0b3609ca89b,5c0d47fe-8539-47b0-9f36-d0b3609ca89b,0,0,0.19165085388994307,0.2601372426699938,0.8083491461100569,0.7398627573300063,0.15250082041580604,0.1509580027095026,24,season_to_date,5d957af9-44cd-45d7-890b-f3206eecb023,2015-08-14 23:30:00+00:00
60fa7dd2-0684-4a4f-9b92-cd678e68a077,2015-08-16 21:00:00+00:00,2015-08-16,2015,0a5ad38d-2fe3-43ba-894b-1ba3d5042ea9,0a5ad38d-2fe3-43ba-894b-1ba3d5042ea9,3c409388-ab73-4c7f-953d-3a71062240f6,3c409388-ab73-4c7f-953d-3a71062240f6,1,0,0.2272099447513812,0.2174505794137696,0.7727900552486188,0.7825494205862304,0.16269549700850214,0.12185682607422284,23,season_to_date,56d490bf-3137-44a8-b4c8-dc98816b4c8c,2015-08-12 02:30:00+00:00
60fa7dd2-0684-4a4f-9b92-cd678e68a077,2015-08-16 21:00:00+00:00,2015-08-16,2015,3c409388-ab73-4c7f-953d-3a71062240f6,3c409388-ab73-4c7f-953d-3a71062240f6,0a5ad38d-2fe3-43ba-894b-1ba3d5042ea9,0a5ad38d-2fe3-43ba-894b-1ba3d5042ea9,0,0,0.17919728660260034,0.2199885123492246,0.8208027133973996,0.7800114876507754,0.13275964807739496,0.1407509060839579,25,season_to_date,eece7f60-410a-4106-b11e-594bcee70592,2015-08-15 02:00:00+00:00
c3f99d7b-75c9-4844-83f9-813290f0513b,2015-08-17 00:00:00+00:00,2015-08-17,2015,0699edf3-5993-4182-b9b4-ec935cbd4fcc,0699edf3-5993-4182-b9b4-ec935cbd4fcc,f073a15f-0486-4179-b0a3-dfd0294eb595,f073a15f-0486-4179-b0a3-dfd0294eb595,1,0,0.22476446837146702,0.2222222222222222,0.775235531628533,0.7777777777777778,0.14209754308764208,0.14771692593812355,23,season_to_date,7f4c1677-3d04-4930-ac26-32a942bb9cd4,2015-08-13 02:00:00+00:00
c3f99d7b-75c9-4844-83f9-813290f0513b,2015-08-17 00:00:00+00:00,2015-08-17,2015,f073a15f-0486-4179-b0a3-dfd0294eb595,f073a15f-0486-4179-b0a3-dfd0294eb595,0699edf3-5993-4182-b9b4-ec935cbd4fcc,0699edf3-5993-4182-b9b4-ec935cbd4fcc,0,0,0.22996515679442509,0.23204022988505746,0.7700348432055749,0.7679597701149425,0.1564729867482161,0.18540840926735586,22,season_to_date,07a38728-f2b3-4d4d-a701-2438eb5ca8e1,2015-08-11 23:00:00+00:00
692dd331-2401-42f7-a0b1-8aa8b2a54323,2015-08-17 01:00:00+00:00,2015-08-17,2015,e6bc56cc-9dad-43aa-8ccb-ee9d499fea28,FR_LVA_ACES,d6a012ed-84aa-48d3-8265-2d3f3ff2199a,d6a012ed-84aa-48d3-8265-2d3f3ff2199a,0,0,0.197514715500327,0.18299445471349354,0.8024852844996729,0.8170055452865065,0.166230493360473,0.1433887705971495,24,season_to_date,4d8eaa60-9839-49e2-a1d2-d365348bdbfe,2015-08-12 00:00:00+00:00
692dd331-2401-42f7-a0b1-8aa8b2a54323,2015-08-17 01:00:00+00:00,2015-08-17,2015,d6a012ed-84aa-48d3-8265-2d3f3ff2199a,d6a012ed-84aa-48d3-8265-2d3f3ff2199a,e6bc56cc-9dad-43aa-8ccb-ee9d499fea28,FR_LVA_ACES,1,0,0.2519480519480519,0.25015290519877675,0.7480519480519481,0.7498470948012232,0.1732068001863065,0.14732589600088952,25,season_to_date,eece7f60-410a-4106-b11e-594bcee70592,2015-08-15 02:00:00+00:00
37b7a449-3989-4d5a-80a1-0094c707c486,2015-08-19 00:00:00+00:00,2015-08-19,2015,0699edf3-5993-4182-b9b4-ec935cbd4fcc,0699edf3-5993-4182-b9b4-ec935cbd4fcc,5f0b5caf-708b-4300-92f2-53b51d83ec06,5f0b5caf-708b-4300-92f2-53b51d83ec06,0,0,0.2244501940491591,0.22188815393866507,0.7755498059508409,0.778111846061335,0.1419620129234384,0.1469658071957436,24,season_to_date,c3f99d7b-75c9-4844-83f9-813290f0513b,2015-08-17 00:00:00+00:00
37b7a449-3989-4d5a-80a1-0094c707c486,2015-08-19 00:00:00+00:00,2015-08-19,2015,5f0b5caf-708b-4300-92f2-53b51d83ec06,5f0b5caf-708b-4300-92f2-53b51d83ec06,0699edf3-5993-4182-b9b4-ec935cbd4fcc,0699edf3-5993-4182-b9b4-ec935cbd4fcc,1,0,0.2771644392794887,0.22257250945775536,0.7228355607205114,0.7774274905422447,0.13559618581051527,0.15973701268635984,25,season_to_date,fed0baef-9832-4901-9104-09aa53b846d1,2015-08-15 23:00:00+00:00
2f084433-62a5-4b27-b2f3-586c3c48750c,2015-08-19 02:30:00+00:00,2015-08-19,2015,0a5ad38d-2fe3-43ba-894b-1ba3d5042ea9,0a5ad38d-2fe3-43ba-894b-1ba3d5042ea9,f073a15f-0486-4179-b0a3-dfd0294eb595,f073a15f-0486-4179-b0a3-dfd0294eb595,1,0,0.223841059602649,0.21651495448634592,0.776158940397351,0.783485045513654,0.1616770086227738,0.12094678341529726,24,season_to_date,60fa7dd2-0684-4a4f-9b92-cd678e68a077,2015-08-16 21:00:00+00:00
2f084433-62a5-4b27-b2f3-586c3c48750c,2015-08-19 02:30:00+00:00,2015-08-19,2015,f073a15f-0486-4179-b0a3-dfd0294eb595,f073a15f-0486-4179-b0a3-dfd0294eb595,0a5ad38d-2fe3-43ba-894b-1ba3d5042ea9,0a5ad38d-2fe3-43ba-894b-1ba3d5042ea9,0,0,0.2292358803986711,0.23140495867768596,0.770764119601329,0.768595041322314,0.15531894109602423,0.183585313174946,23,season_to_date,c3f99d7b-75c9-4844-83f9-813290f0513b,2015-08-17 00:00:00+00:00
02b0ee3b-4774-4509-9974-abdd51e4c62a,2015-08-20 00:00:00+00:00,2015-08-20,2015,5c0d47fe-8539-47b0-9f36-d0b3609ca89b,5c0d47fe-8539-47b0-9f36-d0b3609ca89b,6f017f37-be96-4bdc-b6d3-0a0429c72e89,6f017f37-be96-4bdc-b6d3-0a0429c72e89,0,0,0.27522306108442,0.19478039465308722,0.7247769389155799,0.8052196053469128,0.14862765406525116,0.14436192031222,23,season_to_date,bd3a0c8b-e020-4d12-b64c-2f38fcfef8f8,2015-08-16 20:00:00+00:00
02b0ee3b-4774-4509-9974-abdd51e4c62a,2015-08-20 00:00:00+00:00,2015-08-20,2015,6f017f37-be96-4bdc-b6d3-0a0429c72e89,6f017f37-be96-4bdc-b6d3-0a0429c72e89,5c0d47fe-8539-47b0-9f36-d0b3609ca89b,5c0d47fe-8539-47b0-9f36-d0b3609ca89b,1,0,0.18863361547763,0.2616766467065868,0.81136638452237,0.7383233532934131,0.1512908300175812,0.14888706915804364,25,season_to_date,bd3a0c8b-e020-4d12-b64c-2f38fcfef8f8,2015-08-16 20:00:00+00:00
8f93fb3d-9cd5-457b-923f-faf22142ab83,2015-08-20 00:00:00+00:00,2015-08-20,2015,08ed8274-e29f-4248-bc2e-83cc8ed18d75,08ed8274-e29f-4248-bc2e-83cc8ed18d75,e6bc56cc-9dad-43aa-8ccb-ee9d499fea28,FR_LVA_ACES,0,0,0.1820633850303439,0.26355013550135503,0.8179366149696561,0.736449864498645,0.16827626573017268,0.16918789808917198,23,season_to_date,fed0baef-9832-4901-9104-09aa53b846d1,2015-08-15 23:00:00+00:00
8f93fb3d-9cd5-457b-923f-faf22142ab83,2015-08-20 00:00:00+00:00,2015-08-20,2015,e6bc56cc-9dad-43aa-8ccb-ee9d499fea28,FR_LVA_ACES,08ed8274-e29f-4248-bc2e-83cc8ed18d75,08ed8274-e29f-4248-bc2e-83cc8ed18d75,1,0,0.19836272040302266,0.18111638954869358,0.8016372795969773,0.8188836104513064,0.1676508391855895,0.14503296622343365,25,season_to_date,692dd331-2401-42f7-a0b1-8aa8b2a54323,2015-08-17 01:00:00+00:00
f1bcbfd1-4403-48f9-9b06-574c8db31edb,2015-08-21 23:30:00+00:00,2015-08-21,2015,08ed8274-e29f-4248-bc2e-83cc8ed18d75,08ed8274-e29f-4248-bc2e-83cc8ed18d75,5d70a9af-8c2b-4aec-9e68-9acc6ddb93e4,5d70a9af-8c2b-4aec-9e68-9acc6ddb93e4,1,0,0.18046571798188873,0.2618583495776478,0.8195342820181113,0.7381416504223521,0.1694470969312288,0.1714939024390244,24,season_to_date,8f93fb3d-9cd5-457b-923f-faf22142ab83,2015-08-20 00:00:00+00:00
f1bcbfd1-4403-48f9-9b06-574c8db31edb,2015-08-21 23:30:00+00:00,2015-08-21,2015,5d70a9af-8c2b-4aec-9e68-9acc6ddb93e4,5d70a9af-8c2b-4aec-9e68-9acc6ddb93e4,08ed8274-e29f-4248-bc2e-83cc8ed18d75,08ed8274-e29f-4248-bc2e-83cc8ed18d75,0,0,0.22235797189981674,0.24406332453825857,0.7776420281001832,0.7559366754617414,0.1781798245614035,0.17905473827628746,24,season_to_date,36c29f16-51c2-4a20-a611-90b0d0b56554,2015-08-16 19:00:00+00:00
3af15063-b53d-421a-8300-8496135c0439,2015-08-22 00:00:00+00:00,2015-08-22,2015,6f017f37-be96-4bdc-b6d3-0a0429c72e89,6f017f37-be96-4bdc-b6d3-0a0429c72e89,e6bc56cc-9dad-43aa-8ccb-ee9d499fea28,FR_LVA_ACES,0,0,0.18542274052478133,0.25994236311239194,0.8145772594752186,0.7400576368876081,0.15219751855741673,0.1482178040480029,26,season_to_date,02b0ee3b-4774-4509-9974-abdd51e4c62a,2015-08-20 00:00:00+00:00
3af15063-b53d-421a-8300-8496135c0439,2015-08-22 00:00:00+00:00,2015-08-22,2015,e6bc56cc-9dad-43aa-8ccb-ee9d499fea28,FR_LVA_ACES,6f017f37-be96-4bdc-b6d3-0a0429c72e89,6f017f37-be96-4bdc-b6d3-0a0429c72e89,1,0,0.1992731677771048,0.1797366914710933,0.8007268322228952,0.8202633085289067,0.16987643724406773,0.14702756323956637,26,season_to_date,8f93fb3d-9cd5-457b-923f-faf22142ab83,2015-08-20 00:00:00+00:00
49689ada-a2b7-4913-8e8e-e0405929d79f,2015-08-22 00:00:00+00:00,2015-08-22,2015,5f0b5caf-708b-4300-92f2-53b51d83ec06,5f0b5caf-708b-4300-92f2-53b51d83ec06,a015b02d-845c-40c1-8ef4-844984f47e4d,a015b02d-845c-40c1-8ef4-844984f47e4d,1,0,0.276536312849162,0.22174969623329283,0.723463687150838,0.7782503037667071,0.13762314754208413,0.16042494786189196,26,season_to_date,37b7a449-3989-4d5a-80a1-0094c707c486,2015-08-19 00:00:00+00:00
49689ada-a2b7-4913-8e8e-e0405929d79f,2015-08-22 00:00:00+00:00,2015-08-22,2015,a015b02d-845c-40c1-8ef4-844984f47e4d,a015b02d-845c-40c1-8ef4-844984f47e4d,5f0b5caf-708b-4300-92f2-53b51d83ec06,5f0b5caf-708b-4300-92f2-53b51d83ec06,0,0,0.2657299938912645,0.209043250327654,0.7342700061087355,0.790956749672346,0.15555514032661907,0.18044402456306094,24,season_to_date,36c29f16-51c2-4a20-a611-90b0d0b56554,2015-08-16 19:00:00+00:00
edbbfc90-8bf1-4fc5-9e07-a7cdabb1ba5c,2015-08-22 00:30:00+00:00,2015-08-22,2015,3c409388-ab73-4c7f-953d-3a71062240f6,3c409388-ab73-4c7f-953d-3a71062240f6,5c0d47fe-8539-47b0-9f36-d0b3609ca89b,5c0d47fe-8539-47b0-9f36-d0b3609ca89b,1,0,0.17989130434782608,0.21741541874653356,0.8201086956521739,0.7825845812534664,0.13158338675393907,0.14063801220279068,26,season_to_date,60fa7dd2-0684-4a4f-9b92-cd678e68a077,2015-08-16 21:00:00+00:00
edbbfc90-8bf1-4fc5-9e07-a7cdabb1ba5c,2015-08-22 00:30:00+00:00,2015-08-22,2015,5c0d47fe-8539-47b0-9f36-d0b3609ca89b,5c0d47fe-8539-47b0-9f36-d0b3609ca89b,3c409388-ab73-4c7f-953d-3a71062240f6,3c409388-ab73-4c7f-953d-3a71062240f6,0,0,0.2726675427069645,0.19117647058823528,0.7273324572930355,0.8088235294117647,0.14789669068747147,0.14561808910872182,24,season_to_date,02b0ee3b-4774-4509-9974-abdd51e4c62a,2015-08-20 00:00:00+00:00
1fde166e-016d-4740-a7ee-82b1aba99679,2015-08-22 02:00:00+00:00,2015-08-22,2015,d6a012ed-84aa-48d3-8265-2d3f3ff2199a,d6a012ed-84aa-48d3-8265-2d3f3ff2199a,f073a15f-0486-4179-b0a3-dfd0294eb595,f073a15f-0486-4179-b0a3-dfd0294eb595,1,0,0.24734540911930045,0.24911452184179456,0.7526545908806995,0.7508854781582054,0.17366607691591393,0.14939350695683196,26,season_to_date,692dd331-2401-42f7-a0b1-8aa8b2a54323,2015-08-17 01:00:00+00:00
1fde166e-016d-4740-a7ee-82b1aba99679,2015-08-22 02:00:00+00:00,2015-08-22,2015,f073a15f-0486-4179-b0a3-dfd0294eb595,f073a15f-0486-4179-b0a3-dfd0294eb595,d6a012ed-84aa-48d3-8265-2d3f3ff2199a,d6a012ed-84aa-48d3-8265-2d3f3ff2199a,0,0,0.23140495867768596,0.23127899271040425,0.768595041322314,0.7687210072895958,0.15678369449577245,0.1852794749943426,24,season_to_date,2f084433-62a5-4b27-b2f3-586c3c48750c,2015-08-19 02:30:00+00:00
545ab3c0-f1e2-487a-84e0-2a468d26048d,2015-08-22 02:00:00+00:00,2015-08-22,2015,0699edf3-5993-4182-b9b4-ec935cbd4fcc,0699edf3-5993-4182-b9b4-ec935cbd4fcc,0a5ad38d-2fe3-43ba-894b-1ba3d5042ea9,0a5ad38d-2fe3-43ba-894b-1ba3d5042ea9,1,0,0.22353673723536738,0.22344110854503466,0.7764632627646326,0.7765588914549654,0.1433917556792538,0.1486241144850664,25,season_to_date,37b7a449-3989-4d5a-80a1-0094c707c486,2015-08-19 00:00:00+00:00
545ab3c0-f1e2-487a-84e0-2a468d26048d,2015-08-22 02:00:00+00:00,2015-08-22,2015,0a5ad38d-2fe3-43ba-894b-1ba3d5042ea9,0a5ad38d-2fe3-43ba-894b-1ba3d5042ea9,0699edf3-5993-4182-b9b4-ec935cbd4fcc,0699edf3-5993-4182-b9b4-ec935cbd4fcc,0,0,0.22399489470325462,0.2191780821917808,0.7760051052967454,0.7808219178082192,0.16430200641744305,0.12401266837104591,25,season_to_date,2f084433-62a5-4b27-b2f3-586c3c48750c,2015-08-19 02:30:00+00:00
a1b90dba-01a5-4bed-8bb1-071f9f18834b,2015-08-23 20:00:00+00:00,2015-08-23,2015,3c409388-ab73-4c7f-953d-3a71062240f6,3c409388-ab73-4c7f-953d-3a71062240f6,5c0d47fe-8539-47b0-9f36-d0b3609ca89b,5c0d47fe-8539-47b0-9f36-d0b3609ca89b,0,0,0.17926003126628454,0.21801705756929637,0.8207399687337155,0.7819829424307037,0.1323672279792746,0.1407551678423542,27,season_to_date,edbbfc90-8bf1-4fc5-9e07-a7cdabb1ba5c,2015-08-22 00:30:00+00:00
a1b90dba-01a5-4bed-8bb1-071f9f18834b,2015-08-23 20:00:00+00:00,2015-08-23,2015,5c0d47fe-8539-47b0-9f36-d0b3609ca89b,5c0d47fe-8539-47b0-9f36-d0b3609ca89b,3c409388-ab73-4c7f-953d-3a71062240f6,3c409388-ab73-4c7f-953d-3a71062240f6,1,0,0.270846394984326,0.18994739918176504,0.729153605015674,0.8100526008182349,0.14772101153268863,0.1458656212963807,25,season_to_date,edbbfc90-8bf1-4fc5-9e07-a7cdabb1ba5c,2015-08-22 00:30:00+00:00
5e54d6d3-64c6-4649-b832-b484616e7ca6,2015-08-23 20:30:00+00:00,2015-08-23,2015,0a5ad38d-2fe3-43ba-894b-1ba3d5042ea9,0a5ad38d-2fe3-43ba-894b-1ba3d5042ea9,e6bc56cc-9dad-43aa-8ccb-ee9d499fea28,FR_LVA_ACES,0,0,0.22365196078431374,0.21888153938665064,0.7763480392156863,0.7811184606133493,0.16239507137938095,0.12627422169161537,26,season_to_date,545ab3c0-f1e2-487a-84e0-2a468d26048d,2015-08-22 02:00:00+00:00
5e54d6d3-64c6-4649-b832-b484616e7ca6,2015-08-23 20:30:00+00:00,2015-08-23,2015,e6bc56cc-9dad-43aa-8ccb-ee9d499fea28,FR_LVA_ACES,0a5ad38d-2fe3-43ba-894b-1ba3d5042ea9,0a5ad38d-2fe3-43ba-894b-1ba3d5042ea9,1,0,0.19686411149825783,0.17880794701986755,0.8031358885017421,0.8211920529801324,0.1682299285775751,0.1474056603773585,27,season_to_date,3af15063-b53d-421a-8300-8496135c0439,2015-08-22 00:00:00+00:00
1ccd5218-d076-430e-8a31-3f0f85f207a0,2015-08-23 22:00:00+00:00,2015-08-23,2015,08ed8274-e29f-4248-bc2e-83cc8ed18d75,08ed8274-e29f-4248-bc2e-83cc8ed18d75,f073a15f-0486-4179-b0a3-dfd0294eb595,f073a15f-0486-4179-b0a3-dfd0294eb595,0,0,0.1813664596273292,0.25965130759651306,0.8186335403726708,0.7403486924034869,0.17004354554287976,0.17123287671232876,25,season_to_date,f1bcbfd1-4403-48f9-9b06-574c8db31edb,2015-08-21 23:30:00+00:00
1ccd5218-d076-430e-8a31-3f0f85f207a0,2015-08-23 22:00:00+00:00,2015-08-23,2015,f073a15f-0486-4179-b0a3-dfd0294eb595,f073a15f-0486-4179-b0a3-dfd0294eb595,08ed8274-e29f-4248-bc2e-83cc8ed18d75,08ed8274-e29f-4248-bc2e-83cc8ed18d75,1,0,0.2326007326007326,0.2309660908509277,0.7673992673992674,0.7690339091490723,0.155784218654599,0.18721145806826855,25,season_to_date,1fde166e-016d-4740-a7ee-82b1aba99679,2015-08-22 02:00:00+00:00
9e70bd7e-c7aa-417d-af2d-9501dde68348,2015-08-23 22:00:00+00:00,2015-08-23,2015,5d70a9af-8c2b-4aec-9e68-9acc6ddb93e4,5d70a9af-8c2b-4aec-9e68-9acc6ddb93e4,a015b02d-845c-40c1-8ef4-844984f47e4d,a015b02d-845c-40c1-8ef4-844984f47e4d,0,0,0.22183098591549297,0.24240506329113923,0.778169014084507,0.7575949367088608,0.17767878396300202,0.17927334537341974,25,season_to_date,f1bcbfd1-4403-48f9-9b06-574c8db31edb,2015-08-21 23:30:00+00:00
9e70bd7e-c7aa-417d-af2d-9501dde68348,2015-08-23 22:00:00+00:00,2015-08-23,2015,a015b02d-845c-40c1-8ef4-844984f47e4d,a015b02d-845c-40c1-8ef4-844984f47e4d,5d70a9af-8c2b-4aec-9e68-9acc6ddb93e4,5d70a9af-8c2b-4aec-9e68-9acc6ddb93e4,1,0,0.2697947214076246,0.21016311166875784,0.7302052785923754,0.7898368883312421,0.15644050778168256,0.17766175377531226,25,season_to_date,49689ada-a2b7-4913-8e8e-e0405929d79f,2015-08-22 00:00:00+00:00
d9636cd4-f8cf-4326-9f9e-7d07e524b343,2015-08-23 22:00:00+00:00,2015-08-23,2015,0699edf3-5993-4182-b9b4-ec935cbd4fcc,0699edf3-5993-4182-b9b4-ec935cbd4fcc,6f017f37-be96-4bdc-b6d3-0a0429c72e89,6f017f37-be96-4bdc-b6d3-0a0429c72e89,1,0,0.22309079975947083,0.223149693934335,0.7769092002405291,0.776850306065665,0.14490916007028096,0.14740008594757198,26,season_to_date,545ab3c0-f1e2-487a-84e0-2a468d26048d,2015-08-22 02:00:00+00:00
d9636cd4-f8cf-4326-9f9e-7d07e524b343,2015-08-23 22:00:00+00:00,2015-08-23,2015,6f017f37-be96-4bdc-b6d3-0a0429c72e89,6f017f37-be96-4bdc-b6d3-0a0429c72e89,0699edf3-5993-4182-b9b4-ec935cbd4fcc,0699edf3-5993-4182-b9b4-ec935cbd4fcc,0,0,0.1842696629213483,0.2552602436323367,0.8157303370786517,0.7447397563676633,0.1523945258169205,0.14738330000689512,27,season_to_date,3af15063-b53d-421a-8300-8496135c0439,2015-08-22 00:00:00+00:00
55a19d80-34ff-4395-8492-ff9136d5d48d,2015-08-25 15:30:00+00:00,2015-08-25,2015,5d70a9af-8c2b-4aec-9e68-9acc6ddb93e4,5d70a9af-8c2b-4aec-9e68-9acc6ddb93e4,a015b02d-845c-40c1-8ef4-844984f47e4d,a015b02d-845c-40c1-8ef4-844984f47e4d,1,0,0.22134387351778656,0.24606060606060606,0.7786561264822134,0.7539393939393939,0.1775026645896532,0.1773532263826747,26,season_to_date,9e70bd7e-c7aa-417d-af2d-9501dde68348,2015-08-23 22:00:00+00:00
55a19d80-34ff-4395-8492-ff9136d5d48d,2015-08-25 15:30:00+00:00,2015-08-25,2015,a015b02d-845c-40c1-8ef4-844984f47e4d,a015b02d-845c-40c1-8ef4-844984f47e4d,5d70a9af-8c2b-4aec-9e68-9acc6ddb93e4,5d70a9af-8c2b-4aec-9e68-9acc6ddb93e4,0,0,0.27211267605633804,0.21011438892233594,0.727887323943662,0.7898856110776641,0.15540249677141627,0.17747505755947815,26,season_to_date,9e70bd7e-c7aa-417d-af2d-9501dde68348,2015-08-23 22:00:00+00:00
4b829677-3fe3-4085-b468-9d06890a33e1,2015-08-26 23:00:00+00:00,2015-08-26,2015,0a5ad38d-2fe3-43ba-894b-1ba3d5042ea9,0a5ad38d-2fe3-43ba-894b-1ba3d5042ea9,f073a15f-0486-4179-b0a3-dfd0294eb595,f073a15f-0486-4179-b0a3-dfd0294eb595,0,0,0.22,0.21626297577854672,0.78,0.7837370242214533,0.16065802663611628,0.12592240362092955,27,season_to_date,5e54d6d3-64c6-4649-b832-b484616e7ca6,2015-08-23 20:30:00+00:00
4b829677-3fe3-4085-b468-9d06890a33e1,2015-08-26 23:00:00+00:00,2015-08-26,2015,f073a15f-0486-4179-b0a3-dfd0294eb595,f073a15f-0486-4179-b0a3-dfd0294eb595,0a5ad38d-2fe3-43ba-894b-1ba3d5042ea9,0a5ad38d-2fe3-43ba-894b-1ba3d5042ea9,1,0,0.23376623376623376,0.22624156958920907,0.7662337662337663,0.773758430410791,0.15677782589865744,0.1845502571458559,26,season_to_date,1ccd5218-d076-430e-8a31-3f0f85f207a0,2015-08-23 22:00:00+00:00
f75dc6f4-2045-4e72-912c-52fb5977b6da,2015-08-27 23:00:00+00:00,2015-08-27,2015,0699edf3-5993-4182-b9b4-ec935cbd4fcc,0699edf3-5993-4182-b9b4-ec935cbd4fcc,a015b02d-845c-40c1-8ef4-844984f47e4d,a015b02d-845c-40c1-8ef4-844984f47e4d,0,0,0.22511574074074073,0.22108660570199032,0.7748842592592593,0.7789133942980097,0.1448314371466462,0.1473151298862976,27,season_to_date,d9636cd4-f8cf-4326-9f9e-7d07e524b343,2015-08-23 22:00:00+00:00
f75dc6f4-2045-4e72-912c-52fb5977b6da,2015-08-27 23:00:00+00:00,2015-08-27,2015,a015b02d-845c-40c1-8ef4-844984f47e4d,a015b02d-845c-40c1-8ef4-844984f47e4d,0699edf3-5993-4182-b9b4-ec935cbd4fcc,0699edf3-5993-4182-b9b4-ec935cbd4fcc,1,0,0.2763873775843308,0.21077012159814706,0.7236126224156693,0.7892298784018529,0.15514774391055505,0.17513429769462643,27,season_to_date,55a19d80-34ff-4395-8492-ff9136d5d48d,2015-08-25 15:30:00+00:00
9c7ddc1a-1e1f-4a0f-98d3-3358304e257b,2015-08-28 23:00:00+00:00,2015-08-28,2015,5d70a9af-8c2b-4aec-9e68-9acc6ddb93e4,5d70a9af-8c2b-4aec-9e68-9acc6ddb93e4,f073a15f-0486-4179-b0a3-dfd0294eb595,f073a15f-0486-4179-b0a3-dfd0294eb595,0,0,0.2215568862275449,0.2516053706946877,0.7784431137724551,0.7483946293053123,0.17529665587918014,0.1763690182535767,27,season_to_date,55a19d80-34ff-4395-8492-ff9136d5d48d,2015-08-25 15:30:00+00:00
9c7ddc1a-1e1f-4a0f-98d3-3358304e257b,2015-08-28 23:00:00+00:00,2015-08-28,2015,f073a15f-0486-4179-b0a3-dfd0294eb595,f073a15f-0486-4179-b0a3-dfd0294eb595,5d70a9af-8c2b-4aec-9e68-9acc6ddb93e4,5d70a9af-8c2b-4aec-9e68-9acc6ddb93e4,1,0,0.23449060899260102,0.23022432113341204,0.765509391007399,0.7697756788665879,0.15738761605771157,0.18226310016032404,27,season_to_date,4b829677-3fe3-4085-b468-9d06890a33e1,2015-08-26 23:00:00+00:00
aa1cce2d-cd0e-4241-98ae-fcdeab708f4a,2015-08-28 23:00:00+00:00,2015-08-28,2015,0699edf3-5993-4182-b9b4-ec935cbd4fcc,0699edf3-5993-4182-b9b4-ec935cbd4fcc,5c0d47fe-8539-47b0-9f36-d0b3609ca89b,5c0d47fe-8539-47b0-9f36-d0b3609ca89b,0,0,0.22701793721973093,0.22147302904564314,0.772982062780269,0.7785269709543569,0.14694736842105263,0.1459011399528627,28,season_to_date,f75dc6f4-2045-4e72-912c-52fb5977b6da,2015-08-27 23:00:00+00:00
aa1cce2d-cd0e-4241-98ae-fcdeab708f4a,2015-08-28 23:00:00+00:00,2015-08-28,2015,5c0d47fe-8539-47b0-9f36-d0b3609ca89b,5c0d47fe-8539-47b0-9f36-d0b3609ca89b,0699edf3-5993-4182-b9b4-ec935cbd4fcc,0699edf3-5993-4182-b9b4-ec935cbd4fcc,1,0,0.2721252257676099,0.18781725888324874,0.7278747742323901,0.8121827411167513,0.14973330177859498,0.14724442574673957,26,season_to_date,a1b90dba-01a5-4bed-8bb1-071f9f18834b,2015-08-23 20:00:00+00:00
15099b5b-1e38-4d62-8723-8e55bfe21cc8,2015-08-28 23:30:00+00:00,2015-08-28,2015,08ed8274-e29f-4248-bc2e-83cc8ed18d75,08ed8274-e29f-4248-bc2e-83cc8ed18d75,6f017f37-be96-4bdc-b6d3-0a0429c72e89,6f017f37-be96-4bdc-b6d3-0a0429c72e89,1,0,0.17878426698450536,0.259927797833935,0.8212157330154947,0.740072202166065,0.1680468452236582,0.17168817904875944,26,season_to_date,1ccd5218-d076-430e-8a31-3f0f85f207a0,2015-08-23 22:00:00+00:00
15099b5b-1e38-4d62-8723-8e55bfe21cc8,2015-08-28 23:30:00+00:00,2015-08-28,2015,6f017f37-be96-4bdc-b6d3-0a0429c72e89,6f017f37-be96-4bdc-b6d3-0a0429c72e89,08ed8274-e29f-4248-bc2e-83cc8ed18d75,08ed8274-e29f-4248-bc2e-83cc8ed18d75,0,0,0.18349619978284473,0.25601282736504544,0.8165038002171553,0.7439871726349546,0.15213822607657487,0.14722273052417947,28,season_to_date,d9636cd4-f8cf-4326-9f9e-7d07e524b343,2015-08-23 22:00:00+00:00
315fc76c-dee5-4c30-a942-bcc17a7c3757,2015-08-29 00:00:00+00:00,2015-08-29,2015,0a5ad38d-2fe3-43ba-894b-1ba3d5042ea9,0a5ad38d-2fe3-43ba-894b-1ba3d5042ea9,5f0b5caf-708b-4300-92f2-53b51d83ec06,5f0b5caf-708b-4300-92f2-53b51d83ec06,0,0,0.22404991491775383,0.21758486366165833,0.7759500850822462,0.7824151363383417,0.15918071540731282,0.12767220902612827,28,season_to_date,4b829677-3fe3-4085-b468-9d06890a33e1,2015-08-26 23:00:00+00:00
315fc76c-dee5-4c30-a942-bcc17a7c3757,2015-08-29 00:00:00+00:00,2015-08-29,2015,5f0b5caf-708b-4300-92f2-53b51d83ec06,5f0b5caf-708b-4300-92f2-53b51d83ec06,0a5ad38d-2fe3-43ba-894b-1ba3d5042ea9,0a5ad38d-2fe3-43ba-894b-1ba3d5042ea9,1,0,0.27502691065662,0.22753792298716452,0.72497308934338,0.7724620770128354,0.13668936734660864,0.1610830263045155,27,season_to_date,49689ada-a2b7-4913-8e8e-e0405929d79f,2015-08-22 00:00:00+00:00
5011a20f-3edb-4457-aff0-0a42649b9a40,2015-08-29 02:00:00+00:00,2015-08-29,2015,e6bc56cc-9dad-43aa-8ccb-ee9d499fea28,FR_LVA_ACES,d6a012ed-84aa-48d3-8265-2d3f3ff2199a,d6a012ed-84aa-48d3-8265-2d3f3ff2199a,0,0,0.19520356943669828,0.17712765957446808,0.8047964305633017,0.8228723404255319,0.16627785774557005,0.14633382248676813,28,season_to_date,5e54d6d3-64c6-4649-b832-b484616e7ca6,2015-08-23 20:30:00+00:00
5011a20f-3edb-4457-aff0-0a42649b9a40,2015-08-29 02:00:00+00:00,2015-08-29,2015,d6a012ed-84aa-48d3-8265-2d3f3ff2199a,d6a012ed-84aa-48d3-8265-2d3f3ff2199a,e6bc56cc-9dad-43aa-8ccb-ee9d499fea28,FR_LVA_ACES,1,0,0.24652567975830816,0.2495736213757817,0.7534743202416918,0.7504263786242183,0.17598994343180388,0.14870463649022675,27,season_to_date,1fde166e-016d-4740-a7ee-82b1aba99679,2015-08-22 02:00:00+00:00
0a087a4e-ab27-4b53-bcb3-cf3ac12113d4,2015-08-29 23:00:00+00:00,2015-08-29,2015,3c409388-ab73-4c7f-953d-3a71062240f6,3c409388-ab73-4c7f-953d-3a71062240f6,5d70a9af-8c2b-4aec-9e68-9acc6ddb93e4,5d70a9af-8c2b-4aec-9e68-9acc6ddb93e4,0,0,0.17768803634528016,0.22090628218331618,0.8223119636547198,0.7790937178166838,0.13406187952409987,0.14275123428553402,28,season_to_date,a1b90dba-01a5-4bed-8bb1-071f9f18834b,2015-08-23 20:00:00+00:00
0a087a4e-ab27-4b53-bcb3-cf3ac12113d4,2015-08-29 23:00:00+00:00,2015-08-29,2015,5d70a9af-8c2b-4aec-9e68-9acc6ddb93e4,5d70a9af-8c2b-4aec-9e68-9acc6ddb93e4,3c409388-ab73-4c7f-953d-3a71062240f6,3c409388-ab73-4c7f-953d-3a71062240f6,1,0,0.22157894736842104,0.2528216704288939,0.7784210526315789,0.7471783295711061,0.1747422838089994,0.17767906718489726,28,season_to_date,9c7ddc1a-1e1f-4a0f-98d3-3358304e257b,2015-08-28 23:00:00+00:00
cf8211f4-570e-41fc-9ba8-43be4bcc803c,2015-08-29 23:00:00+00:00,2015-08-29,2015,08ed8274-e29f-4248-bc2e-83cc8ed18d75,08ed8274-e29f-4248-bc2e-83cc8ed18d75,a015b02d-845c-40c1-8ef4-844984f47e4d,a015b02d-845c-40c1-8ef4-844984f47e4d,0,0,0.17994269340974212,0.2556390977443609,0.8200573065902579,0.7443609022556391,0.16790016205289274,0.16926575147206055,27,season_to_date,15099b5b-1e38-4d62-8723-8e55bfe21cc8,2015-08-28 23:30:00+00:00
cf8211f4-570e-41fc-9ba8-43be4bcc803c,2015-08-29 23:00:00+00:00,2015-08-29,2015,a015b02d-845c-40c1-8ef4-844984f47e4d,a015b02d-845c-40c1-8ef4-844984f47e4d,08ed8274-e29f-4248-bc2e-83cc8ed18d75,08ed8274-e29f-4248-bc2e-83cc8ed18d75,1,0,0.2747771368641846,0.2131239484015704,0.7252228631358154,0.7868760515984297,0.1534629599871445,0.17615947925142392,28,season_to_date,f75dc6f4-2045-4e72-912c-52fb5977b6da,2015-08-27 23:00:00+00:00
f3bca316-77f0-45d7-911a-ddb7f11545a8,2015-08-30 20:30:00+00:00,2015-08-30,2015,5f0b5caf-708b-4300-92f2-53b51d83ec06,5f0b5caf-708b-4300-92f2-53b51d83ec06,f073a15f-0486-4179-b0a3-dfd0294eb595,f073a15f-0486-4179-b0a3-dfd0294eb595,1,0,0.27286902286902287,0.22829763246899662,0.7271309771309772,0.7717023675310034,0.13703229433443687,0.1615923894127981,28,season_to_date,315fc76c-dee5-4c30-a942-bcc17a7c3757,2015-08-29 00:00:00+00:00
f3bca316-77f0-45d7-911a-ddb7f11545a8,2015-08-30 20:30:00+00:00,2015-08-30,2015,f073a15f-0486-4179-b0a3-dfd0294eb595,f073a15f-0486-4179-b0a3-dfd0294eb595,5f0b5caf-708b-4300-92f2-53b51d83ec06,5f0b5caf-708b-4300-92f2-53b51d83ec06,0,0,0.23623348017621146,0.22993739328400684,0.7637665198237885,0.7700626067159931,0.15939718881321546,0.18140939270466389,28,season_to_date,9c7ddc1a-1e1f-4a0f-98d3-3358304e257b,2015-08-28 23:00:00+00:00
1e0021d8-1b19-4d30-a5e1-6dd5023a320e,2015-08-30 23:00:00+00:00,2015-08-30,2015,3c409388-ab73-4c7f-953d-3a71062240f6,3c409388-ab73-4c7f-953d-3a71062240f6,a015b02d-845c-40c1-8ef4-844984f47e4d,a015b02d-845c-40c1-8ef4-844984f47e4d,1,0,0.1764992686494393,0.2197420634920635,0.8235007313505607,0.7802579365079365,0.13320955788011896,0.1398091301440642,29,season_to_date,0a087a4e-ab27-4b53-bcb3-cf3ac12113d4,2015-08-29 23:00:00+00:00
1e0021d8-1b19-4d30-a5e1-6dd5023a320e,2015-08-30 23:00:00+00:00,2015-08-30,2015,a015b02d-845c-40c1-8ef4-844984f47e4d,a015b02d-845c-40c1-8ef4-844984f47e4d,3c409388-ab73-4c7f-953d-3a71062240f6,3c409388-ab73-4c7f-953d-3a71062240f6,0,0,0.27531806615776083,0.21118349619978286,0.7246819338422392,0.7888165038002172,0.15599470940636428,0.17647522256361775,29,season_to_date,cf8211f4-570e-41fc-9ba8-43be4bcc803c,2015-08-29 23:00:00+00:00
5fb4aec6-5a70-430e-a7fd-a88138f3c480,2015-08-30 23:00:00+00:00,2015-08-30,2015,0a5ad38d-2fe3-43ba-894b-1ba3d5042ea9,0a5ad38d-2fe3-43ba-894b-1ba3d5042ea9,e6bc56cc-9dad-43aa-8ccb-ee9d499fea28,FR_LVA_ACES,1,0,0.22490400438837083,0.21739130434782608,0.7750959956116292,0.782608695652174,0.15975640276966713,0.12835816014520005,29,season_to_date,315fc76c-dee5-4c30-a942-bcc17a7c3757,2015-08-29 00:00:00+00:00
5fb4aec6-5a70-430e-a7fd-a88138f3c480,2015-08-30 23:00:00+00:00,2015-08-30,2015,e6bc56cc-9dad-43aa-8ccb-ee9d499fea28,FR_LVA_ACES,0a5ad38d-2fe3-43ba-894b-1ba3d5042ea9,0a5ad38d-2fe3-43ba-894b-1ba3d5042ea9,0,0,0.193756727664155,0.17868177136972194,0.806243272335845,0.821318228630278,0.1653724475122232,0.14858486818059022,29,season_to_date,5011a20f-3edb-4457-aff0-0a42649b9a40,2015-08-29 02:00:00+00:00
be4ee34a-91fb-4e5f-a70d-93034d3733ad,2015-08-30 23:00:00+00:00,2015-08-30,2015,0699edf3-5993-4182-b9b4-ec935cbd4fcc,0699edf3-5993-4182-b9b4-ec935cbd4fcc,6f017f37-be96-4bdc-b6d3-0a0429c72e89,6f017f37-be96-4bdc-b6d3-0a0429c72e89,0,0,0.22931314223904814,0.22233400402414488,0.7706868577609519,0.7776659959758552,0.14983919695936068,0.14598313428895343,29,season_to_date,aa1cce2d-cd0e-4241-98ae-fcdeab708f4a,2015-08-28 23:00:00+00:00
be4ee34a-91fb-4e5f-a70d-93034d3733ad,2015-08-30 23:00:00+00:00,2015-08-30,2015,6f017f37-be96-4bdc-b6d3-0a0429c72e89,6f017f37-be96-4bdc-b6d3-0a0429c72e89,0699edf3-5993-4182-b9b4-ec935cbd4fcc,0699edf3-5993-4182-b9b4-ec935cbd4fcc,1,0,0.1822943949711891,0.2543859649122807,0.8177056050288108,0.7456140350877193,0.15052282662652725,0.14779591312170673,29,season_to_date,15099b5b-1e38-4d62-8723-8e55bfe21cc8,2015-08-28 23:30:00+00:00
be2d0c52-6b62-4d21-88d4-49310f29494b,2015-08-31 01:00:00+00:00,2015-08-31,2015,5c0d47fe-8539-47b0-9f36-d0b3609ca89b,5c0d47fe-8539-47b0-9f36-d0b3609ca89b,d6a012ed-84aa-48d3-8265-2d3f3ff2199a,d6a012ed-84aa-48d3-8265-2d3f3ff2199a,0,0,0.2713538640325392,0.191512513601741,0.7286461359674608,0.808487486398259,0.14969008445856966,0.1502388629112578,27,season_to_date,aa1cce2d-cd0e-4241-98ae-fcdeab708f4a,2015-08-28 23:00:00+00:00
be2d0c52-6b62-4d21-88d4-49310f29494b,2015-08-31 01:00:00+00:00,2015-08-31,2015,d6a012ed-84aa-48d3-8265-2d3f3ff2199a,d6a012ed-84aa-48d3-8265-2d3f3ff2199a,5c0d47fe-8539-47b0-9f36-d0b3609ca89b,5c0d47fe-8539-47b0-9f36-d0b3609ca89b,1,0,0.24577751892836341,0.2461622807017544,0.7542224810716366,0.7538377192982456,0.17726825733657678,0.14839009185263788,28,season_to_date,5011a20f-3edb-4457-aff0-0a42649b9a40,2015-08-29 02:00:00+00:00
330c5a5c-ebf1-4ebe-9a7f-5c1d562cb61e,2015-09-01 23:00:00+00:00,2015-09-01,2015,a015b02d-845c-40c1-8ef4-844984f47e4d,a015b02d-845c-40c1-8ef4-844984f47e4d,f073a15f-0486-4179-b0a3-dfd0294eb595,f073a15f-0486-4179-b0a3-dfd0294eb595,0,0,0.27492596248766044,0.20741901776384536,0.7250740375123396,0.7925809822361547,0.15687543263009,0.17455657306276431,30,season_to_date,1e0021d8-1b19-4d30-a5e1-6dd5023a320e,2015-08-30 23:00:00+00:00
330c5a5c-ebf1-4ebe-9a7f-5c1d562cb61e,2015-09-01 23:00:00+00:00,2015-09-01,2015,f073a15f-0486-4179-b0a3-dfd0294eb595,f073a15f-0486-4179-b0a3-dfd0294eb595,a015b02d-845c-40c1-8ef4-844984f47e4d,a015b02d-845c-40c1-8ef4-844984f47e4d,1,0,0.23223753976670203,0.23195592286501376,0.767762460233298,0.7680440771349862,0.15990560911617221,0.18118220405596602,29,season_to_date,f3bca316-77f0-45d7-911a-ddb7f11545a8,2015-08-30 20:30:00+00:00
4eebd0d8-53a0-446b-b62c-6bfeb1d27157,2015-09-01 23:00:00+00:00,2015-09-01,2015,08ed8274-e29f-4248-bc2e-83cc8ed18d75,08ed8274-e29f-4248-bc2e-83cc8ed18d75,5d70a9af-8c2b-4aec-9e68-9acc6ddb93e4,5d70a9af-8c2b-4aec-9e68-9acc6ddb93e4,1,0,0.17904656319290466,0.25685506435366534,0.8209534368070953,0.7431449356463347,0.16849301784328938,0.17140701374536624,28,season_to_date,cf8211f4-570e-41fc-9ba8-43be4bcc803c,2015-08-29 23:00:00+00:00
4eebd0d8-53a0-446b-b62c-6bfeb1d27157,2015-09-01 23:00:00+00:00,2015-09-01,2015,5d70a9af-8c2b-4aec-9e68-9acc6ddb93e4,5d70a9af-8c2b-4aec-9e68-9acc6ddb93e4,08ed8274-e29f-4248-bc2e-83cc8ed18d75,08ed8274-e29f-4248-bc2e-83cc8ed18d75,0,0,0.22036474164133737,0.248642779587405,0.7796352583586627,0.751357220412595,0.17075041673427843,0.17528819215872382,29,season_to_date,0a087a4e-ab27-4b53-bcb3-cf3ac12113d4,2015-08-29 23:00:00+00:00
3ddab17e-66fa-480a-9b41-fd6117873f85,2015-09-02 19:30:00+00:00,2015-09-02,2015,0699edf3-5993-4182-b9b4-ec935cbd4fcc,0699edf3-5993-4182-b9b4-ec935cbd4fcc,5c0d47fe-8539-47b0-9f36-d0b3609ca89b,5c0d47fe-8539-47b0-9f36-d0b3609ca89b,1,0,0.22822665267576075,0.2193110140708394,0.7717733473242392,0.7806889859291606,0.15041265041265042,0.14596463913049987,30,season_to_date,be4ee34a-91fb-4e5f-a70d-93034d3733ad,2015-08-30 23:00:00+00:00
3ddab17e-66fa-480a-9b41-fd6117873f85,2015-09-02 19:30:00+00:00,2015-09-02,2015,5c0d47fe-8539-47b0-9f36-d0b3609ca89b,5c0d47fe-8539-47b0-9f36-d0b3609ca89b,0699edf3-5993-4182-b9b4-ec935cbd4fcc,0699edf3-5993-4182-b9b4-ec935cbd4fcc,0,0,0.2691662003357583,0.1919191919191919,0.7308337996642418,0.8080808080808081,0.15101522842639595,0.15397056180876612,28,season_to_date,be2d0c52-6b62-4d21-88d4-49310f29494b,2015-08-31 01:00:00+00:00
9882c76e-38d8-44af-88c0-77bf86199e5f,2015-09-03 23:00:00+00:00,2015-09-03,2015,08ed8274-e29f-4248-bc2e-83cc8ed18d75,08ed8274-e29f-4248-bc2e-83cc8ed18d75,3c409388-ab73-4c7f-953d-3a71062240f6,3c409388-ab73-4c7f-953d-3a71062240f6,1,0,0.18356456776947705,0.2568659127625202,0.816435432230523,0.7431340872374798,0.16800709363284227,0.1711895499256729,29,season_to_date,4eebd0d8-53a0-446b-b62c-6bfeb1d27157,2015-09-01 23:00:00+00:00
9882c76e-38d8-44af-88c0-77bf86199e5f,2015-09-03 23:00:00+00:00,2015-09-03,2015,3c409388-ab73-4c7f-953d-3a71062240f6,3c409388-ab73-4c7f-953d-3a71062240f6,08ed8274-e29f-4248-bc2e-83cc8ed18d75,08ed8274-e29f-4248-bc2e-83cc8ed18d75,0,0,0.17428167687235044,0.2209918151179586,0.8257183231276496,0.7790081848820414,0.13280406292869443,0.14119100495639256,30,season_to_date,1e0021d8-1b19-4d30-a5e1-6dd5023a320e,2015-08-30 23:00:00+00:00
379601ac-4562-4094-b98c-c82dc769856c,2015-09-04 02:00:00+00:00,2015-09-04,2015,5f0b5caf-708b-4300-92f2-53b51d83ec06,5f0b5caf-708b-4300-92f2-53b51d83ec06,d6a012ed-84aa-48d3-8265-2d3f3ff2199a,d6a012ed-84aa-48d3-8265-2d3f3ff2199a,0,0,0.2734611503531786,0.2245119305856833,0.7265388496468214,0.7754880694143167,0.1381633734574911,0.16203445028016794,29,season_to_date,f3bca316-77f0-45d7-911a-ddb7f11545a8,2015-08-30 20:30:00+00:00
379601ac-4562-4094-b98c-c82dc769856c,2015-09-04 02:00:00+00:00,2015-09-04,2015,d6a012ed-84aa-48d3-8265-2d3f3ff2199a,d6a012ed-84aa-48d3-8265-2d3f3ff2199a,5f0b5caf-708b-4300-92f2-53b51d83ec06,5f0b5caf-708b-4300-92f2-53b51d83ec06,1,0,0.24488636363636362,0.24497354497354498,0.7551136363636364,0.755026455026455,0.1801891986585915,0.149688615660471,29,season_to_date,be2d0c52-6b62-4d21-88d4-49310f29494b,2015-08-31 01:00:00+00:00
6b3397be-3e4f-4147-bb75-d08a50a38f4d,2015-09-04 02:30:00+00:00,2015-09-04,2015,0a5ad38d-2fe3-43ba-894b-1ba3d5042ea9,0a5ad38d-2fe3-43ba-894b-1ba3d5042ea9,5c0d47fe-8539-47b0-9f36-d0b3609ca89b,5c0d47fe-8539-47b0-9f36-d0b3609ca89b,1,0,0.22954303931987247,0.21465428276573786,0.7704569606801275,0.7853457172342622,0.1606990002745611,0.12887410536936028,30,season_to_date,5fb4aec6-5a70-430e-a7fd-a88138f3c480,2015-08-30 23:00:00+00:00
6b3397be-3e4f-4147-bb75-d08a50a38f4d,2015-09-04 02:30:00+00:00,2015-09-04,2015,5c0d47fe-8539-47b0-9f36-d0b3609ca89b,5c0d47fe-8539-47b0-9f36-d0b3609ca89b,0a5ad38d-2fe3-43ba-894b-1ba3d5042ea9,0a5ad38d-2fe3-43ba-894b-1ba3d5042ea9,0,0,0.2689393939393939,0.19359834796076406,0.7310606060606061,0.806401652039236,0.15170101406607786,0.15500618438996544,29,season_to_date,3ddab17e-66fa-480a-9b41-fd6117873f85,2015-09-02 19:30:00+00:00
29333f0f-38ec-40cc-aeba-115b19a89aad,2015-09-05 00:00:00+00:00,2015-09-05,2015,6f017f37-be96-4bdc-b6d3-0a0429c72e89,6f017f37-be96-4bdc-b6d3-0a0429c72e89,f073a15f-0486-4179-b0a3-dfd0294eb595,f073a15f-0486-4179-b0a3-dfd0294eb595,1,0,0.18062563067608475,0.25263157894736843,0.8193743693239153,0.7473684210526316,0.15033536350319945,0.14842459563062924,30,season_to_date,be4ee34a-91fb-4e5f-a70d-93034d3733ad,2015-08-30 23:00:00+00:00
29333f0f-38ec-40cc-aeba-115b19a89aad,2015-09-05 00:00:00+00:00,2015-09-05,2015,f073a15f-0486-4179-b0a3-dfd0294eb595,f073a15f-0486-4179-b0a3-dfd0294eb595,6f017f37-be96-4bdc-b6d3-0a0429c72e89,6f017f37-be96-4bdc-b6d3-0a0429c72e89,0,0,0.22962583290620195,0.23322683706070288,0.770374167093798,0.7667731629392971,0.1603382498723302,0.18186245415392108,30,season_to_date,330c5a5c-ebf1-4ebe-9a7f-5c1d562cb61e,2015-09-01 23:00:00+00:00
7fa3ef2a-e795-4378-bb3c-2e7219f408fb,2015-09-05 00:00:00+00:00,2015-09-05,2015,e6bc56cc-9dad-43aa-8ccb-ee9d499fea28,FR_LVA_ACES,a015b02d-845c-40c1-8ef4-844984f47e4d,a015b02d-845c-40c1-8ef4-844984f47e4d,1,0,0.19192964304190377,0.18440779610194902,0.8080703569580963,0.815592203898051,0.16457764827405455,0.14982513981112017,30,season_to_date,5fb4aec6-5a70-430e-a7fd-a88138f3c480,2015-08-30 23:00:00+00:00
7fa3ef2a-e795-4378-bb3c-2e7219f408fb,2015-09-05 00:00:00+00:00,2015-09-05,2015,a015b02d-845c-40c1-8ef4-844984f47e4d,a015b02d-845c-40c1-8ef4-844984f47e4d,e6bc56cc-9dad-43aa-8ccb-ee9d499fea28,FR_LVA_ACES,0,0,0.27477261847774054,0.20565942395149064,0.7252273815222594,0.7943405760485094,0.15827170218662934,0.17451364446342577,31,season_to_date,330c5a5c-ebf1-4ebe-9a7f-5c1d562cb61e,2015-09-01 23:00:00+00:00
8acd1aad-3c26-432f-a697-44894d362b38,2015-09-06 00:00:00+00:00,2015-09-06,2015,0699edf3-5993-4182-b9b4-ec935cbd4fcc,0699edf3-5993-4182-b9b4-ec935cbd4fcc,e6bc56cc-9dad-43aa-8ccb-ee9d499fea28,FR_LVA_ACES,0,0,0.22884811416921508,0.22054665409990576,0.7711518858307849,0.7794533459000943,0.15151283267779803,0.14672341909147696,31,season_to_date,3ddab17e-66fa-480a-9b41-fd6117873f85,2015-09-02 19:30:00+00:00
8acd1aad-3c26-432f-a697-44894d362b38,2015-09-06 00:00:00+00:00,2015-09-06,2015,e6bc56cc-9dad-43aa-8ccb-ee9d499fea28,FR_LVA_ACES,0699edf3-5993-4182-b9b4-ec935cbd4fcc,0699edf3-5993-4182-b9b4-ec935cbd4fcc,1,0,0.191904047976012,0.18471953578336556,0.808095952023988,0.8152804642166345,0.1625949404939896,0.14878504672897197,31,season_to_date,7fa3ef2a-e795-4378-bb3c-2e7219f408fb,2015-09-05 00:00:00+00:00
e9158e08-7fd3-4e2e-bb7b-47bf01303221,2015-09-06 19:00:00+00:00,2015-09-06,2015,5c0d47fe-8539-47b0-9f36-d0b3609ca89b,5c0d47fe-8539-47b0-9f36-d0b3609ca89b,5d70a9af-8c2b-4aec-9e68-9acc6ddb93e4,5d70a9af-8c2b-4aec-9e68-9acc6ddb93e4,0,0,0.2703125,0.19426270759939607,0.7296875,0.8057372924006039,0.14944019229552785,0.15520076217404,30,season_to_date,6b3397be-3e4f-4147-bb75-d08a50a38f4d,2015-09-04 02:30:00+00:00
e9158e08-7fd3-4e2e-bb7b-47bf01303221,2015-09-06 19:00:00+00:00,2015-09-06,2015,5d70a9af-8c2b-4aec-9e68-9acc6ddb93e4,5d70a9af-8c2b-4aec-9e68-9acc6ddb93e4,5c0d47fe-8539-47b0-9f36-d0b3609ca89b,5c0d47fe-8539-47b0-9f36-d0b3609ca89b,1,0,0.2216242661448141,0.25052301255230125,0.7783757338551859,0.7494769874476988,0.17057538861213012,0.17458512962853598,30,season_to_date,4eebd0d8-53a0-446b-b62c-6bfeb1d27157,2015-09-01 23:00:00+00:00
fcd4b642-805a-4643-9492-bd8a2797e300,2015-09-06 21:00:00+00:00,2015-09-06,2015,0a5ad38d-2fe3-43ba-894b-1ba3d5042ea9,0a5ad38d-2fe3-43ba-894b-1ba3d5042ea9,5f0b5caf-708b-4300-92f2-53b51d83ec06,5f0b5caf-708b-4300-92f2-53b51d83ec06,1,0,0.229296066252588,0.21791044776119403,0.770703933747412,0.7820895522388059,0.16071763748983295,0.12742255455516557,31,season_to_date,6b3397be-3e4f-4147-bb75-d08a50a38f4d,2015-09-04 02:30:00+00:00
fcd4b642-805a-4643-9492-bd8a2797e300,2015-09-06 21:00:00+00:00,2015-09-06,2015,5f0b5caf-708b-4300-92f2-53b51d83ec06,5f0b5caf-708b-4300-92f2-53b51d83ec06,0a5ad38d-2fe3-43ba-894b-1ba3d5042ea9,0a5ad38d-2fe3-43ba-894b-1ba3d5042ea9,0,0,0.27601367855398146,0.22397476340694006,0.7239863214460186,0.7760252365930599,0.13724569180635882,0.16284754993733658,30,season_to_date,379601ac-4562-4094-b98c-c82dc769856c,2015-09-04 02:00:00+00:00
a1816f6e-896c-41e1-9fd4-b76b87937501,2015-09-06 22:00:00+00:00,2015-09-06,2015,3c409388-ab73-4c7f-953d-3a71062240f6,3c409388-ab73-4c7f-953d-3a71062240f6,d6a012ed-84aa-48d3-8265-2d3f3ff2199a,d6a012ed-84aa-48d3-8265-2d3f3ff2199a,1,0,0.17579908675799086,0.21745216985534296,0.8242009132420092,0.782547830144657,0.13270014720869663,0.14077178577028895,31,season_to_date,9882c76e-38d8-44af-88c0-77bf86199e5f,2015-09-03 23:00:00+00:00
a1816f6e-896c-41e1-9fd4-b76b87937501,2015-09-06 22:00:00+00:00,2015-09-06,2015,d6a012ed-84aa-48d3-8265-2d3f3ff2199a,d6a012ed-84aa-48d3-8265-2d3f3ff2199a,3c409388-ab73-4c7f-953d-3a71062240f6,3c409388-ab73-4c7f-953d-3a71062240f6,0,0,0.24367436743674367,0.2485933503836317,0.7563256325632564,0.7514066496163683,0.1804544059941544,0.1483484134853743,30,season_to_date,379601ac-4562-4094-b98c-c82dc769856c,2015-09-04 02:00:00+00:00
c623607d-244c-4d91-9536-42575bdd7e5a,2015-09-06 23:00:00+00:00,2015-09-06,2015,08ed8274-e29f-4248-bc2e-83cc8ed18d75,08ed8274-e29f-4248-bc2e-83cc8ed18d75,6f017f37-be96-4bdc-b6d3-0a0429c72e89,6f017f37-be96-4bdc-b6d3-0a0429c72e89,0,0,0.1809278350515464,0.25571725571725573,0.8190721649484536,0.7442827442827443,0.16669426090097683,0.16982864137086903,30,season_to_date,9882c76e-38d8-44af-88c0-77bf86199e5f,2015-09-03 23:00:00+00:00
c623607d-244c-4d91-9536-42575bdd7e5a,2015-09-06 23:00:00+00:00,2015-09-06,2015,6f017f37-be96-4bdc-b6d3-0a0429c72e89,6f017f37-be96-4bdc-b6d3-0a0429c72e89,08ed8274-e29f-4248-bc2e-83cc8ed18d75,08ed8274-e29f-4248-bc2e-83cc8ed18d75,1,0,0.18377321603128055,0.25,0.8162267839687195,0.75,0.15198816956950378,0.1478977392774139,31,season_to_date,29333f0f-38ec-40cc-aeba-115b19a89aad,2015-09-05 00:00:00+00:00
1d94a2d0-0a70-4bbc-a7bd-56794554c6de,2015-09-08 23:00:00+00:00,2015-09-08,2015,5c0d47fe-8539-47b0-9f36-d0b3609ca89b,5c0d47fe-8539-47b0-9f36-d0b3609ca89b,f073a15f-0486-4179-b0a3-dfd0294eb595,f073a15f-0486-4179-b0a3-dfd0294eb595,1,0,0.2701207243460765,0.19540791402051783,0.7298792756539235,0.8045920859794822,0.15093157259235485,0.15566255033955984,31,season_to_date,e9158e08-7fd3-4e2e-bb7b-47bf01303221,2015-09-06 19:00:00+00:00
1d94a2d0-0a70-4bbc-a7bd-56794554c6de,2015-09-08 23:00:00+00:00,2015-09-08,2015,f073a15f-0486-4179-b0a3-dfd0294eb595,f073a15f-0486-4179-b0a3-dfd0294eb595,5c0d47fe-8539-47b0-9f36-d0b3609ca89b,5c0d47fe-8539-47b0-9f36-d0b3609ca89b,0,0,0.22772277227722773,0.23480947476828012,0.7722772277227723,0.7651905252317199,0.15946756764628783,0.18252212389380532,31,season_to_date,29333f0f-38ec-40cc-aeba-115b19a89aad,2015-09-05 00:00:00+00:00
acab7fb9-2e4f-4c96-8d6b-40b4c113eff8,2015-09-09 00:00:00+00:00,2015-09-09,2015,5f0b5caf-708b-4300-92f2-53b51d83ec06,5f0b5caf-708b-4300-92f2-53b51d83ec06,e6bc56cc-9dad-43aa-8ccb-ee9d499fea28,FR_LVA_ACES,1,0,0.27730294396961064,0.22261844116148752,0.7226970560303894,0.7773815588385125,0.13751139990880074,0.16154239172902954,31,season_to_date,fcd4b642-805a-4643-9492-bd8a2797e300,2015-09-06 21:00:00+00:00
acab7fb9-2e4f-4c96-8d6b-40b4c113eff8,2015-09-09 00:00:00+00:00,2015-09-09,2015,e6bc56cc-9dad-43aa-8ccb-ee9d499fea28,FR_LVA_ACES,5f0b5caf-708b-4300-92f2-53b51d83ec06,5f0b5caf-708b-4300-92f2-53b51d83ec06,0,0,0.19223300970873786,0.18497652582159624,0.8077669902912621,0.8150234741784037,0.16304820429577668,0.14928618015798245,32,season_to_date,8acd1aad-3c26-432f-a697-44894d362b38,2015-09-06 00:00:00+00:00
d2f7367c-b15a-4e1d-8da1-b02c048152a3,2015-09-09 00:00:00+00:00,2015-09-09,2015,6f017f37-be96-4bdc-b6d3-0a0429c72e89,6f017f37-be96-4bdc-b6d3-0a0429c72e89,d6a012ed-84aa-48d3-8265-2d3f3ff2199a,d6a012ed-84aa-48d3-8265-2d3f3ff2199a,1,0,0.18488593155893537,0.24976569821930647,0.8151140684410646,0.7502343017806935,0.15306492564381574,0.14797223237120935,32,season_to_date,c623607d-244c-4d91-9536-42575bdd7e5a,2015-09-06 23:00:00+00:00
d2f7367c-b15a-4e1d-8da1-b02c048152a3,2015-09-09 00:00:00+00:00,2015-09-09,2015,d6a012ed-84aa-48d3-8265-2d3f3ff2199a,d6a012ed-84aa-48d3-8265-2d3f3ff2199a,6f017f37-be96-4bdc-b6d3-0a0429c72e89,6f017f37-be96-4bdc-b6d3-0a0429c72e89,0,0,0.24386339381003203,0.24617661568820917,0.756136606189968,0.7538233843117909,0.18266978922716628,0.1481525821947533,31,season_to_date,a1816f6e-896c-41e1-9fd4-b76b87937501,2015-09-06 22:00:00+00:00
07020d68-f496-4038-8050-048110ad6dba,2015-09-09 23:00:00+00:00,2015-09-09,2015,0a5ad38d-2fe3-43ba-894b-1ba3d5042ea9,0a5ad38d-2fe3-43ba-894b-1ba3d5042ea9,5d70a9af-8c2b-4aec-9e68-9acc6ddb93e4,5d70a9af-8c2b-4aec-9e68-9acc6ddb93e4,0,0,0.22779729051680883,0.2208796520057999,0.7722027094831911,0.7791203479942,0.15946056767962094,0.12799644865344778,32,season_to_date,fcd4b642-805a-4643-9492-bd8a2797e300,2015-09-06 21:00:00+00:00
07020d68-f496-4038-8050-048110ad6dba,2015-09-09 23:00:00+00:00,2015-09-09,2015,5d70a9af-8c2b-4aec-9e68-9acc6ddb93e4,5d70a9af-8c2b-4aec-9e68-9acc6ddb93e4,0a5ad38d-2fe3-43ba-894b-1ba3d5042ea9,0a5ad38d-2fe3-43ba-894b-1ba3d5042ea9,1,0,0.22195817490494296,0.251010101010101,0.778041825095057,0.748989898989899,0.1705339476706377,0.17519271198318148,31,season_to_date,e9158e08-7fd3-4e2e-bb7b-47bf01303221,2015-09-06 19:00:00+00:00
2024eb08-0f05-4eec-a6c5-092d4925226d,2015-09-09 23:00:00+00:00,2015-09-09,2015,08ed8274-e29f-4248-bc2e-83cc8ed18d75,08ed8274-e29f-4248-bc2e-83cc8ed18d75,a015b02d-845c-40c1-8ef4-844984f47e4d,a015b02d-845c-40c1-8ef4-844984f47e4d,1,0,0.18308457711442785,0.2547931382441978,0.8169154228855722,0.7452068617558022,0.16617591323868108,0.17040645094224743,31,season_to_date,c623607d-244c-4d91-9536-42575bdd7e5a,2015-09-06 23:00:00+00:00
2024eb08-0f05-4eec-a6c5-092d4925226d,2015-09-09 23:00:00+00:00,2015-09-09,2015,a015b02d-845c-40c1-8ef4-844984f47e4d,a015b02d-845c-40c1-8ef4-844984f47e4d,08ed8274-e29f-4248-bc2e-83cc8ed18d75,08ed8274-e29f-4248-bc2e-83cc8ed18d75,0,0,0.2722634508348794,0.20517830972154372,0.7277365491651205,0.7948216902784563,0.15704987308384974,0.17232995824037525,32,season_to_date,7fa3ef2a-e795-4378-bb3c-2e7219f408fb,2015-09-05 00:00:00+00:00
74dda1ff-cb1c-4b22-80c8-ab9dc1735029,2015-09-11 23:30:00+00:00,2015-09-11,2015,5d70a9af-8c2b-4aec-9e68-9acc6ddb93e4,5d70a9af-8c2b-4aec-9e68-9acc6ddb93e4,f073a15f-0486-4179-b0a3-dfd0294eb595,f073a15f-0486-4179-b0a3-dfd0294eb595,1,0,0.2239010989010989,0.2501221299462628,0.7760989010989011,0.7498778700537372,0.1698841183381395,0.17552970502700457,32,season_to_date,07020d68-f496-4038-8050-048110ad6dba,2015-09-09 23:00:00+00:00
74dda1ff-cb1c-4b22-80c8-ab9dc1735029,2015-09-11 23:30:00+00:00,2015-09-11,2015,f073a15f-0486-4179-b0a3-dfd0294eb595,f073a15f-0486-4179-b0a3-dfd0294eb595,5d70a9af-8c2b-4aec-9e68-9acc6ddb93e4,5d70a9af-8c2b-4aec-9e68-9acc6ddb93e4,0,0,0.22429459588713535,0.23778664007976072,0.7757054041128647,0.7622133599202393,0.16028795590675177,0.1843993848607393,32,season_to_date,1d94a2d0-0a70-4bbc-a7bd-56794554c6de,2015-09-08 23:00:00+00:00
fb552a68-618a-4871-8feb-08920be6bb52,2015-09-11 23:30:00+00:00,2015-09-11,2015,08ed8274-e29f-4248-bc2e-83cc8ed18d75,08ed8274-e29f-4248-bc2e-83cc8ed18d75,5c0d47fe-8539-47b0-9f36-d0b3609ca89b,5c0d47fe-8539-47b0-9f36-d0b3609ca89b,1,0,0.1837029893924783,0.255859375,0.8162970106075217,0.744140625,0.16566840830890786,0.16858546706819788,32,season_to_date,2024eb08-0f05-4eec-a6c5-092d4925226d,2015-09-09 23:00:00+00:00
fb552a68-618a-4871-8feb-08920be6bb52,2015-09-11 23:30:00+00:00,2015-09-11,2015,5c0d47fe-8539-47b0-9f36-d0b3609ca89b,5c0d47fe-8539-47b0-9f36-d0b3609ca89b,08ed8274-e29f-4248-bc2e-83cc8ed18d75,08ed8274-e29f-4248-bc2e-83cc8ed18d75,0,0,0.2719298245614035,0.1931067044381492,0.7280701754385965,0.8068932955618509,0.154004863311473,0.15663307000817217,32,season_to_date,1d94a2d0-0a70-4bbc-a7bd-56794554c6de,2015-09-08 23:00:00+00:00
a74e5294-b731-424d-8131-bee14b0d9b89,2015-09-12 00:30:00+00:00,2015-09-12,2015,3c409388-ab73-4c7f-953d-3a71062240f6,3c409388-ab73-4c7f-953d-3a71062240f6,5f0b5caf-708b-4300-92f2-53b51d83ec06,5f0b5caf-708b-4300-92f2-53b51d83ec06,1,0,0.17595048629531387,0.21828103683492497,0.8240495137046862,0.781718963165075,0.13300972205081796,0.14390081912773964,32,season_to_date,a1816f6e-896c-41e1-9fd4-b76b87937501,2015-09-06 22:00:00+00:00
a74e5294-b731-424d-8131-bee14b0d9b89,2015-09-12 00:30:00+00:00,2015-09-12,2015,5f0b5caf-708b-4300-92f2-53b51d83ec06,5f0b5caf-708b-4300-92f2-53b51d83ec06,3c409388-ab73-4c7f-953d-3a71062240f6,3c409388-ab73-4c7f-953d-3a71062240f6,0,0,0.27683095347766007,0.22162162162162163,0.7231690465223399,0.7783783783783784,0.13847450135366593,0.16086394468894796,32,season_to_date,acab7fb9-2e4f-4c96-8d6b-40b4c113eff8,2015-09-09 00:00:00+00:00
1be25d18-3446-4491-84e8-886c4541491f,2015-09-12 02:00:00+00:00,2015-09-12,2015,6f017f37-be96-4bdc-b6d3-0a0429c72e89,6f017f37-be96-4bdc-b6d3-0a0429c72e89,d6a012ed-84aa-48d3-8265-2d3f3ff2199a,d6a012ed-84aa-48d3-8265-2d3f3ff2199a,0,0,0.18361711919005982,0.24726277372262773,0.8163828808099401,0.7527372262773723,0.15256978134008298,0.15013842549868672,33,season_to_date,d2f7367c-b15a-4e1d-8da1-b02c048152a3,2015-09-09 00:00:00+00:00
1be25d18-3446-4491-84e8-886c4541491f,2015-09-12 02:00:00+00:00,2015-09-12,2015,d6a012ed-84aa-48d3-8265-2d3f3ff2199a,d6a012ed-84aa-48d3-8265-2d3f3ff2199a,6f017f37-be96-4bdc-b6d3-0a0429c72e89,6f017f37-be96-4bdc-b6d3-0a0429c72e89,1,0,0.2412008281573499,0.2428435114503817,0.7587991718426501,0.7571564885496184,0.18392370572207084,0.1477982409111327,32,season_to_date,d2f7367c-b15a-4e1d-8da1-b02c048152a3,2015-09-09 00:00:00+00:00
f1af4873-224a-470b-b98b-cbafea7ff638,2015-09-12 02:00:00+00:00,2015-09-12,2015,0699edf3-5993-4182-b9b4-ec935cbd4fcc,0699edf3-5993-4182-b9b4-ec935cbd4fcc,0a5ad38d-2fe3-43ba-894b-1ba3d5042ea9,0a5ad38d-2fe3-43ba-894b-1ba3d5042ea9,1,0,0.22776679841897232,0.2200825309491059,0.7722332015810277,0.7799174690508941,0.15193963919894457,0.1476371016617102,32,season_to_date,8acd1aad-3c26-432f-a697-44894d362b38,2015-09-06 00:00:00+00:00
f1af4873-224a-470b-b98b-cbafea7ff638,2015-09-12 02:00:00+00:00,2015-09-12,2015,0a5ad38d-2fe3-43ba-894b-1ba3d5042ea9,0a5ad38d-2fe3-43ba-894b-1ba3d5042ea9,0699edf3-5993-4182-b9b4-ec935cbd4fcc,0699edf3-5993-4182-b9b4-ec935cbd4fcc,0,0,0.22766990291262135,0.22289436947417404,0.7723300970873787,0.7771056305258259,0.160345789180145,0.12889718135334918,33,season_to_date,07020d68-f496-4038-8050-048110ad6dba,2015-09-09 23:00:00+00:00
69c3eae6-4975-4252-9018-3c75eb9f5db4,2015-09-13 17:00:00+00:00,2015-09-13,2015,3c409388-ab73-4c7f-953d-3a71062240f6,3c409388-ab73-4c7f-953d-3a71062240f6,a015b02d-845c-40c1-8ef4-844984f47e4d,a015b02d-845c-40c1-8ef4-844984f47e4d,0,0,0.17737789203084833,0.2191780821917808,0.8226221079691517,0.7808219178082192,0.13143359109845207,0.14520456069751844,33,season_to_date,a74e5294-b731-424d-8131-bee14b0d9b89,2015-09-12 00:30:00+00:00
69c3eae6-4975-4252-9018-3c75eb9f5db4,2015-09-13 17:00:00+00:00,2015-09-13,2015,a015b02d-845c-40c1-8ef4-844984f47e4d,a015b02d-845c-40c1-8ef4-844984f47e4d,3c409388-ab73-4c7f-953d-3a71062240f6,3c409388-ab73-4c7f-953d-3a71062240f6,1,0,0.2727272727272727,0.2051160587399337,0.7272727272727273,0.7948839412600663,0.15568812774693103,0.17165890610883314,33,season_to_date,2024eb08-0f05-4eec-a6c5-092d4925226d,2015-09-09 23:00:00+00:00
2b1291f3-1807-43aa-83b1-8fe2c6f3b713,2015-09-13 20:00:00+00:00,2015-09-13,2015,5c0d47fe-8539-47b0-9f36-d0b3609ca89b,5c0d47fe-8539-47b0-9f36-d0b3609ca89b,5d70a9af-8c2b-4aec-9e68-9acc6ddb93e4,5d70a9af-8c2b-4aec-9e68-9acc6ddb93e4,1,0,0.27229825389334594,0.19357798165137616,0.7277017461066541,0.8064220183486238,0.15375153751537515,0.1570749919895237,33,season_to_date,fb552a68-618a-4871-8feb-08920be6bb52,2015-09-11 23:30:00+00:00
2b1291f3-1807-43aa-83b1-8fe2c6f3b713,2015-09-13 20:00:00+00:00,2015-09-13,2015,5d70a9af-8c2b-4aec-9e68-9acc6ddb93e4,5d70a9af-8c2b-4aec-9e68-9acc6ddb93e4,5c0d47fe-8539-47b0-9f36-d0b3609ca89b,5c0d47fe-8539-47b0-9f36-d0b3609ca89b,0,0,0.2221729490022173,0.2503556187766714,0.7778270509977827,0.7496443812233285,0.17069701280227598,0.17689312567132118,33,season_to_date,74dda1ff-cb1c-4b22-80c8-ab9dc1735029,2015-09-11 23:30:00+00:00
aaea3b9e-315d-465e-937a-cb8805e6d61c,2015-09-13 20:30:00+00:00,2015-09-13,2015,0699edf3-5993-4182-b9b4-ec935cbd4fcc,0699edf3-5993-4182-b9b4-ec935cbd4fcc,5f0b5caf-708b-4300-92f2-53b51d83ec06,5f0b5caf-708b-4300-92f2-53b51d83ec06,0,0,0.2268140317155214,0.22301516503122212,0.7731859682844786,0.7769848349687779,0.15214076077573804,0.14758858739572916,33,season_to_date,f1af4873-224a-470b-b98b-cbafea7ff638,2015-09-12 02:00:00+00:00
aaea3b9e-315d-465e-937a-cb8805e6d61c,2015-09-13 20:30:00+00:00,2015-09-13,2015,5f0b5caf-708b-4300-92f2-53b51d83ec06,5f0b5caf-708b-4300-92f2-53b51d83ec06,0699edf3-5993-4182-b9b4-ec935cbd4fcc,0699edf3-5993-4182-b9b4-ec935cbd4fcc,1,0,0.2760626398210291,0.2216421452301851,0.7239373601789709,0.7783578547698149,0.1399416128773067,0.15833251234993598,33,season_to_date,a74e5294-b731-424d-8131-bee14b0d9b89,2015-09-12 00:30:00+00:00
8d9c6482-af88-4d6a-a605-5872a124510b,2015-09-13 21:00:00+00:00,2015-09-13,2015,08ed8274-e29f-4248-bc2e-83cc8ed18d75,08ed8274-e29f-4248-bc2e-83cc8ed18d75,f073a15f-0486-4179-b0a3-dfd0294eb595,f073a15f-0486-4179-b0a3-dfd0294eb595,0,0,0.18445692883895132,0.25673758865248225,0.8155430711610487,0.7432624113475177,0.1658523157387654,0.16791671331019814,33,season_to_date,fb552a68-618a-4871-8feb-08920be6bb52,2015-09-11 23:30:00+00:00
8d9c6482-af88-4d6a-a605-5872a124510b,2015-09-13 21:00:00+00:00,2015-09-13,2015,f073a15f-0486-4179-b0a3-dfd0294eb595,f073a15f-0486-4179-b0a3-dfd0294eb595,08ed8274-e29f-4248-bc2e-83cc8ed18d75,08ed8274-e29f-4248-bc2e-83cc8ed18d75,1,0,0.2252670692057594,0.2354357246027925,0.7747329307942405,0.7645642753972075,0.16214301286243732,0.1847799157651334,33,season_to_date,74dda1ff-cb1c-4b22-80c8-ab9dc1735029,2015-09-11 23:30:00+00:00
def75f62-c9e6-4ff7-ad54-1405959d9b38,2015-09-14 01:00:00+00:00,2015-09-14,2015,e6bc56cc-9dad-43aa-8ccb-ee9d499fea28,FR_LVA_ACES,d6a012ed-84aa-48d3-8265-2d3f3ff2199a,d6a012ed-84aa-48d3-8265-2d3f3ff2199a,0,0,0.19230769230769232,0.18724373576309794,0.8076923076923077,0.8127562642369021,0.162344492910139,0.14989819560485854,33,season_to_date,acab7fb9-2e4f-4c96-8d6b-40b4c113eff8,2015-09-09 00:00:00+00:00
def75f62-c9e6-4ff7-ad54-1405959d9b38,2015-09-14 01:00:00+00:00,2015-09-14,2015,d6a012ed-84aa-48d3-8265-2d3f3ff2199a,d6a012ed-84aa-48d3-8265-2d3f3ff2199a,e6bc56cc-9dad-43aa-8ccb-ee9d499fea28,FR_LVA_ACES,1,0,0.24036054081121683,0.24489795918367346,0.7596394591887832,0.7551020408163265,0.18190886952439633,0.14777285201604393,33,season_to_date,1be25d18-3446-4491-84e8-886c4541491f,2015-09-12 02:00:00+00:00
28f558e1-de2d-4ecd-bfa1-3a5603a1e6f9,2015-09-18 00:00:00+00:00,2015-09-18,2015,3c409388-ab73-4c7f-953d-3a71062240f6,3c409388-ab73-4c7f-953d-3a71062240f6,f073a15f-0486-4179-b0a3-dfd0294eb595,f073a15f-0486-4179-b0a3-dfd0294eb595,1,1,0.1797331109257715,0.21951219512195122,0.8202668890742285,0.7804878048780488,0.13251454427925016,0.14317696673087937,34,season_to_date,69c3eae6-4975-4252-9018-3c75eb9f5db4,2015-09-13 17:00:00+00:00
28f558e1-de2d-4ecd-bfa1-3a5603a1e6f9,2015-09-18 00:00:00+00:00,2015-09-18,2015,f073a15f-0486-4179-b0a3-dfd0294eb595,f073a15f-0486-4179-b0a3-dfd0294eb595,3c409388-ab73-4c7f-953d-3a71062240f6,3c409388-ab73-4c7f-953d-3a71062240f6,0,1,0.22854561878952123,0.2368543508608655,0.7714543812104788,0.7631456491391345,0.16204346733335978,0.18390682054425758,34,season_to_date,8d9c6482-af88-4d6a-a605-5872a124510b,2015-09-13 21:00:00+00:00
da873aef-8013-4848-ae84-6bb067b091b2,2015-09-18 02:00:00+00:00,2015-09-18,2015,0699edf3-5993-4182-b9b4-ec935cbd4fcc,0699edf3-5993-4182-b9b4-ec935cbd4fcc,5f0b5caf-708b-4300-92f2-53b51d83ec06,5f0b5caf-708b-4300-92f2-53b51d83ec06,1,1,0.22642390289449113,0.224295010845987,0.7735760971055089,0.775704989154013,0.15284970476974832,0.1464850252353748,34,season_to_date,aaea3b9e-315d-465e-937a-cb8805e6d61c,2015-09-13 20:30:00+00:00
da873aef-8013-4848-ae84-6bb067b091b2,2015-09-18 02:00:00+00:00,2015-09-18,2015,5f0b5caf-708b-4300-92f2-53b51d83ec06,5f0b5caf-708b-4300-92f2-53b51d83ec06,0699edf3-5993-4182-b9b4-ec935cbd4fcc,0699edf3-5993-4182-b9b4-ec935cbd4fcc,0,1,0.2758920800696258,0.22140221402214022,0.7241079199303743,0.7785977859778598,0.1390698280354351,0.15884619588981197,34,season_to_date,aaea3b9e-315d-465e-937a-cb8805e6d61c,2015-09-13 20:30:00+00:00
bf44ab15-2d0f-4f9b-a24d-a3ca9422ebd5,2015-09-18 23:00:00+00:00,2015-09-18,2015,08ed8274-e29f-4248-bc2e-83cc8ed18d75,08ed8274-e29f-4248-bc2e-83cc8ed18d75,5c0d47fe-8539-47b0-9f36-d0b3609ca89b,5c0d47fe-8539-47b0-9f36-d0b3609ca89b,1,1,0.1875,0.25919117647058826,0.8125,0.7408088235294118,0.16558056477298472,0.16764174890388087,34,season_to_date,8d9c6482-af88-4d6a-a605-5872a124510b,2015-09-13 21:00:00+00:00
bf44ab15-2d0f-4f9b-a24d-a3ca9422ebd5,2015-09-18 23:00:00+00:00,2015-09-18,2015,5c0d47fe-8539-47b0-9f36-d0b3609ca89b,5c0d47fe-8539-47b0-9f36-d0b3609ca89b,08ed8274-e29f-4248-bc2e-83cc8ed18d75,08ed8274-e29f-4248-bc2e-83cc8ed18d75,0,1,0.2718936267767079,0.19599109131403117,0.7281063732232921,0.8040089086859689,0.15508340503483303,0.15743030499587843,34,season_to_date,2b1291f3-1807-43aa-83b1-8fe2c6f3b713,2015-09-13 20:00:00+00:00
3c908e94-b989-4bfb-bdfd-69458580d9f8,2015-09-19 01:00:00+00:00,2015-09-19,2015,0a5ad38d-2fe3-43ba-894b-1ba3d5042ea9,0a5ad38d-2fe3-43ba-894b-1ba3d5042ea9,6f017f37-be96-4bdc-b6d3-0a0429c72e89,6f017f37-be96-4bdc-b6d3-0a0429c72e89,0,1,0.23055162659123055,0.22212148685403446,0.7694483734087695,0.7778785131459656,0.1599230659638125,0.12974341941376732,34,season_to_date,f1af4873-224a-470b-b98b-cbafea7ff638,2015-09-12 02:00:00+00:00
3c908e94-b989-4bfb-bdfd-69458580d9f8,2015-09-19 01:00:00+00:00,2015-09-19,2015,6f017f37-be96-4bdc-b6d3-0a0429c72e89,6f017f37-be96-4bdc-b6d3-0a0429c72e89,0a5ad38d-2fe3-43ba-894b-1ba3d5042ea9,0a5ad38d-2fe3-43ba-894b-1ba3d5042ea9,1,1,0.18719211822660098,0.24634470536109881,0.812807881773399,0.7536552946389012,0.15241193597331765,0.14922595497718533,34,season_to_date,1be25d18-3446-4491-84e8-886c4541491f,2015-09-12 02:00:00+00:00
327772ad-4c23-4160-98cc-a212d1275cf6,2015-09-19 23:00:00+00:00,2015-09-19,2015,3c409388-ab73-4c7f-953d-3a71062240f6,3c409388-ab73-4c7f-953d-3a71062240f6,f073a15f-0486-4179-b0a3-dfd0294eb595,f073a15f-0486-4179-b0a3-dfd0294eb595,0,1,0.1781098546042003,0.22203742203742205,0.8218901453957996,0.777962577962578,0.13259024286269544,0.1430108207302411,35,season_to_date,28f558e1-de2d-4ecd-bfa1-3a5603a1e6f9,2015-09-18 00:00:00+00:00
327772ad-4c23-4160-98cc-a212d1275cf6,2015-09-19 23:00:00+00:00,2015-09-19,2015,f073a15f-0486-4179-b0a3-dfd0294eb595,f073a15f-0486-4179-b0a3-dfd0294eb595,3c409388-ab73-4c7f-953d-3a71062240f6,3c409388-ab73-4c7f-953d-3a71062240f6,1,1,0.23093777388255915,0.23304894476874718,0.7690622261174408,0.7669510552312528,0.16134423531831737,0.18238750080702432,35,season_to_date,28f558e1-de2d-4ecd-bfa1-3a5603a1e6f9,2015-09-18 00:00:00+00:00
35c0d358-03b3-4300-ae31-25ddc2f6a0f2,2015-09-20 01:00:00+00:00,2015-09-20,2015,0699edf3-5993-4182-b9b4-ec935cbd4fcc,0699edf3-5993-4182-b9b4-ec935cbd4fcc,5f0b5caf-708b-4300-92f2-53b51d83ec06,5f0b5caf-708b-4300-92f2-53b51d83ec06,0,1,0.2264065335753176,0.22418136020151133,0.7735934664246824,0.7758186397984886,0.15262722326988562,0.1450314611677455,35,season_to_date,da873aef-8013-4848-ae84-6bb067b091b2,2015-09-18 02:00:00+00:00
35c0d358-03b3-4300-ae31-25ddc2f6a0f2,2015-09-20 01:00:00+00:00,2015-09-20,2015,5f0b5caf-708b-4300-92f2-53b51d83ec06,5f0b5caf-708b-4300-92f2-53b51d83ec06,0699edf3-5993-4182-b9b4-ec935cbd4fcc,0699edf3-5993-4182-b9b4-ec935cbd4fcc,1,1,0.27410526315789474,0.22152466367713006,0.7258947368421053,0.7784753363228699,0.13786299706566832,0.15846333749701014,35,season_to_date,da873aef-8013-4848-ae84-6bb067b091b2,2015-09-18 02:00:00+00:00
2f57995b-478b-4caf-8265-b9ca8ad5759f,2015-09-20 17:00:00+00:00,2015-09-20,2015,08ed8274-e29f-4248-bc2e-83cc8ed18d75,08ed8274-e29f-4248-bc2e-83cc8ed18d75,5c0d47fe-8539-47b0-9f36-d0b3609ca89b,5c0d47fe-8539-47b0-9f36-d0b3609ca89b,0,1,0.18763700131521263,0.259094942324756,0.8123629986847873,0.7409050576752441,0.16591494845360824,0.16577378607631502,35,season_to_date,bf44ab15-2d0f-4f9b-a24d-a3ca9422ebd5,2015-09-18 23:00:00+00:00
2f57995b-478b-4caf-8265-b9ca8ad5759f,2015-09-20 17:00:00+00:00,2015-09-20,2015,5c0d47fe-8539-47b0-9f36-d0b3609ca89b,5c0d47fe-8539-47b0-9f36-d0b3609ca89b,08ed8274-e29f-4248-bc2e-83cc8ed18d75,08ed8274-e29f-4248-bc2e-83cc8ed18d75,1,1,0.27135900841080124,0.19585849870578084,0.7286409915891987,0.8041415012942191,0.15359437670194642,0.15804184843656122,35,season_to_date,bf44ab15-2d0f-4f9b-a24d-a3ca9422ebd5,2015-09-18 23:00:00+00:00
603541b5-5581-4c0c-a871-a90b4cf327c5,2015-09-20 19:00:00+00:00,2015-09-20,2015,0a5ad38d-2fe3-43ba-894b-1ba3d5042ea9,0a5ad38d-2fe3-43ba-894b-1ba3d5042ea9,6f017f37-be96-4bdc-b6d3-0a0429c72e89,6f017f37-be96-4bdc-b6d3-0a0429c72e89,1,1,0.2297111416781293,0.22241835834068843,0.7702888583218707,0.7775816416593115,0.16067149604554204,0.13038907831430843,35,season_to_date,3c908e94-b989-4bfb-bdfd-69458580d9f8,2015-09-19 01:00:00+00:00
603541b5-5581-4c0c-a871-a90b4cf327c5,2015-09-20 19:00:00+00:00,2015-09-20,2015,6f017f37-be96-4bdc-b6d3-0a0429c72e89,6f017f37-be96-4bdc-b6d3-0a0429c72e89,0a5ad38d-2fe3-43ba-894b-1ba3d5042ea9,0a5ad38d-2fe3-43ba-894b-1ba3d5042ea9,0,1,0.18839947666812037,0.24514458351316357,0.8116005233318796,0.7548554164868364,0.15246338215712382,0.1502387723346032,35,season_to_date,3c908e94-b989-4bfb-bdfd-69458580d9f8,2015-09-19 01:00:00+00:00
bd0b3c0e-31ee-412d-8057-12d337cb51b6,2015-09-22 00:00:00+00:00,2015-09-22,2015,3c409388-ab73-4c7f-953d-3a71062240f6,3c409388-ab73-4c7f-953d-3a71062240f6,f073a15f-0486-4179-b0a3-dfd0294eb595,f073a15f-0486-4179-b0a3-dfd0294eb595,1,1,0.1781789638932496,0.22159548751007252,0.8218210361067504,0.7784045124899275,0.1328863151478208,0.14240117849251166,36,season_to_date,327772ad-4c23-4160-98cc-a212d1275cf6,2015-09-19 23:00:00+00:00
bd0b3c0e-31ee-412d-8057-12d337cb51b6,2015-09-22 00:00:00+00:00,2015-09-22,2015,f073a15f-0486-4179-b0a3-dfd0294eb595,f073a15f-0486-4179-b0a3-dfd0294eb595,3c409388-ab73-4c7f-953d-3a71062240f6,3c409388-ab73-4c7f-953d-3a71062240f6,0,1,0.2301822806273845,0.23140495867768596,0.7698177193726156,0.768595041322314,0.16016652332697653,0.18127532522925996,36,season_to_date,327772ad-4c23-4160-98cc-a212d1275cf6,2015-09-19 23:00:00+00:00
d18e02ca-8cdb-4851-837a-b8c5919e95dc,2015-09-22 23:00:00+00:00,2015-09-22,2015,08ed8274-e29f-4248-bc2e-83cc8ed18d75,08ed8274-e29f-4248-bc2e-83cc8ed18d75,5c0d47fe-8539-47b0-9f36-d0b3609ca89b,5c0d47fe-8539-47b0-9f36-d0b3609ca89b,1,1,0.18521665250637212,0.2617914322803981,0.8147833474936279,0.7382085677196019,0.16386765258804362,0.1660672460355045,36,season_to_date,2f57995b-478b-4caf-8265-b9ca8ad5759f,2015-09-20 17:00:00+00:00
d18e02ca-8cdb-4851-837a-b8c5919e95dc,2015-09-22 23:00:00+00:00,2015-09-22,2015,5c0d47fe-8539-47b0-9f36-d0b3609ca89b,5c0d47fe-8539-47b0-9f36-d0b3609ca89b,08ed8274-e29f-4248-bc2e-83cc8ed18d75,08ed8274-e29f-4248-bc2e-83cc8ed18d75,0,1,0.27374784110535405,0.1932245922208281,0.7262521588946459,0.8067754077791719,0.1542080501829587,0.15618650954896385,36,season_to_date,2f57995b-478b-4caf-8265-b9ca8ad5759f,2015-09-20 17:00:00+00:00
5bcfbd51-70dd-4c50-b4e9-419a97f34a4e,2015-09-23 01:00:00+00:00,2015-09-23,2015,0a5ad38d-2fe3-43ba-894b-1ba3d5042ea9,0a5ad38d-2fe3-43ba-894b-1ba3d5042ea9,6f017f37-be96-4bdc-b6d3-0a0429c72e89,6f017f37-be96-4bdc-b6d3-0a0429c72e89,0,1,0.23087188612099643,0.2227956989247312,0.7691281138790036,0.7772043010752688,0.15996343692870202,0.13210862410343155,36,season_to_date,603541b5-5581-4c0c-a871-a90b4cf327c5,2015-09-20 19:00:00+00:00
5bcfbd51-70dd-4c50-b4e9-419a97f34a4e,2015-09-23 01:00:00+00:00,2015-09-23,2015,6f017f37-be96-4bdc-b6d3-0a0429c72e89,6f017f37-be96-4bdc-b6d3-0a0429c72e89,0a5ad38d-2fe3-43ba-894b-1ba3d5042ea9,0a5ad38d-2fe3-43ba-894b-1ba3d5042ea9,1,1,0.18962585034013604,0.24580536912751677,0.810374149659864,0.7541946308724832,0.15357300225499598,0.14985080072449605,36,season_to_date,603541b5-5581-4c0c-a871-a90b4cf327c5,2015-09-20 19:00:00+00:00
f6a481fb-e253-469b-8cea-5d9d09b69728,2015-09-23 23:00:00+00:00,2015-09-23,2015,08ed8274-e29f-4248-bc2e-83cc8ed18d75,08ed8274-e29f-4248-bc2e-83cc8ed18d75,f073a15f-0486-4179-b0a3-dfd0294eb595,f073a15f-0486-4179-b0a3-dfd0294eb595,1,1,0.18579686209744012,0.2612726506531816,0.8142031379025598,0.7387273493468184,0.16208989120746284,0.16457024370136278,37,season_to_date,d18e02ca-8cdb-4851-837a-b8c5919e95dc,2015-09-22 23:00:00+00:00
f6a481fb-e253-469b-8cea-5d9d09b69728,2015-09-23 23:00:00+00:00,2015-09-23,2015,f073a15f-0486-4179-b0a3-dfd0294eb595,f073a15f-0486-4179-b0a3-dfd0294eb595,08ed8274-e29f-4248-bc2e-83cc8ed18d75,08ed8274-e29f-4248-bc2e-83cc8ed18d75,0,1,0.2323565827486587,0.23285351397121085,0.7676434172513413,0.7671464860287892,0.15815277558121144,0.17979001016870244,37,season_to_date,bd0b3c0e-31ee-412d-8057-12d337cb51b6,2015-09-22 00:00:00+00:00
85d132de-b642-41ae-862a-4aaa6f08cc32,2015-09-25 00:00:00+00:00,2015-09-25,2015,0699edf3-5993-4182-b9b4-ec935cbd4fcc,0699edf3-5993-4182-b9b4-ec935cbd4fcc,6f017f37-be96-4bdc-b6d3-0a0429c72e89,6f017f37-be96-4bdc-b6d3-0a0429c72e89,0,1,0.22590627763041557,0.2275132275132275,0.7740937223695844,0.7724867724867724,0.1539039533872052,0.143494498333208,36,season_to_date,35c0d358-03b3-4300-ae31-25ddc2f6a0f2,2015-09-20 01:00:00+00:00
85d132de-b642-41ae-862a-4aaa6f08cc32,2015-09-25 00:00:00+00:00,2015-09-25,2015,6f017f37-be96-4bdc-b6d3-0a0429c72e89,6f017f37-be96-4bdc-b6d3-0a0429c72e89,0699edf3-5993-4182-b9b4-ec935cbd4fcc,0699edf3-5993-4182-b9b4-ec935cbd4fcc,1,1,0.1870355078447564,0.2458077709611452,0.8129644921552436,0.7541922290388549,0.1520902989014304,0.1505355897825949,37,season_to_date,5bcfbd51-70dd-4c50-b4e9-419a97f34a4e,2015-09-23 01:00:00+00:00
71faae93-d14f-4aac-91fb-ed605d2de259,2015-09-27 17:00:00+00:00,2015-09-27,2015,08ed8274-e29f-4248-bc2e-83cc8ed18d75,08ed8274-e29f-4248-bc2e-83cc8ed18d75,f073a15f-0486-4179-b0a3-dfd0294eb595,f073a15f-0486-4179-b0a3-dfd0294eb595,0,1,0.18679549114331723,0.25915261209378854,0.8132045088566827,0.7408473879062114,0.1621711859960411,0.16544789762340037,38,season_to_date,f6a481fb-e253-469b-8cea-5d9d09b69728,2015-09-23 23:00:00+00:00
71faae93-d14f-4aac-91fb-ed605d2de259,2015-09-27 17:00:00+00:00,2015-09-27,2015,f073a15f-0486-4179-b0a3-dfd0294eb595,f073a15f-0486-4179-b0a3-dfd0294eb595,08ed8274-e29f-4248-bc2e-83cc8ed18d75,08ed8274-e29f-4248-bc2e-83cc8ed18d75,1,1,0.2309552599758162,0.23267326732673269,0.7690447400241838,0.7673267326732673,0.15916001520334475,0.17945588974230134,38,season_to_date,f6a481fb-e253-469b-8cea-5d9d09b69728,2015-09-23 23:00:00+00:00
52000157-308f-4a0b-ad9f-67c2ed465649,2015-09-27 19:00:00+00:00,2015-09-27,2015,0699edf3-5993-4182-b9b4-ec935cbd4fcc,0699edf3-5993-4182-b9b4-ec935cbd4fcc,6f017f37-be96-4bdc-b6d3-0a0429c72e89,6f017f37-be96-4bdc-b6d3-0a0429c72e89,1,1,0.22586206896551725,0.22574257425742575,0.7741379310344828,0.7742574257425743,0.15392822253072136,0.14334512626570695,37,season_to_date,85d132de-b642-41ae-862a-4aaa6f08cc32,2015-09-25 00:00:00+00:00
52000157-308f-4a0b-ad9f-67c2ed465649,2015-09-27 19:00:00+00:00,2015-09-27,2015,6f017f37-be96-4bdc-b6d3-0a0429c72e89,6f017f37-be96-4bdc-b6d3-0a0429c72e89,0699edf3-5993-4182-b9b4-ec935cbd4fcc,0699edf3-5993-4182-b9b4-ec935cbd4fcc,0,1,0.18634538152610441,0.24530563324011187,0.8136546184738955,0.7546943667598881,0.1517116499865417,0.1506396773155824,38,season_to_date,85d132de-b642-41ae-862a-4aaa6f08cc32,2015-09-25 00:00:00+00:00
5844d6c6-2bf7-48dd-b96a-c6eb3c141d76,2015-09-29 23:00:00+00:00,2015-09-29,2015,08ed8274-e29f-4248-bc2e-83cc8ed18d75,08ed8274-e29f-4248-bc2e-83cc8ed18d75,f073a15f-0486-4179-b0a3-dfd0294eb595,f073a15f-0486-4179-b0a3-dfd0294eb595,1,1,0.18767177071063998,0.25823293172690764,0.81232822928936,0.7417670682730924,0.1618330209218661,0.16548998130796613,39,season_to_date,71faae93-d14f-4aac-91fb-ed605d2de259,2015-09-27 17:00:00+00:00
5844d6c6-2bf7-48dd-b96a-c6eb3c141d76,2015-09-29 23:00:00+00:00,2015-09-29,2015,f073a15f-0486-4179-b0a3-dfd0294eb595,f073a15f-0486-4179-b0a3-dfd0294eb595,08ed8274-e29f-4248-bc2e-83cc8ed18d75,08ed8274-e29f-4248-bc2e-83cc8ed18d75,0,1,0.23070866141732282,0.23240852432649778,0.7692913385826772,0.7675914756735022,0.15934289197190457,0.17870700227763828,39,season_to_date,71faae93-d14f-4aac-91fb-ed605d2de259,2015-09-27 17:00:00+00:00
994f7445-1a18-4896-9e72-726716043792,2015-10-04 19:00:00+00:00,2015-10-04,2015,6f017f37-be96-4bdc-b6d3-0a0429c72e89,6f017f37-be96-4bdc-b6d3-0a0429c72e89,f073a15f-0486-4179-b0a3-dfd0294eb595,f073a15f-0486-4179-b0a3-dfd0294eb595,1,1,0.1874021909233177,0.24355971896955503,0.8125978090766823,0.7564402810304449,0.15152238236136298,0.1491516809061645,39,season_to_date,52000157-308f-4a0b-ad9f-67c2ed465649,2015-09-27 19:00:00+00:00
994f7445-1a18-4896-9e72-726716043792,2015-10-04 19:00:00+00:00,2015-10-04,2015,f073a15f-0486-4179-b0a3-dfd0294eb595,f073a15f-0486-4179-b0a3-dfd0294eb595,6f017f37-be96-4bdc-b6d3-0a0429c72e89,6f017f37-be96-4bdc-b6d3-0a0429c72e89,0,1,0.23023524874662554,0.23215686274509803,0.7697647512533745,0.7678431372549019,0.16102282150606037,0.18046636607915473,40,season_to_date,5844d6c6-2bf7-48dd-b96a-c6eb3c141d76,2015-09-29 23:00:00+00:00
598506b8-1f21-4c2a-bdb0-966b2f77d7cc,2015-10-07 00:00:00+00:00,2015-10-07,2015,6f017f37-be96-4bdc-b6d3-0a0429c72e89,6f017f37-be96-4bdc-b6d3-0a0429c72e89,f073a15f-0486-4179-b0a3-dfd0294eb595,f073a15f-0486-4179-b0a3-dfd0294eb595,1,1,0.18678380443086326,0.24232081911262798,0.8132161955691367,0.757679180887372,0.1520454915459218,0.14805439453699887,40,season_to_date,994f7445-1a18-4896-9e72-726716043792,2015-10-04 19:00:00+00:00
598506b8-1f21-4c2a-bdb0-966b2f77d7cc,2015-10-07 00:00:00+00:00,2015-10-07,2015,f073a15f-0486-4179-b0a3-dfd0294eb595,f073a15f-0486-4179-b0a3-dfd0294eb595,6f017f37-be96-4bdc-b6d3-0a0429c72e89,6f017f37-be96-4bdc-b6d3-0a0429c72e89,0,1,0.22938530734632684,0.2304747320061256,0.7706146926536732,0.7695252679938744,0.15968870389230835,0.18026576006044043,41,season_to_date,994f7445-1a18-4896-9e72-726716043792,2015-10-04 19:00:00+00:00
37f2ecd8-43f3-4998-a01c-68502a4a7e74,2015-10-10 00:00:00+00:00,2015-10-10,2015,6f017f37-be96-4bdc-b6d3-0a0429c72e89,6f017f37-be96-4bdc-b6d3-0a0429c72e89,f073a15f-0486-4179-b0a3-dfd0294eb595,f073a15f-0486-4179-b0a3-dfd0294eb595,0,1,0.18482707326143547,0.2410085279940675,0.8151729267385646,0.7589914720059325,0.1520092394442746,0.14938236139040506,41,season_to_date,598506b8-1f21-4c2a-bdb0-966b2f77d7cc,2015-10-07 00:00:00+00:00
37f2ecd8-43f3-4998-a01c-68502a4a7e74,2015-10-10 00:00:00+00:00,2015-10-10,2015,f073a15f-0486-4179-b0a3-dfd0294eb595,f073a15f-0486-4179-b0a3-dfd0294eb595,6f017f37-be96-4bdc-b6d3-0a0429c72e89,6f017f37-be96-4bdc-b6d3-0a0429c72e89,1,1,0.2283724340175953,0.22735743570629893,0.7716275659824047,0.772642564293701,0.16067602951678173,0.17952106055518852,42,season_to_date,598506b8-1f21-4c2a-bdb0-966b2f77d7cc,2015-10-07 00:00:00+00:00
df28aff7-be54-48eb-8e59-77bf5453d52c,2015-10-12 00:30:00+00:00,2015-10-12,2015,6f017f37-be96-4bdc-b6d3-0a0429c72e89,6f017f37-be96-4bdc-b6d3-0a0429c72e89,f073a15f-0486-4179-b0a3-dfd0294eb595,f073a15f-0486-4179-b0a3-dfd0294eb595,0,1,0.18538713195201745,0.24192963365977513,0.8146128680479825,0.7580703663402248,0.15152522465622886,0.15000674187603938,42,season_to_date,37f2ecd8-43f3-4998-a01c-68502a4a7e74,2015-10-10 00:00:00+00:00
df28aff7-be54-48eb-8e59-77bf5453d52c,2015-10-12 00:30:00+00:00,2015-10-12,2015,f073a15f-0486-4179-b0a3-dfd0294eb595,f073a15f-0486-4179-b0a3-dfd0294eb595,6f017f37-be96-4bdc-b6d3-0a0429c72e89,6f017f37-be96-4bdc-b6d3-0a0429c72e89,1,1,0.22955523672883787,0.22695810564663024,0.7704447632711621,0.7730418943533698,0.16102888985412053,0.17849375669683112,43,season_to_date,37f2ecd8-43f3-4998-a01c-68502a4a7e74,2015-10-10 00:00:00+00:00
99500c3b-b40d-4d76-91ec-e62ee0332fd3,2015-10-15 00:00:00+00:00,2015-10-15,2015,6f017f37-be96-4bdc-b6d3-0a0429c72e89,6f017f37-be96-4bdc-b6d3-0a0429c72e89,f073a15f-0486-4179-b0a3-dfd0294eb595,f073a15f-0486-4179-b0a3-dfd0294eb595,1,1,0.18552678254700247,0.2405559515324305,0.8144732174529975,0.7594440484675695,0.1520184369691527,0.15096518726282793,43,season_to_date,df28aff7-be54-48eb-8e59-77bf5453d52c,2015-10-12 00:30:00+00:00
99500c3b-b40d-4d76-91ec-e62ee0332fd3,2015-10-15 00:00:00+00:00,2015-10-15,2015,f073a15f-0486-4179-b0a3-dfd0294eb595,f073a15f-0486-4179-b0a3-dfd0294eb595,6f017f37-be96-4bdc-b6d3-0a0429c72e89,6f017f37-be96-4bdc-b6d3-0a0429c72e89,0,1,0.2284102925625661,0.22609313899751154,0.7715897074374339,0.7739068610024884,0.16171401279176012,0.17835847980505004,44,season_to_date,df28aff7-be54-48eb-8e59-77bf5453d52c,2015-10-12 00:30:00+00:00
