season,game_id,game_ts,game_date,team_id,franchise_id,opponent_team_id,opponent_franchise_id,is_home,is_playoff,net_rtg_ewma_pre,efg_ewma_pre,tov_pct_ewma_pre,orb_pct_ewma_pre,ftr_ewma_pre,last_completed_game_id,last_completed_game_ts,net_rtg_last_game,efg_last_game,tov_pct_last_game,orb_pct_last_game,ftr_last_game,net_rtg_game,efg_game,tov_pct_game,orb_pct_game,ftr_game,poss_game,poss_opp_game,ortg_game,drtg_game,bronze_file
2021,fa563e76-0e3b-4d94-a9e7-862bd5e8aa86,2021-05-14 23:00:00+00:00,2021-05-14,08ed8274-e29f-4248-bc2e-83cc8ed18d75,08ed8274-e29f-4248-bc2e-83cc8ed18d75,f073a15f-0486-4179-b0a3-dfd0294eb595,f073a15f-0486-4179-b0a3-dfd0294eb595,1,0,0.0,0.0,0.0,0.0,0.0,,,0.0,0.0,0.0,0.0,0.0,5.659222571971355,0.5681818181818182,0.16486104569006124,0.10344827586206896,0.2727272727272727,84.92,86.72,105.98210080075366,100.3228782287823,game_summary__fa563e76-0e3b-4d94-a9e7-862bd5e8aa86__20260227T223022Z.json
2021,fa563e76-0e3b-4d94-a9e7-862bd5e8aa86,2021-05-14 23:00:00+00:00,2021-05-14,f073a15f-0486-4179-b0a3-dfd0294eb595,f073a15f-0486-4179-b0a3-dfd0294eb595,08ed8274-e29f-4248-bc2e-83cc8ed18d75,08ed8274-e29f-4248-bc2e-83cc8ed18d75,0,0,0.0,0.0,0.0,0.0,0.0,,,0.0,0.0,0.0,0.0,0.0,-5.659222571971355,0.4375,0.13837638376383765,0.4318181818181818,0.14772727272727273,86.72,84.92,100.3228782287823,105.98210080075366,game_summary__fa563e76-0e3b-4d94-a9e7-862bd5e8aa86__20260227T223022Z.json
2021,21115b42-e31e-43dc-aeb9-7d7a16e4a652,2021-05-14 23:30:00+00:00,2021-05-14,5d70a9af-8c2b-4aec-9e68-9acc6ddb93e4,5d70a9af-8c2b-4aec-9e68-9acc6ddb93e4,a015b02d-845c-40c1-8ef4-844984f47e4d,a015b02d-845c-40c1-8ef4-844984f47e4d,1,0,0.0,0.0,0.0,0.0,0.0,,,0.0,0.0,0.0,0.0,0.0,-13.338310333712414,0.3828125,0.17667844522968199,0.21052631578947367,0.328125,79.24,79.68,84.55325593134782,97.89156626506023,game_summary__21115b42-e31e-43dc-aeb9-7d7a16e4a652__20260227T223024Z.json
2021,21115b42-e31e-43dc-aeb9-7d7a16e4a652,2021-05-14 23:30:00+00:00,2021-05-14,a015b02d-845c-40c1-8ef4-844984f47e4d,a015b02d-845c-40c1-8ef4-844984f47e4d,5d70a9af-8c2b-4aec-9e68-9acc6ddb93e4,5d70a9af-8c2b-4aec-9e68-9acc6ddb93e4,0,0,0.0,0.0,0.0,0.0,0.0,,,0.0,0.0,0.0,0.0,0.0,13.338310333712414,0.5245901639344263,0.2635542168674699,0.4,0.36065573770491804,79.68,79.24,97.89156626506023,84.55325593134782,game_summary__21115b42-e31e-43dc-aeb9-7d7a16e4a652__20260227T223024Z.json
2021,02e2fc3d-0e69-445c-ba4c-e6f39ac8e19e,2021-05-15 01:00:00+00:00,2021-05-15,0699edf3-5993-4182-b9b4-ec935cbd4fcc,0699edf3-5993-4182-b9b4-ec935cbd4fcc,6f017f37-be96-4bdc-b6d3-0a0429c72e89,6f017f37-be96-4bdc-b6d3-0a0429c72e89,0,0,0.0,0.0,0.0,0.0,0.0,,,0.0,0.0,0.0,0.0,0.0,5.323087698287523,0.44,0.131957773512476,0.2682926829268293,0.25333333333333335,83.36,86.16,92.37044145873321,87.04735376044569,game_summary__02e2fc3d-0e69-445c-ba4c-e6f39ac8e19e__20260227T223026Z.json
2021,02e2fc3d-0e69-445c-ba4c-e6f39ac8e19e,2021-05-15 01:00:00+00:00,2021-05-15,6f017f37-be96-4bdc-b6d3-0a0429c72e89,6f017f37-be96-4bdc-b6d3-0a0429c72e89,0699edf3-5993-4182-b9b4-ec935cbd4fcc,0699edf3-5993-4182-b9b4-ec935cbd4fcc,1,0,0.0,0.0,0.0,0.0,0.0,,,0.0,0.0,0.0,0.0,0.0,-5.323087698287523,0.4375,0.16248839368616527,0.16216216216216217,0.19444444444444445,86.16,83.36,87.04735376044569,92.37044145873321,game_summary__02e2fc3d-0e69-445c-ba4c-e6f39ac8e19e__20260227T223026Z.json
2021,9b8108e6-044a-41c8-abcb-ff05b0f6fd47,2021-05-15 02:30:00+00:00,2021-05-15,0a5ad38d-2fe3-43ba-894b-1ba3d5042ea9,0a5ad38d-2fe3-43ba-894b-1ba3d5042ea9,5f0b5caf-708b-4300-92f2-53b51d83ec06,5f0b5caf-708b-4300-92f2-53b51d83ec06,1,0,0.0,0.0,0.0,0.0,0.0,,,0.0,0.0,0.0,0.0,0.0,-25.211288564205077,0.40384615384615385,0.16101331043366252,0.13953488372093023,0.1794871794871795,93.16,92.68,76.21296693860026,101.42425550280534,game_summary__9b8108e6-044a-41c8-abcb-ff05b0f6fd47__20260227T223028Z.json
2021,9b8108e6-044a-41c8-abcb-ff05b0f6fd47,2021-05-15 02:30:00+00:00,2021-05-15,5f0b5caf-708b-4300-92f2-53b51d83ec06,5f0b5caf-708b-4300-92f2-53b51d83ec06,0a5ad38d-2fe3-43ba-894b-1ba3d5042ea9,0a5ad38d-2fe3-43ba-894b-1ba3d5042ea9,0,0,0.0,0.0,0.0,0.0,0.0,,,0.0,0.0,0.0,0.0,0.0,25.211288564205077,0.59375,0.29132498921018557,0.2962962962962963,0.34375,92.68,93.16,101.42425550280534,76.21296693860026,game_summary__9b8108e6-044a-41c8-abcb-ff05b0f6fd47__20260227T223028Z.json
2021,ef3d265f-687f-44d9-ae14-ae6841c50d6c,2021-05-15 17:00:00+00:00,2021-05-15,3c409388-ab73-4c7f-953d-3a71062240f6,3c409388-ab73-4c7f-953d-3a71062240f6,5c0d47fe-8539-47b0-9f36-d0b3609ca89b,5c0d47fe-8539-47b0-9f36-d0b3609ca89b,0,0,0.0,0.0,0.0,0.0,0.0,,,0.0,0.0,0.0,0.0,0.0,18.170279081234554,0.43333333333333335,0.18463810930576072,0.09090909090909091,0.35,81.24,82.36,86.164451009355,67.99417192812045,game_summary__ef3d265f-687f-44d9-ae14-ae6841c50d6c__20260227T223030Z.json
2021,ef3d265f-687f-44d9-ae14-ae6841c50d6c,2021-05-15 17:00:00+00:00,2021-05-15,5c0d47fe-8539-47b0-9f36-d0b3609ca89b,5c0d47fe-8539-47b0-9f36-d0b3609ca89b,3c409388-ab73-4c7f-953d-3a71062240f6,3c409388-ab73-4c7f-953d-3a71062240f6,1,0,0.0,0.0,0.0,0.0,0.0,,,0.0,0.0,0.0,0.0,0.0,-18.170279081234554,0.2777777777777778,0.1942690626517727,0.2978723404255319,0.2638888888888889,82.36,81.24,67.99417192812045,86.164451009355,game_summary__ef3d265f-687f-44d9-ae14-ae6841c50d6c__20260227T223030Z.json
2021,69bbf525-fb4b-4f42-8965-1bf7436f5b6a,2021-05-15 19:00:00+00:00,2021-05-15,171b097d-01db-4ae8-9d56-035689402ec6,FR_LVA_ACES,d6a012ed-84aa-48d3-8265-2d3f3ff2199a,d6a012ed-84aa-48d3-8265-2d3f3ff2199a,0,0,0.0,0.0,0.0,0.0,0.0,,,0.0,0.0,0.0,0.0,0.0,-17.33075636812015,0.45625,0.07035647279549719,0.13636363636363635,0.15,85.28,84.6,97.3264540337711,114.65721040189125,game_summary__69bbf525-fb4b-4f42-8965-1bf7436f5b6a__20260227T223031Z.json
2021,69bbf525-fb4b-4f42-8965-1bf7436f5b6a,2021-05-15 19:00:00+00:00,2021-05-15,d6a012ed-84aa-48d3-8265-2d3f3ff2199a,d6a012ed-84aa-48d3-8265-2d3f3ff2199a,171b097d-01db-4ae8-9d56-035689402ec6,FR_LVA_ACES,1,0,0.0,0.0,0.0,0.0,0.0,,,0.0,0.0,0.0,0.0,0.0,17.33075636812015,0.589041095890411,0.13002364066193856,0.18181818181818182,0.2054794520547945,84.6,85.28,114.65721040189125,97.3264540337711,game_summary__69bbf525-fb4b-4f42-8965-1bf7436f5b6a__20260227T223031Z.json
2021,6a9628a4-5a4e-41ba-a1b8-a34a07c39706,2021-05-16 18:00:00+00:00,2021-05-16,08ed8274-e29f-4248-bc2e-83cc8ed18d75,08ed8274-e29f-4248-bc2e-83cc8ed18d75,f073a15f-0486-4179-b0a3-dfd0294eb595,f073a15f-0486-4179-b0a3-dfd0294eb595,0,0,0.5335307672004489,0.053566099850053006,0.015542495293279628,0.009752724386492408,0.02571172792802544,fa563e76-0e3b-4d94-a9e7-862bd5e8aa86,2021-05-14 23:00:00+00:00,5.659222571971355,0.5681818181818182,0.16486104569006124,0.10344827586206896,0.2727272727272727,14.710683472238529,0.46923076923076923,0.2566964285714286,0.1388888888888889,0.23076923076923078,89.6,97.36,81.47321428571429,66.76253081347576,game_summary__6a9628a4-5a4e-41ba-a1b8-a34a07c39706__20260227T223033Z.json
2021,6a9628a4-5a4e-41ba-a1b8-a34a07c39706,2021-05-16 18:00:00+00:00,2021-05-16,f073a15f-0486-4179-b0a3-dfd0294eb595,f073a15f-0486-4179-b0a3-dfd0294eb595,08ed8274-e29f-4248-bc2e-83cc8ed18d75,08ed8274-e29f-4248-bc2e-83cc8ed18d75,1,0,-0.5335307672004489,0.04124589688454081,0.013045618413666046,0.04071023588604028,0.013927185961013782,fa563e76-0e3b-4d94-a9e7-862bd5e8aa86,2021-05-14 23:00:00+00:00,-5.659222571971355,0.4375,0.13837638376383765,0.4318181818181818,0.14772727272727273,-14.710683472238529,0.34415584415584416,0.21569433032046015,0.21428571428571427,0.24675324675324675,97.36,89.6,66.76253081347576,81.47321428571429,game_summary__6a9628a4-5a4e-41ba-a1b8-a34a07c39706__20260227T223033Z.json
2021,5bff239d-5a84-41aa-93f5-e62a8c0ac49a,2021-05-16 23:00:00+00:00,2021-05-16,0699edf3-5993-4182-b9b4-ec935cbd4fcc,0699edf3-5993-4182-b9b4-ec935cbd4fcc,a015b02d-845c-40c1-8ef4-844984f47e4d,a015b02d-845c-40c1-8ef4-844984f47e4d,0,0,0.5018412029964225,0.041481587723881046,0.012440495358649545,0.02529365105114698,0.02388333838647697,02e2fc3d-0e69-445c-ba4c-e6f39ac8e19e,2021-05-15 01:00:00+00:00,5.323087698287523,0.44,0.131957773512476,0.2682926829268293,0.25333333333333335,-9.508121684312698,0.5087719298245614,0.21102284011916583,0.14285714285714285,0.42105263157894735,80.56,80.88,96.8222442899702,106.3303659742829,game_summary__5bff239d-5a84-41aa-93f5-e62a8c0ac49a__20260227T223035Z.json
2021,5bff239d-5a84-41aa-93f5-e62a8c0ac49a,2021-05-16 23:00:00+00:00,2021-05-16,a015b02d-845c-40c1-8ef4-844984f47e4d,a015b02d-845c-40c1-8ef4-844984f47e4d,0699edf3-5993-4182-b9b4-ec935cbd4fcc,0699edf3-5993-4182-b9b4-ec935cbd4fcc,1,0,1.257487023173274,0.049456438418934184,0.02484692583406073,0.03771053429443732,0.03400130141301725,21115b42-e31e-43dc-aeb9-7d7a16e4a652,2021-05-14 23:30:00+00:00,13.338310333712414,0.5245901639344263,0.2635542168674699,0.4,0.36065573770491804,9.508121684312698,0.48484848484848486,0.16073194856577647,0.30303030303030304,0.4090909090909091,80.88,80.56,106.3303659742829,96.8222442899702,game_summary__5bff239d-5a84-41aa-93f5-e62a8c0ac49a__20260227T223035Z.json
2021,af987cd7-d84c-4290-9f14-498264a1cbb2,2021-05-18 23:00:00+00:00,2021-05-18,08ed8274-e29f-4248-bc2e-83cc8ed18d75,08ed8274-e29f-4248-bc2e-83cc8ed18d75,6f017f37-be96-4bdc-b6d3-0a0429c72e89,6f017f37-be96-4bdc-b6d3-0a0429c72e89,1,0,1.8701007754024819,0.09275344177422162,0.03827760447108984,0.021927208786791712,0.04504379791108782,6a9628a4-5a4e-41ba-a1b8-a34a07c39706,2021-05-16 18:00:00+00:00,14.710683472238529,0.46923076923076923,0.2566964285714286,0.1388888888888889,0.23076923076923078,9.239475195665776,0.5373134328358209,0.19309404815992728,0.0967741935483871,0.23880597014925373,88.04,84.8,97.68287142208086,88.44339622641509,game_summary__af987cd7-d84c-4290-9f14-498264a1cbb2__20260227T223036Z.json
2021,af987cd7-d84c-4290-9f14-498264a1cbb2,2021-05-18 23:00:00+00:00,2021-05-18,6f017f37-be96-4bdc-b6d3-0a0429c72e89,6f017f37-be96-4bdc-b6d3-0a0429c72e89,08ed8274-e29f-4248-bc2e-83cc8ed18d75,08ed8274-e29f-4248-bc2e-83cc8ed18d75,0,0,-0.5018412029964225,0.04124589688454081,0.015318810356375417,0.015288054443690803,0.018331509726462584,02e2fc3d-0e69-445c-ba4c-e6f39ac8e19e,2021-05-15 01:00:00+00:00,-5.323087698287523,0.4375,0.16248839368616527,0.16216216216216217,0.19444444444444445,-9.239475195665776,0.39864864864864863,0.1179245283018868,0.17777777777777778,0.2702702702702703,84.8,88.04,88.44339622641509,97.68287142208086,game_summary__af987cd7-d84c-4290-9f14-498264a1cbb2__20260227T223036Z.json
2021,5ee30658-140f-4079-9f92-ce202607d414,2021-05-19 00:00:00+00:00,2021-05-19,0699edf3-5993-4182-b9b4-ec935cbd4fcc,0699edf3-5993-4182-b9b4-ec935cbd4fcc,5c0d47fe-8539-47b0-9f36-d0b3609ca89b,5c0d47fe-8539-47b0-9f36-d0b3609ca89b,0,0,-0.4418614188733658,0.08553600890199867,0.031162111164552603,0.036377106274956494,0.06132700401555717,5bff239d-5a84-41aa-93f5-e62a8c0ac49a,2021-05-16 23:00:00+00:00,-9.508121684312698,0.5087719298245614,0.21102284011916583,0.14285714285714285,0.42105263157894735,29.02542240836651,0.5378787878787878,0.24050632911392406,0.4722222222222222,0.3787878787878788,79.0,81.24,115.18987341772151,86.164451009355,game_summary__5ee30658-140f-4079-9f92-ce202607d414__20260227T223038Z.json
2021,5ee30658-140f-4079-9f92-ce202607d414,2021-05-19 00:00:00+00:00,2021-05-19,5c0d47fe-8539-47b0-9f36-d0b3609ca89b,5c0d47fe-8539-47b0-9f36-d0b3609ca89b,0699edf3-5993-4182-b9b4-ec935cbd4fcc,0699edf3-5993-4182-b9b4-ec935cbd4fcc,1,0,-1.7130273310809814,0.026187871037803692,0.018314975373694666,0.028082312772453318,0.024878477485913507,ef3d265f-687f-44d9-ae14-ae6841c50d6c,2021-05-15 17:00:00+00:00,-18.170279081234554,0.2777777777777778,0.1942690626517727,0.2978723404255319,0.2638888888888889,-29.02542240836651,0.34,0.14771048744460857,0.3125,0.28,81.24,79.0,86.164451009355,115.18987341772151,game_summary__5ee30658-140f-4079-9f92-ce202607d414__20260227T223038Z.json
2021,99bbea86-db37-4f27-af92-7267b0af4b77,2021-05-19 02:00:00+00:00,2021-05-19,171b097d-01db-4ae8-9d56-035689402ec6,FR_LVA_ACES,d6a012ed-84aa-48d3-8265-2d3f3ff2199a,d6a012ed-84aa-48d3-8265-2d3f3ff2199a,0,0,-1.6338802059213318,0.04301357817959256,0.006632950450475607,0.01285586396401272,0.014141450360413992,69bbf525-fb4b-4f42-8965-1bf7436f5b6a,2021-05-15 19:00:00+00:00,-17.33075636812015,0.45625,0.07035647279549719,0.13636363636363635,0.15,21.406715335623787,0.5714285714285714,0.13593672763222936,0.23529411764705882,0.2571428571428571,80.92,82.28,118.63568956994561,97.22897423432183,game_summary__99bbea86-db37-4f27-af92-7267b0af4b77__20260227T223040Z.json
2021,99bbea86-db37-4f27-af92-7267b0af4b77,2021-05-19 02:00:00+00:00,2021-05-19,d6a012ed-84aa-48d3-8265-2d3f3ff2199a,d6a012ed-84aa-48d3-8265-2d3f3ff2199a,171b097d-01db-4ae8-9d56-035689402ec6,FR_LVA_ACES,1,0,1.6338802059213318,0.055532636118520703,0.01225815240067407,0.017141151952016962,0.01937184980878629,69bbf525-fb4b-4f42-8965-1bf7436f5b6a,2021-05-15 19:00:00+00:00,17.33075636812015,0.589041095890411,0.13002364066193856,0.18181818181818182,0.2054794520547945,-21.406715335623787,0.46710526315789475,0.10938259601361205,0.2,0.15789473684210525,82.28,80.92,97.22897423432183,118.63568956994561,game_summary__99bbea86-db37-4f27-af92-7267b0af4b77__20260227T223040Z.json
2021,a6b6b2ab-4252-40c9-8b84-cf3a63461ede,2021-05-19 23:00:00+00:00,2021-05-19,3c409388-ab73-4c7f-953d-3a71062240f6,3c409388-ab73-4c7f-953d-3a71062240f6,5d70a9af-8c2b-4aec-9e68-9acc6ddb93e4,5d70a9af-8c2b-4aec-9e68-9acc6ddb93e4,0,0,1.7130273310809814,0.04085307881897376,0.01740700438258739,0.008570575976008481,0.032996717507632646,ef3d265f-687f-44d9-ae14-ae6841c50d6c,2021-05-15 17:00:00+00:00,18.170279081234554,0.43333333333333335,0.18463810930576072,0.09090909090909091,0.35,7.259702436943698,0.40714285714285714,0.25041736227045075,0.3783783783783784,0.5142857142857142,95.84,94.56,88.68948247078464,81.42978003384094,game_summary__a6b6b2ab-4252-40c9-8b84-cf3a63461ede__20260227T223041Z.json
2021,a6b6b2ab-4252-40c9-8b84-cf3a63461ede,2021-05-19 23:00:00+00:00,2021-05-19,5d70a9af-8c2b-4aec-9e68-9acc6ddb93e4,5d70a9af-8c2b-4aec-9e68-9acc6ddb93e4,3c409388-ab73-4c7f-953d-3a71062240f6,3c409388-ab73-4c7f-953d-3a71062240f6,1,0,-1.257487023173274,0.03609015977397321,0.016656596419804468,0.019847649628651216,0.03093442266340561,21115b42-e31e-43dc-aeb9-7d7a16e4a652,2021-05-14 23:30:00+00:00,-13.338310333712414,0.3828125,0.17667844522968199,0.21052631578947367,0.328125,-7.259702436943698,0.42207792207792205,0.2009306260575296,0.26666666666666666,0.3116883116883117,94.56,95.84,81.42978003384094,88.68948247078464,game_summary__a6b6b2ab-4252-40c9-8b84-cf3a63461ede__20260227T223041Z.json
2021,d94a3462-1c53-443f-8724-c9c460e001d8,2021-05-19 23:00:00+00:00,2021-05-19,a015b02d-845c-40c1-8ef4-844984f47e4d,a015b02d-845c-40c1-8ef4-844984f47e4d,f073a15f-0486-4179-b0a3-dfd0294eb595,f073a15f-0486-4179-b0a3-dfd0294eb595,1,0,2.0353266265227026,0.09050360516495122,0.03765766785862263,0.06272390988920243,0.0693633751975777,5bff239d-5a84-41aa-93f5-e62a8c0ac49a,2021-05-16 23:00:00+00:00,9.508121684312698,0.48484848484848486,0.16073194856577647,0.30303030303030304,0.4090909090909091,29.924356336919928,0.6268656716417911,0.20525451559934318,0.3870967741935484,0.1044776119402985,73.08,74.04,120.415982484948,90.49162614802808,game_summary__d94a3462-1c53-443f-8724-c9c460e001d8__20260227T223043Z.json
2021,d94a3462-1c53-443f-8724-c9c460e001d8,2021-05-19 23:00:00+00:00,2021-05-19,f073a15f-0486-4179-b0a3-dfd0294eb595,f073a15f-0486-4179-b0a3-dfd0294eb595,a015b02d-845c-40c1-8ef4-844984f47e4d,a015b02d-845c-40c1-8ef4-844984f47e4d,0,0,-1.8701007754024819,0.06980313677129252,0.03215059641387781,0.05707429596320096,0.035877173836374406,6a9628a4-5a4e-41ba-a1b8-a34a07c39706,2021-05-16 18:00:00+00:00,-14.710683472238529,0.34415584415584416,0.21569433032046015,0.21428571428571427,0.24675324675324675,-29.924356336919928,0.3939393939393939,0.1755807671528903,0.3157894736842105,0.24242424242424243,74.04,73.08,90.49162614802808,120.415982484948,game_summary__d94a3462-1c53-443f-8724-c9c460e001d8__20260227T223043Z.json
2021,ea71f486-e435-413d-a5be-771131e7eef7,2021-05-21 00:00:00+00:00,2021-05-21,6f017f37-be96-4bdc-b6d3-0a0429c72e89,6f017f37-be96-4bdc-b6d3-0a0429c72e89,d6a012ed-84aa-48d3-8265-2d3f3ff2199a,d6a012ed-84aa-48d3-8265-2d3f3ff2199a,1,0,-1.3255933188284197,0.07494051870285745,0.02499210146984934,0.0306069901544001,0.04208337290042581,af987cd7-d84c-4290-9f14-498264a1cbb2,2021-05-18 23:00:00+00:00,-9.239475195665776,0.39864864864864863,0.1179245283018868,0.17777777777777778,0.2702702702702703,-19.003282434324277,0.47794117647058826,0.19265639165911153,0.16666666666666666,0.3088235294117647,88.24,83.8,88.39528558476881,107.39856801909309,game_summary__ea71f486-e435-413d-a5be-771131e7eef7__20260227T223045Z.json
2021,ea71f486-e435-413d-a5be-771131e7eef7,2021-05-21 00:00:00+00:00,2021-05-21,d6a012ed-84aa-48d3-8265-2d3f3ff2199a,d6a012ed-84aa-48d3-8265-2d3f3ff2199a,6f017f37-be96-4bdc-b6d3-0a0429c72e89,6f017f37-be96-4bdc-b6d3-0a0429c72e89,0,0,-0.53830271491291,0.09433419528507064,0.021414689054908672,0.03438041410290388,0.032431280013872396,99bbea86-db37-4f27-af92-7267b0af4b77,2021-05-19 02:00:00+00:00,-21.406715335623787,0.46710526315789475,0.10938259601361205,0.2,0.15789473684210525,19.003282434324277,0.5873015873015873,0.2028639618138425,0.16666666666666666,0.31746031746031744,83.8,88.24,107.39856801909309,88.39528558476881,game_summary__ea71f486-e435-413d-a5be-771131e7eef7__20260227T223045Z.json
2021,04c467bf-28cc-4aac-99cf-329a7df62468,2021-05-21 23:00:00+00:00,2021-05-21,08ed8274-e29f-4248-bc2e-83cc8ed18d75,08ed8274-e29f-4248-bc2e-83cc8ed18d75,5c0d47fe-8539-47b0-9f36-d0b3609ca89b,5c0d47fe-8539-47b0-9f36-d0b3609ca89b,0,0,2.564858392412202,0.1346649287463796,0.05287313149376666,0.028983508251010134,0.06331098551396788,af987cd7-d84c-4290-9f14-498264a1cbb2,2021-05-18 23:00:00+00:00,9.239475195665776,0.5373134328358209,0.19309404815992728,0.0967741935483871,0.23880597014925373,-33.65274420923734,0.5153846153846153,0.1973359644795264,0.08823529411764706,0.1076923076923077,81.08,82.48,88.80118401578689,122.45392822502423,game_summary__04c467bf-28cc-4aac-99cf-329a7df62468__20260227T223047Z.json
2021,04c467bf-28cc-4aac-99cf-329a7df62468,2021-05-21 23:00:00+00:00,2021-05-21,5c0d47fe-8539-47b0-9f36-d0b3609ca89b,5c0d47fe-8539-47b0-9f36-d0b3609ca89b,08ed8274-e29f-4248-bc2e-83cc8ed18d75,08ed8274-e29f-4248-bc2e-83cc8ed18d75,1,0,-4.2879398591439735,0.055772928665901916,0.030513910112435857,0.05489617014280068,0.048930399795954815,5ee30658-140f-4079-9f92-ce202607d414,2021-05-19 00:00:00+00:00,-29.02542240836651,0.34,0.14771048744460857,0.3125,0.28,33.65274420923734,0.581081081081081,0.1454898157129001,0.3055555555555556,0.22972972972972974,82.48,81.08,122.45392822502423,88.80118401578689,game_summary__04c467bf-28cc-4aac-99cf-329a7df62468__20260227T223047Z.json
2021,e714956d-97f0-460d-8aaa-cbeddd8ef354,2021-05-21 23:00:00+00:00,2021-05-21,5d70a9af-8c2b-4aec-9e68-9acc6ddb93e4,5d70a9af-8c2b-4aec-9e68-9acc6ddb93e4,f073a15f-0486-4179-b0a3-dfd0294eb595,f073a15f-0486-4179-b0a3-dfd0294eb595,0,0,-1.8233538986822486,0.07247967164296365,0.03402927670537345,0.043116842144979683,0.057402870564331535,a6b6b2ab-4252-40c9-8b84-cf3a63461ede,2021-05-19 23:00:00+00:00,-7.259702436943698,0.42207792207792205,0.2009306260575296,0.26666666666666666,0.3116883116883117,14.790917748171339,0.47333333333333333,0.06575486586007365,0.28205128205128205,0.21333333333333335,76.04,83.72,109.15307732772223,94.36215957955089,game_summary__e714956d-97f0-460d-8aaa-cbeddd8ef354__20260227T223048Z.json
2021,e714956d-97f0-460d-8aaa-cbeddd8ef354,2021-05-21 23:00:00+00:00,2021-05-21,f073a15f-0486-4179-b0a3-dfd0294eb595,f073a15f-0486-4179-b0a3-dfd0294eb595,5d70a9af-8c2b-4aec-9e68-9acc6ddb93e4,5d70a9af-8c2b-4aec-9e68-9acc6ddb93e4,1,0,-4.5149531915462635,0.10036151537631312,0.045672667345154135,0.0814650149180499,0.055349674619870136,d94a3462-1c53-443f-8724-c9c460e001d8,2021-05-19 23:00:00+00:00,-29.924356336919928,0.3939393939393939,0.1755807671528903,0.3157894736842105,0.24242424242424243,-14.790917748171339,0.5074626865671642,0.20305781175346393,0.2608695652173913,0.19402985074626866,83.72,76.04,94.36215957955089,109.15307732772223,game_summary__e714956d-97f0-460d-8aaa-cbeddd8ef354__20260227T223048Z.json
2021,16d8aeca-0444-4033-afff-53d24e9c30cf,2021-05-22 02:00:00+00:00,2021-05-22,0699edf3-5993-4182-b9b4-ec935cbd4fcc,0699edf3-5993-4182-b9b4-ec935cbd4fcc,a015b02d-845c-40c1-8ef4-844984f47e4d,a015b02d-845c-40c1-8ef4-844984f47e4d,1,0,2.3362061244542525,0.12818122860061187,0.05089831694035743,0.07746698675493742,0.09125605202866643,5ee30658-140f-4079-9f92-ce202607d414,2021-05-19 00:00:00+00:00,29.02542240836651,0.5378787878787878,0.24050632911392406,0.4722222222222222,0.3787878787878788,-19.648715144887916,0.41911764705882354,0.08201202843083652,0.18421052631578946,0.20588235294117646,73.16,75.52,91.58009841443412,111.22881355932203,game_summary__16d8aeca-0444-4033-afff-53d24e9c30cf__20260227T223050Z.json
2021,16d8aeca-0444-4033-afff-53d24e9c30cf,2021-05-22 02:00:00+00:00,2021-05-22,a015b02d-845c-40c1-8ef4-844984f47e4d,a015b02d-845c-40c1-8ef4-844984f47e4d,0699edf3-5993-4182-b9b4-ec935cbd4fcc,0699edf3-5993-4182-b9b4-ec935cbd4fcc,0,0,4.664602154853992,0.14106985542022657,0.05345808454453771,0.09330459494803717,0.0726738167698511,d94a3462-1c53-443f-8724-c9c460e001d8,2021-05-19 23:00:00+00:00,29.924356336919928,0.6268656716417911,0.20525451559934318,0.3870967741935484,0.1044776119402985,19.648715144887916,0.5131578947368421,0.1721398305084746,0.5,0.10526315789473684,75.52,73.16,111.22881355932203,91.58009841443412,game_summary__16d8aeca-0444-4033-afff-53d24e9c30cf__20260227T223050Z.json
2021,feaa408c-0f28-49d6-9beb-10b21c4aa033,2021-05-22 02:30:00+00:00,2021-05-22,0a5ad38d-2fe3-43ba-894b-1ba3d5042ea9,0a5ad38d-2fe3-43ba-894b-1ba3d5042ea9,171b097d-01db-4ae8-9d56-035689402ec6,FR_LVA_ACES,0,0,-2.3768279050185273,0.03807313558572998,0.015179744912423779,0.013154837544571156,0.01692139359365777,9b8108e6-044a-41c8-abcb-ff05b0f6fd47,2021-05-15 02:30:00+00:00,-25.211288564205077,0.40384615384615385,0.16101331043366252,0.13953488372093023,0.1794871794871795,-33.51371977300134,0.39864864864864863,0.14672686230248308,0.1111111111111111,0.20270270270270271,88.6,87.08,77.87810383747178,111.39182361047312,game_summary__feaa408c-0f28-49d6-9beb-10b21c4aa033__20260227T223052Z.json
2021,feaa408c-0f28-49d6-9beb-10b21c4aa033,2021-05-22 02:30:00+00:00,2021-05-22,171b097d-01db-4ae8-9d56-035689402ec6,FR_LVA_ACES,0a5ad38d-2fe3-43ba-894b-1ba3d5042ea9,0a5ad38d-2fe3-43ba-894b-1ba3d5042ea9,1,0,0.53830271491291,0.09283060749111875,0.018823236760007623,0.033826527448785865,0.03705073257057857,99bbea86-db37-4f27-af92-7267b0af4b77,2021-05-19 02:00:00+00:00,21.406715335623787,0.5714285714285714,0.13593672763222936,0.23529411764705882,0.2571428571428571,33.51371977300134,0.5645161290322581,0.17225539733578318,0.14814814814814814,0.5161290322580645,87.08,88.6,111.39182361047312,77.87810383747178,game_summary__feaa408c-0f28-49d6-9beb-10b21c4aa033__20260227T223052Z.json
2021,da39259b-7ba8-49d0-bb78-8cba1e0e6196,2021-05-23 00:00:00+00:00,2021-05-23,5f0b5caf-708b-4300-92f2-53b51d83ec06,5f0b5caf-708b-4300-92f2-53b51d83ec06,d6a012ed-84aa-48d3-8265-2d3f3ff2199a,d6a012ed-84aa-48d3-8265-2d3f3ff2199a,1,0,2.3768279050185273,0.055976574343305385,0.027465052491093208,0.0279337291069906,0.032407490409282064,9b8108e6-044a-41c8-abcb-ff05b0f6fd47,2021-05-15 02:30:00+00:00,25.211288564205077,0.59375,0.29132498921018557,0.2962962962962963,0.34375,-4.581380401593037,0.5121951219512195,0.18271711092003437,0.3170731707317073,0.1951219512195122,93.04,91.88,104.25623387790198,108.83761427949501,game_summary__da39259b-7ba8-49d0-bb78-8cba1e0e6196__20260227T223053Z.json
2021,da39259b-7ba8-49d0-bb78-8cba1e0e6196,2021-05-23 00:00:00+00:00,2021-05-23,d6a012ed-84aa-48d3-8265-2d3f3ff2199a,d6a012ed-84aa-48d3-8265-2d3f3ff2199a,5f0b5caf-708b-4300-92f2-53b51d83ec06,5f0b5caf-708b-4300-92f2-53b51d83ec06,0,0,1.3040063274320297,0.14080935464176608,0.03852106161259988,0.046851877262874805,0.05930277324270895,ea71f486-e435-413d-a5be-771131e7eef7,2021-05-21 00:00:00+00:00,19.003282434324277,0.5873015873015873,0.2028639618138425,0.16666666666666666,0.31746031746031744,4.581380401593037,0.48125,0.1197213757074445,0.25,0.3375,91.88,93.04,108.83761427949501,104.25623387790198,game_summary__da39259b-7ba8-49d0-bb78-8cba1e0e6196__20260227T223053Z.json
2021,9c67f291-aafa-4f35-9b9e-2c1f1edca89a,2021-05-23 17:00:00+00:00,2021-05-23,08ed8274-e29f-4248-bc2e-83cc8ed18d75,08ed8274-e29f-4248-bc2e-83cc8ed18d75,3c409388-ab73-4c7f-953d-3a71062240f6,3c409388-ab73-4c7f-953d-3a71062240f6,0,0,-0.849604470017316,0.17055778574522612,0.06649255803771932,0.0345695495083363,0.06749509394406478,04c467bf-28cc-4aac-99cf-329a7df62468,2021-05-21 23:00:00+00:00,-33.65274420923734,0.5153846153846153,0.1973359644795264,0.08823529411764706,0.1076923076923077,11.541251225890818,0.589041095890411,0.25171624713958807,0.32432432432432434,0.136986301369863,87.4,89.6,106.40732265446225,94.86607142857143,game_summary__9c67f291-aafa-4f35-9b9e-2c1f1edca89a__20260227T223055Z.json
2021,9c67f291-aafa-4f35-9b9e-2c1f1edca89a,2021-05-23 17:00:00+00:00,2021-05-23,3c409388-ab73-4c7f-953d-3a71062240f6,3c409388-ab73-4c7f-953d-3a71062240f6,08ed8274-e29f-4248-bc2e-83cc8ed18d75,08ed8274-e29f-4248-bc2e-83cc8ed18d75,1,0,2.2359475355803258,0.07538553693693537,0.03937436711281085,0.04343470051312115,0.0783708805539706,a6b6b2ab-4252-40c9-8b84-cf3a63461ede,2021-05-19 23:00:00+00:00,7.259702436943698,0.40714285714285714,0.25041736227045075,0.3783783783783784,0.5142857142857142,-11.541251225890818,0.4444444444444444,0.13392857142857142,0.2631578947368421,0.18518518518518517,89.6,87.4,94.86607142857143,106.40732265446225,game_summary__9c67f291-aafa-4f35-9b9e-2c1f1edca89a__20260227T223055Z.json
2021,bfd848a3-380a-4098-b661-519181194939,2021-05-23 17:00:00+00:00,2021-05-23,5c0d47fe-8539-47b0-9f36-d0b3609ca89b,5c0d47fe-8539-47b0-9f36-d0b3609ca89b,f073a15f-0486-4179-b0a3-dfd0294eb595,f073a15f-0486-4179-b0a3-dfd0294eb595,0,0,-0.7110311898562109,0.10529705640790221,0.04135341719038659,0.07852741851737637,0.06597549812565208,04c467bf-28cc-4aac-99cf-329a7df62468,2021-05-21 23:00:00+00:00,33.65274420923734,0.581081081081081,0.1454898157129001,0.3055555555555556,0.22972972972972974,-12.834285776680574,0.45,0.13839959738298943,0.23076923076923078,0.24285714285714285,79.48,81.12,96.8797181680926,109.71400394477317,game_summary__bfd848a3-380a-4098-b661-519181194939__20260227T223057Z.json
2021,bfd848a3-380a-4098-b661-519181194939,2021-05-23 17:00:00+00:00,2021-05-23,f073a15f-0486-4179-b0a3-dfd0294eb595,f073a15f-0486-4179-b0a3-dfd0294eb595,5c0d47fe-8539-47b0-9f36-d0b3609ca89b,5c0d47fe-8539-47b0-9f36-d0b3609ca89b,1,0,-5.483733476098845,0.13874152207005858,0.06051036205926548,0.09837861853465345,0.06842393346430303,e714956d-97f0-460d-8aaa-cbeddd8ef354,2021-05-21 23:00:00+00:00,-14.790917748171339,0.5074626865671642,0.20305781175346393,0.2608695652173913,0.19402985074626866,12.834285776680574,0.5703125,0.17258382642998027,0.23333333333333334,0.359375,81.12,79.48,109.71400394477317,96.8797181680926,game_summary__bfd848a3-380a-4098-b661-519181194939__20260227T223057Z.json
2021,01071dea-86e7-4a0e-a4ca-cccd0993e8d0,2021-05-23 22:00:00+00:00,2021-05-23,171b097d-01db-4ae8-9d56-035689402ec6,FR_LVA_ACES,a015b02d-845c-40c1-8ef4-844984f47e4d,a015b02d-845c-40c1-8ef4-844984f47e4d,1,0,3.6471042045189526,0.13729939008178546,0.03328825864316362,0.04460435094373326,0.08221647919579271,feaa408c-0f28-49d6-9beb-10b21c4aa033,2021-05-22 02:30:00+00:00,33.51371977300134,0.5645161290322581,0.17225539733578318,0.14814814814814814,0.5161290322580645,-0.17243774934993894,0.4537037037037037,0.18363064008394545,0.030303030303030304,0.3888888888888889,76.24,84.28,85.25708289611754,85.42952064546748,game_summary__01071dea-86e7-4a0e-a4ca-cccd0993e8d0__20260227T223058Z.json
2021,01071dea-86e7-4a0e-a4ca-cccd0993e8d0,2021-05-23 22:00:00+00:00,2021-05-23,a015b02d-845c-40c1-8ef4-844984f47e4d,a015b02d-845c-40c1-8ef4-844984f47e4d,171b097d-01db-4ae8-9d56-035689402ec6,FR_LVA_ACES,0,0,6.077249421809987,0.1761489523382245,0.06464696467277956,0.13164634749704246,0.0757462204351589,16d8aeca-0444-4033-afff-53d24e9c30cf,2021-05-22 02:00:00+00:00,19.648715144887916,0.5131578947368421,0.1721398305084746,0.5,0.10526315789473684,0.17243774934993894,0.38125,0.1305173232083531,0.32432432432432434,0.15,84.28,76.24,85.42952064546748,85.25708289611754,game_summary__01071dea-86e7-4a0e-a4ca-cccd0993e8d0__20260227T223058Z.json
2021,1f5ba118-b452-47fc-a84a-82baad94f119,2021-05-24 23:00:00+00:00,2021-05-24,08ed8274-e29f-4248-bc2e-83cc8ed18d75,08ed8274-e29f-4248-bc2e-83cc8ed18d75,5f0b5caf-708b-4300-92f2-53b51d83ec06,5f0b5caf-708b-4300-92f2-53b51d83ec06,1,0,0.318560001627603,0.2100108587924252,0.08395476873776486,0.06188656794002449,0.07404647034604583,9c67f291-aafa-4f35-9b9e-2c1f1edca89a,2021-05-23 17:00:00+00:00,11.541251225890818,0.589041095890411,0.25171624713958807,0.32432432432432434,0.136986301369863,15.296617036000498,0.55,0.19510926118626432,0.30303030303030304,0.45,76.88,81.68,114.46409989594173,99.16748285994123,game_summary__1f5ba118-b452-47fc-a84a-82baad94f119__20260227T223100Z.json
2021,1f5ba118-b452-47fc-a84a-82baad94f119,2021-05-24 23:00:00+00:00,2021-05-24,5f0b5caf-708b-4300-92f2-53b51d83ec06,5f0b5caf-708b-4300-92f2-53b51d83ec06,08ed8274-e29f-4248-bc2e-83cc8ed18d75,08ed8274-e29f-4248-bc2e-83cc8ed18d75,0,0,1.720833522582742,0.09898718730662195,0.04210164767525963,0.055192736180148944,0.047747613545744715,da39259b-7ba8-49d0-bb78-8cba1e0e6196,2021-05-23 00:00:00+00:00,-4.581380401593037,0.5121951219512195,0.18271711092003437,0.3170731707317073,0.1951219512195122,-15.296617036000498,0.4642857142857143,0.1591576885406464,0.3235294117647059,0.3142857142857143,81.68,76.88,99.16748285994123,114.46409989594173,game_summary__1f5ba118-b452-47fc-a84a-82baad94f119__20260227T223100Z.json
2021,08ab8292-e274-4e40-a046-0265ded4a58b,2021-05-25 23:00:00+00:00,2021-05-25,5c0d47fe-8539-47b0-9f36-d0b3609ca89b,5c0d47fe-8539-47b0-9f36-d0b3609ca89b,f073a15f-0486-4179-b0a3-dfd0294eb595,f073a15f-0486-4179-b0a3-dfd0294eb595,0,0,-1.8539672094977973,0.13779438684721046,0.05050257545612982,0.09288021872230347,0.08265125144991048,bfd848a3-380a-4098-b661-519181194939,2021-05-23 17:00:00+00:00,-12.834285776680574,0.45,0.13839959738298943,0.23076923076923078,0.24285714285714285,22.060268951024554,0.5882352941176471,0.13220518244315177,0.16129032258064516,0.08823529411764706,75.64,76.4,112.374405076679,90.31413612565444,game_summary__08ab8292-e274-4e40-a046-0265ded4a58b__20260227T223102Z.json
2021,08ab8292-e274-4e40-a046-0265ded4a58b,2021-05-25 23:00:00+00:00,2021-05-25,f073a15f-0486-4179-b0a3-dfd0294eb595,f073a15f-0486-4179-b0a3-dfd0294eb595,5c0d47fe-8539-47b0-9f36-d0b3609ca89b,5c0d47fe-8539-47b0-9f36-d0b3609ca89b,1,0,-3.7567777430035916,0.17942845247933586,0.07107623761338608,0.11110165453618251,0.09585373389579682,bfd848a3-380a-4098-b661-519181194939,2021-05-23 17:00:00+00:00,12.834285776680574,0.5703125,0.17258382642998027,0.23333333333333334,0.359375,-22.060268951024554,0.4765625,0.1963350785340314,0.25,0.15625,76.4,75.64,90.31413612565444,112.374405076679,game_summary__08ab8292-e274-4e40-a046-0265ded4a58b__20260227T223102Z.json
2021,55c27197-44d7-4ce1-9f0d-d2e5c79e00c4,2021-05-26 00:00:00+00:00,2021-05-26,3c409388-ab73-4c7f-953d-3a71062240f6,3c409388-ab73-4c7f-953d-3a71062240f6,5d70a9af-8c2b-4aec-9e68-9acc6ddb93e4,5d70a9af-8c2b-4aec-9e68-9acc6ddb93e4,1,0,0.9370837196409836,0.11017905840750909,0.04828859102414266,0.0641493981407635,0.08844094179880033,9c67f291-aafa-4f35-9b9e-2c1f1edca89a,2021-05-23 17:00:00+00:00,-11.541251225890818,0.4444444444444444,0.13392857142857142,0.2631578947368421,0.18518518518518517,-11.673955296404273,0.45161290322580644,0.25510204081632654,0.43333333333333335,0.45161290322580644,82.32,80.0,100.82604470359573,112.5,game_summary__55c27197-44d7-4ce1-9f0d-d2e5c79e00c4__20260227T223104Z.json
2021,55c27197-44d7-4ce1-9f0d-d2e5c79e00c4,2021-05-26 00:00:00+00:00,2021-05-26,5d70a9af-8c2b-4aec-9e68-9acc6ddb93e4,5d70a9af-8c2b-4aec-9e68-9acc6ddb93e4,3c409388-ab73-4c7f-953d-3a71062240f6,3c409388-ab73-4c7f-953d-3a71062240f6,0,0,-0.25702124689282435,0.1102706860335273,0.037020248999947325,0.06564270562050165,0.07210342322382635,e714956d-97f0-460d-8aaa-cbeddd8ef354,2021-05-21 23:00:00+00:00,14.790917748171339,0.47333333333333333,0.06575486586007365,0.28205128205128205,0.21333333333333335,11.673955296404273,0.47297297297297297,0.125,0.3488372093023256,0.33783783783783783,80.0,82.32,112.5,100.82604470359573,game_summary__55c27197-44d7-4ce1-9f0d-d2e5c79e00c4__20260227T223104Z.json
2021,92fc011c-0ad7-4302-a998-80ad106b7cce,2021-05-26 02:00:00+00:00,2021-05-26,a015b02d-845c-40c1-8ef4-844984f47e4d,a015b02d-845c-40c1-8ef4-844984f47e4d,d6a012ed-84aa-48d3-8265-2d3f3ff2199a,d6a012ed-84aa-48d3-8265-2d3f3ff2199a,0,0,5.5205654141187415,0.19548512756741052,0.07085698070913612,0.1498113211293625,0.08274659468708771,01071dea-86e7-4a0e-a4ca-cccd0993e8d0,2021-05-23 22:00:00+00:00,0.17243774934993894,0.38125,0.1305173232083531,0.32432432432432434,0.15,-8.497316636851536,0.5285714285714286,0.1989389920424403,0.14705882352941177,0.24285714285714285,90.48,86.0,96.15384615384615,104.65116279069768,game_summary__92fc011c-0ad7-4302-a998-80ad106b7cce__20260227T223105Z.json
2021,92fc011c-0ad7-4302-a998-80ad106b7cce,2021-05-26 02:00:00+00:00,2021-05-26,d6a012ed-84aa-48d3-8265-2d3f3ff2199a,d6a012ed-84aa-48d3-8265-2d3f3ff2199a,a015b02d-845c-40c1-8ef4-844984f47e4d,a015b02d-845c-40c1-8ef4-844984f47e4d,1,0,1.6129851459804008,0.1729048512217712,0.04617632968608168,0.0660039378861971,0.0855301883933294,da39259b-7ba8-49d0-bb78-8cba1e0e6196,2021-05-23 00:00:00+00:00,4.581380401593037,0.48125,0.1197213757074445,0.25,0.3375,8.497316636851536,0.4930555555555556,0.13953488372093023,0.21951219512195122,0.3472222222222222,86.0,90.48,104.65116279069768,96.15384615384615,game_summary__92fc011c-0ad7-4302-a998-80ad106b7cce__20260227T223105Z.json
2021,e61f629c-e191-4e75-8c8f-0f823e2e5c4a,2021-05-27 02:00:00+00:00,2021-05-27,0699edf3-5993-4182-b9b4-ec935cbd4fcc,0699edf3-5993-4182-b9b4-ec935cbd4fcc,171b097d-01db-4ae8-9d56-035689402ec6,FR_LVA_ACES,1,0,0.2635483057341721,0.15560964806503477,0.053831603650829785,0.08753037652823527,0.10206259965768069,16d8aeca-0444-4033-afff-53d24e9c30cf,2021-05-22 02:00:00+00:00,-19.648715144887916,0.41911764705882354,0.08201202843083652,0.18421052631578946,0.20588235294117646,-7.357595719217031,0.5,0.1616915422885572,0.1935483870967742,0.14492753623188406,80.4,80.48,98.25870646766168,105.61630218687871,game_summary__e61f629c-e191-4e75-8c8f-0f823e2e5c4a__20260227T223107Z.json
2021,e61f629c-e191-4e75-8c8f-0f823e2e5c4a,2021-05-27 02:00:00+00:00,2021-05-27,171b097d-01db-4ae8-9d56-035689402ec6,FR_LVA_ACES,0699edf3-5993-4182-b9b4-ec935cbd4fcc,0699edf3-5993-4182-b9b4-ec935cbd4fcc,0,0,3.2870117849179152,0.1671288293811536,0.04746198747123857,0.04325607483754083,0.1111284302530158,01071dea-86e7-4a0e-a4ca-cccd0993e8d0,2021-05-23 22:00:00+00:00,-0.17243774934993894,0.4537037037037037,0.18363064008394545,0.030303030303030304,0.3888888888888889,7.357595719217031,0.4666666666666667,0.11182902584493042,0.2894736842105263,0.22666666666666666,80.48,80.4,105.61630218687871,98.25870646766168,game_summary__e61f629c-e191-4e75-8c8f-0f823e2e5c4a__20260227T223107Z.json
2021,19f22577-6211-4df8-be6f-a2a1c60c3f70,2021-05-27 23:00:00+00:00,2021-05-27,5d70a9af-8c2b-4aec-9e68-9acc6ddb93e4,5d70a9af-8c2b-4aec-9e68-9acc6ddb93e4,5f0b5caf-708b-4300-92f2-53b51d83ec06,5f0b5caf-708b-4300-92f2-53b51d83ec06,1,0,0.8677875033625064,0.14446492860927931,0.04531465754320618,0.09234124572822558,0.09715589011261111,55c27197-44d7-4ce1-9f0d-d2e5c79e00c4,2021-05-26 00:00:00+00:00,11.673955296404273,0.47297297297297297,0.125,0.3488372093023256,0.33783783783783783,-1.4732673441497468,0.52,0.14685946678716674,0.358974358974359,0.44,88.52,82.2,114.09850881156802,115.57177615571777,game_summary__19f22577-6211-4df8-be6f-a2a1c60c3f70__20260227T223109Z.json
2021,19f22577-6211-4df8-be6f-a2a1c60c3f70,2021-05-27 23:00:00+00:00,2021-05-27,5f0b5caf-708b-4300-92f2-53b51d83ec06,5f0b5caf-708b-4300-92f2-53b51d83ec06,5d70a9af-8c2b-4aec-9e68-9acc6ddb93e4,5d70a9af-8c2b-4aec-9e68-9acc6ddb93e4,0,0,0.11649064034938039,0.1334261938800032,0.05313726228382269,0.08049053469786578,0.07287584901756675,1f5ba118-b452-47fc-a84a-82baad94f119,2021-05-24 23:00:00+00:00,-15.296617036000498,0.4642857142857143,0.1591576885406464,0.3235294117647059,0.3142857142857143,1.4732673441497468,0.5303030303030303,0.121654501216545,0.18421052631578946,0.45454545454545453,82.2,88.52,115.57177615571777,114.09850881156802,game_summary__19f22577-6211-4df8-be6f-a2a1c60c3f70__20260227T223109Z.json
2021,900d7ece-9d6f-46a8-9af9-096d468d35b5,2021-05-28 23:00:00+00:00,2021-05-28,5c0d47fe-8539-47b0-9f36-d0b3609ca89b,5c0d47fe-8539-47b0-9f36-d0b3609ca89b,a015b02d-845c-40c1-8ef4-844984f47e4d,a015b02d-845c-40c1-8ef4-844984f47e4d,0,0,0.40057934764383063,0.1802603050503086,0.05820519786295238,0.0993296726413935,0.08317769453121869,08ab8292-e274-4e40-a046-0265ded4a58b,2021-05-25 23:00:00+00:00,22.060268951024554,0.5882352941176471,0.13220518244315177,0.16129032258064516,0.08823529411764706,-10.954855933622852,0.45774647887323944,0.13593672763222936,0.2571428571428571,0.2535211267605634,80.92,77.44,100.09886307464161,111.05371900826447,game_summary__900d7ece-9d6f-46a8-9af9-096d468d35b5__20260227T223110Z.json
2021,900d7ece-9d6f-46a8-9af9-096d468d35b5,2021-05-28 23:00:00+00:00,2021-05-28,a015b02d-845c-40c1-8ef4-844984f47e4d,a015b02d-845c-40c1-8ef4-844984f47e4d,5c0d47fe-8539-47b0-9f36-d0b3609ca89b,5c0d47fe-8539-47b0-9f36-d0b3609ca89b,1,0,4.199010859572511,0.22688728350995876,0.08293208341134882,0.14955182574151674,0.09784123048125777,92fc011c-0ad7-4302-a998-80ad106b7cce,2021-05-26 02:00:00+00:00,-8.497316636851536,0.5285714285714286,0.1989389920424403,0.14705882352941177,0.24285714285714285,10.954855933622852,0.5948275862068966,0.18078512396694216,0.2,0.4482758620689655,77.44,80.92,111.05371900826447,100.09886307464161,game_summary__900d7ece-9d6f-46a8-9af9-096d468d35b5__20260227T223110Z.json
2021,5f60c4b4-50c3-4ab4-9626-dbc6d8caa304,2021-05-29 00:00:00+00:00,2021-05-29,0a5ad38d-2fe3-43ba-894b-1ba3d5042ea9,0a5ad38d-2fe3-43ba-894b-1ba3d5042ea9,3c409388-ab73-4c7f-953d-3a71062240f6,3c409388-ab73-4c7f-953d-3a71062240f6,0,0,-5.312299976542908,0.07206687371346379,0.027581525116604284,0.022389796078786876,0.034436174664713014,feaa408c-0f28-49d6-9beb-10b21c4aa033,2021-05-22 02:30:00+00:00,-33.51371977300134,0.39864864864864863,0.14672686230248308,0.1111111111111111,0.20270270270270271,13.398191840529961,0.4621212121212121,0.23551577955723033,0.24324324324324326,0.2727272727272727,84.92,80.16,89.49599623174753,76.09780439121757,game_summary__5f60c4b4-50c3-4ab4-9626-dbc6d8caa304__20260227T223112Z.json
2021,5f60c4b4-50c3-4ab4-9626-dbc6d8caa304,2021-05-29 00:00:00+00:00,2021-05-29,3c409388-ab73-4c7f-953d-3a71062240f6,3c409388-ab73-4c7f-953d-3a71062240f6,0a5ad38d-2fe3-43ba-894b-1ba3d5042ea9,0a5ad38d-2fe3-43ba-894b-1ba3d5042ea9,1,0,-0.2518388286166705,0.14236819019326408,0.06778620525149026,0.09895470676335032,0.12267946356422828,55c27197-44d7-4ce1-9f0d-d2e5c79e00c4,2021-05-26 00:00:00+00:00,-11.673955296404273,0.45161290322580644,0.25510204081632654,0.43333333333333335,0.45161290322580644,-13.398191840529961,0.47058823529411764,0.34930139720558884,0.19230769230769232,0.27450980392156865,80.16,84.92,76.09780439121757,89.49599623174753,game_summary__5f60c4b4-50c3-4ab4-9626-dbc6d8caa304__20260227T223112Z.json
2021,af319dea-7ffa-403e-8afc-405a595c6efd,2021-05-29 02:00:00+00:00,2021-05-29,6f017f37-be96-4bdc-b6d3-0a0429c72e89,6f017f37-be96-4bdc-b6d3-0a0429c72e89,d6a012ed-84aa-48d3-8265-2d3f3ff2199a,d6a012ed-84aa-48d3-8265-2d3f3ff2199a,0,0,-2.9921810729191893,0.11293394401643447,0.04079887638268599,0.04343419789741479,0.06723065744998687,ea71f486-e435-413d-a5be-771131e7eef7,2021-05-21 00:00:00+00:00,-19.003282434324277,0.47794117647058826,0.19265639165911153,0.16666666666666666,0.3088235294117647,-11.747962567634701,0.417910447761194,0.15015015015015015,0.20588235294117646,0.26865671641791045,79.92,80.52,90.09009009009009,101.83805265772479,game_summary__af319dea-7ffa-403e-8afc-405a595c6efd__20260227T223114Z.json
2021,af319dea-7ffa-403e-8afc-405a595c6efd,2021-05-29 02:00:00+00:00,2021-05-29,d6a012ed-84aa-48d3-8265-2d3f3ff2199a,d6a012ed-84aa-48d3-8265-2d3f3ff2199a,6f017f37-be96-4bdc-b6d3-0a0429c72e89,6f017f37-be96-4bdc-b6d3-0a0429c72e89,1,0,2.2620146929323277,0.2030874865096898,0.054977832070107265,0.08047613388361763,0.11020155443404318,92fc011c-0ad7-4302-a998-80ad106b7cce,2021-05-26 02:00:00+00:00,8.497316636851536,0.4930555555555556,0.13953488372093023,0.21951219512195122,0.3472222222222222,11.747962567634701,0.5138888888888888,0.16145057128663687,0.24242424242424243,0.1111111111111111,80.52,79.92,101.83805265772479,90.09009009009009,game_summary__af319dea-7ffa-403e-8afc-405a595c6efd__20260227T223114Z.json
2021,e43b64a9-f813-45cb-ae5c-e19f81818d68,2021-05-29 02:30:00+00:00,2021-05-29,171b097d-01db-4ae8-9d56-035689402ec6,FR_LVA_ACES,f073a15f-0486-4179-b0a3-dfd0294eb595,f073a15f-0486-4179-b0a3-dfd0294eb595,1,0,3.670771522549846,0.1953681590947459,0.05353027599129474,0.06646856884292668,0.12202095181950527,e61f629c-e191-4e75-8c8f-0f823e2e5c4a,2021-05-27 02:00:00+00:00,7.357595719217031,0.4666666666666667,0.11182902584493042,0.2894736842105263,0.22666666666666666,37.98199417129938,0.6014492753623188,0.08775778850372971,0.10714285714285714,0.5652173913043478,91.16,89.56,123.95787626151822,85.97588209021885,game_summary__e43b64a9-f813-45cb-ae5c-e19f81818d68__20260227T223116Z.json
2021,e43b64a9-f813-45cb-ae5c-e19f81818d68,2021-05-29 02:30:00+00:00,2021-05-29,f073a15f-0486-4179-b0a3-dfd0294eb595,f073a15f-0486-4179-b0a3-dfd0294eb595,171b097d-01db-4ae8-9d56-035689402ec6,FR_LVA_ACES,0,0,-5.482363825273607,0.20744116170201832,0.08288518215393473,0.12419648158631724,0.10154767255624311,08ab8292-e274-4e40-a046-0265ded4a58b,2021-05-25 23:00:00+00:00,-22.060268951024554,0.4765625,0.1963350785340314,0.25,0.15625,-37.98199417129938,0.42424242424242425,0.24564537740062528,0.23684210526315788,0.36363636363636365,89.56,91.16,85.97588209021885,123.95787626151822,game_summary__e43b64a9-f813-45cb-ae5c-e19f81818d68__20260227T223116Z.json
2021,5251e99a-9201-42ff-b578-b2d52f2371c6,2021-05-29 18:00:00+00:00,2021-05-29,08ed8274-e29f-4248-bc2e-83cc8ed18d75,08ed8274-e29f-4248-bc2e-83cc8ed18d75,5d70a9af-8c2b-4aec-9e68-9acc6ddb93e4,5d70a9af-8c2b-4aec-9e68-9acc6ddb93e4,1,0,1.7306363352744958,0.24206378921553653,0.09443400698641465,0.08462071567005114,0.10948999152887132,1f5ba118-b452-47fc-a84a-82baad94f119,2021-05-24 23:00:00+00:00,15.296617036000498,0.55,0.19510926118626432,0.30303030303030304,0.45,-0.9405882431982349,0.4927536231884058,0.22049559008819825,0.10256410256410256,0.30434782608695654,95.24,97.52,91.34817303653927,92.2887612797375,game_summary__5251e99a-9201-42ff-b578-b2d52f2371c6__20260227T223117Z.json
2021,5251e99a-9201-42ff-b578-b2d52f2371c6,2021-05-29 18:00:00+00:00,2021-05-29,5d70a9af-8c2b-4aec-9e68-9acc6ddb93e4,5d70a9af-8c2b-4aec-9e68-9acc6ddb93e4,08ed8274-e29f-4248-bc2e-83cc8ed18d75,08ed8274-e29f-4248-bc2e-83cc8ed18d75,0,0,0.6470814305818327,0.17986899908038867,0.05488793007174736,0.11747843863097783,0.12947797652149665,19f22577-6211-4df8-be6f-a2a1c60c3f70,2021-05-27 23:00:00+00:00,-1.4732673441497468,0.52,0.14685946678716674,0.358974358974359,0.44,0.9405882431982349,0.4942528735632184,0.17432321575061527,0.23809523809523808,0.09195402298850575,97.52,95.24,92.2887612797375,91.34817303653927,game_summary__5251e99a-9201-42ff-b578-b2d52f2371c6__20260227T223117Z.json
2021,03fe8f4c-af07-4ef3-9dd5-880b9542bdcd,2021-05-30 00:00:00+00:00,2021-05-30,0699edf3-5993-4182-b9b4-ec935cbd4fcc,0699edf3-5993-4182-b9b4-ec935cbd4fcc,5f0b5caf-708b-4300-92f2-53b51d83ec06,5f0b5caf-708b-4300-92f2-53b51d83ec06,0,0,-0.45494522705524887,0.18807750850832688,0.06400024343831459,0.09752536608666752,0.10610374880945664,e61f629c-e191-4e75-8c8f-0f823e2e5c4a,2021-05-27 02:00:00+00:00,-7.357595719217031,0.5,0.1616915422885572,0.1935483870967742,0.14492753623188406,15.494734171859008,0.5645161290322581,0.16120365394948952,0.3548387096774194,0.41935483870967744,74.44,81.68,119.55937667920473,104.06464250734572,game_summary__03fe8f4c-af07-4ef3-9dd5-880b9542bdcd__20260227T223119Z.json
2021,03fe8f4c-af07-4ef3-9dd5-880b9542bdcd,2021-05-30 00:00:00+00:00,2021-05-30,5f0b5caf-708b-4300-92f2-53b51d83ec06,5f0b5caf-708b-4300-92f2-53b51d83ec06,0699edf3-5993-4182-b9b4-ec935cbd4fcc,0699edf3-5993-4182-b9b4-ec935cbd4fcc,1,0,0.24440257639577373,0.1708422877564991,0.059596816505154145,0.09026887545018193,0.10885826088857617,19f22577-6211-4df8-be6f-a2a1c60c3f70,2021-05-27 23:00:00+00:00,1.4732673441497468,0.5303030303030303,0.121654501216545,0.18421052631578946,0.45454545454545453,-15.494734171859008,0.42948717948717946,0.04897159647404505,0.23255813953488372,0.28205128205128205,81.68,74.44,104.06464250734572,119.55937667920473,game_summary__03fe8f4c-af07-4ef3-9dd5-880b9542bdcd__20260227T223119Z.json
2021,343d953b-d0ce-47bc-896b-5ac834f6a46f,2021-05-30 22:00:00+00:00,2021-05-30,171b097d-01db-4ae8-9d56-035689402ec6,FR_LVA_ACES,f073a15f-0486-4179-b0a3-dfd0294eb595,f073a15f-0486-4179-b0a3-dfd0294eb595,1,0,6.905507868499205,0.23365199874807513,0.05675712045232839,0.07030319170251757,0.16380388814541944,e43b64a9-f813-45cb-ae5c-e19f81818d68,2021-05-29 02:30:00+00:00,37.98199417129938,0.6014492753623188,0.08775778850372971,0.10714285714285714,0.5652173913043478,30.64433953717416,0.6194029850746269,0.1323387872954764,0.2,0.34328358208955223,83.12,85.84,121.51106833493743,90.86672879776327,game_summary__343d953b-d0ce-47bc-896b-5ac834f6a46f__20260227T223121Z.json
2021,343d953b-d0ce-47bc-896b-5ac834f6a46f,2021-05-30 22:00:00+00:00,2021-05-30,f073a15f-0486-4179-b0a3-dfd0294eb595,f073a15f-0486-4179-b0a3-dfd0294eb595,171b097d-01db-4ae8-9d56-035689402ec6,FR_LVA_ACES,0,0,-8.546309887074457,0.22788039031728655,0.09822961696548382,0.13481629822327668,0.1262564339891458,e43b64a9-f813-45cb-ae5c-e19f81818d68,2021-05-29 02:30:00+00:00,-37.98199417129938,0.42424242424242425,0.24564537740062528,0.23684210526315788,0.36363636363636365,-30.64433953717416,0.41875,0.15144454799627213,0.27906976744186046,0.1375,85.84,83.12,90.86672879776327,121.51106833493743,game_summary__343d953b-d0ce-47bc-896b-5ac834f6a46f__20260227T223121Z.json
2021,40f0142f-6cab-4f9b-b71b-c2aea2c783b5,2021-05-30 22:00:00+00:00,2021-05-30,0a5ad38d-2fe3-43ba-894b-1ba3d5042ea9,0a5ad38d-2fe3-43ba-894b-1ba3d5042ea9,3c409388-ab73-4c7f-953d-3a71062240f6,3c409388-ab73-4c7f-953d-3a71062240f6,0,0,-3.54834336820912,0.10883976747651242,0.04718480469928299,0.043211049812136706,0.05690138622858122,5f60c4b4-50c3-4ab4-9626-dbc6d8caa304,2021-05-29 00:00:00+00:00,13.398191840529961,0.4621212121212121,0.23551577955723033,0.24324324324324326,0.2727272727272727,2.638939192160848,0.4657534246575342,0.2152389151958674,0.2,0.2465753424657534,92.92,92.28,88.24795523030564,85.60901603814479,game_summary__40f0142f-6cab-4f9b-b71b-c2aea2c783b5__20260227T223122Z.json
2021,40f0142f-6cab-4f9b-b71b-c2aea2c783b5,2021-05-30 22:00:00+00:00,2021-05-30,3c409388-ab73-4c7f-953d-3a71062240f6,3c409388-ab73-4c7f-953d-3a71062240f6,0a5ad38d-2fe3-43ba-894b-1ba3d5042ea9,0a5ad38d-2fe3-43ba-894b-1ba3d5042ea9,1,0,-1.491228818873009,0.17331157336050781,0.0943264260029656,0.10775568417049537,0.13699347170668222,5f60c4b4-50c3-4ab4-9626-dbc6d8caa304,2021-05-29 00:00:00+00:00,-13.398191840529961,0.47058823529411764,0.34930139720558884,0.19230769230769232,0.27450980392156865,-2.638939192160848,0.44666666666666666,0.270914607715648,0.34210526315789475,0.16,92.28,92.92,85.60901603814479,88.24795523030564,game_summary__40f0142f-6cab-4f9b-b71b-c2aea2c783b5__20260227T223122Z.json
2021,d322498f-2a7e-48dc-9d99-8c4446a915ad,2021-05-30 23:00:00+00:00,2021-05-30,6f017f37-be96-4bdc-b6d3-0a0429c72e89,6f017f37-be96-4bdc-b6d3-0a0429c72e89,a015b02d-845c-40c1-8ef4-844984f47e4d,a015b02d-845c-40c1-8ef4-844984f47e4d,1,0,-3.817644068746862,0.14168601127509534,0.05110811378155689,0.0587492147020294,0.08622036821124496,af319dea-7ffa-403e-8afc-405a595c6efd,2021-05-29 02:00:00+00:00,-11.747962567634701,0.417910447761194,0.15015015015015015,0.20588235294117646,0.26865671641791045,7.0271584829255715,0.4714285714285714,0.20334928229665072,0.30303030303030304,0.21428571428571427,83.6,84.6,94.4976076555024,87.47044917257683,game_summary__d322498f-2a7e-48dc-9d99-8c4446a915ad__20260227T223124Z.json
2021,d322498f-2a7e-48dc-9d99-8c4446a915ad,2021-05-30 23:00:00+00:00,2021-05-30,a015b02d-845c-40c1-8ef4-844984f47e4d,a015b02d-845c-40c1-8ef4-844984f47e4d,6f017f37-be96-4bdc-b6d3-0a0429c72e89,6f017f37-be96-4bdc-b6d3-0a0429c72e89,0,0,4.835927177954713,0.26157534701785506,0.09215730951556549,0.15430789475518245,0.13087892346237467,900d7ece-9d6f-46a8-9af9-096d468d35b5,2021-05-28 23:00:00+00:00,10.954855933622852,0.5948275862068966,0.18078512396694216,0.2,0.4482758620689655,-7.0271584829255715,0.4295774647887324,0.14184397163120568,0.15151515151515152,0.2112676056338028,84.6,83.6,87.47044917257683,94.4976076555024,game_summary__d322498f-2a7e-48dc-9d99-8c4446a915ad__20260227T223124Z.json
2021,4a898750-4b04-4ee5-8ec9-a0460ab23198,2021-06-01 23:00:00+00:00,2021-06-01,171b097d-01db-4ae8-9d56-035689402ec6,FR_LVA_ACES,a015b02d-845c-40c1-8ef4-844984f47e4d,a015b02d-845c-40c1-8ef4-844984f47e4d,0,0,9.14351793287781,0.27001918824552623,0.06388268305112656,0.08253053154547076,0.18072457602950778,343d953b-d0ce-47bc-896b-5ac834f6a46f,2021-05-30 22:00:00+00:00,30.64433953717416,0.6194029850746269,0.1323387872954764,0.2,0.34328358208955223,-11.443761488248995,0.4375,0.1639757820383451,0.10344827586206896,0.1875,79.28,77.12,84.51059535822402,95.95435684647302,game_summary__4a898750-4b04-4ee5-8ec9-a0460ab23198__20260227T223126Z.json
2021,4a898750-4b04-4ee5-8ec9-a0460ab23198,2021-06-01 23:00:00+00:00,2021-06-01,a015b02d-845c-40c1-8ef4-844984f47e4d,a015b02d-845c-40c1-8ef4-844984f47e4d,171b097d-01db-4ae8-9d56-035689402ec6,FR_LVA_ACES,1,0,3.7175189313235295,0.27741397107719695,0.0968415859547854,0.15404460515586058,0.13845767385215033,d322498f-2a7e-48dc-9d99-8c4446a915ad,2021-05-30 23:00:00+00:00,-7.0271584829255715,0.4295774647887324,0.14184397163120568,0.15151515151515152,0.2112676056338028,11.443761488248995,0.43333333333333335,0.19450207468879666,0.23529411764705882,0.38333333333333336,77.12,79.28,95.95435684647302,84.51059535822402,game_summary__4a898750-4b04-4ee5-8ec9-a0460ab23198__20260227T223126Z.json
2021,10713831-74ec-4f54-a221-b4d0dd858808,2021-06-02 00:00:00+00:00,2021-06-02,0a5ad38d-2fe3-43ba-894b-1ba3d5042ea9,0a5ad38d-2fe3-43ba-894b-1ba3d5042ea9,5f0b5caf-708b-4300-92f2-53b51d83ec06,5f0b5caf-708b-4300-92f2-53b51d83ec06,0,0,-2.965029040253606,0.14248827924970733,0.0630283304422895,0.05799253751975732,0.07478315180718993,40f0142f-6cab-4f9b-b71b-c2aea2c783b5,2021-05-30 22:00:00+00:00,2.638939192160848,0.4657534246575342,0.2152389151958674,0.2,0.2465753424657534,-10.70372876709105,0.453125,0.1660705160960654,0.12121212121212122,0.1875,78.28,79.92,88.1451200817578,98.84884884884885,game_summary__10713831-74ec-4f54-a221-b4d0dd858808__20260227T223128Z.json
2021,10713831-74ec-4f54-a221-b4d0dd858808,2021-06-02 00:00:00+00:00,2021-06-02,5f0b5caf-708b-4300-92f2-53b51d83ec06,5f0b5caf-708b-4300-92f2-53b51d83ec06,0a5ad38d-2fe3-43ba-894b-1ba3d5042ea9,0a5ad38d-2fe3-43ba-894b-1ba3d5042ea9,1,0,-1.2394255638789777,0.1952263804057262,0.05859510969423144,0.10368338588267292,0.12518626429885973,03fe8f4c-af07-4ef3-9dd5-880b9542bdcd,2021-05-30 00:00:00+00:00,-15.494734171859008,0.42948717948717946,0.04897159647404505,0.23255813953488372,0.28205128205128205,10.70372876709105,0.4696969696969697,0.22522522522522523,0.375,0.2727272727272727,79.92,78.28,98.84884884884885,88.1451200817578,game_summary__10713831-74ec-4f54-a221-b4d0dd858808__20260227T223128Z.json
2021,f9fa75c3-cafa-4f8e-afad-80e767af3dab,2021-06-02 00:30:00+00:00,2021-06-02,0699edf3-5993-4182-b9b4-ec935cbd4fcc,0699edf3-5993-4182-b9b4-ec935cbd4fcc,3c409388-ab73-4c7f-953d-3a71062240f6,3c409388-ab73-4c7f-953d-3a71062240f6,0,0,1.0487321028398422,0.22356676228087285,0.07316422480235941,0.12178392525640598,0.135635913730587,03fe8f4c-af07-4ef3-9dd5-880b9542bdcd,2021-05-30 00:00:00+00:00,15.494734171859008,0.5645161290322581,0.16120365394948952,0.3548387096774194,0.41935483870967744,3.502066747890126,0.5932203389830508,0.25059665871121717,0.23809523809523808,0.3389830508474576,83.8,85.8,100.23866348448686,96.73659673659674,game_summary__f9fa75c3-cafa-4f8e-afad-80e767af3dab__20260227T223129Z.json
2021,f9fa75c3-cafa-4f8e-afad-80e767af3dab,2021-06-02 00:30:00+00:00,2021-06-02,3c409388-ab73-4c7f-953d-3a71062240f6,3c409388-ab73-4c7f-953d-3a71062240f6,0699edf3-5993-4182-b9b4-ec935cbd4fcc,0699edf3-5993-4182-b9b4-ec935cbd4fcc,1,0,-1.5994307473528901,0.19908248991221036,0.1109745127091367,0.12984930375872356,0.139162442892185,40f0142f-6cab-4f9b-b71b-c2aea2c783b5,2021-05-30 22:00:00+00:00,-2.638939192160848,0.44666666666666666,0.270914607715648,0.34210526315789475,0.16,-3.502066747890126,0.4050632911392405,0.11655011655011656,0.2857142857142857,0.25316455696202533,85.8,83.8,96.73659673659674,100.23866348448686,game_summary__f9fa75c3-cafa-4f8e-afad-80e767af3dab__20260227T223129Z.json
2021,a2575b34-1625-4805-99b5-2740a345e51e,2021-06-02 02:30:00+00:00,2021-06-02,d6a012ed-84aa-48d3-8265-2d3f3ff2199a,d6a012ed-84aa-48d3-8265-2d3f3ff2199a,f073a15f-0486-4179-b0a3-dfd0294eb595,f073a15f-0486-4179-b0a3-dfd0294eb595,1,0,3.156315099542849,0.23238870386763977,0.06501569177922631,0.09574400813621886,0.11028730410470144,af319dea-7ffa-403e-8afc-405a595c6efd,2021-05-29 02:00:00+00:00,11.747962567634701,0.5138888888888888,0.16145057128663687,0.24242424242424243,0.1111111111111111,21.757323507137357,0.5153846153846153,0.13826043237807945,0.20588235294117646,0.36923076923076925,79.56,82.16,110.60834590246355,88.8510223953262,game_summary__a2575b34-1625-4805-99b5-2740a345e51e__20260227T223131Z.json
2021,a2575b34-1625-4805-99b5-2740a345e51e,2021-06-02 02:30:00+00:00,2021-06-02,f073a15f-0486-4179-b0a3-dfd0294eb595,f073a15f-0486-4179-b0a3-dfd0294eb595,d6a012ed-84aa-48d3-8265-2d3f3ff2199a,d6a012ed-84aa-48d3-8265-2d3f3ff2199a,0,0,-10.6296311494734,0.24587487772155114,0.10324652566951546,0.14841598671842407,0.12731643619325603,343d953b-d0ce-47bc-896b-5ac834f6a46f,2021-05-30 22:00:00+00:00,-30.64433953717416,0.41875,0.15144454799627213,0.27906976744186046,0.1375,-21.757323507137357,0.4189189189189189,0.12171372930866602,0.21621621621621623,0.1891891891891892,82.16,79.56,88.8510223953262,110.60834590246355,game_summary__a2575b34-1625-4805-99b5-2740a345e51e__20260227T223131Z.json
2021,2092a8d9-d755-4c2f-b243-09fe1707b630,2021-06-03 23:00:00+00:00,2021-06-03,08ed8274-e29f-4248-bc2e-83cc8ed18d75,08ed8274-e29f-4248-bc2e-83cc8ed18d75,171b097d-01db-4ae8-9d56-035689402ec6,FR_LVA_ACES,1,0,1.4788030700878965,0.26569790816878824,0.10631863111834182,0.08631235243711735,0.12786047416047747,5251e99a-9201-42ff-b578-b2d52f2371c6,2021-05-29 18:00:00+00:00,-0.9405882431982349,0.4927536231884058,0.22049559008819825,0.10256410256410256,0.30434782608695654,-12.95165323981196,0.46296296296296297,0.12796649604467195,0.24390243902439024,0.1111111111111111,85.96,86.76,95.39320614239182,108.34485938220378,game_summary__2092a8d9-d755-4c2f-b243-09fe1707b630__20260227T223133Z.json
2021,2092a8d9-d755-4c2f-b243-09fe1707b630,2021-06-03 23:00:00+00:00,2021-06-03,171b097d-01db-4ae8-9d56-035689402ec6,FR_LVA_ACES,08ed8274-e29f-4248-bc2e-83cc8ed18d75,08ed8274-e29f-4248-bc2e-83cc8ed18d75,0,0,7.202624666278895,0.2858086654838444,0.07331909365611158,0.08450257983150412,0.18136333817450428,4a898750-4b04-4ee5-8ec9-a0460ab23198,2021-06-01 23:00:00+00:00,-11.443761488248995,0.4375,0.1639757820383451,0.10344827586206896,0.1875,12.95165323981196,0.4857142857142857,0.1267865375749193,0.2,0.4142857142857143,86.76,85.96,108.34485938220378,95.39320614239182,game_summary__2092a8d9-d755-4c2f-b243-09fe1707b630__20260227T223133Z.json
2021,e87671ca-95ee-4c66-a516-39005e0dfa1d,2021-06-04 02:00:00+00:00,2021-06-04,0699edf3-5993-4182-b9b4-ec935cbd4fcc,0699edf3-5993-4182-b9b4-ec935cbd4fcc,3c409388-ab73-4c7f-953d-3a71062240f6,3c409388-ab73-4c7f-953d-3a71062240f6,1,0,1.2800235035095922,0.2584163469840951,0.08989190451202307,0.13274932963550548,0.1548067367003905,f9fa75c3-cafa-4f8e-afad-80e767af3dab,2021-06-02 00:30:00+00:00,3.502066747890126,0.5932203389830508,0.25059665871121717,0.23809523809523808,0.3389830508474576,2.123985569968795,0.4642857142857143,0.20343580470162748,0.1891891891891892,0.24285714285714285,88.48,87.16,87.0253164556962,84.9013308857274,game_summary__e87671ca-95ee-4c66-a516-39005e0dfa1d__20260227T223135Z.json
2021,e87671ca-95ee-4c66-a516-39005e0dfa1d,2021-06-04 02:00:00+00:00,2021-06-04,3c409388-ab73-4c7f-953d-3a71062240f6,3c409388-ab73-4c7f-953d-3a71062240f6,0699edf3-5993-4182-b9b4-ec935cbd4fcc,0699edf3-5993-4182-b9b4-ec935cbd4fcc,0,0,-1.7788042977231164,0.21850160508387934,0.11150016020878038,0.14454368312706625,0.14991014447285766,f9fa75c3-cafa-4f8e-afad-80e767af3dab,2021-06-02 00:30:00+00:00,-3.502066747890126,0.4050632911392405,0.11655011655011656,0.2857142857142857,0.25316455696202533,-2.123985569968795,0.3974358974358974,0.13767783386874713,0.225,0.1794871794871795,87.16,88.48,84.9013308857274,87.0253164556962,game_summary__e87671ca-95ee-4c66-a516-39005e0dfa1d__20260227T223135Z.json
2021,bafde111-4c06-41e9-8c54-b652c7ada60e,2021-06-04 02:30:00+00:00,2021-06-04,0a5ad38d-2fe3-43ba-894b-1ba3d5042ea9,0a5ad38d-2fe3-43ba-894b-1ba3d5042ea9,f073a15f-0486-4179-b0a3-dfd0294eb595,f073a15f-0486-4179-b0a3-dfd0294eb595,1,0,-3.6946052938617466,0.17177397102712097,0.07274277013196573,0.06395264821703467,0.08540968323052955,10713831-74ec-4f54-a221-b4d0dd858808,2021-06-02 00:00:00+00:00,-10.70372876709105,0.453125,0.1660705160960654,0.12121212121212122,0.1875,49.79835280345617,0.6666666666666666,0.10411244143675169,0.08,0.16666666666666666,76.84,81.04,127.53774076002082,77.73938795656466,game_summary__bafde111-4c06-41e9-8c54-b652c7ada60e__20260227T223136Z.json
2021,bafde111-4c06-41e9-8c54-b652c7ada60e,2021-06-04 02:30:00+00:00,2021-06-04,f073a15f-0486-4179-b0a3-dfd0294eb595,f073a15f-0486-4179-b0a3-dfd0294eb595,0a5ad38d-2fe3-43ba-894b-1ba3d5042ea9,0a5ad38d-2fe3-43ba-894b-1ba3d5042ea9,0,0,-11.678709210152487,0.2621888358466046,0.10498754595990684,0.1548079439175421,0.133149572627617,a2575b34-1625-4805-99b5-2740a345e51e,2021-06-02 02:30:00+00:00,-21.757323507137357,0.4189189189189189,0.12171372930866602,0.21621621621621623,0.1891891891891892,-49.79835280345617,0.3880597014925373,0.22211253701875616,0.3055555555555556,0.23880597014925373,81.04,76.84,77.73938795656466,127.53774076002082,game_summary__bafde111-4c06-41e9-8c54-b652c7ada60e__20260227T223136Z.json
2021,e89a88a8-89d0-45a4-a748-7b8c0fc93ab6,2021-06-05 00:00:00+00:00,2021-06-05,5d70a9af-8c2b-4aec-9e68-9acc6ddb93e4,5d70a9af-8c2b-4aec-9e68-9acc6ddb93e4,6f017f37-be96-4bdc-b6d3-0a0429c72e89,6f017f37-be96-4bdc-b6d3-0a0429c72e89,0,0,0.6747521773888873,0.20950795878114575,0.06614785116314452,0.12884974851268347,0.12594035568007483,5251e99a-9201-42ff-b578-b2d52f2371c6,2021-05-29 18:00:00+00:00,0.9405882431982349,0.4942528735632184,0.17432321575061527,0.23809523809523808,0.09195402298850575,-11.655653450807634,0.5142857142857142,0.20925110132158592,0.21212121212121213,0.2857142857142857,90.8,82.56,92.51101321585904,104.16666666666667,game_summary__e89a88a8-89d0-45a4-a748-7b8c0fc93ab6__20260227T223138Z.json
2021,e89a88a8-89d0-45a4-a748-7b8c0fc93ab6,2021-06-05 00:00:00+00:00,2021-06-05,6f017f37-be96-4bdc-b6d3-0a0429c72e89,6f017f37-be96-4bdc-b6d3-0a0429c72e89,5d70a9af-8c2b-4aec-9e68-9acc6ddb93e4,5d70a9af-8c2b-4aec-9e68-9acc6ddb93e4,1,0,-2.795235822393751,0.17277293158260337,0.06546085329734103,0.08177914059924399,0.0982938997739206,d322498f-2a7e-48dc-9d99-8c4446a915ad,2021-05-30 23:00:00+00:00,7.0271584829255715,0.4714285714285714,0.20334928229665072,0.30303030303030304,0.21428571428571427,11.655653450807634,0.5964912280701754,0.24224806201550386,0.16666666666666666,0.42105263157894735,82.56,90.8,104.16666666666667,92.51101321585904,game_summary__e89a88a8-89d0-45a4-a748-7b8c0fc93ab6__20260227T223138Z.json
2021,8d92e2c9-8efc-4f73-8822-676d1f635b54,2021-06-05 02:00:00+00:00,2021-06-05,5f0b5caf-708b-4300-92f2-53b51d83ec06,5f0b5caf-708b-4300-92f2-53b51d83ec06,d6a012ed-84aa-48d3-8265-2d3f3ff2199a,d6a012ed-84aa-48d3-8265-2d3f3ff2199a,0,0,-0.11346873642447086,0.22110246183143084,0.07430438640977542,0.12926212208597812,0.13909588994429856,10713831-74ec-4f54-a221-b4d0dd858808,2021-06-02 00:00:00+00:00,10.70372876709105,0.4696969696969697,0.22522522522522523,0.375,0.2727272727272727,-7.933925359869548,0.5052083333333334,0.1296370163542082,0.2857142857142857,0.125,100.28,95.76,101.71519744714799,109.64912280701753,game_summary__8d92e2c9-8efc-4f73-8822-676d1f635b54__20260227T223140Z.json
2021,8d92e2c9-8efc-4f73-8822-676d1f635b54,2021-06-05 02:00:00+00:00,2021-06-05,d6a012ed-84aa-48d3-8265-2d3f3ff2199a,d6a012ed-84aa-48d3-8265-2d3f3ff2199a,5f0b5caf-708b-4300-92f2-53b51d83ec06,5f0b5caf-708b-4300-92f2-53b51d83ec06,1,0,4.909950013207123,0.2590685214337559,0.07192093753482684,0.10612744770846866,0.13469954515959398,a2575b34-1625-4805-99b5-2740a345e51e,2021-06-02 02:30:00+00:00,21.757323507137357,0.5153846153846153,0.13826043237807945,0.20588235294117646,0.36923076923076925,7.933925359869548,0.5694444444444444,0.1670843776106934,0.14285714285714285,0.4027777777777778,95.76,100.28,109.64912280701753,101.71519744714799,game_summary__8d92e2c9-8efc-4f73-8822-676d1f635b54__20260227T223140Z.json
2021,beed162c-10c7-4626-a251-34531b543abc,2021-06-05 17:00:00+00:00,2021-06-05,171b097d-01db-4ae8-9d56-035689402ec6,FR_LVA_ACES,5c0d47fe-8539-47b0-9f36-d0b3609ca89b,5c0d47fe-8539-47b0-9f36-d0b3609ca89b,0,0,7.744622014233692,0.3046550348522215,0.07835980834995183,0.09539125339196187,0.2033224063052133,2092a8d9-d755-4c2f-b243-09fe1707b630,2021-06-03 23:00:00+00:00,12.95165323981196,0.4857142857142857,0.1267865375749193,0.2,0.4142857142857143,3.791169041359808,0.47368421052631576,0.130605137135394,0.21621621621621623,0.35526315789473684,91.88,92.36,104.4841097083152,100.6929406669554,game_summary__beed162c-10c7-4626-a251-34531b543abc__20260227T223141Z.json
2021,beed162c-10c7-4626-a251-34531b543abc,2021-06-05 17:00:00+00:00,2021-06-05,5c0d47fe-8539-47b0-9f36-d0b3609ca89b,5c0d47fe-8539-47b0-9f36-d0b3609ca89b,171b097d-01db-4ae8-9d56-035689402ec6,FR_LVA_ACES,1,0,-0.669969481362346,0.20642068473576317,0.06553344166076087,0.11420772140703551,0.09923704913851084,900d7ece-9d6f-46a8-9af9-096d468d35b5,2021-05-28 23:00:00+00:00,-10.954855933622852,0.45774647887323944,0.13593672763222936,0.2571428571428571,0.2535211267605634,-3.791169041359808,0.512987012987013,0.140753572975314,0.14285714285714285,0.24675324675324675,92.36,91.88,100.6929406669554,104.4841097083152,game_summary__beed162c-10c7-4626-a251-34531b543abc__20260227T223141Z.json
2021,6657b06c-e5af-4ab1-adbe-57c20a9cb728,2021-06-05 19:00:00+00:00,2021-06-05,0a5ad38d-2fe3-43ba-894b-1ba3d5042ea9,0a5ad38d-2fe3-43ba-894b-1ba3d5042ea9,3c409388-ab73-4c7f-953d-3a71062240f6,3c409388-ab73-4c7f-953d-3a71062240f6,1,0,1.3485147832377673,0.21843064095457498,0.07570018779582663,0.06546553374140071,0.09307029388185699,bafde111-4c06-41e9-8c54-b652c7ada60e,2021-06-04 02:30:00+00:00,49.79835280345617,0.6666666666666666,0.10411244143675169,0.08,0.16666666666666666,3.0511880733494934,0.3897058823529412,0.13881877839475013,0.23684210526315788,0.3088235294117647,79.24,76.12,85.81524482584554,82.76405675249605,game_summary__6657b06c-e5af-4ab1-adbe-57c20a9cb728__20260227T223143Z.json
2021,6657b06c-e5af-4ab1-adbe-57c20a9cb728,2021-06-05 19:00:00+00:00,2021-06-05,3c409388-ab73-4c7f-953d-3a71062240f6,3c409388-ab73-4c7f-953d-3a71062240f6,0a5ad38d-2fe3-43ba-894b-1ba3d5042ea9,0a5ad38d-2fe3-43ba-894b-1ba3d5042ea9,0,0,-1.8113467232351619,0.23537087450435845,0.1139680953595373,0.15212880986866847,0.15269855895594606,e87671ca-95ee-4c66-a516-39005e0dfa1d,2021-06-04 02:00:00+00:00,-2.123985569968795,0.3974358974358974,0.13767783386874713,0.225,0.1794871794871795,-3.0511880733494934,0.3790322580645161,0.23646873357856016,0.32558139534883723,0.3709677419354839,76.12,79.24,82.76405675249605,85.81524482584554,game_summary__6657b06c-e5af-4ab1-adbe-57c20a9cb728__20260227T223143Z.json
2021,8ccde6d8-ca24-4a06-af54-4b76b217dfd5,2021-06-05 23:00:00+00:00,2021-06-05,08ed8274-e29f-4248-bc2e-83cc8ed18d75,08ed8274-e29f-4248-bc2e-83cc8ed18d75,a015b02d-845c-40c1-8ef4-844984f47e4d,a015b02d-845c-40c1-8ef4-844984f47e4d,0,0,0.11835252619075187,0.2842953347035627,0.10835951250010611,0.10116936834889911,0.12628140558626968,2092a8d9-d755-4c2f-b243-09fe1707b630,2021-06-03 23:00:00+00:00,-12.95165323981196,0.46296296296296297,0.12796649604467195,0.24390243902439024,0.1111111111111111,-21.979257792951714,0.5363636363636364,0.23729759910664433,0.1111111111111111,0.10909090909090909,71.64,76.36,89.3355667225014,111.31482451545311,game_summary__8ccde6d8-ca24-4a06-af54-4b76b217dfd5__20260227T223145Z.json
2021,8ccde6d8-ca24-4a06-af54-4b76b217dfd5,2021-06-05 23:00:00+00:00,2021-06-05,a015b02d-845c-40c1-8ef4-844984f47e4d,a015b02d-845c-40c1-8ef4-844984f47e4d,08ed8274-e29f-4248-bc2e-83cc8ed18d75,08ed8274-e29f-4248-bc2e-83cc8ed18d75,1,0,4.445920768598727,0.29211347722101405,0.106048658978824,0.16170451147387468,0.1615436537389956,4a898750-4b04-4ee5-8ec9-a0460ab23198,2021-06-01 23:00:00+00:00,11.443761488248995,0.43333333333333335,0.19450207468879666,0.23529411764705882,0.38333333333333336,21.979257792951714,0.4859154929577465,0.14405447878470404,0.42424242424242425,0.2676056338028169,76.36,71.64,111.31482451545311,89.3355667225014,game_summary__8ccde6d8-ca24-4a06-af54-4b76b217dfd5__20260227T223145Z.json
2021,796872bf-b8e4-4d53-8085-4bb4ec66f6db,2021-06-06 23:00:00+00:00,2021-06-06,5d70a9af-8c2b-4aec-9e68-9acc6ddb93e4,5d70a9af-8c2b-4aec-9e68-9acc6ddb93e4,6f017f37-be96-4bdc-b6d3-0a0429c72e89,6f017f37-be96-4bdc-b6d3-0a0429c72e89,0,0,-0.48771328337718234,0.2382412887839874,0.07963910122000789,0.136700276973077,0.14100325634985517,e89a88a8-89d0-45a4-a748-7b8c0fc93ab6,2021-06-05 00:00:00+00:00,-11.655653450807634,0.5142857142857142,0.20925110132158592,0.21212121212121213,0.2857142857142857,-26.48479074962222,0.515625,0.25201612903225806,0.37142857142857144,0.296875,79.36,78.56,100.80645161290323,127.29124236252545,game_summary__796872bf-b8e4-4d53-8085-4bb4ec66f6db__20260227T223147Z.json
2021,796872bf-b8e4-4d53-8085-4bb4ec66f6db,2021-06-06 23:00:00+00:00,2021-06-06,6f017f37-be96-4bdc-b6d3-0a0429c72e89,6f017f37-be96-4bdc-b6d3-0a0429c72e89,5d70a9af-8c2b-4aec-9e68-9acc6ddb93e4,5d70a9af-8c2b-4aec-9e68-9acc6ddb93e4,1,0,-1.4328589335883077,0.21271953995979123,0.08212770354030134,0.0897820255065827,0.128722410335327,e89a88a8-89d0-45a4-a748-7b8c0fc93ab6,2021-06-05 00:00:00+00:00,11.655653450807634,0.5964912280701754,0.24224806201550386,0.16666666666666666,0.42105263157894735,26.48479074962222,0.5955882352941176,0.12729124236252545,0.3333333333333333,0.35294117647058826,78.56,79.36,127.29124236252545,100.80645161290323,game_summary__796872bf-b8e4-4d53-8085-4bb4ec66f6db__20260227T223147Z.json
2021,85cde37d-ed09-42ea-aa36-663158871c60,2021-06-06 23:00:00+00:00,2021-06-06,5f0b5caf-708b-4300-92f2-53b51d83ec06,5f0b5caf-708b-4300-92f2-53b51d83ec06,d6a012ed-84aa-48d3-8265-2d3f3ff2199a,d6a012ed-84aa-48d3-8265-2d3f3ff2199a,0,0,-0.8507527306659334,0.24788692235773957,0.07952094400757777,0.14401185879083864,0.13776698109141083,8d92e2c9-8efc-4f73-8822-676d1f635b54,2021-06-05 02:00:00+00:00,-7.933925359869548,0.5052083333333334,0.1296370163542082,0.2857142857142857,0.125,-1.523665403584829,0.39285714285714285,0.1734390485629336,0.23076923076923078,0.18571428571428572,80.72,78.12,84.24182358771061,85.76548899129544,game_summary__85cde37d-ed09-42ea-aa36-663158871c60__20260227T223148Z.json
2021,85cde37d-ed09-42ea-aa36-663158871c60,2021-06-06 23:00:00+00:00,2021-06-06,d6a012ed-84aa-48d3-8265-2d3f3ff2199a,d6a012ed-84aa-48d3-8265-2d3f3ff2199a,5f0b5caf-708b-4300-92f2-53b51d83ec06,5f0b5caf-708b-4300-92f2-53b51d83ec06,1,0,5.195039328246739,0.2883296261559114,0.08089259796122084,0.10959018877978943,0.15997297862144438,8d92e2c9-8efc-4f73-8822-676d1f635b54,2021-06-05 02:00:00+00:00,7.933925359869548,0.5694444444444444,0.1670843776106934,0.14285714285714285,0.4027777777777778,1.523665403584829,0.4098360655737705,0.1408090117767537,0.10810810810810811,0.3770491803278688,78.12,80.72,85.76548899129544,84.24182358771061,game_summary__85cde37d-ed09-42ea-aa36-663158871c60__20260227T223148Z.json
2021,84beb1d7-2c2b-450b-8391-900a28551177,2021-06-08 23:00:00+00:00,2021-06-08,5c0d47fe-8539-47b0-9f36-d0b3609ca89b,5c0d47fe-8539-47b0-9f36-d0b3609ca89b,6f017f37-be96-4bdc-b6d3-0a0429c72e89,6f017f37-be96-4bdc-b6d3-0a0429c72e89,1,0,-0.9642247389800134,0.23532263482335936,0.07262492001468471,0.11690868388231067,0.11314433571134958,beed162c-10c7-4626-a251-34531b543abc,2021-06-05 17:00:00+00:00,-3.791169041359808,0.512987012987013,0.140753572975314,0.14285714285714285,0.24675324675324675,10.195360195360195,0.47058823529411764,0.1400560224089636,0.11428571428571428,0.3235294117647059,85.68,91.0,99.2063492063492,89.01098901098901,game_summary__84beb1d7-2c2b-450b-8391-900a28551177__20260227T223150Z.json
2021,84beb1d7-2c2b-450b-8391-900a28551177,2021-06-08 23:00:00+00:00,2021-06-08,6f017f37-be96-4bdc-b6d3-0a0429c72e89,6f017f37-be96-4bdc-b6d3-0a0429c72e89,5c0d47fe-8539-47b0-9f36-d0b3609ca89b,5c0d47fe-8539-47b0-9f36-d0b3609ca89b,0,0,1.1991147809086862,0.24881499762397022,0.08638555648933544,0.11274315037222205,0.14986093400982747,796872bf-b8e4-4d53-8085-4bb4ec66f6db,2021-06-06 23:00:00+00:00,26.48479074962222,0.5955882352941176,0.12729124236252545,0.3333333333333333,0.35294117647058826,-10.195360195360195,0.453125,0.23076923076923078,0.16666666666666666,0.390625,91.0,85.68,89.01098901098901,99.2063492063492,game_summary__84beb1d7-2c2b-450b-8391-900a28551177__20260227T223150Z.json
2021,19688148-0f1d-45cd-832c-80619a136397,2021-06-09 02:00:00+00:00,2021-06-09,0699edf3-5993-4182-b9b4-ec935cbd4fcc,0699edf3-5993-4182-b9b4-ec935cbd4fcc,5f0b5caf-708b-4300-92f2-53b51d83ec06,5f0b5caf-708b-4300-92f2-53b51d83ec06,1,0,1.3595891546356271,0.2778249565735997,0.10059640736708368,0.13807027278368653,0.16310780635292385,e87671ca-95ee-4c66-a516-39005e0dfa1d,2021-06-04 02:00:00+00:00,2.123985569968795,0.4642857142857143,0.20343580470162748,0.1891891891891892,0.24285714285714285,-4.335837979938617,0.45,0.10373443983402489,0.275,0.32857142857142857,77.12,77.72,105.0311203319502,109.36695831188882,game_summary__19688148-0f1d-45cd-832c-80619a136397__20260227T223152Z.json
2021,19688148-0f1d-45cd-832c-80619a136397,2021-06-09 02:00:00+00:00,2021-06-09,5f0b5caf-708b-4300-92f2-53b51d83ec06,5f0b5caf-708b-4300-92f2-53b51d83ec06,0699edf3-5993-4182-b9b4-ec935cbd4fcc,0699edf3-5993-4182-b9b4-ec935cbd4fcc,0,0,-0.9141924717391071,0.2615541835372768,0.08837519876433601,0.15219102591905465,0.14228727727967772,85cde37d-ed09-42ea-aa36-663158871c60,2021-06-06 23:00:00+00:00,-1.523665403584829,0.39285714285714285,0.1734390485629336,0.23076923076923078,0.18571428571428572,4.335837979938617,0.49333333333333335,0.11580030880082347,0.32432432432432434,0.17333333333333334,77.72,77.12,109.36695831188882,105.0311203319502,game_summary__19688148-0f1d-45cd-832c-80619a136397__20260227T223152Z.json
2021,35eeda89-a0bc-4c96-9b32-44bf510eb024,2021-06-09 23:00:00+00:00,2021-06-09,5d70a9af-8c2b-4aec-9e68-9acc6ddb93e4,5d70a9af-8c2b-4aec-9e68-9acc6ddb93e4,d6a012ed-84aa-48d3-8265-2d3f3ff2199a,d6a012ed-84aa-48d3-8265-2d3f3ff2199a,1,0,-2.938622486742125,0.26439200867031176,0.09589017576722547,0.15882960046792377,0.15569827318598647,796872bf-b8e4-4d53-8085-4bb4ec66f6db,2021-06-06 23:00:00+00:00,-26.48479074962222,0.515625,0.25201612903225806,0.37142857142857144,0.296875,-33.42058433937659,0.3719512195121951,0.1652502360717658,0.37777777777777777,0.15853658536585366,84.72,81.04,83.80547686496695,117.22606120434354,game_summary__35eeda89-a0bc-4c96-9b32-44bf510eb024__20260227T223153Z.json
2021,35eeda89-a0bc-4c96-9b32-44bf510eb024,2021-06-09 23:00:00+00:00,2021-06-09,d6a012ed-84aa-48d3-8265-2d3f3ff2199a,d6a012ed-84aa-48d3-8265-2d3f3ff2199a,5d70a9af-8c2b-4aec-9e68-9acc6ddb93e4,5d70a9af-8c2b-4aec-9e68-9acc6ddb93e4,0,0,4.848915647512574,0.2997848080325668,0.08654129790619672,0.10945046364479802,0.18043812749383514,85cde37d-ed09-42ea-aa36-663158871c60,2021-06-06 23:00:00+00:00,1.523665403584829,0.4098360655737705,0.1408090117767537,0.10810810810810811,0.3770491803278688,33.42058433937659,0.640625,0.16041461006910165,0.10344827586206896,0.25,81.04,84.72,117.22606120434354,83.80547686496695,game_summary__35eeda89-a0bc-4c96-9b32-44bf510eb024__20260227T223153Z.json
2021,afc1e25c-e53b-4f63-bbf2-be04cd2ef227,2021-06-10 00:00:00+00:00,2021-06-10,3c409388-ab73-4c7f-953d-3a71062240f6,3c409388-ab73-4c7f-953d-3a71062240f6,f073a15f-0486-4179-b0a3-dfd0294eb595,f073a15f-0486-4179-b0a3-dfd0294eb595,1,0,-1.928234422618032,0.24891474333318755,0.12551700665615959,0.16848128405169027,0.17327617773136775,6657b06c-e5af-4ab1-adbe-57c20a9cb728,2021-06-05 19:00:00+00:00,-3.0511880733494934,0.3790322580645161,0.23646873357856016,0.32558139534883723,0.3709677419354839,23.869968585053158,0.5140845070422535,0.13881877839475013,0.3157894736842105,0.29577464788732394,79.24,82.4,116.10297829379101,92.23300970873785,game_summary__afc1e25c-e53b-4f63-bbf2-be04cd2ef227__20260227T223155Z.json
2021,afc1e25c-e53b-4f63-bbf2-be04cd2ef227,2021-06-10 00:00:00+00:00,2021-06-10,f073a15f-0486-4179-b0a3-dfd0294eb595,f073a15f-0486-4179-b0a3-dfd0294eb595,3c409388-ab73-4c7f-953d-3a71062240f6,3c409388-ab73-4c7f-953d-3a71062240f6,0,0,-15.272489527695003,0.2740554798356332,0.11602966094005784,0.16901987636374166,0.14311047063303298,bafde111-4c06-41e9-8c54-b652c7ada60e,2021-06-04 02:30:00+00:00,-49.79835280345617,0.3880597014925373,0.22211253701875616,0.3055555555555556,0.23880597014925373,-23.869968585053158,0.4520547945205479,0.1941747572815534,0.275,0.136986301369863,82.4,79.24,92.23300970873785,116.10297829379101,game_summary__afc1e25c-e53b-4f63-bbf2-be04cd2ef227__20260227T223155Z.json
2021,412c1595-5655-44ac-bd75-037aa5d24970,2021-06-10 23:00:00+00:00,2021-06-10,0a5ad38d-2fe3-43ba-894b-1ba3d5042ea9,0a5ad38d-2fe3-43ba-894b-1ba3d5042ea9,5c0d47fe-8539-47b0-9f36-d0b3609ca89b,5c0d47fe-8539-47b0-9f36-d0b3609ca89b,0,0,1.5090365819852192,0.23457784311592778,0.08165077723431977,0.0816222889354865,0.11341071835082298,6657b06c-e5af-4ab1-adbe-57c20a9cb728,2021-06-05 19:00:00+00:00,3.0511880733494934,0.3897058823529412,0.13881877839475013,0.23684210526315788,0.3088235294117647,-22.71301692637317,0.3880597014925373,0.1457725947521866,0.225,0.417910447761194,82.32,81.68,86.24878522837707,108.96180215475025,game_summary__412c1595-5655-44ac-bd75-037aa5d24970__20260227T223157Z.json
2021,412c1595-5655-44ac-bd75-037aa5d24970,2021-06-10 23:00:00+00:00,2021-06-10,5c0d47fe-8539-47b0-9f36-d0b3609ca89b,5c0d47fe-8539-47b0-9f36-d0b3609ca89b,0a5ad38d-2fe3-43ba-894b-1ba3d5042ea9,0a5ad38d-2fe3-43ba-894b-1ba3d5042ea9,1,0,0.08786003696529265,0.25750261356049414,0.07898207726306262,0.11666139991999638,0.13297866977521933,84beb1d7-2c2b-450b-8391-900a28551177,2021-06-08 23:00:00+00:00,10.195360195360195,0.47058823529411764,0.1400560224089636,0.11428571428571428,0.3235294117647059,22.71301692637317,0.5,0.1591576885406464,0.35294117647058826,0.30985915492957744,81.68,82.32,108.96180215475025,86.24878522837707,game_summary__412c1595-5655-44ac-bd75-037aa5d24970__20260227T223157Z.json
2021,42342a81-debf-4c99-94f1-f323bd1a2249,2021-06-12 00:00:00+00:00,2021-06-12,5d70a9af-8c2b-4aec-9e68-9acc6ddb93e4,5d70a9af-8c2b-4aec-9e68-9acc6ddb93e4,d6a012ed-84aa-48d3-8265-2d3f3ff2199a,d6a012ed-84aa-48d3-8265-2d3f3ff2199a,1,0,-5.81235015625588,0.2745322969431504,0.10242918809917198,0.17947123234079326,0.15596585885797948,35eeda89-a0bc-4c96-9b32-44bf510eb024,2021-06-09 23:00:00+00:00,-33.42058433937659,0.3719512195121951,0.1652502360717658,0.37777777777777777,0.15853658536585366,-17.240056139930005,0.3888888888888889,0.08676251859196826,0.18181818181818182,0.3055555555555556,80.68,78.04,92.95984134853742,110.19989748846743,game_summary__42342a81-debf-4c99-94f1-f323bd1a2249__20260227T223159Z.json
2021,42342a81-debf-4c99-94f1-f323bd1a2249,2021-06-12 00:00:00+00:00,2021-06-12,d6a012ed-84aa-48d3-8265-2d3f3ff2199a,d6a012ed-84aa-48d3-8265-2d3f3ff2199a,5d70a9af-8c2b-4aec-9e68-9acc6ddb93e4,5d70a9af-8c2b-4aec-9e68-9acc6ddb93e4,0,0,7.542547877647172,0.33191797240284304,0.09350580308560397,0.10888459937424239,0.18699616594065765,35eeda89-a0bc-4c96-9b32-44bf510eb024,2021-06-09 23:00:00+00:00,33.42058433937659,0.640625,0.16041461006910165,0.10344827586206896,0.25,17.240056139930005,0.5901639344262295,0.1922091235263967,0.16666666666666666,0.26229508196721313,78.04,80.68,110.19989748846743,92.95984134853742,game_summary__42342a81-debf-4c99-94f1-f323bd1a2249__20260227T223159Z.json
2021,377a66e8-adc0-4b1e-a0d7-698f2b2e8460,2021-06-12 02:00:00+00:00,2021-06-12,0699edf3-5993-4182-b9b4-ec935cbd4fcc,0699edf3-5993-4182-b9b4-ec935cbd4fcc,5f0b5caf-708b-4300-92f2-53b51d83ec06,5f0b5caf-708b-4300-92f2-53b51d83ec06,1,0,0.82264515393605,0.2940569887730434,0.1008922495694878,0.15097950571898336,0.17870711035330572,19688148-0f1d-45cd-832c-80619a136397,2021-06-09 02:00:00+00:00,-4.335837979938617,0.45,0.10373443983402489,0.275,0.32857142857142857,-20.54052411474821,0.373015873015873,0.16874350986500516,0.18181818181818182,0.25396825396825395,77.04,79.28,76.58359293873312,97.12411705348133,game_summary__377a66e8-adc0-4b1e-a0d7-698f2b2e8460__20260227T223200Z.json
2021,377a66e8-adc0-4b1e-a0d7-698f2b2e8460,2021-06-12 02:00:00+00:00,2021-06-12,5f0b5caf-708b-4300-92f2-53b51d83ec06,5f0b5caf-708b-4300-92f2-53b51d83ec06,0699edf3-5993-4182-b9b4-ec935cbd4fcc,0699edf3-5993-4182-b9b4-ec935cbd4fcc,0,0,-0.41923883825202446,0.2834054724800761,0.0909607376457352,0.16841912255087096,0.14521418568347375,19688148-0f1d-45cd-832c-80619a136397,2021-06-09 02:00:00+00:00,4.335837979938617,0.49333333333333335,0.11580030880082347,0.32432432432432434,0.17333333333333334,20.54052411474821,0.4583333333333333,0.17658930373360243,0.34285714285714286,0.16666666666666666,79.28,77.04,97.12411705348133,76.58359293873312,game_summary__377a66e8-adc0-4b1e-a0d7-698f2b2e8460__20260227T223200Z.json
2021,6ee58313-0be5-49f2-a32c-3c881e492d50,2021-06-12 17:00:00+00:00,2021-06-12,3c409388-ab73-4c7f-953d-3a71062240f6,3c409388-ab73-4c7f-953d-3a71062240f6,f073a15f-0486-4179-b0a3-dfd0294eb595,f073a15f-0486-4179-b0a3-dfd0294eb595,0,0,0.5039256255210689,0.273913977003684,0.12677104895447183,0.18236896039416184,0.18482488463094848,afc1e25c-e53b-4f63-bbf2-be04cd2ef227,2021-06-10 00:00:00+00:00,23.869968585053158,0.5140845070422535,0.13881877839475013,0.3157894736842105,0.29577464788732394,-2.7596519034660076,0.49206349206349204,0.18823529411764706,0.19230769230769232,0.3968253968253968,85.0,78.68,97.6470588235294,100.40671072699541,game_summary__6ee58313-0be5-49f2-a32c-3c881e492d50__20260227T223202Z.json
2021,6ee58313-0be5-49f2-a32c-3c881e492d50,2021-06-12 17:00:00+00:00,2021-06-12,f073a15f-0486-4179-b0a3-dfd0294eb595,f073a15f-0486-4179-b0a3-dfd0294eb595,3c409388-ab73-4c7f-953d-3a71062240f6,3c409388-ab73-4c7f-953d-3a71062240f6,1,0,-16.08302834979053,0.2908366029876628,0.12339689427887804,0.17901129408102623,0.14253310639547373,afc1e25c-e53b-4f63-bbf2-be04cd2ef227,2021-06-10 00:00:00+00:00,-23.869968585053158,0.4520547945205479,0.1941747572815534,0.275,0.136986301369863,2.7596519034660076,0.5161290322580645,0.21606507371631925,0.3125,0.3548387096774194,78.68,85.0,100.40671072699541,97.6470588235294,game_summary__6ee58313-0be5-49f2-a32c-3c881e492d50__20260227T223202Z.json
2021,c0d1f87a-6f5d-4e59-abbb-67a9520cc2fe,2021-06-13 00:00:00+00:00,2021-06-13,0a5ad38d-2fe3-43ba-894b-1ba3d5042ea9,0a5ad38d-2fe3-43ba-894b-1ba3d5042ea9,6f017f37-be96-4bdc-b6d3-0a0429c72e89,6f017f37-be96-4bdc-b6d3-0a0429c72e89,0,0,-0.7745298667863929,0.24904755032564052,0.08769594723064268,0.09513941416087715,0.14211783707226466,412c1595-5655-44ac-bd75-037aa5d24970,2021-06-10 23:00:00+00:00,-22.71301692637317,0.3880597014925373,0.1457725947521866,0.225,0.417910447761194,-18.974358458428952,0.38571428571428573,0.1639757820383451,0.20930232558139536,0.17142857142857143,79.28,80.24,80.72653884964683,99.70089730807578,game_summary__c0d1f87a-6f5d-4e59-abbb-67a9520cc2fe__20260227T223204Z.json
2021,c0d1f87a-6f5d-4e59-abbb-67a9520cc2fe,2021-06-13 00:00:00+00:00,2021-06-13,6f017f37-be96-4bdc-b6d3-0a0429c72e89,6f017f37-be96-4bdc-b6d3-0a0429c72e89,0a5ad38d-2fe3-43ba-894b-1ba3d5042ea9,0a5ad38d-2fe3-43ba-894b-1ba3d5042ea9,1,0,0.12488543250944761,0.2680765960022148,0.09999752024055758,0.1178268618984678,0.17255928792830388,84beb1d7-2c2b-450b-8391-900a28551177,2021-06-08 23:00:00+00:00,-10.195360195360195,0.453125,0.23076923076923078,0.16666666666666666,0.390625,18.974358458428952,0.5258620689655172,0.2741774675972084,0.3333333333333333,0.3620689655172414,80.24,79.28,99.70089730807578,80.72653884964683,game_summary__c0d1f87a-6f5d-4e59-abbb-67a9520cc2fe__20260227T223204Z.json
2021,5a6a7a85-1816-45af-aeac-a0018f1068e1,2021-06-13 18:00:00+00:00,2021-06-13,a015b02d-845c-40c1-8ef4-844984f47e4d,a015b02d-845c-40c1-8ef4-844984f47e4d,d6a012ed-84aa-48d3-8265-2d3f3ff2199a,d6a012ed-84aa-48d3-8265-2d3f3ff2199a,1,0,6.098899536480705,0.31038442112294184,0.1096317084067686,0.18645562388149564,0.17154278858032723,8ccde6d8-ca24-4a06-af54-4b76b217dfd5,2021-06-05 23:00:00+00:00,21.979257792951714,0.4859154929577465,0.14405447878470404,0.42424242424242425,0.2676056338028169,-25.557198527486392,0.5,0.2450980392156863,0.18518518518518517,0.13333333333333333,77.52,80.4,85.13931888544892,110.69651741293531,game_summary__5a6a7a85-1816-45af-aeac-a0018f1068e1__20260227T223205Z.json
2021,5a6a7a85-1816-45af-aeac-a0018f1068e1,2021-06-13 18:00:00+00:00,2021-06-13,d6a012ed-84aa-48d3-8265-2d3f3ff2199a,d6a012ed-84aa-48d3-8265-2d3f3ff2199a,a015b02d-845c-40c1-8ef4-844984f47e4d,a015b02d-845c-40c1-8ef4-844984f47e4d,0,0,8.456793422385687,0.3562644554210502,0.10281119046174733,0.11433208094982851,0.19409507182854108,42342a81-debf-4c99-94f1-f323bd1a2249,2021-06-12 00:00:00+00:00,17.240056139930005,0.5901639344262295,0.1922091235263967,0.16666666666666666,0.26229508196721313,25.557198527486392,0.5555555555555556,0.12437810945273631,0.1875,0.1388888888888889,80.4,77.52,110.69651741293531,85.13931888544892,game_summary__5a6a7a85-1816-45af-aeac-a0018f1068e1__20260227T223205Z.json
2021,58503ee4-10e0-4095-ac9b-1f306d2dd9ed,2021-06-13 19:30:00+00:00,2021-06-13,5c0d47fe-8539-47b0-9f36-d0b3609ca89b,5c0d47fe-8539-47b0-9f36-d0b3609ca89b,5d70a9af-8c2b-4aec-9e68-9acc6ddb93e4,5d70a9af-8c2b-4aec-9e68-9acc6ddb93e4,0,0,2.2208769239528943,0.2803643785795902,0.08654074010971462,0.13893699146172908,0.14965431377879465,412c1595-5655-44ac-bd75-037aa5d24970,2021-06-10 23:00:00+00:00,22.71301692637317,0.5,0.1591576885406464,0.35294117647058826,0.30985915492957744,-20.61275570788044,0.4672131147540984,0.21952479338842976,0.34285714285714286,0.4262295081967213,77.44,83.24,100.72314049586777,121.3358962037482,game_summary__58503ee4-10e0-4095-ac9b-1f306d2dd9ed__20260227T223207Z.json
2021,58503ee4-10e0-4095-ac9b-1f306d2dd9ed,2021-06-13 19:30:00+00:00,2021-06-13,5d70a9af-8c2b-4aec-9e68-9acc6ddb93e4,5d70a9af-8c2b-4aec-9e68-9acc6ddb93e4,5c0d47fe-8539-47b0-9f36-d0b3609ca89b,5c0d47fe-8539-47b0-9f36-d0b3609ca89b,1,0,-6.889712402266104,0.2853134173990623,0.10095219190484443,0.17969249413767918,0.17006862732650052,42342a81-debf-4c99-94f1-f323bd1a2249,2021-06-12 00:00:00+00:00,-17.240056139930005,0.3888888888888889,0.08676251859196826,0.18181818181818182,0.3055555555555556,20.61275570788044,0.5985915492957746,0.15617491590581453,0.3225806451612903,0.29577464788732394,83.24,77.44,121.3358962037482,100.72314049586777,game_summary__58503ee4-10e0-4095-ac9b-1f306d2dd9ed__20260227T223207Z.json
2021,9758e4ed-3d63-4b0c-93aa-c0dce6e640fe,2021-06-13 22:00:00+00:00,2021-06-13,171b097d-01db-4ae8-9d56-035689402ec6,FR_LVA_ACES,5f0b5caf-708b-4300-92f2-53b51d83ec06,5f0b5caf-708b-4300-92f2-53b51d83ec06,1,0,7.371904954446177,0.3205904861672675,0.08328530650717077,0.10678218815248226,0.21764682361406157,beed162c-10c7-4626-a251-34531b543abc,2021-06-05 17:00:00+00:00,3.791169041359808,0.47368421052631576,0.130605137135394,0.21621621621621623,0.35526315789473684,6.385108947952233,0.5,0.18298261665141813,0.15384615384615385,0.40625,87.44,85.88,97.20951509606589,90.82440614811365,game_summary__9758e4ed-3d63-4b0c-93aa-c0dce6e640fe__20260227T223209Z.json
2021,9758e4ed-3d63-4b0c-93aa-c0dce6e640fe,2021-06-13 22:00:00+00:00,2021-06-13,5f0b5caf-708b-4300-92f2-53b51d83ec06,5f0b5caf-708b-4300-92f2-53b51d83ec06,171b097d-01db-4ae8-9d56-035689402ec6,FR_LVA_ACES,0,0,1.5567708108539555,0.29989703021947434,0.09903348509083522,0.1848644999184045,0.14723664698301742,377a66e8-adc0-4b1e-a0d7-698f2b2e8460,2021-06-12 02:00:00+00:00,20.54052411474821,0.4583333333333333,0.17658930373360243,0.34285714285714286,0.16666666666666666,-6.385108947952233,0.35714285714285715,0.128085700978109,0.27450980392156865,0.35064935064935066,85.88,87.44,90.82440614811365,97.20951509606589,game_summary__9758e4ed-3d63-4b0c-93aa-c0dce6e640fe__20260227T223209Z.json
2021,9f3c8560-a2d5-4621-afd0-f20a2abf3e78,2021-06-13 22:00:00+00:00,2021-06-13,0699edf3-5993-4182-b9b4-ec935cbd4fcc,0699edf3-5993-4182-b9b4-ec935cbd4fcc,08ed8274-e29f-4248-bc2e-83cc8ed18d75,08ed8274-e29f-4248-bc2e-83cc8ed18d75,1,0,-1.1913961644254178,0.30150094305326774,0.10728901776522504,0.15388686310056804,0.1858024551966309,377a66e8-adc0-4b1e-a0d7-698f2b2e8460,2021-06-12 02:00:00+00:00,-20.54052411474821,0.373015873015873,0.16874350986500516,0.18181818181818182,0.25396825396825395,-3.880541851328985,0.4230769230769231,0.17337031900138697,0.21621621621621623,0.5076923076923077,86.52,85.16,95.9315765141008,99.81211836542978,game_summary__9f3c8560-a2d5-4621-afd0-f20a2abf3e78__20260227T223210Z.json
2021,9f3c8560-a2d5-4621-afd0-f20a2abf3e78,2021-06-13 22:00:00+00:00,2021-06-13,08ed8274-e29f-4248-bc2e-83cc8ed18d75,08ed8274-e29f-4248-bc2e-83cc8ed18d75,0699edf3-5993-4182-b9b4-ec935cbd4fcc,0699edf3-5993-4182-b9b4-ec935cbd4fcc,0,0,-1.9649292032220826,0.3080594105392947,0.12051532284219359,0.10210663942735129,0.12466074856720294,8ccde6d8-ca24-4a06-af54-4b76b217dfd5,2021-06-05 23:00:00+00:00,-21.979257792951714,0.5363636363636364,0.23729759910664433,0.1111111111111111,0.10909090909090909,3.880541851328985,0.4868421052631579,0.11742602160638799,0.17073170731707318,0.18421052631578946,85.16,86.52,99.81211836542978,95.9315765141008,game_summary__9f3c8560-a2d5-4621-afd0-f20a2abf3e78__20260227T223210Z.json
2021,e7397ed4-631a-48ea-bc95-d6a30b1de4d4,2021-06-15 23:00:00+00:00,2021-06-15,d6a012ed-84aa-48d3-8265-2d3f3ff2199a,d6a012ed-84aa-48d3-8265-2d3f3ff2199a,f073a15f-0486-4179-b0a3-dfd0294eb595,f073a15f-0486-4179-b0a3-dfd0294eb595,0,0,10.068956955297365,0.3750528900865462,0.10484444055733494,0.12123008425131376,0.18889043519101423,5a6a7a85-1816-45af-aeac-a0018f1068e1,2021-06-13 18:00:00+00:00,25.557198527486392,0.5555555555555556,0.12437810945273631,0.1875,0.1388888888888889,20.028092212765046,0.5507246376811594,0.1254390366281987,0.15625,0.18840579710144928,79.72,78.56,109.13196186653286,89.10386965376782,game_summary__e7397ed4-631a-48ea-bc95-d6a30b1de4d4__20260227T223212Z.json
2021,e7397ed4-631a-48ea-bc95-d6a30b1de4d4,2021-06-15 23:00:00+00:00,2021-06-15,f073a15f-0486-4179-b0a3-dfd0294eb595,f073a15f-0486-4179-b0a3-dfd0294eb595,d6a012ed-84aa-48d3-8265-2d3f3ff2199a,d6a012ed-84aa-48d3-8265-2d3f3ff2199a,1,0,-14.306609500066662,0.31207634768835923,0.13213331067557477,0.19159612013722002,0.16254850072913626,6ee58313-0be5-49f2-a32c-3c881e492d50,2021-06-12 17:00:00+00:00,2.7596519034660076,0.5161290322580645,0.21606507371631925,0.3125,0.3548387096774194,-20.028092212765046,0.4453125,0.11456211812627291,0.13157894736842105,0.375,78.56,79.72,89.10386965376782,109.13196186653286,game_summary__e7397ed4-631a-48ea-bc95-d6a30b1de4d4__20260227T223212Z.json
2021,a07ca7a3-c8e4-4171-8c30-90ae6229e150,2021-06-16 01:00:00+00:00,2021-06-16,3c409388-ab73-4c7f-953d-3a71062240f6,3c409388-ab73-4c7f-953d-3a71062240f6,6f017f37-be96-4bdc-b6d3-0a0429c72e89,6f017f37-be96-4bdc-b6d3-0a0429c72e89,0,0,0.19624749469751357,0.2944803139261284,0.13256567276724088,0.18330594762083285,0.20481151609481602,6ee58313-0be5-49f2-a32c-3c881e492d50,2021-06-12 17:00:00+00:00,-2.7596519034660076,0.49206349206349204,0.18823529411764706,0.19230769230769232,0.3968253968253968,24.81162442367126,0.6571428571428571,0.1608455882352941,0.14814814814814814,0.22857142857142856,87.04,92.88,120.63419117647058,95.82256675279932,game_summary__a07ca7a3-c8e4-4171-8c30-90ae6229e150__20260227T223214Z.json
2021,a07ca7a3-c8e4-4171-8c30-90ae6229e150,2021-06-16 01:00:00+00:00,2021-06-16,6f017f37-be96-4bdc-b6d3-0a0429c72e89,6f017f37-be96-4bdc-b6d3-0a0429c72e89,3c409388-ab73-4c7f-953d-3a71062240f6,3c409388-ab73-4c7f-953d-3a71062240f6,1,0,1.901944679949469,0.29237966579919067,0.11641856743604824,0.138144022352762,0.19042556591791734,c0d1f87a-6f5d-4e59-abbb-67a9520cc2fe,2021-06-13 00:00:00+00:00,18.974358458428952,0.5258620689655172,0.2741774675972084,0.3333333333333333,0.3620689655172414,-24.81162442367126,0.4928571428571429,0.2153316106804479,0.2571428571428571,0.38571428571428573,92.88,87.04,95.82256675279932,120.63419117647058,game_summary__a07ca7a3-c8e4-4171-8c30-90ae6229e150__20260227T223214Z.json
2021,9a66680b-822c-445f-8e0b-168fad84b1ef,2021-06-16 02:00:00+00:00,2021-06-16,08ed8274-e29f-4248-bc2e-83cc8ed18d75,08ed8274-e29f-4248-bc2e-83cc8ed18d75,171b097d-01db-4ae8-9d56-035689402ec6,FR_LVA_ACES,0,0,-1.4138396115476108,0.3249143878908851,0.12022407484169685,0.1085763593676349,0.13027488340723842,9f3c8560-a2d5-4621-afd0-f20a2abf3e78,2021-06-13 22:00:00+00:00,3.880541851328985,0.4868421052631579,0.11742602160638799,0.17073170731707318,0.18421052631578946,-20.14918078575164,0.5491803278688525,0.2275994250119789,0.12121212121212122,0.2786885245901639,83.48,88.04,93.43555342597028,113.58473421172192,game_summary__9a66680b-822c-445f-8e0b-168fad84b1ef__20260227T223215Z.json
2021,9a66680b-822c-445f-8e0b-168fad84b1ef,2021-06-16 02:00:00+00:00,2021-06-16,171b097d-01db-4ae8-9d56-035689402ec6,FR_LVA_ACES,08ed8274-e29f-4248-bc2e-83cc8ed18d75,08ed8274-e29f-4248-bc2e-83cc8ed18d75,1,0,7.278873442834918,0.33750455772761145,0.09268440359031525,0.11121920638329083,0.23542763999191593,9758e4ed-3d63-4b0c-93aa-c0dce6e640fe,2021-06-13 22:00:00+00:00,6.385108947952233,0.5,0.18298261665141813,0.15384615384615385,0.40625,20.14918078575164,0.5902777777777778,0.1817355747387551,0.25925925925925924,0.2222222222222222,88.04,83.48,113.58473421172192,93.43555342597028,game_summary__9a66680b-822c-445f-8e0b-168fad84b1ef__20260227T223215Z.json
2021,e70135f7-b822-4a3e-9068-e025c490fd2f,2021-06-17 02:30:00+00:00,2021-06-17,0699edf3-5993-4182-b9b4-ec935cbd4fcc,0699edf3-5993-4182-b9b4-ec935cbd4fcc,0a5ad38d-2fe3-43ba-894b-1ba3d5042ea9,0a5ad38d-2fe3-43ba-894b-1ba3d5042ea9,0,0,-1.4449189660472057,0.31296268096342245,0.11351892070644336,0.15976304612111242,0.21614905100055487,9f3c8560-a2d5-4621-afd0-f20a2abf3e78,2021-06-13 22:00:00+00:00,-3.880541851328985,0.4230769230769231,0.17337031900138697,0.21621621621621623,0.5076923076923077,-11.96028384897319,0.46825396825396826,0.1422659079151578,0.3,0.4444444444444444,77.32,73.64,103.46611484738747,115.42639869636066,game_summary__e70135f7-b822-4a3e-9068-e025c490fd2f__20260227T223217Z.json
2021,e70135f7-b822-4a3e-9068-e025c490fd2f,2021-06-17 02:30:00+00:00,2021-06-17,0a5ad38d-2fe3-43ba-894b-1ba3d5042ea9,0a5ad38d-2fe3-43ba-894b-1ba3d5042ea9,0699edf3-5993-4182-b9b4-ec935cbd4fcc,0699edf3-5993-4182-b9b4-ec935cbd4fcc,1,0,-2.490343017431437,0.26193198935509626,0.09488733054686736,0.1059022751265678,0.1448811457051113,c0d1f87a-6f5d-4e59-abbb-67a9520cc2fe,2021-06-13 00:00:00+00:00,-18.974358458428952,0.38571428571428573,0.1639757820383451,0.20930232558139536,0.17142857142857143,11.96028384897319,0.50625,0.06789788158609451,0.32558139534883723,0.075,73.64,77.32,115.42639869636066,103.46611484738747,game_summary__e70135f7-b822-4a3e-9068-e025c490fd2f__20260227T223217Z.json
2021,b397bf2b-2a9f-4ca3-b8ab-7cb40d1db344,2021-06-17 23:00:00+00:00,2021-06-17,5c0d47fe-8539-47b0-9f36-d0b3609ca89b,5c0d47fe-8539-47b0-9f36-d0b3609ca89b,5d70a9af-8c2b-4aec-9e68-9acc6ddb93e4,5d70a9af-8c2b-4aec-9e68-9acc6ddb93e4,1,0,0.06820570787955971,0.2979797927630428,0.09907798936416529,0.15816183611803808,0.17572880966401438,58503ee4-10e0-4095-ac9b-1f306d2dd9ed,2021-06-13 19:30:00+00:00,-20.61275570788044,0.4672131147540984,0.21952479338842976,0.34285714285714286,0.4262295081967213,2.7844047083840593,0.5895522388059702,0.17482517482517482,0.14705882352941177,0.29850746268656714,85.8,85.24,111.8881118881119,109.10370717972783,game_summary__b397bf2b-2a9f-4ca3-b8ab-7cb40d1db344__20260227T223219Z.json
2021,b397bf2b-2a9f-4ca3-b8ab-7cb40d1db344,2021-06-17 23:00:00+00:00,2021-06-17,5d70a9af-8c2b-4aec-9e68-9acc6ddb93e4,5d70a9af-8c2b-4aec-9e68-9acc6ddb93e4,5c0d47fe-8539-47b0-9f36-d0b3609ca89b,5c0d47fe-8539-47b0-9f36-d0b3609ca89b,0,0,-4.296880485142729,0.31484813174053283,0.1061583879730215,0.19316346543629076,0.18191973032494096,58503ee4-10e0-4095-ac9b-1f306d2dd9ed,2021-06-13 19:30:00+00:00,20.61275570788044,0.5985915492957746,0.15617491590581453,0.3225806451612903,0.29577464788732394,-2.7844047083840593,0.5428571428571428,0.1642421398404505,0.23529411764705882,0.3,85.24,85.8,109.10370717972783,111.8881118881119,game_summary__b397bf2b-2a9f-4ca3-b8ab-7cb40d1db344__20260227T223219Z.json
2021,c131eee2-1f3b-4f91-84ff-93f33ac11a8d,2021-06-17 23:00:00+00:00,2021-06-17,d6a012ed-84aa-48d3-8265-2d3f3ff2199a,d6a012ed-84aa-48d3-8265-2d3f3ff2199a,f073a15f-0486-4179-b0a3-dfd0294eb595,f073a15f-0486-4179-b0a3-dfd0294eb595,0,0,11.007867734471551,0.3916145787421222,0.10678602361086091,0.1245316335858866,0.1888447452877719,e7397ed4-631a-48ea-bc95-d6a30b1de4d4,2021-06-15 23:00:00+00:00,20.028092212765046,0.5507246376811594,0.1254390366281987,0.15625,0.18840579710144928,8.697256777976236,0.4722222222222222,0.1773049645390071,0.23684210526315788,0.20833333333333334,84.6,81.48,93.3806146572104,84.68335787923417,game_summary__c131eee2-1f3b-4f91-84ff-93f33ac11a8d__20260227T223221Z.json
2021,c131eee2-1f3b-4f91-84ff-93f33ac11a8d,2021-06-17 23:00:00+00:00,2021-06-17,f073a15f-0486-4179-b0a3-dfd0294eb595,f073a15f-0486-4179-b0a3-dfd0294eb595,d6a012ed-84aa-48d3-8265-2d3f3ff2199a,d6a012ed-84aa-48d3-8265-2d3f3ff2199a,1,0,-14.846009925197269,0.3246373639158767,0.13047676302751324,0.1859379210073376,0.1825776496020326,e7397ed4-631a-48ea-bc95-d6a30b1de4d4,2021-06-15 23:00:00+00:00,-20.028092212765046,0.4453125,0.11456211812627291,0.13157894736842105,0.375,-8.697256777976236,0.43548387096774194,0.1840942562592047,0.08823529411764706,0.27419354838709675,81.48,84.6,84.68335787923417,93.3806146572104,game_summary__c131eee2-1f3b-4f91-84ff-93f33ac11a8d__20260227T223221Z.json
2021,7e59c4ea-8511-40c6-ad3c-d067311f02d6,2021-06-18 00:00:00+00:00,2021-06-18,3c409388-ab73-4c7f-953d-3a71062240f6,3c409388-ab73-4c7f-953d-3a71062240f6,a015b02d-845c-40c1-8ef4-844984f47e4d,a015b02d-845c-40c1-8ef4-844984f47e4d,1,0,2.5168950343239276,0.32867080960933415,0.1352317995724954,0.17999139911400378,0.20705151358052132,a07ca7a3-c8e4-4171-8c30-90ae6229e150,2021-06-16 01:00:00+00:00,24.81162442367126,0.6571428571428571,0.1608455882352941,0.14814814814814814,0.22857142857142856,5.42255266175377,0.4485294117647059,0.15939185875429132,0.2777777777777778,0.35294117647058826,81.56,79.88,99.31338891613535,93.89083625438158,game_summary__7e59c4ea-8511-40c6-ad3c-d067311f02d6__20260227T223222Z.json
2021,7e59c4ea-8511-40c6-ad3c-d067311f02d6,2021-06-18 00:00:00+00:00,2021-06-18,a015b02d-845c-40c1-8ef4-844984f47e4d,a015b02d-845c-40c1-8ef4-844984f47e4d,3c409388-ab73-4c7f-953d-3a71062240f6,3c409388-ab73-4c7f-953d-3a71062240f6,0,0,3.11447860730745,0.32826068309794904,0.1224029776910468,0.18633585157643015,0.1679405411491684,5a6a7a85-1816-45af-aeac-a0018f1068e1,2021-06-13 18:00:00+00:00,-25.557198527486392,0.5,0.2450980392156863,0.18518518518518517,0.13333333333333333,-5.42255266175377,0.43548387096774194,0.17526289434151227,0.2222222222222222,0.43548387096774194,79.88,81.56,93.89083625438158,99.31338891613535,game_summary__7e59c4ea-8511-40c6-ad3c-d067311f02d6__20260227T223222Z.json
2021,a9ce6c2e-3ee0-44a1-8645-1365d3725767,2021-06-18 00:00:00+00:00,2021-06-18,5f0b5caf-708b-4300-92f2-53b51d83ec06,5f0b5caf-708b-4300-92f2-53b51d83ec06,6f017f37-be96-4bdc-b6d3-0a0429c72e89,6f017f37-be96-4bdc-b6d3-0a0429c72e89,1,0,0.8080394883370597,0.30529395701799344,0.10177242154970131,0.19331593069577097,0.1664136513268511,9758e4ed-3d63-4b0c-93aa-c0dce6e640fe,2021-06-13 22:00:00+00:00,-6.385108947952233,0.35714285714285715,0.128085700978109,0.27450980392156865,0.35064935064935066,-17.493410373977056,0.3933333333333333,0.1413094677343382,0.23255813953488372,0.24,84.92,82.16,85.96325953838907,103.45666991236612,game_summary__a9ce6c2e-3ee0-44a1-8645-1365d3725767__20260227T223224Z.json
2021,a9ce6c2e-3ee0-44a1-8645-1365d3725767,2021-06-18 00:00:00+00:00,2021-06-18,6f017f37-be96-4bdc-b6d3-0a0429c72e89,6f017f37-be96-4bdc-b6d3-0a0429c72e89,5f0b5caf-708b-4300-92f2-53b51d83ec06,5f0b5caf-708b-4300-92f2-53b51d83ec06,0,0,-0.6165127295728077,0.31127994773383116,0.12574372670963596,0.1493627964536369,0.20883667083091162,a07ca7a3-c8e4-4171-8c30-90ae6229e150,2021-06-16 01:00:00+00:00,-24.81162442367126,0.4928571428571429,0.2153316106804479,0.2571428571428571,0.38571428571428573,17.493410373977056,0.5367647058823529,0.18257059396299904,0.22580645161290322,0.20588235294117646,82.16,84.92,103.45666991236612,85.96325953838907,game_summary__a9ce6c2e-3ee0-44a1-8645-1365d3725767__20260227T223224Z.json
2021,bc8ffd94-6461-4e66-9bb8-a35cf08348d7,2021-06-18 02:00:00+00:00,2021-06-18,08ed8274-e29f-4248-bc2e-83cc8ed18d75,08ed8274-e29f-4248-bc2e-83cc8ed18d75,171b097d-01db-4ae8-9d56-035689402ec6,FR_LVA_ACES,0,0,-3.180138926217122,0.3460573589424185,0.13034702940413095,0.10976761269356702,0.14426677767121598,9a66680b-822c-445f-8e0b-168fad84b1ef,2021-06-16 02:00:00+00:00,-20.14918078575164,0.5491803278688525,0.2275994250119789,0.12121212121212122,0.2786885245901639,-35.3747325836933,0.37349397590361444,0.11782347900599828,0.1956521739130435,0.2289156626506024,93.36,88.2,81.40531276778063,116.78004535147393,game_summary__bc8ffd94-6461-4e66-9bb8-a35cf08348d7__20260227T223226Z.json
2021,bc8ffd94-6461-4e66-9bb8-a35cf08348d7,2021-06-18 02:00:00+00:00,2021-06-18,171b097d-01db-4ae8-9d56-035689402ec6,FR_LVA_ACES,08ed8274-e29f-4248-bc2e-83cc8ed18d75,08ed8274-e29f-4248-bc2e-83cc8ed18d75,1,0,8.492238858922441,0.3613350906861543,0.10107982169919787,0.12517588011061462,0.23418268159272493,9a66680b-822c-445f-8e0b-168fad84b1ef,2021-06-16 02:00:00+00:00,20.14918078575164,0.5902777777777778,0.1817355747387551,0.25925925925925924,0.2222222222222222,35.3747325836933,0.512987012987013,0.1473922902494331,0.35714285714285715,0.38961038961038963,88.2,93.36,116.78004535147393,81.40531276778063,game_summary__bc8ffd94-6461-4e66-9bb8-a35cf08348d7__20260227T223226Z.json
2021,e2ad6d33-5505-4c3e-88f7-888d2962231d,2021-06-19 02:30:00+00:00,2021-06-19,0699edf3-5993-4182-b9b4-ec935cbd4fcc,0699edf3-5993-4182-b9b4-ec935cbd4fcc,0a5ad38d-2fe3-43ba-894b-1ba3d5042ea9,0a5ad38d-2fe3-43ba-894b-1ba3d5042ea9,0,0,-2.4362690361374613,0.327602974500916,0.1162290813239333,0.17298407226760545,0.23767190415987452,e70135f7-b822-4a3e-9068-e025c490fd2f,2021-06-17 02:30:00+00:00,-11.96028384897319,0.46825396825396826,0.1422659079151578,0.3,0.4444444444444444,15.488079467800787,0.5,0.18834756403817177,0.14814814814814814,0.5636363636363636,79.64,77.68,100.45203415369161,84.96395468589083,game_summary__e2ad6d33-5505-4c3e-88f7-888d2962231d__20260227T223228Z.json
2021,e2ad6d33-5505-4c3e-88f7-888d2962231d,2021-06-19 02:30:00+00:00,2021-06-19,0a5ad38d-2fe3-43ba-894b-1ba3d5042ea9,0a5ad38d-2fe3-43ba-894b-1ba3d5042ea9,0699edf3-5993-4182-b9b4-ec935cbd4fcc,0699edf3-5993-4182-b9b4-ec935cbd4fcc,1,0,-1.1279908673772647,0.2849653961530296,0.09234286419530938,0.12661281761885207,0.13829300735099337,e70135f7-b822-4a3e-9068-e025c490fd2f,2021-06-17 02:30:00+00:00,11.96028384897319,0.50625,0.06789788158609451,0.32558139534883723,0.075,-15.488079467800787,0.4166666666666667,0.16735324407826982,0.14705882352941177,0.36666666666666664,77.68,79.64,84.96395468589083,100.45203415369161,game_summary__e2ad6d33-5505-4c3e-88f7-888d2962231d__20260227T223228Z.json
2021,877d05c4-c09a-42ee-a71f-73c6651c9362,2021-06-19 18:00:00+00:00,2021-06-19,3c409388-ab73-4c7f-953d-3a71062240f6,3c409388-ab73-4c7f-953d-3a71062240f6,a015b02d-845c-40c1-8ef4-844984f47e4d,a015b02d-845c-40c1-8ef4-844984f47e4d,1,0,2.7908297883416435,0.3399706394269928,0.13750952142332226,0.1892103405793265,0.22080545641957072,7e59c4ea-8511-40c6-ad3c-d067311f02d6,2021-06-18 00:00:00+00:00,5.42255266175377,0.4485294117647059,0.15939185875429132,0.2777777777777778,0.35294117647058826,15.583683731414467,0.5546875,0.14955134596211367,0.1724137931034483,0.328125,80.24,82.8,113.4097706879362,97.82608695652173,game_summary__877d05c4-c09a-42ee-a71f-73c6651c9362__20260227T223230Z.json
2021,877d05c4-c09a-42ee-a71f-73c6651c9362,2021-06-19 18:00:00+00:00,2021-06-19,a015b02d-845c-40c1-8ef4-844984f47e4d,a015b02d-845c-40c1-8ef4-844984f47e4d,3c409388-ab73-4c7f-953d-3a71062240f6,3c409388-ab73-4c7f-953d-3a71062240f6,0,0,2.309638581195908,0.33836929235625585,0.127386416940168,0.1897190871037827,0.1931635459350966,7e59c4ea-8511-40c6-ad3c-d067311f02d6,2021-06-18 00:00:00+00:00,-5.42255266175377,0.43548387096774194,0.17526289434151227,0.2222222222222222,0.43548387096774194,-15.583683731414467,0.5079365079365079,0.22946859903381644,0.25,0.31746031746031744,82.8,80.24,97.82608695652173,113.4097706879362,game_summary__877d05c4-c09a-42ee-a71f-73c6651c9362__20260227T223230Z.json
2021,1c471ec0-ed95-4b30-852b-714308785ad8,2021-06-19 23:00:00+00:00,2021-06-19,5c0d47fe-8539-47b0-9f36-d0b3609ca89b,5c0d47fe-8539-47b0-9f36-d0b3609ca89b,f073a15f-0486-4179-b0a3-dfd0294eb595,f073a15f-0486-4179-b0a3-dfd0294eb595,1,0,0.32427899677716293,0.3254681745775798,0.10621915645175155,0.15711508477555067,0.18730393117759386,b397bf2b-2a9f-4ca3-b8ab-7cb40d1db344,2021-06-17 23:00:00+00:00,2.7844047083840593,0.5895522388059702,0.17482517482517482,0.14705882352941177,0.29850746268656714,4.507548700654908,0.41358024691358025,0.11978917105893627,0.3333333333333333,0.20987654320987653,83.48,82.16,98.22712026832774,93.71957156767283,game_summary__1c471ec0-ed95-4b30-852b-714308785ad8__20260227T223231Z.json
2021,1c471ec0-ed95-4b30-852b-714308785ad8,2021-06-19 23:00:00+00:00,2021-06-19,f073a15f-0486-4179-b0a3-dfd0294eb595,f073a15f-0486-4179-b0a3-dfd0294eb595,5c0d47fe-8539-47b0-9f36-d0b3609ca89b,5c0d47fe-8539-47b0-9f36-d0b3609ca89b,0,0,-14.266328009131499,0.3350875664298716,0.1355316238207519,0.17672687535238688,0.19121486083465725,c131eee2-1f3b-4f91-84ff-93f33ac11a8d,2021-06-17 23:00:00+00:00,-8.697256777976236,0.43548387096774194,0.1840942562592047,0.08823529411764706,0.27419354838709675,-4.507548700654908,0.47761194029850745,0.18257059396299904,0.1935483870967742,0.208955223880597,82.16,83.48,93.71957156767283,98.22712026832774,game_summary__1c471ec0-ed95-4b30-852b-714308785ad8__20260227T223231Z.json
2021,044708e4-4ade-4361-a774-f5e7a54d2add,2021-06-20 00:00:00+00:00,2021-06-20,5f0b5caf-708b-4300-92f2-53b51d83ec06,5f0b5caf-708b-4300-92f2-53b51d83ec06,6f017f37-be96-4bdc-b6d3-0a0429c72e89,6f017f37-be96-4bdc-b6d3-0a0429c72e89,1,0,-0.9173541433397441,0.3135939868174947,0.10549982938981757,0.19701554235131305,0.1733511026399541,a9ce6c2e-3ee0-44a1-8645-1365d3725767,2021-06-18 00:00:00+00:00,-17.493410373977056,0.3933333333333333,0.1413094677343382,0.23255813953488372,0.24,31.01782339031037,0.6328125,0.19695378151260506,0.3,0.21875,76.16,82.16,124.7373949579832,93.71957156767283,game_summary__044708e4-4ade-4361-a774-f5e7a54d2add__20260227T223233Z.json
2021,044708e4-4ade-4361-a774-f5e7a54d2add,2021-06-20 00:00:00+00:00,2021-06-20,6f017f37-be96-4bdc-b6d3-0a0429c72e89,6f017f37-be96-4bdc-b6d3-0a0429c72e89,5f0b5caf-708b-4300-92f2-53b51d83ec06,5f0b5caf-708b-4300-92f2-53b51d83ec06,0,0,1.090824461092292,0.332537824496413,0.13110115552564444,0.15656962415232603,0.2085581485656678,a9ce6c2e-3ee0-44a1-8645-1365d3725767,2021-06-18 00:00:00+00:00,17.493410373977056,0.5367647058823529,0.18257059396299904,0.22580645161290322,0.20588235294117646,-31.01782339031037,0.48507462686567165,0.17039922103213243,0.1388888888888889,0.208955223880597,82.16,76.16,93.71957156767283,124.7373949579832,game_summary__044708e4-4ade-4361-a774-f5e7a54d2add__20260227T223233Z.json
2021,4bdbec54-2d6a-4f8d-a760-d90d6e4706ed,2021-06-20 20:00:00+00:00,2021-06-20,08ed8274-e29f-4248-bc2e-83cc8ed18d75,08ed8274-e29f-4248-bc2e-83cc8ed18d75,0a5ad38d-2fe3-43ba-894b-1ba3d5042ea9,0a5ad38d-2fe3-43ba-894b-1ba3d5042ea9,0,0,-6.215327246756446,0.34864398265451485,0.1291663549621887,0.11786449442164146,0.15224716437121857,bc8ffd94-6461-4e66-9bb8-a35cf08348d7,2021-06-18 02:00:00+00:00,-35.3747325836933,0.37349397590361444,0.11782347900599828,0.1956521739130435,0.2289156626506024,1.030408499725226,0.5087719298245614,0.3537735849056604,0.36666666666666664,0.3508771929824561,84.8,82.4,89.62264150943396,88.59223300970874,game_summary__4bdbec54-2d6a-4f8d-a760-d90d6e4706ed__20260227T223235Z.json
2021,4bdbec54-2d6a-4f8d-a760-d90d6e4706ed,2021-06-20 20:00:00+00:00,2021-06-20,0a5ad38d-2fe3-43ba-894b-1ba3d5042ea9,0a5ad38d-2fe3-43ba-894b-1ba3d5042ea9,08ed8274-e29f-4248-bc2e-83cc8ed18d75,08ed8274-e29f-4248-bc2e-83cc8ed18d75,1,0,-2.4818074014708387,0.29738170934884334,0.09941456795284725,0.12854039213653815,0.15982323912991797,e2ad6d33-5505-4c3e-88f7-888d2962231d,2021-06-19 02:30:00+00:00,-15.488079467800787,0.4166666666666667,0.16735324407826982,0.14705882352941177,0.36666666666666664,-1.030408499725226,0.5,0.21844660194174756,0.22857142857142856,0.14705882352941177,82.4,84.8,88.59223300970874,89.62264150943396,game_summary__4bdbec54-2d6a-4f8d-a760-d90d6e4706ed__20260227T223235Z.json
2021,932ea61f-485b-4878-9f59-e85aebffbc42,2021-06-22 23:00:00+00:00,2021-06-22,5f0b5caf-708b-4300-92f2-53b51d83ec06,5f0b5caf-708b-4300-92f2-53b51d83ec06,a015b02d-845c-40c1-8ef4-844984f47e4d,a015b02d-845c-40c1-8ef4-844984f47e4d,0,0,2.0933773756143976,0.3436887385394651,0.11412177288453809,0.20672453965620013,0.17763114432951824,044708e4-4ade-4361-a774-f5e7a54d2add,2021-06-20 00:00:00+00:00,31.01782339031037,0.6328125,0.19695378151260506,0.3,0.21875,-6.833157542558396,0.4918032786885246,0.16501650165016502,0.1935483870967742,0.21311475409836064,72.72,77.6,96.25962596259626,103.09278350515466,game_summary__932ea61f-485b-4878-9f59-e85aebffbc42__20260227T223237Z.json
2021,932ea61f-485b-4878-9f59-e85aebffbc42,2021-06-22 23:00:00+00:00,2021-06-22,a015b02d-845c-40c1-8ef4-844984f47e4d,a015b02d-845c-40c1-8ef4-844984f47e4d,5f0b5caf-708b-4300-92f2-53b51d83ec06,5f0b5caf-708b-4300-92f2-53b51d83ec06,1,0,0.6227217194181229,0.3543554681021342,0.13701035101190182,0.1954021506864647,0.2048817900983208,877d05c4-c09a-42ee-a71f-73c6651c9362,2021-06-19 18:00:00+00:00,-15.583683731414467,0.5079365079365079,0.22946859903381644,0.25,0.31746031746031744,6.833157542558396,0.4647887323943662,0.15463917525773196,0.36363636363636365,0.2112676056338028,77.6,72.72,103.09278350515466,96.25962596259626,game_summary__932ea61f-485b-4878-9f59-e85aebffbc42__20260227T223237Z.json
2021,bf26efee-685e-4b62-8c37-db82d9886257,2021-06-22 23:00:00+00:00,2021-06-22,08ed8274-e29f-4248-bc2e-83cc8ed18d75,08ed8274-e29f-4248-bc2e-83cc8ed18d75,3c409388-ab73-4c7f-953d-3a71062240f6,3c409388-ab73-4c7f-953d-3a71062240f6,1,0,-5.532225830866127,0.3637402587626496,0.15034150158109333,0.14132065154408277,0.17097327563584142,4bdbec54-2d6a-4f8d-a760-d90d6e4706ed,2021-06-20 20:00:00+00:00,1.030408499725226,0.5087719298245614,0.3537735849056604,0.36666666666666664,0.3508771929824561,-18.664258982797904,0.47058823529411764,0.1863932898415657,0.07894736842105263,0.16176470588235295,85.84,89.72,83.87698042870456,102.54123941150246,game_summary__bf26efee-685e-4b62-8c37-db82d9886257__20260227T223238Z.json
2021,bf26efee-685e-4b62-8c37-db82d9886257,2021-06-22 23:00:00+00:00,2021-06-22,3c409388-ab73-4c7f-953d-3a71062240f6,3c409388-ab73-4c7f-953d-3a71062240f6,08ed8274-e29f-4248-bc2e-83cc8ed18d75,08ed8274-e29f-4248-bc2e-83cc8ed18d75,0,0,3.996893181701582,0.36021335826257356,0.1386447805164165,0.18762682363028338,0.2309231497412036,877d05c4-c09a-42ee-a71f-73c6651c9362,2021-06-19 18:00:00+00:00,15.583683731414467,0.5546875,0.14955134596211367,0.1724137931034483,0.328125,18.664258982797904,0.49375,0.12260365581810076,0.19444444444444445,0.1625,89.72,85.84,102.54123941150246,83.87698042870456,game_summary__bf26efee-685e-4b62-8c37-db82d9886257__20260227T223238Z.json
2021,4ab7eec4-180b-4714-932b-02ef682012b0,2021-06-23 02:00:00+00:00,2021-06-23,5c0d47fe-8539-47b0-9f36-d0b3609ca89b,5c0d47fe-8539-47b0-9f36-d0b3609ca89b,d6a012ed-84aa-48d3-8265-2d3f3ff2199a,d6a012ed-84aa-48d3-8265-2d3f3ff2199a,0,0,0.7186623358545687,0.3337750578915315,0.10749848770480219,0.17372829553941052,0.18943199432798993,1c471ec0-ed95-4b30-852b-714308785ad8,2021-06-19 23:00:00+00:00,4.507548700654908,0.41358024691358025,0.11978917105893627,0.3333333333333333,0.20987654320987653,5.511309287942325,0.5454545454545454,0.09433962264150943,0.3076923076923077,0.06493506493506493,74.2,74.28,117.25067385444743,111.7393645665051,game_summary__4ab7eec4-180b-4714-932b-02ef682012b0__20260227T223240Z.json
2021,4ab7eec4-180b-4714-932b-02ef682012b0,2021-06-23 02:00:00+00:00,2021-06-23,d6a012ed-84aa-48d3-8265-2d3f3ff2199a,d6a012ed-84aa-48d3-8265-2d3f3ff2199a,5c0d47fe-8539-47b0-9f36-d0b3609ca89b,5c0d47fe-8539-47b0-9f36-d0b3609ca89b,1,0,10.790031800181502,0.3992139720017474,0.11343429096155655,0.13511985332041204,0.19068205795737767,c131eee2-1f3b-4f91-84ff-93f33ac11a8d,2021-06-17 23:00:00+00:00,8.697256777976236,0.4722222222222222,0.1773049645390071,0.23684210526315788,0.20833333333333334,-5.511309287942325,0.5070422535211268,0.0942380183091007,0.25,0.16901408450704225,74.28,74.2,111.7393645665051,117.25067385444743,game_summary__4ab7eec4-180b-4714-932b-02ef682012b0__20260227T223240Z.json
2021,5e721480-8310-45f9-970d-3ec811413604,2021-06-23 23:00:00+00:00,2021-06-23,5d70a9af-8c2b-4aec-9e68-9acc6ddb93e4,5d70a9af-8c2b-4aec-9e68-9acc6ddb93e4,6f017f37-be96-4bdc-b6d3-0a0429c72e89,6f017f37-be96-4bdc-b6d3-0a0429c72e89,1,0,-4.154289811020321,0.33634398582341696,0.11163431126488718,0.1971353889488937,0.19305190547263526,b397bf2b-2a9f-4ca3-b8ab-7cb40d1db344,2021-06-17 23:00:00+00:00,-2.7844047083840593,0.5428571428571428,0.1642421398404505,0.23529411764705882,0.3,-7.793323514973011,0.5144927536231884,0.13500245459008345,0.2,0.2463768115942029,81.48,77.6,104.32007854688266,112.11340206185567,game_summary__5e721480-8310-45f9-970d-3ec811413604__20260227T223242Z.json
2021,5e721480-8310-45f9-970d-3ec811413604,2021-06-23 23:00:00+00:00,2021-06-23,6f017f37-be96-4bdc-b6d3-0a0429c72e89,6f017f37-be96-4bdc-b6d3-0a0429c72e89,5d70a9af-8c2b-4aec-9e68-9acc6ddb93e4,5d70a9af-8c2b-4aec-9e68-9acc6ddb93e4,0,0,-1.9362612037785358,0.3469184352886873,0.1348060331431131,0.15490274921856925,0.20859558337137057,044708e4-4ade-4361-a774-f5e7a54d2add,2021-06-20 00:00:00+00:00,-31.01782339031037,0.48507462686567165,0.17039922103213243,0.1388888888888889,0.208955223880597,7.793323514973011,0.5769230769230769,0.21907216494845363,0.34375,0.23076923076923078,77.6,81.48,112.11340206185567,104.32007854688266,game_summary__5e721480-8310-45f9-970d-3ec811413604__20260227T223242Z.json
2021,4683ea41-264a-4c6b-b27c-1ed5c780df8f,2021-06-24 23:00:00+00:00,2021-06-24,08ed8274-e29f-4248-bc2e-83cc8ed18d75,08ed8274-e29f-4248-bc2e-83cc8ed18d75,3c409388-ab73-4c7f-953d-3a71062240f6,3c409388-ab73-4c7f-953d-3a71062240f6,1,0,-6.770265797195155,0.3738134944708525,0.15374033207502416,0.13544032696341357,0.1701051254221123,bf26efee-685e-4b62-8c37-db82d9886257,2021-06-22 23:00:00+00:00,-18.664258982797904,0.47058823529411764,0.1863932898415657,0.07894736842105263,0.16176470588235295,-26.412956367157193,0.40298507462686567,0.24160147261849976,0.23076923076923078,0.26865671641791045,86.92,86.96,78.23285780027611,104.6458141674333,game_summary__4683ea41-264a-4c6b-b27c-1ed5c780df8f__20260227T223243Z.json
2021,4683ea41-264a-4c6b-b27c-1ed5c780df8f,2021-06-24 23:00:00+00:00,2021-06-24,3c409388-ab73-4c7f-953d-3a71062240f6,3c409388-ab73-4c7f-953d-3a71062240f6,08ed8274-e29f-4248-bc2e-83cc8ed18d75,08ed8274-e29f-4248-bc2e-83cc8ed18d75,0,0,5.379678684329831,0.3728027035320816,0.1371324820587735,0.1882695639390806,0.2244724659040809,bf26efee-685e-4b62-8c37-db82d9886257,2021-06-22 23:00:00+00:00,18.664258982797904,0.49375,0.12260365581810076,0.19444444444444445,0.1625,26.412956367157193,0.5608108108108109,0.1609935602575897,0.15151515151515152,0.12162162162162163,86.96,86.92,104.6458141674333,78.23285780027611,game_summary__4683ea41-264a-4c6b-b27c-1ed5c780df8f__20260227T223243Z.json
2021,b8c39903-5383-42a6-83a3-81c66792f93a,2021-06-24 23:00:00+00:00,2021-06-24,5f0b5caf-708b-4300-92f2-53b51d83ec06,5f0b5caf-708b-4300-92f2-53b51d83ec06,f073a15f-0486-4179-b0a3-dfd0294eb595,f073a15f-0486-4179-b0a3-dfd0294eb595,0,0,1.2518163727087792,0.3576524346539549,0.11891994142084375,0.2054823402737977,0.18097640903721413,932ea61f-485b-4878-9f59-e85aebffbc42,2021-06-22 23:00:00+00:00,-6.833157542558396,0.4918032786885246,0.16501650165016502,0.1935483870967742,0.21311475409836064,37.75457088945279,0.5294117647058824,0.1656472986748216,0.3333333333333333,0.25,78.48,84.6,113.4046890927625,75.6501182033097,game_summary__b8c39903-5383-42a6-83a3-81c66792f93a__20260227T223245Z.json
2021,b8c39903-5383-42a6-83a3-81c66792f93a,2021-06-24 23:00:00+00:00,2021-06-24,f073a15f-0486-4179-b0a3-dfd0294eb595,f073a15f-0486-4179-b0a3-dfd0294eb595,5f0b5caf-708b-4300-92f2-53b51d83ec06,5f0b5caf-708b-4300-92f2-53b51d83ec06,1,0,-13.34630605467112,0.3485242421512876,0.13996628556256246,0.1783127458411894,0.19288735725725645,1c471ec0-ed95-4b30-852b-714308785ad8,2021-06-19 23:00:00+00:00,-4.507548700654908,0.47761194029850745,0.18257059396299904,0.1935483870967742,0.208955223880597,-37.75457088945279,0.3923076923076923,0.2600472813238771,0.2727272727272727,0.23076923076923078,84.6,78.48,75.6501182033097,113.4046890927625,game_summary__b8c39903-5383-42a6-83a3-81c66792f93a__20260227T223245Z.json
2021,455d5c10-fc9e-4846-a8ca-4a53bfe044d6,2021-06-25 02:30:00+00:00,2021-06-25,0a5ad38d-2fe3-43ba-894b-1ba3d5042ea9,0a5ad38d-2fe3-43ba-894b-1ba3d5042ea9,5c0d47fe-8539-47b0-9f36-d0b3609ca89b,5c0d47fe-8539-47b0-9f36-d0b3609ca89b,1,0,-2.344974831322872,0.3164838193445451,0.11063647195253488,0.13797095171150325,0.15861985679928964,4bdbec54-2d6a-4f8d-a760-d90d6e4706ed,2021-06-20 20:00:00+00:00,-1.030408499725226,0.5,0.21844660194174756,0.22857142857142856,0.14705882352941177,12.532206313843304,0.59375,0.14527845036319614,0.0,0.234375,82.6,86.12,107.74818401937047,95.21597770552717,game_summary__455d5c10-fc9e-4846-a8ca-4a53bfe044d6__20260227T223247Z.json
2021,455d5c10-fc9e-4846-a8ca-4a53bfe044d6,2021-06-25 02:30:00+00:00,2021-06-25,5c0d47fe-8539-47b0-9f36-d0b3609ca89b,5c0d47fe-8539-47b0-9f36-d0b3609ca89b,0a5ad38d-2fe3-43ba-894b-1ba3d5042ea9,0a5ad38d-2fe3-43ba-894b-1ba3d5042ea9,0,0,1.170495528974158,0.3537314243294664,0.10625791812418925,0.18635793172569115,0.17769488001442985,4ab7eec4-180b-4714-932b-02ef682012b0,2021-06-23 02:00:00+00:00,5.511309287942325,0.5454545454545454,0.09433962264150943,0.3076923076923077,0.06493506493506493,-12.532206313843304,0.4846153846153846,0.24384579656293542,0.3125,0.35384615384615387,86.12,82.6,95.21597770552717,107.74818401937047,game_summary__455d5c10-fc9e-4846-a8ca-4a53bfe044d6__20260227T223247Z.json
2021,7a5d8f73-c31b-49d2-98b8-61bfa0c6a853,2021-06-26 00:00:00+00:00,2021-06-26,171b097d-01db-4ae8-9d56-035689402ec6,FR_LVA_ACES,6f017f37-be96-4bdc-b6d3-0a0429c72e89,6f017f37-be96-4bdc-b6d3-0a0429c72e89,0,0,11.02662186274236,0.37563227822801404,0.1054459915330071,0.14704487671699296,0.24883583637648976,bc8ffd94-6461-4e66-9bb8-a35cf08348d7,2021-06-18 02:00:00+00:00,35.3747325836933,0.512987012987013,0.1473922902494331,0.35714285714285715,0.38961038961038963,-1.4802438980140806,0.41025641025641024,0.17086715079026057,0.2978723404255319,0.3974358974358974,93.64,93.24,95.04485262708245,96.52509652509653,game_summary__7a5d8f73-c31b-49d2-98b8-61bfa0c6a853__20260227T223249Z.json
2021,7a5d8f73-c31b-49d2-98b8-61bfa0c6a853,2021-06-26 00:00:00+00:00,2021-06-26,6f017f37-be96-4bdc-b6d3-0a0429c72e89,6f017f37-be96-4bdc-b6d3-0a0429c72e89,171b097d-01db-4ae8-9d56-035689402ec6,FR_LVA_ACES,1,0,-1.0189916082607522,0.36860243010427085,0.14275033527637526,0.1727065760360776,0.21068603359794502,5e721480-8310-45f9-970d-3ec811413604,2021-06-23 23:00:00+00:00,7.793323514973011,0.5769230769230769,0.21907216494845363,0.34375,0.23076923076923078,1.4802438980140806,0.47368421052631576,0.13942513942513943,0.14285714285714285,0.27631578947368424,93.24,93.64,96.52509652509653,95.04485262708245,game_summary__7a5d8f73-c31b-49d2-98b8-61bfa0c6a853__20260227T223249Z.json
2021,1aed8f05-6294-46d2-881f-291254ae9633,2021-06-26 17:00:00+00:00,2021-06-26,5c0d47fe-8539-47b0-9f36-d0b3609ca89b,5c0d47fe-8539-47b0-9f36-d0b3609ca89b,5f0b5caf-708b-4300-92f2-53b51d83ec06,5f0b5caf-708b-4300-92f2-53b51d83ec06,0,0,-0.12134499045088498,0.36607068451185115,0.11922919914509728,0.1982501437047651,0.19430177664652995,455d5c10-fc9e-4846-a8ca-4a53bfe044d6,2021-06-25 02:30:00+00:00,-12.532206313843304,0.4846153846153846,0.24384579656293542,0.3125,0.35384615384615387,-13.895559168195504,0.4791666666666667,0.12487512487512488,0.14285714285714285,0.09722222222222222,80.08,79.96,92.4075924075924,106.30315157578791,game_summary__1aed8f05-6294-46d2-881f-291254ae9633__20260227T223250Z.json
2021,1aed8f05-6294-46d2-881f-291254ae9633,2021-06-26 17:00:00+00:00,2021-06-26,5f0b5caf-708b-4300-92f2-53b51d83ec06,5f0b5caf-708b-4300-92f2-53b51d83ec06,5c0d47fe-8539-47b0-9f36-d0b3609ca89b,5c0d47fe-8539-47b0-9f36-d0b3609ca89b,1,0,4.693162312821533,0.3738452749197369,0.12332522544138014,0.2175356634196714,0.1874837002725325,b8c39903-5383-42a6-83a3-81c66792f93a,2021-06-24 23:00:00+00:00,37.75457088945279,0.5294117647058824,0.1656472986748216,0.3333333333333333,0.25,13.895559168195504,0.48717948717948717,0.10005002501250626,0.2702702702702703,0.11538461538461539,79.96,80.08,106.30315157578791,92.4075924075924,game_summary__1aed8f05-6294-46d2-881f-291254ae9633__20260227T223250Z.json
2021,56e62033-afd7-49a3-9e92-6aaeefb2a34a,2021-06-26 23:00:00+00:00,2021-06-26,08ed8274-e29f-4248-bc2e-83cc8ed18d75,08ed8274-e29f-4248-bc2e-83cc8ed18d75,5d70a9af-8c2b-4aec-9e68-9acc6ddb93e4,5d70a9af-8c2b-4aec-9e68-9acc6ddb93e4,0,0,-8.62210668812909,0.37656368415559316,0.16202355845905694,0.14442758670396455,0.17939620830215833,4683ea41-264a-4c6b-b27c-1ed5c780df8f,2021-06-24 23:00:00+00:00,-26.412956367157193,0.40298507462686567,0.24160147261849976,0.23076923076923078,0.26865671641791045,29.46219127732374,0.652542372881356,0.22533206831119545,0.25,0.4745762711864407,84.32,86.36,119.78178368121443,90.3195924038907,game_summary__56e62033-afd7-49a3-9e92-6aaeefb2a34a__20260227T223252Z.json
2021,56e62033-afd7-49a3-9e92-6aaeefb2a34a,2021-06-26 23:00:00+00:00,2021-06-26,5d70a9af-8c2b-4aec-9e68-9acc6ddb93e4,5d70a9af-8c2b-4aec-9e68-9acc6ddb93e4,08ed8274-e29f-4248-bc2e-83cc8ed18d75,08ed8274-e29f-4248-bc2e-83cc8ed18d75,1,0,-4.497364574249124,0.3531391988674795,0.11383737419054253,0.19740545398210113,0.19807918222524784,5e721480-8310-45f9-970d-3ec811413604,2021-06-23 23:00:00+00:00,-7.793323514973011,0.5144927536231884,0.13500245459008345,0.2,0.2463768115942029,-29.46219127732374,0.43661971830985913,0.1621120889300602,0.1891891891891892,0.2676056338028169,86.36,84.32,90.3195924038907,119.78178368121443,game_summary__56e62033-afd7-49a3-9e92-6aaeefb2a34a__20260227T223252Z.json
2021,3a09a1bb-0cb6-4cd9-bc5c-4abf5dfca729,2021-06-27 18:00:00+00:00,2021-06-27,3c409388-ab73-4c7f-953d-3a71062240f6,3c409388-ab73-4c7f-953d-3a71062240f6,a015b02d-845c-40c1-8ef4-844984f47e4d,a015b02d-845c-40c1-8ef4-844984f47e4d,0,0,7.362619032786542,0.39052741897499854,0.1393820170780703,0.18480449261361942,0.21477606517776712,4683ea41-264a-4c6b-b27c-1ed5c780df8f,2021-06-24 23:00:00+00:00,26.412956367157193,0.5608108108108109,0.1609935602575897,0.15151515151515152,0.12162162162162163,-17.99947059611297,0.3695652173913043,0.24649714582252205,0.358974358974359,0.10144927536231885,77.08,79.36,75.24649714582252,93.24596774193549,game_summary__3a09a1bb-0cb6-4cd9-bc5c-4abf5dfca729__20260227T223254Z.json
2021,3a09a1bb-0cb6-4cd9-bc5c-4abf5dfca729,2021-06-27 18:00:00+00:00,2021-06-27,a015b02d-845c-40c1-8ef4-844984f47e4d,a015b02d-845c-40c1-8ef4-844984f47e4d,3c409388-ab73-4c7f-953d-3a71062240f6,3c409388-ab73-4c7f-953d-3a71062240f6,1,0,1.2082188521479562,0.36476671160298135,0.1386723319651343,0.21126265582882678,0.20548382138769267,932ea61f-485b-4878-9f59-e85aebffbc42,2021-06-22 23:00:00+00:00,6.833157542558396,0.4647887323943662,0.15463917525773196,0.36363636363636365,0.2112676056338028,17.99947059611297,0.46875,0.25201612903225806,0.3939393939393939,0.296875,79.36,77.08,93.24596774193549,75.24649714582252,game_summary__3a09a1bb-0cb6-4cd9-bc5c-4abf5dfca729__20260227T223254Z.json
2021,995d7432-ed08-4889-9c20-517d95d1a3a0,2021-06-27 20:00:00+00:00,2021-06-27,171b097d-01db-4ae8-9d56-035689402ec6,FR_LVA_ACES,d6a012ed-84aa-48d3-8265-2d3f3ff2199a,d6a012ed-84aa-48d3-8265-2d3f3ff2199a,1,0,9.847520387275036,0.37889651452369394,0.11161365870738835,0.1612643373238026,0.2628453056233304,7a5d8f73-c31b-49d2-98b8-61bfa0c6a853,2021-06-26 00:00:00+00:00,-1.4802438980140806,0.41025641025641024,0.17086715079026057,0.2978723404255319,0.3974358974358974,1.9598376060388887,0.475,0.1261564339781329,0.16666666666666666,0.2875,95.12,93.96,99.87384356602186,97.91400595998297,game_summary__995d7432-ed08-4889-9c20-517d95d1a3a0__20260227T223255Z.json
2021,995d7432-ed08-4889-9c20-517d95d1a3a0,2021-06-27 20:00:00+00:00,2021-06-27,d6a012ed-84aa-48d3-8265-2d3f3ff2199a,d6a012ed-84aa-48d3-8265-2d3f3ff2199a,171b097d-01db-4ae8-9d56-035689402ec6,FR_LVA_ACES,0,0,9.253201094808968,0.40937962727211435,0.11162453671609204,0.14595033259818851,0.1886392808176531,4ab7eec4-180b-4714-932b-02ef682012b0,2021-06-23 02:00:00+00:00,-5.511309287942325,0.5070422535211268,0.0942380183091007,0.25,0.16901408450704225,-1.9598376060388887,0.5121951219512195,0.17028522775649213,0.2222222222222222,0.10975609756097561,93.96,95.12,97.91400595998297,99.87384356602186,game_summary__995d7432-ed08-4889-9c20-517d95d1a3a0__20260227T223255Z.json
2021,750e6734-c212-4d86-806d-017c69648671,2021-06-27 22:00:00+00:00,2021-06-27,0699edf3-5993-4182-b9b4-ec935cbd4fcc,0699edf3-5993-4182-b9b4-ec935cbd4fcc,0a5ad38d-2fe3-43ba-894b-1ba3d5042ea9,0a5ad38d-2fe3-43ba-894b-1ba3d5042ea9,1,0,-0.7464271387294374,0.3438559343567715,0.12302814761307848,0.17064263234700336,0.26840263897951416,e2ad6d33-5505-4c3e-88f7-888d2962231d,2021-06-19 02:30:00+00:00,15.488079467800787,0.5,0.18834756403817177,0.14814814814814814,0.5636363636363636,12.08439013665344,0.5241935483870968,0.21572387344199426,0.23529411764705882,0.41935483870967744,83.44,84.6,105.46500479386384,93.3806146572104,game_summary__750e6734-c212-4d86-806d-017c69648671__20260227T223257Z.json
2021,750e6734-c212-4d86-806d-017c69648671,2021-06-27 22:00:00+00:00,2021-06-27,0a5ad38d-2fe3-43ba-894b-1ba3d5042ea9,0a5ad38d-2fe3-43ba-894b-1ba3d5042ea9,0699edf3-5993-4182-b9b4-ec935cbd4fcc,0699edf3-5993-4182-b9b4-ec935cbd4fcc,0,0,-0.9424087068745091,0.34262345888028306,0.11390239073974089,0.12496355594612125,0.1657617741134156,455d5c10-fc9e-4846-a8ca-4a53bfe044d6,2021-06-25 02:30:00+00:00,12.532206313843304,0.59375,0.14527845036319614,0.0,0.234375,-12.08439013665344,0.4594594594594595,0.10638297872340426,0.12195121951219512,0.20270270270270271,84.6,83.44,93.3806146572104,105.46500479386384,game_summary__750e6734-c212-4d86-806d-017c69648671__20260227T223257Z.json
2021,7da5ff41-b3f6-4cf0-9578-90d0afb60811,2021-06-29 23:00:00+00:00,2021-06-29,5c0d47fe-8539-47b0-9f36-d0b3609ca89b,5c0d47fe-8539-47b0-9f36-d0b3609ca89b,a015b02d-845c-40c1-8ef4-844984f47e4d,a015b02d-845c-40c1-8ef4-844984f47e4d,1,0,-1.4199274307727927,0.37673295929588174,0.1197614763347624,0.19302789455942496,0.18514947198051357,1aed8f05-6294-46d2-881f-291254ae9633,2021-06-26 17:00:00+00:00,-13.895559168195504,0.4791666666666667,0.12487512487512488,0.14285714285714285,0.09722222222222222,-25.250727911332476,0.47619047619047616,0.13973577235772358,0.027777777777777776,0.20634920634920634,78.72,77.96,90.19308943089432,115.4438173422268,game_summary__7da5ff41-b3f6-4cf0-9578-90d0afb60811__20260227T223259Z.json
2021,7da5ff41-b3f6-4cf0-9578-90d0afb60811,2021-06-29 23:00:00+00:00,2021-06-29,a015b02d-845c-40c1-8ef4-844984f47e4d,a015b02d-845c-40c1-8ef4-844984f47e4d,5c0d47fe-8539-47b0-9f36-d0b3609ca89b,5c0d47fe-8539-47b0-9f36-d0b3609ca89b,0,0,2.7912365389912637,0.37456987501084166,0.14935796983103808,0.228484749322113,0.21409984682586383,3a09a1bb-0cb6-4cd9-bc5c-4abf5dfca729,2021-06-27 18:00:00+00:00,17.99947059611297,0.46875,0.25201612903225806,0.3939393939393939,0.296875,25.250727911332476,0.5857142857142857,0.2693689071318625,0.5862068965517241,0.12857142857142856,77.96,78.72,115.4438173422268,90.19308943089432,game_summary__7da5ff41-b3f6-4cf0-9578-90d0afb60811__20260227T223259Z.json
2021,d834f51d-fae9-431e-971a-c32a820ce091,2021-06-29 23:00:00+00:00,2021-06-29,08ed8274-e29f-4248-bc2e-83cc8ed18d75,08ed8274-e29f-4248-bc2e-83cc8ed18d75,5d70a9af-8c2b-4aec-9e68-9acc6ddb93e4,5d70a9af-8c2b-4aec-9e68-9acc6ddb93e4,0,0,-5.031658626864645,0.40258194366990996,0.16799205278882892,0.1543805669843312,0.20722470301323806,56e62033-afd7-49a3-9e92-6aaeefb2a34a,2021-06-26 23:00:00+00:00,29.46219127732374,0.652542372881356,0.22533206831119545,0.25,0.4745762711864407,-2.28687202790357,0.475,0.23195876288659795,0.2413793103448276,0.25,77.6,80.04,88.91752577319588,91.20439780109945,game_summary__d834f51d-fae9-431e-971a-c32a820ce091__20260227T223301Z.json
2021,d834f51d-fae9-431e-971a-c32a820ce091,2021-06-29 23:00:00+00:00,2021-06-29,5d70a9af-8c2b-4aec-9e68-9acc6ddb93e4,5d70a9af-8c2b-4aec-9e68-9acc6ddb93e4,08ed8274-e29f-4248-bc2e-83cc8ed18d75,08ed8274-e29f-4248-bc2e-83cc8ed18d75,1,0,-6.850956958101573,0.36100943634585275,0.11838853740488943,0.19663085464398794,0.20463388131671395,56e62033-afd7-49a3-9e92-6aaeefb2a34a,2021-06-26 23:00:00+00:00,-29.46219127732374,0.43661971830985913,0.1621120889300602,0.1891891891891892,0.2676056338028169,2.28687202790357,0.40131578947368424,0.11244377811094453,0.2926829268292683,0.21052631578947367,80.04,77.6,91.20439780109945,88.91752577319588,game_summary__d834f51d-fae9-431e-971a-c32a820ce091__20260227T223301Z.json
2021,cec8ef2f-8220-4786-a60b-a45f8d9e48fb,2021-07-01 00:00:00+00:00,2021-07-01,3c409388-ab73-4c7f-953d-3a71062240f6,3c409388-ab73-4c7f-953d-3a71062240f6,5f0b5caf-708b-4300-92f2-53b51d83ec06,5f0b5caf-708b-4300-92f2-53b51d83ec06,0,0,4.971574155963522,0.38855117942072653,0.1494804389179971,0.201224589409755,0.20409203069323223,3a09a1bb-0cb6-4cd9-bc5c-4abf5dfca729,2021-06-27 18:00:00+00:00,-17.99947059611297,0.3695652173913043,0.24649714582252205,0.358974358974359,0.10144927536231885,14.206648896786618,0.5492957746478874,0.18315018315018314,0.2222222222222222,0.2676056338028169,87.36,90.04,104.16666666666667,89.96001776988005,game_summary__cec8ef2f-8220-4786-a60b-a45f8d9e48fb__20260227T223302Z.json
2021,cec8ef2f-8220-4786-a60b-a45f8d9e48fb,2021-07-01 00:00:00+00:00,2021-07-01,5f0b5caf-708b-4300-92f2-53b51d83ec06,5f0b5caf-708b-4300-92f2-53b51d83ec06,3c409388-ab73-4c7f-953d-3a71062240f6,3c409388-ab73-4c7f-953d-3a71062240f6,1,0,5.560730568335539,0.3845300091651228,0.12113092483142276,0.22250728892002936,0.18068646273937414,1aed8f05-6294-46d2-881f-291254ae9633,2021-06-26 17:00:00+00:00,13.895559168195504,0.48717948717948717,0.10005002501250626,0.2702702702702703,0.11538461538461539,-14.206648896786618,0.4533333333333333,0.1888049755664149,0.23076923076923078,0.21333333333333335,90.04,87.36,89.96001776988005,104.16666666666667,game_summary__cec8ef2f-8220-4786-a60b-a45f8d9e48fb__20260227T223302Z.json
2021,ce82ac82-7fb4-4188-a233-41f7b09b19fa,2021-07-01 02:00:00+00:00,2021-07-01,0699edf3-5993-4182-b9b4-ec935cbd4fcc,0699edf3-5993-4182-b9b4-ec935cbd4fcc,6f017f37-be96-4bdc-b6d3-0a0429c72e89,6f017f37-be96-4bdc-b6d3-0a0429c72e89,1,0,0.46321529849302445,0.36085750380294046,0.1317671609826262,0.17673773748098848,0.28263385924137685,750e6734-c212-4d86-806d-017c69648671,2021-06-27 22:00:00+00:00,12.08439013665344,0.5241935483870968,0.21572387344199426,0.23529411764705882,0.41935483870967744,-11.259441489896247,0.47058823529411764,0.11450381679389314,0.15625,0.22058823529411764,78.6,75.96,96.69211195928754,107.95155344918379,game_summary__ce82ac82-7fb4-4188-a233-41f7b09b19fa__20260227T223304Z.json
2021,ce82ac82-7fb4-4188-a233-41f7b09b19fa,2021-07-01 02:00:00+00:00,2021-07-01,6f017f37-be96-4bdc-b6d3-0a0429c72e89,6f017f37-be96-4bdc-b6d3-0a0429c72e89,0699edf3-5993-4182-b9b4-ec935cbd4fcc,0699edf3-5993-4182-b9b4-ec935cbd4fcc,0,0,-0.783372842587621,0.378509155315086,0.1424368479959159,0.16989248085216827,0.21687336649716404,7a5d8f73-c31b-49d2-98b8-61bfa0c6a853,2021-06-26 00:00:00+00:00,1.4802438980140806,0.47368421052631576,0.13942513942513943,0.14285714285714285,0.27631578947368424,11.259441489896247,0.5522388059701493,0.2238020010531859,0.41379310344827586,0.13432835820895522,75.96,78.6,107.95155344918379,96.69211195928754,game_summary__ce82ac82-7fb4-4188-a233-41f7b09b19fa__20260227T223304Z.json
2021,15bb36c2-826c-4eab-b328-facd43ce384d,2021-07-01 02:30:00+00:00,2021-07-01,0a5ad38d-2fe3-43ba-894b-1ba3d5042ea9,0a5ad38d-2fe3-43ba-894b-1ba3d5042ea9,171b097d-01db-4ae8-9d56-035689402ec6,FR_LVA_ACES,1,0,-1.992833888913664,0.35363832889694785,0.11319348812795071,0.12467956390512637,0.1692444294995023,750e6734-c212-4d86-806d-017c69648671,2021-06-27 22:00:00+00:00,-12.08439013665344,0.4594594594594595,0.10638297872340426,0.12195121951219512,0.20270270270270271,-23.149884421048327,0.38414634146341464,0.12157382847038019,0.18867924528301888,0.2073170731707317,90.48,93.36,82.89124668435012,106.04113110539845,game_summary__15bb36c2-826c-4eab-b328-facd43ce384d__20260227T223306Z.json
2021,15bb36c2-826c-4eab-b328-facd43ce384d,2021-07-01 02:30:00+00:00,2021-07-01,171b097d-01db-4ae8-9d56-035689402ec6,FR_LVA_ACES,0a5ad38d-2fe3-43ba-894b-1ba3d5042ea9,0a5ad38d-2fe3-43ba-894b-1ba3d5042ea9,0,0,9.103898557211416,0.38795679898586694,0.1129846982713476,0.16177364913868741,0.26516965986785607,995d7432-ed08-4889-9c20-517d95d1a3a0,2021-06-27 20:00:00+00:00,1.9598376060388887,0.475,0.1261564339781329,0.16666666666666666,0.2875,23.149884421048327,0.5,0.1713796058269066,0.2926829268292683,0.2345679012345679,93.36,90.48,106.04113110539845,82.89124668435012,game_summary__15bb36c2-826c-4eab-b328-facd43ce384d__20260227T223306Z.json
2021,04cfbc38-a5a4-44ca-856e-a91181822df4,2021-07-01 23:00:00+00:00,2021-07-01,a015b02d-845c-40c1-8ef4-844984f47e4d,a015b02d-845c-40c1-8ef4-844984f47e4d,f073a15f-0486-4179-b0a3-dfd0294eb595,f073a15f-0486-4179-b0a3-dfd0294eb595,0,0,4.9086350880719944,0.39447579636311914,0.16067216124801384,0.262209482574568,0.20603654095153168,7da5ff41-b3f6-4cf0-9578-90d0afb60811,2021-06-29 23:00:00+00:00,25.250727911332476,0.5857142857142857,0.2693689071318625,0.5862068965517241,0.12857142857142856,9.23633340091628,0.5,0.19122896481387047,0.36666666666666664,0.4126984126984127,78.44,79.68,109.63793982661907,100.4016064257028,game_summary__04cfbc38-a5a4-44ca-856e-a91181822df4__20260227T223307Z.json
2021,04cfbc38-a5a4-44ca-856e-a91181822df4,2021-07-01 23:00:00+00:00,2021-07-01,f073a15f-0486-4179-b0a3-dfd0294eb595,f073a15f-0486-4179-b0a3-dfd0294eb595,a015b02d-845c-40c1-8ef4-844984f47e4d,a015b02d-845c-40c1-8ef4-844984f47e4d,1,0,-15.647427824970476,0.3526519853979173,0.15128708183448056,0.1872138014762662,0.19645872148278354,b8c39903-5383-42a6-83a3-81c66792f93a,2021-06-24 23:00:00+00:00,-37.75457088945279,0.3923076923076923,0.2600472813238771,0.2727272727272727,0.23076923076923078,-9.23633340091628,0.5,0.18825301204819275,0.21739130434782608,0.36666666666666664,79.68,78.44,100.4016064257028,109.63793982661907,game_summary__04cfbc38-a5a4-44ca-856e-a91181822df4__20260227T223307Z.json
2021,85c9362d-5378-4761-a1eb-4af7dfaca33e,2021-07-03 00:00:00+00:00,2021-07-03,3c409388-ab73-4c7f-953d-3a71062240f6,3c409388-ab73-4c7f-953d-3a71062240f6,5f0b5caf-708b-4300-92f2-53b51d83ec06,5f0b5caf-708b-4300-92f2-53b51d83ec06,0,0,5.842223162777275,0.40370559084812474,0.15265469902937906,0.20320416929044638,0.2100798604638004,cec8ef2f-8220-4786-a60b-a45f8d9e48fb,2021-07-01 00:00:00+00:00,14.206648896786618,0.5492957746478874,0.18315018315018314,0.2222222222222222,0.2676056338028169,-9.05807440827526,0.6136363636363636,0.15616866215512754,0.2727272727272727,0.16666666666666666,76.84,78.44,118.42790213430506,127.48597654258032,game_summary__85c9362d-5378-4761-a1eb-4af7dfaca33e__20260227T223309Z.json
2021,85c9362d-5378-4761-a1eb-4af7dfaca33e,2021-07-03 00:00:00+00:00,2021-07-03,5f0b5caf-708b-4300-92f2-53b51d83ec06,5f0b5caf-708b-4300-92f2-53b51d83ec06,3c409388-ab73-4c7f-953d-3a71062240f6,3c409388-ab73-4c7f-953d-3a71062240f6,1,0,3.697134465258926,0.3910165344541643,0.1275109863591363,0.22328619452363674,0.18376429007222303,cec8ef2f-8220-4786-a60b-a45f8d9e48fb,2021-07-01 00:00:00+00:00,-14.206648896786618,0.4533333333333333,0.1888049755664149,0.23076923076923078,0.21333333333333335,9.05807440827526,0.6171875,0.16573176950535443,0.3225806451612903,0.40625,78.44,76.84,127.48597654258032,118.42790213430506,game_summary__85c9362d-5378-4761-a1eb-4af7dfaca33e__20260227T223309Z.json
2021,161af777-63e6-4d42-9e2a-fe6ebbfc9a2b,2021-07-03 02:00:00+00:00,2021-07-03,5d70a9af-8c2b-4aec-9e68-9acc6ddb93e4,5d70a9af-8c2b-4aec-9e68-9acc6ddb93e4,d6a012ed-84aa-48d3-8265-2d3f3ff2199a,d6a012ed-84aa-48d3-8265-2d3f3ff2199a,0,0,-5.989475924717948,0.3648093716256297,0.11782808728182322,0.2056862920494749,0.20518939844737077,d834f51d-fae9-431e-971a-c32a820ce091,2021-06-29 23:00:00+00:00,2.28687202790357,0.40131578947368424,0.11244377811094453,0.2926829268292683,0.21052631578947367,-9.89136771492825,0.5256410256410257,0.12862488306828812,0.20588235294117646,0.10256410256410256,85.52,80.68,102.8999064546305,112.79127416955875,game_summary__161af777-63e6-4d42-9e2a-fe6ebbfc9a2b__20260227T223311Z.json
2021,161af777-63e6-4d42-9e2a-fe6ebbfc9a2b,2021-07-03 02:00:00+00:00,2021-07-03,d6a012ed-84aa-48d3-8265-2d3f3ff2199a,d6a012ed-84aa-48d3-8265-2d3f3ff2199a,5d70a9af-8c2b-4aec-9e68-9acc6ddb93e4,5d70a9af-8c2b-4aec-9e68-9acc6ddb93e4,1,0,8.196076893626028,0.4190726953673542,0.11715485171912804,0.15314096687161016,0.18120246334901483,995d7432-ed08-4889-9c20-517d95d1a3a0,2021-06-27 20:00:00+00:00,-1.9598376060388887,0.5121951219512195,0.17028522775649213,0.2222222222222222,0.10975609756097561,9.89136771492825,0.5967741935483871,0.18591968269707485,0.2,0.3548387096774194,80.68,85.52,112.79127416955875,102.8999064546305,game_summary__161af777-63e6-4d42-9e2a-fe6ebbfc9a2b__20260227T223311Z.json
2021,4bd134eb-d5f6-4099-afe6-7b4e9bdc9976,2021-07-03 02:00:00+00:00,2021-07-03,0a5ad38d-2fe3-43ba-894b-1ba3d5042ea9,0a5ad38d-2fe3-43ba-894b-1ba3d5042ea9,171b097d-01db-4ae8-9d56-035689402ec6,FR_LVA_ACES,1,0,-3.9874430880666827,0.356514512532305,0.11398355590765633,0.13071321935371158,0.17283377883661177,15bb36c2-826c-4eab-b328-facd43ce384d,2021-07-01 02:30:00+00:00,-23.149884421048327,0.38414634146341464,0.12157382847038019,0.18867924528301888,0.2073170731707317,-7.501363162324836,0.4032258064516129,0.1963350785340314,0.14705882352941177,0.16129032258064516,76.4,79.12,75.91623036649214,83.41759352881698,game_summary__4bd134eb-d5f6-4099-afe6-7b4e9bdc9976__20260227T223312Z.json
2021,4bd134eb-d5f6-4099-afe6-7b4e9bdc9976,2021-07-03 02:00:00+00:00,2021-07-03,171b097d-01db-4ae8-9d56-035689402ec6,FR_LVA_ACES,0a5ad38d-2fe3-43ba-894b-1ba3d5042ea9,0a5ad38d-2fe3-43ba-894b-1ba3d5042ea9,0,0,10.428102636254925,0.39851982142162196,0.11848995618133362,0.17411529615321408,0.2622846381968293,15bb36c2-826c-4eab-b328-facd43ce384d,2021-07-01 02:30:00+00:00,23.149884421048327,0.5,0.1713796058269066,0.2926829268292683,0.2345679012345679,7.501363162324836,0.39344262295081966,0.16430738119312435,0.15151515151515152,0.3770491803278688,79.12,76.4,83.41759352881698,75.91623036649214,game_summary__4bd134eb-d5f6-4099-afe6-7b4e9bdc9976__20260227T223312Z.json
2021,cd546a72-95f9-4a03-964e-dfe0f1f03f5b,2021-07-03 17:00:00+00:00,2021-07-03,08ed8274-e29f-4248-bc2e-83cc8ed18d75,08ed8274-e29f-4248-bc2e-83cc8ed18d75,5c0d47fe-8539-47b0-9f36-d0b3609ca89b,5c0d47fe-8539-47b0-9f36-d0b3609ca89b,1,0,-4.77289020393706,0.4094092526618408,0.17402259982593954,0.16258248972200356,0.21125740127317313,d834f51d-fae9-431e-971a-c32a820ce091,2021-06-29 23:00:00+00:00,-2.28687202790357,0.475,0.23195876288659795,0.2413793103448276,0.25,4.492136842857207,0.515625,0.14749262536873156,0.10344827586206896,0.296875,81.36,82.04,100.78662733529991,96.2944904924427,game_summary__cd546a72-95f9-4a03-964e-dfe0f1f03f5b__20260227T223314Z.json
2021,cd546a72-95f9-4a03-964e-dfe0f1f03f5b,2021-07-03 17:00:00+00:00,2021-07-03,5c0d47fe-8539-47b0-9f36-d0b3609ca89b,5c0d47fe-8539-47b0-9f36-d0b3609ca89b,08ed8274-e29f-4248-bc2e-83cc8ed18d75,08ed8274-e29f-4248-bc2e-83cc8ed18d75,0,0,-3.6666079777378906,0.38610944955011467,0.12164457977271521,0.17744871906928975,0.18714810525537245,7da5ff41-b3f6-4cf0-9578-90d0afb60811,2021-06-29 23:00:00+00:00,-25.250727911332476,0.47619047619047616,0.13973577235772358,0.027777777777777776,0.20634920634920634,-4.492136842857207,0.46,0.09751340809361286,0.18181818181818182,0.21333333333333335,82.04,81.36,96.2944904924427,100.78662733529991,game_summary__cd546a72-95f9-4a03-964e-dfe0f1f03f5b__20260227T223314Z.json
2021,cde6de28-4c9c-4390-9b3c-850c2d3fe1a0,2021-07-03 17:00:00+00:00,2021-07-03,a015b02d-845c-40c1-8ef4-844984f47e4d,a015b02d-845c-40c1-8ef4-844984f47e4d,f073a15f-0486-4179-b0a3-dfd0294eb595,f073a15f-0486-4179-b0a3-dfd0294eb595,0,0,5.316634627178227,0.4044242316134736,0.16355294472001042,0.2720573231320816,0.22551986495619009,04cfbc38-a5a4-44ca-856e-a91181822df4,2021-07-01 23:00:00+00:00,9.23633340091628,0.5,0.19122896481387047,0.36666666666666664,0.4126984126984127,-9.37874636704656,0.3880597014925373,0.10840108401084012,0.25,0.29850746268656714,73.8,72.88,90.78590785907859,100.16465422612515,game_summary__cde6de28-4c9c-4390-9b3c-850c2d3fe1a0__20260227T223316Z.json
2021,cde6de28-4c9c-4390-9b3c-850c2d3fe1a0,2021-07-03 17:00:00+00:00,2021-07-03,f073a15f-0486-4179-b0a3-dfd0294eb595,f073a15f-0486-4179-b0a3-dfd0294eb595,a015b02d-845c-40c1-8ef4-844984f47e4d,a015b02d-845c-40c1-8ef4-844984f47e4d,1,0,-15.043013334612548,0.36654341629259,0.1547720942821055,0.1900588258686623,0.21250530286788988,04cfbc38-a5a4-44ca-856e-a91181822df4,2021-07-01 23:00:00+00:00,-9.23633340091628,0.5,0.18825301204819275,0.21739130434782608,0.36666666666666664,9.37874636704656,0.42857142857142855,0.09604829857299671,0.25,0.42857142857142855,72.88,73.8,100.16465422612515,90.78590785907859,game_summary__cde6de28-4c9c-4390-9b3c-850c2d3fe1a0__20260227T223316Z.json
2021,53d250d7-73c7-40a7-ae51-28e8e36cdde7,2021-07-04 02:00:00+00:00,2021-07-04,0699edf3-5993-4182-b9b4-ec935cbd4fcc,0699edf3-5993-4182-b9b4-ec935cbd4fcc,6f017f37-be96-4bdc-b6d3-0a0429c72e89,6f017f37-be96-4bdc-b6d3-0a0429c72e89,1,0,-0.6419538286081554,0.3712025150855698,0.13013963614996146,0.17480622866375786,0.27678442516716967,ce82ac82-7fb4-4188-a233-41f7b09b19fa,2021-07-01 02:00:00+00:00,-11.259441489896247,0.47058823529411764,0.11450381679389314,0.15625,0.22058823529411764,-35.59155621011293,0.40625,0.14727540500736377,0.05,0.265625,81.48,83.16,83.45606283750612,119.04761904761905,game_summary__53d250d7-73c7-40a7-ae51-28e8e36cdde7__20260227T223318Z.json
2021,53d250d7-73c7-40a7-ae51-28e8e36cdde7,2021-07-04 02:00:00+00:00,2021-07-04,6f017f37-be96-4bdc-b6d3-0a0429c72e89,6f017f37-be96-4bdc-b6d3-0a0429c72e89,0699edf3-5993-4182-b9b4-ec935cbd4fcc,0699edf3-5993-4182-b9b4-ec935cbd4fcc,0,0,0.3519795646290642,0.39488775018755695,0.1501076564827617,0.19288653783428106,0.20909132558244628,ce82ac82-7fb4-4188-a233-41f7b09b19fa,2021-07-01 02:00:00+00:00,11.259441489896247,0.5522388059701493,0.2238020010531859,0.41379310344827586,0.13432835820895522,35.59155621011293,0.6159420289855072,0.13227513227513227,0.1111111111111111,0.2028985507246377,83.16,81.48,119.04761904761905,83.45606283750612,game_summary__53d250d7-73c7-40a7-ae51-28e8e36cdde7__20260227T223318Z.json
2021,bc3f10b8-a29d-4e83-ae97-ebc64609017a,2021-07-04 22:00:00+00:00,2021-07-04,171b097d-01db-4ae8-9d56-035689402ec6,FR_LVA_ACES,5d70a9af-8c2b-4aec-9e68-9acc6ddb93e4,5d70a9af-8c2b-4aec-9e68-9acc6ddb93e4,1,0,10.152180362998616,0.39804116175398985,0.12280945512430848,0.17198463732963182,0.2731042187013742,4bd134eb-d5f6-4099-afe6-7b4e9bdc9976,2021-07-03 02:00:00+00:00,7.501363162324836,0.39344262295081966,0.16430738119312435,0.15151515151515152,0.3770491803278688,26.286887707465425,0.6736111111111112,0.13901760889712697,0.3333333333333333,0.3888888888888889,86.32,86.04,136.70064874884153,110.4137610413761,game_summary__bc3f10b8-a29d-4e83-ae97-ebc64609017a__20260227T223319Z.json
2021,bc3f10b8-a29d-4e83-ae97-ebc64609017a,2021-07-04 22:00:00+00:00,2021-07-04,5d70a9af-8c2b-4aec-9e68-9acc6ddb93e4,5d70a9af-8c2b-4aec-9e68-9acc6ddb93e4,171b097d-01db-4ae8-9d56-035689402ec6,FR_LVA_ACES,0,0,-6.357331985137721,0.37997199063657633,0.11884596962626202,0.20570477595192566,0.19551426159766389,161af777-63e6-4d42-9e2a-fe6ebbfc9a2b,2021-07-03 02:00:00+00:00,-9.89136771492825,0.5256410256410257,0.12862488306828812,0.20588235294117646,0.10256410256410256,-26.286887707465425,0.5123456790123457,0.0697350069735007,0.1951219512195122,0.19753086419753085,86.04,86.32,110.4137610413761,136.70064874884153,game_summary__bc3f10b8-a29d-4e83-ae97-ebc64609017a__20260227T223319Z.json
2021,a5a7b65c-4d42-46e6-ab5c-aae72efb9d0a,2021-07-05 01:00:00+00:00,2021-07-05,0a5ad38d-2fe3-43ba-894b-1ba3d5042ea9,0a5ad38d-2fe3-43ba-894b-1ba3d5042ea9,d6a012ed-84aa-48d3-8265-2d3f3ff2199a,d6a012ed-84aa-48d3-8265-2d3f3ff2199a,1,0,-4.318722596737242,0.36091828216050903,0.12174735570315895,0.13225422302078918,0.17174550407906936,4bd134eb-d5f6-4099-afe6-7b4e9bdc9976,2021-07-03 02:00:00+00:00,-7.501363162324836,0.4032258064516129,0.1963350785340314,0.14705882352941177,0.16129032258064516,-15.541096737595907,0.43846153846153846,0.1656472986748216,0.21212121212121213,0.26153846153846155,78.48,76.48,94.29153924566768,109.83263598326359,game_summary__a5a7b65c-4d42-46e6-ab5c-aae72efb9d0a__20260227T223321Z.json
2021,a5a7b65c-4d42-46e6-ab5c-aae72efb9d0a,2021-07-05 01:00:00+00:00,2021-07-05,d6a012ed-84aa-48d3-8265-2d3f3ff2199a,d6a012ed-84aa-48d3-8265-2d3f3ff2199a,0a5ad38d-2fe3-43ba-894b-1ba3d5042ea9,0a5ad38d-2fe3-43ba-894b-1ba3d5042ea9,0,0,8.355902700265434,0.435825741470676,0.12363774801124067,0.15755866481109096,0.1975722524038265,161af777-63e6-4d42-9e2a-fe6ebbfc9a2b,2021-07-03 02:00:00+00:00,9.89136771492825,0.5967741935483871,0.18591968269707485,0.2,0.3548387096774194,15.541096737595907,0.53125,0.15690376569037656,0.23333333333333334,0.265625,76.48,78.48,109.83263598326359,94.29153924566768,game_summary__a5a7b65c-4d42-46e6-ab5c-aae72efb9d0a__20260227T223321Z.json
2021,2f6ec0be-a440-416b-a462-aa4c6028ac48,2021-07-05 23:00:00+00:00,2021-07-05,08ed8274-e29f-4248-bc2e-83cc8ed18d75,08ed8274-e29f-4248-bc2e-83cc8ed18d75,5f0b5caf-708b-4300-92f2-53b51d83ec06,5f0b5caf-708b-4300-92f2-53b51d83ec06,1,0,-3.8994174034694993,0.41942288411835316,0.17152145104694183,0.15700753272265444,0.21932911475566158,cd546a72-95f9-4a03-964e-dfe0f1f03f5b,2021-07-03 17:00:00+00:00,4.492136842857207,0.515625,0.14749262536873156,0.10344827586206896,0.296875,4.982507043624025,0.6690140845070423,0.18930430667297682,0.2222222222222222,0.11267605633802817,84.52,85.6,117.13203975390441,112.14953271028038,game_summary__2f6ec0be-a440-416b-a462-aa4c6028ac48__20260227T223323Z.json
2021,2f6ec0be-a440-416b-a462-aa4c6028ac48,2021-07-05 23:00:00+00:00,2021-07-05,5f0b5caf-708b-4300-92f2-53b51d83ec06,5f0b5caf-708b-4300-92f2-53b51d83ec06,08ed8274-e29f-4248-bc2e-83cc8ed18d75,08ed8274-e29f-4248-bc2e-83cc8ed18d75,0,0,4.202544239187767,0.41233910433571985,0.13111430174312558,0.23264731148868312,0.2047394275578572,85c9362d-5378-4761-a1eb-4af7dfaca33e,2021-07-03 00:00:00+00:00,9.05807440827526,0.6171875,0.16573176950535443,0.3225806451612903,0.40625,-4.982507043624025,0.5460526315789473,0.1518691588785047,0.30303030303030304,0.19736842105263158,85.6,84.52,112.14953271028038,117.13203975390441,game_summary__2f6ec0be-a440-416b-a462-aa4c6028ac48__20260227T223323Z.json
2021,6cb9b5c3-c403-45f5-936d-53463dc1a151,2021-07-08 00:00:00+00:00,2021-07-08,5f0b5caf-708b-4300-92f2-53b51d83ec06,5f0b5caf-708b-4300-92f2-53b51d83ec06,6f017f37-be96-4bdc-b6d3-0a0429c72e89,6f017f37-be96-4bdc-b6d3-0a0429c72e89,0,0,3.336611260696168,0.4249451257225596,0.13307099362257524,0.2392827620293715,0.20404451607385762,2f6ec0be-a440-416b-a462-aa4c6028ac48,2021-07-05 23:00:00+00:00,-4.982507043624025,0.5460526315789473,0.1518691588785047,0.30303030303030304,0.19736842105263158,-8.707568133885573,0.4797297297297297,0.1717369970559372,0.2702702702702703,0.10810810810810811,81.52,80.48,96.90873405299314,105.61630218687871,game_summary__6cb9b5c3-c403-45f5-936d-53463dc1a151__20260227T223325Z.json
2021,6cb9b5c3-c403-45f5-936d-53463dc1a151,2021-07-08 00:00:00+00:00,2021-07-08,6f017f37-be96-4bdc-b6d3-0a0429c72e89,6f017f37-be96-4bdc-b6d3-0a0429c72e89,5f0b5caf-708b-4300-92f2-53b51d83ec06,5f0b5caf-708b-4300-92f2-53b51d83ec06,1,0,3.6742377236564927,0.41572793759141247,0.1484264714435412,0.1851770502495652,0.2085074934608135,53d250d7-73c7-40a7-ae51-28e8e36cdde7,2021-07-04 02:00:00+00:00,35.59155621011293,0.6159420289855072,0.13227513227513227,0.1111111111111111,0.2028985507246377,8.707568133885573,0.5615384615384615,0.16153081510934392,0.1724137931034483,0.26153846153846155,80.48,81.52,105.61630218687871,96.90873405299314,game_summary__6cb9b5c3-c403-45f5-936d-53463dc1a151__20260227T223325Z.json
2021,c3f6c012-151b-42b7-bed3-e347994c2c94,2021-07-08 02:00:00+00:00,2021-07-08,0699edf3-5993-4182-b9b4-ec935cbd4fcc,0699edf3-5993-4182-b9b4-ec935cbd4fcc,171b097d-01db-4ae8-9d56-035689402ec6,FR_LVA_ACES,0,0,-3.9368742765698648,0.3745066635400683,0.131755133647858,0.1630399547482978,0.27573235545348773,53d250d7-73c7-40a7-ae51-28e8e36cdde7,2021-07-04 02:00:00+00:00,-35.59155621011293,0.40625,0.14727540500736377,0.05,0.265625,11.0454375011699,0.5,0.135196034249662,0.22727272727272727,0.3918918918918919,88.76,89.56,111.53672825597116,100.49129075480126,game_summary__c3f6c012-151b-42b7-bed3-e347994c2c94__20260227T223326Z.json
2021,c3f6c012-151b-42b7-bed3-e347994c2c94,2021-07-08 02:00:00+00:00,2021-07-08,171b097d-01db-4ae8-9d56-035689402ec6,FR_LVA_ACES,0699edf3-5993-4182-b9b4-ec935cbd4fcc,0699edf3-5993-4182-b9b4-ec935cbd4fcc,1,0,11.673301449609179,0.42402088681836003,0.12433750047105695,0.18719600116465762,0.28401997314106514,bc3f10b8-a29d-4e83-ae97-ebc64609017a,2021-07-04 22:00:00+00:00,26.286887707465425,0.6736111111111112,0.13901760889712697,0.3333333333333333,0.3888888888888889,-11.0454375011699,0.4573170731707317,0.06699419383653417,0.20454545454545456,0.2926829268292683,89.56,88.76,100.49129075480126,111.53672825597116,game_summary__c3f6c012-151b-42b7-bed3-e347994c2c94__20260227T223326Z.json
2021,d54efaf1-81e3-4ca6-ae38-8779b265855c,2021-07-08 02:00:00+00:00,2021-07-08,0a5ad38d-2fe3-43ba-894b-1ba3d5042ea9,0a5ad38d-2fe3-43ba-894b-1ba3d5042ea9,d6a012ed-84aa-48d3-8265-2d3f3ff2199a,d6a012ed-84aa-48d3-8265-2d3f3ff2199a,0,0,-5.3767269089968845,0.3682287762256148,0.12588608146555075,0.13978379009945158,0.18021085508324775,a5a7b65c-4d42-46e6-ab5c-aae72efb9d0a,2021-07-05 01:00:00+00:00,-15.541096737595907,0.43846153846153846,0.1656472986748216,0.21212121212121213,0.26153846153846155,-15.684496582172244,0.3898305084745763,0.2284263959390863,0.23333333333333334,0.3389830508474576,78.8,75.24,78.68020304568529,94.36469962785753,game_summary__d54efaf1-81e3-4ca6-ae38-8779b265855c__20260227T223328Z.json
2021,d54efaf1-81e3-4ca6-ae38-8779b265855c,2021-07-08 02:00:00+00:00,2021-07-08,d6a012ed-84aa-48d3-8265-2d3f3ff2199a,d6a012ed-84aa-48d3-8265-2d3f3ff2199a,0a5ad38d-2fe3-43ba-894b-1ba3d5042ea9,0a5ad38d-2fe3-43ba-894b-1ba3d5042ea9,1,0,9.033296465657777,0.44482199090515434,0.1267739462625617,0.16470242290098505,0.20398801608396697,a5a7b65c-4d42-46e6-ab5c-aae72efb9d0a,2021-07-05 01:00:00+00:00,15.541096737595907,0.53125,0.15690376569037656,0.23333333333333334,0.265625,15.684496582172244,0.4180327868852459,0.25252525252525254,0.4,0.3442622950819672,75.24,78.8,94.36469962785753,78.68020304568529,game_summary__d54efaf1-81e3-4ca6-ae38-8779b265855c__20260227T223328Z.json
2021,47c22f58-1eb2-4825-8db6-153631bcc9fc,2021-07-09 23:00:00+00:00,2021-07-09,08ed8274-e29f-4248-bc2e-83cc8ed18d75,08ed8274-e29f-4248-bc2e-83cc8ed18d75,f073a15f-0486-4179-b0a3-dfd0294eb595,f073a15f-0486-4179-b0a3-dfd0294eb595,0,0,-3.062062112312695,0.44295342792297177,0.17319795351428838,0.1631557346848408,0.2092742552129996,2f6ec0be-a440-416b-a462-aa4c6028ac48,2021-07-05 23:00:00+00:00,4.982507043624025,0.6690140845070423,0.18930430667297682,0.2222222222222222,0.11267605633802817,-19.446083536090043,0.4393939393939394,0.24177949709864605,0.2571428571428571,0.19696969696969696,82.72,79.72,83.41392649903288,102.86001003512293,game_summary__47c22f58-1eb2-4825-8db6-153631bcc9fc__20260227T223330Z.json
2021,47c22f58-1eb2-4825-8db6-153631bcc9fc,2021-07-09 23:00:00+00:00,2021-07-09,f073a15f-0486-4179-b0a3-dfd0294eb595,f073a15f-0486-4179-b0a3-dfd0294eb595,08ed8274-e29f-4248-bc2e-83cc8ed18d75,08ed8274-e29f-4248-bc2e-83cc8ed18d75,1,0,-12.74061931771274,0.3723911900032323,0.1492358300021358,0.19570986012548391,0.23287522547591363,cde6de28-4c9c-4390-9b3c-850c2d3fe1a0,2021-07-03 17:00:00+00:00,9.37874636704656,0.42857142857142855,0.09604829857299671,0.25,0.42857142857142855,19.446083536090043,0.4859154929577465,0.11289513296537883,0.17142857142857143,0.18309859154929578,79.72,82.72,102.86001003512293,83.41392649903288,game_summary__47c22f58-1eb2-4825-8db6-153631bcc9fc__20260227T223330Z.json
2021,77ef1880-4723-4d29-bb50-431682889a1b,2021-07-09 23:00:00+00:00,2021-07-09,5d70a9af-8c2b-4aec-9e68-9acc6ddb93e4,5d70a9af-8c2b-4aec-9e68-9acc6ddb93e4,a015b02d-845c-40c1-8ef4-844984f47e4d,a015b02d-845c-40c1-8ef4-844984f47e4d,0,0,-8.236217471487066,0.3924516969245153,0.11421596802288755,0.20470706601441643,0.19570437950141523,bc3f10b8-a29d-4e83-ae97-ebc64609017a,2021-07-04 22:00:00+00:00,-26.286887707465425,0.5123456790123457,0.0697350069735007,0.1951219512195122,0.19753086419753085,-16.259879876597793,0.4461538461538462,0.12376237623762376,0.08333333333333333,0.3076923076923077,80.8,79.72,89.10891089108911,105.3687907676869,game_summary__77ef1880-4723-4d29-bb50-431682889a1b__20260227T223331Z.json
2021,77ef1880-4723-4d29-bb50-431682889a1b,2021-07-09 23:00:00+00:00,2021-07-09,a015b02d-845c-40c1-8ef4-844984f47e4d,a015b02d-845c-40c1-8ef4-844984f47e4d,5d70a9af-8c2b-4aec-9e68-9acc6ddb93e4,5d70a9af-8c2b-4aec-9e68-9acc6ddb93e4,1,0,3.9312079547968866,0.4028814436776288,0.15835342938332245,0.26997783953104193,0.23240086822439002,cde6de28-4c9c-4390-9b3c-850c2d3fe1a0,2021-07-03 17:00:00+00:00,-9.37874636704656,0.3880597014925373,0.10840108401084012,0.25,0.29850746268656714,16.259879876597793,0.5588235294117647,0.13798294029101857,0.16666666666666666,0.19117647058823528,79.72,80.8,105.3687907676869,89.10891089108911,game_summary__77ef1880-4723-4d29-bb50-431682889a1b__20260227T223331Z.json
2021,38fcc9e0-a736-491f-bdf2-368f7990e62d,2021-07-10 01:00:00+00:00,2021-07-10,0699edf3-5993-4182-b9b4-ec935cbd4fcc,0699edf3-5993-4182-b9b4-ec935cbd4fcc,d6a012ed-84aa-48d3-8265-2d3f3ff2199a,d6a012ed-84aa-48d3-8265-2d3f3ff2199a,1,0,-2.524396821308846,0.3863377154608073,0.1320795291482282,0.169095585176071,0.2866834509097037,c3f6c012-151b-42b7-bed3-e347994c2c94,2021-07-08 02:00:00+00:00,11.0454375011699,0.5,0.135196034249662,0.22727272727272727,0.3918918918918919,9.702002236704331,0.5,0.14910536779324055,0.25,0.24285714285714285,80.48,80.28,105.61630218687871,95.91429995017438,game_summary__38fcc9e0-a736-491f-bdf2-368f7990e62d__20260227T223333Z.json
2021,38fcc9e0-a736-491f-bdf2-368f7990e62d,2021-07-10 01:00:00+00:00,2021-07-10,d6a012ed-84aa-48d3-8265-2d3f3ff2199a,d6a012ed-84aa-48d3-8265-2d3f3ff2199a,0699edf3-5993-4182-b9b4-ec935cbd4fcc,0699edf3-5993-4182-b9b4-ec935cbd4fcc,0,0,9.660347240890237,0.44229640291287076,0.13862931863103545,0.18688541627746108,0.21721256110592085,d54efaf1-81e3-4ca6-ae38-8779b265855c,2021-07-08 02:00:00+00:00,15.684496582172244,0.4180327868852459,0.25252525252525254,0.4,0.3442622950819672,-9.702002236704331,0.4342105263157895,0.09965122072745392,0.23076923076923078,0.15789473684210525,80.28,80.48,95.91429995017438,105.61630218687871,game_summary__38fcc9e0-a736-491f-bdf2-368f7990e62d__20260227T223333Z.json
2021,dc85fc4c-daa3-422c-be79-92daee37b182,2021-07-10 02:30:00+00:00,2021-07-10,171b097d-01db-4ae8-9d56-035689402ec6,FR_LVA_ACES,6f017f37-be96-4bdc-b6d3-0a0429c72e89,6f017f37-be96-4bdc-b6d3-0a0429c72e89,1,0,9.531461988784871,0.4271599292616477,0.11893138364256292,0.18883164405642333,0.2848366846714404,c3f6c012-151b-42b7-bed3-e347994c2c94,2021-07-08 02:00:00+00:00,-11.0454375011699,0.4573170731707317,0.06699419383653417,0.20454545454545456,0.2926829268292683,-10.636325169255286,0.3805970149253731,0.18901209677419356,0.275,0.2835820895522388,79.36,81.0,84.42540322580645,95.06172839506173,game_summary__dc85fc4c-daa3-422c-be79-92daee37b182__20260227T223335Z.json
2021,dc85fc4c-daa3-422c-be79-92daee37b182,2021-07-10 02:30:00+00:00,2021-07-10,6f017f37-be96-4bdc-b6d3-0a0429c72e89,6f017f37-be96-4bdc-b6d3-0a0429c72e89,171b097d-01db-4ae8-9d56-035689402ec6,FR_LVA_ACES,0,0,4.148761671281937,0.42947441950090015,0.14966190094657958,0.1839737771337718,0.21350705881171186,6cb9b5c3-c403-45f5-936d-53463dc1a151,2021-07-08 00:00:00+00:00,8.707568133885573,0.5615384615384615,0.16153081510934392,0.1724137931034483,0.26153846153846155,10.636325169255286,0.5133333333333333,0.14814814814814814,0.16216216216216217,0.0,81.0,79.36,95.06172839506173,84.42540322580645,game_summary__dc85fc4c-daa3-422c-be79-92daee37b182__20260227T223335Z.json
2021,345431b5-22c8-4a3b-a99a-9c83b0bfbd23,2021-07-11 00:00:00+00:00,2021-07-11,3c409388-ab73-4c7f-953d-3a71062240f6,3c409388-ab73-4c7f-953d-3a71062240f6,5c0d47fe-8539-47b0-9f36-d0b3609ca89b,5c0d47fe-8539-47b0-9f36-d0b3609ca89b,1,0,4.437477706401031,0.42349709486484627,0.1529859825967864,0.20975855273147176,0.20598702363000573,85c9362d-5378-4761-a1eb-4af7dfaca33e,2021-07-03 00:00:00+00:00,-9.05807440827526,0.6136363636363636,0.15616866215512754,0.2727272727272727,0.16666666666666666,-1.3545386890113065,0.47435897435897434,0.14652840396753833,0.19047619047619047,0.16666666666666666,88.72,91.6,95.80703336339045,97.16157205240175,game_summary__345431b5-22c8-4a3b-a99a-9c83b0bfbd23__20260227T223336Z.json
2021,345431b5-22c8-4a3b-a99a-9c83b0bfbd23,2021-07-11 00:00:00+00:00,2021-07-11,5c0d47fe-8539-47b0-9f36-d0b3609ca89b,5c0d47fe-8539-47b0-9f36-d0b3609ca89b,3c409388-ab73-4c7f-953d-3a71062240f6,3c409388-ab73-4c7f-953d-3a71062240f6,0,0,-3.744435814185715,0.39307557989205283,0.11936958132979085,0.17786065600639064,0.18961675260897648,cd546a72-95f9-4a03-964e-dfe0f1f03f5b,2021-07-03 17:00:00+00:00,-4.492136842857207,0.46,0.09751340809361286,0.18181818181818182,0.21333333333333335,1.3545386890113065,0.4936708860759494,0.17467248908296945,0.2702702702702703,0.189873417721519,91.6,88.72,97.16157205240175,95.80703336339045,game_summary__345431b5-22c8-4a3b-a99a-9c83b0bfbd23__20260227T223336Z.json
2021,0b17f01d-2b4d-44c1-af38-c0cd8e897b0a,2021-07-11 17:00:00+00:00,2021-07-11,171b097d-01db-4ae8-9d56-035689402ec6,FR_LVA_ACES,5f0b5caf-708b-4300-92f2-53b51d83ec06,5f0b5caf-708b-4300-92f2-53b51d83ec06,0,0,7.630116915619407,0.42277014831683013,0.12553833648238538,0.19695528091118716,0.2847184060407697,dc85fc4c-daa3-422c-be79-92daee37b182,2021-07-10 02:30:00+00:00,-10.636325169255286,0.3805970149253731,0.18901209677419356,0.275,0.2835820895522388,22.225400187211036,0.5298507462686567,0.12315270935960591,0.2647058823529412,0.44776119402985076,81.2,83.36,116.99507389162562,94.76967370441459,game_summary__0b17f01d-2b4d-44c1-af38-c0cd8e897b0a__20260227T223338Z.json
2021,0b17f01d-2b4d-44c1-af38-c0cd8e897b0a,2021-07-11 17:00:00+00:00,2021-07-11,5f0b5caf-708b-4300-92f2-53b51d83ec06,5f0b5caf-708b-4300-92f2-53b51d83ec06,171b097d-01db-4ae8-9d56-035689402ec6,FR_LVA_ACES,1,0,2.2011301604268434,0.4301100174431085,0.1367162827438318,0.24220415075991542,0.19499998306716382,6cb9b5c3-c403-45f5-936d-53463dc1a151,2021-07-08 00:00:00+00:00,-8.707568133885573,0.4797297297297297,0.1717369970559372,0.2702702702702703,0.10810810810810811,-22.225400187211036,0.3795180722891566,0.08397312859884837,0.30612244897959184,0.2289156626506024,83.36,81.2,94.76967370441459,116.99507389162562,game_summary__0b17f01d-2b4d-44c1-af38-c0cd8e897b0a__20260227T223338Z.json
2021,5fc05663-ddc3-4ffa-9e08-63e6574f3d2c,2021-07-11 18:00:00+00:00,2021-07-11,08ed8274-e29f-4248-bc2e-83cc8ed18d75,08ed8274-e29f-4248-bc2e-83cc8ed18d75,a015b02d-845c-40c1-8ef4-844984f47e4d,a015b02d-845c-40c1-8ef4-844984f47e4d,1,0,-4.606687616768074,0.44261785238735996,0.1796635701425468,0.17201649619656206,0.20811422654896972,47c22f58-1eb2-4825-8db6-153631bcc9fc,2021-07-09 23:00:00+00:00,-19.446083536090043,0.4393939393939394,0.24177949709864605,0.2571428571428571,0.19696969696969696,-23.65116086920598,0.38392857142857145,0.21482277121374865,0.125,0.30357142857142855,74.48,73.84,72.50268528464017,96.15384615384615,game_summary__5fc05663-ddc3-4ffa-9e08-63e6574f3d2c__20260227T223340Z.json
2021,5fc05663-ddc3-4ffa-9e08-63e6574f3d2c,2021-07-11 18:00:00+00:00,2021-07-11,a015b02d-845c-40c1-8ef4-844984f47e4d,a015b02d-845c-40c1-8ef4-844984f47e4d,08ed8274-e29f-4248-bc2e-83cc8ed18d75,08ed8274-e29f-4248-bc2e-83cc8ed18d75,0,0,5.093509968076735,0.41758309210768685,0.15643297431454797,0.2602380407127905,0.22851438307232566,77ef1880-4723-4d29-bb50-431682889a1b,2021-07-09 23:00:00+00:00,16.259879876597793,0.5588235294117647,0.13798294029101857,0.16666666666666666,0.19117647058823528,23.65116086920598,0.4621212121212121,0.13542795232936078,0.19444444444444445,0.16666666666666666,73.84,74.48,96.15384615384615,72.50268528464017,game_summary__5fc05663-ddc3-4ffa-9e08-63e6574f3d2c__20260227T223340Z.json
2021,e52e1b19-f57e-4c66-8bc0-6136df40e39e,2021-07-11 21:00:00+00:00,2021-07-11,5d70a9af-8c2b-4aec-9e68-9acc6ddb93e4,5d70a9af-8c2b-4aec-9e68-9acc6ddb93e4,f073a15f-0486-4179-b0a3-dfd0294eb595,f073a15f-0486-4179-b0a3-dfd0294eb595,1,0,-8.992658962224354,0.3975145387750095,0.11511596840881382,0.1932643952426318,0.2062621910179293,77ef1880-4723-4d29-bb50-431682889a1b,2021-07-09 23:00:00+00:00,-16.259879876597793,0.4461538461538462,0.12376237623762376,0.08333333333333333,0.3076923076923077,-12.411970935287243,0.3618421052631579,0.08353221957040573,0.17777777777777778,0.2631578947368421,83.8,84.44,81.145584725537,93.55755566082425,game_summary__e52e1b19-f57e-4c66-8bc0-6136df40e39e__20260227T223342Z.json
2021,e52e1b19-f57e-4c66-8bc0-6136df40e39e,2021-07-11 21:00:00+00:00,2021-07-11,f073a15f-0486-4179-b0a3-dfd0294eb595,f073a15f-0486-4179-b0a3-dfd0294eb595,5d70a9af-8c2b-4aec-9e68-9acc6ddb93e4,5d70a9af-8c2b-4aec-9e68-9acc6ddb93e4,0,0,-9.706174913229756,0.383093845302778,0.14580976224741485,0.19342070920018878,0.2281824668240352,47c22f58-1eb2-4825-8db6-153631bcc9fc,2021-07-09 23:00:00+00:00,19.446083536090043,0.4859154929577465,0.11289513296537883,0.17142857142857143,0.18309859154929578,12.411970935287243,0.45384615384615384,0.23685457129322596,0.35294117647058826,0.4,84.44,83.8,93.55755566082425,81.145584725537,game_summary__e52e1b19-f57e-4c66-8bc0-6136df40e39e__20260227T223342Z.json
2021,88a8c9cd-dcfc-43a0-a88d-4d7e9dc28164,2021-07-11 22:00:00+00:00,2021-07-11,0699edf3-5993-4182-b9b4-ec935cbd4fcc,0699edf3-5993-4182-b9b4-ec935cbd4fcc,d6a012ed-84aa-48d3-8265-2d3f3ff2199a,d6a012ed-84aa-48d3-8265-2d3f3ff2199a,0,0,-1.3717367188721412,0.3970533791585556,0.13368466282851393,0.1767229569505439,0.28255166717766705,38fcc9e0-a736-491f-bdf2-368f7990e62d,2021-07-10 01:00:00+00:00,9.702002236704331,0.5,0.14910536779324055,0.25,0.24285714285714285,-16.728162880422303,0.4701492537313433,0.18509378084896347,0.2222222222222222,0.23880597014925373,81.04,75.04,92.54689042448173,109.27505330490403,game_summary__88a8c9cd-dcfc-43a0-a88d-4d7e9dc28164__20260227T223343Z.json
2021,88a8c9cd-dcfc-43a0-a88d-4d7e9dc28164,2021-07-11 22:00:00+00:00,2021-07-11,d6a012ed-84aa-48d3-8265-2d3f3ff2199a,d6a012ed-84aa-48d3-8265-2d3f3ff2199a,0699edf3-5993-4182-b9b4-ec935cbd4fcc,0699edf3-5993-4182-b9b4-ec935cbd4fcc,1,0,7.834935880900961,0.44153409609608374,0.1349546063867231,0.19102262150586757,0.21162029399049082,38fcc9e0-a736-491f-bdf2-368f7990e62d,2021-07-10 01:00:00+00:00,-9.702002236704331,0.4342105263157895,0.09965122072745392,0.23076923076923078,0.15789473684210525,16.728162880422303,0.5645161290322581,0.1599147121535181,0.2,0.25806451612903225,75.04,81.04,109.27505330490403,92.54689042448173,game_summary__88a8c9cd-dcfc-43a0-a88d-4d7e9dc28164__20260227T223343Z.json
2021,180e187d-a21d-4c46-b1e7-5524cde616f4,2021-07-12 01:00:00+00:00,2021-07-12,0a5ad38d-2fe3-43ba-894b-1ba3d5042ea9,0a5ad38d-2fe3-43ba-894b-1ba3d5042ea9,6f017f37-be96-4bdc-b6d3-0a0429c72e89,6f017f37-be96-4bdc-b6d3-0a0429c72e89,1,0,-6.3485056633954855,0.3702653083875991,0.1355532065793424,0.1486032982453272,0.19517931591667112,d54efaf1-81e3-4ca6-ae38-8779b265855c,2021-07-08 02:00:00+00:00,-15.684496582172244,0.3898305084745763,0.2284263959390863,0.23333333333333334,0.3389830508474576,-33.99719953067236,0.4,0.1961297071129707,0.17142857142857143,0.2833333333333333,76.48,75.6,79.75941422594141,113.75661375661377,game_summary__180e187d-a21d-4c46-b1e7-5524cde616f4__20260227T223345Z.json
2021,180e187d-a21d-4c46-b1e7-5524cde616f4,2021-07-12 01:00:00+00:00,2021-07-12,6f017f37-be96-4bdc-b6d3-0a0429c72e89,6f017f37-be96-4bdc-b6d3-0a0429c72e89,0a5ad38d-2fe3-43ba-894b-1ba3d5042ea9,0a5ad38d-2fe3-43ba-894b-1ba3d5042ea9,0,0,4.760385385726097,0.43738033061583076,0.1495191898795332,0.18191745799776193,0.1933783956531531,dc85fc4c-daa3-422c-be79-92daee37b182,2021-07-10 02:30:00+00:00,10.636325169255286,0.5133333333333333,0.14814814814814814,0.16216216216216217,0.0,33.99719953067236,0.635593220338983,0.2380952380952381,0.3076923076923077,0.2542372881355932,75.6,76.48,113.75661375661377,79.75941422594141,game_summary__180e187d-a21d-4c46-b1e7-5524cde616f4__20260227T223345Z.json
2021,089fab04-815d-4c96-ae19-0124c00bbd89,2021-08-15 20:00:00+00:00,2021-08-15,3c409388-ab73-4c7f-953d-3a71062240f6,3c409388-ab73-4c7f-953d-3a71062240f6,d6a012ed-84aa-48d3-8265-2d3f3ff2199a,d6a012ed-84aa-48d3-8265-2d3f3ff2199a,1,0,3.8914276241181804,0.4282921664922034,0.15237718574589318,0.20794068227370788,0.20228004445566697,345431b5-22c8-4a3b-a99a-9c83b0bfbd23,2021-07-11 00:00:00+00:00,-1.3545386890113065,0.47435897435897434,0.14652840396753833,0.19047619047619047,0.16666666666666666,1.9835953091409806,0.487012987012987,0.2032520325203252,0.22727272727272727,0.22077922077922077,93.48,93.32,93.06803594351733,91.08444063437635,game_summary__089fab04-815d-4c96-ae19-0124c00bbd89__20260227T223348Z.json
2021,089fab04-815d-4c96-ae19-0124c00bbd89,2021-08-15 20:00:00+00:00,2021-08-15,d6a012ed-84aa-48d3-8265-2d3f3ff2199a,d6a012ed-84aa-48d3-8265-2d3f3ff2199a,3c409388-ab73-4c7f-953d-3a71062240f6,3c409388-ab73-4c7f-953d-3a71062240f6,0,0,8.673356735285125,0.45312839152268175,0.13730775369800186,0.1918689758548104,0.21599888506982565,88a8c9cd-dcfc-43a0-a88d-4d7e9dc28164,2021-07-11 22:00:00+00:00,16.728162880422303,0.5645161290322581,0.1599147121535181,0.2,0.25806451612903225,-1.9835953091409806,0.38095238095238093,0.10715816545220747,0.2765957446808511,0.3333333333333333,93.32,93.48,91.08444063437635,93.06803594351733,game_summary__089fab04-815d-4c96-ae19-0124c00bbd89__20260227T223348Z.json
2021,7e3c9de2-e754-4588-b68f-3aec276ddcff,2021-08-15 20:00:00+00:00,2021-08-15,5f0b5caf-708b-4300-92f2-53b51d83ec06,5f0b5caf-708b-4300-92f2-53b51d83ec06,a015b02d-845c-40c1-8ef4-844984f47e4d,a015b02d-845c-40c1-8ef4-844984f47e4d,1,0,-0.10171361549493674,0.42534039423623254,0.13174385143587883,0.24823013370255337,0.19819742906228985,0b17f01d-2b4d-44c1-af38-c0cd8e897b0a,2021-07-11 17:00:00+00:00,-22.225400187211036,0.3795180722891566,0.08397312859884837,0.30612244897959184,0.2289156626506024,-31.268308140150125,0.5288461538461539,0.28135048231511256,0.038461538461538464,0.11538461538461539,74.64,72.52,79.04608788853162,110.31439602868174,game_summary__7e3c9de2-e754-4588-b68f-3aec276ddcff__20260227T223350Z.json
2021,7e3c9de2-e754-4588-b68f-3aec276ddcff,2021-08-15 20:00:00+00:00,2021-08-15,a015b02d-845c-40c1-8ef4-844984f47e4d,a015b02d-845c-40c1-8ef4-844984f47e4d,5f0b5caf-708b-4300-92f2-53b51d83ec06,5f0b5caf-708b-4300-92f2-53b51d83ec06,0,0,6.84305729490481,0.42178198286313634,0.15445269780972845,0.25403526154171097,0.22268360699595507,5fc05663-ddc3-4ffa-9e08-63e6574f3d2c,2021-07-11 18:00:00+00:00,23.65116086920598,0.4621212121212121,0.13542795232936078,0.19444444444444445,0.16666666666666666,31.268308140150125,0.553030303030303,0.1654715940430226,0.3,0.12121212121212122,72.52,74.64,110.31439602868174,79.04608788853162,game_summary__7e3c9de2-e754-4588-b68f-3aec276ddcff__20260227T223350Z.json
2021,3308cefc-e029-4fb2-9c57-63e14c9cabf9,2021-08-15 22:00:00+00:00,2021-08-15,0699edf3-5993-4182-b9b4-ec935cbd4fcc,0699edf3-5993-4182-b9b4-ec935cbd4fcc,5d70a9af-8c2b-4aec-9e68-9acc6ddb93e4,5d70a9af-8c2b-4aec-9e68-9acc6ddb93e4,1,0,-2.819484307384971,0.4039445903707031,0.13853132609890628,0.18101246095904222,0.27842748315760696,88a8c9cd-dcfc-43a0-a88d-4d7e9dc28164,2021-07-11 22:00:00+00:00,-16.728162880422303,0.4701492537313433,0.18509378084896347,0.2222222222222222,0.23880597014925373,17.188122812898442,0.5714285714285714,0.20364159080019165,0.3055555555555556,0.24285714285714285,83.48,87.08,110.20603737422137,93.01791456132293,game_summary__3308cefc-e029-4fb2-9c57-63e14c9cabf9__20260227T223352Z.json
2021,3308cefc-e029-4fb2-9c57-63e14c9cabf9,2021-08-15 22:00:00+00:00,2021-08-15,5d70a9af-8c2b-4aec-9e68-9acc6ddb93e4,5d70a9af-8c2b-4aec-9e68-9acc6ddb93e4,0699edf3-5993-4182-b9b4-ec935cbd4fcc,0699edf3-5993-4182-b9b4-ec935cbd4fcc,0,0,-9.315019165783275,0.3941514724567227,0.1121383682995196,0.19180437369509878,0.21162610948367483,e52e1b19-f57e-4c66-8bc0-6136df40e39e,2021-07-11 21:00:00+00:00,-12.411970935287243,0.3618421052631579,0.08353221957040573,0.17777777777777778,0.2631578947368421,-17.188122812898442,0.42777777777777776,0.10335323840146991,0.30612244897959184,0.07777777777777778,87.08,83.48,93.01791456132293,110.20603737422137,game_summary__3308cefc-e029-4fb2-9c57-63e14c9cabf9__20260227T223352Z.json
2021,7b6ed8e1-74d4-46fa-a9a3-82753778f6cb,2021-08-15 22:00:00+00:00,2021-08-15,171b097d-01db-4ae8-9d56-035689402ec6,FR_LVA_ACES,5c0d47fe-8539-47b0-9f36-d0b3609ca89b,5c0d47fe-8539-47b0-9f36-d0b3609ca89b,1,0,9.006106741495365,0.43286531472015816,0.1253134282988171,0.20334255935903223,0.300089482660577,0b17f01d-2b4d-44c1-af38-c0cd8e897b0a,2021-07-11 17:00:00+00:00,22.225400187211036,0.5298507462686567,0.12315270935960591,0.2647058823529412,0.44776119402985076,3.3491252035114485,0.5,0.13540128015755787,0.22857142857142856,0.30434782608695654,81.24,82.96,103.397341211226,100.04821600771456,game_summary__7b6ed8e1-74d4-46fa-a9a3-82753778f6cb__20260227T223353Z.json
2021,7b6ed8e1-74d4-46fa-a9a3-82753778f6cb,2021-08-15 22:00:00+00:00,2021-08-15,5c0d47fe-8539-47b0-9f36-d0b3609ca89b,5c0d47fe-8539-47b0-9f36-d0b3609ca89b,171b097d-01db-4ae8-9d56-035689402ec6,FR_LVA_ACES,0,0,-3.263723182012533,0.40255933675132094,0.12458333682831171,0.18657269582597505,0.1896409500552983,345431b5-22c8-4a3b-a99a-9c83b0bfbd23,2021-07-11 00:00:00+00:00,1.3545386890113065,0.4936708860759494,0.17467248908296945,0.2702702702702703,0.189873417721519,-3.3491252035114485,0.5205479452054794,0.14464802314368372,0.16666666666666666,0.1232876712328767,82.96,81.24,100.04821600771456,103.397341211226,game_summary__7b6ed8e1-74d4-46fa-a9a3-82753778f6cb__20260227T223353Z.json
2021,23c0ca5d-7ba0-4ed6-9879-60d3508a70b0,2021-08-15 23:00:00+00:00,2021-08-15,08ed8274-e29f-4248-bc2e-83cc8ed18d75,08ed8274-e29f-4248-bc2e-83cc8ed18d75,6f017f37-be96-4bdc-b6d3-0a0429c72e89,6f017f37-be96-4bdc-b6d3-0a0429c72e89,0,0,-6.402130771031959,0.4370848420315793,0.18297825078694824,0.16758395321600023,0.21711358177526713,5fc05663-ddc3-4ffa-9e08-63e6574f3d2c,2021-07-11 18:00:00+00:00,-23.65116086920598,0.38392857142857145,0.21482277121374865,0.125,0.30357142857142855,-13.539886638466356,0.49295774647887325,0.12683916793505834,0.2,0.15492957746478872,78.84,78.24,98.93455098934551,112.47443762781187,game_summary__23c0ca5d-7ba0-4ed6-9879-60d3508a70b0__20260227T223355Z.json
2021,23c0ca5d-7ba0-4ed6-9879-60d3508a70b0,2021-08-15 23:00:00+00:00,2021-08-15,6f017f37-be96-4bdc-b6d3-0a0429c72e89,6f017f37-be96-4bdc-b6d3-0a0429c72e89,08ed8274-e29f-4248-bc2e-83cc8ed18d75,08ed8274-e29f-4248-bc2e-83cc8ed18d75,1,0,7.516725091908812,0.4560671155545919,0.15786981513929335,0.1937750499547216,0.19911594903335444,180e187d-a21d-4c46-b1e7-5524cde616f4,2021-07-12 01:00:00+00:00,33.99719953067236,0.635593220338983,0.2380952380952381,0.3076923076923077,0.2542372881355932,13.539886638466356,0.5303030303030303,0.14059304703476483,0.25806451612903225,0.3181818181818182,78.24,78.84,112.47443762781187,98.93455098934551,game_summary__23c0ca5d-7ba0-4ed6-9879-60d3508a70b0__20260227T223355Z.json
2021,2a143dcf-041f-4313-a45f-3213090be2d7,2021-08-16 01:00:00+00:00,2021-08-16,0a5ad38d-2fe3-43ba-894b-1ba3d5042ea9,0a5ad38d-2fe3-43ba-894b-1ba3d5042ea9,f073a15f-0486-4179-b0a3-dfd0294eb595,f073a15f-0486-4179-b0a3-dfd0294eb595,1,0,-8.955123209091344,0.373068586157059,0.14126413708136837,0.15075518136321878,0.20349015365912979,180e187d-a21d-4c46-b1e7-5524cde616f4,2021-07-12 01:00:00+00:00,-33.99719953067236,0.4,0.1961297071129707,0.17142857142857143,0.2833333333333333,7.398423242142002,0.49242424242424243,0.18712574850299402,0.22580645161290322,0.21212121212121213,80.16,81.24,93.562874251497,86.164451009355,game_summary__2a143dcf-041f-4313-a45f-3213090be2d7__20260227T223357Z.json
2021,2a143dcf-041f-4313-a45f-3213090be2d7,2021-08-16 01:00:00+00:00,2021-08-16,f073a15f-0486-4179-b0a3-dfd0294eb595,f073a15f-0486-4179-b0a3-dfd0294eb595,0a5ad38d-2fe3-43ba-894b-1ba3d5042ea9,0a5ad38d-2fe3-43ba-894b-1ba3d5042ea9,0,0,-7.62095716935509,0.389764113697117,0.15439313323204623,0.20845971432935143,0.24438079426707982,e52e1b19-f57e-4c66-8bc0-6136df40e39e,2021-07-11 21:00:00+00:00,12.411970935287243,0.45384615384615384,0.23685457129322596,0.35294117647058826,0.4,-7.398423242142002,0.3611111111111111,0.18463810930576072,0.3333333333333333,0.2916666666666667,81.24,80.16,86.164451009355,93.562874251497,game_summary__2a143dcf-041f-4313-a45f-3213090be2d7__20260227T223357Z.json
2021,6b1fd58c-82ab-4a3b-b8f1-8aec56bacc18,2021-08-17 23:00:00+00:00,2021-08-17,6f017f37-be96-4bdc-b6d3-0a0429c72e89,6f017f37-be96-4bdc-b6d3-0a0429c72e89,a015b02d-845c-40c1-8ef4-844984f47e4d,a015b02d-845c-40c1-8ef4-844984f47e4d,0,0,8.084566692064799,0.46306580557709165,0.15624102474903617,0.19983602525206515,0.21034104288790476,23c0ca5d-7ba0-4ed6-9879-60d3508a70b0,2021-08-15 23:00:00+00:00,13.539886638466356,0.5303030303030303,0.14059304703476483,0.25806451612903225,0.3181818181818182,-10.91780498916961,0.4583333333333333,0.2305327868852459,0.0967741935483871,0.11666666666666667,78.08,82.04,76.84426229508196,87.76206728425157,game_summary__6b1fd58c-82ab-4a3b-b8f1-8aec56bacc18__20260227T223358Z.json
2021,6b1fd58c-82ab-4a3b-b8f1-8aec56bacc18,2021-08-17 23:00:00+00:00,2021-08-17,a015b02d-845c-40c1-8ef4-844984f47e4d,a015b02d-845c-40c1-8ef4-844984f47e4d,6f017f37-be96-4bdc-b6d3-0a0429c72e89,6f017f37-be96-4bdc-b6d3-0a0429c72e89,1,0,9.145780444029453,0.43415559356001443,0.15549151897045965,0.25836864865662634,0.21311724713455812,7e3c9de2-e754-4588-b68f-3aec276ddcff,2021-08-15 20:00:00+00:00,31.268308140150125,0.553030303030303,0.1654715940430226,0.3,0.12121212121212122,10.91780498916961,0.48333333333333334,0.20721599219892733,0.09523809523809523,0.26666666666666666,82.04,78.08,87.76206728425157,76.84426229508196,game_summary__6b1fd58c-82ab-4a3b-b8f1-8aec56bacc18__20260227T223358Z.json
2021,017e9cbf-5a32-4a58-aa69-caaa136dbbd2,2021-08-18 00:00:00+00:00,2021-08-18,3c409388-ab73-4c7f-953d-3a71062240f6,3c409388-ab73-4c7f-953d-3a71062240f6,5f0b5caf-708b-4300-92f2-53b51d83ec06,5f0b5caf-708b-4300-92f2-53b51d83ec06,1,0,3.7115641842632217,0.4338281502823197,0.15717347988092184,0.2097632366385007,0.20402407901358752,089fab04-815d-4c96-ae19-0124c00bbd89,2021-08-15 20:00:00+00:00,1.9835953091409806,0.487012987012987,0.2032520325203252,0.22727272727272727,0.22077922077922077,6.0729454662018725,0.4722222222222222,0.13241525423728814,0.25,0.1111111111111111,75.52,84.6,100.63559322033899,94.56264775413712,game_summary__017e9cbf-5a32-4a58-aa69-caaa136dbbd2__20260227T223400Z.json
2021,017e9cbf-5a32-4a58-aa69-caaa136dbbd2,2021-08-18 00:00:00+00:00,2021-08-18,5f0b5caf-708b-4300-92f2-53b51d83ec06,5f0b5caf-708b-4300-92f2-53b51d83ec06,3c409388-ab73-4c7f-953d-3a71062240f6,3c409388-ab73-4c7f-953d-3a71062240f6,0,0,-3.039985944652016,0.43509853797983683,0.14584821639699524,0.22845391919072278,0.19039014043676286,7e3c9de2-e754-4588-b68f-3aec276ddcff,2021-08-15 20:00:00+00:00,-31.268308140150125,0.5288461538461539,0.28135048231511256,0.038461538461538464,0.11538461538461539,-6.0729454662018725,0.42948717948717946,0.1773049645390071,0.40540540540540543,0.19230769230769232,84.6,75.52,94.56264775413712,100.63559322033899,game_summary__017e9cbf-5a32-4a58-aa69-caaa136dbbd2__20260227T223400Z.json
2021,739f2540-2616-4e40-a88f-9a2c23ca61a1,2021-08-18 02:00:00+00:00,2021-08-18,171b097d-01db-4ae8-9d56-035689402ec6,FR_LVA_ACES,5c0d47fe-8539-47b0-9f36-d0b3609ca89b,5c0d47fe-8539-47b0-9f36-d0b3609ca89b,1,0,8.472787250767512,0.4391945268491375,0.1262644740075077,0.20572104470314212,0.30049094367512197,7b6ed8e1-74d4-46fa-a9a3-82753778f6cb,2021-08-15 22:00:00+00:00,3.3491252035114485,0.5,0.13540128015755787,0.22857142857142856,0.30434782608695654,13.177977749164512,0.6166666666666667,0.17258382642998027,0.1111111111111111,0.38333333333333336,81.12,81.8,114.64497041420118,101.46699266503667,game_summary__739f2540-2616-4e40-a88f-9a2c23ca61a1__20260227T223402Z.json
2021,739f2540-2616-4e40-a88f-9a2c23ca61a1,2021-08-18 02:00:00+00:00,2021-08-18,5c0d47fe-8539-47b0-9f36-d0b3609ca89b,5c0d47fe-8539-47b0-9f36-d0b3609ca89b,171b097d-01db-4ae8-9d56-035689402ec6,FR_LVA_ACES,0,0,-3.271774571663906,0.41368287041497964,0.12647496193181912,0.18469602833777965,0.18338540606384507,7b6ed8e1-74d4-46fa-a9a3-82753778f6cb,2021-08-15 22:00:00+00:00,-3.3491252035114485,0.5205479452054794,0.14464802314368372,0.16666666666666666,0.1232876712328767,-13.177977749164512,0.4642857142857143,0.097799511002445,0.1282051282051282,0.2857142857142857,81.8,81.12,101.46699266503667,114.64497041420118,game_summary__739f2540-2616-4e40-a88f-9a2c23ca61a1__20260227T223402Z.json
2021,e142fc24-30a7-4df3-9bbd-dbcc714573fb,2021-08-18 02:00:00+00:00,2021-08-18,0699edf3-5993-4182-b9b4-ec935cbd4fcc,0699edf3-5993-4182-b9b4-ec935cbd4fcc,f073a15f-0486-4179-b0a3-dfd0294eb595,f073a15f-0486-4179-b0a3-dfd0294eb595,1,0,-0.9332404212372813,0.4197343663993322,0.14466968327375057,0.19275392755883514,0.27507404181319334,3308cefc-e029-4fb2-9c57-63e14c9cabf9,2021-08-15 22:00:00+00:00,17.188122812898442,0.5714285714285714,0.20364159080019165,0.3055555555555556,0.24285714285714285,-4.075942724492293,0.4626865671641791,0.1675442795595979,0.22857142857142856,0.3582089552238806,83.56,76.48,100.52656773575875,104.60251046025104,game_summary__e142fc24-30a7-4df3-9bbd-dbcc714573fb__20260227T223404Z.json
2021,e142fc24-30a7-4df3-9bbd-dbcc714573fb,2021-08-18 02:00:00+00:00,2021-08-18,f073a15f-0486-4179-b0a3-dfd0294eb595,f073a15f-0486-4179-b0a3-dfd0294eb595,0699edf3-5993-4182-b9b4-ec935cbd4fcc,0699edf3-5993-4182-b9b4-ec935cbd4fcc,0,0,-7.599977486120477,0.3870628136054715,0.15724451875070183,0.2202323415591518,0.24883873304899734,2a143dcf-041f-4313-a45f-3213090be2d7,2021-08-16 01:00:00+00:00,-7.398423242142002,0.3611111111111111,0.18463810930576072,0.3333333333333333,0.2916666666666667,4.075942724492293,0.5303030303030303,0.18305439330543932,0.2894736842105263,0.25757575757575757,76.48,83.56,104.60251046025104,100.52656773575875,game_summary__e142fc24-30a7-4df3-9bbd-dbcc714573fb__20260227T223404Z.json
2021,dfed376f-95ad-46f9-ba3c-3775ad2590fa,2021-08-18 02:30:00+00:00,2021-08-18,0a5ad38d-2fe3-43ba-894b-1ba3d5042ea9,0a5ad38d-2fe3-43ba-894b-1ba3d5042ea9,5d70a9af-8c2b-4aec-9e68-9acc6ddb93e4,5d70a9af-8c2b-4aec-9e68-9acc6ddb93e4,1,0,-7.4133707733790715,0.38432100007930575,0.1455878017571518,0.1578307401146983,0.2043038582244589,2a143dcf-041f-4313-a45f-3213090be2d7,2021-08-16 01:00:00+00:00,7.398423242142002,0.49242424242424243,0.18712574850299402,0.22580645161290322,0.21212121212121213,2.066330580050476,0.4695121951219512,0.15723270440251572,0.16216216216216217,0.12195121951219512,95.4,91.92,89.09853249475891,87.03220191470844,game_summary__dfed376f-95ad-46f9-ba3c-3775ad2590fa__20260227T223405Z.json
2021,dfed376f-95ad-46f9-ba3c-3775ad2590fa,2021-08-18 02:30:00+00:00,2021-08-18,5d70a9af-8c2b-4aec-9e68-9acc6ddb93e4,5d70a9af-8c2b-4aec-9e68-9acc6ddb93e4,0a5ad38d-2fe3-43ba-894b-1ba3d5042ea9,0a5ad38d-2fe3-43ba-894b-1ba3d5042ea9,0,0,-10.057266528503765,0.39732163730673487,0.11131013844376589,0.20258186294132363,0.19900737922605372,3308cefc-e029-4fb2-9c57-63e14c9cabf9,2021-08-15 22:00:00+00:00,-17.188122812898442,0.42777777777777776,0.10335323840146991,0.30612244897959184,0.07777777777777778,-2.066330580050476,0.4147727272727273,0.1414273281114012,0.3269230769230769,0.20454545454545456,91.92,95.4,87.03220191470844,89.09853249475891,game_summary__dfed376f-95ad-46f9-ba3c-3775ad2590fa__20260227T223405Z.json
2021,b77844e6-b218-4023-8f31-11b083ff7466,2021-08-18 23:00:00+00:00,2021-08-18,08ed8274-e29f-4248-bc2e-83cc8ed18d75,08ed8274-e29f-4248-bc2e-83cc8ed18d75,d6a012ed-84aa-48d3-8265-2d3f3ff2199a,d6a012ed-84aa-48d3-8265-2d3f3ff2199a,1,0,-7.075052239592473,0.44235233472980307,0.17768566376408712,0.1706400193258455,0.2112511017074778,23c0ca5d-7ba0-4ed6-9879-60d3508a70b0,2021-08-15 23:00:00+00:00,-13.539886638466356,0.49295774647887325,0.12683916793505834,0.2,0.15492957746478872,10.727976044834378,0.6166666666666667,0.26119402985074625,0.18518518518518517,0.16666666666666666,80.4,85.4,103.23383084577114,92.50585480093676,game_summary__b77844e6-b218-4023-8f31-11b083ff7466__20260227T223407Z.json
2021,b77844e6-b218-4023-8f31-11b083ff7466,2021-08-18 23:00:00+00:00,2021-08-18,d6a012ed-84aa-48d3-8265-2d3f3ff2199a,d6a012ed-84aa-48d3-8265-2d3f3ff2199a,08ed8274-e29f-4248-bc2e-83cc8ed18d75,08ed8274-e29f-4248-bc2e-83cc8ed18d75,0,0,7.668658346421364,0.44632390171806424,0.13446536099423637,0.19985670515848855,0.22706074690772535,089fab04-815d-4c96-ae19-0124c00bbd89,2021-08-15 20:00:00+00:00,-1.9835953091409806,0.38095238095238093,0.10715816545220747,0.2765957446808511,0.3333333333333333,-10.727976044834378,0.5,0.16393442622950818,0.13333333333333333,0.14084507042253522,85.4,80.4,92.50585480093676,103.23383084577114,game_summary__b77844e6-b218-4023-8f31-11b083ff7466__20260227T223407Z.json
2021,461f65f4-f99f-4cf4-b111-55b7b2fd523a,2021-08-19 23:00:00+00:00,2021-08-19,6f017f37-be96-4bdc-b6d3-0a0429c72e89,6f017f37-be96-4bdc-b6d3-0a0429c72e89,a015b02d-845c-40c1-8ef4-844984f47e4d,a015b02d-845c-40c1-8ef4-844984f47e4d,0,0,6.293092719662712,0.4626196454349773,0.16324497985861547,0.19011973340479246,0.2015097659454022,6b1fd58c-82ab-4a3b-b8f1-8aec56bacc18,2021-08-17 23:00:00+00:00,-10.91780498916961,0.4583333333333333,0.2305327868852459,0.0967741935483871,0.11666666666666667,-7.068062827225134,0.4621212121212121,0.14397905759162302,0.15151515151515152,0.15151515151515152,76.4,82.0,92.93193717277487,100.0,game_summary__461f65f4-f99f-4cf4-b111-55b7b2fd523a__20260227T223409Z.json
2021,461f65f4-f99f-4cf4-b111-55b7b2fd523a,2021-08-19 23:00:00+00:00,2021-08-19,a015b02d-845c-40c1-8ef4-844984f47e4d,a015b02d-845c-40c1-8ef4-844984f47e4d,6f017f37-be96-4bdc-b6d3-0a0429c72e89,6f017f37-be96-4bdc-b6d3-0a0429c72e89,1,0,9.312840424979685,0.43879189066562607,0.16036791277431922,0.2429892978337262,0.2181656901888401,6b1fd58c-82ab-4a3b-b8f1-8aec56bacc18,2021-08-17 23:00:00+00:00,10.91780498916961,0.48333333333333334,0.20721599219892733,0.09523809523809523,0.26666666666666666,7.068062827225134,0.5363636363636364,0.23170731707317074,0.15,0.45454545454545453,82.0,76.4,100.0,92.93193717277487,game_summary__461f65f4-f99f-4cf4-b111-55b7b2fd523a__20260227T223409Z.json
2021,b5cba86b-884d-4bc3-99da-141f610e6f8f,2021-08-20 02:00:00+00:00,2021-08-20,0699edf3-5993-4182-b9b4-ec935cbd4fcc,0699edf3-5993-4182-b9b4-ec935cbd4fcc,5c0d47fe-8539-47b0-9f36-d0b3609ca89b,5c0d47fe-8539-47b0-9f36-d0b3609ca89b,1,0,-1.2295228786975445,0.423783742499243,0.1468262163930227,0.19613067030952624,0.28291169682129036,e142fc24-30a7-4df3-9bbd-dbcc714573fb,2021-08-18 02:00:00+00:00,-4.075942724492293,0.4626865671641791,0.1675442795595979,0.22857142857142856,0.3582089552238806,22.845583658688398,0.5483870967741935,0.24765380604796663,0.3333333333333333,0.20967741935483872,76.72,82.56,100.36496350364963,77.51937984496124,game_summary__b5cba86b-884d-4bc3-99da-141f610e6f8f__20260227T223410Z.json
2021,b5cba86b-884d-4bc3-99da-141f610e6f8f,2021-08-20 02:00:00+00:00,2021-08-20,5c0d47fe-8539-47b0-9f36-d0b3609ca89b,5c0d47fe-8539-47b0-9f36-d0b3609ca89b,0699edf3-5993-4182-b9b4-ec935cbd4fcc,0699edf3-5993-4182-b9b4-ec935cbd4fcc,0,0,-4.205695108295908,0.41845352111293815,0.12377154549261757,0.1793702732708397,0.19303259787726829,739f2540-2616-4e40-a88f-9a2c23ca61a1,2021-08-18 02:00:00+00:00,-13.177977749164512,0.4642857142857143,0.097799511002445,0.1282051282051282,0.2857142857142857,-22.845583658688398,0.32,0.13323643410852712,0.2916666666666667,0.32,82.56,76.72,77.51937984496124,100.36496350364963,game_summary__b5cba86b-884d-4bc3-99da-141f610e6f8f__20260227T223410Z.json
2021,94c3c2cc-bb13-4509-a3af-180e38ba6552,2021-08-20 02:30:00+00:00,2021-08-20,0a5ad38d-2fe3-43ba-894b-1ba3d5042ea9,0a5ad38d-2fe3-43ba-894b-1ba3d5042ea9,5d70a9af-8c2b-4aec-9e68-9acc6ddb93e4,5d70a9af-8c2b-4aec-9e68-9acc6ddb93e4,1,0,-6.519659265905249,0.3923525137849052,0.14668564050856023,0.15823909071385972,0.19653995320846832,dfed376f-95ad-46f9-ba3c-3775ad2590fa,2021-08-18 02:30:00+00:00,2.066330580050476,0.4695121951219512,0.15723270440251572,0.16216216216216217,0.12195121951219512,7.683690040188253,0.49107142857142855,0.25510204081632654,0.25806451612903225,0.30357142857142855,74.48,79.08,88.61439312567131,80.93070308548306,game_summary__94c3c2cc-bb13-4509-a3af-180e38ba6552__20260227T223412Z.json
2021,94c3c2cc-bb13-4509-a3af-180e38ba6552,2021-08-20 02:30:00+00:00,2021-08-20,5d70a9af-8c2b-4aec-9e68-9acc6ddb93e4,5d70a9af-8c2b-4aec-9e68-9acc6ddb93e4,0a5ad38d-2fe3-43ba-894b-1ba3d5042ea9,0a5ad38d-2fe3-43ba-894b-1ba3d5042ea9,0,0,-9.303910368181766,0.3989668621233295,0.11414947672829948,0.21430429697650083,0.19952948867419734,dfed376f-95ad-46f9-ba3c-3775ad2590fa,2021-08-18 02:30:00+00:00,-2.066330580050476,0.4147727272727273,0.1414273281114012,0.3269230769230769,0.20454545454545456,-7.683690040188253,0.45454545454545453,0.26555386949924126,0.3142857142857143,0.10606060606060606,79.08,74.48,80.93070308548306,88.61439312567131,game_summary__94c3c2cc-bb13-4509-a3af-180e38ba6552__20260227T223412Z.json
2021,339da74c-c997-4d7f-af53-7e3b6ec7a803,2021-08-20 23:00:00+00:00,2021-08-20,08ed8274-e29f-4248-bc2e-83cc8ed18d75,08ed8274-e29f-4248-bc2e-83cc8ed18d75,d6a012ed-84aa-48d3-8265-2d3f3ff2199a,d6a012ed-84aa-48d3-8265-2d3f3ff2199a,1,0,-5.396647967930683,0.4587860512110956,0.1855585265220456,0.17201128426573775,0.20704784454096625,b77844e6-b218-4023-8f31-11b083ff7466,2021-08-18 23:00:00+00:00,10.727976044834378,0.6166666666666667,0.26119402985074625,0.18518518518518517,0.16666666666666666,-25.179845675190393,0.4714285714285714,0.1199616122840691,0.13513513513513514,0.2714285714285714,83.36,79.36,99.56813819577735,124.74798387096774,game_summary__339da74c-c997-4d7f-af53-7e3b6ec7a803__20260227T223414Z.json
2021,339da74c-c997-4d7f-af53-7e3b6ec7a803,2021-08-20 23:00:00+00:00,2021-08-20,d6a012ed-84aa-48d3-8265-2d3f3ff2199a,d6a012ed-84aa-48d3-8265-2d3f3ff2199a,08ed8274-e29f-4248-bc2e-83cc8ed18d75,08ed8274-e29f-4248-bc2e-83cc8ed18d75,0,0,5.9342910661371775,0.45138428758069554,0.1372435964821857,0.19358512542200323,0.21893264884569313,b77844e6-b218-4023-8f31-11b083ff7466,2021-08-18 23:00:00+00:00,-10.727976044834378,0.5,0.16393442622950818,0.13333333333333333,0.14084507042253522,25.179845675190393,0.5882352941176471,0.15120967741935484,0.2727272727272727,0.27941176470588236,79.36,83.36,124.74798387096774,99.56813819577735,game_summary__339da74c-c997-4d7f-af53-7e3b6ec7a803__20260227T223414Z.json
2021,ed699f5b-4208-4956-ac96-3ed93ce46266,2021-08-21 00:00:00+00:00,2021-08-21,5f0b5caf-708b-4300-92f2-53b51d83ec06,5f0b5caf-708b-4300-92f2-53b51d83ec06,f073a15f-0486-4179-b0a3-dfd0294eb595,f073a15f-0486-4179-b0a3-dfd0294eb595,1,0,-3.3259222547796314,0.4345695196626475,0.1488138433459973,0.24513625691409888,0.19057092020073796,017e9cbf-5a32-4a58-aa69-caaa136dbbd2,2021-08-18 00:00:00+00:00,-6.0729454662018725,0.42948717948717946,0.1773049645390071,0.40540540540540543,0.19230769230769232,-5.1083150139893405,0.5416666666666666,0.1975763962065332,0.28,0.3,75.92,74.24,106.69125395152793,111.79956896551727,game_summary__ed699f5b-4208-4956-ac96-3ed93ce46266__20260227T223415Z.json
2021,ed699f5b-4208-4956-ac96-3ed93ce46266,2021-08-21 00:00:00+00:00,2021-08-21,f073a15f-0486-4179-b0a3-dfd0294eb595,f073a15f-0486-4179-b0a3-dfd0294eb595,5f0b5caf-708b-4300-92f2-53b51d83ec06,5f0b5caf-708b-4300-92f2-53b51d83ec06,0,0,-6.499214512316911,0.4005669763657613,0.1596777791495307,0.22676016162577067,0.24966242770661667,e142fc24-30a7-4df3-9bbd-dbcc714573fb,2021-08-18 02:00:00+00:00,4.075942724492293,0.5303030303030303,0.18305439330543932,0.2894736842105263,0.25757575757575757,5.1083150139893405,0.5078125,0.14816810344827588,0.30303030303030304,0.328125,74.24,75.92,111.79956896551727,106.69125395152793,game_summary__ed699f5b-4208-4956-ac96-3ed93ce46266__20260227T223415Z.json
2021,4feffe06-b2e7-4cea-a2a0-db2f5683a643,2021-08-21 16:00:00+00:00,2021-08-21,0699edf3-5993-4182-b9b4-ec935cbd4fcc,0699edf3-5993-4182-b9b4-ec935cbd4fcc,5d70a9af-8c2b-4aec-9e68-9acc6ddb93e4,5d70a9af-8c2b-4aec-9e68-9acc6ddb93e4,0,0,1.0401899481032668,0.4355308901607116,0.15633187208679325,0.20906563463264474,0.27600743749147294,b5cba86b-884d-4bc3-99da-141f610e6f8f,2021-08-20 02:00:00+00:00,22.845583658688398,0.5483870967741935,0.24765380604796663,0.3333333333333333,0.20967741935483872,17.34439856790719,0.6052631578947368,0.2974714923153198,0.35714285714285715,0.38596491228070173,80.68,79.52,104.11502231036192,86.77062374245473,game_summary__4feffe06-b2e7-4cea-a2a0-db2f5683a643__20260227T223417Z.json
2021,4feffe06-b2e7-4cea-a2a0-db2f5683a643,2021-08-21 16:00:00+00:00,2021-08-21,5d70a9af-8c2b-4aec-9e68-9acc6ddb93e4,5d70a9af-8c2b-4aec-9e68-9acc6ddb93e4,0699edf3-5993-4182-b9b4-ec935cbd4fcc,0699edf3-5993-4182-b9b4-ec935cbd4fcc,1,0,-9.151161932573407,0.40420660816225723,0.12842332809309212,0.2237301786421147,0.1907175849160409,94c3c2cc-bb13-4509-a3af-180e38ba6552,2021-08-20 02:30:00+00:00,-7.683690040188253,0.45454545454545453,0.26555386949924126,0.3142857142857143,0.10606060606060606,-17.34439856790719,0.4375,0.12575452716297789,0.13953488372093023,0.1111111111111111,79.52,80.68,86.77062374245473,104.11502231036192,game_summary__4feffe06-b2e7-4cea-a2a0-db2f5683a643__20260227T223417Z.json
2021,ab04d6bf-7569-440d-adbc-613189264568,2021-08-22 00:00:00+00:00,2021-08-22,3c409388-ab73-4c7f-953d-3a71062240f6,3c409388-ab73-4c7f-953d-3a71062240f6,6f017f37-be96-4bdc-b6d3-0a0429c72e89,6f017f37-be96-4bdc-b6d3-0a0429c72e89,1,0,3.9341865588001967,0.4374478026988016,0.15483936508791268,0.21355661125010314,0.1952645848573768,017e9cbf-5a32-4a58-aa69-caaa136dbbd2,2021-08-18 00:00:00+00:00,6.0729454662018725,0.4722222222222222,0.13241525423728814,0.25,0.1111111111111111,-6.656772538856657,0.541095890410959,0.10302197802197802,0.09375,0.2602739726027397,87.36,87.52,108.74542124542124,115.4021937842779,game_summary__ab04d6bf-7569-440d-adbc-613189264568__20260227T223419Z.json
2021,ab04d6bf-7569-440d-adbc-613189264568,2021-08-22 00:00:00+00:00,2021-08-22,6f017f37-be96-4bdc-b6d3-0a0429c72e89,6f017f37-be96-4bdc-b6d3-0a0429c72e89,3c409388-ab73-4c7f-953d-3a71062240f6,3c409388-ab73-4c7f-953d-3a71062240f6,0,0,5.033451933502148,0.4625726549685467,0.16142865930270703,0.18648023488161317,0.19679645689037936,461f65f4-f99f-4cf4-b111-55b7b2fd523a,2021-08-19 23:00:00+00:00,-7.068062827225134,0.4621212121212121,0.14397905759162302,0.15151515151515152,0.15151515151515152,6.656772538856657,0.5793650793650794,0.15996343692870202,0.16666666666666666,0.5238095238095238,87.52,87.36,115.4021937842779,108.74542124542124,game_summary__ab04d6bf-7569-440d-adbc-613189264568__20260227T223419Z.json
2021,a29d3c76-c8eb-4907-b6de-d26f24d829ba,2021-08-22 18:00:00+00:00,2021-08-22,08ed8274-e29f-4248-bc2e-83cc8ed18d75,08ed8274-e29f-4248-bc2e-83cc8ed18d75,0a5ad38d-2fe3-43ba-894b-1ba3d5042ea9,0a5ad38d-2fe3-43ba-894b-1ba3d5042ea9,1,0,-7.26173535691381,0.4599779416916687,0.1793742898120944,0.1685347360496468,0.21311742356395585,339da74c-c997-4d7f-af53-7e3b6ec7a803,2021-08-20 23:00:00+00:00,-25.179845675190393,0.4714285714285714,0.1199616122840691,0.13513513513513514,0.2714285714285714,-14.12371168881782,0.5396825396825397,0.2828546562228024,0.18518518518518517,0.2857142857142857,91.92,82.36,90.29590948651001,104.41962117532783,game_summary__a29d3c76-c8eb-4907-b6de-d26f24d829ba__20260227T223421Z.json
2021,a29d3c76-c8eb-4907-b6de-d26f24d829ba,2021-08-22 18:00:00+00:00,2021-08-22,0a5ad38d-2fe3-43ba-894b-1ba3d5042ea9,0a5ad38d-2fe3-43ba-894b-1ba3d5042ea9,08ed8274-e29f-4248-bc2e-83cc8ed18d75,08ed8274-e29f-4248-bc2e-83cc8ed18d75,0,0,-5.18061953814697,0.40165937133882224,0.15690674146327388,0.16765026603529887,0.20663048851411617,94c3c2cc-bb13-4509-a3af-180e38ba6552,2021-08-20 02:30:00+00:00,7.683690040188253,0.49107142857142855,0.25510204081632654,0.25806451612903225,0.30357142857142855,14.12371168881782,0.5294117647058824,0.12141816415735794,0.11764705882352941,0.27941176470588236,82.36,91.92,104.41962117532783,90.29590948651001,game_summary__a29d3c76-c8eb-4907-b6de-d26f24d829ba__20260227T223421Z.json
2021,dcfd1a7a-161d-44d2-8e05-a800dced8765,2021-08-22 19:00:00+00:00,2021-08-22,5c0d47fe-8539-47b0-9f36-d0b3609ca89b,5c0d47fe-8539-47b0-9f36-d0b3609ca89b,d6a012ed-84aa-48d3-8265-2d3f3ff2199a,d6a012ed-84aa-48d3-8265-2d3f3ff2199a,1,0,-5.962995499356071,0.40917168390209424,0.12466386050947578,0.1899571657565771,0.2050026193073305,b5cba86b-884d-4bc3-99da-141f610e6f8f,2021-08-20 02:00:00+00:00,-22.845583658688398,0.32,0.13323643410852712,0.2916666666666667,0.32,-11.190181712010087,0.4144736842105263,0.16846361185983827,0.20454545454545456,0.21052631578947367,89.04,86.04,87.6010781671159,98.79125987912599,game_summary__dcfd1a7a-161d-44d2-8e05-a800dced8765__20260227T223422Z.json
2021,dcfd1a7a-161d-44d2-8e05-a800dced8765,2021-08-22 19:00:00+00:00,2021-08-22,d6a012ed-84aa-48d3-8265-2d3f3ff2199a,d6a012ed-84aa-48d3-8265-2d3f3ff2199a,5c0d47fe-8539-47b0-9f36-d0b3609ca89b,5c0d47fe-8539-47b0-9f36-d0b3609ca89b,0,0,7.748691433887597,0.4642860990187955,0.13856026741753572,0.20104635707223018,0.2246343982775504,339da74c-c997-4d7f-af53-7e3b6ec7a803,2021-08-20 23:00:00+00:00,25.179845675190393,0.5882352941176471,0.15120967741935484,0.2727272727272727,0.27941176470588236,11.190181712010087,0.4864864864864865,0.1394700139470014,0.1794871794871795,0.21621621621621623,86.04,89.04,98.79125987912599,87.6010781671159,game_summary__dcfd1a7a-161d-44d2-8e05-a800dced8765__20260227T223422Z.json
2021,001b19cc-5185-4b46-b5f4-605b1b5d188b,2021-08-24 23:00:00+00:00,2021-08-24,171b097d-01db-4ae8-9d56-035689402ec6,FR_LVA_ACES,a015b02d-845c-40c1-8ef4-844984f47e4d,a015b02d-845c-40c1-8ef4-844984f47e4d,0,0,8.916375369896663,0.45592594988637775,0.13063129282756714,0.1968015668398503,0.3083010206157198,739f2540-2616-4e40-a88f-9a2c23ca61a1,2021-08-18 02:00:00+00:00,13.177977749164512,0.6166666666666667,0.17258382642998027,0.1111111111111111,0.38333333333333336,-14.859261929901379,0.42063492063492064,0.18567639257294427,0.16216216216216217,0.15873015873015872,75.4,78.28,82.22811671087533,97.0873786407767,game_summary__001b19cc-5185-4b46-b5f4-605b1b5d188b__20260227T223424Z.json
2021,001b19cc-5185-4b46-b5f4-605b1b5d188b,2021-08-24 23:00:00+00:00,2021-08-24,a015b02d-845c-40c1-8ef4-844984f47e4d,a015b02d-845c-40c1-8ef4-844984f47e4d,171b097d-01db-4ae8-9d56-035689402ec6,FR_LVA_ACES,1,0,9.101211018520916,0.44799059732140845,0.16709353040521063,0.23422260757129026,0.24045070821454292,461f65f4-f99f-4cf4-b111-55b7b2fd523a,2021-08-19 23:00:00+00:00,7.068062827225134,0.5363636363636364,0.23170731707317074,0.15,0.45454545454545453,14.859261929901379,0.4925373134328358,0.17884517118037813,0.25,0.1791044776119403,78.28,75.4,97.0873786407767,82.22811671087533,game_summary__001b19cc-5185-4b46-b5f4-605b1b5d188b__20260227T223424Z.json
2021,7f134788-62ff-4dd2-a9d0-9a025a3e7f45,2021-08-24 23:00:00+00:00,2021-08-24,6f017f37-be96-4bdc-b6d3-0a0429c72e89,6f017f37-be96-4bdc-b6d3-0a0429c72e89,d6a012ed-84aa-48d3-8265-2d3f3ff2199a,d6a012ed-84aa-48d3-8265-2d3f3ff2199a,1,0,5.186492651899868,0.4735834167823865,0.16129052350624729,0.18461228427245088,0.22762605057733815,ab04d6bf-7569-440d-adbc-613189264568,2021-08-22 00:00:00+00:00,6.656772538856657,0.5793650793650794,0.15996343692870202,0.16666666666666666,0.5238095238095238,8.498197891350046,0.4621212121212121,0.14807502467917077,0.11428571428571428,0.24242424242424243,81.04,82.08,93.78084896347481,85.28265107212476,game_summary__7f134788-62ff-4dd2-a9d0-9a025a3e7f45__20260227T223426Z.json
2021,7f134788-62ff-4dd2-a9d0-9a025a3e7f45,2021-08-24 23:00:00+00:00,2021-08-24,d6a012ed-84aa-48d3-8265-2d3f3ff2199a,d6a012ed-84aa-48d3-8265-2d3f3ff2199a,6f017f37-be96-4bdc-b6d3-0a0429c72e89,6f017f37-be96-4bdc-b6d3-0a0429c72e89,0,0,8.073142526780375,0.46637907020117086,0.13864603498678235,0.19901383680802787,0.22384076291924854,dcfd1a7a-161d-44d2-8e05-a800dced8765,2021-08-22 19:00:00+00:00,11.190181712010087,0.4864864864864865,0.1394700139470014,0.1794871794871795,0.21621621621621623,-8.498197891350046,0.43243243243243246,0.1827485380116959,0.23255813953488372,0.0945945945945946,82.08,81.04,85.28265107212476,93.78084896347481,game_summary__7f134788-62ff-4dd2-a9d0-9a025a3e7f45__20260227T223426Z.json
2021,8c11e1f3-93ed-4c58-af3c-9eec60e9a2e7,2021-08-24 23:00:00+00:00,2021-08-24,3c409388-ab73-4c7f-953d-3a71062240f6,3c409388-ab73-4c7f-953d-3a71062240f6,5d70a9af-8c2b-4aec-9e68-9acc6ddb93e4,5d70a9af-8c2b-4aec-9e68-9acc6ddb93e4,0,0,2.9357097431422674,0.447219364614357,0.14995421170791753,0.2022616829444848,0.2013934317224565,ab04d6bf-7569-440d-adbc-613189264568,2021-08-22 00:00:00+00:00,-6.656772538856657,0.541095890410959,0.10302197802197802,0.09375,0.2602739726027397,4.634701490988903,0.5757575757575758,0.14970059880239522,0.14285714285714285,0.21212121212121213,80.16,76.96,107.28542914171658,102.65072765072767,game_summary__8c11e1f3-93ed-4c58-af3c-9eec60e9a2e7__20260227T223427Z.json
2021,8c11e1f3-93ed-4c58-af3c-9eec60e9a2e7,2021-08-24 23:00:00+00:00,2021-08-24,5d70a9af-8c2b-4aec-9e68-9acc6ddb93e4,5d70a9af-8c2b-4aec-9e68-9acc6ddb93e4,3c409388-ab73-4c7f-953d-3a71062240f6,3c409388-ab73-4c7f-953d-3a71062240f6,1,0,-9.923590260371395,0.4073453871489456,0.12817172332059187,0.21579255475072573,0.18321257826484083,4feffe06-b2e7-4cea-a2a0-db2f5683a643,2021-08-21 16:00:00+00:00,-17.34439856790719,0.4375,0.12575452716297789,0.13953488372093023,0.1111111111111111,-4.634701490988903,0.4620253164556962,0.10395010395010396,0.3111111111111111,0.11392405063291139,76.96,80.16,102.65072765072767,107.28542914171658,game_summary__8c11e1f3-93ed-4c58-af3c-9eec60e9a2e7__20260227T223427Z.json
2021,f057cb00-1962-4e08-acf8-392157ee7279,2021-08-24 23:00:00+00:00,2021-08-24,0a5ad38d-2fe3-43ba-894b-1ba3d5042ea9,0a5ad38d-2fe3-43ba-894b-1ba3d5042ea9,5c0d47fe-8539-47b0-9f36-d0b3609ca89b,5c0d47fe-8539-47b0-9f36-d0b3609ca89b,0,0,-3.3606779262328876,0.41370339886698465,0.15356100843438503,0.16293614688432065,0.21349204054367246,a29d3c76-c8eb-4907-b6de-d26f24d829ba,2021-08-22 18:00:00+00:00,14.12371168881782,0.5294117647058824,0.12141816415735794,0.11764705882352941,0.27941176470588236,-16.30389528202906,0.39285714285714285,0.14888337468982632,0.1951219512195122,0.21428571428571427,80.6,77.48,84.36724565756825,100.67114093959731,game_summary__f057cb00-1962-4e08-acf8-392157ee7279__20260227T223429Z.json
2021,f057cb00-1962-4e08-acf8-392157ee7279,2021-08-24 23:00:00+00:00,2021-08-24,5c0d47fe-8539-47b0-9f36-d0b3609ca89b,5c0d47fe-8539-47b0-9f36-d0b3609ca89b,0a5ad38d-2fe3-43ba-894b-1ba3d5042ea9,0a5ad38d-2fe3-43ba-894b-1ba3d5042ea9,1,0,-6.455795461695319,0.4096715370632449,0.12879314057293995,0.1913324961682524,0.2055233731713853,dcfd1a7a-161d-44d2-8e05-a800dced8765,2021-08-22 19:00:00+00:00,-11.190181712010087,0.4144736842105263,0.16846361185983827,0.20454545454545456,0.21052631578947367,16.30389528202906,0.5079365079365079,0.19359834796076406,0.22857142857142856,0.2698412698412698,77.48,80.6,100.67114093959731,84.36724565756825,game_summary__f057cb00-1962-4e08-acf8-392157ee7279__20260227T223429Z.json
2021,08854e73-7582-4aa7-b612-81fdcdc1c285,2021-08-25 23:00:00+00:00,2021-08-25,0699edf3-5993-4182-b9b4-ec935cbd4fcc,0699edf3-5993-4182-b9b4-ec935cbd4fcc,08ed8274-e29f-4248-bc2e-83cc8ed18d75,08ed8274-e29f-4248-bc2e-83cc8ed18d75,0,0,2.5772909938552075,0.45153262641885306,0.16963799830912252,0.2230258125768857,0.28637382530139527,4feffe06-b2e7-4cea-a2a0-db2f5683a643,2021-08-21 16:00:00+00:00,17.34439856790719,0.6052631578947368,0.2974714923153198,0.35714285714285715,0.38596491228070173,28.703180877093928,0.6447368421052632,0.09881422924901187,0.23333333333333334,0.11842105263157894,80.96,77.28,130.92885375494072,102.22567287784679,game_summary__08854e73-7582-4aa7-b612-81fdcdc1c285__20260227T223431Z.json
2021,08854e73-7582-4aa7-b612-81fdcdc1c285,2021-08-25 23:00:00+00:00,2021-08-25,08ed8274-e29f-4248-bc2e-83cc8ed18d75,08ed8274-e29f-4248-bc2e-83cc8ed18d75,0699edf3-5993-4182-b9b4-ec935cbd4fcc,0699edf3-5993-4182-b9b4-ec935cbd4fcc,1,0,-7.908657341393519,0.4674921991315664,0.18913003957792426,0.17010447938250556,0.21996158971342725,a29d3c76-c8eb-4907-b6de-d26f24d829ba,2021-08-22 18:00:00+00:00,-14.12371168881782,0.5396825396825397,0.2828546562228024,0.18518518518518517,0.2857142857142857,-28.703180877093928,0.46621621621621623,0.10351966873706003,0.23255813953488372,0.16216216216216217,77.28,80.96,102.22567287784679,130.92885375494072,game_summary__08854e73-7582-4aa7-b612-81fdcdc1c285__20260227T223431Z.json
2021,c0b4cab5-8e14-4c7b-a5a0-edf5c4a41dd6,2021-08-26 23:00:00+00:00,2021-08-26,0a5ad38d-2fe3-43ba-894b-1ba3d5042ea9,0a5ad38d-2fe3-43ba-894b-1ba3d5042ea9,a015b02d-845c-40c1-8ef4-844984f47e4d,a015b02d-845c-40c1-8ef4-844984f47e4d,0,0,-4.580917031173158,0.4117380902365602,0.15312001826503255,0.1659705065797614,0.21356686519584211,f057cb00-1962-4e08-acf8-392157ee7279,2021-08-24 23:00:00+00:00,-16.30389528202906,0.39285714285714285,0.14888337468982632,0.1951219512195122,0.21428571428571427,-4.163483575248264,0.5175438596491229,0.21008403361344538,0.125,0.24561403508771928,76.16,77.0,94.53781512605043,98.7012987012987,game_summary__c0b4cab5-8e14-4c7b-a5a0-edf5c4a41dd6__20260227T223433Z.json
2021,c0b4cab5-8e14-4c7b-a5a0-edf5c4a41dd6,2021-08-26 23:00:00+00:00,2021-08-26,a015b02d-845c-40c1-8ef4-844984f47e4d,a015b02d-845c-40c1-8ef4-844984f47e4d,0a5ad38d-2fe3-43ba-894b-1ba3d5042ea9,0a5ad38d-2fe3-43ba-894b-1ba3d5042ea9,1,0,9.644058959427738,0.45219029848546977,0.16820143203638027,0.2357100423169394,0.23466721038210814,001b19cc-5185-4b46-b5f4-605b1b5d188b,2021-08-24 23:00:00+00:00,14.859261929901379,0.4925373134328358,0.17884517118037813,0.25,0.1791044776119403,4.163483575248264,0.4666666666666667,0.19480519480519481,0.3103448275862069,0.4166666666666667,77.0,76.16,98.7012987012987,94.53781512605043,game_summary__c0b4cab5-8e14-4c7b-a5a0-edf5c4a41dd6__20260227T223433Z.json
2021,c4498549-d11f-4100-a172-31b52e3342fa,2021-08-26 23:00:00+00:00,2021-08-26,171b097d-01db-4ae8-9d56-035689402ec6,FR_LVA_ACES,5d70a9af-8c2b-4aec-9e68-9acc6ddb93e4,5d70a9af-8c2b-4aec-9e68-9acc6ddb93e4,0,0,6.674895405481321,0.4525988409641951,0.13582074313178905,0.19353589069475818,0.2942000278242598,001b19cc-5185-4b46-b5f4-605b1b5d188b,2021-08-24 23:00:00+00:00,-14.859261929901379,0.42063492063492064,0.18567639257294427,0.16216216216216217,0.15873015873015872,10.817777083496054,0.4589041095890411,0.12406947890818859,0.23684210526315788,0.2054794520547945,80.6,82.6,96.7741935483871,85.95641646489105,game_summary__c4498549-d11f-4100-a172-31b52e3342fa__20260227T223434Z.json
2021,c4498549-d11f-4100-a172-31b52e3342fa,2021-08-26 23:00:00+00:00,2021-08-26,5d70a9af-8c2b-4aec-9e68-9acc6ddb93e4,5d70a9af-8c2b-4aec-9e68-9acc6ddb93e4,171b097d-01db-4ae8-9d56-035689402ec6,FR_LVA_ACES,1,0,-9.424973207078237,0.41250041052229464,0.1258881978007479,0.22477883897203715,0.17668030977115345,8c11e1f3-93ed-4c58-af3c-9eec60e9a2e7,2021-08-24 23:00:00+00:00,-4.634701490988903,0.4620253164556962,0.10395010395010396,0.3111111111111111,0.11392405063291139,-10.817777083496054,0.4097222222222222,0.10895883777239711,0.1282051282051282,0.20833333333333334,82.6,80.6,85.95641646489105,96.7741935483871,game_summary__c4498549-d11f-4100-a172-31b52e3342fa__20260227T223434Z.json
2021,fc39b4ea-f749-4256-b450-708f491782dd,2021-08-26 23:00:00+00:00,2021-08-26,5c0d47fe-8539-47b0-9f36-d0b3609ca89b,5c0d47fe-8539-47b0-9f36-d0b3609ca89b,5f0b5caf-708b-4300-92f2-53b51d83ec06,5f0b5caf-708b-4300-92f2-53b51d83ec06,1,0,-4.310095215890304,0.41893559844839007,0.1349027380620816,0.19484324626194793,0.21158702879167468,f057cb00-1962-4e08-acf8-392157ee7279,2021-08-24 23:00:00+00:00,16.30389528202906,0.5079365079365079,0.19359834796076406,0.22857142857142856,0.2698412698412698,1.0393220096473357,0.5603448275862069,0.18686599038974905,0.16666666666666666,0.3103448275862069,74.92,80.6,102.77629471436198,101.73697270471465,game_summary__fc39b4ea-f749-4256-b450-708f491782dd__20260227T223436Z.json
2021,fc39b4ea-f749-4256-b450-708f491782dd,2021-08-26 23:00:00+00:00,2021-08-26,5f0b5caf-708b-4300-92f2-53b51d83ec06,5f0b5caf-708b-4300-92f2-53b51d83ec06,5c0d47fe-8539-47b0-9f36-d0b3609ca89b,5c0d47fe-8539-47b0-9f36-d0b3609ca89b,0,0,-3.4939597129604674,0.4446662462499762,0.15341099815082615,0.24842308286228218,0.20088749286718494,ed699f5b-4208-4956-ac96-3ed93ce46266,2021-08-21 00:00:00+00:00,-5.1083150139893405,0.5416666666666666,0.1975763962065332,0.28,0.3,-1.0393220096473357,0.5144927536231884,0.18610421836228289,0.3333333333333333,0.21739130434782608,80.6,74.92,101.73697270471465,102.77629471436198,game_summary__fc39b4ea-f749-4256-b450-708f491782dd__20260227T223436Z.json
2021,3fbc759e-ff77-490c-8549-fbb57f7664f9,2021-08-28 00:00:00+00:00,2021-08-28,0699edf3-5993-4182-b9b4-ec935cbd4fcc,0699edf3-5993-4182-b9b4-ec935cbd4fcc,08ed8274-e29f-4248-bc2e-83cc8ed18d75,08ed8274-e29f-4248-bc2e-83cc8ed18d75,0,0,5.0403441598916245,0.46974721192253366,0.162960992879116,0.2239975678643273,0.2705398533173679,08854e73-7582-4aa7-b612-81fdcdc1c285,2021-08-25 23:00:00+00:00,28.703180877093928,0.6447368421052632,0.09881422924901187,0.23333333333333334,0.11842105263157894,18.270249989141348,0.45588235294117646,0.15535372848948373,0.1794871794871795,0.3235294117647059,83.68,82.76,95.60229445506691,77.33204446592556,game_summary__3fbc759e-ff77-490c-8549-fbb57f7664f9__20260227T223438Z.json
2021,3fbc759e-ff77-490c-8549-fbb57f7664f9,2021-08-28 00:00:00+00:00,2021-08-28,08ed8274-e29f-4248-bc2e-83cc8ed18d75,08ed8274-e29f-4248-bc2e-83cc8ed18d75,0699edf3-5993-4182-b9b4-ec935cbd4fcc,0699edf3-5993-4182-b9b4-ec935cbd4fcc,1,0,-9.869088823717304,0.46737190413784535,0.1810590075140395,0.17599238161497904,0.2145124714762502,08854e73-7582-4aa7-b612-81fdcdc1c285,2021-08-25 23:00:00+00:00,-28.703180877093928,0.46621621621621623,0.10351966873706003,0.23255813953488372,0.16216216216216217,-18.270249989141348,0.44776119402985076,0.20541324311261477,0.08571428571428572,0.05970149253731343,82.76,83.68,77.33204446592556,95.60229445506691,game_summary__3fbc759e-ff77-490c-8549-fbb57f7664f9__20260227T223438Z.json
2021,bd8a3903-5572-43d2-8127-df5df1a57117,2021-08-28 02:00:00+00:00,2021-08-28,3c409388-ab73-4c7f-953d-3a71062240f6,3c409388-ab73-4c7f-953d-3a71062240f6,d6a012ed-84aa-48d3-8265-2d3f3ff2199a,d6a012ed-84aa-48d3-8265-2d3f3ff2199a,0,0,3.0958844595751085,0.45933747616301196,0.1499303020124895,0.1966612405789623,0.20240480754903267,8c11e1f3-93ed-4c58-af3c-9eec60e9a2e7,2021-08-24 23:00:00+00:00,4.634701490988903,0.5757575757575758,0.14970059880239522,0.14285714285714285,0.21212121212121213,4.939905401907069,0.47101449275362317,0.2254390128144281,0.2571428571428571,0.17391304347826086,84.28,84.48,86.61604176554343,81.67613636363636,game_summary__bd8a3903-5572-43d2-8127-df5df1a57117__20260227T223439Z.json
2021,bd8a3903-5572-43d2-8127-df5df1a57117,2021-08-28 02:00:00+00:00,2021-08-28,d6a012ed-84aa-48d3-8265-2d3f3ff2199a,d6a012ed-84aa-48d3-8265-2d3f3ff2199a,3c409388-ab73-4c7f-953d-3a71062240f6,3c409388-ab73-4c7f-953d-3a71062240f6,1,0,6.510857273923619,0.46317870558177376,0.14280385736876117,0.20217627075393807,0.21165590776166984,7f134788-62ff-4dd2-a9d0-9a025a3e7f45,2021-08-24 23:00:00+00:00,-8.498197891350046,0.43243243243243246,0.1827485380116959,0.23255813953488372,0.0945945945945946,-4.939905401907069,0.3897058823529412,0.2012310606060606,0.21052631578947367,0.25,84.48,84.28,81.67613636363636,86.61604176554343,game_summary__bd8a3903-5572-43d2-8127-df5df1a57117__20260227T223439Z.json
2021,28ae6a10-696b-4efb-9996-8968129bd109,2021-08-28 17:00:00+00:00,2021-08-28,171b097d-01db-4ae8-9d56-035689402ec6,FR_LVA_ACES,f073a15f-0486-4179-b0a3-dfd0294eb595,f073a15f-0486-4179-b0a3-dfd0294eb595,0,0,7.065471109472748,0.45319327858597735,0.13471287700052134,0.19761864191886794,0.2858357770363182,c4498549-d11f-4100-a172-31b52e3342fa,2021-08-26 23:00:00+00:00,10.817777083496054,0.4589041095890411,0.12406947890818859,0.23684210526315788,0.2054794520547945,20.499426722689634,0.5390625,0.1935171746492501,0.23333333333333334,0.34375,82.68,83.8,105.22496371552974,84.7255369928401,game_summary__28ae6a10-696b-4efb-9996-8968129bd109__20260227T223441Z.json
2021,28ae6a10-696b-4efb-9996-8968129bd109,2021-08-28 17:00:00+00:00,2021-08-28,f073a15f-0486-4179-b0a3-dfd0294eb595,f073a15f-0486-4179-b0a3-dfd0294eb595,171b097d-01db-4ae8-9d56-035689402ec6,FR_LVA_ACES,1,0,-5.404899161628246,0.41067769135809584,0.15859268909890567,0.2339506310834637,0.2570595915148652,ed699f5b-4208-4956-ac96-3ed93ce46266,2021-08-21 00:00:00+00:00,5.1083150139893405,0.5078125,0.14816810344827588,0.30303030303030304,0.328125,-20.499426722689634,0.43283582089552236,0.1909307875894988,0.20512820512820512,0.29850746268656714,83.8,82.68,84.7255369928401,105.22496371552974,game_summary__28ae6a10-696b-4efb-9996-8968129bd109__20260227T223441Z.json
2021,3262378a-aef9-43f4-8ade-59a33d580b0e,2021-08-28 23:00:00+00:00,2021-08-28,5c0d47fe-8539-47b0-9f36-d0b3609ca89b,5c0d47fe-8539-47b0-9f36-d0b3609ca89b,5f0b5caf-708b-4300-92f2-53b51d83ec06,5f0b5caf-708b-4300-92f2-53b51d83ec06,1,0,-3.805771761543077,0.432267142410769,0.1398016430844641,0.19218686158412845,0.22089755218738555,fc39b4ea-f749-4256-b450-708f491782dd,2021-08-26 23:00:00+00:00,1.0393220096473357,0.5603448275862069,0.18686599038974905,0.16666666666666666,0.3103448275862069,-0.7607897893059885,0.4435483870967742,0.1570807153214113,0.14285714285714285,0.46774193548387094,82.76,81.0,91.8318028032866,92.5925925925926,game_summary__3262378a-aef9-43f4-8ade-59a33d580b0e__20260227T223443Z.json
2021,3262378a-aef9-43f4-8ade-59a33d580b0e,2021-08-28 23:00:00+00:00,2021-08-28,5f0b5caf-708b-4300-92f2-53b51d83ec06,5f0b5caf-708b-4300-92f2-53b51d83ec06,5c0d47fe-8539-47b0-9f36-d0b3609ca89b,5c0d47fe-8539-47b0-9f36-d0b3609ca89b,0,0,-3.2625454647324457,0.4512492335023719,0.15649319515577548,0.2564281101431268,0.20244341173925903,fc39b4ea-f749-4256-b450-708f491782dd,2021-08-26 23:00:00+00:00,-1.0393220096473357,0.5144927536231884,0.18610421836228289,0.3333333333333333,0.21739130434782608,0.7607897893059885,0.5957446808510638,0.3333333333333333,0.19047619047619047,0.5319148936170213,81.0,82.76,92.5925925925926,91.8318028032866,game_summary__3262378a-aef9-43f4-8ade-59a33d580b0e__20260227T223443Z.json
2021,9725261d-1c55-4272-890e-35ff24ae0d49,2021-08-28 23:00:00+00:00,2021-08-28,0a5ad38d-2fe3-43ba-894b-1ba3d5042ea9,0a5ad38d-2fe3-43ba-894b-1ba3d5042ea9,a015b02d-845c-40c1-8ef4-844984f47e4d,a015b02d-845c-40c1-8ef4-844984f47e4d,0,0,-4.5415629345349044,0.42171307047651463,0.15849037690089549,0.16210795734617,0.21658815494396036,c0b4cab5-8e14-4c7b-a5a0-edf5c4a41dd6,2021-08-26 23:00:00+00:00,-4.163483575248264,0.5175438596491229,0.21008403361344538,0.125,0.24561403508771928,-12.716450216450227,0.4528301886792453,0.21645021645021645,0.09090909090909091,0.33962264150943394,73.92,79.8,82.52164502164501,95.23809523809524,game_summary__9725261d-1c55-4272-890e-35ff24ae0d49__20260227T223445Z.json
2021,9725261d-1c55-4272-890e-35ff24ae0d49,2021-08-28 23:00:00+00:00,2021-08-28,a015b02d-845c-40c1-8ef4-844984f47e4d,a015b02d-845c-40c1-8ef4-844984f47e4d,0a5ad38d-2fe3-43ba-894b-1ba3d5042ea9,0a5ad38d-2fe3-43ba-894b-1ba3d5042ea9,1,0,9.127370394481865,0.45355507743235957,0.1707095373070164,0.2427463363905761,0.2518254522265776,c0b4cab5-8e14-4c7b-a5a0-edf5c4a41dd6,2021-08-26 23:00:00+00:00,4.163483575248264,0.4666666666666667,0.19480519480519481,0.3103448275862069,0.4166666666666667,12.716450216450227,0.5169491525423728,0.2506265664160401,0.34782608695652173,0.3389830508474576,79.8,73.92,95.23809523809524,82.52164502164501,game_summary__9725261d-1c55-4272-890e-35ff24ae0d49__20260227T223445Z.json
2021,8af51a86-612e-444a-aa97-d60f7eb09934,2021-08-29 22:00:00+00:00,2021-08-29,3c409388-ab73-4c7f-953d-3a71062240f6,3c409388-ab73-4c7f-953d-3a71062240f6,d6a012ed-84aa-48d3-8265-2d3f3ff2199a,d6a012ed-84aa-48d3-8265-2d3f3ff2199a,0,0,3.2697319970387833,0.4604383424995043,0.15704898658305264,0.20236322576800173,0.19971870843378303,bd8a3903-5572-43d2-8127-df5df1a57117,2021-08-28 02:00:00+00:00,4.939905401907069,0.47101449275362317,0.2254390128144281,0.2571428571428571,0.17391304347826086,42.71663878743249,0.6643835616438356,0.12846865364850976,0.3448275862068966,0.1506849315068493,77.84,79.16,137.46145940390545,94.74482061647296,game_summary__8af51a86-612e-444a-aa97-d60f7eb09934__20260227T223446Z.json
2021,8af51a86-612e-444a-aa97-d60f7eb09934,2021-08-29 22:00:00+00:00,2021-08-29,d6a012ed-84aa-48d3-8265-2d3f3ff2199a,d6a012ed-84aa-48d3-8265-2d3f3ff2199a,3c409388-ab73-4c7f-953d-3a71062240f6,3c409388-ab73-4c7f-953d-3a71062240f6,1,0,5.431321327462679,0.45625195703157373,0.14831215999728176,0.2029634824031197,0.21527084827502638,bd8a3903-5572-43d2-8127-df5df1a57117,2021-08-28 02:00:00+00:00,-4.939905401907069,0.3897058823529412,0.2012310606060606,0.21052631578947367,0.25,-42.71663878743249,0.4921875,0.15159171298635676,0.10344827586206896,0.21875,79.16,77.84,94.74482061647296,137.46145940390545,game_summary__8af51a86-612e-444a-aa97-d60f7eb09934__20260227T223446Z.json
2021,19ec917a-9392-47cb-b108-b5f11e4438eb,2021-08-31 23:00:00+00:00,2021-08-31,0a5ad38d-2fe3-43ba-894b-1ba3d5042ea9,0a5ad38d-2fe3-43ba-894b-1ba3d5042ea9,f073a15f-0486-4179-b0a3-dfd0294eb595,f073a15f-0486-4179-b0a3-dfd0294eb595,0,0,-5.312261352529473,0.424646678359335,0.16395461819345736,0.15539558910991869,0.2281873955065248,9725261d-1c55-4272-890e-35ff24ae0d49,2021-08-28 23:00:00+00:00,-12.716450216450227,0.4528301886792453,0.21645021645021645,0.09090909090909091,0.33962264150943394,-5.469819190035182,0.5254237288135594,0.160857908847185,0.10714285714285714,0.2542372881355932,74.6,72.56,96.514745308311,101.98456449834619,game_summary__19ec917a-9392-47cb-b108-b5f11e4438eb__20260227T223448Z.json
2021,19ec917a-9392-47cb-b108-b5f11e4438eb,2021-08-31 23:00:00+00:00,2021-08-31,f073a15f-0486-4179-b0a3-dfd0294eb595,f073a15f-0486-4179-b0a3-dfd0294eb595,0a5ad38d-2fe3-43ba-894b-1ba3d5042ea9,0a5ad38d-2fe3-43ba-894b-1ba3d5042ea9,1,0,-6.827955909752584,0.4127666786176501,0.1616414065292717,0.23123335837737707,0.2609671449329949,28ae6a10-696b-4efb-9996-8968129bd109,2021-08-28 17:00:00+00:00,-20.499426722689634,0.43283582089552236,0.1909307875894988,0.20512820512820512,0.29850746268656714,5.469819190035182,0.45,0.2205071664829107,0.45161290322580644,0.4,72.56,74.6,101.98456449834619,96.514745308311,game_summary__19ec917a-9392-47cb-b108-b5f11e4438eb__20260227T223448Z.json
2021,67f1b1d9-a315-487c-8c5f-ad2faa46f982,2021-08-31 23:00:00+00:00,2021-08-31,5c0d47fe-8539-47b0-9f36-d0b3609ca89b,5c0d47fe-8539-47b0-9f36-d0b3609ca89b,a015b02d-845c-40c1-8ef4-844984f47e4d,a015b02d-845c-40c1-8ef4-844984f47e4d,1,0,-3.518702018818102,0.43333069682230785,0.14143065069988275,0.1875362364596561,0.24416913614161392,3262378a-aef9-43f4-8ade-59a33d580b0e,2021-08-28 23:00:00+00:00,-0.7607897893059885,0.4435483870967742,0.1570807153214113,0.14285714285714285,0.46774193548387094,-15.407895805736601,0.5363636363636364,0.22100884035361415,0.12,0.32727272727272727,76.92,75.28,97.50390015600624,112.91179596174284,game_summary__67f1b1d9-a315-487c-8c5f-ad2faa46f982__20260227T223449Z.json
2021,67f1b1d9-a315-487c-8c5f-ad2faa46f982,2021-08-31 23:00:00+00:00,2021-08-31,a015b02d-845c-40c1-8ef4-844984f47e4d,a015b02d-845c-40c1-8ef4-844984f47e4d,5c0d47fe-8539-47b0-9f36-d0b3609ca89b,5c0d47fe-8539-47b0-9f36-d0b3609ca89b,0,0,9.465735688761391,0.4595316385411103,0.17824382197432986,0.25265287023399613,0.26004235125611136,9725261d-1c55-4272-890e-35ff24ae0d49,2021-08-28 23:00:00+00:00,12.716450216450227,0.5169491525423728,0.2506265664160401,0.34782608695652173,0.3389830508474576,15.407895805736601,0.5507246376811594,0.22582359192348564,0.48484848484848486,0.17391304347826086,75.28,76.92,112.91179596174284,97.50390015600624,game_summary__67f1b1d9-a315-487c-8c5f-ad2faa46f982__20260227T223449Z.json
2021,58637816-e274-429f-a4ea-86c560105db9,2021-09-01 00:00:00+00:00,2021-09-01,08ed8274-e29f-4248-bc2e-83cc8ed18d75,08ed8274-e29f-4248-bc2e-83cc8ed18d75,6f017f37-be96-4bdc-b6d3-0a0429c72e89,6f017f37-be96-4bdc-b6d3-0a0429c72e89,0,0,-10.661119514321848,0.46552307824768085,0.1833550356059267,0.16748129353623006,0.19991745965016972,3fbc759e-ff77-490c-8549-fbb57f7664f9,2021-08-28 00:00:00+00:00,-18.270249989141348,0.44776119402985076,0.20541324311261477,0.08571428571428572,0.05970149253731343,-9.386825922421949,0.3591549295774648,0.16571969696969696,0.1951219512195122,0.23943661971830985,84.48,84.56,78.125,87.51182592242195,game_summary__58637816-e274-429f-a4ea-86c560105db9__20260227T223451Z.json
2021,58637816-e274-429f-a4ea-86c560105db9,2021-09-01 00:00:00+00:00,2021-09-01,6f017f37-be96-4bdc-b6d3-0a0429c72e89,6f017f37-be96-4bdc-b6d3-0a0429c72e89,08ed8274-e29f-4248-bc2e-83cc8ed18d75,08ed8274-e29f-4248-bc2e-83cc8ed18d75,1,0,5.498708086913251,0.4725028021274738,0.16004461470190587,0.17798215294921346,0.229021169880184,7f134788-62ff-4dd2-a9d0-9a025a3e7f45,2021-08-24 23:00:00+00:00,8.498197891350046,0.4621212121212121,0.14807502467917077,0.11428571428571428,0.24242424242424243,9.386825922421949,0.38405797101449274,0.17738883632923366,0.25,0.34782608695652173,84.56,84.48,87.51182592242195,78.125,game_summary__58637816-e274-429f-a4ea-86c560105db9__20260227T223451Z.json
2021,be79198f-f79c-45e2-8dd6-45b376c7075a,2021-09-01 02:00:00+00:00,2021-09-01,0699edf3-5993-4182-b9b4-ec935cbd4fcc,0699edf3-5993-4182-b9b4-ec935cbd4fcc,3c409388-ab73-4c7f-953d-3a71062240f6,3c409388-ab73-4c7f-953d-3a71062240f6,1,0,6.287611203606868,0.46844008382227365,0.1622438078674858,0.21980129154593941,0.2755355147200565,3fbc759e-ff77-490c-8549-fbb57f7664f9,2021-08-28 00:00:00+00:00,18.270249989141348,0.45588235294117646,0.15535372848948373,0.1794871794871795,0.3235294117647059,19.763678058283958,0.6133333333333333,0.12303149606299213,0.3,0.16,81.28,77.6,126.7224409448819,106.95876288659794,game_summary__be79198f-f79c-45e2-8dd6-45b376c7075a__20260227T223453Z.json
2021,be79198f-f79c-45e2-8dd6-45b376c7075a,2021-09-01 02:00:00+00:00,2021-09-01,3c409388-ab73-4c7f-953d-3a71062240f6,3c409388-ab73-4c7f-953d-3a71062240f6,0699edf3-5993-4182-b9b4-ec935cbd4fcc,0699edf3-5993-4182-b9b4-ec935cbd4fcc,0,0,6.988641825360318,0.4796655504513264,0.15435453751986633,0.2157942436431668,0.19509598361781075,8af51a86-612e-444a-aa97-d60f7eb09934,2021-08-29 22:00:00+00:00,42.71663878743249,0.6643835616438356,0.12846865364850976,0.3448275862068966,0.1506849315068493,-19.763678058283958,0.49295774647887325,0.14175257731958765,0.2972972972972973,0.2112676056338028,77.6,81.28,106.95876288659794,126.7224409448819,game_summary__be79198f-f79c-45e2-8dd6-45b376c7075a__20260227T223453Z.json
2021,7c9ea9bb-fb9b-42be-b9dd-a8870df62f50,2021-09-03 00:00:00+00:00,2021-09-03,5d70a9af-8c2b-4aec-9e68-9acc6ddb93e4,5d70a9af-8c2b-4aec-9e68-9acc6ddb93e4,5f0b5caf-708b-4300-92f2-53b51d83ec06,5f0b5caf-708b-4300-92f2-53b51d83ec06,0,0,-9.556281652945934,0.41223849310937893,0.1242921597709179,0.2156742233924957,0.179664440847564,c4498549-d11f-4100-a172-31b52e3342fa,2021-08-26 23:00:00+00:00,-10.817777083496054,0.4097222222222222,0.10895883777239711,0.1282051282051282,0.20833333333333334,-1.0507445275509468,0.4846153846153846,0.1853813559322034,0.19444444444444445,0.12307692307692308,75.52,79.04,90.04237288135593,91.09311740890688,game_summary__7c9ea9bb-fb9b-42be-b9dd-a8870df62f50__20260227T223455Z.json
2021,7c9ea9bb-fb9b-42be-b9dd-a8870df62f50,2021-09-03 00:00:00+00:00,2021-09-03,5f0b5caf-708b-4300-92f2-53b51d83ec06,5f0b5caf-708b-4300-92f2-53b51d83ec06,5d70a9af-8c2b-4aec-9e68-9acc6ddb93e4,5d70a9af-8c2b-4aec-9e68-9acc6ddb93e4,1,0,-2.883240159543858,0.46487173480895416,0.17316503539422004,0.25021040482216683,0.23350477578023512,3262378a-aef9-43f4-8ade-59a33d580b0e,2021-08-28 23:00:00+00:00,0.7607897893059885,0.5957446808510638,0.3333333333333333,0.19047619047619047,0.5319148936170213,1.0507445275509468,0.40540540540540543,0.15182186234817813,0.34146341463414637,0.21621621621621623,79.04,75.52,91.09311740890688,90.04237288135593,game_summary__7c9ea9bb-fb9b-42be-b9dd-a8870df62f50__20260227T223455Z.json
2021,c07987c4-d9ed-4ec9-904a-acbe07efb1d1,2021-09-03 00:00:00+00:00,2021-09-03,0a5ad38d-2fe3-43ba-894b-1ba3d5042ea9,0a5ad38d-2fe3-43ba-894b-1ba3d5042ea9,6f017f37-be96-4bdc-b6d3-0a0429c72e89,6f017f37-be96-4bdc-b6d3-0a0429c72e89,0,0,-5.327115328116014,0.4341475694024507,0.1636626717834511,0.1508464983508083,0.23064328392991207,19ec917a-9392-47cb-b108-b5f11e4438eb,2021-08-31 23:00:00+00:00,-5.469819190035182,0.5254237288135594,0.160857908847185,0.10714285714285714,0.2542372881355932,-16.27089265000528,0.36065573770491804,0.1656472986748216,0.08108108108108109,0.2786885245901639,78.48,74.24,72.62996941896024,88.90086206896552,game_summary__c07987c4-d9ed-4ec9-904a-acbe07efb1d1__20260227T223456Z.json
2021,c07987c4-d9ed-4ec9-904a-acbe07efb1d1,2021-09-03 00:00:00+00:00,2021-09-03,6f017f37-be96-4bdc-b6d3-0a0429c72e89,6f017f37-be96-4bdc-b6d3-0a0429c72e89,0a5ad38d-2fe3-43ba-894b-1ba3d5042ea9,0a5ad38d-2fe3-43ba-894b-1ba3d5042ea9,1,0,5.865265589355162,0.46416454753534436,0.16167976436312503,0.18477173167676403,0.24022166212957155,58637816-e274-429f-a4ea-86c560105db9,2021-09-01 00:00:00+00:00,9.386825922421949,0.38405797101449274,0.17738883632923366,0.25,0.34782608695652173,16.27089265000528,0.4051724137931034,0.21551724137931036,0.2571428571428571,0.3620689655172414,74.24,78.48,88.90086206896552,72.62996941896024,game_summary__c07987c4-d9ed-4ec9-904a-acbe07efb1d1__20260227T223456Z.json
2021,657638cc-6b36-41f8-ba39-5ef73679d3ab,2021-09-03 02:00:00+00:00,2021-09-03,08ed8274-e29f-4248-bc2e-83cc8ed18d75,08ed8274-e29f-4248-bc2e-83cc8ed18d75,d6a012ed-84aa-48d3-8265-2d3f3ff2199a,d6a012ed-84aa-48d3-8265-2d3f3ff2199a,0,0,-10.540983783825542,0.4554950789520209,0.1816924404998378,0.1700871534599456,0.2036431812527621,58637816-e274-429f-a4ea-86c560105db9,2021-09-01 00:00:00+00:00,-9.386825922421949,0.3591549295774648,0.16571969696969696,0.1951219512195122,0.23943661971830985,-13.061117199151582,0.5701754385964912,0.26302605210420843,0.11538461538461539,0.19298245614035087,79.84,79.44,93.937875751503,106.99899295065458,game_summary__657638cc-6b36-41f8-ba39-5ef73679d3ab__20260227T223458Z.json
2021,657638cc-6b36-41f8-ba39-5ef73679d3ab,2021-09-03 02:00:00+00:00,2021-09-03,d6a012ed-84aa-48d3-8265-2d3f3ff2199a,d6a012ed-84aa-48d3-8265-2d3f3ff2199a,08ed8274-e29f-4248-bc2e-83cc8ed18d75,08ed8274-e29f-4248-bc2e-83cc8ed18d75,1,0,0.8921080746627936,0.4596398283453239,0.14862134423594411,0.19358155338040894,0.2155988499511268,8af51a86-612e-444a-aa97-d60f7eb09934,2021-08-29 22:00:00+00:00,-42.71663878743249,0.4921875,0.15159171298635676,0.10344827586206896,0.21875,13.061117199151582,0.49206349206349204,0.1636455186304129,0.27586206896551724,0.4126984126984127,79.44,79.84,106.99899295065458,93.937875751503,game_summary__657638cc-6b36-41f8-ba39-5ef73679d3ab__20260227T223458Z.json
2021,86a42ba6-4809-4deb-a10a-45833f482075,2021-09-03 02:00:00+00:00,2021-09-03,171b097d-01db-4ae8-9d56-035689402ec6,FR_LVA_ACES,3c409388-ab73-4c7f-953d-3a71062240f6,3c409388-ab73-4c7f-953d-3a71062240f6,1,0,8.331975219128157,0.46128871413340267,0.14025673070837807,0.20098569215736906,0.29129571776433716,28ae6a10-696b-4efb-9996-8968129bd109,2021-08-28 17:00:00+00:00,20.499426722689634,0.5390625,0.1935171746492501,0.23333333333333334,0.34375,5.25189707308725,0.4794520547945205,0.1411764705882353,0.3055555555555556,0.3424657534246575,85.0,82.48,105.88235294117648,100.63045586808923,game_summary__86a42ba6-4809-4deb-a10a-45833f482075__20260227T223500Z.json
2021,86a42ba6-4809-4deb-a10a-45833f482075,2021-09-03 02:00:00+00:00,2021-09-03,3c409388-ab73-4c7f-953d-3a71062240f6,3c409388-ab73-4c7f-953d-3a71062240f6,171b097d-01db-4ae8-9d56-035689402ec6,FR_LVA_ACES,0,0,4.4665311342905065,0.4809186899866894,0.15316647088909197,0.22347805289298045,0.19662058488438763,be79198f-f79c-45e2-8dd6-45b376c7075a,2021-09-01 02:00:00+00:00,-19.763678058283958,0.49295774647887325,0.14175257731958765,0.2972972972972973,0.2112676056338028,-5.25189707308725,0.5,0.16973811833171676,0.2,0.25,82.48,85.0,100.63045586808923,105.88235294117648,game_summary__86a42ba6-4809-4deb-a10a-45833f482075__20260227T223500Z.json
2021,6b647f76-9706-445f-8728-54a4ceea09b5,2021-09-04 17:00:00+00:00,2021-09-04,0699edf3-5993-4182-b9b4-ec935cbd4fcc,0699edf3-5993-4182-b9b4-ec935cbd4fcc,f073a15f-0486-4179-b0a3-dfd0294eb595,f073a15f-0486-4179-b0a3-dfd0294eb595,0,0,7.558085406800444,0.4821000884590718,0.15854701479481698,0.2273621319097555,0.2646432497448661,be79198f-f79c-45e2-8dd6-45b376c7075a,2021-09-01 02:00:00+00:00,19.763678058283958,0.6133333333333333,0.12303149606299213,0.3,0.16,27.667793561726356,0.5227272727272727,0.14895729890764647,0.2222222222222222,0.36363636363636365,80.56,80.92,107.9940417080437,80.32624814631734,game_summary__6b647f76-9706-445f-8728-54a4ceea09b5__20260227T223501Z.json
2021,6b647f76-9706-445f-8728-54a4ceea09b5,2021-09-04 17:00:00+00:00,2021-09-04,f073a15f-0486-4179-b0a3-dfd0294eb595,f073a15f-0486-4179-b0a3-dfd0294eb595,0699edf3-5993-4182-b9b4-ec935cbd4fcc,0699edf3-5993-4182-b9b4-ec935cbd4fcc,1,0,-5.668566735638024,0.41627689972486237,0.16719105467802126,0.252009934336875,0.27407465305563944,19ec917a-9392-47cb-b108-b5f11e4438eb,2021-08-31 23:00:00+00:00,5.469819190035182,0.45,0.2205071664829107,0.45161290322580644,0.4,-27.667793561726356,0.38636363636363635,0.22244191794364804,0.28205128205128205,0.2727272727272727,80.92,80.56,80.32624814631734,107.9940417080437,game_summary__6b647f76-9706-445f-8728-54a4ceea09b5__20260227T223501Z.json
2021,c32ce717-93b6-4d18-a32d-b83c3fa805dc,2021-09-05 00:00:00+00:00,2021-09-05,5c0d47fe-8539-47b0-9f36-d0b3609ca89b,5c0d47fe-8539-47b0-9f36-d0b3609ca89b,6f017f37-be96-4bdc-b6d3-0a0429c72e89,6f017f37-be96-4bdc-b6d3-0a0429c72e89,0,0,-4.6395716439051045,0.44304426482238274,0.14893299082494843,0.18116916755683338,0.2520038381999658,67f1b1d9-a315-487c-8c5f-ad2faa46f982,2021-08-31 23:00:00+00:00,-15.407895805736601,0.5363636363636364,0.22100884035361415,0.12,0.32727272727272727,-24.43583780226136,0.41333333333333333,0.12272950417280314,0.2619047619047619,0.22666666666666666,81.48,79.84,92.04712812960236,116.48296593186372,game_summary__c32ce717-93b6-4d18-a32d-b83c3fa805dc__20260227T223503Z.json
2021,c32ce717-93b6-4d18-a32d-b83c3fa805dc,2021-09-05 00:00:00+00:00,2021-09-05,6f017f37-be96-4bdc-b6d3-0a0429c72e89,6f017f37-be96-4bdc-b6d3-0a0429c72e89,5c0d47fe-8539-47b0-9f36-d0b3609ca89b,5c0d47fe-8539-47b0-9f36-d0b3609ca89b,1,0,6.84626997966959,0.45860298532887234,0.1667553644214871,0.19159461619880436,0.25170897941228515,c07987c4-d9ed-4ec9-904a-acbe07efb1d1,2021-09-03 00:00:00+00:00,16.27089265000528,0.4051724137931034,0.21551724137931036,0.2571428571428571,0.3620689655172414,24.43583780226136,0.6102941176470589,0.1628256513026052,0.1935483870967742,0.16176470588235295,79.84,81.48,116.48296593186372,92.04712812960236,game_summary__c32ce717-93b6-4d18-a32d-b83c3fa805dc__20260227T223503Z.json
2021,7429de98-5fc7-4132-8712-b9234dab9603,2021-09-05 19:00:00+00:00,2021-09-05,171b097d-01db-4ae8-9d56-035689402ec6,FR_LVA_ACES,3c409388-ab73-4c7f-953d-3a71062240f6,3c409388-ab73-4c7f-953d-3a71062240f6,0,0,8.041596737738601,0.46300108733565926,0.14034344041408137,0.2108441557069739,0.29611984122587737,86a42ba6-4809-4deb-a10a-45833f482075,2021-09-03 02:00:00+00:00,5.25189707308725,0.4794520547945205,0.1411764705882353,0.3055555555555556,0.3424657534246575,-12.345850375387855,0.4452054794520548,0.0753012048192771,0.225,0.3013698630136986,79.68,78.12,105.42168674698796,117.76753712237581,game_summary__7429de98-5fc7-4132-8712-b9234dab9603__20260227T223505Z.json
2021,7429de98-5fc7-4132-8712-b9234dab9603,2021-09-05 19:00:00+00:00,2021-09-05,3c409388-ab73-4c7f-953d-3a71062240f6,3c409388-ab73-4c7f-953d-3a71062240f6,171b097d-01db-4ae8-9d56-035689402ec6,FR_LVA_ACES,1,0,3.550313333784642,0.4827176059757888,0.15472878508709303,0.22126462809601208,0.2016530005452234,86a42ba6-4809-4deb-a10a-45833f482075,2021-09-03 02:00:00+00:00,-5.25189707308725,0.5,0.16973811833171676,0.2,0.25,12.345850375387855,0.5597014925373134,0.10240655401945724,0.2,0.34328358208955223,78.12,79.68,117.76753712237581,105.42168674698796,game_summary__7429de98-5fc7-4132-8712-b9234dab9603__20260227T223505Z.json
2021,5ca6a8f5-d898-44f9-a79e-c44cc30e45b6,2021-09-05 20:00:00+00:00,2021-09-05,5d70a9af-8c2b-4aec-9e68-9acc6ddb93e4,5d70a9af-8c2b-4aec-9e68-9acc6ddb93e4,5f0b5caf-708b-4300-92f2-53b51d83ec06,5f0b5caf-708b-4300-92f2-53b51d83ec06,0,0,-8.754410779296391,0.41906192123253394,0.1300514253380673,0.21367275762478619,0.17432957702374693,7c9ea9bb-fb9b-42be-b9dd-a8870df62f50,2021-09-03 00:00:00+00:00,-1.0507445275509468,0.4846153846153846,0.1853813559322034,0.19444444444444445,0.12307692307692308,12.078554049356981,0.4142857142857143,0.13034410844629823,0.21951219512195122,0.18571428571428572,76.72,82.2,89.93743482794578,77.8588807785888,game_summary__5ca6a8f5-d898-44f9-a79e-c44cc30e45b6__20260227T223507Z.json
2021,5ca6a8f5-d898-44f9-a79e-c44cc30e45b6,2021-09-05 20:00:00+00:00,2021-09-05,5f0b5caf-708b-4300-92f2-53b51d83ec06,5f0b5caf-708b-4300-92f2-53b51d83ec06,5d70a9af-8c2b-4aec-9e68-9acc6ddb93e4,5d70a9af-8c2b-4aec-9e68-9acc6ddb93e4,1,0,-2.512358498402658,0.4592654671731121,0.17115287924645786,0.25881340421213,0.23187487373438426,7c9ea9bb-fb9b-42be-b9dd-a8870df62f50,2021-09-03 00:00:00+00:00,1.0507445275509468,0.40540540540540543,0.15182186234817813,0.34146341463414637,0.21621621621621623,-12.078554049356981,0.391025641025641,0.18248175182481752,0.2826086956521739,0.0641025641025641,82.2,76.72,77.8588807785888,89.93743482794578,game_summary__5ca6a8f5-d898-44f9-a79e-c44cc30e45b6__20260227T223507Z.json
2021,1d3133ab-cdfa-4579-8cee-05e92b67c920,2021-09-06 23:00:00+00:00,2021-09-06,0699edf3-5993-4182-b9b4-ec935cbd4fcc,0699edf3-5993-4182-b9b4-ec935cbd4fcc,f073a15f-0486-4179-b0a3-dfd0294eb595,f073a15f-0486-4179-b0a3-dfd0294eb595,0,0,9.453955004369092,0.48593027052315285,0.15764293152022435,0.22687756005840043,0.27397595778566225,6b647f76-9706-445f-8728-54a4ceea09b5,2021-09-04 17:00:00+00:00,27.667793561726356,0.5227272727272727,0.14895729890764647,0.2222222222222222,0.36363636363636365,13.881353954259467,0.5846153846153846,0.12647554806070826,0.3,0.2153846153846154,71.16,75.72,120.85441259134346,106.973058637084,game_summary__1d3133ab-cdfa-4579-8cee-05e92b67c920__20260227T223511Z.json
2021,1d3133ab-cdfa-4579-8cee-05e92b67c920,2021-09-06 23:00:00+00:00,2021-09-06,f073a15f-0486-4179-b0a3-dfd0294eb595,f073a15f-0486-4179-b0a3-dfd0294eb595,0699edf3-5993-4182-b9b4-ec935cbd4fcc,0699edf3-5993-4182-b9b4-ec935cbd4fcc,1,0,-7.742573229828797,0.4134567868652572,0.17239990361296048,0.2548421225199632,0.2739476269754381,6b647f76-9706-445f-8728-54a4ceea09b5,2021-09-04 17:00:00+00:00,-27.667793561726356,0.38636363636363635,0.22244191794364804,0.28205128205128205,0.2727272727272727,-13.881353954259467,0.4791666666666667,0.10565240359218173,0.3225806451612903,0.18055555555555555,75.72,71.16,106.973058637084,120.85441259134346,game_summary__1d3133ab-cdfa-4579-8cee-05e92b67c920__20260227T223511Z.json
2021,1f7fc429-6c8a-4df0-b352-1ad56d1e558d,2021-09-08 00:00:00+00:00,2021-09-08,5f0b5caf-708b-4300-92f2-53b51d83ec06,5f0b5caf-708b-4300-92f2-53b51d83ec06,a015b02d-845c-40c1-8ef4-844984f47e4d,a015b02d-845c-40c1-8ef4-844984f47e4d,1,0,-3.4142243618815495,0.4528320664126605,0.17222092384116672,0.2610567370968698,0.216057915144315,5ca6a8f5-d898-44f9-a79e-c44cc30e45b6,2021-09-05 20:00:00+00:00,-12.078554049356981,0.391025641025641,0.18248175182481752,0.2826086956521739,0.0641025641025641,-33.385901635369436,0.3203125,0.19142419601837674,0.2647058823529412,0.296875,78.36,79.16,71.46503318019398,104.85093481556342,game_summary__1f7fc429-6c8a-4df0-b352-1ad56d1e558d__20260227T223513Z.json
2021,1f7fc429-6c8a-4df0-b352-1ad56d1e558d,2021-09-08 00:00:00+00:00,2021-09-08,a015b02d-845c-40c1-8ef4-844984f47e4d,a015b02d-845c-40c1-8ef4-844984f47e4d,5f0b5caf-708b-4300-92f2-53b51d83ec06,5f0b5caf-708b-4300-92f2-53b51d83ec06,0,0,10.025940770946969,0.4681289803448188,0.18272946834030254,0.2745434219538402,0.2519223957193294,67f1b1d9-a315-487c-8c5f-ad2faa46f982,2021-08-31 23:00:00+00:00,15.407895805736601,0.5507246376811594,0.22582359192348564,0.48484848484848486,0.17391304347826086,33.385901635369436,0.5367647058823529,0.18948964123294593,0.37037037037037035,0.20588235294117646,79.16,78.36,104.85093481556342,71.46503318019398,game_summary__1f7fc429-6c8a-4df0-b352-1ad56d1e558d__20260227T223513Z.json
2021,216c9e4f-6d95-452e-838c-707386603daa,2021-09-08 02:00:00+00:00,2021-09-08,5c0d47fe-8539-47b0-9f36-d0b3609ca89b,5c0d47fe-8539-47b0-9f36-d0b3609ca89b,d6a012ed-84aa-48d3-8265-2d3f3ff2199a,d6a012ed-84aa-48d3-8265-2d3f3ff2199a,0,0,-6.50589107857136,0.44024322707028907,0.14646262211987454,0.18878062355543174,0.2496151425098895,c32ce717-93b6-4d18-a32d-b83c3fa805dc,2021-09-05 00:00:00+00:00,-24.43583780226136,0.41333333333333333,0.12272950417280314,0.2619047619047619,0.22666666666666666,-44.92598312520663,0.4672131147540984,0.2339728591483388,0.09375,0.2786885245901639,85.48,82.04,83.06036499766026,127.98634812286689,game_summary__216c9e4f-6d95-452e-838c-707386603daa__20260227T223515Z.json
2021,216c9e4f-6d95-452e-838c-707386603daa,2021-09-08 02:00:00+00:00,2021-09-08,d6a012ed-84aa-48d3-8265-2d3f3ff2199a,d6a012ed-84aa-48d3-8265-2d3f3ff2199a,5c0d47fe-8539-47b0-9f36-d0b3609ca89b,5c0d47fe-8539-47b0-9f36-d0b3609ca89b,1,0,2.0393576644586813,0.4626966125518121,0.15003776834531468,0.20133865889224947,0.2341806745021271,657638cc-6b36-41f8-ba39-5ef73679d3ab,2021-09-03 02:00:00+00:00,13.061117199151582,0.49206349206349204,0.1636455186304129,0.27586206896551724,0.4126984126984127,44.92598312520663,0.696969696969697,0.18283764017552412,0.2222222222222222,0.24242424242424243,82.04,85.48,127.98634812286689,83.06036499766026,game_summary__216c9e4f-6d95-452e-838c-707386603daa__20260227T223515Z.json
2021,717509e8-ead0-4364-9ac4-8b3b4043f2aa,2021-09-08 23:00:00+00:00,2021-09-08,0699edf3-5993-4182-b9b4-ec935cbd4fcc,0699edf3-5993-4182-b9b4-ec935cbd4fcc,5d70a9af-8c2b-4aec-9e68-9acc6ddb93e4,5d70a9af-8c2b-4aec-9e68-9acc6ddb93e4,0,0,9.871353954206583,0.49523394147146677,0.15470458481317945,0.23377127575617698,0.26845218071823274,1d3133ab-cdfa-4579-8cee-05e92b67c920,2021-09-06 23:00:00+00:00,13.881353954259467,0.5846153846153846,0.12647554806070826,0.3,0.2153846153846154,1.8115130055428637,0.5,0.20020020020020018,0.12903225806451613,0.3,79.92,80.4,95.09509509509509,93.28358208955223,game_summary__717509e8-ead0-4364-9ac4-8b3b4043f2aa__20260227T223516Z.json
2021,717509e8-ead0-4364-9ac4-8b3b4043f2aa,2021-09-08 23:00:00+00:00,2021-09-08,5d70a9af-8c2b-4aec-9e68-9acc6ddb93e4,5d70a9af-8c2b-4aec-9e68-9acc6ddb93e4,0699edf3-5993-4182-b9b4-ec935cbd4fcc,0699edf3-5993-4182-b9b4-ec935cbd4fcc,1,0,-6.790355192732043,0.4186116379428705,0.13007901842904315,0.21422327839477884,0.17540288564251377,5ca6a8f5-d898-44f9-a79e-c44cc30e45b6,2021-09-05 20:00:00+00:00,12.078554049356981,0.4142857142857143,0.13034410844629823,0.21951219512195122,0.18571428571428572,-1.8115130055428637,0.4928571428571429,0.12437810945273631,0.125,0.14285714285714285,80.4,79.92,93.28358208955223,95.09509509509509,game_summary__717509e8-ead0-4364-9ac4-8b3b4043f2aa__20260227T223516Z.json
2021,c96d16d2-6ebe-42b6-a5e9-7dd6e1bf9647,2021-09-09 01:00:00+00:00,2021-09-09,171b097d-01db-4ae8-9d56-035689402ec6,FR_LVA_ACES,6f017f37-be96-4bdc-b6d3-0a0429c72e89,6f017f37-be96-4bdc-b6d3-0a0429c72e89,1,0,6.119542928899646,0.4613233826321967,0.1342114967741195,0.2121787168361711,0.29661479404256785,7429de98-5fc7-4132-8712-b9234dab9603,2021-09-05 19:00:00+00:00,-12.345850375387855,0.4452054794520548,0.0753012048192771,0.225,0.3013698630136986,18.486012803033603,0.5769230769230769,0.057365764111977975,0.0625,0.1794871794871795,87.16,82.2,117.02615878843507,98.54014598540147,game_summary__c96d16d2-6ebe-42b6-a5e9-7dd6e1bf9647__20260227T223518Z.json
2021,c96d16d2-6ebe-42b6-a5e9-7dd6e1bf9647,2021-09-09 01:00:00+00:00,2021-09-09,6f017f37-be96-4bdc-b6d3-0a0429c72e89,6f017f37-be96-4bdc-b6d3-0a0429c72e89,171b097d-01db-4ae8-9d56-035689402ec6,FR_LVA_ACES,0,0,8.504549981165034,0.4729038694474898,0.16638488546814487,0.1917788105599328,0.24322936288343827,c32ce717-93b6-4d18-a32d-b83c3fa805dc,2021-09-05 00:00:00+00:00,24.43583780226136,0.6102941176470589,0.1628256513026052,0.1935483870967742,0.16176470588235295,-18.486012803033603,0.5,0.121654501216545,0.17073170731707318,0.06493506493506493,82.2,87.16,98.54014598540147,117.02615878843507,game_summary__c96d16d2-6ebe-42b6-a5e9-7dd6e1bf9647__20260227T223518Z.json
2021,75fdcd78-ed4d-482a-ab29-58901f8b0ccb,2021-09-10 02:30:00+00:00,2021-09-10,0a5ad38d-2fe3-43ba-894b-1ba3d5042ea9,0a5ad38d-2fe3-43ba-894b-1ba3d5042ea9,a015b02d-845c-40c1-8ef4-844984f47e4d,a015b02d-845c-40c1-8ef4-844984f47e4d,1,0,-6.358854553135491,0.4272190288034737,0.16384977513457283,0.14426927044951884,0.23517281316891936,c07987c4-d9ed-4ec9-904a-acbe07efb1d1,2021-09-03 00:00:00+00:00,-16.27089265000528,0.36065573770491804,0.1656472986748216,0.08108108108108109,0.2786885245901639,-20.288137326708494,0.43636363636363634,0.2672367717797969,0.17857142857142858,0.2,74.84,77.76,76.16247995724211,96.4506172839506,game_summary__75fdcd78-ed4d-482a-ab29-58901f8b0ccb__20260227T223520Z.json
2021,75fdcd78-ed4d-482a-ab29-58901f8b0ccb,2021-09-10 02:30:00+00:00,2021-09-10,a015b02d-845c-40c1-8ef4-844984f47e4d,a015b02d-845c-40c1-8ef4-844984f47e4d,0a5ad38d-2fe3-43ba-894b-1ba3d5042ea9,0a5ad38d-2fe3-43ba-894b-1ba3d5042ea9,0,0,12.228232284183262,0.4745997050490857,0.1833667926695634,0.2835776355153223,0.24758190918907214,1f7fc429-6c8a-4df0-b352-1ad56d1e558d,2021-09-08 00:00:00+00:00,33.385901635369436,0.5367647058823529,0.18948964123294593,0.37037037037037035,0.20588235294117646,20.288137326708494,0.47115384615384615,0.28292181069958844,0.391304347826087,0.5576923076923077,77.76,74.84,96.4506172839506,76.16247995724211,game_summary__75fdcd78-ed4d-482a-ab29-58901f8b0ccb__20260227T223520Z.json
2021,c6a70199-462a-49d3-aff4-92c180a66e77,2021-09-10 23:00:00+00:00,2021-09-10,5c0d47fe-8539-47b0-9f36-d0b3609ca89b,5c0d47fe-8539-47b0-9f36-d0b3609ca89b,5d70a9af-8c2b-4aec-9e68-9acc6ddb93e4,5d70a9af-8c2b-4aec-9e68-9acc6ddb93e4,1,0,-10.127996575371554,0.4427858492563326,0.15471276660631517,0.17982148458390956,0.2523560744398732,216c9e4f-6d95-452e-838c-707386603daa,2021-09-08 02:00:00+00:00,-44.92598312520663,0.4672131147540984,0.2339728591483388,0.09375,0.2786885245901639,11.75442690814188,0.4785714285714286,0.12926577042399173,0.2682926829268293,0.2714285714285714,77.36,78.52,105.99793174767322,94.24350483953134,game_summary__c6a70199-462a-49d3-aff4-92c180a66e77__20260227T223521Z.json
2021,c6a70199-462a-49d3-aff4-92c180a66e77,2021-09-10 23:00:00+00:00,2021-09-10,5d70a9af-8c2b-4aec-9e68-9acc6ddb93e4,5d70a9af-8c2b-4aec-9e68-9acc6ddb93e4,5c0d47fe-8539-47b0-9f36-d0b3609ca89b,5c0d47fe-8539-47b0-9f36-d0b3609ca89b,0,0,-6.3209681951155705,0.4256112320910642,0.12954155762039193,0.20581163464535773,0.1723345922688996,717509e8-ead0-4364-9ac4-8b3b4043f2aa,2021-09-08 23:00:00+00:00,-1.8115130055428637,0.4928571428571429,0.12437810945273631,0.125,0.14285714285714285,-11.75442690814188,0.44871794871794873,0.10188487009679063,0.2391304347826087,0.10256410256410256,78.52,77.36,94.24350483953134,105.99793174767322,game_summary__c6a70199-462a-49d3-aff4-92c180a66e77__20260227T223521Z.json
2021,5a6502d5-07f7-440a-911a-7157bd8d6cd3,2021-09-11 00:00:00+00:00,2021-09-11,6f017f37-be96-4bdc-b6d3-0a0429c72e89,6f017f37-be96-4bdc-b6d3-0a0429c72e89,f073a15f-0486-4179-b0a3-dfd0294eb595,f073a15f-0486-4179-b0a3-dfd0294eb595,1,0,5.959978622415819,0.4754583933486073,0.16216786874483657,0.18979456678833675,0.22642042979022636,c96d16d2-6ebe-42b6-a5e9-7dd6e1bf9647,2021-09-09 01:00:00+00:00,-18.486012803033603,0.5,0.121654501216545,0.17073170731707318,0.06493506493506493,15.094445581970476,0.5337837837837838,0.13297872340425532,0.26666666666666666,0.17567567567567569,82.72,77.84,107.5918762088975,92.49743062692703,game_summary__5a6502d5-07f7-440a-911a-7157bd8d6cd3__20260227T223523Z.json
2021,5a6502d5-07f7-440a-911a-7157bd8d6cd3,2021-09-11 00:00:00+00:00,2021-09-11,f073a15f-0486-4179-b0a3-dfd0294eb595,f073a15f-0486-4179-b0a3-dfd0294eb595,6f017f37-be96-4bdc-b6d3-0a0429c72e89,6f017f37-be96-4bdc-b6d3-0a0429c72e89,0,0,-8.32131498241548,0.4196516735545932,0.16610719389145664,0.2612282622227639,0.26514296469516807,1d3133ab-cdfa-4579-8cee-05e92b67c920,2021-09-06 23:00:00+00:00,-13.881353954259467,0.4791666666666667,0.10565240359218173,0.3225806451612903,0.18055555555555555,-15.094445581970476,0.463768115942029,0.23124357656731756,0.35,0.15942028985507245,77.84,82.72,92.49743062692703,107.5918762088975,game_summary__5a6502d5-07f7-440a-911a-7157bd8d6cd3__20260227T223523Z.json
2021,e42a37e4-6de6-4269-84e7-39b3d12da826,2021-09-12 00:00:00+00:00,2021-09-12,08ed8274-e29f-4248-bc2e-83cc8ed18d75,08ed8274-e29f-4248-bc2e-83cc8ed18d75,5f0b5caf-708b-4300-92f2-53b51d83ec06,5f0b5caf-708b-4300-92f2-53b51d83ec06,0,0,-10.778572727788568,0.46630672304019893,0.18936027537408043,0.16492999861473934,0.20263812715287421,657638cc-6b36-41f8-ba39-5ef73679d3ab,2021-09-03 02:00:00+00:00,-13.061117199151582,0.5701754385964912,0.26302605210420843,0.11538461538461539,0.19298245614035087,2.0871086210213576,0.5,0.13542795232936078,0.22857142857142856,0.16417910447761194,73.84,76.36,102.92524377031418,100.83813514929282,game_summary__e42a37e4-6de6-4269-84e7-39b3d12da826__20260227T223525Z.json
2021,e42a37e4-6de6-4269-84e7-39b3d12da826,2021-09-12 00:00:00+00:00,2021-09-12,5f0b5caf-708b-4300-92f2-53b51d83ec06,5f0b5caf-708b-4300-92f2-53b51d83ec06,08ed8274-e29f-4248-bc2e-83cc8ed18d75,08ed8274-e29f-4248-bc2e-83cc8ed18d75,1,0,-6.239844271090731,0.440338607277939,0.17403133797617695,0.2614007651401809,0.22367705376938188,1f7fc429-6c8a-4df0-b352-1ad56d1e558d,2021-09-08 00:00:00+00:00,-33.385901635369436,0.3203125,0.19142419601837674,0.2647058823529412,0.296875,-2.0871086210213576,0.4305555555555556,0.0785751702462022,0.24390243902439024,0.2638888888888889,76.36,73.84,100.83813514929282,102.92524377031418,game_summary__e42a37e4-6de6-4269-84e7-39b3d12da826__20260227T223525Z.json
2021,95878a60-3381-454a-a07d-9fabe82c5d79,2021-09-12 02:00:00+00:00,2021-09-12,0699edf3-5993-4182-b9b4-ec935cbd4fcc,0699edf3-5993-4182-b9b4-ec935cbd4fcc,a015b02d-845c-40c1-8ef4-844984f47e4d,a015b02d-845c-40c1-8ef4-844984f47e4d,1,0,9.11150168295085,0.49568326800544066,0.15899374472392638,0.22389686495960934,0.27142639352058223,717509e8-ead0-4364-9ac4-8b3b4043f2aa,2021-09-08 23:00:00+00:00,1.8115130055428637,0.5,0.20020020020020018,0.12903225806451613,0.3,-10.491409561715784,0.5267857142857143,0.22234574763757645,0.15384615384615385,0.16071428571428573,71.96,73.36,93.10728182323514,103.59869138495092,game_summary__95878a60-3381-454a-a07d-9fabe82c5d79__20260227T223527Z.json
2021,95878a60-3381-454a-a07d-9fabe82c5d79,2021-09-12 02:00:00+00:00,2021-09-12,a015b02d-845c-40c1-8ef4-844984f47e4d,a015b02d-845c-40c1-8ef4-844984f47e4d,0699edf3-5993-4182-b9b4-ec935cbd4fcc,0699edf3-5993-4182-b9b4-ec935cbd4fcc,0,0,12.988090597973402,0.4742748420989789,0.19275247497357487,0.29373371521287744,0.27681798123361684,75fdcd78-ed4d-482a-ab29-58901f8b0ccb,2021-09-10 02:30:00+00:00,20.288137326708494,0.47115384615384615,0.28292181069958844,0.391304347826087,0.5576923076923077,10.491409561715784,0.453125,0.13631406761177753,0.25,0.296875,73.36,71.96,103.59869138495092,93.10728182323514,game_summary__95878a60-3381-454a-a07d-9fabe82c5d79__20260227T223527Z.json
2021,8ced2bbc-a7ed-48a8-bb3d-becf7274031a,2021-09-12 19:00:00+00:00,2021-09-12,3c409388-ab73-4c7f-953d-3a71062240f6,3c409388-ab73-4c7f-953d-3a71062240f6,5c0d47fe-8539-47b0-9f36-d0b3609ca89b,5c0d47fe-8539-47b0-9f36-d0b3609ca89b,1,0,4.379524336898071,0.48997536471153236,0.14979603686449913,0.2192598768783293,0.21500541280139468,7429de98-5fc7-4132-8712-b9234dab9603,2021-09-05 19:00:00+00:00,12.345850375387855,0.5597014925373134,0.10240655401945724,0.2,0.34328358208955223,-13.439658019255901,0.44029850746268656,0.18159806295399517,0.16216216216216217,0.22388059701492538,82.6,79.48,85.95641646489105,99.39607448414695,game_summary__8ced2bbc-a7ed-48a8-bb3d-becf7274031a__20260227T223528Z.json
2021,8ced2bbc-a7ed-48a8-bb3d-becf7274031a,2021-09-12 19:00:00+00:00,2021-09-12,5c0d47fe-8539-47b0-9f36-d0b3609ca89b,5c0d47fe-8539-47b0-9f36-d0b3609ca89b,3c409388-ab73-4c7f-953d-3a71062240f6,3c409388-ab73-4c7f-953d-3a71062240f6,0,0,-8.065001872320469,0.44615958254635313,0.15231371705075536,0.18816222498186116,0.2541541595693053,c6a70199-462a-49d3-aff4-92c180a66e77,2021-09-10 23:00:00+00:00,11.75442690814188,0.4785714285714286,0.12926577042399173,0.2682926829268293,0.2714285714285714,13.439658019255901,0.5583333333333333,0.20130850528434827,0.13793103448275862,0.2833333333333333,79.48,82.6,99.39607448414695,85.95641646489105,game_summary__8ced2bbc-a7ed-48a8-bb3d-becf7274031a__20260227T223528Z.json
2021,f725da52-12b6-4be0-8715-bc399a68fc89,2021-09-12 23:00:00+00:00,2021-09-12,6f017f37-be96-4bdc-b6d3-0a0429c72e89,6f017f37-be96-4bdc-b6d3-0a0429c72e89,f073a15f-0486-4179-b0a3-dfd0294eb595,f073a15f-0486-4179-b0a3-dfd0294eb595,1,0,6.821142696265045,0.4809570974392127,0.1594160230788583,0.19704178668520467,0.22163640031447748,5a6502d5-07f7-440a-911a-7157bd8d6cd3,2021-09-11 00:00:00+00:00,15.094445581970476,0.5337837837837838,0.13297872340425532,0.26666666666666666,0.17567567567567569,20.213291185823138,0.6052631578947368,0.2142474558114622,0.34782608695652173,0.38596491228070173,74.68,79.76,120.5141938939475,100.30090270812437,game_summary__f725da52-12b6-4be0-8715-bc399a68fc89__20260227T223530Z.json
2021,f725da52-12b6-4be0-8715-bc399a68fc89,2021-09-12 23:00:00+00:00,2021-09-12,f073a15f-0486-4179-b0a3-dfd0294eb595,f073a15f-0486-4179-b0a3-dfd0294eb595,6f017f37-be96-4bdc-b6d3-0a0429c72e89,6f017f37-be96-4bdc-b6d3-0a0429c72e89,0,0,-8.959860916803533,0.4238108100885931,0.17224801337324075,0.2695973363773271,0.2551758183070254,5a6502d5-07f7-440a-911a-7157bd8d6cd3,2021-09-11 00:00:00+00:00,-15.094445581970476,0.463768115942029,0.23124357656731756,0.35,0.15942028985507245,-20.213291185823138,0.5588235294117647,0.18806419257773319,0.19230769230769232,0.058823529411764705,79.76,74.68,100.30090270812437,120.5141938939475,game_summary__f725da52-12b6-4be0-8715-bc399a68fc89__20260227T223530Z.json
2021,866f5455-1c68-47e4-aa04-8944cb1becfd,2021-09-13 01:00:00+00:00,2021-09-13,0a5ad38d-2fe3-43ba-894b-1ba3d5042ea9,0a5ad38d-2fe3-43ba-894b-1ba3d5042ea9,d6a012ed-84aa-48d3-8265-2d3f3ff2199a,d6a012ed-84aa-48d3-8265-2d3f3ff2199a,1,0,-7.67205629245984,0.42808114889599036,0.1735967223410443,0.14750315222509255,0.23185684922582345,75fdcd78-ed4d-482a-ab29-58901f8b0ccb,2021-09-10 02:30:00+00:00,-20.288137326708494,0.43636363636363634,0.2672367717797969,0.17857142857142858,0.2,38.46884663304863,0.532258064516129,0.1755807671528903,0.25806451612903225,0.25806451612903225,74.04,74.72,109.40032414910858,70.93147751605996,game_summary__866f5455-1c68-47e4-aa04-8944cb1becfd__20260227T223532Z.json
2021,866f5455-1c68-47e4-aa04-8944cb1becfd,2021-09-13 01:00:00+00:00,2021-09-13,d6a012ed-84aa-48d3-8265-2d3f3ff2199a,d6a012ed-84aa-48d3-8265-2d3f3ff2199a,0a5ad38d-2fe3-43ba-894b-1ba3d5042ea9,0a5ad38d-2fe3-43ba-894b-1ba3d5042ea9,0,0,6.082551564984241,0.48478302051232275,0.15313002007408033,0.20330748472011195,0.23495784787921573,216c9e4f-6d95-452e-838c-707386603daa,2021-09-08 02:00:00+00:00,44.92598312520663,0.696969696969697,0.18283764017552412,0.2222222222222222,0.24242424242424243,-38.46884663304863,0.375,0.24089935760171308,0.14705882352941177,0.23214285714285715,74.72,74.04,70.93147751605996,109.40032414910858,game_summary__866f5455-1c68-47e4-aa04-8944cb1becfd__20260227T223532Z.json
2021,7319da0e-affb-4758-a0a5-c8a62e624ad9,2021-09-13 19:00:00+00:00,2021-09-13,171b097d-01db-4ae8-9d56-035689402ec6,FR_LVA_ACES,5f0b5caf-708b-4300-92f2-53b51d83ec06,5f0b5caf-708b-4300-92f2-53b51d83ec06,1,0,7.285408394623783,0.47222169822215343,0.12696676268177737,0.1980675558751766,0.28557243172877633,c96d16d2-6ebe-42b6-a5e9-7dd6e1bf9647,2021-09-09 01:00:00+00:00,18.486012803033603,0.5769230769230769,0.057365764111977975,0.0625,0.1794871794871795,13.799414121290553,0.5307692307692308,0.11503067484662577,0.15151515151515152,0.3230769230769231,78.24,79.08,108.64008179959102,94.84066767830046,game_summary__7319da0e-affb-4758-a0a5-c8a62e624ad9__20260227T223533Z.json
2021,7319da0e-affb-4758-a0a5-c8a62e624ad9,2021-09-13 19:00:00+00:00,2021-09-13,5f0b5caf-708b-4300-92f2-53b51d83ec06,5f0b5caf-708b-4300-92f2-53b51d83ec06,171b097d-01db-4ae8-9d56-035689402ec6,FR_LVA_ACES,0,0,-5.848339570721547,0.439416297009236,0.16503208025918503,0.25975108707246897,0.22746807823767295,e42a37e4-6de6-4269-84e7-39b3d12da826,2021-09-12 00:00:00+00:00,-2.0871086210213576,0.4305555555555556,0.0785751702462022,0.24390243902439024,0.2638888888888889,-13.799414121290553,0.46621621621621623,0.1770359129994942,0.3,0.0945945945945946,79.08,78.24,94.84066767830046,108.64008179959102,game_summary__7319da0e-affb-4758-a0a5-c8a62e624ad9__20260227T223533Z.json
2021,cbe48f7d-fde9-4ddf-b2e9-b9c4d252c13f,2021-09-14 23:00:00+00:00,2021-09-14,5d70a9af-8c2b-4aec-9e68-9acc6ddb93e4,5d70a9af-8c2b-4aec-9e68-9acc6ddb93e4,f073a15f-0486-4179-b0a3-dfd0294eb595,f073a15f-0486-4179-b0a3-dfd0294eb595,1,0,-6.83321477295304,0.42778964866553915,0.12693418646206867,0.208952809033421,0.16575688615701853,c6a70199-462a-49d3-aff4-92c180a66e77,2021-09-10 23:00:00+00:00,-11.75442690814188,0.44871794871794873,0.10188487009679063,0.2391304347826087,0.10256410256410256,9.768994224855646,0.5289855072463768,0.1884422110552764,0.3548387096774194,0.21739130434782608,79.6,80.4,106.78391959798996,97.01492537313432,game_summary__cbe48f7d-fde9-4ddf-b2e9-b9c4d252c13f__20260227T223535Z.json
2021,cbe48f7d-fde9-4ddf-b2e9-b9c4d252c13f,2021-09-14 23:00:00+00:00,2021-09-14,f073a15f-0486-4179-b0a3-dfd0294eb595,f073a15f-0486-4179-b0a3-dfd0294eb595,5d70a9af-8c2b-4aec-9e68-9acc6ddb93e4,5d70a9af-8c2b-4aec-9e68-9acc6ddb93e4,0,0,-10.020793087028341,0.4365393145441474,0.1737391047939857,0.26231075194409503,0.23666444399658543,f725da52-12b6-4be0-8715-bc399a68fc89,2021-09-12 23:00:00+00:00,-20.213291185823138,0.5588235294117647,0.18806419257773319,0.19230769230769232,0.058823529411764705,-9.768994224855646,0.4605263157894737,0.18656716417910446,0.40540540540540543,0.13157894736842105,80.4,79.6,97.01492537313432,106.78391959798996,game_summary__cbe48f7d-fde9-4ddf-b2e9-b9c4d252c13f__20260227T223535Z.json
2021,5611f77a-47f9-4799-9de8-467f3c156305,2021-09-15 23:00:00+00:00,2021-09-15,08ed8274-e29f-4248-bc2e-83cc8ed18d75,08ed8274-e29f-4248-bc2e-83cc8ed18d75,a015b02d-845c-40c1-8ef4-844984f47e4d,a015b02d-845c-40c1-8ef4-844984f47e4d,0,0,-9.56564343347457,0.4694832017309103,0.18427573357968902,0.17092987943206123,0.19901235141905915,e42a37e4-6de6-4269-84e7-39b3d12da826,2021-09-12 00:00:00+00:00,2.0871086210213576,0.5,0.13542795232936078,0.22857142857142856,0.16417910447761194,-33.39302618253278,0.47580645161290325,0.31517334533993696,0.1935483870967742,0.1774193548387097,88.84,88.24,77.66771724448446,111.06074342701724,game_summary__5611f77a-47f9-4799-9de8-467f3c156305__20260227T223537Z.json
2021,5611f77a-47f9-4799-9de8-467f3c156305,2021-09-15 23:00:00+00:00,2021-09-15,a015b02d-845c-40c1-8ef4-844984f47e4d,a015b02d-845c-40c1-8ef4-844984f47e4d,08ed8274-e29f-4248-bc2e-83cc8ed18d75,08ed8274-e29f-4248-bc2e-83cc8ed18d75,1,0,12.752712658373241,0.4722809124844902,0.18743166873272366,0.2896106607944815,0.2787088834687015,95878a60-3381-454a-a07d-9fabe82c5d79,2021-09-12 02:00:00+00:00,10.491409561715784,0.453125,0.13631406761177753,0.25,0.296875,33.39302618253278,0.5633802816901409,0.23798730734360835,0.4642857142857143,0.29577464788732394,88.24,88.84,111.06074342701724,77.66771724448446,game_summary__5611f77a-47f9-4799-9de8-467f3c156305__20260227T223537Z.json
2021,e12a562b-3614-4984-86fe-3920d2ec8926,2021-09-16 23:00:00+00:00,2021-09-16,0a5ad38d-2fe3-43ba-894b-1ba3d5042ea9,0a5ad38d-2fe3-43ba-894b-1ba3d5042ea9,5d70a9af-8c2b-4aec-9e68-9acc6ddb93e4,5d70a9af-8c2b-4aec-9e68-9acc6ddb93e4,0,0,-3.322061037088114,0.43790256676894523,0.17378377081584137,0.15792647248794076,0.23432761202965005,866f5455-1c68-47e4-aa04-8944cb1becfd,2021-09-13 01:00:00+00:00,38.46884663304863,0.532258064516129,0.1755807671528903,0.25806451612903225,0.25806451612903225,8.07978316116818,0.49137931034482757,0.166410650281618,0.09375,0.39655172413793105,78.12,78.48,94.72606246799795,86.64627930682977,game_summary__e12a562b-3614-4984-86fe-3920d2ec8926__20260227T223539Z.json
2021,e12a562b-3614-4984-86fe-3920d2ec8926,2021-09-16 23:00:00+00:00,2021-09-16,5d70a9af-8c2b-4aec-9e68-9acc6ddb93e4,5d70a9af-8c2b-4aec-9e68-9acc6ddb93e4,0a5ad38d-2fe3-43ba-894b-1ba3d5042ea9,0a5ad38d-2fe3-43ba-894b-1ba3d5042ea9,1,0,-5.2680193435148395,0.4373300234042084,0.13273293763908178,0.22270639718169694,0.17062478990191293,cbe48f7d-fde9-4ddf-b2e9-b9c4d252c13f,2021-09-14 23:00:00+00:00,9.768994224855646,0.5289855072463768,0.1884422110552764,0.3548387096774194,0.21739130434782608,-8.07978316116818,0.42063492063492064,0.191131498470948,0.2,0.2698412698412698,78.48,78.12,86.64627930682977,94.72606246799795,game_summary__e12a562b-3614-4984-86fe-3920d2ec8926__20260227T223539Z.json
2021,5ec90a86-8af3-4d78-828f-8d4157d9aaff,2021-09-17 23:00:00+00:00,2021-09-17,08ed8274-e29f-4248-bc2e-83cc8ed18d75,08ed8274-e29f-4248-bc2e-83cc8ed18d75,5c0d47fe-8539-47b0-9f36-d0b3609ca89b,5c0d47fe-8539-47b0-9f36-d0b3609ca89b,1,0,-11.81200176923718,0.4700793345597283,0.19661628077305093,0.1730622694545091,0.19697664282390182,5611f77a-47f9-4799-9de8-467f3c156305,2021-09-15 23:00:00+00:00,-33.39302618253278,0.47580645161290325,0.31517334533993696,0.1935483870967742,0.1774193548387097,16.686347538503583,0.59375,0.1668377823408624,0.2413793103448276,0.28125,77.92,79.92,116.78644763860369,100.10010010010011,game_summary__5ec90a86-8af3-4d78-828f-8d4157d9aaff__20260227T223540Z.json
2021,5ec90a86-8af3-4d78-828f-8d4157d9aaff,2021-09-17 23:00:00+00:00,2021-09-17,5c0d47fe-8539-47b0-9f36-d0b3609ca89b,5c0d47fe-8539-47b0-9f36-d0b3609ca89b,08ed8274-e29f-4248-bc2e-83cc8ed18d75,08ed8274-e29f-4248-bc2e-83cc8ed18d75,0,0,-6.037621336491716,0.45673491273632333,0.15693276615558435,0.1834266124019441,0.2569050651515846,8ced2bbc-a7ed-48a8-bb3d-becf7274031a,2021-09-12 19:00:00+00:00,13.439658019255901,0.5583333333333333,0.20130850528434827,0.13793103448275862,0.2833333333333333,-16.686347538503583,0.4925373134328358,0.13763763763763764,0.18181818181818182,0.26865671641791045,79.92,77.92,100.10010010010011,116.78644763860369,game_summary__5ec90a86-8af3-4d78-828f-8d4157d9aaff__20260227T223540Z.json
2021,c331528c-ef4e-4071-ab7a-244876089243,2021-09-17 23:00:00+00:00,2021-09-17,6f017f37-be96-4bdc-b6d3-0a0429c72e89,6f017f37-be96-4bdc-b6d3-0a0429c72e89,f073a15f-0486-4179-b0a3-dfd0294eb595,f073a15f-0486-4179-b0a3-dfd0294eb595,0,0,8.083705383494237,0.49267621732874883,0.1645853296400483,0.21125717800131524,0.23712869027961786,f725da52-12b6-4be0-8715-bc399a68fc89,2021-09-12 23:00:00+00:00,20.213291185823138,0.6052631578947368,0.2142474558114622,0.34782608695652173,0.38596491228070173,22.56412566828857,0.4805194805194805,0.1402524544179523,0.34146341463414637,0.3116883116883117,85.56,85.92,107.5268817204301,84.96275605214153,game_summary__c331528c-ef4e-4071-ab7a-244876089243__20260227T223542Z.json
2021,c331528c-ef4e-4071-ab7a-244876089243,2021-09-17 23:00:00+00:00,2021-09-17,f073a15f-0486-4179-b0a3-dfd0294eb595,f073a15f-0486-4179-b0a3-dfd0294eb595,6f017f37-be96-4bdc-b6d3-0a0429c72e89,6f017f37-be96-4bdc-b6d3-0a0429c72e89,1,0,-9.997054412960182,0.43880072112685387,0.17494848722741968,0.2758011915358535,0.2267573684354745,cbe48f7d-fde9-4ddf-b2e9-b9c4d252c13f,2021-09-14 23:00:00+00:00,-9.768994224855646,0.4605263157894737,0.18656716417910446,0.40540540540540543,0.13157894736842105,-22.56412566828857,0.39855072463768115,0.20949720670391062,0.28125,0.2608695652173913,85.92,85.56,84.96275605214153,107.5268817204301,game_summary__c331528c-ef4e-4071-ab7a-244876089243__20260227T223542Z.json
2021,31a71261-9488-4a23-a70f-5474d4d922a2,2021-09-18 00:00:00+00:00,2021-09-18,171b097d-01db-4ae8-9d56-035689402ec6,FR_LVA_ACES,3c409388-ab73-4c7f-953d-3a71062240f6,3c409388-ab73-4c7f-953d-3a71062240f6,0,0,7.8995249854978535,0.47774134505708155,0.1258414720576551,0.1936787657724085,0.2891082177467256,7319da0e-affb-4758-a0a5-c8a62e624ad9,2021-09-13 19:00:00+00:00,13.799414121290553,0.5307692307692308,0.11503067484662577,0.15151515151515152,0.3230769230769231,39.15288039198978,0.6232876712328768,0.18037518037518038,0.39285714285714285,0.1917808219178082,83.16,82.64,123.85762385762386,84.70474346563408,game_summary__31a71261-9488-4a23-a70f-5474d4d922a2__20260227T223544Z.json
2021,31a71261-9488-4a23-a70f-5474d4d922a2,2021-09-18 00:00:00+00:00,2021-09-18,3c409388-ab73-4c7f-953d-3a71062240f6,3c409388-ab73-4c7f-953d-3a71062240f6,171b097d-01db-4ae8-9d56-035689402ec6,FR_LVA_ACES,1,0,2.699597118546629,0.4852920126392262,0.15279421535320048,0.21387691355598423,0.21584213264802918,8ced2bbc-a7ed-48a8-bb3d-becf7274031a,2021-09-12 19:00:00+00:00,-13.439658019255901,0.44029850746268656,0.18159806295399517,0.16216216216216217,0.22388059701492538,-39.15288039198978,0.45714285714285713,0.1452081316553727,0.05263157894736842,0.08571428571428572,82.64,83.16,84.70474346563408,123.85762385762386,game_summary__31a71261-9488-4a23-a70f-5474d4d922a2__20260227T223544Z.json
2021,f71cf348-cda3-4f1b-88c3-39400994b5d8,2021-09-18 02:00:00+00:00,2021-09-18,0699edf3-5993-4182-b9b4-ec935cbd4fcc,0699edf3-5993-4182-b9b4-ec935cbd4fcc,d6a012ed-84aa-48d3-8265-2d3f3ff2199a,d6a012ed-84aa-48d3-8265-2d3f3ff2199a,0,0,7.26341104104382,0.4986154926731735,0.1649663394201676,0.21729274060012513,0.26098886167498525,95878a60-3381-454a-a07d-9fabe82c5d79,2021-09-12 02:00:00+00:00,-10.491409561715784,0.5267857142857143,0.22234574763757645,0.15384615384615385,0.16071428571428573,-5.066537920348196,0.5234375,0.17857142857142858,0.3939393939393939,0.3125,72.8,77.16,116.75824175824177,121.82477967858996,game_summary__f71cf348-cda3-4f1b-88c3-39400994b5d8__20260227T223546Z.json
2021,f71cf348-cda3-4f1b-88c3-39400994b5d8,2021-09-18 02:00:00+00:00,2021-09-18,d6a012ed-84aa-48d3-8265-2d3f3ff2199a,d6a012ed-84aa-48d3-8265-2d3f3ff2199a,0699edf3-5993-4182-b9b4-ec935cbd4fcc,0699edf3-5993-4182-b9b4-ec935cbd4fcc,1,0,1.8824089909541128,0.47443307961238057,0.1614045916061699,0.19800456705299174,0.2346924608674608,866f5455-1c68-47e4-aa04-8944cb1becfd,2021-09-13 01:00:00+00:00,-38.46884663304863,0.375,0.24089935760171308,0.14705882352941177,0.23214285714285715,5.066537920348196,0.6230769230769231,0.15552099533437014,0.24,0.2153846153846154,77.16,72.8,121.82477967858996,116.75824175824177,game_summary__f71cf348-cda3-4f1b-88c3-39400994b5d8__20260227T223546Z.json
2021,3fd20eda-6929-4734-9713-7a65fefc2550,2021-09-19 17:00:00+00:00,2021-09-19,5d70a9af-8c2b-4aec-9e68-9acc6ddb93e4,5d70a9af-8c2b-4aec-9e68-9acc6ddb93e4,a015b02d-845c-40c1-8ef4-844984f47e4d,a015b02d-845c-40c1-8ef4-844984f47e4d,0,0,-5.5331021331985255,0.43575607029038244,0.13823853996657146,0.2205657212576382,0.1799785560752291,e12a562b-3614-4984-86fe-3920d2ec8926,2021-09-16 23:00:00+00:00,-8.07978316116818,0.42063492063492064,0.191131498470948,0.2,0.2698412698412698,-23.645122828084936,0.3972602739726027,0.09464575446187129,0.23809523809523808,0.1232876712328767,73.96,76.24,86.53326122228232,110.17838405036726,game_summary__3fd20eda-6929-4734-9713-7a65fefc2550__20260227T223548Z.json
2021,3fd20eda-6929-4734-9713-7a65fefc2550,2021-09-19 17:00:00+00:00,2021-09-19,a015b02d-845c-40c1-8ef4-844984f47e4d,a015b02d-845c-40c1-8ef4-844984f47e4d,5d70a9af-8c2b-4aec-9e68-9acc6ddb93e4,5d70a9af-8c2b-4aec-9e68-9acc6ddb93e4,1,0,14.698605785875133,0.48086942720106846,0.19219786909175604,0.306078384782141,0.2803177812046246,5611f77a-47f9-4799-9de8-467f3c156305,2021-09-15 23:00:00+00:00,33.39302618253278,0.5633802816901409,0.23798730734360835,0.4642857142857143,0.29577464788732394,23.645122828084936,0.44,0.1311647429171039,0.43902439024390244,0.28,76.24,73.96,110.17838405036726,86.53326122228232,game_summary__3fd20eda-6929-4734-9713-7a65fefc2550__20260227T223548Z.json
2021,bd18f03b-fb4c-47dc-8323-1ce88271f867,2021-09-19 19:00:00+00:00,2021-09-19,0699edf3-5993-4182-b9b4-ec935cbd4fcc,0699edf3-5993-4182-b9b4-ec935cbd4fcc,171b097d-01db-4ae8-9d56-035689402ec6,FR_LVA_ACES,1,0,6.100988633150732,0.5009556205695612,0.16624897737271135,0.2339463397969953,0.26584514304586265,f71cf348-cda3-4f1b-88c3-39400994b5d8,2021-09-18 02:00:00+00:00,-5.066537920348196,0.5234375,0.17857142857142858,0.3939393939393939,0.3125,0.3649131112294697,0.5507246376811594,0.1421188630490956,0.20588235294117646,0.14492753623188406,77.4,78.6,107.23514211886305,106.87022900763358,game_summary__bd18f03b-fb4c-47dc-8323-1ce88271f867__20260227T223549Z.json
2021,bd18f03b-fb4c-47dc-8323-1ce88271f867,2021-09-19 19:00:00+00:00,2021-09-19,171b097d-01db-4ae8-9d56-035689402ec6,FR_LVA_ACES,0699edf3-5993-4182-b9b4-ec935cbd4fcc,0699edf3-5993-4182-b9b4-ec935cbd4fcc,0,0,10.845976812679734,0.4914629193687857,0.1309827102519323,0.2124565733218191,0.27993254750123897,31a71261-9488-4a23-a70f-5474d4d922a2,2021-09-18 00:00:00+00:00,39.15288039198978,0.6232876712328768,0.18037518037518038,0.39285714285714285,0.1917808219178082,-0.3649131112294697,0.5072463768115942,0.11450381679389314,0.1875,0.21739130434782608,78.6,77.4,106.87022900763358,107.23514211886305,game_summary__bd18f03b-fb4c-47dc-8323-1ce88271f867__20260227T223549Z.json
2021,e8c389c8-4ca3-4822-a850-3c59874eb70a,2021-09-19 19:00:00+00:00,2021-09-19,5c0d47fe-8539-47b0-9f36-d0b3609ca89b,5c0d47fe-8539-47b0-9f36-d0b3609ca89b,6f017f37-be96-4bdc-b6d3-0a0429c72e89,6f017f37-be96-4bdc-b6d3-0a0429c72e89,1,0,-7.04154422307432,0.46011023188454586,0.15511369214135534,0.18327497546022112,0.25801296777182225,5ec90a86-8af3-4d78-828f-8d4157d9aaff,2021-09-17 23:00:00+00:00,-16.686347538503583,0.4925373134328358,0.13763763763763764,0.18181818181818182,0.26865671641791045,-3.801689348103011,0.5078125,0.19191402251791198,0.2,0.21875,78.16,81.12,98.51586489252814,102.31755424063115,game_summary__e8c389c8-4ca3-4822-a850-3c59874eb70a__20260227T223551Z.json
2021,e8c389c8-4ca3-4822-a850-3c59874eb70a,2021-09-19 19:00:00+00:00,2021-09-19,6f017f37-be96-4bdc-b6d3-0a0429c72e89,6f017f37-be96-4bdc-b6d3-0a0429c72e89,5c0d47fe-8539-47b0-9f36-d0b3609ca89b,5c0d47fe-8539-47b0-9f36-d0b3609ca89b,0,0,9.448866347863243,0.49153012472786295,0.16229131532618551,0.22353254488104524,0.24415789817989988,c331528c-ef4e-4071-ab7a-244876089243,2021-09-17 23:00:00+00:00,22.56412566828857,0.4805194805194805,0.1402524544179523,0.34146341463414637,0.3116883116883117,3.801689348103011,0.4772727272727273,0.1849112426035503,0.3125,0.3484848484848485,81.12,78.16,102.31755424063115,98.51586489252814,game_summary__e8c389c8-4ca3-4822-a850-3c59874eb70a__20260227T223551Z.json
2021,9dcb81ee-65c1-4619-bd37-a8fe95e901ee,2021-09-19 21:00:00+00:00,2021-09-19,0a5ad38d-2fe3-43ba-894b-1ba3d5042ea9,0a5ad38d-2fe3-43ba-894b-1ba3d5042ea9,5f0b5caf-708b-4300-92f2-53b51d83ec06,5f0b5caf-708b-4300-92f2-53b51d83ec06,0,0,-2.2471369454426764,0.4429441582003781,0.17308866002893425,0.1518761498213095,0.24962150688725998,e12a562b-3614-4984-86fe-3920d2ec8926,2021-09-16 23:00:00+00:00,8.07978316116818,0.49137931034482757,0.166410650281618,0.09375,0.39655172413793105,-3.7189309824316297,0.6147540983606558,0.21716913643331628,0.19230769230769232,0.19672131147540983,78.28,78.36,107.30710270822688,111.02603369065851,game_summary__9dcb81ee-65c1-4619-bd37-a8fe95e901ee__20260227T223553Z.json
2021,9dcb81ee-65c1-4619-bd37-a8fe95e901ee,2021-09-19 21:00:00+00:00,2021-09-19,5f0b5caf-708b-4300-92f2-53b51d83ec06,5f0b5caf-708b-4300-92f2-53b51d83ec06,0a5ad38d-2fe3-43ba-894b-1ba3d5042ea9,0a5ad38d-2fe3-43ba-894b-1ba3d5042ea9,1,0,-6.597937744513698,0.44194289519009344,0.16616375762473032,0.2635456071006377,0.2149412530833138,7319da0e-affb-4758-a0a5-c8a62e624ad9,2021-09-13 19:00:00+00:00,-13.799414121290553,0.46621621621621623,0.1770359129994942,0.3,0.0945945945945946,3.7189309824316297,0.5833333333333334,0.17866258295048495,0.15384615384615385,0.31666666666666665,78.36,78.28,111.02603369065851,107.30710270822688,game_summary__9dcb81ee-65c1-4619-bd37-a8fe95e901ee__20260227T223553Z.json
2021,8c3e2280-0bde-4ff4-9c24-4c056386260b,2021-09-19 22:00:00+00:00,2021-09-19,3c409388-ab73-4c7f-953d-3a71062240f6,3c409388-ab73-4c7f-953d-3a71062240f6,f073a15f-0486-4179-b0a3-dfd0294eb595,f073a15f-0486-4179-b0a3-dfd0294eb595,1,0,-1.2461011026239954,0.48263821340496305,0.15207902717958197,0.19867529425454367,0.2035741560618886,31a71261-9488-4a23-a70f-5474d4d922a2,2021-09-18 00:00:00+00:00,-39.15288039198978,0.45714285714285713,0.1452081316553727,0.05263157894736842,0.08571428571428572,15.031388328492966,0.5563380281690141,0.12112403100775193,0.2903225806451613,0.3380281690140845,82.56,83.92,118.70155038759688,103.67016205910392,game_summary__8c3e2280-0bde-4ff4-9c24-4c056386260b__20260227T223554Z.json
2021,8c3e2280-0bde-4ff4-9c24-4c056386260b,2021-09-19 22:00:00+00:00,2021-09-19,f073a15f-0486-4179-b0a3-dfd0294eb595,f073a15f-0486-4179-b0a3-dfd0294eb595,3c409388-ab73-4c7f-953d-3a71062240f6,3c409388-ab73-4c7f-953d-3a71062240f6,0,0,-11.181831841846929,0.435006098944464,0.17820561390403744,0.276314885231981,0.22997334135198216,c331528c-ef4e-4071-ab7a-244876089243,2021-09-17 23:00:00+00:00,-22.56412566828857,0.39855072463768115,0.20949720670391062,0.28125,0.2608695652173913,-15.031388328492966,0.5217391304347826,0.19065776930409914,0.2571428571428571,0.2608695652173913,83.92,82.56,103.67016205910392,118.70155038759688,game_summary__8c3e2280-0bde-4ff4-9c24-4c056386260b__20260227T223554Z.json
2021,1f08aa74-b4b1-4438-b1b3-d504f989919c,2021-09-24 00:00:00+00:00,2021-09-24,3c409388-ab73-4c7f-953d-3a71062240f6,3c409388-ab73-4c7f-953d-3a71062240f6,5f0b5caf-708b-4300-92f2-53b51d83ec06,5f0b5caf-708b-4300-92f2-53b51d83ec06,1,1,0.28848095592469725,0.48958636188534665,0.14916070356777703,0.20731546459560743,0.2162499877280349,8c3e2280-0bde-4ff4-9c24-4c056386260b,2021-09-19 22:00:00+00:00,15.031388328492966,0.5563380281690141,0.12112403100775193,0.2903225806451613,0.3380281690140845,18.069535281061988,0.4794520547945205,0.16422435573521982,0.3333333333333333,0.1917808219178082,79.16,75.96,102.3244062657908,84.25487098472881,game_summary__1f08aa74-b4b1-4438-b1b3-d504f989919c__20260227T223557Z.json
2021,1f08aa74-b4b1-4438-b1b3-d504f989919c,2021-09-24 00:00:00+00:00,2021-09-24,5f0b5caf-708b-4300-92f2-53b51d83ec06,5f0b5caf-708b-4300-92f2-53b51d83ec06,3c409388-ab73-4c7f-953d-3a71062240f6,3c409388-ab73-4c7f-953d-3a71062240f6,0,1,-5.625301164666999,0.45527266760635887,0.16734210107744796,0.2532035446155521,0.2245315523271909,9dcb81ee-65c1-4619-bd37-a8fe95e901ee,2021-09-19 21:00:00+00:00,3.7189309824316297,0.5833333333333334,0.17866258295048495,0.15384615384615385,0.31666666666666665,-18.069535281061988,0.42028985507246375,0.1579778830963665,0.20930232558139536,0.13043478260869565,75.96,79.16,84.25487098472881,102.3244062657908,game_summary__1f08aa74-b4b1-4438-b1b3-d504f989919c__20260227T223557Z.json
2021,0520f21c-a56a-41c5-90b5-ad94199820a3,2021-09-24 02:00:00+00:00,2021-09-24,0699edf3-5993-4182-b9b4-ec935cbd4fcc,0699edf3-5993-4182-b9b4-ec935cbd4fcc,08ed8274-e29f-4248-bc2e-83cc8ed18d75,08ed8274-e29f-4248-bc2e-83cc8ed18d75,1,1,5.560212451438497,0.5056476611360297,0.16397407861338784,0.2313005699500828,0.25444547414946306,bd18f03b-fb4c-47dc-8323-1ce88271f867,2021-09-19 19:00:00+00:00,0.3649131112294697,0.5507246376811594,0.1421188630490956,0.20588235294117646,0.14492753623188406,-1.261775673288895,0.5074626865671642,0.12833675564681724,0.21875,0.26865671641791045,77.92,76.08,106.51950718685832,107.78128286014721,game_summary__0520f21c-a56a-41c5-90b5-ad94199820a3__20260227T223559Z.json
2021,0520f21c-a56a-41c5-90b5-ad94199820a3,2021-09-24 02:00:00+00:00,2021-09-24,08ed8274-e29f-4248-bc2e-83cc8ed18d75,08ed8274-e29f-4248-bc2e-83cc8ed18d75,0699edf3-5993-4182-b9b4-ec935cbd4fcc,0699edf3-5993-4182-b9b4-ec935cbd4fcc,0,1,-9.125281821976149,0.4817385517354814,0.1938088730571412,0.17950294973798117,0.20492162613864334,5ec90a86-8af3-4d78-828f-8d4157d9aaff,2021-09-17 23:00:00+00:00,16.686347538503583,0.59375,0.1668377823408624,0.2413793103448276,0.28125,1.261775673288895,0.5507246376811594,0.13144058885383808,0.17647058823529413,0.10144927536231885,76.08,77.92,107.78128286014721,106.51950718685832,game_summary__0520f21c-a56a-41c5-90b5-ad94199820a3__20260227T223559Z.json
2021,5d1442f6-80ec-4fbc-81c1-ca819121c540,2021-09-26 19:00:00+00:00,2021-09-26,0699edf3-5993-4182-b9b4-ec935cbd4fcc,0699edf3-5993-4182-b9b4-ec935cbd4fcc,d6a012ed-84aa-48d3-8265-2d3f3ff2199a,d6a012ed-84aa-48d3-8265-2d3f3ff2199a,0,1,4.917060408604056,0.5058187750829448,0.16061432238865583,0.23011734820378948,0.25578525799679014,0520f21c-a56a-41c5-90b5-ad94199820a3,2021-09-24 02:00:00+00:00,-1.261775673288895,0.5074626865671642,0.12833675564681724,0.21875,0.26865671641791045,7.1307262013831405,0.45569620253164556,0.14679313459801263,0.2978723404255319,0.3037974683544304,88.56,90.04,95.98012646793134,88.8494002665482,game_summary__5d1442f6-80ec-4fbc-81c1-ca819121c540__20260227T223600Z.json
2021,5d1442f6-80ec-4fbc-81c1-ca819121c540,2021-09-26 19:00:00+00:00,2021-09-26,d6a012ed-84aa-48d3-8265-2d3f3ff2199a,d6a012ed-84aa-48d3-8265-2d3f3ff2199a,0699edf3-5993-4182-b9b4-ec935cbd4fcc,0699edf3-5993-4182-b9b4-ec935cbd4fcc,1,1,2.182596998928677,0.4884466765039471,0.1608499077087141,0.2019637425888865,0.23287218794437944,f71cf348-cda3-4f1b-88c3-39400994b5d8,2021-09-18 02:00:00+00:00,5.066537920348196,0.6230769230769231,0.15552099533437014,0.24,0.2153846153846154,-7.1307262013831405,0.4276315789473684,0.1443802754331408,0.15,0.21052631578947367,90.04,88.56,88.8494002665482,95.98012646793134,game_summary__5d1442f6-80ec-4fbc-81c1-ca819121c540__20260227T223600Z.json
2021,ce785bd5-2ae9-4d91-b52d-88223d6fa344,2021-09-26 21:00:00+00:00,2021-09-26,3c409388-ab73-4c7f-953d-3a71062240f6,3c409388-ab73-4c7f-953d-3a71062240f6,6f017f37-be96-4bdc-b6d3-0a0429c72e89,6f017f37-be96-4bdc-b6d3-0a0429c72e89,0,1,1.964813603223054,0.48863093654759926,0.1505808494969266,0.2191959674974722,0.2139431244369278,1f08aa74-b4b1-4438-b1b3-d504f989919c,2021-09-24 00:00:00+00:00,18.069535281061988,0.4794520547945205,0.16422435573521982,0.3333333333333333,0.1917808219178082,18.95111003057032,0.5384615384615384,0.21739130434782608,0.28125,0.3076923076923077,82.8,85.84,107.48792270531402,88.5368126747437,game_summary__ce785bd5-2ae9-4d91-b52d-88223d6fa344__20260227T223602Z.json
2021,ce785bd5-2ae9-4d91-b52d-88223d6fa344,2021-09-26 21:00:00+00:00,2021-09-26,6f017f37-be96-4bdc-b6d3-0a0429c72e89,6f017f37-be96-4bdc-b6d3-0a0429c72e89,3c409388-ab73-4c7f-953d-3a71062240f6,3c409388-ab73-4c7f-953d-3a71062240f6,1,1,8.916471193072704,0.49018598953865966,0.16442383918451237,0.23192007054942562,0.2539934607731719,e8c389c8-4ca3-4822-a850-3c59874eb70a,2021-09-19 19:00:00+00:00,3.801689348103011,0.4772727272727273,0.1849112426035503,0.3125,0.3484848484848485,-18.95111003057032,0.5,0.2329916123019571,0.17647058823529413,0.16417910447761194,85.84,82.8,88.5368126747437,107.48792270531402,game_summary__ce785bd5-2ae9-4d91-b52d-88223d6fa344__20260227T223602Z.json
2021,8db777f3-d932-4107-9d87-0ab4e4fca5cb,2021-09-29 00:00:00+00:00,2021-09-29,3c409388-ab73-4c7f-953d-3a71062240f6,3c409388-ab73-4c7f-953d-3a71062240f6,a015b02d-845c-40c1-8ef4-844984f47e4d,a015b02d-845c-40c1-8ef4-844984f47e4d,0,1,3.5662193881204467,0.4933287831035694,0.1568794943691311,0.22504619429945893,0.22278145391249654,ce785bd5-2ae9-4d91-b52d-88223d6fa344,2021-09-26 21:00:00+00:00,18.95111003057032,0.5384615384615384,0.21739130434782608,0.28125,0.3076923076923077,2.4773539860411518,0.5454545454545454,0.19561815336463226,0.13793103448275862,0.2727272727272727,102.24,98.64,98.78716744913929,96.30981346309814,game_summary__8db777f3-d932-4107-9d87-0ab4e4fca5cb__20260227T223604Z.json
2021,8db777f3-d932-4107-9d87-0ab4e4fca5cb,2021-09-29 00:00:00+00:00,2021-09-29,a015b02d-845c-40c1-8ef4-844984f47e4d,a015b02d-845c-40c1-8ef4-844984f47e4d,3c409388-ab73-4c7f-953d-3a71062240f6,3c409388-ab73-4c7f-953d-3a71062240f6,1,1,15.542050630215183,0.4770164073609187,0.1864438895974912,0.31861204702782653,0.2802878219570868,3fd20eda-6929-4734-9713-7a65fefc2550,2021-09-19 17:00:00+00:00,23.645122828084936,0.44,0.1311647429171039,0.43902439024390244,0.28,-2.4773539860411518,0.40555555555555556,0.12165450121654502,0.3090909090909091,0.34444444444444444,98.64,102.24,96.30981346309814,98.78716744913929,game_summary__8db777f3-d932-4107-9d87-0ab4e4fca5cb__20260227T223604Z.json
2021,96fb24dd-36db-40f2-9879-71585430c94f,2021-09-29 02:00:00+00:00,2021-09-29,0699edf3-5993-4182-b9b4-ec935cbd4fcc,0699edf3-5993-4182-b9b4-ec935cbd4fcc,171b097d-01db-4ae8-9d56-035689402ec6,FR_LVA_ACES,0,1,5.125756708091602,0.5010934026051418,0.15931131144823357,0.23650504059828287,0.26031167325989896,5d1442f6-80ec-4fbc-81c1-ca819121c540,2021-09-26 19:00:00+00:00,7.1307262013831405,0.45569620253164556,0.14679313459801263,0.2978723404255319,0.3037974683544304,-0.6920757925657028,0.5422535211267606,0.08856275303643724,0.17647058823529413,0.22535211267605634,79.04,83.8,113.86639676113359,114.55847255369929,game_summary__96fb24dd-36db-40f2-9879-71585430c94f__20260227T223606Z.json
2021,96fb24dd-36db-40f2-9879-71585430c94f,2021-09-29 02:00:00+00:00,2021-09-29,171b097d-01db-4ae8-9d56-035689402ec6,FR_LVA_ACES,0699edf3-5993-4182-b9b4-ec935cbd4fcc,0699edf3-5993-4182-b9b4-ec935cbd4fcc,1,1,9.789055190312883,0.4929509259017403,0.12942914055972288,0.21010375903650885,0.27403638826435517,bd18f03b-fb4c-47dc-8323-1ce88271f867,2021-09-19 19:00:00+00:00,-0.3649131112294697,0.5072463768115942,0.11450381679389314,0.1875,0.21739130434782608,0.6920757925657028,0.5547945205479452,0.0954653937947494,0.2,0.273972602739726,83.8,79.04,114.55847255369929,113.86639676113359,game_summary__96fb24dd-36db-40f2-9879-71585430c94f__20260227T223606Z.json
2021,7ffe48f7-1f94-45fa-aabf-ec43acc8c735,2021-10-01 00:00:00+00:00,2021-10-01,3c409388-ab73-4c7f-953d-3a71062240f6,3c409388-ab73-4c7f-953d-3a71062240f6,a015b02d-845c-40c1-8ef4-844984f47e4d,a015b02d-845c-40c1-8ef4-844984f47e4d,0,1,3.4635651479026026,0.49824300897546986,0.160531633190557,0.21683329624487627,0.22749016269569247,8db777f3-d932-4107-9d87-0ab4e4fca5cb,2021-09-29 00:00:00+00:00,2.4773539860411518,0.5454545454545454,0.19561815336463226,0.13793103448275862,0.2727272727272727,-17.727040046127627,0.4523809523809524,0.18353434714210803,0.18181818181818182,0.19047619047619047,76.28,73.92,89.14525432616675,106.87229437229438,game_summary__7ffe48f7-1f94-45fa-aabf-ec43acc8c735__20260227T223607Z.json
2021,7ffe48f7-1f94-45fa-aabf-ec43acc8c735,2021-10-01 00:00:00+00:00,2021-10-01,a015b02d-845c-40c1-8ef4-844984f47e4d,a015b02d-845c-40c1-8ef4-844984f47e4d,3c409388-ab73-4c7f-953d-3a71062240f6,3c409388-ab73-4c7f-953d-3a71062240f6,1,1,13.84324719084849,0.4702793401041291,0.18033578346635298,0.31771442903109604,0.2863362732383987,8db777f3-d932-4107-9d87-0ab4e4fca5cb,2021-09-29 00:00:00+00:00,-2.4773539860411518,0.40555555555555556,0.12165450121654502,0.3090909090909091,0.34444444444444444,17.727040046127627,0.5151515151515151,0.16233766233766234,0.375,0.2727272727272727,73.92,76.28,106.87229437229438,89.14525432616675,game_summary__7ffe48f7-1f94-45fa-aabf-ec43acc8c735__20260227T223607Z.json
2021,82d86a4f-0b8c-4a52-a597-26dff13ac1ac,2021-10-01 02:00:00+00:00,2021-10-01,0699edf3-5993-4182-b9b4-ec935cbd4fcc,0699edf3-5993-4182-b9b4-ec935cbd4fcc,171b097d-01db-4ae8-9d56-035689402ec6,FR_LVA_ACES,0,1,4.577272778003279,0.5049738277578233,0.15264139660255846,0.23084521241157727,0.25701581398911033,96fb24dd-36db-40f2-9879-71585430c94f,2021-09-29 02:00:00+00:00,-0.6920757925657028,0.5422535211267606,0.08856275303643724,0.17647058823529413,0.22535211267605634,26.6832499757425,0.7121212121212122,0.16362786348761102,0.2,0.36363636363636365,85.56,82.68,136.7461430575035,110.062893081761,game_summary__82d86a4f-0b8c-4a52-a597-26dff13ac1ac__20260227T223609Z.json
2021,82d86a4f-0b8c-4a52-a597-26dff13ac1ac,2021-10-01 02:00:00+00:00,2021-10-01,171b097d-01db-4ae8-9d56-035689402ec6,FR_LVA_ACES,0699edf3-5993-4182-b9b4-ec935cbd4fcc,0699edf3-5993-4182-b9b4-ec935cbd4fcc,1,1,8.931425306426547,0.4987813133937327,0.12622716296685257,0.20915121365738637,0.27403037479882014,96fb24dd-36db-40f2-9879-71585430c94f,2021-09-29 02:00:00+00:00,0.6920757925657028,0.5547945205479452,0.0954653937947494,0.2,0.273972602739726,-26.6832499757425,0.5507246376811594,0.08466376390904692,0.08823529411764706,0.3188405797101449,82.68,85.56,110.062893081761,136.7461430575035,game_summary__82d86a4f-0b8c-4a52-a597-26dff13ac1ac__20260227T223609Z.json
2021,19583dc5-82db-4df3-8dc0-19f545fb7eec,2021-10-03 17:00:00+00:00,2021-10-03,3c409388-ab73-4c7f-953d-3a71062240f6,3c409388-ab73-4c7f-953d-3a71062240f6,a015b02d-845c-40c1-8ef4-844984f47e4d,a015b02d-845c-40c1-8ef4-844984f47e4d,1,1,1.4657925381792065,0.4939193023304174,0.16270024477389475,0.2135321995613475,0.22400062102380028,7ffe48f7-1f94-45fa-aabf-ec43acc8c735,2021-10-01 00:00:00+00:00,-17.727040046127627,0.4523809523809524,0.18353434714210803,0.18181818181818182,0.19047619047619047,10.44040722482707,0.5298507462686567,0.1809720785935884,0.34285714285714286,0.2835820895522388,77.36,82.4,111.16856256463288,100.72815533980581,game_summary__19583dc5-82db-4df3-8dc0-19f545fb7eec__20260227T223611Z.json
2021,19583dc5-82db-4df3-8dc0-19f545fb7eec,2021-10-03 17:00:00+00:00,2021-10-03,a015b02d-845c-40c1-8ef4-844984f47e4d,a015b02d-845c-40c1-8ef4-844984f47e4d,3c409388-ab73-4c7f-953d-3a71062240f6,3c409388-ab73-4c7f-953d-3a71062240f6,0,1,14.209396950002226,0.4745097243441052,0.17863898655620566,0.3231151027525942,0.28505326653717916,7ffe48f7-1f94-45fa-aabf-ec43acc8c735,2021-10-01 00:00:00+00:00,17.727040046127627,0.5151515151515151,0.16233766233766234,0.375,0.2727272727272727,-10.44040722482707,0.5514705882352942,0.20631067961165048,0.23333333333333334,0.14705882352941177,82.4,77.36,100.72815533980581,111.16856256463288,game_summary__19583dc5-82db-4df3-8dc0-19f545fb7eec__20260227T223611Z.json
2021,d8efbcb9-e7df-4956-9902-d96cee1df863,2021-10-03 19:00:00+00:00,2021-10-03,0699edf3-5993-4182-b9b4-ec935cbd4fcc,0699edf3-5993-4182-b9b4-ec935cbd4fcc,171b097d-01db-4ae8-9d56-035689402ec6,FR_LVA_ACES,1,1,6.661343306071765,0.5245029241129198,0.15367716044316715,0.2279372388104123,0.2670676087240216,82d86a4f-0b8c-4a52-a597-26dff13ac1ac,2021-10-01 02:00:00+00:00,26.6832499757425,0.7121212121212122,0.16362786348761102,0.2,0.36363636363636365,30.122277636842824,0.4810126582278481,0.1534466477809254,0.3333333333333333,0.16455696202531644,84.72,82.68,102.69121813031161,72.56894049346879,game_summary__d8efbcb9-e7df-4956-9902-d96cee1df863__20260227T223613Z.json
2021,d8efbcb9-e7df-4956-9902-d96cee1df863,2021-10-03 19:00:00+00:00,2021-10-03,171b097d-01db-4ae8-9d56-035689402ec6,FR_LVA_ACES,0699edf3-5993-4182-b9b4-ec935cbd4fcc,0699edf3-5993-4182-b9b4-ec935cbd4fcc,0,1,5.573804222392835,0.503678339673503,0.12230871800294567,0.19775170383101945,0.2782549167214433,82d86a4f-0b8c-4a52-a597-26dff13ac1ac,2021-10-01 02:00:00+00:00,-26.6832499757425,0.5507246376811594,0.08466376390904692,0.08823529411764706,0.3188405797101449,-30.122277636842824,0.3235294117647059,0.09675858732462506,0.0625,0.3235294117647059,82.68,84.72,72.56894049346879,102.69121813031161,game_summary__d8efbcb9-e7df-4956-9902-d96cee1df863__20260227T223613Z.json
2021,2dbd8cf1-1a09-49bb-b547-87970db22f6f,2021-10-07 00:00:00+00:00,2021-10-07,3c409388-ab73-4c7f-953d-3a71062240f6,3c409388-ab73-4c7f-953d-3a71062240f6,a015b02d-845c-40c1-8ef4-844984f47e4d,a015b02d-845c-40c1-8ef4-844984f47e4d,1,1,2.311886325479694,0.49730678720262145,0.1644228463135943,0.2257244813345531,0.22961774355443682,19583dc5-82db-4df3-8dc0-19f545fb7eec,2021-10-03 17:00:00+00:00,10.44040722482707,0.5298507462686567,0.1809720785935884,0.34285714285714286,0.2835820895522388,8.581420938968918,0.5396825396825397,0.2047082906857728,0.23333333333333334,0.2222222222222222,78.16,74.6,101.0747185261003,92.49329758713138,game_summary__2dbd8cf1-1a09-49bb-b547-87970db22f6f__20260227T223614Z.json
2021,2dbd8cf1-1a09-49bb-b547-87970db22f6f,2021-10-07 00:00:00+00:00,2021-10-07,a015b02d-845c-40c1-8ef4-844984f47e4d,a015b02d-845c-40c1-8ef4-844984f47e4d,3c409388-ab73-4c7f-953d-3a71062240f6,3c409388-ab73-4c7f-953d-3a71062240f6,0,1,11.885503735787067,0.48176531258685074,0.1812477723810869,0.31465080651584343,0.27204365609846365,19583dc5-82db-4df3-8dc0-19f545fb7eec,2021-10-03 17:00:00+00:00,-10.44040722482707,0.5514705882352942,0.20631067961165048,0.23333333333333334,0.14705882352941177,-8.581420938968918,0.4444444444444444,0.21447721179624665,0.2972972972972973,0.23809523809523808,74.6,78.16,92.49329758713138,101.0747185261003,game_summary__2dbd8cf1-1a09-49bb-b547-87970db22f6f__20260227T223614Z.json
2021,acf50873-6bde-479d-9331-ef57ce044938,2021-10-07 02:00:00+00:00,2021-10-07,0699edf3-5993-4182-b9b4-ec935cbd4fcc,0699edf3-5993-4182-b9b4-ec935cbd4fcc,171b097d-01db-4ae8-9d56-035689402ec6,FR_LVA_ACES,1,1,8.873154227721974,0.5204028212050869,0.15365542855403025,0.2378735964029282,0.25740328057933043,d8efbcb9-e7df-4956-9902-d96cee1df863,2021-10-03 19:00:00+00:00,30.122277636842824,0.4810126582278481,0.1534466477809254,0.3333333333333333,0.16455696202531644,-28.204708960104625,0.4666666666666667,0.2135791366906475,0.25,0.12,88.96,81.84,85.431654676259,113.63636363636363,game_summary__acf50873-6bde-479d-9331-ef57ce044938__20260227T223616Z.json
2021,acf50873-6bde-479d-9331-ef57ce044938,2021-10-07 02:00:00+00:00,2021-10-07,171b097d-01db-4ae8-9d56-035689402ec6,FR_LVA_ACES,0699edf3-5993-4182-b9b4-ec935cbd4fcc,0699edf3-5993-4182-b9b4-ec935cbd4fcc,0,1,2.2085084245684645,0.48669455886347596,0.11989994530501526,0.1850006687917676,0.28252323021642406,d8efbcb9-e7df-4956-9902-d96cee1df863,2021-10-03 19:00:00+00:00,-30.122277636842824,0.3235294117647059,0.09675858732462506,0.0625,0.3235294117647059,28.204708960104625,0.551948051948052,0.12218963831867057,0.2777777777777778,0.14285714285714285,81.84,88.96,113.63636363636363,85.431654676259,game_summary__acf50873-6bde-479d-9331-ef57ce044938__20260227T223616Z.json
2021,ef6e2144-d45e-4ca9-ad22-4f755f028ed7,2021-10-09 01:00:00+00:00,2021-10-09,0699edf3-5993-4182-b9b4-ec935cbd4fcc,0699edf3-5993-4182-b9b4-ec935cbd4fcc,171b097d-01db-4ae8-9d56-035689402ec6,FR_LVA_ACES,0,1,5.377589149449499,0.5153367734586561,0.15930481618086964,0.23901682929971713,0.24444940276819282,acf50873-6bde-479d-9331-ef57ce044938,2021-10-07 02:00:00+00:00,-28.204708960104625,0.4666666666666667,0.2135791366906475,0.25,0.12,2.841808935060115,0.5,0.1334303736050461,0.16129032258064516,0.4,82.44,81.8,105.53129548762736,102.68948655256725,game_summary__ef6e2144-d45e-4ca9-ad22-4f755f028ed7__20260227T223619Z.json
2021,ef6e2144-d45e-4ca9-ad22-4f755f028ed7,2021-10-09 01:00:00+00:00,2021-10-09,171b097d-01db-4ae8-9d56-035689402ec6,FR_LVA_ACES,0699edf3-5993-4182-b9b4-ec935cbd4fcc,0699edf3-5993-4182-b9b4-ec935cbd4fcc,1,1,4.65933495411948,0.49284641908547033,0.1201158091723032,0.1937473546671568,0.2693560232735939,acf50873-6bde-479d-9331-ef57ce044938,2021-10-07 02:00:00+00:00,28.204708960104625,0.551948051948052,0.12218963831867057,0.2777777777777778,0.14285714285714285,-2.841808935060115,0.463768115942029,0.19559902200489,0.3333333333333333,0.2898550724637681,81.8,82.44,102.68948655256725,105.53129548762736,game_summary__ef6e2144-d45e-4ca9-ad22-4f755f028ed7__20260227T223619Z.json
2021,3a406982-f5cd-4f0f-9355-d7ef3b94a8cd,2021-10-10 19:00:00+00:00,2021-10-10,0699edf3-5993-4182-b9b4-ec935cbd4fcc,0699edf3-5993-4182-b9b4-ec935cbd4fcc,3c409388-ab73-4c7f-953d-3a71062240f6,3c409388-ab73-4c7f-953d-3a71062240f6,1,1,5.138525082604783,0.5138908786549594,0.15686546854560704,0.23168905905667617,0.2591141430967685,ef6e2144-d45e-4ca9-ad22-4f755f028ed7,2021-10-09 01:00:00+00:00,2.841808935060115,0.5,0.1334303736050461,0.16129032258064516,0.4,-14.303615003161042,0.49193548387096775,0.24247064828994386,0.3142857142857143,0.3064516129032258,78.36,80.84,98.26442062276672,112.56803562592776,game_summary__3a406982-f5cd-4f0f-9355-d7ef3b94a8cd__20260227T223621Z.json
2021,3a406982-f5cd-4f0f-9355-d7ef3b94a8cd,2021-10-10 19:00:00+00:00,2021-10-10,3c409388-ab73-4c7f-953d-3a71062240f6,3c409388-ab73-4c7f-953d-3a71062240f6,0699edf3-5993-4182-b9b4-ec935cbd4fcc,0699edf3-5993-4182-b9b4-ec935cbd4fcc,0,1,2.902955075610062,0.5013018178704878,0.16822081039250353,0.22644181602015637,0.22892052090237752,2dbd8cf1-1a09-49bb-b547-87970db22f6f,2021-10-07 00:00:00+00:00,8.581420938968918,0.5396825396825397,0.2047082906857728,0.23333333333333334,0.2222222222222222,14.303615003161042,0.5882352941176471,0.22266204849084612,0.35714285714285715,0.16176470588235295,80.84,78.36,112.56803562592776,98.26442062276672,game_summary__3a406982-f5cd-4f0f-9355-d7ef3b94a8cd__20260227T223621Z.json
2021,458f5ba6-bd46-4788-b9bd-3355ab7489ce,2021-10-14 01:00:00+00:00,2021-10-14,0699edf3-5993-4182-b9b4-ec935cbd4fcc,0699edf3-5993-4182-b9b4-ec935cbd4fcc,3c409388-ab73-4c7f-953d-3a71062240f6,3c409388-ab73-4c7f-953d-3a71062240f6,1,1,3.3055913564509662,0.5118210044850854,0.16493601121193274,0.23947596905572732,0.26357694629313927,3a406982-f5cd-4f0f-9355-d7ef3b94a8cd,2021-10-10 19:00:00+00:00,-14.303615003161042,0.49193548387096775,0.24247064828994386,0.3142857142857143,0.3064516129032258,7.568429314616097,0.5,0.14470169189670526,0.21428571428571427,0.13580246913580246,89.84,91.76,101.29118432769368,93.72275501307759,game_summary__458f5ba6-bd46-4788-b9bd-3355ab7489ce__20260227T223623Z.json
2021,458f5ba6-bd46-4788-b9bd-3355ab7489ce,2021-10-14 01:00:00+00:00,2021-10-14,3c409388-ab73-4c7f-953d-3a71062240f6,3c409388-ab73-4c7f-953d-3a71062240f6,0699edf3-5993-4182-b9b4-ec935cbd4fcc,0699edf3-5993-4182-b9b4-ec935cbd4fcc,0,1,3.9777675185528834,0.5094975874638706,0.17335333083335147,0.23876383125409706,0.2225893167389187,3a406982-f5cd-4f0f-9355-d7ef3b94a8cd,2021-10-10 19:00:00+00:00,14.303615003161042,0.5882352941176471,0.22266204849084612,0.35714285714285715,0.16176470588235295,-7.568429314616097,0.51875,0.2070619006102877,0.24324324324324326,0.05,91.76,89.84,93.72275501307759,101.29118432769368,game_summary__458f5ba6-bd46-4788-b9bd-3355ab7489ce__20260227T223623Z.json
2021,c1c0c3c1-93cc-45d9-ad27-08a2659c1afb,2021-10-16 01:00:00+00:00,2021-10-16,0699edf3-5993-4182-b9b4-ec935cbd4fcc,0699edf3-5993-4182-b9b4-ec935cbd4fcc,3c409388-ab73-4c7f-953d-3a71062240f6,3c409388-ab73-4c7f-953d-3a71062240f6,0,1,3.7074760989835043,0.5107065634975116,0.16302839373077904,0.23710112413975185,0.2515308367861504,458f5ba6-bd46-4788-b9bd-3355ab7489ce,2021-10-14 01:00:00+00:00,7.568429314616097,0.5,0.14470169189670526,0.21428571428571427,0.13580246913580246,-47.111616430403004,0.29838709677419356,0.2527940393826504,0.3076923076923077,0.22580645161290322,75.16,75.68,66.52474720596062,113.63636363636363,game_summary__c1c0c3c1-93cc-45d9-ad27-08a2659c1afb__20260227T223625Z.json
2021,c1c0c3c1-93cc-45d9-ad27-08a2659c1afb,2021-10-16 01:00:00+00:00,2021-10-16,3c409388-ab73-4c7f-953d-3a71062240f6,3c409388-ab73-4c7f-953d-3a71062240f6,0699edf3-5993-4182-b9b4-ec935cbd4fcc,0699edf3-5993-4182-b9b4-ec935cbd4fcc,1,1,2.8892343894340278,0.5103698710144956,0.17653125127482544,0.23918613380268608,0.20631822836957747,458f5ba6-bd46-4788-b9bd-3355ab7489ce,2021-10-14 01:00:00+00:00,-7.568429314616097,0.51875,0.2070619006102877,0.24324324324324326,0.05,47.111616430403004,0.5666666666666667,0.17177589852008454,0.25,0.36666666666666664,75.68,75.16,113.63636363636363,66.52474720596062,game_summary__c1c0c3c1-93cc-45d9-ad27-08a2659c1afb__20260227T223625Z.json
2021,27808273-a3d8-41f0-af82-8d5d9ff7b541,2021-10-17 19:00:00+00:00,2021-10-17,0699edf3-5993-4182-b9b4-ec935cbd4fcc,0699edf3-5993-4182-b9b4-ec935cbd4fcc,3c409388-ab73-4c7f-953d-3a71062240f6,3c409388-ab73-4c7f-953d-3a71062240f6,0,1,-1.083561730120528,0.49068986216939586,0.17149116987782204,0.2437562022603608,0.24910563601295277,c1c0c3c1-93cc-45d9-ad27-08a2659c1afb,2021-10-16 01:00:00+00:00,-47.111616430403004,0.29838709677419356,0.2527940393826504,0.3076923076923077,0.22580645161290322,-10.718156751681121,0.45588235294117646,0.179168657429527,0.1388888888888889,0.19117647058823528,83.72,80.72,88.38987099856665,99.10802775024777,game_summary__27808273-a3d8-41f0-af82-8d5d9ff7b541__20260227T223626Z.json
2021,27808273-a3d8-41f0-af82-8d5d9ff7b541,2021-10-17 19:00:00+00:00,2021-10-17,3c409388-ab73-4c7f-953d-3a71062240f6,3c409388-ab73-4c7f-953d-3a71062240f6,0699edf3-5993-4182-b9b4-ec935cbd4fcc,0699edf3-5993-4182-b9b4-ec935cbd4fcc,1,1,7.0583585257782016,0.515677326622266,0.17608293404197592,0.24020562548290925,0.2214352915732321,c1c0c3c1-93cc-45d9-ad27-08a2659c1afb,2021-10-16 01:00:00+00:00,47.111616430403004,0.5666666666666667,0.17177589852008454,0.25,0.36666666666666664,10.718156751681121,0.4928571428571429,0.12388503468780972,0.14705882352941177,0.18571428571428572,80.72,83.72,99.10802775024777,88.38987099856665,game_summary__27808273-a3d8-41f0-af82-8d5d9ff7b541__20260227T223626Z.json
