game_id,game_ts,game_date,season,is_playoff,home_team_id,away_team_id,home_franchise_id,away_franchise_id,home_elo_pre,away_elo_pre,p_elo,base_margin,home_win,home_p1_m_ewma_pre,home_p1_q_pre,home_p1_days_since_first_report_pre,home_p1_days_since_last_dnp_pre,home_p1_consec_dnps_pre,home_p1_played_last_game_pre,home_p1_minutes_last_game_pre,home_p1_days_since_last_played_pre,home_p1_injury_present_flag_pre,home_p2_m_ewma_pre,home_p2_q_pre,home_p2_days_since_first_report_pre,home_p2_days_since_last_dnp_pre,home_p2_consec_dnps_pre,home_p2_played_last_game_pre,home_p2_minutes_last_game_pre,home_p2_days_since_last_played_pre,home_p2_injury_present_flag_pre,home_p3_m_ewma_pre,home_p3_q_pre,home_p3_days_since_first_report_pre,home_p3_days_since_last_dnp_pre,home_p3_consec_dnps_pre,home_p3_played_last_game_pre,home_p3_minutes_last_game_pre,home_p3_days_since_last_played_pre,home_p3_injury_present_flag_pre,home_p4_m_ewma_pre,home_p4_q_pre,home_p4_days_since_first_report_pre,home_p4_days_since_last_dnp_pre,home_p4_consec_dnps_pre,home_p4_played_last_game_pre,home_p4_minutes_last_game_pre,home_p4_days_since_last_played_pre,home_p4_injury_present_flag_pre,home_p5_m_ewma_pre,home_p5_q_pre,home_p5_days_since_first_report_pre,home_p5_days_since_last_dnp_pre,home_p5_consec_dnps_pre,home_p5_played_last_game_pre,home_p5_minutes_last_game_pre,home_p5_days_since_last_played_pre,home_p5_injury_present_flag_pre,home_p6_m_ewma_pre,home_p6_q_pre,home_p6_days_since_first_report_pre,home_p6_days_since_last_dnp_pre,home_p6_consec_dnps_pre,home_p6_played_last_game_pre,home_p6_minutes_last_game_pre,home_p6_days_since_last_played_pre,home_p6_injury_present_flag_pre,home_p7_m_ewma_pre,home_p7_q_pre,home_p7_days_since_first_report_pre,home_p7_days_since_last_dnp_pre,home_p7_consec_dnps_pre,home_p7_played_last_game_pre,home_p7_minutes_last_game_pre,home_p7_days_since_last_played_pre,home_p7_injury_present_flag_pre,away_p1_m_ewma_pre,away_p1_q_pre,away_p1_days_since_first_report_pre,away_p1_days_since_last_dnp_pre,away_p1_consec_dnps_pre,away_p1_played_last_game_pre,away_p1_minutes_last_game_pre,away_p1_days_since_last_played_pre,away_p1_injury_present_flag_pre,away_p2_m_ewma_pre,away_p2_q_pre,away_p2_days_since_first_report_pre,away_p2_days_since_last_dnp_pre,away_p2_consec_dnps_pre,away_p2_played_last_game_pre,away_p2_minutes_last_game_pre,away_p2_days_since_last_played_pre,away_p2_injury_present_flag_pre,away_p3_m_ewma_pre,away_p3_q_pre,away_p3_days_since_first_report_pre,away_p3_days_since_last_dnp_pre,away_p3_consec_dnps_pre,away_p3_played_last_game_pre,away_p3_minutes_last_game_pre,away_p3_days_since_last_played_pre,away_p3_injury_present_flag_pre,away_p4_m_ewma_pre,away_p4_q_pre,away_p4_days_since_first_report_pre,away_p4_days_since_last_dnp_pre,away_p4_consec_dnps_pre,away_p4_played_last_game_pre,away_p4_minutes_last_game_pre,away_p4_days_since_last_played_pre,away_p4_injury_present_flag_pre,away_p5_m_ewma_pre,away_p5_q_pre,away_p5_days_since_first_report_pre,away_p5_days_since_last_dnp_pre,away_p5_consec_dnps_pre,away_p5_played_last_game_pre,away_p5_minutes_last_game_pre,away_p5_days_since_last_played_pre,away_p5_injury_present_flag_pre,away_p6_m_ewma_pre,away_p6_q_pre,away_p6_days_since_first_report_pre,away_p6_days_since_last_dnp_pre,away_p6_consec_dnps_pre,away_p6_played_last_game_pre,away_p6_minutes_last_game_pre,away_p6_days_since_last_played_pre,away_p6_injury_present_flag_pre,away_p7_m_ewma_pre,away_p7_q_pre,away_p7_days_since_first_report_pre,away_p7_days_since_last_dnp_pre,away_p7_consec_dnps_pre,away_p7_played_last_game_pre,away_p7_minutes_last_game_pre,away_p7_days_since_last_played_pre,away_p7_injury_present_flag_pre,home_net_rtg_ewma_pre,away_net_rtg_ewma_pre,home_efg_ewma_pre,away_efg_ewma_pre,home_tov_pct_ewma_pre,away_tov_pct_ewma_pre,home_orb_pct_ewma_pre,away_orb_pct_ewma_pre,home_ftr_ewma_pre,away_ftr_ewma_pre,home_off_3pa_rate_pre,away_off_3pa_rate_pre,home_def_3pa_allowed_pre,away_def_3pa_allowed_pre,home_off_2pa_rate_pre,away_off_2pa_rate_pre,home_def_2pa_allowed_pre,away_def_2pa_allowed_pre,home_off_tov_pct_pre,away_off_tov_pct_pre,home_def_forced_tov_pre,away_def_forced_tov_pre,home_days_rest_pre,away_days_rest_pre,home_is_b2b_pre,away_is_b2b_pre,home_games_last_4_days_pre,away_games_last_4_days_pre,home_games_last_7_days_pre,away_games_last_7_days_pre,home_travel_miles_pre,away_travel_miles_pre,home_timezone_shift_hours_pre,away_timezone_shift_hours_pre
a0c81135-419b-46e1-b1e6-5f9fd9d56208,2024-05-14 23:00:00+00:00,2024-05-14,2024,0,5c0d47fe-8539-47b0-9f36-d0b3609ca89b,08ed8274-e29f-4248-bc2e-83cc8ed18d75,5c0d47fe-8539-47b0-9f36-d0b3609ca89b,08ed8274-e29f-4248-bc2e-83cc8ed18d75,1489.6791539617548,1615.5750098709675,0.3587477903894988,-0.5808032344035711,0,31.656349206349205,0.5227267029357936,0,0,0,0,0.0,0,0,22.20208333333333,0.3682086891245191,0,0,0,0,0.0,0,0,17.774603174603175,0.4500803714949098,0,0,0,0,0.0,0,0,24.17063492063492,0.2984731571170579,0,0,0,0,0.0,0,0,16.076587301587303,0.4206057314935946,0,0,0,0,0.0,0,0,10.473809523809525,0.5410320527392589,0,0,0,0,0.0,0,0,6.364666666666667,0.3833665025662511,0,0,0,0,0.0,0,0,34.68888888888889,0.7455627991106757,0,0,0,0,0.0,0,0,26.95733333333333,0.696656444752201,0,0,0,0,0.0,0,0,29.50065359477124,0.5702764976958525,0,0,0,0,0.0,0,0,29.85359477124183,0.4945704527541816,0,0,0,0,0.0,0,0,31.231666666666666,0.4015155557927317,0,0,0,0,0.0,0,0,15.876333333333331,0.3867391715131538,0,0,0,0,0.0,0,0,16.449404761904763,0.3452144020264158,0,0,0,0,0.0,0,0,0.0,0.0,0.0,0.0,0.0,0.0,0.0,0.0,0.0,0.0,0.3402242466713385,0.4178551055333713,0.3508078994614003,0.3116003386960203,0.6597757533286616,0.5821448944666286,0.6491921005385997,0.6883996613039797,0.1474192271058743,0.1517211137908353,0.1701290343001234,0.1400405786873677,0,0,1,1,0,0,0,0,0.6,204.3,0,0
0a40e0a9-5339-4f1f-8815-cc89963c1bee,2024-05-14 23:30:00+00:00,2024-05-14,2024,0,a015b02d-845c-40c1-8ef4-844984f47e4d,f073a15f-0486-4179-b0a3-dfd0294eb595,a015b02d-845c-40c1-8ef4-844984f47e4d,f073a15f-0486-4179-b0a3-dfd0294eb595,1556.760911996333,1440.563367648277,0.6927055059968998,0.8127984019579988,1,35.98368055555556,0.6658110833421786,0,0,0,0,0.0,0,0,30.63784722222222,0.5582692067953353,0,0,0,0,0.0,0,0,24.305,0.3990948364534046,0,0,0,0,0.0,0,0,14.725886524822696,0.5085847761697209,0,0,0,0,0.0,0,0,11.521825396825395,0.5352161184776993,0,0,0,0,0.0,0,0,8.75531914893617,0.6634264884568651,0,0,0,0,0.0,0,0,13.441489361702128,0.4163039176889592,0,0,0,0,0.0,0,0,30.914634146341463,0.6627218934911243,0,0,0,0,0.0,0,0,33.177235772357726,0.3874240345030386,0,0,0,0,0.0,0,0,22.12208333333333,0.5627860546588063,0,0,0,0,0.0,0,0,26.78125,0.4182030338389731,0,0,0,0,0.0,0,0,18.210416666666667,0.3212447088433818,0,0,0,0,0.0,0,0,13.099583333333332,0.3549731225547886,0,0,0,0,0.0,0,0,15.475416666666666,0.2665517891279179,0,0,0,0,0.0,0,0,0.0,0.0,0.0,0.0,0.0,0.0,0.0,0.0,0.0,0.0,0.2994049483244597,0.2897435897435897,0.3271665043816942,0.3400297619047619,0.7005950516755403,0.7102564102564103,0.6728334956183057,0.6599702380952381,0.1490146495422612,0.1635585952103446,0.1727539602356125,0.1481320299946438,0,0,1,1,0,0,0,0,0.0,746.3,0,0
1b0a97b5-21ae-4b42-aa3f-b2b2e2936b11,2024-05-15 02:00:00+00:00,2024-05-15,2024,0,171b097d-01db-4ae8-9d56-035689402ec6,0699edf3-5993-4182-b9b4-ec935cbd4fcc,FR_LVA_ACES,0699edf3-5993-4182-b9b4-ec935cbd4fcc,1647.656602679003,1404.3112879021724,0.8241497986520415,1.5447198039498122,1,31.02233333333333,0.9090225321542544,0,0,0,0,0.0,0,0,31.93133333333333,0.6000375806417939,0,0,0,0,0.0,0,0,31.870666666666665,0.5886290423796177,0,0,0,0,0.0,0,0,32.34466666666667,0.5144588494754416,0,0,0,0,0.0,0,0,20.419727891156462,0.4267581703701236,0,0,0,0,0.0,0,0,22.30374149659864,0.3778994403184237,0,0,0,0,0.0,0,0,12.836666666666668,0.6056868345884185,0,0,0,0,0.0,0,0,21.49918699186992,0.7181213129632431,0,0,0,0,0.0,0,0,30.29960317460317,0.4573374369720385,0,0,0,0,0.0,0,0,29.48333333333333,0.4669567618020955,0,0,0,0,0.0,0,0,17.725833333333334,0.5190165013398524,0,0,0,0,0.0,0,0,26.265,0.3226727584237578,0,0,0,0,0.0,0,0,22.20425531914893,0.3804139517056343,0,0,0,0,0.0,0,0,22.4425,0.3564665255653336,0,0,0,0,0.0,0,0,0.0,0.0,0.0,0.0,0.0,0.0,0.0,0.0,0.0,0.0,0.3546288080449571,0.3232994526974199,0.3241616509028375,0.3096797671033479,0.6453711919550429,0.6767005473025801,0.6758383490971626,0.6903202328966521,0.1337044811536004,0.1846563213249377,0.1483639863130881,0.1416406945681211,0,0,1,1,0,0,0,0,0.0,253.9,0,0
faaaba7d-479f-4b77-855f-07ac3180794c,2024-05-15 02:00:00+00:00,2024-05-15,2024,0,d6a012ed-84aa-48d3-8265-2d3f3ff2199a,6f017f37-be96-4bdc-b6d3-0a0429c72e89,d6a012ed-84aa-48d3-8265-2d3f3ff2199a,6f017f37-be96-4bdc-b6d3-0a0429c72e89,1445.7817906663802,1457.0278975446718,0.5197831101952233,0.0791737731816978,0,27.77926829268293,0.7489354229773036,0,0,0,0,0.0,0,0,32.09065040650407,0.577631962301914,0,0,0,0,0.0,0,0,33.34390243902439,0.519347523955819,0,0,0,0,0.0,0,0,24.452916666666667,0.3946359500400429,0,0,0,0,0.0,0,0,20.150416666666665,0.3647567254605984,0,0,0,0,0.0,0,0,17.62375,0.3815873466203276,0,0,0,0,0.0,0,0,16.847916666666666,0.3561271175961419,0,0,0,0,0.0,0,0,30.965151515151515,0.7090081714537358,0,0,0,0,0.0,0,0,30.225,0.5057308283114734,0,0,0,0,0.0,0,0,24.829761904761902,0.5369899793834205,0,0,0,0,0.0,0,0,30.83294573643411,0.3944738463085645,0,0,0,0,0.0,0,0,23.059302325581395,0.48509908728758,0,0,0,0,0.0,0,0,21.004651162790697,0.3664747564216121,0,0,0,0,0.0,0,0,25.96276595744681,0.2802704363859865,0,0,0,0,0.0,0,0,0.0,0.0,0.0,0.0,0.0,0.0,0.0,0.0,0.0,0.0,0.3561442236938926,0.3124567474048443,0.3094462540716612,0.3530970520039748,0.6438557763061075,0.6875432525951557,0.6905537459283387,0.6469029479960252,0.1682434942207267,0.1580646841310348,0.1515735035211267,0.1462123548155,0,0,1,1,0,0,0,0,0.0,1391.7,0,-2
8e6f47b8-a2bd-49d4-8a6e-32a88bcc0dda,2024-05-16 00:00:00+00:00,2024-05-16,2024,0,5f0b5caf-708b-4300-92f2-53b51d83ec06,3c409388-ab73-4c7f-953d-3a71062240f6,5f0b5caf-708b-4300-92f2-53b51d83ec06,3c409388-ab73-4c7f-953d-3a71062240f6,1548.67542434066,1505.1547155644143,0.5973503363598521,0.3944369064739241,1,31.472826086956523,0.6306337420134692,0,0,0,0,0.0,0,0,32.42259259259259,0.5428313590203447,0,0,0,0,0.0,0,0,36.93985507246377,0.4466720285619004,0,0,0,0,0.0,0,0,23.37833333333333,0.6662151564839238,0,0,0,0,0.0,0,0,13.49206349206349,0.6564705882352941,0,0,0,0,0.0,0,0,7.508148148148148,0.5357142857142857,0,0,0,0,0.0,0,0,0.0,0.4630277722321514,0,0,0,0,0.0,0,0,29.84801587301587,0.4873898187909649,0,0,0,0,0.0,0,0,29.365873015873014,0.4345828491121862,0,0,0,0,0.0,0,0,26.286250000000003,0.4032526511008607,0,0,0,0,0.0,0,0,23.825,0.3252885624344176,0,0,0,0,0.0,0,0,21.00436507936508,0.328729855850069,0,0,0,0,0.0,0,0,16.235271317829458,0.3638360350466731,0,0,0,0,0.0,0,0,0.0,0.4630277722321514,0,0,0,0,0.0,0,0,0.0,0.0,0.0,0.0,0.0,0.0,0.0,0.0,0.0,0.0,0.2919310970081595,0.3188356164383562,0.3339856490541422,0.2857142857142857,0.7080689029918404,0.6811643835616439,0.6660143509458578,0.7142857142857143,0.1425886317972649,0.1585130688130122,0.1597265442663762,0.1547317113901326,0,0,1,1,0,0,0,0,0.0,817.0,0,0
6a826d4d-592b-487d-9e1b-6df346ddab7c,2024-05-16 02:00:00+00:00,2024-05-16,2024,0,0a5ad38d-2fe3-43ba-894b-1ba3d5042ea9,5d70a9af-8c2b-4aec-9e68-9acc6ddb93e4,0a5ad38d-2fe3-43ba-894b-1ba3d5042ea9,5d70a9af-8c2b-4aec-9e68-9acc6ddb93e4,1478.183737778511,1470.6301000468577,0.5467118344401257,0.1873938024090842,0,24.738333333333333,0.4365694266657683,0,0,0,0,0.0,0,0,22.7375,0.4529961517317207,0,0,0,0,0.0,0,0,17.162083333333335,0.4268129840491392,0,0,0,0,0.0,0,0,19.73,0.2774961986822098,0,0,0,0,0.0,0,0,14.31031746031746,0.3011480228495369,0,0,0,0,0.0,0,0,9.092083333333331,0.3904495669309381,0,0,0,0,0.0,0,0,10.37258064516129,0.3078836883843881,0,0,0,0,0.0,0,0,26.77984496124031,0.6243848781335032,0,0,0,0,0.0,0,0,31.043410852713176,0.5184038355890727,0,0,0,0,0.0,0,0,31.92868217054264,0.4865494804311935,0,0,0,0,0.0,0,0,30.93375,0.4695518648725098,0,0,0,0,0.0,0,0,22.90074074074074,0.3464225643679648,0,0,0,0,0.0,0,0,16.194444444444443,0.4469492771379563,0,0,0,0,0.0,0,0,13.559920634920635,0.4249217172456176,0,0,0,0,0.0,0,0,0.0,0.0,0.0,0.0,0.0,0.0,0.0,0.0,0.0,0.0,0.2919161676646706,0.2811203319502074,0.3446177253708634,0.3109128345916266,0.7080838323353293,0.7188796680497925,0.6553822746291366,0.6890871654083733,0.1548500961138527,0.1575560398187082,0.1789808487682071,0.1507785094467351,0,0,1,1,0,0,0,0,19.7,1925.5,0,-3
2f2c3ff9-6492-41e7-9331-9b40051d7359,2024-05-16 23:00:00+00:00,2024-05-16,2024,0,f073a15f-0486-4179-b0a3-dfd0294eb595,08ed8274-e29f-4248-bc2e-83cc8ed18d75,f073a15f-0486-4179-b0a3-dfd0294eb595,08ed8274-e29f-4248-bc2e-83cc8ed18d75,1422.892577744915,1622.6566865982095,0.2677588613728429,-1.0060230795899625,0,30.76241235547001,0.5934650531158318,0,0,0,1,29.3,1,0,22.569385264594537,0.5677605062127079,0,0,0,1,26.866666666666667,1,0,31.61596599936882,0.3727934690934628,0,0,0,1,16.616666666666667,1,0,26.05080480707806,0.4302728559012777,0,0,0,1,19.03333333333333,1,0,18.11358701350439,0.3300969374529395,0,0,0,1,17.183333333333334,1,0,13.729702792309446,0.3489504371250709,0,0,0,1,19.78333333333333,1,0,14.016451089344066,0.2665517891279179,0,0,0,0,0.0,0,0,34.39139467389944,0.6711407631285422,0,0,0,1,31.53333333333333,1,0,27.50815853759408,0.7138865793918499,0,0,0,1,32.8,1,0,29.8839824082446,0.585844241807034,0,0,0,1,33.56666666666667,1,0,31.3999499259556,0.4438247884650383,0,0,0,1,33.016666666666666,1,0,29.64427665849967,0.4514105906162164,0,0,0,1,27.633333333333333,1,0,14.839953574586458,0.3810021030472812,0,0,0,1,4.883333333333333,1,0,15.684251287046648,0.3396768019197623,0,0,0,1,8.333333333333334,1,0,-1.891002634760301,0.5683900978830853,0.0527947480122122,0.0499110012720493,0.0296989464894447,0.0217728258051023,0.0145040516517066,0.0235690839340233,0.0358250075797154,0.0207962505300205,0.4,0.4117647058823529,0.3181818181818182,0.4102564102564102,0.6,0.5882352941176471,0.6818181818181818,0.5897435897435898,0.2999040307101727,0.2114164904862579,0.1630434782608695,0.144568360181743,1,1,0,0,1,1,1,1,746.3,493.8,0,0
87dbf38e-5908-4e9a-8cb8-e8d078fae6b4,2024-05-17 23:30:00+00:00,2024-05-17,2024,0,a015b02d-845c-40c1-8ef4-844984f47e4d,5c0d47fe-8539-47b0-9f36-d0b3609ca89b,a015b02d-845c-40c1-8ef4-844984f47e4d,5c0d47fe-8539-47b0-9f36-d0b3609ca89b,1574.431701899695,1482.5974772345128,0.6620743276775664,0.6725518601639164,1,35.97579145940542,0.671714160846298,0,0,0,1,35.9,2,0,30.450440270107936,0.5750930927472728,0,0,0,1,28.65,2,0,22.35929355763325,0.4090947427419352,0,0,0,1,3.6666666666666665,2,0,14.773726750510054,0.4919571298696276,0,0,0,1,15.233333333333333,2,0,9.7651457437037,0.6521280877371938,0,0,0,1,19.466666666666665,2,0,15.05755959910736,0.4122506007568651,0,0,0,1,30.58333333333333,2,0,18.48324519959473,0.3358288462590701,0,0,0,1,28.266666666666666,2,0,31.46562668270532,0.553399547821687,0,0,0,1,29.633333333333333,2,0,19.32941448936192,0.4749207076206755,0,0,0,1,34.266666666666666,2,0,22.68426750881689,0.3284028764095001,0,0,0,1,27.316666666666663,2,0,16.361623572211627,0.4144935524780556,0,0,0,1,19.1,2,0,11.331050776609857,0.5906515111709584,0,0,0,1,19.566666666666663,2,0,23.22121236178152,0.2545458474561773,0,0,0,1,14.1,2,0,8.288092468354442,0.3988589970862022,0,0,0,1,26.766666666666666,2,0,1.891002634760301,-0.5683900978830853,0.0521376705207182,0.0435121549551199,0.0168350599528738,0.0151988565212494,0.0235690839340233,0.024809562035814,0.0357107332333686,0.0132953806807311,0.3181818181818182,0.4102564102564102,0.4,0.4117647058823529,0.6818181818181818,0.5897435897435898,0.6,0.5882352941176471,0.1630434782608695,0.144568360181743,0.2999040307101727,0.2114164904862579,2,2,0,0,1,1,1,1,0.0,316.7,0,0
6a32409c-0ce6-4631-9ff6-ea293abb59c3,2024-05-18 01:30:00+00:00,2024-05-18,2024,0,6f017f37-be96-4bdc-b6d3-0a0429c72e89,d6a012ed-84aa-48d3-8265-2d3f3ff2199a,6f017f37-be96-4bdc-b6d3-0a0429c72e89,d6a012ed-84aa-48d3-8265-2d3f3ff2199a,1478.963945400161,1423.845742810891,0.6132982054753633,0.4611974473988262,1,30.94015400188816,0.7158341212952983,0,0,0,1,30.7,2,0,30.063944593117508,0.5481820049298162,0,0,0,1,28.516666666666666,2,0,25.870280843582524,0.5678721139213401,0,0,0,1,35.86666666666667,2,0,30.803128104666413,0.4108821546281119,0,0,0,1,30.516666666666666,2,0,20.885355797694807,0.48509908728758,0,0,0,0,0.0,0,0,24.97480344905212,0.3386477920710926,0,0,0,1,15.483333333333333,2,0,20.23586053195672,0.3436979641586848,0,0,0,1,12.85,2,0,28.00748600784896,0.7455067338878776,0,0,0,1,30.2,2,0,32.01611078333061,0.588222803890166,0,0,0,1,31.3,2,0,33.269056226141224,0.4486558673972766,0,0,0,1,32.55,2,0,23.31346930387631,0.370737379425209,0,0,0,1,12.366666666666667,2,0,20.379783135151268,0.3865582355524274,0,0,0,1,22.58333333333333,2,0,17.247548138606433,0.3986846730070227,0,0,0,1,13.633333333333333,2,0,17.30692457628177,0.3227355195928639,0,0,0,1,21.716666666666665,2,0,1.2244883844787746,-1.2244883844787746,0.0471381678680466,0.0356557936437788,0.0180159364603595,0.0183879957264064,0.0183315097264625,0.028692797832724,0.0113131602883311,0.0169213935936577,0.32,0.1153846153846153,0.1153846153846153,0.32,0.68,0.8846153846153846,0.8846153846153846,0.68,0.177157148812005,0.1680506128904705,0.1680506128904705,0.177157148812005,2,2,0,0,1,1,1,1,1391.7,1391.7,2,2
6e8fece8-724b-4551-8262-c89ea1247cf0,2024-05-18 17:00:00+00:00,2024-05-18,2024,0,08ed8274-e29f-4248-bc2e-83cc8ed18d75,f073a15f-0486-4179-b0a3-dfd0294eb595,08ed8274-e29f-4248-bc2e-83cc8ed18d75,f073a15f-0486-4179-b0a3-dfd0294eb595,1647.0878550717646,1398.4614092713598,0.8285123424712909,1.575120437872388,1,33.91453918478248,0.7722150799870441,0,0,0,1,29.33333333333333,1,0,27.622092255710324,0.7209761250311094,0,0,0,1,28.716666666666665,1,0,29.874493582266737,0.5884296913727578,0,0,0,1,29.78333333333333,1,0,29.429551934233743,0.4643198434786695,0,0,0,1,27.366666666666667,1,0,31.23968487600165,0.4147645539555423,0,0,0,1,29.7,1,0,14.352235041196275,0.4193915267515835,0,0,0,1,9.666666666666666,1,0,15.487755712950651,0.3302568455057912,0,0,0,1,13.6,1,0,30.6449680166706,0.5718331104972558,0,0,0,1,29.516666666666666,1,0,22.83624524972916,0.5063508974892268,0,0,0,1,25.4,1,0,25.90774315694936,0.3964032464741484,0,0,0,1,24.53333333333333,1,0,30.657555975730617,0.3302743983097614,0,0,0,1,21.45,1,0,17.17425653908347,0.3489736102272278,0,0,0,1,8.15,1,0,13.106249978293434,0.3631767573952419,0,0,0,1,7.116666666666666,1,0,13.820062380400582,0.2716103439842797,0,0,0,1,11.933333333333334,1,0,3.9037312556774872,-5.1016527289793006,0.0935524137982232,0.0863136230490819,0.030795860906994,0.0460706371620431,0.059646838456855,0.0325464966366759,0.0466350885654382,0.0670155469072829,0.3767123287671233,0.3545454545454545,0.3695652173913043,0.3333333333333333,0.6232876712328768,0.6454545454545455,0.6304347826086957,0.6666666666666666,0.1556662515566625,0.2425461429247515,0.1643655489809335,0.1314958973280033,1,1,0,0,2,2,2,2,645.2,645.2,0,0
03b8f654-b298-4a34-8059-b89e4690cae3,2024-05-18 19:00:00+00:00,2024-05-18,2024,0,171b097d-01db-4ae8-9d56-035689402ec6,0a5ad38d-2fe3-43ba-894b-1ba3d5042ea9,FR_LVA_ACES,0a5ad38d-2fe3-43ba-894b-1ba3d5042ea9,1652.2892827323888,1458.2912216373052,0.7791387001826227,1.2606541771803468,1,31.36433645393864,0.9442370962531176,0,0,0,1,34.65,2,0,32.26782144367758,0.6303324121286662,0,0,0,1,36.083333333333336,2,0,28.920964231498893,0.6000375806417939,0,0,0,0,0.0,0,0,32.86526059260137,0.4746388968487379,0,0,0,1,37.86666666666667,2,0,23.42999097405546,0.3673536827558402,0,0,0,1,34.25,2,0,20.67712794114069,0.3928023422207251,0,0,0,1,23.15,2,0,13.04376035083362,0.586869471954733,0,0,0,1,15.033333333333331,2,0,25.960311771699327,0.482074661693475,0,0,0,1,37.7,1,0,18.39753543134828,0.5160241176444391,0,0,0,1,30.266666666666666,1,0,20.59389181620058,0.4529961517317207,0,0,0,0,0.0,0,0,20.91662481246496,0.3215527733924389,0,0,0,1,32.31666666666667,1,0,11.451309353322513,0.3398249391127403,0,0,0,1,34.11666666666667,1,0,13.878816168103134,0.276537166699273,0,0,0,1,9.733333333333333,1,0,9.63352513367313,0.2962142914619201,0,0,0,1,2.533333333333333,1,0,1.0416266298637409,-1.95117062852314,0.0424907428669716,0.0445193807642662,0.0119529701832299,0.0150532470381535,0.0215488767396784,0.0215488767396784,0.038507235723193,0.028806658141584,0.4084507042253521,0.4305555555555556,0.4736842105263157,0.2537313432835821,0.5915492957746479,0.5694444444444444,0.5263157894736842,0.746268656716418,0.1160827353313634,0.1463210702341137,0.1745379876796714,0.1471253961068356,3,2,0,0,1,1,1,1,0.0,230.1,0,0
7ada605d-fdb6-4219-a843-c9b4b1c5d728,2024-05-19 00:00:00+00:00,2024-05-19,2024,0,5f0b5caf-708b-4300-92f2-53b51d83ec06,3c409388-ab73-4c7f-953d-3a71062240f6,5f0b5caf-708b-4300-92f2-53b51d83ec06,3c409388-ab73-4c7f-953d-3a71062240f6,1559.8726857123388,1493.9574541927357,0.6279308072946534,0.5233501420578515,0,32.791282899643484,0.5550520779233544,0,0,0,1,36.333333333333336,2,0,28.505683368218936,0.6306337420134692,0,0,0,0,0.0,0,0,37.06337073551512,0.4780919218288715,0,0,0,1,38.25,2,0,23.862756571790623,0.7110387833400537,0,0,0,1,28.516666666666666,2,0,13.301116500953562,0.6222373342400543,0,0,0,1,11.466666666666669,2,0,16.658730158730158,0.435921867555979,0,0,0,0,0.0,0,0,8.49256767903988,0.585633479351848,0,0,0,1,17.95,2,0,30.20173918824792,0.469000396615712,0,0,0,1,33.6,2,0,29.763479720715555,0.4585788145265252,0,0,0,1,33.583333333333336,2,0,25.07138156862077,0.3824228743275955,0,0,0,1,13.4,2,0,21.86972457218713,0.3347117475396005,0,0,0,1,30.183333333333334,2,0,23.12342693489724,0.2872480278383009,0,0,0,1,16.383333333333333,2,0,15.97897123300273,0.3521072587320414,0,0,0,1,13.516666666666667,2,0,2.495180352481936,0.4219163156487875,0,0,0,1,26.466666666666665,2,0,0.6139538435364917,-0.6139538435364917,0.0454136007509229,0.0401311429146883,0.0163674193986273,0.0157352014819421,0.0392818065567055,0.035079566785523,0.0114971141141577,0.0343981224983043,0.1829268292682926,0.2297297297297297,0.2297297297297297,0.1829268292682926,0.8170731707317073,0.7702702702702703,0.7702702702702703,0.8170731707317073,0.1479289940828402,0.1401682018422106,0.1401682018422106,0.1479289940828402,2,2,0,0,1,1,1,1,0.0,0.0,0,0
3afbcbab-bc3d-44be-9ffc-23f7a57d5821,2024-05-19 02:00:00+00:00,2024-05-19,2024,0,0699edf3-5993-4182-b9b4-ec935cbd4fcc,5d70a9af-8c2b-4aec-9e68-9acc6ddb93e4,0699edf3-5993-4182-b9b4-ec935cbd4fcc,5d70a9af-8c2b-4aec-9e68-9acc6ddb93e4,1399.678607848787,1490.5226161880632,0.4063612130676263,-0.3790285801624846,1,30.610752493776623,0.4607876663714912,0,0,0,1,33.6,3,0,19.47232242097133,0.7181213129632431,0,0,0,0,0.0,0,0,29.52575768441457,0.4615237917950037,0,0,0,1,29.933333333333334,3,0,18.72901210917848,0.5317836396989976,0,0,0,1,28.366666666666667,3,0,23.259749103496432,0.3929230793666584,0,0,0,1,33.4,3,0,22.774745519856616,0.3493274038727034,0,0,0,1,25.966666666666665,3,0,25.40252865524097,0.295607342755941,0,0,0,1,17.116666666666667,3,0,31.839558146178167,0.541389200099525,0,0,0,1,30.98333333333333,2,0,26.514628819855595,0.5728553269976555,0,0,0,1,23.966666666666665,2,0,30.811483758559305,0.4802272067477045,0,0,0,1,28.58333333333333,2,0,28.01742939942362,0.4695518648725098,0,0,0,0,0.0,0,0,22.21402492780676,0.3801754130332779,0,0,0,1,15.616666666666667,2,0,15.723586523184734,0.422099203292143,0,0,0,1,11.2,2,0,14.146641179900456,0.451977565054536,0,0,0,1,19.78333333333333,2,0,-1.0416266298637409,1.95117062852314,0.0452774507153605,0.0534701605667394,0.0183375023742973,0.0150638196235153,0.024173419419511,0.0194098338280192,0.012404781017907,0.0267350802833697,0.4736842105263157,0.2537313432835821,0.4084507042253521,0.4305555555555556,0.5263157894736842,0.746268656716418,0.5915492957746479,0.5694444444444444,0.1745379876796714,0.1471253961068356,0.1160827353313634,0.1463210702341137,3,2,0,0,1,1,1,1,253.9,348.4,0,0
054ed469-4610-48a2-874b-e889239eb79e,2024-05-19 19:00:00+00:00,2024-05-19,2024,0,5c0d47fe-8539-47b0-9f36-d0b3609ca89b,d6a012ed-84aa-48d3-8265-2d3f3ff2199a,5c0d47fe-8539-47b0-9f36-d0b3609ca89b,d6a012ed-84aa-48d3-8265-2d3f3ff2199a,1474.3563980501124,1412.2166471779806,0.6228391930915209,0.5016167284134642,0,29.060106895049767,0.5410453818071075,0,0,0,1,5.95,1,0,23.44153266858865,0.39047253662239,0,0,0,1,30.716666666666665,1,0,20.64965264391717,0.4159561384385867,0,0,0,1,33.333333333333336,1,0,12.049337391550434,0.589628545190817,0,0,0,1,18.95,1,0,16.385668100611642,0.4150993074972944,0,0,0,1,16.616666666666667,1,0,22.72426177542596,0.2569127908132858,0,0,0,1,17.95,1,0,9.945336031236351,0.4170339301773532,0,0,0,1,25.866666666666667,1,0,29.39578493430477,0.7596006883070971,0,0,0,1,42.73333333333333,0,0,32.991923264843194,0.5662211371622374,0,0,0,1,42.36666666666667,0,0,33.60036939456853,0.4372437473861984,0,0,0,1,36.78333333333333,0,0,21.87282648398182,0.3769804062216942,0,0,0,1,36.21666666666667,0,0,22.993231198021487,0.3302298208247587,0,0,0,1,19.916666666666668,0,0,16.733973261352645,0.4345702184669341,0,0,0,1,11.8,0,0,16.888313330840052,0.3002387411616504,0,0,0,1,12.866666666666667,0,0,-1.05777462325406,-1.800392202850715,0.0922372455194707,0.0727847735989622,0.0390103577186381,0.0387311419442448,0.0375548211536351,0.0466825513965221,0.0347982978097509,0.0503775647683906,0.3970588235294117,0.1858974358974359,0.3529411764705882,0.3506493506493506,0.6029411764705882,0.8141025641025641,0.6470588235294118,0.6493506493506493,0.1967213114754098,0.1936197676562788,0.1764328485885372,0.2103196859226023,1,1,0,0,1,1,2,2,316.7,936.1,0,1
16a5c15b-7624-4d68-b40e-84c54997abff,2024-05-20 23:00:00+00:00,2024-05-20,2024,0,f073a15f-0486-4179-b0a3-dfd0294eb595,a015b02d-845c-40c1-8ef4-844984f47e4d,f073a15f-0486-4179-b0a3-dfd0294eb595,a015b02d-845c-40c1-8ef4-844984f47e4d,1393.208968705368,1582.6727810840955,0.2795429595520728,-0.9467298068005696,0,30.85599289676432,0.5643702276527458,0,0,0,1,32.88333333333333,1,0,22.72598166656261,0.5198775299143537,0,0,0,1,21.666666666666668,1,0,30.65370108150129,0.3251898720011697,0,0,0,1,30.616666666666667,1,0,24.71598878568584,0.3564727884408347,0,0,0,1,13.266666666666667,1,0,16.944135243432147,0.3587515239907433,0,0,0,1,14.733333333333333,1,0,11.870640755098677,0.3631767573952419,0,0,0,0,0.0,3,0,8.330479082764839,0.4430744805079856,0,0,0,1,34.45,1,0,36.03149700882332,0.6691863762421043,0,0,0,1,36.56666666666667,2,0,30.86364336803197,0.5983623125269746,0,0,0,1,34.833333333333336,2,0,21.293094801255787,0.4362899451665123,0,0,0,1,11.05,2,0,17.11678484363752,0.4250697570082484,0,0,0,1,36.9,2,0,15.037034891736372,0.4775039191764668,0,0,0,1,17.566666666666666,2,0,10.781902284435125,0.6447538282704839,0,0,0,1,20.55,2,0,19.220180199524457,0.3170951066960252,0,0,0,1,26.3,2,0,-6.20035916663246,2.255696096555873,0.1223683233202017,0.0888148230502503,0.0587446554274171,0.029762269893134,0.0556660032305267,0.0449161609980904,0.067768291887721,0.0683908904097132,0.3421052631578947,0.3059701492537313,0.3846153846153846,0.3888888888888889,0.6578947368421053,0.6940298507462687,0.6153846153846154,0.6111111111111112,0.212940824865511,0.1518108870093255,0.1600512163892445,0.2772534214252006,1,2,0,0,2,1,3,2,645.2,746.3,0,0
8c72e81a-9433-4dec-9dc7-f071c17b64a0,2024-05-20 23:00:00+00:00,2024-05-20,2024,0,08ed8274-e29f-4248-bc2e-83cc8ed18d75,d6a012ed-84aa-48d3-8265-2d3f3ff2199a,08ed8274-e29f-4248-bc2e-83cc8ed18d75,d6a012ed-84aa-48d3-8265-2d3f3ff2199a,1652.3402956377563,1430.848632134984,0.8051690623837792,1.41892007482197,1,33.53134932398542,0.7886218370141994,0,0,0,1,29.85,1,0,27.35760701099501,0.7722078986438512,0,0,0,1,24.816666666666663,1,0,29.7920495317059,0.559279862407171,0,0,0,1,29.0,1,0,28.86267914400598,0.4736325483245264,0,0,0,1,23.416666666666668,1,0,31.184091546653224,0.4200547871616618,0,0,0,1,30.65,1,0,14.116333490361836,0.3855491821256976,0,0,0,1,11.85,1,0,15.02695601436051,0.3055998555732051,0,0,0,1,10.6,1,0,26.624458044612265,0.7596006883070971,0,0,0,0,0.0,1,0,33.36507623599606,0.5818691347903834,0,0,0,1,36.95,0,0,33.92244538316716,0.4248181337755913,0,0,0,1,37.016666666666666,0,0,21.21388268108616,0.3876619126104899,0,0,0,1,14.883333333333333,0,0,21.887693663232515,0.3420066778920508,0,0,0,1,11.266666666666667,0,0,17.979931835262548,0.4150195666301184,0,0,0,1,29.95,0,0,17.47392838874919,0.3053642611640541,0,0,0,1,23.1,0,0,5.115373340333123,-1.1131703790651932,0.1414457432423036,0.1082086012577127,0.0500647732247532,0.0568123848632849,0.0728788202361187,0.0779536185433247,0.0658075872327838,0.0858342369167588,0.4142857142857143,0.21875,0.3532110091743119,0.3703703703703703,0.5857142857142857,0.78125,0.6467889908256881,0.6296296296296297,0.1762052438680575,0.1951649458574666,0.1636079100867833,0.2019332627118643,1,0,0,1,2,2,3,3,0.0,204.3,0,0
dda86e87-7276-443e-944e-7a7ab8ec4e5d,2024-05-21 23:30:00+00:00,2024-05-21,2024,0,5d70a9af-8c2b-4aec-9e68-9acc6ddb93e4,5f0b5caf-708b-4300-92f2-53b51d83ec06,5d70a9af-8c2b-4aec-9e68-9acc6ddb93e4,5f0b5caf-708b-4300-92f2-53b51d83ec06,1481.499680594328,1541.141276223223,0.4503112857378329,-0.1994130542315531,1,32.54132999486641,0.5401744343130102,0,0,0,1,39.28333333333333,1,0,31.02723668407487,0.5279611463901782,0,0,0,1,33.1,1,0,26.194281399083017,0.5919208374800448,0,0,0,1,23.116666666666667,1,0,25.376048818901268,0.4695518648725098,0,0,0,0,0.0,0,0,21.98486823097528,0.3935457640517514,0,0,0,1,19.78333333333333,1,0,15.397680786178867,0.3980153241969261,0,0,0,1,12.266666666666667,1,0,14.02911241748172,0.4364834828218738,0,0,0,1,12.9,1,0,37.32451265936345,0.4910521196241946,0,0,0,1,39.833333333333336,1,0,29.69984090377948,0.5550520779233544,0,0,0,0,0.0,4,0,25.81827199260996,0.6306337420134692,0,0,0,0,0.0,0,0,23.58972382757325,0.6513440060452264,0,0,0,1,20.966666666666665,1,0,13.839957627292812,0.6342446480854784,0,0,0,1,19.016666666666666,1,0,17.01615718715184,0.4129555889316331,0,0,0,1,20.45,1,0,9.459600812320971,0.5428877496365445,0,0,0,1,18.75,1,0,1.45698741593957,-0.4276404337494474,0.0941389282959986,0.0789855501069148,0.0291934776563409,0.0423286760509316,0.0349466392425369,0.06962269412259,0.0627821867706815,0.0432670828986343,0.3007518796992481,0.2229729729729729,0.391304347826087,0.2467532467532467,0.6992481203007519,0.777027027027027,0.6086956521739131,0.7532467532467533,0.1498002663115845,0.2014544025157232,0.1384746484874307,0.1588983050847457,2,2,0,0,1,1,2,2,1585.4,733.7,3,1
92202c84-77c7-43d8-833c-74618cdeea5b,2024-05-22 02:00:00+00:00,2024-05-22,2024,0,171b097d-01db-4ae8-9d56-035689402ec6,0699edf3-5993-4182-b9b4-ec935cbd4fcc,FR_LVA_ACES,0699edf3-5993-4182-b9b4-ec935cbd4fcc,1657.300891339794,1408.7015434425218,0.8284901786066786,1.5749644498028774,0,31.410123033461897,0.9161818929475204,0,0,0,1,31.85,3,0,32.863224762932056,0.6467107849715548,0,0,0,1,38.583333333333336,3,0,26.19440169779856,0.6000375806417939,0,0,0,0,0.0,0,0,33.30692065780939,0.4621167944753401,0,0,0,1,37.55,3,0,23.90011648585909,0.3888005456791389,0,0,0,1,28.416666666666668,3,0,20.696568229925635,0.3969097692261736,0,0,0,1,20.883333333333333,3,0,13.237615090352296,0.5709827453086387,0,0,0,1,15.1,3,0,29.814014712830545,0.5366332723879587,0,0,0,1,32.583333333333336,2,0,30.658448228193656,0.4452407772062677,0,0,0,1,31.116666666666667,2,0,17.636543214850388,0.7181213129632431,0,0,0,0,0.0,0,0,19.78060064181513,0.5178990405809261,0,0,0,1,29.883333333333333,2,0,23.000247080947545,0.4000827585422608,0,0,0,1,25.166666666666668,2,0,23.062420960958548,0.3620437970792496,0,0,0,1,21.166666666666668,2,0,24.46738326684092,0.281494598924226,0,0,0,1,15.483333333333333,2,0,2.3459146514417144,-0.6331918926645337,0.0869144958487347,0.0838617384504872,0.0246158981534983,0.0299057952791707,0.0443268896372468,0.0418924486251143,0.0555402211025897,0.0569450422566419,0.4166666666666667,0.4154929577464789,0.352112676056338,0.3795620437956204,0.5833333333333334,0.5845070422535211,0.647887323943662,0.6204379562043796,0.1231263383297644,0.1530504538737597,0.1861702127659574,0.1339477068152593,2,2,0,0,1,1,2,2,0.0,253.9,0,0
f9c571f6-64b5-49f1-b536-1b3b59cfc6a1,2024-05-22 02:00:00+00:00,2024-05-22,2024,0,0a5ad38d-2fe3-43ba-894b-1ba3d5042ea9,5c0d47fe-8539-47b0-9f36-d0b3609ca89b,0a5ad38d-2fe3-43ba-894b-1ba3d5042ea9,5c0d47fe-8539-47b0-9f36-d0b3609ca89b,1453.2796130298998,1455.724413093109,0.5324140185956615,0.1298381678598865,1,26.639700505210705,0.5455119861146933,0,0,0,1,33.166666666666664,3,0,18.785872030630184,0.4685885474186121,0,0,0,1,22.516666666666666,3,0,18.65237515722367,0.4529961517317207,0,0,0,0,0.0,0,0,21.97409499083224,0.3479805539861575,0,0,0,1,32.13333333333333,3,0,13.319428632125996,0.3554937787184433,0,0,0,1,31.266666666666666,3,0,13.17374078413052,0.2779225727975353,0,0,0,1,6.4,3,0,8.725311683848869,0.2962142914619201,3,3,0,0,0.0,5,1,26.320426500885297,0.5410453818071075,0,0,0,0,0.0,4,0,24.03784312496723,0.4046732690020095,0,0,0,1,29.766666666666666,2,0,21.614446560408545,0.4165754472770935,0,0,0,1,30.883333333333333,2,0,22.56798978243806,0.2942691732217544,0,0,0,1,21.066666666666663,2,0,16.56143048068189,0.3975691766172865,0,0,0,1,18.25,2,0,10.913370014227162,0.589628545190817,0,0,0,0,0.0,4,0,11.854871531777269,0.4015961720183436,0,0,0,1,30.2,2,0,-3.1697101747167507,-1.475538951751964,0.0924599271972895,0.1283987447711619,0.0330059318752525,0.053701105985411,0.0299924760165543,0.0501759477808049,0.0475173119072144,0.0664911211883644,0.3260869565217391,0.404040404040404,0.3428571428571428,0.3333333333333333,0.6739130434782609,0.5959595959595959,0.6571428571428571,0.6666666666666666,0.1717844105647412,0.1917969902626143,0.1385809312638581,0.1841556636553162,2,1,0,0,1,2,2,3,230.1,2296.4,0,-3
8cbb06a7-4b91-4210-852b-2f662648b2cf,2024-05-23 02:00:00+00:00,2024-05-23,2024,0,d6a012ed-84aa-48d3-8265-2d3f3ff2199a,f073a15f-0486-4179-b0a3-dfd0294eb595,d6a012ed-84aa-48d3-8265-2d3f3ff2199a,f073a15f-0486-4179-b0a3-dfd0294eb595,1424.7730149806532,1388.597561188872,0.587139873971488,0.3521542198952542,1,33.22695421689232,0.5560188969698152,0,0,0,1,31.9,2,0,24.11440169920687,0.7596006883070971,0,0,0,0,0.0,4,0,33.9187580424257,0.4096777142300661,0,0,0,1,33.88333333333333,2,0,22.02712581864889,0.3650959316450546,0,0,0,1,23.366666666666667,2,0,21.016164839999632,0.3736141219896612,0,0,0,1,19.116666666666667,2,0,19.47767498197829,0.3771707502321804,0,0,0,1,33.86666666666667,2,0,17.60365937796838,0.3461701043529486,0,0,0,1,18.85,2,0,30.795719562450746,0.5421083077793514,0,0,0,1,30.216666666666665,2,0,23.14934699331745,0.5312279840685684,0,0,0,1,27.216666666666665,2,0,30.774340121293736,0.3276462266760223,0,0,0,1,31.933333333333334,2,0,24.334233534089595,0.3592547475861362,0,0,0,1,20.666666666666668,2,0,17.681614842195142,0.3685959953134551,0,0,0,1,24.766666666666666,2,0,10.126712366822286,0.4571667142477596,0,0,0,1,27.383333333333333,2,0,10.751520241868445,0.3631767573952419,0,0,0,0,0.0,6,0,-2.1157393212916933,-5.900372766256937,0.134370820334215,0.1600195396149305,0.0712037056659219,0.0735658974801284,0.0981975109036694,0.0899532539876279,0.0965973667267617,0.0791415538316152,0.2482993197278911,0.3281853281853282,0.3691756272401433,0.351063829787234,0.7517006802721088,0.6718146718146718,0.6308243727598566,0.648936170212766,0.1922889689416804,0.2058987200890372,0.2015923241808717,0.140822616643639,1,1,0,0,2,2,3,3,2405.2,1869.1,-3,-3
0a93e5f8-0cdd-4d71-a0f9-3afce57a1656,2024-05-23 23:00:00+00:00,2024-05-23,2024,0,08ed8274-e29f-4248-bc2e-83cc8ed18d75,3c409388-ab73-4c7f-953d-3a71062240f6,08ed8274-e29f-4248-bc2e-83cc8ed18d75,3c409388-ab73-4c7f-953d-3a71062240f6,1658.415912792087,1512.6888636818514,0.7276602527056797,0.9827838956302272,0,33.47654183993742,0.763097758343245,0,0,0,1,32.95,2,0,27.415026923576427,0.766169000048544,0,0,0,1,27.966666666666665,2,0,30.19347349960245,0.5446507766077348,0,0,0,1,34.05,2,0,31.38828545917459,0.4236366922926329,0,0,0,1,33.35,2,0,28.34924904326939,0.4415045714617892,0,0,0,1,23.416666666666668,2,0,14.66473892053462,0.3871521683886574,0,0,0,1,19.933333333333334,2,0,13.610269664059151,0.3055998555732051,0,0,0,0,0.0,4,0,30.325705732671945,0.5118546811124726,0,0,0,1,31.516666666666666,3,0,30.27287238727692,0.4762853822483562,0,0,0,1,35.166666666666664,3,0,24.139172613416125,0.3835066598140687,0,0,0,1,15.183333333333334,3,0,22.72106585020901,0.3425636559534639,0,0,0,1,30.9,3,0,21.982045939173137,0.2919576345274106,0,0,0,1,11.016666666666667,3,0,15.330447031521237,0.3509244294119975,0,0,0,1,9.1,3,0,4.637278824661063,0.4336211842070376,0,0,0,1,25.216666666666665,3,0,5.740629252499141,0.4276404337494474,0.1692631256376425,0.0764151684996297,0.0658397054504679,0.0344234828462475,0.0887644290133036,0.0707126193998999,0.0895324845166193,0.0547242774869862,0.4029304029304029,0.2467532467532467,0.3506944444444444,0.2229729729729729,0.5970695970695971,0.7532467532467533,0.6493055555555556,0.777027027027027,0.1820323375093693,0.1588983050847457,0.1683051934173969,0.2014544025157232,2,4,0,0,1,0,3,1,0.0,712.5,0,1
39330522-efef-4036-bc74-f0c6f759e90d,2024-05-23 23:00:00+00:00,2024-05-23,2024,0,a015b02d-845c-40c1-8ef4-844984f47e4d,6f017f37-be96-4bdc-b6d3-0a0429c72e89,a015b02d-845c-40c1-8ef4-844984f47e4d,6f017f37-be96-4bdc-b6d3-0a0429c72e89,1587.284188600592,1490.5930410330714,0.6683009592499618,0.7005105558457789,1,36.40563292918918,0.7119824580949712,0,0,0,1,40.0,2,0,31.2488900978048,0.5705368885789627,0,0,0,1,34.95,2,0,20.087008700668925,0.4148805472992054,0,0,0,1,8.5,2,0,18.887597541922027,0.4161504478853274,0,0,0,1,35.9,2,0,11.922780860888237,0.6224235475271477,0,0,0,1,22.883333333333333,2,0,14.7114325640841,0.4541938596868291,0,0,0,1,11.583333333333334,2,0,20.20346539270104,0.3196488535961726,0,0,0,1,29.65,2,0,32.18395860596597,0.7220958890351092,0,0,0,1,44.13333333333333,4,0,30.178904095382908,0.5236397723866587,0,0,0,1,31.28333333333333,4,0,27.458496369379368,0.5667451559934951,0,0,0,1,42.71666666666667,4,0,32.00014266226905,0.4114474084351671,0,0,0,1,43.5,4,0,24.44294631837748,0.3410978381706085,0,0,0,1,19.33333333333333,4,0,19.72024497490685,0.3432741679454357,0,0,0,1,14.766666666666667,4,0,17.360907735803845,0.3242658865136078,0,0,0,1,30.4,4,0,2.32759807614066,1.800392202850715,0.1212098321571987,0.0922190646730441,0.0363605154098664,0.0407594729546393,0.0778959729775791,0.038528011401893,0.1001633839733837,0.0400808804515412,0.2884615384615384,0.3506493506493506,0.3502824858757062,0.1858974358974359,0.7115384615384616,0.6493506493506493,0.6497175141242938,0.8141025641025641,0.1287369475039336,0.2103196859226023,0.2449854539886694,0.1936197676562788,2,5,0,0,1,0,2,1,746.3,1090.0,0,1
e7486659-9479-44b2-a83c-24b1e62774bd,2024-05-24 02:00:00+00:00,2024-05-24,2024,0,0699edf3-5993-4182-b9b4-ec935cbd4fcc,5c0d47fe-8539-47b0-9f36-d0b3609ca89b,0699edf3-5993-4182-b9b4-ec935cbd4fcc,5c0d47fe-8539-47b0-9f36-d0b3609ca89b,1432.2649829533773,1449.6004353745318,0.5110283816636529,0.0441206824989832,1,29.845690174566123,0.6224320643007459,0,0,0,1,30.15,1,0,30.571231785771342,0.4769916774219913,0,0,0,1,29.73333333333333,1,0,15.973834545503037,0.7181213129632431,0,0,0,0,0.0,0,0,22.984511064438497,0.421803745355559,0,0,0,1,22.83333333333333,1,0,20.71105144922096,0.4659624850818741,0,0,0,1,29.65,1,0,23.48706474134774,0.3448970107230549,0,0,0,1,27.566666666666663,1,0,23.88123115457625,0.3106841611330031,0,0,0,1,18.25,1,0,23.839033135370663,0.5410453818071075,0,0,0,0,0.0,6,0,24.66435559098208,0.384497995041323,0,0,0,1,30.683333333333334,1,0,22.79311006059267,0.3839775503334623,0,0,0,1,34.11666666666667,1,0,11.894154702194724,0.5678545253894624,0,0,0,1,21.316666666666663,1,0,15.964840669447842,0.4019181126238992,0,0,0,1,10.233333333333333,1,0,21.708379116470663,0.2944634765317471,0,0,0,1,13.45,1,0,12.99672719628088,0.3913745147388538,0,0,0,1,23.966666666666665,1,0,0.7518904800079608,-1.1075253501039066,0.1303457547348166,0.1619588817231931,0.034875979851162,0.0710738632269306,0.0528287192952144,0.066395840112188,0.067289194957031,0.0764263271283819,0.4181818181818181,0.4007633587786259,0.386046511627907,0.3436293436293436,0.5818181818181818,0.5992366412213741,0.6139534883720931,0.6563706563706564,0.1284796573875803,0.1977936260307555,0.1213245789323437,0.2146263910969793,1,1,0,0,1,2,2,3,253.9,348.4,0,0
dca49dff-84e1-46ed-9c7a-1cf7f53b05a9,2024-05-25 02:00:00+00:00,2024-05-25,2024,0,0a5ad38d-2fe3-43ba-894b-1ba3d5042ea9,f073a15f-0486-4179-b0a3-dfd0294eb595,0a5ad38d-2fe3-43ba-894b-1ba3d5042ea9,f073a15f-0486-4179-b0a3-dfd0294eb595,1459.403590748477,1383.3495967912957,0.6414615988264334,0.5817135501832905,0,27.591291222511646,0.5725365450305329,0,0,0,1,36.73333333333333,2,0,18.64893200473416,0.4634903351587986,0,0,0,1,17.333333333333332,2,0,22.847022053470383,0.3363045782606261,0,0,0,1,31.23333333333333,2,0,16.893897574625687,0.4529961517317207,0,0,0,0,0.0,0,0,15.834775136034484,0.3585489853408891,0,0,0,1,40.0,2,0,12.23816686620787,0.2725900035074123,0,0,0,1,3.25,2,0,6.483549830198605,0.4960499925887814,0,0,0,1,29.866666666666667,2,0,29.282987917853937,0.5246800605476813,0,0,0,1,14.75,1,0,23.42280993002937,0.571493175320422,0,0,0,1,26.05,1,0,30.86160794279608,0.3191933591432404,0,0,0,1,31.7,1,0,23.487232917098297,0.3694892117597116,0,0,0,1,15.35,1,0,18.28357413169137,0.3691364852511816,0,0,0,1,24.066666666666663,1,0,12.275265749804635,0.4797857890503992,0,0,0,1,32.916666666666664,1,0,8.111639341727573,0.4922742041662367,0,0,0,1,26.883333333333333,1,0,-3.09978671014005,-5.605189270800444,0.135166599914754,0.1894528645381245,0.0610968233076689,0.0819656140274769,0.0460201624252795,0.1145969087754663,0.0687492817845986,0.095249462065933,0.3419689119170984,0.323262839879154,0.3578431372549019,0.3269230769230769,0.6580310880829016,0.676737160120846,0.6421568627450981,0.6730769230769231,0.2174858634188777,0.1923417049876193,0.1640322099612287,0.1310560581719793,2,1,0,0,1,2,2,3,19.7,961.9,0,0
1abe3fa4-f81e-4502-85c5-04ea44e3b093,2024-05-25 17:00:00+00:00,2024-05-25,2024,0,6f017f37-be96-4bdc-b6d3-0a0429c72e89,08ed8274-e29f-4248-bc2e-83cc8ed18d75,6f017f37-be96-4bdc-b6d3-0a0429c72e89,08ed8274-e29f-4248-bc2e-83cc8ed18d75,1487.3688065656331,1637.928930351332,0.3267806238764599,-0.7227821732585928,1,33.27750515209201,0.7309718646822376,0,0,0,1,43.78333333333333,1,0,31.06080540683945,0.5328594555349774,0,0,0,1,39.53333333333333,1,0,27.07744747533832,0.5736051464583852,0,0,0,1,23.416666666666668,1,0,32.73548463133461,0.4024426443096267,0,0,0,1,39.8,1,0,18.91636098254357,0.48509908728758,0,0,0,0,0.0,0,0,23.81195986420247,0.3260189178438274,0,0,0,1,17.75,1,0,19.217100501192004,0.3123500701210511,0,0,0,1,14.383333333333333,1,0,33.6437369768494,0.7569498350146255,0,0,0,1,35.25,1,0,26.777244974065628,0.7281925485623097,0,0,0,1,20.65,1,0,30.66075665603877,0.5345577745285761,0,0,0,1,35.15,1,0,28.368175107865465,0.4571796989114685,0,0,0,1,28.55,1,0,31.515091644139897,0.3885194162834376,0,0,0,1,32.733333333333334,1,0,14.542361424919257,0.3767805232569055,0,0,0,1,13.366666666666667,1,0,12.752958094826234,0.3196052408658774,0,0,0,1,4.516666666666667,1,0,1.8592971835223755,3.939350896429613,0.1320495737407077,0.1997606243921741,0.0551707794201919,0.0753828024286554,0.0520368836157411,0.1019449206419012,0.0640305359495209,0.1084181640734478,0.3378378378378378,0.3859649122807017,0.179372197309417,0.3305785123966942,0.6621621621621622,0.6140350877192983,0.820627802690583,0.6694214876033058,0.2014556797504549,0.1762076671823964,0.1928268414963363,0.1541359821887309,1,1,0,0,1,1,1,3,1090.0,1019.2,-1,-1
4900918c-c474-4d04-8c55-1c87f94f56e2,2024-05-26 00:00:00+00:00,2024-05-26,2024,0,3c409388-ab73-4c7f-953d-3a71062240f6,a015b02d-845c-40c1-8ef4-844984f47e4d,3c409388-ab73-4c7f-953d-3a71062240f6,a015b02d-845c-40c1-8ef4-844984f47e4d,1533.1758461226066,1590.5084230680302,0.4536035396574822,-0.1861212742315382,0,30.82380389873333,0.5068823987712318,0,0,0,1,36.11666666666667,2,0,30.06245109485169,0.5073499807073757,0,0,0,1,27.53333333333333,2,0,23.016733712227072,0.3851230552806137,0,0,0,1,12.233333333333333,2,0,23.313020754179533,0.3470023396494704,0,0,0,1,29.0,2,0,22.50540097331253,0.301528713558048,0,0,0,1,27.53333333333333,2,0,15.651258682982624,0.3531507983119988,0,0,0,1,18.73333333333333,2,0,7.1525137500874285,0.4354256044412992,0,0,0,1,31.316666666666663,2,0,37.0807489500411,0.6857804024659411,0,0,0,1,43.56666666666667,2,0,31.73608913661993,0.564298336034054,0,0,0,1,36.41666666666666,2,0,13.364632373823277,0.6643186226217661,0,0,0,1,27.216666666666665,2,0,19.352292117592864,0.3912178486772867,0,0,0,1,23.816666666666663,2,0,18.19327912447084,0.4148805472992054,0,0,0,0,0.0,5,0,21.870258558441883,0.2861708526024141,0,0,0,1,37.88333333333333,2,0,13.32449260851361,0.4541938596868291,0,0,0,0,0.0,5,0,1.6473969259674366,1.8795212980114788,0.1176062120966897,0.1555136717056793,0.0415508649960828,0.0515315933160999,0.0913366109919717,0.0799798596502645,0.0747054293259995,0.1202696464180123,0.2489082969432314,0.2581818181818182,0.2534562211981567,0.3387755102040816,0.7510917030567685,0.7418181818181818,0.7465437788018433,0.6612244897959184,0.139776357827476,0.1444313683534824,0.1862386563727482,0.2281433077963046,1,1,0,0,1,1,2,2,712.5,800.9,-1,-1
41befd51-2b51-45cc-9755-efba94d5c302,2024-05-26 01:00:00+00:00,2024-05-26,2024,0,d6a012ed-84aa-48d3-8265-2d3f3ff2199a,5c0d47fe-8539-47b0-9f36-d0b3609ca89b,d6a012ed-84aa-48d3-8265-2d3f3ff2199a,5c0d47fe-8539-47b0-9f36-d0b3609ca89b,1430.0209793782294,1441.8245682837774,0.518982034856499,0.0759646486677664,1,25.110801846317592,0.7582596109720988,0,0,0,1,34.68333333333333,2,0,32.78602811091824,0.56575413521165,0,0,0,1,28.55,2,0,34.34908947504398,0.4773172294074112,0,0,0,1,38.48333333333333,2,0,21.30218370211179,0.3849110317372671,0,0,0,1,24.05,2,0,22.16126918268017,0.3461186763528211,0,0,0,1,23.45,2,0,18.529159984200344,0.3749521527870609,0,0,0,1,9.416666666666666,2,0,17.17121451309869,0.3440578903753758,0,0,0,1,13.016666666666667,2,0,21.59157644387661,0.5410453818071075,0,0,0,0,0.0,8,0,23.58725211127889,0.4031400150541286,0,0,0,1,31.216666666666665,1,0,24.688142554663248,0.3552532493819968,0,0,0,1,24.916666666666668,1,0,22.29053117337461,0.3304192005218191,0,0,0,1,27.883333333333333,1,0,16.084429509707082,0.4324824703616846,0,0,0,1,17.233333333333334,1,0,12.66462918396452,0.535688594653714,0,0,0,1,20.066666666666663,1,0,13.121166252942292,0.4075919667484022,0,0,0,1,14.316666666666666,1,0,-1.6551931422842965,-1.498670353005296,0.1642421539856358,0.1918079524881168,0.0751342206633224,0.08321967808921,0.1253647572953024,0.0818923610758514,0.102436769298412,0.0907700097926285,0.2473404255319149,0.4246987951807229,0.3561253561253561,0.3824451410658307,0.7526595744680851,0.5753012048192772,0.6438746438746439,0.6175548589341693,0.1733785168255969,0.1942604856512141,0.1897689768976897,0.2107708189951823,2,1,0,0,1,2,3,3,0.0,1116.2,0,0
83f6b70b-f2ed-42dd-af4f-dda94f433777,2024-05-26 01:00:00+00:00,2024-05-26,2024,0,171b097d-01db-4ae8-9d56-035689402ec6,f073a15f-0486-4179-b0a3-dfd0294eb595,FR_LVA_ACES,f073a15f-0486-4179-b0a3-dfd0294eb595,1633.737451828939,1396.0105583160605,0.8194132955339367,1.5123775713284693,1,31.500302462172133,0.8974821048344689,0,0,0,1,32.36666666666667,3,0,33.53605378125491,0.6698779207441158,0,0,0,1,40.0,3,0,33.71794153626451,0.4643731165840338,0,0,0,1,37.66666666666666,3,0,23.72488948893081,0.6000375806417939,0,0,0,0,0.0,0,0,21.33954211990104,0.4333727174701807,0,0,0,1,27.516666666666666,3,0,24.84915395040914,0.3514728316573736,0,0,0,1,33.96666666666667,3,0,12.894674068815563,0.5579042086521228,0,0,0,1,9.6,3,0,29.312874655342736,0.5293263617949051,0,0,0,1,29.6,0,0,22.31134127624644,0.5657861795689126,0,0,0,1,11.633333333333333,0,0,31.14491386795438,0.3261196726860654,0,0,0,1,33.86666666666667,0,0,22.44354049648394,0.351516538557767,0,0,0,1,12.416666666666666,0,0,14.592081646601327,0.4894315021107628,0,0,0,1,36.85,0,0,19.51700015598508,0.3632956573501749,0,0,0,1,31.366666666666667,0,0,10.244329759399362,0.513128290219014,0,0,0,1,30.73333333333333,0,0,0.7993630529398945,-4.330912654190902,0.1252543480403249,0.21599746313017,0.0320929730870297,0.0868114224335782,0.0566462716614853,0.1165331774991743,0.0684341571356985,0.1094971948089661,0.4099099099099099,0.33,0.3772727272727272,0.3380614657210402,0.5900900900900901,0.67,0.6227272727272727,0.6619385342789598,0.1141226818830242,0.1815487217487958,0.1506888633754305,0.14456025128498,3,0,0,1,1,2,2,4,0.0,224.7,0,0
52407210-6c03-4daa-89fe-eac11f7ccb7d,2024-05-26 02:00:00+00:00,2024-05-26,2024,0,0699edf3-5993-4182-b9b4-ec935cbd4fcc,5f0b5caf-708b-4300-92f2-53b51d83ec06,0699edf3-5993-4182-b9b4-ec935cbd4fcc,5f0b5caf-708b-4300-92f2-53b51d83ec06,1440.0408500441315,1529.7308051910425,0.4079647711212811,-0.3723853159693251,0,29.692111807413404,0.620353833521126,0,0,0,1,28.216666666666665,1,0,31.0830361605694,0.4835108416680542,0,0,0,1,36.0,1,0,21.52235731867649,0.4859445214282212,0,0,0,1,29.316666666666663,1,0,14.467879956898386,0.7181213129632431,0,0,0,0,0.0,0,0,23.63176420431993,0.4194759163495963,0,0,0,1,29.85,1,0,23.540136214790124,0.3125187408334337,0,0,0,1,24.05,1,0,22.50813738306411,0.311185949707678,0,0,0,1,9.316666666666666,1,0,37.3080602452991,0.478826709630332,0,0,0,1,37.15,4,0,24.522457078980093,0.6822103597335323,0,0,0,1,33.483333333333334,4,0,26.89984873142621,0.5550520779233544,0,0,0,0,0.0,9,0,23.384219914108886,0.6306337420134692,0,0,0,0,0.0,0,0,18.39421099302286,0.4769729326188711,0,0,0,1,31.633333333333333,4,0,13.149544589995726,0.6121421830764391,0,0,0,1,6.516666666666667,4,0,10.948261787545531,0.5018029858794191,0,0,0,1,25.25,4,0,1.1765634353219774,-1.1921897737281817,0.1667666747299774,0.1132900305498623,0.0507682026053874,0.0563383386094339,0.0600129097005075,0.0935600890806676,0.0986559505162878,0.0661241167895594,0.4464285714285714,0.2247706422018348,0.4175438596491228,0.2654867256637168,0.5535714285714286,0.7752293577981652,0.5824561403508772,0.7345132743362832,0.1441157276484664,0.1910699919549477,0.1362616223148445,0.152136525995502,1,3,0,0,2,1,3,2,0.0,1585.4,0,-3
978f9c1a-efbd-48a8-a33d-f1b9c845d890,2024-05-26 22:00:00+00:00,2024-05-26,2024,0,5d70a9af-8c2b-4aec-9e68-9acc6ddb93e4,6f017f37-be96-4bdc-b6d3-0a0429c72e89,5d70a9af-8c2b-4aec-9e68-9acc6ddb93e4,6f017f37-be96-4bdc-b6d3-0a0429c72e89,1492.9101516265089,1519.9964547254613,0.4969976045776376,-0.0120097260377887,0,32.55000373249256,0.5416465878397748,0,0,0,1,32.63333333333333,4,0,31.42062951939428,0.5174937231014416,0,0,0,1,35.2,4,0,26.21053325044569,0.5757786158873371,0,0,0,1,26.366666666666667,4,0,22.98368792079504,0.4695518648725098,0,0,0,0,0.0,0,0,21.254081924495143,0.3654869827443382,0,0,0,1,14.233333333333333,4,0,14.422328415528716,0.4516962959603882,0,0,0,1,18.2,4,0,14.785103250875109,0.3950414452788893,0,0,0,1,8.9,4,0,33.42418293205439,0.7228578866965246,0,0,0,1,34.833333333333336,0,0,30.43442035229373,0.5182086730473827,0,0,0,1,24.416666666666668,0,0,26.54691234781609,0.568837070424257,0,0,0,1,21.45,0,0,32.862554868085695,0.4201781703467092,0,0,0,1,34.083333333333336,0,0,18.773404025456177,0.4944137580235185,0,0,0,1,17.4,0,0,23.30645393584146,0.3349999191217765,0,0,0,1,18.45,0,0,19.242390076872223,0.3434364166660779,0,0,0,1,29.75,0,0,2.124493694236413,4.124076318138501,0.1291285390744502,0.1744776938482586,0.0414460272353461,0.0693978855943497,0.0647761161097894,0.0731383019359699,0.0856699703940267,0.0664366285765724,0.3024390243902439,0.356401384083045,0.3365384615384615,0.2371134020618556,0.697560975609756,0.643598615916955,0.6634615384615384,0.7628865979381443,0.1454968718172559,0.1982714794102694,0.1486409966024915,0.1942424544277318,4,0,0,1,0,2,1,2,0.0,912.7,0,1
d40a0cb9-a5a7-4b11-bb86-a0b1a45cc53d,2024-05-27 01:00:00+00:00,2024-05-27,2024,0,0a5ad38d-2fe3-43ba-894b-1ba3d5042ea9,5f0b5caf-708b-4300-92f2-53b51d83ec06,0a5ad38d-2fe3-43ba-894b-1ba3d5042ea9,5f0b5caf-708b-4300-92f2-53b51d83ec06,1446.7426292237124,1548.349557218049,0.3915063061322923,-0.4409849260495702,0,28.39503238016105,0.5872510264990022,0,0,0,1,36.11666666666667,1,0,18.83915663514886,0.4444740677263275,0,0,0,1,20.666666666666668,1,0,23.178841250695807,0.3037104569098749,0,0,0,1,26.366666666666667,1,0,15.301202814989104,0.4529961517317207,0,0,0,0,0.0,0,0,17.946429128647456,0.3186720839177183,0,0,0,1,38.23333333333333,1,0,8.34705832271756,0.5318311603406857,0,0,0,1,26.25,1,0,11.99730652231276,0.280187286452516,0,0,0,1,9.683333333333334,1,0,37.38743524028285,0.5438690466987367,0,0,0,1,38.15,0,0,24.73089039100645,0.6735936598867485,0,0,0,1,26.73333333333333,0,0,24.36382956117215,0.5550520779233544,0,0,0,0,0.0,10,0,21.17964134655972,0.6306337420134692,0,0,0,0,0.0,0,0,19.84818360198632,0.5060969908155866,0,0,0,1,33.81666666666667,0,0,13.160586430218064,0.5915641889245712,0,0,0,1,13.266666666666667,0,0,13.416894383869847,0.5434211155188071,0,0,0,1,37.13333333333333,0,0,-3.5533900885958185,0.9456963685629424,0.1663659480378771,0.1579182452260326,0.0766004946519726,0.0710992477365192,0.0511091837154537,0.1273159963982677,0.0958238353195256,0.0862875513609604,0.3571428571428571,0.2354948805460751,0.358974358974359,0.3156146179401993,0.6428571428571429,0.764505119453925,0.6410256410256411,0.6843853820598007,0.2175589336858338,0.1892618786731746,0.1546159901045766,0.1609548335974643,1,0,0,1,1,1,2,2,0.0,358.3,0,0
1fe16371-dd61-4575-8f0d-c04021be3c03,2024-05-28 23:00:00+00:00,2024-05-28,2024,0,f073a15f-0486-4179-b0a3-dfd0294eb595,0a5ad38d-2fe3-43ba-894b-1ba3d5042ea9,f073a15f-0486-4179-b0a3-dfd0294eb595,0a5ad38d-2fe3-43ba-894b-1ba3d5042ea9,1387.2561525796589,1442.8077152928345,0.4561457426442857,-0.1758689321775775,0,29.03511696185395,0.5206973947572778,0,0,0,1,26.366666666666667,1,0,21.98501870398984,0.573374925081483,0,0,0,1,18.85,1,0,31.2051017158129,0.32794407081748,0,0,0,1,31.78333333333333,1,0,21.57052209698498,0.3528793260415198,0,0,0,1,13.183333333333334,1,0,15.904840498938782,0.4761313813652341,0,0,0,1,28.516666666666666,1,0,17.677008896718046,0.3632956573501749,0,0,0,0,0.0,2,0,11.74857188389662,0.5344337296262451,0,0,0,1,26.2,1,0,29.31940879937052,0.5859465146870158,0,0,0,1,38.2,0,0,17.765428680462612,0.443219877564271,0,0,0,1,7.45,0,0,22.623034366943745,0.2821120845702701,0,0,0,1,17.283333333333335,0,0,13.858661481237135,0.4529961517317207,0,0,0,0,0.0,0,0,18.754399720119824,0.3297608341513142,0,0,0,1,26.516666666666666,0,0,9.77562213967448,0.5664551166093382,0,0,0,1,23.5,0,0,9.156788818015627,0.399877915863605,0,0,0,1,24.35,0,0,-6.060833801567882,-4.02837141977981,0.2427721816460123,0.1916173534246979,0.0934433149041766,0.0784395568886079,0.1212595791555506,0.0711003591881119,0.1166826628599844,0.1128399553870266,0.3382978723404255,0.3384146341463415,0.3588709677419355,0.3151862464183381,0.6617021276595745,0.6615853658536586,0.6411290322580645,0.6848137535816619,0.1766053586202507,0.1906389692348146,0.1370833590043743,0.1379985754985755,2,1,0,0,2,2,3,3,1594.9,1807.4,3,3
50e16cc2-f71e-4a15-a0ca-3eca55862346,2024-05-28 23:00:00+00:00,2024-05-28,2024,0,a015b02d-845c-40c1-8ef4-844984f47e4d,0699edf3-5993-4182-b9b4-ec935cbd4fcc,a015b02d-845c-40c1-8ef4-844984f47e4d,0699edf3-5993-4182-b9b4-ec935cbd4fcc,1598.7621965292174,1421.422098017125,0.7621971420541768,1.1647632363722262,1,35.76426644044726,0.6740746240356276,0,0,0,1,23.116666666666667,1,0,32.00923070321873,0.5657271042390326,0,0,0,1,34.63333333333333,1,0,14.282447160663004,0.6820007849117827,0,0,0,1,23.1,1,0,20.67037345318817,0.3910871221125286,0,0,0,1,33.333333333333336,1,0,22.817397102194693,0.3120456849726996,0,0,0,1,31.916666666666668,1,0,16.999745824664814,0.4188208417790808,0,0,0,1,5.533333333333333,1,0,13.44317149932498,0.4320675534796209,0,0,0,1,14.583333333333334,1,0,30.249085858149,0.613552170113593,0,0,0,1,35.6,1,0,31.543446949773248,0.4822774260072872,0,0,0,1,35.96666666666667,1,0,22.34673876254788,0.5138186179650777,0,0,0,1,30.266666666666666,1,0,23.70733320464248,0.4293620083910154,0,0,0,1,24.433333333333334,1,0,13.103901248692338,0.7181213129632431,0,0,0,0,0.0,0,0,22.687865297904555,0.3179438190598306,0,0,0,1,14.5,1,0,21.68088101045326,0.2920987662508427,0,0,0,1,13.733333333333333,1,0,2.384925475102711,-0.9598495130432374,0.1917317048824207,0.1988112004864961,0.071404846203598,0.0651438193487734,0.1263118433989467,0.0779241964111059,0.140356510098811,0.1107243317698987,0.2603550295857988,0.4507042253521127,0.3236245954692556,0.3861111111111111,0.7396449704142012,0.5492957746478874,0.6763754045307443,0.6138888888888889,0.1587574015275036,0.1534396044667973,0.2128044915330978,0.1465907187133523,2,2,0,0,1,1,2,3,800.9,2240.6,1,3
00268790-a368-4198-ba31-60521844b197,2024-05-29 00:00:00+00:00,2024-05-29,2024,0,3c409388-ab73-4c7f-953d-3a71062240f6,d6a012ed-84aa-48d3-8265-2d3f3ff2199a,3c409388-ab73-4c7f-953d-3a71062240f6,d6a012ed-84aa-48d3-8265-2d3f3ff2199a,1524.9220726614194,1474.446978460552,0.6069404531718552,0.4344695669980968,0,31.380932679752004,0.5116166919301369,0,0,0,1,36.73333333333333,2,0,30.68978615616046,0.5051013225819522,0,0,0,1,36.71666666666667,2,0,20.936362916174183,0.3832151798981181,0,0,0,1,0.95,2,0,23.745464349572995,0.3332650477424355,0,0,0,1,27.9,2,0,22.03665265518328,0.2822592944193706,0,0,0,1,17.533333333333335,2,0,15.649568746700902,0.374790588245435,0,0,0,1,15.633333333333333,2,0,9.600318947554118,0.4300901828827809,0,0,0,1,33.11666666666667,2,0,25.40518267313401,0.7673266169200472,0,0,0,1,28.23333333333333,2,0,32.00799428733914,0.5834629466009464,0,0,0,1,24.53333333333333,2,0,34.02549322997318,0.4696509275930286,0,0,0,1,30.916666666666668,2,0,21.948085010024133,0.3888142642392665,0,0,0,1,19.9,2,0,20.72846345495045,0.3889630423744614,0,0,0,1,15.216666666666669,2,0,18.567263966558787,0.4044772122311253,0,0,0,1,18.933333333333334,2,0,17.153501763916637,0.3485670516089707,0,0,0,1,16.983333333333334,2,0,0.8094878222786221,2.2429591585783903,0.1536568972284586,0.2163227128120004,0.0534110523228343,0.0881046167698362,0.1100962790737679,0.13711491128108,0.1000699655988346,0.1210623067651422,0.2525597269624573,0.2637614678899082,0.2571428571428571,0.344418052256532,0.7474402730375427,0.7362385321100917,0.7428571428571429,0.6555819477434679,0.1420601301787374,0.1772211720226843,0.1935184229538652,0.1856349757113116,2,2,0,0,1,1,2,2,0.0,1735.1,0,2
08ac97c8-97c3-4669-a17a-eb7e153bbb6c,2024-05-29 23:00:00+00:00,2024-05-29,2024,0,08ed8274-e29f-4248-bc2e-83cc8ed18d75,0699edf3-5993-4182-b9b4-ec935cbd4fcc,08ed8274-e29f-4248-bc2e-83cc8ed18d75,0699edf3-5993-4182-b9b4-ec935cbd4fcc,1605.3012821915038,1407.2314955245783,0.7831456754238825,1.2840929136915615,1,33.61604453100183,0.7620795282428946,0,0,0,1,33.35,3,0,26.86109639216825,0.6861389349453435,0,0,0,1,27.666666666666668,3,0,30.2480692252084,0.5048094957702355,0,0,0,1,26.28333333333333,3,0,28.302039462541305,0.4583202983708074,0,0,0,1,27.666666666666668,3,0,31.92691346420669,0.3568359074389278,0,0,0,1,35.88333333333333,3,0,13.854864310914634,0.3641893326894357,0,0,0,1,7.25,3,0,8.956130911367234,0.4639791675908358,0,0,0,1,13.116666666666667,3,0,30.10304371970211,0.5669837828163125,0,0,0,1,28.7,0,0,31.184243399277097,0.4637530598454331,0,0,0,1,27.73333333333333,0,0,22.57645197035599,0.4805103698830509,0,0,0,1,24.78333333333333,0,0,24.269157326871607,0.42371846982885,0,0,0,1,29.666666666666668,0,0,11.868513455118007,0.7181213129632431,0,0,0,0,0.0,0,0,20.548936491944044,0.3179438190598306,0,0,0,0,0.0,2,0,19.63688699325748,0.2920987662508427,0,0,0,0,0.0,2,0,1.1278964686124815,-3.148553784620756,0.2218272174091664,0.2032629804919616,0.0891233350068331,0.0823727339992468,0.1159030110108993,0.0995858920117005,0.1120610638573823,0.1332075425127583,0.3926829268292683,0.4473684210526316,0.3441860465116279,0.3729977116704805,0.6073170731707317,0.5526315789473685,0.6558139534883721,0.6270022883295194,0.1799337843673528,0.1637243735763097,0.1592010999348722,0.1412527901785714,3,0,0,1,1,2,2,3,1019.2,113.0,1,0
e5ef80df-fe83-47d6-96f4-9961df13e37b,2024-05-29 23:00:00+00:00,2024-05-29,2024,0,5c0d47fe-8539-47b0-9f36-d0b3609ca89b,5d70a9af-8c2b-4aec-9e68-9acc6ddb93e4,5c0d47fe-8539-47b0-9f36-d0b3609ca89b,5d70a9af-8c2b-4aec-9e68-9acc6ddb93e4,1397.3985692014548,1471.740253956354,0.4294651714352759,-0.2840335694496053,0,19.55600173398217,0.5410453818071075,0,0,0,0,0.0,11,0,24.79139312820822,0.3766841523743236,0,0,0,1,25.78333333333333,2,0,23.78172042377488,0.3579498892112229,0,0,0,1,25.65,2,0,21.68648403867931,0.3179422800290347,0,0,0,1,15.883333333333333,2,0,16.280735198998773,0.4210370982533621,0,0,0,1,18.166666666666668,2,0,11.470654351043956,0.535688594653714,0,0,0,0,0.0,4,0,13.980227975896614,0.3903356924661246,0,0,0,1,22.23333333333333,2,0,32.7197007849318,0.5743513387804319,0,0,0,1,34.35,2,0,25.51032405748092,0.5971834252925229,0,0,0,1,18.78333333333333,2,0,31.308695585539017,0.4754696890781051,0,0,0,1,30.23333333333333,2,0,20.816870041920573,0.4695518648725098,0,0,0,0,0.0,0,0,20.650328546899992,0.358831539304661,0,0,0,1,14.85,2,0,14.695196020226817,0.4662614921486831,0,0,0,1,17.316666666666666,2,0,14.608953896160674,0.3945159592251948,0,0,0,1,12.916666666666666,2,0,-5.0994879601202525,0.5868467603926992,0.2107621334588169,0.1640929414396028,0.093139672934121,0.0513364083419446,0.102454750069671,0.0848571322775464,0.1024146178180988,0.0970031533306774,0.4004975124378109,0.3076923076923077,0.3799472295514511,0.3666666666666666,0.599502487562189,0.6923076923076923,0.6200527704485488,0.6333333333333333,0.1891296364304076,0.1416351921795156,0.2091365388812104,0.1425907645058681,3,2,0,0,1,1,2,1,2326.8,549.4,3,0
cfc8b84b-b32b-4025-9bba-440bd56e66e7,2024-05-30 00:00:00+00:00,2024-05-30,2024,0,6f017f37-be96-4bdc-b6d3-0a0429c72e89,171b097d-01db-4ae8-9d56-035689402ec6,6f017f37-be96-4bdc-b6d3-0a0429c72e89,FR_LVA_ACES,1541.166352395616,1642.49185756534,0.391892305063222,-0.4393649260476162,0,33.08407951744528,0.7452027176977207,0,0,0,1,29.816666666666663,3,0,27.185139978830914,0.5722541461724865,0,0,0,1,33.31666666666667,3,0,32.74352582145681,0.473963814707996,0,0,0,1,31.6,3,0,30.28190446268925,0.5019046741656528,0,0,0,1,28.816666666666663,3,0,18.593643814058385,0.4980003424012501,0,0,0,1,16.866666666666667,3,0,22.87845942708229,0.3421445699224215,0,0,0,1,18.766666666666666,3,0,20.115163618098805,0.3372721764489317,0,0,0,1,28.5,3,0,31.427995423082507,0.9490464228295356,0,0,0,1,30.73333333333333,3,0,33.34253081913431,0.6628207204353964,0,0,0,1,31.48333333333333,3,0,33.59211956524883,0.4608602011100504,0,0,0,1,32.38333333333333,3,0,21.48819384217066,0.6000375806417939,0,0,0,0,0.0,0,0,25.39446518787149,0.3739537727137421,0,0,0,1,30.633333333333333,3,0,21.72234721024752,0.4171440597510368,0,0,0,1,25.4,3,0,12.436364677509696,0.5352419948841873,0,0,0,1,8.033333333333333,3,0,5.072630967625074,2.862225756193081,0.2150505534642947,0.1670412782097119,0.075079935829167,0.038163007799558,0.0837016715193557,0.0670185913588114,0.0951467060616834,0.0852286553323003,0.376068376068376,0.4271186440677966,0.2534818941504178,0.3793103448275862,0.6239316239316239,0.5728813559322034,0.7465181058495822,0.6206896551724138,0.1850605652759084,0.1083071591032167,0.1828566732412886,0.1496843021989984,2,3,0,0,2,1,3,1,912.7,1298.0,-1,2
8dc8b483-2e2e-4d95-a41a-6abbabc2ffb8,2024-05-30 23:00:00+00:00,2024-05-30,2024,0,f073a15f-0486-4179-b0a3-dfd0294eb595,d6a012ed-84aa-48d3-8265-2d3f3ff2199a,f073a15f-0486-4179-b0a3-dfd0294eb595,d6a012ed-84aa-48d3-8265-2d3f3ff2199a,1376.5698415572938,1492.7631416484471,0.3716952938905112,-0.5249508334270568,0,28.502287510983784,0.5366102200000055,0,0,0,1,23.383333333333333,1,0,21.661177727392733,0.5591639160074209,0,0,0,1,18.55,1,0,30.975214994448933,0.3161748500498738,0,0,0,1,28.766666666666666,1,0,17.618642192570327,0.5075285758220741,0,0,0,1,34.083333333333336,1,0,21.152200199378537,0.3457150454946459,0,0,0,1,17.133333333333333,1,0,13.6153779690245,0.5201046350014426,0,0,0,1,31.55,1,0,18.62508231557547,0.359686933981568,0,0,0,1,27.73333333333333,1,0,32.027667154631466,0.6025271366499284,0,0,0,1,32.21666666666667,0,0,26.174617478213044,0.7367815709259449,0,0,0,1,33.56666666666667,0,0,34.401766436871874,0.4649871208182393,0,0,0,1,38.016666666666666,0,0,20.85151750919881,0.3813811857320841,0,0,0,1,10.316666666666666,0,0,19.68874033161831,0.382886469161738,0,0,0,1,9.7,0,0,18.01254854673294,0.4004451519047957,0,0,0,1,12.683333333333334,0,0,18.07550844839741,0.3401425245981465,0,0,0,1,26.933333333333334,0,0,-6.21960488532927,2.922455025323305,0.2628634277038115,0.2408571663608257,0.1003465441986591,0.1008918228087942,0.1340701566920028,0.1413293718227372,0.1403426665116494,0.1361642155133419,0.3513011152416357,0.26,0.366120218579235,0.3223819301848049,0.6486988847583643,0.74,0.6338797814207651,0.6776180698151951,0.17324537088369,0.1814457126134036,0.1479450567348933,0.1925028353130782,1,1,0,0,1,1,3,2,0.0,163.5,0,1
25ec1238-ca57-44e0-8b7f-f96122b6ef71,2024-05-31 00:00:00+00:00,2024-05-31,2024,0,3c409388-ab73-4c7f-953d-3a71062240f6,0a5ad38d-2fe3-43ba-894b-1ba3d5042ea9,3c409388-ab73-4c7f-953d-3a71062240f6,0a5ad38d-2fe3-43ba-894b-1ba3d5042ea9,1506.605909473524,1453.4940263151996,0.6105555738634919,0.4496481443651258,1,30.502196408459245,0.5034899572126532,0,0,0,1,28.7,1,0,30.757363916454537,0.4873693837324663,0,0,0,1,24.766666666666666,1,0,24.286409612295703,0.3439359425510208,0,0,0,1,29.48333333333333,1,0,19.80790381389656,0.3910058003908789,0,0,0,1,8.966666666666667,1,0,16.347254288128806,0.3459298880901361,0,0,0,1,23.05,1,0,20.43364201416855,0.2760144367699457,0,0,0,1,5.033333333333333,1,0,11.48424432080702,0.4546978891945307,0,0,0,1,29.58333333333333,1,0,30.326335801261024,0.5820804319960527,0,0,0,1,40.0,2,0,16.0905691616877,0.443219877564271,0,0,0,0,0.0,3,0,23.125241167420384,0.3076884902106366,0,0,0,1,27.95,2,0,18.078337857853327,0.339348143615457,0,0,0,1,11.583333333333334,2,0,11.11821563473385,0.5342743033500511,0,0,0,1,24.016666666666666,2,0,12.552117658579158,0.4529961517317207,0,0,0,0,0.0,0,0,14.29183191145841,0.3383509101677627,0,0,0,1,29.766666666666666,2,0,-0.1577815608501932,-2.918427037260302,0.1805951385478897,0.2304739326795201,0.0731496552904718,0.0936203137830455,0.1259046763423184,0.0807931623301789,0.1092053172062913,0.1609021778551376,0.2395543175487465,0.3517060367454068,0.252906976744186,0.3357314148681055,0.7604456824512534,0.6482939632545932,0.747093023255814,0.6642685851318945,0.1601231076360006,0.1967345738030448,0.1964554422337401,0.1401490005163384,1,1,0,0,1,2,3,3,0.0,163.5,0,-1
1aa602a4-766e-4c02-b2a3-77894211fecf,2024-05-31 23:30:00+00:00,2024-05-31,2024,0,a015b02d-845c-40c1-8ef4-844984f47e4d,5f0b5caf-708b-4300-92f2-53b51d83ec06,a015b02d-845c-40c1-8ef4-844984f47e4d,5f0b5caf-708b-4300-92f2-53b51d83ec06,1612.952799021764,1552.284471148927,0.6208473953568099,0.493146536754303,1,34.696027586637776,0.6784020622238797,0,0,0,1,24.433333333333334,2,0,31.74438672628194,0.5757097108722344,0,0,0,1,29.2,2,0,14.626639331211932,0.7060785106474472,0,0,0,1,17.933333333333334,2,0,20.88214574634377,0.3822029919128621,0,0,0,1,22.916666666666668,2,0,22.86603767953993,0.3142419092503952,0,0,0,1,23.33333333333333,2,0,16.916492357483833,0.3893135073623539,0,0,0,1,16.116666666666667,2,0,13.864916231635076,0.4111704242655908,0,0,0,1,17.916666666666668,2,0,37.38390598300158,0.4989262501006213,0,0,0,1,37.35,3,0,24.460861873547312,0.6816583644107562,0,0,0,1,21.866666666666667,3,0,22.066896985646128,0.5550520779233544,0,0,0,0,0.0,14,0,19.18290236820141,0.6306337420134692,0,0,0,0,0.0,0,0,21.341063494490097,0.5390179078247198,0,0,0,1,35.68333333333333,3,0,15.379391971099356,0.5483515837066046,0,0,0,1,34.233333333333334,3,0,13.62782751452451,0.5974383953382926,0,0,0,1,18.116666666666667,3,0,4.439278806831674,1.6665215083936549,0.2097747982005649,0.1839660690793416,0.0768850195373003,0.0729049657473467,0.1390950469074377,0.1503926775627724,0.1491628365682966,0.1079241516419859,0.2698795180722891,0.2195121951219512,0.3413978494623655,0.3076923076923077,0.7301204819277108,0.7804878048780488,0.6586021505376344,0.6923076923076923,0.1512347875596043,0.1676361286152851,0.2133233532934131,0.1468576486682224,2,4,0,0,1,0,2,2,0.0,1498.5,0,1
210f5aa9-821b-44f0-9301-d5aad0c15e64,2024-05-31 23:30:00+00:00,2024-05-31,2024,0,5d70a9af-8c2b-4aec-9e68-9acc6ddb93e4,171b097d-01db-4ae8-9d56-035689402ec6,5d70a9af-8c2b-4aec-9e68-9acc6ddb93e4,FR_LVA_ACES,1481.656009984368,1659.2352818105123,0.29352668160468,-0.8783168920169159,1,32.44287082122037,0.5645539545726392,0,0,0,1,29.78333333333333,1,0,31.7242629470984,0.4915095642142597,0,0,0,1,35.71666666666667,1,0,25.87231463575565,0.5731490581897226,0,0,0,1,29.35,1,0,18.85433181287385,0.4695518648725098,0,0,0,0,0.0,0,0,12.114034429034549,0.5469169240506743,0,0,0,1,34.96666666666667,1,0,19.4906986431482,0.3364101031646734,0,0,0,1,8.35,1,0,14.337398846039628,0.4528077589997497,0,0,0,1,10.9,1,0,31.480350646356296,0.9671678411012729,0,0,0,1,31.98333333333333,0,0,33.64806180501731,0.665080213455047,0,0,0,1,36.583333333333336,0,0,33.83955224893729,0.4225983440670807,0,0,0,1,36.21666666666667,0,0,26.899290780141843,0.4532271672642902,0,0,0,0,0.0,0,0,19.462365665143928,0.6000375806417939,0,0,0,0,0.0,0,0,26.03292352815885,0.3738605495457187,0,0,0,1,32.166666666666664,0,0,22.11777227950532,0.3885184176234493,0,0,0,1,25.916666666666668,0,0,0.9088463888331044,3.725249903556822,0.1927198559480472,0.1971220128995834,0.0683603140981257,0.0527039243979572,0.0943156934772155,0.0872910855007702,0.1197903587452657,0.0955251197343192,0.3134328358208955,0.4168937329700272,0.3662790697674418,0.3774647887323943,0.6865671641791045,0.5831062670299727,0.6337209302325582,0.6225352112676056,0.1573163165824692,0.1208250625701216,0.1466853489797705,0.1586462189317821,1,1,0,0,1,1,2,2,549.4,912.7,0,1
2e92ce51-0729-4c45-bbf1-f815eed8f2bb,2024-05-31 23:30:00+00:00,2024-05-31,2024,0,08ed8274-e29f-4248-bc2e-83cc8ed18d75,5c0d47fe-8539-47b0-9f36-d0b3609ca89b,08ed8274-e29f-4248-bc2e-83cc8ed18d75,5c0d47fe-8539-47b0-9f36-d0b3609ca89b,1608.2455327156665,1387.4828131734407,0.8045099633340123,1.4147239360790131,1,33.89107582956958,0.7334593977470997,0,0,0,1,36.53333333333333,1,0,27.28900759257396,0.6961827432183426,0,0,0,1,31.4,1,0,30.66463840108196,0.5195744286023567,0,0,0,1,34.666666666666664,1,0,28.100724339915708,0.4403896711109377,0,0,0,1,26.166666666666668,1,0,32.3706174839035,0.3671192949705291,0,0,0,1,36.63333333333333,1,0,13.681565772656215,0.3538107834923849,0,0,0,1,12.016666666666667,1,0,8.922556194001176,0.4766750864268264,0,0,0,1,8.6,1,0,24.927329962171456,0.3876186886633896,0,0,0,1,35.93333333333333,1,0,17.71233354885365,0.5410453818071075,0,0,0,0,0.0,13,0,25.39400182899163,0.3574292741946852,0,0,0,1,31.183333333333334,1,0,16.180418716798417,0.4270534069760433,0,0,0,1,15.216666666666669,1,0,12.609450796917256,0.5450968944994629,0,0,0,1,23.55,1,0,20.85655524724669,0.3029499429057232,0,0,0,1,12.883333333333333,1,0,14.902857555568344,0.389462265364811,0,0,0,1,23.766666666666666,1,0,1.480443745447523,-4.996052311758616,0.245972703000341,0.2291123879136251,0.094030144522713,0.1013802916074082,0.1292185861641499,0.1140078671949662,0.1264518580142446,0.1016773746832156,0.403765690376569,0.3949579831932773,0.357429718875502,0.3741496598639456,0.5962343096234309,0.6050420168067226,0.642570281124498,0.6258503401360545,0.1727142590402688,0.185336432744864,0.157940826921874,0.2105690042425755,1,1,0,0,1,1,2,2,0.0,204.3,0,0
eef85f6a-154a-40a6-8cec-d3d8a3dda8d1,2024-06-01 01:30:00+00:00,2024-06-01,2024,0,6f017f37-be96-4bdc-b6d3-0a0429c72e89,0699edf3-5993-4182-b9b4-ec935cbd4fcc,6f017f37-be96-4bdc-b6d3-0a0429c72e89,0699edf3-5993-4182-b9b4-ec935cbd4fcc,1524.4229281504438,1404.2872450004156,0.6975098986763224,0.8354681512069048,1,33.184570594726594,0.7385381511945396,0,0,0,1,34.15,1,0,27.56521754238234,0.5519458461684889,0,0,0,1,31.216666666666665,1,0,30.541299094652075,0.4971979268376669,0,0,0,1,33.03333333333333,1,0,32.99082592846287,0.4554295914844272,0,0,0,1,35.36666666666667,1,0,18.220280253558386,0.4915277179142132,0,0,0,1,14.633333333333333,1,0,21.472630246374308,0.323069890849235,0,0,0,1,7.966666666666667,1,0,20.39499178269396,0.3156029213721929,0,0,0,1,23.08333333333333,1,0,30.26459781197521,0.5614264694014015,0,0,0,1,31.816666666666663,2,0,31.55654912775221,0.46561659853005,0,0,0,1,35.13333333333333,2,0,23.10976201695129,0.4788943657659853,0,0,0,1,28.23333333333333,2,0,24.85500707037997,0.4151004102683216,0,0,0,1,30.48333333333333,2,0,10.74959349593496,0.7181213129632431,0,0,0,0,0.0,0,0,10.768759096330845,0.5831337019548393,0,0,0,1,22.2,2,0,19.6946890409253,0.3006385982533839,0,0,0,1,20.25,2,0,3.4615376037488548,-3.3106008939242075,0.2353877199104408,0.2312382593684291,0.0884442473918103,0.0901759431694892,0.095658234262176,0.1100449486504783,0.1006806749085354,0.1386726406382634,0.375,0.4465020576131687,0.2737819025522042,0.3861386138613861,0.625,0.5534979423868313,0.7262180974477959,0.6138613861386139,0.1868593394077448,0.1618771583621115,0.180760225864206,0.139317947786056,1,1,0,0,1,2,3,3,0.0,1019.2,0,-1
9bf8d962-12b1-44e7-8ab4-c99bf1a460a6,2024-06-01 16:00:00+00:00,2024-06-01,2024,0,f073a15f-0486-4179-b0a3-dfd0294eb595,3c409388-ab73-4c7f-953d-3a71062240f6,f073a15f-0486-4179-b0a3-dfd0294eb595,3c409388-ab73-4c7f-953d-3a71062240f6,1359.9415765399283,1519.3126138909636,0.3157220690071453,-0.7735018688365999,1,28.558637654271934,0.5578308955759952,0,0,0,1,29.1,1,0,22.734874159603752,0.5912267241234521,0,0,0,1,33.05,1,0,19.722389506404127,0.4957374155911414,0,0,0,1,39.93333333333333,1,0,31.401795144765902,0.3059277233980491,0,0,0,1,35.5,1,0,19.158048271824867,0.3457150454946459,0,0,0,0,0.0,3,0,12.33177002444294,0.5201046350014426,0,0,0,0,0.0,3,0,18.151335968090773,0.3471973887243494,0,0,0,1,13.6,1,0,30.528700967576484,0.549235569776139,0,0,0,1,30.78333333333333,0,0,30.97193397332528,0.5157052872548024,0,0,0,1,33.03333333333333,0,0,24.88320305164936,0.3545119991186498,0,0,0,1,30.616666666666667,0,0,18.80940078474373,0.4024191362949708,0,0,0,1,9.216666666666669,0,0,12.760031513207895,0.4504105363035579,0,0,0,1,25.016666666666666,0,0,15.822708208185423,0.3387448484614892,0,0,0,1,10.783333333333331,0,0,19.16402492495777,0.2720782671246629,0,0,0,1,6.966666666666667,0,0,-7.238595840686644,1.0484600861913072,0.2838729900126834,0.2081934228822601,0.1075861102326454,0.0830804209026428,0.1462400756233309,0.1454602900500903,0.1567413796825564,0.1190221250142176,0.3519736842105263,0.2419354838709677,0.3525641025641026,0.2673267326732673,0.6480263157894737,0.7580645161290323,0.6474358974358975,0.7326732673267327,0.1715265866209262,0.1591915836101882,0.1416602092212321,0.198162177328844,1,1,0,0,2,2,3,3,0.0,163.5,0,1
53e885e1-85e0-4a3c-8806-cfcc094f4d69,2024-06-02 19:00:00+00:00,2024-06-02,2024,0,5d70a9af-8c2b-4aec-9e68-9acc6ddb93e4,a015b02d-845c-40c1-8ef4-844984f47e4d,5d70a9af-8c2b-4aec-9e68-9acc6ddb93e4,a015b02d-845c-40c1-8ef4-844984f47e4d,1493.4089124836055,1617.6839212214277,0.3608970331254632,-0.5714728880664063,0,32.50482255230098,0.5454562701771107,0,0,0,1,33.1,1,0,31.923098374922134,0.5070016596298873,0,0,0,1,33.833333333333336,1,0,25.92520542284271,0.5558673398132951,0,0,0,1,26.433333333333334,1,0,17.07681449680365,0.4695518648725098,0,0,0,0,0.0,0,0,13.754690828561314,0.5345072858471128,0,0,0,1,29.516666666666666,1,0,18.212559919503228,0.3582837738096811,0,0,0,1,5.933333333333334,1,0,14.038473834567828,0.4484111719763151,0,0,0,1,11.166666666666666,1,0,34.773394432064734,0.6884391223370002,0,0,0,1,35.516666666666666,1,0,32.004175848433825,0.5421435718828245,0,0,0,1,34.5,1,0,16.085411076588258,0.7116914803808185,0,0,0,1,30.1,1,0,21.68360656145031,0.3677875635829414,0,0,0,1,29.383333333333333,1,0,23.75700835084755,0.3026888479882768,0,0,0,1,32.31666666666667,1,0,15.532217927656571,0.3849022093760056,0,0,0,1,2.2333333333333334,1,0,13.49111845781596,0.4024257750072139,0,0,0,1,9.9,1,0,1.6711767733591687,4.176326789479777,0.2147342903210616,0.2371361667644839,0.0755853950262387,0.0839287493882715,0.0937424557057833,0.1524968949917406,0.1533168599834091,0.1728108452030732,0.3055555555555556,0.2568421052631578,0.3559322033898305,0.3294930875576037,0.6944444444444444,0.7431578947368421,0.6440677966101694,0.6705069124423964,0.1545393609890519,0.149160969546302,0.1445403981264637,0.2103855437406223,1,1,0,0,2,1,3,2,0.0,866.0,0,0
755c1d2b-79a9-42fb-9e3a-25fbfec30357,2024-06-02 22:00:00+00:00,2024-06-02,2024,0,0699edf3-5993-4182-b9b4-ec935cbd4fcc,0a5ad38d-2fe3-43ba-894b-1ba3d5042ea9,0699edf3-5993-4182-b9b4-ec935cbd4fcc,0a5ad38d-2fe3-43ba-894b-1ba3d5042ea9,1384.773652560673,1440.78732189776,0.4554859110099378,-0.178529031736556,1,30.30721720709593,0.5432096071834581,0,0,0,1,30.716666666666665,0,0,31.386234295660497,0.4513094667406221,0,0,0,1,29.75,0,0,22.95799955258597,0.4727217075295103,0,0,0,1,21.5,0,0,24.80425430973919,0.4313834825202408,0,0,0,1,24.316666666666663,0,0,12.286410835080424,0.5964241872042412,0,0,0,1,26.866666666666667,0,0,9.736161210485673,0.7181213129632431,0,0,0,0,0.0,0,0,20.051868542221,0.2892050582771093,0,0,0,1,23.48333333333333,0,0,31.123630539913982,0.5977244071094845,0,0,0,1,38.78333333333333,1,0,23.927352920927618,0.3113191205225646,0,0,0,1,31.633333333333333,1,0,14.5736092612156,0.443219877564271,0,0,0,0,0.0,5,0,12.20853255371445,0.5245614464443307,0,0,0,1,22.683333333333334,1,0,18.12751825310716,0.3327487560006871,0,0,0,1,18.6,1,0,11.368750000000004,0.4529961517317207,0,0,0,0,0.0,0,0,15.579473951713751,0.3287548630156121,0,0,0,1,27.95,1,0,-6.193688484813345,-3.8346550097120806,0.252774666310579,0.2495987736427817,0.1025103893097455,0.105927337742861,0.1258581851632484,0.0959326359349739,0.1529696412967121,0.1912998057207765,0.4470802919708029,0.3514739229024943,0.3979238754325259,0.3231707317073171,0.5529197080291971,0.6485260770975056,0.6020761245674741,0.676829268292683,0.1658600250149546,0.1982254106097791,0.1327718470039161,0.1423387349058374,1,2,0,0,2,1,3,3,1278.1,1451.7,-2,-2
28ff10f9-af2d-4400-96a4-24110ff29f19,2024-06-02 23:00:00+00:00,2024-06-02,2024,0,08ed8274-e29f-4248-bc2e-83cc8ed18d75,f073a15f-0486-4179-b0a3-dfd0294eb595,08ed8274-e29f-4248-bc2e-83cc8ed18d75,f073a15f-0486-4179-b0a3-dfd0294eb595,1614.344674149368,1366.532082625659,0.8278456856607356,1.5704355160589156,1,34.11818037342387,0.7319547575683001,0,0,0,1,36.3,1,0,27.927980454947903,0.6810627287974348,0,0,0,1,34.06666666666667,1,0,31.115784757800164,0.5185475540001909,0,0,0,1,35.45,1,0,32.373387559855786,0.355306894141042,0,0,0,1,32.4,1,0,25.451491017618405,0.4403896711109377,1,1,1,0,0.0,3,1,15.59397075498047,0.4031853792861551,0,0,0,1,33.96666666666667,1,0,8.612460315278021,0.477971874010107,0,0,0,1,5.633333333333333,1,0,29.104626075147163,0.5388271127530315,0,0,0,1,34.35,0,0,23.85818856367075,0.6026855005893238,0,0,0,1,34.65,0,0,21.374828397949845,0.486509055378792,0,0,0,1,37.25,0,0,31.55089677001074,0.3124627076901639,0,0,0,1,32.983333333333334,0,0,18.60530770171003,0.353253082573998,0,0,0,1,22.966666666666665,0,0,19.2169978562144,0.323317722112802,0,0,0,1,19.78333333333333,0,0,11.169175933398265,0.5201046350014426,0,0,0,0,0.0,4,0,2.69012024446225,-6.3487165387753,0.2729143652855907,0.2981001958894448,0.1020728478044906,0.1127555344167109,0.1385852080912737,0.1536652726964151,0.1609203831748931,0.1638255560489883,0.4158964879852125,0.3530280649926144,0.3512544802867383,0.3347763347763348,0.5841035120147874,0.6469719350073855,0.6487455197132617,0.6652236652236653,0.1715873188800522,0.1690159515708541,0.1636503658067,0.1447477253928867,1,0,0,1,2,2,2,3,0.0,645.2,0,0
7d57cf1f-6ef5-4386-b2b5-8d1020140eb1,2024-06-02 23:00:00+00:00,2024-06-02,2024,0,6f017f37-be96-4bdc-b6d3-0a0429c72e89,5f0b5caf-708b-4300-92f2-53b51d83ec06,6f017f37-be96-4bdc-b6d3-0a0429c72e89,5f0b5caf-708b-4300-92f2-53b51d83ec06,1543.936520590186,1547.5533489492636,0.5307340618635457,0.1230914306533028,1,32.51823451105437,0.745429169197172,0,0,0,1,26.116666666666667,0,0,29.483081879357083,0.5152184763936728,0,0,0,1,19.316666666666663,0,0,26.66658642649247,0.5548855303801687,0,0,0,1,18.03333333333333,0,0,31.9373671383292,0.4530091210196578,0,0,0,1,21.816666666666663,0,0,17.963822199077647,0.5119629808448555,0,0,0,1,15.5,0,0,21.398218225605,0.3168032986138009,0,0,0,1,20.683333333333334,0,0,21.115106635188987,0.3160502045305696,0,0,0,1,28.03333333333333,0,0,37.50326868762159,0.5008148423782939,0,0,0,1,38.65,1,0,24.505404751515822,0.6718834371046936,0,0,0,1,24.933333333333334,1,0,21.967272355866605,0.5053575613666302,0,0,0,1,27.98333333333333,1,0,19.98651079677357,0.5550520779233544,0,0,0,0,0.0,16,0,17.374408624144156,0.6306337420134692,0,0,0,0,0.0,0,0,17.13173212071765,0.5495313637352824,0,0,0,1,33.96666666666667,1,0,13.7634759975021,0.6145666662467086,0,0,0,1,15.066666666666666,1,0,6.330395434707662,1.3538410452898249,0.2687288643185314,0.2198429342958532,0.0888724446181364,0.0857383446378012,0.1128277974907569,0.1615962973911011,0.1066863496457509,0.1038318023287913,0.3905930470347648,0.2250580046403712,0.2961460446247465,0.2883295194508009,0.6094069529652352,0.7749419953596288,0.7038539553752535,0.7116704805491991,0.1730531520395549,0.1707674078204502,0.1826894279724468,0.1451679800912484,1,1,0,0,2,1,3,2,0.0,1090.0,0,-1
a7948fe1-0991-4cf5-b08b-116a4896707c,2024-06-04 23:00:00+00:00,2024-06-04,2024,0,a015b02d-845c-40c1-8ef4-844984f47e4d,5c0d47fe-8539-47b0-9f36-d0b3609ca89b,a015b02d-845c-40c1-8ef4-844984f47e4d,5c0d47fe-8539-47b0-9f36-d0b3609ca89b,1637.2987382585843,1381.3836717397392,0.8343916331899804,1.6170771114093083,1,34.81832705860109,0.6760260692855585,0,0,0,1,35.25,1,0,31.85608257209168,0.5457719652318176,0,0,0,1,30.433333333333334,1,0,17.1426814270741,0.6986086937484264,0,0,0,1,27.3,1,0,22.68762377809401,0.3781836887052144,0,0,0,1,32.333333333333336,1,0,24.554553938442343,0.3058744243434276,0,0,0,1,32.21666666666667,1,0,13.416534708479883,0.4140064790919558,0,0,0,1,12.7,1,0,14.341298709217329,0.3843211273400535,0,0,0,1,2.9,1,0,25.62554082245375,0.4034795349678788,0,0,0,1,32.333333333333336,3,0,25.71353558381587,0.3461197504119158,0,0,0,1,28.78333333333333,3,0,16.042479644532254,0.5410453818071075,0,0,0,0,0.0,17,0,16.435239602652857,0.4515010917308396,0,0,0,1,18.883333333333333,3,0,13.612602786003505,0.5354347954856843,0,0,0,1,23.25,3,0,20.28242286682853,0.3151952320188391,0,0,0,1,14.766666666666667,3,0,15.565665050377389,0.3731159869781379,0,0,0,1,21.933333333333334,3,0,5.741743314520798,-5.874290117259113,0.2590611471008024,0.2570075877708312,0.0947033378296812,0.111862373828584,0.158742994963058,0.11301234761723,0.1750884532232219,0.1266595941407171,0.2587800369685767,0.3843283582089552,0.3173652694610778,0.3908730158730158,0.7412199630314233,0.6156716417910447,0.6826347305389222,0.6091269841269841,0.1531477328665973,0.1877519465459164,0.203310234236298,0.2047054970249467,1,3,0,0,2,1,3,2,866.0,113.0,0,0
84ba331a-5bb3-44ab-80fa-7a39323923fb,2024-06-05 00:00:00+00:00,2024-06-05,2024,0,3c409388-ab73-4c7f-953d-3a71062240f6,08ed8274-e29f-4248-bc2e-83cc8ed18d75,3c409388-ab73-4c7f-953d-3a71062240f6,08ed8274-e29f-4248-bc2e-83cc8ed18d75,1512.7221078052328,1629.0412041023487,0.3715261951987528,-0.5256749745985676,0,31.61565901848428,0.4989344715052374,0,0,0,1,37.8,3,0,29.71521865819089,0.5214372080904912,0,0,0,1,21.9,3,0,25.81183724112965,0.359160673556462,0,0,0,1,34.733333333333334,3,0,17.036119401366495,0.4024191362949708,0,0,0,0,0.0,4,0,14.341356947004869,0.4466928360737265,0,0,0,1,29.53333333333333,3,0,9.48242674167092,0.560734035715364,0,0,0,1,29.7,3,0,15.20934245150423,0.3181319506543216,0,0,0,1,9.316666666666666,3,0,33.17056049254968,0.7328297985577261,0,0,0,1,24.066666666666663,2,0,28.06675706378733,0.708000654536783,0,0,0,1,29.4,2,0,30.770188003237543,0.5271967722884195,0,0,0,1,27.45,2,0,31.71910467756946,0.3916037593654156,0,0,0,1,25.433333333333334,2,0,25.25179887263276,0.461992918229974,4,4,0,1,23.33333333333333,2,1,15.974787057577077,0.3857881646583924,0,0,0,1,19.633333333333333,2,0,7.80050911508109,0.477971874010107,0,0,0,0,0.0,4,0,0.74216410092276,6.589416830834895,0.2281890973318512,0.3093216747827851,0.0938888000821612,0.1074325854782352,0.1631722721544229,0.1481462230618668,0.1323949819101175,0.174317985690611,0.2326043737574552,0.4118616144975288,0.281183932346723,0.3549920760697306,0.7673956262425448,0.5881383855024712,0.718816067653277,0.6450079239302694,0.1609921888975016,0.1690750741984138,0.1911175828176192,0.1613691931540342,2,1,0,0,1,2,3,3,163.5,712.5,-1,-1
1989facb-abb4-415a-9657-8a1a45b81417,2024-06-05 02:00:00+00:00,2024-06-05,2024,0,d6a012ed-84aa-48d3-8265-2d3f3ff2199a,0699edf3-5993-4182-b9b4-ec935cbd4fcc,d6a012ed-84aa-48d3-8265-2d3f3ff2199a,0699edf3-5993-4182-b9b4-ec935cbd4fcc,1509.3914066658128,1415.9450866744628,0.6641474194664767,0.6818318268302133,1,26.312139863913927,0.7587964657732188,0,0,0,1,27.633333333333333,5,0,31.60710037490922,0.6232244238258943,0,0,0,1,27.566666666666663,5,0,33.70238374696692,0.4872489094749341,0,0,0,1,26.98333333333333,5,0,19.39597393885078,0.4109405183041665,0,0,0,1,16.583333333333332,5,0,20.645537777634964,0.3775121607813533,0,0,0,1,18.666666666666668,5,0,18.15592256385682,0.401038752547832,0,0,0,1,19.53333333333333,5,0,16.974030209176156,0.4132910054158769,0,0,0,1,31.03333333333333,5,0,30.20126155368471,0.5131026335683166,0,0,0,1,29.183333333333334,2,0,31.75206724067068,0.4740054367450051,0,0,0,1,35.266666666666666,2,0,23.50247685908772,0.506203148896135,0,0,0,1,28.73333333333333,2,0,25.437075950699988,0.4298722723466645,0,0,0,1,31.516666666666666,2,0,13.612274488846865,0.5943929409303015,0,0,0,1,26.35,2,0,8.818271607425197,0.7181213129632431,0,0,0,0,0.0,0,0,20.488506071817795,0.2921520511895673,0,0,0,1,24.683333333333334,2,0,4.252289187854815,-3.536659763191345,0.275972854532019,0.27893902353062,0.1002365074783399,0.1089813996154037,0.1405755346135514,0.1352809414872965,0.1409254015537684,0.1671168106230884,0.2591304347826087,0.4462540716612377,0.3267504488330341,0.396551724137931,0.7408695652173913,0.5537459283387622,0.6732495511669659,0.603448275862069,0.1708605156881019,0.1649764665922655,0.1882845188284519,0.1429875997308468,4,1,0,0,0,2,2,4,0.0,1116.2,0,0
01de0404-f75e-4fd1-855d-91cdb34e32a6,2024-06-06 00:00:00+00:00,2024-06-06,2024,0,5f0b5caf-708b-4300-92f2-53b51d83ec06,171b097d-01db-4ae8-9d56-035689402ec6,5f0b5caf-708b-4300-92f2-53b51d83ec06,FR_LVA_ACES,1530.3287406631791,1647.4823793112748,0.3704051789569295,-0.5304789865406628,0,37.69936956051348,0.4964614630064883,0,0,0,1,39.583333333333336,3,0,24.82700602511233,0.6576594272791088,0,0,0,1,27.916666666666668,3,0,23.626478762663485,0.5348583058779148,0,0,0,1,39.56666666666667,3,0,18.10225579470389,0.5550520779233544,0,0,0,0,0.0,20,0,15.736413043478269,0.6306337420134692,0,0,0,0,0.0,0,0,19.028408697733536,0.5171788534894967,0,0,0,1,37.25,3,0,13.605078303610393,0.5924677772276437,0,0,0,1,12.083333333333334,3,0,31.831025557640952,0.9526218479063918,0,0,0,1,35.2,5,0,33.88079282575392,0.6270688799157994,0,0,0,1,36.11666666666667,5,0,34.34020180402546,0.4130395346192797,0,0,0,1,39.15,5,0,24.3633242114904,0.4532271672642902,0,0,0,0,0.0,0,0,17.627525145478206,0.6000375806417939,0,0,0,0,0.0,0,0,26.919159719008345,0.3731439668889336,0,0,0,1,35.43333333333333,5,0,22.142808402574435,0.3793860306706809,0,0,0,1,22.383333333333333,5,0,-0.7391427060377767,2.52603390113602,0.2455299132984307,0.2167951356074531,0.1066124372367924,0.0607687863290306,0.1765300180400979,0.0865044704280758,0.1143485927847478,0.1138458356014198,0.2177419354838709,0.3990825688073394,0.2854330708661417,0.3605769230769231,0.782258064516129,0.6009174311926605,0.7145669291338582,0.6394230769230769,0.1872102698205159,0.1229034123770966,0.1472951258703803,0.1556708673091178,2,4,0,0,1,0,2,2,870.8,1054.3,0,2
c691e5b8-9824-43ab-857f-602cdbc76f1c,2024-06-06 02:00:00+00:00,2024-06-06,2024,0,0a5ad38d-2fe3-43ba-894b-1ba3d5042ea9,6f017f37-be96-4bdc-b6d3-0a0429c72e89,0a5ad38d-2fe3-43ba-894b-1ba3d5042ea9,6f017f37-be96-4bdc-b6d3-0a0429c72e89,1409.6158877839705,1561.1611288762706,0.3255343055130358,-0.7284529643211695,0,31.39794665735864,0.6059483150948851,0,0,0,1,34.03333333333333,3,0,24.922532074311203,0.3041847412684703,0,0,0,1,34.483333333333334,3,0,13.477316123728505,0.5088067065594658,0,0,0,1,25.666666666666668,3,0,13.1996627816186,0.443219877564271,0,0,0,0,0.0,9,0,17.585977547080358,0.3131167219179507,0,0,0,1,12.383333333333333,3,0,13.504345256881004,0.3907226207240453,0,0,0,1,26.766666666666666,3,0,16.231915788912367,0.3165588921520962,0,0,0,1,22.5,3,0,32.93761639445611,0.7557519761162843,0,0,0,1,36.96666666666667,3,0,28.453922253730887,0.5270907873980659,0,0,0,1,18.566666666666663,3,0,32.04854717659615,0.4649144281712355,0,0,0,1,33.11666666666667,3,0,26.70587579779877,0.5417606288371524,0,0,0,1,27.08333333333333,3,0,17.695402808211195,0.5087424141738597,0,0,0,1,15.116666666666667,3,0,21.327375464646543,0.3095074838487912,0,0,0,1,23.366666666666667,3,0,20.02980806433045,0.3125149178203207,0,0,0,1,6.883333333333333,3,0,-5.546248253167335,7.698937527771485,0.2708487753341619,0.2911961774094015,0.1193345281824856,0.0974338023540805,0.1045652714920374,0.1283786772119581,0.1968338449444185,0.1192015586761685,0.3552894211576846,0.375,0.3369175627240143,0.2813620071684587,0.6447105788423154,0.625,0.6630824372759857,0.7186379928315412,0.202148870181657,0.1714640600529243,0.144206998846344,0.1955773443204339,2,2,0,0,1,1,2,3,358.3,1522.4,0,-2
ba4ebaed-4979-48d8-8746-3435780dfd26,2024-06-06 23:00:00+00:00,2024-06-06,2024,0,5c0d47fe-8539-47b0-9f36-d0b3609ca89b,3c409388-ab73-4c7f-953d-3a71062240f6,5c0d47fe-8539-47b0-9f36-d0b3609ca89b,3c409388-ab73-4c7f-953d-3a71062240f6,1374.1719341137978,1497.9495376798232,0.3615577157013572,-0.568609593732014,0,26.187219669455416,0.3767488654142489,0,0,0,1,31.58333333333333,1,0,26.24963461226739,0.3391336094718739,0,0,0,1,31.4,1,0,14.530053447524889,0.5410453818071075,0,0,0,0,0.0,19,0,16.93315319370551,0.4554134561223657,0,0,0,1,21.716666666666665,1,0,12.329256475508158,0.5354347954856843,0,0,0,0,0.0,5,0,19.938400076837667,0.3209639664087936,0,0,0,1,16.633333333333333,1,0,16.587086449565298,0.3653166654396981,0,0,0,1,26.4,1,0,31.904868112119978,0.4958418852767224,0,0,0,1,34.68333333333333,0,0,29.581797028831303,0.5246330107149331,0,0,0,1,28.3,0,0,25.809149997148456,0.3379039587686833,0,0,0,1,25.78333333333333,0,0,15.255080966748658,0.4554147904924684,0,0,0,1,24.03333333333333,0,0,15.430016489043094,0.4024191362949708,0,0,0,0,0.0,5,0,11.052213201816812,0.5486897016860435,0,0,0,1,26.133333333333333,0,0,15.115756615935794,0.3388515424891279,0,0,0,1,14.216666666666669,0,0,-7.064365552560378,-0.7859755056232972,0.2666584122945833,0.2385263788048334,0.1228002825960185,0.0962180878986062,0.1346103882375022,0.1735007161699968,0.1368146079074564,0.1555853951810638,0.3916666666666666,0.2149046793760831,0.3778966131907308,0.2994555353901996,0.6083333333333333,0.7850953206239168,0.6221033868092691,0.7005444646098004,0.18843292773043,0.1538140674696282,0.2020474137931034,0.1818037050798874,1,1,0,0,1,1,2,3,315.9,593.7,0,1
357089ac-922e-4a61-b8bd-309be7b84f30,2024-06-06 23:30:00+00:00,2024-06-06,2024,0,5d70a9af-8c2b-4aec-9e68-9acc6ddb93e4,08ed8274-e29f-4248-bc2e-83cc8ed18d75,5d70a9af-8c2b-4aec-9e68-9acc6ddb93e4,08ed8274-e29f-4248-bc2e-83cc8ed18d75,1473.7940954464486,1643.8137742277584,0.3026310136071665,-0.8348003763815716,0,32.48865517711846,0.5045731795311461,0,0,0,1,32.333333333333336,3,0,31.719797895202685,0.4801927973214227,0,0,0,1,29.766666666666666,3,0,24.727090956350303,0.548327294805694,0,0,0,1,13.216666666666669,3,0,15.37737284135606,0.5275125605340046,0,0,0,1,30.966666666666665,3,0,15.466875000000003,0.4695518648725098,0,0,0,0,0.0,0,0,13.998707400390888,0.4716270895562633,0,0,0,1,13.616666666666667,3,0,18.146953653562328,0.3449822751107588,0,0,0,1,17.516666666666666,3,0,33.671429248577,0.7554368677203002,0,0,0,1,38.48333333333333,0,0,27.79963225689244,0.6967572315514312,0,0,0,1,25.23333333333333,0,0,31.388937295862423,0.5447922887908149,0,0,0,1,37.333333333333336,0,0,31.68902065785197,0.3973415394077032,0,0,0,1,31.4,0,0,25.6318771689814,0.4554560135625865,5,5,0,1,29.28333333333333,0,1,16.088724372022877,0.3736809865787258,0,0,0,1,17.183333333333334,0,0,7.065105698835249,0.477971874010107,0,0,0,0,0.0,5,0,-0.4455209607900585,7.426361851982228,0.2233356727889688,0.3272981285885592,0.0843185953963592,0.1096089299628595,0.1013006449547813,0.1577486239324754,0.1557480220807905,0.1723879763985101,0.2958963282937365,0.4116788321167883,0.3444676409185804,0.3276595744680851,0.7041036717062635,0.5883211678832116,0.6555323590814196,0.6723404255319149,0.1542515585834565,0.1636839807944129,0.1497761241092262,0.15530667599965,3,1,0,0,1,2,2,3,0.0,592.7,0,1
30d41dd2-d0ff-4746-97df-5cfc93876611,2024-06-07 23:30:00+00:00,2024-06-07,2024,0,5c0d47fe-8539-47b0-9f36-d0b3609ca89b,f073a15f-0486-4179-b0a3-dfd0294eb595,5c0d47fe-8539-47b0-9f36-d0b3609ca89b,f073a15f-0486-4179-b0a3-dfd0294eb595,1364.3429480694472,1351.8355526726784,0.5537687644230619,0.2159099237940829,0,26.25284671494165,0.3614587209872082,0,0,0,1,26.883333333333333,0,0,26.44922063699201,0.3263291514000635,0,0,0,1,28.366666666666667,0,0,16.499499032223515,0.4440310298160164,0,0,0,1,12.333333333333334,0,0,13.160213250442652,0.5410453818071075,0,0,0,0,0.0,20,0,14.748499783134973,0.4739272656498426,0,0,0,1,35.666666666666664,0,0,20.84926031494153,0.3164742639033322,0,0,0,1,29.6,0,0,17.12882155000189,0.3700648353073563,0,0,0,1,22.33333333333333,0,0,28.80407694364022,0.5235331786926809,0,0,0,1,25.916666666666668,4,0,24.5362061931928,0.6080659826632125,0,0,0,1,31.05,4,0,22.077988913327367,0.461104067540606,0,0,0,1,28.83333333333333,4,0,31.410968994478257,0.3137362384026141,0,0,0,1,30.066666666666663,4,0,18.714796369400403,0.3448354835178945,0,0,0,1,19.766666666666666,4,0,19.09912121320729,0.3208158404407608,0,0,0,1,17.966666666666665,4,0,10.116186953205716,0.5201046350014426,0,0,0,0,0.0,9,0,-7.342989334821168,-9.903094072582462,0.2842377989206629,0.3093858296833084,0.1364194700064249,0.117100824573222,0.1413296479104767,0.1593803458001581,0.1533775829163002,0.1625867061178717,0.3795180722891566,0.356,0.353125,0.3386034255599473,0.6204819277108434,0.644,0.646875,0.6613965744400527,0.1947708966063647,0.166653280860975,0.1938322153497691,0.1450369546213144,0,4,1,0,2,0,3,2,0.0,491.6,0,0
730a6d47-dd4c-466c-9b51-0d117efcb7fa,2024-06-08 02:00:00+00:00,2024-06-08,2024,0,171b097d-01db-4ae8-9d56-035689402ec6,d6a012ed-84aa-48d3-8265-2d3f3ff2199a,FR_LVA_ACES,d6a012ed-84aa-48d3-8265-2d3f3ff2199a,1663.1211453982196,1526.571240681878,0.7170663599659507,0.9299560059361422,0,31.993084169290555,0.9895356174140356,0,0,0,1,33.55,1,0,34.02873192815263,0.6265010050876642,0,0,0,1,35.45,1,0,34.578387653641265,0.4149345779281732,0,0,0,1,36.86666666666667,1,0,24.002246705595084,0.504206851581178,0,0,0,1,20.53333333333333,1,0,27.16718570060716,0.3650609820995244,0,0,0,1,29.55,1,0,15.965666666666676,0.6000375806417939,0,0,0,0,0.0,0,0,22.179625662059976,0.3713653712346522,0,0,0,1,22.53333333333333,1,0,31.5090120973198,0.6460483870748643,0,0,0,1,30.566666666666663,2,0,23.83152773216853,0.7587964657732188,19,2,1,0,0.0,8,1,33.68173247662807,0.4843790779496624,0,0,0,1,33.483333333333334,2,0,18.893546377217547,0.4209258479785674,0,0,0,1,14.066666666666666,2,0,18.30263233524924,0.4229350158433536,0,0,0,1,31.066666666666663,2,0,18.813727284128618,0.3977168856533287,0,0,0,1,25.133333333333333,2,0,20.26885311666441,0.353695300771515,0,0,0,1,16.65,2,0,3.723809547313853,6.1671486180676585,0.2482084692718243,0.2936775036463565,0.0706042172171927,0.1073767344723121,0.1005318131633475,0.1471702379446946,0.1300489633067024,0.1563322689158656,0.3992094861660079,0.2670807453416149,0.3571428571428571,0.328,0.6007905138339921,0.7329192546583851,0.6428571428571429,0.672,0.1269192669638434,0.1697851697851698,0.1537785588752196,0.1878032848077641,1,2,0,0,1,1,2,1,1054.3,877.2,-2,0
7ab782a0-2010-4512-ad28-25e4c5359e43,2024-06-08 02:00:00+00:00,2024-06-08,2024,0,0a5ad38d-2fe3-43ba-894b-1ba3d5042ea9,5f0b5caf-708b-4300-92f2-53b51d83ec06,0a5ad38d-2fe3-43ba-894b-1ba3d5042ea9,5f0b5caf-708b-4300-92f2-53b51d83ec06,1388.332106748975,1514.6899745762344,0.3581361958351526,-0.5834627887917687,1,31.91508881326512,0.6010701747583457,0,0,0,1,36.88333333333333,1,0,24.30132656157493,0.2903030944299655,0,0,0,1,18.33333333333333,1,0,13.688433887345344,0.5088156843404609,0,0,0,1,15.716666666666669,1,0,14.030897600071832,0.4219128496109931,0,0,0,1,22.016666666666666,1,0,17.805706377014936,0.3124992857245477,0,0,0,1,19.916666666666668,1,0,13.573071581524234,0.3752034765866407,0,0,0,1,14.233333333333333,1,0,16.39703301734428,0.2973600250489479,0,0,0,1,17.983333333333334,1,0,37.657004644956935,0.5129159484549412,0,0,0,1,37.25,1,0,25.0790061025094,0.6878165511561278,0,0,0,1,27.5,1,0,24.52746399274897,0.5140470391693366,0,0,0,1,33.18333333333333,1,0,20.73998846794281,0.4987205280784823,0,0,0,1,37.18333333333333,1,0,16.395641449821746,0.5550520779233544,0,0,0,0,0.0,22,0,14.252841684109471,0.6306337420134692,0,0,0,0,0.0,0,0,13.681591880605392,0.5749974542615661,0,0,0,1,14.416666666666666,1,0,-8.062889088864686,-2.1053799064485603,0.2722502411816468,0.2612393911367682,0.1260586220082532,0.1123342168262902,0.1274153573303875,0.1937302019791666,0.2003156952325199,0.1315963262738562,0.356401384083045,0.2333333333333333,0.3386837881219903,0.2993079584775086,0.643598615916955,0.7666666666666667,0.6613162118780096,0.7006920415224913,0.1968025657223383,0.1816483288353747,0.1461629163800727,0.1477278669664801,1,1,0,0,1,1,2,3,0.0,1221.9,0,-2
ecd1758d-4ac8-4165-aae1-77f6f5e33c54,2024-06-08 02:00:00+00:00,2024-06-08,2024,0,0699edf3-5993-4182-b9b4-ec935cbd4fcc,6f017f37-be96-4bdc-b6d3-0a0429c72e89,0699edf3-5993-4182-b9b4-ec935cbd4fcc,6f017f37-be96-4bdc-b6d3-0a0429c72e89,1398.7652526583977,1582.4449099112658,0.2862977442774175,-0.9134335333796464,1,30.274992415352585,0.4958545064688552,0,0,0,1,30.98333333333333,2,0,32.215397666164286,0.4628192159106087,0,0,0,1,36.66666666666666,2,0,24.269024213875685,0.4737934049826024,0,0,0,1,31.633333333333333,2,0,25.45872092212036,0.4178851603591332,0,0,0,1,25.666666666666668,2,0,14.420322510083482,0.5778788800431327,0,0,0,1,22.183333333333334,2,0,20.54144166190488,0.2980563145311041,0,0,0,1,21.05,2,0,7.98691727275152,0.7181213129632431,25,2,1,0,0.0,0,1,32.87593298491926,0.7700174143077619,0,0,0,1,32.28333333333333,1,0,26.72889093304681,0.5500512057249435,0,0,0,1,26.95,1,0,31.492453762620187,0.4623188181327159,0,0,0,1,26.15,1,0,27.75747886583649,0.521758013551441,0,0,0,1,21.066666666666663,1,0,17.02647423088146,0.5071070858324579,0,0,0,1,10.6,1,0,22.33669394305133,0.3349393833210372,0,0,0,1,32.03333333333333,1,0,19.733169956205828,0.2978801008141614,0,0,0,1,16.883333333333333,1,0,-5.51898611330639,10.012630706680769,0.2873020920483835,0.3166830573516151,0.1166182720633444,0.1045347330222175,0.1301711772507908,0.1310062833965325,0.1749307340116644,0.1311701551528791,0.4354838709677419,0.3728,0.3903818953323903,0.2913385826771653,0.5645161290322581,0.6272,0.6096181046676096,0.7086614173228346,0.1668775358841237,0.1705535126766015,0.1447897307343216,0.1912706825828455,2,1,0,0,1,1,3,3,1116.2,358.3,0,0
92a51c0b-e6e6-4261-812d-d4acdd23f310,2024-06-08 17:00:00+00:00,2024-06-08,2024,0,a015b02d-845c-40c1-8ef4-844984f47e4d,08ed8274-e29f-4248-bc2e-83cc8ed18d75,a015b02d-845c-40c1-8ef4-844984f47e4d,08ed8274-e29f-4248-bc2e-83cc8ed18d75,1644.5104758845257,1658.2762231910372,0.5161617570554058,0.0646695569573872,0,34.57462332228205,0.6523927632808763,0,0,0,1,32.233333333333334,3,0,32.04877561774202,0.5558237257889098,0,0,0,1,33.9,3,0,17.57861381196067,0.6952605761650301,0,0,0,1,21.766666666666666,3,0,23.28744529486977,0.3711442760853586,0,0,0,1,29.05,3,0,25.41675308179809,0.3262982314308602,0,0,0,1,33.7,3,0,13.704089973009289,0.4146934251756275,0,0,0,1,16.466666666666665,3,0,13.548518518518517,0.3805254093655176,0,0,0,0,0.0,0,0,33.809252208885454,0.7641325183474529,0,0,0,1,35.13333333333333,1,0,28.38732275245342,0.6759474380564117,0,0,0,1,34.03333333333333,1,0,31.36326861861329,0.5329790109246361,0,0,0,1,31.116666666666667,1,0,31.980741118518097,0.3937428769766654,0,0,0,1,34.78333333333333,1,0,23.2153977114522,0.4554560135625865,7,7,0,0,0.0,2,1,17.052977293682105,0.3619225385206698,0,0,0,1,26.316666666666663,1,0,8.525042177293187,0.3848166735712219,0,0,0,1,21.666666666666668,1,0,6.944314776697767,8.288126058698435,0.2842569354921777,0.339120812320586,0.103933054106292,0.11523126121181,0.1626325542213864,0.1701671799401061,0.2032389670881014,0.1726979286393635,0.2591973244147157,0.4123847167325428,0.3327433628318584,0.3276983094928478,0.7408026755852842,0.5876152832674572,0.6672566371681415,0.6723016905071522,0.1557899901864573,0.1623569476893834,0.2022797821993791,0.1560312062412482,3,1,0,0,1,2,2,3,0.0,866.0,0,0
d7517dc7-2fec-4265-9916-3ce3c2a61353,2024-06-08 21:00:00+00:00,2024-06-08,2024,0,3c409388-ab73-4c7f-953d-3a71062240f6,5d70a9af-8c2b-4aec-9e68-9acc6ddb93e4,3c409388-ab73-4c7f-953d-3a71062240f6,5d70a9af-8c2b-4aec-9e68-9acc6ddb93e4,1507.7785237241735,1459.3316464831698,0.6041516864561679,0.4227942116552478,0,31.929549520543645,0.4827385251994889,0,0,0,1,32.166666666666664,1,0,27.729411868776097,0.5215969075198915,0,0,0,1,9.933333333333334,1,0,24.63768953355548,0.3291417016729807,0,0,0,1,13.383333333333333,1,0,17.13384357749439,0.4651273994663532,0,0,0,1,35.18333333333333,1,0,12.568282282348113,0.5702092763534727,0,0,0,1,27.133333333333333,1,0,14.292728071086792,0.400755829354461,0,0,0,1,3.3666666666666667,1,0,16.200020273149107,0.3284754448058229,0,0,0,1,26.616666666666667,1,0,32.4457291021058,0.5138297275384295,0,0,0,1,32.03333333333333,1,0,31.783924857202955,0.4714893811782166,0,0,0,1,32.4,1,0,24.432280279472124,0.5277648424237119,0,0,0,1,21.6,1,0,15.737756122758285,0.5271786281611563,0,0,0,1,19.2,1,0,14.237662645810378,0.4686776859914057,0,0,0,1,16.533333333333335,1,0,14.008714699711817,0.4695518648725098,0,0,0,0,0.0,0,0,17.655432633851902,0.3239119834958968,0,0,0,1,12.933333333333334,1,0,0.2327496658816551,-1.965413267084546,0.252436811656877,0.2368974959473664,0.1009673911626492,0.0931872460195933,0.1863244749868828,0.1082487500945579,0.1671715436748354,0.1661068209407692,0.2103658536585365,0.2998102466793169,0.2959349593495935,0.3544303797468354,0.7896341463414634,0.7001897533206831,0.7040650406504065,0.6455696202531646,0.1507757469729754,0.1554023508137432,0.1893315772143562,0.1497252747252747,1,1,0,0,2,1,3,2,593.7,592.7,-1,-1
a80ac197-ce96-4d87-b6b4-efc97b29b95e,2024-06-09 19:00:00+00:00,2024-06-09,2024,0,08ed8274-e29f-4248-bc2e-83cc8ed18d75,5c0d47fe-8539-47b0-9f36-d0b3609ca89b,08ed8274-e29f-4248-bc2e-83cc8ed18d75,5c0d47fe-8539-47b0-9f36-d0b3609ca89b,1671.917933178776,1357.1744615504188,0.8760690800384142,1.9557206330337509,1,34.24047981665803,0.7453905410340516,0,0,0,1,38.38333333333333,0,0,29.24957511662232,0.6890936974177813,0,0,0,1,37.53333333333333,0,0,31.62756271419348,0.5437405433308347,0,0,0,1,34.166666666666664,0,0,32.42722682551649,0.4021141208198079,0,0,0,1,36.71666666666667,0,0,21.0267350825604,0.4554560135625865,8,8,0,0,0.0,3,1,18.31285695968246,0.3450676770124075,0,0,0,1,30.416666666666668,0,0,9.320887601811387,0.3863927906118565,0,0,0,1,16.966666666666665,0,0,27.03350065143537,0.3604953848839764,0,0,0,1,34.53333333333333,1,0,26.93638851378376,0.3235292647393267,0,0,0,1,31.616666666666667,1,0,16.12036190304397,0.4742094596305054,0,0,0,1,29.3,1,0,16.524686617826095,0.4546585413503239,0,0,0,1,16.766666666666666,1,0,18.31870000693906,0.401177491741029,0,0,0,1,29.75,1,0,11.919516567685337,0.5410453818071075,0,0,0,0,0.0,22,0,16.46783362240619,0.3886522132872063,0,0,0,1,28.683333333333334,1,0,8.66786803632005,-7.38656043055061,0.3629299100736756,0.3065431589566122,0.1189239851969782,0.1404497067523705,0.1541244417528084,0.1529611072106295,0.1768431401475179,0.155939822589465,0.4126984126984127,0.3885869565217391,0.319047619047619,0.3717948717948718,0.5873015873015873,0.6114130434782609,0.680952380952381,0.6282051282051282,0.1617884983085747,0.1917162599352957,0.1548640129022798,0.1924611088950937,0,1,1,0,2,2,4,3,113.0,203.3,0,0
16e93da7-6365-4beb-a2ab-0b520b5b680c,2024-06-09 20:00:00+00:00,2024-06-09,2024,0,5f0b5caf-708b-4300-92f2-53b51d83ec06,0699edf3-5993-4182-b9b4-ec935cbd4fcc,5f0b5caf-708b-4300-92f2-53b51d83ec06,0699edf3-5993-4182-b9b4-ec935cbd4fcc,1495.6908975901551,1405.5205358963617,0.6599281159624533,0.6629738949771528,0,37.7239089799748,0.4933461923186893,0,0,0,1,38.36666666666667,0,0,25.541368103082213,0.6632617337907338,0,0,0,1,29.98333333333333,0,0,25.72846934104537,0.5038981407122609,0,0,0,1,37.266666666666666,0,0,22.192787888836108,0.5173507545741887,0,0,0,1,36.15,0,0,14.849920451889744,0.5550520779233544,0,0,0,0,0.0,23,0,12.909135996304984,0.6306337420134692,0,0,0,0,0.0,0,0,13.334504888426164,0.5759236459910877,0,0,0,1,10.0,0,0,30.39833800299341,0.5251501925980272,0,0,0,1,31.58333333333333,0,0,32.33964781160089,0.4656960457644427,0,0,0,1,33.53333333333333,0,0,24.892597041083977,0.4508418245029204,0,0,0,1,30.883333333333333,0,0,25.162499560232177,0.4126257388945088,0,0,0,1,22.316666666666663,0,0,14.723233397179886,0.5773946094717561,0,0,0,1,17.633333333333333,0,0,9.251453563201592,0.6926382552187075,26,3,0,1,21.4,0,1,19.96873413493258,0.2788029906361881,0,0,0,1,14.466666666666669,0,0,-3.044053417075358,-4.672753058795343,0.2753543982080382,0.3053342642344499,0.1175090320205875,0.1217356071638612,0.1983981100806937,0.1420725350606438,0.1359788433373738,0.1826813917335577,0.2332814930015552,0.4295212765957447,0.2978395061728395,0.3979460847240051,0.7667185069984448,0.5704787234042553,0.7021604938271605,0.6020539152759948,0.1783563420735661,0.1655497838930964,0.1484477276977744,0.1456234256926952,1,1,0,0,2,1,3,3,1221.9,866.9,2,2
c93a3c54-4270-49d1-a97e-b51216361e96,2024-06-09 23:00:00+00:00,2024-06-09,2024,0,6f017f37-be96-4bdc-b6d3-0a0429c72e89,d6a012ed-84aa-48d3-8265-2d3f3ff2199a,6f017f37-be96-4bdc-b6d3-0a0429c72e89,d6a012ed-84aa-48d3-8265-2d3f3ff2199a,1575.6896266733015,1553.6645365479346,0.5672642988070591,0.2706981787984297,1,33.54756391863944,0.7584802447403993,0,0,0,1,40.0,0,0,31.804277102158057,0.4850152406578984,0,0,0,1,34.8,0,0,26.91786241773988,0.5573331490276441,0,0,0,1,28.73333333333333,0,0,27.34824299758023,0.5068816275142859,0,0,0,1,23.416666666666668,0,0,16.1252106033851,0.4958526950917685,0,0,0,1,7.466666666666667,0,0,23.3294211868348,0.3139621084662252,0,0,0,1,32.86666666666667,0,0,19.436214901234056,0.3077904640510541,0,0,0,1,16.583333333333332,0,0,31.98425796527446,0.6659149086672743,0,0,0,1,36.55,0,0,24.246513834868963,0.7443451084423206,20,3,0,1,28.23333333333333,0,1,33.91286042208571,0.4934792687776891,0,0,0,1,36.13333333333333,0,0,19.76366737223696,0.430898894743815,0,0,0,1,33.8,0,0,18.72917121358753,0.3996667580811517,0,0,0,1,17.15,0,0,20.344068054759223,0.3400817387277187,0,0,0,1,21.066666666666663,0,0,17.838244323475067,0.3786196510663809,0,0,0,1,8.466666666666667,0,0,8.742753305806078,6.78213414383021,0.3333108102069033,0.3039630777192701,0.1104222901702896,0.111074041425612,0.1369870007659658,0.1477996188335665,0.1332072426379228,0.1704004935867523,0.3830703012912482,0.2681564245810056,0.2992907801418439,0.3338150289017341,0.6169296987087518,0.7318435754189944,0.700709219858156,0.6661849710982659,0.1689262827499019,0.166583374979177,0.1875390706397166,0.1848643623764049,1,1,0,0,2,1,3,2,1278.1,1298.0,2,2
83587e0f-dcc8-4e35-aba1-d57f39ebf31e,2024-06-10 01:00:00+00:00,2024-06-10,2024,0,0a5ad38d-2fe3-43ba-894b-1ba3d5042ea9,171b097d-01db-4ae8-9d56-035689402ec6,0a5ad38d-2fe3-43ba-894b-1ba3d5042ea9,FR_LVA_ACES,1407.3311837350543,1636.027849532163,0.2363903499693093,-1.17257226539253,1,31.84453031570008,0.6171913036692533,0,0,0,1,31.166666666666668,1,0,14.81769778237372,0.5241187561757488,0,0,0,1,25.666666666666668,1,0,23.454285748847948,0.2724479793845618,0,0,0,1,15.316666666666666,1,0,18.65365542232448,0.3360083900825745,0,0,0,1,26.8,1,0,14.599927791019653,0.4134173521121909,0,0,0,1,20.066666666666663,1,0,16.728851180935848,0.3165665335323834,0,0,0,1,19.916666666666668,1,0,14.56236927484974,0.3568206559202164,0,0,0,1,24.066666666666663,1,0,32.370841511412785,0.9712250916488508,0,0,0,1,36.0,1,0,33.419512094012234,0.5818794914100246,0,0,0,1,27.566666666666663,1,0,35.089517399437526,0.4024320469540233,0,0,0,1,40.0,1,0,23.92032873678616,0.4594702672442868,0,0,0,1,23.133333333333333,1,0,26.90159175566579,0.347784626049729,0,0,0,1,24.35,1,0,14.460482115749455,0.6000375806417939,0,0,0,0,0.0,0,0,22.25068245952381,0.381588980743096,0,0,0,1,22.933333333333334,1,0,-6.165588436580829,2.17634072880014,0.2943950563059351,0.2592824667608729,0.1301533169926439,0.0792312440532904,0.1375857715567955,0.0981247673736086,0.2016327374390184,0.1445235038632386,0.3487654320987654,0.3979057591623036,0.3275862068965517,0.3469750889679715,0.6512345679012346,0.6020942408376964,0.6724137931034483,0.6530249110320284,0.1926107511819296,0.1305341020341564,0.1466566690190543,0.1516476310180884,1,1,0,0,2,2,3,2,0.0,224.7,0,0
98e56fea-6489-41a3-8f26-dc9f1593812d,2024-06-10 23:00:00+00:00,2024-06-10,2024,0,a015b02d-845c-40c1-8ef4-844984f47e4d,f073a15f-0486-4179-b0a3-dfd0294eb595,a015b02d-845c-40c1-8ef4-844984f47e4d,f073a15f-0486-4179-b0a3-dfd0294eb595,1630.868765896787,1359.0040391917069,0.8466923522225703,1.708890735867172,1,35.08610795544536,0.6340761788917472,0,0,0,1,40.0,1,0,32.254727714371974,0.5557662294121438,0,0,0,1,34.233333333333334,1,0,19.17390009734436,0.6649009412010547,0,0,0,1,34.5,1,0,23.81814765885008,0.3717351500368042,0,0,0,1,28.916666666666668,1,0,26.643908571727625,0.3035819596848897,0,0,0,1,38.43333333333333,1,0,12.888214081223508,0.4069657432673731,0,0,0,1,5.05,1,0,12.4189134305932,0.3765921139531184,0,0,0,1,1.5666666666666669,1,0,24.96332140582912,0.5999733690096266,0,0,0,1,29.066666666666663,2,0,29.215365917047087,0.5084603091263302,0,0,0,1,33.166666666666664,2,0,23.649765027930385,0.4867267987214627,0,0,0,1,38.75,2,0,31.771327498193827,0.3214657148159495,0,0,0,1,35.233333333333334,2,0,20.048982844839124,0.3388086423721779,0,0,0,1,32.86666666666667,2,0,18.53668859211397,0.3290978454800257,0,0,0,1,13.133333333333333,2,0,9.162469915636208,0.5201046350014426,0,0,0,0,0.0,12,0,5.128514092798162,-8.233625427403968,0.2986211403587829,0.3349591655014395,0.109363159960263,0.123853451887082,0.1738909142994548,0.1582187178297815,0.2066515491403254,0.1731085902500904,0.2556053811659193,0.3719211822660098,0.3408,0.3501805054151624,0.7443946188340808,0.6280788177339901,0.6592,0.6498194945848376,0.1544094939780297,0.167505737765603,0.1979716587941094,0.1464488429631785,1,2,0,0,1,1,2,1,0.0,315.9,0,0
92c2e439-bd89-4a88-b0e1-c9192e749326,2024-06-11 23:30:00+00:00,2024-06-11,2024,0,5d70a9af-8c2b-4aec-9e68-9acc6ddb93e4,5c0d47fe-8539-47b0-9f36-d0b3609ca89b,5d70a9af-8c2b-4aec-9e68-9acc6ddb93e4,5c0d47fe-8539-47b0-9f36-d0b3609ca89b,1477.5915916867325,1355.095620157899,0.7003688828758133,0.8490550632974153,0,32.50112627588896,0.5228268033621608,0,0,0,1,33.03333333333333,2,0,31.74930110073013,0.462829245515868,0,0,0,1,31.416666666666668,2,0,24.45280609694098,0.5529145369575051,0,0,0,1,24.65,2,0,17.2536168914664,0.551771470084941,0,0,0,1,31.816666666666663,2,0,14.626930015136306,0.4838861577428614,0,0,0,1,18.366666666666667,2,0,12.68802440945064,0.4695518648725098,0,0,0,0,0.0,0,0,18.24729010791407,0.3035966260116359,0,0,0,1,23.933333333333334,2,0,28.0328140361004,0.3613003325940866,0,0,0,1,37.63333333333333,1,0,17.284426301155822,0.4987214138792514,0,0,0,1,24.58333333333333,1,0,17.469736402987042,0.4824280211166742,0,0,0,1,30.433333333333334,1,0,26.805684884797618,0.3108979742019375,0,0,0,1,25.55,1,0,18.557341694933644,0.4026270206096742,0,0,0,1,20.85,1,0,17.074234699330635,0.3843674815878444,0,0,0,1,22.9,1,0,20.21058390544108,0.3033408003461878,0,0,0,1,20.55,1,0,-0.4973632232037237,-7.074414151853043,0.2617018359524394,0.3325206632405539,0.1006724646906606,0.1413007509572676,0.1294688998329953,0.1507051829947522,0.1823344626677336,0.1581237013835746,0.292436974789916,0.3910336239103362,0.3376835236541599,0.3754889178617992,0.7075630252100841,0.6089663760896638,0.6623164763458401,0.6245110821382008,0.1550077503875193,0.1878868258178603,0.1588775909268674,0.1949708454810495,2,1,0,0,1,2,2,4,592.7,753.7,1,0
a0ce9fa3-5b06-4cc1-89a6-be761f3e94d8,2024-06-12 02:00:00+00:00,2024-06-12,2024,0,171b097d-01db-4ae8-9d56-035689402ec6,6f017f37-be96-4bdc-b6d3-0a0429c72e89,FR_LVA_ACES,6f017f37-be96-4bdc-b6d3-0a0429c72e89,1623.7711257465676,1600.1563479899637,0.5695092422341144,0.2798491564039363,0,32.8276881506679,0.984132686193668,0,0,0,1,37.21666666666667,1,0,30.268842951700705,0.5818794914100246,0,0,0,0,0.0,3,0,35.47389609260099,0.4029210476954324,0,0,0,1,39.16666666666666,1,0,24.286089927342577,0.4695247219580533,0,0,0,1,27.8,1,0,27.31940011253758,0.3294231947169578,0,0,0,1,31.33333333333333,1,0,21.523119062310432,0.3828676299944223,0,0,0,1,14.533333333333331,1,0,13.097200848899288,0.6000375806417939,0,0,0,0,0.0,0,0,33.72063353231317,0.7513494438861449,0,0,0,1,35.38333333333333,2,0,31.844726951458,0.5110713348964255,0,0,0,1,32.233333333333334,2,0,27.00731220565953,0.5626240156595159,0,0,0,1,27.866666666666667,2,0,27.39711808146056,0.475199157188907,0,0,0,1,27.866666666666667,2,0,15.957850252538094,0.495411795977871,0,0,0,1,14.35,2,0,24.04314761674131,0.3167830444149442,0,0,0,1,30.9,2,0,18.142786165724456,0.2990161063844133,0,0,0,1,5.716666666666667,2,0,2.14473030131019,10.07556095959556,0.2840560587950911,0.3537394730142193,0.0787831868492135,0.1209004865285519,0.1006584658276799,0.1458284457678332,0.1641723583393042,0.1536456694161434,0.3962558502340094,0.3817701453104359,0.3508771929824561,0.2987179487179487,0.6037441497659907,0.618229854689564,0.6491228070175439,0.7012820512820512,0.124390243902439,0.1721735668789809,0.1550763266295129,0.1839699578955354,1,1,0,0,2,2,3,3,224.7,1298.0,0,-2
a4c9f065-c3fb-42d0-93f9-928c06570f36,2024-06-12 02:00:00+00:00,2024-06-12,2024,0,d6a012ed-84aa-48d3-8265-2d3f3ff2199a,0a5ad38d-2fe3-43ba-894b-1ba3d5042ea9,d6a012ed-84aa-48d3-8265-2d3f3ff2199a,0a5ad38d-2fe3-43ba-894b-1ba3d5042ea9,1529.197815231273,1419.58790752065,0.6845749233912962,0.7748769171594608,1,32.19943509429389,0.6425931612417689,0,0,0,1,34.266666666666666,2,0,25.191177127366487,0.7186920118339533,23,6,0,1,34.266666666666666,2,1,34.213332262970944,0.4853714662527013,0,0,0,1,37.1,2,0,21.0288243058515,0.4142477326719514,0,0,0,1,33.18333333333333,2,0,18.89454719052423,0.4158131060105257,0,0,0,1,20.48333333333333,2,0,17.124423726249894,0.3702190058475801,0,0,0,1,10.266666666666667,2,0,19.22902399060987,0.3284675617447655,0,0,0,1,8.516666666666667,2,0,32.195439691979324,0.6191035178259602,0,0,0,1,35.56666666666667,1,0,15.964629324018938,0.5141409052625197,0,0,0,1,26.98333333333333,1,0,18.900000547678268,0.3426355830803159,0,0,0,1,21.266666666666666,1,0,14.74763419127094,0.4242382324456062,0,0,0,1,16.166666666666668,1,0,22.54882888108418,0.2729738449810431,0,0,0,1,13.85,1,0,17.39706445330409,0.3384928829608539,0,0,0,1,23.816666666666663,1,0,15.348410548337572,0.383537561169841,0,0,0,1,22.9,1,0,3.985696988573758,-5.757886352857707,0.3105030512276402,0.3203055602499053,0.1169535857766739,0.1366411052350386,0.1638626282627762,0.1525484182719882,0.1706769909713612,0.2203340760832673,0.270543615676359,0.3520336605890603,0.3364361702127659,0.3324607329842932,0.729456384323641,0.6479663394109397,0.663563829787234,0.6675392670157068,0.1648976497346474,0.1916203335980937,0.186675436220838,0.1402001129669975,1,1,0,0,2,2,3,3,1391.7,961.9,-2,0
0c5c76b4-a9ca-405c-9c26-5b133e561657,2024-06-13 00:00:00+00:00,2024-06-13,2024,0,3c409388-ab73-4c7f-953d-3a71062240f6,a015b02d-845c-40c1-8ef4-844984f47e4d,3c409388-ab73-4c7f-953d-3a71062240f6,a015b02d-845c-40c1-8ef4-844984f47e4d,1489.518578520611,1637.4760080656604,0.3300851726476969,-0.7077998608582405,0,31.966045506580738,0.4650553643345101,0,0,0,1,32.31666666666667,4,0,25.11518452567095,0.5215969075198915,0,0,0,0,0.0,6,0,18.58407977161812,0.4852087163953906,0,0,0,1,32.516666666666666,4,0,25.221792128524577,0.3287985175651978,0,0,0,1,30.83333333333333,4,0,12.821104802246891,0.5537358375555249,0,0,0,1,15.25,4,0,16.295865969869258,0.3328389116554031,0,0,0,1,17.216666666666665,4,0,13.242232498441023,0.4041633707967159,0,0,0,1,3.15,4,0,34.35991858907166,0.6505598241007573,0,0,0,1,27.383333333333333,2,0,31.300519739587767,0.5650918817569549,0,0,0,1,22.133333333333333,2,0,19.14493525528444,0.6660021109589374,0,0,0,1,18.866666666666667,2,0,24.29410353180105,0.4075634598617093,0,0,0,1,28.866666666666667,2,0,26.85189078788395,0.3020433294869137,0,0,0,1,28.85,2,0,13.519405391628595,0.413952565846142,0,0,0,1,19.58333333333333,2,0,11.713200368164513,0.3838901687209434,0,0,0,1,4.933333333333334,2,0,-1.0719512026144549,6.621137034426104,0.276561798048145,0.3197820090882259,0.11523283048849,0.1140252216257362,0.1932004991957848,0.1939911815277328,0.1844079406054582,0.2219789222772843,0.2081005586592178,0.2561307901907357,0.2898975109809663,0.3449781659388646,0.7918994413407822,0.7438692098092643,0.7101024890190337,0.6550218340611353,0.1584852149977061,0.1528805922111361,0.1856803327391562,0.1925681394955138,3,1,0,0,1,2,2,2,0.0,800.9,0,-1
03f89d52-5231-462b-84c7-77be717a6750,2024-06-13 23:00:00+00:00,2024-06-13,2024,0,5f0b5caf-708b-4300-92f2-53b51d83ec06,d6a012ed-84aa-48d3-8265-2d3f3ff2199a,5f0b5caf-708b-4300-92f2-53b51d83ec06,d6a012ed-84aa-48d3-8265-2d3f3ff2199a,1479.5774479558384,1543.625648953467,0.4440405398862891,-0.2247795138134359,0,38.88125385850554,0.4902845679282971,0,0,0,1,50.0,3,0,26.572936490742027,0.6581308177393812,0,0,0,1,36.48333333333333,3,0,27.75901166326588,0.4933529170042614,0,0,0,1,47.266666666666666,3,0,24.58651547568406,0.4802968616198188,0,0,0,1,47.583333333333336,3,0,13.350107161127582,0.5873014225976155,0,0,0,1,13.5,3,0,13.449924365713107,0.5550520779233544,0,0,0,0,0.0,27,0,11.692109957054448,0.6306337420134692,0,0,0,0,0.0,0,0,31.53641145685671,0.6460298176687939,0,0,0,1,25.166666666666668,0,0,25.58482698103609,0.7412348132445693,24,7,0,1,29.366666666666667,0,1,33.99995359066476,0.4880208212202607,0,0,0,1,31.95,0,0,21.97672657458796,0.4314797894135407,0,0,0,1,31.08333333333333,0,0,19.237598614595544,0.4096192781156779,0,0,0,1,22.53333333333333,0,0,18.94660125244299,0.3360528621693781,0,0,0,1,16.233333333333334,0,0,18.222343239494304,0.340709443217567,0,0,0,1,17.466666666666665,0,0,-3.135256854562148,5.279296068748188,0.2977418333551895,0.3301581861987158,0.1285207245328873,0.116160228203759,0.2089520364047971,0.1824584924552209,0.1400806498435516,0.176066873759887,0.2399445214979195,0.271264367816092,0.3104395604395604,0.3325213154689403,0.7600554785020804,0.728735632183908,0.6895604395604396,0.6674786845310596,0.18236142592211,0.158975606365974,0.1542634695821427,0.182150980949673,3,1,0,0,1,2,2,3,0.0,1670.8,0,2
d59fc389-8c92-4416-9293-d8b71012fb31,2024-06-13 23:00:00+00:00,2024-06-13,2024,0,f073a15f-0486-4179-b0a3-dfd0294eb595,5d70a9af-8c2b-4aec-9e68-9acc6ddb93e4,f073a15f-0486-4179-b0a3-dfd0294eb595,5d70a9af-8c2b-4aec-9e68-9acc6ddb93e4,1352.3967970228334,1440.8398687547235,0.4096995210568648,-0.3652076780590055,1,29.60516406799745,0.5238710174816414,0,0,0,1,33.35,2,0,24.42311912654269,0.5840431908979561,0,0,0,1,19.23333333333333,2,0,23.491088681747016,0.4768024745020303,0,0,0,1,21.966666666666665,2,0,30.68199641432408,0.3186413864629867,0,0,0,1,20.216666666666665,2,0,19.789818815226308,0.3292625619938375,0,0,0,1,17.3,2,0,19.00775394929116,0.338140152988461,0,0,0,1,23.53333333333333,2,0,13.568558360741015,0.3627830542919661,0,0,0,1,24.35,2,0,32.30146851741706,0.5146973085921793,0,0,0,1,30.383333333333333,1,0,31.422542359840545,0.4605020816840372,0,0,0,1,28.28333333333333,1,0,23.808319920873693,0.5269467654492814,0,0,0,1,17.616666666666667,1,0,18.17404144988137,0.5474653752103479,0,0,0,1,27.016666666666666,1,0,14.438981025040288,0.4702402795250517,0,0,0,1,12.633333333333333,1,0,18.629364746341345,0.3010750848099352,0,0,0,1,22.3,1,0,11.491843960397524,0.4695518648725098,0,0,0,0,0.0,0,0,-9.433509850352664,-2.821261735286023,0.3482377315344014,0.2764286114841906,0.1261232057861578,0.1023575008074806,0.1616339465943894,0.1356584289476096,0.1856796818218029,0.1904726084437815,0.3729977116704805,0.297583081570997,0.34375,0.3510324483775811,0.6270022883295194,0.702416918429003,0.65625,0.6489675516224189,0.1652437345083998,0.1504729148753224,0.1457554005324705,0.1568269786893268,2,1,0,0,1,1,2,3,746.3,433.0,0,0
b6470623-752b-4f65-a4d6-d898c72279e9,2024-06-14 02:00:00+00:00,2024-06-14,2024,0,0699edf3-5993-4182-b9b4-ec935cbd4fcc,171b097d-01db-4ae8-9d56-035689402ec6,0699edf3-5993-4182-b9b4-ec935cbd4fcc,FR_LVA_ACES,1421.6339855306785,1598.919883525978,0.2938770071253899,-0.876628096492972,0,31.723077207073302,0.5057783941382508,0,0,0,1,44.45,4,0,33.4782248958722,0.4483684786863977,0,0,0,1,44.41666666666666,4,0,26.25558801631073,0.4553371969776719,0,0,0,1,39.35,4,0,25.37658544742592,0.4034280396780582,0,0,0,1,27.433333333333334,4,0,12.04818115342662,0.7213798095466509,31,8,0,1,38.91666666666666,4,1,14.38007695671486,0.5739244513819632,0,0,0,1,11.083333333333334,4,0,16.53720905668683,0.3199860693071426,0,0,0,1,30.45,4,0,32.83921926364004,0.9791436378687322,0,0,0,1,32.95,1,0,29.48771546517488,0.5647115927221387,0,0,0,1,21.98333333333333,1,0,35.38993709891421,0.389622835212036,0,0,0,1,34.583333333333336,1,0,24.13813045310706,0.470892396790568,0,0,0,1,22.716666666666665,1,0,27.267290428622086,0.3254448768008833,0,0,0,1,26.766666666666666,1,0,21.27424973665404,0.3849262087193118,0,0,0,1,18.883333333333333,1,0,11.862444744465412,0.6000375806417939,1,1,10,0,0.0,0,1,-3.854037383178909,-0.0843633282309546,0.3254543177908483,0.3074556344168194,0.1307213240019667,0.087365848838307,0.152247540980412,0.1074232951527835,0.1878494892510702,0.1882300275326706,0.4278846153846153,0.4054054054054054,0.3885647607934656,0.3559077809798271,0.5721153846153846,0.5945945945945946,0.6114352392065344,0.6440922190201729,0.1688826935449282,0.1278321431720003,0.1522056467404849,0.150734970513159,3,1,0,0,1,2,2,3,866.9,253.9,-2,0
609e2b84-4735-4337-bfda-8acb28c0f99b,2024-06-14 23:30:00+00:00,2024-06-14,2024,0,5c0d47fe-8539-47b0-9f36-d0b3609ca89b,3c409388-ab73-4c7f-953d-3a71062240f6,5c0d47fe-8539-47b0-9f36-d0b3609ca89b,3c409388-ab73-4c7f-953d-3a71062240f6,1391.847343089908,1480.7032119719972,0.4091249581356151,-0.3675839294702026,1,28.02500663222933,0.3858478278776359,0,0,0,1,27.95,2,0,17.622146796542108,0.510810228241177,0,0,0,1,20.866666666666667,2,0,17.73342073955614,0.480717741879607,0,0,0,1,20.266666666666666,2,0,26.59145590702133,0.3135345328335202,0,0,0,1,24.53333333333333,2,0,19.54340852754165,0.3947474869168542,0,0,0,1,29.016666666666666,2,0,17.62503777699849,0.3804899385373035,0,0,0,1,22.916666666666668,2,0,11.141865190639908,0.5968958032510324,0,0,0,1,14.466666666666669,2,0,32.21750762924046,0.4571735650035085,0,0,0,1,34.63333333333333,0,0,22.747416957254863,0.5215969075198915,0,0,0,0,0.0,7,0,20.26998453756558,0.5046591406308344,0,0,0,1,36.46666666666667,0,0,25.01547225240452,0.3319282184435896,0,0,0,1,23.03333333333333,0,0,13.211933184391674,0.5498897187928761,0,0,0,1,16.966666666666665,0,0,16.359106601572535,0.3185465331600829,0,0,0,1,16.966666666666665,0,0,12.202782552404264,0.4000666000996682,0,0,0,1,2.216666666666667,0,0,-4.036676213840936,-1.240480715057933,0.3584628375779404,0.3008776411204579,0.1416534805064531,0.1280628895553592,0.1527517912097236,0.2019223599938203,0.1591708350409803,0.1914044466507675,0.3974654377880184,0.2093023255813953,0.3729016786570743,0.2845637583892617,0.6025345622119815,0.7906976744186046,0.6270983213429256,0.7154362416107383,0.1842962454997428,0.1640004603521694,0.1887399282280452,0.1841442139949602,2,1,0,0,1,1,3,2,549.4,596.5,0,1
85cbd272-2b23-4b46-b613-f4737d6d727a,2024-06-14 23:30:00+00:00,2024-06-14,2024,0,6f017f37-be96-4bdc-b6d3-0a0429c72e89,0a5ad38d-2fe3-43ba-894b-1ba3d5042ea9,6f017f37-be96-4bdc-b6d3-0a0429c72e89,0a5ad38d-2fe3-43ba-894b-1ba3d5042ea9,1625.0075902105532,1405.160073798456,0.8036800637943416,1.4094556033677752,1,33.20802479325622,0.742080017156078,0,0,0,1,28.28333333333333,1,0,32.06363091960798,0.5248489023965727,0,0,0,1,34.166666666666664,1,0,26.939058130426268,0.5792842106590068,0,0,0,1,26.28333333333333,1,0,27.106704409660725,0.5016688806694055,0,0,0,1,24.316666666666663,1,0,24.240202667109525,0.3408780213355064,0,0,0,1,26.133333333333333,1,0,16.239939166702477,0.497590445949577,0,0,0,1,18.95,1,0,18.23931386758493,0.2968248715021917,0,0,0,1,19.166666666666668,1,0,32.517980434874325,0.6190172053197076,0,0,0,1,35.61666666666667,1,0,16.238222770853074,0.5148318082362862,0,0,0,1,18.866666666666667,1,0,19.87104675412693,0.3361014062399319,0,0,0,1,29.2,1,0,18.31810675157914,0.3515687097140318,0,0,0,1,27.166666666666668,1,0,14.567160920888124,0.4228465398216114,0,0,0,1,12.833333333333334,1,0,20.79382817293067,0.2682048979739321,0,0,0,1,3.9333333333333336,1,0,15.381557113523767,0.3597343711685746,0,0,0,1,15.7,1,0,11.152570307430707,-6.884409913536969,0.3830065839358512,0.3310980369032535,0.1201779100497082,0.1376300490359519,0.1431716078707632,0.1606134589788,0.1630813800080432,0.2323535557040239,0.3834951456310679,0.3465473145780051,0.3135391923990498,0.3274021352313167,0.616504854368932,0.6534526854219949,0.6864608076009501,0.6725978647686833,0.1672363729922446,0.1865739560959627,0.1821429822410592,0.1361094761624484,2,2,0,0,1,1,3,3,1298.0,1391.7,2,2
05e67935-44e9-4078-8c47-8e56b87485a9,2024-06-15 17:00:00+00:00,2024-06-15,2024,0,5f0b5caf-708b-4300-92f2-53b51d83ec06,a015b02d-845c-40c1-8ef4-844984f47e4d,5f0b5caf-708b-4300-92f2-53b51d83ec06,a015b02d-845c-40c1-8ef4-844984f47e4d,1466.946821381986,1646.2913746142742,0.2914238765621705,-0.888478668643732,0,38.58133690167933,0.4963106602250942,0,0,0,1,35.7,1,0,26.53777740493259,0.6927932688672893,0,0,0,1,26.2,1,0,28.79677304203357,0.4729225143089017,0,0,0,1,38.766666666666666,1,0,25.91236926431782,0.4636396476505404,0,0,0,1,38.65,1,0,13.39252140945038,0.5970415079404343,0,0,0,1,13.8,1,0,12.181914780586077,0.5550520779233544,0,0,0,0,0.0,29,0,10.589820673279862,0.6306337420134692,0,0,0,0,0.0,0,0,34.89164479774724,0.6522932723588748,0,0,0,1,40.0,1,0,31.533019035259592,0.5537810490454762,0,0,0,1,33.766666666666666,1,0,19.662361315143905,0.6650761776535908,0,0,0,1,24.633333333333333,1,0,24.34651141387148,0.40139210348889,0,0,0,1,24.85,1,0,27.323094210011064,0.3237310719939972,0,0,0,1,31.85,1,0,13.6919871435241,0.4160635751540361,0,0,0,1,15.35,1,0,17.6113658705273,0.2470602156375945,0,0,0,1,21.75,1,0,-3.925123351748055,6.266509640327735,0.3189855999269183,0.3344914218147191,0.1381216521856374,0.1206652214810112,0.2195559119831309,0.2017096687988293,0.1515312472766722,0.2436279725616028,0.2366412213740458,0.2537688442211055,0.3086574654956085,0.3355704697986577,0.7633587786259542,0.7462311557788944,0.6913425345043914,0.6644295302013423,0.184543537210003,0.1541215991730961,0.1536943569504003,0.1953884438914379,1,2,0,0,1,1,2,3,0.0,817.0,0,0
cb5b85f0-f4b3-43b8-8754-00019036e357,2024-06-15 19:00:00+00:00,2024-06-15,2024,0,171b097d-01db-4ae8-9d56-035689402ec6,08ed8274-e29f-4248-bc2e-83cc8ed18d75,FR_LVA_ACES,08ed8274-e29f-4248-bc2e-83cc8ed18d75,1603.809849385338,1673.9967745712956,0.4353349838920727,-0.2601168508285578,0,32.9785075910402,0.9952703379112386,0,0,0,1,34.31666666666667,0,0,29.90683202786776,0.5889794437904999,0,0,0,1,33.93333333333333,0,0,35.111199329671706,0.386667759313904,0,0,0,1,32.43333333333333,0,0,23.96326697712093,0.4540308046896805,0,0,0,1,22.28333333333333,0,0,27.96330523481538,0.3248819966384936,0,0,0,1,34.65,0,0,20.39047982120726,0.3782412370836332,0,0,0,1,11.9,0,0,10.744096921085337,0.6000375806417939,2,2,0,0,0.0,0,1,34.431501288393505,0.7232044825511003,0,0,0,1,36.266666666666666,5,0,29.560727080999385,0.7143715617128162,0,0,0,1,32.55,5,0,31.88736667029517,0.5442723177050628,0,0,0,1,34.38333333333333,5,0,32.47808323709019,0.4034059062575155,0,0,0,1,32.96666666666667,5,0,19.044411546483044,0.4554560135625865,14,14,0,0,0.0,9,1,18.23308123952148,0.339646679307322,0,0,0,1,17.466666666666665,5,0,10.786486688208814,0.390692582393891,0,0,0,1,24.866666666666667,5,0,0.7061158646728283,8.234924771599752,0.3324396302022334,0.3823791991342142,0.0970867140244234,0.1319152389184659,0.1337898859593119,0.1791293917037315,0.2046424829193912,0.1891791201977588,0.4080310880829015,0.4128959276018099,0.3550913838120104,0.3263506063947078,0.5919689119170984,0.5871040723981901,0.6449086161879896,0.6736493936052922,0.13154747668022,0.1665764729757153,0.1490775203105614,0.1539691721392357,1,5,0,0,2,0,3,2,253.9,2233.4,0,-3
53d41f02-8d24-4601-84a6-6f1ca6c2b82d,2024-06-16 16:00:00+00:00,2024-06-16,2024,0,f073a15f-0486-4179-b0a3-dfd0294eb595,3c409388-ab73-4c7f-953d-3a71062240f6,f073a15f-0486-4179-b0a3-dfd0294eb595,3c409388-ab73-4c7f-953d-3a71062240f6,1367.3777909120413,1473.2077799404872,0.3857304996040923,-0.4652948195094295,1,30.057203630122405,0.5507968434723507,0,0,0,1,34.4,2,0,23.7500062840183,0.5858896001878527,0,0,0,1,17.283333333333335,2,0,24.53839613484912,0.4562515402770675,0,0,0,1,34.6,2,0,30.770113700836472,0.3398481464843172,0,0,0,1,31.616666666666667,2,0,20.15688509712872,0.3297342407687686,0,0,0,1,23.683333333333334,2,0,19.1060130878874,0.3334573216046467,0,0,0,1,20.05,2,0,14.958955970862728,0.3715220769866887,0,0,0,1,28.316666666666663,2,0,32.401267201055894,0.443447782708186,0,0,0,1,34.166666666666664,1,0,21.39784522516337,0.5100110946147112,0,0,0,1,32.233333333333334,1,0,20.6028738390638,0.5215969075198915,0,0,0,0,0.0,9,0,24.618052975050645,0.3405213015367887,0,0,0,1,20.8,1,0,14.442685621111847,0.5513196773678977,0,0,0,1,26.266666666666666,1,0,16.626935621393134,0.3211134173283024,0,0,0,1,19.2,1,0,9.322151616041964,0.4788096381512368,0,0,0,1,24.016666666666666,1,0,-8.1366595533939,-1.0091554361454431,0.3632000188842804,0.3182217381494138,0.1300661298225399,0.1330274815848027,0.178803180788189,0.2052144656226512,0.1930529592849131,0.2090702700103072,0.3720930232558139,0.2083333333333333,0.3447559709241952,0.2991347342398022,0.627906976744186,0.7916666666666666,0.6552440290758048,0.7008652657601978,0.1639761836533257,0.1639228681214086,0.1456493140387145,0.1857909895814813,2,1,0,0,1,2,2,2,0.0,493.8,0,0
946b4e79-ba29-48ee-9476-1d67b08682a5,2024-06-16 19:00:00+00:00,2024-06-16,2024,0,0699edf3-5993-4182-b9b4-ec935cbd4fcc,d6a012ed-84aa-48d3-8265-2d3f3ff2199a,0699edf3-5993-4182-b9b4-ec935cbd4fcc,d6a012ed-84aa-48d3-8265-2d3f3ff2199a,1416.7440196713185,1556.256275527319,0.3409225939316932,-0.6591855332478679,1,31.58577215799634,0.5087770185878957,0,0,0,1,30.266666666666666,1,0,33.59812319256976,0.444021250217528,0,0,0,1,34.75,1,0,26.76101086705929,0.4602111662577191,0,0,0,1,31.616666666666667,1,0,13.957448426272713,0.7366278640289338,33,10,0,1,32.3,1,1,25.078679883552272,0.4075697590840336,0,0,0,1,22.216666666666665,1,0,13.86657792620852,0.5736162192248965,0,0,0,1,8.933333333333334,1,0,19.079668160457285,0.3029933301879167,0,0,0,1,16.05,1,0,31.844090626054555,0.643415117654312,0,0,0,1,34.8,2,0,25.97750423097085,0.736856998819194,27,10,0,1,29.75,2,1,33.92610816964022,0.494373661412153,0,0,0,1,33.21666666666667,2,0,23.00496149511698,0.4435923638922784,0,0,0,1,32.88333333333333,2,0,19.76671525189165,0.4116342358318491,0,0,0,1,24.85,2,0,18.470826178441484,0.3506278684578742,0,0,0,1,13.9,2,0,16.70973790590582,0.3703633007181491,0,0,0,1,15.45,2,0,-4.273218588350547,5.867030405146142,0.351075599991315,0.3530018685902737,0.1314610920555521,0.1203100084443044,0.1508978332072713,0.1906390647530977,0.1897806310129355,0.1785964659457783,0.4214601769911504,0.2726304579339723,0.3920086393088552,0.3227990970654628,0.5785398230088495,0.7273695420660277,0.6079913606911447,0.6772009029345373,0.1661541513738716,0.158156348847718,0.1533440482828746,0.1840712618742398,2,2,0,0,1,1,2,3,0.0,866.9,0,-2
9db56715-0dbb-4af7-8911-f4f103e85e60,2024-06-16 19:00:00+00:00,2024-06-16,2024,0,5d70a9af-8c2b-4aec-9e68-9acc6ddb93e4,0a5ad38d-2fe3-43ba-894b-1ba3d5042ea9,5d70a9af-8c2b-4aec-9e68-9acc6ddb93e4,0a5ad38d-2fe3-43ba-894b-1ba3d5042ea9,1425.8588748655156,1401.6579117107915,0.5703363327453197,0.2832235108025429,1,31.917939638982563,0.531428276330493,0,0,0,1,28.23333333333333,2,0,31.62939635963761,0.449587922609501,0,0,0,1,33.61666666666667,2,0,24.109219823575607,0.5512502654066787,0,0,0,1,27.0,2,0,17.954939337887758,0.5394488228059937,0,0,0,1,15.85,2,0,14.388167868968209,0.4653679081986658,0,0,0,1,13.9,2,0,13.644066441674736,0.3922449523518588,0,0,0,1,16.95,2,0,17.677547899246456,0.2992623323590255,0,0,0,1,8.533333333333333,2,0,33.223357823380134,0.6177980885728915,0,0,0,1,40.0,1,0,16.382318860728578,0.4879463608561813,0,0,0,1,17.766666666666666,1,0,19.19474090799612,0.3776192813115278,0,0,0,1,27.616666666666667,1,0,20.060757759265428,0.3415915762256432,0,0,0,1,21.883333333333333,1,0,16.786441971486667,0.3887750184684749,0,0,0,1,30.28333333333333,1,0,14.361277658054064,0.4161047561271356,0,0,0,1,12.383333333333333,1,0,20.554005374044525,0.266230119114949,0,0,0,1,18.25,1,0,-2.962777071867979,-7.234972407429243,0.2960989932802932,0.344811893463833,0.1080045698146846,0.1479685352655829,0.1514376359414087,0.1698007875605325,0.2048790670993695,0.2369633333027725,0.3031550068587105,0.3439716312056737,0.352,0.3307522123893805,0.6968449931412894,0.6560283687943262,0.648,0.6692477876106194,0.1498973305954825,0.1896482277121374,0.1560235142535029,0.1406313923360152,2,1,0,0,1,1,2,3,433.0,912.7,0,1
6a5c7678-9ebb-45ba-8559-0b5b94cefd89,2024-06-18 00:00:00+00:00,2024-06-18,2024,0,6f017f37-be96-4bdc-b6d3-0a0429c72e89,5f0b5caf-708b-4300-92f2-53b51d83ec06,6f017f37-be96-4bdc-b6d3-0a0429c72e89,5f0b5caf-708b-4300-92f2-53b51d83ec06,1628.5097522982176,1452.420705755732,0.7608893629786735,1.1575616023327822,1,33.60951394429365,0.7523409284692596,0,0,0,1,37.46666666666667,3,0,31.84865281878615,0.4960210485549191,0,0,0,1,29.78333333333333,3,0,26.918091878124027,0.5822159086067797,0,0,0,1,26.716666666666665,3,0,27.52245949198572,0.5319460948439622,0,0,0,1,31.516666666666666,3,0,25.421151792717858,0.3475042264999923,0,0,0,1,36.766666666666666,3,0,16.200034586381246,0.4845462187163364,0,0,0,1,15.816666666666666,3,0,17.537962615758314,0.296227691478318,0,0,0,1,10.8,3,0,26.50436171663884,0.7008228665449392,0,0,0,1,26.183333333333334,2,0,38.21227613630718,0.4764628088206928,0,0,0,1,34.666666666666664,2,0,28.951061949508507,0.4588694613314264,0,0,0,1,30.433333333333334,2,0,27.146223133545007,0.4490275589534312,0,0,0,1,39.0,2,0,13.430936997858309,0.5930576699414696,0,0,0,1,13.8,2,0,11.033448492823066,0.5550520779233544,0,0,0,0,0.0,32,0,9.591451184100707,0.6306337420134692,0,0,0,0,0.0,0,0,11.10074627905276,-5.489578038592389,0.3979000787591066,0.3252323783771338,0.1286539299395337,0.1398769040628094,0.1448797739018585,0.2162236785372349,0.17552591168475,0.1743377653481083,0.3830508474576271,0.2384887839433294,0.3134657836644591,0.3055555555555556,0.6169491525423729,0.7615112160566706,0.6865342163355408,0.6944444444444444,0.1694770907852154,0.1815579064976781,0.1854431199792692,0.1500368511564243,2,1,0,0,1,2,2,2,0.0,870.8,0,0
2ad7b106-7653-4925-8e55-661ca915567f,2024-06-18 23:00:00+00:00,2024-06-18,2024,0,a015b02d-845c-40c1-8ef4-844984f47e4d,0a5ad38d-2fe3-43ba-894b-1ba3d5042ea9,a015b02d-845c-40c1-8ef4-844984f47e4d,0a5ad38d-2fe3-43ba-894b-1ba3d5042ea9,1660.817490240528,1384.0198432080765,0.8503421243753699,1.7372869078940036,1,34.35505738190423,0.6657010325956618,0,0,0,1,29.2,2,0,31.29892909905235,0.5465685212975123,0,0,0,1,29.05,2,0,20.4704011507154,0.6612666879616971,0,0,0,1,28.23333333333333,2,0,24.356267938562183,0.4017421186774777,0,0,0,1,24.45,2,0,27.19678646379532,0.3229836371765333,0,0,0,1,25.98333333333333,2,0,13.728881828303596,0.4290017699873699,0,0,0,1,14.083333333333334,2,0,17.806703370685064,0.2363431437058426,0,0,0,1,19.683333333333334,2,0,33.28557789613408,0.6011787094320366,0,0,0,1,33.88333333333333,1,0,17.102057197607305,0.5011471487649082,0,0,0,1,24.016666666666666,1,0,20.287270938195952,0.378501397535944,0,0,0,1,30.78333333333333,1,0,18.41555823644459,0.3903320496562517,0,0,0,1,34.06666666666667,1,0,20.07231373523929,0.3298484610810653,0,0,0,1,20.183333333333334,1,0,13.876262584998427,0.3989888465628088,0,0,0,1,9.216666666666669,1,0,20.48449178251656,0.2614176988841858,0,0,0,1,19.816666666666663,1,0,7.610227007342045,-8.127941855383684,0.3493914093546189,0.351123959285877,0.120073370718098,0.1491643326338328,0.2054495772437503,0.1747428883344656,0.2516160287748464,0.2395787991712012,0.2549246813441483,0.3457330415754923,0.3300248138957816,0.3230452674897119,0.7450753186558516,0.6542669584245077,0.6699751861042184,0.676954732510288,0.1505251274332044,0.1866312665937841,0.1914985435322041,0.1392713575792105,2,1,0,0,1,2,2,3,1498.5,866.0,1,0
a8e069c8-3902-4d07-8048-d10945b31114,2024-06-19 02:00:00+00:00,2024-06-19,2024,0,0699edf3-5993-4182-b9b4-ec935cbd4fcc,08ed8274-e29f-4248-bc2e-83cc8ed18d75,0699edf3-5993-4182-b9b4-ec935cbd4fcc,08ed8274-e29f-4248-bc2e-83cc8ed18d75,1436.0645469363476,1686.3210826941695,0.2147241538609921,-1.2966808533386025,1,31.675104753492896,0.5262858100220333,0,0,0,1,32.53333333333333,2,0,33.306043490315275,0.4383454454672456,0,0,0,1,30.5,2,0,27.474901682191707,0.4693562135273554,0,0,0,1,34.333333333333336,2,0,15.540588656303088,0.7744843200017795,36,13,0,1,30.75,2,1,25.025695336829045,0.3998385801919763,0,0,0,1,24.516666666666666,2,0,13.431343875685448,0.580008302360383,0,0,0,1,9.25,2,0,18.024047120748595,0.307150915902907,0,0,0,1,25.7,2,0,34.752213548380055,0.7130308452925707,0,0,0,1,37.833333333333336,3,0,29.91796584690677,0.7374794072891703,0,0,0,1,33.35,3,0,32.11482090009451,0.5464669105890521,0,0,0,1,34.3,3,0,32.79126137711763,0.4075894025876195,0,0,0,1,35.8,3,0,17.248974209630475,0.4554560135625865,0,0,0,0,0.0,13,0,18.20167956075696,0.3292353597728035,0,0,0,1,17.9,3,0,11.950502147806631,0.3905829464671935,0,0,0,1,23.133333333333333,3,0,-2.745746621890645,8.482479374864504,0.3704376979367386,0.400400140756192,0.1362377114175282,0.1299487316210695,0.146424462808466,0.1710801355065271,0.2007799436722842,0.1935266731797581,0.4130434782608695,0.4128151260504201,0.3886113886113886,0.3381147540983606,0.5869565217391305,0.5871848739495799,0.6113886113886113,0.6618852459016393,0.1667850634709825,0.162629867054031,0.14930830641721,0.1516595204065428,1,2,0,0,1,1,2,1,0.0,253.9,0,0
27a5cda2-c97a-4e47-a9fc-b5cb15534ef9,2024-06-19 23:00:00+00:00,2024-06-19,2024,0,f073a15f-0486-4179-b0a3-dfd0294eb595,5c0d47fe-8539-47b0-9f36-d0b3609ca89b,f073a15f-0486-4179-b0a3-dfd0294eb595,5c0d47fe-8539-47b0-9f36-d0b3609ca89b,1384.3019774724594,1399.342775121418,0.5143285200434837,0.0573297771790476,1,30.74317047688168,0.5700628064860498,0,0,0,1,37.333333333333336,2,0,24.163250296560623,0.5926699598974763,0,0,0,1,28.133333333333333,2,0,25.700660306552138,0.4813367257574966,0,0,0,1,36.86666666666667,2,0,30.86406506282188,0.3452412912875515,0,0,0,1,31.766666666666666,2,0,20.035248031205583,0.3247661476937865,0,0,0,1,18.866666666666667,2,0,18.37637586630246,0.3161093167788273,0,0,0,1,11.366666666666667,2,0,14.918829828190129,0.3864881698318103,0,0,0,1,14.533333333333331,2,0,28.21905813135718,0.411656699738827,0,0,0,1,30.08333333333333,4,0,18.784593642675173,0.5078537173726461,0,0,0,1,28.883333333333333,4,0,17.304233152999913,0.5050290273302478,0,0,0,1,14.25,4,0,27.13435034328209,0.3060425041328793,0,0,0,1,32.35,4,0,20.47108058215038,0.3895158359813554,0,0,0,1,29.383333333333333,4,0,18.215046950003213,0.3762323208488362,0,0,0,1,23.883333333333333,4,0,20.38283431064449,0.303702166898723,0,0,0,1,20.9,4,0,-6.182836770192045,-3.770490474392505,0.3882617083147137,0.3718064426215764,0.1370538615894588,0.1490983796822999,0.1888823680101184,0.1589738604996164,0.2037437688254541,0.1780453501124211,0.367063492063492,0.4023605150214592,0.3295019157088122,0.36,0.6329365079365079,0.5976394849785408,0.6704980842911877,0.64,0.1653458857176905,0.1857555647286698,0.1394975167981303,0.1868835982159683,2,4,0,0,1,0,2,1,0.0,493.5,0,0
f85872ab-8e18-4139-9912-94a7b44c7c95,2024-06-20 00:00:00+00:00,2024-06-20,2024,0,6f017f37-be96-4bdc-b6d3-0a0429c72e89,5d70a9af-8c2b-4aec-9e68-9acc6ddb93e4,6f017f37-be96-4bdc-b6d3-0a0429c72e89,5d70a9af-8c2b-4aec-9e68-9acc6ddb93e4,1636.7487586359423,1443.4969433682306,0.7783985967432201,1.256358440885808,1,33.87416201681058,0.7376645898772417,0,0,0,1,36.41666666666666,1,0,32.17717572890862,0.5065947467546026,0,0,0,1,35.333333333333336,1,0,27.943998301671325,0.5804081028029654,0,0,0,1,37.8,1,0,27.380498862036937,0.5170897146269309,0,0,0,1,26.016666666666666,1,0,16.991952545887138,0.503469850896785,0,0,0,1,24.6,1,0,23.0245387515094,0.3475042264999923,1,1,1,0,0.0,5,1,18.079615114456736,0.329138179355263,0,0,0,1,23.28333333333333,1,0,32.2257889912217,0.515361617114555,0,0,0,1,35.18333333333333,3,0,31.81360637777692,0.4736695657137149,0,0,0,1,33.583333333333336,3,0,23.228438145522563,0.5509141173517323,0,0,0,1,14.766666666666667,3,0,18.938090111390647,0.5654981848384781,0,0,0,1,28.383333333333333,3,0,15.13563768350324,0.464226254082859,0,0,0,1,22.316666666666663,3,0,14.42083433337202,0.4152206281133589,0,0,0,1,21.883333333333333,3,0,16.436788241580913,0.2950184761544575,0,0,0,1,4.516666666666667,3,0,11.83863729733429,-1.1084011702507433,0.4075256852126417,0.3139356163447263,0.126249131202237,0.110714384400328,0.154790123630141,0.1640967464569143,0.1927485996307364,0.2216106536362475,0.3760504201680672,0.2961104140526976,0.3074565883554647,0.3533007334963325,0.6239495798319328,0.7038895859473023,0.6925434116445353,0.6466992665036675,0.164317012764336,0.147495396640487,0.1848777543012375,0.155216379023615,1,2,0,0,1,1,2,2,0.0,912.7,0,-1
9320f67c-0dac-4674-ae00-6bef0a0e2deb,2024-06-20 02:00:00+00:00,2024-06-20,2024,0,171b097d-01db-4ae8-9d56-035689402ec6,d6a012ed-84aa-48d3-8265-2d3f3ff2199a,FR_LVA_ACES,d6a012ed-84aa-48d3-8265-2d3f3ff2199a,1591.4855412624645,1536.93574826229,0.6125219125713525,0.4579254187824086,1,33.2413650121396,0.9744333819250874,0,0,0,1,35.766666666666666,4,0,30.03503225482073,0.5669865260705957,0,0,0,1,31.266666666666666,4,0,34.81474431260113,0.3962939786998656,0,0,0,1,31.966666666666665,4,0,23.6493330349403,0.4388160051885877,0,0,0,1,20.633333333333333,4,0,28.26844895717318,0.3341866199938084,0,0,0,1,31.2,4,0,20.424374066287022,0.3884469018450081,0,0,0,1,20.75,4,0,9.731182832571967,0.6000375806417939,7,7,0,0,0.0,0,1,32.12119165833583,0.6461081061959277,0,0,0,1,34.78333333333333,3,0,27.147080340509778,0.7106603164315068,31,14,0,1,38.38333333333333,3,1,34.19233434392163,0.4720004136120215,0,0,0,1,36.75,3,0,23.722565167394155,0.4493577477679848,0,0,0,1,30.616666666666667,3,0,21.03629865936739,0.4191683256106424,0,0,0,1,33.233333333333334,3,0,17.920488743119027,0.3521358691500501,0,0,0,1,12.633333333333333,3,0,16.878430564965033,0.3370447598464322,0,0,0,1,6.75,3,0,-0.3843672874472094,4.189299700745866,0.350969255293992,0.3593182069207479,0.0994533257431456,0.1191608824072918,0.1264142399600789,0.194092752220041,0.2003791002633371,0.1881564195671005,0.4149821640903686,0.2781065088757396,0.3597122302158273,0.3206751054852321,0.5850178359096314,0.7218934911242604,0.6402877697841727,0.679324894514768,0.1306011331027886,0.1538438447452946,0.1458210277613703,0.1835242804926743,3,2,0,0,1,1,2,2,0.0,253.9,0,0
d782b745-524c-4edc-a1ce-c12314f5dccb,2024-06-20 16:00:00+00:00,2024-06-20,2024,0,3c409388-ab73-4c7f-953d-3a71062240f6,5f0b5caf-708b-4300-92f2-53b51d83ec06,3c409388-ab73-4c7f-953d-3a71062240f6,5f0b5caf-708b-4300-92f2-53b51d83ec06,1456.283593380069,1444.1816994180074,0.5531918773205395,0.2135756698972227,1,32.83324760610746,0.4461495015905226,0,0,0,1,36.98333333333333,3,0,22.32981282096436,0.5211651992769962,0,0,0,1,31.28333333333333,3,0,18.66051038788385,0.5215969075198915,0,0,0,0,0.0,13,0,15.692536642454844,0.5554677792924029,0,0,0,1,27.7,3,0,24.29895400973556,0.3501010512051223,0,0,0,1,21.23333333333333,3,0,11.755535249366638,0.4761183824380449,0,0,0,1,35.13333333333333,3,0,17.60015630457598,0.3112723007190977,0,0,0,1,26.95,3,0,26.60608320702404,0.6745987478559823,0,0,0,1,27.58333333333333,1,0,34.60976276204038,0.4764628088206928,0,0,0,0,0.0,4,0,29.66589071213215,0.4770640440824711,0,0,0,1,36.53333333333333,1,0,28.358030116883747,0.4474070862538237,0,0,0,1,40.0,1,0,13.335315307587726,0.601207506910431,0,0,0,1,12.416666666666666,1,0,21.157800178178505,0.3032357290856893,0,0,0,1,31.48333333333333,1,0,9.993255398386786,0.5550520779233544,2,1,9,0,0.0,34,1,-2.1007442948132926,-6.756469437783265,0.3295395996958734,0.3442917426568878,0.1263666480323655,0.1454699686546335,0.2128036936883053,0.2272643476707298,0.205654566354791,0.161776209612427,0.2030401737242128,0.2380434782608695,0.2985074626865671,0.3039742212674543,0.7969598262757872,0.7619565217391304,0.7014925373134329,0.6960257787325457,0.155684522839164,0.1812356386938088,0.1857539132157717,0.1460890571950901,3,2,0,0,1,1,2,3,163.5,356.5,-1,0
361d2549-eed1-42c9-8dc4-8147b67b4a1f,2024-06-20 23:00:00+00:00,2024-06-20,2024,0,08ed8274-e29f-4248-bc2e-83cc8ed18d75,0a5ad38d-2fe3-43ba-894b-1ba3d5042ea9,08ed8274-e29f-4248-bc2e-83cc8ed18d75,0a5ad38d-2fe3-43ba-894b-1ba3d5042ea9,1670.352147927127,1380.1621784948757,0.8598903213156378,1.814379312689876,1,34.86513646603312,0.7271964608674938,0,0,0,1,35.95,0,0,30.518069369140736,0.7345803012743158,0,0,0,1,36.28333333333333,0,0,32.51724061134422,0.5466499541081424,0,0,0,1,36.38333333333333,0,0,32.930357181541964,0.4076409251015533,0,0,0,1,34.266666666666666,0,0,15.62280412594014,0.4554560135625865,0,0,0,0,0.0,14,0,18.575484016342987,0.3478383536741026,0,0,0,1,22.166666666666668,0,0,12.743947299596876,0.3716409419014691,0,0,0,1,20.366666666666667,0,0,33.00725109655642,0.5833989208300094,0,0,0,1,30.33333333333333,1,0,21.004971139094504,0.3904908425098568,0,0,0,1,27.9,1,0,15.830703992380013,0.4973666811544658,0,0,0,1,3.616666666666666,1,0,19.04417164009164,0.3946599389456807,0,0,0,1,25.08333333333333,1,0,20.07806643935569,0.3343669944893358,0,0,0,1,20.133333333333333,1,0,11.491951428166102,0.5010593711991312,0,0,0,1,26.383333333333333,1,0,13.56424600905098,0.3983743589758762,0,0,0,1,10.566666666666666,1,0,6.939600807503032,-9.11475736316903,0.413511484830901,0.370598466252692,0.1350039902892528,0.163412877863356,0.1822418454531328,0.1739814917490331,0.1926483809902439,0.249626304081627,0.4231517509727626,0.3447204968944099,0.3444976076555024,0.3124397299903568,0.5768482490272373,0.65527950310559,0.6555023923444976,0.6875602700096431,0.1626564285923624,0.1927417699997068,0.1540969032449251,0.1397644819793029,1,1,0,0,1,2,2,3,2141.3,113.0,3,0
5e310f11-35fe-4b4f-a729-aa40abfbe2fc,2024-06-21 23:30:00+00:00,2024-06-21,2024,0,5d70a9af-8c2b-4aec-9e68-9acc6ddb93e4,f073a15f-0486-4179-b0a3-dfd0294eb595,5d70a9af-8c2b-4aec-9e68-9acc6ddb93e4,f073a15f-0486-4179-b0a3-dfd0294eb595,1435.447410322107,1397.150845357765,0.590096500146564,0.3643643173115563,0,31.47071828600051,0.498598571416637,0,0,0,1,24.216666666666665,0,0,32.42983361740888,0.4420274211148688,0,0,0,1,38.35,0,0,22.27670865495756,0.5457156551628499,0,0,0,1,13.133333333333333,0,0,20.202515830911413,0.5572320066124222,0,0,0,1,32.35,0,0,14.71903328831189,0.4671688175307669,0,0,0,1,10.716666666666669,0,0,13.06129091416446,0.4152206281133589,0,0,0,0,0.0,4,0,14.932551805726252,0.3519464815472486,0,0,0,1,25.98333333333333,0,0,31.296902175614512,0.5829564205056227,0,0,0,1,36.61666666666667,1,0,24.77322601717581,0.5887461921095043,0,0,0,1,30.633333333333333,1,0,26.72821011479336,0.4965704841689537,0,0,0,1,36.6,1,0,31.55252758337288,0.3560327993918166,0,0,0,1,38.16666666666666,1,0,19.86537011618118,0.318487028677524,0,0,0,1,18.23333333333333,1,0,18.405314691520964,0.3285307365906997,0,0,0,1,18.683333333333334,1,0,14.712789226890951,0.3844578693193772,0,0,0,1,12.733333333333333,1,0,-2.314204363202524,-4.31668924713898,0.3143359326947232,0.4057507966688759,0.1174624282943465,0.1375800171764565,0.1726968602997016,0.1873297711131221,0.2292865998380364,0.2200823679851375,0.3001158748551564,0.3676333021515435,0.3478747203579418,0.3393177737881508,0.6998841251448435,0.6323666978484564,0.6521252796420581,0.6606822262118492,0.1482778953210086,0.1635363148881215,0.1518926852578762,0.1386600768808347,1,1,0,0,1,1,2,2,907.7,426.3,1,0
b2f1ff73-0050-4c6e-af9d-2e5ce8de9769,2024-06-22 02:00:00+00:00,2024-06-22,2024,0,171b097d-01db-4ae8-9d56-035689402ec6,a015b02d-845c-40c1-8ef4-844984f47e4d,FR_LVA_ACES,a015b02d-845c-40c1-8ef4-844984f47e4d,1605.0858673592154,1664.675154953729,0.4503858207358721,-0.1991119449810265,1,33.16518674630306,0.9818964599017654,0,0,0,1,32.43333333333333,1,0,30.48268468147464,0.5765170442797641,0,0,0,1,34.78333333333333,1,0,34.78192882759078,0.3968438067997252,0,0,0,1,34.46666666666667,1,0,23.690248992781164,0.4466308449134279,0,0,0,1,24.08333333333333,1,0,27.65705601933267,0.3483653187286751,0,0,0,1,21.78333333333333,1,0,20.514781232104323,0.3900670896586654,0,0,0,1,21.383333333333333,1,0,10.27504577664855,0.5921790761103872,9,9,0,1,15.5,1,1,33.83763201618364,0.67017576094742,0,0,0,1,28.866666666666667,3,0,31.2314653523921,0.5520669381130681,0,0,0,1,30.58333333333333,3,0,20.8612958705482,0.6566283812728804,0,0,0,1,24.616666666666667,3,0,24.74063872453764,0.4063463333492327,0,0,0,1,28.433333333333334,3,0,27.558482044535136,0.3298196579070311,0,0,0,1,31.03333333333333,3,0,13.572174273659488,0.4073908650202001,0,0,0,1,12.066666666666666,3,0,17.991481528407444,0.2372065563023827,0,0,0,1,19.766666666666666,3,0,1.1109498943682914,8.645850773956926,0.3762427011188115,0.36866665348914,0.1068643274344187,0.1239591539099099,0.1245974046035037,0.2088369008244957,0.2129135381777788,0.2423986432211931,0.4081858407079646,0.2478448275862069,0.3495575221238938,0.3298368298368298,0.5918141592920354,0.7521551724137931,0.6504424778761062,0.6701631701631702,0.133671627558492,0.1503230346062815,0.146998844402148,0.1981274034442401,1,2,0,0,1,1,2,2,0.0,2326.0,0,-3
92db8520-cf2e-4bf5-a652-1617d206d862,2024-06-22 19:00:00+00:00,2024-06-22,2024,0,08ed8274-e29f-4248-bc2e-83cc8ed18d75,0a5ad38d-2fe3-43ba-894b-1ba3d5042ea9,08ed8274-e29f-4248-bc2e-83cc8ed18d75,0a5ad38d-2fe3-43ba-894b-1ba3d5042ea9,1675.1263391386956,1375.3879872833068,0.8663823800514971,1.869344220264183,1,34.8794221781022,0.7179122227221736,0,0,0,1,35.016666666666666,1,0,30.783482139814684,0.7463245806702565,0,0,0,1,33.333333333333336,1,0,33.01842235360667,0.5632722672686985,0,0,0,1,37.833333333333336,1,0,29.825803771985445,0.4076409251015533,0,0,0,0,0.0,2,0,19.51113101723646,0.3412546624842147,0,0,0,1,28.5,1,0,14.149943399023783,0.4554560135625865,0,0,0,0,0.0,16,0,13.897831766517063,0.3760147031361028,0,0,0,1,24.98333333333333,1,0,32.863581713876606,0.5689931644277887,0,0,0,1,31.48333333333333,1,0,21.71943135764828,0.3963761215580147,0,0,0,1,28.58333333333333,1,0,19.26155668870016,0.3844568744543489,0,0,0,1,21.35,1,0,14.33824322785568,0.4973666811544658,0,0,0,0,0.0,3,0,18.804261178121088,0.3283220184236086,0,0,0,1,6.566666666666666,1,0,11.97037698575605,0.4890708455326069,0,0,0,1,16.566666666666666,1,0,13.361780097948458,0.4133974858290739,0,0,0,1,11.416666666666666,1,0,7.514609365323501,-9.484700131268966,0.4298632473622203,0.3881200199039271,0.134831268739886,0.165604534170428,0.176488186680706,0.1727850148236306,0.1949810531397957,0.2549835859743992,0.4266180492251595,0.3424124513618677,0.3423667570009033,0.3227848101265823,0.5733819507748404,0.6575875486381323,0.6576332429990966,0.6772151898734177,0.1605302320454169,0.1917400060694678,0.1553833718888486,0.1389936579778168,1,1,0,0,2,2,3,3,0.0,0.0,0,0
dd5977d4-9c67-4911-b452-9d197b727df8,2024-06-22 19:00:00+00:00,2024-06-22,2024,0,5c0d47fe-8539-47b0-9f36-d0b3609ca89b,5f0b5caf-708b-4300-92f2-53b51d83ec06,5c0d47fe-8539-47b0-9f36-d0b3609ca89b,5f0b5caf-708b-4300-92f2-53b51d83ec06,1386.493907236112,1427.981703269407,0.4762899501580845,-0.0949113834064782,1,28.86305430035909,0.4204799362170187,0,0,0,1,35.05,2,0,18.932174417981745,0.4952763054298267,0,0,0,1,20.35,2,0,27.71876774487449,0.3244606914014632,0,0,0,1,33.333333333333336,2,0,21.50456160294481,0.40230645641297,0,0,0,1,31.433333333333334,2,0,16.728748418856302,0.500943538887661,0,0,0,1,11.2,2,0,18.53259664793336,0.3720898033307077,0,0,0,1,21.58333333333333,2,0,20.11733634435172,0.2982515722865516,0,0,0,1,17.566666666666666,2,0,26.52380354691834,0.6570740024451651,0,0,0,1,25.73333333333333,1,0,34.94666590099622,0.4776984856858504,0,0,0,1,38.18333333333333,1,0,29.74452747939577,0.4643331967965101,0,0,0,1,30.5,1,0,25.684538948770168,0.4474070862538237,0,0,0,0,0.0,3,0,12.07811064450292,0.601207506910431,1,1,1,0,0.0,3,1,22.23338630561548,0.3087021795570726,0,0,0,1,32.56666666666667,1,0,10.952367334696495,0.5783278636951656,4,3,0,1,20.166666666666668,1,1,-4.698274776443913,-7.297685268490096,0.3832186590780739,0.3517193207771957,0.1479084282146295,0.1506581165060886,0.1609077810475495,0.2306482597646939,0.1814619588524207,0.1755326446643066,0.4081836327345309,0.248730964467005,0.3610822060353798,0.295,0.591816367265469,0.751269035532995,0.6389177939646202,0.705,0.1818424724638541,0.1810282404055032,0.1836770824112596,0.1465362772193033,2,1,0,0,1,1,1,3,493.8,596.5,0,1
2273844b-7dde-4044-abad-f6edc79d6291,2024-06-23 00:00:00+00:00,2024-06-23,2024,0,6f017f37-be96-4bdc-b6d3-0a0429c72e89,0699edf3-5993-4182-b9b4-ec935cbd4fcc,6f017f37-be96-4bdc-b6d3-0a0429c72e89,0699edf3-5993-4182-b9b4-ec935cbd4fcc,1644.7982916820658,1452.0334817033904,0.7779146442547236,1.2535550130889477,1,33.51206276234226,0.729975474692547,0,0,0,1,30.03333333333333,2,0,27.355337021447365,0.5724743104679497,0,0,0,1,21.7,2,0,31.61995459218548,0.4935859421793976,0,0,0,1,26.266666666666666,2,0,27.29748865570429,0.5067991174642344,0,0,0,1,26.5,2,0,17.525372527281828,0.5139260447539963,0,0,0,1,22.65,2,0,23.713585123331573,0.3627852016240369,4,4,0,1,30.33333333333333,2,1,17.903983161133844,0.333467919414614,0,0,0,1,16.216666666666665,2,0,31.625599801455984,0.5272512968841278,0,0,0,1,31.15,3,0,33.253621747538446,0.4317147515602778,0,0,0,1,32.75,3,0,27.7695245004097,0.4854418346006474,0,0,0,1,30.6,3,0,17.02318566662012,0.757363596491366,0,0,0,1,31.266666666666666,3,0,24.630454809060243,0.4178388213969534,0,0,0,1,20.83333333333333,3,0,12.988432656502956,0.568233765306422,0,0,0,1,8.733333333333333,3,0,19.43749635462308,0.3335791005293761,0,0,0,1,33.016666666666666,3,0,12.032833146641586,-1.7437061975767798,0.4069402389970696,0.3976819177943179,0.1262025017457754,0.1419434611811232,0.1616235179061756,0.1451902790909037,0.1845007927536129,0.1955143833567639,0.3696498054474708,0.4144927536231884,0.3100478468899521,0.4001857010213556,0.6303501945525292,0.5855072463768116,0.6899521531100479,0.5998142989786444,0.1608265148820111,0.1681727632300718,0.1831683168316831,0.1502608301202086,2,3,0,0,1,1,2,2,0.0,1278.1,0,2
1183d00a-19a0-47b0-9882-49ea78f1dd9a,2024-06-23 19:00:00+00:00,2024-06-23,2024,0,5d70a9af-8c2b-4aec-9e68-9acc6ddb93e4,08ed8274-e29f-4248-bc2e-83cc8ed18d75,5d70a9af-8c2b-4aec-9e68-9acc6ddb93e4,08ed8274-e29f-4248-bc2e-83cc8ed18d75,1412.981178555081,1678.8032019379111,0.2000018173429878,-1.3862830027649204,0,28.50377428301352,0.498598571416637,0,0,0,0,0.0,2,0,32.58729078402918,0.4320417231728825,0,0,0,1,34.1,1,0,21.355592488096622,0.5715957463862943,0,0,0,1,32.43333333333333,1,0,21.105164097708165,0.5494094162101295,0,0,0,1,9.85,1,0,15.80927312190925,0.4717632999025963,0,0,0,1,26.28333333333333,1,0,21.030661151311705,0.2743056644748786,0,0,0,1,31.28333333333333,1,0,13.69030662531948,0.4069478990330922,0,0,0,1,19.73333333333333,1,0,35.057344673122195,0.7364726055478873,0,0,0,1,36.766666666666666,0,0,30.873030629834176,0.7497743473337092,0,0,0,1,31.73333333333333,0,0,33.20052441629838,0.5776794672951824,0,0,0,1,34.95,0,0,27.013936281978907,0.4076409251015533,0,0,0,0,0.0,3,0,20.262721039344868,0.3766188845254746,0,0,0,1,27.48333333333333,0,0,12.8159385844907,0.4554560135625865,0,0,0,0,0.0,17,0,15.505447703925247,0.3745076006495455,0,0,0,1,30.95,0,0,-4.017009945942356,7.867451234873969,0.3195112167341734,0.451726067123354,0.1186757011232699,0.1434544393724584,0.174251696635157,0.1852316175302281,0.2584344801528917,0.1890767042298236,0.2984913793103448,0.4326180257510729,0.3461939520333681,0.345531914893617,0.7015086206896551,0.567381974248927,0.6538060479666319,0.654468085106383,0.146227021468055,0.1633817427385892,0.1535743841110191,0.1539368531376916,1,0,0,1,2,2,3,3,8.5,753.7,0,0
2202dc7e-b511-4e86-b039-2e8a3694791a,2024-06-23 19:00:00+00:00,2024-06-23,2024,0,5c0d47fe-8539-47b0-9f36-d0b3609ca89b,5f0b5caf-708b-4300-92f2-53b51d83ec06,5c0d47fe-8539-47b0-9f36-d0b3609ca89b,5f0b5caf-708b-4300-92f2-53b51d83ec06,1429.2236558525833,1385.251954652936,0.5979746048374214,0.3970330275518691,1,28.498859696171674,0.421223331136014,0,0,0,1,25.0,0,0,27.930691418326173,0.3378915567427702,0,0,0,1,29.966666666666665,0,0,21.945659057431463,0.4157737651243464,0,0,0,1,26.183333333333334,0,0,17.147318386337822,0.4952763054298267,0,0,0,0,0.0,3,0,16.449494205109115,0.4964196884196394,0,0,0,1,13.766666666666667,0,0,19.112465564710423,0.3605631818491974,0,0,0,1,24.683333333333334,0,0,20.31682478690151,0.3012892378893972,0,0,0,1,22.23333333333333,0,0,25.36667432297021,0.6472928999500096,0,0,0,1,14.25,0,0,34.821278446651824,0.4630517718009247,0,0,0,1,33.61666666666667,0,0,28.29161656598748,0.4583151820003789,0,0,0,1,14.333333333333334,0,0,23.263094731609147,0.4474070862538237,0,0,0,0,0.0,4,0,12.392857472922186,0.6092674614723674,2,2,0,1,15.416666666666666,0,1,12.066176185004018,0.5950481412607664,5,4,0,1,22.766666666666666,0,1,22.8131807763598,0.3074321495066353,0,0,0,1,28.383333333333333,0,0,-1.2803645839324669,-9.584660304328583,0.4002889975655752,0.3592707478927744,0.1502561570808503,0.1605606114096325,0.1651478188869801,0.2295983923956558,0.1912904862209188,0.181838939392646,0.4057835820895522,0.2559467174119886,0.3612463485881207,0.3,0.5942164179104478,0.7440532825880114,0.6387536514118792,0.7,0.1804152325968691,0.1844031531531531,0.1868089447707282,0.1474257201179405,0,0,1,1,2,2,2,3,0.0,0.0,0,0
616a3906-252d-4b3b-92d0-62f5840e9854,2024-06-23 19:00:00+00:00,2024-06-23,2024,0,d6a012ed-84aa-48d3-8265-2d3f3ff2199a,a015b02d-845c-40c1-8ef4-844984f47e4d,d6a012ed-84aa-48d3-8265-2d3f3ff2199a,a015b02d-845c-40c1-8ef4-844984f47e4d,1523.3354221655388,1644.708725257727,0.3647585980436355,-0.5547693276566761,1,32.33760063089504,0.6567430459355599,0,0,0,1,34.416666666666664,2,0,27.63602126887353,0.7032851962672104,0,0,0,1,32.333333333333336,2,0,34.221339934608544,0.4416245124445258,0,0,0,1,34.5,2,0,24.46050704162529,0.4442702343169215,0,0,0,1,31.55,2,0,21.578108029777173,0.4379366965859231,0,0,0,1,26.78333333333333,2,0,17.461316911173874,0.3429475913774762,0,0,0,1,13.05,2,0,16.53164161004048,0.3359550203618493,0,0,0,1,13.2,2,0,33.67224316457786,0.6541213277468242,0,0,0,1,32.083333333333336,0,0,31.24106909236407,0.5245492181551561,0,0,0,1,31.33333333333333,0,0,21.553162004924253,0.6633347794144081,0,0,0,1,28.2,0,0,25.415597071799112,0.4097902771761968,0,0,0,1,31.9,0,0,28.060489512382645,0.3268168598201322,0,0,0,1,32.88333333333333,0,0,12.64460440191528,0.4058396439291026,0,0,0,1,3.733333333333333,0,0,18.436954668917167,0.2163878709847062,0,0,0,1,22.716666666666665,0,0,2.3352674332810777,6.293390864171435,0.3698875612845833,0.378730009607255,0.1243018314681919,0.12523573526205,0.1957924093584885,0.1972293518256597,0.1960070129134594,0.2581840298656908,0.2749077490774907,0.2457027300303336,0.3204747774480712,0.3326110509209101,0.7250922509225092,0.7542972699696663,0.6795252225519288,0.66738894907909,0.1542906836479928,0.1492156803935095,0.1827969370717946,0.1946555375607325,3,1,0,0,1,1,2,2,877.2,877.2,0,0
e7d5b626-4861-47db-ae65-8c9bcd5a4356,2024-06-23 20:00:00+00:00,2024-06-23,2024,0,3c409388-ab73-4c7f-953d-3a71062240f6,f073a15f-0486-4179-b0a3-dfd0294eb595,3c409388-ab73-4c7f-953d-3a71062240f6,f073a15f-0486-4179-b0a3-dfd0294eb595,1472.4835895286694,1419.6170771247914,0.6102196684993385,0.4482356767615132,1,32.50957360212894,0.4491793538200112,0,0,0,1,29.4,2,0,22.96336744366452,0.5471892224421169,0,0,0,1,29.05,2,0,16.749135220700737,0.5646158162723789,0,0,0,1,26.9,2,0,24.442038397731302,0.3633940774823569,0,0,0,1,25.816666666666663,2,0,16.901265845548856,0.5215969075198915,0,0,0,0,0.0,16,0,13.533693607226592,0.4684509322204276,0,0,0,1,30.616666666666667,2,0,17.27803075498831,0.3127901904717047,0,0,0,1,14.183333333333334,2,0,30.783388197384625,0.5950438713971478,0,0,0,1,25.85,1,0,25.512676861173333,0.593552552966442,0,0,0,1,32.61666666666667,1,0,27.501759066100444,0.491899466169416,0,0,0,1,34.93333333333333,1,0,31.55071801981195,0.3692489470116585,0,0,0,1,31.53333333333333,1,0,19.474245556905263,0.3247124871652957,0,0,0,1,15.716666666666669,1,0,18.937474938787727,0.3264550387558355,0,0,0,1,24.05,1,0,15.24581607461397,0.3974708222050536,0,0,0,1,20.366666666666667,1,0,-0.724502808565852,-1.9887473121602763,0.3442436579183339,0.4291403178566869,0.1307882721637664,0.1423217147119197,0.2215479993578499,0.1865040666711697,0.2135926815378699,0.2152882655882536,0.201010101010101,0.365079365079365,0.3055555555555556,0.3358778625954198,0.798989898989899,0.6349206349206349,0.6944444444444444,0.6641221374045801,0.1554632045137414,0.1642819289878113,0.1852307313923817,0.1375791241441674,2,1,0,0,1,2,2,3,0.0,586.3,0,-1
8a25b46d-3365-42ab-abca-72f74b85fba2,2024-06-27 17:00:00+00:00,2024-06-27,2024,0,5f0b5caf-708b-4300-92f2-53b51d83ec06,6f017f37-be96-4bdc-b6d3-0a0429c72e89,5f0b5caf-708b-4300-92f2-53b51d83ec06,6f017f37-be96-4bdc-b6d3-0a0429c72e89,1374.075876240826,1652.8680806740686,0.188322776437229,-1.4609453666152052,1,35.30950933849902,0.4678373639962643,0,0,0,1,40.0,3,0,23.96195619869418,0.6315896089344821,0,0,0,1,10.466666666666669,3,0,28.43853524581801,0.4619546188932893,0,0,0,1,29.85,3,0,21.06993540243142,0.4474070862538237,0,0,0,0,0.0,8,0,13.764767741329866,0.6416992629768717,9,8,0,1,30.08333333333333,3,1,23.910257452387924,0.3065005503622488,0,0,0,1,34.45,3,0,11.78387720644291,0.5987836673651529,6,6,0,1,5.933333333333334,3,1,33.83303634307476,0.7314624865820776,0,0,0,1,36.91666666666666,3,0,26.89130854925244,0.5810475083654464,0,0,0,1,22.433333333333334,3,0,31.690351870417462,0.4802072990703304,0,0,0,1,32.36666666666667,3,0,26.999183686211303,0.5167750498516748,0,0,0,1,24.133333333333333,3,0,17.49941141444731,0.5142991779987183,0,0,0,1,17.25,3,0,24.584360473242214,0.3492241677343854,8,8,0,1,32.95,3,1,17.276670010652477,0.3340966527842903,0,0,0,1,11.25,3,0,-9.621437549021769,12.770380458921355,0.3718449777613238,0.414192986208643,0.1633695482978348,0.1329454891540877,0.2410768152310258,0.1626407855133585,0.1924241645325972,0.1944772831570701,0.2654155495978552,0.3688073394495413,0.3071491615180935,0.3199285075960679,0.7345844504021448,0.6311926605504588,0.6928508384819064,0.680071492403932,0.1831283882057384,0.1623467112597547,0.1472754050073637,0.1805773163024139,3,4,0,0,1,0,3,1,1200.9,870.8,-1,0
b2acad0a-eeb8-40ea-9344-ad8ab827856d,2024-06-27 23:00:00+00:00,2024-06-27,2024,0,5c0d47fe-8539-47b0-9f36-d0b3609ca89b,a015b02d-845c-40c1-8ef4-844984f47e4d,5c0d47fe-8539-47b0-9f36-d0b3609ca89b,a015b02d-845c-40c1-8ef4-844984f47e4d,1440.3997342646933,1622.6906128294138,0.2879340483703915,-0.9054390806176552,0,28.77865366252197,0.4193997175882299,0,0,0,1,31.466666666666665,3,0,22.913972019147693,0.4338522749977628,0,0,0,1,32.21666666666667,3,0,28.044072091275687,0.3458805444200152,0,0,0,1,29.133333333333333,3,0,16.474682245794355,0.5072054593347998,0,0,0,1,16.716666666666665,3,0,15.530732041173753,0.4952763054298267,0,0,0,0,0.0,7,0,19.44125753202297,0.3567202202840516,0,0,0,1,22.6,3,0,20.517932729475497,0.3081295900670608,0,0,0,1,22.45,3,0,33.90583699986652,0.6546334689511205,0,0,0,1,36.15,3,0,31.4587466378038,0.5115636260044807,0,0,0,1,33.55,3,0,22.35264148418094,0.6525554664516378,0,0,0,1,30.03333333333333,3,0,25.38741500856312,0.3947232876422276,0,0,0,1,25.116666666666667,3,0,28.516740827911605,0.3055783722320407,0,0,0,1,32.9,3,0,12.392138244906628,0.4143858382188986,0,0,0,1,9.966666666666669,3,0,18.194637334278543,0.220128667977008,0,0,0,1,15.866666666666667,3,0,-0.2192726050925753,4.237704553768604,0.4194163090359925,0.3796095787717462,0.1504255296584966,0.1335937615334667,0.1613628296345193,0.2076433945393451,0.200192416043433,0.2577642468905483,0.4070484581497797,0.2433712121212121,0.3643835616438356,0.3272543059777102,0.5929515418502203,0.7566287878787878,0.6356164383561644,0.6727456940222898,0.1784730059578488,0.1515661839003031,0.185415694206732,0.1933798417933973,3,3,0,0,1,1,2,2,0.0,2326.8,0,3
b8884a2d-f69d-4f44-86da-0c90c0ee5811,2024-06-27 23:00:00+00:00,2024-06-27,2024,0,3c409388-ab73-4c7f-953d-3a71062240f6,171b097d-01db-4ae8-9d56-035689402ec6,3c409388-ab73-4c7f-953d-3a71062240f6,FR_LVA_ACES,1476.397440083773,1625.052297055217,0.3291980093104962,-0.7118145758468939,0,32.62651645767055,0.4260452119133648,0,0,0,1,33.75,3,0,24.203412297249564,0.5689922573319799,0,0,0,1,36.11666666666667,3,0,17.919814584314118,0.5763176432254314,0,0,0,1,29.166666666666668,3,0,23.37746639460193,0.3582182702384472,0,0,0,1,13.15,3,0,15.307876432328923,0.5215969075198915,0,0,0,0,0.0,20,0,14.883382515212478,0.4875560925949886,0,0,0,1,27.85,3,0,18.1804409411866,0.3118239416095416,0,0,0,1,26.85,3,0,33.267458964819554,0.9856990798317544,0,0,0,1,34.25,4,0,30.523598912814016,0.5614268599520182,0,0,0,1,30.916666666666668,4,0,34.69406999255869,0.3992389718542414,0,0,0,1,33.85,4,0,23.389484007655994,0.4280711775980409,0,0,0,1,20.5,4,0,26.509362052229303,0.3601623549172836,0,0,0,1,15.483333333333333,4,0,20.634375675898514,0.4111872998233549,0,0,0,1,21.78333333333333,4,0,10.929476358228577,0.525434481964439,14,14,0,1,17.216666666666665,4,1,-0.5363340349683836,2.543574388636615,0.36196896723797,0.3900856935256825,0.1361874803539437,0.1124781365590111,0.2219494706323634,0.1390386888930616,0.2421147001107394,0.2262001487686963,0.2053231939163498,0.4055727554179567,0.3144278606965174,0.3409326424870466,0.7946768060836502,0.5944272445820433,0.6855721393034826,0.6590673575129534,0.1566575932856981,0.1346385351327377,0.1816556616014532,0.1460456551417595,3,5,0,0,1,0,2,1,0.0,1525.6,0,2
b34053ac-8bfa-4748-8425-a2b1d34ed228,2024-06-28 02:00:00+00:00,2024-06-28,2024,0,d6a012ed-84aa-48d3-8265-2d3f3ff2199a,f073a15f-0486-4179-b0a3-dfd0294eb595,d6a012ed-84aa-48d3-8265-2d3f3ff2199a,f073a15f-0486-4179-b0a3-dfd0294eb595,1545.3535345938524,1415.7032265696878,0.7089394365723566,0.8902387347084473,1,32.42361830014218,0.6554927065507018,0,0,0,1,33.25,4,0,28.35226801175441,0.6897473332017209,0,0,0,1,35.233333333333334,4,0,34.505299635501615,0.4395774873664863,0,0,0,1,37.23333333333333,4,0,25.69296520212199,0.4402298403969832,0,0,0,1,37.53333333333333,4,0,22.76019739347526,0.444035705760131,0,0,0,1,34.11666666666667,4,0,16.308507426013943,0.3384214673150801,0,0,0,1,5.233333333333333,4,0,15.526186851661947,0.3336315581847117,0,0,0,1,5.866666666666667,4,0,31.305045416075952,0.5999397530730562,0,0,0,1,36.31666666666667,4,0,25.76445656737846,0.5907199107279627,0,0,0,1,28.183333333333334,4,0,28.67690487997081,0.5029247163429325,0,0,0,1,39.96666666666667,4,0,31.981178927396588,0.3744836725051755,0,0,0,1,36.11666666666667,4,0,19.97633817083045,0.3265850263473849,0,0,0,1,24.8,4,0,18.58669076891561,0.3309779431997166,0,0,0,1,15.216666666666669,4,0,15.265065786915576,0.3910553174498507,0,0,0,1,15.45,4,0,3.577475457081248,-1.9211208064401728,0.3777348820027304,0.4412860038658636,0.1307038821332002,0.1410816894940316,0.199516485671251,0.1718672821572847,0.2010972738914247,0.2141202086700969,0.2735191637630662,0.3690773067331671,0.313543599257885,0.3327961321514907,0.7264808362369338,0.6309226932668329,0.686456400742115,0.6672038678485093,0.1554315043123974,0.1623051085376247,0.1829844699527346,0.1396103104348038,3,3,0,0,1,1,1,2,0.0,1735.1,0,-2
262f2dba-5c9b-40b3-b06b-d2baa45ac29a,2024-06-28 23:30:00+00:00,2024-06-28,2024,0,a015b02d-845c-40c1-8ef4-844984f47e4d,5d70a9af-8c2b-4aec-9e68-9acc6ddb93e4,a015b02d-845c-40c1-8ef4-844984f47e4d,5d70a9af-8c2b-4aec-9e68-9acc6ddb93e4,1626.7826460082838,1402.248746959301,0.8079016096508785,1.4364325903671735,0,34.15040518182125,0.6396436212924737,0,0,0,1,36.5,0,0,32.626948599969204,0.5194500333126701,0,0,0,1,43.85,0,0,23.36429179163219,0.6257929667833639,0,0,0,1,33.083333333333336,0,0,26.05324964238052,0.3996389212158716,0,0,0,1,32.45,0,0,29.316511417755702,0.3255831447879773,0,0,0,1,37.0,0,0,11.22385285924173,0.4143858382188986,0,0,0,0,0.0,4,0,10.10683598417565,0.4158098668910292,0,0,0,1,22.216666666666665,0,0,32.124963644971864,0.42266813064326,0,0,0,1,27.683333333333334,4,0,25.81654288896231,0.498598571416637,0,0,0,0,0.0,7,0,21.411631050252883,0.5845846630871149,0,0,0,1,21.95,4,0,20.779423887209333,0.5435141676940448,0,0,0,1,17.65,4,0,15.283593950357226,0.4748092610085986,0,0,0,1,10.233333333333333,4,0,22.68703403927183,0.2751305870535438,0,0,0,1,38.6,4,0,14.046328012437892,0.3942891324316845,0,0,0,1,17.466666666666665,4,0,5.105934906746059,-6.213748141068388,0.3909595465428708,0.3263833814852732,0.1328753446991583,0.1197804171144182,0.211636620096395,0.1871543007429373,0.2696239645196681,0.2567442797664146,0.2515500442869796,0.2869910625620655,0.3327014218009478,0.3469387755102041,0.7484499557130204,0.7130089374379345,0.6672985781990521,0.6530612244897959,0.1492007571774108,0.1437081161578555,0.1978299885788872,0.1530096856616555,0,4,1,0,1,0,3,2,316.7,866.0,0,0
70b61769-68b3-4d82-82d2-3771a8b22218,2024-06-29 02:00:00+00:00,2024-06-29,2024,0,0699edf3-5993-4182-b9b4-ec935cbd4fcc,0a5ad38d-2fe3-43ba-894b-1ba3d5042ea9,0699edf3-5993-4182-b9b4-ec935cbd4fcc,0a5ad38d-2fe3-43ba-894b-1ba3d5042ea9,1443.9636927113877,1371.7111244840912,0.6364133862081757,0.5598307846388981,1,31.654611791224507,0.4971862901944746,0,0,0,1,31.933333333333334,5,0,33.28627701995919,0.4295343325709818,0,0,0,1,33.6,5,0,27.43457408245313,0.4762084517421173,0,0,0,1,24.216666666666665,5,0,18.05175441097753,0.7117917117705316,0,0,0,1,27.933333333333334,5,0,24.46888514276741,0.402529121937872,0,0,0,1,22.916666666666668,5,0,12.901531936575036,0.5640356478025839,0,0,0,1,12.066666666666666,5,0,20.249451639822965,0.3464355090124054,0,0,0,1,28.05,5,0,32.73345695415331,0.5810895480261803,0,0,0,1,31.48333333333333,6,0,22.044424071002613,0.3786893131123828,0,0,0,1,25.166666666666668,6,0,18.97135307017892,0.3767526369442308,0,0,0,1,16.183333333333334,6,0,12.986486195440593,0.4973666811544658,0,0,0,0,0.0,10,0,12.298423093281947,0.4956017259081313,0,0,0,1,15.45,6,0,13.357466159430178,0.4230521047518962,0,0,0,1,30.166666666666668,6,0,17.03146433802336,0.3283220184236086,0,0,0,0,0.0,8,0,-3.4512746965378684,-9.651809062338582,0.3939510440259845,0.3972812377676106,0.1429329444219657,0.163550383053496,0.1458486705100746,0.1768795493475399,0.1923700581538772,0.2669915020679194,0.4174932371505861,0.3458029197080292,0.3977172958735733,0.3347529812606473,0.5825067628494139,0.6541970802919708,0.6022827041264267,0.6652470187393527,0.1664681680381117,0.1881504165260945,0.1523249599144842,0.143168623742349,5,5,0,0,0,0,1,1,0.0,358.3,0,0
cc96d75c-35c0-4060-9680-dbfc4502c686,2024-06-29 18:00:00+00:00,2024-06-29,2024,0,5c0d47fe-8539-47b0-9f36-d0b3609ca89b,171b097d-01db-4ae8-9d56-035689402ec6,5c0d47fe-8539-47b0-9f36-d0b3609ca89b,FR_LVA_ACES,1436.3077010858233,1637.0348561252697,0.2666733337186535,-1.0115668190702054,0,29.552160797774487,0.4062795636973879,0,0,0,1,36.98333333333333,1,0,23.99369010482015,0.443659210475221,0,0,0,1,34.36666666666667,1,0,18.159901703779195,0.5254457410399558,0,0,0,1,34.35,1,0,25.400179735391376,0.3458805444200152,0,0,0,0,0.0,5,0,21.732406828446404,0.3213747873919352,0,0,0,1,33.4,1,0,14.066551533032754,0.4952763054298267,0,0,0,0,0.0,9,0,19.5772111544242,0.3524970532481642,0,0,0,1,20.883333333333333,1,0,33.3113798931964,0.9807509586349136,0,0,0,1,33.733333333333334,1,0,30.97704304984434,0.563302281451863,0,0,0,1,35.333333333333336,1,0,34.63806325048949,0.4085172812204323,0,0,0,1,34.1,1,0,22.78553559590755,0.4215604448077731,0,0,0,1,16.983333333333334,1,0,25.4777248282022,0.3573710642824491,0,0,0,1,15.566666666666666,1,0,21.17479506588116,0.4262158764593272,0,0,0,1,26.366666666666667,1,0,12.428833717912362,0.5345055456753476,0,0,0,1,26.83333333333333,1,0,-1.4663459975960544,3.735911846889329,0.4360251527031778,0.4068759435670614,0.1616185450385075,0.1123648001721522,0.1612343470503443,0.1425676312026896,0.2021152591467233,0.2434424194918626,0.4073150457190357,0.4038647342995169,0.3647260273972603,0.3307766059443912,0.5926849542809642,0.5961352657004831,0.6352739726027398,0.6692233940556088,0.1834252511325586,0.1326397533937992,0.181230168415914,0.1413725722406442,1,1,0,0,1,1,3,1,0.0,596.5,0,1
c6ee64f0-e68d-4a87-92f3-207db173684c,2024-06-30 01:00:00+00:00,2024-06-30,2024,0,d6a012ed-84aa-48d3-8265-2d3f3ff2199a,5f0b5caf-708b-4300-92f2-53b51d83ec06,d6a012ed-84aa-48d3-8265-2d3f3ff2199a,5f0b5caf-708b-4300-92f2-53b51d83ec06,1555.7141404245328,1390.2684835938214,0.7495649424947337,1.0962933261096393,1,32.06157030528904,0.6587371055442895,0,0,0,1,28.58333333333333,1,0,28.5500344969626,0.6980062474326723,0,0,0,1,30.45,1,0,34.47337456004042,0.4706680431928381,0,0,0,1,34.166666666666664,1,0,26.188579179703066,0.4378847991844484,0,0,0,1,30.95,1,0,23.64229103197909,0.4304303591126255,0,0,0,1,32.11666666666667,1,0,16.452262425191478,0.335923238289775,0,0,0,1,17.833333333333332,1,0,13.95320670955289,0.3697978904593603,0,0,0,1,17.316666666666666,1,0,35.63700873572412,0.4794053874653206,0,0,0,1,38.78333333333333,2,0,23.94040247268247,0.643623724203345,0,0,0,1,23.73333333333333,2,0,28.02165767906905,0.4708848150818814,0,0,0,1,24.016666666666666,2,0,15.020393302604765,0.5880066467580066,12,11,0,1,27.08333333333333,2,1,19.083539098494,0.4474070862538237,0,0,0,0,0.0,11,0,24.27382558220903,0.3057296373222934,0,0,0,1,27.766666666666666,2,0,11.160030843958548,0.5985158957149219,9,9,0,1,5.166666666666667,2,1,4.694960799928978,-8.12287175756476,0.3919551989083139,0.3882686370204312,0.1277530042019526,0.1609241838182146,0.1941748504455217,0.252191763647433,0.205034241318332,0.194130769022036,0.2783251231527093,0.2610878661087866,0.3123359580052493,0.3108894430590191,0.7216748768472906,0.7389121338912134,0.6876640419947506,0.6891105569409809,0.1521221985726805,0.1792560872379624,0.1859231433067668,0.1471926012028099,1,1,0,0,1,1,2,3,0.0,1670.8,0,-2
ec6af5ff-410d-4a2d-8a96-5bf98e663b56,2024-06-30 17:00:00+00:00,2024-06-30,2024,0,08ed8274-e29f-4248-bc2e-83cc8ed18d75,5d70a9af-8c2b-4aec-9e68-9acc6ddb93e4,08ed8274-e29f-4248-bc2e-83cc8ed18d75,5d70a9af-8c2b-4aec-9e68-9acc6ddb93e4,1689.5356335336917,1414.8200116505998,0.8488104829286968,1.7253018077136166,1,34.51299204150825,0.7488480921791129,0,0,0,1,29.28333333333333,6,0,30.885000836804128,0.7494284494868525,0,0,0,1,31.0,6,0,32.99463830989423,0.5911786418954919,0,0,0,1,31.016666666666666,6,0,24.46716135550563,0.4076409251015533,0,0,0,0,0.0,10,0,20.98273571474979,0.375599268381147,0,0,0,1,27.9,6,0,17.15791253426717,0.3736937280798511,0,0,0,1,33.03333333333333,6,0,11.607698855726102,0.4554560135625865,0,0,0,0,0.0,24,0,32.166605787340806,0.4260119313893595,0,0,0,1,32.56666666666667,1,0,22.130177213573127,0.5862891172754994,0,0,0,1,29.03333333333333,1,0,23.382653824017247,0.498598571416637,0,0,0,0,0.0,9,0,20.21727698557264,0.5455190339532633,0,0,0,1,14.816666666666666,1,0,15.46269441823776,0.4818760293168577,0,0,0,1,17.183333333333334,1,0,23.08578830489244,0.2838632541396947,0,0,0,1,26.916666666666668,1,0,17.050107815792817,0.330238434597774,0,0,0,1,22.216666666666665,1,0,9.701183934312567,-4.9759251368952775,0.4643579854039137,0.3468862471077019,0.1447677604418125,0.1306898717687333,0.1877666699776952,0.188365346198861,0.1914533173254273,0.2689267275013619,0.4283400809716599,0.2847744360902255,0.3333333333333333,0.3474264705882353,0.5716599190283401,0.7152255639097744,0.6666666666666666,0.6525735294117647,0.1623774509803921,0.1483887224570932,0.1513883418668767,0.1561236722518051,6,1,0,0,0,1,1,2,0.0,113.0,0,0
d66c2b19-a532-4f59-ac94-f52b91aa70a8,2024-06-30 19:00:00+00:00,2024-06-30,2024,0,3c409388-ab73-4c7f-953d-3a71062240f6,6f017f37-be96-4bdc-b6d3-0a0429c72e89,3c409388-ab73-4c7f-953d-3a71062240f6,6f017f37-be96-4bdc-b6d3-0a0429c72e89,1464.4148810137206,1636.675473321073,0.2999155340457565,-0.8477001115809589,0,32.90370304588841,0.4330610258132219,0,0,0,1,35.56666666666667,2,0,24.81431550839077,0.5729768206665804,0,0,0,1,30.683333333333334,2,0,19.44836572136009,0.5789382813300025,0,0,0,1,34.13333333333333,2,0,16.31952072623828,0.4807464559141198,0,0,0,1,30.116666666666667,2,0,21.70461454877186,0.3471249102169228,0,0,0,1,5.633333333333333,2,0,13.864705934388054,0.5215969075198915,0,0,0,0,0.0,23,0,19.706418991982144,0.3303680440049272,0,0,0,1,34.36666666666667,2,0,34.37515327271063,0.7368801558306619,0,0,0,1,39.583333333333336,2,0,26.3358975665382,0.5983913750354916,0,0,0,1,21.0,2,0,32.41718924588913,0.4662411332483243,0,0,0,1,39.4,2,0,26.20733942510093,0.4989969972023806,0,0,0,1,18.6,2,0,24.876520279037205,0.3660465561364582,11,11,0,1,27.683333333333334,2,1,17.68016321429733,0.5090813935975925,0,0,0,1,19.416666666666668,2,0,17.31029492180629,0.33678228280949,0,0,0,1,17.633333333333333,2,0,-1.9179067587065584,10.974943868476863,0.3713560143117161,0.4269963738361532,0.1314794996097388,0.135894346081335,0.2251983072420897,0.1767689631314483,0.2362104069501136,0.1949979446643296,0.2053097345132743,0.3689655172413793,0.3183940242763772,0.3121338912133891,0.7946902654867256,0.6310344827586207,0.6816059757236228,0.6878661087866109,0.1518097318028071,0.1613792017633629,0.1770547852277969,0.1768396320735853,2,2,0,0,1,1,2,1,0.0,817.0,0,0
e0780a27-9581-4a7a-ad48-ab86341dfce0,2024-06-30 19:00:00+00:00,2024-06-30,2024,0,0699edf3-5993-4182-b9b4-ec935cbd4fcc,f073a15f-0486-4179-b0a3-dfd0294eb595,0699edf3-5993-4182-b9b4-ec935cbd4fcc,f073a15f-0486-4179-b0a3-dfd0294eb595,1459.2564759163313,1405.342620739007,0.6116527168607983,0.4542646664049926,0,31.559900672710587,0.4982888178294075,0,0,0,1,30.65,0,0,33.229433698528894,0.4350119130887802,0,0,0,1,32.68333333333333,0,0,19.17661995132324,0.7246399033084719,0,0,0,1,29.98333333333333,0,0,27.66543413172598,0.4896325682372413,0,0,0,1,29.883333333333333,0,0,24.26912441566165,0.4025350862710807,0,0,0,1,22.35,0,0,20.72245628815385,0.3555839999048797,0,0,0,1,25.266666666666666,0,0,12.467716366822131,0.5669619719645396,0,0,0,1,8.3,0,0,31.00131420611828,0.5945985899009975,0,0,0,1,28.08333333333333,1,0,26.42145673306908,0.5870858262970355,0,0,0,1,32.733333333333334,1,0,29.59984774894972,0.4999737918546106,0,0,0,1,38.46666666666667,1,0,31.360729493298045,0.3710205953705733,0,0,0,1,25.4,1,0,18.83149271510528,0.3479554884196068,0,0,0,1,21.183333333333334,1,0,19.768018438237423,0.3174126943270656,0,0,0,1,17.766666666666666,1,0,14.223463202108633,0.3917662329583287,0,0,0,1,4.216666666666667,1,0,-1.4455203689085885,-3.19476119642978,0.4094142458291337,0.4475465468603984,0.1468905045549626,0.1534122579153208,0.1703983536751919,0.1923272840154998,0.2056595592111549,0.2200410329627045,0.4108658743633276,0.3651419558359621,0.3943427620632279,0.3340961098398169,0.5891341256366723,0.6348580441640379,0.6056572379367721,0.665903890160183,0.1660432094052981,0.1662053138382189,0.1541961577350859,0.1373307991841275,1,2,0,0,1,1,1,2,0.0,1116.2,0,0
484bed1a-8a13-43c1-b303-00e6579ec5f1,2024-07-02 02:00:00+00:00,2024-07-02,2024,0,0699edf3-5993-4182-b9b4-ec935cbd4fcc,a015b02d-845c-40c1-8ef4-844984f47e4d,0699edf3-5993-4182-b9b4-ec935cbd4fcc,a015b02d-845c-40c1-8ef4-844984f47e4d,1445.4485218233435,1614.211381316985,0.3041600692335685,-0.8275655429906392,0,31.48826002176404,0.474237108173746,0,0,0,1,30.8,1,0,33.176378084891844,0.4466404333380743,0,0,0,1,32.666666666666664,1,0,20.319567799048546,0.7279883126684942,0,0,0,1,31.3,1,0,28.086651296891738,0.4856442504695346,0,0,0,1,32.13333333333333,1,0,24.51243990874382,0.3946443853962801,0,0,0,1,26.85,1,0,21.19957723158428,0.3654452724701761,0,0,0,1,25.78333333333333,1,0,11.64898455629611,0.5622409284358375,0,0,0,1,3.783333333333333,1,0,34.313779298039734,0.6305273224956753,0,0,0,1,35.88333333333333,3,0,32.559985821957895,0.5105344399032888,0,0,0,1,31.916666666666668,3,0,23.85003881518915,0.6096791706522582,0,0,0,1,28.516666666666666,3,0,26.675167093862644,0.4010348136002696,0,0,0,1,32.65,3,0,29.25210389130116,0.3223264236038938,0,0,0,1,28.633333333333333,3,0,11.24831572753415,0.4262578366079254,0,0,0,1,11.483333333333333,3,0,10.734700417543708,0.4251753643442865,0,0,0,1,16.766666666666666,3,0,-2.192954403862423,3.972552474984808,0.4137950886962495,0.3964457689552299,0.1473665674683226,0.1409326968720577,0.1688378729269386,0.2088254469981522,0.21954473040766,0.2857503090018175,0.4109149277688603,0.2567340067340067,0.3968379446640316,0.3282374100719424,0.5890850722311396,0.7432659932659933,0.6031620553359683,0.6717625899280576,0.1647188957822344,0.1521852560439287,0.1552201738465947,0.1991468804604789,0,2,1,0,2,2,2,2,0.0,2240.6,0,-3
669d806c-4df8-4bbe-8e5b-6bead30e58b5,2024-07-02 02:00:00+00:00,2024-07-02,2024,0,d6a012ed-84aa-48d3-8265-2d3f3ff2199a,5f0b5caf-708b-4300-92f2-53b51d83ec06,d6a012ed-84aa-48d3-8265-2d3f3ff2199a,5f0b5caf-708b-4300-92f2-53b51d83ec06,1569.6228946391848,1376.3597293791695,0.7784098665875003,1.2564237766935171,1,31.763509041734345,0.6531809096494777,0,0,0,1,28.9,1,0,28.218492797376776,0.7067771995660936,0,0,0,1,25.03333333333333,1,0,34.35646801702479,0.4918463601674946,0,0,0,1,33.233333333333334,1,0,26.72231718970069,0.4407176185898085,0,0,0,1,31.85,1,0,24.20553327512843,0.4433046490663763,0,0,0,1,29.616666666666667,1,0,16.183361575186684,0.339267994016683,0,0,0,1,13.6,1,0,14.179167598493098,0.3720693042104762,0,0,0,1,16.35,1,0,35.81107345336613,0.4869149303056621,0,0,0,1,37.48333333333333,1,0,24.40483260975922,0.6459474541586336,0,0,0,1,28.866666666666667,1,0,26.585044296994987,0.4678888539215659,0,0,0,1,12.783333333333331,1,0,16.170213265004236,0.5848069627070037,14,13,0,1,27.216666666666665,1,1,17.284412959411515,0.4474070862538237,0,0,0,0,0.0,13,0,23.982465297364232,0.2977160195617239,0,0,0,1,21.183333333333334,1,0,11.157513900483528,0.5911402268019406,11,11,0,1,11.133333333333333,1,1,7.023173005084912,-10.12791307840519,0.4050420771809144,0.3988022605089443,0.1327058546158585,0.1663041307777896,0.2035970910934414,0.2512709175372861,0.2292165193015297,0.1946840986122273,0.2774746687451286,0.2608695652173913,0.3091508656224237,0.3083596214511041,0.7225253312548714,0.7391304347826086,0.6908491343775762,0.6916403785488959,0.1526085413462676,0.1803972264660947,0.1867056035617684,0.1479572355861015,1,1,0,0,2,2,2,2,0.0,0.0,0,0
7d7c8e2a-5e45-4717-ae8e-7fe532578d4c,2024-07-02 23:00:00+00:00,2024-07-02,2024,0,08ed8274-e29f-4248-bc2e-83cc8ed18d75,6f017f37-be96-4bdc-b6d3-0a0429c72e89,08ed8274-e29f-4248-bc2e-83cc8ed18d75,6f017f37-be96-4bdc-b6d3-0a0429c72e89,1692.4624192278484,1644.5458040063832,0.6034214579814989,0.4197417781013214,1,34.78202602855126,0.7476201086307777,0,0,0,1,37.36666666666667,1,0,30.76699821101696,0.7300229456583157,0,0,0,1,29.633333333333333,1,0,33.05485213635694,0.5708289056236825,0,0,0,1,33.63333333333333,1,0,25.259035938237744,0.4188436978616412,0,0,0,1,32.86666666666667,1,0,19.959893813303403,0.3681074910969878,0,0,0,1,10.133333333333333,1,0,17.61912061463693,0.3857394287438347,0,0,0,1,22.05,1,0,12.52145349245899,0.4659888139001811,0,0,0,1,21.3,1,0,34.78131270251743,0.733691331828732,0,0,0,1,38.68333333333333,1,0,26.250807117865183,0.5934237754803319,0,0,0,1,25.433333333333334,1,0,31.625218758851723,0.4782283895861704,0,0,0,1,24.016666666666666,1,0,26.30878018804344,0.4900026021254742,0,0,0,1,27.28333333333333,1,0,25.10499706686031,0.3567042786890299,13,13,0,1,27.3,1,1,17.510764677178923,0.498776451685087,0,0,0,1,15.883333333333333,1,0,16.87722448217794,0.3502167277932904,0,0,0,1,12.716666666666669,1,0,9.457850950964565,10.927469435892547,0.4663903482236922,0.4273520649630603,0.1393646433031218,0.1430659333197508,0.1824694973767368,0.1767408334395633,0.1946491715369523,0.2027215459383791,0.4349157733537519,0.3689795918367347,0.3310502283105023,0.3061863743148003,0.5650842266462481,0.6310204081632653,0.6689497716894978,0.6938136256851997,0.1584121511438289,0.1634391560596305,0.1545052321089964,0.1744513885625675,1,1,0,0,1,1,1,2,0.0,712.5,0,1
fe0a63aa-ecb6-483f-b0cb-ef12a2dafd6b,2024-07-02 23:00:00+00:00,2024-07-02,2024,0,5d70a9af-8c2b-4aec-9e68-9acc6ddb93e4,3c409388-ab73-4c7f-953d-3a71062240f6,5d70a9af-8c2b-4aec-9e68-9acc6ddb93e4,3c409388-ab73-4c7f-953d-3a71062240f6,1411.8932259564428,1456.5445503284104,0.4717495902762232,-0.1131221163912075,0,32.56728595369896,0.439470206906946,0,0,0,1,36.41666666666666,1,0,23.071666846077928,0.5834076996795025,0,0,0,1,32.11666666666667,1,0,20.322494688514524,0.5442271482224764,0,0,0,1,21.33333333333333,1,0,21.17822290170335,0.498598571416637,0,0,0,0,0.0,11,0,14.997972317632875,0.4792686509881058,0,0,0,1,10.533333333333331,1,0,22.488473399507587,0.276946805336723,0,0,0,1,16.75,1,0,12.878766557472016,0.4651776563363346,0,0,0,1,37.73333333333333,1,0,25.76987070243684,0.5595612631940089,0,0,0,1,34.95,1,0,32.978775004879864,0.4156793863460845,0,0,0,1,33.7,1,0,20.837524475006948,0.5571479161560302,0,0,0,1,34.18333333333333,1,0,17.681544707346447,0.4577007551719965,0,0,0,1,30.766666666666666,1,0,20.932977469770428,0.3557978208037565,0,0,0,1,32.71666666666667,1,0,20.345028999160565,0.3407072304205002,0,0,0,1,7.283333333333333,1,0,12.55759226283548,0.5215969075198915,0,0,0,0,0.0,25,0,-5.178072238372513,-2.724296597457203,0.3644637952057258,0.3679629938427811,0.1396555884573871,0.1344029045184929,0.184573816133067,0.2341358634568844,0.2639998404605215,0.2300373150799463,0.2846975088967972,0.2062706270627062,0.359792924935289,0.3213028169014084,0.7153024911032029,0.7937293729372937,0.640207075064711,0.6786971830985915,0.1520761703253107,0.1508690556345228,0.151993683379392,0.1782702039564484,1,1,0,0,2,1,2,2,753.7,592.7,0,1
c2d5b8bf-1168-4572-bab8-3c16c00cf527,2024-07-03 01:30:00+00:00,2024-07-03,2024,0,171b097d-01db-4ae8-9d56-035689402ec6,f073a15f-0486-4179-b0a3-dfd0294eb595,FR_LVA_ACES,f073a15f-0486-4179-b0a3-dfd0294eb595,1645.7635638093093,1419.150574831995,0.809752192615353,1.4484007940570969,1,33.2254583364023,0.9564162747652136,0,0,0,1,32.4,3,0,31.016917881279127,0.5729914139890138,0,0,0,1,31.4,3,0,34.64861623706754,0.3944152888425572,0,0,0,1,34.75,3,0,22.94716901767536,0.4394392365064142,0,0,0,1,24.5,3,0,21.36101014939773,0.4204759588004242,0,0,0,1,23.15,3,0,24.48835205228594,0.3533838045514172,0,0,0,1,14.983333333333333,3,0,13.71927245248868,0.5940833257267429,0,0,0,1,26.116666666666667,3,0,31.30915967098562,0.5954267774018487,0,0,0,1,34.266666666666666,2,0,26.98666315757729,0.5914819579911953,0,0,0,1,32.416666666666664,2,0,30.526912737359105,0.4991161126997855,0,0,0,1,39.43333333333333,2,0,30.39338551469065,0.379288534598476,0,0,0,1,21.1,2,0,18.89294586007577,0.3484057990800204,0,0,0,1,19.48333333333333,2,0,19.590337232530675,0.3180103542829574,0,0,0,1,17.883333333333333,2,0,14.54336199115418,0.3841371989600575,0,0,0,1,17.616666666666667,2,0,4.348138251996291,-2.009858418712101,0.4201446876972064,0.4532398911058993,0.1167983389357229,0.1569838011885858,0.1453814179824793,0.2015659215011158,0.2564063547855717,0.245686313644648,0.4034608378870674,0.3688955672426747,0.3330324909747292,0.3379260333575054,0.5965391621129326,0.6311044327573253,0.6669675090252708,0.6620739666424945,0.1336972870592167,0.1665433012583271,0.1428690900981266,0.1375652059076002,2,1,0,0,1,1,2,2,2087.3,254.5,-3,0
167e3067-7c1a-41fd-a6b6-59d7f69b3301,2024-07-03 02:00:00+00:00,2024-07-03,2024,0,0a5ad38d-2fe3-43ba-894b-1ba3d5042ea9,5c0d47fe-8539-47b0-9f36-d0b3609ca89b,0a5ad38d-2fe3-43ba-894b-1ba3d5042ea9,5c0d47fe-8539-47b0-9f36-d0b3609ca89b,1356.4183412791476,1427.5789934017837,0.4339576196343047,-0.2657220736511633,0,32.648596597472896,0.5932251610292241,0,0,0,1,31.83333333333333,3,0,23.02070982402537,0.3837469809102813,0,0,0,1,32.4,3,0,19.937243694522955,0.3871347294435598,0,0,0,1,29.216666666666665,3,0,15.345992961308648,0.4069784005741387,0,0,0,1,34.45,3,0,12.298571758269125,0.4901789542944961,0,0,0,1,12.3,3,0,11.762167862847097,0.4973666811544658,0,0,0,0,0.0,14,0,21.15150932694069,0.2542551560786728,0,0,0,1,29.45,3,0,30.123900189143672,0.4030313458713196,0,0,0,1,35.61666666666667,3,0,24.762637114865743,0.4677528458481234,0,0,0,1,32.15,3,0,18.14796930159347,0.536759790539726,0,0,0,1,18.03333333333333,3,0,23.005543862900502,0.3458805444200152,0,0,0,0,0.0,9,0,14.652646941235924,0.5028231049428814,0,0,0,1,20.28333333333333,3,0,22.75382114640653,0.314944761279211,0,0,0,1,32.56666666666667,3,0,20.5802600343456,0.3383200401510177,0,0,0,1,30.216666666666665,3,0,-10.422252666337876,-2.292538754686161,0.4107063107161992,0.443506872050769,0.1666170082576629,0.1631228455983034,0.1727741716665481,0.15989793063565,0.2642672681841121,0.1990150299348966,0.3451251078515962,0.4053627760252365,0.333065164923572,0.3663688058489033,0.6548748921484038,0.5946372239747634,0.666934835076428,0.6336311941510967,0.1880854621001647,0.1826184678778797,0.1441118258287976,0.1796726480270783,3,2,0,0,1,1,1,2,358.3,2298.4,0,-3
d658cfce-563e-4859-866b-03278de19e5e,2024-07-04 00:00:00+00:00,2024-07-04,2024,0,5f0b5caf-708b-4300-92f2-53b51d83ec06,0699edf3-5993-4182-b9b4-ec935cbd4fcc,5f0b5caf-708b-4300-92f2-53b51d83ec06,0699edf3-5993-4182-b9b4-ec935cbd4fcc,1362.7769381745743,1435.264481929075,0.4320823389228072,-0.2733602758800393,0,36.07557450108215,0.4883371273527091,0,0,0,1,38.61666666666667,1,0,24.4530864491494,0.6379406586960192,0,0,0,1,24.916666666666668,1,0,25.83067230772164,0.4639980944681973,0,0,0,1,18.58333333333333,1,0,17.145638979577207,0.5774366600285695,0,0,0,1,26.516666666666666,1,0,15.654901840248751,0.4474070862538237,0,0,0,0,0.0,15,0,23.12777502194077,0.2970845851851965,0,0,0,1,14.916666666666666,1,0,11.527625771374156,0.5833880601682458,13,13,0,1,15.083333333333334,1,1,21.540172838700503,0.7087482661516833,0,0,0,1,33.266666666666666,1,0,33.54942532638661,0.4547296539039165,0,0,0,1,37.13333333333333,1,0,31.990602675557312,0.4762688166436299,0,0,0,1,36.81666666666667,1,0,25.4387447295234,0.4856442504695346,0,0,0,0,0.0,3,0,25.542021723778515,0.3698546949823709,0,0,0,1,35.43333333333333,1,0,12.813393034948412,0.5591181474544219,0,0,0,1,24.0,1,0,19.2009587710362,0.3654452724701761,0,0,0,0,0.0,3,0,-11.272346887398465,-3.8058914805377055,0.4037810543921581,0.4179939912007514,0.1717427350832263,0.1436764541155087,0.2527223723511163,0.1599038892106583,0.2052211303139141,0.2271297584154853,0.2614920874152223,0.4050535987748851,0.3106796116504854,0.3942598187311178,0.7385079125847777,0.5949464012251149,0.6893203883495146,0.6057401812688822,0.1815480180542521,0.1621285990249287,0.147768803862293,0.1558447467807253,1,1,0,0,2,2,3,3,1670.8,866.9,2,2
499f9409-e053-4908-92c8-b756a2fe72b6,2024-07-05 00:00:00+00:00,2024-07-05,2024,0,6f017f37-be96-4bdc-b6d3-0a0429c72e89,a015b02d-845c-40c1-8ef4-844984f47e4d,6f017f37-be96-4bdc-b6d3-0a0429c72e89,a015b02d-845c-40c1-8ef4-844984f47e4d,1632.5547673089686,1624.3954212112533,0.5475757692174024,0.1908805400450744,0,34.992053683330575,0.7262040268890795,0,0,0,1,37.016666666666666,2,0,26.62626509643245,0.5846642048028207,0,0,0,1,30.23333333333333,2,0,32.13507598417481,0.4708252763937054,0,0,0,1,37.03333333333333,2,0,26.32052260218577,0.4839279024233634,0,0,0,1,26.433333333333334,2,0,24.84840858295757,0.3507028766786523,0,0,0,1,22.383333333333333,2,0,16.77910822090439,0.4941904322292603,0,0,0,1,9.75,2,0,16.684533914021436,0.3475035546273796,0,0,0,1,14.833333333333334,2,0,34.788575731778806,0.6307626714480384,0,0,0,1,39.35,2,0,32.59046984049976,0.4900521710990079,0,0,0,1,32.88333333333333,2,0,24.12815034625682,0.6107149157549856,0,0,0,1,26.8,2,0,26.93205435574641,0.4111713007428385,0,0,0,1,29.4,2,0,28.6485369954275,0.325906370914561,0,0,0,1,22.85,2,0,11.770039954688468,0.449376000859597,0,0,0,1,21.716666666666665,2,0,11.29404141017639,0.4127038385513771,0,0,0,1,11.733333333333333,2,0,9.431410327103336,5.417715566431653,0.4292761628670423,0.4078063864036266,0.1431520193301746,0.1462044124318721,0.1738748922249273,0.2295422929336118,0.1976807962985367,0.2955626088307909,0.3707430340557275,0.2606255012028869,0.3128698224852071,0.325938566552901,0.6292569659442725,0.739374498797113,0.6871301775147929,0.674061433447099,0.1619857688139107,0.1529828706438275,0.1710763881149276,0.19478610280786,1,2,0,0,2,1,3,3,1019.2,1278.1,-1,2
9ac9dd98-9aa7-4460-a722-8f85c74b71e5,2024-07-05 02:00:00+00:00,2024-07-05,2024,0,171b097d-01db-4ae8-9d56-035689402ec6,5c0d47fe-8539-47b0-9f36-d0b3609ca89b,FR_LVA_ACES,5c0d47fe-8539-47b0-9f36-d0b3609ca89b,1655.0545768581349,1433.159032405483,0.8055335190095791,1.421245000458312,1,33.50274468041609,0.9569808147514196,0,0,0,1,36.16666666666666,1,0,31.69254127046132,0.5659173847611543,0,0,0,1,38.18333333333333,1,0,34.904864071916066,0.4184321426753824,0,0,0,1,37.36666666666667,1,0,21.807784747603048,0.4300381662120604,0,0,0,1,26.1,1,0,20.783794007172112,0.4394392365064142,0,0,0,0,0.0,5,0,24.432884376673613,0.3477755916797541,0,0,0,1,23.9,1,0,14.303540070113447,0.5595264575008898,0,0,0,1,19.916666666666668,1,0,30.209638213574827,0.4036536614544078,0,0,0,1,31.03333333333333,1,0,24.94999840545411,0.4772950879586267,0,0,0,1,26.75,1,0,18.679250773044885,0.5489341096029929,0,0,0,1,23.78333333333333,1,0,23.27669456606033,0.3309614410285691,0,0,0,1,28.3,1,0,15.274621213173509,0.4923957553830204,0,0,0,1,21.25,1,0,21.30804883114297,0.3483830118524056,0,0,0,1,28.3,1,0,20.83666548589028,0.3458805444200152,0,0,0,0,0.0,11,0,6.531501986814467,-2.022756344818114,0.429000989644768,0.4551648298467856,0.1173575074609201,0.1623607076010854,0.1490420840360436,0.1630703723666517,0.254806510345018,0.1943237170422097,0.4003421727972626,0.4044943820224719,0.3333333333333333,0.3725793958171959,0.5996578272027374,0.5955056179775281,0.6666666666666666,0.627420604182804,0.1324972451067849,0.1808156796214032,0.1441053729786124,0.1797288030614728,1,1,0,0,1,1,3,3,0.8,224.7,0,0
1a8823fd-345d-4c4c-a2d7-c339e8c10385,2024-07-05 23:30:00+00:00,2024-07-05,2024,0,5f0b5caf-708b-4300-92f2-53b51d83ec06,5d70a9af-8c2b-4aec-9e68-9acc6ddb93e4,5f0b5caf-708b-4300-92f2-53b51d83ec06,5d70a9af-8c2b-4aec-9e68-9acc6ddb93e4,1350.5664016109697,1398.2694186600963,0.4673741553527399,-0.1306890715582731,1,36.43455605115354,0.4934686101048781,0,0,0,1,39.88333333333333,0,0,23.604308448408315,0.6212841100689234,0,0,0,1,15.45,0,0,18.70003838798601,0.6324898444436912,0,0,0,1,33.63333333333333,0,0,24.148090586576348,0.4658474905562541,0,0,0,1,7.983333333333333,0,0,12.601342814530849,0.5824627424778739,14,14,0,1,22.916666666666668,0,1,22.65220354370447,0.3035444233787628,0,0,0,1,18.08333333333333,0,0,18.29609963686186,0.360674871579893,0,0,0,1,37.86666666666667,0,0,32.76363660237032,0.441866903770603,0,0,0,1,34.65,2,0,24.062668244976265,0.5885040123171302,0,0,0,1,33.583333333333336,2,0,20.34865687242868,0.5418721083520185,0,0,0,1,20.6,2,0,19.181617649128544,0.498598571416637,0,0,0,0,0.0,14,0,14.866176610065954,0.4874387178917742,0,0,0,1,13.6,2,0,15.435657067076749,0.4481741270746502,0,0,0,1,40.0,2,0,22.858809066798536,0.2746351068134715,0,0,0,1,26.416666666666668,2,0,-11.283049896153097,-5.9953798627516175,0.4156664429896527,0.376548443602306,0.16852094023445,0.1471740866130161,0.2671963945201083,0.1968025785922719,0.2337153567446448,0.2612935700990123,0.2611190817790531,0.2869127516778523,0.3126780626780627,0.3506916192026037,0.7388809182209469,0.7130872483221476,0.6873219373219374,0.6493083807973963,0.1784272908789668,0.154474785728523,0.1459217299532619,0.1504301556516982,1,2,0,0,2,1,3,3,0.0,733.7,0,-1
a763f1e7-1981-4aed-a034-e138ed87c673,2024-07-06 02:00:00+00:00,2024-07-06,2024,0,0a5ad38d-2fe3-43ba-894b-1ba3d5042ea9,171b097d-01db-4ae8-9d56-035689402ec6,0a5ad38d-2fe3-43ba-894b-1ba3d5042ea9,FR_LVA_ACES,1350.838302275448,1665.4476323635024,0.1588078253404355,-1.667125315631865,1,33.04940333199911,0.5945790018903485,0,0,0,1,36.9,2,0,24.205067935715032,0.3930353695845521,0,0,0,1,35.583333333333336,2,0,20.87021076378592,0.3878768313131998,0,0,0,1,29.83333333333333,2,0,16.721233959718315,0.4293457605592863,0,0,0,1,29.933333333333334,2,0,12.460547450679684,0.4830115247009847,0,0,0,1,14.016666666666667,2,0,10.653273776425037,0.4973666811544658,0,0,0,0,0.0,17,0,21.358774971746705,0.247517422218606,0,0,0,1,23.35,2,0,32.81583994339248,0.9661738264435296,0,0,0,1,26.216666666666665,0,0,31.26114458002771,0.5807813002863851,0,0,0,1,27.116666666666667,0,0,34.01506540459525,0.4392299133693659,0,0,0,1,25.466666666666665,0,0,21.33055332379996,0.4277275174224979,0,0,0,1,26.58333333333333,0,0,20.97899034790905,0.4307851936664432,0,0,0,1,13.016666666666667,0,0,14.934857774706728,0.5531990494592435,0,0,0,1,21.0,0,0,23.49016334530146,0.3509248108466504,0,0,0,1,14.433333333333334,0,0,-9.493331131383062,8.474935230005995,0.4261953177264402,0.4526347952595275,0.1695357459101146,0.1276585763975686,0.1764836664626737,0.1507036651053367,0.2676360192055546,0.2469880314326297,0.3527481542247744,0.3982157339821573,0.3358778625954198,0.3322709163346614,0.6472518457752255,0.6017842660178426,0.6641221374045801,0.6677290836653387,0.1877368642680016,0.1370627635822376,0.1441006940359957,0.1450165908811601,2,0,0,1,1,2,2,3,0.0,224.7,0,0
deb25adf-84ab-461d-9c3c-9f690af62576,2024-07-06 02:00:00+00:00,2024-07-06,2024,0,d6a012ed-84aa-48d3-8265-2d3f3ff2199a,3c409388-ab73-4c7f-953d-3a71062240f6,d6a012ed-84aa-48d3-8265-2d3f3ff2199a,3c409388-ab73-4c7f-953d-3a71062240f6,1583.20568584378,1470.168357624757,0.6888196291312866,0.7946067355846221,0,30.736194671519176,0.6643781249602521,0,0,0,1,20.866666666666667,3,0,27.869498194241302,0.7047488048169598,0,0,0,1,24.516666666666666,3,0,33.51208503124218,0.5087767969332826,0,0,0,1,25.4,3,0,26.62279432657115,0.4363049887874878,0,0,0,1,25.666666666666668,3,0,24.31185813205894,0.4378167090193495,0,0,0,1,25.33333333333333,3,0,16.44261883592249,0.3405580499127466,0,0,0,1,18.933333333333334,3,0,14.644656918340878,0.3786457413857318,0,0,0,1,19.116666666666667,3,0,26.739043623504344,0.5677831585527373,0,0,0,1,36.05,3,0,31.64205205219329,0.4105476355770969,0,0,0,1,18.8,3,0,21.577198585055744,0.5747330685999521,0,0,0,1,28.683333333333334,3,0,18.54591307669801,0.4592742214629682,0,0,0,1,26.85,3,0,21.43424687094673,0.3491932865992108,0,0,0,1,26.25,3,0,20.570189580409004,0.3516322766419394,0,0,0,1,22.73333333333333,3,0,11.373708478627435,0.5215969075198915,0,0,0,0,0.0,29,0,8.46031033160383,-1.1619825956009766,0.414658280050705,0.3817577637610775,0.1355635881553733,0.1348722826164658,0.2149038708226543,0.2382502632235667,0.2434583900656073,0.232592726263778,0.2813884785819793,0.2059282371294852,0.3074509803921568,0.3214285714285714,0.7186115214180206,0.7940717628705148,0.6925490196078431,0.6785714285714286,0.1521695347640253,0.1494423967488895,0.1875596780793889,0.1791228408761941,3,2,0,0,1,1,2,2,0.0,2180.7,0,-3
958e3a1b-207d-4d7e-86bd-751c58cd56ce,2024-07-06 17:00:00+00:00,2024-07-06,2024,0,f073a15f-0486-4179-b0a3-dfd0294eb595,08ed8274-e29f-4248-bc2e-83cc8ed18d75,f073a15f-0486-4179-b0a3-dfd0294eb595,08ed8274-e29f-4248-bc2e-83cc8ed18d75,1409.8595617831695,1704.453455925263,0.1748109792520303,-1.5519072045344977,1,31.707399285384675,0.6002888574258746,0,0,0,1,35.53333333333333,2,0,26.91878452667139,0.5807396596091811,0,0,0,1,26.266666666666666,2,0,31.207878937182937,0.4970044708395001,0,0,0,1,37.75,2,0,30.868533327333395,0.381284454095484,0,0,0,1,35.43333333333333,2,0,17.754438508395133,0.3456384322750246,0,0,0,1,6.816666666666666,2,0,18.909316041016343,0.3163261723070341,0,0,0,1,12.366666666666667,2,0,15.7774365241853,0.35887981789226,0,0,0,1,27.633333333333333,2,0,35.07283464497542,0.7412800778491191,0,0,0,1,37.86666666666667,3,0,30.999515249046176,0.7401338734162923,0,0,0,1,33.233333333333334,3,0,33.38907568658385,0.5623939559683985,0,0,0,1,36.6,3,0,25.520586530889545,0.4192093967200005,0,0,0,1,28.03333333333333,3,0,18.399811579761515,0.3798065779497227,0,0,0,1,25.9,3,0,19.20475037494996,0.363494103773146,0,0,0,1,11.95,3,0,12.99081261448168,0.4491790302603036,0,0,0,1,17.5,3,0,-4.413666608137914,9.032056750874606,0.448465502856761,0.4620168361796412,0.1597810198415934,0.1377173639015909,0.2104173969347491,0.1882611700087668,0.2384406922091664,0.1964106458474154,0.3671875,0.4344677769732078,0.3386206896551724,0.33454018826937,0.6328125,0.5655322230267922,0.6613793103448276,0.66545981173063,0.1663088988544345,0.155880336966856,0.1364256480218281,0.1535386470732742,3,3,0,0,1,1,2,2,1594.6,645.2,3,0
d136d18d-5bae-4072-b9e4-58f082f0a971,2024-07-07 00:00:00+00:00,2024-07-07,2024,0,6f017f37-be96-4bdc-b6d3-0a0429c72e89,5c0d47fe-8539-47b0-9f36-d0b3609ca89b,6f017f37-be96-4bdc-b6d3-0a0429c72e89,5c0d47fe-8539-47b0-9f36-d0b3609ca89b,1621.1750267047553,1422.7659769001154,0.7834771595907486,1.2860458693003205,1,34.00918639676886,0.7216706056323999,0,0,0,1,24.566666666666663,1,0,26.9820389951802,0.584983414813396,0,0,0,1,30.4,1,0,32.02806517960477,0.4725756551957184,0,0,0,1,31.0,1,0,26.50085538887504,0.480005338672377,0,0,0,1,28.23333333333333,1,0,25.560344950732468,0.3487456659583206,0,0,0,1,32.4,1,0,16.735510925678753,0.4869405926318617,0,0,0,1,16.316666666666666,1,0,15.623811950642358,0.3365395860737898,0,0,0,1,5.433333333333334,1,0,30.0233194311683,0.4068295147793968,0,0,0,1,28.23333333333333,1,0,22.597803979166525,0.4772950879586267,1,1,1,0,0.0,3,1,18.68906329544291,0.5502323815089747,0,0,0,1,18.78333333333333,1,0,23.459588027135748,0.3438785625823683,0,0,0,1,25.216666666666665,1,0,15.988800167008442,0.4866722398289284,0,0,0,1,22.85,1,0,21.93737019400541,0.3337563439296183,0,0,0,1,27.98333333333333,1,0,18.87226101492182,0.3458805444200152,0,0,0,0,0.0,13,0,8.260555836083336,-4.391257605903137,0.4412657982920423,0.4546779086141302,0.1517062500190574,0.1635358118978752,0.1768924383374722,0.1665519623400222,0.1927294497204537,0.2029396849774508,0.3722304283604136,0.4,0.308885754583921,0.3719557195571956,0.6277695716395865,0.6,0.691114245416079,0.6280442804428045,0.1644552210323073,0.1797759959271986,0.1716040462427745,0.1814231166803789,1,1,0,0,2,2,3,3,0.0,1298.0,0,2
4a80e29e-39df-4150-bbb8-797d1311f4ac,2024-07-07 17:00:00+00:00,2024-07-07,2024,0,a015b02d-845c-40c1-8ef4-844984f47e4d,5d70a9af-8c2b-4aec-9e68-9acc6ddb93e4,a015b02d-845c-40c1-8ef4-844984f47e4d,5d70a9af-8c2b-4aec-9e68-9acc6ddb93e4,1635.7751618154666,1389.899424442872,0.8262508872907649,1.559286087319767,1,35.27988971575285,0.6352395041583454,0,0,0,1,40.0,1,0,32.880482405273774,0.5006183814742611,0,0,0,1,35.666666666666664,1,0,24.255912032530286,0.6008201220220566,0,0,0,1,25.48333333333333,1,0,27.573254016072223,0.4180571211705101,0,0,0,1,33.733333333333334,1,0,25.947657903298687,0.325906370914561,0,0,0,0,0.0,4,0,13.427414170147363,0.4449326618688292,0,0,0,1,29.35,1,0,10.881358559214572,0.4077704715374635,0,0,0,1,6.916666666666667,1,0,33.11588725247731,0.4468564115185063,0,0,0,1,36.5,1,0,24.69626792321605,0.5797585841636129,0,0,0,1,30.78333333333333,1,0,20.64732522740549,0.5311927075931795,0,0,0,1,23.516666666666666,1,0,17.373245023677928,0.498598571416637,0,0,0,0,0.0,16,0,14.701239223268413,0.495648207573054,0,0,0,1,13.116666666666667,1,0,24.009721148502123,0.2851744668770233,0,0,0,1,35.06666666666667,1,0,13.98043987911382,0.4481741270746502,0,0,0,0,0.0,4,0,5.188648879325232,-5.897126239015467,0.416498062471762,0.3951418156330609,0.1513422885298622,0.1629007608544797,0.2339091516900164,0.200004830096738,0.2862676303709753,0.2660245300699175,0.2589489718202589,0.2777334397446129,0.3298217179902755,0.3482280431432973,0.741051028179741,0.722266560255387,0.6701782820097245,0.6517719568567026,0.1544319151803764,0.1625777673435849,0.195744879174143,0.1529535864978903,2,1,0,0,1,1,2,3,1090.0,1498.5,1,1
3f4e0e56-e37e-4e4a-b7dc-9e4c9ffa9dc4,2024-07-07 19:30:00+00:00,2024-07-07,2024,0,171b097d-01db-4ae8-9d56-035689402ec6,5f0b5caf-708b-4300-92f2-53b51d83ec06,FR_LVA_ACES,5f0b5caf-708b-4300-92f2-53b51d83ec06,1650.87783800991,1358.9363958281938,0.8611006229537278,1.8244616002991347,1,33.63140818795065,0.9711356820966128,0,0,0,1,41.46666666666667,0,0,31.82418065201368,0.5759744784911156,0,0,0,1,37.23333333333333,0,0,34.57458929108338,0.4409891346831148,0,0,0,1,39.95,0,0,21.296796785639188,0.4281390198167666,0,0,0,1,24.35,0,0,20.21521210670164,0.4202420894065816,0,0,0,1,9.5,0,0,23.37638783391676,0.360416057817344,0,0,0,1,22.28333333333333,0,0,16.229442400069015,0.5110749782023557,0,0,0,1,28.666666666666668,0,0,36.64813380546629,0.4890161421595839,0,0,0,1,38.7,1,0,24.02186068544302,0.6294973131400244,0,0,0,1,28.03333333333333,1,0,19.24212369938989,0.6137469023303245,0,0,0,1,24.45,1,0,23.510334060596435,0.464318302917848,0,0,0,1,17.383333333333333,1,0,20.23384604818328,0.3834499747548222,0,0,0,1,38.85,1,0,12.365525379557074,0.5656431105819104,0,0,0,1,10.1,1,0,20.397626625745,0.3278994174231523,0,0,0,1,35.38333333333333,1,0,7.875270810781077,-9.75235647494624,0.4613215416696443,0.4236171017241791,0.128827362180009,0.1723869365665303,0.1456193921387637,0.2632943023664909,0.2546593136076553,0.2417406508445501,0.3961538461538461,0.2631578947368421,0.3340790454884415,0.3037542662116041,0.6038461538461538,0.7368421052631579,0.6659209545115585,0.6962457337883959,0.1369718061466832,0.1792205169628433,0.1381119689334751,0.1534118802160039,1,1,0,0,2,2,3,3,224.7,1054.3,0,-2
02e1670e-07a0-422f-9b9c-5ad2edf1c445,2024-07-07 22:00:00+00:00,2024-07-07,2024,0,d6a012ed-84aa-48d3-8265-2d3f3ff2199a,3c409388-ab73-4c7f-953d-3a71062240f6,d6a012ed-84aa-48d3-8265-2d3f3ff2199a,3c409388-ab73-4c7f-953d-3a71062240f6,1571.6264165501466,1481.7476269183903,0.6595513380332678,0.6612954712682023,1,30.891480869004265,0.6585893292171648,0,0,0,1,32.38333333333333,0,0,28.474171069170296,0.6899990034062934,0,0,0,1,34.28333333333333,0,0,33.80634488408584,0.4996230518835611,0,0,0,1,36.63333333333333,0,0,27.39842513080922,0.4385902540233726,0,0,0,1,34.85,0,0,25.09009123290479,0.4454499498053602,0,0,0,1,32.56666666666667,0,0,14.162780059984897,0.3928916593439455,0,0,0,1,9.533333333333331,0,0,16.168342059128246,0.3392356313024103,0,0,0,1,13.533333333333331,0,0,27.09832662633045,0.5889556365828719,0,0,0,1,30.55,0,0,22.90078819147386,0.5954311422853743,0,0,0,1,35.61666666666667,0,0,31.438535961494257,0.4065309275626938,0,0,0,1,29.48333333333333,0,0,19.97929868003997,0.4500034315270836,0,0,0,1,33.75,0,0,22.35492629165716,0.3438012018943269,0,0,0,1,31.2,0,0,19.4605392358489,0.3480293796275767,0,0,0,1,8.8,0,0,10.301436919531904,0.5215969075198915,0,0,0,0,0.0,30,0,6.829102091790226,-0.2188339517388183,0.4205613406989382,0.3935599052988697,0.1395304856177493,0.1384035554427708,0.2189728983101449,0.2557849226400621,0.2576451877087168,0.2381620009024547,0.2816901408450704,0.2053175775480059,0.3014105419450631,0.3196850393700787,0.7183098591549296,0.794682422451994,0.6985894580549369,0.6803149606299213,0.1526660708966339,0.1493121574767923,0.1854767399227899,0.1782327536960446,1,1,0,0,1,1,2,3,0.0,0.0,0,0
79bfce63-6494-4629-a9e3-31a17161386c,2024-07-07 23:00:00+00:00,2024-07-07,2024,0,0a5ad38d-2fe3-43ba-894b-1ba3d5042ea9,0699edf3-5993-4182-b9b4-ec935cbd4fcc,0a5ad38d-2fe3-43ba-894b-1ba3d5042ea9,0699edf3-5993-4182-b9b4-ec935cbd4fcc,1365.4080966290403,1447.4750184926795,0.4186047626299991,-0.3285036089656789,0,33.4045671149445,0.6040450729542025,0,0,0,1,36.81666666666667,0,0,25.670587170002324,0.4066518261174098,0,0,0,1,39.75,0,0,22.811969155459543,0.37695322410921,0,0,0,1,41.46666666666667,0,0,18.78074130789881,0.4407417085546026,0,0,0,1,38.56666666666667,0,0,12.520832693906703,0.4846375448317429,0,0,0,1,13.1,0,0,20.426183248039184,0.2410749674967797,0,0,0,1,11.466666666666669,0,0,11.678006391016012,0.4191591355540607,0,0,0,1,9.033333333333331,0,0,22.62684844068585,0.727358365023693,0,0,0,1,33.06666666666667,2,0,32.013486432543246,0.4935385477291084,0,0,0,1,32.233333333333334,2,0,33.23836759658002,0.4611000492509028,0,0,0,1,30.25,2,0,25.91433005838665,0.4873148750246478,0,0,0,1,30.48333333333333,2,0,25.62762258858865,0.3731581637843716,0,0,0,1,26.45,2,0,19.27786072246724,0.3785531230506768,0,0,0,1,20.016666666666666,2,0,12.257471280108406,0.5532095737769392,0,0,0,1,6.916666666666667,2,0,-8.797656078247659,-2.37366740909868,0.4271240521900963,0.4387788637052224,0.1566240944291486,0.1408552168360614,0.1801795447006554,0.1629588010305605,0.2774838427893832,0.2390761158543746,0.3532567049808429,0.4026258205689278,0.3369644153957879,0.3874910136592379,0.6467432950191571,0.5973741794310722,0.6630355846042121,0.612508986340762,0.1787172075987909,0.1595849693991708,0.143665310138187,0.1539608453260728,1,3,0,0,1,1,2,3,0.0,1221.9,0,-2
6c7dab67-056a-459e-a6c6-3a50a3e9393a,2024-07-10 02:00:00+00:00,2024-07-10,2024,0,0a5ad38d-2fe3-43ba-894b-1ba3d5042ea9,6f017f37-be96-4bdc-b6d3-0a0429c72e89,0a5ad38d-2fe3-43ba-894b-1ba3d5042ea9,6f017f37-be96-4bdc-b6d3-0a0429c72e89,1355.8002160616138,1626.0734817635175,0.1959335390657039,-1.4119064132879282,0,33.60211684912844,0.60578952477008,0,0,0,1,35.5,2,0,25.583797584888845,0.3956124750799758,0,0,0,1,24.75,2,0,24.15427853158029,0.3857547455835792,0,0,0,1,37.05,2,0,17.567963488087848,0.4415531787653633,0,0,0,1,5.916666666666667,2,0,11.681380548072708,0.4780398637888217,0,0,0,1,3.616666666666666,2,0,11.854491088992408,0.4248236982847365,0,0,0,1,13.55,2,0,20.145599596934908,0.2407377976283502,0,0,0,1,17.45,2,0,30.802924921915704,0.7216706056323999,0,0,0,0,0.0,4,0,27.184855142471083,0.5781487296281832,0,0,0,1,29.133333333333333,2,0,32.21711451330658,0.4664979099849966,0,0,0,1,34.03333333333333,2,0,27.10414329465727,0.4831072321173432,0,0,0,1,32.9,2,0,26.060605518347604,0.3531950694891187,0,0,0,1,30.866666666666667,2,0,17.33710290670043,0.4886089445266901,0,0,0,1,23.116666666666667,2,0,15.110903561951895,0.3268313997103131,0,0,0,1,10.183333333333334,2,0,-9.00638008122981,8.396046146898918,0.4264524226540213,0.4427626292227634,0.1531676899535206,0.1545095484908439,0.1861871056799954,0.191641112676957,0.275207021251707,0.1934148905595943,0.3514492753623188,0.3735955056179775,0.3377437325905292,0.3152909336941813,0.6485507246376812,0.6264044943820225,0.6622562674094707,0.6847090663058186,0.1752103573451958,0.1640132492787691,0.1455068755996162,0.1734521556898411,1,2,0,0,2,1,3,3,0.0,1522.4,0,-2
2acabf5b-f2ba-4c79-b340-fa9cd3861b0e,2024-07-10 15:00:00+00:00,2024-07-10,2024,0,a015b02d-845c-40c1-8ef4-844984f47e4d,08ed8274-e29f-4248-bc2e-83cc8ed18d75,a015b02d-845c-40c1-8ef4-844984f47e4d,08ed8274-e29f-4248-bc2e-83cc8ed18d75,1641.8681115001668,1689.972586636365,0.4667989142625797,-0.1330000500751532,0,34.280885208597425,0.6402242216511145,0,0,0,1,24.683333333333334,2,0,32.71733886504878,0.5130411648127267,0,0,0,1,31.15,2,0,24.0416616400981,0.5975979763622868,0,0,0,1,21.98333333333333,2,0,27.19395636970141,0.418258484975725,0,0,0,1,23.55,2,0,25.562917003337912,0.317822513625682,0,0,0,1,21.866666666666667,2,0,14.289029406886144,0.4275630992585377,0,0,0,1,22.566666666666663,2,0,11.554049261933192,0.3992749613101831,0,0,0,1,18.016666666666666,2,0,35.13981785785911,0.7315177142638285,0,0,0,1,35.78333333333333,3,0,31.04041402840882,0.7285067559667394,0,0,0,1,31.433333333333334,3,0,33.50323719370647,0.5559847460865834,0,0,0,1,34.6,3,0,26.64996173702488,0.4249605805889308,0,0,0,1,37.5,3,0,20.040219370532995,0.3576514473624178,0,0,0,1,28.066666666666663,3,0,17.221375146630013,0.3793342903392059,0,0,0,1,5.9,3,0,13.078098741948091,0.4395076053079905,0,0,0,1,13.916666666666666,3,0,6.567174717717291,7.726526627898446,0.4258433869146649,0.463605996112399,0.1491335164236018,0.1365125281064061,0.243282499218908,0.1884699940220159,0.2872676543113981,0.1991391412908474,0.2636165577342048,0.4421487603305785,0.3225058004640371,0.3356353591160221,0.7363834422657952,0.5578512396694215,0.6774941995359629,0.664364640883978,0.1525176147104313,0.153917517078519,0.1942255465028271,0.1543177029011728,2,3,0,0,1,1,2,1,0.0,746.3,0,0
6638913f-5f5f-477d-a932-ecab71a8f1e2,2024-07-10 16:00:00+00:00,2024-07-10,2024,0,3c409388-ab73-4c7f-953d-3a71062240f6,5d70a9af-8c2b-4aec-9e68-9acc6ddb93e4,3c409388-ab73-4c7f-953d-3a71062240f6,5d70a9af-8c2b-4aec-9e68-9acc6ddb93e4,1468.4444221873257,1383.8064747581718,0.6527449073312589,0.6311267584420863,1,28.31464911686394,0.5920886606665533,0,0,0,1,40.0,2,0,24.04145754607658,0.5800648053221946,0,0,0,1,35.0,2,0,31.44118802129958,0.4043027340394471,0,0,0,1,31.466666666666665,2,0,19.979679052368443,0.4618891363875672,0,0,0,1,19.98333333333333,2,0,22.65614613328645,0.3406289617845623,0,0,0,1,25.55,2,0,18.98816395663114,0.3412664345405125,0,0,0,1,14.45,2,0,9.330255193941928,0.5215969075198915,0,0,0,0,0.0,33,0,32.008213787892004,0.4599647698737857,0,0,0,1,21.366666666666667,2,0,24.54263508803764,0.5792421259681477,0,0,0,1,23.066666666666663,2,0,18.700771062214304,0.5311927075931795,0,0,0,0,0.0,4,0,15.735359143000256,0.498598571416637,0,0,0,0,0.0,19,0,15.664312290609926,0.4884319626327706,0,0,0,1,24.916666666666668,2,0,23.73383202834525,0.2755612466936988,0,0,0,1,21.08333333333333,2,0,18.502880010844105,0.3343504002173261,0,0,0,1,28.55,2,0,-1.826488172491613,-7.208859427983949,0.3933209841494028,0.3994347970427711,0.1397267680254763,0.1647178549261246,0.2575964497244426,0.2061046082217223,0.2302130117975018,0.2713048880740226,0.2039106145251396,0.2728658536585366,0.3174010455563854,0.3487518355359765,0.7960893854748603,0.7271341463414634,0.6825989544436146,0.6512481644640234,0.1485821022244863,0.1625414761007981,0.1754405023138592,0.1510269834877164,2,2,0,0,1,1,2,2,1735.1,800.9,2,-1
b1b22b4a-b252-4d91-8e9d-62bbec136822,2024-07-10 16:00:00+00:00,2024-07-10,2024,0,f073a15f-0486-4179-b0a3-dfd0294eb595,5c0d47fe-8539-47b0-9f36-d0b3609ca89b,f073a15f-0486-4179-b0a3-dfd0294eb595,5c0d47fe-8539-47b0-9f36-d0b3609ca89b,1424.3404310720675,1417.8675218413532,0.5451696724951778,0.1811726290694939,0,31.81983331075485,0.6090965549364293,0,0,0,1,32.9,3,0,31.890639573942508,0.5111604273833507,0,0,0,1,38.45,3,0,27.13384916252129,0.5766923136487457,0,0,0,1,29.2,3,0,31.309884851103043,0.3781591662866214,0,0,0,1,35.55,3,0,16.731754716941122,0.3512773977074479,0,0,0,1,25.9,3,0,16.64784438945068,0.339514361147778,0,0,0,1,6.016666666666667,3,0,17.65456249351572,0.3167347647725439,0,0,0,1,5.6,3,0,30.42808047657377,0.4068751384196657,0,0,0,1,34.31666666666667,2,0,19.606146096775955,0.5669761468423636,0,0,0,1,28.416666666666668,2,0,22.9641174490724,0.469310049622393,4,4,0,1,26.48333333333333,2,1,24.34959547577653,0.3465747818709636,0,0,0,1,32.9,2,0,16.41567082929843,0.4866979087639283,0,0,0,1,20.516666666666666,2,0,22.211962259470308,0.3116351658572239,0,0,0,1,24.85,2,0,17.093053399379865,0.3458805444200152,0,0,0,0,0.0,16,0,-3.5435413848186625,-4.891531175730259,0.4561382053886246,0.456593800924484,0.1621416133636721,0.1699527123722159,0.212577827448369,0.1690970863440639,0.2356609102976862,0.2042338145118266,0.3667796610169491,0.4027303754266211,0.3504273504273504,0.3733333333333333,0.6332203389830509,0.5972696245733788,0.6495726495726496,0.6266666666666667,0.1664805603492031,0.1812734843099421,0.1354170846206315,0.1802364218539179,3,3,0,0,1,1,1,2,0.0,511.4,0,1
99d3a0e3-3753-49d4-b08e-9885783a4e9e,2024-07-10 19:00:00+00:00,2024-07-10,2024,0,d6a012ed-84aa-48d3-8265-2d3f3ff2199a,171b097d-01db-4ae8-9d56-035689402ec6,d6a012ed-84aa-48d3-8265-2d3f3ff2199a,FR_LVA_ACES,1584.9296212812112,1657.3783708585047,0.4321371389428912,-0.2731369586447086,0,31.38723478407269,0.6588245989036278,0,0,0,1,36.15,2,0,29.164823376998385,0.7042090705762324,0,0,0,1,35.8,2,0,34.14671279257576,0.4873569175814335,0,0,0,1,37.41666666666666,2,0,27.89352436632028,0.4467563812898956,0,0,0,1,32.65,2,0,25.79966918544116,0.4339343477821353,0,0,0,1,32.61666666666667,2,0,16.27503062310029,0.3332306569341469,0,0,0,1,17.3,2,0,13.586489554768862,0.3925351724489159,0,0,0,1,8.05,2,0,33.40061266104966,0.9695791612296992,0,0,0,1,31.183333333333334,2,0,31.58935269393041,0.5850441773880675,0,0,0,1,29.33333333333333,2,0,34.239161383220825,0.4472004832865641,0,0,0,1,31.016666666666666,2,0,23.904990110273733,0.3641711174981821,0,0,0,1,28.98333333333333,2,0,17.15685985773802,0.5070847741725512,0,0,0,1,26.066666666666663,2,0,20.246774682530617,0.4280690439498453,0,0,0,1,20.55,2,0,19.28901282177292,0.4281390198167666,0,0,0,0,0.0,3,0,7.813564454065935,8.880726996036357,0.4246347171478298,0.4690416738210542,0.1387867818712765,0.1262846050809822,0.2177387696599714,0.1567004914716178,0.2661471124431857,0.2527651688693578,0.2813969106783076,0.3989862418537291,0.2947368421052631,0.3302752293577982,0.7186030893216924,0.6010137581462708,0.7052631578947368,0.6697247706422018,0.1512321870813202,0.1344862846218823,0.1829868372493541,0.1380670611439842,2,2,0,0,1,1,2,3,0.0,877.2,0,0
221088fa-34fe-466c-b2df-1e408c980eda,2024-07-10 19:30:00+00:00,2024-07-10,2024,0,0699edf3-5993-4182-b9b4-ec935cbd4fcc,5f0b5caf-708b-4300-92f2-53b51d83ec06,0699edf3-5993-4182-b9b4-ec935cbd4fcc,5f0b5caf-708b-4300-92f2-53b51d83ec06,1457.0828990601065,1352.435862979599,0.6783737715869047,0.7463083315745938,1,23.63464533271623,0.6985171164022016,0,0,0,1,33.31666666666667,2,0,33.5490048926171,0.4845413947845067,0,0,0,1,36.53333333333333,2,0,32.25261963722796,0.5019621922413946,0,0,0,1,34.55,2,0,23.471221977426257,0.4873148750246478,0,0,0,0,0.0,5,0,26.75790573324836,0.3674629374579827,0,0,0,1,37.61666666666667,2,0,12.072928060511147,0.551800966909577,0,0,0,1,10.3,2,0,17.460414652722275,0.3785531230506768,0,0,0,0,0.0,5,0,36.6483097434487,0.4859619636497092,0,0,0,1,36.65,2,0,23.938093582484825,0.62442944822542,0,0,0,1,23.133333333333333,2,0,19.920084593188164,0.6014474404922532,0,0,0,1,26.433333333333334,2,0,22.894992348683253,0.4658343947393154,0,0,0,1,16.983333333333334,2,0,21.48767297659599,0.4220621216033259,0,0,0,1,33.53333333333333,2,0,12.467765672971222,0.5618389311560587,0,0,0,1,13.45,2,0,21.5495929470157,0.3233242777944533,0,0,0,1,32.61666666666667,2,0,-1.111751962406961,-10.580847901921276,0.4461484721002209,0.4308182014865263,0.1463560496844194,0.1704325522699475,0.1729777327839388,0.2602279577967472,0.2612782075643626,0.2350764434077467,0.4006993006993007,0.2631578947368421,0.3840381991814461,0.3111254851228978,0.5993006993006993,0.7368421052631579,0.6159618008185539,0.6888745148771022,0.1606656897634498,0.1773049645390071,0.1517115115609314,0.1504469589265195,2,2,0,0,1,1,2,3,358.3,253.9,0,0
ba3f8079-4abd-4067-a2e5-53f696b39bca,2024-07-11 23:00:00+00:00,2024-07-11,2024,0,08ed8274-e29f-4248-bc2e-83cc8ed18d75,3c409388-ab73-4c7f-953d-3a71062240f6,08ed8274-e29f-4248-bc2e-83cc8ed18d75,3c409388-ab73-4c7f-953d-3a71062240f6,1697.305824770064,1478.66052694743,0.8025858588220814,1.4025350768612292,1,35.06378545205895,0.7357975906569482,0,0,0,1,34.333333333333336,0,0,31.4419921855633,0.7192338568092014,0,0,0,1,35.3,0,0,33.6144923335668,0.5601776564241628,0,0,0,1,34.68333333333333,0,0,24.137500996951083,0.4249605805889308,0,0,0,0,0.0,4,0,19.810164429886907,0.3553626371907948,0,0,0,1,17.6,0,0,18.73720898148101,0.3671273414758832,0,0,0,1,33.3,0,0,15.089820735746294,0.4265818297625584,0,0,0,1,34.416666666666664,0,0,28.464110188981987,0.5986335355072363,0,0,0,1,29.9,0,0,24.9410306313481,0.571932882016207,0,0,0,1,33.583333333333336,0,0,31.45301768819792,0.3986051809863752,0,0,0,1,31.566666666666663,0,0,20.99977926279964,0.4745213510937205,0,0,0,1,30.8,0,0,22.65713797062353,0.339396790070362,0,0,0,1,22.666666666666668,0,0,18.832152589202742,0.3511912111635346,0,0,0,1,17.333333333333332,0,0,11.945124468141902,0.4229197522798799,0,0,0,1,13.633333333333333,0,0,7.841039124584967,-0.2382529279453948,0.4686910602440748,0.4008302817897813,0.1365501211142355,0.1390905871052039,0.1739526417182476,0.2526499358814043,0.2068285655865158,0.2250714315871284,0.4340622929092114,0.2051792828685259,0.332013201320132,0.3089488636363636,0.5659377070907886,0.7948207171314741,0.667986798679868,0.6910511363636364,0.1532092777856693,0.1473268529769137,0.1528055091479565,0.1753641781162059,0,0,1,1,1,2,2,3,113.0,712.5,0,1
6b65e727-a4e2-4637-acf4-f793e0dab893,2024-07-12 23:30:00+00:00,2024-07-12,2024,0,f073a15f-0486-4179-b0a3-dfd0294eb595,0699edf3-5993-4182-b9b4-ec935cbd4fcc,f073a15f-0486-4179-b0a3-dfd0294eb595,0699edf3-5993-4182-b9b4-ec935cbd4fcc,1412.995783964442,1471.8472993741884,0.4514373260681065,-0.1948649868943517,1,30.796636528417025,0.6034451538286303,0,0,0,1,20.966666666666665,1,0,32.44460987693055,0.5350916495332132,0,0,0,1,37.766666666666666,1,0,27.12908671524878,0.5692780842737906,0,0,0,1,27.08333333333333,1,0,31.91860658132181,0.3708135937815936,0,0,0,1,37.766666666666666,1,0,18.24189618714988,0.350433605211348,0,0,0,1,32.75,1,0,16.151525577637784,0.3417218377751015,0,0,0,1,11.383333333333333,1,0,16.35469019744942,0.3127852288543491,0,0,0,1,3.866666666666666,1,0,24.310168714997257,0.7127945774260662,0,0,0,1,30.8,1,0,32.41578498270504,0.5158666962200439,0,0,0,1,33.983333333333334,1,0,33.643375043430915,0.4825947993430553,0,0,0,1,34.55,1,0,21.258441174146046,0.4873148750246478,0,0,0,0,0.0,7,0,26.95356944246992,0.3680117200652508,0,0,0,1,28.83333333333333,1,0,17.748546893683006,0.3789929805959822,0,0,0,1,20.516666666666666,1,0,11.9136392607538,0.5602414583156888,0,0,0,1,10.383333333333333,1,0,-3.441846338383184,0.9160052071807392,0.4700260590498866,0.466680533830319,0.17192898973224,0.1479395678855908,0.2007347110557184,0.1730659104489743,0.24107638229365,0.2706471569605173,0.3692106979778212,0.3983903420523139,0.3464912280701754,0.3803921568627451,0.6307893020221788,0.6016096579476862,0.6535087719298246,0.6196078431372549,0.1704976004041424,0.1604428221892423,0.1366329065545576,0.152604115388402,1,1,0,0,1,1,2,2,0.0,1496.2,0,3
a402fbd1-496f-4a98-a63b-2ed3bc44b7cb,2024-07-12 23:30:00+00:00,2024-07-12,2024,0,5d70a9af-8c2b-4aec-9e68-9acc6ddb93e4,171b097d-01db-4ae8-9d56-035689402ec6,5d70a9af-8c2b-4aec-9e68-9acc6ddb93e4,FR_LVA_ACES,1373.5903699980674,1666.2601529267608,0.1764144854100938,-1.5408311300414042,0,32.52281672409101,0.4572895691815064,0,0,0,1,37.46666666666667,1,0,24.56689850888449,0.5640320734746584,0,0,0,1,24.8,1,0,19.245929844301187,0.5151760457448208,0,0,0,1,24.48333333333333,1,0,15.941078170716708,0.5089680505095294,0,0,0,1,18.6,1,0,14.251887141506758,0.498598571416637,0,0,0,0,0.0,21,0,24.68754727640369,0.2856817085074132,0,0,0,1,33.85,1,0,17.89923994526384,0.3281445185845821,0,0,0,1,12.1,1,0,33.56396721688674,0.9788110828981328,0,0,0,1,35.13333333333333,1,0,31.86061531204225,0.5885113081867689,0,0,0,1,34.46666666666667,1,0,34.18990249590263,0.4414981592543602,0,0,0,1,33.71666666666667,1,0,18.72591412549276,0.4902696957947754,0,0,0,1,33.8,1,0,24.297337726529264,0.3539747473139842,0,0,0,1,28.066666666666663,1,0,19.444158627624155,0.4280176847870532,0,0,0,1,11.733333333333333,1,0,19.057500357860548,0.4312316314991983,0,0,0,1,16.833333333333332,1,0,-7.945275208655429,8.825387647748386,0.4014009354953741,0.4685932993831532,0.1665190679083973,0.1254964476757767,0.1984583629472669,0.1530186769436397,0.2675884366602359,0.255871490871238,0.2664735698769008,0.3955892487939352,0.3426183844011142,0.3246318607764391,0.7335264301230991,0.6044107512060648,0.6573816155988857,0.6753681392235609,0.1630956188039654,0.1334576113205948,0.1495890294280482,0.137859996670551,1,1,0,0,1,1,3,3,592.7,2180.7,1,3
0b073d68-d3dd-487d-a460-b4b8111b2c1b,2024-07-13 02:00:00+00:00,2024-07-13,2024,0,d6a012ed-84aa-48d3-8265-2d3f3ff2199a,6f017f37-be96-4bdc-b6d3-0a0429c72e89,d6a012ed-84aa-48d3-8265-2d3f3ff2199a,6f017f37-be96-4bdc-b6d3-0a0429c72e89,1576.047839212955,1633.9355980827202,0.4528115663100445,-0.1893171582887595,1,31.7938264855204,0.6535179364598526,0,0,0,1,35.7,2,0,29.735368986797376,0.6794696525232095,0,0,0,1,35.21666666666667,2,0,34.23815648965808,0.4861282611562786,0,0,0,1,35.11666666666667,2,0,28.80233023292621,0.4528714462448983,0,0,0,1,37.53333333333333,2,0,25.893976709161667,0.4241940037011873,0,0,0,1,26.8,2,0,15.436753984146508,0.3364044233469745,0,0,0,1,7.383333333333334,2,0,12.30560510402855,0.3925351724489159,0,0,0,0,0.0,5,0,27.898938030323503,0.7216706056323999,0,0,0,0,0.0,7,0,26.603340934842645,0.5766321783177558,0,0,0,1,21.016666666666666,2,0,31.568136847649622,0.4667091777416606,0,0,0,1,25.33333333333333,2,0,26.44538960212872,0.4766601565550807,0,0,0,1,20.116666666666667,2,0,26.26229979077181,0.3678106768769612,0,0,0,1,28.2,2,0,18.70532566557172,0.5020903177993934,0,0,0,1,31.85,2,0,12.876173798130797,0.4012390516150312,0,0,0,1,17.95,2,0,6.295027176727871,9.480572802691318,0.4243936718774108,0.4539603794674921,0.1397832672575495,0.1565659859128802,0.2186375962487653,0.1865775233127089,0.2606456258604623,0.1896844950525449,0.2784163473818646,0.3693754197447951,0.2963210702341137,0.316818774445893,0.7215836526181354,0.6306245802552048,0.7036789297658863,0.6831812255541069,0.1504217613372543,0.1641775777414075,0.1799231282111621,0.1760700768660502,1,2,0,0,1,1,3,2,0.0,961.9,0,0
5dc7cfbf-7579-4013-be14-22175dd5c7e0,2024-07-13 17:00:00+00:00,2024-07-13,2024,0,3c409388-ab73-4c7f-953d-3a71062240f6,08ed8274-e29f-4248-bc2e-83cc8ed18d75,3c409388-ab73-4c7f-953d-3a71062240f6,08ed8274-e29f-4248-bc2e-83cc8ed18d75,1470.7303654238465,1705.2359862936478,0.230407566463637,-1.2060112987831684,0,28.58062535173834,0.5881689767191657,0,0,0,1,29.7,1,0,25.6520912931037,0.5654520348721126,0,0,0,1,32.483333333333334,1,0,31.911544692194543,0.3980594214249346,0,0,0,1,36.31666666666667,1,0,20.946376816176933,0.4840493997032743,0,0,0,1,20.433333333333334,1,0,23.625940014728045,0.3358734747018704,0,0,0,1,32.93333333333333,1,0,17.722945688271455,0.3439643285939052,0,0,0,1,7.066666666666666,1,0,13.432007675525984,0.4473158457982975,0,0,0,1,27.716666666666665,1,0,34.807939703664914,0.7349432648095903,0,0,0,1,32.35,1,0,31.601445631454737,0.727519608651857,0,0,0,1,33.13333333333333,1,0,33.66969185090351,0.5610921949319768,0,0,0,1,34.2,1,0,21.861905849132235,0.4249605805889308,0,0,0,0,0.0,6,0,20.0300006714218,0.3811732847987888,0,0,0,1,32.45,1,0,20.601127384865507,0.3687983088776174,0,0,0,1,28.2,1,0,15.381465768000243,0.4209805301496033,0,0,0,1,18.183333333333334,1,0,-2.5866220174373096,9.472645390072753,0.4089056349016474,0.4791250012279894,0.1412822361747014,0.1336266850999298,0.2550188967403503,0.1701232021635835,0.2127705534970367,0.2172585217692424,0.2018987341772151,0.4312977099236641,0.3113528212100612,0.3228445563247325,0.7981012658227848,0.5687022900763359,0.6886471787899389,0.6771554436752675,0.1471955376510691,0.151148730350665,0.1723863839596208,0.1524330852846067,1,1,0,0,2,2,3,3,712.5,712.5,-1,-1
4a08105a-dd64-4f9a-a20c-2a0a9600f1bf,2024-07-13 19:30:00+00:00,2024-07-13,2024,0,5f0b5caf-708b-4300-92f2-53b51d83ec06,0a5ad38d-2fe3-43ba-894b-1ba3d5042ea9,5f0b5caf-708b-4300-92f2-53b51d83ec06,0a5ad38d-2fe3-43ba-894b-1ba3d5042ea9,1337.671462665517,1347.9380997424112,0.5211903131939727,0.0848120545910372,0,36.78988359824695,0.4864248213104823,0,0,0,1,38.15,2,0,24.32103523563108,0.6278715890267083,0,0,0,1,28.0,2,0,21.057363481482096,0.6009300084373396,0,0,0,1,31.98333333333333,2,0,22.043834885550663,0.4718974630108566,0,0,0,1,13.866666666666667,2,0,22.9752586832988,0.4254283702723891,0,0,0,1,37.266666666666666,2,0,22.240991117877527,0.3130664027966707,0,0,0,1,28.883333333333333,2,0,12.312106108719323,0.5593538888122437,0,0,0,1,10.816666666666666,2,0,33.881603743033054,0.6067028826758052,0,0,0,1,36.56666666666667,2,0,24.55457048516765,0.3928592358287504,0,0,0,1,14.666666666666666,2,0,24.1130220884816,0.3714458584004456,0,0,0,1,23.716666666666665,2,0,15.91172026408545,0.4415531787653633,0,0,0,0,0.0,5,0,13.175507658146312,0.4271456891099217,0,0,0,1,25.866666666666667,2,0,11.843405692525186,0.4724533613317348,0,0,0,1,13.4,2,0,20.243433331072275,0.237428168036462,0,0,0,1,21.183333333333334,2,0,-11.506269601071768,-10.0333666901181,0.4424961450605769,0.4274939477649613,0.1720593032097622,0.1621910995836992,0.2620919934856892,0.1826009321486719,0.2394295171311674,0.2812481256297112,0.264504054897068,0.3516713091922006,0.3123833229620411,0.335109926715523,0.735495945102932,0.6483286908077994,0.6876166770379589,0.664890073284477,0.1771147407558128,0.1778322549531809,0.1506390463893411,0.1464584609103899,2,3,0,0,1,1,2,2,866.9,1221.9,2,2
72c151d5-b10d-4eb0-82f9-facc47a5ce62,2024-07-14 17:00:00+00:00,2024-07-14,2024,0,a015b02d-845c-40c1-8ef4-844984f47e4d,0699edf3-5993-4182-b9b4-ec935cbd4fcc,a015b02d-845c-40c1-8ef4-844984f47e4d,0699edf3-5993-4182-b9b4-ec935cbd4fcc,1634.5348733664678,1454.7561430419294,0.764732175194696,1.178801129518825,1,34.56080247151069,0.629329223211144,0,0,0,1,37.25,3,0,33.40392147125964,0.5158650700968137,0,0,0,1,40.0,3,0,25.103056527146748,0.5946902529516535,0,0,0,1,35.3,3,0,26.842561154272424,0.4121787722895756,0,0,0,1,23.466666666666665,3,0,25.890095138408583,0.3124502338202019,0,0,0,1,29.03333333333333,3,0,13.975809221752126,0.4153142603370038,0,0,0,1,10.966666666666669,3,0,10.464775834603818,0.3992749613101831,0,0,0,0,0.0,6,0,32.638988765880306,0.518167947781839,0,0,0,1,34.78333333333333,1,0,23.052192235993594,0.7037953610869718,0,0,0,1,10.966666666666669,1,0,30.47160092254112,0.4825947993430553,0,0,0,0,0.0,3,0,27.8252890340721,0.3831021435666782,0,0,0,1,36.2,1,0,19.254273236786265,0.4873148750246478,11,1,2,0,0.0,9,1,13.695747418902211,0.5634741958047993,0,0,0,1,30.816666666666663,1,0,18.47775421691446,0.3670181524385704,0,0,0,1,25.48333333333333,1,0,5.105104434060054,0.534248558581335,0.4236883889910599,0.4684749662132494,0.1473110778746076,0.1463204665769751,0.2372681102374882,0.1761597243990333,0.2826988643049913,0.2761080450381762,0.2631578947368421,0.3991031390134529,0.3185185185185185,0.3805090006207324,0.7368421052631579,0.600896860986547,0.6814814814814815,0.6194909993792675,0.1510698209771237,0.1587073264288454,0.1918842067004468,0.1535178043209645,3,1,0,0,1,2,2,3,0.0,746.3,0,0
69e0b2cc-8d93-499c-aca0-b9b06b17eb4d,2024-07-14 19:00:00+00:00,2024-07-14,2024,0,5c0d47fe-8539-47b0-9f36-d0b3609ca89b,171b097d-01db-4ae8-9d56-035689402ec6,5c0d47fe-8539-47b0-9f36-d0b3609ca89b,FR_LVA_ACES,1429.2121689489788,1672.8471067900805,0.2212212127723444,-1.2585638717015002,0,30.6171283681334,0.4201895650371144,0,0,0,1,32.43333333333333,3,0,23.53315833890728,0.4793594697225026,8,8,0,1,29.0,3,1,19.71084190686481,0.5536208392034929,0,0,0,1,20.716666666666665,3,0,24.909006538205524,0.3366694221388618,0,0,0,1,30.28333333333333,3,0,16.860434763418404,0.4960704704523909,0,0,0,1,21.133333333333333,3,0,22.7906339662573,0.311864621496639,0,0,0,1,28.35,3,0,15.481582958344958,0.3458805444200152,0,0,0,0,0.0,20,0,33.91932924239311,0.9938157875160422,0,0,0,1,37.333333333333336,1,0,32.13458718521715,0.5856252835776867,0,0,0,1,34.766666666666666,1,0,34.03529849762445,0.4465131289208084,0,0,0,1,32.55,1,0,19.908210322447736,0.4642113369119179,0,0,0,1,31.266666666666666,1,0,23.944052456906466,0.348109661815113,0,0,0,1,20.55,1,0,19.361431900907206,0.4107456533137221,0,0,0,1,18.566666666666663,1,0,18.605838112333767,0.4259251313992231,0,0,0,1,14.266666666666667,1,0,-4.1979984894891205,9.746940880841532,0.4594289605117405,0.4715542080348701,0.1708104683764818,0.1248247065764358,0.1786353233993805,0.1460355053929525,0.2088627372327235,0.2546445458284748,0.3961038961038961,0.3964497041420118,0.375590020229265,0.3208147676639083,0.6038961038961039,0.6035502958579881,0.624409979770735,0.6791852323360916,0.1803012432568301,0.1326098839916587,0.1836356976228575,0.1385562439381643,3,1,0,0,1,2,1,3,493.8,549.4,0,0
750e6f55-89ef-4417-a0a9-8cd42b83bb5c,2024-07-14 20:00:00+00:00,2024-07-14,2024,0,6f017f37-be96-4bdc-b6d3-0a0429c72e89,f073a15f-0486-4179-b0a3-dfd0294eb595,6f017f37-be96-4bdc-b6d3-0a0429c72e89,f073a15f-0486-4179-b0a3-dfd0294eb595,1589.8609669049752,1430.086940296701,0.743386454612748,1.0636447981017434,0,25.268728381896263,0.7216706056323999,0,0,0,0,0.0,8,0,26.83243171403891,0.5629978805680302,0,0,0,1,29.03333333333333,0,0,30.975628601498563,0.4815908421040413,0,0,0,1,25.28333333333333,0,0,25.597337231921472,0.4722325946353038,0,0,0,1,17.45,0,0,26.613105198315605,0.353767989956298,0,0,0,1,29.98333333333333,0,0,18.866664624349884,0.495561528452931,0,0,0,1,20.416666666666668,0,0,12.762145897729685,0.4019339004935305,0,0,0,1,11.666666666666666,0,0,31.020074285435307,0.6182465243430874,0,0,0,1,33.166666666666664,1,0,33.009204780137,0.5426258710978323,0,0,0,1,38.43333333333333,1,0,27.852272311484445,0.564470215146332,0,0,0,1,34.8,1,0,32.020556390323925,0.384057651583332,0,0,0,1,33.0,1,0,19.097432295604783,0.3495173448731864,0,0,0,1,27.316666666666663,1,0,15.434881600173904,0.3418715667097284,0,0,0,1,8.55,1,0,14.812829933534884,0.3127852288543491,0,0,0,0,0.0,3,0,5.205826058580675,-2.821962643282504,0.4453758446777708,0.4745977504394202,0.1606325450674127,0.1745419607319685,0.1893717506756589,0.2190245210960628,0.20677521529901,0.2346432596509023,0.3739522888459058,0.3698884758364312,0.3190031152647975,0.3493397358943577,0.6260477111540941,0.6301115241635687,0.6809968847352025,0.6506602641056423,0.1649276667384452,0.1705301685891748,0.1738480231797364,0.135969088778201,1,1,0,0,1,2,2,2,1391.7,511.4,2,-1
83850bee-ba6a-445e-9465-9e22214db61e,2024-07-14 22:00:00+00:00,2024-07-14,2024,0,d6a012ed-84aa-48d3-8265-2d3f3ff2199a,5d70a9af-8c2b-4aec-9e68-9acc6ddb93e4,d6a012ed-84aa-48d3-8265-2d3f3ff2199a,5d70a9af-8c2b-4aec-9e68-9acc6ddb93e4,1620.1224703907,1367.003416134748,0.8321555843845935,1.6009819710183937,1,31.4408722428338,0.6508683184132533,0,0,0,1,28.05,0,0,29.235512493446663,0.6978266251629955,0,0,0,1,24.433333333333334,0,0,33.5306292621324,0.4872037363107774,0,0,0,1,26.73333333333333,0,0,28.690550216483462,0.4602236261575649,0,0,0,1,27.616666666666667,0,0,25.503297769646192,0.4210244062727299,0,0,0,1,21.75,0,0,15.849676102698552,0.3410259951927775,0,0,0,1,19.816666666666663,0,0,12.784314715351126,0.3844685696055889,0,0,0,1,17.383333333333333,0,0,33.073753483268625,0.4452136685047651,0,0,0,1,38.36666666666667,1,0,24.68000825453304,0.5581674885204373,0,0,0,1,25.766666666666666,1,0,19.39244188405729,0.5345300261041515,0,0,0,1,20.8,1,0,16.135185776348592,0.5146359431332344,0,0,0,1,18.0,1,0,24.870988855977405,0.2745890254751001,0,0,0,1,26.633333333333333,1,0,12.908271444481157,0.498598571416637,20,1,9,0,0.0,23,1,17.66676330562363,0.3359193827947322,0,0,0,1,15.433333333333334,1,0,9.082508160740485,-8.949802217542015,0.4341772308804549,0.4002893660330094,0.1396528199319076,0.1671498797096307,0.2265938314069792,0.2048887918887064,0.2586461184767759,0.2607266993151488,0.2822235797189981,0.2654320987654321,0.3037893384714194,0.3459495351925631,0.7177764202810019,0.7345679012345679,0.6962106615285806,0.6540504648074369,0.1492814093648586,0.1625481061373303,0.1799913528958399,0.1480192882866385,1,1,0,0,2,2,3,3,0.0,2180.7,0,-3
1362719d-e203-4675-8dd0-b541018a722d,2024-07-16 15:30:00+00:00,2024-07-16,2024,0,5c0d47fe-8539-47b0-9f36-d0b3609ca89b,0699edf3-5993-4182-b9b4-ec935cbd4fcc,5c0d47fe-8539-47b0-9f36-d0b3609ca89b,0699edf3-5993-4182-b9b4-ec935cbd4fcc,1421.6806440249725,1438.5840737161138,0.5116497925138539,0.0466076052438885,0,31.038185806898795,0.4378306841863787,0,0,0,1,35.083333333333336,1,0,23.93856308040574,0.4723597685861343,10,10,0,1,27.83333333333333,1,1,20.135634554687893,0.5579127105661026,0,0,0,1,24.216666666666665,1,0,17.104569485072886,0.4902712641418147,0,0,0,1,19.45,1,0,25.48324308277601,0.3287527827703803,0,0,0,1,31.0,1,0,23.781418486827924,0.3060412551756128,0,0,0,1,33.3,1,0,10.28441508374638,0.516033811541457,8,8,0,1,8.483333333333333,1,1,32.814438085796816,0.5086036392015886,0,0,0,1,34.5,1,0,23.806196245905795,0.6916946295261541,0,0,0,1,31.05,1,0,30.51670263458347,0.4783406331889033,0,0,0,1,30.95,1,0,27.541647141659467,0.3812148897161579,0,0,0,1,24.816666666666663,1,0,19.833669836457297,0.484107125462242,13,3,0,1,25.4,1,1,13.24833574191909,0.5633952279903907,0,0,0,1,8.95,1,0,19.11150291726117,0.3683105518854871,0,0,0,1,25.2,1,0,-5.32423809978908,-2.890987188688461,0.463937011304858,0.4673480597636602,0.1695232385902555,0.1527110188113204,0.1741990206941619,0.1861427924398746,0.2069341318767744,0.2637408273479227,0.3921690490988191,0.3975460122699386,0.3747585318737926,0.3783303730017762,0.6078309509011809,0.6024539877300613,0.6252414681262073,0.6216696269982238,0.178995399910966,0.1599264705882352,0.1815879939378257,0.1501703424780347,1,1,0,0,1,2,2,3,0.0,316.7,0,0
28201bfc-b2bb-4131-b1c7-052d716f7d53,2024-07-16 19:30:00+00:00,2024-07-16,2024,0,0a5ad38d-2fe3-43ba-894b-1ba3d5042ea9,d6a012ed-84aa-48d3-8265-2d3f3ff2199a,0a5ad38d-2fe3-43ba-894b-1ba3d5042ea9,d6a012ed-84aa-48d3-8265-2d3f3ff2199a,1360.3009501693828,1625.2482093660572,0.2008087276818841,-1.381247455327603,0,34.12060018633366,0.6097136095040997,0,0,0,1,36.41666666666666,2,0,24.896676949747977,0.4030055703389434,0,0,0,1,28.183333333333334,2,0,24.60831644857268,0.3864626100024677,0,0,0,1,29.366666666666667,2,0,15.643499035948016,0.4400030195739824,0,0,0,1,13.066666666666666,2,0,13.20767087937297,0.4165144893078302,0,0,0,1,13.516666666666667,2,0,10.28899205001125,0.5212059704521338,14,9,0,1,37.93333333333333,2,1,10.726852801197923,0.4724533613317348,0,0,0,0,0.0,5,0,31.49358475898777,0.6554440340842864,0,0,0,1,32.0,1,0,29.48985315670365,0.6938035977457937,0,0,0,1,31.933333333333334,1,0,33.48688856871328,0.4798491141537491,0,0,0,1,33.06666666666667,1,0,27.27572479914324,0.4598920285831774,0,0,0,1,13.683333333333334,1,0,26.018364170031823,0.435972966571486,0,0,0,1,30.966666666666665,1,0,16.630628952896593,0.3462614525693167,0,0,0,1,24.133333333333333,1,0,12.771652016152386,0.3806392725635449,0,0,0,1,12.65,1,0,-8.229469292649133,9.324734720600292,0.4383699670770602,0.4340976713119757,0.1614629639433501,0.139809002616326,0.182221045316574,0.2314192663193308,0.2735883500599162,0.2568882307510844,0.3446215139442231,0.286214953271028,0.3301526717557252,0.3006134969325153,0.6553784860557769,0.7137850467289719,0.6698473282442748,0.6993865030674846,0.1764592749302817,0.148317879853636,0.1478944500661633,0.1798173056174926,2,1,0,0,1,2,2,3,1221.9,961.9,-2,0
50201dd2-03f2-4bab-be9c-a35d34af86f8,2024-07-16 23:00:00+00:00,2024-07-16,2024,0,08ed8274-e29f-4248-bc2e-83cc8ed18d75,a015b02d-845c-40c1-8ef4-844984f47e4d,08ed8274-e29f-4248-bc2e-83cc8ed18d75,a015b02d-845c-40c1-8ef4-844984f47e4d,1714.1817749083511,1650.7069426922833,0.6246428501729451,0.509302074414668,1,31.52637469388051,0.7349432648095903,2,2,1,0,0.0,4,1,31.8464278155322,0.7254281797133451,0,0,0,1,34.2,2,0,33.73382881037173,0.5660416510334341,0,0,0,1,34.35,2,0,19.800845473468584,0.4249605805889308,0,0,0,0,0.0,9,0,21.021787660066312,0.3900060464054035,0,0,0,1,30.55,2,0,21.034692243537453,0.3489393033308668,0,0,0,1,25.2,2,0,15.30622076662772,0.4128119351002379,0,0,0,1,14.583333333333334,2,0,33.458322198229745,0.6224338179772624,0,0,0,1,22.866666666666667,1,0,32.79704067608305,0.5225960435764982,0,0,0,1,26.966666666666665,1,0,25.07291419598417,0.6004078262138992,0,0,0,1,24.78333333333333,1,0,27.48591281665743,0.4183838364796252,0,0,0,1,33.666666666666664,1,0,26.46140076366876,0.3149137070197434,0,0,0,1,31.95,1,0,13.417145642054184,0.4142041009157365,0,0,0,1,8.05,1,0,10.91276669006864,0.4064223791407996,0,0,0,1,15.216666666666669,1,0,10.012260203959746,7.998682645261248,0.48109301962071,0.4345087809640275,0.1270598344786019,0.1418578729784252,0.1655120446745882,0.2545946414745728,0.2153658844336981,0.2814291416520483,0.4345709068776628,0.266754270696452,0.3184559710494571,0.3206483439041578,0.5654290931223371,0.7332457293035479,0.6815440289505428,0.6793516560958421,0.1476710171017101,0.1475229861397008,0.1541249439545658,0.1917076254767197,2,1,0,0,1,1,3,2,712.5,113.0,1,0
b52a7253-bff6-4aa9-8ed8-7a42aa65af55,2024-07-17 02:00:00+00:00,2024-07-17,2024,0,171b097d-01db-4ae8-9d56-035689402ec6,3c409388-ab73-4c7f-953d-3a71062240f6,FR_LVA_ACES,3c409388-ab73-4c7f-953d-3a71062240f6,1680.3786317140869,1461.784576809143,0.8025391178143532,1.4022400989152424,0,34.120201074080335,0.9972167638385104,0,0,0,1,36.05,2,0,32.38901508314344,0.5716529511018229,0,0,0,1,34.833333333333336,2,0,33.97226233864524,0.4476646216961851,0,0,0,1,33.36666666666667,2,0,19.920006461430297,0.456287301411893,0,0,0,1,20.03333333333333,2,0,19.95900887510337,0.4322438762652194,0,0,0,1,25.7,2,0,23.46066131269734,0.3527242824021451,0,0,0,1,18.816666666666663,2,0,18.13390603781486,0.4246207563039967,0,0,0,1,13.6,2,0,29.31937861358642,0.5796936570662256,0,0,0,1,36.41666666666666,3,0,24.724843498914684,0.5572227979713711,0,0,0,1,15.816666666666666,3,0,32.46197286497339,0.4090196465375328,0,0,0,1,37.75,3,0,22.222591473633265,0.4642716160616134,0,0,0,1,34.483333333333334,3,0,24.43898478930776,0.3361319539527388,0,0,0,1,32.25,3,0,16.78273291228615,0.3429040904244471,0,0,0,1,7.75,3,0,13.023601865496763,0.4401816120697554,0,0,0,1,9.1,3,0,10.35004653527411,-3.775425882689466,0.4782763874571434,0.4133947067303654,0.1269412761592198,0.1491175974248795,0.1544504802891584,0.2624020948575733,0.2535332726684928,0.1981766201860765,0.3947203016970458,0.2025469981807156,0.3201219512195122,0.3203631647211414,0.6052796983029541,0.7974530018192845,0.6798780487804879,0.6796368352788587,0.1326748014720124,0.14909151711069,0.1389573927229958,0.1680126773201978,1,2,0,0,2,1,3,3,2087.6,1525.6,-3,-2
27d97876-adbd-44d1-b315-df0559ef95bb,2024-07-17 17:00:00+00:00,2024-07-17,2024,0,6f017f37-be96-4bdc-b6d3-0a0429c72e89,5d70a9af-8c2b-4aec-9e68-9acc6ddb93e4,6f017f37-be96-4bdc-b6d3-0a0429c72e89,5d70a9af-8c2b-4aec-9e68-9acc6ddb93e4,1572.590269200983,1361.877677159391,0.7952506421530225,1.35687075166489,1,22.88648526134046,0.7216706056323999,0,0,0,0,0.0,11,0,26.86237088838532,0.5687827933996765,0,0,0,1,27.15,2,0,31.188476730789983,0.4663720182703134,0,0,0,1,33.233333333333334,2,0,26.40050839395789,0.4695380997469156,0,0,0,1,34.11666666666667,2,0,27.67404973753264,0.3630050956985091,0,0,0,1,37.86666666666667,2,0,19.62873186409212,0.4891691047687884,0,0,0,1,26.95,2,0,13.79175543104546,0.4008581969225502,0,0,0,1,23.683333333333334,2,0,32.55142297309431,0.4393759625546157,0,0,0,1,27.53333333333333,2,0,24.122520077673144,0.5600936732994287,0,0,0,1,18.766666666666666,2,0,19.59899110189057,0.5452192486686568,0,0,0,1,21.58333333333333,2,0,16.56239719014591,0.4961582490718961,0,0,0,1,20.666666666666668,2,0,25.049706413705408,0.2740981582149094,0,0,0,1,26.766666666666666,2,0,11.691326912008623,0.498598571416637,23,4,0,0,0.0,26,1,17.61018839341522,0.3287853068620718,0,0,0,1,17.066666666666666,2,0,3.973323512060428,-9.204539807456976,0.4471585978936551,0.4006495226599065,0.1625412645059012,0.1705626267413706,0.2011481814470866,0.2178250580026024,0.2007492536418766,0.2555181912839367,0.3769278223318938,0.263879817112998,0.3229850746268656,0.3472485768500948,0.6230721776681061,0.736120182887002,0.6770149253731343,0.6527514231499051,0.1646557709267633,0.1631746644781307,0.172794513661987,0.1470245720274834,2,2,0,0,1,1,2,3,0.0,1391.7,0,2
376c6a86-b6ee-470b-b6ba-81eb7ee7ec78,2024-07-17 23:30:00+00:00,2024-07-17,2024,0,5f0b5caf-708b-4300-92f2-53b51d83ec06,f073a15f-0486-4179-b0a3-dfd0294eb595,5f0b5caf-708b-4300-92f2-53b51d83ec06,f073a15f-0486-4179-b0a3-dfd0294eb595,1325.3086122385455,1447.3576380006934,0.3638577748308728,-0.5586591000237926,1,36.89297003258249,0.4734251179052038,0,0,0,1,37.88333333333333,3,0,23.611979592673737,0.6351626339237543,0,0,0,1,16.8,3,0,22.47395685999564,0.5853367911781872,0,0,0,1,36.083333333333336,3,0,24.438874407888115,0.4437429641231032,0,0,0,1,38.5,3,0,20.382010056470563,0.467803102152882,0,0,0,1,4.416666666666667,3,0,13.288296136280076,0.5622505496772863,0,0,0,1,22.666666666666668,3,0,23.410867005400668,0.3148320763654543,0,0,0,1,34.65,3,0,31.420427454502608,0.6305153232781817,0,0,0,1,35.266666666666666,2,0,33.3854423301388,0.5327828145618272,0,0,0,1,37.0,2,0,27.405816763799866,0.5644105524962562,0,0,0,1,23.116666666666667,2,0,32.2621656098198,0.3891705434838592,0,0,0,1,34.583333333333336,2,0,20.161425690922005,0.3531494748776667,0,0,0,1,30.383333333333333,2,0,15.010492124437013,0.3292476675165737,0,0,0,1,10.933333333333334,2,0,13.416330605519295,0.3127852288543491,0,0,0,0,0.0,6,0,-11.27948901591918,-1.8142020044518967,0.4452617263657799,0.4769925814474455,0.1744915544024435,0.1737433039733043,0.2651112547541178,0.2269442783974683,0.2407580224516503,0.2286836104806014,0.2628434886499403,0.3717339667458432,0.3076923076923077,0.353110599078341,0.7371565113500598,0.6282660332541568,0.6923076923076923,0.646889400921659,0.1771196797676189,0.1696179599666092,0.1504454983114176,0.1368404378894012,3,2,0,0,1,1,2,3,0.0,870.8,0,0
6c1ec0b9-d505-43c4-a723-96a565de0ed9,2024-08-16 00:00:00+00:00,2024-08-16,2024,0,3c409388-ab73-4c7f-953d-3a71062240f6,0699edf3-5993-4182-b9b4-ec935cbd4fcc,3c409388-ab73-4c7f-953d-3a71062240f6,0699edf3-5993-4182-b9b4-ec935cbd4fcc,1481.486338625363,1454.8514987958356,0.5737662139194486,0.2972340311765126,0,28.74621275787548,0.587457367619626,0,0,0,1,17.883333333333333,25,0,25.258305186303605,0.5732594435114347,0,0,0,1,30.383333333333333,29,0,22.991956313053937,0.4657098023728779,0,0,0,1,30.383333333333333,29,0,24.675714102349414,0.3375218250048005,0,0,0,1,26.95,29,0,13.106225470263675,0.455669965867258,0,0,0,1,13.9,29,0,16.430824531034297,0.3374826092168037,0,0,0,1,13.05,29,0,6.278796131417741,0.5215969075198915,0,0,0,0,0.0,70,0,23.3510169380205,0.6999970422317693,0,0,0,1,14.183333333333334,25,0,30.802096914462176,0.5163020560516062,0,0,0,1,11.633333333333333,25,0,30.988080922340536,0.4898008071875581,0,0,0,1,35.516666666666666,30,0,27.32559904634372,0.3853102744980986,0,0,0,1,25.25,30,0,20.590242909001656,0.5075581081344421,0,0,0,1,20.1,25,0,13.026943253092858,0.5703281716947439,0,0,0,1,10.9,30,0,18.82758945716323,0.3650796798189271,0,0,0,1,16.1,30,0,-2.885407817963184,-0.8164515367176577,0.4228689299870665,0.4798539986174255,0.1499428358472148,0.1492990563125276,0.2596615985366816,0.1868409647680739,0.2082999127479537,0.2693348170301389,0.2016269610691458,0.3929203539823009,0.3184079601990049,0.3816013628620102,0.7983730389308542,0.6070796460176991,0.681592039800995,0.6183986371379898,0.1489736383364758,0.1580177404790992,0.1671429094772319,0.1499017884834074,29,29,0,0,0,0,0,0,0.0,1451.7,0,2
99af3774-4573-4f24-9534-8b524daf137e,2024-08-16 00:00:00+00:00,2024-08-16,2024,0,6f017f37-be96-4bdc-b6d3-0a0429c72e89,5c0d47fe-8539-47b0-9f36-d0b3609ca89b,6f017f37-be96-4bdc-b6d3-0a0429c72e89,5c0d47fe-8539-47b0-9f36-d0b3609ca89b,1577.1840100304394,1405.4132189452505,0.75633751689293,1.1327037257235035,1,27.48499969447903,0.576991569223305,0,0,0,1,33.46666666666667,29,0,29.59299691207416,0.474305364426182,0,0,0,1,11.416666666666666,25,0,19.041709319210884,0.7204414593333783,0,0,0,1,2.833333333333333,25,0,26.369035019193067,0.4655365846864026,0,0,0,1,26.066666666666663,29,0,27.84305109298988,0.3598426052920399,0,0,0,1,29.466666666666665,29,0,20.84690167700905,0.4749571496872132,0,0,0,1,32.55,29,0,16.37515698111915,0.3290854774542169,0,0,0,1,22.3,29,0,31.54839181870896,0.4368297846958143,0,0,0,1,36.45,30,0,21.14103185182253,0.5686470231874633,0,0,0,1,30.8,30,0,24.79284214968884,0.471621420980831,0,0,0,1,33.0,30,0,26.551716729610245,0.3369018845085346,0,0,0,1,36.81666666666667,30,0,16.749031159491395,0.4972178253674379,0,0,0,1,13.333333333333334,30,0,24.66465402293469,0.3134884449881145,0,0,0,1,33.15,30,0,9.58352567130963,0.5203271962610159,0,0,0,1,2.85,30,0,4.071079631053842,-6.6242724143157306,0.448369238229955,0.4699556848385086,0.1574254463621721,0.168357364111525,0.2087754293217387,0.1806310446036564,0.2107347592325001,0.204447256359275,0.3779481132075472,0.3950029744199881,0.3206459054209919,0.3708281829419035,0.6220518867924528,0.6049970255800119,0.6793540945790081,0.6291718170580964,0.1617366926643424,0.1775542897828408,0.1737762177303616,0.1788669977040952,28,29,0,0,0,0,0,0,0.0,935.6,0,-1
b5a82e97-91fb-4c80-872a-6a186833a30d,2024-08-16 01:00:00+00:00,2024-08-16,2024,0,0a5ad38d-2fe3-43ba-894b-1ba3d5042ea9,08ed8274-e29f-4248-bc2e-83cc8ed18d75,0a5ad38d-2fe3-43ba-894b-1ba3d5042ea9,08ed8274-e29f-4248-bc2e-83cc8ed18d75,1356.2576783063878,1724.4644452749442,0.1217825700179019,-1.9756569635911985,0,30.94361694397477,0.6058792355029422,0,0,0,1,4.033333333333333,25,0,25.888119298023504,0.3867761580400645,0,0,0,1,38.18333333333333,30,0,24.648729217310827,0.3945331932121273,0,0,0,1,22.266666666666666,30,0,12.756927290961263,0.5715206667217286,0,0,0,1,36.46666666666667,30,0,14.16868726874773,0.4400030195739824,0,0,0,0,0.0,33,0,14.256557568168985,0.4014406836534718,0,0,0,1,24.33333333333333,30,0,15.407251188880768,0.3371364890990109,0,0,0,1,31.53333333333333,30,0,30.651527099007183,0.7167883462954424,0,0,0,1,16.466666666666665,25,0,28.81462038893665,0.7462518479013708,0,0,0,1,31.316666666666663,25,0,32.7997691433835,0.5672896223157746,0,0,0,1,21.2,25,0,22.033204208474,0.3894062470636164,0,0,0,1,31.75,30,0,17.934094317753356,0.4249605805889308,0,0,0,0,0.0,40,0,21.290681509212533,0.3484923393387882,0,0,0,1,23.75,30,0,15.71259381147206,0.4107258818526213,0,0,0,1,19.616666666666667,30,0,-8.29229542178725,9.863690385184254,0.4421307351928495,0.4860713084417577,0.164484917473615,0.1389917637253282,0.1973652279796444,0.1694136243554643,0.277854564455228,0.2270200579172662,0.346031746031746,0.4353701527614571,0.3304878048780488,0.3167053364269142,0.653968253968254,0.5646298472385429,0.6695121951219513,0.6832946635730859,0.1761340642360472,0.1512205659969756,0.1479785570694661,0.1542047695893849,29,29,0,0,0,0,0,0,0.0,2448.8,0,-3
5a4d26e2-202f-4bc6-9cc1-40fd0f8c0f35,2024-08-16 23:30:00+00:00,2024-08-16,2024,0,f073a15f-0486-4179-b0a3-dfd0294eb595,0699edf3-5993-4182-b9b4-ec935cbd4fcc,f073a15f-0486-4179-b0a3-dfd0294eb595,0699edf3-5993-4182-b9b4-ec935cbd4fcc,1430.041850322015,1488.646493921288,0.4517892759448958,-0.1934438785176582,1,29.029322980685293,0.6490102313097975,0,0,0,1,9.05,25,0,33.26026086780513,0.5381053960038746,0,0,0,1,26.066666666666663,25,0,27.389555658000287,0.5615981828808252,0,0,0,1,27.23333333333333,29,0,30.83201074252674,0.3939674072450571,0,0,0,1,13.933333333333334,25,0,20.92870065489779,0.3458449112693034,0,0,0,1,28.3,29,0,13.996032356228,0.3247878591205043,0,0,0,1,4.25,29,0,12.151488117006936,0.3127852288543491,0,0,0,0,0.0,36,0,23.3510169380205,0.6999970422317693,0,0,0,1,14.183333333333334,25,0,30.802096914462176,0.5163020560516062,0,0,0,1,11.633333333333333,25,0,30.988080922340536,0.4898008071875581,0,0,0,1,35.516666666666666,30,0,27.32559904634372,0.3853102744980986,0,0,0,1,25.25,30,0,20.590242909001656,0.5075581081344421,0,0,0,1,20.1,25,0,13.026943253092858,0.5703281716947439,0,0,0,1,10.9,30,0,18.82758945716323,0.3650796798189271,0,0,0,1,16.1,30,0,-2.329047849620701,2.36898542762956,0.4864647329935876,0.4969333777650154,0.1767618449069847,0.1522837157009792,0.2320640228396594,0.1897211388391463,0.2296973647896689,0.2615198613451833,0.3709401709401709,0.3928164196123147,0.3493377483443708,0.3767720828789531,0.629059829059829,0.6071835803876853,0.6506622516556292,0.6232279171210469,0.1703142297538959,0.15838498681552,0.1360004054670473,0.149211665036391,29,0,0,1,0,1,0,1,0.0,163.5,0,1
fef1adf2-47eb-4ca8-aa64-32cc136203b7,2024-08-16 23:30:00+00:00,2024-08-16,2024,0,5d70a9af-8c2b-4aec-9e68-9acc6ddb93e4,d6a012ed-84aa-48d3-8265-2d3f3ff2199a,5d70a9af-8c2b-4aec-9e68-9acc6ddb93e4,d6a012ed-84aa-48d3-8265-2d3f3ff2199a,1357.2839363299342,1629.291481229052,0.1943655049662327,-1.421889726854416,1,31.07437256415228,0.4473047339283497,0,0,0,1,22.35,25,0,23.779430886357424,0.5595118387591694,0,0,0,1,20.48333333333333,29,0,20.17260059283536,0.5563199424416704,0,0,0,1,25.683333333333334,29,0,17.191308605655085,0.4896825706088962,0,0,0,1,23.23333333333333,29,0,24.09440055648641,0.2684788194847843,0,0,0,1,14.916666666666666,29,0,12.765323534093165,0.5062275701874609,0,0,0,1,23.08333333333333,29,0,16.949293518864344,0.3316228613337165,0,0,0,1,10.6,29,0,29.528979211208387,0.7033707168060662,0,0,0,1,24.25,25,0,31.41091213450305,0.6479448176832531,0,0,0,1,30.616666666666667,30,0,31.781345290816937,0.4812581450560656,0,0,0,1,13.15,25,0,27.55298602202621,0.4546104190653201,0,0,0,1,30.216666666666665,30,0,26.654569401853287,0.4421270184298261,0,0,0,1,32.766666666666666,30,0,16.27420510843972,0.3454320636740084,0,0,0,1,12.85,30,0,12.21495163482756,0.381421975603085,0,0,0,1,6.866666666666667,30,0,-8.809116022677463,9.284303238532749,0.4132117296082163,0.4410039097281589,0.1744564072227588,0.1428349613941047,0.2154193742672484,0.2401780147593908,0.2649848564018401,0.2687165839141798,0.2635220125786163,0.2882022471910112,0.3496376811594203,0.303708063566804,0.7364779874213836,0.7117977528089887,0.6503623188405797,0.696291936433196,0.1646079085985607,0.1483780741549271,0.1447795823665893,0.1793752910536573,29,30,0,0,0,0,0,0,0.0,2180.7,0,3
d3e9117d-edbe-4612-8f61-3954d1322419,2024-08-17 01:30:00+00:00,2024-08-17,2024,0,5f0b5caf-708b-4300-92f2-53b51d83ec06,a015b02d-845c-40c1-8ef4-844984f47e4d,5f0b5caf-708b-4300-92f2-53b51d83ec06,a015b02d-845c-40c1-8ef4-844984f47e4d,1342.624399917224,1640.4242723256905,0.1721647492881279,-1.5703622989460313,0,36.53353872948091,0.4958610058780611,0,0,0,1,30.58333333333333,26,0,23.36730299992127,0.6347086484196274,0,0,0,1,21.016666666666666,30,0,23.62029831873757,0.594301495786844,0,0,0,1,34.63333333333333,30,0,13.825203375099008,0.57135664705057,0,0,0,1,18.98333333333333,30,0,24.398172756917777,0.3167730880375197,0,0,0,1,33.88333333333333,30,0,16.94800548342582,0.292644920053065,0,0,0,1,7.516666666666667,30,0,8.64220647970576,0.4474070862538237,0,0,0,0,0.0,59,0,31.08266129505929,0.6365379272045685,0,0,0,1,17.716666666666665,26,0,31.379972590018333,0.5094712918227939,0,0,0,1,15.65,26,0,24.32662225624351,0.5954520903849458,0,0,0,1,8.316666666666666,26,0,32.81752291067032,0.4060390981664877,0,0,0,1,36.23333333333333,30,0,27.762213550580743,0.4175359731178941,0,0,0,1,30.416666666666668,31,0,26.9191374420278,0.3127234922483241,0,0,0,1,31.316666666666663,31,0,12.970859163525567,0.4186184693451641,0,0,0,1,8.683333333333334,31,0,-9.530217960089203,6.449246769059994,0.4572448797883826,0.4349693358002899,0.1697037446687062,0.1446430518662216,0.2577943500440192,0.254161475512329,0.2403888441280733,0.2863224786531037,0.2628571428571428,0.2670025188916876,0.3094965675057208,0.3261163734776725,0.7371428571428571,0.7329974811083123,0.6905034324942791,0.6738836265223275,0.1746498504215393,0.1478845467690747,0.1519455922865014,0.1936472011394455,29,30,0,0,0,0,0,0,0.0,1498.5,0,-1
37a02653-9707-4115-bd95-920c614c5e02,2024-08-17 18:00:00+00:00,2024-08-17,2024,0,5c0d47fe-8539-47b0-9f36-d0b3609ca89b,6f017f37-be96-4bdc-b6d3-0a0429c72e89,5c0d47fe-8539-47b0-9f36-d0b3609ca89b,6f017f37-be96-4bdc-b6d3-0a0429c72e89,1397.5537045367512,1585.043524438939,0.2818372186919789,-0.9353665926751604,0,31.44955327962538,0.4304333436196208,0,0,0,1,30.5,0,0,20.69563601348687,0.5619918532286644,0,0,0,1,16.416666666666668,0,0,24.81551477725968,0.4682042968522194,0,0,0,1,25.03333333333333,0,0,16.885823185041794,0.5031974458285452,0,0,0,1,18.2,0,0,25.45009302678312,0.330119135423047,0,0,0,1,14.866666666666667,0,0,23.72993677156129,0.3089636864028585,0,0,0,1,14.75,0,0,14.254069662681914,0.3398116912197818,0,0,0,1,29.183333333333334,0,0,28.03478788785008,0.5722018261530032,0,0,0,1,33.31666666666667,0,0,20.10152843898522,0.7229210175723492,0,0,0,1,30.28333333333333,0,0,29.5418051528878,0.4725179159287307,0,0,0,1,29.05,0,0,26.304389576842148,0.4679832665789284,0,0,0,1,25.683333333333334,0,0,27.93798254621625,0.3537378322728018,0,0,0,1,28.85,0,0,20.096125634183355,0.4765018055402754,0,0,0,1,12.883333333333333,0,0,16.181090057124333,0.3277830509100136,0,0,0,1,14.316666666666666,0,0,-6.918423408923643,4.605936285695524,0.4661593479251902,0.4491963828722083,0.1701565394010856,0.1575213525384071,0.1708538374240941,0.2005202814882334,0.2131610053500775,0.2164567494482003,0.3948424068767908,0.3776896942242355,0.3708530805687204,0.3231368186874305,0.6051575931232092,0.6223103057757644,0.6291469194312796,0.6768631813125695,0.1776875781397181,0.1613320679837805,0.1777899343544857,0.1740448352819692,1,1,0,0,1,1,1,1,936.1,936.1,1,1
52c81f17-ea92-4c79-880d-686d05601968,2024-08-17 20:00:00+00:00,2024-08-17,2024,0,171b097d-01db-4ae8-9d56-035689402ec6,08ed8274-e29f-4248-bc2e-83cc8ed18d75,FR_LVA_ACES,08ed8274-e29f-4248-bc2e-83cc8ed18d75,1660.6768698978667,1734.1466739235325,0.4306953715039626,-0.2790146205246024,0,33.80710503018545,0.9942424404600122,0,0,0,1,28.58333333333333,26,0,30.770054709360046,0.5575539481160925,0,0,0,1,15.75,26,0,31.63839920409604,0.4404845079853724,0,0,0,1,12.633333333333333,26,0,20.376117973132864,0.4566673583149395,0,0,0,1,24.383333333333333,30,0,19.51464233211818,0.4575215760775093,0,0,0,1,10.883333333333333,26,0,22.76358259101728,0.3466125750330834,0,0,0,1,16.066666666666666,30,0,17.92330156219094,0.4153967586157145,0,0,0,1,15.9,30,0,29.703905955560742,0.7170294087843555,0,0,0,1,20.6,0,0,28.01189317848387,0.7582033278202918,0,0,0,1,20.3,0,0,31.869597728436595,0.5721076948210204,0,0,0,1,22.933333333333334,0,0,21.94679640746784,0.3890679903433554,0,0,0,1,21.116666666666667,0,0,21.525679589456534,0.3600613212556165,0,0,0,1,23.78333333333333,0,0,16.243333620730077,0.4249605805889308,0,0,0,0,0.0,41,0,16.10108203411604,0.4232746658566303,0,0,0,1,19.83333333333333,0,0,8.840197326567306,12.659482753017915,0.4810386247113019,0.5002990209826579,0.1292780170956284,0.1421951525608899,0.1490129713163743,0.1761982855292758,0.2610565299794919,0.2224063752191788,0.3898611949305974,0.4343661971830986,0.3142523364485981,0.3154362416107382,0.6101388050694025,0.5656338028169015,0.6857476635514018,0.6845637583892618,0.1332479061043326,0.1515779654868632,0.1392770297245309,0.1566534687553795,31,1,0,0,0,1,0,1,0.0,224.7,0,0
e0e17275-9ecd-4f28-8bca-50a114ced3a5,2024-08-17 21:00:00+00:00,2024-08-17,2024,0,0a5ad38d-2fe3-43ba-894b-1ba3d5042ea9,3c409388-ab73-4c7f-953d-3a71062240f6,0a5ad38d-2fe3-43ba-894b-1ba3d5042ea9,3c409388-ab73-4c7f-953d-3a71062240f6,1346.5754496577997,1447.6913434999108,0.3921798953961347,-0.4381583062519071,0,30.873511463305565,0.6085041173326845,0,0,0,1,30.2,0,0,25.805358883856403,0.4695063027968179,0,0,0,1,38.93333333333333,30,0,26.115502572838444,0.3769070724758185,0,0,0,1,28.3,0,0,22.32493734615158,0.3945331932121273,0,0,0,0,0.0,31,0,13.606332505239967,0.5533799458448,0,0,0,1,21.766666666666666,0,0,12.832915350859558,0.4400030195739824,37,0,2,0,0.0,34,1,13.969967792937856,0.3962756021339428,0,0,0,1,11.216666666666669,0,0,29.11424751455629,0.5820674877332598,0,0,0,1,32.65,0,0,22.877044726434946,0.5732594435114347,0,0,0,0,0.0,30,0,23.146699324087304,0.4696221292259314,0,0,0,1,24.633333333333333,0,0,23.892367556655863,0.3454169005267345,0,0,0,1,16.366666666666667,0,0,13.520454432977791,0.4427331438605949,0,0,0,1,17.5,0,0,17.10985066902201,0.3390236665241535,0,0,0,1,23.633333333333333,0,0,12.28128241499074,0.2806502758910036,0,0,0,1,26.65,0,0,-11.236233148764134,-5.721847046940713,0.4387480309553506,0.4204546397348968,0.1709537180062681,0.1506612393779612,0.1961250509090747,0.2673213144052985,0.2811208091683701,0.2067425533947959,0.3435021354484441,0.2040133779264214,0.3339171044950379,0.3209358128374325,0.6564978645515558,0.7959866220735786,0.666082895504962,0.6790641871625674,0.177746021664726,0.1482982033266663,0.1484830649044892,0.1672122445368486,1,1,0,0,1,1,1,1,0.0,1744.0,0,-2
46f8057c-839b-4d4a-ba77-7a14e0bacbc6,2024-08-18 19:00:00+00:00,2024-08-18,2024,0,5d70a9af-8c2b-4aec-9e68-9acc6ddb93e4,a015b02d-845c-40c1-8ef4-844984f47e4d,5d70a9af-8c2b-4aec-9e68-9acc6ddb93e4,a015b02d-845c-40c1-8ef4-844984f47e4d,1366.2533243798796,1648.3383342247816,0.1854424821462006,-1.479900278252748,1,31.717867707903743,0.4443145066717578,0,0,0,1,37.9,1,0,24.273178285110937,0.5568548776639795,0,0,0,1,29.016666666666666,1,0,19.30627014750986,0.5452327018868323,0,0,0,1,10.983333333333333,1,0,18.771256622045925,0.4868748691016865,0,0,0,1,33.95,1,0,15.138071275735616,0.5266517349545338,0,0,0,1,37.93333333333333,1,0,22.21568682583024,0.2669501057583871,0,0,0,1,4.166666666666667,1,0,15.921748063793665,0.3260547459250379,0,0,0,1,6.05,1,0,31.114150097610604,0.6425463361542888,0,0,0,1,31.416666666666668,0,0,31.510705026351683,0.5239491787879375,0,0,0,1,32.766666666666666,0,0,24.61165523147093,0.5889734304939998,0,0,0,1,27.35,0,0,32.5487546302753,0.4150872584816144,0,0,0,1,29.966666666666665,0,0,25.14489378510908,0.4175359731178941,0,0,0,0,0.0,32,0,26.782203819562987,0.318474729521242,0,0,0,1,25.466666666666665,0,0,13.979220702660324,0.4306005994090787,0,0,0,1,23.666666666666668,0,0,-7.846042064233458,7.2522133419793375,0.4236384843860101,0.4560986964895377,0.1804240219714203,0.1466636880471354,0.2233933257355981,0.2419846048827594,0.2744213999072618,0.2993250657481862,0.2637628554143981,0.2684401451027811,0.3482039397450753,0.327720207253886,0.736237144585602,0.7315598548972189,0.6517960602549246,0.6722797927461139,0.166684446340943,0.1484240069084628,0.1452581674300889,0.1943101524730383,1,1,0,0,1,1,1,1,0.0,733.7,0,1
b7298f7c-d6d5-4ad5-a9f8-513b0d1a5090,2024-08-18 19:30:00+00:00,2024-08-18,2024,0,f073a15f-0486-4179-b0a3-dfd0294eb595,d6a012ed-84aa-48d3-8265-2d3f3ff2199a,f073a15f-0486-4179-b0a3-dfd0294eb595,d6a012ed-84aa-48d3-8265-2d3f3ff2199a,1447.1253261972006,1620.3220931791068,0.2987852361869589,-0.8530891662061236,1,29.370667142950165,0.6488166433356539,0,0,0,1,32.65,1,0,33.49184180560269,0.5476833883686641,0,0,0,1,35.71666666666667,1,0,27.47067519766887,0.5594573687096693,0,0,0,1,28.25,1,0,31.41036362405637,0.4043063867006909,0,0,0,1,36.96666666666667,1,0,21.0595530046136,0.3434113913762509,0,0,0,1,22.316666666666663,1,0,14.0671136629464,0.3324034285535749,0,0,0,1,14.75,1,0,14.234256902626685,0.2582826978608157,0,0,0,1,18.966666666666665,1,0,29.4539686332988,0.7031384678967907,0,0,0,1,28.73333333333333,1,0,31.496303352871795,0.6367220254888813,0,0,0,1,32.31666666666667,1,0,32.113071163519265,0.4774639329581324,0,0,0,1,35.3,1,0,28.035085095327496,0.4631017287803793,0,0,0,1,32.666666666666664,1,0,26.81597965840368,0.4338929791295079,0,0,0,1,28.366666666666667,1,0,15.874391257156068,0.3487596218178652,0,0,0,1,12.033333333333331,1,0,11.803439989030746,0.3814336187614836,0,0,0,1,7.85,1,0,-1.6195182244274904,8.27643037058927,0.4928368065180588,0.4465658449417438,0.172372950420173,0.1452175721057174,0.2311361739404022,0.2341719120275226,0.2297004160376241,0.2595446265859894,0.3756150902132312,0.2891891891891892,0.3573717948717949,0.3024971623155505,0.6243849097867687,0.7108108108108108,0.6426282051282052,0.6975028376844495,0.1683680993658544,0.1486872802549863,0.1358651303978849,0.1807418707612715,1,1,0,0,1,1,1,1,0.0,433.0,0,0
3c713815-e8a7-437b-8b49-d4527a53fda5,2024-08-18 22:00:00+00:00,2024-08-18,2024,0,171b097d-01db-4ae8-9d56-035689402ec6,0a5ad38d-2fe3-43ba-894b-1ba3d5042ea9,FR_LVA_ACES,0a5ad38d-2fe3-43ba-894b-1ba3d5042ea9,1644.0921418522598,1339.6749485263356,0.8694696653811744,1.896277796820526,1,33.98084641508604,0.9918775137345957,0,0,0,1,35.65,0,0,30.91743488976281,0.5440859674939964,0,0,0,1,32.333333333333336,0,0,31.906609169211084,0.4335299655834485,0,0,0,1,34.483333333333334,0,0,20.86926986903692,0.4667696444748507,0,0,0,1,33.88333333333333,0,0,19.75457439499536,0.4484714201087413,0,0,0,1,13.783333333333331,0,0,22.50932723988118,0.3402895445294929,0,0,0,1,20.066666666666663,0,0,18.21336141707254,0.4142745017927987,0,0,0,1,21.0,0,0,31.193405702462307,0.60300372620583,0,0,0,1,34.266666666666666,0,0,24.88408812223361,0.4556494104108091,0,0,0,1,16.033333333333335,0,0,26.23188646674687,0.3801403449605462,0,0,0,1,27.35,0,0,20.220224057618545,0.3945331932121273,0,0,0,0,0.0,32,0,14.770048246190663,0.5399982284186949,0,0,0,1,25.95,0,0,13.49288910686824,0.450216273930384,38,1,0,1,19.83333333333333,0,1,15.719509736128062,0.3485952509097807,0,0,0,1,15.933333333333334,0,0,6.844199501257842,-10.7216387743592,0.4770246130333546,0.4400636262740909,0.1292017132755553,0.165871043217093,0.1403517935884385,0.2012041836973357,0.2523995337299232,0.2877418873421407,0.3931475029036004,0.344424985405721,0.318589025755879,0.3254901960784314,0.6068524970963995,0.655575014594279,0.6814109742441209,0.6745098039215687,0.1329620543308919,0.1747985372790681,0.1397158675441345,0.1483387766967049,0,0,1,1,1,2,1,2,0.0,224.7,0,0
56449de4-6708-4090-9630-d97d1b8e3564,2024-08-19 01:00:00+00:00,2024-08-19,2024,0,0699edf3-5993-4182-b9b4-ec935cbd4fcc,3c409388-ab73-4c7f-953d-3a71062240f6,0699edf3-5993-4182-b9b4-ec935cbd4fcc,3c409388-ab73-4c7f-953d-3a71062240f6,1471.5630180461023,1454.591844631375,0.5601092604074857,0.2416054956005495,1,26.52174849008753,0.7166668787765768,0,0,0,1,24.916666666666668,2,0,34.81649985514564,0.5336214397127922,0,0,0,1,38.333333333333336,2,0,34.414578141052345,0.4791213353123517,0,0,0,1,37.75,2,0,24.635617574866828,0.4967409272610882,0,0,0,1,32.983333333333334,2,0,31.20579942212087,0.3882379069957606,0,0,0,1,34.68333333333333,2,0,18.96641850186068,0.4671301392386434,0,0,0,1,5.366666666666666,32,0,14.570535047990385,0.5690182290062673,0,0,0,1,16.783333333333335,2,0,29.58742853429558,0.5741622980070895,0,0,0,1,34.13333333333333,1,0,22.30255194526004,0.5711523870917224,0,0,0,1,16.783333333333335,1,0,23.59325182220197,0.4961859889248909,0,0,0,1,27.883333333333333,1,0,24.119350321213687,0.357801595522887,0,0,0,1,26.3,1,0,13.93962703027497,0.4386594160386773,0,0,0,1,17.966666666666665,1,0,17.090066716894846,0.3423553694795818,0,0,0,1,16.9,1,0,14.017731617863358,0.2940293255525046,0,0,0,1,30.7,1,0,1.6556906339234996,-4.637695759375782,0.500365032196953,0.4292632783773883,0.1508383157530841,0.1520661146489177,0.1801534252697212,0.2744425555285286,0.2808603504388585,0.2186770682653754,0.3996692392502756,0.2009646302250803,0.3810272536687631,0.3228029867892016,0.6003307607497244,0.7990353697749196,0.6189727463312369,0.6771970132107984,0.1574770604282053,0.1481669977508167,0.1480943332960769,0.1646831123410468,1,0,0,1,2,2,2,2,1496.2,358.3,-3,0
77688020-42ab-4cb0-a65d-c4715a4bdbbd,2024-08-20 23:00:00+00:00,2024-08-20,2024,0,5c0d47fe-8539-47b0-9f36-d0b3609ca89b,d6a012ed-84aa-48d3-8265-2d3f3ff2199a,5c0d47fe-8539-47b0-9f36-d0b3609ca89b,d6a012ed-84aa-48d3-8265-2d3f3ff2199a,1384.9166644210252,1586.887849855989,0.2652752381928084,-1.0187280336800826,0,31.14319730364309,0.4234128338762448,0,0,0,1,28.2,2,0,24.526509276914787,0.486966893831358,0,0,0,1,21.75,2,0,17.229697076382934,0.5027096114816472,0,0,0,1,20.53333333333333,2,0,25.967032830845127,0.3272444524512266,0,0,0,1,30.933333333333334,2,0,23.558988310372023,0.3031648764449942,0,0,0,1,21.916666666666668,2,0,13.267880806265,0.3398783076426223,0,0,0,1,14.316666666666666,2,0,13.0265223529651,0.3406712422530931,0,0,0,1,1.2333333333333334,2,0,29.89355071852861,0.697826304981556,0,0,0,1,34.11666666666667,1,0,31.579929289117768,0.6351143122512284,0,0,0,1,32.38333333333333,1,0,32.45909003208014,0.4764655112944642,0,0,0,1,35.78333333333333,1,0,28.32089149735842,0.4606925371768497,0,0,0,1,31.066666666666663,1,0,27.196292314494247,0.4213092051363191,0,0,0,1,30.85,1,0,15.496557668125291,0.346747284172152,0,0,0,1,11.866666666666667,1,0,11.84239748602666,0.374307516455718,0,0,0,1,12.216666666666669,1,0,-8.40334156316141,5.284308552480441,0.4748491735196621,0.4457111503002846,0.1745307577244138,0.1446757133830836,0.1710009043294544,0.2241817519390085,0.2292042288760195,0.2560260070617127,0.3944598337950138,0.2892819979188345,0.3692922374429224,0.3073569482288828,0.6055401662049862,0.7107180020811654,0.6307077625570776,0.6926430517711172,0.17865394771587,0.1480789331981882,0.1775386795406238,0.1792815958857069,2,1,0,0,1,2,2,2,0.0,493.8,0,0
eb4635e3-1ec5-4fae-b647-d858e4fd2b0f,2024-08-20 23:00:00+00:00,2024-08-20,2024,0,a015b02d-845c-40c1-8ef4-844984f47e4d,0a5ad38d-2fe3-43ba-894b-1ba3d5042ea9,a015b02d-845c-40c1-8ef4-844984f47e4d,0a5ad38d-2fe3-43ba-894b-1ba3d5042ea9,1621.3140617871695,1334.4407892253869,0.8575742399636206,1.795286870760076,1,31.142670251240663,0.6375125319478439,0,0,0,1,31.416666666666668,1,0,30.9801770433089,0.5273400424239509,0,0,0,1,25.883333333333333,1,0,24.913811965573466,0.5908897352056852,0,0,0,1,27.816666666666663,1,0,32.95268901057251,0.405917268168441,0,0,0,1,36.833333333333336,1,0,24.85626108408112,0.4070361597874479,0,0,0,1,22.08333333333333,1,0,26.919010992799752,0.3195903772604184,0,0,0,1,28.23333333333333,1,0,14.125736746801357,0.4202711044660533,0,0,0,1,15.533333333333331,1,0,31.23330919522762,0.5965542531112789,0,0,0,1,31.616666666666667,1,0,24.002533224369365,0.4493246081878795,0,0,0,1,15.533333333333331,1,0,26.990947374702493,0.3824103441993917,0,0,0,1,34.28333333333333,1,0,15.126408246799029,0.5167190323566513,0,0,0,1,18.55,1,0,18.31393542570347,0.3945331932121273,0,0,0,0,0.0,34,0,14.246198909442992,0.447107039484609,40,3,0,1,21.48333333333333,1,1,15.83237330484031,0.350855817293827,0,0,0,1,16.916666666666668,1,0,5.161522212153416,-11.51795629148846,0.4493595117797622,0.4411524497854999,0.1527016429018604,0.1724184820213087,0.2464617012692619,0.1903162193009585,0.3030147089892366,0.2925469438311869,0.2675974403723095,0.3453521126760563,0.3248288736776602,0.3244853737811484,0.7324025596276905,0.6546478873239436,0.6751711263223398,0.6755146262188516,0.1498894187573433,0.1767849577997197,0.1916170874202712,0.1503072032153387,1,1,0,0,2,2,2,3,944.0,2373.5,0,3
ee6a1a08-ea0d-44dc-99bd-7e5e69381799,2024-08-20 23:00:00+00:00,2024-08-20,2024,0,08ed8274-e29f-4248-bc2e-83cc8ed18d75,5f0b5caf-708b-4300-92f2-53b51d83ec06,08ed8274-e29f-4248-bc2e-83cc8ed18d75,5f0b5caf-708b-4300-92f2-53b51d83ec06,1750.7314019691394,1334.7103380181325,0.9268121391715324,2.538721318874905,1,30.163920489227515,0.7202131981836375,0,0,0,1,34.583333333333336,2,0,28.486867428663427,0.7532664030318658,0,0,0,1,33.05,2,0,32.25742564745336,0.5687612901505812,0,0,0,1,35.983333333333334,2,0,22.803441813369144,0.3947562229863892,0,0,0,1,31.03333333333333,2,0,21.99464029053983,0.3563941936664274,0,0,0,1,26.5,2,0,16.47337155006201,0.4153509764757648,0,0,0,1,20.05,2,0,14.711971646828756,0.4249605805889308,0,0,0,0,0.0,44,0,36.64036587931898,0.4978969182015122,0,0,0,1,37.66666666666666,2,0,23.45366298317847,0.6455368922776537,0,0,0,1,24.28333333333333,2,0,24.69470616727912,0.587526144831173,0,0,0,1,35.016666666666666,2,0,13.802400753837004,0.5697996553598761,0,0,0,1,13.583333333333334,2,0,24.38420357233965,0.3144068182372104,0,0,0,1,24.25,2,0,16.86177354471525,0.2878671860865583,0,0,0,1,16.033333333333335,2,0,5.8138086941962905,0.6153305600609651,0,0,0,1,36.23333333333333,2,0,12.628569520925808,-10.042721858609848,0.4964488167691819,0.4627041051852248,0.1452303305161872,0.1767042682141085,0.1894794535034038,0.2707047864021223,0.2167267715628587,0.2634356032905556,0.4337479718766901,0.2665198237885463,0.3211009174311927,0.3092613009922823,0.5662520281233099,0.7334801762114538,0.6788990825688074,0.6907386990077178,0.1515201833186656,0.1760132987825746,0.1556102919149219,0.1522851041994272,2,3,0,0,1,1,2,1,2233.4,1388.8,3,1
8ce74abe-deb8-4f32-b52e-6b0a39ed9654,2024-08-21 23:30:00+00:00,2024-08-21,2024,0,5d70a9af-8c2b-4aec-9e68-9acc6ddb93e4,0699edf3-5993-4182-b9b4-ec935cbd4fcc,5d70a9af-8c2b-4aec-9e68-9acc6ddb93e4,0699edf3-5993-4182-b9b4-ec935cbd4fcc,1393.2775968174917,1495.396639418699,0.3908042392146708,-0.4439328946987811,1,25.38816769979474,0.5692758486747851,0,0,0,1,36.1,2,0,32.09014600429441,0.4385996826893901,0,0,0,1,35.666666666666664,2,0,17.530141364615012,0.5432780320781574,0,0,0,1,0.4666666666666667,2,0,19.968133361719964,0.4732379658875261,0,0,0,1,31.466666666666665,2,0,16.9917258693635,0.5110363722564574,0,0,0,1,34.8,2,0,12.680446859748102,0.4802178490323067,0,0,0,1,33.68333333333333,2,0,21.079749356013977,0.2686834249130143,0,0,0,1,10.166666666666666,2,0,26.24943929302415,0.7153090048214132,0,0,0,1,23.633333333333333,1,0,34.429982605006614,0.5193238919354511,0,0,0,1,30.716666666666665,1,0,34.00938679592915,0.4730457033270076,0,0,0,1,30.116666666666667,1,0,25.182204972214457,0.5067924354429987,0,0,0,1,30.433333333333334,1,0,31.271246108869192,0.3975585338734561,0,0,0,1,31.9,1,0,19.316835612415066,0.4778860240615147,0,0,0,1,22.683333333333334,1,0,14.653447781074169,0.5726903666063334,0,0,0,1,15.45,1,0,-5.699366938418573,4.051190607697154,0.4263482189485852,0.5010909113291284,0.176274421542965,0.149974860559878,0.220664131283809,0.1867383043990091,0.2949398988576883,0.3015200336139745,0.2634032634032634,0.3987206823027718,0.344500279173646,0.3731117824773414,0.7365967365967366,0.6012793176972282,0.655499720826354,0.6268882175226587,0.1651407546846924,0.1564220842444653,0.1468347060737341,0.1467311976645924,2,2,0,0,1,1,2,3,0.0,1585.4,0,3
acfbe730-80a8-4a3f-9dd2-7515a34e44a4,2024-08-22 01:30:00+00:00,2024-08-22,2024,0,171b097d-01db-4ae8-9d56-035689402ec6,6f017f37-be96-4bdc-b6d3-0a0429c72e89,FR_LVA_ACES,6f017f37-be96-4bdc-b6d3-0a0429c72e89,1649.3263011532088,1597.680564554665,0.6085469130302483,0.4412083263333896,0,33.98108087262567,1.001517276307884,0,0,0,1,33.983333333333334,3,0,30.99278353309315,0.5388242001537605,0,0,0,1,31.716666666666665,3,0,31.887130813808383,0.4290784890076175,0,0,0,1,31.7,3,0,21.308980682091374,0.4610685798963319,0,0,0,1,25.53333333333333,3,0,20.08253904061105,0.4495323009679158,0,0,0,1,23.23333333333333,3,0,22.04806512903806,0.3390481283484643,0,0,0,1,17.616666666666667,3,0,18.004693813011293,0.410295305140571,0,0,0,1,16.0,3,0,27.349576051431168,0.5712237740886907,0,0,0,1,20.766666666666666,4,0,20.959298998556747,0.7381947613591296,0,0,0,1,29.2,4,0,29.1544734842652,0.4676008462921716,0,0,0,1,25.433333333333334,4,0,25.77602826349992,0.478863914296905,0,0,0,1,20.7,4,0,20.135103236514773,0.5480473250798688,0,0,0,1,14.75,4,0,27.560438892517222,0.3620584182218926,0,0,0,1,23.933333333333334,4,0,20.36046463525691,0.478336005663545,0,0,0,1,22.9,4,0,8.00606778509432,6.308867252348138,0.4845999462807596,0.4694531730688587,0.1362785848472159,0.1601726116214051,0.1301611128954512,0.2060579770773696,0.2641510456619765,0.2255113551824075,0.3897924845765563,0.3759562841530054,0.3203463203463203,0.32508073196986,0.6102075154234436,0.6240437158469946,0.6796536796536796,0.6749192680301399,0.1356098568993129,0.1616791354945968,0.1431106052490626,0.1751144670254638,2,3,0,0,2,1,2,2,0.0,2087.6,0,-3
0c186b94-c8f2-4fbe-b067-6a609fa7d0e6,2024-08-22 23:00:00+00:00,2024-08-22,2024,0,08ed8274-e29f-4248-bc2e-83cc8ed18d75,5f0b5caf-708b-4300-92f2-53b51d83ec06,08ed8274-e29f-4248-bc2e-83cc8ed18d75,5f0b5caf-708b-4300-92f2-53b51d83ec06,1754.049556573951,1331.392183413321,0.9293615338711548,2.5769229855213465,1,30.161036844249224,0.7282217968755699,0,0,0,1,30.133333333333333,1,0,28.85106941195179,0.7510259412172199,0,0,0,1,32.35,1,0,29.21631375713198,0.5687612901505812,0,0,0,0,0.0,4,0,21.83521361825919,0.3934077259703855,0,0,0,1,12.533333333333331,1,0,22.90962604094845,0.3559834558286012,0,0,0,1,31.7,1,0,17.69990307505544,0.4283673467472689,0,0,0,1,29.48333333333333,1,0,13.324980868512442,0.4249605805889308,0,0,0,0,0.0,46,0,36.80782900871526,0.4969407411283918,0,0,0,1,38.41666666666666,1,0,23.33704350313869,0.6291717552561651,0,0,0,1,22.216666666666665,1,0,25.268719626157942,0.5722087671372847,0,0,0,1,30.78333333333333,1,0,25.41173358891833,0.3075793107705398,0,0,0,1,35.28333333333333,1,0,13.731467167760176,0.5609591209100395,0,0,0,1,13.05,1,0,8.658080928073913,0.6371937057017343,0,0,0,1,35.983333333333334,1,0,15.716777371129604,0.2848346148918382,0,0,0,1,4.716666666666667,1,0,13.363010162683151,-11.020946742742083,0.4980576138486852,0.4612207228336889,0.1498425410359904,0.1799814925053051,0.2116120461511983,0.265385803017357,0.2268706745713807,0.2714537344845941,0.4316172646905876,0.2683315621679065,0.321000521104742,0.3119703389830508,0.5683827353094124,0.7316684378320936,0.6789994788952579,0.6880296610169492,0.1521621363245275,0.176575841285786,0.1569531863098384,0.1528942686491295,1,1,0,0,1,1,3,2,0.0,0.0,0,0
0a3aa4da-e89b-42e9-a299-deb21a2c262b,2024-08-23 23:30:00+00:00,2024-08-23,2024,0,5d70a9af-8c2b-4aec-9e68-9acc6ddb93e4,0699edf3-5993-4182-b9b4-ec935cbd4fcc,5d70a9af-8c2b-4aec-9e68-9acc6ddb93e4,0699edf3-5993-4182-b9b4-ec935cbd4fcc,1411.6390471841833,1477.0351890520074,0.4421258362009204,-0.2325388851983111,0,26.116782263131608,0.5738311845590056,0,0,0,1,33.11666666666667,1,0,32.185351338637986,0.4409497999290213,0,0,0,1,33.1,1,0,21.25643834214464,0.465600772930424,0,0,0,1,33.63333333333333,1,0,18.60148872064397,0.5018200959564958,0,0,0,1,34.06666666666667,1,0,15.877463871823393,0.5432780320781574,0,0,0,0,0.0,4,0,14.173427635055727,0.4617561492853736,0,0,0,1,28.516666666666666,1,0,20.165606783622906,0.2659508250940893,0,0,0,1,11.383333333333333,1,0,26.96127848923076,0.706776819517718,0,0,0,1,33.8,1,0,34.36744760890458,0.5197419628645028,0,0,0,1,33.766666666666666,1,0,34.346325379592315,0.4650347822471232,0,0,0,1,37.583333333333336,1,0,25.674119568056085,0.4899381634405184,0,0,0,1,30.4,1,0,30.64859055998041,0.390386180475386,0,0,0,1,24.666666666666668,1,0,19.14397973597946,0.4774415658161825,0,0,0,1,17.483333333333334,1,0,14.5085656887794,0.5767389816973387,0,0,0,1,13.116666666666667,1,0,-3.8517326871760695,2.358940381562026,0.424251642409116,0.4955787662543343,0.1712726595416895,0.1510416408563568,0.2326524945096679,0.1774518015307075,0.2877973523937168,0.2885489666997422,0.2699832308552264,0.3959731543624161,0.3434125269978402,0.3749392909179213,0.7300167691447736,0.6040268456375839,0.6565874730021598,0.6250607090820787,0.1627899309276141,0.1563806397671321,0.1470978221235124,0.1452214348323453,1,1,0,0,1,1,3,3,0.0,0.0,0,0
bb885cdf-9f07-414c-b45a-499b57fd0945,2024-08-23 23:30:00+00:00,2024-08-23,2024,0,a015b02d-845c-40c1-8ef4-844984f47e4d,3c409388-ab73-4c7f-953d-3a71062240f6,a015b02d-845c-40c1-8ef4-844984f47e4d,3c409388-ab73-4c7f-953d-3a71062240f6,1624.6576607588297,1430.758223258778,0.7790409900180032,1.260086454131,1,31.69959165393851,0.6359949996108926,0,0,0,1,37.05,2,0,30.468239849267484,0.5172652963712709,0,0,0,1,25.55,2,0,25.7719957515306,0.5930544121097546,0,0,0,1,34.016666666666666,2,0,32.2940724226186,0.4005846550525319,0,0,0,1,25.966666666666665,2,0,25.415043737383705,0.4042528056035468,0,0,0,1,30.78333333333333,2,0,27.138768095039705,0.3256474777999716,0,0,0,1,29.25,2,0,13.805913383640975,0.4080076431486026,0,0,0,1,10.733333333333333,2,0,30.06785176600883,0.5829840763469588,0,0,0,1,34.68333333333333,3,0,22.841257743169923,0.5648800307254392,0,0,0,1,28.016666666666666,3,0,22.855390052411607,0.5094892350646153,0,0,0,1,15.766666666666667,3,0,23.94782863950937,0.3470509154391336,0,0,0,1,22.3,3,0,14.947790475965276,0.4370621844465161,0,0,0,1,24.633333333333333,3,0,16.608622605911485,0.330671233961032,0,0,0,1,11.983333333333333,3,0,14.44658854576602,0.2809998517539068,0,0,0,1,18.566666666666663,3,0,5.747943675617688,-6.7520632167755466,0.4463849715255386,0.4226366966132211,0.1520217382605233,0.1504950151174238,0.2446526351143335,0.2812772335031187,0.2964023556682172,0.2234430859502909,0.265625,0.2001028806584362,0.3233711894799761,0.324459234608985,0.734375,0.7998971193415638,0.6766288105200239,0.6755407653910149,0.14911610287765,0.1467640885634478,0.193459274892332,0.1633451782468436,2,4,0,0,1,0,3,2,80.3,800.9,0,1
c522e561-21b2-4c01-99c5-30d82feb2f89,2024-08-23 23:30:00+00:00,2024-08-23,2024,0,5c0d47fe-8539-47b0-9f36-d0b3609ca89b,0a5ad38d-2fe3-43ba-894b-1ba3d5042ea9,5c0d47fe-8539-47b0-9f36-d0b3609ca89b,0a5ad38d-2fe3-43ba-894b-1ba3d5042ea9,1379.3396371993028,1331.0971902537267,0.6038702185209049,0.4216174162782274,1,31.088844107749363,0.433015966636763,0,0,0,1,30.566666666666663,2,0,24.64185549909436,0.4874970939125213,0,0,0,1,25.75,2,0,17.60243141552158,0.4946670925894401,0,0,0,1,21.183333333333334,2,0,26.0267066561943,0.3163084386710817,0,0,0,1,26.6,2,0,23.19517703282173,0.3020107997723011,0,0,0,1,19.7,2,0,8.989400260512841,0.5364228727815468,0,0,0,1,29.35,2,0,13.324332143074257,0.3363551089603701,0,0,0,1,13.866666666666667,2,0,31.285163455534622,0.5912664651869932,0,0,0,1,31.78333333333333,2,0,27.6611628067706,0.381255665021727,0,0,0,1,34.1,2,0,23.26379643799216,0.4388547281884682,0,0,0,1,16.166666666666668,2,0,15.634582059294774,0.5260329480947057,0,0,0,1,20.516666666666666,2,0,16.587364700860718,0.3945331932121273,0,0,0,0,0.0,37,0,14.72265275779978,0.4387976410605326,43,6,0,1,19.3,2,1,12.824729269358404,0.4550533123836426,0,0,0,1,27.683333333333334,2,0,-8.252471145681076,-11.505116441604995,0.4719827270734019,0.4381298052107603,0.1810301498763258,0.1807378996335163,0.1824726395356937,0.1945565707461393,0.232474171528285,0.2792509832293373,0.3921150772509323,0.3432916892992939,0.3677277716794731,0.3204794163626889,0.6078849227490677,0.6567083107007061,0.6322722283205269,0.679520583637311,0.1801238301847951,0.1790088562276238,0.1769007930854347,0.1495533234953428,2,2,0,0,1,1,2,3,0.0,394.6,0,0
dd22eeb9-bebf-46b6-b35d-ca83fb4545b8,2024-08-24 01:30:00+00:00,2024-08-24,2024,0,6f017f37-be96-4bdc-b6d3-0a0429c72e89,171b097d-01db-4ae8-9d56-035689402ec6,6f017f37-be96-4bdc-b6d3-0a0429c72e89,FR_LVA_ACES,1619.087075093209,1627.9197906146644,0.5232498138385582,0.0930663705862269,1,22.16358814820653,0.7436001050181765,0,0,0,1,33.733333333333334,1,0,27.018077572410185,0.5727197620533766,0,0,0,1,23.83333333333333,1,0,29.71499593819046,0.4605782773356662,0,0,0,1,35.1,1,0,26.15225102939821,0.5000296848852702,0,0,0,1,29.766666666666666,1,0,19.528425283292687,0.5531832610179043,0,0,0,1,13.7,1,0,27.67730017165168,0.3669529513288869,0,0,0,1,28.8,1,0,19.262730028726857,0.4747318931690954,0,0,0,1,8.716666666666667,1,0,33.89958706872963,0.9931901529028824,0,0,0,1,33.11666666666667,1,0,31.161590007212787,0.5478720259322957,0,0,0,1,32.78333333333333,1,0,31.880487712215093,0.4312184583938966,0,0,0,1,31.816666666666663,1,0,21.97749600001765,0.4479373835691062,0,0,0,1,28.4,1,0,20.24288369436977,0.4498973170092449,0,0,0,1,21.78333333333333,1,0,21.93354466643689,0.343836180803702,0,0,0,1,20.83333333333333,1,0,17.580007786707537,0.400594024364055,0,0,0,1,13.5,1,0,7.092691660993012,5.872683754819157,0.4892732950578706,0.49136314977392,0.159926589376759,0.1345540614836963,0.2092579066259857,0.1428455007523608,0.2248739193911999,0.2551818815712223,0.3732840549102428,0.3910463861920172,0.3286677034733022,0.3195606694560669,0.6267159450897571,0.6089536138079827,0.6713322965266978,0.680439330543933,0.1611632692431355,0.1345447901267378,0.1728101651210836,0.1432085180750186,1,1,0,0,1,1,2,3,1298.0,1298.0,2,2
f38006e6-c1b5-44fa-b4ce-e2352fcc34e7,2024-08-24 23:00:00+00:00,2024-08-24,2024,0,08ed8274-e29f-4248-bc2e-83cc8ed18d75,a015b02d-845c-40c1-8ef4-844984f47e4d,08ed8274-e29f-4248-bc2e-83cc8ed18d75,a015b02d-845c-40c1-8ef4-844984f47e4d,1755.5752337408155,1627.1647419601363,0.7074645732542894,0.883101778707695,0,29.41191278934134,0.7435742992000379,0,0,0,1,34.8,1,0,30.073576356590564,0.7270124376596914,0,0,0,1,29.23333333333333,1,0,26.461906752393567,0.5687612901505812,3,1,2,0,0.0,6,1,22.493399429776623,0.4052503861771932,0,0,0,1,28.816666666666663,1,0,23.70692484231244,0.3597313703986948,0,0,0,1,31.366666666666667,1,0,18.513831244639,0.4327394388121971,0,0,0,1,26.33333333333333,1,0,13.965157422484678,0.3677876477970868,0,0,0,1,15.7,1,0,32.251146715365046,0.6406271644707172,0,0,0,1,37.55,0,0,30.8012012549773,0.5111297502314371,0,0,0,1,34.0,0,0,26.43299896735172,0.5837819139655814,0,0,0,1,32.78333333333333,0,0,31.56084710641465,0.4129771445901717,0,0,0,1,24.516666666666666,0,0,25.31777786094903,0.3969059867714398,0,0,0,1,24.383333333333333,0,0,27.443082544500463,0.3195354588314452,0,0,0,1,30.366666666666667,0,0,13.368542202588936,0.3980870329040522,0,0,0,1,9.166666666666666,0,0,13.093525158822327,5.305060249736671,0.4884457909250345,0.4431210997384888,0.1484999552150504,0.1488019366190658,0.2257619890661396,0.2422824865530585,0.2336426026079859,0.3183696289443208,0.4295,0.2693548387096774,0.3163983903420523,0.3164556962025316,0.5705,0.7306451612903225,0.6836016096579477,0.6835443037974683,0.1506555240358813,0.1475197492564045,0.1573080609752326,0.1938208270788314,1,0,0,1,2,2,3,3,0.0,113.0,0,0
29b2d1e4-f81e-4fb1-bee8-9ffa976ab7e1,2024-08-25 00:00:00+00:00,2024-08-25,2024,0,6f017f37-be96-4bdc-b6d3-0a0429c72e89,f073a15f-0486-4179-b0a3-dfd0294eb595,6f017f37-be96-4bdc-b6d3-0a0429c72e89,f073a15f-0486-4179-b0a3-dfd0294eb595,1639.168684298385,1480.5595695203183,0.7421051548907841,1.0569390265645229,1,23.63616048939177,0.7577741945544127,0,0,0,1,37.78333333333333,0,0,27.54903458203328,0.5803324553700975,0,0,0,1,32.65,0,0,29.95712937673851,0.4561024745564965,0,0,0,1,32.28333333333333,0,0,25.78593237348642,0.5031863105735235,0,0,0,1,22.266666666666666,0,0,28.24352697044449,0.3583157877047448,0,0,0,1,33.68333333333333,0,0,18.01103899091503,0.5474767448032185,0,0,0,1,3.4333333333333336,0,0,18.021796073335047,0.471613951308506,0,0,0,1,6.1,0,0,29.92023528449884,0.649958187290894,0,0,0,1,35.2,6,0,33.68587741853568,0.552445920594964,0,0,0,1,35.55,6,0,26.772652403607207,0.5502276542116246,0,0,0,1,20.066666666666663,6,0,31.71264212617316,0.4158043534773371,0,0,0,1,34.61666666666667,6,0,21.12778836188316,0.3386289720181681,0,0,0,1,21.78333333333333,6,0,13.546980402964278,0.3291215756911471,0,0,0,1,8.55,6,0,14.85953619228066,0.2948348163335751,0,0,0,1,20.866666666666667,6,0,8.002316438124907,0.7450143092241142,0.4987848948475911,0.4999694094213003,0.1687253584159299,0.1708600231962475,0.2182226357982062,0.2329145863392641,0.2314928768790344,0.226125495651408,0.3749360613810741,0.3774973711882229,0.3288016112789527,0.3549382716049383,0.6250639386189258,0.6225026288117771,0.6711983887210473,0.6450617283950617,0.1636877055793458,0.167374587484802,0.1748120300751879,0.1357199055861526,0,5,1,0,2,0,3,1,0.0,511.4,0,-1
26d7c89c-4dbb-40c5-bddf-59dd9d9b764d,2024-08-25 16:00:00+00:00,2024-08-25,2024,0,3c409388-ab73-4c7f-953d-3a71062240f6,171b097d-01db-4ae8-9d56-035689402ec6,3c409388-ab73-4c7f-953d-3a71062240f6,FR_LVA_ACES,1428.2511420574713,1607.8381814094885,0.2911357205188627,-0.8898745309550966,0,30.718246755764408,0.5890285233393114,0,0,0,1,36.96666666666667,1,0,23.212902185005227,0.5610832497540971,0,0,0,1,26.78333333333333,1,0,24.17475059832612,0.5153038979378295,0,0,0,1,36.85,1,0,24.55297316839325,0.3528255844372545,0,0,0,1,30.366666666666667,1,0,14.121509571841909,0.4298106724364082,0,0,0,1,6.183333333333334,1,0,15.625764534304016,0.3291781296041025,0,0,0,1,6.183333333333334,1,0,14.73916680595262,0.2889261808152809,0,0,0,1,17.55,1,0,33.80849220716515,0.9828627278784644,0,0,0,1,32.93333333333333,0,0,31.53288886995918,0.5373459146658006,0,0,0,1,35.1,0,0,32.09602028687776,0.4234997811846006,0,0,0,1,34.166666666666664,0,0,22.15088627126263,0.4414341328342782,0,0,0,1,23.816666666666663,0,0,20.44781998768343,0.4514441580819133,0,0,0,1,22.416666666666668,0,0,22.28706100173662,0.3463946326492199,0,0,0,1,25.683333333333334,0,0,17.01937710942798,0.3937973634742613,0,0,0,1,11.633333333333333,0,0,-6.214515079913159,3.740730892041663,0.427029415046625,0.4938313711679239,0.1577128523174237,0.1443369424456142,0.2851711678076505,0.13241972248556,0.2342866041950872,0.2608957432734226,0.1981085116973618,0.3893249607535322,0.3260288615713522,0.3228585909782058,0.8018914883026381,0.6106750392464678,0.6739711384286478,0.6771414090217942,0.1487619656363664,0.1379841478676635,0.16124453976314,0.1463791649751741,1,1,0,0,1,2,2,3,800.9,356.5,-1,0
fde5d5c7-79f3-4a6c-8abf-dfb2e5b66868,2024-08-25 20:00:00+00:00,2024-08-25,2024,0,5f0b5caf-708b-4300-92f2-53b51d83ec06,0a5ad38d-2fe3-43ba-894b-1ba3d5042ea9,5f0b5caf-708b-4300-92f2-53b51d83ec06,0a5ad38d-2fe3-43ba-894b-1ba3d5042ea9,1329.866506246456,1322.1163013230516,0.5469922335208108,0.1885253341228283,1,37.10877519281664,0.4986815066648956,0,0,0,1,40.0,2,0,25.95202951474637,0.5680433176491156,0,0,0,1,32.516666666666666,2,0,22.881024765866705,0.6356009277032547,0,0,0,1,18.5,2,0,26.549799779294545,0.2992458880233437,0,0,0,1,37.48333333333333,2,0,13.868343789829623,0.554155311413665,0,0,0,1,15.183333333333334,2,0,11.227920508856569,0.5950221899613393,0,0,0,1,35.916666666666664,2,0,14.472319302602056,0.2826335459420804,0,0,0,1,2.5166666666666666,2,0,30.76018598272196,0.586751544466172,0,0,0,1,25.716666666666665,1,0,28.189629170636127,0.3805243804323044,0,0,0,1,33.266666666666666,1,0,23.29077866109288,0.436318257924684,0,0,0,1,23.55,1,0,16.409101559285023,0.5272010874849083,0,0,0,1,23.85,1,0,15.897400063238996,0.425228911489556,45,8,0,1,27.183333333333334,1,1,13.367629359464935,0.4522792911364516,0,0,0,1,18.58333333333333,1,0,15.02356873734535,0.3945331932121273,0,0,0,0,0.0,39,0,-10.972262896174843,-11.660641722069094,0.4600945580153024,0.4357920847029733,0.1803182574892594,0.1822245102301564,0.2607502745440876,0.1971647869930562,0.2636242792576707,0.2717794909269928,0.265504869297796,0.3439457202505219,0.3145038167938931,0.3202811244979919,0.734495130702204,0.656054279749478,0.6854961832061068,0.679718875502008,0.1762565385490107,0.1790733520718107,0.1513645745738093,0.1495791889824024,2,1,0,0,1,1,2,3,1388.8,1200.9,-1,-1
91b5a849-d166-4ee2-b802-4c9c5cf14c50,2024-08-26 23:30:00+00:00,2024-08-26,2024,0,5d70a9af-8c2b-4aec-9e68-9acc6ddb93e4,f073a15f-0486-4179-b0a3-dfd0294eb595,5d70a9af-8c2b-4aec-9e68-9acc6ddb93e4,f073a15f-0486-4179-b0a3-dfd0294eb595,1405.9285806866503,1472.7642484855494,0.4400829384959106,-0.2408254625729901,0,26.86783950648468,0.5774751636597562,0,0,0,1,34.083333333333336,2,0,32.574836609534884,0.4491745026359797,0,0,0,1,36.31666666666667,2,0,21.76963738860074,0.4589911368999342,0,0,0,1,26.7,2,0,19.687097502744063,0.4920162939351927,0,0,0,1,30.116666666666667,2,0,14.380594757205678,0.5432780320781574,0,0,0,0,0.0,7,0,15.75349013157181,0.4635764350267909,0,0,0,1,30.933333333333334,2,0,18.512728285606407,0.2663472307125194,0,0,0,1,2.6333333333333333,2,0,30.537408847357387,0.6445489294239879,0,0,0,1,36.46666666666667,0,0,34.09259708743247,0.5516178568959007,0,0,0,1,38.0,0,0,25.19138819441994,0.5463418486617342,0,0,0,1,10.0,0,0,31.96756765159136,0.422007144675651,0,0,0,1,34.416666666666664,0,0,20.48723203846781,0.3307413301762792,0,0,0,1,14.333333333333334,0,0,15.87839285322764,0.2999016212647108,0,0,0,1,25.666666666666668,0,0,12.984749609616182,0.326492069159462,0,0,0,1,7.583333333333333,0,0,-4.1017406777128524,-1.1522333891119998,0.4275709063898891,0.4981115762362821,0.1667418091836036,0.1734854656866328,0.2330474756596674,0.2525487536597515,0.2785009360931273,0.2147310373192109,0.2753623188405797,0.3776541961577351,0.3404588112617309,0.3568939771030363,0.7246376811594203,0.6223458038422649,0.6595411887382691,0.6431060228969636,0.1609314154017325,0.1673792967026278,0.1468940121677873,0.1351968923756569,2,1,0,0,1,1,2,1,8.5,907.7,0,1
7434c689-1633-496d-8732-e0eda3ccbef0,2024-08-27 02:00:00+00:00,2024-08-27,2024,0,d6a012ed-84aa-48d3-8265-2d3f3ff2199a,5c0d47fe-8539-47b0-9f36-d0b3609ca89b,d6a012ed-84aa-48d3-8265-2d3f3ff2199a,5c0d47fe-8539-47b0-9f36-d0b3609ca89b,1592.4648770777114,1388.320526129978,0.7890254250855873,1.319060916590118,0,30.335686238851235,0.7028246004381181,0,0,0,1,34.583333333333336,6,0,31.94949919156613,0.6365083228478728,0,0,0,1,35.5,6,0,32.464518146212974,0.4724519899894649,0,0,0,1,32.516666666666666,6,0,29.09513042109993,0.4530702457834096,0,0,0,1,36.53333333333333,6,0,27.080367714089945,0.4178556009386884,0,0,0,1,25.966666666666665,6,0,15.35232515043215,0.3521925877586566,0,0,0,1,13.966666666666669,6,0,11.429869618209906,0.3747012800941352,0,0,0,1,7.466666666666667,6,0,30.97047915246024,0.4340201662301438,0,0,0,1,29.83333333333333,3,0,24.94587887941391,0.4812680965703074,0,0,0,1,27.866666666666667,3,0,17.855177024800735,0.4973882048405103,0,0,0,1,20.28333333333333,3,0,25.062570226000386,0.3113837805209526,0,0,0,1,15.8,3,0,22.94265689026949,0.3006247214354009,0,0,0,1,20.516666666666666,3,0,11.127329841796229,0.5756221626290049,0,0,0,1,31.666666666666668,3,0,8.79179010568457,0.6061809221537944,0,0,0,1,20.58333333333333,3,0,5.427489138287024,-6.2342729045027285,0.4420750729458069,0.4733326362483205,0.1477592923304597,0.1794619837401946,0.2253753236595336,0.1856538602997632,0.2722929571496884,0.2286377516381815,0.2906626506024096,0.3892307692307692,0.3083377031987415,0.3674222456510279,0.7093373493975904,0.6107692307692307,0.6916622968012586,0.632577754348972,0.1485782207186614,0.1790623091020159,0.1806812950744207,0.1770457349111344,5,2,0,0,0,1,1,2,0.0,2326.8,0,-3
ee05f09d-8485-420d-be93-676eb15f6dbf,2024-08-27 02:00:00+00:00,2024-08-27,2024,0,0699edf3-5993-4182-b9b4-ec935cbd4fcc,08ed8274-e29f-4248-bc2e-83cc8ed18d75,0699edf3-5993-4182-b9b4-ec935cbd4fcc,08ed8274-e29f-4248-bc2e-83cc8ed18d75,1482.7456555495403,1737.0914274432891,0.2107816288682513,-1.320220388759397,0,27.566726287828978,0.7191948731772992,0,0,0,1,33.38333333333333,3,0,34.52764375528332,0.5086234294802027,0,0,0,1,36.06666666666667,3,0,33.89728794233086,0.4581419760495868,0,0,0,1,29.58333333333333,3,0,26.254787672861728,0.4956506538878475,0,0,0,1,31.83333333333333,3,0,30.86241646448937,0.39257559714309,0,0,0,1,32.916666666666664,3,0,19.054984785462192,0.4729258237898821,0,0,0,1,18.2,3,0,13.748833644352672,0.5820205557965049,0,0,0,1,6.45,3,0,29.621340178357784,0.7484506600598771,0,0,0,1,31.633333333333333,2,0,29.92051152690345,0.7163305397673149,0,0,0,1,28.45,2,0,26.62419654268328,0.5578241401249023,6,4,0,1,28.183333333333334,2,1,23.51377740556313,0.4137467030591916,0,0,0,1,33.31666666666667,2,0,23.67327527604604,0.3463898341590417,0,0,0,1,23.35,2,0,19.010620592714787,0.4291905567687131,0,0,0,1,23.78333333333333,2,0,13.985726247905374,0.3634206794105462,0,0,0,1,14.183333333333334,2,0,2.749683360687135,11.236189366599532,0.4988524426299778,0.4822830535930977,0.1512986059017443,0.1573825293415892,0.1801321297406431,0.2304039683159177,0.2842004967082104,0.2290204961443088,0.3914128806789815,0.4314769975786925,0.3759962494139709,0.3116504854368932,0.6085871193210185,0.5685230024213075,0.6240037505860291,0.6883495145631068,0.1558939920853819,0.1527125001853307,0.1441098253432042,0.1557853524410107,2,1,0,0,1,2,2,3,1585.4,2141.3,-3,-3
906645f8-c951-4475-b1a5-a0df027101ce,2024-08-28 00:00:00+00:00,2024-08-28,2024,0,5f0b5caf-708b-4300-92f2-53b51d83ec06,171b097d-01db-4ae8-9d56-035689402ec6,5f0b5caf-708b-4300-92f2-53b51d83ec06,FR_LVA_ACES,1336.9295769010616,1611.292764053855,0.1922509476772718,-1.4354498936987667,1,37.381349273427176,0.509841412744128,0,0,0,1,40.0,2,0,26.67619469243841,0.580017245479856,0,0,0,1,33.63333333333333,2,0,23.281916836026653,0.6457695856650207,0,0,0,1,27.133333333333333,2,0,26.216708935768125,0.3055848305453474,0,0,0,1,23.016666666666666,2,0,13.538201035648504,0.5703098728517028,0,0,0,1,35.733333333333334,2,0,12.699159113675686,0.5525875355768413,0,0,0,1,1.4666666666666668,2,0,14.70904850440132,0.290412805581241,0,0,0,1,16.983333333333334,2,0,33.71027271273068,0.9758290513249652,0,0,0,1,32.766666666666666,2,0,31.21710504762155,0.5253429934010586,0,0,0,1,28.183333333333334,2,0,32.68876512252333,0.4249911617791562,0,0,0,1,38.38333333333333,2,0,22.77302653271374,0.452075856783136,0,0,0,1,28.75,2,0,19.849370779332304,0.4574468622454888,0,0,0,1,14.1,2,0,22.325991377375423,0.3488492679366253,0,0,0,1,22.7,2,0,16.327761783418207,0.3911896534917933,0,0,0,1,9.683333333333334,2,0,-9.366363046472182,3.823529087850988,0.4712995654722932,0.4868475419242514,0.1733289780038915,0.135419749362485,0.2757029316846395,0.1406304816759149,0.2747446131501192,0.2479385023830392,0.2664035520473606,0.3855421686746988,0.316256157635468,0.3172749391727494,0.7335964479526393,0.6144578313253012,0.683743842364532,0.6827250608272506,0.1732481469027325,0.13475627700934,0.1511657131029996,0.1447847408165107,1,1,0,0,1,2,3,3,0.0,817.0,0,0
c9616f84-1603-4982-b5c5-b04046e3d69b,2024-08-28 23:00:00+00:00,2024-08-28,2024,0,f073a15f-0486-4179-b0a3-dfd0294eb595,a015b02d-845c-40c1-8ef4-844984f47e4d,f073a15f-0486-4179-b0a3-dfd0294eb595,a015b02d-845c-40c1-8ef4-844984f47e4d,1481.8486431334795,1645.648548257663,0.3102402222051616,-0.7989964811198312,1,30.70200821036712,0.6419639937623902,0,0,0,1,32.28333333333333,1,0,34.35726874696417,0.5561851910045625,0,0,0,1,36.9,1,0,32.52842690766386,0.4291722598687311,0,0,0,1,37.91666666666666,1,0,25.37132512179268,0.5347026154662009,0,0,0,1,27.1,1,0,19.154425604430163,0.3319434846041854,0,0,0,1,6.35,1,0,17.2081549574677,0.2920753505032269,0,0,0,1,29.98333333333333,1,0,12.594940567235328,0.3249524652958704,0,0,0,1,8.85,1,0,31.974494689083087,0.6328856656931632,0,0,0,1,29.316666666666663,3,0,31.21119006551176,0.512964086061542,0,0,0,1,35.15,3,0,26.28218835297352,0.5779043871148613,0,0,0,1,24.83333333333333,3,0,31.082157713238995,0.4167048280809468,0,0,0,1,26.48333333333333,3,0,25.67592317742095,0.395288677493214,0,0,0,1,29.116666666666667,3,0,26.3595568358925,0.3153528458562266,0,0,0,1,15.95,3,0,14.375550904048575,0.3792016242484171,0,0,0,1,24.05,3,0,-0.7744241172038947,5.427844826912971,0.495808653705461,0.4419364662763919,0.1716167990608422,0.1463439232243053,0.255330143931455,0.2378363640904592,0.2130941534788059,0.3106145972999238,0.37682570593963,0.2660455486542443,0.3583093179634966,0.3227953410981697,0.6231742940603701,0.7339544513457557,0.6416906820365034,0.6772046589018302,0.1662775844602035,0.146284602677124,0.134671710109945,0.1944952668840983,1,3,0,0,2,1,2,2,426.3,645.2,0,0
78298497-d394-42b8-be2e-4e451ff1cc46,2024-08-29 00:00:00+00:00,2024-08-29,2024,0,3c409388-ab73-4c7f-953d-3a71062240f6,5c0d47fe-8539-47b0-9f36-d0b3609ca89b,3c409388-ab73-4c7f-953d-3a71062240f6,5c0d47fe-8539-47b0-9f36-d0b3609ca89b,1424.796559413105,1397.2110875839703,0.5751039628435934,0.3027063088545577,0,31.29004089421977,0.587518686107385,0,0,0,1,36.78333333333333,3,0,23.82291072430228,0.5673429743937496,0,0,0,1,29.683333333333334,3,0,24.896773715514307,0.520045043948349,0,0,0,1,31.83333333333333,3,0,25.445175513939965,0.3565426357693114,0,0,0,1,34.016666666666666,3,0,13.09344094096425,0.4232272593126173,0,0,0,1,3.216666666666667,3,0,14.768563437743971,0.3247166388013174,0,0,0,1,6.533333333333333,3,0,15.703484462965202,0.2666426285866513,0,0,0,1,32.4,3,0,29.925223670861207,0.4297999687564254,0,0,0,1,19.883333333333333,1,0,25.573205036206915,0.4756571594321672,0,0,0,1,31.6,1,0,17.640995926204027,0.4923074306955338,0,0,0,1,15.583333333333334,1,0,25.147805125578447,0.3148626932606542,0,0,0,1,25.966666666666665,1,0,12.881435673671303,0.5842028716251311,0,0,0,1,29.73333333333333,1,0,23.16961237751441,0.2999258958068693,0,0,0,1,25.35,1,0,9.380219930525724,0.6005943892236959,0,0,0,1,15.033333333333331,1,0,-6.064093967088072,-5.289284028761265,0.4252859788269302,0.4765399459375711,0.154302251775188,0.1847558918359472,0.2865691757699907,0.1938628225634664,0.2259954585765112,0.215401122414803,0.1975131516021042,0.3904856293359762,0.3247950819672131,0.3658041603247082,0.8024868483978957,0.6095143706640238,0.6752049180327869,0.6341958396752917,0.1471214100174638,0.1801509133060646,0.1572782110650743,0.1755431902490725,2,1,0,0,1,1,2,2,0.0,1735.1,0,2
230a1437-9018-47a8-9406-27720acebd1c,2024-08-29 02:00:00+00:00,2024-08-29,2024,0,0a5ad38d-2fe3-43ba-894b-1ba3d5042ea9,08ed8274-e29f-4248-bc2e-83cc8ed18d75,0a5ad38d-2fe3-43ba-894b-1ba3d5042ea9,08ed8274-e29f-4248-bc2e-83cc8ed18d75,1315.053230668446,1745.1654643111162,0.0885060959825577,-2.3320134754378343,1,30.581671919958747,0.5910352123877689,0,0,0,1,28.866666666666667,3,0,28.98095684234801,0.3970888697175468,0,0,0,1,36.583333333333336,3,0,24.04585870102437,0.4692130607107873,0,0,0,1,31.3,3,0,17.767394004488157,0.5194631510918204,0,0,0,1,30.816666666666663,3,0,16.656569678425523,0.4216378021069042,49,12,0,1,23.95,3,1,14.022759133681324,0.4519330669342716,0,0,0,1,20.316666666666663,3,0,13.607201727109103,0.3945331932121273,0,0,0,0,0.0,43,0,30.05928453797336,0.747891871699578,0,0,0,1,34.266666666666666,1,0,29.9107214139953,0.7124513535974162,0,0,0,1,29.816666666666663,1,0,26.97073782352516,0.5508322909153777,8,6,0,1,30.3,1,1,23.58632831857729,0.4048164642664814,0,0,0,1,24.28333333333333,1,0,19.57527733656685,0.4489722751500034,0,0,0,1,25.0,1,0,22.69532089343861,0.3380560995547087,0,0,0,1,13.3,1,0,12.45688270744469,0.4216886008024761,13,6,0,1,27.116666666666667,1,1,-11.132794257299215,11.502115532198804,0.4599754362470638,0.4839533423807732,0.1792235838009982,0.1589809834913674,0.1903613553061752,0.2275375935912567,0.2838676506886124,0.2289781596990397,0.3447753659767794,0.4309133489461358,0.3191489361702128,0.3121767748001881,0.6552246340232206,0.5690866510538641,0.6808510638297872,0.687823225199812,0.1779710568630317,0.1530509835407466,0.1475056789686402,0.1586257732554778,2,1,0,0,1,2,2,3,1221.9,358.3,-2,0
a88f6c7e-b5c8-4f34-8373-b568d36f6b26,2024-08-29 02:00:00+00:00,2024-08-29,2024,0,0699edf3-5993-4182-b9b4-ec935cbd4fcc,6f017f37-be96-4bdc-b6d3-0a0429c72e89,0699edf3-5993-4182-b9b4-ec935cbd4fcc,6f017f37-be96-4bdc-b6d3-0a0429c72e89,1474.6716186817132,1646.964005333154,0.2998771068171222,-0.8478831345378058,0,28.113523414233605,0.7103463267012854,0,0,0,1,33.36666666666667,1,0,34.430761267593134,0.5009621672324636,0,0,0,1,33.5,1,0,34.00281886676218,0.4615522496301431,0,0,0,1,35.016666666666666,1,0,27.02583098938132,0.4894622507235162,0,0,0,1,34.43333333333333,1,0,30.950808404663803,0.3871658072751308,0,0,0,1,31.8,1,0,18.7921123703556,0.4672939737985041,0,0,0,1,16.266666666666666,1,0,13.078010348100737,0.5806492286269082,0,0,0,1,6.633333333333333,1,0,24.721643088705367,0.7591167933977991,0,0,0,1,35.15,3,0,27.53498414774122,0.5753638559508454,0,0,0,1,27.4,3,0,29.97059869558393,0.4554506703754951,0,0,0,1,30.1,3,0,26.01509309579552,0.501906344332341,0,0,0,1,28.216666666666665,3,0,28.35098373778633,0.3688154495686886,0,0,0,1,29.383333333333333,3,0,18.19383712998672,0.5447434905425371,0,0,0,1,19.95,3,0,16.780007404477956,0.4695135635391369,0,0,0,1,4.85,3,0,1.1652203622879156,9.074897846129293,0.4989606301338705,0.5076018814999183,0.1617968980576272,0.1652560611895472,0.1831479432110432,0.2205042745898353,0.2630355532185763,0.2386766800012858,0.3893719806763285,0.3762376237623762,0.3772128915115751,0.3307468477206595,0.6106280193236715,0.6237623762376238,0.6227871084884249,0.6692531522793405,0.1587393630130036,0.1622913129066674,0.1447137728550357,0.1745587039832772,1,3,0,0,1,1,3,3,0.0,1278.1,0,-2
dda124fa-b83e-4d75-a07c-7b4ba27ffa6f,2024-08-29 02:00:00+00:00,2024-08-29,2024,0,d6a012ed-84aa-48d3-8265-2d3f3ff2199a,5d70a9af-8c2b-4aec-9e68-9acc6ddb93e4,d6a012ed-84aa-48d3-8265-2d3f3ff2199a,5d70a9af-8c2b-4aec-9e68-9acc6ddb93e4,1583.574315623719,1396.8441860387202,0.7718552260137194,1.2188166003002896,1,30.63871996215844,0.69232098629595,0,0,0,1,33.55,1,0,31.660432309692823,0.6314832194353366,0,0,0,1,28.883333333333333,1,0,32.471005789897674,0.4669221758308238,0,0,0,1,32.53333333333333,1,0,29.27000072826698,0.4521040356251376,0,0,0,1,30.95,1,0,26.28401226483541,0.418101552431179,0,0,0,1,18.633333333333333,1,0,15.15098309419904,0.3612063954570091,0,0,0,1,13.216666666666669,1,0,11.911005476833852,0.3761986085748861,0,0,0,1,16.533333333333335,1,0,27.56537381989132,0.5858647337787015,0,0,0,1,34.266666666666666,2,0,31.56216704035736,0.4475530474882473,0,0,0,1,21.83333333333333,2,0,21.265871254224493,0.4855518564246974,0,0,0,1,36.43333333333333,2,0,21.910771823426444,0.447921762810171,0,0,0,1,23.266666666666666,2,0,17.13273814102748,0.4468632507903514,0,0,0,1,30.383333333333333,2,0,13.024844977790652,0.5432780320781574,0,0,0,0,0.0,10,0,14.384114571003538,0.3310527765810617,0,0,0,1,16.75,2,0,4.558560879755742,-3.98422452654825,0.4405289978628984,0.4285877009935009,0.1476525973173091,0.1636811783408924,0.2243298359230253,0.2335233602057593,0.2606362248095873,0.2754911081097389,0.2918683446272991,0.2799586776859504,0.3124050632911392,0.3410230692076229,0.7081316553727008,0.7200413223140496,0.6875949367088607,0.6589769307923772,0.1480270425522513,0.159477404811924,0.1817210840960674,0.1464919043947571,1,1,0,0,1,1,1,3,0.0,2178.9,0,-3
05faeb85-8807-438f-8b4f-bfbdff1feee2,2024-08-30 23:30:00+00:00,2024-08-30,2024,0,5f0b5caf-708b-4300-92f2-53b51d83ec06,6f017f37-be96-4bdc-b6d3-0a0429c72e89,5f0b5caf-708b-4300-92f2-53b51d83ec06,6f017f37-be96-4bdc-b6d3-0a0429c72e89,1347.7041385182051,1658.4100318410638,0.1618326063565571,-1.6446553273644036,1,37.62822606850112,0.5079990283511489,0,0,0,1,40.0,1,0,27.36822749274214,0.5818485668898128,0,0,0,1,34.016666666666666,1,0,23.38889689203655,0.6494208443155863,0,0,0,1,24.416666666666668,1,0,15.852226168831866,0.6103180036210887,0,0,0,1,38.083333333333336,1,0,25.54891423932813,0.2985031682766637,0,0,0,1,19.133333333333333,1,0,12.465118822279148,0.5513662681795084,0,0,0,1,10.216666666666669,1,0,15.287994909339446,0.2915681669062434,0,0,0,1,20.85,1,0,25.453386804087472,0.7508594561492089,0,0,0,1,32.483333333333334,0,0,26.73505093351334,0.5724192715563383,0,0,0,1,19.05,0,0,30.17292212013821,0.4557745147640293,0,0,0,1,32.11666666666667,0,0,26.12208796012551,0.5043700033704153,0,0,0,1,27.15,0,0,28.73113888206142,0.3766395986976913,0,0,0,1,32.38333333333333,0,0,18.38611335878592,0.5502419218006025,0,0,0,1,20.23333333333333,0,0,15.832843786715625,0.4740946738820867,0,0,0,1,6.733333333333333,0,0,-8.550977193327409,9.92919657966728,0.4758908639883209,0.5101586878471314,0.1707243886110737,0.1669135880327998,0.2847275942356908,0.2311413848127247,0.2727260361455725,0.2371254140153514,0.2668886774500476,0.375717017208413,0.3159655831739962,0.3309859154929577,0.7331113225499524,0.624282982791587,0.6840344168260039,0.6690140845070423,0.1716513852196148,0.1621962901680745,0.1495245334977983,0.1752762353469067,2,1,0,0,1,1,2,3,0.0,866.9,0,2
386de034-e741-4e15-baa8-5b54e99ec951,2024-08-30 23:30:00+00:00,2024-08-30,2024,0,3c409388-ab73-4c7f-953d-3a71062240f6,f073a15f-0486-4179-b0a3-dfd0294eb595,3c409388-ab73-4c7f-953d-3a71062240f6,f073a15f-0486-4179-b0a3-dfd0294eb595,1414.4946692442338,1493.4373498692953,0.4229880544178576,-0.3105190307085133,0,31.614661888247195,0.5783777643592805,0,0,0,1,34.733333333333334,0,0,25.41088390755537,0.531728675711254,0,0,0,1,30.35,0,0,21.576973994646984,0.5673429743937496,0,0,0,0,0.0,4,0,25.52105141739639,0.3525090419143881,0,0,0,1,26.25,0,0,12.768805946726497,0.4249769143849894,0,0,0,1,9.65,0,0,15.638869450413669,0.3181522609082335,0,0,0,1,24.0,0,0,16.513932447895236,0.2677081620355379,0,0,0,1,24.3,0,0,31.41046267393529,0.6343756508546886,0,0,0,1,38.21666666666667,1,0,34.66455283953957,0.5507504769830324,0,0,0,1,37.61666666666667,1,0,33.02069768558749,0.4367960534106509,0,0,0,1,37.75,1,0,24.7580897574286,0.5335539885271529,0,0,0,1,18.866666666666667,1,0,18.552395194461155,0.315728498512026,0,0,0,1,31.466666666666665,1,0,17.348616545314883,0.3319434846041854,0,0,0,0,0.0,3,0,12.648840808934402,0.3295582124094084,0,0,0,1,13.166666666666666,1,0,-5.964472889244736,0.0349919789099305,0.4331424700034438,0.5026317304579175,0.1676979292573836,0.1781984621825313,0.2932226038492311,0.2555879305227813,0.2290712458151507,0.2087171401447216,0.1986970684039088,0.3792452830188679,0.3245787908820614,0.3584729981378026,0.8013029315960912,0.620754716981132,0.6754212091179386,0.6415270018621974,0.1507159005275056,0.1680164819551008,0.157158457043355,0.1360786548874323,1,1,0,0,1,2,3,3,0.0,163.5,0,-1
4a821d94-c4bf-418c-b50d-69b73f189a6a,2024-08-31 02:00:00+00:00,2024-08-31,2024,0,171b097d-01db-4ae8-9d56-035689402ec6,5d70a9af-8c2b-4aec-9e68-9acc6ddb93e4,FR_LVA_ACES,5d70a9af-8c2b-4aec-9e68-9acc6ddb93e4,1600.5182024367116,1393.2023523295177,0.792048464658632,1.337317533307661,1,33.996847063011444,0.982592354211866,0,0,0,1,36.75,2,0,31.547030893747795,0.5286726468020382,0,0,0,1,34.71666666666667,2,0,32.79667081943851,0.4196916317540705,0,0,0,1,33.833333333333336,2,0,23.51878127242445,0.460301468171825,0,0,0,1,30.683333333333334,2,0,19.574457454054283,0.4498217882873296,0,0,0,1,16.933333333333334,2,0,22.298400649359444,0.3424785256538413,0,0,0,1,22.03333333333333,2,0,16.11302274879783,0.3848516007266965,0,0,0,1,14.05,2,0,28.45640707745405,0.6068457744067163,0,0,0,1,37.016666666666666,1,0,32.15338961925083,0.4467438275880763,0,0,0,1,37.833333333333336,1,0,23.02419990427308,0.4663703978858698,0,0,0,1,39.91666666666666,1,0,22.106165328168128,0.4468870133341977,0,0,0,1,23.98333333333333,1,0,18.512371299848635,0.4420455281025781,0,0,0,1,31.766666666666666,1,0,11.796910319753891,0.5432780320781574,0,0,0,0,0.0,12,0,14.53645432821867,0.3389029263705346,0,0,0,1,16.0,1,0,3.530701309918604,-4.318243610971984,0.4918889726282045,0.4333830058894453,0.1321757338018548,0.1637268010023902,0.1395370436527844,0.2284290270904383,0.2701813506982586,0.2650162957563058,0.3831548198636806,0.280238924838228,0.315962441314554,0.3373668925459825,0.6168451801363194,0.719761075161772,0.684037558685446,0.6626331074540174,0.1335514172956588,0.1592120853080568,0.1441288373849147,0.1446724734518553,2,1,0,0,1,2,3,3,1054.3,877.2,-2,0
a95532e4-f02b-4f3b-b907-43300c79d283,2024-08-31 02:00:00+00:00,2024-08-31,2024,0,d6a012ed-84aa-48d3-8265-2d3f3ff2199a,08ed8274-e29f-4248-bc2e-83cc8ed18d75,d6a012ed-84aa-48d3-8265-2d3f3ff2199a,08ed8274-e29f-4248-bc2e-83cc8ed18d75,1587.2161493329218,1728.6440366008387,0.338449194280284,-0.6702127940797421,0,31.04202910193377,0.6883163090803733,0,0,0,1,34.916666666666664,1,0,31.26034563514559,0.6284683277832629,0,0,0,1,27.416666666666668,1,0,32.88069877371115,0.4734912058825511,0,0,0,1,36.81666666666667,1,0,29.51637615033229,0.4599793601909397,0,0,0,1,31.883333333333333,1,0,23.8060519000642,0.418101552431179,1,1,1,0,0.0,3,1,14.78949779135858,0.364370874827226,0,0,0,1,11.316666666666666,1,0,12.019956979163704,0.3836159120912543,0,0,0,1,13.066666666666666,1,0,30.421373118338185,0.7484343906231969,0,0,0,1,33.9,1,0,27.090848199860726,0.7124513535974162,1,1,0,0,0.0,3,1,27.54386838550224,0.5454980152916107,10,8,0,1,33.05,1,1,23.74317318856973,0.4008605683255093,0,0,0,1,25.25,1,0,19.879292373040464,0.4529562707191031,0,0,0,1,22.8,1,0,22.2919450510568,0.3402431028212434,0,0,0,1,18.416666666666668,1,0,13.212015789157874,0.4158398417391445,15,8,0,1,20.466666666666665,1,1,4.838433637319043,9.786907018228206,0.4448263124750475,0.4936966362166639,0.1428280940983667,0.1663437957051025,0.2170450080159371,0.2280839946970197,0.2596334805084741,0.2358234835372072,0.2899906454630496,0.4313011828935396,0.3115234375,0.3120728929384966,0.7100093545369505,0.5686988171064604,0.6884765625,0.6879271070615034,0.1462384614287141,0.1551393824966681,0.1807280759631659,0.1578468430631387,1,1,0,0,2,2,2,3,0.0,961.9,0,0
1850a72c-d7b5-4a8a-8dc6-e73d1e233c15,2024-08-31 19:00:00+00:00,2024-08-31,2024,0,5c0d47fe-8539-47b0-9f36-d0b3609ca89b,a015b02d-845c-40c1-8ef4-844984f47e4d,5c0d47fe-8539-47b0-9f36-d0b3609ca89b,a015b02d-845c-40c1-8ef4-844984f47e4d,1407.5129777528412,1634.0598415218471,0.2386314892316914,-1.1601970101355377,0,29.980982749302523,0.4367919612063468,0,0,0,1,30.516666666666666,1,0,25.61658424602848,0.4836395452386953,0,0,0,1,26.03333333333333,1,0,18.48718927438852,0.4869424520098787,0,0,0,1,26.616666666666667,1,0,14.097779309066318,0.545353852683003,0,0,0,1,25.78333333333333,1,0,24.31995156808096,0.31234161522955,0,0,0,1,16.366666666666667,1,0,22.976068178430555,0.2951613485200814,0,0,0,1,21.116666666666667,1,0,9.731719509065446,0.5672145843060761,0,0,0,1,14.583333333333334,1,0,32.43571073692046,0.6300402702483258,0,0,0,1,36.86666666666667,2,0,30.68533017154108,0.5101881058616852,0,0,0,1,25.633333333333333,2,0,26.58869438866863,0.5602148626034166,0,0,0,1,29.53333333333333,2,0,30.82300862311945,0.4213488776250753,0,0,0,1,28.33333333333333,2,0,26.29256050657675,0.4066141967024235,0,0,0,1,32.21666666666667,2,0,25.78828402121996,0.3189521428978897,0,0,0,1,20.3,2,0,14.58840635837088,0.373677374577617,0,0,0,1,16.633333333333333,2,0,-4.318550230929135,4.179721277649323,0.4787516738707475,0.4488389128050775,0.1831071138236719,0.1501936374432356,0.1955841566274129,0.2275787116612919,0.2136634751614454,0.3056142898390355,0.3881957773512476,0.2692692692692692,0.362247412518482,0.3274478330658106,0.6118042226487524,0.7307307307307307,0.637752587481518,0.6725521669341894,0.1793410558570426,0.1473704632282712,0.1782607455577422,0.1953904738506894,2,2,0,0,1,1,2,2,596.5,493.8,1,0
ff856fad-973d-4858-a096-36e53710f530,2024-09-01 17:00:00+00:00,2024-09-01,2024,0,a015b02d-845c-40c1-8ef4-844984f47e4d,d6a012ed-84aa-48d3-8265-2d3f3ff2199a,a015b02d-845c-40c1-8ef4-844984f47e4d,d6a012ed-84aa-48d3-8265-2d3f3ff2199a,1641.7317510151652,1574.0060678766367,0.6303624264301351,0.5337719393311621,1,30.029868770489056,0.6263411769294269,0,0,0,1,6.916666666666667,0,0,30.5562975914458,0.5093657046040305,0,0,0,1,29.316666666666663,0,0,26.22679634769425,0.5594606091656702,0,0,0,1,22.75,0,0,30.71870675739398,0.4330900935251114,0,0,0,1,29.716666666666665,0,0,27.245452865690964,0.4077773060132004,0,0,0,1,36.4,0,0,26.14763863656606,0.3330962652135202,0,0,0,1,29.6,0,0,15.167727556936216,0.3879387448884113,0,0,0,1,20.73333333333333,0,0,31.36017756597416,0.6839603499774864,0,0,0,1,34.416666666666664,0,0,31.007966724610284,0.6196314564561829,0,0,0,1,28.58333333333333,0,0,33.28005030495474,0.4697598830240815,0,0,0,1,37.11666666666667,0,0,29.882509976256262,0.4712263024014205,0,0,0,1,33.4,0,0,22.290774888275337,0.4132780821729502,2,2,0,1,7.733333333333333,0,1,14.300250955278743,0.3651886398903322,0,0,0,1,9.6,0,0,14.851063179549184,0.3036291812817205,0,0,0,1,23.05,0,0,5.045691241744906,2.813703871941481,0.4646610984739671,0.4500278855639482,0.1556555980047701,0.1355165925622746,0.2257643279126772,0.2132198003944001,0.3113700842143238,0.2550737230506197,0.2725947521865889,0.2910819375282933,0.3322981366459627,0.3139479905437352,0.7274052478134111,0.7089180624717066,0.6677018633540373,0.6860520094562648,0.1488977231658836,0.1437856865679916,0.1957186998633311,0.181091544898214,0,1,1,0,2,2,2,3,316.7,2466.2,0,3
2e1763a1-a37f-40ab-9651-cf4208ed3d34,2024-09-01 19:00:00+00:00,2024-09-01,2024,0,6f017f37-be96-4bdc-b6d3-0a0429c72e89,3c409388-ab73-4c7f-953d-3a71062240f6,6f017f37-be96-4bdc-b6d3-0a0429c72e89,3c409388-ab73-4c7f-953d-3a71062240f6,1620.2049837194531,1390.7059518017052,0.812298384775236,1.465014192688055,1,25.952732088009547,0.7544829996924635,0,0,0,1,30.75,1,0,25.49672646179475,0.5657613145108397,0,0,0,1,13.6,1,0,29.73394741773371,0.450985533660978,0,0,0,1,25.516666666666666,1,0,25.8576031203822,0.5005587691065977,0,0,0,1,23.316666666666663,1,0,28.74705848950897,0.3805269174183003,0,0,0,1,28.9,1,0,18.28843238791236,0.5522036351730563,0,0,0,1,17.35,1,0,15.550060932168632,0.4739615206489991,0,0,0,1,12.833333333333334,1,0,31.6368487030823,0.5728908534861341,0,0,0,1,31.85,1,0,26.23634702258564,0.5315252819928589,0,0,0,1,34.166666666666664,1,0,19.54277595015869,0.5673429743937496,0,0,0,0,0.0,6,0,25.48449877713231,0.3701560758284293,0,0,0,1,25.133333333333333,1,0,12.630332304161737,0.4234767009533852,0,0,0,1,11.3,1,0,17.62822225397028,0.289791612236724,0,0,0,1,28.33333333333333,1,0,15.43408213148626,0.3097014433907219,0,0,0,1,13.466666666666669,1,0,7.004865362739327,-7.350968597011579,0.5064281305770143,0.4361720690681596,0.1689823714100699,0.1688767508289585,0.2240808994743793,0.2970040964486939,0.2327935159980979,0.2349725127268902,0.3800925925925926,0.2035119315623593,0.3267058291911432,0.328214971209213,0.6199074074074075,0.7964880684376408,0.6732941708088568,0.6717850287907869,0.1627050505334476,0.1508860689882728,0.1722921640981115,0.1560491358377374,1,1,0,0,2,2,2,3,870.8,356.5,0,0
3e75e034-fa18-491f-bf33-338bdf11c63c,2024-09-01 20:00:00+00:00,2024-09-01,2024,0,5f0b5caf-708b-4300-92f2-53b51d83ec06,f073a15f-0486-4179-b0a3-dfd0294eb595,5f0b5caf-708b-4300-92f2-53b51d83ec06,f073a15f-0486-4179-b0a3-dfd0294eb595,1385.9091866398155,1517.226067311824,0.3516010173791847,-0.6120091614224824,0,37.774835883106086,0.5118057413959094,0,0,0,1,39.18333333333333,1,0,27.87088746770485,0.5776801926217915,0,0,0,1,32.7,1,0,23.53764324502384,0.6447915703888113,0,0,0,1,24.966666666666665,1,0,17.84438952234777,0.6169002384406046,0,0,0,1,36.98333333333333,1,0,12.705669403503332,0.5600489068983613,0,0,0,1,15.016666666666667,1,0,24.042166501350536,0.295084010817556,0,0,0,1,9.566666666666666,1,0,16.791262988025522,0.3008646739574702,0,0,0,1,31.23333333333333,1,0,34.45263036800928,0.5661760007923301,0,0,0,1,32.416666666666664,1,0,30.520136190930856,0.6361766028726777,0,0,0,1,21.966666666666665,1,0,32.60707305091781,0.4414403763901549,0,0,0,1,28.633333333333333,1,0,24.2450923272418,0.5353060521067206,0,0,0,1,19.316666666666663,1,0,19.79033192697134,0.3209561581133703,0,0,0,1,31.683333333333334,1,0,15.713052547332031,0.3319434846041854,0,0,0,0,0.0,5,0,13.407874595896036,0.3282143971808355,0,0,0,1,20.7,1,0,-5.756579449984026,1.9804974197202527,0.4804355039226649,0.5102399818650412,0.1635189194672177,0.1736335770305338,0.2851750382075921,0.2453562039947359,0.2595088789316377,0.2304645035172683,0.2649885583524027,0.3810612991765782,0.3222222222222222,0.3581081081081081,0.7350114416475972,0.6189387008234217,0.6777777777777778,0.6418918918918919,0.1687642629716175,0.1666115884556069,0.1504224334389416,0.1367343564874769,1,1,0,0,1,2,3,3,0.0,817.0,0,0
5c2214d1-3e8b-42fb-ac94-8205672d993f,2024-09-01 20:00:00+00:00,2024-09-01,2024,0,0699edf3-5993-4182-b9b4-ec935cbd4fcc,171b097d-01db-4ae8-9d56-035689402ec6,0699edf3-5993-4182-b9b4-ec935cbd4fcc,FR_LVA_ACES,1463.2255921738033,1607.0649886576748,0.3353480534470665,-0.6840945570104288,0,28.10282084271941,0.6946035056114722,0,0,0,1,28.0,2,0,34.29430306570906,0.4906361430329108,0,0,0,1,32.983333333333334,2,0,34.22881632009954,0.456705708574688,0,0,0,1,36.4,2,0,27.44449670464189,0.4880768985679241,0,0,0,1,31.466666666666665,2,0,30.471494151242503,0.3929233130805785,0,0,0,1,25.866666666666667,2,0,18.730005096685385,0.4655632144074349,0,0,0,1,18.133333333333333,2,0,13.130364164298497,0.5854579227114031,0,0,0,1,13.633333333333333,2,0,34.31297003507345,0.9868644499440922,0,0,0,1,37.35,0,0,28.57289241773192,0.5286726468020382,0,0,0,0,0.0,3,0,33.13480821877052,0.4162483991946423,0,0,0,1,36.38333333333333,0,0,23.889402169037385,0.4470361571451724,0,0,0,1,27.45,0,0,20.80717169304744,0.4655653098938713,0,0,0,1,32.65,0,0,23.084187561411504,0.3462791551643887,0,0,0,1,30.633333333333333,0,0,15.23659636167656,0.3825849610995535,0,0,0,1,6.816666666666666,0,0,-0.654479193444095,4.918741919587254,0.4928197429573175,0.4947031361273528,0.1678372686642295,0.127354587493282,0.1965212353417342,0.1457207380133615,0.2701251092388443,0.2665708222713215,0.3877455565949485,0.3843617522373999,0.3767032967032967,0.3189459336665152,0.6122544434050514,0.6156382477626001,0.6232967032967033,0.6810540663334848,0.1599938383116974,0.1317475106271472,0.1451823706158966,0.1432493312684781,3,1,0,0,1,1,2,3,0.0,253.9,0,0
a51c2b4b-5bcb-428b-a59e-1fabf3037939,2024-09-01 23:00:00+00:00,2024-09-01,2024,0,0a5ad38d-2fe3-43ba-894b-1ba3d5042ea9,5d70a9af-8c2b-4aec-9e68-9acc6ddb93e4,0a5ad38d-2fe3-43ba-894b-1ba3d5042ea9,5d70a9af-8c2b-4aec-9e68-9acc6ddb93e4,1331.5746583787236,1386.6555661085542,0.4568179385379621,-0.1731596243060937,0,31.067351680964727,0.5975075951375994,0,0,0,1,35.733333333333334,2,0,29.64111523936268,0.4027623706575945,0,0,0,1,35.983333333333334,2,0,24.979584851304303,0.4693317533529095,0,0,0,1,33.95,2,0,17.932309021281668,0.521425901141981,0,0,0,1,19.516666666666666,2,0,17.510722423890513,0.4203078568259685,0,0,0,1,25.716666666666665,2,0,13.668648499205238,0.4507814359878019,0,0,0,1,10.266666666666667,2,0,15.189361067302162,0.3763271240234531,0,0,0,1,22.933333333333334,2,0,25.77364128997705,0.6068457744067163,0,0,0,0,0.0,2,0,32.62759428157332,0.4521149359681312,0,0,0,1,37.18333333333333,0,0,23.809125829369428,0.4476236688444993,0,0,0,1,31.35,0,0,23.029492173833543,0.4425438658694567,0,0,0,1,31.9,0,0,19.235561491936267,0.4346280708305405,0,0,0,1,26.183333333333334,0,0,10.68474084180019,0.5432780320781574,0,0,0,0,0.0,13,0,14.314610703277207,0.3485071021931841,0,0,0,1,12.183333333333334,0,0,-9.452403999835532,-5.63203761826015,0.4706808889671331,0.4343520691335699,0.175686937462602,0.1605796030711972,0.1881275068848347,0.2298878036689064,0.2876068161917069,0.2572933947717558,0.3435822352367008,0.2846153846153846,0.3228531206006569,0.3400468384074941,0.6564177647632992,0.7153846153846154,0.677146879399343,0.6599531615925058,0.1765696654022533,0.1578464011020548,0.149833043180456,0.1425490962242579,3,1,0,0,1,2,2,3,0.0,224.7,0,0
8b4fc9c4-d8ef-4078-805c-8e63f6d29584,2024-09-03 23:00:00+00:00,2024-09-03,2024,0,a015b02d-845c-40c1-8ef4-844984f47e4d,d6a012ed-84aa-48d3-8265-2d3f3ff2199a,a015b02d-845c-40c1-8ef4-844984f47e4d,d6a012ed-84aa-48d3-8265-2d3f3ff2199a,1650.9080500962468,1564.829768795555,0.6546218838564377,0.6394179866959303,0,29.865211809240776,0.6257484664494772,0,0,0,1,28.28333333333333,1,0,30.06546693177264,0.5069163026149817,0,0,0,1,25.35,1,0,26.472531103660906,0.5672024005265522,0,0,0,1,28.83333333333333,1,0,30.09157679247062,0.4327291627610727,0,0,0,1,24.066666666666663,1,0,27.84453628477592,0.406179324658745,0,0,0,1,33.6,1,0,26.341127745516943,0.3374523315196844,0,0,0,1,28.2,1,0,15.668863391752549,0.4011305543796637,0,0,0,1,20.48333333333333,1,0,31.715896865882293,0.6848330480907265,0,0,0,1,35.13333333333333,1,0,31.059067635661066,0.6165691887253714,0,0,0,1,31.55,1,0,33.08080823953233,0.478795759020011,0,0,0,1,31.166666666666668,1,0,29.95172357888429,0.475188083205865,0,0,0,1,30.616666666666667,1,0,21.4211597647089,0.4139515096297997,4,4,0,1,13.066666666666666,1,1,14.322225107806386,0.3615170538722355,0,0,0,1,14.533333333333331,1,0,16.09226803406895,0.2668315131484018,0,0,0,1,28.016666666666666,1,0,5.710773690061851,1.407666451204027,0.4743843366008882,0.4500916484008889,0.1582857191857377,0.13611944037575,0.2318506434218204,0.219633438332611,0.3427356054467847,0.2628943642490729,0.269248937175248,0.2912280701754386,0.3310034947578632,0.3095676172953082,0.730751062824752,0.7087719298245614,0.6689965052421368,0.6904323827046918,0.1494198171969262,0.1432982079334183,0.1934534491422008,0.1806110505710941,1,1,0,0,2,2,3,3,0.0,0.0,0,0
c155a1a5-cab9-467d-9b5c-847c77dafeae,2024-09-04 00:00:00+00:00,2024-09-04,2024,0,5f0b5caf-708b-4300-92f2-53b51d83ec06,5c0d47fe-8539-47b0-9f36-d0b3609ca89b,5f0b5caf-708b-4300-92f2-53b51d83ec06,5c0d47fe-8539-47b0-9f36-d0b3609ca89b,1377.2681130974497,1399.8410682595231,0.5034927414764988,0.0139711931595933,0,37.95004821268838,0.519581629097713,0,0,0,1,39.63333333333333,2,0,28.89653033331025,0.5667164014815007,0,0,0,1,38.75,2,0,23.95205279958112,0.6394503021451595,0,0,0,1,27.933333333333334,2,0,19.66445173732916,0.6072523569924574,0,0,0,1,37.15,2,0,25.29835155245151,0.2973459516004386,0,0,0,1,37.36666666666667,2,0,12.645426566949038,0.5550860838592102,0,0,0,1,12.066666666666666,2,0,15.45650525857177,0.299934443859132,0,0,0,1,2.6333333333333333,2,0,29.43597287874472,0.4380332148214943,0,0,0,1,24.2,3,0,25.28819611353018,0.4941841951981199,0,0,0,1,22.133333333333333,3,0,18.992775418845383,0.4887002356117269,0,0,0,1,23.85,3,0,14.735925206151247,0.5182421455932325,0,0,0,1,20.866666666666667,3,0,23.68956170244281,0.3174949987391695,0,0,0,1,17.633333333333333,3,0,22.26025295901904,0.2891709004593175,0,0,0,1,15.383333333333333,3,0,10.757912441765091,0.5702499743739998,0,0,0,1,20.616666666666667,3,0,-6.221415105223141,-5.17143191001542,0.4803689661178979,0.4889853619534772,0.1615887863926569,0.1866406966151849,0.2786738531535677,0.1960004661597649,0.2694414552332858,0.2159668122464163,0.2700309871624612,0.3907778295295761,0.3219730941704036,0.3628530397319292,0.7299690128375388,0.6092221704704238,0.6780269058295965,0.6371469602680708,0.1675457032953959,0.1801357786447125,0.152215696025591,0.1787962207251449,1,2,0,0,2,1,3,2,0.0,1200.9,0,-1
7fb35caa-454e-4aa4-beb9-b50f6dd66b9e,2024-09-04 02:00:00+00:00,2024-09-04,2024,0,0699edf3-5993-4182-b9b4-ec935cbd4fcc,5d70a9af-8c2b-4aec-9e68-9acc6ddb93e4,0699edf3-5993-4182-b9b4-ec935cbd4fcc,5d70a9af-8c2b-4aec-9e68-9acc6ddb93e4,1446.0764921394289,1411.6362181162212,0.5847165066465656,0.3421657222232975,1,27.910859688007413,0.7039473627277408,0,0,0,1,26.066666666666663,2,0,33.97901442708303,0.488879207453519,0,0,0,1,30.95,2,0,34.53721153096026,0.4436407903422678,0,0,0,1,37.5,2,0,27.31145739286993,0.4873963982537684,0,0,0,1,26.03333333333333,2,0,30.33433834686853,0.4009701119876472,0,0,0,1,29.016666666666666,2,0,18.3752113393684,0.4586748900218111,0,0,0,1,14.966666666666669,2,0,12.97037431592392,0.582863087276309,0,0,0,1,11.433333333333334,2,0,25.75569975316326,0.6178642866302211,0,0,0,1,25.58333333333333,2,0,32.66898841716283,0.4488839062072482,0,0,0,1,33.06666666666667,2,0,24.620613239208595,0.4551202411220782,0,0,0,1,32.416666666666664,2,0,23.026711759751624,0.4539615474515296,0,0,0,1,23.0,2,0,19.65488112333336,0.443937849334144,0,0,0,1,23.683333333333334,2,0,9.677422626945487,0.5432780320781574,0,0,0,0,0.0,16,0,14.314804531971976,0.3437286808813066,0,0,0,1,14.316666666666666,2,0,-2.619581404776277,-2.7122959286180626,0.4965876986821282,0.4412145179024282,0.1697086934325872,0.1572712961598229,0.1894213680140631,0.2413389418699136,0.2724779503601446,0.2505451786545632,0.386994088221919,0.2832558139534883,0.3797522426313541,0.3400091033227128,0.613005911778081,0.7167441860465116,0.6202477573686459,0.6599908966772872,0.1605289292176255,0.1563239840681837,0.1456494985729622,0.1417576542098154,1,1,0,0,1,2,2,3,0.0,358.3,0,0
a38979b0-401d-4872-88b1-c9cfade17645,2024-09-04 02:00:00+00:00,2024-09-04,2024,0,171b097d-01db-4ae8-9d56-035689402ec6,3c409388-ab73-4c7f-953d-3a71062240f6,FR_LVA_ACES,3c409388-ab73-4c7f-953d-3a71062240f6,1624.2140886920492,1387.3790128673454,0.8186523872129257,1.507243856042322,1,34.2850356392338,1.002892295886353,0,0,0,1,34.016666666666666,2,0,29.015404254693923,0.535905958119577,0,0,0,1,33.266666666666666,2,0,32.97125685669997,0.4122606688594252,0,0,0,1,31.4,2,0,22.704090735694784,0.4484570608192905,0,0,0,1,11.316666666666666,2,0,21.19931363767295,0.4705302184981156,0,0,0,1,24.966666666666665,2,0,23.712615932825702,0.345962449286703,0,0,0,1,29.75,2,0,14.364232629762096,0.3794152943166969,0,0,0,1,5.983333333333333,2,0,32.26974000859771,0.5753974813509476,0,0,0,1,38.35,2,0,27.287244046463325,0.5386496581064886,0,0,0,1,37.38333333333333,2,0,17.70035464346628,0.5673429743937496,0,0,0,0,0.0,9,0,26.14903707030089,0.3644935206614396,0,0,0,1,32.53333333333333,2,0,18.521186752772635,0.3029288315536078,0,0,0,1,27.1,2,0,16.2149338518875,0.3079485839592246,0,0,0,1,23.716666666666665,2,0,11.841836554536824,0.418269377882235,0,0,0,1,4.266666666666667,2,0,6.481825066482656,-7.403590957187907,0.508772583672839,0.4397926765207395,0.1317236058326444,0.1785477462303087,0.1537387982702625,0.3088897805790951,0.2628659418734452,0.2431803411433095,0.3873915029693924,0.2021929824561403,0.3200707338638373,0.3277623026926648,0.6126084970306076,0.7978070175438596,0.6799292661361627,0.6722376973073352,0.1326615577853987,0.1534438128786059,0.1442675856033256,0.1549028305286795,1,1,0,0,2,2,3,3,254.5,1297.5,0,-2
7f896e07-7a76-4fa3-938e-acc8750e764b,2024-09-04 23:00:00+00:00,2024-09-04,2024,0,f073a15f-0486-4179-b0a3-dfd0294eb595,0a5ad38d-2fe3-43ba-894b-1ba3d5042ea9,f073a15f-0486-4179-b0a3-dfd0294eb595,0a5ad38d-2fe3-43ba-894b-1ba3d5042ea9,1525.8671408541902,1306.5940063710566,0.803157860077548,1.4061491951994831,1,34.70692849303918,0.57136254156851,0,0,0,1,37.15,2,0,30.720931946466813,0.6304344335343187,0,0,0,1,32.65,2,0,33.024364651358155,0.4534523386739085,0,0,0,1,37.03333333333333,2,0,24.02871943245341,0.5476981806705095,0,0,0,1,21.95,2,0,20.955556143810863,0.3286888776299111,0,0,0,1,32.15,2,0,14.971752765469216,0.3284982360090208,0,0,0,1,7.85,2,0,8.60579473063087,0.4946325202598011,0,0,0,1,16.7,2,0,30.27065206335679,0.5922553029874332,0,0,0,1,22.616666666666667,2,0,30.187184337046528,0.3977041909909217,0,0,0,1,35.43333333333333,2,0,25.842566716439823,0.4613091810793362,0,0,0,1,34.13333333333333,2,0,17.255187244630946,0.5089650005774541,0,0,0,1,10.75,2,0,18.546751246152933,0.4082635154876937,0,0,0,1,28.5,2,0,14.546802853903394,0.4518867910151048,0,0,0,1,22.98333333333333,2,0,15.465336712789997,0.3730850211188576,0,0,0,1,18.116666666666667,2,0,2.801328252211544,-10.950039807098534,0.5193756298685253,0.4635611779306643,0.1785742420993365,0.1709214672294629,0.2464674064641331,0.1887230446110284,0.2316328361443306,0.2878628485131009,0.3789893617021276,0.3434391283751776,0.3600697471665213,0.3203089504770559,0.6210106382978723,0.6565608716248224,0.6399302528334786,0.6796910495229441,0.1678634710435512,0.1748709122203098,0.1365610594473607,0.1485539365061776,2,2,0,0,1,1,3,2,779.1,1807.4,1,3
b18b71e1-f7a3-41ad-8525-7aab3ba2e7d2,2024-09-05 23:00:00+00:00,2024-09-05,2024,0,08ed8274-e29f-4248-bc2e-83cc8ed18d75,d6a012ed-84aa-48d3-8265-2d3f3ff2199a,08ed8274-e29f-4248-bc2e-83cc8ed18d75,d6a012ed-84aa-48d3-8265-2d3f3ff2199a,1741.8541180571235,1580.861711823129,0.7447220965837033,1.070658355011221,1,30.89859617904981,0.7561299177181132,0,0,0,1,35.483333333333334,4,0,27.41382181180824,0.7048769315595097,6,6,0,1,30.516666666666666,4,1,28.02996958069011,0.5548314911542265,15,13,0,1,32.7,4,1,24.103638143395564,0.406739314489961,0,0,0,1,27.566666666666663,4,0,19.4805701853536,0.4514212485557636,0,0,0,1,15.65,4,0,21.56363411243525,0.3366632196423271,0,0,0,1,14.566666666666666,4,0,14.749158529345682,0.4094175427636194,20,13,0,1,29.516666666666666,4,1,31.527416768407303,0.6792690302659775,0,0,0,1,29.716666666666665,1,0,30.20029811699869,0.6118836547708504,0,0,0,1,21.95,1,0,32.98519868812492,0.4761945897997746,0,0,0,1,32.06666666666667,1,0,30.50936273928795,0.475151603575331,0,0,0,1,35.86666666666667,1,0,21.10648171943573,0.4200192658660759,6,6,0,1,18.08333333333333,1,1,16.67436771252421,0.3062395489287507,0,0,0,1,22.266666666666666,1,0,14.082867694478558,0.354863423500817,0,0,0,1,11.783333333333331,1,0,10.43281325770866,1.3683657920174492,0.5034371059328581,0.4540365318821519,0.172757528361739,0.1408318220869025,0.2638202752767051,0.2098052413002732,0.2417330994007665,0.2609184378058941,0.4300220750551876,0.2907771135781383,0.3124448367166814,0.3082437275985663,0.5699779249448124,0.7092228864218617,0.6875551632833187,0.6917562724014337,0.1562983180284227,0.1442841287458379,0.1551125926933804,0.1807631347995232,5,1,0,0,0,2,1,3,0.0,113.0,0,0
c7abe24c-6910-46d5-b591-77dae392876b,2024-09-06 02:00:00+00:00,2024-09-06,2024,0,0699edf3-5993-4182-b9b4-ec935cbd4fcc,5c0d47fe-8539-47b0-9f36-d0b3609ca89b,0699edf3-5993-4182-b9b4-ec935cbd4fcc,5c0d47fe-8539-47b0-9f36-d0b3609ca89b,1457.7051717554718,1409.2213862718231,0.6042024958769409,0.4230066725785545,0,28.1439554434928,0.7069314610985695,0,0,0,1,30.383333333333333,1,0,33.78929765400424,0.4923064271875789,0,0,0,1,31.966666666666665,1,0,31.28116978127898,0.4436407903422678,0,0,0,0,0.0,4,0,27.689053847059704,0.4824733599173617,0,0,0,1,31.316666666666663,1,0,30.54793662554355,0.3981807257357691,0,0,0,1,32.6,1,0,18.192138196512904,0.4535350262984729,0,0,0,1,16.433333333333334,1,0,13.07058619712292,0.5870931847745179,0,0,0,1,14.033333333333331,1,0,29.184320470112404,0.4374183072668597,0,0,0,1,26.766666666666666,1,0,24.52095680444484,0.4957188861635648,0,0,0,1,17.15,1,0,19.134871029488007,0.4849703412713548,0,0,0,1,20.5,1,0,23.52713347161193,0.321999522846099,0,0,0,1,21.966666666666665,1,0,15.183493448625724,0.4981168320804533,0,0,0,1,19.48333333333333,1,0,12.312726025394294,0.5953015715869587,0,0,0,1,27.25,1,0,22.34413504977476,0.2937125318652209,0,0,0,1,23.15,1,0,-1.145254472289137,-4.475439527797683,0.4943382251540021,0.4881872296731038,0.1765451100529297,0.1814675081582041,0.1943197724293948,0.2058051611284841,0.2913567227065532,0.2164205084889542,0.3886424134871339,0.3907374100719424,0.3794105437941054,0.3590930124942156,0.611357586512866,0.6092625899280576,0.6205894562058946,0.6409069875057843,0.1622754253533043,0.17805310685874,0.1460183747741328,0.1776513884242221,1,1,0,0,2,1,2,2,0.0,866.9,0,-2
6d95571c-4ce5-4ba9-952c-16054819fa25,2024-09-06 23:30:00+00:00,2024-09-06,2024,0,f073a15f-0486-4179-b0a3-dfd0294eb595,6f017f37-be96-4bdc-b6d3-0a0429c72e89,f073a15f-0486-4179-b0a3-dfd0294eb595,6f017f37-be96-4bdc-b6d3-0a0429c72e89,1530.2581752057188,1623.531922653813,0.4029916439788537,-0.3930152827920547,0,35.20593987950456,0.5772514212223993,0,0,0,1,40.0,1,0,30.94522176502072,0.6420921257309814,0,0,0,1,33.1,1,0,33.330037004711194,0.4491171571000006,0,0,0,1,36.266666666666666,1,0,24.266416525724324,0.5481499793437198,0,0,0,1,26.55,1,0,21.710814289082567,0.3231382807112599,0,0,0,1,28.966666666666665,1,0,14.683730442715836,0.3286093925607845,0,0,0,1,11.916666666666666,1,0,9.159907533241096,0.4643368753148583,0,0,0,1,14.483333333333333,1,0,26.786820088027525,0.7407900423803441,0,0,0,1,34.8,4,0,30.37025479032524,0.4481363046143925,0,0,0,1,36.48333333333333,4,0,26.00929973549242,0.5126399450210086,0,0,0,1,27.466666666666665,4,0,23.09298851771125,0.5657613145108397,4,4,1,0,0.0,6,1,29.26899819541264,0.3804850729224034,0,0,0,1,34.28333333333333,4,0,17.97841103206409,0.5518291418620144,0,0,0,1,15.0,4,0,16.931203506240813,0.4704701153316957,0,0,0,1,30.2,4,0,3.574639540019433,7.090117067629254,0.5217702949477371,0.5051487075824653,0.1819653213574533,0.1654105795797287,0.2483717187006078,0.2265244572975102,0.243565968842846,0.2270082538814344,0.3775290572535514,0.3780269058295964,0.3597638127372417,0.3221830985915493,0.6224709427464485,0.6219730941704036,0.6402361872627583,0.6778169014084507,0.1687641174572442,0.161382774009526,0.1364604168010839,0.1741942282109034,1,4,0,0,1,0,3,2,0.0,511.4,0,1
6e275a01-d28d-47dd-9a8d-d8ea5a179352,2024-09-06 23:30:00+00:00,2024-09-06,2024,0,5d70a9af-8c2b-4aec-9e68-9acc6ddb93e4,5f0b5caf-708b-4300-92f2-53b51d83ec06,5d70a9af-8c2b-4aec-9e68-9acc6ddb93e4,5f0b5caf-708b-4300-92f2-53b51d83ec06,1400.0075385001785,1367.8877950851495,0.5814692373722712,0.328807674257725,1,26.94618677611974,0.6125710000322492,0,0,0,1,38.38333333333333,1,0,32.27752273772877,0.4418490896777508,0,0,0,1,28.516666666666666,1,0,25.85997498574025,0.4615530628321725,0,0,0,1,37.766666666666666,1,0,23.572567492452787,0.4451253058106426,0,0,0,1,28.816666666666663,1,0,20.667891558074214,0.4411470841139592,0,0,0,1,30.4,1,0,8.76507068230751,0.5432780320781574,0,0,0,0,0.0,18,0,13.958301283672752,0.3380372421137993,0,0,0,1,10.533333333333331,1,0,37.88405023235752,0.5186246364927766,0,0,0,1,37.25,1,0,29.468800544237617,0.5556929569287522,0,0,0,1,34.96666666666667,1,0,24.2441159099405,0.6495024848200865,0,0,0,1,27.05,1,0,20.96096016912229,0.5997612316314457,0,0,0,1,33.416666666666664,1,0,24.883691084807225,0.3015827852202911,0,0,0,1,20.9,1,0,12.674140634179643,0.5635473415626508,0,0,0,1,12.95,1,0,15.800000592067349,0.2968008335264386,0,0,0,1,19.1,1,0,-3.683953003518453,-5.843331617242299,0.4377448891860581,0.478291527403343,0.158706886394801,0.1625614269628786,0.2385844013706785,0.2931696485959667,0.2463345311026853,0.2780837344876358,0.2858431018935978,0.2694122694122694,0.3428063943161634,0.3242306025140876,0.7141568981064021,0.7305877305877306,0.6571936056838366,0.6757693974859125,0.156397784083232,0.1668011320706391,0.1441099333406185,0.1510652706152002,2,2,0,0,1,1,3,3,1585.4,733.7,3,1
c21ae255-418d-419f-a064-1e221d537627,2024-09-06 23:30:00+00:00,2024-09-06,2024,0,a015b02d-845c-40c1-8ef4-844984f47e4d,171b097d-01db-4ae8-9d56-035689402ec6,a015b02d-845c-40c1-8ef4-844984f47e4d,FR_LVA_ACES,1634.8761070686726,1633.010567322805,0.5385857463513786,0.1546504783351846,0,30.33358810202384,0.6154382209192787,0,0,0,1,34.833333333333336,2,0,30.38140576309821,0.5110559785834188,0,0,0,1,33.416666666666664,2,0,27.16019547690341,0.5699137991162143,0,0,0,1,33.766666666666666,2,0,28.61223243055497,0.4266343434568982,0,0,0,1,14.4,2,0,28.253582172016483,0.4042900922216747,0,0,0,1,32.18333333333333,2,0,26.84162876856062,0.3313189597647628,0,0,0,1,31.65,2,0,15.489531254662252,0.3894474148198046,0,0,0,1,13.766666666666667,2,0,34.314729325054294,1.0069403074162162,0,0,0,1,34.6,1,0,29.45862204822854,0.5366839079952729,0,0,0,1,33.71666666666667,1,0,29.86284757563676,0.4122606688594252,1,1,1,0,0.0,4,1,23.288218357686794,0.4644290763612198,0,0,0,1,28.9,1,0,22.228561677183816,0.4816064709894362,0,0,0,1,32.11666666666667,1,0,22.8315140820368,0.3449593370469135,0,0,0,1,14.366666666666667,1,0,13.913506962571526,0.377179573492407,0,0,0,1,9.583333333333334,1,0,5.078973896573164,8.385871013905879,0.4727356523225671,0.5164458619824798,0.1626084269169025,0.134969711031827,0.2288478814691743,0.1560799276617455,0.3380564675340322,0.2705396917962254,0.2689655172413793,0.3875555555555555,0.3292978208232445,0.3195521102497847,0.7310344827586207,0.6124444444444445,0.6707021791767555,0.6804478897502153,0.1504322374242733,0.1333324193150347,0.1930448114851209,0.1461075617304448,2,2,0,0,1,1,3,3,0.0,2325.6,0,3
c797b2b9-de14-4abf-b369-b0a93bbd194f,2024-09-07 01:30:00+00:00,2024-09-07,2024,0,3c409388-ab73-4c7f-953d-3a71062240f6,0a5ad38d-2fe3-43ba-894b-1ba3d5042ea9,3c409388-ab73-4c7f-953d-3a71062240f6,0a5ad38d-2fe3-43ba-894b-1ba3d5042ea9,1378.5825342365897,1302.202972019528,0.6418925110812053,0.5835876717381716,1,32.154747390036405,0.5779254382792793,0,0,0,1,31.05,2,0,27.011902712862376,0.5430292346398178,0,0,0,1,24.366666666666667,2,0,16.031630066450937,0.5673429743937496,0,0,0,0,0.0,12,0,25.435770244714725,0.3570424669151522,0,0,0,1,18.58333333333333,2,0,19.650505372188206,0.3112154645172543,0,0,0,1,30.5,2,0,16.919027188811555,0.3063137328582395,0,0,0,1,23.683333333333334,2,0,12.427119455825853,0.4136922555675372,0,0,0,1,18.05,2,0,30.369266487283287,0.5926112211618068,0,0,0,1,31.316666666666663,2,0,26.284795004873736,0.4718458561336259,0,0,0,1,30.53333333333333,2,0,29.556741101357986,0.3851799419755284,0,0,0,1,23.5,2,0,18.258741185803967,0.5211054062791476,0,0,0,1,27.9,2,0,18.16052455024336,0.3995481841259015,0,0,0,1,14.45,2,0,14.536105363286318,0.4459472738284299,0,0,0,1,14.433333333333334,2,0,16.16153570815301,0.3910360218056521,0,0,0,1,22.85,2,0,-9.220736194028923,-10.955120428541315,0.4431118939694394,0.4639355765624692,0.1828320673347201,0.1682049980613989,0.2974455968702897,0.1858166647176298,0.2501083626403614,0.2815384499024665,0.2047008547008547,0.3436928702010969,0.3295711060948081,0.3205467372134039,0.7952991452991452,0.6563071297989032,0.6704288939051919,0.6794532627865961,0.154983464107386,0.1735232208041352,0.1549384961534834,0.1501139257472188,2,1,0,0,1,1,3,2,1525.3,163.5,2,-1
4daa2e8b-f75f-494b-a390-3d837a0f23a1,2024-09-08 01:00:00+00:00,2024-09-08,2024,0,d6a012ed-84aa-48d3-8265-2d3f3ff2199a,0699edf3-5993-4182-b9b4-ec935cbd4fcc,d6a012ed-84aa-48d3-8265-2d3f3ff2199a,0699edf3-5993-4182-b9b4-ec935cbd4fcc,1574.936009562958,1433.3572096067244,0.7229024450119532,0.9589046539701516,1,31.84380028518459,0.670176947913625,0,0,0,1,34.88333333333333,2,0,30.673222962563173,0.6089660380507745,0,0,0,1,35.21666666666667,2,0,32.875033770951546,0.4700243214181475,0,0,0,1,31.816666666666663,2,0,30.96100646606868,0.4761530712325643,0,0,0,1,35.3,2,0,19.902276093780603,0.4172932058069598,9,9,0,1,8.333333333333334,2,1,18.28419575496435,0.3306200448156811,0,0,0,1,33.75,2,0,13.815795308617965,0.348735540698416,0,0,0,1,11.25,2,0,28.059676599968967,0.7033148374209423,0,0,0,1,27.25,1,0,33.41477256128639,0.4841266769164435,0,0,0,1,29.816666666666663,1,0,30.99383092904376,0.4408484955612687,0,0,0,1,28.23333333333333,1,0,27.45439497090909,0.4768461464151604,0,0,0,1,25.2,1,0,30.079892018770625,0.3900274935669615,0,0,0,1,25.58333333333333,1,0,18.397144772632814,0.4676661587349156,0,0,0,1,20.366666666666667,1,0,13.040362505170602,0.5878504316815718,0,0,0,1,12.75,1,0,0.6380430628309153,-3.332219842584058,0.4556761896415655,0.4914059547852421,0.1443383952820494,0.1790996669691252,0.2109758687624996,0.2009555169597046,0.244400832340948,0.2874577624317257,0.2906301824212272,0.3901808785529715,0.3105994787141616,0.3802987484860718,0.7093698175787728,0.6098191214470284,0.6894005212858384,0.6197012515139282,0.1447600665388376,0.1629145019562568,0.1803182760682347,0.1460175345047804,1,1,0,0,2,2,3,3,2405.2,1116.2,-3,0
5ee16756-3a9a-4e6e-860d-1f8d7813272b,2024-09-08 19:00:00+00:00,2024-09-08,2024,0,5c0d47fe-8539-47b0-9f36-d0b3609ca89b,6f017f37-be96-4bdc-b6d3-0a0429c72e89,5c0d47fe-8539-47b0-9f36-d0b3609ca89b,6f017f37-be96-4bdc-b6d3-0a0429c72e89,1433.5693484205706,1637.797758376794,0.2627504601491924,-1.0317216625155643,0,27.308128325325743,0.4407347281911376,0,0,0,1,9.283333333333331,1,0,24.550406518958404,0.4895222422398366,0,0,0,1,24.83333333333333,1,0,19.61239282885861,0.4816871965382027,0,0,0,1,24.2,1,0,15.923547589070994,0.5064078178207877,0,0,0,1,23.03333333333333,1,0,12.92589371689851,0.6116744642203943,0,0,0,1,18.816666666666663,1,0,23.10504573330694,0.3240437946508449,0,0,0,1,19.05,1,0,22.13728003717186,0.303092507575731,0,0,0,1,20.15,1,0,27.76382271670218,0.7438124083367154,0,0,0,1,37.15,1,0,26.1954043897168,0.5151874073124443,0,0,0,1,27.98333333333333,1,0,23.15178660827344,0.5672784345493755,6,6,0,1,23.716666666666665,1,1,29.270025931586787,0.4388899143728446,0,0,0,1,18.7,1,0,29.35991217863737,0.3862695725694979,0,0,0,1,30.23333333333333,1,0,17.898740203215468,0.5602969421588329,0,0,0,1,17.133333333333333,1,0,17.094816613810742,0.466386785361747,0,0,0,1,18.666666666666668,1,0,-1.7585757228807313,7.503428960716615,0.5017786446924279,0.5085376762595711,0.1790137691389812,0.1610396495468843,0.2026571453058684,0.2328968955489213,0.2029492594804804,0.2378931638716211,0.3913612565445026,0.3799392097264438,0.3615971287572903,0.3242437153813379,0.6086387434554974,0.6200607902735562,0.6384028712427098,0.6757562846186621,0.1771913535850191,0.1596736442616664,0.1778366239599153,0.1733960071018917,2,1,0,0,1,1,2,2,1980.0,493.8,3,0
7052cf45-ef41-49f0-8587-bbbad5fabe93,2024-09-08 20:00:00+00:00,2024-09-08,2024,0,f073a15f-0486-4179-b0a3-dfd0294eb595,5d70a9af-8c2b-4aec-9e68-9acc6ddb93e4,f073a15f-0486-4179-b0a3-dfd0294eb595,5d70a9af-8c2b-4aec-9e68-9acc6ddb93e4,1515.9923394827376,1414.949884591796,0.673829902977102,0.7255586942906411,1,35.288657319330376,0.5780763759889306,0,0,0,1,36.083333333333336,1,0,31.26306923648404,0.6404601393293865,0,0,0,1,34.31666666666667,1,0,33.765590187143374,0.4444463718512023,0,0,0,1,37.95,1,0,24.186305222720108,0.5386787753479257,0,0,0,1,23.416666666666668,1,0,22.580279590830862,0.3396789864506667,0,0,0,1,30.933333333333334,1,0,14.154174252313975,0.3286359045024414,0,0,0,1,9.066666666666666,1,0,8.967278271314218,0.4504333521796599,0,0,0,1,7.116666666666666,1,0,28.13914191995609,0.6177007020143136,0,0,0,1,39.6,1,0,33.15012664494968,0.4408035088301117,0,0,0,1,41.53333333333333,1,0,27.66442640998183,0.4660131677482294,0,0,0,1,45.0,1,0,24.744180291871945,0.4510666611314444,0,0,0,1,36.0,1,0,22.56273042809611,0.4498444292070799,0,0,0,1,40.766666666666666,1,0,12.81834627892172,0.3386155924412007,0,0,0,1,1.8666666666666667,1,0,7.938731935911699,0.5432780320781574,0,0,0,0,0.0,20,0,2.155893472445665,-2.0897375767784983,0.520974889121985,0.4484487567983432,0.180766157158635,0.1544480722144026,0.2539642464644521,0.2517636652809402,0.2369446933179205,0.2617884852162732,0.377814845704754,0.2870209059233449,0.3621112929623568,0.340938441670254,0.622185154295246,0.712979094076655,0.6378887070376432,0.659061558329746,0.1681424796162468,0.1544499882448212,0.1355751769052539,0.1453584407003633,1,1,0,0,2,1,3,3,0.0,433.0,0,0
7612e175-5b95-4980-8f6c-578f737c96cd,2024-09-08 20:00:00+00:00,2024-09-08,2024,0,08ed8274-e29f-4248-bc2e-83cc8ed18d75,171b097d-01db-4ae8-9d56-035689402ec6,08ed8274-e29f-4248-bc2e-83cc8ed18d75,FR_LVA_ACES,1747.7798203172952,1644.2586479721024,0.6769580988649043,0.7398273389403989,1,31.22555315669682,0.7474211580852205,0,0,0,1,34.36666666666667,2,0,27.70477538281961,0.7078325736221764,9,9,0,1,30.5,2,1,28.28169026492655,0.5548043218465538,0,0,0,1,30.7,2,0,24.09229624673147,0.4116415803774225,0,0,0,1,23.98333333333333,2,0,19.675668445341483,0.4504249503942448,0,0,0,1,21.55,2,0,20.7091478998622,0.3340289190929555,0,0,0,1,12.5,2,0,16.306368672023407,0.4155159335705686,0,0,0,1,31.266666666666666,2,0,34.561601715698686,0.9949141136704338,0,0,0,1,36.93333333333333,1,0,28.653317794833683,0.5291076261451446,0,0,0,1,20.916666666666668,1,0,30.276452230521443,0.421359291890416,3,3,0,1,34.25,1,1,23.669576975221947,0.4662461605106851,0,0,0,1,27.33333333333333,1,0,22.27929224383357,0.4707693329412784,0,0,0,1,22.766666666666666,1,0,22.467150429536595,0.3393395231739665,0,0,0,1,18.966666666666665,1,0,11.723754458273676,0.4521000740441806,0,0,0,1,17.233333333333334,1,0,10.050564068721464,7.785875243673974,0.5004194585875116,0.5083685831334821,0.1739897223013283,0.1396265915752124,0.265884362355328,0.1602205511470603,0.2364518509141221,0.2725918991207479,0.4286937901498929,0.3853131749460043,0.3116438356164384,0.3187552565180824,0.571306209850107,0.6146868250539956,0.6883561643835616,0.6812447434819175,0.1565659860395329,0.1344032363234726,0.155297973857073,0.1483535663033782,2,1,0,0,1,1,1,3,0.0,113.0,0,0
292335ab-cd08-46e6-96f2-c439e018a8e7,2024-09-08 22:00:00+00:00,2024-09-08,2024,0,3c409388-ab73-4c7f-953d-3a71062240f6,5f0b5caf-708b-4300-92f2-53b51d83ec06,3c409388-ab73-4c7f-953d-3a71062240f6,5f0b5caf-708b-4300-92f2-53b51d83ec06,1393.5988614571274,1352.9454489935315,0.5933740903769419,0.3779314221071625,1,32.13701582861451,0.5846297503288252,0,0,0,1,31.966666666666665,0,0,27.70371163636868,0.5499347190253208,0,0,0,1,34.35,0,0,17.4207953240565,0.572480217597765,0,0,0,1,30.766666666666666,0,0,26.01848251094068,0.356735782771745,0,0,0,1,31.616666666666667,0,0,19.978853630364178,0.3159015299768464,0,0,0,1,23.133333333333333,0,0,12.245437695004858,0.4095627518085795,0,0,0,1,10.5,0,0,15.323963301231066,0.3063137328582395,0,0,0,0,0.0,3,0,38.55491590173296,0.521132294612428,0,0,0,1,45.0,1,0,30.53863578068397,0.5525028696576405,0,0,0,1,40.81666666666667,1,0,25.380700486010376,0.6489264374944722,0,0,0,1,36.3,1,0,22.8187419708017,0.5906179686956343,0,0,0,1,40.66666666666666,1,0,25.474455727922013,0.3022378634405134,0,0,0,1,31.15,1,0,12.274332861292985,0.5622432650065745,0,0,0,1,8.433333333333334,1,0,15.59416386989227,0.289969847358699,0,0,0,1,13.616666666666667,1,0,-6.802741611662505,-6.539349560422094,0.4545357177360016,0.4849855476552582,0.1814667669639563,0.1663716587127743,0.2938455288851404,0.2940992749639958,0.2453843298208928,0.2810794046933758,0.2053941908713693,0.2697751873438801,0.3288031565103025,0.3241090146750524,0.7946058091286307,0.7302248126561199,0.6711968434896975,0.6758909853249476,0.1549918723774241,0.16727909228592,0.1550174639927789,0.1493571968742122,1,1,0,0,1,1,3,3,0.0,592.7,0,-1
bd317e51-d277-4811-be2a-5489396c04c1,2024-09-09 01:00:00+00:00,2024-09-09,2024,0,0a5ad38d-2fe3-43ba-894b-1ba3d5042ea9,a015b02d-845c-40c1-8ef4-844984f47e4d,0a5ad38d-2fe3-43ba-894b-1ba3d5042ea9,a015b02d-845c-40c1-8ef4-844984f47e4d,1287.1866447989903,1623.6280264193751,0.1427296918039419,-1.7928007066514196,0,30.67856202138882,0.594188576244677,0,0,0,1,33.65,1,0,25.95469002876053,0.4648502917201296,0,0,0,1,22.78333333333333,1,0,30.29617481055146,0.3902517331271719,0,0,0,1,37.4,1,0,18.55331628414281,0.5228224986003769,0,0,0,1,21.383333333333333,1,0,14.656831990654451,0.4540719942537466,0,0,0,1,15.816666666666666,1,0,16.87580289593801,0.3939551423491993,0,0,0,1,4.533333333333333,1,0,16.997936279647185,0.3864532287741549,0,0,0,1,25.03333333333333,1,0,30.800231945258897,0.6133114815647308,0,0,0,1,35.28333333333333,2,0,27.83959517426202,0.5693734482214096,0,0,0,1,34.36666666666667,2,0,30.838827715676903,0.5086657062742082,0,0,0,1,35.233333333333334,2,0,28.65507482516861,0.4271272643285482,0,0,0,1,29.066666666666663,2,0,28.565927638156168,0.3982975446303912,0,0,0,1,31.566666666666663,2,0,26.89112741771664,0.3267807881358801,0,0,0,1,27.366666666666667,2,0,14.444050882941816,0.3900478159687556,0,0,0,1,4.4,2,0,-11.471009178195022,4.409553427390319,0.4651929542605924,0.4727807761248992,0.1682876904320758,0.1703971745444158,0.1849355508733659,0.2224788023658884,0.2835646230635372,0.3348053444229215,0.3425022182786157,0.269385925593904,0.3177929854576561,0.3286384976525822,0.6574977817213842,0.7306140744060959,0.6822070145423439,0.6713615023474179,0.1730674671980538,0.1526146430605029,0.1502654038301415,0.1923492982124023,1,1,0,0,2,1,3,3,1744.0,2543.2,-2,-3
253d0160-8c92-4439-a536-347bf1e02e4e,2024-09-10 23:30:00+00:00,2024-09-10,2024,0,5d70a9af-8c2b-4aec-9e68-9acc6ddb93e4,6f017f37-be96-4bdc-b6d3-0a0429c72e89,5d70a9af-8c2b-4aec-9e68-9acc6ddb93e4,6f017f37-be96-4bdc-b6d3-0a0429c72e89,1409.4190700663066,1643.925784247696,0.2304064504835695,-1.206017592390578,0,28.43399349299992,0.6139520560557556,0,0,0,1,31.266666666666666,1,0,34.048882439345306,0.4379463579437009,0,0,0,1,42.68333333333333,1,0,29.03950084265788,0.4703646527460968,0,0,0,1,42.25,1,0,25.63249778081085,0.4460053437205629,0,0,0,1,34.166666666666664,1,0,24.161085412971904,0.4583211657881914,0,0,0,1,39.516666666666666,1,0,12.367232791961875,0.3467880064556821,0,0,0,1,8.033333333333333,1,0,7.190297378602842,0.5432780320781574,0,0,0,0,0.0,22,0,28.667572384688075,0.738948576719859,0,0,0,1,37.35,1,0,26.20526528058838,0.5137371291816677,0,0,0,1,26.3,1,0,22.96306550191984,0.5663404632879688,8,8,0,1,21.15,1,1,29.926501038027467,0.4279171878029081,0,0,0,1,36.23333333333333,1,0,28.90330873869849,0.3902167894324662,0,0,0,1,24.516666666666666,1,0,18.451946808558496,0.5573895821153534,0,0,0,1,23.766666666666666,1,0,15.733012233080824,0.4645798334654407,0,0,0,1,2.65,1,0,-2.734974382471626,7.272839328519105,0.4497985300134789,0.5041617021027809,0.1478330249147311,0.164145750429155,0.2594537546921293,0.2303500634602765,0.2551609414459005,0.2397487666838294,0.2866108786610878,0.3794850147741663,0.3416980342952739,0.3280926768721555,0.7133891213389121,0.6205149852258337,0.6583019657047261,0.6719073231278444,0.1516202244357584,0.1602234780375032,0.14688,0.1736628889551645,1,1,0,0,2,2,3,2,433.0,549.4,0,0
41caf4df-fe9d-4fdf-852b-50c7350891ec,2024-09-11 00:00:00+00:00,2024-09-11,2024,0,5f0b5caf-708b-4300-92f2-53b51d83ec06,08ed8274-e29f-4248-bc2e-83cc8ed18d75,5f0b5caf-708b-4300-92f2-53b51d83ec06,08ed8274-e29f-4248-bc2e-83cc8ed18d75,1334.4013899379645,1753.247740949225,0.0938793649545521,-2.267161841921574,0,38.53873972590805,0.518461390759087,0,0,0,1,38.38333333333333,2,0,25.67791915877723,0.6474546785592641,0,0,0,1,28.53333333333333,2,0,30.227023977448216,0.5455353901780926,0,0,0,1,27.23333333333333,2,0,23.718885325012,0.5747822475975944,0,0,0,1,32.36666666666667,2,0,24.73522344050197,0.3050720783601196,0,0,0,1,17.633333333333333,2,0,12.70099617589153,0.5682279646999396,0,0,0,1,16.8,2,0,16.136803009336244,0.282030875319055,0,0,0,1,21.35,2,0,31.46354875484399,0.7495633260242444,0,0,0,1,33.75,2,0,27.820599324633488,0.7107332308241747,12,12,0,1,28.933333333333334,2,1,28.633810154143383,0.5470476102604996,0,0,0,1,32.016666666666666,2,0,24.1841563195726,0.4124064711950872,0,0,0,1,25.066666666666663,2,0,19.23172101267328,0.4427266933670249,0,0,0,1,14.966666666666669,2,0,17.179395634782665,0.4159448789411317,0,0,0,1,25.566666666666663,2,0,20.866983967872603,0.3276656185828502,0,0,0,1,22.383333333333333,2,0,-7.28581933749158,9.43915539516297,0.4793940302520464,0.493548295037287,0.1665201060881884,0.1706016652162886,0.294874820990986,0.267753854867538,0.2787863545705123,0.2442191583709659,0.2677705977382875,0.4263727121464226,0.320162932790224,0.3170833333333333,0.7322294022617124,0.5736272878535774,0.679837067209776,0.6829166666666666,0.166640550606897,0.1556023172385817,0.1493396007001823,0.1551415586254844,1,1,0,0,2,1,3,2,817.0,1388.8,0,-1
8b509acd-62e3-45d0-a8ff-340cf39f7693,2024-09-11 02:00:00+00:00,2024-09-11,2024,0,0a5ad38d-2fe3-43ba-894b-1ba3d5042ea9,a015b02d-845c-40c1-8ef4-844984f47e4d,0a5ad38d-2fe3-43ba-894b-1ba3d5042ea9,a015b02d-845c-40c1-8ef4-844984f47e4d,1282.6161981115897,1628.1984731067755,0.1364115483925733,-1.8454199187050828,0,31.20853059558,0.5892914808969612,0,0,0,1,36.3,1,0,31.21101589203627,0.3914677527316511,0,0,0,1,40.0,1,0,26.235505604980503,0.4416152028170234,0,0,0,1,28.933333333333334,1,0,18.287458624702232,0.5243263528401635,0,0,0,1,15.733333333333333,1,0,15.33497751290964,0.4526109233394826,0,0,0,1,21.85,1,0,17.089264630851588,0.3769672588704909,0,0,0,1,17.966666666666665,1,0,15.86147095655686,0.3919048299539273,0,0,0,1,6.116666666666666,1,0,31.270020484728,0.6133523814069932,0,0,0,1,35.78333333333333,1,0,27.97099170087483,0.5759773504139313,0,0,0,1,29.23333333333333,1,0,31.36782847782681,0.5059296164892595,0,0,0,1,36.45,1,0,28.44404590610327,0.4268991725647795,0,0,0,1,26.416666666666668,1,0,29.104943697014143,0.4028946311631065,0,0,0,1,34.28333333333333,1,0,25.902062367033853,0.3246984324048872,0,0,0,1,16.4,1,0,13.915092991514534,0.3829570105059223,0,0,0,1,8.833333333333334,1,0,-11.45197484291395,5.056247265257677,0.4658556478869219,0.4760300666665842,0.176350147622582,0.1704208652089419,0.1805041373050123,0.2250734000339013,0.2917483508404587,0.3251023026669909,0.3405545927209705,0.2691304347826087,0.3161611965101786,0.3269230769230769,0.6594454072790294,0.7308695652173913,0.6838388034898214,0.6730769230769231,0.1748538159088618,0.1526977677193704,0.1504139543702205,0.1936888351047037,1,1,0,0,2,2,3,3,0.0,0.0,0,0
7a5d90a8-f032-43fe-bf96-1dd6ee104717,2024-09-11 23:00:00+00:00,2024-09-11,2024,0,f073a15f-0486-4179-b0a3-dfd0294eb595,171b097d-01db-4ae8-9d56-035689402ec6,f073a15f-0486-4179-b0a3-dfd0294eb595,FR_LVA_ACES,1521.523154008227,1638.7907273401722,0.3702522418329881,-0.5311348473021796,0,32.21717065221653,0.6532673012606123,0,0,0,1,41.38333333333333,2,0,36.20420712234144,0.5767013436617385,0,0,0,1,45.0,2,0,34.54661398803563,0.4409367951614503,0,0,0,1,42.05,2,0,23.48680888716916,0.5367533402604279,0,0,0,1,16.766666666666666,2,0,24.21626191150549,0.3417145109576551,0,0,0,1,39.93333333333333,2,0,9.79035567080911,0.4873812038974335,104,6,0,1,28.23333333333333,2,1,13.297437336165196,0.3290639701358959,0,0,0,1,5.066666666666666,2,0,31.30326054877234,0.9949141136704338,2,2,1,0,0.0,4,1,28.992399813943976,0.5218563593399277,0,0,0,1,32.25,2,0,30.443655815480803,0.4269623079209989,6,6,0,1,32.05,2,1,24.28838387332917,0.4594399159883393,0,0,0,1,30.23333333333333,2,0,21.93713586976952,0.4670804933181159,0,0,0,1,18.65,2,0,23.134895533609846,0.3422657089887747,0,0,0,1,29.55,2,0,14.981132573348464,0.3762909744897846,0,0,0,1,27.33333333333333,2,0,2.7948933427079536,6.715729776280623,0.5300887870491043,0.5053700221615398,0.1834082563353689,0.1408931595383589,0.2520192395715606,0.1511978889163364,0.2492668334098289,0.2616236111790656,0.3775344687753447,0.3888188314417822,0.3589440504334121,0.3195749897834082,0.6224655312246553,0.6111811685582177,0.6410559495665878,0.6804250102165917,0.1689086556572248,0.1347901032958772,0.13348588863463,0.1476297571333442,2,2,0,0,1,1,3,2,0.0,645.2,0,0
1e5a8176-2f81-4f0b-83d0-f2858ba1cb18,2024-09-12 00:00:00+00:00,2024-09-12,2024,0,3c409388-ab73-4c7f-953d-3a71062240f6,5c0d47fe-8539-47b0-9f36-d0b3609ca89b,3c409388-ab73-4c7f-953d-3a71062240f6,5c0d47fe-8539-47b0-9f36-d0b3609ca89b,1412.142920512695,1427.4413225496687,0.5139580941728094,0.0558468871197124,0,29.107255734799903,0.5846297503288252,0,0,0,0,0.0,4,0,28.042756525542192,0.5518149925486955,0,0,0,1,31.3,3,0,18.81726713052273,0.5807112725867845,0,0,0,1,32.233333333333334,3,0,25.556357274689404,0.3541021056945321,0,0,0,1,21.116666666666667,3,0,20.8591884272155,0.3091048478589403,0,0,0,1,29.316666666666663,3,0,14.161248700107272,0.4289949441815531,0,0,0,1,32.56666666666667,3,0,15.854365425907789,0.3144205398737812,0,0,0,1,20.95,3,0,27.21779949764907,0.443523999223805,0,0,0,1,26.35,3,0,24.578651094561422,0.4903230208828008,0,0,0,1,24.85,3,0,19.999328727144665,0.4776925460360762,0,0,0,1,23.716666666666665,3,0,16.609544859531443,0.498050840693399,0,0,0,1,23.2,3,0,13.328840795815934,0.6106191434816085,0,0,0,1,17.2,3,0,22.510629124922275,0.3214146345732437,0,0,0,1,16.8,3,0,22.13376541187119,0.302387322866629,0,0,0,1,22.1,3,0,-4.798428367832005,-2.06958980328802,0.4621889356652975,0.5009375581901344,0.1796846705731206,0.1811539178280329,0.2921501141800614,0.2028901077713029,0.2532269046716098,0.1878563613449968,0.2048387096774193,0.3933107535986452,0.3248407643312102,0.3616557734204793,0.7951612903225806,0.6066892464013548,0.6751592356687898,0.6383442265795207,0.154812022713922,0.1773590662903349,0.1547202353776695,0.1778641168605091,2,2,0,0,1,1,2,2,0.0,596.5,0,-1
8b7d4428-0bdd-4bdb-a980-cc8b869079c9,2024-09-12 02:00:00+00:00,2024-09-12,2024,0,0a5ad38d-2fe3-43ba-894b-1ba3d5042ea9,d6a012ed-84aa-48d3-8265-2d3f3ff2199a,0a5ad38d-2fe3-43ba-894b-1ba3d5042ea9,d6a012ed-84aa-48d3-8265-2d3f3ff2199a,1275.9573819027223,1592.540946153633,0.1572955317900739,-1.6784899210155455,0,31.01445987402808,0.5855135934040898,0,0,0,1,29.15,0,0,31.31839514019673,0.392604434787575,0,0,0,1,32.35,0,0,26.24001462795619,0.4326167423734314,0,0,0,1,26.28333333333333,0,0,19.773493267453865,0.5300590686095066,0,0,0,1,34.05,0,0,14.91215026713374,0.4465148589340477,0,0,0,1,10.85,0,0,16.843586976941562,0.3637698758602088,0,0,0,1,14.483333333333333,0,0,15.12660537032603,0.3887977082705839,0,0,0,1,8.066666666666666,0,0,31.01946683388918,0.668108369440641,0,0,0,1,23.1,3,0,29.828831654172014,0.610400092366644,0,0,0,1,21.716666666666665,3,0,31.862345614118112,0.4756803459026452,0,0,0,1,22.133333333333333,3,0,30.44616278701661,0.4832347330493846,0,0,0,1,25.5,3,0,19.85492334413113,0.4321399937561466,13,13,0,1,19.4,3,1,18.502521293468405,0.3341703296503819,0,0,0,1,20.6,3,0,14.37210783790486,0.3429609542699738,0,0,0,1,19.716666666666665,3,0,-13.183343500875978,3.2533171379920343,0.462742659591533,0.4598548760680202,0.1769114858073137,0.1379752957403535,0.1769549166169902,0.2247559568325798,0.2811286992293529,0.2292159787283333,0.3389473684210526,0.2936698717948718,0.3167274200081004,0.3141891891891892,0.6610526315789473,0.7063301282051282,0.6832725799918996,0.6858108108108109,0.1747737140334093,0.1424554133057056,0.1506580893226856,0.1797112226560079,0,3,1,0,2,1,4,2,0.0,961.9,0,0
a40e4461-2445-4c74-8274-5c8fcf621094,2024-09-13 00:00:00+00:00,2024-09-13,2024,0,5f0b5caf-708b-4300-92f2-53b51d83ec06,08ed8274-e29f-4248-bc2e-83cc8ed18d75,5f0b5caf-708b-4300-92f2-53b51d83ec06,08ed8274-e29f-4248-bc2e-83cc8ed18d75,1331.1651807402586,1756.4839501469312,0.0907575531197123,-2.304420077203813,0,38.2789701077523,0.5207082695977615,0,0,0,1,35.78333333333333,1,0,29.72481167647609,0.552722630009206,0,0,0,1,24.9,1,0,24.90536363427945,0.6481041207935107,0,0,0,1,17.483333333333334,1,0,24.054928422158348,0.5679614584618613,0,0,0,1,27.28333333333333,1,0,24.876459751728103,0.310231632795081,0,0,0,1,26.23333333333333,1,0,12.693045898767387,0.5646515702815984,0,0,0,1,12.616666666666667,1,0,15.874073433197706,0.2790224300522125,0,0,0,1,13.35,1,0,31.126019163758112,0.7496386621149598,0,0,0,1,27.883333333333333,1,0,27.07544551573553,0.7179038199463538,14,14,0,1,19.916666666666668,1,1,28.374505277950355,0.5554869275386999,0,0,0,1,25.883333333333333,1,0,23.893393362925977,0.4215044028448884,0,0,0,1,21.1,1,0,19.489561667369124,0.4469920130853044,0,0,0,1,21.966666666666665,1,0,17.605581649647945,0.4192501760110877,0,0,0,1,21.7,1,0,20.706684283126226,0.3239373469145365,0,0,0,1,19.166666666666668,1,0,-8.713232696060917,10.663560120606643,0.4826460791260624,0.5089713908989508,0.1628295342991905,0.1671401621980165,0.2827878259898016,0.2593460625042866,0.2773818760942946,0.2400503381504173,0.2696232339089482,0.4260307194826192,0.3227722772277228,0.3175566343042071,0.7303767660910518,0.5739692805173807,0.6772277227722773,0.6824433656957929,0.1654017150163642,0.1548121283892137,0.1487385539870278,0.1541492089300231,1,1,0,0,2,2,3,3,0.0,0.0,0,0
2d056329-4643-4e48-ba4a-04ce4f07d454,2024-09-13 23:30:00+00:00,2024-09-13,2024,0,5f0b5caf-708b-4300-92f2-53b51d83ec06,d6a012ed-84aa-48d3-8265-2d3f3ff2199a,5f0b5caf-708b-4300-92f2-53b51d83ec06,d6a012ed-84aa-48d3-8265-2d3f3ff2199a,1324.749219537135,1596.282230743097,0.194793602239198,-1.4191580913344546,0,38.2789701077523,0.5207082695977615,0,0,0,1,35.78333333333333,1,0,29.72481167647609,0.552722630009206,0,0,0,1,24.9,1,0,24.90536363427945,0.6481041207935107,0,0,0,1,17.483333333333334,1,0,24.054928422158348,0.5679614584618613,0,0,0,1,27.28333333333333,1,0,24.876459751728103,0.310231632795081,0,0,0,1,26.23333333333333,1,0,12.693045898767387,0.5646515702815984,0,0,0,1,12.616666666666667,1,0,15.874073433197706,0.2790224300522125,0,0,0,1,13.35,1,0,31.37273910339434,0.6630621977663466,0,0,0,1,34.766666666666666,0,0,30.286496284308058,0.6126232701317116,0,0,0,1,34.68333333333333,0,0,30.701070651883576,0.4980172631112326,0,0,0,1,33.15,0,0,31.74019375066199,0.4694635863677461,0,0,0,1,30.566666666666663,0,0,19.1316739486435,0.4371310459593729,14,14,0,1,12.183333333333334,0,1,19.927427537036166,0.3660933884383168,0,0,0,1,33.61666666666667,0,0,14.005488427109915,0.3406206095293608,0,0,0,1,10.483333333333333,0,0,-11.871805369345534,3.539959825015927,0.4743233753372649,0.4649864160462285,0.1661059184241605,0.1319200225697794,0.2768224313701911,0.2116476175649241,0.2724767006500073,0.2331956272900319,0.2691867124856815,0.2930631332813718,0.325751734772552,0.3127825729551993,0.7308132875143184,0.7069368667186282,0.674248265227448,0.6872174270448007,0.1657669789895347,0.140646976090014,0.1477366398476774,0.1790458937198067,0,1,1,0,2,1,4,2,0.0,1221.9,0,2
38b9bab0-048e-4066-9aa5-a4800aeb0288,2024-09-13 23:30:00+00:00,2024-09-13,2024,0,5d70a9af-8c2b-4aec-9e68-9acc6ddb93e4,5c0d47fe-8539-47b0-9f36-d0b3609ca89b,5d70a9af-8c2b-4aec-9e68-9acc6ddb93e4,5c0d47fe-8539-47b0-9f36-d0b3609ca89b,1401.5257713152694,1473.681308353006,0.4325513798085241,-0.2714490915880524,0,28.82046423208353,0.6131289434033322,0,0,0,1,32.53333333333333,2,0,33.94214128503455,0.4332570078853641,0,0,0,1,32.916666666666664,2,0,29.609291223681502,0.4601264960172999,0,0,0,1,35.083333333333336,2,0,25.95940118419278,0.4449186827876569,0,0,0,1,29.1,2,0,24.79954813159996,0.4410498785437184,0,0,0,1,30.933333333333334,2,0,11.583114560871634,0.3477040325652875,0,0,0,1,4.05,2,0,6.512422488895329,0.5432780320781574,0,0,0,0,0.0,25,0,23.87516254537972,0.4927820073106503,0,0,0,1,17.116666666666667,0,0,26.5718997987028,0.441877137696487,0,0,0,1,20.366666666666667,0,0,20.31207519248112,0.4911647223080442,0,0,0,1,23.316666666666663,0,0,17.139735029796363,0.5170114813941569,0,0,0,1,22.23333333333333,0,0,13.777076930537676,0.6164011349891002,0,0,0,1,18.08333333333333,0,0,22.02567519319391,0.3176319354757286,0,0,0,1,17.366666666666667,0,0,21.414081980971044,0.3079758816031277,0,0,0,1,14.5,0,0,-4.335608248998078,1.8336536887041108,0.4390430854957298,0.5070880437984353,0.1459270502062145,0.1794955256884272,0.256918134647736,0.2120452725743514,0.2566945939917774,0.1937150358866984,0.2857723577235772,0.3917695473251029,0.3409368635437881,0.3543340380549682,0.7142276422764228,0.6082304526748972,0.6590631364562118,0.6456659619450317,0.1505783927673303,0.1765265995597655,0.1466934668347919,0.1778159298546814,2,1,0,0,1,1,3,2,0.0,592.7,0,1
820aa54c-4909-4110-a96f-0371763e55a6,2024-09-13 23:30:00+00:00,2024-09-13,2024,0,f073a15f-0486-4179-b0a3-dfd0294eb595,171b097d-01db-4ae8-9d56-035689402ec6,f073a15f-0486-4179-b0a3-dfd0294eb595,FR_LVA_ACES,1508.6505805396484,1651.6633008087508,0.3364095554260873,-0.6793358261882786,0,31.829018889525376,0.6484372646635277,0,0,0,1,28.1,1,0,36.36565153327672,0.564807725891907,0,0,0,1,37.91666666666666,1,0,34.89418437879767,0.4388568139821646,0,0,0,1,38.23333333333333,1,0,23.53519066481917,0.5368625994800367,0,0,0,1,24.0,1,0,24.80395589642728,0.3466009538321536,0,0,0,1,30.45,1,0,10.515621415731507,0.4863773544645463,106,8,0,1,17.483333333333334,1,1,12.995994660365769,0.323608276726942,0,0,0,1,10.1,1,0,31.55592799040678,0.9899796257669669,4,4,0,1,33.983333333333334,1,1,29.129817018453583,0.5141317997164501,0,0,0,1,30.45,1,0,29.881738452058485,0.4236930732042843,8,8,0,1,24.48333333333333,1,1,24.77343085596576,0.4574829887082338,0,0,0,1,29.433333333333334,1,0,21.85192867840533,0.4724712116827379,0,0,0,1,21.03333333333333,1,0,23.38929436157954,0.3520175194058531,0,0,0,1,25.83333333333333,1,0,15.157322546309713,0.37966782776762,0,0,0,1,16.85,1,0,0.7043167743708054,7.909679646392554,0.5220862998436948,0.5062105609455582,0.1812811306624642,0.1391807566669211,0.2471150562769759,0.1540846579302883,0.2464301761981163,0.2598543773109672,0.3769200472627018,0.3866884442629644,0.3577453987730061,0.3206349206349206,0.6230799527372981,0.6133115557370356,0.6422546012269938,0.6793650793650794,0.1683521572704503,0.1342256503327283,0.1329912715263033,0.1476654218837714,1,1,0,0,1,1,3,3,0.0,0.0,0,0
f532779d-07f9-4a19-80c8-00b9f66c3db6,2024-09-13 23:30:00+00:00,2024-09-13,2024,0,6f017f37-be96-4bdc-b6d3-0a0429c72e89,3c409388-ab73-4c7f-953d-3a71062240f6,6f017f37-be96-4bdc-b6d3-0a0429c72e89,3c409388-ab73-4c7f-953d-3a71062240f6,1651.8190829987332,1365.9029347093574,0.8568999609377674,1.7897772205556073,1,29.6715299725012,0.7307618765857328,0,0,0,1,39.31666666666667,2,0,26.30847285853759,0.5201030948403296,0,0,0,1,27.3,2,0,30.208402896739585,0.4278513317107132,0,0,0,1,32.916666666666664,2,0,22.54387531251093,0.5668146306134354,11,11,0,1,18.516666666666666,2,1,29.674491483711783,0.39066369858814,0,0,0,1,37.083333333333336,2,0,18.72673591647816,0.5623895119472426,0,0,0,1,21.366666666666667,2,0,14.249761489654832,0.4645798334654407,0,0,0,0,0.0,4,0,28.133001932721363,0.5518123023923995,0,0,0,1,29.0,0,0,26.36313032078958,0.5846297503288252,0,0,0,0,0.0,5,0,19.346729273375026,0.5773238305610722,0,0,0,1,24.433333333333334,0,0,25.8684411143178,0.3579159541625178,0,0,0,1,28.866666666666667,0,0,15.678037219230466,0.4210995941646449,0,0,0,1,30.25,0,0,21.43655036848115,0.2948210077966602,0,0,0,1,26.98333333333333,0,0,15.965514200170317,0.3055480017420011,0,0,0,1,17.033333333333335,0,0,8.445659915866935,-8.054180272882034,0.5089250891886732,0.4529589786968709,0.1625052648996554,0.1816377114972658,0.2207981920227416,0.2911980332917462,0.2304037411765185,0.2441684527479064,0.3777229757501028,0.2023529411764706,0.3260956976276638,0.3252166735451919,0.6222770242498973,0.7976470588235294,0.6739043023723361,0.6747833264548081,0.1597063907608287,0.1553885905480871,0.1720467822111488,0.154507549590447,2,1,0,0,1,1,3,3,912.7,356.5,-1,0
d05a4690-b53b-41e8-be80-357c9bb7d7f2,2024-09-14 02:00:00+00:00,2024-09-14,2024,0,0699edf3-5993-4182-b9b4-ec935cbd4fcc,a015b02d-845c-40c1-8ef4-844984f47e4d,0699edf3-5993-4182-b9b4-ec935cbd4fcc,a015b02d-845c-40c1-8ef4-844984f47e4d,1415.7522730160492,1634.857289315643,0.2465016218780265,-1.117358292517027,0,27.7429386008656,0.6942853103841307,0,0,0,1,24.7,5,0,32.84300802713551,0.477193688572629,0,0,0,1,27.35,5,0,30.71158351924013,0.4382575733237124,0,0,0,1,28.0,5,0,27.26542795768393,0.482975867123957,0,0,0,1,25.45,5,0,28.897048439809744,0.3910425402733549,0,0,0,1,17.533333333333335,5,0,18.512116828152266,0.4642265714492813,0,0,0,1,19.616666666666667,5,0,13.377523356994192,0.5824375107759376,0,0,0,1,16.616666666666667,5,0,30.931880762662782,0.6178454120861685,0,0,0,1,27.683333333333334,2,0,27.745892018993395,0.5832310113237147,0,0,0,1,25.58333333333333,2,0,30.621364621950413,0.5022379718064388,0,0,0,1,23.45,2,0,28.49017413186425,0.4384253162762079,0,0,0,1,28.933333333333334,2,0,28.82950497747772,0.4066383757755966,0,0,0,1,26.183333333333334,2,0,26.258546738161844,0.3198489827630811,0,0,0,1,29.683333333333334,2,0,14.198070359049796,0.3800168611584626,0,0,0,1,16.916666666666668,2,0,-5.693496803124782,7.390581683607419,0.4865024525599008,0.4874133805106544,0.1783495139101976,0.1700347678808494,0.1993768605998611,0.2151674648953724,0.2732131618747789,0.3157410536758146,0.3915410385259631,0.270956816257409,0.3803201874267864,0.3256330519768992,0.6084589614740369,0.729043183742591,0.6196798125732136,0.6743669480231008,0.1627535018555773,0.1528879531811972,0.1437301128145791,0.1930798148479656,5,2,0,0,0,1,1,3,0.0,358.3,0,0
1b548840-159a-4a5a-8dd2-309b94242f6e,2024-09-15 19:00:00+00:00,2024-09-15,2024,0,f073a15f-0486-4179-b0a3-dfd0294eb595,5f0b5caf-708b-4300-92f2-53b51d83ec06,f073a15f-0486-4179-b0a3-dfd0294eb595,5f0b5caf-708b-4300-92f2-53b51d83ec06,1502.9126541468795,1322.5798320174413,0.7653055550048589,1.181990738344107,1,31.702152586234604,0.6478680245240439,0,0,0,1,30.48333333333333,1,0,36.14262657509092,0.5633733666415979,0,0,0,1,34.0,1,0,34.93558573307363,0.4356600057997724,0,0,0,1,35.333333333333336,1,0,23.26947055008911,0.5312970574088888,0,0,0,1,20.716666666666665,1,0,25.777771751613862,0.332100114646066,0,0,0,1,35.13333333333333,1,0,10.75455334202437,0.4876041455268234,108,10,0,1,13.05,1,1,8.805775802621959,0.4662692436557371,0,0,0,1,15.75,1,0,41.60576483589389,0.5055922747178937,0,0,0,1,40.0,1,0,27.849422189984004,0.6613502523082256,0,0,0,1,32.233333333333334,1,0,28.287900947083568,0.5494099469279671,0,0,0,0,0.0,1,0,26.830901876004244,0.538658492601512,0,0,0,1,36.38333333333333,1,0,27.673972394652665,0.2946670025429175,0,0,0,1,32.03333333333333,1,0,13.535903438525702,0.5547569660674905,0,0,0,1,7.766666666666667,1,0,14.132034868701966,0.4390580930928089,0,0,0,1,20.716666666666665,1,0,0.5049733274971511,-10.957411614855994,0.5207643774545924,0.4682833766277097,0.1812696562545135,0.1702695491276367,0.2323885302419726,0.2843947467968009,0.2536093633765495,0.2697533441877998,0.3767781622452902,0.268075639599555,0.359596713965646,0.3245877061469265,0.6232218377547097,0.731924360400445,0.640403286034354,0.6754122938530734,0.1685121386350805,0.1661920959039188,0.1322553563419318,0.1485573555660995,1,1,0,0,2,2,3,4,0.0,779.1,0,1
8370aff2-76b9-4a79-b611-be27521dca4f,2024-09-15 19:00:00+00:00,2024-09-15,2024,0,5c0d47fe-8539-47b0-9f36-d0b3609ca89b,5d70a9af-8c2b-4aec-9e68-9acc6ddb93e4,5c0d47fe-8539-47b0-9f36-d0b3609ca89b,5d70a9af-8c2b-4aec-9e68-9acc6ddb93e4,1480.3505375619616,1394.8565421063138,0.6538610463631772,0.6360545670038159,0,24.42744942138421,0.4958533786385374,0,0,0,1,29.73333333333333,1,0,26.46613119661804,0.4448567222245557,0,0,0,1,25.45,1,0,19.390171241891515,0.4864805452691613,0,0,0,1,10.533333333333331,1,0,17.94362289959266,0.5204961839137284,0,0,0,1,25.666666666666668,1,0,14.657579228138342,0.5991033239352418,0,0,0,1,23.116666666666667,1,0,21.39631699741525,0.3229572262375905,0,0,0,1,15.35,1,0,21.373472576848485,0.3016759541503138,0,0,0,1,20.98333333333333,1,0,29.04636941729793,0.5998387421956956,0,0,0,1,31.216666666666665,1,0,34.19742828237254,0.4383261498707011,0,0,0,1,36.65,1,0,30.49147029255305,0.4545574059839826,0,0,0,1,38.96666666666667,1,0,26.61844922514816,0.4431406389833906,0,0,0,1,32.95,1,0,25.45952508224961,0.4307027046946975,0,0,0,1,31.8,1,0,10.795927782541304,0.3413914156694287,0,0,0,1,3.2333333333333334,1,0,12.324438268872772,0.2606838849260918,0,0,0,1,4.383333333333334,1,0,2.459353437794824,-4.725432889966067,0.5064198090015819,0.4280009435320226,0.1865622347457767,0.1503433340951944,0.2156235051999038,0.2708563035555092,0.1990213760603379,0.2647807846149456,0.3907630522088353,0.2854322937228583,0.3519278096800656,0.3411530815109344,0.6092369477911647,0.7145677062771417,0.6480721903199343,0.6588469184890656,0.1779455865881418,0.1508587343339006,0.1772859777500148,0.1489108236895847,1,1,0,0,2,1,3,3,549.4,549.4,0,0
98f38f82-247f-4572-890a-d590c4691cea,2024-09-15 19:00:00+00:00,2024-09-15,2024,0,08ed8274-e29f-4248-bc2e-83cc8ed18d75,6f017f37-be96-4bdc-b6d3-0a0429c72e89,08ed8274-e29f-4248-bc2e-83cc8ed18d75,6f017f37-be96-4bdc-b6d3-0a0429c72e89,1762.8999113500547,1657.9308799806554,0.6787780513771687,0.7481618854551364,0,30.352071491566385,0.7457908022783071,0,0,0,1,22.916666666666668,1,0,26.439823884056985,0.7174273598943173,0,0,0,1,20.33333333333333,1,0,28.02651511243999,0.5610541733512746,0,0,0,1,24.683333333333334,1,0,23.166517155030668,0.4249286308075725,0,0,0,1,16.183333333333334,1,0,19.624103897413555,0.4541563803551834,0,0,0,1,20.916666666666668,1,0,18.26970359911123,0.4286241774476622,0,0,0,1,24.65,1,0,20.72333810829101,0.3164267813337228,0,0,0,1,20.883333333333333,1,0,30.046605548529666,0.7263309449923198,0,0,0,1,33.65,1,0,26.39095149838167,0.5279953905211926,0,0,0,1,27.183333333333334,1,0,22.89013262330394,0.5696468703314911,13,13,0,1,26.216666666666665,1,1,29.96720604629837,0.4272260604210344,0,0,0,1,27.65,1,0,29.56376473027419,0.3856077876545926,0,0,0,1,28.5,1,0,18.695932451519223,0.5679508185583254,0,0,0,1,18.4,1,0,13.875821177116372,0.4677811548297537,0,0,0,1,10.283333333333331,1,0,13.638263070819477,9.333939349948276,0.5142740577169824,0.5087293928108068,0.1628185516965436,0.159924909356835,0.258464949977822,0.2206050959839537,0.2529436882417109,0.2215966872577,0.4262681871804955,0.3770949720670391,0.315768777034998,0.3240704500978473,0.5737318128195045,0.6229050279329609,0.6842312229650019,0.6759295499021526,0.153611674487261,0.1587562771195943,0.1548626884162709,0.1711481359287363,2,1,0,0,1,1,3,3,1388.8,1019.2,1,1
0e4d52b1-8443-4d0f-8841-379edbe9b7a6,2024-09-15 22:00:00+00:00,2024-09-15,2024,0,3c409388-ab73-4c7f-953d-3a71062240f6,0699edf3-5993-4182-b9b4-ec935cbd4fcc,3c409388-ab73-4c7f-953d-3a71062240f6,0699edf3-5993-4182-b9b4-ec935cbd4fcc,1359.7911377274352,1403.2346337859683,0.4734825794121862,-0.1061692977176821,0,29.00037546472878,0.5502376846174799,0,0,0,1,37.333333333333336,1,0,23.87771099561244,0.5846297503288252,0,0,0,0,0.0,7,0,20.61034052436008,0.5692060903428755,0,0,0,1,32.75,1,0,26.06154031415428,0.3598874959571309,0,0,0,1,27.916666666666668,1,0,22.3695828019828,0.2915555273350948,0,0,0,1,31.33333333333333,1,0,15.482127484678196,0.4168650832083999,0,0,0,1,13.6,1,0,15.599516413380156,0.3047252403085307,0,0,0,1,12.083333333333334,1,0,27.889732644092103,0.7096098804047742,0,0,0,1,29.3,0,0,29.74668957578608,0.477193688572629,0,0,0,0,0.0,6,0,31.086025538173345,0.4396156314248676,0,0,0,1,34.68333333333333,0,0,27.113131329187844,0.4765258989954556,0,0,0,1,25.65,0,0,28.799907821828555,0.3834522782608844,0,0,0,1,27.866666666666667,0,0,18.97764235988699,0.4601197148041182,0,0,0,1,23.45,0,0,13.22722896309641,0.5854561495018097,0,0,0,1,11.783333333333331,0,0,-8.979366973219266,-7.168473594347376,0.4476889169006038,0.4799185905626363,0.1789289154814857,0.1731974652802138,0.2844397551449273,0.1962930633746226,0.2447182296545056,0.2618589551691447,0.2035905271199388,0.3934959349593496,0.3261217948717949,0.3793626707132018,0.7964094728800611,0.6065040650406504,0.6738782051282052,0.6206373292867982,0.1549263084600208,0.1614963503649635,0.1537094411220789,0.1422621142790097,1,1,0,0,2,1,3,1,356.5,1451.7,0,2
338864de-cf4b-4235-99fd-12e0a7169d5d,2024-09-15 22:00:00+00:00,2024-09-15,2024,0,171b097d-01db-4ae8-9d56-035689402ec6,a015b02d-845c-40c1-8ef4-844984f47e4d,FR_LVA_ACES,a015b02d-845c-40c1-8ef4-844984f47e4d,1657.4012272015195,1647.3749285457238,0.5502368182846988,0.2016275828689813,1,31.94033082544866,0.9827214303804436,6,6,0,1,35.63333333333333,1,1,29.489969871795168,0.510369936693907,0,0,0,1,32.95,1,0,30.269993060401266,0.4198215394427743,10,10,0,1,34.0,1,1,25.263030098812106,0.4677419255042617,0,0,0,1,29.966666666666665,1,0,21.44478733374499,0.4721126997281367,0,0,0,1,17.533333333333335,1,0,22.78693510123054,0.3491985982818926,0,0,0,1,17.0,1,0,16.047543576181457,0.3743243080921632,0,0,0,1,24.6,1,0,31.14413946110921,0.6145666154864191,0,0,0,1,33.18333333333333,0,0,27.75884948248812,0.5890031897781365,0,0,0,1,27.883333333333333,0,0,30.322379986109848,0.5023967542459669,0,0,0,1,27.45,0,0,28.693794600540123,0.440393966629228,0,0,0,1,30.65,0,0,28.82986590083968,0.4068644219262914,0,0,0,1,28.83333333333333,0,0,26.04876177212377,0.3251688952189187,0,0,0,1,24.03333333333333,0,0,13.777151312239983,0.3845065094231347,0,0,0,1,9.733333333333333,0,0,7.296927074672816,8.705563530864984,0.5022580400261705,0.4879714919705071,0.1359346194208827,0.1631486774921935,0.1424149796461409,0.2164311414750906,0.2595987451252433,0.3073434468606534,0.3878523223501389,0.2732868280672959,0.3218435321456235,0.3297460180800688,0.6121476776498611,0.7267131719327041,0.6781564678543764,0.6702539819199311,0.1334077554375161,0.1511107861416785,0.1483582480050424,0.1909750301703223,1,1,0,0,2,1,3,3,1594.9,253.9,-3,0
c44c5a58-485a-449c-806a-975d6d3cf059,2024-09-15 22:00:00+00:00,2024-09-15,2024,0,d6a012ed-84aa-48d3-8265-2d3f3ff2199a,0a5ad38d-2fe3-43ba-894b-1ba3d5042ea9,d6a012ed-84aa-48d3-8265-2d3f3ff2199a,0a5ad38d-2fe3-43ba-894b-1ba3d5042ea9,1598.4516182627908,1272.2160973132586,0.883074665001061,2.021874186670977,1,31.29674554772179,0.6596879331461519,0,0,0,1,30.566666666666663,1,0,28.55936987664727,0.6100301995526134,0,0,0,1,11.966666666666669,1,0,31.045078340183885,0.4994532300487903,0,0,0,1,34.35,1,0,32.08994069014044,0.466169058363817,0,0,0,1,35.45,1,0,21.070299248539666,0.3817353891885089,0,0,0,1,32.05,1,0,18.2582030115305,0.436804494986445,0,0,0,1,9.866666666666667,1,0,14.196652142223543,0.3701596905567998,0,0,0,1,28.03333333333333,1,0,30.73183891514349,0.5852246301613766,0,0,0,1,28.016666666666666,2,0,31.487929590370868,0.4008778213751308,0,0,0,1,33.11666666666667,2,0,21.68037420693974,0.5449981707586316,0,0,0,1,40.0,2,0,27.111440845540034,0.4334603019500589,0,0,0,1,35.483333333333334,2,0,14.63603213857322,0.4413876195478147,0,0,0,1,11.983333333333333,2,0,17.73824549048712,0.3584064632616441,0,0,0,1,26.33333333333333,2,0,14.349459888202558,0.3906820865976124,0,0,0,1,6.883333333333333,2,0,3.41106193836488,-12.533819688644368,0.467650366173891,0.4706063606200276,0.1372120431731998,0.1758256973509531,0.2064249331723936,0.1791275226350731,0.2239508434091903,0.2763809930733152,0.2928030303030303,0.3368852459016393,0.3102349661489446,0.3154785348562426,0.7071969696969697,0.6631147540983606,0.6897650338510554,0.6845214651437573,0.1416935446173982,0.1742399789597006,0.1790856099445185,0.1486432921336168,1,3,0,0,2,1,2,3,1670.8,961.9,-2,0
60236ed2-fd09-4a96-89ea-361c4184766c,2024-09-17 23:00:00+00:00,2024-09-17,2024,0,a015b02d-845c-40c1-8ef4-844984f47e4d,6f017f37-be96-4bdc-b6d3-0a0429c72e89,a015b02d-845c-40c1-8ef4-844984f47e4d,6f017f37-be96-4bdc-b6d3-0a0429c72e89,1628.7080968111711,1677.6060476386888,0.4656622202419229,-0.1375676633213671,0,31.24525339602644,0.6097284125958208,0,0,0,1,32.21666666666667,1,0,28.00627620314436,0.5915950679967685,0,0,0,1,30.383333333333333,1,0,30.865501558032665,0.4957875011905586,0,0,0,1,36.083333333333336,1,0,28.587533109028737,0.44555520831151,0,0,0,1,27.566666666666663,1,0,28.41537692043078,0.401276486457629,0,0,0,1,24.433333333333334,1,0,26.540686725800708,0.3258528838413024,0,0,0,1,31.266666666666666,1,0,13.028237261434166,0.3801796831266971,0,0,0,1,5.833333333333333,1,0,30.323469483135327,0.7340886959045732,0,0,0,1,32.983333333333334,1,0,26.66363465933055,0.5284628147032067,0,0,0,1,29.28333333333333,1,0,23.04033374833765,0.565281292774578,0,0,0,1,24.48333333333333,1,0,30.29397982611492,0.4262829367717007,0,0,0,1,33.43333333333333,1,0,30.293108643896268,0.3892997252700985,0,0,0,1,37.3,1,0,18.78744971629698,0.5712566008067423,0,0,0,1,19.666666666666668,1,0,12.825348252220545,0.4659467189284605,0,0,0,1,2.7333333333333334,1,0,6.538970861540902,9.45468061100807,0.486159360140147,0.5171912082840787,0.1604255578122307,0.164226261186435,0.2143583162441017,0.2280901566107053,0.3034103845580301,0.2164180861944692,0.273890443822471,0.3744167962674961,0.3299916457811194,0.3262195121951219,0.726109556177529,0.6255832037325039,0.6700083542188805,0.6737804878048781,0.1504233257229832,0.1594134061627976,0.1884262012549609,0.1701168154591145,1,1,0,0,2,2,3,3,2326.0,113.0,3,0
735f832b-7b1e-4fa4-8d31-8a385d6623ea,2024-09-17 23:00:00+00:00,2024-09-17,2024,0,5c0d47fe-8539-47b0-9f36-d0b3609ca89b,08ed8274-e29f-4248-bc2e-83cc8ed18d75,5c0d47fe-8539-47b0-9f36-d0b3609ca89b,08ed8274-e29f-4248-bc2e-83cc8ed18d75,1470.7384253652565,1743.224743692021,0.1939343066707907,-1.4246457682479703,0,27.828474730158668,0.4408579104652445,0,0,0,1,40.91666666666666,1,0,25.146075558899145,0.4816905582255928,0,0,0,1,32.05,1,0,19.298660799326893,0.4905771212664967,0,0,0,1,32.31666666666667,1,0,15.774039264754457,0.5815048954172733,0,0,0,1,26.5,1,0,17.56213694791061,0.4864805452691613,0,0,0,0,0.0,3,0,21.839762995363085,0.3296053828547692,0,0,0,1,26.1,1,0,20.69404132327532,0.300451142684574,0,0,0,1,14.166666666666666,1,0,30.91596294108629,0.7558483866891257,0,0,0,1,36.333333333333336,1,0,26.10295971459245,0.7108435880725571,0,0,0,1,22.866666666666667,1,0,28.44983014787221,0.5496930398397928,0,0,0,1,32.516666666666666,1,0,23.57191949410506,0.4200409791627755,0,0,0,1,27.466666666666665,1,0,19.155163608394787,0.4533430305972538,0,0,0,1,14.65,1,0,18.77222441217431,0.4190088078995549,0,0,0,1,23.6,1,0,12.145078318609023,0.5583673871410996,0,0,0,1,17.133333333333333,1,0,2.2551678821559062,11.351786741741888,0.5034177169394967,0.5081462188872191,0.1913566266260146,0.162138169568518,0.207079853198096,0.2662897410973419,0.2138143538982813,0.260522529412074,0.3938799529227147,0.4257274119448698,0.3522364217252396,0.314679954005366,0.6061200470772852,0.5742725880551302,0.6477635782747604,0.6853200459946339,0.1792062132641927,0.1530284446001986,0.1776209210830826,0.1556176185179049,1,1,0,0,2,1,3,3,0.0,204.3,0,0
4187dcb3-15f4-4741-b48d-70e9f7084f0e,2024-09-17 23:30:00+00:00,2024-09-17,2024,0,5d70a9af-8c2b-4aec-9e68-9acc6ddb93e4,3c409388-ab73-4c7f-953d-3a71062240f6,5d70a9af-8c2b-4aec-9e68-9acc6ddb93e4,3c409388-ab73-4c7f-953d-3a71062240f6,1404.468654303019,1349.8370466253152,0.6126336844821274,0.4583963819245779,1,30.17017136285345,0.5985854247718408,0,0,0,1,40.96666666666667,1,0,34.845034906541514,0.4390173658278963,0,0,0,1,41.06666666666667,1,0,31.80114423658548,0.4462852619033275,0,0,0,1,44.38333333333333,1,0,27.534332900968664,0.4389129616524435,0,0,0,1,36.333333333333336,1,0,26.39196281618485,0.426187423501542,0,0,0,1,35.35,1,0,10.37992454678055,0.338088156386368,0,0,0,1,6.383333333333334,1,0,11.973311876208168,0.2603967342044626,0,0,0,1,8.6,1,0,27.11481335256809,0.5512592403946601,0,0,0,1,9.0,1,0,21.62660789718068,0.5846297503288252,0,0,0,0,0.0,9,0,21.872668556477468,0.5629040249663447,0,0,0,1,34.0,1,0,26.06045233562257,0.3671866414917524,0,0,0,1,26.05,1,0,24.031713932910463,0.3030516835625921,0,0,0,1,40.0,1,0,16.94509564384257,0.4140163942341629,0,0,0,1,31.0,1,0,16.009664064606692,0.3174080346595428,0,0,0,1,19.95,1,0,-4.307609667089591,-8.183646001025792,0.4276466041056058,0.4565487947892717,0.1554533114003713,0.1709064579344899,0.2680773206470884,0.2849143355315874,0.2755289557014894,0.2412879949532079,0.2874182377837629,0.2074349442379182,0.3453768453768454,0.3270882123341139,0.712581762216237,0.7925650557620818,0.6546231546231546,0.672911787665886,0.1519202722411278,0.153153663231797,0.1509411625429146,0.1523836316535968,1,1,0,0,2,2,3,3,549.4,592.7,0,1
15ff444e-7cca-4097-98ac-c8f2549ff082,2024-09-18 02:00:00+00:00,2024-09-18,2024,0,d6a012ed-84aa-48d3-8265-2d3f3ff2199a,171b097d-01db-4ae8-9d56-035689402ec6,d6a012ed-84aa-48d3-8265-2d3f3ff2199a,FR_LVA_ACES,1599.9120571984647,1676.0680589360722,0.4269080272561546,-0.2944776175454817,0,31.279768370672457,0.6646828223942245,0,0,0,1,31.116666666666667,2,0,25.866897133745205,0.6100301995526134,0,0,0,0,0.0,4,0,31.31580116534722,0.500237255350145,0,0,0,1,33.916666666666664,2,0,29.06461866788544,0.466169058363817,0,0,0,0,0.0,4,0,22.402395660434863,0.4151493416945842,0,0,0,1,35.2,2,0,18.93307673443674,0.4417820211576115,0,0,0,1,25.416666666666668,2,0,15.087879138693356,0.3734585055962138,0,0,0,1,23.65,2,0,32.266495758084474,0.9787328194662902,9,9,0,1,35.4,2,1,29.39821041205546,0.5151736558701382,0,0,0,1,28.516666666666666,2,0,29.82500940996684,0.4256406818347729,13,13,0,1,25.55,2,1,25.202093322875623,0.4635219594479475,0,0,0,1,24.616666666666667,2,0,21.2488697320354,0.465774876370964,0,0,0,1,19.366666666666667,2,0,22.118804828287026,0.3506111346664052,0,0,0,1,15.7,2,0,16.718708414806613,0.3759142764032544,0,0,0,1,23.166666666666668,2,0,3.3202375538269937,7.954863567055538,0.470700171113421,0.5080204210022256,0.1418814859779535,0.1317300360248614,0.2174651143123626,0.1411533056932489,0.2320499642286072,0.2430917409607045,0.2932497233493176,0.3864864864864865,0.3076625386996904,0.3212396069538926,0.7067502766506824,0.6135135135135135,0.6923374613003096,0.6787603930461074,0.1423473388719044,0.1322830498126488,0.1786547411782109,0.1477520783985881,1,1,0,0,2,2,3,3,0.0,877.2,0,0
f3555981-c295-4028-92f5-31cee8d4f701,2024-09-18 02:30:00+00:00,2024-09-18,2024,0,0a5ad38d-2fe3-43ba-894b-1ba3d5042ea9,0699edf3-5993-4182-b9b4-ec935cbd4fcc,0a5ad38d-2fe3-43ba-894b-1ba3d5042ea9,0699edf3-5993-4182-b9b4-ec935cbd4fcc,1270.7556583775847,1413.1887248880882,0.3371548526894136,-0.6759990709291597,0,31.27249746163476,0.5905615929757606,0,0,0,1,36.46666666666667,2,0,32.07986591497439,0.4015680367781927,0,0,0,1,37.766666666666666,2,0,27.99970234498861,0.4386251567980304,0,0,0,1,36.53333333333333,2,0,21.512527050470407,0.5386817062413899,0,0,0,1,19.9,2,0,18.201307707679224,0.3596848597937075,0,0,0,1,22.65,2,0,13.759007782758667,0.4499569945128979,0,0,0,1,5.333333333333333,2,0,14.544348568484969,0.3831517317744144,0,0,0,1,16.416666666666668,2,0,28.343227024318047,0.7185019682673831,0,0,0,1,32.7,2,0,31.565009766957782,0.4470347913662037,0,0,0,1,36.16666666666666,2,0,27.256450403717345,0.4844939956571419,0,0,0,1,28.633333333333333,2,0,26.942280682301924,0.477193688572629,0,0,0,0,0.0,9,0,29.426854144693813,0.387101297736423,0,0,0,1,35.45,2,0,18.30724562802176,0.4575520866979284,0,0,0,1,11.866666666666667,2,0,14.112430744411332,0.5810195736012358,0,0,0,1,22.616666666666667,2,0,-11.582935131602085,-6.44183532778003,0.4707945719268813,0.4925250122308178,0.1770374827511965,0.1664792707985971,0.1982868704235899,0.1875399970157428,0.2761539388576423,0.2614551509948065,0.3334659769200159,0.3927157561361837,0.3153256704980843,0.3785081240768094,0.6665340230799841,0.6072842438638163,0.6846743295019158,0.6214918759231906,0.1739377889283806,0.1599653358975272,0.1491187113341893,0.140780588302621,1,1,0,0,1,2,3,2,961.9,1744.0,0,-2
3f34d770-c522-425b-b460-b4079537d9fe,2024-09-19 23:00:00+00:00,2024-09-19,2024,0,a015b02d-845c-40c1-8ef4-844984f47e4d,3c409388-ab73-4c7f-953d-3a71062240f6,a015b02d-845c-40c1-8ef4-844984f47e4d,3c409388-ab73-4c7f-953d-3a71062240f6,1622.6157430249118,1331.3859208840677,0.8606099406986112,1.8203651860541648,1,31.73593783428394,0.6158149022631649,0,0,0,1,36.45,1,0,28.055965218102152,0.5867994888692645,0,0,0,1,28.53333333333333,1,0,30.96145900820377,0.4895544097801135,0,0,0,1,31.883333333333333,1,0,28.70655386149765,0.444598717662039,0,0,0,1,29.85,1,0,28.949731082151125,0.4007461443727718,0,0,0,1,34.083333333333336,1,0,26.93752535725752,0.3282394167134316,0,0,0,1,30.75,1,0,12.353070627644133,0.3778327351546546,0,0,0,1,5.866666666666667,1,0,24.55852810551988,0.5512592403946601,0,0,0,0,0.0,3,0,19.58773055023322,0.5846297503288252,0,0,0,0,0.0,11,0,19.810593512202708,0.5629040249663447,0,0,0,0,0.0,3,0,26.474282804959003,0.3688787584748477,0,0,0,1,30.45,1,0,18.42726775188917,0.4132751583901967,0,0,0,1,32.666666666666664,1,0,25.035909579637817,0.2879048415884764,0,0,0,1,34.68333333333333,1,0,18.193196638348887,0.3012828394133208,0,0,0,1,35.81666666666667,1,0,5.669123736833127,-9.235629014255323,0.4881784196150442,0.456781430948377,0.1644339152324465,0.1721515811950885,0.217004268923405,0.274690656403002,0.2905186879003023,0.2432684661413776,0.2746396571873782,0.2093784078516903,0.3270951993490643,0.3250762195121951,0.7253603428126217,0.7906215921483097,0.6729048006509357,0.6749237804878049,0.1512745313967102,0.1535507575170704,0.1881411887209949,0.1512880937128214,1,1,0,0,2,2,3,3,0.0,866.0,0,0
8d33a692-2aba-4d75-8008-2303840342d2,2024-09-19 23:00:00+00:00,2024-09-19,2024,0,5c0d47fe-8539-47b0-9f36-d0b3609ca89b,f073a15f-0486-4179-b0a3-dfd0294eb595,5c0d47fe-8539-47b0-9f36-d0b3609ca89b,f073a15f-0486-4179-b0a3-dfd0294eb595,1462.5363430231123,1505.0628559557165,0.4747986936185853,-0.100890718526953,1,27.51310705674686,0.449313070978889,0,0,0,1,24.48333333333333,1,0,24.550933353426288,0.4702334130404385,0,0,0,1,18.83333333333333,1,0,16.703537382484672,0.583369293907709,0,0,0,1,25.633333333333333,1,0,19.32392741045546,0.4840138696824455,0,0,0,1,19.566666666666663,1,0,15.90644302876614,0.4864805452691613,0,0,0,0,0.0,5,0,21.818730290977413,0.3215607256564221,0,0,0,1,21.616666666666667,1,0,20.63646601177884,0.2966455449528217,0,0,0,1,20.08333333333333,1,0,36.11346754159008,0.5702513724273166,0,0,0,1,35.833333333333336,3,0,31.635956213276785,0.649984841103625,0,0,0,1,31.0,3,0,34.471848067710376,0.4411634479905456,0,0,0,1,30.016666666666666,3,0,22.884244505978497,0.5311254578098177,0,0,0,1,19.183333333333334,3,0,26.06898144567889,0.3326170508993593,0,0,0,1,28.866666666666667,3,0,11.418772236562416,0.4863687321964407,112,14,0,1,17.8,3,1,9.108486827732593,0.4761037370368813,0,0,0,1,12.016666666666667,3,0,0.0208121051931025,0.1826579197716919,0.4984589660080826,0.5287306128486579,0.1925424451486253,0.1752403223667058,0.1954134847451525,0.2399411460611923,0.2230214803962133,0.2557500420266498,0.3946360153256705,0.3787822189017557,0.3540131834044203,0.3586482558139535,0.6053639846743295,0.6212177810982443,0.6459868165955797,0.6413517441860465,0.1796420888827863,0.1668161937871481,0.1763181613339342,0.1324291937777877,1,3,0,0,2,1,3,2,3.9,491.6,0,0
f75aec20-78e4-4850-88a7-e0b892e947eb,2024-09-19 23:00:00+00:00,2024-09-19,2024,0,08ed8274-e29f-4248-bc2e-83cc8ed18d75,5d70a9af-8c2b-4aec-9e68-9acc6ddb93e4,08ed8274-e29f-4248-bc2e-83cc8ed18d75,5d70a9af-8c2b-4aec-9e68-9acc6ddb93e4,1751.4268260341653,1422.9197800442666,0.8844180581776195,2.034950135911752,0,30.417935978616345,0.7555821064892171,0,0,0,1,25.633333333333333,1,0,25.87484620551696,0.7086632658647758,0,0,0,1,23.683333333333334,1,0,28.39642290399131,0.54653356144983,0,0,0,1,27.883333333333333,1,0,23.320020714819,0.4253869511440359,0,0,0,1,20.9,1,0,19.39665273070546,0.4523187296686591,0,0,0,1,21.716666666666665,1,0,19.29179156710368,0.4229428503228528,0,0,0,1,24.28333333333333,1,0,12.381233156036458,0.5725666746247199,0,0,0,1,14.65,1,0,30.386676525132103,0.6036837875799377,0,0,0,1,32.46666666666667,1,0,34.71194485506657,0.4345031943070107,0,0,0,1,33.43333333333333,1,0,31.98173267231383,0.4462439160548453,0,0,0,1,33.71666666666667,1,0,27.430534696084983,0.4413196530101289,0,0,0,1,26.433333333333334,1,0,27.062082516150845,0.439188900663099,0,0,0,1,33.5,1,0,10.663074921894331,0.3373085597544101,0,0,0,1,13.383333333333333,1,0,12.095964342841278,0.2559465378666161,0,0,0,1,11.933333333333334,1,0,12.303328696236315,-2.0779968407274336,0.5080067321253352,0.4367486962389816,0.1607165440786545,0.1517885073523216,0.2709563945055483,0.2648017848342863,0.2548166871096237,0.2951706771765477,0.4253814663193152,0.286358511837655,0.3172284644194756,0.3442125237191651,0.5746185336806848,0.713641488162345,0.6827715355805244,0.6557874762808349,0.152367957246006,0.1508491621374252,0.1566448575483781,0.1514083286138625,1,1,0,0,2,2,3,3,204.3,753.7,0,0
358cd10a-011d-4c02-948f-b139633e1020,2024-09-20 00:00:00+00:00,2024-09-20,2024,0,6f017f37-be96-4bdc-b6d3-0a0429c72e89,0a5ad38d-2fe3-43ba-894b-1ba3d5042ea9,6f017f37-be96-4bdc-b6d3-0a0429c72e89,0a5ad38d-2fe3-43ba-894b-1ba3d5042ea9,1683.698401424948,1265.0025822267876,0.9278497088719634,2.554118447773664,0,31.13988971490545,0.7358754426430497,0,0,0,1,38.98333333333333,2,0,27.16358508527342,0.5277084910452843,0,0,0,1,31.966666666666665,2,0,23.52833944842783,0.5661850953539046,0,0,0,1,28.216666666666665,2,0,30.97962209239824,0.423412834768657,0,0,0,1,37.56666666666667,2,0,30.667721134117816,0.3882567448044516,0,0,0,1,34.266666666666666,2,0,18.222974896640387,0.5755006249461496,0,0,0,1,12.8,2,0,11.616221414461885,0.4659467189284605,0,0,0,0,0.0,4,0,30.704718468971908,0.5954156091213212,0,0,0,1,25.25,1,0,30.91273751960645,0.39768882328277,0,0,0,1,19.7,1,0,26.224192750449305,0.4324680248796452,0,0,0,1,9.166666666666666,1,0,20.74613645432985,0.5238800290800002,0,0,0,1,13.383333333333333,1,0,15.368712630832002,0.4704393308544831,0,0,0,1,30.83333333333333,1,0,17.754943099306836,0.3542208395436764,0,0,0,1,13.466666666666669,1,0,14.965982331027751,0.3881843425352192,0,0,0,1,19.016666666666666,1,0,8.816704879843755,-12.07631954101143,0.5170435519060562,0.4633252174689197,0.1667078518535108,0.1815804465390425,0.2260921012009612,0.2324798357806018,0.2151648627374306,0.272836346737053,0.3706373292867981,0.3355161787365177,0.3256505576208178,0.3182498130142109,0.6293626707132018,0.6644838212634823,0.6743494423791822,0.681750186985789,0.1598461770122664,0.1740935323830845,0.1704602707211393,0.1488976449687969,1,1,0,0,2,2,3,2,1090.0,1522.4,-1,2
25e26b25-3a53-4e14-beaa-b7cf154f8806,2024-09-20 02:00:00+00:00,2024-09-20,2024,0,171b097d-01db-4ae8-9d56-035689402ec6,5f0b5caf-708b-4300-92f2-53b51d83ec06,FR_LVA_ACES,5f0b5caf-708b-4300-92f2-53b51d83ec06,1693.5666740828513,1320.4296302086047,0.908200728212314,2.2918610554838894,1,32.51320161589546,0.969216997391251,11,11,0,1,34.88333333333333,1,1,29.37795258843986,0.5195247119776395,0,0,0,1,29.183333333333334,1,0,30.03791591436699,0.4306920584794453,0,0,0,1,32.083333333333336,1,0,25.63556711645143,0.4637388071603383,0,0,0,1,29.8,1,0,21.17826903775543,0.4699233690306406,0,0,0,1,20.5,1,0,22.137458517391465,0.3471238273410102,0,0,0,1,22.316666666666663,1,0,16.45454218621242,0.3732866947960183,0,0,0,1,13.916666666666666,1,0,41.26739781190203,0.5084956588268474,0,0,0,1,38.016666666666666,4,0,27.95003808858023,0.6621236430147787,0,0,0,1,28.916666666666668,4,0,28.91440796184116,0.5608810188080793,0,0,0,1,34.93333333333333,4,0,27.81474754107164,0.5686719618903456,0,0,0,1,37.266666666666666,4,0,27.987538089841905,0.2916930196718852,0,0,0,1,31.0,4,0,13.303112843610013,0.5545390267806338,0,0,0,1,11.066666666666666,4,0,13.282098989302389,0.4374175474660241,0,0,0,1,5.116666666666666,4,0,8.940705819212997,-9.649678625890695,0.5174775548038183,0.4846505512994004,0.1332948255538908,0.1690548399069114,0.1379469252271771,0.2959919296883165,0.2421717540469768,0.2634320553998303,0.3852830188679245,0.26957776975821,0.3170911775562938,0.3279883381924198,0.6147169811320755,0.73042223024179,0.6829088224437062,0.6720116618075802,0.1325150359223982,0.1655021220989881,0.1475679663999091,0.147416363216317,1,3,0,0,2,1,3,3,877.2,1594.9,0,-3
a8477eb2-d85e-477c-838d-8a7ad399c8aa,2024-09-20 02:00:00+00:00,2024-09-20,2024,0,0699edf3-5993-4182-b9b4-ec935cbd4fcc,d6a012ed-84aa-48d3-8265-2d3f3ff2199a,0699edf3-5993-4182-b9b4-ec935cbd4fcc,d6a012ed-84aa-48d3-8265-2d3f3ff2199a,1418.9418010388854,1582.4134420516857,0.3106447335416625,-0.7971068409962427,0,27.0271393998666,0.726140398529706,0,0,0,1,14.383333333333333,1,0,31.76157500617455,0.4505882267603501,0,0,0,1,33.65,1,0,26.75617770388956,0.4822912395080914,0,0,0,1,21.95,1,0,24.40226118320117,0.477193688572629,5,1,3,0,0.0,11,1,29.43532134016863,0.3883736424272243,0,0,0,1,29.516666666666666,1,0,14.6580615666471,0.5842679773928257,0,0,0,1,19.9,1,0,18.16200548863308,0.4599404511309697,0,0,0,1,16.766666666666666,1,0,31.361810619927105,0.6621455404274009,0,0,0,1,32.15,1,0,31.64584993671652,0.5035416034856036,0,0,0,1,34.81666666666667,1,0,23.42826085511325,0.6100301995526134,0,0,0,0,0.0,6,0,26.324512920310344,0.466169058363817,0,0,0,0,0.0,6,0,23.93730280658345,0.4129168376703795,0,0,0,1,38.68333333333333,1,0,18.98809545481985,0.4381726018359666,0,0,0,1,19.516666666666666,1,0,16.234479328276848,0.3717964765326369,0,0,0,1,27.25,1,0,-4.24914160697596,1.2714200829388114,0.4954393283061831,0.4727142267317478,0.1651629140638228,0.1423621763606982,0.1898574239038272,0.208747842151574,0.2692136078089712,0.2266340914029192,0.3938223938223938,0.2898341744772891,0.3790756001433178,0.3082450832072617,0.6061776061776062,0.7101658255227109,0.6209243998566822,0.6917549167927383,0.1594716308361986,0.1422854602045353,0.141961958631398,0.1778794762159273,1,1,0,0,2,2,3,3,358.3,1116.2,0,0
9f959f32-b9c5-490e-88f3-b6eb6a4db589,2024-09-22 17:00:00+00:00,2024-09-22,2024,1,08ed8274-e29f-4248-bc2e-83cc8ed18d75,5d70a9af-8c2b-4aec-9e68-9acc6ddb93e4,08ed8274-e29f-4248-bc2e-83cc8ed18d75,5d70a9af-8c2b-4aec-9e68-9acc6ddb93e4,1725.687716986798,1448.658889091634,0.8505114015296626,1.738617691914673,1,29.10109015675605,0.7559827437196054,0,0,0,1,16.45,2,0,26.30931748521444,0.7059563426313393,0,0,0,1,30.48333333333333,2,0,27.815389402456344,0.5413956063184812,0,0,0,1,22.23333333333333,2,0,22.12710886038773,0.4238297397000179,0,0,0,1,10.666666666666666,2,0,19.117281836305526,0.4399202613398489,0,0,0,1,16.433333333333334,2,0,19.85193835344677,0.4202639845307522,0,0,0,1,25.23333333333333,2,0,13.234631991468047,0.5740176198955348,0,0,0,1,21.433333333333334,2,0,29.625865566321835,0.6071396762509778,0,0,0,1,22.316666666666663,2,0,33.32181405805488,0.4400555218140163,0,0,0,1,19.966666666666665,2,0,31.34866085507541,0.451144955110589,0,0,0,1,25.266666666666666,2,0,26.84157144299923,0.4429424701128563,0,0,0,1,21.183333333333334,2,0,26.94309800113156,0.436175685284542,0,0,0,1,25.8,2,0,10.666556082954903,0.337880069568139,0,0,0,1,10.7,2,0,13.108244146711222,0.2598307863538763,0,0,0,1,22.83333333333333,2,0,9.966765250048946,-0.7054402135629878,0.5041093422348017,0.4465132625387499,0.1667981861603212,0.1582818920275583,0.2696541048194402,0.2701403507789052,0.2575051320230776,0.2916724442797546,0.4222788496541682,0.284612559676827,0.3147877013177159,0.3428571428571428,0.5777211503458318,0.7153874403231729,0.6852122986822841,0.6571428571428571,0.1535138856501993,0.1519580805295091,0.157636355447462,0.1525955343946385,2,2,0,0,1,1,3,3,0.0,0.0,0,0
73f6c803-6dda-4755-bc00-359f5a82ed23,2024-09-22 19:00:00+00:00,2024-09-22,2024,1,a015b02d-845c-40c1-8ef4-844984f47e4d,f073a15f-0486-4179-b0a3-dfd0294eb595,a015b02d-845c-40c1-8ef4-844984f47e4d,f073a15f-0486-4179-b0a3-dfd0294eb595,1633.2954063027462,1499.5381714511816,0.7137934957850645,0.9138801059354186,1,30.79450020637924,0.6210119317414432,0,0,0,1,21.75,2,0,27.24462635186721,0.5824536494120957,0,0,0,1,19.45,2,0,30.317728339631447,0.4889876010247022,0,0,0,1,24.133333333333333,2,0,28.457674970012345,0.4485053807055231,0,0,0,1,26.066666666666663,2,0,28.902618266872484,0.4065703715997577,0,0,0,1,28.45,2,0,26.87427925811189,0.3348108466944718,0,0,0,1,26.266666666666666,2,0,12.937294421685213,0.3851857247693951,0,0,0,1,18.55,2,0,34.573922326357,0.5732156126657106,0,0,0,1,19.78333333333333,2,0,30.31112642067453,0.6518277032782238,0,0,0,1,17.583333333333332,2,0,31.655639690221346,0.4432203511727946,0,0,0,1,4.6,2,0,22.65161030914459,0.537405111399331,0,0,0,1,20.416666666666668,2,0,25.63509207240955,0.3239215332903966,0,0,0,1,21.466666666666665,2,0,11.756397267535675,0.4787646766415697,0,0,0,1,15.0,2,0,9.594781122015087,0.465559981005948,0,0,0,1,14.266666666666667,2,0,8.985871513026392,-0.0686349921985128,0.4933333292850372,0.5363334701669693,0.1622749678668528,0.1776637242472573,0.227971346855581,0.2286335343065555,0.2806381128931928,0.2537348813881723,0.2726583238528631,0.3772345859175483,0.3273809523809524,0.3616719801629472,0.7273416761471369,0.6227654140824517,0.6726190476190477,0.6383280198370528,0.1506756374738508,0.1674693520140105,0.1883086876155268,0.1329395193431095,2,2,0,0,1,1,3,2,0.0,315.9,0,0
15b57249-5451-4573-b786-b70382b81df8,2024-09-22 21:00:00+00:00,2024-09-22,2024,1,6f017f37-be96-4bdc-b6d3-0a0429c72e89,0699edf3-5993-4182-b9b4-ec935cbd4fcc,6f017f37-be96-4bdc-b6d3-0a0429c72e89,0699edf3-5993-4182-b9b4-ec935cbd4fcc,1647.176703398076,1402.534830150781,0.8252288581475298,1.5521833944655286,1,28.204135017358105,0.7358754426430497,0,0,0,0,0.0,4,0,27.12616507118101,0.5201725686120584,0,0,0,1,26.766666666666666,1,0,23.52252516454873,0.5650993081228131,0,0,0,1,23.466666666666665,1,0,28.05897683903801,0.423412834768657,0,0,0,0,0.0,4,0,30.57805920384108,0.3787187484054869,0,0,0,1,29.716666666666665,1,0,19.067724656933787,0.5625072362038043,0,0,0,1,27.183333333333334,1,0,15.417097746508638,0.3422840452667785,0,0,0,1,24.716666666666665,1,0,26.52491621729181,0.7273525451787236,0,0,0,1,21.7,1,0,30.677877168303485,0.4490819233719777,0,0,0,1,20.266666666666666,1,0,25.93224862717504,0.4808998354322009,0,0,0,1,18.016666666666666,1,0,24.486896709297017,0.4705134414379361,7,3,0,1,25.3,1,1,28.71077740526313,0.3896071747459786,0,0,0,1,21.75,1,0,15.00141017712006,0.5859693424267055,0,0,0,1,18.3,1,0,18.170301288729643,0.4524954153185844,0,0,0,1,18.25,1,0,6.169692196836612,-5.904405369514418,0.5011269473244826,0.489135267740822,0.173605506080515,0.1648889188448278,0.2200650208045514,0.1876710842885624,0.2218160038239843,0.2782514801269897,0.3714710252600297,0.3942706370147003,0.3299381593306656,0.381317532241199,0.6285289747399703,0.6057293629852997,0.6700618406693343,0.618682467758801,0.1612738940006111,0.1592644467537161,0.1720628945957479,0.1413849780488332,2,2,0,0,1,1,3,3,0.0,1278.1,0,2
8049589b-00ff-416d-a7a3-3778b10c380a,2024-09-23 02:00:00+00:00,2024-09-23,2024,1,171b097d-01db-4ae8-9d56-035689402ec6,d6a012ed-84aa-48d3-8265-2d3f3ff2199a,FR_LVA_ACES,d6a012ed-84aa-48d3-8265-2d3f3ff2199a,1696.722939973464,1598.82041293979,0.6698449370637656,0.7074838165975885,1,29.44797610450001,0.969216997391251,14,14,0,0,0.0,4,1,26.60830686697308,0.5195247119776395,0,0,0,0,0.0,4,0,27.20605126881159,0.4306920584794453,0,0,0,0,0.0,4,0,23.2187397841957,0.4637388071603383,0,0,0,0,0.0,4,0,21.599847447273483,0.4826864458876527,0,0,0,1,25.65,2,0,22.405757167002093,0.3465244422416912,0,0,0,1,24.98333333333333,2,0,16.52796376186669,0.3750951842376486,0,0,0,1,17.233333333333334,2,0,30.59705883849525,0.6662935863485586,0,0,0,1,23.25,2,0,31.019303556830938,0.5087902030107921,0,0,0,1,25.0,2,0,21.21953026902382,0.6100301995526134,2,2,0,0,0.0,9,1,23.84273430214604,0.466169058363817,7,2,3,0,0.0,9,1,24.130195067449616,0.4234483944493299,0,0,0,1,25.98333333333333,2,0,18.85565962942524,0.4325859453717459,0,0,0,1,17.583333333333332,2,0,17.040433958616397,0.3783271042481566,0,0,0,1,24.78333333333333,2,0,9.574801271849571,3.207412519605988,0.5221149240283605,0.4783083068806434,0.1351402294340291,0.1416620836488742,0.1511296656285017,0.2163583787401027,0.2394529734136786,0.2149372274803775,0.3882568807339449,0.2945301542776998,0.3163008276358402,0.3106760251200591,0.6117431192660551,0.7054698457223001,0.6836991723641598,0.6893239748799409,0.1326305243744165,0.1416990885741224,0.1474346916872282,0.177249051228238,2,2,0,0,1,1,3,3,0.0,253.9,0,0
eb2ce690-caf8-4096-8ac7-fabc81acf690,2024-09-24 23:30:00+00:00,2024-09-24,2024,1,08ed8274-e29f-4248-bc2e-83cc8ed18d75,5d70a9af-8c2b-4aec-9e68-9acc6ddb93e4,08ed8274-e29f-4248-bc2e-83cc8ed18d75,5d70a9af-8c2b-4aec-9e68-9acc6ddb93e4,1731.1457474226593,1443.200858655773,0.8583260306957236,1.801455589508282,1,29.369674937619585,0.7593104437068972,0,0,0,1,31.95,1,0,25.86376901662824,0.7050417529671918,0,0,0,1,21.58333333333333,1,0,27.681951675953066,0.545419689514809,0,0,0,1,26.4,1,0,22.432522499768968,0.4359251814500973,0,0,0,1,25.366666666666667,1,0,20.77880624732469,0.4159077118124151,0,0,0,1,29.683333333333334,1,0,18.837537377682377,0.4397981669475617,0,0,0,1,16.15,1,0,13.489055665225186,0.5621450878729934,0,0,0,1,15.933333333333334,1,0,29.10176466443422,0.6044326323492812,0,0,0,1,24.066666666666663,1,0,32.70539005404706,0.4369192197754732,0,0,0,1,26.78333333333333,1,0,31.106811176362616,0.4553346235901681,0,0,0,1,28.78333333333333,1,0,26.11015318225181,0.4434702891466464,0,0,0,1,19.08333333333333,1,0,26.24924635637157,0.4254069335991887,0,0,0,1,19.58333333333333,1,0,13.446861727417954,0.2644847495090014,0,0,0,1,16.7,1,0,10.690135592316064,0.3311312404155556,0,0,0,1,10.916666666666666,1,0,10.453082120585762,-2.0648808726006407,0.5030183737623198,0.4439305042960675,0.1679241729894567,0.1616746306075188,0.2619089168513845,0.2676667366013225,0.2585564625374743,0.2905165523358955,0.4203980099502487,0.2834109638122536,0.3128571428571428,0.3428674873280232,0.5796019900497512,0.7165890361877463,0.6871428571428572,0.6571325126719768,0.1538378202697578,0.1524865801052076,0.1580316282744921,0.1529472607035574,1,1,0,0,1,1,3,3,0.0,0.0,0,0
a696ada0-7a5a-4641-acc4-897f13083336,2024-09-25 01:30:00+00:00,2024-09-25,2024,1,171b097d-01db-4ae8-9d56-035689402ec6,d6a012ed-84aa-48d3-8265-2d3f3ff2199a,FR_LVA_ACES,d6a012ed-84aa-48d3-8265-2d3f3ff2199a,1707.9453217281591,1587.598031185095,0.6977668456750693,0.8366862612788353,1,30.11124380462885,0.961099039892598,0,0,0,1,36.48333333333333,1,0,26.88092509962808,0.5178639508456983,0,0,0,1,29.5,1,0,27.169341515329307,0.4201903360529369,0,0,0,1,26.816666666666663,1,0,24.092171716092643,0.4681365701315782,0,0,0,1,32.483333333333334,1,0,22.05238824091879,0.4976820093767177,0,0,0,1,26.4,1,0,22.458637659310035,0.3491816151149686,0,0,0,1,22.966666666666665,1,0,16.407482021194387,0.3788149012046558,0,0,0,1,15.25,1,0,31.412826424541933,0.6604310005489055,0,0,0,1,39.25,1,0,31.570571524544658,0.5082674804753944,0,0,0,1,36.86666666666667,1,0,19.219030709219137,0.6100301995526134,4,4,0,0,0.0,11,1,24.042970862824344,0.4619151487753884,9,4,0,1,25.966666666666665,1,1,25.3073738560966,0.4169223100292729,0,0,0,1,36.61666666666667,1,0,18.862982421612745,0.4362490069091597,0,0,0,1,18.933333333333334,1,0,18.43976812336426,0.3782455944635677,0,0,0,1,31.883333333333333,1,0,10.114809766576965,1.462343746024809,0.5186636863195644,0.4706484033098386,0.1334419607110489,0.1452890573865958,0.1525944371547077,0.2214409943261686,0.2319077852686469,0.2126971503862702,0.3851109520400859,0.2931506849315068,0.3143659992975061,0.3094380403458213,0.6148890479599141,0.7068493150684931,0.6856340007024938,0.6905619596541787,0.1320779899676339,0.1421146232506933,0.1477228535626323,0.1757380466224264,1,1,0,0,1,1,3,3,0.0,0.0,0,0
8a614423-04d0-4d9c-8b1b-0efbc52d92cf,2024-09-25 23:30:00+00:00,2024-09-25,2024,1,a015b02d-845c-40c1-8ef4-844984f47e4d,f073a15f-0486-4179-b0a3-dfd0294eb595,a015b02d-845c-40c1-8ef4-844984f47e4d,f073a15f-0486-4179-b0a3-dfd0294eb595,1651.580022517731,1481.2535552361967,0.7548020210610211,1.1243895295741255,1,31.37953198833288,0.6223598248409411,0,0,0,1,37.0,2,0,27.16814061887156,0.5727085989297038,0,0,0,1,26.433333333333334,2,0,30.338054788404065,0.499255312981581,0,0,0,1,30.53333333333333,2,0,28.7979174828749,0.4524698105499521,0,0,0,1,32.06666666666667,2,0,29.361182926848088,0.4075203314679994,0,0,0,1,33.766666666666666,2,0,24.69263567085669,0.3330512550616782,0,0,0,1,3.733333333333333,2,0,13.562287345172622,0.3913439832935113,0,0,0,1,19.566666666666663,2,0,30.53476939600783,0.6537159253588744,0,0,0,1,32.68333333333333,2,0,34.74293569367302,0.5671684182789547,0,0,0,1,36.36666666666667,2,0,32.15005876350708,0.4416304666530961,0,0,0,1,36.9,2,0,21.353587606465485,0.533248309222866,0,0,0,1,8.883333333333333,2,0,25.96646471227252,0.330457810183885,0,0,0,1,29.15,2,0,11.868925759477,0.4697657970664061,0,0,0,1,12.95,2,0,10.935568378422952,0.4627227270790684,0,0,0,1,23.816666666666663,2,0,10.650390893855754,-2.573838757103596,0.4991276651872794,0.5279832005249564,0.1595312384795287,0.1773550552301709,0.230808420585368,0.2237158028897575,0.2735524297505168,0.246699000385644,0.2719557195571955,0.3782051282051282,0.3297255508310784,0.3587707182320442,0.7280442804428044,0.6217948717948718,0.6702744491689215,0.6412292817679558,0.1499448732083792,0.1673492520076563,0.1876754173382779,0.1326613246952518,2,2,0,0,1,1,2,2,0.0,0.0,0,0
ced23a8f-10fc-4e17-88d6-b0e6a50dc803,2024-09-26 01:30:00+00:00,2024-09-26,2024,1,6f017f37-be96-4bdc-b6d3-0a0429c72e89,0699edf3-5993-4182-b9b4-ec935cbd4fcc,6f017f37-be96-4bdc-b6d3-0a0429c72e89,0699edf3-5993-4182-b9b4-ec935cbd4fcc,1651.0103071115398,1398.7012264373177,0.8315033400639462,1.5963193882808693,1,29.302064494398863,0.7421919950377839,0,0,0,1,39.85,3,0,26.97128491470577,0.5215833900163555,0,0,0,1,25.48333333333333,3,0,23.312993635953823,0.5658980462974075,0,0,0,1,21.3,3,0,28.696067074027912,0.4277788520955906,0,0,0,1,34.81666666666667,3,0,31.03579665776386,0.38285282837104,0,0,0,1,35.43333333333333,3,0,19.018915473357843,0.5674984800743842,0,0,0,1,18.55,3,0,15.641749039385084,0.3408734384945752,0,0,0,1,17.8,3,0,26.93895435712621,0.7145824809321318,0,0,0,1,30.916666666666668,3,0,31.38546407357037,0.4620522288787922,0,0,0,1,38.18333333333333,3,0,26.27174569794693,0.4815410497883683,0,0,0,1,29.53333333333333,3,0,25.32562015531954,0.468567931303074,11,7,0,1,33.38333333333333,3,1,28.71761771229752,0.3909940296413151,0,0,0,1,28.78333333333333,3,0,14.595888987123242,0.588189067914497,0,0,0,1,10.7,3,0,17.841562727065703,0.4518562702873177,0,0,0,1,14.683333333333334,3,0,6.224370600099656,-5.984094042776452,0.5071691595386036,0.4990775866457907,0.1684619884055498,0.1618623821209979,0.2181733641666298,0.1906010905804877,0.2350620964338406,0.2660330000741893,0.3708801159000362,0.3934726806013934,0.3308537017357421,0.3805309734513274,0.6291198840999638,0.6065273193986065,0.6691462982642579,0.6194690265486725,0.1600282532640245,0.1583533455242459,0.170872625137499,0.1406659065957267,2,2,0,0,1,1,2,2,0.0,0.0,0,0
a2fca831-2e07-40b2-870b-15c251b747a1,2024-09-29 19:00:00+00:00,2024-09-29,2024,1,08ed8274-e29f-4248-bc2e-83cc8ed18d75,171b097d-01db-4ae8-9d56-035689402ec6,08ed8274-e29f-4248-bc2e-83cc8ed18d75,FR_LVA_ACES,1734.7715686610793,1715.165343973357,0.5638431220704253,0.2567740700517309,1,30.18173908844991,0.7460330042269893,0,0,0,1,37.98333333333333,4,0,26.69681649545827,0.7097530579719056,0,0,0,1,34.7,4,0,28.75526088867732,0.555501417894334,0,0,0,1,39.06666666666667,4,0,22.347750240023824,0.4355510603853055,0,0,0,1,21.53333333333333,4,0,21.888551261566512,0.4097386217427513,0,0,0,1,32.55,4,0,18.54488439500399,0.4421803380555634,0,0,0,1,15.733333333333333,4,0,12.696594964559372,0.5643305094638986,0,0,0,1,5.083333333333333,4,0,30.727693779000123,0.9590311776021152,0,0,0,1,36.65,3,0,27.26297129880858,0.5164533453808585,0,0,0,1,30.933333333333334,3,0,27.83530877960047,0.430498153311832,0,0,0,1,34.233333333333334,3,0,24.80940988960884,0.4661512134839699,0,0,0,1,31.7,3,0,22.27842629208273,0.4985974299752089,0,0,0,1,24.45,3,0,21.5653406874726,0.3444014996741266,0,0,0,1,12.983333333333333,3,0,16.651895116566124,0.3763752411614816,0,0,0,1,19.0,3,0,10.569068621525078,9.95931002428916,0.5073812375452014,0.5190467863560302,0.1633819742027231,0.1399458201108592,0.2686425491193913,0.1667769793527452,0.2527704066728548,0.2328992383142021,0.418370883882149,0.3839160839160839,0.31239092495637,0.3141683778234086,0.581629116117851,0.6160839160839161,0.68760907504363,0.6858316221765913,0.1527117585407425,0.1332284148260704,0.1582702934706797,0.1457002586707491,4,4,0,0,0,0,2,2,0.0,2233.4,0,3
82a88c33-bfd1-4e17-9e62-2596ad512af2,2024-09-30 00:30:00+00:00,2024-09-30,2024,1,6f017f37-be96-4bdc-b6d3-0a0429c72e89,a015b02d-845c-40c1-8ef4-844984f47e4d,6f017f37-be96-4bdc-b6d3-0a0429c72e89,a015b02d-845c-40c1-8ef4-844984f47e4d,1656.8941774057937,1656.6694881399894,0.5362375973574585,0.1452049836971183,0,30.13150161590941,0.753330580728801,0,0,0,1,38.1,3,0,26.672307793372163,0.5204615515983979,0,0,0,1,23.8,3,0,23.91985100906601,0.5668403141403691,0,0,0,1,29.75,3,0,29.21652897468806,0.4259819276003575,0,0,0,1,34.21666666666667,3,0,31.508517375505555,0.386603346441645,0,0,0,1,36.05,3,0,18.1890717096256,0.5623110475437851,0,0,0,1,10.216666666666669,3,0,15.884502838107466,0.3519610235126633,0,0,0,1,18.216666666666665,3,0,32.19223812480306,0.6250248804535183,0,0,0,1,40.0,4,0,30.65972048068564,0.4986892697025922,0,0,0,1,33.75,4,0,25.88584349404777,0.5697763511169969,0,0,0,1,13.566666666666666,4,0,29.7754451620894,0.4492274179343024,0,0,0,1,39.16666666666666,4,0,28.96731057591499,0.4087943393776508,0,0,0,1,25.183333333333334,4,0,22.36470446014197,0.3330512550616782,0,0,0,0,0.0,7,0,14.546316647736,0.3940858587996606,0,0,0,1,24.0,4,0,7.312687913213784,10.552410836303991,0.5142323796342879,0.4946270282853421,0.1607394351221295,0.1537886868877421,0.2138593194819377,0.2308047259131044,0.2508932595037709,0.2778789607354072,0.3712871287128713,0.2717469446441409,0.3320650294015911,0.331580923770184,0.6287128712871287,0.728253055355859,0.6679349705984089,0.668419076229816,0.1582107895985165,0.1484621260206771,0.1708113408299084,0.1871241055358005,3,3,0,0,1,1,2,2,0.0,1090.0,0,-1
9473eb2b-c654-498c-8b98-223b6a177943,2024-10-01 23:30:00+00:00,2024-10-01,2024,1,08ed8274-e29f-4248-bc2e-83cc8ed18d75,171b097d-01db-4ae8-9d56-035689402ec6,08ed8274-e29f-4248-bc2e-83cc8ed18d75,FR_LVA_ACES,1749.370703916672,1700.5662087177643,0.6046439033866695,0.4248528261023893,1,30.711408140400177,0.7507985621452808,0,0,0,1,35.8,1,0,27.320911712721745,0.7064817600794345,0,0,0,1,33.31666666666667,1,0,29.65039010086299,0.5573415704110223,0,0,0,1,38.25,1,0,23.4887060015574,0.4280606667200463,0,0,0,1,34.45,1,0,21.80321063225007,0.4091855964551559,0,0,0,1,20.98333333333333,1,0,18.205971866848152,0.4426186996901937,0,0,0,1,14.95,1,0,11.972559465918115,0.5665453934609732,0,0,0,1,5.016666666666667,1,0,31.41958525091586,0.9512010141007564,0,0,0,1,38.06666666666667,1,0,27.84311914932641,0.5135465604184194,0,0,0,1,33.416666666666664,1,0,28.70246483053701,0.4311793726739368,0,0,0,1,37.03333333333333,1,0,24.96407871366139,0.4553143486112769,0,0,0,1,26.45,1,0,22.348024889490947,0.4937923943565915,0,0,0,1,23.016666666666666,1,0,21.865578698025505,0.3464956579017481,0,0,0,1,24.75,1,0,16.29660892064786,0.3699732479583179,0,0,0,1,12.883333333333333,1,0,10.7720564643265,7.820981864157306,0.512970450565315,0.515844015642237,0.1651993908322867,0.1393072009540799,0.2556128273224933,0.1573389459033072,0.265079400981385,0.2320489938591881,0.4162988115449915,0.3836692859583191,0.3137789904502046,0.3142186452045607,0.5837011884550085,0.6163307140416809,0.6862210095497954,0.6857813547954393,0.1532297307091016,0.13315649867374,0.1576434791732242,0.146370930268579,1,1,0,0,1,1,2,2,0.0,0.0,0,0
6ab1dce1-a415-4168-ab77-5b096e94a89f,2024-10-02 01:30:00+00:00,2024-10-02,2024,1,6f017f37-be96-4bdc-b6d3-0a0429c72e89,a015b02d-845c-40c1-8ef4-844984f47e4d,6f017f37-be96-4bdc-b6d3-0a0429c72e89,a015b02d-845c-40c1-8ef4-844984f47e4d,1648.484089334707,1665.0795762110758,0.5120927080039489,0.0483802665808649,1,30.793179925931163,0.7491983932891202,0,0,0,1,37.15,1,0,24.774322911606784,0.56392725548325,0,0,0,1,32.983333333333334,1,0,27.229577621722164,0.5104375413181793,0,0,0,1,32.583333333333336,1,0,30.09174060586666,0.4230602728545811,0,0,0,1,38.5,1,0,31.990094973069148,0.3878994761556394,0,0,0,1,36.61666666666667,1,0,17.500313465662206,0.5664574265057055,0,0,0,1,10.883333333333333,1,0,15.450721437096703,0.3507530971992264,0,0,0,1,11.283333333333331,1,0,32.78691080109246,0.6300510834696292,0,0,0,1,38.5,1,0,30.85521310216853,0.4965227526769223,0,0,0,1,32.733333333333334,1,0,25.145537609765167,0.5664971221328806,0,0,0,1,18.03333333333333,1,0,30.524114426809604,0.4472572529731773,0,0,0,1,37.71666666666667,1,0,30.007432108132075,0.4128183435750152,0,0,0,1,40.0,1,0,20.256242073819124,0.3330512550616782,88,1,2,0,0.0,9,1,15.729831914178645,0.3750469649068044,0,0,0,1,27.1,1,0,6.656688074303111,9.524154627546666,0.5085393875380503,0.4926195367509846,0.1615603845783621,0.1545489220910924,0.2115335099958054,0.2340008027194683,0.2460952294840893,0.255452603968563,0.3698582786035257,0.272313615680784,0.3310856372218476,0.3310117302052786,0.6301417213964743,0.727686384319216,0.6689143627781524,0.6689882697947214,0.1581461059157186,0.148393671338222,0.1702361899713554,0.1864090377538649,1,1,0,0,1,1,2,2,0.0,0.0,0,0
dbf27357-9bb9-4fdc-9f0e-3584c1030e7f,2024-10-04 23:30:00+00:00,2024-10-04,2024,1,a015b02d-845c-40c1-8ef4-844984f47e4d,6f017f37-be96-4bdc-b6d3-0a0429c72e89,a015b02d-845c-40c1-8ef4-844984f47e4d,6f017f37-be96-4bdc-b6d3-0a0429c72e89,1652.155610800702,1661.408054745081,0.5226470485750584,0.0906502195619019,0,33.46693442010306,0.6311615959119599,0,0,0,1,40.0,1,0,31.18468880507459,0.4983999878988207,0,0,0,1,34.35,1,0,31.230484797294583,0.4407276585037878,0,0,0,1,38.016666666666666,1,0,24.057066629813256,0.5621666147417193,0,0,0,1,13.6,1,0,30.146574667552457,0.4100332755664537,0,0,0,1,31.48333333333333,1,0,18.99235069510841,0.3304986949591222,90,3,0,1,6.85,1,1,16.269108401104425,0.3639514026588702,0,0,0,1,21.45,1,0,31.66116518629588,0.7418308521297748,0,0,0,1,40.0,1,0,24.83645199937906,0.5698435423839242,0,0,0,1,25.433333333333334,1,0,27.25821459717177,0.51039660491319,0,0,0,1,27.53333333333333,1,0,30.626751840452147,0.4203807572723223,0,0,0,1,35.766666666666666,1,0,31.568356544163404,0.3853660933803114,0,0,0,1,27.516666666666666,1,0,17.223739995108986,0.564088449781529,0,0,0,1,14.566666666666666,1,0,15.169395687704752,0.3502966470889064,0,0,0,1,12.466666666666669,1,0,6.941078776265915,7.714293366531359,0.4840305491414608,0.509254911431792,0.1579246190198305,0.165926417123878,0.2415697699968302,0.2239983961972886,0.2599380550988584,0.2441824778498303,0.2730071843995895,0.3685279187817258,0.3304659498207885,0.3304749340369393,0.7269928156004105,0.6314720812182741,0.6695340501792114,0.6695250659630607,0.1488232698011926,0.1586228953449983,0.1862773906473008,0.1701646336602088,2,2,0,0,1,1,2,2,1090.0,1090.0,1,1
8f018f45-f465-4f8b-98ff-ca9b446bb6b1,2024-10-05 01:30:00+00:00,2024-10-05,2024,1,171b097d-01db-4ae8-9d56-035689402ec6,08ed8274-e29f-4248-bc2e-83cc8ed18d75,FR_LVA_ACES,08ed8274-e29f-4248-bc2e-83cc8ed18d75,1693.5976755082904,1756.339237126146,0.4458981645732942,-0.217257892918976,1,31.96297030023211,0.946080849089807,0,0,0,1,37.18333333333333,3,0,28.15959357543058,0.5141998237797892,0,0,0,1,31.2,3,0,28.50582342256225,0.4232756471617604,0,0,0,1,26.616666666666667,3,0,26.04378674056605,0.4516957445774651,0,0,0,1,36.41666666666666,3,0,22.206796592068272,0.4976820346390391,0,0,0,1,20.85,3,0,23.072418365144387,0.3473075917239436,0,0,0,1,34.666666666666664,3,0,15.517577577098333,0.3700034997618603,0,0,0,1,8.033333333333333,3,0,31.32312880501029,0.7438251953083876,0,0,0,1,37.2,3,0,27.92230878178337,0.7031749859911494,0,0,0,1,33.7,3,0,30.36842474743964,0.5620581546076185,0,0,0,1,37.266666666666666,3,0,23.689322335654435,0.4244368452730001,0,0,0,1,25.616666666666667,3,0,22.132875120682463,0.4043463978743364,0,0,0,1,25.3,3,0,18.417530616530414,0.4502647191209264,0,0,0,1,20.45,3,0,10.84383043008888,0.5665453934609732,0,0,0,0,0.0,5,0,6.186340514461019,10.653814290212598,0.5163997854636219,0.5173760819675646,0.1412376481299931,0.1641216150876757,0.1660746905489873,0.258450682519984,0.2361324154269802,0.262602438195316,0.383845126835781,0.4166666666666667,0.3168251885864218,0.315561479506831,0.6161548731642189,0.5833333333333334,0.6831748114135783,0.6844385204931689,0.1334072469925084,0.1529299763009176,0.1462209830898842,0.1573245600549354,2,2,0,0,1,1,2,2,2233.4,2233.4,-3,-3
4f06e806-e299-43c8-a91e-c26be19b5f9b,2024-10-06 19:00:00+00:00,2024-10-06,2024,1,171b097d-01db-4ae8-9d56-035689402ec6,08ed8274-e29f-4248-bc2e-83cc8ed18d75,FR_LVA_ACES,08ed8274-e29f-4248-bc2e-83cc8ed18d75,1717.9807543366735,1731.9561582977628,0.5158603462733352,0.0634626762386921,0,32.10630455598151,0.9438758047661652,0,0,0,1,33.483333333333334,0,0,28.33310034940415,0.5204733348777555,0,0,0,1,30.0,0,0,29.05050588662872,0.4272987738607535,0,0,0,1,34.28333333333333,0,0,26.45761710887501,0.4509638126525848,0,0,0,1,30.433333333333334,0,0,21.57450438484076,0.5041765451307597,0,0,0,1,15.5,0,0,23.635962858241943,0.3464334242341445,0,0,0,1,29.05,0,0,14.054637223628935,0.3700034997618603,0,0,0,0,0.0,4,0,31.517357338807496,0.7376834075215118,0,0,0,1,33.38333333333333,0,0,27.60280859460392,0.7002999132403409,0,0,0,1,24.53333333333333,0,0,30.302265567011165,0.5539465437788018,0,0,0,1,29.666666666666668,0,0,24.075290690978868,0.4246219765624349,0,0,0,1,27.78333333333333,0,0,22.22405211050373,0.4022736867279898,0,0,0,1,23.1,0,0,18.54000840295992,0.4525504689509349,0,0,0,1,19.716666666666665,0,0,10.790988817616046,0.5724445196956659,0,0,0,1,10.283333333333331,0,0,7.323427226795932,7.929099489664491,0.5254763594999964,0.513627264397315,0.1386680631449565,0.1629043249170536,0.1651484547242878,0.2544689717950952,0.2258212379833473,0.2645803228502674,0.3853928920769481,0.4170185125040597,0.3193196405648267,0.3186848958333333,0.6146071079230518,0.5829814874959403,0.6806803594351734,0.6813151041666666,0.1328492617231867,0.152593091694576,0.1460297693174405,0.1562688124573584,1,1,0,0,1,1,3,3,0.0,0.0,0,0
16411c36-18a5-4a21-a7ff-574e23c7740b,2024-10-06 21:00:00+00:00,2024-10-06,2024,1,a015b02d-845c-40c1-8ef4-844984f47e4d,6f017f37-be96-4bdc-b6d3-0a0429c72e89,a015b02d-845c-40c1-8ef4-844984f47e4d,6f017f37-be96-4bdc-b6d3-0a0429c72e89,1635.6389824706814,1677.9246830751017,0.4751443820369501,-0.0995044913342396,1,34.05142245885397,0.6269196735403187,0,0,0,1,39.66666666666666,1,0,31.622945977338464,0.4997342910986705,0,0,0,1,35.833333333333336,1,0,24.6032031611178,0.5667834409238585,0,0,0,1,29.85,1,0,31.67385212479417,0.4363672138401241,0,0,0,1,35.93333333333333,1,0,30.45486695874886,0.4075124303068893,0,0,0,1,33.416666666666664,1,0,17.72034131110726,0.3275415731531204,92,5,0,1,5.5,1,1,15.717361639272646,0.3611758441190512,0,0,0,1,10.416666666666666,1,0,31.787385626687826,0.7474296397967559,0,0,0,1,33.0,1,0,27.749248373140823,0.5129315639298613,0,0,0,1,32.46666666666667,1,0,24.935148135494785,0.5654885030418854,0,0,0,1,25.883333333333333,1,0,31.21188560104844,0.4188072952088963,0,0,0,1,36.833333333333336,1,0,31.71432554909612,0.3875491346241405,0,0,0,1,33.11666666666667,1,0,16.64641622736955,0.5648566700776999,0,0,0,1,11.1,1,0,14.449495709482289,0.3507348203590559,0,0,0,1,7.533333333333333,1,0,4.134314949933657,9.139402408391872,0.479078807182526,0.5192009881985824,0.1558200845014407,0.1631346733193407,0.252839689606063,0.2246367256706066,0.2651355507859103,0.2505266088984307,0.2730307076101468,0.3660477453580902,0.3286566117151877,0.32914653784219,0.7269692923898531,0.6339522546419099,0.6713433882848123,0.6708534621578099,0.1480698308346027,0.1579686994500161,0.1850481125092524,0.1689435913415192,1,1,0,0,1,1,3,3,0.0,0.0,0,0
2a921e05-c0a3-4c6e-8688-7ba56b6df34b,2024-10-09 00:00:00+00:00,2024-10-09,2024,1,6f017f37-be96-4bdc-b6d3-0a0429c72e89,a015b02d-845c-40c1-8ef4-844984f47e4d,6f017f37-be96-4bdc-b6d3-0a0429c72e89,a015b02d-845c-40c1-8ef4-844984f47e4d,1659.977866951304,1653.585798594479,0.5450542801707993,0.1807072715916877,1,32.302380893343006,0.7533043271369698,0,0,0,1,37.25,2,0,25.21623477754293,0.5634214797919391,0,0,0,1,27.916666666666668,2,0,27.25908228793926,0.5147009398645523,0,0,0,1,22.55,2,0,31.46845372114556,0.4155756073583278,0,0,0,1,33.93333333333333,2,0,31.92981056101294,0.3788644647795413,0,0,0,1,34.0,2,0,15.5421496919467,0.5619731578270274,0,0,0,1,4.933333333333334,2,0,15.296459001507015,0.3587358201737174,0,0,0,1,23.433333333333334,2,0,34.27598028814984,0.6287833774145555,0,0,0,1,36.43333333333333,2,0,31.864329915326685,0.506397278647944,0,0,0,1,34.18333333333333,2,0,31.91357936225836,0.4314169195448743,0,0,0,1,34.21666666666667,2,0,23.645996371103497,0.5622371365491754,0,0,0,1,14.45,2,0,31.024779950915203,0.4115826366990834,0,0,0,1,36.5,2,0,18.88273635317276,0.3337163355779602,95,8,0,1,30.05,2,1,15.50360309213344,0.3644275731598568,0,0,0,1,13.45,2,0,7.102040834000239,4.920279090185783,0.5221046061755128,0.4901973922564754,0.163483788868721,0.1519857083921741,0.2135598342743521,0.2424709381036512,0.2551907789279253,0.2598390754248215,0.3673602080624187,0.2719555990858635,0.3269230769230769,0.3308141532119547,0.6326397919375812,0.7280444009141365,0.6730769230769231,0.6691858467880454,0.1580224897211076,0.1472927590879632,0.1677788278870846,0.1845510851503096,1,1,0,0,2,2,3,3,1090.0,1090.0,-1,-1
9a6be86c-1d31-4680-8a4e-80b959469995,2024-10-11 00:00:00+00:00,2024-10-11,2024,1,08ed8274-e29f-4248-bc2e-83cc8ed18d75,6f017f37-be96-4bdc-b6d3-0a0429c72e89,08ed8274-e29f-4248-bc2e-83cc8ed18d75,6f017f37-be96-4bdc-b6d3-0a0429c72e89,1755.1373764759371,1676.5464104775028,0.6448133651324052,0.5963175351921208,0,32.22436474278956,0.7365966884382383,0,0,0,1,39.016666666666666,4,0,27.633969255841457,0.6959445544860867,0,0,0,1,27.933333333333334,4,0,30.825285640990305,0.5552860604087828,0,0,0,1,35.85,4,0,24.48300843775716,0.4323933758777505,0,0,0,1,28.4,4,0,22.46218922178576,0.3945119450289537,0,0,0,1,24.75,4,0,18.51423874565845,0.4533251311466884,0,0,0,1,18.266666666666666,4,0,9.773653932922048,0.5724445196956659,0,0,0,0,0.0,5,0,32.74054139261568,0.7590474819909937,0,0,0,1,36.95,1,0,27.63690265831889,0.523166346199368,0,0,0,1,31.266666666666666,1,0,25.71122625708145,0.5603998091550497,0,0,0,1,30.466666666666665,1,0,31.49656814491835,0.4154530995781347,0,0,0,1,31.766666666666666,1,0,31.7887281714748,0.3727067379575787,0,0,0,1,30.433333333333334,1,0,15.178354625378136,0.5562827227305505,0,0,0,1,11.683333333333334,1,0,15.248083393739464,0.3665017477623046,0,0,0,1,14.783333333333331,1,0,8.807077039379372,7.7280668290010786,0.509022946557347,0.5261691215808368,0.1647231461839041,0.1632769969045206,0.2645228019248672,0.2185665518348504,0.2542428523645931,0.251627182971764,0.4152380952380952,0.3675675675675676,0.3217474489795918,0.3274637009576768,0.5847619047619048,0.6324324324324324,0.6782525510204082,0.6725362990423231,0.1526636166253101,0.1577799321376636,0.1551649519013239,0.1685450963181533,3,1,0,0,1,2,2,3,2233.4,1019.2,3,1
0a500b27-ff68-4b40-b795-cbde0a005550,2024-10-13 19:00:00+00:00,2024-10-13,2024,1,08ed8274-e29f-4248-bc2e-83cc8ed18d75,6f017f37-be96-4bdc-b6d3-0a0429c72e89,08ed8274-e29f-4248-bc2e-83cc8ed18d75,6f017f37-be96-4bdc-b6d3-0a0429c72e89,1747.1978366231826,1684.4859503302575,0.6236125517712205,0.5049102046411952,1,33.24810851137936,0.7254636544715864,0,0,0,1,43.083333333333336,1,0,28.678805357805945,0.6985688647594837,0,0,0,1,38.71666666666667,1,0,31.746809893624715,0.5476320050363818,0,0,0,1,40.6,1,0,25.78405250087966,0.4344514539094197,0,0,0,1,38.28333333333333,1,0,22.797292330745723,0.3925932622661852,0,0,0,1,26.016666666666666,1,0,18.965422780425538,0.4548070387228774,0,0,0,1,23.3,1,0,9.44459929624862,0.5750222421719284,0,0,0,1,6.283333333333333,1,0,33.728192096165486,0.7585572727216523,0,0,0,1,43.21666666666667,1,0,28.35463757929477,0.5249407853008192,0,0,0,1,35.25,1,0,26.08727322964416,0.5620728769935948,0,0,0,1,29.7,1,0,32.546501558835395,0.4185875068342561,0,0,0,1,42.63333333333333,1,0,32.32088086281186,0.3670593620459357,0,0,0,1,37.43333333333333,1,0,15.042123312903518,0.5536213275881354,0,0,0,1,13.733333333333333,1,0,15.045569962522158,0.3758673760585222,0,0,0,1,13.1,1,0,7.008115599798016,7.968155493802395,0.5034584794315731,0.5303411712617275,0.1647064316740798,0.1612563698180134,0.2797021511156796,0.2142154388575418,0.2449389756377368,0.2478222299084835,0.4138888888888888,0.3662935323383084,0.3214842531961334,0.3285241959723474,0.5861111111111111,0.6337064676616916,0.6785157468038665,0.6714758040276525,0.1521987408798739,0.1572729860518075,0.1547071391449964,0.1676951361584389,2,2,0,0,1,1,2,3,0.0,0.0,0,0
a8031e1c-c435-402e-871e-e71e1eeeb3e6,2024-10-17 00:00:00+00:00,2024-10-17,2024,1,6f017f37-be96-4bdc-b6d3-0a0429c72e89,08ed8274-e29f-4248-bc2e-83cc8ed18d75,6f017f37-be96-4bdc-b6d3-0a0429c72e89,08ed8274-e29f-4248-bc2e-83cc8ed18d75,1668.5418428697164,1763.1419440837235,0.401156087020337,-0.4006503888156249,0,33.87480511355777,0.7539200854352709,0,0,0,1,35.28333333333333,3,0,28.5160414083258,0.5264468866609664,0,0,0,1,30.066666666666663,3,0,26.54414201897684,0.559719633760084,0,0,0,1,30.933333333333334,3,0,32.62382371990032,0.4127941623728695,0,0,0,1,33.36666666666667,3,0,32.1680701544012,0.3656552758874939,0,0,0,1,30.7,3,0,14.511775873454056,0.5484144818630747,0,0,0,1,9.416666666666666,3,0,15.396381324708557,0.3713338787249796,0,0,0,1,18.766666666666666,3,0,33.71024087910246,0.7233274115766769,0,0,0,1,38.15,3,0,29.09719066051032,0.6940489731563255,0,0,0,1,33.11666666666667,3,0,32.182353061812684,0.5470855109905857,0,0,0,1,36.36666666666667,3,0,26.154804954293915,0.4320628378575444,0,0,0,1,29.716666666666665,3,0,23.647605893768507,0.3954891065434444,0,0,0,1,31.816666666666663,3,0,18.22704208619636,0.4547423022334874,0,0,0,1,11.133333333333333,3,0,9.377543747531163,0.5731746151559541,0,0,0,1,8.733333333333333,3,0,5.151266966190599,8.41309616571479,0.5274807168132306,0.5093144814659125,0.1689949291506247,0.1717566666721327,0.2070236247392768,0.2827942121285194,0.2354573639946416,0.2434842183439425,0.3656898656898656,0.4135110572553772,0.3296930342384888,0.3217018671564126,0.6343101343101343,0.5864889427446228,0.6703069657615112,0.6782981328435874,0.1586902700992163,0.1533642991968614,0.1685252810242765,0.1561939636459729,2,2,0,0,1,1,2,2,1019.2,1019.2,-1,-1
9888100e-3514-4681-811a-d6cbfed384ce,2024-10-19 00:00:00+00:00,2024-10-19,2024,1,6f017f37-be96-4bdc-b6d3-0a0429c72e89,08ed8274-e29f-4248-bc2e-83cc8ed18d75,6f017f37-be96-4bdc-b6d3-0a0429c72e89,08ed8274-e29f-4248-bc2e-83cc8ed18d75,1662.4618783918222,1769.221908561618,0.3844627480659883,-0.4706485666792874,1,34.452266043121,0.7485789209247603,0,0,0,1,40.0,1,0,28.9152035100072,0.524292759560057,0,0,0,1,32.75,1,0,25.913042838530693,0.5582731893406758,0,0,0,1,19.85,1,0,33.17780808772747,0.4122867001798196,0,0,0,1,38.5,1,0,32.38005959412654,0.3671189408132342,0,0,0,1,34.416666666666664,1,0,14.813921233872485,0.5437861128848709,0,0,0,1,17.716666666666665,1,0,14.782355025608378,0.3676811222404008,0,0,0,1,8.883333333333333,1,0,33.92296843421444,0.7267334983161736,0,0,0,1,35.96666666666667,1,0,29.47770340221216,0.6909487553677082,0,0,0,1,33.13333333333333,1,0,32.16987530012153,0.5461869982942804,0,0,0,1,32.05,1,0,26.869280840141748,0.430805115664289,0,0,0,1,33.733333333333334,1,0,24.689585111215205,0.3916995159807261,0,0,0,1,34.7,1,0,17.25816021610415,0.458164286493018,0,0,0,1,7.95,1,0,9.521075344332427,0.5674161129302907,0,0,0,1,10.9,1,0,3.650236651455955,8.635328027779636,0.5198618642894196,0.5123001305355037,0.1663286073732743,0.1770013443425053,0.206916029816073,0.274380442764782,0.2283435202129222,0.2421666102371924,0.3637720083557147,0.4134443783462225,0.3311104668019716,0.3207660083782166,0.6362279916442853,0.5865556216537775,0.6688895331980285,0.6792339916217833,0.1580880008018296,0.1544848237375799,0.1693244545693507,0.1556366323373204,1,1,0,0,1,1,2,2,0.0,0.0,0,0
6be00663-e112-4500-b5ae-251b908f48a9,2024-10-21 00:00:00+00:00,2024-10-21,2024,1,08ed8274-e29f-4248-bc2e-83cc8ed18d75,6f017f37-be96-4bdc-b6d3-0a0429c72e89,08ed8274-e29f-4248-bc2e-83cc8ed18d75,6f017f37-be96-4bdc-b6d3-0a0429c72e89,1761.5186031864057,1670.1651837670347,0.6614548189753611,0.6697841226848178,1,33.884663792366936,0.7198315633912582,0,0,0,1,33.516666666666666,1,0,30.04860600269207,0.6930423273743467,0,0,0,1,35.53333333333333,1,0,32.53410796676292,0.5389133157361351,0,0,0,1,36.03333333333333,1,0,27.73323412969306,0.4366089211334562,0,0,0,1,36.03333333333333,1,0,25.556338005276725,0.3891438316319476,0,0,0,1,33.88333333333333,1,0,16.270631920126593,0.4570518630204608,0,0,0,1,6.783333333333333,1,0,9.655789124911726,0.5670452653815098,0,0,0,1,10.95,1,0,34.975286072214246,0.7429113130262639,0,0,0,1,40.0,1,0,28.951480713087825,0.5247088331048326,0,0,0,1,29.3,1,0,26.34234180736792,0.5596100504017051,0,0,0,1,30.466666666666665,1,0,33.32759985255272,0.4109855474519334,0,0,0,1,34.766666666666666,1,0,32.069256322334006,0.3685022299642784,0,0,0,1,29.08333333333333,1,0,13.41731902205988,0.5437861128848709,0,0,0,0,0.0,3,0,14.397485552620196,0.3666587737109014,0,0,0,1,10.7,1,0,7.572717080693585,3.5546095781349023,0.5111405192995409,0.5194397656684963,0.178718666496925,0.1656305474849345,0.2727553463554097,0.2005026802388552,0.231286551017735,0.2358242331415806,0.4115933585785027,0.3635831381733021,0.3213971235691224,0.3309659090909091,0.5884066414214972,0.6364168618266979,0.6786028764308776,0.6690340909090909,0.1549178068795064,0.15792671485628,0.1555213473989224,0.1694529397615202,1,1,0,0,2,2,3,3,1019.2,1019.2,1,1
