game_id,game_ts,game_date,season,is_playoff,home_team_id,away_team_id,home_franchise_id,away_franchise_id,home_elo_pre,away_elo_pre,p_elo,base_margin,home_win,home_p1_m_ewma_pre,home_p1_q_pre,home_p1_days_since_first_report_pre,home_p1_days_since_last_dnp_pre,home_p1_consec_dnps_pre,home_p1_played_last_game_pre,home_p1_minutes_last_game_pre,home_p1_days_since_last_played_pre,home_p1_injury_present_flag_pre,home_p2_m_ewma_pre,home_p2_q_pre,home_p2_days_since_first_report_pre,home_p2_days_since_last_dnp_pre,home_p2_consec_dnps_pre,home_p2_played_last_game_pre,home_p2_minutes_last_game_pre,home_p2_days_since_last_played_pre,home_p2_injury_present_flag_pre,home_p3_m_ewma_pre,home_p3_q_pre,home_p3_days_since_first_report_pre,home_p3_days_since_last_dnp_pre,home_p3_consec_dnps_pre,home_p3_played_last_game_pre,home_p3_minutes_last_game_pre,home_p3_days_since_last_played_pre,home_p3_injury_present_flag_pre,home_p4_m_ewma_pre,home_p4_q_pre,home_p4_days_since_first_report_pre,home_p4_days_since_last_dnp_pre,home_p4_consec_dnps_pre,home_p4_played_last_game_pre,home_p4_minutes_last_game_pre,home_p4_days_since_last_played_pre,home_p4_injury_present_flag_pre,home_p5_m_ewma_pre,home_p5_q_pre,home_p5_days_since_first_report_pre,home_p5_days_since_last_dnp_pre,home_p5_consec_dnps_pre,home_p5_played_last_game_pre,home_p5_minutes_last_game_pre,home_p5_days_since_last_played_pre,home_p5_injury_present_flag_pre,home_p6_m_ewma_pre,home_p6_q_pre,home_p6_days_since_first_report_pre,home_p6_days_since_last_dnp_pre,home_p6_consec_dnps_pre,home_p6_played_last_game_pre,home_p6_minutes_last_game_pre,home_p6_days_since_last_played_pre,home_p6_injury_present_flag_pre,home_p7_m_ewma_pre,home_p7_q_pre,home_p7_days_since_first_report_pre,home_p7_days_since_last_dnp_pre,home_p7_consec_dnps_pre,home_p7_played_last_game_pre,home_p7_minutes_last_game_pre,home_p7_days_since_last_played_pre,home_p7_injury_present_flag_pre,away_p1_m_ewma_pre,away_p1_q_pre,away_p1_days_since_first_report_pre,away_p1_days_since_last_dnp_pre,away_p1_consec_dnps_pre,away_p1_played_last_game_pre,away_p1_minutes_last_game_pre,away_p1_days_since_last_played_pre,away_p1_injury_present_flag_pre,away_p2_m_ewma_pre,away_p2_q_pre,away_p2_days_since_first_report_pre,away_p2_days_since_last_dnp_pre,away_p2_consec_dnps_pre,away_p2_played_last_game_pre,away_p2_minutes_last_game_pre,away_p2_days_since_last_played_pre,away_p2_injury_present_flag_pre,away_p3_m_ewma_pre,away_p3_q_pre,away_p3_days_since_first_report_pre,away_p3_days_since_last_dnp_pre,away_p3_consec_dnps_pre,away_p3_played_last_game_pre,away_p3_minutes_last_game_pre,away_p3_days_since_last_played_pre,away_p3_injury_present_flag_pre,away_p4_m_ewma_pre,away_p4_q_pre,away_p4_days_since_first_report_pre,away_p4_days_since_last_dnp_pre,away_p4_consec_dnps_pre,away_p4_played_last_game_pre,away_p4_minutes_last_game_pre,away_p4_days_since_last_played_pre,away_p4_injury_present_flag_pre,away_p5_m_ewma_pre,away_p5_q_pre,away_p5_days_since_first_report_pre,away_p5_days_since_last_dnp_pre,away_p5_consec_dnps_pre,away_p5_played_last_game_pre,away_p5_minutes_last_game_pre,away_p5_days_since_last_played_pre,away_p5_injury_present_flag_pre,away_p6_m_ewma_pre,away_p6_q_pre,away_p6_days_since_first_report_pre,away_p6_days_since_last_dnp_pre,away_p6_consec_dnps_pre,away_p6_played_last_game_pre,away_p6_minutes_last_game_pre,away_p6_days_since_last_played_pre,away_p6_injury_present_flag_pre,away_p7_m_ewma_pre,away_p7_q_pre,away_p7_days_since_first_report_pre,away_p7_days_since_last_dnp_pre,away_p7_consec_dnps_pre,away_p7_played_last_game_pre,away_p7_minutes_last_game_pre,away_p7_days_since_last_played_pre,away_p7_injury_present_flag_pre,home_net_rtg_ewma_pre,away_net_rtg_ewma_pre,home_efg_ewma_pre,away_efg_ewma_pre,home_tov_pct_ewma_pre,away_tov_pct_ewma_pre,home_orb_pct_ewma_pre,away_orb_pct_ewma_pre,home_ftr_ewma_pre,away_ftr_ewma_pre,home_off_3pa_rate_pre,away_off_3pa_rate_pre,home_def_3pa_allowed_pre,away_def_3pa_allowed_pre,home_off_2pa_rate_pre,away_off_2pa_rate_pre,home_def_2pa_allowed_pre,away_def_2pa_allowed_pre,home_off_tov_pct_pre,away_off_tov_pct_pre,home_def_forced_tov_pre,away_def_forced_tov_pre,home_days_rest_pre,away_days_rest_pre,home_is_b2b_pre,away_is_b2b_pre,home_games_last_4_days_pre,away_games_last_4_days_pre,home_games_last_7_days_pre,away_games_last_7_days_pre,home_travel_miles_pre,away_travel_miles_pre,home_timezone_shift_hours_pre,away_timezone_shift_hours_pre
e5323808-6daf-4c33-be14-b04c3f8a62a8,2020-07-25 16:00:00+00:00,2020-07-25,2020,0,08ed8274-e29f-4248-bc2e-83cc8ed18d75,d6a012ed-84aa-48d3-8265-2d3f3ff2199a,08ed8274-e29f-4248-bc2e-83cc8ed18d75,d6a012ed-84aa-48d3-8265-2d3f3ff2199a,1409.0006271210266,1507.3830428072686,0.3959370593920068,-0.4224231411175828,0,19.91369047619048,0.5577641608130324,0,0,0,0,0.0,0,0,29.09380952380952,0.3702309442362145,0,0,0,0,0.0,0,0,14.126960784313724,0.3039661334536243,0,0,0,0,0.0,0,0,3.2865079365079364,0.4636561217097319,0,0,0,0,0.0,0,0,0.0,0.4419018967259737,0,0,0,0,0.0,0,0,0.0,0.4419018967259737,0,0,0,0,0.0,0,0,0.0,0.4419018967259737,0,0,0,0,0.0,0,0,31.00675675675676,0.6397908040967532,0,0,0,0,0.0,0,0,25.94305555555556,0.4679051341078216,0,0,0,0,0.0,0,0,26.0375,0.4342028057822585,0,0,0,0,0.0,0,0,25.83379629629629,0.3752620920772029,0,0,0,0,0.0,0,0,20.565765765765764,0.3824250919922902,0,0,0,0,0.0,0,0,19.404166666666665,0.323527306563596,0,0,0,0,0.0,0,0,16.850462962962965,0.3214550649778828,0,0,0,0,0.0,0,0,0.0,0.0,0.0,0.0,0.0,0.0,0.0,0.0,0.0,0.0,0.2820186598812553,0.3183536329273415,0.2954931972789115,0.2871077184054283,0.7179813401187447,0.6816463670726586,0.7045068027210885,0.7128922815945716,0.1670513523508333,0.1767350167631436,0.1471076278974777,0.1830411430887717,0,0,1,1,0,0,0,0,0.0,0.0,0,0
2f816fa8-bd98-491a-91d1-5d090be1826e,2020-07-25 19:00:00+00:00,2020-07-25,2020,0,0699edf3-5993-4182-b9b4-ec935cbd4fcc,0a5ad38d-2fe3-43ba-894b-1ba3d5042ea9,0699edf3-5993-4182-b9b4-ec935cbd4fcc,0a5ad38d-2fe3-43ba-894b-1ba3d5042ea9,1468.7325835034142,1530.0125649733227,0.4479778553881454,-0.2088443612667791,0,29.127314814814813,0.6990383851227847,0,0,0,0,0.0,0,0,22.544607843137253,0.5283642451784045,0,0,0,0,0.0,0,0,22.713194444444444,0.3907420429877396,0,0,0,0,0.0,0,0,13.858095238095236,0.4432685038828947,0,0,0,0,0.0,0,0,14.787209302325582,0.3680113234253361,0,0,0,0,0.0,0,0,11.43235294117647,0.3190120915873424,0,0,0,0,0.0,0,0,11.333809523809524,0.279820175622873,0,0,0,0,0.0,0,0,26.31837606837607,0.7443370950718519,0,0,0,0,0.0,0,0,32.34871794871795,0.4216867469879518,0,0,0,0,0.0,0,0,17.510964912280702,0.5695679398872887,0,0,0,0,0.0,0,0,25.883823529411764,0.3431623203227089,0,0,0,0,0.0,0,0,15.27107843137255,0.4757166244021442,0,0,0,0,0.0,0,0,24.405263157894737,0.2728056933362087,0,0,0,0,0.0,0,0,18.12236842105263,0.3485079503376171,0,0,0,0,0.0,0,0,0.0,0.0,0.0,0.0,0.0,0.0,0.0,0.0,0.0,0.0,0.311249444197421,0.2981995498874719,0.278046811945117,0.3074856046065259,0.6887505558025789,0.7018004501125281,0.721953188054883,0.692514395393474,0.1544362908605737,0.1563478987306523,0.1457965160313052,0.1727887593368555,0,0,1,1,0,0,0,0,0.0,0.0,0,0
9b433ccb-d601-4ba4-bd2f-8c06c553d0da,2020-07-25 21:00:00+00:00,2020-07-25,2020,0,5c0d47fe-8539-47b0-9f36-d0b3609ca89b,f073a15f-0486-4179-b0a3-dfd0294eb595,5c0d47fe-8539-47b0-9f36-d0b3609ca89b,f073a15f-0486-4179-b0a3-dfd0294eb595,1612.9851312827932,1486.0159308557031,0.7057445420163028,0.8748050387441035,1,26.895454545454548,0.7993915835727564,0,0,0,0,0.0,0,0,24.155555555555555,0.7313707451701932,0,0,0,0,0.0,0,0,29.786666666666665,0.4671313467195294,0,0,0,0,0.0,0,0,30.24949494949495,0.4347680902928507,0,0,0,0,0.0,0,0,22.83759689922481,0.4236180648665162,0,0,0,0,0.0,0,0,17.2031007751938,0.5285688536409516,0,0,0,0,0.0,0,0,13.083333333333334,0.6612353725374018,0,0,0,0,0.0,0,0,22.112745098039213,0.687652405231656,0,0,0,0,0.0,0,0,30.09238095238096,0.4196600943127512,0,0,0,0,0.0,0,0,24.80809523809524,0.4802579803059677,0,0,0,0,0.0,0,0,18.61421568627451,0.5767255681668554,0,0,0,0,0.0,0,0,25.046078431372543,0.3475946295063999,0,0,0,0,0.0,0,0,24.48529411764705,0.3171171171171171,0,0,0,0,0.0,0,0,12.820707070707073,0.2930864683868426,0,0,0,0,0.0,0,0,0.0,0.0,0.0,0.0,0.0,0.0,0.0,0.0,0.0,0.0,0.3596287703016241,0.2438919845692241,0.2714382174206617,0.289873417721519,0.6403712296983759,0.7561080154307758,0.7285617825793382,0.710126582278481,0.1281014731669414,0.15422638999387,0.1562208059125163,0.144033189408521,0,0,1,1,0,0,0,0,0.0,0.0,0,0
ecdf2ba3-2915-46ff-9eed-8152a364f44f,2020-07-26 16:00:00+00:00,2020-07-26,2020,0,6f017f37-be96-4bdc-b6d3-0a0429c72e89,a015b02d-845c-40c1-8ef4-844984f47e4d,6f017f37-be96-4bdc-b6d3-0a0429c72e89,a015b02d-845c-40c1-8ef4-844984f47e4d,1533.9491482184287,1568.1270994347633,0.4867949379045719,-0.0528325341373964,1,29.0,0.6724137931034483,0,0,0,0,0.0,0,0,32.70509259259259,0.5248927706920714,0,0,0,0,0.0,0,0,19.841428571428573,0.4651162790697674,0,0,0,0,0.0,0,0,17.86285714285714,0.3214971209213052,0,0,0,0,0.0,0,0,6.450490196078431,0.3510905083972946,0,0,0,0,0.0,0,0,2.587037037037037,0.8589835361488904,0,0,0,0,0.0,0,0,8.96984126984127,0.1911166165280481,0,0,0,0,0.0,0,0,32.5412037037037,0.5565593478353654,0,0,0,0,0.0,0,0,31.14147286821705,0.5750202252784865,0,0,0,0,0.0,0,0,30.641269841269843,0.3784189805221715,0,0,0,0,0.0,0,0,25.09190476190476,0.2527849999051107,0,0,0,0,0.0,0,0,10.656349206349208,0.4580323229314068,0,0,0,0,0.0,0,0,15.194841269841268,0.2914522994959651,0,0,0,0,0.0,0,0,7.473958333333333,0.4808362369337979,0,0,0,0,0.0,0,0,0.0,0.0,0.0,0.0,0.0,0.0,0.0,0.0,0.0,0.0,0.2608510638297872,0.2923996017258546,0.3017802865827182,0.3123209169054441,0.7391489361702127,0.7076003982741453,0.6982197134172818,0.6876790830945558,0.1812122210535653,0.1461211477151966,0.1855490067670814,0.1703559260290998,0,0,1,1,0,0,0,0,0.0,0.0,0,0
e1f5cde5-8487-468d-b924-ebfa1f6ed10d,2020-07-26 19:00:00+00:00,2020-07-26,2020,0,171b097d-01db-4ae8-9d56-035689402ec6,3c409388-ab73-4c7f-953d-3a71062240f6,FR_LVA_ACES,3c409388-ab73-4c7f-953d-3a71062240f6,1543.8655818172306,1541.0718387546094,0.5399133062121899,0.1599936461362457,0,24.554166666666667,0.7727812659087053,0,0,0,0,0.0,0,0,25.217094017094016,0.5917841648590022,0,0,0,0,0.0,0,0,22.692083333333336,0.5850057839554911,0,0,0,0,0.0,0,0,29.42,0.4478246091094493,0,0,0,0,0.0,0,0,26.79,0.4052684903748733,0,0,0,0,0.0,0,0,26.72820512820513,0.3559094397544129,0,0,0,0,0.0,0,0,21.23076923076923,0.3997584541062802,0,0,0,0,0.0,0,0,28.986486486486488,0.6023310023310023,0,0,0,0,0.0,0,0,29.97387387387388,0.4941240119022572,0,0,0,0,0.0,0,0,25.16527777777777,0.5452839560682158,0,0,0,0,0.0,0,0,28.29234234234234,0.4776385549841583,0,0,0,0,0.0,0,0,19.82731481481481,0.6052256753916921,0,0,0,0,0.0,0,0,17.202777777777776,0.4747295333440982,0,0,0,0,0.0,0,0,15.167592592592593,0.3534582748305964,0,0,0,0,0.0,0,0,0.0,0.0,0.0,0.0,0.0,0.0,0.0,0.0,0.0,0.0,0.2096069868995633,0.3091768412760929,0.3278110680296087,0.2614747930775019,0.7903930131004366,0.6908231587239071,0.6721889319703913,0.7385252069224981,0.1540124731089332,0.160727679687593,0.1365212286356738,0.1416463485429002,0,0,1,1,0,0,0,0,0.0,0.0,0,0
d5344312-5f3a-4d5d-974b-c62cb1f2dbd6,2020-07-26 21:00:00+00:00,2020-07-26,2020,0,5d70a9af-8c2b-4aec-9e68-9acc6ddb93e4,5f0b5caf-708b-4300-92f2-53b51d83ec06,5d70a9af-8c2b-4aec-9e68-9acc6ddb93e4,5f0b5caf-708b-4300-92f2-53b51d83ec06,1418.42791239162,1440.428538839822,0.5043163382908263,0.0172657820717257,1,30.07261904761905,0.5138355567871422,0,0,0,0,0.0,0,0,26.730392156862745,0.4610306253438473,0,0,0,0,0.0,0,0,24.13809523809524,0.4009666600907476,0,0,0,0,0.0,0,0,24.44285714285714,0.3175530878628482,0,0,0,0,0.0,0,0,16.25343137254902,0.4704888862080405,0,0,0,0,0.0,0,0,25.820098039215686,0.282497674330302,0,0,0,0,0.0,0,0,10.385087719298246,0.5321395388123997,0,0,0,0,0.0,0,0,30.453431372549023,0.4162575452716297,0,0,0,0,0.0,0,0,31.14362745098039,0.390977916988022,0,0,0,0,0.0,0,0,23.36470588235294,0.445619335347432,0,0,0,0,0.0,0,0,16.744666666666667,0.5637615957319744,0,0,0,0,0.0,0,0,24.175490196078428,0.3223975019262744,0,0,0,0,0.0,0,0,7.925,0.4752891692954785,0,0,0,0,0.0,0,0,9.764473684210529,0.3018461123837758,0,0,0,0,0.0,0,0,0.0,0.0,0.0,0.0,0.0,0.0,0.0,0.0,0.0,0.0,0.3180272108843537,0.2922737306843267,0.2861319966583124,0.2807585568917669,0.6819727891156463,0.7077262693156733,0.7138680033416875,0.7192414431082331,0.1577621550760214,0.1648059542796384,0.1478267547227768,0.1622649195464729,0,0,1,1,0,0,0,0,0.0,0.0,0,0
38257d4a-eac2-408a-9674-de286c7156ed,2020-07-28 23:00:00+00:00,2020-07-28,2020,0,a015b02d-845c-40c1-8ef4-844984f47e4d,5c0d47fe-8539-47b0-9f36-d0b3609ca89b,a015b02d-845c-40c1-8ef4-844984f47e4d,5c0d47fe-8539-47b0-9f36-d0b3609ca89b,1553.1828106427606,1632.5746078110783,0.4223571828496202,-0.3131043533523102,0,31.326115629641272,0.6130695455585635,0,0,0,1,33.1,1,0,32.49646609068079,0.5519071888061414,0,0,0,1,32.06666666666667,1,0,30.662519428054804,0.3248959477238798,0,0,0,1,30.866666666666667,1,0,22.72633192431335,0.2527849999051107,0,0,0,0,0.0,0,0,9.651707650850378,0.4580323229314068,0,0,0,0,0.0,0,0,15.925969217972408,0.2585593808869313,0,0,0,1,22.95,1,0,8.399891984501052,0.474628356564469,0,0,0,1,29.23333333333333,1,0,24.35984964295244,0.7993915835727564,0,0,0,0,0.0,0,0,24.36401100901648,0.6957415145087638,0,0,0,1,26.366666666666667,2,0,29.671314371291224,0.4262384237231412,0,0,0,1,24.116666666666667,2,0,26.9784888795409,0.4671313467195294,0,0,0,0,0.0,0,0,22.742918610119297,0.4454473893112169,0,0,0,1,21.83333333333333,2,0,17.909880963491286,0.5625948943683042,0,0,0,1,24.7,2,0,12.0368660066627,0.6460267960123497,0,0,0,1,1.9833333333333327,2,0,-1.1744192000983056,2.8933920582975303,0.0342823039040339,0.0575362931330569,0.0164053948496682,0.0157502231540012,0.0183953825826523,0.0227563569018156,0.0428528798800424,0.0277283340400274,0.2878787878787879,0.25,0.2537313432835821,0.3661971830985915,0.7121212121212122,0.75,0.746268656716418,0.6338028169014085,0.1592356687898089,0.1541850220264317,0.1551418439716312,0.1434878587196468,1,2,0,0,1,1,1,1,0.0,0.0,0,0
daa10172-8bcd-49b4-a2c1-fdd655bd26d5,2020-07-29 01:00:00+00:00,2020-07-29,2020,0,3c409388-ab73-4c7f-953d-3a71062240f6,0a5ad38d-2fe3-43ba-894b-1ba3d5042ea9,3c409388-ab73-4c7f-953d-3a71062240f6,0a5ad38d-2fe3-43ba-894b-1ba3d5042ea9,1548.114098236933,1560.1963103680114,0.5185816296062455,0.0743607644535953,1,29.303586215739376,0.5777332072917486,0,0,0,1,32.35,2,0,25.082131287232748,0.5553749263281957,0,0,0,1,24.28333333333333,2,0,28.527623923500727,0.4684264129500218,0,0,0,1,14.633333333333333,2,0,28.013377815562883,0.4485500945681964,0,0,0,1,25.33333333333333,2,0,20.61823216660821,0.5767353482208201,0,0,0,1,28.216666666666665,2,0,15.580962924406592,0.4747295333440982,0,0,0,0,0.0,0,0,16.099269751214187,0.4171307696349012,0,0,0,1,25.05,2,0,26.084095345168645,0.8148642239354429,0,0,0,1,23.83333333333333,3,0,31.15310062422893,0.4671100906573248,0,0,0,1,19.666666666666668,3,0,17.794331459999757,0.5890051274543641,0,0,0,1,20.516666666666666,3,0,25.25526841061441,0.3751069519259707,0,0,0,1,19.216666666666665,3,0,14.532164543095885,0.4786628858373172,0,0,0,1,7.433333333333334,3,0,19.12430258386898,0.3204262520315668,0,0,0,1,28.75,3,0,23.421150530474115,0.2495681276708557,0,0,0,1,13.966666666666669,3,0,0.5265395596830709,2.456155208140841,0.0490491746735079,0.0589227098350583,0.016918140105176,0.0193984229909656,0.0173666934250698,0.0202020719434485,0.0178360635176392,0.0235690839340233,0.3648648648648648,0.2941176470588235,0.0769230769230769,0.4590163934426229,0.6351351351351351,0.7058823529411765,0.9230769230769232,0.5409836065573771,0.1663893510815308,0.1925545571245186,0.1644736842105263,0.2776635129576306,1,2,0,0,1,1,1,1,0.0,0.0,0,0
7090fce6-e1b8-4168-8a7c-9c0a918d63ba,2020-07-29 02:00:00+00:00,2020-07-29,2020,0,d6a012ed-84aa-48d3-8265-2d3f3ff2199a,6f017f37-be96-4bdc-b6d3-0a0429c72e89,d6a012ed-84aa-48d3-8265-2d3f3ff2199a,6f017f37-be96-4bdc-b6d3-0a0429c72e89,1526.3314687983232,1548.8934370104314,0.5035085521934529,0.0140344391276129,1,29.936083343883613,0.6187363431447861,0,0,0,1,19.65,3,0,24.75739969431899,0.4785907168914909,0,0,0,1,13.366666666666667,3,0,26.11567079504784,0.4530555269544221,0,0,0,1,26.866666666666667,3,0,25.335659342705537,0.3945430302643238,0,0,0,1,20.55,3,0,20.79839899421726,0.4124278393306311,0,0,0,1,23.03333333333333,3,0,18.81297547798825,0.3158710419975852,0,0,0,1,13.133333333333333,3,0,15.928082498559789,0.3069923158744636,0,0,0,1,7.066666666666666,3,0,29.36139262032169,0.7430924464841416,0,0,0,1,32.833333333333336,2,0,32.087102482552154,0.5321255498371315,0,0,0,1,26.15,2,0,20.73157675475012,0.4672349643606867,0,0,0,1,29.28333333333333,2,0,18.939537790456534,0.2355186472335918,0,0,0,1,29.28333333333333,2,0,7.856732656918423,0.3598341349519209,0,0,0,1,21.366666666666667,2,0,2.72810236902734,0.8427097701828029,0,0,0,1,4.083333333333333,2,0,9.54619890013899,0.2099999544424465,0,0,0,1,15.083333333333334,2,0,1.7724804381900583,1.1744192000983056,0.045913799871474,0.0422132846579522,0.0147306774587645,0.0158561833289921,0.0188552671472186,0.0188552671472186,0.0183655199485896,0.0295492992605665,0.2987012987012987,0.2537313432835821,0.4242424242424242,0.2878787878787879,0.7012987012987013,0.746268656716418,0.5757575757575758,0.7121212121212122,0.1434426229508197,0.1551418439716312,0.2090301003344481,0.1592356687898089,2,1,0,0,1,1,1,1,0.0,0.0,0,0
e110f0e9-28ae-4ba8-b710-3999fe91df45,2020-07-29 23:00:00+00:00,2020-07-29,2020,0,f073a15f-0486-4179-b0a3-dfd0294eb595,0699edf3-5993-4182-b9b4-ec935cbd4fcc,f073a15f-0486-4179-b0a3-dfd0294eb595,0699edf3-5993-4182-b9b4-ec935cbd4fcc,1466.4264543274182,1438.5488381087257,0.5755148545133661,0.3043880271455552,1,21.318051044452027,0.6240577993162513,0,0,0,1,13.683333333333334,3,0,29.56986558493696,0.4064681417754951,0,0,0,1,24.55,3,0,22.4692789224556,0.4802579803059677,0,0,0,0,0.0,0,0,18.68201146300237,0.5699340662895374,0,0,0,1,19.33333333333333,3,0,25.585394528451083,0.3880095579529412,0,0,0,1,30.766666666666666,3,0,24.888926233489723,0.3332140643347058,0,0,0,1,28.766666666666666,3,0,12.584635316879016,0.2867011347834061,0,0,0,1,10.316666666666666,3,0,28.807342677184582,0.6478893651465348,0,0,0,1,25.73333333333333,3,0,20.419184825079085,0.5283642451784045,0,0,0,0,0.0,0,0,23.282322351773512,0.3670562598498514,0,0,0,1,28.75,3,0,14.756099782728128,0.4700006281789919,0,0,0,1,23.383333333333333,3,0,14.965968928070144,0.3791722738554169,0,0,0,1,16.683333333333334,3,0,11.212467252239051,0.3196217079704674,0,0,0,1,9.1,3,0,11.717155062309764,0.271904633273464,0,0,0,1,15.4,3,0,-2.8933920582975303,-2.456155208140841,0.0424907428669716,0.0486836815686383,0.0144869073826148,0.0291776829994786,0.0141414503604139,0.026936095924598,0.0199175357188929,0.0324557877124255,0.3661971830985915,0.4590163934426229,0.25,0.2941176470588235,0.6338028169014085,0.5409836065573771,0.75,0.7058823529411765,0.1434878587196468,0.2776635129576306,0.1541850220264317,0.1925545571245186,3,3,0,0,1,1,1,1,0.0,0.0,0,0
5b91a524-758a-4128-b018-947466e58734,2020-07-30 00:00:00+00:00,2020-07-30,2020,0,5f0b5caf-708b-4300-92f2-53b51d83ec06,08ed8274-e29f-4248-bc2e-83cc8ed18d75,5f0b5caf-708b-4300-92f2-53b51d83ec06,08ed8274-e29f-4248-bc2e-83cc8ed18d75,1423.285972136182,1390.052201129972,0.583029068011824,0.3352205325693198,1,29.456921261040502,0.5029253318399557,0,0,0,1,19.883333333333333,3,0,23.95097529173925,0.5114221826567878,0,0,0,1,29.58333333333333,3,0,31.19608021620611,0.3557880437435515,0,0,0,1,31.7,3,0,16.415202298714267,0.5363812518211097,0,0,0,1,13.25,3,0,23.47858473387241,0.2899547833852772,0,0,0,1,16.783333333333335,3,0,7.177860039291461,0.4752891692954785,0,0,0,0,0.0,0,0,8.843914884871648,0.3018461123837758,0,0,0,0,0.0,0,0,20.280077497631524,0.544675627859349,0,0,0,1,23.8,4,0,27.24814823105606,0.3544121301980911,0,0,0,1,9.516666666666667,4,0,12.79512268648114,0.3039661334536243,0,0,0,0,0.0,0,0,5.9652278537205365,0.4818294895787551,0,0,0,1,31.7,4,0,3.1991103259780984,0.3929971974024794,0,0,0,1,33.93333333333333,4,0,2.59731304952937,0.4578163025001185,0,0,0,1,27.55,4,0,2.6177395889388566,0.4122554913307485,0,0,0,1,27.766666666666666,4,0,-1.2475307313102932,-1.7724804381900583,0.0495869038611919,0.0371391625627034,0.0143776546874216,0.0207931927075635,0.0198476496286512,0.0127400453697423,0.0244873599314528,0.0314254452453644,0.3636363636363636,0.4242424242424242,0.2741935483870967,0.2987012987012987,0.6363636363636364,0.5757575757575758,0.7258064516129032,0.7012987012987013,0.1402805611222445,0.2090301003344481,0.1809280544912728,0.1434426229508197,2,3,0,0,1,1,1,1,0.0,0.0,0,0
aea580cb-91ad-45a1-a035-b50ee914d2fe,2020-07-30 02:00:00+00:00,2020-07-30,2020,0,171b097d-01db-4ae8-9d56-035689402ec6,5d70a9af-8c2b-4aec-9e68-9acc6ddb93e4,FR_LVA_ACES,5d70a9af-8c2b-4aec-9e68-9acc6ddb93e4,1536.823322334907,1435.57047909526,0.6740960247035509,0.7267697869793138,1,22.23928980628001,0.7727812659087053,0,0,0,0,0.0,0,0,25.44645947835281,0.5953708118708153,0,0,0,1,27.65,3,0,23.36533421590872,0.6214135362001316,0,0,0,1,29.83333333333333,3,0,28.216091192650087,0.3790800562041248,0,0,0,1,16.65,3,0,25.86074958409457,0.4120823096419588,0,0,0,1,16.933333333333334,3,0,24.20836788791529,0.3559094397544129,0,0,0,0,0.0,0,0,21.930227121672782,0.3692346382084636,0,0,0,1,28.65,3,0,27.43145686917477,0.5221063916827716,0,0,0,1,34.166666666666664,3,0,27.23748271782208,0.5138355567871422,0,0,0,0,0.0,0,0,17.73167507411295,0.6022718922565377,0,0,0,1,31.933333333333334,3,0,21.862444067398776,0.4009666600907476,0,0,0,0,0.0,0,0,24.4513869065666,0.3531300411349918,0,0,0,1,24.53333333333333,3,0,26.617980851217474,0.2896336319953621,0,0,0,1,34.28333333333333,3,0,9.406019702824905,0.5321395388123997,0,0,0,0,0.0,0,0,-0.5265395596830709,1.2475307313102932,0.0435121549551199,0.0570219772597338,0.0173527252870678,0.0178156703814315,0.0280280998134331,0.0150842137177749,0.0229647484485355,0.0516999260488253,0.0769230769230769,0.2741935483870967,0.3648648648648648,0.3636363636363636,0.9230769230769232,0.7258064516129032,0.6351351351351351,0.6363636363636364,0.1644736842105263,0.1809280544912728,0.1663893510815308,0.1402805611222445,2,2,0,0,1,1,1,1,0.0,0.0,0,0
eceaaefb-c2b5-4735-a8ac-2507842826d6,2020-07-30 22:00:00+00:00,2020-07-30,2020,0,5c0d47fe-8539-47b0-9f36-d0b3609ca89b,d6a012ed-84aa-48d3-8265-2d3f3ff2199a,5c0d47fe-8539-47b0-9f36-d0b3609ca89b,d6a012ed-84aa-48d3-8265-2d3f3ff2199a,1641.2091746902734,1562.0092661571284,0.645615785249369,0.5998228901994063,1,22.063292279532703,0.7993915835727564,0,0,0,0,0.0,0,0,25.377731983851707,0.6511416744055275,0,0,0,1,35.11666666666667,1,0,29.17435416785288,0.4292597441554577,0,0,0,1,24.4,1,0,19.304239191353965,0.6088974351308715,0,0,0,1,32.7,1,0,24.435055804280843,0.4671313467195294,0,0,0,0,0.0,0,0,23.42237583490904,0.4635799606672706,0,0,0,1,29.95,1,0,10.902074385808197,0.6460267960123497,0,0,0,0,0.0,4,0,28.58295866515276,0.5990747918724831,0,0,0,1,15.583333333333334,0,0,26.188043206239264,0.4423578938274296,0,0,0,1,26.883333333333333,0,0,24.546151595109087,0.4528957416811974,0,0,0,1,22.516666666666666,0,0,24.774495857435284,0.4227236599416308,0,0,0,1,19.383333333333333,0,0,20.924251712157407,0.4117699255278063,0,0,0,1,22.133333333333333,0,0,17.473028230016563,0.3191321302734861,0,0,0,1,4.6,0,0,14.426441245293375,0.3069923158744636,0,0,0,0,0.0,4,0,3.1446153162338577,4.712147530862157,0.1039639668994859,0.0994366028979283,0.0301118876590494,0.0280879610799679,0.0340790189207087,0.0390754733230088,0.0533971090314952,0.0352036673053001,0.3043478260869565,0.3356643356643357,0.3211678832116788,0.359375,0.6956521739130435,0.6643356643356644,0.6788321167883211,0.640625,0.1567228707306528,0.14339289653651,0.1560818083961248,0.2223163243701037,1,1,0,0,1,1,2,2,0.0,0.0,0,0
bc9c2e99-a648-4730-8126-7affa3aee2eb,2020-07-31 00:00:00+00:00,2020-07-31,2020,0,6f017f37-be96-4bdc-b6d3-0a0429c72e89,3c409388-ab73-4c7f-953d-3a71062240f6,6f017f37-be96-4bdc-b6d3-0a0429c72e89,3c409388-ab73-4c7f-953d-3a71062240f6,1513.215639651626,1574.7977717517606,0.4475477718259631,-0.2105836801092715,1,29.0256375739602,0.7710276512167307,0,0,0,1,25.8,1,0,32.155883120514765,0.4964136972586252,0,0,0,1,32.81666666666667,1,0,21.357108718925133,0.4682673208829669,0,0,0,1,27.366666666666667,1,0,19.76701333918908,0.2474616818270328,0,0,0,1,27.716666666666665,1,0,9.333093853226512,0.331806600151856,0,0,0,1,23.516666666666666,1,0,3.426240409621565,0.7846190830549086,0,0,0,1,10.133333333333333,1,0,10.016367660323851,0.2264126889442732,0,0,0,1,14.533333333333331,1,0,29.454090257638057,0.5924954295411505,0,0,0,1,30.9,1,0,22.717479857020823,0.5553749263281957,0,0,0,0,0.0,4,0,27.63501126118709,0.4447112871954369,0,0,0,1,24.0,1,0,21.24659348191741,0.5682912472445442,0,0,0,1,27.28333333333333,1,0,28.15891320410593,0.4286319777296623,0,0,0,1,24.616666666666667,1,0,16.90540126693749,0.4607848834481195,0,0,0,1,24.65,1,0,16.898389708748045,0.411001756578901,0,0,0,1,29.316666666666663,1,0,-2.043070792253638,2.5139738887761296,0.0739673432771157,0.1033477080494683,0.0408705150747947,0.0330359519079782,0.0612696940275474,0.0325644851579759,0.058695806868162,0.0355643786332592,0.2713178294573643,0.3661971830985915,0.3333333333333333,0.1756756756756756,0.7286821705426356,0.6338028169014085,0.6666666666666666,0.8243243243243243,0.1962066710268149,0.17174753112924,0.1517535971223021,0.1684017146356399,1,1,0,0,2,2,2,2,0.0,0.0,0,0
b418d0e3-edad-4cbe-9526-05e808edc57f,2020-07-31 02:00:00+00:00,2020-07-31,2020,0,0a5ad38d-2fe3-43ba-894b-1ba3d5042ea9,a015b02d-845c-40c1-8ef4-844984f47e4d,0a5ad38d-2fe3-43ba-894b-1ba3d5042ea9,a015b02d-845c-40c1-8ef4-844984f47e4d,1533.5126368531835,1544.5482437635656,0.520085562474409,0.0803855084021598,1,26.068310782862344,0.7541955657610904,0,0,0,1,25.916666666666668,1,0,31.034962889068016,0.4472340673869689,0,0,0,1,29.9,1,0,19.02674332279824,0.5732112438124306,0,0,0,1,30.866666666666667,1,0,24.9845128950564,0.4095738415887596,0,0,0,1,22.383333333333333,1,0,13.338107813032869,0.4730539463924773,0,0,0,1,1.8666666666666667,1,0,20.033349337428465,0.3145587947183804,0,0,0,1,28.766666666666666,1,0,22.96977266895343,0.2514833187318254,0,0,0,1,18.633333333333333,1,0,31.963161354516416,0.647666492917367,0,0,0,1,38.083333333333336,2,0,33.20387177272293,0.5920920242058157,0,0,0,1,40.0,2,0,30.73047512179209,0.3004138849391083,0,0,0,1,31.383333333333333,2,0,20.583776625766887,0.2527849999051107,0,0,0,0,0.0,0,0,10.569829161998909,0.4323248157682016,0,0,0,1,31.416666666666668,2,0,9.217765578706375,0.4575350011243819,0,0,0,1,21.916666666666668,2,0,8.741780019932188,0.4580323229314068,0,0,0,0,0.0,0,0,0.1875233457181262,-1.5877009203354548,0.0984856533338697,0.0789026764440844,0.0351913557497192,0.031769307832201,0.0347958533801596,0.0323738559409785,0.0415491490075157,0.0816657472692554,0.2898550724637681,0.2803030303030303,0.4108527131782946,0.3065693430656934,0.7101449275362319,0.7196969696969697,0.5891472868217055,0.6934306569343066,0.1827171109200343,0.1636747624076029,0.2294557097118463,0.1571986123156981,1,1,0,0,1,2,2,2,0.0,0.0,0,0
4784838b-3a38-4a3b-b718-b548829a71c6,2020-07-31 23:00:00+00:00,2020-07-31,2020,0,5d70a9af-8c2b-4aec-9e68-9acc6ddb93e4,08ed8274-e29f-4248-bc2e-83cc8ed18d75,5d70a9af-8c2b-4aec-9e68-9acc6ddb93e4,08ed8274-e29f-4248-bc2e-83cc8ed18d75,1409.5218954656552,1373.0533663659592,0.5875487724539171,0.3538412969830773,1,27.38920942425854,0.5358967265052196,0,0,0,1,26.98333333333333,0,0,24.669632652510646,0.5138355567871422,0,0,1,0,0.0,0,1,18.382338125295,0.5643375807545881,0,0,0,1,24.633333333333333,0,0,23.777180353584424,0.3681996342976225,0,0,0,1,17.3,0,0,26.919541229069043,0.2960049096195484,0,0,0,1,29.816666666666663,0,0,19.80133295048913,0.4009666600907476,0,0,0,0,0.0,0,0,8.519254631381076,0.5321395388123997,0,0,0,0,0.0,0,0,20.73919594647357,0.5110059015931383,0,0,0,1,25.15,0,0,26.79422512525121,0.3052192450422214,0,0,0,1,22.433333333333334,0,0,7.783325507177239,0.4955226782143503,0,0,0,1,25.25,0,0,11.58884540430594,0.3039661334536243,0,0,0,0,0.0,0,0,6.076193713397997,0.4837366621130073,0,0,0,1,33.71666666666667,0,0,5.121029618576809,0.4411693169982894,0,0,0,1,29.366666666666667,0,0,3.698144801528537,0.4036839096834477,0,0,0,1,17.866666666666667,0,0,-1.99250834237932,-3.139875389293888,0.0927237004722713,0.0794845296181122,0.0347374868347868,0.0409427215257587,0.0301604880748193,0.0437913912217296,0.0656811136103337,0.0439602492657852,0.3409090909090909,0.381294964028777,0.25,0.3087248322147651,0.6590909090909091,0.6187050359712231,0.75,0.6912751677852349,0.1817015818725951,0.2062280882656217,0.1639833035181872,0.128287363694676,1,1,0,0,1,1,2,2,0.0,0.0,0,0
9d407fda-2961-40e5-ba00-962e8cb0b36d,2020-08-01 00:00:00+00:00,2020-08-01,2020,0,5f0b5caf-708b-4300-92f2-53b51d83ec06,f073a15f-0486-4179-b0a3-dfd0294eb595,5f0b5caf-708b-4300-92f2-53b51d83ec06,f073a15f-0486-4179-b0a3-dfd0294eb595,1440.2848069001948,1476.200629741958,0.4842960349803759,-0.0628365273830196,1,27.71372781105548,0.5277225976817499,0,0,0,1,10.966666666666669,1,0,23.71204996094304,0.5017059716523125,0,0,0,1,21.416666666666668,1,0,31.07703306712669,0.3574422155372656,0,0,0,1,29.933333333333334,1,0,16.603893025431173,0.5480600331731899,0,0,0,1,18.416666666666668,1,0,23.262196842236445,0.2945183115212333,0,0,0,1,21.183333333333334,1,0,6.662998739374158,0.4765025292386363,0,0,0,1,1.7166666666666668,1,0,8.010142995964056,0.3018461123837758,0,0,0,0,0.0,0,0,22.19626172499508,0.6903569471725622,0,0,0,1,30.633333333333333,2,0,30.23735471410811,0.4732434381956092,0,0,0,1,36.65,2,0,26.502823207692785,0.3940109267688083,0,0,0,1,35.31666666666667,2,0,18.118049341939205,0.5686257199690257,0,0,0,1,12.7,2,0,20.350957639014247,0.4802579803059677,0,0,0,0,0.0,0,0,25.19008322971234,0.384663125779877,0,0,0,1,28.08333333333333,2,0,12.14298506494377,0.3089050050016431,0,0,0,1,7.9,2,0,0.404579806736103,-2.406081659741325,0.0985971678921583,0.0930304655740801,0.0241817862224403,0.0283129937277673,0.0310704214675899,0.0420664193979175,0.0444384717473977,0.0544035129326303,0.3422818791946309,0.3262411347517731,0.3111111111111111,0.2846715328467153,0.6577181208053692,0.6737588652482269,0.6888888888888889,0.7153284671532847,0.1267962806424344,0.1447876447876448,0.1924677486475239,0.1206669591926283,1,1,0,0,1,1,2,2,0.0,0.0,0,0
92130fe1-492b-412a-b99b-f2adb0373234,2020-08-01 02:00:00+00:00,2020-08-01,2020,0,0699edf3-5993-4182-b9b4-ec935cbd4fcc,171b097d-01db-4ae8-9d56-035689402ec6,0699edf3-5993-4182-b9b4-ec935cbd4fcc,FR_LVA_ACES,1428.7746626941855,1562.8719059645118,0.3479609447440514,-0.6280142151024943,1,29.1146197998897,0.6297197197710187,0,0,0,1,32.06666666666667,2,0,23.485111785243067,0.4437742540926991,0,0,0,1,25.433333333333334,2,0,18.494138901052587,0.5283642451784045,0,0,0,0,0.0,0,0,14.849801053299828,0.4625851722722993,0,0,0,1,15.75,2,0,14.667492978477362,0.3709124951749019,0,0,0,1,11.8,2,0,11.382560561968493,0.3186897283127803,0,0,0,1,13.016666666666667,2,0,12.251341587329335,0.2624584280665503,0,0,0,1,17.383333333333333,2,0,25.504930339464227,0.6124566377919513,0,0,0,1,26.066666666666663,1,0,20.14265105397088,0.7727812659087053,0,0,0,0,0.0,0,0,23.68599937598644,0.6522307240722347,0,0,0,1,26.766666666666666,1,0,27.872036820794943,0.4192819212050069,0,0,0,1,24.566666666666663,1,0,25.15109236241248,0.3928946035780731,0,0,0,1,18.33333333333333,1,0,21.926091669291328,0.3559094397544129,0,0,0,0,0.0,0,0,22.4081867316557,0.3353453348696427,0,0,0,1,27.0,1,0,-2.439129892570202,2.645527108247455,0.0966974251535317,0.0938512527242775,0.0354572183188818,0.0362022540210093,0.0447807320933787,0.066631610149918,0.0744846572820359,0.0553234446931209,0.3846153846153846,0.1006711409395973,0.2898550724637681,0.3819444444444444,0.6153846153846154,0.8993288590604027,0.7101449275362319,0.6180555555555556,0.1854206399660945,0.17578125,0.1689902830587241,0.1743080498626664,1,1,0,0,1,1,2,2,0.0,0.0,0,0
7c479edf-f1db-43fc-85d3-fdcd3063d59b,2020-08-01 20:00:00+00:00,2020-08-01,2020,0,a015b02d-845c-40c1-8ef4-844984f47e4d,6f017f37-be96-4bdc-b6d3-0a0429c72e89,a015b02d-845c-40c1-8ef4-844984f47e4d,6f017f37-be96-4bdc-b6d3-0a0429c72e89,1534.4231813773276,1520.3722267878115,0.5559633732108787,0.2247953647625181,0,33.68588734069415,0.6816254324085188,0,0,0,1,38.31666666666667,0,0,32.42387459534614,0.6171800818696795,0,0,0,1,36.85,0,0,30.79359547399368,0.2904282662767319,0,0,0,1,31.4,0,0,11.680420502950836,0.412314259405887,0,0,0,1,22.35,0,0,18.643213589879338,0.2527849999051107,0,0,0,0,0.0,0,0,9.951446123785235,0.3988986170265666,0,0,0,1,17.0,0,0,16.800200304848087,0.2282044418349352,0,0,0,1,30.883333333333333,0,0,28.77653081225396,0.7482961589909252,0,0,0,1,26.383333333333333,0,0,32.50886474048029,0.521646810252426,0,0,0,1,35.9,0,0,22.09807904274369,0.4908173057962059,0,0,0,1,29.216666666666665,0,0,17.903451753123857,0.2474616818270328,0,0,0,0,0.0,2,0,10.99866502853778,0.3094580166435553,0,0,0,1,27.0,0,0,11.031437730971485,0.2877619385189981,0,0,0,1,20.78333333333333,0,0,3.230500071695239,0.7721815809683927,0,0,0,1,1.35,0,0,-1.7564494654875829,-1.1775660528576186,0.1082705358658595,0.1156052088027385,0.0440646297987927,0.0559483837855616,0.0571761393512424,0.0824295077075567,0.1101273861712946,0.0855696716828403,0.2536585365853658,0.2694300518134715,0.277511961722488,0.3383084577114428,0.7463414634146341,0.7305699481865285,0.722488038277512,0.6616915422885572,0.155860349127182,0.1903646214672719,0.1582278481012658,0.155902004454343,1,1,0,0,2,2,3,3,0.0,0.0,0,0
b800deca-183b-412f-94bd-486e8f88ed93,2020-08-01 22:00:00+00:00,2020-08-01,2020,0,3c409388-ab73-4c7f-953d-3a71062240f6,5c0d47fe-8539-47b0-9f36-d0b3609ca89b,3c409388-ab73-4c7f-953d-3a71062240f6,5c0d47fe-8539-47b0-9f36-d0b3609ca89b,1567.6411846155752,1659.5276628811453,0.4049144131463879,-0.3850295194429302,1,29.859092886800926,0.5722657908892727,0,0,0,1,33.75,0,0,22.1991056268944,0.585956729190432,0,0,0,1,31.35,0,0,26.96234854404661,0.4441809700422612,0,0,0,1,20.5,0,0,27.65212323143279,0.4250209170822445,0,0,0,1,22.78333333333333,0,0,20.57575909894239,0.5553749263281957,0,0,0,0,0.0,5,0,17.525544598878238,0.4078205117971299,0,0,0,1,23.48333333333333,0,0,17.335355210017312,0.3893279448934954,0,0,0,1,21.53333333333333,0,0,26.04290822549547,0.6342560100124182,0,0,0,1,32.43333333333333,1,0,19.983245929143923,0.7993915835727564,0,0,0,0,0.0,0,0,28.87823023310365,0.4641069407433872,0,0,0,1,26.03333333333333,1,0,20.127186201355176,0.5873651198335386,0,0,0,1,28.03333333333333,1,0,24.12733884120548,0.4879709608050029,0,0,0,1,30.9,1,0,22.13140827954629,0.4671313467195294,0,0,0,0,0.0,0,0,11.043784277497606,0.6015918329799977,0,0,0,1,30.916666666666668,1,0,1.6040741309531898,5.065467719929479,0.1400594708427275,0.1444019881741372,0.0468613695769911,0.0380188321771002,0.0523492940915055,0.0563462646308679,0.0554390023404278,0.0595273281692215,0.3601895734597156,0.3457943925233644,0.2028301886792453,0.3399014778325123,0.6398104265402843,0.6542056074766355,0.7971698113207547,0.6600985221674877,0.1691864650827933,0.1386861313868613,0.171544601596415,0.1700434153400868,1,1,0,0,2,2,3,3,0.0,0.0,0,0
522e930b-0538-4a6d-b322-c5d19be4c149,2020-08-02 00:00:00+00:00,2020-08-02,2020,0,d6a012ed-84aa-48d3-8265-2d3f3ff2199a,0a5ad38d-2fe3-43ba-894b-1ba3d5042ea9,d6a012ed-84aa-48d3-8265-2d3f3ff2199a,0a5ad38d-2fe3-43ba-894b-1ba3d5042ea9,1543.6907779662563,1543.6376992394216,0.5359919183989563,0.1442171140250406,1,27.212844574798048,0.5718923841156459,0,0,0,1,14.05,2,0,25.700504775376764,0.4543841948717431,0,0,0,1,21.016666666666666,2,0,23.52047362135948,0.4870246560569944,0,0,0,1,13.666666666666666,2,0,24.55849345008709,0.3921034781243488,0,0,0,1,22.48333333333333,2,0,20.56214400154046,0.3739164372148105,0,0,0,1,17.083333333333332,2,0,18.058513038960427,0.3318890517259351,0,0,0,1,23.683333333333334,2,0,14.263678690823458,0.313478851835946,0,0,0,1,12.7,2,0,25.94559654515497,0.7289016298453469,0,0,0,1,24.766666666666666,1,0,31.295640456061,0.4253092931646597,0,0,0,1,33.8,1,0,20.144539183316656,0.5787967464828933,0,0,0,1,30.883333333333333,1,0,24.50044983352076,0.4326050983608718,0,0,0,1,19.85,1,0,20.069487090653187,0.3346425528691543,0,0,0,1,20.416666666666668,1,0,12.32261581115648,0.4964425061387251,0,0,0,1,2.5666666666666664,1,0,22.367682569990315,0.2456071659297028,0,0,0,1,16.583333333333332,1,0,2.0505883151948483,0.4882755019850264,0.1307723202247069,0.1343748643551887,0.0467587004186093,0.0478346486015109,0.0634196806943952,0.0442554731944101,0.0533112344873051,0.0572729507644869,0.3492822966507177,0.2666666666666666,0.3823529411764705,0.3366336633663366,0.6507177033492823,0.7333333333333333,0.6176470588235294,0.6633663366336634,0.1618122977346278,0.1752002288329519,0.1835324600546998,0.1988002232142857,1,1,0,0,2,2,3,3,0.0,0.0,0,0
561b4d85-973f-4d2f-bcc5-19686b563f50,2020-08-02 17:00:00+00:00,2020-08-02,2020,0,08ed8274-e29f-4248-bc2e-83cc8ed18d75,0699edf3-5993-4182-b9b4-ec935cbd4fcc,08ed8274-e29f-4248-bc2e-83cc8ed18d75,0699edf3-5993-4182-b9b4-ec935cbd4fcc,1363.61849503521,1444.7666274213743,0.4198925178982601,-0.3232146315795948,0,20.5642320196771,0.4896616256554928,0,0,0,1,18.883333333333333,1,0,24.26816376155456,0.3052192450422214,0,0,0,0,0.0,2,0,10.028674307779848,0.4634182278619149,0,0,0,1,31.6,1,0,6.634668463709268,0.4932953821419379,0,0,0,1,12.0,1,0,10.496291524175913,0.3039661334536243,0,0,0,0,0.0,0,0,6.552047326384078,0.4105565224480131,0,0,0,1,20.3,1,0,5.761400183200664,0.4390352534582831,0,0,0,1,25.58333333333333,1,0,29.89887762986101,0.6355406732435138,0,0,0,1,37.43333333333333,0,0,23.43780595144569,0.4472984876661524,0,0,0,1,22.98333333333333,0,0,16.75057925286701,0.5283642451784045,0,0,0,0,0.0,0,0,15.481471258697551,0.5196912059920934,0,0,0,1,21.55,0,0,13.28469548603164,0.3709124951749019,0,0,0,0,0.0,3,0,7.592846659227222,0.5052942008355221,0,0,0,1,33.71666666666667,0,0,12.900150551708633,0.2821610879575614,0,0,0,1,19.133333333333333,0,0,-3.2748039639370154,-1.3309935676281903,0.1132369163025504,0.1497178220610031,0.0534350701653556,0.0473977754232327,0.0618455665525812,0.047542401036783,0.0620755284290948,0.094602673982287,0.3886255924170616,0.3571428571428571,0.25,0.2596153846153846,0.6113744075829384,0.6428571428571429,0.75,0.7403846153846154,0.1906809041741783,0.1768187066974595,0.140065591691719,0.1491053677932405,1,1,0,0,2,2,2,2,0.0,0.0,0,0
f78eb7da-0704-4146-9f3c-445df1540f8e,2020-08-02 19:30:00+00:00,2020-08-02,2020,0,f073a15f-0486-4179-b0a3-dfd0294eb595,5d70a9af-8c2b-4aec-9e68-9acc6ddb93e4,f073a15f-0486-4179-b0a3-dfd0294eb595,5d70a9af-8c2b-4aec-9e68-9acc6ddb93e4,1468.02079797718,1418.9567667964045,0.6050009898770423,0.4263468353097503,1,21.52253835535145,0.6693895595514172,0,0,0,1,15.05,0,0,30.75549543961258,0.4493075626899811,0,0,0,1,35.733333333333334,0,0,17.49726644478505,0.5864069324523591,0,0,0,1,11.533333333333331,0,0,26.98336635827056,0.3437421213617926,0,0,0,1,31.6,0,0,24.952184762612625,0.355388428876193,0,0,0,1,22.666666666666668,0,0,18.43234392408753,0.4802579803059677,0,0,0,0,0.0,0,0,12.409191419639628,0.3273385693277758,0,0,0,1,14.966666666666669,0,0,28.22457229146435,0.5422578569182583,0,0,0,1,36.25,1,0,23.88214562683705,0.4754504470472271,2,2,0,1,16.316666666666666,1,1,19.96627439022851,0.544253703955351,0,0,0,1,35.18333333333333,1,0,27.714333990566622,0.3823397520526972,0,0,0,1,35.35,1,0,24.436123511859392,0.3307859981106344,0,0,0,1,30.766666666666666,1,0,18.64475089977189,0.3817922070267381,0,0,0,1,7.533333333333333,1,0,7.716090521531726,0.5321395388123997,0,0,0,0,0.0,0,0,-2.4634046173901014,-1.3737174359225053,0.1215776103968033,0.1210640751453846,0.0422751584594835,0.0495435398054883,0.0717706714252917,0.0654765370016271,0.0741530265680843,0.0984564909963373,0.3051643192488263,0.2657004830917874,0.3033175355450237,0.3,0.6948356807511737,0.7342995169082126,0.6966824644549763,0.7,0.1459905996296823,0.174204126246755,0.1185685541822362,0.1623157040443662,1,1,0,0,2,2,2,3,0.0,0.0,0,0
7dd62a37-517b-473b-9a6a-7ebcb34fbd99,2020-08-02 22:00:00+00:00,2020-08-02,2020,0,171b097d-01db-4ae8-9d56-035689402ec6,5f0b5caf-708b-4300-92f2-53b51d83ec06,FR_LVA_ACES,5f0b5caf-708b-4300-92f2-53b51d83ec06,1546.8799412373232,1448.4646386649729,0.6704974021032778,0.7104355898761096,1,25.50760806965014,0.6096733903112338,0,0,0,1,25.53333333333333,0,0,24.281260218653845,0.6329284344603706,0,0,0,1,30.0,0,0,18.243675720591742,0.7727812659087053,0,0,0,0,0.0,0,0,27.45042957605351,0.4574374063823129,0,0,0,1,23.4,0,0,25.39610785140077,0.3511005722067021,0,0,0,1,27.75,0,0,22.00831176197742,0.3483376339978049,0,0,0,1,18.166666666666668,0,0,19.85898008969686,0.3559094397544129,0,0,0,0,0.0,0,0,25.907041773985306,0.4880603579236772,0,0,0,1,8.55,0,0,22.09878859369237,0.4857557818020944,0,0,0,1,6.6,0,0,31.110623750646443,0.3112178588104908,0,0,0,1,31.433333333333334,0,0,16.11171778716864,0.5364632963470405,0,0,0,1,11.383333333333333,0,0,23.74185628089692,0.325262155584904,0,0,0,1,28.35,0,0,7.868163118725908,0.5068820083270302,0,0,0,1,33.95,0,0,6.278382833863327,0.4879674361265183,0,0,0,1,2.583333333333333,0,0,1.51793241010526,0.6505970250552122,0.1328148707793522,0.1243369129561207,0.043585886784947,0.0348650121895479,0.0742139931208015,0.0640560105479803,0.0878182873415923,0.072099088889697,0.1324200913242009,0.3408071748878923,0.3571428571428571,0.2946859903381642,0.867579908675799,0.6591928251121076,0.6428571428571429,0.7053140096618358,0.1548196015078083,0.1226864834548513,0.1692595793719389,0.1779483600837404,1,1,0,0,2,2,3,3,0.0,0.0,0,0
425be7b7-6780-41ed-b592-59d0b48064af,2020-08-04 22:00:00+00:00,2020-08-04,2020,0,3c409388-ab73-4c7f-953d-3a71062240f6,5f0b5caf-708b-4300-92f2-53b51d83ec06,3c409388-ab73-4c7f-953d-3a71062240f6,5f0b5caf-708b-4300-92f2-53b51d83ec06,1575.1726562176602,1438.8680484047777,0.7167797939001423,0.928543963452986,1,29.76238803475371,0.5740772822343819,0,0,0,1,28.83333333333333,2,0,22.77113304857921,0.5725171986248336,0,0,0,1,28.266666666666666,2,0,27.20630284147606,0.4516973197124524,0,0,0,1,29.55,2,0,27.24182100050138,0.4339317356317504,0,0,0,1,23.3,2,0,18.635951926105523,0.5553749263281957,0,0,0,0,0.0,8,0,18.25063540512833,0.4509611160410204,0,0,0,1,25.216666666666665,2,0,18.5780409543464,0.389795931058131,0,0,0,1,30.516666666666666,2,0,25.05631960744978,0.4481148830447336,0,0,0,1,16.883333333333333,1,0,31.19289961226394,0.3150215871594375,0,0,0,1,31.98333333333333,1,0,20.38464476250551,0.4720332533391291,0,0,0,1,3.9166666666666665,1,0,16.509716231747575,0.5275212342097766,0,0,0,1,20.33333333333333,1,0,24.014454142265624,0.3225339587937483,0,0,0,1,26.633333333333333,1,0,9.784974198676387,0.4946568361807238,0,0,0,1,28.2,1,0,6.7481943313071255,0.4471605138664877,0,0,0,1,19.8,1,0,1.9513930046380707,-0.2609962792264568,0.1834209785881949,0.1498292274596011,0.0619309805715965,0.0440305124774522,0.0591985364331989,0.0782191165350927,0.0596400499165169,0.0801875882007539,0.3594306049822064,0.354515050167224,0.2272727272727272,0.2788104089219331,0.6405693950177936,0.6454849498327759,0.7727272727272727,0.7211895910780669,0.1762090652786814,0.1218349401419642,0.1647317226231565,0.1823081800887761,2,1,0,0,1,2,3,3,0.0,0.0,0,0
ac63213d-ba37-4286-96e9-1bd7686846f7,2020-08-04 23:00:00+00:00,2020-08-04,2020,0,5d70a9af-8c2b-4aec-9e68-9acc6ddb93e4,0699edf3-5993-4182-b9b4-ec935cbd4fcc,5d70a9af-8c2b-4aec-9e68-9acc6ddb93e4,0699edf3-5993-4182-b9b4-ec935cbd4fcc,1400.0629645441486,1479.057175431927,0.422915657340091,-0.3108156627454367,0,28.7093501071676,0.5490487728893878,0,0,0,1,33.36666666666667,1,0,23.84140452063448,0.4957421404430248,4,4,0,1,23.45,1,1,28.127798511698337,0.4026803450525495,0,0,0,1,32.1,1,0,20.876078012466994,0.4959095919341829,0,0,0,1,29.616666666666667,1,0,24.40757756333108,0.2984313557663897,0,0,0,1,24.133333333333333,1,0,17.529642459496866,0.3659567935114825,0,0,0,1,6.816666666666666,1,0,6.988645780953713,0.5321395388123997,0,0,0,0,0.0,0,0,29.20762364740704,0.6454658617192595,0,0,0,1,22.566666666666663,1,0,23.63693586670697,0.5168290171397254,0,0,0,1,25.55,1,0,16.15572260878415,0.5464259257765592,0,0,0,1,22.633333333333333,1,0,15.17139601944968,0.5283642451784045,0,0,0,0,0.0,0,0,11.527883666876733,0.4169120944447412,0,0,0,1,29.28333333333333,1,0,9.15693695094043,0.5044564046354241,0,0,0,1,24.183333333333334,1,0,12.597921088655315,0.3480081227597818,0,0,0,1,6.0,1,0,-3.000417122701398,2.4655223737897654,0.1574719274726054,0.184883786264752,0.0610634912059855,0.0574299063866924,0.0761387089692988,0.0687720056029647,0.1001049634463305,0.1328220483964474,0.2391304347826087,0.3396946564885496,0.3006993006993007,0.3167259786476868,0.7608695652173914,0.6603053435114504,0.6993006993006993,0.6832740213523132,0.1713773465513604,0.1672782214547809,0.165391771759355,0.1468120805369127,1,1,0,0,2,2,3,3,0.0,0.0,0,0
b27fc4b4-04d9-4a4d-b0e8-5590f6414a85,2020-08-05 01:00:00+00:00,2020-08-05,2020,0,d6a012ed-84aa-48d3-8265-2d3f3ff2199a,a015b02d-845c-40c1-8ef4-844984f47e4d,d6a012ed-84aa-48d3-8265-2d3f3ff2199a,a015b02d-845c-40c1-8ef4-844984f47e4d,1554.608160685673,1517.171314917544,0.5888989056618997,0.3594153757981566,1,26.289296817400555,0.5536161541971065,0,0,0,1,17.416666666666668,2,0,26.44681151158128,0.449450122688533,0,0,0,1,33.61666666666667,2,0,22.3055212568874,0.4576279602704301,0,0,0,1,10.633333333333333,2,0,25.32604485498429,0.3846711653426821,0,0,0,1,32.7,2,0,21.66088969316181,0.3982701000770802,0,0,0,1,32.21666666666667,2,0,17.303499774952513,0.3401510389702485,0,0,0,1,10.05,2,0,9.81957352256643,0.5878383925806984,0,0,0,1,34.28333333333333,2,0,34.095748618690735,0.6785274577223284,0,0,0,1,38.03333333333333,3,0,33.08627195291918,0.5588650359967716,0,0,0,1,39.45,3,0,30.835052348056657,0.2756181910325316,0,0,0,1,31.23333333333333,3,0,13.146692134622167,0.4383344015943576,0,0,0,1,27.23333333333333,3,0,16.885599726280176,0.2527849999051107,0,0,0,0,0.0,0,0,17.590531368761894,0.2166948809681345,0,0,0,1,25.183333333333334,3,0,9.838178185650431,0.3679356072516642,0,0,0,1,8.75,3,0,2.8971918490565973,-2.644465395729095,0.1716640971672995,0.1369708805895513,0.0608905471698416,0.0584049999836652,0.0748992862768437,0.072736079271914,0.0771763817912062,0.135659774305002,0.3542435424354243,0.2835820895522388,0.3655913978494624,0.282051282051282,0.6457564575645757,0.7164179104477612,0.6344086021505376,0.717948717948718,0.1674667857541587,0.1612562123294914,0.1766595289079229,0.1668819982773471,2,2,0,0,1,1,3,3,0.0,0.0,0,0
615e9226-cae5-4988-a81c-b79a23759bb7,2020-08-05 23:00:00+00:00,2020-08-05,2020,0,08ed8274-e29f-4248-bc2e-83cc8ed18d75,6f017f37-be96-4bdc-b6d3-0a0429c72e89,08ed8274-e29f-4248-bc2e-83cc8ed18d75,6f017f37-be96-4bdc-b6d3-0a0429c72e89,1329.3279470246578,1537.6240932475953,0.2582397932941241,-1.0551374347404825,0,20.760870582057613,0.518391950053177,0,0,0,1,22.65,2,0,24.50685600479905,0.2899863072356032,0,0,0,1,26.8,2,0,11.436973490629455,0.4536654920870019,0,0,0,1,24.966666666666665,2,0,8.512802095265272,0.3782320983719892,0,0,0,1,27.35,2,0,6.009176232126943,0.4932953821419379,0,0,0,0,0.0,4,0,9.506739620458792,0.3039661334536243,0,0,0,0,0.0,0,0,6.952921062763365,0.3962280242484612,0,0,0,1,18.4,2,0,28.568192918133413,0.7793389065263482,0,0,0,1,26.566666666666663,3,0,32.96998305033742,0.5481834515959284,0,0,0,1,37.4,3,0,23.2515739840598,0.450656705627184,0,0,0,1,34.333333333333336,3,0,16.215579924811404,0.2474616818270328,0,0,0,0,0.0,6,0,11.7324038703878,0.2771892741968042,0,0,0,1,18.466666666666665,3,0,10.426847781289917,0.3027272081398818,0,0,0,1,4.933333333333334,3,0,8.706027292925567,0.3451602893649089,0,0,0,1,36.85,3,0,-6.637102190936661,-0.0129418905536864,0.1290362161688325,0.1474253379552277,0.063101827117046,0.0715108827756556,0.0756558964348339,0.1111524212105879,0.0936755180335716,0.1158022379792295,0.4119718309859155,0.2762645914396887,0.2586206896551724,0.3484848484848485,0.5880281690140845,0.7237354085603113,0.7413793103448276,0.6515151515151515,0.1777434312210201,0.1909438079650845,0.1398094449047224,0.161577891687096,2,3,0,0,1,1,3,2,0.0,0.0,0,0
42c51289-020d-4e45-88f1-042ff5ba52b6,2020-08-06 00:00:00+00:00,2020-08-06,2020,0,5c0d47fe-8539-47b0-9f36-d0b3609ca89b,171b097d-01db-4ae8-9d56-035689402ec6,5c0d47fe-8539-47b0-9f36-d0b3609ca89b,FR_LVA_ACES,1651.9961912790602,1556.4765314975184,0.6668043745502569,0.6937669300642302,0,26.453678872461627,0.6259394074082106,0,0,0,1,30.4,4,0,18.09929872683103,0.7993915835727564,0,0,0,0,0.0,0,0,25.076952426367896,0.5228603374632266,0,0,0,1,34.2,4,0,28.936848408398124,0.4417052294584829,0,0,0,1,29.5,4,0,21.238655219857,0.5883124295722564,0,0,0,1,31.916666666666668,4,0,20.044940202271228,0.4671313467195294,0,0,0,0,0.0,0,0,13.410706300015026,0.5877954968814817,0,0,0,1,36.15,4,0,24.94767510351112,0.6260528740187485,0,0,0,1,31.35,3,0,25.792862360454315,0.573224121273099,0,0,0,1,28.53333333333333,3,0,16.523728823296825,0.7727812659087053,0,0,0,0,0.0,0,0,27.84477841502659,0.4311621984423042,0,0,0,1,31.633333333333333,3,0,24.42542853082709,0.3585458035635172,0,0,0,1,15.1,3,0,22.350065512689152,0.3566396797592385,0,0,0,1,25.633333333333333,3,0,17.986748215384207,0.3559094397544129,0,0,0,0,0.0,0,0,4.089368879504859,2.22508470530414,0.1753784566501711,0.1636302741484099,0.0491324257043452,0.0594693944807797,0.0684008386941233,0.090786453723052,0.079395400532752,0.120594924627416,0.3333333333333333,0.1530249110320284,0.3443223443223443,0.3671328671328671,0.6666666666666666,0.8469750889679716,0.6556776556776557,0.6328671328671329,0.1402373247033441,0.1645244215938303,0.1768803744421465,0.1567737052654341,3,2,0,0,1,1,2,3,0.0,0.0,0,0
a2930ef6-fb40-46a3-9e49-40432c4f0d50,2020-08-06 02:00:00+00:00,2020-08-06,2020,0,0a5ad38d-2fe3-43ba-894b-1ba3d5042ea9,f073a15f-0486-4179-b0a3-dfd0294eb595,0a5ad38d-2fe3-43ba-894b-1ba3d5042ea9,f073a15f-0486-4179-b0a3-dfd0294eb595,1532.720316520005,1486.9146002294356,0.6005099775711885,0.407590467073578,1,26.69236601131974,0.699157186070223,0,0,0,1,33.86666666666667,3,0,21.120814083972256,0.5877274805902322,0,0,0,1,30.5,3,0,31.181348582743464,0.3881306207940511,0,0,0,1,30.08333333333333,3,0,23.620494957994527,0.4213032935871427,0,0,0,1,15.166666666666666,3,0,20.86899877290904,0.3402801710987428,0,0,0,1,28.55,3,0,11.651121691624686,0.4929618535134974,0,0,0,1,5.2,3,0,21.423252164724296,0.2359952127344688,0,0,0,1,12.35,3,0,30.99381073356742,0.4887254415520585,0,0,0,1,33.28333333333333,3,0,22.01693555667216,0.6528000880212382,0,0,0,1,26.766666666666666,3,0,27.19862754473124,0.38685392462885,0,0,0,1,29.266666666666666,3,0,15.847688278972615,0.5864069324523591,0,0,0,0,0.0,4,0,24.63143924969633,0.3447991273270083,0,0,0,1,21.55,3,0,16.69461007989711,0.4802579803059677,0,0,0,0,0.0,0,0,13.53964091510891,0.3466702702112872,0,0,0,1,24.4,3,0,-0.5976828094933917,-0.4749551236527416,0.1625595733477207,0.1643960332957627,0.0600169589991052,0.0566313109868119,0.0647746506095891,0.093287296230824,0.0682146983572069,0.0971591668555338,0.2807017543859649,0.3046594982078853,0.3446969696969697,0.2678571428571428,0.7192982456140351,0.6953405017921147,0.6553030303030303,0.7321428571428571,0.1704848161960575,0.1531928617501612,0.1956684893320467,0.1288235939041771,3,2,0,0,1,1,2,3,0.0,0.0,0,0
192b2459-ca94-47bf-aade-0fe3e87e1ddb,2020-08-06 22:00:00+00:00,2020-08-06,2020,0,5d70a9af-8c2b-4aec-9e68-9acc6ddb93e4,d6a012ed-84aa-48d3-8265-2d3f3ff2199a,5d70a9af-8c2b-4aec-9e68-9acc6ddb93e4,d6a012ed-84aa-48d3-8265-2d3f3ff2199a,1389.252189112557,1571.3140248716177,0.2882044485527778,-0.9041206042427304,0,28.458636323624454,0.5024322683521444,0,0,0,1,26.05,1,0,28.8919586338634,0.4354370938780468,0,0,0,1,36.23333333333333,1,0,23.520104057167966,0.4618236608852109,6,6,0,1,20.433333333333334,1,1,20.983608531367103,0.4791455988111325,0,0,0,1,22.016666666666666,1,0,24.179028700397524,0.2926240644275651,0,0,0,1,21.98333333333333,1,0,17.704401642669605,0.3708907783759732,0,0,0,1,19.383333333333333,1,0,10.42329734720886,0.4567308684958645,0,0,0,1,33.05,1,0,25.576948267166973,0.5562875008403496,0,0,0,1,18.73333333333333,0,0,26.86349926008701,0.4568035293598575,0,0,0,1,30.866666666666667,0,0,25.554566464045017,0.415181946536454,0,0,0,1,27.75,0,0,21.70948854561973,0.429708637212262,0,0,0,1,15.983333333333333,0,0,22.619910405039107,0.3921960325691043,0,0,0,1,31.83333333333333,0,0,11.89337886103774,0.6153953540289933,0,0,0,1,31.816666666666663,0,0,17.596997742038248,0.3944825177700266,0,0,0,1,20.416666666666668,0,0,-3.388757064607829,4.920131300983959,0.189764219037235,0.2084200236376511,0.0806024460438814,0.0666284594695717,0.0857956904328703,0.0906929252867702,0.1104350530869893,0.0960077682836335,0.2337278106508875,0.3482142857142857,0.2936288088642659,0.3649425287356322,0.7662721893491125,0.6517857142857143,0.7063711911357341,0.6350574712643678,0.1872340425531914,0.1567469332121762,0.157141675626499,0.1749913584514345,1,1,0,0,2,1,3,3,0.0,0.0,0,0
71dbaac7-0292-406b-8502-e1c8895da25d,2020-08-07 00:00:00+00:00,2020-08-07,2020,0,5f0b5caf-708b-4300-92f2-53b51d83ec06,a015b02d-845c-40c1-8ef4-844984f47e4d,5f0b5caf-708b-4300-92f2-53b51d83ec06,a015b02d-845c-40c1-8ef4-844984f47e4d,1434.854454110081,1500.4654507315993,0.441820799800904,-0.2337756885808488,0,24.33608112189728,0.48027998118348,0,0,0,1,17.416666666666668,2,0,31.21556682247376,0.3381805020877806,0,0,0,1,31.433333333333334,2,0,19.070937514512345,0.453477138562998,0,0,0,1,6.45,2,0,24.435763697246763,0.34026633411129,0,0,0,1,28.48333333333333,2,0,15.693309916904044,0.499763022569517,0,0,0,1,7.85,2,0,11.357663038434897,0.4774495674758526,0,0,0,1,26.466666666666665,2,0,7.370113941979874,0.4322056014322498,0,0,0,1,20.666666666666668,2,0,33.825890594232256,0.6354736908093579,0,0,0,1,31.23333333333333,1,0,32.89115715011125,0.5791568760784566,0,0,0,1,31.016666666666666,1,0,30.671477970371573,0.2656818260156556,0,0,0,1,29.1,1,0,14.499869405862036,0.4729004487079645,0,0,0,1,27.5,1,0,12.04064514242684,0.3629299287805739,0,0,0,1,33.2,1,0,17.60085167019307,0.2212372055300797,0,0,0,1,17.7,1,0,15.2936872573801,0.2527849999051107,0,0,0,0,0.0,0,0,-0.7034631885352686,-4.691230971619753,0.1802232576728065,0.1698296120267489,0.0517890697907551,0.0707361396888873,0.0926009823212097,0.0944473748290429,0.0909593059401346,0.1392661523525833,0.3611859838274933,0.2997032640949555,0.2810650887573964,0.2899408284023668,0.6388140161725068,0.7002967359050445,0.7189349112426036,0.7100591715976331,0.1202439233874431,0.1625459834031996,0.1778215785414345,0.1565808045165843,1,1,0,0,2,1,3,3,0.0,0.0,0,0
f982900d-1f85-4c78-8457-b9d9d6e17c20,2020-08-07 02:00:00+00:00,2020-08-07,2020,0,0699edf3-5993-4182-b9b4-ec935cbd4fcc,3c409388-ab73-4c7f-953d-3a71062240f6,0699edf3-5993-4182-b9b4-ec935cbd4fcc,3c409388-ab73-4c7f-953d-3a71062240f6,1489.8679508635182,1579.186250512357,0.4084816060158455,-0.370245894945351,1,29.86369672349268,0.6213041707481667,0,0,0,1,36.16666666666666,2,0,23.94299432420344,0.4921720545356257,0,0,0,1,26.883333333333333,2,0,16.888967248676387,0.542236251049307,0,0,0,1,23.933333333333334,2,0,13.741092394734814,0.5283642451784045,0,0,0,0,0.0,0,0,13.156235505171123,0.4689317498428493,0,0,0,1,28.8,2,0,10.738554128728683,0.507641241789113,0,0,0,1,25.933333333333334,2,0,11.829764944550051,0.3503971339827121,0,0,0,1,4.45,2,0,29.875923011375736,0.587841102834584,0,0,0,1,30.966666666666665,2,0,23.33322744435052,0.5880001746086568,0,0,0,1,28.73333333333333,2,0,27.100433391105,0.4597499391854686,0,0,0,1,26.08333333333333,2,0,26.291972367931823,0.4044301060805488,0,0,0,1,17.166666666666668,2,0,16.879022665558306,0.5553749263281957,0,0,0,0,0.0,11,0,18.70938700204345,0.4236157678150739,0,0,0,1,23.116666666666667,2,0,19.56529888114905,0.3851247759593531,0,0,0,1,29.05,2,0,2.904290232628062,2.2344955047347845,0.206421172462948,0.2159995361104584,0.0650672637930331,0.0729532220577436,0.0858575168475184,0.0830788702548664,0.147954464184589,0.0704132890231123,0.3234421364985163,0.3457142857142857,0.2973760932944606,0.2597765363128491,0.6765578635014837,0.6542857142857142,0.7026239067055393,0.7402234636871509,0.1583497389369169,0.1728060197742584,0.1673161640121992,0.1551211219719507,1,1,0,0,2,1,3,3,0.0,0.0,0,0
cba263d2-d947-465c-8df0-ec73f83e8fbc,2020-08-07 22:00:00+00:00,2020-08-07,2020,0,6f017f37-be96-4bdc-b6d3-0a0429c72e89,f073a15f-0486-4179-b0a3-dfd0294eb595,6f017f37-be96-4bdc-b6d3-0a0429c72e89,f073a15f-0486-4179-b0a3-dfd0294eb595,1555.0407172190023,1472.7998311279644,0.6496106376014819,0.6173281641817423,1,25.874888371209984,0.7793389065263482,0,0,0,0,0.0,5,0,32.185605534965205,0.5497711070447268,0,0,0,1,24.65,1,0,31.043055555555554,0.4062458055567983,0,0,0,0,0.0,0,0,22.92774350858288,0.4612405328215566,0,0,0,1,19.816666666666663,1,0,17.716247389317562,0.3020263512888032,0,0,0,1,32.13333333333333,1,0,12.942371138695036,0.3026187559052741,0,0,0,1,24.566666666666663,1,0,10.217022978136164,0.3540323630025673,0,0,0,1,24.73333333333333,1,0,30.835695736438485,0.4908970950255633,0,0,0,1,29.316666666666663,0,0,21.87235315857905,0.6435585923936418,0,0,0,1,20.48333333333333,0,0,27.971822887820903,0.410242338485545,0,0,0,1,35.4,0,0,14.353626298143244,0.5864069324523591,0,0,0,0,0.0,5,0,24.922303185480832,0.3356282689097898,0,0,0,1,27.716666666666665,0,0,15.120703415021564,0.4802579803059677,0,0,0,0,0.0,0,0,12.326067933390725,0.403567327120563,0,0,0,1,28.85,0,0,3.4465736473630395,-1.7637246738836292,0.187967881596461,0.1915461962143697,0.0813254046065145,0.0706485710052468,0.1330808686399409,0.1027395444945693,0.1221466916022159,0.117928352092998,0.2804878048780488,0.3011695906432748,0.3597560975609756,0.2674418604651162,0.7195121951219512,0.6988304093567251,0.6402439024390244,0.7325581395348837,0.1836788244555235,0.1605624023607012,0.1814962372731297,0.1308320028383892,1,1,0,0,1,1,2,3,0.0,0.0,0,0
934f3024-5927-4729-b5ac-0076b9cee6d9,2020-08-07 23:00:00+00:00,2020-08-07,2020,0,5c0d47fe-8539-47b0-9f36-d0b3609ca89b,08ed8274-e29f-4248-bc2e-83cc8ed18d75,5c0d47fe-8539-47b0-9f36-d0b3609ca89b,08ed8274-e29f-4248-bc2e-83cc8ed18d75,1637.4001721021473,1311.9113230532505,0.8826301293967767,2.0175759977015755,0,27.084983491278127,0.6397623973618678,0,0,0,1,33.15,0,0,16.392963163472462,0.7993915835727564,0,0,0,0,0.0,0,0,25.58350366334564,0.4928566470739152,0,0,0,1,30.45,0,0,29.09678679075253,0.4257896383487884,0,0,0,1,30.633333333333333,0,0,22.182488121519544,0.5367894442268678,0,0,0,1,31.25,0,0,14.848982341518008,0.6049445558982346,0,0,0,1,28.666666666666668,0,0,18.155176689952,0.4671313467195294,0,0,0,0,0.0,0,0,21.06938637908074,0.5204383748545959,0,0,0,1,24.03333333333333,1,0,24.52977872972283,0.2506836900875039,1,6,0,1,24.75,1,1,12.800494633586892,0.4268877106471401,0,0,0,1,25.9,1,0,9.822036227365611,0.3945791954828356,0,0,0,1,22.4,1,0,8.289460763886364,0.3844023903613691,0,0,0,1,28.0,1,0,7.595296030937283,0.3823647050918782,0,0,0,1,13.766666666666667,1,0,6.0029093225952055,0.4496239324159339,0,0,0,1,17.6,1,0,2.710070722014564,-9.469675940366985,0.2034345771842398,0.1595901191616018,0.0581570402958554,0.0841403187660114,0.0808075254079844,0.0920924196761517,0.0859243430029413,0.1010478786498271,0.3370165745856354,0.4109195402298851,0.3151515151515151,0.2659279778393352,0.6629834254143646,0.5890804597701149,0.6848484848484848,0.7340720221606648,0.1386361667099904,0.1933311159155163,0.1785399400458472,0.1425696075142569,1,1,0,0,1,1,2,3,0.0,0.0,0,0
2ff62a34-04fe-49e3-b4e9-c85188808495,2020-08-08 01:00:00+00:00,2020-08-08,2020,0,171b097d-01db-4ae8-9d56-035689402ec6,0a5ad38d-2fe3-43ba-894b-1ba3d5042ea9,FR_LVA_ACES,0a5ad38d-2fe3-43ba-894b-1ba3d5042ea9,1571.072550674431,1546.8350856214763,0.5703878229237643,0.2834336326193736,1,25.901656549429863,0.6196057453165074,0,0,0,1,35.06666666666667,1,0,26.351336924061705,0.589870897163559,0,0,0,1,31.716666666666665,1,0,27.61115111984665,0.4240302805415134,0,0,0,1,25.366666666666667,1,0,14.965932217139532,0.7727812659087053,0,0,0,0,0.0,0,0,24.349181425790952,0.4083300061820617,0,0,0,1,23.616666666666667,1,0,21.680697352666613,0.336092814945002,0,0,0,1,15.25,1,0,16.291023501830068,0.3559094397544129,0,0,0,0,0.0,0,0,25.426640272411383,0.6797370302255763,0,0,0,1,13.266666666666667,1,0,21.351400103219344,0.6301578264834459,0,0,0,1,23.566666666666663,1,0,30.557740609635943,0.4209930399219702,0,0,0,1,24.566666666666663,1,0,23.5117162546195,0.4073911597794835,0,0,0,1,22.466666666666665,1,0,20.81064183677404,0.3406752320548394,0,0,0,1,20.25,1,0,21.320498611051,0.2627408884434933,0,0,0,1,20.33333333333333,1,0,11.75157736743365,0.4636552905923146,0,0,0,1,12.716666666666669,1,0,3.009079316643004,0.79221111464605,0.1978229355578334,0.1973183557934744,0.072671084411579,0.0681351564088264,0.1024295114750168,0.0726347984550266,0.158844801096801,0.0956642247079051,0.1568047337278106,0.2779369627507163,0.3638888888888889,0.3333333333333333,0.8431952662721893,0.7220630372492837,0.6361111111111111,0.6666666666666666,0.1683501683501683,0.1646732535968105,0.1519097222222222,0.1948558067030397,1,1,0,0,1,1,3,2,0.0,0.0,0,0
f0c7ced0-5d0e-4f91-8082-b82653dbb5fc,2020-08-08 16:00:00+00:00,2020-08-08,2020,0,5f0b5caf-708b-4300-92f2-53b51d83ec06,5d70a9af-8c2b-4aec-9e68-9acc6ddb93e4,5f0b5caf-708b-4300-92f2-53b51d83ec06,5d70a9af-8c2b-4aec-9e68-9acc6ddb93e4,1405.1854554087054,1386.5211606083046,0.562509218029607,0.2513518857587506,1,31.773472164859363,0.3394674905608089,0,0,0,1,37.13333333333333,0,0,24.0734196026613,0.4299230654056859,0,0,0,1,21.55,0,0,19.34707879278617,0.4744113083849762,0,0,0,1,22.0,0,0,24.2029862766268,0.3181991318641485,0,0,0,1,21.966666666666665,0,0,14.779460176783996,0.4997692798582785,0,0,0,1,6.0,0,0,12.313845402971996,0.4419594156226707,0,0,0,1,21.5,0,0,8.6440907501946,0.4585743947655027,0,0,0,1,20.883333333333333,0,0,28.85221146050824,0.4953736744780589,0,0,0,1,32.63333333333333,1,0,28.195071859949973,0.4579495539113189,0,0,0,1,21.5,1,0,24.07443910116769,0.4635865338817668,8,8,0,1,29.4,1,1,21.588522407678145,0.4631578934832632,0,0,0,1,27.4,1,0,17.873684076252463,0.3894292226354542,0,0,0,1,19.5,1,0,24.452835899052072,0.2759735063537094,0,0,0,1,27.08333333333333,1,0,12.878570776869136,0.5172708674386483,0,0,0,1,36.46666666666667,1,0,-3.492972590324513,-3.053754219126798,0.2045590822504033,0.2217849450846324,0.0668803860037895,0.09146780208265,0.110058772060207,0.0983301355591814,0.0940071057602722,0.1277519749851544,0.3671171171171171,0.2610837438423645,0.2797029702970297,0.2926267281105991,0.6328828828828829,0.7389162561576355,0.7202970297029703,0.7073732718894009,0.1319825925661696,0.1862362539907769,0.1765002521432173,0.1501242407509663,1,1,0,0,2,2,3,3,0.0,0.0,0,0
274099cf-f66b-4ac2-8314-20fa714d6f36,2020-08-08 19:00:00+00:00,2020-08-08,2020,0,d6a012ed-84aa-48d3-8265-2d3f3ff2199a,0699edf3-5993-4182-b9b4-ec935cbd4fcc,d6a012ed-84aa-48d3-8265-2d3f3ff2199a,0699edf3-5993-4182-b9b4-ec935cbd4fcc,1574.04505337587,1509.3704288752465,0.6262607916194058,0.5162086339874375,1,24.92232969444272,0.5233611412274193,0,0,0,1,18.633333333333333,1,0,27.41060061884248,0.46325784375047,0,0,0,1,32.666666666666664,1,0,26.14179178063589,0.4178214797688509,0,0,0,1,31.78333333333333,1,0,23.71949518085902,0.4004199532026086,0,0,0,1,34.28333333333333,1,0,20.602418327670417,0.4412158531176168,0,0,0,1,9.966666666666669,1,0,14.139351140538787,0.6362389682568172,0,0,0,1,35.71666666666667,1,0,17.025337680452182,0.4049800613404044,0,0,0,1,11.533333333333331,1,0,30.27093623477993,0.6353859463800613,0,0,0,1,34.18333333333333,0,0,21.68573655276746,0.4921720545356257,0,0,0,0,0.0,3,0,17.07227495846738,0.5197353779019652,0,0,0,1,18.83333333333333,0,0,14.961039473938314,0.4871944646681085,0,0,0,1,32.3,0,0,12.445632554748116,0.5283642451784045,0,0,0,0,0.0,0,0,12.651871546711876,0.495881217133133,0,0,0,1,31.03333333333333,0,0,12.975558838362556,0.3954678599473992,0,0,0,1,23.98333333333333,0,0,4.440756103856729,3.214452025419374,0.2326804737483123,0.2441445476266858,0.0721476061953335,0.0818661691907861,0.1019903782421974,0.0922672364154411,0.1218258373434679,0.1741892156608529,0.3374083129584352,0.321608040201005,0.3701923076923077,0.3050847457627119,0.6625916870415648,0.678391959798995,0.6298076923076923,0.6949152542372882,0.1492314579913446,0.1708914839077186,0.1760436875763454,0.175377060680463,1,1,0,0,2,2,3,3,0.0,0.0,0,0
85f40a39-281b-464d-93ff-3993180fef95,2020-08-08 21:00:00+00:00,2020-08-08,2020,0,a015b02d-845c-40c1-8ef4-844984f47e4d,3c409388-ab73-4c7f-953d-3a71062240f6,a015b02d-845c-40c1-8ef4-844984f47e4d,3c409388-ab73-4c7f-953d-3a71062240f6,1530.1344494329749,1559.683772500629,0.4934533719677064,-0.0261880086969857,0,33.68674903706067,0.6201212767273614,0,0,0,1,32.35,0,0,33.23295690250843,0.586967810944997,0,0,0,1,36.516666666666666,0,0,30.63331384399372,0.2924842096584165,0,0,0,1,30.266666666666666,0,0,15.34994001168594,0.5014272206958126,0,0,0,1,23.516666666666666,0,0,13.791924384286968,0.3734929984398501,0,0,0,1,30.616666666666667,0,0,16.863844686844214,0.2281339279518872,0,0,0,1,9.783333333333331,0,0,13.851854462860524,0.2527849999051107,0,0,0,0,0.0,0,0,29.99603832130891,0.6017151955900292,0,0,0,1,31.15,0,0,23.80619037811855,0.5766103392574606,0,0,0,1,28.35,0,0,26.996688563269977,0.4499528413786722,0,0,0,1,26.0,0,0,24.96971793883801,0.4008004599723225,0,0,0,1,12.266666666666667,0,0,21.131986276437143,0.4072348381016568,0,0,0,1,36.18333333333333,0,0,15.287730257843004,0.5553749263281957,0,0,0,0,0.0,12,0,14.883259999045922,0.506965451777908,0,0,0,1,25.45,0,0,-1.393129571994192,1.439867822492006,0.2088132276847724,0.24479426638766,0.0812127040253172,0.0890857228569719,0.1072992998878274,0.107569813899661,0.1504199484154079,0.0853238588865652,0.2952853598014888,0.3452380952380952,0.3090024330900243,0.2673031026252983,0.7047146401985112,0.6547619047619048,0.6909975669099757,0.7326968973747017,0.1636572908423854,0.1801152737752161,0.162290299051787,0.168129689933456,1,1,0,0,2,2,3,3,0.0,0.0,0,0
3c4140a0-f424-4459-8d6b-08be2f20fc25,2020-08-09 19:00:00+00:00,2020-08-09,2020,0,0a5ad38d-2fe3-43ba-894b-1ba3d5042ea9,6f017f37-be96-4bdc-b6d3-0a0429c72e89,0a5ad38d-2fe3-43ba-894b-1ba3d5042ea9,6f017f37-be96-4bdc-b6d3-0a0429c72e89,1539.1195721750023,1563.646150147657,0.5006813086426195,0.0027252362571511,1,23.029509797448657,0.6797370302255763,0,0,0,0,0.0,2,0,22.408734339124685,0.6504709657669907,0,0,0,1,32.56666666666667,0,0,30.47530469568516,0.4131350709732224,0,0,0,1,29.683333333333334,0,0,22.62755667767068,0.377918120870283,0,0,0,1,14.133333333333333,0,0,20.490670294157034,0.3307026773776732,0,0,0,1,17.416666666666668,0,0,21.61553653468212,0.2610866272206176,0,0,0,1,24.45,0,0,19.098266041161686,0.2908768461296053,0,0,0,1,28.166666666666668,0,0,26.331353487352185,0.7761275024478865,0,0,0,1,30.716666666666665,1,0,32.22938694346481,0.5499182750676668,0,0,0,1,32.65,1,0,28.1164300277258,0.4062458055567983,0,0,0,0,0.0,0,0,22.392466655344293,0.4386009173154647,0,0,0,1,17.25,1,0,19.4368300444334,0.3934008292918785,0,0,0,1,35.96666666666667,1,0,11.852683811417656,0.3646505963919919,0,0,0,1,27.566666666666663,1,0,13.274628807123303,0.3026836955721709,0,0,0,1,16.466666666666665,1,0,0.3380962544081528,4.608629654536027,0.221925891448171,0.2249880566528153,0.0760493910122282,0.0925337443661445,0.0814997784324393,0.1542046118937385,0.1089050425235427,0.1380016981803446,0.2779097387173396,0.2769230769230769,0.2936708860759494,0.3594936708860759,0.7220902612826603,0.7230769230769231,0.7063291139240506,0.640506329113924,0.1606498194945848,0.1825759811153732,0.1946226483096662,0.18432500184325,1,1,0,0,2,2,2,2,0.0,0.0,0,0
a8a827ee-6593-46ec-8998-cd1660b01865,2020-08-09 21:00:00+00:00,2020-08-09,2020,0,08ed8274-e29f-4248-bc2e-83cc8ed18d75,171b097d-01db-4ae8-9d56-035689402ec6,08ed8274-e29f-4248-bc2e-83cc8ed18d75,FR_LVA_ACES,1332.1320854558005,1578.7880641209051,0.2182396643729643,-1.2759543806181917,0,22.28686597781796,0.5449401143114065,0,0,0,1,33.983333333333334,1,0,24.927645727080083,0.2651463932714287,3,8,0,1,28.75,1,1,14.596412197117363,0.4374821070443861,0,0,0,1,31.85,1,0,11.985171910001744,0.3560652749964358,0,0,0,1,32.766666666666666,1,0,10.084847287958924,0.3861443419429812,0,0,0,1,27.33333333333333,1,0,8.241532403696171,0.3765798767642558,0,0,0,1,14.45,1,0,6.666079331166321,0.4125171074582165,0,0,0,1,10.133333333333333,1,0,26.250322818243195,0.6516536581449828,0,0,0,1,29.6,0,0,26.725173682179847,0.5839834011012048,0,0,0,1,30.316666666666663,0,0,27.696519807552907,0.4070647202346204,0,0,0,1,28.516666666666666,0,0,13.554998966832873,0.7727812659087053,0,0,0,0,0.0,0,0,23.79302821712496,0.3989523418280093,0,0,0,1,18.45,0,0,22.35659293604028,0.3473471916741339,0,0,0,1,28.85,0,0,14.755165500686951,0.3559094397544129,0,0,0,0,0.0,0,0,-7.322900579588367,3.104822443950296,0.1916827153754061,0.229083915340933,0.0987223370883552,0.0855430036492646,0.1016573165231285,0.1127708430726006,0.1319255988037131,0.1660521625306879,0.4331683168316831,0.1477832512315271,0.2654028436018957,0.349537037037037,0.5668316831683168,0.8522167487684729,0.7345971563981043,0.6504629629629629,0.1976703141546064,0.1724623398563987,0.1462301162707753,0.1500144592249855,1,1,0,0,2,2,3,3,0.0,0.0,0,0
c0c10ecd-9a92-470d-8559-5fb6a73171ce,2020-08-09 23:00:00+00:00,2020-08-09,2020,0,f073a15f-0486-4179-b0a3-dfd0294eb595,5c0d47fe-8539-47b0-9f36-d0b3609ca89b,f073a15f-0486-4179-b0a3-dfd0294eb595,5c0d47fe-8539-47b0-9f36-d0b3609ca89b,1464.19439819931,1617.1794096995973,0.3237172191775736,-0.7367409490180828,1,30.832330473205666,0.4670392188449931,0,0,0,1,30.8,1,0,22.838149498253312,0.6273881116996596,0,0,0,1,32.11666666666667,1,0,29.105795351541897,0.3806987212316162,0,0,0,1,40.0,1,0,25.03018958123723,0.3561343859851322,0,0,0,1,26.066666666666663,1,0,13.000419006229071,0.5864069324523591,0,0,0,0,0.0,7,0,13.695178903301098,0.4802579803059677,0,0,0,0,0.0,0,0,14.168283980053326,0.4098635149844906,0,0,0,1,31.866666666666667,1,0,27.56720850495005,0.6203305547856595,0,0,0,1,32.2,1,0,22.94777739671689,0.5390250168627022,0,0,0,1,30.3,1,0,14.847494664563522,0.7993915835727564,0,0,0,0,0.0,0,0,25.40907638414444,0.4595391706706108,0,0,0,1,23.73333333333333,1,0,29.11908753201809,0.3987534001717349,0,0,0,1,29.33333333333333,1,0,15.93482741585806,0.5928515820497138,0,0,0,1,26.366666666666667,1,0,16.443573156981984,0.4671313467195294,0,0,0,0,0.0,0,0,-3.084433515873501,1.2005661722447876,0.2227367548120364,0.2228933532000806,0.0852747615227108,0.068614650879908,0.1276216264743269,0.0760461466712879,0.1251029225300536,0.1087339848059266,0.3105134474327628,0.3262411347517731,0.2660098522167488,0.3523316062176165,0.6894865525672371,0.6737588652482269,0.7339901477832512,0.6476683937823834,0.1667875271936185,0.1430038134350249,0.1380906173023811,0.1854461835175432,1,1,0,0,2,2,3,2,0.0,0.0,0,0
05d43e23-7e1e-44e5-aa93-9836efca6f52,2020-08-10 22:00:00+00:00,2020-08-10,2020,0,5d70a9af-8c2b-4aec-9e68-9acc6ddb93e4,a015b02d-845c-40c1-8ef4-844984f47e4d,5d70a9af-8c2b-4aec-9e68-9acc6ddb93e4,a015b02d-845c-40c1-8ef4-844984f47e4d,1371.8667143492703,1517.023409930728,0.3336600000409077,-0.6916775401732197,0,29.225965770534728,0.5054296036933482,0,0,0,1,32.81666666666667,1,0,28.989028959381336,0.4346226420578487,0,0,0,1,36.61666666666667,1,0,24.160126318947945,0.4613870873123956,10,10,0,1,24.98333333333333,1,1,22.106553047311568,0.4500958209981011,0,0,0,1,27.08333333333333,1,0,17.82431306046004,0.4268001466427449,0,0,0,1,17.35,1,0,14.645129796030798,0.4934793806319124,0,0,0,1,31.616666666666667,1,0,24.13988536068955,0.2638818779325638,0,0,0,1,21.133333333333333,1,0,33.77441826371632,0.6012957150278728,0,0,0,1,34.61666666666667,1,0,33.13871605529116,0.5771001479969112,0,0,0,1,32.233333333333334,1,0,30.732305833900146,0.3272805075924369,0,0,0,1,31.683333333333334,1,0,16.418410805506767,0.4914259886809183,0,0,0,1,26.683333333333334,1,0,14.348916104588156,0.3586266848080612,0,0,0,1,19.7,1,0,17.095087755314825,0.2617392979602805,0,0,0,1,19.316666666666663,1,0,12.545952380952382,0.2527849999051107,0,0,0,0,0.0,0,0,-3.610460272995416,-2.163876159076791,0.2446944517221871,0.2467403980085936,0.0974008579189298,0.0940887114668161,0.1149859230136541,0.1116875667190615,0.1329698511902123,0.1676643521025555,0.2620545073375262,0.2854077253218884,0.3033932135728543,0.3091684434968017,0.7379454926624738,0.7145922746781116,0.6966067864271457,0.6908315565031983,0.1793048488935205,0.1699419107650475,0.1551960842834119,0.1714784560703373,1,1,0,0,2,2,3,3,0.0,0.0,0,0
b39f9b09-2698-4686-8317-642a57a7d30b,2020-08-10 23:00:00+00:00,2020-08-10,2020,0,5f0b5caf-708b-4300-92f2-53b51d83ec06,0699edf3-5993-4182-b9b4-ec935cbd4fcc,5f0b5caf-708b-4300-92f2-53b51d83ec06,0699edf3-5993-4182-b9b4-ec935cbd4fcc,1419.8399016677397,1501.00110094564,0.4198741959363459,-0.3232898506549048,0,32.02894794617662,0.3640483669616591,0,0,0,1,34.483333333333334,1,0,23.62811291037836,0.4438345872666079,0,0,0,1,19.35,1,0,20.052855439256653,0.4866675423617497,0,0,0,1,26.83333333333333,1,0,25.324593136668444,0.337965478873873,0,0,0,1,36.1,1,0,13.386106827159288,0.4997692798582785,0,0,0,0,0.0,2,0,13.33386707958735,0.4530473777973749,0,0,0,1,23.133333333333333,1,0,9.001680249141383,0.4170921252112484,0,0,0,1,19.35,1,0,30.558076539538124,0.6376231813579084,0,0,0,1,33.31666666666667,1,0,19.641284772834283,0.4921720545356257,0,0,0,0,0.0,5,0,17.225730910968956,0.4867652250209788,0,0,0,1,18.7,1,0,15.92790242634418,0.5008309270166021,0,0,0,1,25.216666666666665,1,0,14.50893891814676,0.4843842540432258,0,0,0,1,32.35,1,0,11.27230392156863,0.5283642451784045,0,0,0,0,0.0,0,0,13.365967310303118,0.3573468997846707,0,0,0,1,17.116666666666667,1,0,-2.319065121795581,2.4485731210956247,0.2359299431238398,0.2582666568491992,0.0804597352205926,0.0949960129001078,0.1311082795601212,0.1000669782115138,0.1062511026250145,0.183479022611629,0.3679060665362035,0.3189655172413793,0.2778947368421052,0.3138075313807531,0.6320939334637965,0.6810344827586207,0.7221052631578947,0.6861924686192469,0.1397248495270851,0.1756583368974155,0.1708180632337412,0.18611911623439,1,1,0,0,2,2,3,3,0.0,0.0,0,0
7a4c4cdb-5925-493d-9453-0a40d701fe23,2020-08-11 01:00:00+00:00,2020-08-11,2020,0,d6a012ed-84aa-48d3-8265-2d3f3ff2199a,3c409388-ab73-4c7f-953d-3a71062240f6,d6a012ed-84aa-48d3-8265-2d3f3ff2199a,3c409388-ab73-4c7f-953d-3a71062240f6,1582.4143813054764,1572.7948120028757,0.5496573286825559,0.1992862605051062,1,27.73171204510645,0.4681452113041167,0,0,0,1,30.816666666666663,2,0,24.47869702697518,0.5103066924026725,0,0,0,1,20.216666666666665,2,0,26.73493526435558,0.4191524760788542,0,0,0,1,32.43333333333333,2,0,24.39330431941845,0.408152771412633,0,0,0,1,30.866666666666667,2,0,15.788619679107924,0.6141824423474967,0,0,0,1,31.633333333333333,2,0,20.00039306015032,0.4481157184588506,0,0,0,1,14.216666666666669,2,0,17.3293470279254,0.4120726517130331,0,0,0,1,20.25,2,0,30.07497542697268,0.5839462656925486,0,0,0,1,30.83333333333333,2,0,23.74118460919972,0.5988238369865934,0,0,0,1,23.116666666666667,2,0,27.287686121910525,0.472465037694537,0,0,0,1,30.08333333333333,2,0,24.347206460220143,0.4065879507370094,0,0,0,1,18.366666666666667,2,0,22.25085912276032,0.4286831654730033,0,0,0,1,33.0,2,0,19.64071875170288,0.4045108676111913,0,0,0,1,27.28333333333333,2,0,15.983157496321578,0.4969123784276801,0,0,0,1,26.55,2,0,4.484930036455173,2.2062080985789554,0.2557067714062739,0.279419579230173,0.0910458403400009,0.1036866180930769,0.1159441830352082,0.1249257905990813,0.1335470264434751,0.1292943681811692,0.3417721518987341,0.3410041841004184,0.3609958506224066,0.2614107883817427,0.6582278481012658,0.6589958158995816,0.6390041493775933,0.7385892116182573,0.1645257229639941,0.1866477448016289,0.1801108374384236,0.1737063448528067,1,1,0,0,2,2,3,3,0.0,0.0,0,0
ed3199a5-5190-4700-ae7c-6067aa208773,2020-08-11 23:00:00+00:00,2020-08-11,2020,0,f073a15f-0486-4179-b0a3-dfd0294eb595,171b097d-01db-4ae8-9d56-035689402ec6,f073a15f-0486-4179-b0a3-dfd0294eb595,FR_LVA_ACES,1480.553617764553,1581.2596524488029,0.3927424452526303,-0.435798967284108,0,30.79471448488932,0.4718574507243891,0,0,0,1,30.433333333333334,1,0,22.818840180725136,0.6363810966216092,0,0,0,1,22.633333333333333,1,0,29.919168018889163,0.4053984903036787,0,0,0,1,37.73333333333333,1,0,26.180657258645653,0.3612206603680416,0,0,0,1,37.23333333333333,1,0,16.199786540786306,0.4401152563144616,0,0,0,1,35.71666666666667,1,0,11.774787139287932,0.5864069324523591,8,1,4,0,0.0,9,1,12.404047619047622,0.4802579803059677,0,0,0,0,0.0,0,0,27.439745486659163,0.672307059787313,0,0,0,1,38.86666666666667,1,0,27.074765386415024,0.5874878650359753,0,0,0,1,30.433333333333334,1,0,26.8452183411951,0.3800931347754624,0,0,0,1,18.666666666666668,1,0,12.277083333333335,0.7727812659087053,0,0,0,0,0.0,0,0,23.678982616122383,0.3715937842066412,0,0,0,1,22.58333333333333,1,0,23.242168934107934,0.3687788752411375,0,0,0,1,31.75,1,0,13.364102564102568,0.3559094397544129,0,0,0,0,0.0,0,0,-1.7515404329568849,3.575752193508989,0.2553779338603172,0.2515338636933757,0.0982791944166727,0.0897923686598936,0.1438728278904749,0.1183937618539998,0.1636977534009212,0.1874897019204411,0.3083511777301927,0.145610278372591,0.271578947368421,0.3608870967741935,0.6916488222698073,0.854389721627409,0.728421052631579,0.6391129032258065,0.1715426361424739,0.1662049861495845,0.1320814767663908,0.1546101949025487,1,1,0,0,2,2,3,3,0.0,0.0,0,0
7f529292-e4ed-451f-be8c-6e5fa7a0a0fc,2020-08-12 01:00:00+00:00,2020-08-12,2020,0,6f017f37-be96-4bdc-b6d3-0a0429c72e89,5c0d47fe-8539-47b0-9f36-d0b3609ca89b,6f017f37-be96-4bdc-b6d3-0a0429c72e89,5c0d47fe-8539-47b0-9f36-d0b3609ca89b,1538.3569144372084,1600.820190134354,0.4462939955278592,-0.2156559503874336,1,23.84892996559282,0.7761275024478865,0,0,0,0,0.0,4,0,32.33189169168843,0.5249199899981515,0,0,0,1,33.31666666666667,2,0,25.46571603073155,0.4062458055567983,0,0,0,0,0.0,0,0,22.77970984799225,0.4397306757029814,0,0,0,1,26.5,2,0,20.684090563564723,0.3743893690182902,0,0,0,1,32.666666666666664,2,0,14.243907174683626,0.4009500131685048,0,0,0,1,37.21666666666667,2,0,12.788355036655554,0.2823238323955248,0,0,0,1,8.116666666666667,2,0,27.933263859530623,0.6081796697593631,0,0,0,1,31.45,2,0,29.31369706222471,0.4032885676243558,0,0,0,1,31.183333333333334,2,0,25.50878212069073,0.4590716758008175,0,0,0,1,26.466666666666665,2,0,20.78434503046688,0.5390250168627022,0,0,0,0,0.0,4,0,13.447727272727278,0.7993915835727564,0,0,0,0,0.0,0,0,16.67789833928521,0.5896567125481187,0,0,0,1,23.816666666666663,2,0,14.893333333333338,0.4671313467195294,0,0,0,0,0.0,0,0,2.104352128207469,0.0452771994983733,0.2494421072093735,0.2421863339368918,0.0978322631560819,0.0724281115341632,0.1548726267333861,0.0924458785502927,0.1573988941598255,0.1435716254570062,0.3039647577092511,0.3231707317073171,0.3620309050772627,0.3445945945945945,0.6960352422907489,0.676829268292683,0.6379690949227373,0.6554054054054054,0.1767741113517645,0.1363721863439714,0.1917545541706615,0.1876351609210024,1,1,0,0,2,2,3,3,0.0,0.0,0,0
4aae978b-f829-4abc-8d50-c0a064f6c83b,2020-08-12 02:00:00+00:00,2020-08-12,2020,0,0a5ad38d-2fe3-43ba-894b-1ba3d5042ea9,08ed8274-e29f-4248-bc2e-83cc8ed18d75,0a5ad38d-2fe3-43ba-894b-1ba3d5042ea9,08ed8274-e29f-4248-bc2e-83cc8ed18d75,1564.4088078854509,1329.660497127903,0.8168621896564215,1.4952314707017864,1,22.8428888671915,0.6752667039999242,0,0,0,1,21.05,2,0,22.960998733955343,0.6666400124332982,0,0,0,1,28.266666666666666,2,0,30.24351331140788,0.4201504470371482,0,0,0,1,28.016666666666666,2,0,22.541681305174617,0.3807008003570648,0,0,0,1,21.716666666666665,2,0,20.912650830925287,0.3706362120979033,0,0,0,1,24.966666666666665,2,0,18.85331103953344,0.3242726067062351,0,0,0,1,16.5,2,0,19.89038613541401,0.2577513955594993,0,0,0,1,3.3166666666666664,2,0,22.616500108116814,0.591040625343953,0,0,0,1,25.78333333333333,2,0,16.41942626625762,0.4463637901364296,0,0,0,1,33.93333333333333,2,0,25.03502844759099,0.2342377303963194,6,11,0,1,26.066666666666663,2,1,14.106216129792577,0.3668773093755756,0,0,0,1,34.483333333333334,2,0,11.593125929641843,0.3632652361983049,0,0,0,1,26.08333333333333,2,0,8.451309908529863,0.3658489129041019,0,0,0,1,10.466666666666669,2,0,7.340210503518208,0.3936923072657563,0,0,0,1,13.816666666666666,2,0,2.3760145881506576,-7.396165378670571,0.2733362374639568,0.2222228069597915,0.0926628652157655,0.1080284512134067,0.0936639275871766,0.1103204699436785,0.1181433229442245,0.1430572206927325,0.290187891440501,0.4337606837606838,0.3180827886710239,0.2484472049689441,0.7098121085594989,0.5662393162393162,0.681917211328976,0.7515527950310559,0.171039417524479,0.1958264488097423,0.1873243833905713,0.1432307883920787,1,1,0,0,2,2,3,3,0.0,0.0,0,0
95fbbf3b-cc8a-4b76-a8ce-cef3b9b246a0,2020-08-12 23:00:00+00:00,2020-08-12,2020,0,a015b02d-845c-40c1-8ef4-844984f47e4d,5f0b5caf-708b-4300-92f2-53b51d83ec06,a015b02d-845c-40c1-8ef4-844984f47e4d,5f0b5caf-708b-4300-92f2-53b51d83ec06,1528.3876575763604,1403.767069456506,0.7029291286369399,0.8612853395244476,1,32.851350653598935,0.6145599195798973,0,0,0,1,23.98333333333333,1,0,32.23472704118446,0.6137191867675212,0,0,0,1,23.55,1,0,29.78806807315848,0.3562985829001053,0,0,0,1,20.716666666666665,1,0,16.60365650143556,0.4997499109637635,0,0,0,1,18.383333333333333,1,0,15.302780553472717,0.3498911698364914,0,0,0,1,24.466666666666665,1,0,18.024172770744503,0.2743702691631735,0,0,0,1,26.95,1,0,6.719894873848089,0.4530811417785977,0,0,0,1,27.53333333333333,1,0,32.12992280919371,0.3639267693292882,0,0,0,1,33.1,1,0,23.42119713410614,0.4804986544368179,0,0,0,1,21.433333333333334,1,0,20.329130157065823,0.454970611268585,0,0,0,1,22.98333333333333,1,0,25.27513641799104,0.3284211834291311,0,0,0,1,24.8,1,0,14.718107623004611,0.4728731604654862,0,0,0,1,28.016666666666666,1,0,12.12411372572281,0.4997692798582785,0,0,0,0,0.0,4,0,9.516899143433186,0.4203862849814596,0,0,0,1,14.466666666666669,1,0,0.0422579772488047,-3.5713577012233,0.2730655212674701,0.2538184755103876,0.0958510419595145,0.0850404018021088,0.1356494145239811,0.1394426767840135,0.1763449312842132,0.1229882332780674,0.289134438305709,0.3658119658119658,0.3052434456928839,0.2805100182149362,0.7108655616942909,0.6341880341880342,0.6947565543071161,0.7194899817850637,0.1603600689952565,0.1368172550702865,0.1761044067056189,0.1644021739130435,1,1,0,0,2,2,3,3,0.0,0.0,0,0
a1f07dea-907d-4d8a-89f5-43f50df0c341,2020-08-13 01:00:00+00:00,2020-08-13,2020,0,3c409388-ab73-4c7f-953d-3a71062240f6,0699edf3-5993-4182-b9b4-ec935cbd4fcc,3c409388-ab73-4c7f-953d-3a71062240f6,0699edf3-5993-4182-b9b4-ec935cbd4fcc,1548.2552613487198,1517.0739331568736,0.5801540277265668,0.3234057219978782,1,29.70337185360121,0.5756901886887116,0,0,0,1,26.133333333333333,1,0,23.735730602893376,0.5847800848475713,0,0,0,1,23.683333333333334,1,0,27.77751270278092,0.4715111709027298,0,0,0,1,32.483333333333334,1,0,22.9939899078674,0.4132189162057911,0,0,0,1,30.133333333333333,1,0,23.69696310833528,0.3962914392636714,0,0,0,1,17.45,1,0,16.988788321442396,0.4935610865446354,0,0,0,1,26.65,1,0,19.449898537786662,0.3863090261204005,0,0,0,1,17.616666666666667,1,0,31.089976409893968,0.6496870591212208,0,0,0,1,36.2,2,0,19.96421722628156,0.4910065191018534,0,0,0,1,23.066666666666663,2,0,18.61073850255049,0.5187948441458041,0,0,0,1,31.916666666666668,2,0,16.51303959635269,0.5222736378731341,0,0,0,1,35.766666666666666,2,0,14.42627814962642,0.5008309270166021,0,0,0,0,0.0,4,0,10.209592412539545,0.5283642451784045,0,0,0,0,0.0,0,0,13.43359795033598,0.3285383976806189,0,0,0,1,14.083333333333334,2,0,-0.093165529808866,3.688656160900823,0.2994785591625397,0.2823303952036665,0.11848582398475,0.098379971414778,0.133350316765914,0.1134878994469048,0.1318356463764998,0.1865653652669526,0.3357933579335793,0.3159851301115242,0.2590579710144927,0.3188405797101449,0.6642066420664207,0.6840148698884758,0.7409420289855072,0.6811594202898551,0.1935885633833324,0.1687379472894793,0.1715817694369973,0.1775194613928045,1,1,0,0,2,2,3,3,0.0,0.0,0,0
608d9ad6-b644-4a09-927a-4becc5392bbe,2020-08-13 02:00:00+00:00,2020-08-13,2020,0,d6a012ed-84aa-48d3-8265-2d3f3ff2199a,5d70a9af-8c2b-4aec-9e68-9acc6ddb93e4,d6a012ed-84aa-48d3-8265-2d3f3ff2199a,5d70a9af-8c2b-4aec-9e68-9acc6ddb93e4,1606.9539319596322,1360.5024667036382,0.8267261544135754,1.5626002434246065,1,28.08697242549228,0.4714073588982531,0,0,0,1,31.5,1,0,24.08160223859612,0.4989598391258291,0,0,0,1,20.266666666666666,1,0,17.31696921298584,0.6475117402203348,0,0,0,1,32.0,1,0,26.703358794923336,0.407967299220268,0,0,0,1,26.4,1,0,25.03030082986757,0.390133558236295,0,0,0,1,31.15,1,0,18.02422518211494,0.4796878073926693,0,0,0,1,24.7,1,0,19.24143150120407,0.4200753721546826,0,0,0,1,11.95,1,0,28.607579086025005,0.4916135899769845,0,0,0,1,22.666666666666668,2,0,28.73237461787809,0.4136957757551894,0,0,0,1,26.266666666666666,2,0,24.1214611124086,0.4823421971725017,13,13,0,1,23.75,2,1,22.73130161040588,0.4343423604121245,0,0,0,1,28.73333333333333,2,0,17.176228014417095,0.4368485416654714,0,0,0,1,10.95,2,0,23.87843646402224,0.2856428116447746,0,0,0,1,21.366666666666667,2,0,13.556697263263423,0.4863381355226423,0,0,0,1,3.1,2,0,6.15348767956794,-5.272211129197817,0.2861452682224947,0.2731149388024256,0.098227645663196,0.1090370715484244,0.1259636871389768,0.1222755360953276,0.1384651644929219,0.1436404234993561,0.3290441176470588,0.2638376383763837,0.3534798534798535,0.3044982698961938,0.6709558823529411,0.7361623616236163,0.6465201465201466,0.6955017301038062,0.1634711293361409,0.1829038678788531,0.1878378378378378,0.1477278669664801,1,1,0,0,2,2,3,3,0.0,0.0,0,0
409ecf57-957b-4a2d-bccd-166253d36806,2020-08-13 22:00:00+00:00,2020-08-13,2020,0,08ed8274-e29f-4248-bc2e-83cc8ed18d75,f073a15f-0486-4179-b0a3-dfd0294eb595,08ed8274-e29f-4248-bc2e-83cc8ed18d75,f073a15f-0486-4179-b0a3-dfd0294eb595,1322.382284897216,1458.8285053351456,0.3448994037719615,-0.6415360146272634,0,23.65198423148134,0.5774636728597444,0,0,0,1,33.6,0,0,17.420066532384944,0.4461892864475271,0,0,0,1,27.03333333333333,0,0,15.73189688730088,0.3628790747552038,0,0,0,1,31.35,0,0,24.583913499159145,0.2188656421154764,7,12,0,1,20.25,0,1,12.500398087135569,0.3641514239131017,0,0,0,1,21.216666666666665,0,0,9.116671077738305,0.4252034483706202,0,0,0,1,26.183333333333334,0,0,9.117405854355244,0.3497017533970401,0,0,0,1,15.516666666666667,0,0,22.8893425215861,0.648331590718795,0,0,0,1,23.566666666666663,1,0,30.54066667739898,0.4837431409332592,0,0,0,1,28.1,1,0,30.05249034286004,0.3847479401051058,0,0,0,1,31.33333333333333,1,0,26.47002364541872,0.359697219661313,0,0,0,1,29.25,1,0,18.011483583334062,0.4289527565306903,0,0,0,1,35.416666666666664,1,0,12.196693809434905,0.5648208843833266,10,3,0,1,16.25,1,1,11.2346394612278,0.4802579803059677,0,0,0,0,0.0,0,0,-8.139328482166954,-3.302129537070295,0.2452680783461433,0.2784400058961588,0.1267302281829193,0.1025982785052782,0.1272904093653769,0.1441731918849851,0.1657095721574011,0.1641989576171661,0.428030303030303,0.3011152416356877,0.2472924187725631,0.249090909090909,0.571969696969697,0.6988847583643123,0.7527075812274369,0.7509090909090909,0.2064574564441366,0.1672332492597872,0.1467550820741385,0.1286164739724511,1,1,0,0,2,2,3,3,0.0,0.0,0,0
33cfb790-bd61-4603-89f4-e62313af2153,2020-08-13 23:00:00+00:00,2020-08-13,2020,0,5c0d47fe-8539-47b0-9f36-d0b3609ca89b,0a5ad38d-2fe3-43ba-894b-1ba3d5042ea9,5c0d47fe-8539-47b0-9f36-d0b3609ca89b,0a5ad38d-2fe3-43ba-894b-1ba3d5042ea9,1567.84775940369,1571.687020116138,0.530415152934802,0.1218110071006275,0,27.90341623628308,0.6036756690575045,0,0,0,1,27.616666666666667,0,0,25.60694432705492,0.4291629576207907,0,0,0,1,26.55,0,0,28.96044076663973,0.3754793137029424,0,0,0,1,25.566666666666663,0,0,18.226113908943013,0.5674512712654525,0,0,0,1,33.1,0,0,18.82487314031978,0.5390250168627022,0,0,0,0,0.0,5,0,12.179924821476222,0.7993915835727564,0,0,0,0,0.0,0,0,12.631397690969896,0.6100034818777718,0,0,0,1,24.08333333333333,0,0,23.396775502530865,0.6522620172997821,0,0,0,1,27.58333333333333,0,0,22.658149151787967,0.6526193917431129,0,0,0,1,20.883333333333333,0,0,29.9330129447103,0.4031833954781559,0,0,0,1,26.95,0,0,22.72944696045078,0.3989907843011837,0,0,0,1,24.53333333333333,0,0,20.784185103697908,0.4053430882400864,0,0,0,1,19.55,0,0,19.762765526712048,0.346503628774894,0,0,0,1,28.5,0,0,10.31696481835057,0.4970478918234059,0,0,0,1,10.966666666666669,0,0,-2.312522538541871,3.592459113019911,0.2502641678197977,0.3013444450129753,0.0876999332770515,0.1007620097772894,0.1066625015322034,0.0974038138017526,0.1424003282979783,0.12692273908425,0.321880650994575,0.2836363636363636,0.3385518590998043,0.325626204238921,0.6781193490054249,0.7163636363636363,0.6614481409001957,0.674373795761079,0.1445488408294879,0.171026707530648,0.1853710207950047,0.1992625928536572,1,1,0,0,2,2,3,3,0.0,0.0,0,0
46154a70-3f97-4e29-8b7e-b5d8eb760cb9,2020-08-14 01:00:00+00:00,2020-08-14,2020,0,171b097d-01db-4ae8-9d56-035689402ec6,6f017f37-be96-4bdc-b6d3-0a0429c72e89,FR_LVA_ACES,6f017f37-be96-4bdc-b6d3-0a0429c72e89,1602.9847648782106,1571.329345167872,0.5808186209767734,0.3261348121558663,1,27.42657079424128,0.6588812661679033,0,0,0,1,27.3,2,0,27.07243059653073,0.574523256636232,0,0,0,1,27.05,2,0,26.55026995315954,0.3975680736696533,0,0,0,1,23.716666666666665,2,0,23.418889711679185,0.4051284702476349,0,0,0,1,25.116666666666667,2,0,23.71867459235556,0.3780463082986461,0,0,0,1,24.1,2,0,11.119644903140008,0.7727812659087053,0,0,0,0,0.0,0,0,12.95879713878494,0.4070422804716107,0,0,0,1,22.466666666666665,2,0,23.93230827441605,0.7912797885569886,0,0,0,1,24.73333333333333,1,0,32.380737044510475,0.5095315041171805,0,0,0,1,32.85,1,0,22.34638031252677,0.4425840086957384,0,0,0,1,18.183333333333334,1,0,23.064901636458288,0.4062458055567983,0,0,0,0,0.0,0,0,20.569316299527618,0.3551733772176707,0,0,0,1,19.466666666666665,1,0,15.939884354916146,0.3984837205504832,0,0,0,1,32.233333333333334,1,0,14.250736085038897,0.2756088390096425,0,0,0,1,28.3,1,0,4.954361297230859,4.259492690040766,0.2793579029132199,0.2667317945327379,0.0922034386173618,0.1075653636443112,0.129414699044415,0.1769348224320639,0.1974682516510502,0.1636665454985,0.1402214022140221,0.3032629558541266,0.3474426807760141,0.3560311284046693,0.8597785977859779,0.6967370441458733,0.6525573192239859,0.6439688715953308,0.1584998925424457,0.1758499413833529,0.1523469667856162,0.193688853701295,1,1,0,0,2,2,3,3,0.0,0.0,0,0
1af411d2-ea86-4442-b933-79d4cb6701ca,2020-08-14 23:00:00+00:00,2020-08-14,2020,0,3c409388-ab73-4c7f-953d-3a71062240f6,a015b02d-845c-40c1-8ef4-844984f47e4d,3c409388-ab73-4c7f-953d-3a71062240f6,a015b02d-845c-40c1-8ef4-844984f47e4d,1570.7553671340506,1533.340180941603,0.5888687200603433,0.3592906932579447,0,29.739193229631223,0.5772932949403538,0,0,0,1,30.08333333333333,0,0,23.73393332484121,0.5902063013421562,0,0,0,1,23.716666666666665,0,0,27.51723025496455,0.4797475472243253,0,0,0,1,25.016666666666666,0,0,23.87604025646357,0.4099235499010065,0,0,0,1,32.35,0,0,17.612069133272474,0.4995242178124485,0,0,0,1,23.6,0,0,23.29500371621279,0.375351081043712,0,0,0,1,19.433333333333334,0,0,12.75245842514233,0.6177323346803546,15,2,0,1,14.783333333333331,0,1,33.07434398016887,0.6065682156758305,0,0,0,1,35.21666666666667,1,0,32.62269989629542,0.6042940693246702,0,0,0,1,36.35,1,0,30.01859872179053,0.3479795816137964,0,0,0,1,32.233333333333334,1,0,17.76291070943255,0.4908126745335655,0,0,0,1,28.9,1,0,14.450888846930614,0.3462086317622571,0,0,0,1,6.266666666666667,1,0,17.702925581253677,0.2743385330477875,0,0,0,1,14.616666666666667,1,0,8.535981265486091,0.4386028572683743,0,0,0,1,25.98333333333333,1,0,2.3485331147734927,0.3175517949627534,0.3233824884938889,0.2863581997722329,0.1264578178579419,0.1016534345550744,0.1597894350779459,0.14937610420369,0.147975251303419,0.19065420000051,0.3174342105263157,0.2850082372322899,0.2625607779578606,0.3069139966273187,0.6825657894736842,0.71499176276771,0.7374392220421394,0.6930860033726813,0.1916863577180884,0.1583426002030653,0.1745409334353481,0.1814170139740132,1,1,0,0,2,2,3,3,0.0,0.0,0,0
353f9449-19e0-43f7-b1cd-ccbfc886093c,2020-08-15 00:00:00+00:00,2020-08-15,2020,0,5f0b5caf-708b-4300-92f2-53b51d83ec06,d6a012ed-84aa-48d3-8265-2d3f3ff2199a,5f0b5caf-708b-4300-92f2-53b51d83ec06,d6a012ed-84aa-48d3-8265-2d3f3ff2199a,1398.8145460912633,1622.1388918082437,0.2420181522666597,-1.1416467050642916,0,31.88355459573642,0.3781265837042771,0,0,0,1,29.516666666666666,2,0,23.947146226096628,0.4965780291738794,0,0,0,1,29.0,2,0,21.26600468543464,0.4431898150355095,0,0,0,1,30.266666666666666,2,0,24.878377310779992,0.307325171713723,0,0,0,1,21.066666666666663,2,0,16.224821874436337,0.4590548117604676,0,0,0,1,30.7,2,0,11.229357727052369,0.4940439647322919,0,0,0,1,2.6333333333333333,2,0,9.07970416139062,0.4717487531574802,0,0,0,1,23.716666666666665,2,0,27.390555733033302,0.4967000844600068,0,0,0,1,20.7,1,0,23.003872667948755,0.5207311868962011,0,0,0,1,12.65,1,0,17.980017584704665,0.6457063236369036,0,0,0,1,24.35,1,0,26.197092471595106,0.416534229663252,0,0,0,1,21.33333333333333,1,0,24.942595476495413,0.414327612298572,0,0,0,1,24.1,1,0,18.111503839661893,0.4995653208740604,0,0,0,1,18.95,1,0,18.81642452479862,0.404954049270268,0,0,0,1,14.733333333333333,1,0,-3.5139409285136742,10.072922322146662,0.2738317595741396,0.3260743274976774,0.1011379451894016,0.1045361118583418,0.1565996400867571,0.1226588682557149,0.1305682012522794,0.1451787949408082,0.3618012422360248,0.3448844884488449,0.2773246329526916,0.3580645161290323,0.6381987577639752,0.6551155115511551,0.7226753670473083,0.6419354838709678,0.1459942084942085,0.1632276714513556,0.1619502216160927,0.1856674382716049,1,1,0,0,2,2,3,3,0.0,0.0,0,0
d873a9f6-5d35-4523-8f3b-524c3559703d,2020-08-15 02:00:00+00:00,2020-08-15,2020,0,0699edf3-5993-4182-b9b4-ec935cbd4fcc,5d70a9af-8c2b-4aec-9e68-9acc6ddb93e4,0699edf3-5993-4182-b9b4-ec935cbd4fcc,5d70a9af-8c2b-4aec-9e68-9acc6ddb93e4,1494.5738273715428,1345.3175068550267,0.7316676418124377,1.0031000149533058,1,30.957363254947285,0.6170247119433353,0,0,0,1,29.683333333333334,1,0,20.402833111718508,0.4693526703106206,0,0,0,1,24.616666666666667,1,0,18.68514718446761,0.5070507818042017,0,0,0,1,19.4,1,0,17.973093474898526,0.5086496709143353,0,0,0,1,32.0,1,0,13.066221507369972,0.5008309270166021,0,0,0,0,0.0,6,0,14.038512824187862,0.3530813177691643,0,0,0,1,19.85,1,0,9.247069450526295,0.5283642451784045,0,0,0,0,0.0,0,0,28.089915983280097,0.4859576457399285,0,0,0,1,23.116666666666667,1,0,28.61776212691264,0.4197850769548396,0,0,0,1,27.516666666666666,1,0,24.79351363788296,0.4445642769796235,0,0,0,1,31.25,1,0,22.2428274802333,0.4378366939774352,0,0,0,1,17.55,1,0,17.1894680559469,0.4305605746980597,0,0,0,1,17.316666666666666,1,0,23.08383435820975,0.2590331114612784,0,0,0,1,15.45,1,0,12.278621520599426,0.4863381355226423,0,0,0,0,0.0,4,0,0.9079878344456608,-9.27472929571558,0.299950677614647,0.2868608037835468,0.1099319464921861,0.1165588788943384,0.1270311624688026,0.1331945932059255,0.1936335540622198,0.1313725352452304,0.3134328358208955,0.2792207792207792,0.302588996763754,0.321875,0.6865671641791045,0.7207792207792207,0.6974110032362459,0.678125,0.1720019111323459,0.1812725090036014,0.1773799454938445,0.1489995742869306,1,1,0,0,2,2,3,3,0.0,0.0,0,0
30deae58-0a9d-4f7b-aeab-f438d61849c1,2020-08-15 16:00:00+00:00,2020-08-15,2020,0,171b097d-01db-4ae8-9d56-035689402ec6,5c0d47fe-8539-47b0-9f36-d0b3609ca89b,FR_LVA_ACES,5c0d47fe-8539-47b0-9f36-d0b3609ca89b,1616.886307817792,1540.0298689491185,0.6425232767769822,0.5863327944111668,1,27.983438722490103,0.6635959445982729,0,0,0,1,33.333333333333336,0,0,26.498372818615803,0.57438412703398,0,0,0,1,20.98333333333333,0,0,26.704229184667124,0.4185964158791945,0,0,0,1,28.183333333333334,0,0,23.51138519461505,0.4107708696232168,0,0,0,1,24.4,0,0,23.05226585327745,0.3681683280882444,0,0,0,1,16.65,0,0,10.071325526985442,0.7727812659087053,0,0,0,0,0.0,0,0,12.898132866980664,0.4632086851628468,0,0,0,1,23.73333333333333,0,0,28.55517215488561,0.5897949758402237,0,0,0,1,34.81666666666667,1,0,26.56790826585418,0.4502322849509473,0,0,0,1,35.8,1,0,29.59582171563729,0.3621827461307059,0,0,0,1,35.7,1,0,18.889871424497848,0.5495043417787447,0,0,0,1,25.266666666666666,1,0,17.05013307995363,0.5390250168627022,0,0,0,0,0.0,7,0,11.031646139766352,0.7993915835727564,0,0,0,0,0.0,0,0,13.610482795632318,0.5626878669659822,0,0,0,1,23.016666666666666,1,0,6.169205465532579,-4.517617708930565,0.3001592313356889,0.2714514385863488,0.096765433586659,0.105228912214362,0.1504879562761512,0.1137479036793188,0.2071345691820044,0.1446880697611104,0.1454248366013072,0.33115823817292,0.3459715639810427,0.3339130434782609,0.8545751633986928,0.6688417618270799,0.6540284360189573,0.6660869565217391,0.1545428407130534,0.1563508214622524,0.1583280557314756,0.1809333666084352,1,1,0,0,2,2,3,3,0.0,0.0,0,0
49bd76bb-0a0e-4aa0-9a07-bbbf5c4fd596,2020-08-15 18:00:00+00:00,2020-08-15,2020,0,f073a15f-0486-4179-b0a3-dfd0294eb595,0a5ad38d-2fe3-43ba-894b-1ba3d5042ea9,f073a15f-0486-4179-b0a3-dfd0294eb595,0a5ad38d-2fe3-43ba-894b-1ba3d5042ea9,1467.272942302109,1599.5049105707096,0.3504010472149618,-0.6172768290692263,0,22.48967284272076,0.6452449515477211,0,0,0,1,18.65,1,0,30.357707734168667,0.4630747367753728,0,0,0,1,28.6,1,0,30.17481479891739,0.3956545558991975,0,0,0,1,31.35,1,0,27.06050553237568,0.3775801870175735,0,0,0,1,32.733333333333334,1,0,19.496824513281943,0.4413550093889132,0,0,0,1,33.766666666666666,1,0,12.471978150863563,0.5757654203839432,12,5,0,1,15.116666666666667,1,1,10.175478819507124,0.4802579803059677,0,0,0,0,0.0,0,0,22.84279100656569,0.6524262692512649,0,0,0,1,24.616666666666667,1,0,23.2855191657158,0.6384294004108488,0,0,0,1,22.216666666666665,1,0,29.557509079093585,0.4095488866869409,0,0,0,1,25.95,1,0,23.44631350503976,0.3986884874879527,0,0,0,1,30.33333333333333,1,0,20.52484487863479,0.4212957458666739,0,0,0,1,18.03333333333333,1,0,19.794558757137526,0.3126723330687065,0,0,0,1,20.1,1,0,9.344319179358289,0.4970478918234059,0,0,0,0,0.0,2,0,-2.0928359801321714,5.676886553192208,0.2993278702859794,0.3230190983025249,0.1036769181217311,0.10597023339678,0.1591496582293869,0.1082189497604891,0.1722879654953569,0.1414721477475749,0.2918032786885245,0.2850162866449511,0.2637540453074433,0.3350604490500863,0.7081967213114754,0.7149837133550488,0.7362459546925566,0.6649395509499136,0.1600606030985777,0.1681394207167403,0.1246113606080047,0.2050672232199194,1,1,0,0,2,2,3,3,0.0,0.0,0,0
aaca0cd3-a703-442d-b81e-1cd6ca464be7,2020-08-15 22:00:00+00:00,2020-08-15,2020,0,6f017f37-be96-4bdc-b6d3-0a0429c72e89,08ed8274-e29f-4248-bc2e-83cc8ed18d75,6f017f37-be96-4bdc-b6d3-0a0429c72e89,08ed8274-e29f-4248-bc2e-83cc8ed18d75,1557.4278022282908,1313.9378479302525,0.8242704339713884,1.545552415963289,1,32.56639194005486,0.5402020426520978,0,0,0,1,34.35,0,0,21.806473542365783,0.7941232210380024,0,0,0,1,1.3833333333333333,0,0,22.879382860307185,0.4494471426778921,0,0,0,1,28.0,0,0,22.290430811740563,0.351452052371973,0,0,0,1,14.85,0,0,20.275238588806285,0.3400935200566581,0,0,0,1,17.45,0,0,17.314129978090683,0.3808102789310034,0,0,0,1,30.516666666666666,0,0,14.527210607797846,0.2541227830277742,0,0,0,1,17.183333333333334,0,0,23.76807131281588,0.5555985999876901,0,0,0,1,24.883333333333333,1,0,19.25342073557004,0.4331863952671433,0,0,0,1,36.86666666666667,1,0,17.688266276693238,0.3695796250670939,0,0,0,1,36.48333333333333,1,0,25.23593679209228,0.2515231571322255,9,14,0,1,31.5,1,1,10.557527326378592,0.4239545392768826,0,0,0,1,24.4,1,0,12.291381346057449,0.3590290208716854,0,0,0,1,10.283333333333331,1,0,9.068626726318229,0.349676822987245,0,0,0,1,8.6,1,0,2.176000129811684,-8.26996330157305,0.288009251523258,0.2623511870046757,0.1191418859356637,0.1242766588619781,0.1897154106265818,0.1346286715316708,0.1725199619050075,0.1861339151500412,0.3066439522998296,0.4228187919463087,0.3356164383561644,0.2444089456869009,0.6933560477001703,0.5771812080536913,0.6643835616438356,0.755591054313099,0.1792336217552534,0.194464328322596,0.1855659762274938,0.1418456912855826,1,1,0,0,2,2,3,3,0.0,0.0,0,0
1f3797a3-6a50-44ad-953a-84f2bab281a1,2020-08-16 17:00:00+00:00,2020-08-16,2020,0,0699edf3-5993-4182-b9b4-ec935cbd4fcc,5f0b5caf-708b-4300-92f2-53b51d83ec06,0699edf3-5993-4182-b9b4-ec935cbd4fcc,5f0b5caf-708b-4300-92f2-53b51d83ec06,1506.5059370911256,1387.1173936483278,0.6966016862004747,0.8311672693262729,0,30.955097801989496,0.6296524705877874,0,0,0,1,30.933333333333334,0,0,20.699536473895648,0.5062555053154232,0,0,0,1,23.55,0,0,18.6324219291206,0.5250822324542808,0,0,0,1,24.966666666666665,0,0,18.794965239587874,0.5123385041192354,0,0,0,1,19.85,0,0,15.994258487293054,0.3923069406319679,0,0,0,1,34.78333333333333,0,0,11.834386021738998,0.5008309270166021,3,0,3,0,0.0,7,1,8.375289626433506,0.5283642451784045,0,0,0,0,0.0,0,0,31.855250835206995,0.3930694210209682,0,0,0,1,31.58333333333333,0,0,24.5586401794656,0.4846737701391676,0,0,0,1,30.433333333333334,0,0,20.92038719690052,0.4348967875081143,0,0,0,1,17.6,0,0,23.46155696586021,0.3072546842615181,0,0,0,1,9.85,0,0,14.695205120143669,0.4590548117604676,0,0,0,0,0.0,3,0,12.027938841877123,0.4830943209287945,0,0,0,1,19.7,0,0,9.794975185755176,0.4302300984793287,0,0,0,1,16.666666666666668,0,0,2.760988551637479,-5.261005796900557,0.3267878231040652,0.2843250339770885,0.1121963104172318,0.1078415723935948,0.1290219945004429,0.16540508377581,0.2087378109086023,0.1335467641182525,0.3203592814371258,0.3635097493036212,0.2982708933717579,0.2760646108663729,0.6796407185628742,0.6364902506963789,0.7017291066282421,0.723935389133627,0.1678724602521336,0.146408120770432,0.1722461746555076,0.1621740083278544,1,1,0,0,2,2,3,3,0.0,0.0,0,0
f710bcc1-0a57-4a57-a269-f75c02ac6878,2020-08-16 19:00:00+00:00,2020-08-16,2020,0,a015b02d-845c-40c1-8ef4-844984f47e4d,d6a012ed-84aa-48d3-8265-2d3f3ff2199a,a015b02d-845c-40c1-8ef4-844984f47e4d,d6a012ed-84aa-48d3-8265-2d3f3ff2199a,1542.3139984691,1633.8360442511791,0.4054200071629605,-0.3829316774332073,0,33.073620191183586,0.6044057590603855,0,0,0,1,33.06666666666667,1,0,32.87667721200082,0.6076615008632184,0,0,0,1,35.31666666666667,1,0,30.42380481837821,0.3414890712231371,0,0,0,1,34.31666666666667,1,0,18.924435009133976,0.5010094448388434,0,0,0,1,30.08333333333333,1,0,17.697935951386377,0.2805991342519068,0,0,0,1,17.65,1,0,13.729591081317851,0.3330406316735979,0,0,0,1,6.8,1,0,9.506777886227212,0.4090382409051398,0,0,0,1,18.83333333333333,1,0,27.8832543220066,0.5030977508109674,0,0,0,1,32.61666666666667,0,0,18.552273284801228,0.6712631663770429,0,0,0,1,24.05,0,0,22.51641316570188,0.5136969150277295,0,0,0,1,17.833333333333332,0,0,24.7751674157766,0.439100739438338,0,0,0,1,23.166666666666668,0,0,25.55943004423827,0.418773812768288,0,0,0,1,19.433333333333334,0,0,17.991002607879288,0.4855295113307,0,0,0,1,16.833333333333332,0,0,18.728456106359648,0.4075245101424354,0,0,0,1,17.883333333333333,0,0,-0.0290755514226885,11.20163045858061,0.2984364581961297,0.3417781942406315,0.102224145998362,0.1120621606150644,0.1650649468958101,0.1380311355356279,0.2024514950747425,0.1578337874652332,0.2752562225475842,0.3367952522255193,0.308868501529052,0.3602305475504322,0.7247437774524158,0.6632047477744807,0.691131498470948,0.6397694524495677,0.1516990291262135,0.163325577232862,0.1812561160039142,0.1820704005548812,1,1,0,0,2,2,3,3,0.0,0.0,0,0
71dae6d7-1162-4ef9-805c-1660d1de9cf9,2020-08-16 20:00:00+00:00,2020-08-16,2020,0,5d70a9af-8c2b-4aec-9e68-9acc6ddb93e4,3c409388-ab73-4c7f-953d-3a71062240f6,5d70a9af-8c2b-4aec-9e68-9acc6ddb93e4,3c409388-ab73-4c7f-953d-3a71062240f6,1333.385397135444,1561.7815496065537,0.2367027553940948,-1.1708423716308027,0,27.48592684645269,0.5029288822049206,0,0,0,1,21.683333333333334,0,0,28.61451630641017,0.4088768936926359,0,0,0,1,28.58333333333333,0,0,25.78559794582685,0.4397727064470874,0,0,0,1,35.31666666666667,0,0,22.703886451959487,0.4381216115786037,0,0,0,1,27.133333333333333,0,0,16.305834685383395,0.429136359793294,0,0,0,1,7.816666666666666,0,0,22.76324758191757,0.2427018562334033,0,0,0,1,19.683333333333334,0,0,11.121038075746974,0.4863381355226423,0,0,0,0,0.0,5,0,30.35300823462734,0.5622756647146891,0,0,0,1,36.25,1,0,23.44162011905849,0.6163876891466161,0,0,0,1,20.633333333333333,1,0,28.122116942898224,0.4719944440229097,0,0,0,1,33.93333333333333,1,0,24.94676423163176,0.4111607002067357,0,0,0,1,35.233333333333334,1,0,18.40442379205749,0.4781273533073651,0,0,0,1,26.016666666666666,1,0,21.961464596874823,0.3618792965630539,0,0,0,1,9.15,1,0,13.04919711139692,0.5990856728422461,17,4,0,1,15.9,1,1,-10.338944285887624,2.443811745107708,0.3044738300009888,0.3392605834552166,0.1191938828334149,0.1327875810154148,0.1504089694615881,0.1635803397966755,0.1388348636346005,0.1602984197409638,0.2774566473988439,0.3183856502242152,0.3276595744680851,0.2554112554112554,0.7225433526011561,0.6816143497757847,0.6723404255319149,0.7445887445887446,0.1756389810784018,0.1905888538380651,0.1470335708766205,0.166301875455989,1,1,0,0,2,2,3,3,0.0,0.0,0,0
636f5ffc-2155-419d-8f7d-9841224d35c3,2020-08-18 23:00:00+00:00,2020-08-18,2020,0,a015b02d-845c-40c1-8ef4-844984f47e4d,f073a15f-0486-4179-b0a3-dfd0294eb595,a015b02d-845c-40c1-8ef4-844984f47e4d,f073a15f-0486-4179-b0a3-dfd0294eb595,1515.6251931176353,1452.6431223403,0.623977543067345,0.5064655115565975,1,32.40831647143222,0.5971720764717515,0,0,0,1,26.016666666666666,1,0,31.925113735795723,0.5904959413717088,0,0,0,1,22.78333333333333,1,0,29.66577862917764,0.3506490564114086,0,0,0,1,22.383333333333333,1,0,19.26781126370816,0.5094455445529195,0,0,0,1,22.566666666666663,1,0,17.70755817590006,0.2833726008305525,0,0,0,1,17.8,1,0,14.096050324233769,0.3248086391541456,0,0,0,1,17.616666666666667,1,0,10.12050634649655,0.4004015272515522,0,0,0,1,16.016666666666666,1,0,22.21410253110841,0.6355295746609899,0,0,0,1,19.566666666666663,2,0,29.51477914465865,0.4498919856241325,0,0,0,1,21.416666666666668,2,0,30.15362008345621,0.4187532943948348,0,0,0,1,29.95,2,0,27.820010884216167,0.3929283159672898,0,0,0,1,35.11666666666667,2,0,20.384892714715445,0.4186325018661375,0,0,0,1,28.916666666666668,2,0,13.574510531708452,0.5319503622040478,15,8,0,1,24.166666666666668,2,1,14.296626776022974,0.312914370621168,0,0,0,1,13.766666666666667,2,0,-3.1814226526062974,-4.06030163757548,0.3064198183662338,0.3174337763275676,0.1066439358040142,0.1221009439842211,0.1845827953295233,0.1825544891399808,0.2041793658965369,0.1901798227697516,0.2736842105263158,0.2919161676646706,0.3129346314325452,0.268041237113402,0.7263157894736842,0.7080838323353293,0.6870653685674548,0.7319587628865979,0.1491131690472453,0.1703895875472693,0.1782876237825502,0.1278026905829596,1,2,0,0,2,1,3,3,0.0,0.0,0,0
f122377f-83e3-4a5c-a2b0-11102a68f36f,2020-08-19 01:00:00+00:00,2020-08-19,2020,0,3c409388-ab73-4c7f-953d-3a71062240f6,171b097d-01db-4ae8-9d56-035689402ec6,3c409388-ab73-4c7f-953d-3a71062240f6,FR_LVA_ACES,1576.9819869632602,1632.7523441635822,0.4558333115956667,-0.1771284144889088,1,29.77921025356174,0.5794850510102304,0,0,0,1,24.266666666666666,2,0,23.164294953106086,0.624141641831863,0,0,0,1,20.5,2,0,27.45538367162464,0.4811480742758586,0,0,0,1,21.05,2,0,25.071199796736,0.4115807882230409,0,0,0,1,26.266666666666666,2,0,18.37415256016915,0.4766538943609743,0,0,0,1,18.08333333333333,2,0,13.718634788518685,0.603209861894865,20,7,0,1,20.15,2,1,21.82211179761117,0.3721395732456415,0,0,0,1,20.48333333333333,2,0,27.606323443842204,0.6593967717459409,0,0,0,1,23.98333333333333,3,0,26.62422800429574,0.5791081270282403,0,0,0,1,27.83333333333333,3,0,25.92447943054852,0.4141862892746721,0,0,0,1,18.433333333333334,3,0,23.75857285762348,0.4214085749244096,0,0,0,1,26.133333333333333,3,0,23.408731040468027,0.3823790025148633,0,0,0,1,26.83333333333333,3,0,9.121837860295877,0.7727812659087053,0,0,0,0,0.0,0,0,12.802461285441698,0.4813881891967534,0,0,0,1,11.883333333333333,3,0,5.357631546784435,7.769955781650863,0.3669355824953662,0.3269767151444831,0.1399870841152343,0.1006708799301471,0.1686534403569828,0.1467756516011437,0.162862885054017,0.2093627584728107,0.3096862210095498,0.1506646971935007,0.2509855453350854,0.3483779971791255,0.6903137789904502,0.8493353028064993,0.7490144546649146,0.6516220028208745,0.1911452704055082,0.1526184973618802,0.166998710887144,0.1620269682470639,1,2,0,0,2,1,3,3,0.0,0.0,0,0
f40300ba-a812-471c-af1e-fee2a49a5406,2020-08-19 02:00:00+00:00,2020-08-19,2020,0,d6a012ed-84aa-48d3-8265-2d3f3ff2199a,08ed8274-e29f-4248-bc2e-83cc8ed18d75,d6a012ed-84aa-48d3-8265-2d3f3ff2199a,08ed8274-e29f-4248-bc2e-83cc8ed18d75,1660.5248496026438,1301.2079301534284,0.9013491657036936,2.2123060242728925,1,27.60043276369668,0.4933260741022247,0,0,0,1,24.883333333333333,2,0,19.265416574909853,0.6869887030401012,0,0,0,1,26.116666666666667,2,0,22.48344034733631,0.5557851976224453,0,0,0,1,22.166666666666668,2,0,24.81364780285621,0.4367234328701124,0,0,0,1,25.183333333333334,2,0,25.0321648063618,0.4297080434013604,0,0,0,1,19.966666666666665,2,0,18.11912390228333,0.5053346206432965,0,0,0,1,19.35,2,0,18.331384031093418,0.4013328776780348,0,0,0,1,14.516666666666667,2,0,23.66737746313876,0.5466901285480635,0,0,0,1,22.7,3,0,19.43536582357809,0.4350571637728579,0,0,0,1,21.183333333333334,3,0,17.53067399064205,0.3650956654155802,0,0,0,1,16.016666666666666,3,0,25.06913648773982,0.2297853703523716,13,18,0,1,23.466666666666665,3,1,11.548290475120975,0.4241683302486649,0,0,0,1,21.066666666666663,3,0,12.859423167848956,0.3518512686572447,0,0,0,1,18.316666666666663,3,0,8.929792923613604,0.4106890267075843,0,0,0,1,23.98333333333333,3,0,13.300670022307065,-10.643738908997014,0.3726492231380499,0.2704715529925595,0.1161365333053229,0.1334665944485543,0.1418531258127107,0.1431485492352678,0.1603586583097097,0.2000113369188469,0.3382949932341001,0.4138972809667673,0.3501945525291828,0.2381635581061693,0.6617050067658998,0.5861027190332326,0.6498054474708171,0.7618364418938307,0.1618520794919073,0.1950947603121516,0.1766091051805337,0.1446029398973645,1,2,0,0,2,1,3,3,0.0,0.0,0,0
562d4da6-bfd6-46d4-a471-acc451ab3ce9,2020-08-19 23:00:00+00:00,2020-08-19,2020,0,5c0d47fe-8539-47b0-9f36-d0b3609ca89b,5d70a9af-8c2b-4aec-9e68-9acc6ddb93e4,5c0d47fe-8539-47b0-9f36-d0b3609ca89b,5d70a9af-8c2b-4aec-9e68-9acc6ddb93e4,1524.1638326033285,1318.1849597787375,0.7907779820672988,1.329621273406176,1,28.842227367070222,0.5647761190487562,0,0,0,1,31.6,3,0,26.86633294226329,0.4425280579216228,0,0,0,1,29.73333333333333,3,0,29.655923974942866,0.3622972602334042,0,0,0,1,30.23333333333333,3,0,19.63718063405982,0.5340432673364341,0,0,0,1,26.816666666666663,3,0,15.442709009362847,0.5390250168627022,0,0,0,0,0.0,11,0,14.94664721126209,0.5427291616673525,0,0,0,1,27.78333333333333,3,0,9.991622964571963,0.7993915835727564,0,0,0,0,0.0,0,0,27.20599587685537,0.4936017098580013,0,0,0,1,24.516666666666666,2,0,29.14738033140459,0.3966729517113129,0,0,0,1,34.266666666666666,2,0,26.495599509004343,0.4303662049149649,0,0,0,1,33.31666666666667,2,0,23.398022391432285,0.4333074840616065,0,0,0,1,30.066666666666663,2,0,16.782951380354817,0.4141409867412018,0,0,0,1,21.366666666666667,2,0,22.17591409461097,0.232412077560716,0,0,0,1,16.533333333333335,2,0,10.072587356383975,0.4863381355226423,0,0,0,0,0.0,8,0,-6.274073666887881,-12.508439921468828,0.2867957689852298,0.3145888206369998,0.1167552793072224,0.1259312361873312,0.1375155104652436,0.1550842301061263,0.1409712335336303,0.1507015220547349,0.3352685050798258,0.2710526315789474,0.3203125,0.318595578673602,0.6647314949201741,0.7289473684210527,0.6796875,0.6814044213263979,0.1603272888102609,0.1754970783167967,0.1764705882352941,0.1512710698990216,3,2,0,0,1,1,2,3,0.0,0.0,0,0
eae835f4-1de1-4e94-884d-920b8865fa16,2020-08-20 01:00:00+00:00,2020-08-20,2020,0,6f017f37-be96-4bdc-b6d3-0a0429c72e89,5f0b5caf-708b-4300-92f2-53b51d83ec06,6f017f37-be96-4bdc-b6d3-0a0429c72e89,5f0b5caf-708b-4300-92f2-53b51d83ec06,1570.157720005115,1402.1046442853822,0.7523719205067387,1.1113028357722683,1,32.3810077133255,0.5815670456509558,0,0,0,1,30.6,4,0,19.75063912146548,0.7941232210380024,0,0,0,0,0.0,5,0,22.887611657739853,0.4635386354344533,0,0,0,1,22.966666666666665,4,0,21.897554706319816,0.3486033182857282,0,0,0,1,37.48333333333333,4,0,18.39226189971053,0.4085855831041624,0,0,0,1,28.75,4,0,21.486841561464303,0.3299628860699062,0,0,0,1,13.766666666666667,4,0,4.732193042592007,0.7421677928755306,0,0,0,1,9.816666666666666,4,0,32.04173720491404,0.4339700096447642,0,0,0,1,33.833333333333336,3,0,25.54772714023446,0.4978458196068796,0,0,0,1,35.05,3,0,21.072449848383087,0.4299002368297112,0,0,0,1,22.53333333333333,3,0,22.673260014070305,0.2956649951012311,0,0,0,1,15.1,3,0,13.309795028526246,0.4590548117604676,0,0,0,0,0.0,7,0,11.216099655172105,0.4805227196513452,0,0,0,1,3.4166666666666665,3,0,14.33300671146269,0.3244326152479889,0,0,0,1,30.966666666666665,3,0,5.12429225518001,-4.33201035546566,0.3126423875006721,0.3121728598684961,0.1252637600088979,0.1125339313800008,0.1969700930763309,0.1710995034089391,0.1801564549179445,0.1441839675552146,0.2933130699088146,0.3659466327827191,0.3353846153846154,0.28475935828877,0.7066869300911854,0.6340533672172808,0.6646153846153846,0.7152406417112299,0.1781131073546331,0.1463086717545177,0.1871693714695597,0.1618252287529468,3,2,0,0,1,1,2,3,0.0,0.0,0,0
cef6f72b-2366-41dc-be84-18e73aa4d9e6,2020-08-20 02:00:00+00:00,2020-08-20,2020,0,0a5ad38d-2fe3-43ba-894b-1ba3d5042ea9,0699edf3-5993-4182-b9b4-ec935cbd4fcc,0a5ad38d-2fe3-43ba-894b-1ba3d5042ea9,0699edf3-5993-4182-b9b4-ec935cbd4fcc,1614.1347305325185,1491.5186864540713,0.7005139112657335,0.849746256454461,1,22.72405395211864,0.6660969034903724,0,0,0,1,21.58333333333333,4,0,23.384303245971147,0.6300384310066303,0,0,0,1,24.33333333333333,4,0,29.064992932541934,0.4119943540564907,0,0,0,1,24.33333333333333,4,0,24.067313597872264,0.3879432574540054,0,0,0,1,30.03333333333333,4,0,20.60735129667778,0.4424125695600173,0,0,0,1,21.4,4,0,20.33558939579672,0.3270200299768361,0,0,0,1,25.53333333333333,4,0,8.46337100717989,0.4970478918234059,0,0,0,0,0.0,7,0,30.84777068606338,0.6662432398482587,0,0,0,1,29.816666666666663,3,0,19.85181512849029,0.5238736671406873,0,0,0,1,31.566666666666663,3,0,21.15210658497153,0.4825809737329343,0,0,0,1,25.5,3,0,19.700492721417334,0.5058711185049681,0,0,0,1,28.4,3,0,13.315996521452371,0.5201248716360404,7,4,0,1,27.55,3,1,15.265729446380192,0.3817437658557095,0,0,0,1,8.266666666666667,3,0,14.88764910483442,0.2958237140211965,0,0,0,1,15.2,3,0,7.306461055514571,2.0676855753630266,0.3520683188145661,0.3487460704010796,0.1120047528618899,0.1180188123878033,0.1161465282844951,0.1384071503692572,0.1544084049592771,0.2129796362727387,0.2874074074074074,0.3251700680272109,0.3312401883830455,0.3066841415465268,0.7125925925925926,0.6748299319727891,0.6687598116169545,0.6933158584534731,0.1673584147810952,0.1670290571259142,0.2108460059430169,0.169916972388492,3,2,0,0,1,1,2,3,0.0,0.0,0,0
18ace43c-dc12-4fa8-90ca-092d7d5dd84f,2020-08-20 23:00:00+00:00,2020-08-20,2020,0,08ed8274-e29f-4248-bc2e-83cc8ed18d75,3c409388-ab73-4c7f-953d-3a71062240f6,08ed8274-e29f-4248-bc2e-83cc8ed18d75,3c409388-ab73-4c7f-953d-3a71062240f6,1292.3548191943855,1584.0632289327918,0.1772199898690765,-1.5352970210995058,0,23.558892665755405,0.5155916292424663,0,0,0,1,22.516666666666666,0,0,18.73438677887377,0.4257252126391122,0,0,0,1,12.0,0,0,25.52300132585464,0.2504587374762098,14,19,0,1,29.883333333333333,0,1,17.4445047293017,0.3514529841660268,0,0,0,1,16.616666666666667,0,0,13.099297365721156,0.4044812038617121,0,0,0,1,28.0,0,0,13.931713741242326,0.3530870011976929,0,0,0,1,24.23333333333333,0,0,9.742474460061656,0.4165548745791296,0,0,0,1,17.55,0,0,30.05457160831149,0.6046691866651343,0,0,0,1,32.7,0,0,20.98045010501717,0.624141641831863,0,0,0,0,0.0,3,0,27.24275436338485,0.4787506924365072,0,0,0,1,25.2,0,0,25.48558830708245,0.4172570346877355,0,0,0,1,29.466666666666665,0,0,19.47176612888552,0.4888033798567015,0,0,0,1,30.016666666666666,0,0,15.085456109375546,0.5754970792509173,21,8,0,1,28.216666666666665,0,1,21.89073443015792,0.3684003272040262,0,0,0,1,22.55,0,0,-13.69838808949735,5.004188347123068,0.2801502232705306,0.3860273759540116,0.1457047747061602,0.1453823956040937,0.1543444498116439,0.1679592725934363,0.2078900812518305,0.1540557367831666,0.4128943758573388,0.3130434782608696,0.2467700258397933,0.2502994011976048,0.5871056241426612,0.6869565217391305,0.7532299741602068,0.7497005988023953,0.1987898064466079,0.1907486886027658,0.1463596715256768,0.1595668387837062,1,1,0,0,1,2,3,3,0.0,0.0,0,0
75c4e8e7-588e-4b27-adda-7c6ba4ac8384,2020-08-21 00:00:00+00:00,2020-08-21,2020,0,f073a15f-0486-4179-b0a3-dfd0294eb595,d6a012ed-84aa-48d3-8265-2d3f3ff2199a,f073a15f-0486-4179-b0a3-dfd0294eb595,d6a012ed-84aa-48d3-8265-2d3f3ff2199a,1429.2233729813397,1669.377960561687,0.2246920747511268,-1.2385293651294726,1,21.91580253858221,0.6250582885893636,0,0,0,1,19.05,2,0,29.71136612610072,0.4494412171360352,0,0,0,1,31.6,2,0,30.227128591579508,0.4013222903260197,0,0,0,1,30.933333333333334,2,0,28.57390628952844,0.375931721194879,0,0,0,1,35.81666666666667,2,0,21.75175257012608,0.4154797152115155,0,0,0,1,34.88333333333333,2,0,14.327981726743053,0.5080375685653755,18,11,0,1,21.566666666666663,2,1,13.962263799356013,0.3278200737049396,0,0,0,1,10.75,2,0,27.041019038953632,0.4981004355863226,0,0,0,1,21.666666666666668,1,0,19.43366056104272,0.6900912994130969,0,0,0,1,21.05,1,0,21.766930106853927,0.5909375022725329,0,0,0,1,14.883333333333333,1,0,24.47139505709987,0.4447639174923362,0,0,0,1,21.183333333333334,1,0,24.801297948249456,0.423655581494137,0,0,0,1,22.58333333333333,1,0,18.32158636494596,0.5216124450707794,0,0,0,1,20.266666666666666,1,0,17.97646027289322,0.4079807719634977,0,0,0,1,14.566666666666666,1,0,-6.733408347470704,16.10483347314131,0.3275033042779068,0.3956746997028931,0.1308873044095739,0.1218958627228172,0.1875265880637109,0.1506624001303992,0.1851062299120925,0.1599330475595857,0.2956403269754768,0.3370098039215686,0.2649800266311584,0.3544152744630071,0.7043596730245232,0.6629901960784313,0.7350199733688415,0.6455847255369929,0.1725798683576818,0.1619387983024346,0.1274573782527122,0.1816457281935645,1,1,0,0,1,2,3,3,0.0,0.0,0,0
83b01ad2-ef56-4330-ad96-4efff3be363a,2020-08-21 02:00:00+00:00,2020-08-21,2020,0,171b097d-01db-4ae8-9d56-035689402ec6,a015b02d-845c-40c1-8ef4-844984f47e4d,FR_LVA_ACES,a015b02d-845c-40c1-8ef4-844984f47e4d,1625.6711021940505,1539.0449424765957,0.6553345943155875,0.6425718283839599,1,28.092821694030675,0.6520200482612648,0,0,0,1,32.766666666666666,1,0,26.879632527840528,0.5791362931800426,0,0,0,1,29.33333333333333,1,0,26.20657187900604,0.4070654021442828,0,0,0,1,28.916666666666668,1,0,23.445618444259978,0.4003391215833164,0,0,0,1,23.8,1,0,23.474935632811672,0.3935588525395827,0,0,0,1,20.75,1,0,13.622433365373064,0.4989440337909187,0,0,0,1,21.5,1,0,8.261864411648416,0.7727812659087053,0,0,0,0,0.0,0,0,32.42953023665109,0.6127186816789933,0,0,0,1,32.63333333333333,2,0,32.12701149890313,0.5830025797963039,0,0,0,1,34.06666666666667,2,0,29.90626700622514,0.3599110812885501,0,0,0,1,32.21666666666667,2,0,19.80036465220212,0.5338766646196673,0,0,0,1,24.916666666666668,2,0,16.7750811672463,0.2854924248565886,0,0,0,1,7.816666666666666,2,0,14.13570449174906,0.325593813506256,0,0,0,1,14.516666666666667,2,0,9.70218593378844,0.3961650099930124,0,0,0,1,5.683333333333334,2,0,6.885778150931779,0.1744072877783242,0.335007686947351,0.3253245453377377,0.0988931159519734,0.1102856533324615,0.1490998385476693,0.2067162433126794,0.220200913651775,0.2019521996214647,0.1597869507323568,0.2704326923076923,0.3482714468629961,0.3146496815286624,0.8402130492676432,0.7295673076923077,0.6517285531370038,0.6853503184713375,0.1457061295694235,0.1471012923254638,0.1642263553620894,0.1796877924605997,1,1,0,0,1,2,3,3,0.0,0.0,0,0
ca8edbd7-5c07-42b3-895b-2e62f318ea72,2020-08-21 23:00:00+00:00,2020-08-21,2020,0,5d70a9af-8c2b-4aec-9e68-9acc6ddb93e4,0a5ad38d-2fe3-43ba-894b-1ba3d5042ea9,5d70a9af-8c2b-4aec-9e68-9acc6ddb93e4,0a5ad38d-2fe3-43ba-894b-1ba3d5042ea9,1313.475866764384,1622.706071424122,0.1629881702925721,-1.6361605805703994,0,27.463119258567907,0.492033173521791,0,0,0,1,29.933333333333334,1,0,27.490629713186635,0.4704702935838015,0,0,0,1,37.05,1,0,29.90340926231162,0.4311396094950827,0,0,0,1,37.16666666666666,1,0,24.771500790344,0.4466909627668642,0,0,0,1,37.96666666666667,1,0,15.92978655107041,0.4064329838339396,0,0,0,1,7.733333333333333,1,0,22.29288770065952,0.226503962857946,0,0,0,1,23.416666666666668,1,0,9.122980729042393,0.4863381355226423,0,0,0,0,0.0,10,0,23.76131714910604,0.6495342468327923,0,0,0,1,27.383333333333333,0,0,23.1978817291202,0.6519453748342796,0,0,0,1,27.75,0,0,29.305555382189247,0.4273366841274315,0,0,0,1,31.616666666666667,0,0,24.27780309071267,0.3849066342521197,0,0,0,1,26.3,0,0,20.237409261731056,0.4414476950664311,0,0,0,1,16.683333333333334,0,0,20.770619119142776,0.3239255256442299,0,0,0,1,24.95,0,0,7.665475400647882,0.4970478918234059,0,0,0,0,0.0,8,0,-11.367380283327774,7.362458544583879,0.3423161350292524,0.3625989663902083,0.1315916942595982,0.1115463911487685,0.1787632185540555,0.1186647071516635,0.1528898192414048,0.1740094389908665,0.2702050663449939,0.2809139784946236,0.33253873659118,0.3300142247510668,0.729794933655006,0.7190860215053764,0.6674612634088201,0.6699857752489331,0.1741500036093265,0.1613754465735628,0.1489384748700173,0.2102096118594086,1,1,0,0,1,1,3,2,0.0,0.0,0,0
24c9f58e-0f59-411c-bc85-34e4ebe72120,2020-08-22 00:00:00+00:00,2020-08-22,2020,0,5f0b5caf-708b-4300-92f2-53b51d83ec06,5c0d47fe-8539-47b0-9f36-d0b3609ca89b,5f0b5caf-708b-4300-92f2-53b51d83ec06,5c0d47fe-8539-47b0-9f36-d0b3609ca89b,1396.3846403192597,1528.872925617682,0.3500652725374267,-0.6187523084990951,1,32.44947570688515,0.4306851383377019,0,0,0,1,36.36666666666667,1,0,26.23930121252281,0.504205688898753,0,0,0,1,32.88333333333333,1,0,20.627234580980065,0.4218561445700641,0,0,0,1,16.35,1,0,23.68296648207532,0.3328559494787668,0,0,0,1,33.38333333333333,1,0,12.05499632383832,0.4590548117604676,0,0,0,0,0.0,9,0,10.158686878431618,0.4805227196513452,0,0,0,0,0.0,5,0,14.854699895248876,0.3205378976221029,0,0,0,1,19.866666666666667,1,1,29.28134510359469,0.5709527961005294,0,0,0,1,33.5,2,0,27.699138703579347,0.4408486477014848,0,0,0,1,35.7,2,0,20.32974899230513,0.5504481792634601,0,0,0,1,26.98333333333333,2,0,29.7669258149133,0.3747651794038092,0,0,0,1,30.83333333333333,2,0,15.080521442191596,0.5397733076316691,0,0,0,1,16.366666666666667,2,0,13.986826990121363,0.5390250168627022,0,0,0,0,0.0,14,0,9.049649363415517,0.7993915835727564,0,0,0,0,0.0,0,0,-4.925888060809199,-5.644386748005283,0.3276709127730693,0.3149767114261133,0.1164510446428537,0.1185826690633357,0.1804489599207638,0.1519216011163743,0.1703636605608815,0.1546170781164806,0.3689776733254994,0.3491436100131752,0.2917181705809641,0.3145275035260931,0.6310223266745005,0.6508563899868248,0.7082818294190358,0.685472496473907,0.1455286327584952,0.1569100784550392,0.1630014366228312,0.1748467519644546,1,1,0,0,1,1,3,2,0.0,0.0,0,0
f9bfca28-6b95-4308-8599-b1e848fb6127,2020-08-22 02:00:00+00:00,2020-08-22,2020,0,0699edf3-5993-4182-b9b4-ec935cbd4fcc,6f017f37-be96-4bdc-b6d3-0a0429c72e89,0699edf3-5993-4182-b9b4-ec935cbd4fcc,6f017f37-be96-4bdc-b6d3-0a0429c72e89,1482.9473455624675,1575.8777239712374,0.403467281845392,-0.3910386917136942,0,31.091528058264103,0.6431501776654039,0,0,0,1,33.43333333333333,1,0,21.43787953559232,0.4933909694515275,0,0,0,1,24.183333333333334,1,0,20.849401891367656,0.4963333137088508,0,0,0,1,30.433333333333334,1,0,20.29124464006042,0.5031689018179172,0,0,0,1,25.966666666666665,1,0,15.017747560324072,0.5193474504729353,9,6,0,1,31.366666666666667,1,1,14.00879999426,0.3761181372837042,0,0,0,1,1.933333333333333,1,0,15.019229099741954,0.3022386533590989,0,0,0,1,16.283333333333335,1,0,32.65148579336829,0.5746486670255845,0,0,0,1,35.25,1,0,17.88862123664778,0.7941232210380024,0,0,0,0,0.0,7,0,22.34354811024692,0.4636952032230739,0,0,0,1,17.116666666666667,1,0,19.659436862839563,0.4236013838582079,0,0,0,1,31.83333333333333,1,0,22.219896053412768,0.3367611799374922,0,0,0,1,25.316666666666663,1,0,19.46114087250745,0.3299628860699062,1,1,1,0,0.0,6,1,16.57111806260307,0.2407247627264883,0,0,0,1,37.03333333333333,1,0,1.1279278912817348,5.643476526148449,0.3622915219846834,0.3418971294338093,0.127739778176625,0.1318676985381894,0.1436901411192317,0.2035408306477887,0.2071849898718864,0.1940822385009099,0.3245942571785268,0.3004172461752434,0.2992788461538461,0.3417366946778711,0.6754057428214731,0.6995827538247567,0.7007211538461539,0.6582633053221288,0.169969096527904,0.1780079294441297,0.1644736842105263,0.182630698281843,1,1,0,0,1,1,3,2,0.0,0.0,0,0
cda5c741-035e-4f21-af34-0244127e5bb1,2020-08-22 19:00:00+00:00,2020-08-22,2020,0,171b097d-01db-4ae8-9d56-035689402ec6,d6a012ed-84aa-48d3-8265-2d3f3ff2199a,FR_LVA_ACES,d6a012ed-84aa-48d3-8265-2d3f3ff2199a,1645.921324516802,1653.5030228898345,0.5250459709774528,0.1002678041788238,1,28.2097725858221,0.6556365642480194,0,0,0,1,29.33333333333333,0,0,26.52487389494905,0.5825053104315324,0,0,0,1,23.116666666666667,0,0,26.724472152882964,0.4339604032605167,0,0,0,1,31.7,0,0,23.411463531510066,0.4193916842667538,0,0,0,1,23.08333333333333,0,0,23.551148405834336,0.3923101045239553,0,0,0,1,24.28333333333333,0,0,14.251969879319288,0.5236782761212728,0,0,0,1,20.3,0,0,14.572565472119772,0.406500696407684,0,0,0,1,18.23333333333333,0,0,20.786495129026267,0.6687361836767787,0,0,0,1,33.78333333333333,0,0,27.81807422861297,0.4777404374431321,0,0,0,1,35.28333333333333,0,0,21.9146048633316,0.5992699345673851,0,0,0,1,23.33333333333333,0,0,25.435710450808585,0.4838243887387081,0,0,0,1,34.7,0,0,24.66604616788945,0.4089811708151303,0,0,0,1,23.366666666666667,0,0,18.429540339915764,0.5345961310651229,0,0,0,1,19.466666666666665,0,0,17.07519796130485,0.4157004866869088,0,0,0,1,8.416666666666666,0,0,8.55272357335588,14.509283374624989,0.3594009641218359,0.4033005051206573,0.1073410579209196,0.1242005043809094,0.1594852650791687,0.1491985464826424,0.2392140075256101,0.1816818395194731,0.1607361963190184,0.3363636363636363,0.3470588235294117,0.3508196721311475,0.8392638036809816,0.6636363636363637,0.6529411764705882,0.6491803278688525,0.1480795087030778,0.160140510383304,0.1652262328418912,0.1813377970329526,1,1,0,0,2,2,3,3,0.0,0.0,0,0
14e6a830-6de3-4147-8f89-cdc2cb75ec97,2020-08-22 21:00:00+00:00,2020-08-22,2020,0,3c409388-ab73-4c7f-953d-3a71062240f6,f073a15f-0486-4179-b0a3-dfd0294eb595,3c409388-ab73-4c7f-953d-3a71062240f6,f073a15f-0486-4179-b0a3-dfd0294eb595,1591.4634204393742,1445.098310653192,0.7283875196882265,0.9864568681323788,1,29.91743992701413,0.6260775708183433,0,0,0,1,28.6,1,0,27.251293816766346,0.4987160836026523,0,0,0,1,27.33333333333333,1,0,19.00249014702221,0.624141641831863,2,1,2,0,0.0,5,1,21.072411805524613,0.5030278429826592,0,0,0,1,36.45,1,0,25.55294042369773,0.4136264544199982,0,0,0,1,26.2,1,0,15.529926032050604,0.577712692495359,23,10,0,1,19.8,1,1,20.01079505619608,0.3691530182689792,0,0,0,1,1.95,1,0,21.837320392298203,0.6101089505619592,0,0,0,1,21.08333333333333,0,0,29.531169531481847,0.4405987752505086,0,0,0,1,27.8,0,0,30.76194612106744,0.4114988525629333,0,0,0,1,35.9,0,0,22.989749886903827,0.4292935767684024,0,0,0,1,34.88333333333333,0,0,25.880063106885192,0.375931721194879,0,0,0,0,0.0,3,0,14.50132620545219,0.5282120925916153,19,12,0,1,16.166666666666668,0,1,15.483670435428431,0.3545914703674801,0,0,0,1,30.1,0,0,5.957698263393477,-6.021361870427764,0.4056107037985535,0.3456022126720285,0.1441742436845764,0.1380173714893068,0.166408981113775,0.203690055675288,0.1489595599937349,0.1847962447860746,0.3107344632768362,0.2971639950678175,0.252212389380531,0.2699386503067484,0.6892655367231638,0.7028360049321825,0.7477876106194691,0.7300613496932515,0.1855037269385139,0.1730734195664055,0.1602458203925196,0.1283107930918218,1,1,0,0,2,2,3,3,0.0,0.0,0,0
9bb050f5-c9ad-492e-a1bb-0e8e9c600310,2020-08-22 23:00:00+00:00,2020-08-22,2020,0,a015b02d-845c-40c1-8ef4-844984f47e4d,08ed8274-e29f-4248-bc2e-83cc8ed18d75,a015b02d-845c-40c1-8ef4-844984f47e4d,08ed8274-e29f-4248-bc2e-83cc8ed18d75,1518.794720153844,1284.9546276878032,0.8160787747893078,1.4900033459537658,1,31.817092596386136,0.5937291946790947,0,0,0,1,25.933333333333334,0,0,31.49124223206971,0.5972734188128987,0,0,0,1,25.383333333333333,0,0,29.48771775407885,0.3445984130734949,0,0,0,1,25.466666666666665,0,0,19.437366381544724,0.5223559861611997,0,0,0,1,15.95,0,0,17.064973247484225,0.2837827628460714,0,0,0,1,19.85,0,0,13.91864537542916,0.3393329536615438,0,0,0,1,11.833333333333334,0,0,10.101083006576832,0.4008632457165254,0,0,0,1,13.933333333333334,0,0,24.01529452613311,0.5185654401386733,0,0,0,1,28.4,1,0,19.57177557967728,0.4220638013262342,0,0,0,1,27.616666666666667,1,0,18.884308195524703,0.3713558536005363,0,0,0,1,32.71666666666667,1,0,26.18390973981317,0.261849141062172,0,0,0,1,32.53333333333333,1,0,14.313957066239665,0.4297693773830334,0,0,0,1,25.98333333333333,1,0,15.23287986360814,0.3389898621074012,0,0,0,1,27.73333333333333,1,0,10.256989970153189,0.4155209950396842,0,0,0,1,15.2,1,0,-2.1581465474246886,-13.832240711899026,0.3404259834400117,0.2967778835140226,0.1176931108935822,0.1490860719321485,0.2029405159787115,0.1604163690844691,0.2006750944294715,0.2197164114008936,0.2752497225305216,0.4010025062656641,0.303886925795053,0.2505854800936768,0.7247502774694784,0.5989974937343359,0.696113074204947,0.7494145199063232,0.1493159826493159,0.1962072516779714,0.1792485349879352,0.1445813427206437,1,1,0,0,2,2,3,3,0.0,0.0,0,0
81ee36ce-61e3-4394-90bb-051da067f61b,2020-08-23 20:00:00+00:00,2020-08-23,2020,0,6f017f37-be96-4bdc-b6d3-0a0429c72e89,5d70a9af-8c2b-4aec-9e68-9acc6ddb93e4,6f017f37-be96-4bdc-b6d3-0a0429c72e89,5d70a9af-8c2b-4aec-9e68-9acc6ddb93e4,1589.1436616108338,1309.580601964762,0.8523567038931075,1.7532059025442528,0,32.913748186012654,0.5924522793001861,0,0,0,1,35.43333333333333,0,0,16.202147575085764,0.7941232210380024,0,0,0,0,0.0,8,0,23.343485529574,0.4785329302633616,0,0,0,1,32.95,0,0,20.66101889331733,0.4178998377250013,0,0,0,1,30.28333333333333,0,0,21.42924165074276,0.3090895244389314,0,0,0,1,13.833333333333334,0,0,18.542467550705904,0.3447975442487774,2,2,0,1,9.716666666666669,0,1,17.95498926436358,0.2801835960886051,0,0,0,1,31.25,0,0,31.112967491499845,0.432145783176286,0,0,0,1,42.73333333333333,1,0,28.24280473728986,0.4739511126936508,0,0,0,1,35.733333333333334,1,0,28.951225041139374,0.4529104826867513,0,0,0,1,42.98333333333333,1,0,24.742762146156373,0.4429363861508537,0,0,0,1,24.466666666666665,1,0,17.01115624514635,0.4379297467172289,0,0,0,1,27.4,1,0,23.72970106989316,0.2564397631035163,0,0,0,1,37.53333333333333,1,0,8.262899534917281,0.4863381355226423,11,1,5,0,0.0,12,1,6.551524168903454,-11.502262541953048,0.3592406698367707,0.3605978012891999,0.1370245637255371,0.1468243461288333,0.2086811239257876,0.1802415870708513,0.2326757684781246,0.1630697540257349,0.3024453024453024,0.2706013363028953,0.3514211886304909,0.3278145695364238,0.6975546975546976,0.7293986636971047,0.648578811369509,0.6721854304635762,0.1773247177658942,0.1828424589839889,0.182433949554674,0.1538410639846489,1,1,0,0,2,2,2,3,0.0,0.0,0,0
e3194f46-d060-4925-bda3-4088bf5b6847,2020-08-23 22:00:00+00:00,2020-08-23,2020,0,0a5ad38d-2fe3-43ba-894b-1ba3d5042ea9,5f0b5caf-708b-4300-92f2-53b51d83ec06,0a5ad38d-2fe3-43ba-894b-1ba3d5042ea9,5f0b5caf-708b-4300-92f2-53b51d83ec06,1626.6013362237438,1415.5357367817885,0.7955813202645554,1.3589028256093745,1,24.659017943774767,0.6544751178845564,0,0,0,1,33.28333333333333,1,0,24.2382636695584,0.6345939245888986,0,0,0,1,34.233333333333334,1,0,29.75755805264608,0.4343513206988938,0,0,0,1,34.1,1,0,24.65228726014251,0.3922735295489291,0,0,0,1,28.25,1,0,18.87158940222591,0.4401036764746402,0,0,0,1,5.75,1,0,21.44903611370603,0.3411678130606578,0,0,0,1,27.966666666666665,1,0,15.15560619794962,0.2522322133772679,0,0,0,1,19.966666666666665,1,0,33.33415141897588,0.4477695736706275,0,0,0,1,41.833333333333336,0,0,27.18150194010165,0.4769188934481677,0,0,0,1,36.23333333333333,0,0,21.688418326035546,0.4354447671139314,0,0,0,1,31.883333333333333,0,0,25.17256717209796,0.3579154491682741,0,0,0,1,39.48333333333333,0,0,13.530475358171632,0.4033486451814226,0,0,0,1,29.5,0,0,12.705611215152931,0.4116330425875559,0,0,0,1,26.216666666666665,0,0,10.918495443114768,0.4590548117604676,0,0,0,0,0.0,10,0,7.87491014964775,-3.653964240721802,0.3762561871095905,0.3493827624828507,0.1220472236474627,0.1160796153464443,0.1268872672082273,0.1693291641755508,0.1998177513572665,0.1911931389712592,0.279901356350185,0.3684782608695652,0.3251295336787564,0.2891156462585034,0.720098643649815,0.6315217391304347,0.6748704663212435,0.7108843537414966,0.1656726308813784,0.1428187378184017,0.2162785667940307,0.1642188236879337,1,1,0,0,2,2,2,3,0.0,0.0,0,0
b26ec177-21c0-4fad-852a-7969ceab1361,2020-08-24 00:00:00+00:00,2020-08-24,2020,0,5c0d47fe-8539-47b0-9f36-d0b3609ca89b,0699edf3-5993-4182-b9b4-ec935cbd4fcc,5c0d47fe-8539-47b0-9f36-d0b3609ca89b,0699edf3-5993-4182-b9b4-ec935cbd4fcc,1509.721829155153,1469.6814079228714,0.5925224107614037,0.3744027609287631,0,26.52080718180379,0.5709527961005294,0,0,0,0,0.0,4,0,22.41987901966004,0.5872807089700878,0,0,0,1,42.5,1,0,28.172172854392603,0.4478893308771947,0,0,0,1,32.71666666666667,1,0,28.87284746613558,0.3694322598187726,0,0,0,1,20.28333333333333,1,0,15.770575060120676,0.5488353851220921,0,0,0,1,22.4,1,0,12.668200192918032,0.5390250168627022,0,0,0,0,0.0,16,0,8.196481581736233,0.7993915835727564,0,0,0,0,0.0,0,0,28.16033272049503,0.6431501776654039,0,0,0,0,0.0,3,0,22.39121319949864,0.5059666095853131,0,0,0,1,31.55,1,0,21.82207580920192,0.4991818485606029,0,0,0,1,31.166666666666668,1,0,21.575799501586708,0.5030240161057479,0,0,0,1,33.916666666666664,1,0,16.312374001739745,0.4964327315040915,11,8,0,1,28.75,1,1,13.445454893154649,0.3760503659933764,0,0,0,1,8.033333333333333,1,0,14.324485183018492,0.3013416115479275,0,0,0,1,7.65,1,0,-5.919783791394117,-0.4185029477357824,0.331128572444782,0.3729172642983595,0.1267838289854739,0.1339233944304617,0.1714417764312777,0.1478203740836259,0.1710353062434956,0.2332192438130238,0.3413461538461538,0.3344947735191638,0.3187660668380462,0.3011235955056179,0.6586538461538461,0.6655052264808362,0.6812339331619537,0.698876404494382,0.1587938964736803,0.170737451217871,0.1693065954324843,0.1648532805802835,1,1,0,0,2,2,2,3,0.0,0.0,0,0
d8e5f800-0061-45c6-aa78-acccc5d21c92,2020-08-25 23:00:00+00:00,2020-08-25,2020,0,3c409388-ab73-4c7f-953d-3a71062240f6,08ed8274-e29f-4248-bc2e-83cc8ed18d75,3c409388-ab73-4c7f-953d-3a71062240f6,08ed8274-e29f-4248-bc2e-83cc8ed18d75,1600.381079240724,1276.8282430064376,0.8814706829689832,2.006431412084656,0,30.131060054530472,0.6361824703793616,0,0,0,1,32.18333333333333,2,0,28.030522882547537,0.4823413310840228,0,0,0,1,35.516666666666666,2,0,19.19237932881997,0.6172882558451278,5,4,0,1,21.016666666666666,2,1,26.57713272632488,0.4311028935421786,0,0,0,1,36.41666666666666,2,0,19.08578203537776,0.5030278429826592,0,0,0,0,0.0,4,0,15.520819626356682,0.5641420587162956,26,13,0,1,15.433333333333334,2,1,20.14049960016926,0.3546173156340191,0,0,0,1,35.15,2,0,24.434953580540345,0.5046192103164996,0,0,0,1,28.466666666666665,2,0,19.830553853353297,0.4311852485775591,0,0,0,1,22.316666666666663,2,0,27.037056236734003,0.27653783737942,0,0,0,1,35.233333333333334,2,0,19.72798949392749,0.3766285238019978,0,0,0,1,27.83333333333333,2,0,14.875156715068984,0.4456713045351942,0,0,0,1,20.266666666666666,2,0,16.38152263879027,0.3337560677821037,0,0,0,1,27.416666666666668,2,0,10.46059637547511,0.3910318178447182,0,0,0,1,12.416666666666666,2,0,6.723851073919179,-13.744726106928557,0.4165890058301367,0.3106993457892933,0.146111577812239,0.1581855193872842,0.1792891387274865,0.1570774435821084,0.1598716991406895,0.2321736565474847,0.3074501573976915,0.4096244131455399,0.2546972860125261,0.2553879310344827,0.6925498426023085,0.5903755868544601,0.7453027139874739,0.7446120689655172,0.1827622991967871,0.1987215579770145,0.1669655556242656,0.142719638886123,2,2,0,0,1,1,3,3,0.0,0.0,0,0
6e3da5d7-17ea-42d4-9a98-1a7ea836b5a2,2020-08-26 01:00:00+00:00,2020-08-26,2020,0,5f0b5caf-708b-4300-92f2-53b51d83ec06,171b097d-01db-4ae8-9d56-035689402ec6,5f0b5caf-708b-4300-92f2-53b51d83ec06,FR_LVA_ACES,1412.7845973998903,1659.6618402106378,0.2180224351893913,-1.2772280794266186,0,33.568193859937146,0.4493214344081324,0,0,0,1,35.81666666666667,2,0,27.25866693799597,0.4740846502702445,0,0,0,1,28.0,2,0,25.615109672026545,0.3565443301638826,0,0,0,1,29.866666666666667,2,0,19.64371371834537,0.4354447671139314,0,0,0,0,0.0,3,0,14.943318561376632,0.4079682847462723,0,0,0,1,28.516666666666666,2,0,11.911367102525876,0.4594191288885538,0,0,0,1,21.45,2,0,12.943915594214056,0.408355207917348,0,0,0,1,15.233333333333333,2,0,28.70537329711689,0.6629925092326108,0,0,0,1,33.46666666666667,3,0,26.34026129285465,0.5779136572058773,0,0,0,1,24.566666666666663,3,0,26.615318494147346,0.4106182363331479,0,0,0,1,25.566666666666663,3,0,24.0828873200155,0.4335420853336579,0,0,0,1,30.53333333333333,3,0,23.711309909091696,0.3840215776669916,0,0,0,1,25.25,3,0,15.002852307679431,0.548281182008782,0,0,0,1,22.216666666666665,3,0,15.082672839593606,0.4035945155110555,0,0,0,1,19.98333333333333,3,0,-3.5703047709806506,8.807579887789807,0.3614717395017627,0.3684968759264526,0.1221974389982741,0.1145595129931972,0.1847908762891889,0.1653998755138481,0.199903230694537,0.2513222049893837,0.3667679837892604,0.160815402038505,0.2801268498942917,0.347027027027027,0.6332320162107397,0.8391845979614949,0.7198731501057083,0.652972972972973,0.1437859464866216,0.1496955910885127,0.1643598615916955,0.1637864759167028,1,2,0,0,2,1,3,3,0.0,0.0,0,0
6a064f5d-1bc7-4dc4-a53d-72edc9ff1eda,2020-08-26 02:00:00+00:00,2020-08-26,2020,0,d6a012ed-84aa-48d3-8265-2d3f3ff2199a,f073a15f-0486-4179-b0a3-dfd0294eb595,d6a012ed-84aa-48d3-8265-2d3f3ff2199a,f073a15f-0486-4179-b0a3-dfd0294eb595,1639.7625071959988,1436.1806518518422,0.7884859117332075,1.3158229316109404,1,22.079354118360737,0.6898755669590857,0,0,0,1,34.5,3,0,22.53073796940418,0.5991509840879019,0,0,0,1,28.45,3,0,27.90121895873057,0.4782674548286553,0,0,0,1,28.7,3,0,25.908439295826145,0.4523359102948471,0,0,0,1,30.45,3,0,25.46902479225956,0.4118194373926302,0,0,0,1,33.18333333333333,3,0,18.06693403685269,0.5144933499107123,0,0,0,1,14.583333333333334,3,0,16.334324426578945,0.4103398481300807,0,0,0,1,9.216666666666669,3,0,29.47166518082547,0.4559877400271403,0,0,0,1,28.9,3,0,31.07350306473832,0.4080404279509267,0,0,0,1,34.06666666666667,3,0,21.17543888457371,0.5936647063413885,0,0,0,1,14.816666666666666,3,0,24.593413937521,0.4255711204266179,0,0,0,1,40.0,3,0,23.4401855885492,0.375931721194879,0,0,0,0,0.0,7,0,15.508386695775654,0.5496784420437849,0,0,0,1,25.183333333333334,3,0,17.028199288487798,0.3323404028365319,0,0,0,1,31.866666666666667,3,0,12.0802255504151,-6.781512709362531,0.4048748723065254,0.3671417025838179,0.1272947085233317,0.1512464823598634,0.1486007021854067,0.2024443008834064,0.1821517907571883,0.1953080610768439,0.3371727748691099,0.2971098265895954,0.3377416073245168,0.2695356738391846,0.6628272251308901,0.7028901734104046,0.6622583926754833,0.7304643261608154,0.1591545709192768,0.1795332136445242,0.1804037390007003,0.1296859869968183,2,2,0,0,1,1,3,3,0.0,0.0,0,0
41c73e33-6ddb-4089-b8e1-5675d44ffb67,2020-08-28 23:00:00+00:00,2020-08-28,2020,0,5d70a9af-8c2b-4aec-9e68-9acc6ddb93e4,6f017f37-be96-4bdc-b6d3-0a0429c72e89,5d70a9af-8c2b-4aec-9e68-9acc6ddb93e4,6f017f37-be96-4bdc-b6d3-0a0429c72e89,1320.5464704588603,1578.1777931167353,0.2076525838180152,-1.3391335392887758,0,31.64440626082648,0.4421897914960663,0,0,0,1,36.75,4,0,28.463461197010385,0.4534426294408155,0,0,0,1,30.58333333333333,4,0,29.079953874255622,0.4434218095568723,0,0,0,1,30.316666666666663,4,0,25.0624127737358,0.4716100253997345,0,0,0,1,28.133333333333333,4,0,16.97867902998801,0.4309600778583491,0,0,0,1,16.666666666666668,4,0,23.95473543988508,0.2570742013404246,0,0,0,1,26.116666666666667,4,0,17.294815167429157,0.2482262088597029,0,0,0,1,26.8,4,0,33.2565606828491,0.5913204019099824,0,0,0,1,36.55,4,0,14.674668470651248,0.7941232210380024,0,0,0,0,0.0,13,0,23.766771928525174,0.4737095397285142,0,0,0,1,27.83333333333333,4,0,21.60902851884151,0.4144132727038907,0,0,0,1,30.716666666666665,4,0,21.619751343318843,0.3310152922240781,0,0,0,1,23.45,4,0,17.49199653896703,0.3368709340949578,7,7,0,1,7.4,4,1,19.258674872483983,0.2737185668718938,0,0,0,1,31.78333333333333,4,0,-10.056567075330756,5.572566175280345,0.3758507940101065,0.3684705293165372,0.1498431521819394,0.1397629096829956,0.1892563357251999,0.2167357662648022,0.1645814490099835,0.2269016071661863,0.2673575129533678,0.3069657615112161,0.3299180327868852,0.3412604042806183,0.7326424870466322,0.693034238488784,0.6700819672131147,0.6587395957193817,0.1814770385408015,0.1750471940964475,0.1533931489532266,0.1809273174278888,4,4,0,0,0,0,2,2,0.0,0.0,0,0
8325febf-cf8c-4fa6-a026-600ff9848e50,2020-08-29 00:00:00+00:00,2020-08-29,2020,0,a015b02d-845c-40c1-8ef4-844984f47e4d,0a5ad38d-2fe3-43ba-894b-1ba3d5042ea9,a015b02d-845c-40c1-8ef4-844984f47e4d,0a5ad38d-2fe3-43ba-894b-1ba3d5042ea9,1526.9211048352097,1629.352475605642,0.3903762846918265,-0.4457308001652306,0,31.10710617808369,0.61657989945211,0,0,0,1,27.416666666666668,6,0,32.08102618135396,0.5961089250518924,0,0,0,1,34.61666666666667,6,0,20.514878932453502,0.5181892120125033,0,0,0,1,30.866666666666667,6,0,29.52815748577561,0.3529274311118209,0,0,0,1,29.916666666666668,6,0,13.55706620969585,0.3460350098515869,0,0,0,1,10.083333333333334,6,0,15.456150100276952,0.2837827628460714,0,0,0,0,0.0,7,0,16.62363447937589,0.2391470069921359,0,0,0,1,29.45,6,0,25.721919086635392,0.674715564748201,0,0,0,1,35.93333333333333,5,0,24.599191475846844,0.6461294500054342,0,0,0,1,28.066666666666663,5,0,29.613859731270896,0.4319075489421412,0,0,0,1,28.23333333333333,5,0,25.50212991952451,0.4049216200161693,0,0,0,1,33.666666666666664,5,0,17.092445103867963,0.4401036764746402,5,5,1,0,0.0,7,1,21.28257212557346,0.3323686030178443,0,0,0,1,19.683333333333334,5,0,10.08577856511631,0.3795911361443305,0,0,0,1,20.05,5,0,-0.7381460345850068,7.393315366272807,0.3535590301945167,0.3952876390882933,0.1188555880578277,0.1274278127132884,0.2011747211849163,0.1351268725477176,0.20086624990778,0.2016026143865481,0.2779487179487179,0.2708571428571428,0.3178294573643411,0.3265792610250298,0.7220512820512821,0.7291428571428571,0.6821705426356589,0.6734207389749702,0.1472411655300682,0.1657213148363288,0.1828050508955031,0.2118361355751268,5,4,0,0,0,0,1,2,0.0,0.0,0,0
7a4255ef-3492-43d0-8fca-b7132a2886c5,2020-08-29 02:00:00+00:00,2020-08-29,2020,0,0699edf3-5993-4182-b9b4-ec935cbd4fcc,5c0d47fe-8539-47b0-9f36-d0b3609ca89b,0699edf3-5993-4182-b9b4-ec935cbd4fcc,5c0d47fe-8539-47b0-9f36-d0b3609ca89b,1475.689055051124,1503.7141820269003,0.4956466023386004,-0.0174140306970939,1,25.50547973849755,0.6431501776654039,0,0,0,0,0.0,8,0,22.55069856624413,0.5255379524476689,0,0,0,1,31.916666666666668,4,0,23.304950771230587,0.4925375556353785,0,0,0,1,32.083333333333336,4,0,22.31494534541644,0.4876621514772294,0,0,0,1,27.05,4,0,17.755206635221825,0.5271938909011288,16,13,0,1,31.616666666666667,4,1,13.789992014610297,0.3717686161550523,0,0,0,1,17.1,4,0,13.050116253460642,0.358451960746286,0,0,0,1,20.58333333333333,4,0,24.02052265993986,0.5709527961005294,6,4,2,0,0.0,9,1,23.250779197530623,0.5847773982591551,0,0,0,1,31.23333333333333,4,0,28.217220646795703,0.4556554946678254,0,0,0,1,28.65,4,0,29.12052578044811,0.3624286020936377,0,0,0,1,31.5,4,0,17.253487606688417,0.5480175099445235,0,0,0,1,31.5,4,0,11.47388869835845,0.5390250168627022,0,0,0,0,0.0,21,0,7.423747332281763,0.7993915835727564,0,0,0,0,0.0,0,0,-0.0322965368280683,-5.708439753691993,0.3903074569076994,0.3476613358434974,0.1438625314633932,0.1280474229061824,0.1608205067924812,0.1794522933767614,0.24832451689739,0.1732762442379479,0.3362255965292842,0.3421342134213421,0.3050672182006205,0.3218116805721097,0.6637744034707158,0.6578657865786579,0.6949327817993796,0.6781883194278904,0.1741480023740355,0.1561240934730056,0.1619804400977995,0.1732021615629763,4,4,0,0,0,0,2,2,0.0,0.0,0,0
d127998f-a85d-4765-bf0a-5c6844748bd7,2020-08-29 16:00:00+00:00,2020-08-29,2020,0,171b097d-01db-4ae8-9d56-035689402ec6,08ed8274-e29f-4248-bc2e-83cc8ed18d75,FR_LVA_ACES,08ed8274-e29f-4248-bc2e-83cc8ed18d75,1663.1181000171312,1286.0185417044092,0.9100848281604016,2.3146711221759086,1,28.92798738359597,0.6756964894062298,0,0,0,1,31.066666666666663,2,0,26.814132373421856,0.5982556122148744,0,0,0,1,31.366666666666667,2,0,26.80714081090913,0.4110860996754099,0,0,0,1,28.65,2,0,23.545554254821063,0.4314157043872213,0,0,0,1,18.383333333333333,2,0,23.700816018731413,0.3919779753100883,0,0,0,1,23.6,2,0,15.134570272593551,0.5574382210714695,0,0,0,1,16.4,2,0,15.227292156651842,0.4043228517261908,0,0,0,1,16.616666666666667,2,0,25.20472423808211,0.5462646132417718,0,0,0,1,32.6,3,0,20.09007581581532,0.4488346384459981,0,0,0,1,22.58333333333333,3,0,20.45284980443108,0.3797714906766095,0,0,0,1,27.416666666666668,3,0,26.94557146383153,0.2699530869890861,0,0,0,1,26.066666666666663,3,0,15.67884770269672,0.4446480117171406,0,0,0,1,23.4,3,0,16.235565024045982,0.3360716886322555,0,0,0,1,14.833333333333334,3,0,10.941977972539576,0.3965169448283757,0,0,0,1,15.566666666666666,3,0,9.085373119233058,-12.632310870625224,0.3808945086019555,0.3437965015427391,0.1135187169296314,0.1590376417874041,0.1803077487632267,0.1567728094261009,0.2821319750112983,0.2283085920797555,0.1562829989440338,0.4119565217391304,0.361,0.2622622622622622,0.8437170010559663,0.5880434782608696,0.639,0.7377377377377378,0.1456340923958755,0.1960723769530043,0.1609309234959148,0.1394538954635108,3,3,0,0,1,1,2,2,0.0,0.0,0,0
5a3785eb-17c1-470f-943e-72fd9b4d0e8c,2020-08-29 18:00:00+00:00,2020-08-29,2020,0,3c409388-ab73-4c7f-953d-3a71062240f6,d6a012ed-84aa-48d3-8265-2d3f3ff2199a,3c409388-ab73-4c7f-953d-3a71062240f6,d6a012ed-84aa-48d3-8265-2d3f3ff2199a,1591.1907805427522,1647.391947076825,0.4552182324180779,-0.1796083523634525,0,30.36539393800408,0.6316859422017882,0,0,0,1,32.61666666666667,3,0,28.62001493989997,0.4866913952933149,0,0,0,1,34.28333333333333,3,0,19.651909278356992,0.6071489100266296,9,8,0,1,24.066666666666663,3,1,26.98939062954725,0.4288634897307693,0,0,0,1,30.95,3,0,16.183504995211837,0.5843229016239322,0,0,0,1,22.55,3,0,17.286444440424585,0.5030278429826592,0,0,0,0,0.0,8,0,21.596393377913703,0.3655450275306406,0,0,0,1,35.583333333333336,3,0,23.127767863100367,0.7067733289780401,0,0,0,1,33.2,2,0,22.695966238343484,0.620720348315675,0,0,0,1,24.28333333333333,2,0,28.59403510742832,0.4853664357725808,0,0,0,1,35.25,2,0,26.023917817347307,0.4411036921587124,0,0,0,1,27.133333333333333,2,0,25.523797005998844,0.400999837196034,0,0,0,1,26.05,2,0,17.807648906897008,0.5271930609836433,0,0,0,1,15.316666666666666,2,0,15.988551092240368,0.398492153870091,0,0,0,1,12.666666666666666,2,0,6.273338209388992,12.838767254255895,0.4277722780070582,0.4161237998722835,0.1428429917755756,0.1298202298044943,0.1929625245783606,0.1589205494597092,0.1833068168809952,0.2060350110038413,0.310546875,0.3264503441494591,0.2670565302144249,0.3419293218720153,0.689453125,0.6735496558505408,0.732943469785575,0.6580706781279847,0.1769471498347518,0.1579119864136102,0.1664977558998117,0.1827204732246964,3,3,0,0,1,1,2,2,0.0,0.0,0,0
a53cd461-8c05-486c-986e-3d7f3234c67c,2020-08-29 20:00:00+00:00,2020-08-29,2020,0,f073a15f-0486-4179-b0a3-dfd0294eb595,5f0b5caf-708b-4300-92f2-53b51d83ec06,f073a15f-0486-4179-b0a3-dfd0294eb595,5f0b5caf-708b-4300-92f2-53b51d83ec06,1428.5512119710158,1409.328337593397,0.5633003549357954,0.2545673282781336,0,30.07613376019972,0.4431404388324442,0,0,0,1,35.88333333333333,2,0,20.84935851372363,0.5992325562482673,0,0,0,1,17.716666666666665,2,0,31.50967224308906,0.3893633215521839,0,0,0,1,35.7,2,0,25.42995169088514,0.4235570494294913,0,0,0,1,33.46666666666667,2,0,16.39379358474827,0.550607475315444,0,0,0,1,24.9,2,0,21.230330782286803,0.375931721194879,9,2,3,0,0.0,10,1,18.29198620628699,0.3469296131323466,0,0,0,1,30.433333333333334,2,0,33.67646766784815,0.4484068322531864,0,0,0,1,34.71666666666667,2,0,26.79275326120826,0.4589231558970786,0,0,0,1,22.316666666666663,2,0,25.549263024760712,0.3624464144622915,0,0,0,1,24.916666666666668,2,0,17.791776368730947,0.4354447671139314,0,0,0,0,0.0,6,0,13.365293568612172,0.500580927371713,0,0,0,1,27.33333333333333,2,0,15.660448614521798,0.4218106892610171,0,0,0,1,22.55,2,0,13.874682388959474,0.4148914590487193,0,0,0,1,22.816666666666663,2,0,-8.039597643975547,-4.341849109678489,0.3752478927987223,0.3757886941072461,0.1603232448773516,0.1245073815143204,0.2166325948534966,0.1987949148405469,0.2063564876563272,0.2061974427991406,0.3046286329386437,0.3785310734463277,0.2624338624338624,0.2683168316831683,0.6953713670613563,0.6214689265536724,0.7375661375661375,0.7316831683168317,0.182155083068999,0.1424957105883037,0.130380195087403,0.1595729034914845,3,3,0,0,1,1,2,2,0.0,0.0,0,0
0ff80e9a-00ac-4e3e-8d04-29c21cb56deb,2020-08-30 20:00:00+00:00,2020-08-30,2020,0,5c0d47fe-8539-47b0-9f36-d0b3609ca89b,a015b02d-845c-40c1-8ef4-844984f47e4d,5c0d47fe-8539-47b0-9f36-d0b3609ca89b,a015b02d-845c-40c1-8ef4-844984f47e4d,1470.1717981590236,1520.0591455831425,0.4642453603847438,-0.1432630879573481,0,23.363837340525933,0.5860294504658066,0,0,0,1,24.45,0,0,24.225995797380577,0.5538832271611488,7,5,0,1,26.2,0,1,28.33815638377372,0.4372129929586602,0,0,0,1,29.5,0,0,28.94889328075437,0.3772574568599462,0,0,0,1,27.3,0,0,17.297154431252853,0.5407003850201051,0,0,0,1,17.716666666666665,0,0,10.392172515233444,0.5390250168627022,0,0,0,0,0.0,22,0,6.723863636363641,0.7993915835727564,0,0,0,0,0.0,0,0,31.246279464994743,0.6258910253533526,0,0,0,1,32.583333333333336,0,0,32.428494861149844,0.5816322158504384,0,0,0,1,35.766666666666666,0,0,21.25825925353726,0.5149985547241109,0,0,0,1,28.4,0,0,29.79419045804101,0.3505477114267196,0,0,0,1,32.35,0,0,13.81565995661244,0.3294761702507868,0,0,0,1,16.3,0,0,17.81557322658715,0.2263814108930621,0,0,0,1,29.266666666666666,0,0,10.027752836680042,0.3984612391895248,0,0,0,1,8.916666666666666,0,0,-8.54780955717958,-1.1658939691092698,0.358656254900529,0.3718542975501839,0.1349648904048673,0.1343937292165887,0.1819440225457811,0.2101424347358628,0.1704084428233808,0.1924044643085455,0.3432073544433095,0.2774566473988439,0.3299888517279821,0.3146417445482866,0.6567926455566905,0.7225433526011561,0.6700111482720178,0.6853582554517134,0.1582525180080451,0.1544060080610085,0.175520900737673,0.183795835969749,1,1,0,0,1,1,2,1,0.0,0.0,0,0
e7b98f2b-c4d3-46d7-9356-b2500344627e,2020-08-30 22:00:00+00:00,2020-08-30,2020,0,6f017f37-be96-4bdc-b6d3-0a0429c72e89,0699edf3-5993-4182-b9b4-ec935cbd4fcc,6f017f37-be96-4bdc-b6d3-0a0429c72e89,0699edf3-5993-4182-b9b4-ec935cbd4fcc,1583.7800647170886,1509.2314389190008,0.6394661768632802,0.5730479544767992,0,33.43035338682193,0.6112948243992453,0,0,0,1,35.1,1,0,23.603349689546967,0.4807943558923438,0,0,0,1,22.03333333333333,1,0,13.29119449909627,0.7941232210380024,0,0,0,0,0.0,15,0,23.041177646356623,0.4104198826018503,0,0,0,1,36.8,1,0,18.275244662556,0.3969464527543774,9,9,0,1,25.8,1,1,20.764688420633235,0.324118010433753,0,0,0,1,12.55,1,0,20.5840108266476,0.2776147232485066,0,0,0,1,33.31666666666667,1,0,23.10091656756083,0.6431501776654039,0,0,0,0,0.0,9,0,23.27656049314628,0.5257363973323668,0,0,0,1,30.25,0,0,23.47313528256821,0.506234826421125,0,0,0,1,34.6,0,0,21.827488104127774,0.4951665095873691,0,0,0,1,7.633333333333333,0,0,18.79804055487769,0.5389550033760512,17,14,0,1,28.816666666666663,0,1,14.736841432686406,0.3721584126113166,0,0,0,1,23.83333333333333,0,0,12.604591628627167,0.4312778461432203,0,0,0,1,31.73333333333333,0,0,5.92696034237484,3.3482888485569617,0.3762877684222664,0.4177161356043768,0.1428411153304223,0.1509530201204193,0.2228934737598644,0.1666092355311075,0.2382449938671824,0.2492952023370995,0.3133841131664853,0.3428571428571428,0.3329670329670329,0.3085824493731919,0.6866158868335147,0.6571428571428571,0.667032967032967,0.6914175506268081,0.1733417761595694,0.1761959298740199,0.1804041051956382,0.1635480645622054,1,1,0,0,1,1,2,2,0.0,0.0,0,0
c3dd9a15-368a-4877-8b80-8f4193b6ee66,2020-08-31 00:00:00+00:00,2020-08-31,2020,0,0a5ad38d-2fe3-43ba-894b-1ba3d5042ea9,5d70a9af-8c2b-4aec-9e68-9acc6ddb93e4,0a5ad38d-2fe3-43ba-894b-1ba3d5042ea9,5d70a9af-8c2b-4aec-9e68-9acc6ddb93e4,1636.2144348577094,1314.9441988585072,0.8800909492871459,1.9932917088982325,1,26.85273993656012,0.6613105996036116,0,0,0,1,37.71666666666667,1,0,25.49017907324744,0.6295950764869861,0,0,0,1,34.05,1,0,30.17663982874668,0.4493402733986414,0,0,0,1,35.583333333333336,1,0,25.37622733753487,0.3949974383197173,0,0,0,1,24.166666666666668,1,0,21.3219256960085,0.3363953367192547,0,0,0,1,21.7,1,0,16.486646258556625,0.4238234254636249,7,7,0,1,10.666666666666666,1,1,11.086448468688644,0.3887568455852297,0,0,0,1,20.7,1,0,32.1948789098527,0.4521257492003278,0,0,0,1,37.48333333333333,2,0,28.75130622093897,0.4647750803213487,0,0,0,1,31.516666666666666,2,0,29.633360313592654,0.4424891447028921,0,0,0,1,34.95,2,0,25.0643850874362,0.4701469716599755,0,0,0,1,25.08333333333333,2,0,16.45902670184203,0.4047612042590452,0,0,0,1,11.466666666666669,2,0,23.80973195183594,0.2515426232444233,0,0,0,1,22.416666666666668,2,0,17.57813298165362,0.2630463237418576,0,0,0,1,20.3,2,0,7.193638322502319,-9.988226068131157,0.4083020813058608,0.3868719643822191,0.1352497531270618,0.1532481180057272,0.1386421467885947,0.187575599432947,0.2140217038727321,0.1709264923683086,0.2705882352941176,0.264990328820116,0.3226164079822616,0.3339694656488549,0.7294117647058823,0.7350096711798839,0.6773835920177383,0.666030534351145,0.1679347999108592,0.1809720785935884,0.2150420768251405,0.1533698363099504,1,1,0,0,1,1,2,2,0.0,0.0,0,0
12318b7f-2dbf-4ec9-8d11-e786321f4f03,2020-08-31 22:00:00+00:00,2020-08-31,2020,0,f073a15f-0486-4179-b0a3-dfd0294eb595,3c409388-ab73-4c7f-953d-3a71062240f6,f073a15f-0486-4179-b0a3-dfd0294eb595,3c409388-ab73-4c7f-953d-3a71062240f6,1418.3955616508788,1571.056784016034,0.3241254019712228,-0.7348770689285116,0,30.571763272188115,0.4469904900508099,0,0,0,1,35.333333333333336,1,0,31.71773959033395,0.3906985775498341,0,0,0,1,33.71666666666667,1,0,20.21305372448056,0.6047788239566916,0,0,0,1,14.1,1,0,26.20019390825536,0.4216638158941752,0,0,0,1,33.6,1,0,17.090452315021082,0.5614328672720497,0,0,0,1,23.78333333333333,1,0,22.02410634424278,0.3617706679234471,11,4,0,1,29.65,1,1,18.002056348873975,0.3343197665305777,0,0,0,1,15.216666666666669,1,0,30.41579463859136,0.6199833732193464,0,0,0,1,30.9,1,0,28.503425129560647,0.4844560559959979,0,0,0,1,27.383333333333333,1,0,19.596734749410206,0.6120157656802285,11,10,0,1,19.066666666666663,1,1,27.598473207615804,0.429897480676276,0,0,0,1,33.45,1,0,16.629730134043122,0.5475130812475627,0,0,0,1,20.916666666666668,1,0,22.778330138254088,0.3589417797656465,0,0,0,1,34.13333333333333,1,0,15.656741800675794,0.5030278429826592,0,0,0,0,0.0,10,0,-7.290653615164451,4.306934488020026,0.3812201665326584,0.4304223928691139,0.1622793563829216,0.1470178078161295,0.2104935609030548,0.1977028064922631,0.2464449030306719,0.1854351556980271,0.3032454361054766,0.3104395604395604,0.2696078431372549,0.263544536271809,0.6967545638945233,0.6895604395604396,0.7303921568627451,0.736455463728191,0.1814202191732526,0.1764140582097748,0.1298003759735028,0.1670378619153674,1,1,0,0,1,1,2,2,0.0,0.0,0,0
8face634-7d0a-4d1e-896c-f27befbfa5d4,2020-09-01 02:00:00+00:00,2020-09-01,2020,0,6f017f37-be96-4bdc-b6d3-0a0429c72e89,0a5ad38d-2fe3-43ba-894b-1ba3d5042ea9,6f017f37-be96-4bdc-b6d3-0a0429c72e89,0a5ad38d-2fe3-43ba-894b-1ba3d5042ea9,1572.7238662408615,1638.217588592938,0.4419872925334825,-0.2331006036193279,1,33.11795114506834,0.6168766180218888,0,0,0,1,30.116666666666667,1,0,23.5103288296168,0.4772280674837574,0,0,0,1,22.616666666666667,1,0,23.07186355851379,0.4281568998277322,0,0,0,1,23.366666666666667,1,0,12.038149384165752,0.7941232210380024,0,0,0,0,0.0,17,0,18.558836240006144,0.3786266902334536,11,11,0,1,21.28333333333333,1,1,21.379242376967326,0.3099970452707301,0,0,0,1,27.28333333333333,1,0,21.173174053411028,0.2688822740505708,0,0,0,1,26.83333333333333,1,0,27.1133128209176,0.6534747240128039,0,0,0,1,29.616666666666667,0,0,23.78784582193645,0.6261757134111289,0,0,0,1,7.433333333333334,0,0,30.370537356091337,0.4485129755976275,0,0,0,1,32.233333333333334,0,0,25.15534787580069,0.4165746621442975,0,0,0,1,23.03333333333333,0,0,21.318287349468086,0.3339027044335639,0,0,0,1,21.28333333333333,0,0,16.74088003459346,0.4188735450195002,8,8,0,1,19.183333333333334,0,1,11.260566006253796,0.3858676662076059,0,0,0,1,12.933333333333334,0,0,4.639886832407106,6.996804502563657,0.3828548861532532,0.4195658121787508,0.1418449931645199,0.137293594950168,0.2222639663858831,0.1434075367284197,0.2336201923555557,0.2082478509344077,0.3131923464249748,0.2651439920556107,0.3415384615384615,0.3091095189355169,0.6868076535750252,0.7348560079443893,0.6584615384615384,0.6908904810644831,0.1697968343964091,0.1663844074041061,0.1820895522388059,0.2108059718732854,0,0,1,1,2,2,2,2,0.0,0.0,0,0
913e9e0b-7950-4294-ad1d-123b06d29da5,2020-09-01 23:00:00+00:00,2020-09-01,2020,0,08ed8274-e29f-4248-bc2e-83cc8ed18d75,a015b02d-845c-40c1-8ef4-844984f47e4d,08ed8274-e29f-4248-bc2e-83cc8ed18d75,a015b02d-845c-40c1-8ef4-844984f47e4d,1282.39022235819,1539.4802753040383,0.20816570250854,-1.336017740363275,0,25.994628802147503,0.5492673597277022,0,0,0,1,33.583333333333336,2,0,20.17743140596017,0.4462092001400833,0,0,0,1,21.016666666666666,2,0,21.63103533201292,0.3894718608714569,0,0,0,1,32.95,2,0,26.5735974438366,0.2695436386779661,0,0,0,1,23.0,2,0,15.980954865872103,0.4391746125060435,0,0,0,1,18.883333333333333,2,0,15.688551881153757,0.3306650273435594,0,0,0,1,10.433333333333334,2,0,11.17999637149622,0.3790142672679226,0,0,0,1,13.466666666666669,2,0,31.24663022340202,0.6340611664415841,0,0,0,1,31.25,1,0,32.8029138129977,0.5902005177145238,0,0,0,1,36.4,1,0,19.25410846698587,0.5149985547241109,1,1,1,0,0.0,2,1,27.92806671279456,0.3447586376940313,0,0,0,1,10.0,1,0,12.217061206795734,0.4005038327910157,0,0,0,1,33.25,1,0,14.34684489019416,0.314235220088956,0,0,0,1,19.45,1,0,18.913995623436684,0.2185890390559227,0,0,0,1,29.466666666666665,1,0,-13.216537579453783,0.3406159561859485,0.3492380043657724,0.3860150298704823,0.1660821770705803,0.1408271950110606,0.1632050189509762,0.2152864766423292,0.2239256465534266,0.1867430267522823,0.4117647058823529,0.2775768535262206,0.261595547309833,0.3219178082191781,0.5882352941176471,0.7224231464737794,0.738404452690167,0.678082191780822,0.1970094968680541,0.1560540805756964,0.1364001837813002,0.1854315884834244,2,1,0,0,1,2,2,2,0.0,0.0,0,0
0638a5ae-d203-49b9-a172-3e45d55c3d39,2020-09-02 00:00:00+00:00,2020-09-02,2020,0,5d70a9af-8c2b-4aec-9e68-9acc6ddb93e4,f073a15f-0486-4179-b0a3-dfd0294eb595,5d70a9af-8c2b-4aec-9e68-9acc6ddb93e4,f073a15f-0486-4179-b0a3-dfd0294eb595,1312.9410451232786,1398.0053033531144,0.414411553120562,-0.3457576640544121,1,32.173363895795,0.4381963522022868,0,0,0,1,31.966666666666665,1,0,28.69933109056033,0.4613784330232613,0,0,0,1,28.2,1,0,29.7606308232364,0.4394602896688597,0,0,0,1,30.98333333333333,1,0,26.04507407802111,0.4789863886210126,0,0,0,1,35.46666666666667,1,0,16.280621931832272,0.3994333055833987,0,0,0,1,14.566666666666666,1,0,22.57379446093446,0.252147335449235,0,0,0,1,10.7,1,0,10.063174003811884,0.4863134595770437,21,11,0,1,26.45,1,1,30.08733092611625,0.4495645766188473,0,0,0,1,25.433333333333334,1,0,20.09240637523644,0.6288981116941598,0,0,0,1,18.933333333333334,1,0,31.07184553922984,0.3748918637350051,0,0,0,1,24.866666666666667,1,0,26.592993692862624,0.4263571778055313,0,0,0,1,30.366666666666667,1,0,17.25476475105155,0.567825843733607,0,0,0,1,18.83333333333333,1,0,22.064258037520823,0.3349792592820481,13,6,0,1,22.45,1,1,17.777170550332784,0.3269027561974817,0,0,0,1,15.616666666666667,1,0,-9.527928755641616,-8.99990909796908,0.3925091898100274,0.3845619326799617,0.1560377097320776,0.1617038521030208,0.2035617791506551,0.2172397606465348,0.1749244539446344,0.2507082452017972,0.2569882777276826,0.2996219281663516,0.325,0.2697247706422018,0.7430117222723174,0.7003780718336484,0.675,0.7302752293577982,0.1792523766045437,0.1786057758360124,0.1528454846615852,0.1293416857766094,1,0,0,1,2,2,2,3,0.0,0.0,0,0
1108096e-1704-420b-ada4-6e6b5342b7a8,2020-09-02 02:00:00+00:00,2020-09-02,2020,0,171b097d-01db-4ae8-9d56-035689402ec6,0699edf3-5993-4182-b9b4-ec935cbd4fcc,FR_LVA_ACES,0699edf3-5993-4182-b9b4-ec935cbd4fcc,1666.7464193633505,1520.287637395228,0.7284941854551173,0.9869960885567878,0,29.12961422971857,0.6854852844466011,0,0,0,1,31.066666666666663,3,0,27.117626843920423,0.6071698595811001,0,0,0,1,30.03333333333333,3,0,26.30208920523433,0.4095296267084868,0,0,0,1,21.45,3,0,23.649677352695853,0.4300962428374189,0,0,0,1,24.65,3,0,23.571894761969528,0.3808516302596365,0,0,0,1,22.33333333333333,3,0,15.61369169848438,0.5546658902314747,0,0,0,1,20.216666666666665,3,0,15.301711492979514,0.3960297763122864,0,0,0,1,16.016666666666666,3,0,20.923046801425983,0.6431501776654039,0,0,0,0,0.0,12,0,24.667774963809016,0.5419772901745341,0,0,0,1,38.03333333333333,2,0,24.457713153605905,0.5043868531774772,0,0,0,1,33.916666666666664,2,0,19.7724140867902,0.5509986853856969,0,0,0,1,29.133333333333333,2,0,19.76967250734744,0.4951665095873691,0,0,0,0,0.0,3,0,14.081154673237265,0.4182225465515494,0,0,0,1,28.266666666666666,2,0,15.101045866780227,0.3776770355817814,0,0,0,1,18.6,2,0,10.003992122346888,3.7609258517644815,0.3843664241972048,0.4261987594123871,0.1130343992140993,0.1588906628491518,0.1873795487099655,0.1841759281534759,0.274627547628151,0.2548006674475832,0.1637426900584795,0.3502392344497607,0.3639774859287054,0.3087308730873087,0.8362573099415205,0.6497607655502392,0.6360225140712945,0.6912691269126913,0.1421237346636888,0.1780166607098672,0.1641644247736411,0.1609269391696169,2,1,0,0,1,2,2,2,0.0,0.0,0,0
c74eaaab-1fab-4954-8909-08715cbc06a3,2020-09-02 23:00:00+00:00,2020-09-02,2020,0,3c409388-ab73-4c7f-953d-3a71062240f6,6f017f37-be96-4bdc-b6d3-0a0429c72e89,3c409388-ab73-4c7f-953d-3a71062240f6,6f017f37-be96-4bdc-b6d3-0a0429c72e89,1591.4470423137984,1602.9920410069217,0.5193536291621098,0.0774532135885745,0,30.78512583183599,0.6313801438275103,0,0,0,1,34.333333333333336,1,0,28.30040809906365,0.4864469976578355,0,0,0,1,26.35,1,0,28.211413330291823,0.4438991234718674,0,0,0,1,34.1,1,0,19.66303602028633,0.5976921692239124,13,12,0,1,20.3,1,1,17.447131406848605,0.5507255412599786,0,0,0,1,25.3,1,0,22.763089098530447,0.3823968826351278,0,0,0,1,22.616666666666667,1,0,14.180681554141955,0.5030278429826592,0,0,0,0,0.0,12,0,33.44779722422763,0.639549710340288,0,0,0,1,36.61666666666667,0,0,24.41755043299912,0.4936760505915952,0,0,0,1,33.13333333333333,0,0,23.19079030652561,0.4471046809874505,0,0,0,1,24.33333333333333,0,0,10.903236771182897,0.7941232210380024,0,0,0,0,0.0,18,0,18.543861741316267,0.3442998947241233,12,12,0,1,18.4,0,1,20.18703241028159,0.3045092597395861,0,0,0,1,8.733333333333333,0,0,21.870205445280643,0.2731918847762119,0,0,0,1,28.566666666666663,0,0,6.2974840769975255,6.65563535012196,0.4457361458941937,0.4068789734461537,0.1453867492711516,0.1373424523179719,0.1937947877901952,0.2215118060123004,0.1948891046267633,0.2252585737295146,0.3080895008605852,0.3182674199623352,0.2627045650301464,0.3435700575815739,0.6919104991394148,0.6817325800376648,0.7372954349698536,0.6564299424184261,0.173283331178068,0.1651613982271282,0.1652882013580436,0.17910825162251,1,1,0,0,2,2,2,3,0.0,0.0,0,0
13d8511b-9cb8-440c-9f3a-fce309353659,2020-09-03 00:00:00+00:00,2020-09-03,2020,0,5f0b5caf-708b-4300-92f2-53b51d83ec06,0a5ad38d-2fe3-43ba-894b-1ba3d5042ea9,5f0b5caf-708b-4300-92f2-53b51d83ec06,0a5ad38d-2fe3-43ba-894b-1ba3d5042ea9,1419.483987913534,1607.9494138268778,0.2807018981738695,-0.9409826323199704,0,33.11617074000273,0.4609532486788797,0,0,0,1,27.73333333333333,4,0,27.599499127731185,0.4622429138627769,0,0,0,1,35.35,4,0,25.924866574767904,0.3629769063478765,0,0,0,1,29.53333333333333,4,0,15.095393780022668,0.5133438848931343,0,0,0,1,31.716666666666665,4,0,16.905482461409864,0.4186794006590346,0,0,0,1,28.866666666666667,4,0,16.114432886450977,0.4354447671139314,0,0,0,0,0.0,11,0,13.858213973410749,0.4038477314733481,0,0,0,1,13.7,4,0,27.399600560938264,0.647458534219473,0,0,0,1,30.15,1,0,30.55558256862325,0.455802628714355,0,0,0,1,32.333333333333336,1,0,21.545214882789143,0.6261757134111289,0,0,0,0,0.0,2,0,25.32296982972893,0.3936131309042742,0,0,0,1,26.933333333333334,1,0,16.75902382639898,0.423136910951919,10,10,0,1,16.933333333333334,1,1,21.23642839979423,0.3239610909009632,0,0,0,1,20.45,1,0,12.400313544307553,0.3832036693570319,0,0,0,1,23.35,1,0,-3.923515707443536,3.8839913656958127,0.3786997562151079,0.4292595169073445,0.1257729143283777,0.1380457749227557,0.2080813585198446,0.152070266880747,0.2181833486992494,0.2069074299751749,0.3773087071240105,0.2718808193668529,0.2689784442361762,0.3145315487571701,0.6226912928759895,0.7281191806331471,0.7310215557638238,0.6854684512428298,0.1411624182208106,0.1643356643356643,0.1602519824275412,0.2040175768989328,3,1,0,0,1,2,1,3,0.0,0.0,0,0
650b98a6-33cd-44b9-b59c-40b732d895dc,2020-09-03 02:00:00+00:00,2020-09-03,2020,0,d6a012ed-84aa-48d3-8265-2d3f3ff2199a,5c0d47fe-8539-47b0-9f36-d0b3609ca89b,d6a012ed-84aa-48d3-8265-2d3f3ff2199a,5c0d47fe-8539-47b0-9f36-d0b3609ca89b,1667.5259436035433,1450.7506684381274,0.8008747208237922,1.3917703611260506,1,23.643669857264555,0.7144181304547788,0,0,0,1,28.6,4,0,22.994888256442657,0.644305780570769,0,0,0,1,25.866666666666667,4,0,28.57417091623355,0.4906363308732345,0,0,0,1,28.383333333333333,4,0,26.511899878996683,0.4313321603010093,0,0,0,1,31.2,4,0,25.22772559842763,0.402856158174852,0,0,0,1,22.383333333333333,4,0,17.813212885031444,0.5000691116022313,0,0,0,1,17.866666666666667,4,0,15.555959308926097,0.3806009573863091,0,0,0,1,11.4,4,0,24.006754434294788,0.588248808780756,0,0,0,1,30.183333333333334,3,0,24.75934885029246,0.5546910439409848,11,9,0,1,29.883333333333333,3,1,28.30784751126804,0.4367935202456705,0,0,0,1,28.016666666666666,3,0,29.247539348020496,0.3770565837068211,0,0,0,1,32.11666666666667,3,0,17.858366898677176,0.506210273744615,0,0,0,1,23.25,3,0,9.412436570159894,0.5390250168627022,0,0,0,0,0.0,26,0,6.089962410738113,0.7993915835727564,0,0,0,0,0.0,0,0,13.003351704310656,-9.138547107589517,0.4247795655625863,0.361595249296798,0.1359051290127472,0.1441769607934916,0.1713086514681535,0.1869736740231017,0.2285113787935394,0.184703135170512,0.3194444444444444,0.348747591522158,0.3399103139013453,0.3264248704663212,0.6805555555555556,0.651252408477842,0.6600896860986547,0.6735751295336787,0.159013557998103,0.16153553781832,0.181857081728712,0.1759446642703959,3,2,0,0,1,1,1,2,0.0,0.0,0,0
33064bb2-8a5d-4639-b1fc-fc8f884fdcbd,2020-09-03 22:30:00+00:00,2020-09-03,2020,0,08ed8274-e29f-4248-bc2e-83cc8ed18d75,5d70a9af-8c2b-4aec-9e68-9acc6ddb93e4,08ed8274-e29f-4248-bc2e-83cc8ed18d75,5d70a9af-8c2b-4aec-9e68-9acc6ddb93e4,1278.6447782880443,1335.2906529078116,0.4545834528865434,-0.1821682978855868,0,25.644741464513736,0.5436168914014154,0,0,0,1,22.28333333333333,1,0,20.11670819981824,0.4378675479905542,0,0,0,1,19.53333333333333,1,0,22.26290342858875,0.3776270364388192,0,0,0,1,28.33333333333333,1,0,26.785065790967423,0.2718302775824243,0,0,0,1,28.816666666666663,1,0,16.218441210671518,0.4454754225907145,0,0,0,1,18.5,1,0,15.472795595656637,0.331858168653776,0,0,0,1,13.4,1,0,11.769538066381298,0.4011202015248151,0,0,0,1,17.433333333333334,1,0,31.693494465581388,0.4426346519843355,0,0,0,1,27.08333333333333,0,0,29.703062786734154,0.4616783180629518,0,0,0,1,29.15,0,0,28.19815830122769,0.463260711313824,0,0,0,1,23.383333333333333,0,0,25.610296059247105,0.4705454927571824,0,0,0,1,21.433333333333334,0,0,16.976951165015322,0.4219523950824139,0,0,0,1,23.666666666666668,0,0,11.718052971436231,0.5017690193904393,22,12,0,1,27.616666666666667,0,1,21.440235177513625,0.2604819726895088,0,0,0,1,10.55,0,0,-12.421908463247926,-7.376839772126313,0.3540236593088189,0.4128904573174434,0.1720371349518202,0.1527296025518432,0.1556750091018796,0.2038761692893963,0.2490958673894798,0.1884923389351415,0.4111431316042267,0.2589134125636672,0.2587108013937282,0.3218487394957983,0.5888568683957733,0.7410865874363328,0.7412891986062717,0.6781512605042017,0.1984234846425659,0.1755164111012546,0.1366009905254091,0.1512734822016304,1,1,0,0,1,2,2,3,0.0,0.0,0,0
eaed33ca-3326-4e09-952e-7357d0b9a211,2020-09-04 00:00:00+00:00,2020-09-04,2020,0,a015b02d-845c-40c1-8ef4-844984f47e4d,171b097d-01db-4ae8-9d56-035689402ec6,a015b02d-845c-40c1-8ef4-844984f47e4d,FR_LVA_ACES,1543.225719374184,1649.6631667054376,0.3849022882894958,-0.4687916305910799,0,31.70890195869878,0.6284760486992921,0,0,0,1,36.15,2,0,33.19545717495232,0.5890603520674433,0,0,0,1,36.96666666666667,2,0,20.308044823754926,0.510295940494174,4,4,0,1,30.433333333333334,2,1,25.29511091891913,0.3447586376940313,0,0,0,0,0.0,4,0,13.53689271130337,0.3992350059452476,0,0,0,1,26.216666666666665,2,0,14.40056559930262,0.331031127068261,0,0,0,1,14.916666666666666,2,0,19.596179601429405,0.2112259973408935,0,0,0,1,26.15,2,0,29.805611925954928,0.6764357292621499,0,0,0,1,36.3,1,0,27.62191471811538,0.6160261720751262,0,0,0,1,32.46666666666667,1,0,26.78270155487431,0.4151702080871934,0,0,0,1,31.4,1,0,23.41401693136119,0.4179505400064369,0,0,0,1,21.15,1,0,24.37746454684509,0.4004559300590625,0,0,0,1,32.11666666666667,1,0,15.962794609807082,0.5489785227867994,0,0,0,1,19.316666666666663,1,0,14.817598282914156,0.3936391340438457,0,0,0,1,10.166666666666666,1,0,0.759881549846911,8.14647072114499,0.3832930672209823,0.3902398627726958,0.1421200947121751,0.1159689445260566,0.2156848618964403,0.1982162394789447,0.2001140887790976,0.2751340427516856,0.2738095238095238,0.1616712079927338,0.3259052924791086,0.3684210526315789,0.7261904761904762,0.8383287920072662,0.6740947075208914,0.631578947368421,0.1550725380632593,0.1409863622807255,0.1874833199893248,0.1604307156841418,1,1,0,0,2,1,3,2,0.0,0.0,0,0
641cf66c-6a4a-4835-a549-deb2d2a65e2c,2020-09-04 02:00:00+00:00,2020-09-04,2020,0,0699edf3-5993-4182-b9b4-ec935cbd4fcc,f073a15f-0486-4179-b0a3-dfd0294eb595,0699edf3-5993-4182-b9b4-ec935cbd4fcc,f073a15f-0486-4179-b0a3-dfd0294eb595,1537.3708900531408,1375.6556955685817,0.7455122867838706,1.0748190586390758,1,25.781702511563697,0.5474380633181795,0,0,0,1,36.48333333333333,1,0,25.44531623871368,0.5109443588725144,0,0,0,1,34.93333333333333,1,0,18.95049861655276,0.6431501776654039,0,0,0,0,0.0,14,0,20.95189771004445,0.5747932387823022,0,0,0,1,32.28333333333333,1,0,17.90586022465214,0.4951665095873691,0,0,0,0,0.0,5,0,15.684057776841524,0.4252213005145119,0,0,0,1,31.08333333333333,1,0,16.482095584826286,0.3967879024789967,0,0,0,1,29.75,1,0,20.75777044129356,0.6346795667682774,0,0,0,1,27.15,1,0,28.53453705259591,0.4431987244527186,0,0,0,1,13.616666666666667,1,0,30.47427383443941,0.3816203725403861,0,0,0,1,24.73333333333333,1,0,27.156169691718603,0.4181080964965252,0,0,0,1,32.56666666666667,1,0,17.917392442458905,0.5881600608156217,0,0,0,1,24.28333333333333,1,0,21.99063531792423,0.3420373234675881,15,8,0,1,21.28333333333333,1,1,17.86574280161903,0.3310562645969897,0,0,0,1,18.716666666666665,1,0,4.3207412246592725,-9.404261419533483,0.438252488095662,0.3940982058751214,0.1542232237185195,0.1602960410300414,0.182100550960063,0.2281846372819579,0.2460670486212049,0.266129729596013,0.355674709562109,0.2978723404255319,0.2976391231028668,0.270923209663503,0.644325290437891,0.7021276595744681,0.7023608768971332,0.729076790336497,0.1736651114567133,0.1754295443991538,0.1587301587301587,0.1283739302172482,1,1,0,0,2,2,3,3,0.0,0.0,0,0
e30b4dc9-79f8-4d06-99c4-bc3183d26320,2020-09-04 23:00:00+00:00,2020-09-04,2020,0,5c0d47fe-8539-47b0-9f36-d0b3609ca89b,3c409388-ab73-4c7f-953d-3a71062240f6,5c0d47fe-8539-47b0-9f36-d0b3609ca89b,3c409388-ab73-4c7f-953d-3a71062240f6,1446.3012654909323,1583.2258768805236,0.3442774567954794,-0.6442898543120613,1,25.259703326607102,0.5501121952385927,12,10,0,1,30.066666666666663,0,1,23.59915813505204,0.572564025112559,0,0,0,1,19.683333333333334,0,0,28.65593011888458,0.4240541515968978,0,0,0,1,32.0,0,0,29.30747967523884,0.3716875102729046,0,0,0,1,29.883333333333333,0,0,18.28496415346537,0.505415131165302,0,0,0,1,22.383333333333333,0,0,14.045486555527663,0.3395186494683647,0,0,0,1,24.8,0,0,8.525066539976818,0.5390250168627022,0,0,0,0,0.0,27,0,31.11963783350848,0.6233971320329738,0,0,0,1,34.333333333333336,1,0,29.133143923981468,0.4878720645853178,0,0,0,1,37.13333333333333,1,0,20.489867514276515,0.6269671710317409,15,14,0,1,28.433333333333334,1,1,28.841988772765188,0.4346511471055309,0,0,0,1,34.9,1,0,16.740329329278936,0.5521421066666944,0,0,0,1,9.95,1,0,24.099007801473164,0.3719504243360735,0,0,0,1,36.93333333333333,1,0,12.843778858977045,0.5030278429826592,5,1,1,0,0.0,14,1,-9.190633942219682,5.286151208836621,0.3678119235099624,0.4564803811766006,0.1440176418786494,0.1569053905501777,0.1820865265268312,0.2015317903432282,0.1741216189192688,0.1891796593650496,0.3514001806684733,0.3157038242473555,0.3271665043816942,0.2623481781376518,0.6485998193315267,0.6842961757526445,0.6728334956183057,0.7376518218623481,0.1599646974460808,0.1773784561369288,0.1763506048329981,0.1653518687767569,1,1,0,0,1,2,3,3,0.0,0.0,0,0
b3d34e50-4eca-4a53-9d34-51b14c1dca94,2020-09-05 00:00:00+00:00,2020-09-05,2020,0,5f0b5caf-708b-4300-92f2-53b51d83ec06,6f017f37-be96-4bdc-b6d3-0a0429c72e89,5f0b5caf-708b-4300-92f2-53b51d83ec06,6f017f37-be96-4bdc-b6d3-0a0429c72e89,1412.2023079061216,1611.2132064401965,0.2686098167585338,-1.0016872524576503,0,33.2796298094273,0.4469254826792156,0,0,0,1,34.85,1,0,28.12435128373094,0.4757334908949415,0,0,0,1,33.166666666666664,1,0,26.42690064140458,0.3657912956075434,0,0,0,1,31.25,1,0,16.68124175019236,0.5125929797248873,0,0,0,1,31.916666666666668,1,0,18.13841432091788,0.4173151044232879,0,0,0,1,29.98333333333333,1,0,14.595223201451182,0.4354447671139314,0,0,0,0,0.0,13,0,14.082131523600104,0.4003147782353252,0,0,0,1,16.233333333333334,1,0,33.98852255207616,0.6325119375053005,0,0,0,1,39.18333333333333,2,0,25.140252355391027,0.5210362718779917,0,0,0,1,32.083333333333336,2,0,23.991436144174152,0.4499576687111798,0,0,0,1,31.683333333333334,2,0,9.87531956073274,0.7941232210380024,0,0,0,0,0.0,21,0,22.976047494836767,0.2833736625754351,0,0,0,1,33.6,2,0,19.2499416796112,0.3339838845379277,0,0,0,1,26.03333333333333,2,0,18.734828104525462,0.2975699832131612,0,0,0,1,4.783333333333333,2,0,-4.875711751168348,6.445795582342036,0.3868620148433169,0.416932087146608,0.1278411083367186,0.1421071012318125,0.2160572843775838,0.226554476946602,0.2251110866549477,0.2218580843227966,0.3854425144747725,0.3142605633802817,0.2697426796805678,0.3498647430117222,0.6145574855252275,0.6857394366197183,0.7302573203194321,0.6501352569882777,0.1404207516339869,0.1652385182088928,0.1598131816521421,0.1831743186969585,1,1,0,0,1,2,2,4,0.0,0.0,0,0
f79a00e7-c333-4561-a013-b903bc9c54c3,2020-09-05 02:00:00+00:00,2020-09-05,2020,0,0a5ad38d-2fe3-43ba-894b-1ba3d5042ea9,d6a012ed-84aa-48d3-8265-2d3f3ff2199a,0a5ad38d-2fe3-43ba-894b-1ba3d5042ea9,d6a012ed-84aa-48d3-8265-2d3f3ff2199a,1615.2310938342905,1671.9753465507383,0.4544430471459275,-0.1827346077328228,0,27.594475979110616,0.6597428719595152,0,0,0,1,29.466666666666665,1,0,30.966729597223736,0.4574666578785102,0,0,0,1,34.916666666666664,1,0,19.51401097099304,0.6261757134111289,27,1,2,0,0.0,4,1,25.9587408568305,0.4066891414238482,0,0,0,1,32.06666666666667,1,0,17.315974746216984,0.4240069347508264,12,12,0,1,22.666666666666668,1,1,20.37822195307099,0.3261090862747445,0,0,0,1,12.133333333333333,1,0,11.949328845228166,0.375656844237611,0,0,0,1,7.616666666666667,1,0,24.4126187761755,0.7026858123409359,0,0,0,1,31.8,1,0,23.15878248817036,0.6526212186486199,0,0,0,1,24.73333333333333,1,0,28.601746343802763,0.4716488942901087,0,0,0,1,28.866666666666667,1,0,26.249946806472646,0.4358362764672647,0,0,0,1,23.73333333333333,1,0,24.30277491265033,0.4077738254788089,0,0,0,1,15.416666666666666,1,0,17.60613055628904,0.4936346054537681,0,0,0,1,15.616666666666667,1,0,15.123297614993266,0.3827940799544422,0,0,0,1,10.966666666666669,1,0,4.839913619532981,12.69107892322594,0.4445706678839964,0.4250284352226546,0.1406798486508896,0.1427641316578749,0.1583565877870908,0.188611192853555,0.2313965789840533,0.2404210566525926,0.2724867724867725,0.3204903677758319,0.3273703041144901,0.3429054054054054,0.7275132275132276,0.6795096322241682,0.6726296958855098,0.6570945945945946,0.1636618008077502,0.160365949839634,0.199512445470875,0.1793545770274038,1,1,0,0,2,1,4,2,0.0,0.0,0,0
e2edf495-6922-4d1b-855e-dde330e372c0,2020-09-05 20:00:00+00:00,2020-09-05,2020,0,f073a15f-0486-4179-b0a3-dfd0294eb595,a015b02d-845c-40c1-8ef4-844984f47e4d,f073a15f-0486-4179-b0a3-dfd0294eb595,a015b02d-845c-40c1-8ef4-844984f47e4d,1359.7138483065924,1525.880452915245,0.3073324072231905,-0.8126202985011726,0,20.79789095138032,0.6357330355374443,0,0,0,1,21.183333333333334,0,0,28.75125914254759,0.4481151153356454,0,0,0,1,30.83333333333333,0,0,27.28600363355901,0.4182024186385821,0,0,0,1,28.53333333333333,0,0,30.259863630867983,0.3751049410617468,0,0,0,1,28.2,0,0,18.58511473044064,0.5888503289479458,0,0,0,1,25.0,0,0,21.823392053772967,0.3457044804213288,16,9,0,1,20.216666666666665,0,1,18.010386948359113,0.3174603329034182,0,0,0,1,19.4,0,0,32.52809474438771,0.5952698235542218,0,0,0,1,26.116666666666667,0,0,28.719502871817628,0.6284760486992921,0,0,1,0,0.0,3,1,20.78652442724148,0.5272152837995538,5,5,0,1,25.383333333333333,0,1,22.91038054944539,0.3447586376940313,3,0,2,0,0.0,5,1,14.644304091089952,0.3823143339508552,0,0,0,1,25.28333333333333,0,0,14.799615431289002,0.3262555020889168,0,0,0,1,18.633333333333333,0,0,20.20776468463003,0.2048723520611864,0,0,0,1,26.08333333333333,0,0,-11.099070465879002,-0.6310263424624495,0.4012680199958963,0.3888864712463157,0.1644677135947457,0.1550557049415668,0.2288548930397673,0.2424890513111452,0.2762177310742237,0.2260679630769961,0.295397489539749,0.2756669361358124,0.2766990291262136,0.3156521739130434,0.704602510460251,0.7243330638641875,0.7233009708737864,0.6843478260869565,0.1761333268548661,0.1593894899536321,0.1270199266382472,0.1833555964412632,1,1,0,0,2,2,4,3,0.0,0.0,0,0
783a72a2-cbee-4b7e-a045-5bd64455357d,2020-09-05 22:00:00+00:00,2020-09-05,2020,0,5d70a9af-8c2b-4aec-9e68-9acc6ddb93e4,171b097d-01db-4ae8-9d56-035689402ec6,5d70a9af-8c2b-4aec-9e68-9acc6ddb93e4,FR_LVA_ACES,1345.9312704579927,1667.0084331643764,0.1538970522241166,-1.7043571530592296,0,29.903896887994048,0.4653606547225953,0,0,0,1,31.83333333333333,1,0,31.53698055730156,0.4395170250078767,0,0,0,1,30.03333333333333,1,0,28.47173330347414,0.4685854361962014,0,0,0,1,31.1,1,0,26.220550294531105,0.4673492714721503,0,0,0,1,32.083333333333336,1,0,16.961840129835714,0.4217106068212745,0,0,0,1,16.816666666666666,1,0,12.563266752802647,0.4784863365314549,24,14,0,1,20.683333333333334,1,1,20.61466655924367,0.2580376149350259,0,0,0,1,12.683333333333334,1,0,29.93078463512093,0.6924952795322068,0,0,0,1,31.133333333333333,0,0,27.70155483643072,0.6199652921480233,0,0,0,1,28.466666666666665,0,0,26.62406261814333,0.4161655873402562,0,0,0,1,25.1,0,0,24.833686790588203,0.4320894868037027,0,0,0,1,29.216666666666665,0,0,23.32156167522264,0.4134194582008664,0,0,0,1,22.433333333333334,0,0,15.91602148527152,0.5540709670872375,0,0,0,1,15.466666666666669,0,0,15.07362783229775,0.3871449763036694,0,0,0,1,17.533333333333335,0,0,-5.977782994128937,8.6977203565704,0.4053901031865194,0.4057534729360531,0.1516466818942173,0.1164938066496963,0.2087260249098406,0.1983844058847005,0.1811971203211321,0.2646928932118281,0.2565528196981732,0.1618398637137989,0.3309580364212193,0.3655287260616153,0.7434471803018269,0.838160136286201,0.6690419635787807,0.6344712739383847,0.1725208338307982,0.1394218470196981,0.152617145582449,0.1646668368649476,1,1,0,0,2,2,3,3,0.0,0.0,0,0
c1f726b0-d103-4b0f-b881-f3afaf599458,2020-09-06 00:00:00+00:00,2020-09-06,2020,0,0699edf3-5993-4182-b9b4-ec935cbd4fcc,08ed8274-e29f-4248-bc2e-83cc8ed18d75,0699edf3-5993-4182-b9b4-ec935cbd4fcc,08ed8274-e29f-4248-bc2e-83cc8ed18d75,1553.31273731513,1268.0041607378632,0.8564705578933007,1.786279756637539,1,26.44021933735476,0.5747953431214038,0,0,0,1,32.766666666666666,1,0,26.16540050268406,0.5253463237728535,0,0,0,1,33.083333333333336,1,0,21.36810595039625,0.5944609682243704,0,0,0,1,25.366666666666667,1,0,17.163915046612257,0.6431501776654039,0,0,0,0,0.0,16,0,16.217761334469277,0.4951665095873691,0,0,0,0,0.0,7,0,18.52800876069332,0.3806990629177644,0,0,0,1,38.18333333333333,1,0,16.44605652616221,0.4183562482238834,0,0,0,1,23.766666666666666,1,0,26.005058568030144,0.5286553335172198,0,0,0,1,29.466666666666665,2,0,22.98132963674181,0.3787735998967048,0,0,0,1,29.883333333333333,2,0,20.479668176808858,0.4183632199832458,0,0,0,1,23.966666666666665,2,0,26.605777423311284,0.2669290568941079,0,0,0,1,24.883333333333333,2,0,16.106713582544096,0.4397538034981176,0,0,0,1,15.033333333333331,2,0,15.841466764322506,0.3370308945479924,0,0,0,1,19.383333333333333,2,0,11.13290209511914,0.4010882612882913,0,0,0,1,5.016666666666667,2,0,6.494805927617962,-11.954411805452777,0.4526443932348323,0.3490596523315203,0.1504065914237792,0.1745674925068989,0.1843426121080437,0.1640866218991555,0.2449073728701101,0.2475667848816203,0.3561872909698996,0.4156193895870736,0.295291300877893,0.2563059397884459,0.6438127090301003,0.5843806104129264,0.704708699122107,0.7436940602115542,0.169706736991185,0.196930685497234,0.1603706343549537,0.1358146351324034,1,1,0,0,2,2,3,3,0.0,0.0,0,0
b1accb39-fa76-472d-ba27-59185ef65adb,2020-09-06 20:00:00+00:00,2020-09-06,2020,0,5c0d47fe-8539-47b0-9f36-d0b3609ca89b,5f0b5caf-708b-4300-92f2-53b51d83ec06,5c0d47fe-8539-47b0-9f36-d0b3609ca89b,5f0b5caf-708b-4300-92f2-53b51d83ec06,1467.1648605102416,1402.1420921391384,0.6267297435314367,0.5182127112033956,0,25.986287589960323,0.548274340542053,14,12,0,1,32.96666666666667,1,1,24.31888019911336,0.5820929226340842,0,0,0,1,31.23333333333333,1,0,28.231127538193245,0.4298342580610094,0,0,0,1,24.15,1,0,29.93842596829665,0.3943664920401183,0,0,0,1,36.0,1,0,18.324092212275787,0.4790641387142983,0,0,0,1,18.7,1,0,15.379922217199782,0.3310827624801857,0,0,0,1,28.2,1,0,8.87827299794306,0.4769304348669983,0,0,0,1,3.8333333333333335,1,0,33.179417539305305,0.4383904235858648,0,0,0,1,32.21666666666667,0,0,28.65157428631471,0.4889518116698864,0,0,0,1,33.71666666666667,0,0,26.71347864376136,0.359679117821057,0,0,0,1,29.466666666666665,0,0,17.699623362936585,0.5050113468480298,0,0,0,1,27.48333333333333,0,0,18.81672492132636,0.4136675308010666,0,0,0,1,25.33333333333333,0,0,14.93701693649192,0.3954232882864249,0,0,0,1,23.15,0,0,13.219239038767952,0.4354447671139314,0,0,0,0,0.0,14,0,-7.141291687681815,-6.073969814930797,0.3861664019729514,0.3938455801517623,0.146456814190413,0.1289091585475396,0.1779237085342918,0.2042587712733826,0.1694906126821354,0.2274575222055724,0.3569598633646456,0.3864886095836606,0.3321100917431193,0.2715121136173767,0.6430401366353544,0.6135113904163394,0.6678899082568808,0.7284878863826232,0.1600428522902459,0.1401052912491812,0.1762687327417495,0.1582239515354495,1,1,0,0,2,2,3,2,0.0,0.0,0,0
041e4be6-960f-491d-9a94-f2c5eb364e28,2020-09-06 22:00:00+00:00,2020-09-06,2020,0,6f017f37-be96-4bdc-b6d3-0a0429c72e89,d6a012ed-84aa-48d3-8265-2d3f3ff2199a,6f017f37-be96-4bdc-b6d3-0a0429c72e89,d6a012ed-84aa-48d3-8265-2d3f3ff2199a,1621.2734222071797,1676.7026863580134,0.456320395864763,-0.1751649250612192,0,34.360424857705326,0.6298783347183264,0,0,0,1,37.93333333333333,0,0,26.025797611263823,0.5210472772539628,0,0,0,1,34.53333333333333,0,0,25.02142684490687,0.443007550295888,0,0,0,1,34.916666666666664,0,0,18.979688348733625,0.3785383823696995,0,0,0,1,16.383333333333333,0,0,8.94431061832389,0.7941232210380024,0,0,0,0,0.0,22,0,24.17718638536591,0.2897596312150148,0,0,0,1,35.71666666666667,0,0,17.868916166464917,0.2998514145860718,0,0,0,1,9.55,0,0,25.318053219524963,0.6984900773361701,0,0,0,1,34.016666666666666,0,0,23.038537815434623,0.6579449453903904,0,0,0,1,21.883333333333333,0,0,29.34636475722324,0.4742849292809926,0,0,0,1,36.5,0,0,26.79361202410829,0.4421045710579067,0,0,0,1,32.016666666666666,0,0,22.01159834566661,0.4077738254788089,0,0,0,0,0.0,2,0,16.76177938506805,0.4975200538655623,0,0,0,1,8.65,0,0,10.814344927074842,0.5103085476174237,0,0,0,1,13.166666666666666,0,0,7.496031895702943,11.28882648728758,0.4261102303839009,0.4356675529576007,0.143169325141319,0.1452916341888194,0.2423349135781726,0.1959699769087997,0.2292250178002421,0.2520373443016204,0.3134328358208955,0.3195364238410596,0.3529411764705882,0.341091492776886,0.6865671641791045,0.6804635761589404,0.6470588235294118,0.658908507223114,0.1633422914766143,0.1600416852761649,0.1806566149076088,0.1788165594971461,1,1,0,0,2,2,4,2,0.0,0.0,0,0
935c6321-b057-4a3a-87dd-460d1d05974f,2020-09-07 00:00:00+00:00,2020-09-07,2020,0,0a5ad38d-2fe3-43ba-894b-1ba3d5042ea9,3c409388-ab73-4c7f-953d-3a71062240f6,0a5ad38d-2fe3-43ba-894b-1ba3d5042ea9,3c409388-ab73-4c7f-953d-3a71062240f6,1610.5037540270152,1562.3622818612143,0.6037311669410966,0.4210361587215303,1,28.0349529969937,0.6814707327389569,0,0,0,1,32.266666666666666,1,0,31.546523129138382,0.4662034278121071,0,0,0,1,37.11666666666667,1,0,26.38687412847655,0.4228236200897963,0,0,0,1,30.5,1,0,17.674301521133895,0.6261757134111289,29,3,0,0,0.0,6,1,17.76071002816351,0.4273761577534147,14,14,0,1,22.03333333333333,1,1,19.739196024529512,0.319392067163801,0,0,0,1,13.6,1,0,12.012243009731495,0.3813169631305301,0,0,0,1,12.616666666666667,1,0,31.04079410967236,0.6330016863194349,0,0,0,1,30.28333333333333,2,0,28.994889821721515,0.4769247820815064,0,0,0,1,27.666666666666668,2,0,20.92449391228845,0.6309248346990741,0,0,0,1,25.1,2,0,29.32512462642998,0.4295372597510069,0,0,0,1,33.96666666666667,2,0,16.79309302933348,0.5351053349778524,0,0,0,1,17.3,2,0,24.76374950925405,0.353181178073205,0,0,0,1,31.15,2,0,12.65143482628779,0.5221452189427976,0,0,0,1,17.666666666666668,2,0,4.5894083167232536,3.6049092793469546,0.4589198585697496,0.4605832513719022,0.1439071817051434,0.1594613571896542,0.1547404692391841,0.1946968000974106,0.2339107343797224,0.1818196426994319,0.2742474916387959,0.3204334365325077,0.3260135135135135,0.2717474980754426,0.725752508361204,0.6795665634674922,0.6739864864864865,0.7282525019245574,0.1639180159663655,0.1772596243258322,0.1970461269825871,0.1651717097566011,1,1,0,0,2,2,4,3,0.0,0.0,0,0
9f035831-2812-41fb-9300-276ff7019a9b,2020-09-07 22:00:00+00:00,2020-09-07,2020,0,0699edf3-5993-4182-b9b4-ec935cbd4fcc,a015b02d-845c-40c1-8ef4-844984f47e4d,0699edf3-5993-4182-b9b4-ec935cbd4fcc,a015b02d-845c-40c1-8ef4-844984f47e4d,1559.1386349206095,1542.0810357845949,0.5602318357982337,0.2421030020442668,0,27.159212846246604,0.570870810463602,0,0,0,1,34.06666666666667,0,0,26.544196487191424,0.5405857149165492,0,0,0,1,30.183333333333334,0,0,21.457532778949425,0.5857263586364551,0,0,0,1,22.316666666666663,0,0,15.545764029132055,0.6431501776654039,0,0,0,0,0.0,17,0,19.733676567050903,0.3934737585240673,0,0,0,1,31.316666666666663,0,0,17.598170870668312,0.4183710489671168,0,0,0,1,28.666666666666668,0,0,14.68881022201302,0.4951665095873691,0,0,0,0,0.0,8,0,32.49244935732576,0.6028290771458292,0,0,0,1,32.15,1,0,29.457733448054665,0.637992328967404,2,2,0,1,36.55,1,1,21.57028844147268,0.5443251731503492,7,7,0,1,29.1,1,1,22.879547736297653,0.3562440848223404,5,2,0,1,22.58333333333333,1,1,14.690407976116456,0.3897140417654822,0,0,0,1,15.133333333333333,1,0,14.791795325706572,0.3245458018917715,0,0,0,1,14.716666666666669,1,0,20.60613581323109,0.204858726718566,0,0,0,1,24.433333333333334,1,0,7.352684892766847,2.061062267072471,0.4552233796024898,0.4027288595784948,0.1475635498227955,0.1478144863257705,0.185818733265696,0.2461432915231851,0.2394166524985671,0.2343848094078324,0.3587726199842643,0.2677888293802601,0.3035982008995502,0.3176567656765676,0.6412273800157356,0.7322111706197398,0.6964017991004497,0.6823432343234324,0.1665433012583271,0.1549942594718714,0.1563761097659402,0.1851586391437308,1,1,0,0,2,2,3,3,0.0,0.0,0,0
fab24d90-a57f-4146-b317-d119a3a296cd,2020-09-08 23:00:00+00:00,2020-09-08,2020,0,08ed8274-e29f-4248-bc2e-83cc8ed18d75,0a5ad38d-2fe3-43ba-894b-1ba3d5042ea9,08ed8274-e29f-4248-bc2e-83cc8ed18d75,0a5ad38d-2fe3-43ba-894b-1ba3d5042ea9,1262.1782631323836,1619.4884810889732,0.1286518842966769,-1.9129313852911145,0,23.85508120998926,0.5308143086255752,0,0,0,1,3.2,1,0,21.348927275370208,0.4192914863732153,0,0,0,1,29.7,1,0,23.70744632308231,0.364072245238955,0,0,0,1,30.683333333333334,1,0,15.818537826587091,0.4485503894902378,0,0,0,1,13.05,1,0,26.71050799058348,0.2578050281162234,0,0,0,1,27.716666666666665,1,0,17.503106027731665,0.3383911752660909,0,0,0,1,33.46666666666667,1,0,14.077198060366085,0.3303718670056362,0,0,0,1,23.5,1,0,28.78901098692742,0.6961160919625511,0,0,0,1,36.03333333333333,0,0,31.94124025361237,0.476331502745328,0,0,0,1,35.733333333333334,0,0,18.75775959599592,0.6026140400155838,30,4,0,1,29.166666666666668,0,1,25.429635507563507,0.4295933026788614,0,0,0,1,16.233333333333334,0,0,18.14309075794607,0.4286919089535698,0,0,0,1,21.816666666666663,0,0,18.016528912040013,0.3184786880558322,0,0,0,1,1.4666666666666668,0,0,12.799867459294276,0.3866390196368234,0,0,0,1,20.366666666666667,0,0,-12.297579133876155,5.283744270789571,0.3440853164633805,0.4691247364740069,0.1687746528362596,0.1492616322983898,0.1839707623442243,0.1643945911413684,0.2521608246600061,0.2301509108048428,0.4167364016736402,0.2707838479809976,0.2645705521472393,0.3282988871224165,0.5832635983263599,0.7292161520190024,0.7354294478527608,0.6717011128775835,0.1904602189693586,0.164781753088176,0.1343925456934655,0.1950928412403314,2,1,0,0,1,2,3,3,0.0,0.0,0,0
cec10c18-a59d-496a-8fe4-2e6a17f40fe9,2020-09-09 00:00:00+00:00,2020-09-09,2020,0,5c0d47fe-8539-47b0-9f36-d0b3609ca89b,6f017f37-be96-4bdc-b6d3-0a0429c72e89,5c0d47fe-8539-47b0-9f36-d0b3609ca89b,6f017f37-be96-4bdc-b6d3-0a0429c72e89,1451.5748332777623,1599.8905746587495,0.3296292300967788,-0.7098624695884254,1,25.58354568651117,0.5983298432607747,0,0,0,1,37.73333333333333,2,0,27.01047858846959,0.5449076229480799,0,0,0,1,36.85,2,0,29.488353302291014,0.4242457565650643,0,0,0,1,41.56666666666667,2,0,30.957701551545146,0.3942637228888588,0,0,0,1,40.75,2,0,18.049990785410248,0.4804295845341166,0,0,0,1,15.416666666666666,2,0,15.95847199724433,0.3308047117816037,0,0,0,1,21.516666666666666,2,0,8.04126195203229,0.4769304348669983,0,0,0,0,0.0,4,0,33.99962069226088,0.6206933142034681,0,0,0,1,30.53333333333333,2,0,26.34076250398131,0.537391381581869,0,0,0,1,29.366666666666667,2,0,25.079115146448856,0.4382372315801213,0,0,0,1,25.633333333333333,2,0,18.91718109403477,0.4066993969048602,0,0,0,1,18.316666666666663,2,0,24.534444700631127,0.2848748754000315,0,0,0,1,27.966666666666665,2,0,8.101073787542882,0.7941232210380024,0,0,0,0,0.0,25,0,17.760286305770194,0.3055485518956154,0,0,0,1,16.716666666666665,2,0,-7.299316924020429,4.994373575424584,0.4034451842380478,0.4391586313527291,0.1493798967680634,0.1591190433881715,0.1756537649048088,0.2620648755923676,0.1718431685032608,0.2395468303284455,0.3531777956556717,0.3186119873817035,0.3333333333333333,0.3548387096774194,0.6468222043443282,0.6813880126182965,0.6666666666666666,0.6451612903225806,0.1606153846153846,0.169225401256106,0.1740929504970479,0.1781824209130517,1,1,0,0,2,2,3,3,0.0,0.0,0,0
24c10736-fc72-41a5-9163-a69a5f309bff,2020-09-09 02:00:00+00:00,2020-09-09,2020,0,171b097d-01db-4ae8-9d56-035689402ec6,f073a15f-0486-4179-b0a3-dfd0294eb595,FR_LVA_ACES,f073a15f-0486-4179-b0a3-dfd0294eb595,1671.3218480597695,1343.5132654372428,0.884006417668257,2.03092945756747,1,30.724517409494744,0.684772485364202,0,0,0,1,38.35,3,0,27.85225038932711,0.6181860582327298,0,0,0,1,29.3,3,0,25.575293975723977,0.4547836520221563,0,0,0,1,32.7,3,0,26.8920529117867,0.4255492048628805,0,0,0,1,29.466666666666665,3,0,16.943694370132757,0.5639676632875658,0,0,0,1,26.816666666666663,3,0,22.55117678324116,0.3999572597730711,0,0,0,1,15.15,3,0,14.744575656295542,0.3817253886457509,0,0,0,1,11.583333333333334,3,0,20.791804695707,0.6445284151204533,0,0,0,1,20.73333333333333,3,0,29.35136643938849,0.4414760501078115,0,0,0,1,35.11666666666667,3,0,28.03524875654036,0.4159704289106766,0,0,0,1,35.233333333333334,3,0,30.307643164023013,0.3730819254542541,0,0,0,1,30.766666666666666,3,0,18.647797677339604,0.5858700384430032,0,0,0,1,19.25,3,0,21.712768950561404,0.3539542937082182,20,13,0,1,20.65,3,1,18.281237806300737,0.3161838834802535,0,0,0,1,20.883333333333333,3,0,9.048701850881413,-12.685288530493848,0.4198762643710553,0.4128569883810418,0.1234429778766596,0.1715905263216327,0.1965165109835829,0.2308483762427258,0.2741569619369739,0.2714651403668423,0.1632983023443815,0.2983293556085918,0.3531714956930305,0.2687595712098009,0.8367016976556184,0.7016706443914081,0.6468285043069695,0.7312404287901991,0.1415847814511835,0.1782376964075586,0.1609985528219971,0.1241468580842551,2,2,0,0,1,1,3,3,0.0,0.0,0,0
345c209d-90dc-489a-9e43-35abf9a44756,2020-09-09 23:00:00+00:00,2020-09-09,2020,0,a015b02d-845c-40c1-8ef4-844984f47e4d,0699edf3-5993-4182-b9b4-ec935cbd4fcc,a015b02d-845c-40c1-8ef4-844984f47e4d,0699edf3-5993-4182-b9b4-ec935cbd4fcc,1568.0968342833391,1533.1228364218653,0.5854623522885399,0.3452380836077164,0,32.83726982968628,0.6055491833446608,0,0,0,1,36.15,1,0,29.904816961655907,0.648577387321955,4,4,0,1,34.2,1,1,21.841777095187503,0.5500271187501751,9,9,0,1,24.45,1,1,20.874961221860502,0.3600934476153807,7,4,0,1,1.6166666666666667,1,1,15.704782886143493,0.385542481715613,0,0,0,1,25.45,1,0,16.015018652379542,0.3164661340182673,0,0,0,1,27.766666666666666,1,0,20.29758798783833,0.2196254388317049,0,0,0,1,17.333333333333332,1,0,27.342183147546155,0.5612437585825641,0,0,0,1,29.1,1,0,27.215676877101945,0.5350950487118681,0,0,0,1,33.666666666666664,1,0,22.22831729692586,0.574095925331517,0,0,0,1,29.633333333333333,1,0,14.08016636024752,0.6431501776654039,0,0,0,0,0.0,19,0,18.866360029929744,0.4047223257576883,0,0,0,1,31.05,1,0,19.659794411907104,0.3844659202515926,0,0,0,1,18.95,1,0,13.30400301795876,0.4951665095873691,0,0,0,0,0.0,10,0,3.450380367288221,5.075873204775391,0.4106422084604907,0.4508027578577379,0.1442772034512743,0.1536555148275564,0.247893304568383,0.1877102578103029,0.231143135571878,0.2529845898189697,0.2662807525325615,0.3621337340345605,0.3231132075471698,0.3002129169623846,0.7337192474674384,0.6378662659654395,0.6768867924528302,0.6997870830376153,0.1522427152679253,0.1679145562651398,0.1856519961847663,0.1536196633169045,1,1,0,0,2,2,3,3,0.0,0.0,0,0
127dd9b4-8ca2-4bf5-b690-2ec43136ebd5,2020-09-10 00:00:00+00:00,2020-09-10,2020,0,3c409388-ab73-4c7f-953d-3a71062240f6,5d70a9af-8c2b-4aec-9e68-9acc6ddb93e4,3c409388-ab73-4c7f-953d-3a71062240f6,5d70a9af-8c2b-4aec-9e68-9acc6ddb93e4,1553.3775547992564,1341.6178555625995,0.7962303574627171,1.3628983852101992,0,31.542897858943203,0.626547654188537,0,0,0,1,36.36666666666667,2,0,21.616687055912607,0.6495314969317678,0,0,0,1,28.266666666666666,2,0,29.7998629888859,0.4687571401019108,0,0,0,1,37.53333333333333,2,0,30.02197212542277,0.4272450187891755,0,0,0,1,36.71666666666667,2,0,25.08770661419293,0.3563419693641975,0,0,0,1,28.2,2,0,16.316077425489418,0.5268327349600043,0,0,0,1,11.733333333333333,2,0,12.811569326874318,0.5137709119094411,0,0,0,1,14.35,2,0,31.84303480153253,0.4456324422255736,0,0,0,1,34.78333333333333,4,0,30.22721158970045,0.4676192165520069,0,0,0,1,33.333333333333336,4,0,28.733658107320217,0.4648411272775368,0,0,0,1,31.25,4,0,26.38516774786485,0.4657845353186726,0,0,0,1,27.966666666666665,4,0,17.322116506101853,0.4078911595339911,0,0,0,1,20.78333333333333,4,0,14.442828909896358,0.4752436686019781,0,0,0,1,32.5,4,0,17.952081545848465,0.281343985577092,0,0,0,1,10.416666666666666,4,0,2.138043088465346,-6.5851902164026255,0.46429931799919,0.4099679042261968,0.1613841002344124,0.1473793858174268,0.2005149186241952,0.2055464588623966,0.177418398390626,0.1827216912981843,0.3228404099560761,0.250936329588015,0.2686676427525622,0.3242835595776772,0.6771595900439239,0.7490636704119851,0.7313323572474377,0.6757164404223228,0.1764018433992635,0.168670334397428,0.1659062629614267,0.1539750469850327,2,3,0,0,1,1,3,2,0.0,0.0,0,0
7f7f461d-078a-4209-8a85-1e1f116da876,2020-09-10 02:00:00+00:00,2020-09-10,2020,0,d6a012ed-84aa-48d3-8265-2d3f3ff2199a,5f0b5caf-708b-4300-92f2-53b51d83ec06,d6a012ed-84aa-48d3-8265-2d3f3ff2199a,5f0b5caf-708b-4300-92f2-53b51d83ec06,1698.0855339064435,1417.7321193716175,0.8529283359122942,1.757755551006802,1,25.83644234695069,0.6936124592517529,0,0,0,1,30.816666666666663,3,0,23.3994397762544,0.6659881313758381,0,0,0,1,26.866666666666667,3,0,29.249288594331112,0.4850161906256575,0,0,0,1,28.316666666666663,3,0,27.00947855899888,0.4556574958103084,0,0,0,1,29.08333333333333,3,0,16.83608993639548,0.5002609297804157,0,0,0,1,17.55,3,0,19.936425509942502,0.4077738254788089,3,3,1,0,0.0,6,1,10.85227434647053,0.5285984779644628,0,0,0,1,11.216666666666669,3,0,33.96070902036507,0.4583888356975689,0,0,0,1,41.46666666666667,3,0,29.65075502717215,0.4761814142141211,0,0,0,1,39.25,3,0,19.39349036962397,0.5049903470725939,0,0,0,1,35.666666666666664,3,0,26.42466510262176,0.3573321956101077,0,0,0,1,23.65,3,0,20.05959578874467,0.4239547487743532,0,0,0,1,32.0,3,0,15.1503626875523,0.3979168973592817,0,0,0,1,17.2,3,0,16.91821754353489,0.3193509916742462,0,0,0,1,25.216666666666665,3,0,12.01951719189616,-4.670058148331608,0.4515823467538832,0.4093990966852505,0.1452970270799836,0.1304774409156858,0.201936658540168,0.1975721808739171,0.2620468147385693,0.2448333281324584,0.3231372549019607,0.3847874720357941,0.3448012232415902,0.272655634357762,0.6768627450980392,0.6152125279642058,0.6551987767584098,0.727344365642238,0.1586704590865282,0.1400624540778839,0.1837147927378623,0.1588650171085402,2,2,0,0,1,1,3,3,0.0,0.0,0,0
d537a1ea-d54f-44e4-8ad3-5c53b6e4d11e,2020-09-10 23:00:00+00:00,2020-09-10,2020,0,f073a15f-0486-4179-b0a3-dfd0294eb595,08ed8274-e29f-4248-bc2e-83cc8ed18d75,f073a15f-0486-4179-b0a3-dfd0294eb595,08ed8274-e29f-4248-bc2e-83cc8ed18d75,1341.342196784579,1254.3186483272627,0.6558511029209931,0.6448593818552816,1,21.037695791879827,0.6531366623030107,0,0,0,1,23.4,0,0,29.82261929517041,0.4479425130684222,0,0,0,1,34.35,0,0,28.751568329053327,0.4284918097671422,0,0,0,1,35.63333333333333,0,0,30.93386022717052,0.3808643095935884,0,0,0,1,36.95,0,0,18.9858288406378,0.5709309700723545,0,0,0,1,22.23333333333333,0,0,21.735134224625305,0.3428788736380359,21,14,0,1,21.95,0,1,18.32071717146751,0.3124480179530433,0,0,0,1,18.7,0,0,21.606111564824545,0.5308143086255752,0,0,0,0,0.0,3,0,21.91940023912092,0.4169886578674123,0,0,0,1,27.4,1,0,23.310783700935808,0.3713431520903502,0,0,0,1,19.5,1,0,27.634996698211296,0.2587375898258452,0,0,0,1,36.516666666666666,1,0,14.327224043593676,0.4485503894902378,0,0,0,0,0.0,3,0,17.639513889635765,0.3248835895806889,0,0,0,1,18.95,1,0,15.13681397618896,0.3571924816235235,0,0,0,1,25.316666666666663,1,0,-12.495101755804937,-13.638904202184133,0.4264597313864046,0.3571589274502502,0.170265664777592,0.1734000717776559,0.2205122718546126,0.1787913614699118,0.2566468400228114,0.2543952911255156,0.2999246420497362,0.4253790901835594,0.2594476744186046,0.2653061224489796,0.7000753579502638,0.5746209098164405,0.7405523255813954,0.7346938775510204,0.1769075246132208,0.1912449762513701,0.1227212887966619,0.1345979100408905,1,1,0,0,1,1,3,3,0.0,0.0,0,0
f4c069c6-0943-433d-98ce-ac2d1a25c003,2020-09-11 00:00:00+00:00,2020-09-11,2020,0,6f017f37-be96-4bdc-b6d3-0a0429c72e89,171b097d-01db-4ae8-9d56-035689402ec6,6f017f37-be96-4bdc-b6d3-0a0429c72e89,FR_LVA_ACES,1590.1277684852894,1673.4929167124333,0.4167870901023587,-0.3359768006455234,0,34.5008923036682,0.6262531487254529,0,0,0,1,39.31666666666667,1,0,25.89853460329769,0.5379318408741536,0,0,0,1,21.65,1,0,26.257967018352943,0.4443496181214439,0,0,0,1,37.583333333333336,1,0,19.643060380875426,0.4100703954294341,0,0,0,1,26.616666666666667,1,0,24.887876184004984,0.2878023054320802,0,0,0,1,28.28333333333333,1,0,7.337334235325624,0.7941232210380024,0,0,0,0,0.0,27,0,16.085911591238265,0.3055485518956154,0,0,0,0,0.0,4,0,31.08202734602526,0.6945376841179202,0,0,0,1,34.516666666666666,1,0,27.591207035330847,0.61155788001596,0,0,0,1,25.08333333333333,1,0,25.791316196831804,0.4725074610618746,0,0,0,1,27.866666666666667,1,0,26.74510254149001,0.4227527021957711,0,0,0,1,25.33333333333333,1,0,17.645076270782777,0.5681017312701088,0,0,0,1,24.383333333333333,1,0,22.58092001341232,0.4068105859819186,0,0,0,1,22.866666666666667,1,0,15.411306482745497,0.3747954749323724,0,0,0,1,21.816666666666663,1,0,4.401519595510819,9.201359142933049,0.4527508939613037,0.4247364269791799,0.1627643101946954,0.1224007185281289,0.2722755207801223,0.211113772377739,0.2326759555505662,0.2914082016283733,0.3163418290854572,0.1591430757459831,0.3581860107609531,0.3518930957683742,0.6836581709145427,0.8408569242540168,0.6418139892390469,0.6481069042316259,0.1694877702942219,0.139191201741322,0.1788051080727404,0.1604658093207711,1,1,0,0,2,1,3,3,0.0,0.0,0,0
056130e9-4825-4d27-9415-cb6aa596cc89,2020-09-11 02:00:00+00:00,2020-09-11,2020,0,0a5ad38d-2fe3-43ba-894b-1ba3d5042ea9,5c0d47fe-8539-47b0-9f36-d0b3609ca89b,0a5ad38d-2fe3-43ba-894b-1ba3d5042ea9,5c0d47fe-8539-47b0-9f36-d0b3609ca89b,1627.348095894094,1461.3376394512225,0.7501747627601986,1.099544574028362,0,28.387801291672595,0.7041438616159961,0,0,0,1,24.53333333333333,2,0,31.59167237591796,0.4704242906157529,0,0,0,1,28.23333333333333,2,0,19.68407868445688,0.6167749470509553,33,7,0,1,28.58333333333333,2,1,23.03222265280597,0.4295933026788614,2,2,1,0,0.0,3,1,19.523319182241124,0.4377403894575282,0,0,0,1,32.78333333333333,2,0,14.606843056354805,0.3858430031190968,0,0,0,1,31.966666666666665,2,0,16.317996583529496,0.3184786880558322,0,0,0,0,0.0,3,0,26.042337167214004,0.614919872513305,0,0,0,1,30.45,1,0,27.57671999222382,0.5492834530644175,0,0,0,1,33.016666666666666,1,0,30.32379688153887,0.4197681802035477,0,0,0,1,38.35,1,0,31.282228835775506,0.3934819805639711,0,0,0,1,34.4,1,0,17.91957605635974,0.493271843738584,0,0,0,1,16.666666666666668,1,0,16.63646290568764,0.331534607356288,0,0,0,1,23.15,1,0,7.283161240500621,0.4769304348669983,0,0,0,0,0.0,6,0,7.2863079894474145,-6.489161331121767,0.4817404600981334,0.4233666143699001,0.1488861125009695,0.1547353272075352,0.1634001231254337,0.1826628555253576,0.2292493767978584,0.1788251297643687,0.2712246431254695,0.3565950920245399,0.3404255319148936,0.3300653594771242,0.7287753568745304,0.6434049079754601,0.6595744680851063,0.6699346405228758,0.1635018718145325,0.1621210347653049,0.1956378781236299,0.1741263762565821,1,1,0,0,2,2,3,3,0.0,0.0,0,0
5fb09f6f-6186-41d2-8dd1-5e36bcd7cf0b,2020-09-11 23:00:00+00:00,2020-09-11,2020,0,a015b02d-845c-40c1-8ef4-844984f47e4d,5d70a9af-8c2b-4aec-9e68-9acc6ddb93e4,a015b02d-845c-40c1-8ef4-844984f47e4d,5d70a9af-8c2b-4aec-9e68-9acc6ddb93e4,1556.1787890245416,1361.2545951930565,0.7800547445061985,1.2659854257627787,0,33.77651952407088,0.6079864653087483,0,0,0,1,42.8,1,0,31.12052756715721,0.6439686554180997,6,6,0,1,42.8,1,1,23.154564659516296,0.5446509550720773,11,11,0,1,35.766666666666666,1,1,18.90694636923045,0.3600934476153807,9,6,0,0,0.0,3,1,17.468870723690852,0.3647653707817825,0,0,0,1,34.416666666666664,1,0,17.712148064377452,0.3206787764256285,0,0,0,1,34.016666666666666,1,0,18.38400576806399,0.2196254388317049,44,1,1,0,0.0,3,1,32.359068756945696,0.4658967025432262,0,0,0,1,37.31666666666667,0,0,30.83115727396947,0.4731833108319381,0,0,0,1,36.63333333333333,0,0,28.98188850625717,0.4654100596327816,0,0,0,1,31.366666666666667,0,0,25.20968315380797,0.4650936180710824,0,0,0,1,13.916666666666666,0,0,14.567635482713753,0.5005606109960448,0,0,0,1,15.766666666666667,0,0,16.180859052802823,0.3981176725786957,0,0,0,1,5.216666666666667,0,0,19.114626779411687,0.3064799067148777,0,0,0,1,30.28333333333333,0,0,2.915205483551788,-4.941682582375809,0.4112101723049642,0.4196342545110931,0.1470355959455537,0.1445140492706251,0.2641188931693237,0.2137613657712987,0.2430219276253579,0.1855290811270097,0.2701227830832196,0.2459363957597173,0.327917282127031,0.3240542469664525,0.7298772169167803,0.7540636042402827,0.672082717872969,0.6759457530335474,0.1516085928666872,0.1652147792129768,0.1816369832186716,0.1527505862610529,1,1,0,0,2,1,3,2,0.0,0.0,0,0
19c0fb8f-f404-474d-8ad9-7af7335bf5e5,2020-09-12 00:00:00+00:00,2020-09-12,2020,0,5f0b5caf-708b-4300-92f2-53b51d83ec06,3c409388-ab73-4c7f-953d-3a71062240f6,5f0b5caf-708b-4300-92f2-53b51d83ec06,3c409388-ab73-4c7f-953d-3a71062240f6,1413.0042015005629,1533.7408151687996,0.3656082528148152,-0.5511042487155295,0,34.02412157591873,0.4452186100369797,0,0,0,1,34.63333333333333,1,0,29.947654303545672,0.4797132028339513,0,0,0,1,32.8,1,0,19.994330077909275,0.5299455286528406,0,0,0,1,25.766666666666666,1,0,25.36644480688178,0.3566755660850363,0,0,0,1,15.2,1,0,20.74062329476773,0.4166790756911093,0,0,0,1,27.28333333333333,1,0,15.532147654430029,0.4086386754637027,0,0,0,1,19.2,1,0,18.23322621606508,0.3252961303512742,0,0,0,1,30.866666666666667,1,0,31.76040299497093,0.6460027313808551,0,0,0,1,33.85,1,0,29.911436236412733,0.4640802343735742,0,0,0,1,30.98333333333333,1,0,21.391993200184857,0.6309750021131656,0,0,0,1,19.23333333333333,1,0,30.36872311617313,0.4329517871170651,0,0,0,1,33.7,1,0,25.434545487259623,0.3619024242009929,0,0,0,1,28.766666666666666,1,0,16.203001374105163,0.5147677065791924,0,0,0,1,15.116666666666667,1,0,13.597686016526051,0.5163579930985686,0,0,0,1,21.15,1,0,-5.55720487179687,0.9137961901397468,0.4220998679701492,0.4695505741962277,0.1310323698539451,0.1592150170319116,0.1883734331913449,0.197772764390644,0.2564117566400919,0.1770332734257809,0.3832505322924059,0.3226925746009715,0.2719167904903417,0.2627939142461964,0.6167494677075941,0.6773074253990284,0.7280832095096582,0.7372060857538036,0.1396556615095904,0.174117350898907,0.1559125567455595,0.1627077892467769,1,1,0,0,1,1,3,3,0.0,0.0,0,0
1da135eb-b483-4019-8271-39360259629d,2020-09-12 02:00:00+00:00,2020-09-12,2020,0,0699edf3-5993-4182-b9b4-ec935cbd4fcc,d6a012ed-84aa-48d3-8265-2d3f3ff2199a,0699edf3-5993-4182-b9b4-ec935cbd4fcc,d6a012ed-84aa-48d3-8265-2d3f3ff2199a,1545.0408816806628,1702.8134517774984,0.3177133423330237,-0.7643003516587016,0,28.79948947887513,0.5721788194099009,0,0,0,1,42.8,2,0,28.636200315925727,0.5405144966040422,0,0,0,1,42.28333333333333,2,0,23.79220609141516,0.5751616500765185,0,0,0,1,38.81666666666667,2,0,20.18468636656074,0.4133548536905221,0,0,0,1,32.85,2,0,12.75273986924878,0.6431501776654039,0,0,0,0,0.0,22,0,19.684011386838105,0.3754162157791316,0,0,0,1,19.916666666666668,2,0,12.049750362803684,0.4951665095873691,0,0,0,0,0.0,13,0,26.63278427750908,0.7044719742521744,0,0,0,1,34.28333333333333,1,0,23.974578240086498,0.668374992265455,0,0,0,1,29.5,1,0,29.1849335002978,0.4824884248158482,0,0,0,1,28.566666666666663,1,0,27.21285034928328,0.4737187274217988,0,0,0,1,29.166666666666668,1,0,19.88585327846976,0.4113353457408463,5,5,0,1,19.4,1,1,16.454010894228524,0.4931225735587455,0,0,0,1,12.783333333333331,1,0,12.98346491718416,0.48692821473146,0,0,0,1,24.73333333333333,1,0,4.80722414418089,12.213783847091664,0.453716326458108,0.4622688256697311,0.1510780257011621,0.1423512750865017,0.1914400624638913,0.2071412966543486,0.257876914978533,0.2642780971783001,0.3644727530077848,0.3195266272189349,0.3020763563295378,0.345203488372093,0.6355272469922152,0.6804733727810651,0.6979236436704621,0.654796511627907,0.1649838659310919,0.1557008763735041,0.1529205819030564,0.1811633390296134,1,1,0,0,2,1,3,3,0.0,0.0,0,0
b835eb9c-19d6-446b-9b08-939316a547aa,2020-09-12 16:00:00+00:00,2020-09-12,2020,0,08ed8274-e29f-4248-bc2e-83cc8ed18d75,5c0d47fe-8539-47b0-9f36-d0b3609ca89b,08ed8274-e29f-4248-bc2e-83cc8ed18d75,5c0d47fe-8539-47b0-9f36-d0b3609ca89b,1243.3694111497448,1480.4259172946556,0.2278141006760512,-1.22069537480418,0,20.96445630588184,0.5229918502783389,0,0,0,1,14.8,1,0,23.31762341443725,0.3732312948529924,0,0,0,1,23.383333333333333,1,0,19.85291950304376,0.4169886578674123,0,0,0,0,0.0,3,0,28.134504461666904,0.267024945121283,0,0,0,1,32.93333333333333,1,0,15.727803590725266,0.4561629371279129,0,0,0,1,29.183333333333334,1,0,16.61819557725346,0.3571538587115695,0,0,0,1,30.85,1,0,17.68449810504054,0.3250850283871979,0,0,0,1,18.116666666666667,1,0,26.89311788489753,0.6302675182432599,0,0,0,1,35.06666666666667,0,0,28.0518676969956,0.5494003634509254,0,0,0,1,32.61666666666667,0,0,31.761571003749893,0.3983625642002216,0,0,0,1,36.36666666666667,0,0,30.55724423808567,0.4135191897562172,0,0,0,1,32.8,0,0,16.23018408782191,0.493271843738584,41,0,1,0,0.0,2,1,18.29228882550436,0.3268816803360558,0,0,0,1,34.2,0,0,7.757701687987298,0.4834376747340096,0,0,0,1,12.316666666666666,0,0,-13.429069832190764,-4.951737468555021,0.3644230698539006,0.4380735780301008,0.1729489629179296,0.1547866301171997,0.1776482896719434,0.1745655871928929,0.2415761381658016,0.1799235490757181,0.4206170052671181,0.3569861009509875,0.2631578947368421,0.3245749613601236,0.5793829947328819,0.6430138990490124,0.7368421052631579,0.6754250386398764,0.1895334228653121,0.1615535977818523,0.1352662211683552,0.1737609594330622,1,1,0,0,2,2,3,3,0.0,0.0,0,0
a6843461-3559-4315-8c9a-32442134dbe6,2020-09-12 19:00:00+00:00,2020-09-12,2020,0,0a5ad38d-2fe3-43ba-894b-1ba3d5042ea9,171b097d-01db-4ae8-9d56-035689402ec6,0a5ad38d-2fe3-43ba-894b-1ba3d5042ea9,FR_LVA_ACES,1608.259818050661,1692.606254789366,0.4154146653158998,-0.341625551392141,0,29.00017625121676,0.7060040440735558,0,0,0,1,34.88333333333333,0,0,31.799865412421205,0.47563450727355,0,0,0,1,33.8,0,0,21.095010907000976,0.6161389331481217,34,8,0,1,34.65,0,1,23.516279220474875,0.4278719362409549,3,3,0,1,28.166666666666668,0,1,19.94379297373722,0.4175888407827596,0,0,0,1,23.98333333333333,0,0,15.212709011311969,0.3750217554129799,0,0,0,1,21.03333333333333,0,0,14.779595659080243,0.3184786880558322,0,0,0,0,0.0,4,0,31.42154527837312,0.6893539006402142,0,0,0,1,34.68333333333333,0,0,28.011565697845725,0.6121191525900412,0,0,0,1,32.05,0,0,26.188095484066345,0.479718664979985,0,0,0,1,30.0,0,0,27.60976400018027,0.4328862055103089,0,0,0,1,35.916666666666664,0,0,17.60625865537483,0.6058986010870534,0,0,0,1,17.233333333333334,0,0,22.98967832056117,0.4187736195416686,0,0,0,1,26.916666666666668,0,0,15.116412635938032,0.3776304292477878,0,0,0,1,12.283333333333331,0,0,5.673732060889456,9.629162684314291,0.4780746834273887,0.4374885810021543,0.153253436903378,0.1196188989832044,0.1794208035037057,0.2112087501052286,0.2224514383421023,0.2928467138011409,0.2690935046395432,0.1635311143270622,0.3415518491660623,0.3544749823819591,0.7309064953604568,0.8364688856729378,0.6584481508339376,0.6455250176180408,0.1636687559028075,0.1364931590281252,0.1936926533268944,0.1591211282341914,1,1,0,0,2,2,3,3,0.0,0.0,0,0
3231b16f-af72-4caf-9c7c-e5798df0c7cf,2020-09-12 22:00:00+00:00,2020-09-12,2020,0,f073a15f-0486-4179-b0a3-dfd0294eb595,6f017f37-be96-4bdc-b6d3-0a0429c72e89,f073a15f-0486-4179-b0a3-dfd0294eb595,6f017f37-be96-4bdc-b6d3-0a0429c72e89,1352.291433962097,1571.0144304083567,0.2469103040847684,-1.1151592094682403,0,30.33115031614198,0.4610017635662387,0,0,0,1,35.21666666666667,1,0,20.833019121178395,0.6661453121088052,0,0,0,1,18.866666666666667,1,0,28.78598846250685,0.4243629161163544,0,0,0,1,29.116666666666667,1,0,30.8458193068632,0.3875918103022872,0,0,0,1,30.0,1,0,19.18828769518593,0.558588147375083,0,0,0,1,21.133333333333333,1,0,21.824526962142528,0.3432296703929233,0,0,0,1,22.683333333333334,1,0,18.675442835989625,0.3201254007265732,0,0,0,1,22.08333333333333,1,0,34.87005716218103,0.6331208086658828,0,0,0,1,38.41666666666666,0,0,26.03537344234652,0.5383405545807866,0,0,0,1,27.35,0,0,27.37596176779086,0.4431468892092783,0,0,0,1,38.11666666666667,0,0,19.571436098673555,0.4216542953694918,0,0,0,1,18.883333333333333,0,0,24.49620110738508,0.2907727150963154,0,0,0,1,20.73333333333333,0,0,6.645597249548135,0.7941232210380024,0,0,0,0,0.0,28,0,14.569390789441572,0.3055485518956154,0,0,0,0,0.0,5,0,-10.241117805973865,2.691286491206676,0.4294646577846718,0.4598241536492185,0.16907702806539,0.1610235762917337,0.2163601833033349,0.2644424458879751,0.2586389874050171,0.2290716287738273,0.2959256611865618,0.3207681365576102,0.2637741046831955,0.3517441860465116,0.7040743388134382,0.6792318634423897,0.7362258953168044,0.6482558139534884,0.1754605840330868,0.1677569107406626,0.1244940772604945,0.1741693461950696,1,1,0,0,2,2,3,3,0.0,0.0,0,0
f8a83d8b-9a18-40b1-a3b1-847420d9b498,2020-09-13 16:00:00+00:00,2020-09-13,2020,0,08ed8274-e29f-4248-bc2e-83cc8ed18d75,5f0b5caf-708b-4300-92f2-53b51d83ec06,08ed8274-e29f-4248-bc2e-83cc8ed18d75,5f0b5caf-708b-4300-92f2-53b51d83ec06,1232.981572753688,1403.9482379214237,0.3014817824084348,-0.8402516682232025,0,21.434475097015486,0.5097381055385344,0,0,0,1,25.95,0,0,23.416523368286114,0.3855701898287441,0,0,0,1,24.366666666666667,0,0,17.340450255683113,0.4562043881697603,0,0,0,1,32.833333333333336,0,0,28.594776824823526,0.2644083388908455,0,0,0,1,33.016666666666666,0,0,17.981258998633166,0.4169886578674123,0,0,0,0,0.0,4,0,16.728040495524443,0.3487820518993703,0,0,0,1,17.783333333333335,0,0,16.51536173150446,0.3220832237265879,0,0,0,1,5.283333333333333,0,0,34.29367758350133,0.462118689559153,0,0,0,1,36.88333333333333,0,0,27.12429919191614,0.4797132028339513,0,0,0,0,0.0,2,0,18.10933790266603,0.5299455286528406,0,0,0,0,0.0,2,0,25.379035901107493,0.3667914615748516,0,0,0,1,25.5,0,0,21.35901729524972,0.4120894925274203,0,0,0,1,27.3,0,0,17.067392436128443,0.387948754718335,0,0,0,1,31.816666666666663,0,0,19.339411987325448,0.3275374419320115,0,0,0,1,29.966666666666665,0,0,-14.255183228189583,-6.361010561567392,0.3737765356480197,0.4254684988378317,0.1874687260848612,0.1234237752189782,0.1756309373306531,0.2007024684162371,0.2325141466198672,0.2515478067183078,0.4212427745664739,0.3827077747989276,0.2656558998022412,0.2683274021352313,0.578757225433526,0.6172922252010724,0.7343441001977588,0.7316725978647687,0.1947016301083286,0.1348855547946627,0.1342979459103445,0.1555710247647977,0,1,1,0,2,2,3,3,0.0,0.0,0,0
edea3b93-949e-4544-b14a-0f9a7dab6c11,2020-09-13 19:00:00+00:00,2020-09-13,2020,0,d6a012ed-84aa-48d3-8265-2d3f3ff2199a,171b097d-01db-4ae8-9d56-035689402ec6,d6a012ed-84aa-48d3-8265-2d3f3ff2199a,FR_LVA_ACES,1722.7264562230523,1710.5848154723085,0.5532484294952255,0.21380447080501,0,24.121942965375688,0.7044719742521744,0,0,0,0,0.0,2,0,23.59986956751473,0.6677489277930374,0,0,0,1,20.0,0,0,28.113174959552897,0.4910063904059309,0,0,0,1,17.816666666666666,0,0,26.89109932393721,0.4705923307124834,0,0,0,1,23.8,0,0,19.862046623342017,0.4244064119616986,6,6,0,1,19.633333333333333,0,1,17.089998028036263,0.480210697643423,0,0,0,1,23.2,0,0,11.41424371634556,0.5416140908052903,0,0,0,1,19.683333333333334,0,0,31.07383417077668,0.6977822876773166,0,0,0,1,27.73333333333333,0,0,27.96333715836456,0.6001726058004468,0,0,0,1,27.5,0,0,25.92681533040849,0.4750493654951147,0,0,0,1,23.416666666666668,0,0,27.940381933359745,0.4407441440375381,0,0,0,1,31.116666666666667,0,0,18.191753166105503,0.6120006837996467,0,0,0,1,23.816666666666663,0,0,23.182346626674025,0.4196146716956638,0,0,0,1,25.03333333333333,0,0,15.990063962845424,0.3752936356065447,0,0,0,1,24.383333333333333,0,0,13.742590935755684,10.651746007509404,0.4679686265226107,0.4495639833293016,0.1476737287694913,0.1271124660560088,0.2158956749469815,0.2081318230227812,0.2636462251597135,0.2946029590028551,0.3166431593794076,0.1628551628551628,0.3477051460361613,0.352112676056338,0.6833568406205924,0.8371448371448371,0.6522948539638387,0.647887323943662,0.1567962707913974,0.138753196000582,0.1813984168865435,0.1579745993473154,1,0,0,1,2,2,3,3,0.0,0.0,0,0
866092cf-d262-4040-89a7-eb5996f1f4fa,2020-09-13 21:00:00+00:00,2020-09-13,2020,0,5d70a9af-8c2b-4aec-9e68-9acc6ddb93e4,5c0d47fe-8539-47b0-9f36-d0b3609ca89b,5d70a9af-8c2b-4aec-9e68-9acc6ddb93e4,5c0d47fe-8539-47b0-9f36-d0b3609ca89b,1378.9438236076844,1490.8137556907125,0.3775257399252409,-0.5000635266094638,0,32.84530818907432,0.4617814571383762,0,0,0,1,37.516666666666666,1,0,31.056054358377,0.4804327541419094,0,0,0,1,33.21666666666667,1,0,28.88931965578586,0.4679822214790093,0,0,0,1,28.0,1,0,25.435033467315208,0.4749678362404054,0,0,0,1,27.6,1,0,15.863843762658114,0.5002270922314539,0,0,0,1,28.316666666666663,1,0,19.117961637031936,0.3066998430737555,0,0,0,1,19.15,1,0,14.65538695224238,0.3981176725786957,0,0,0,0,0.0,2,0,27.38086110679465,0.6480088132984752,0,0,0,1,32.06666666666667,0,0,28.30623772385404,0.545546753362888,0,0,0,1,30.75,0,0,30.94309425438173,0.4193753543195923,0,0,0,1,34.65,0,0,31.531074381624403,0.4013179878336337,0,0,0,1,29.316666666666663,0,0,14.700061803699814,0.493271843738584,42,1,0,0,0.0,3,1,19.21221008020694,0.3096022699457806,0,0,0,1,28.05,0,0,8.646315701508687,0.4999933046947131,0,0,0,1,17.183333333333334,0,0,-3.9427709082393343,-2.392748912370655,0.4198646345350509,0.4381002192360341,0.139842912546528,0.1521518457895443,0.2166029557127534,0.1798642607642874,0.1937498071138962,0.1771670393493362,0.2406166219839142,0.3548611111111111,0.3242320819112628,0.3291326908821349,0.7593833780160858,0.6451388888888889,0.6757679180887372,0.6708673091178651,0.1613496180711572,0.1593205166460633,0.1531314875336581,0.1798911983354645,1,0,0,1,2,2,2,4,0.0,0.0,0,0
73613e58-9a1a-489d-9905-44cc2efdec7c,2020-09-15 23:00:00+00:00,2020-09-15,2020,1,3c409388-ab73-4c7f-953d-3a71062240f6,a015b02d-845c-40c1-8ef4-844984f47e4d,3c409388-ab73-4c7f-953d-3a71062240f6,a015b02d-845c-40c1-8ef4-844984f47e4d,1542.796778747939,1538.4895606099135,0.5420767266853368,0.1687059090043555,0,31.69814262049593,0.6518278525714205,0,0,0,1,31.1,2,0,22.02282822910196,0.6453090765484678,0,0,0,1,28.08333333333333,2,0,29.651098146674872,0.4530628815573606,0,0,0,1,27.15,2,0,30.52094265108905,0.4355195880101181,0,0,0,1,31.98333333333333,2,0,25.085608767605564,0.3620958925640653,0,0,0,1,21.73333333333333,2,0,15.342016381526657,0.5470275361634926,0,0,0,1,32.1,2,0,15.798901444149422,0.5144504391407402,0,0,0,1,11.916666666666666,2,0,33.205218801574915,0.607021370713943,0,0,0,1,27.716666666666665,3,0,30.339241261259016,0.6431291026954695,10,10,0,1,22.83333333333333,3,1,22.43449162402437,0.5425738530617215,0,0,0,1,15.516666666666667,3,0,18.77281891095348,0.3620688507447361,0,0,0,1,31.3,3,0,17.635132230817746,0.3601713722401413,13,10,0,1,5.416666666666667,3,1,18.644338513168982,0.3263214421239341,0,0,0,1,27.6,3,0,9.636324210653989,0.458205072045427,0,0,0,1,20.03333333333333,3,0,2.155365435742066,2.107342644745552,0.4844055144527279,0.4181078841648148,0.1590670791106107,0.1493089329216956,0.2005539127955176,0.2519587770923895,0.1970950170009535,0.2495720657028462,0.3173333333333333,0.2725490196078431,0.2688031393067364,0.3179594689028651,0.6826666666666666,0.7274509803921568,0.7311968606932636,0.6820405310971349,0.1730486749703201,0.1520220407360031,0.1570897881757824,0.1769866367438539,3,3,0,0,1,1,2,2,0.0,0.0,0,0
b8e0c658-44b1-423e-a6a4-a0a356182ad0,2020-09-16 01:00:00+00:00,2020-09-16,2020,1,0699edf3-5993-4182-b9b4-ec935cbd4fcc,5c0d47fe-8539-47b0-9f36-d0b3609ca89b,0699edf3-5993-4182-b9b4-ec935cbd4fcc,5c0d47fe-8539-47b0-9f36-d0b3609ca89b,1525.1278772351086,1500.2269312202372,0.5713234735797422,0.2872529360503585,1,29.270919287616568,0.5704240953335965,0,0,0,1,33.8,3,0,27.58160633933032,0.5242257426790986,0,0,0,1,17.45,3,0,22.63805575979045,0.5727556801550272,0,0,0,1,11.55,3,0,20.20184280243088,0.4002333835608219,0,0,0,1,20.366666666666667,3,0,21.13580303277408,0.3823818909992427,0,0,0,1,35.083333333333336,3,0,11.55045828378042,0.6431501776654039,0,0,0,0,0.0,26,0,12.782586786014784,0.4246085852151149,0,0,0,1,27.933333333333334,3,0,27.75977079446048,0.6549988872024236,0,0,0,1,31.4,2,0,28.786458966359824,0.5465395356648763,0,0,0,1,33.4,2,0,31.27842629463728,0.4332317822642069,0,0,0,1,34.5,2,0,32.062377371960785,0.3941267259484096,0,0,0,1,37.16666666666666,2,0,14.434510964750132,0.5019196974378872,45,4,0,1,11.883333333333333,2,1,20.62049017784058,0.3103584581265312,0,0,0,1,34.15,2,0,8.142284647482107,0.5010015296428864,0,0,0,1,3.3,2,0,1.6737387915649338,-0.8892529846154946,0.4360312837302794,0.4439359037493283,0.1567888487488489,0.1403932742962071,0.2006823131011022,0.1746918592965609,0.2761416340506968,0.1857923508610398,0.3661016949152542,0.3556735235567352,0.300192431045542,0.3211267605633803,0.6338983050847458,0.6443264764432648,0.699807568954458,0.6788732394366197,0.1659445923923844,0.1540713744599824,0.1540357362908194,0.1774186874120665,3,1,0,0,1,2,2,4,0.0,0.0,0,0
69236333-c7ed-4309-88e2-a92bf42928dc,2020-09-17 23:00:00+00:00,2020-09-17,2020,1,6f017f37-be96-4bdc-b6d3-0a0429c72e89,0699edf3-5993-4182-b9b4-ec935cbd4fcc,6f017f37-be96-4bdc-b6d3-0a0429c72e89,0699edf3-5993-4182-b9b4-ec935cbd4fcc,1579.5655965493872,1529.5248945897458,0.6063437503177523,0.4319690042501983,1,35.083430546356084,0.6403139304017409,0,0,0,1,37.13333333333333,4,0,26.60712421180989,0.5461146442452122,0,0,0,1,32.1,4,0,24.795056405072152,0.4431468892092783,0,0,0,0,0.0,5,0,19.89152599560312,0.4403932657422064,0,0,0,1,22.966666666666665,4,0,25.307335740391068,0.287114683267904,0,0,0,1,33.1,4,0,16.00117719281809,0.345052662850845,0,0,0,1,35.81666666666667,4,0,6.019074692082876,0.7941232210380024,0,0,0,0,0.0,33,0,30.28241770299688,0.5656733780352657,0,0,0,1,40.0,0,0,28.55752922886533,0.5231989849966913,0,0,0,1,37.93333333333333,0,0,23.773640392348213,0.5799112049151681,0,0,0,1,34.68333333333333,0,0,21.01715937388742,0.4009961594921681,0,0,0,1,28.85,0,0,20.48506348198139,0.379823917924994,0,0,0,1,14.233333333333333,0,0,10.461523400712997,0.6431501776654039,0,0,0,0,0.0,27,0,14.16223421403193,0.4392823881890047,0,0,0,1,27.416666666666668,0,0,4.30387106027259,2.3333634204473754,0.4772750222914684,0.4458634850525794,0.1574215619910314,0.156676924920309,0.2720208623648747,0.2023856684171573,0.2238714794677745,0.28508149203419,0.3206779661016949,0.3669486011711125,0.353185595567867,0.2976117575015309,0.679322033898305,0.6330513988288874,0.646814404432133,0.7023882424984691,0.1652449870633894,0.1650102058335399,0.1729360239040563,0.1530546386619705,4,1,0,0,0,1,2,2,0.0,0.0,0,0
918c1ed4-4181-4f65-9616-a04070617dec,2020-09-18 01:00:00+00:00,2020-09-18,2020,1,0a5ad38d-2fe3-43ba-894b-1ba3d5042ea9,a015b02d-845c-40c1-8ef4-844984f47e4d,0a5ad38d-2fe3-43ba-894b-1ba3d5042ea9,a015b02d-845c-40c1-8ef4-844984f47e4d,1590.2812573677186,1561.0883221479196,0.577363507973833,0.3119596119567531,0,29.76694049888476,0.708206979107192,0,0,0,1,37.13333333333333,5,0,32.2634034182141,0.4702145287346009,0,0,0,1,36.71666666666667,5,0,22.63218553290589,0.6176787467638035,40,14,0,1,37.4,5,1,23.45189358472913,0.4146242574814164,9,9,0,1,22.83333333333333,5,1,20.27591659676769,0.4162431700437256,0,0,0,1,23.466666666666665,5,0,15.84473357398874,0.3624487708660589,0,0,0,1,21.916666666666668,5,0,14.285708636979567,0.3098644257951278,0,0,0,1,15.05,5,0,33.515838700014605,0.6210024516141129,0,0,0,1,36.5,2,0,31.209169116758986,0.6562872658638722,13,13,0,1,39.56666666666667,2,1,23.084889141201344,0.5426899275737609,0,0,0,1,29.33333333333333,2,0,18.737670910135662,0.3626901084822061,0,0,0,1,18.4,2,0,18.371889328358343,0.352350661638398,16,13,0,1,25.45,2,1,17.34543009650641,0.3288293357531064,0,0,0,1,4.866666666666667,2,0,9.772742928516896,0.4551043257875101,0,0,0,1,11.083333333333334,2,0,3.208447894961417,3.1179565377425087,0.4716306638464221,0.4238081655770869,0.1523897508504695,0.1507937354655896,0.1770097192462574,0.2767716240289533,0.2171922544786676,0.2651006649369616,0.2708757637474542,0.27125,0.3333333333333333,0.3185781354795439,0.7291242362525459,0.72875,0.6666666666666666,0.681421864520456,0.1623310118803769,0.1512901952677178,0.1934245694419324,0.176818635998511,4,1,0,0,0,1,2,2,0.0,0.0,0,0
a2d3ff5c-e030-4f5c-8f7f-da21e557f9f1,2020-09-20 17:00:00+00:00,2020-09-20,2020,1,171b097d-01db-4ae8-9d56-035689402ec6,a015b02d-845c-40c1-8ef4-844984f47e4d,FR_LVA_ACES,a015b02d-845c-40c1-8ef4-844984f47e4d,1717.7486013885775,1586.1745379740594,0.7112192006722107,0.9013127609194354,0,30.980453381278984,0.7013357755649936,0,0,0,1,30.08333333333333,6,0,28.39732219659311,0.6150105247146039,0,0,0,1,32.56666666666667,6,0,25.92271600705376,0.4732454662650577,0,0,0,1,25.883333333333333,6,0,28.214690063074126,0.4249573800250713,0,0,0,1,30.85,6,0,16.95436810471914,0.6135246596237501,0,0,0,1,5.066666666666666,6,0,23.60982570509927,0.4279777908154361,0,0,0,1,27.716666666666665,6,0,16.078991942707116,0.3765019299001367,0,0,0,1,16.933333333333334,6,0,33.7468937802301,0.6237937414759552,0,0,0,1,35.96666666666667,1,0,31.302581021765107,0.6583389550033211,0,0,0,1,32.2,1,0,24.003936738763347,0.5376712161601416,0,0,0,1,32.833333333333336,1,0,19.56399260201285,0.3524536912234509,0,0,0,1,31.016666666666666,1,0,18.24702503346108,0.355679304927913,0,0,0,1,13.533333333333331,1,0,16.12969619926685,0.3280128688364031,0,0,0,1,4.45,1,0,20.9293601579646,0.2286733221955642,53,10,0,1,32.35,1,1,10.210853673376494,3.952231461615337,0.4536357443169794,0.4256799096811189,0.1254913359654443,0.1493175000036783,0.2106925846301423,0.2649629027731233,0.3037196116017006,0.2533863027914316,0.167989417989418,0.2716935966487133,0.3491048593350384,0.31785944551902,0.832010582010582,0.7283064033512866,0.6508951406649617,0.68214055448098,0.1370298288120109,0.1503548917264173,0.1565782693146232,0.1769778212900553,6,2,0,0,0,1,1,2,0.0,0.0,0,0
1c57b5e6-cbe1-46d6-ab96-0cfd96d3668b,2020-09-22 23:00:00+00:00,2020-09-22,2020,1,171b097d-01db-4ae8-9d56-035689402ec6,a015b02d-845c-40c1-8ef4-844984f47e4d,FR_LVA_ACES,a015b02d-845c-40c1-8ef4-844984f47e4d,1670.5555950222686,1633.3675443403683,0.5885521351979633,0.357983196156254,1,30.6083333664482,0.7025268429852229,0,0,0,1,27.03333333333333,1,0,27.890053709373497,0.5934308367833921,0,0,0,1,23.016666666666666,1,0,25.930002058719783,0.4835839435528306,0,0,0,1,26.0,1,0,27.91319213566253,0.4135950475455832,0,0,0,1,25.016666666666666,1,0,16.897390494370452,0.601929472555864,0,0,0,1,16.35,1,0,23.085665710291167,0.4208199665052607,0,0,0,1,18.05,1,0,15.911275101044655,0.3721526640325157,0,0,0,1,14.3,1,0,31.53488598730633,0.6665698350577564,0,0,0,1,33.766666666666666,1,0,33.118677718340706,0.6188080902264488,0,0,0,1,27.08333333333333,1,0,23.049803334261178,0.5319081224236114,0,0,0,1,13.883333333333333,1,0,19.925637323351623,0.3800790383604006,0,0,0,1,23.4,1,0,18.48456761400781,0.3515525888610394,0,0,0,1,20.766666666666666,1,0,16.17403471828273,0.3477976751442321,0,0,0,1,16.6,1,0,21.619523257515347,0.2314820500089977,55,12,0,1,28.25,1,1,5.842755386297755,6.985085979448716,0.4434494210808915,0.438232202275964,0.1292029679372748,0.1506141057931013,0.203569305154188,0.2612713760373085,0.3000415401647275,0.247521387764557,0.1696202531645569,0.2719953996549741,0.3462009803921568,0.3131562693020382,0.830379746835443,0.7280046003450259,0.6537990196078431,0.6868437306979617,0.1378274590319759,0.1503380433460208,0.1563034472273953,0.1761135797117156,1,1,0,0,1,1,1,3,0.0,0.0,0,0
d1527841-44c0-42f7-b4cc-2ff7f68656fc,2020-09-23 01:00:00+00:00,2020-09-23,2020,1,d6a012ed-84aa-48d3-8265-2d3f3ff2199a,6f017f37-be96-4bdc-b6d3-0a0429c72e89,d6a012ed-84aa-48d3-8265-2d3f3ff2199a,6f017f37-be96-4bdc-b6d3-0a0429c72e89,1715.5626703067833,1583.5267956189712,0.7117648931520341,0.903971160303593,1,23.81671743640452,0.6591101657929728,0,0,0,1,25.9,9,0,21.847814571765035,0.7044719742521744,10,9,2,0,0.0,12,1,28.39633315211333,0.4995918008268473,0,0,0,1,31.116666666666667,9,0,27.647720405213,0.4765843096211825,0,0,0,1,34.916666666666664,9,0,20.54598561818428,0.4251824643744856,0,0,0,1,27.116666666666667,9,0,16.820682148193004,0.4668879786587084,0,0,0,1,14.233333333333333,9,0,11.874854916068095,0.5329426203531187,0,0,0,1,16.3,9,0,35.29554313687473,0.634029284380386,0,0,0,1,37.333333333333336,5,0,27.511505390291937,0.5477089912471208,0,0,0,1,36.2,5,0,25.66286475785937,0.4369157013841722,0,0,0,1,34.0,5,0,21.15405652028805,0.4435611773271649,0,0,0,1,33.28333333333333,5,0,25.32707069307657,0.2839838492597577,0,0,0,1,25.516666666666666,5,0,15.958641860311506,0.3522585932440827,0,0,0,1,15.55,5,0,7.158020062414737,0.7632967231900863,0,0,0,1,18.1,5,0,11.88367457016595,4.078120937295423,0.468405513734815,0.4814970749725152,0.1470925816426689,0.1577411509889825,0.217870427643942,0.2602398992373558,0.2646197581993844,0.2180162804297498,0.3152246814218645,0.3175631885936487,0.3443928334439283,0.357379219060225,0.6847753185781355,0.6824368114063513,0.6556071665560717,0.642620780939775,0.1554299555914412,0.1646712387151768,0.1778009811067988,0.1729646035043706,8,4,0,0,0,0,0,1,0.0,0.0,0,0
926ff715-7021-4c85-a2c3-9dcbd0903385,2020-09-24 23:30:00+00:00,2020-09-24,2020,1,d6a012ed-84aa-48d3-8265-2d3f3ff2199a,6f017f37-be96-4bdc-b6d3-0a0429c72e89,d6a012ed-84aa-48d3-8265-2d3f3ff2199a,6f017f37-be96-4bdc-b6d3-0a0429c72e89,1718.9768820791248,1580.1125838466296,0.7197614687650775,0.943278725960185,1,22.949482461781063,0.7024185585793087,11,10,0,1,33.53333333333333,0,1,24.62906040961234,0.6383811269852991,0,0,0,1,32.43333333333333,0,0,28.767499102991085,0.4969502647920907,0,0,0,1,32.333333333333336,0,0,28.27015913291469,0.4975173286736807,0,0,0,1,34.25,0,0,20.09069512333433,0.4256717036949164,0,0,0,1,15.716666666666669,0,0,16.191794678401195,0.4559187588503826,0,0,0,1,10.15,0,0,12.265988221273918,0.4857132977216001,49,10,0,1,27.78333333333333,0,1,35.39652473838422,0.6462658379082046,0,0,0,1,36.36666666666667,0,0,27.904810042083323,0.5398026820348427,0,0,0,1,31.683333333333334,0,0,26.243022652667506,0.4263815276540713,0,0,0,1,31.816666666666663,0,0,22.4421173414794,0.4469562084261272,0,0,0,1,34.81666666666667,0,0,26.16514922764097,0.2972144189736881,0,0,0,1,34.21666666666667,0,0,15.865122073913568,0.3517345811538008,0,0,0,1,14.966666666666669,0,0,6.4831881598048335,0.7632967231900863,0,0,0,0,0.0,6,0,10.76724626153274,3.689729653716338,0.4747511381199357,0.4858602500482865,0.1511484897759403,0.154327882551686,0.2208994859944389,0.2499897284182752,0.2585276441801941,0.2131752270027027,0.3177450352338244,0.3226006191950464,0.3483217226092464,0.3580012650221378,0.6822549647661755,0.6773993808049535,0.6516782773907537,0.6419987349778621,0.1562379446030398,0.1626394052044609,0.1751950284278725,0.1729925364737651,1,1,0,0,1,1,1,2,0.0,0.0,0,0
db737ea7-10ba-498d-b4d1-cb09c34011b2,2020-09-25 01:30:00+00:00,2020-09-25,2020,1,a015b02d-845c-40c1-8ef4-844984f47e4d,171b097d-01db-4ae8-9d56-035689402ec6,a015b02d-845c-40c1-8ef4-844984f47e4d,FR_LVA_ACES,1621.870395207233,1682.0527441554038,0.449540884406827,-0.2025258805614321,1,33.76742356807468,0.6082841364150972,0,0,0,1,40.0,2,0,29.025417805936744,0.6631161660022898,0,0,0,1,4.916666666666667,2,0,24.053864850775792,0.5245784542820036,0,0,0,1,33.7,2,0,21.43792679127452,0.3778550528129684,0,0,0,1,35.96666666666667,2,0,17.85279980111672,0.3580904206127835,0,0,0,1,11.783333333333331,2,0,22.847988857691185,0.2503163597651531,0,0,0,1,34.65,2,0,14.98388698283781,0.3473982735045861,0,0,0,1,3.55,2,0,31.18106210292301,0.7126650443179007,0,0,0,1,36.68333333333333,2,0,27.74957690560379,0.584097102119007,0,0,0,1,26.4,2,0,25.43693662873146,0.4848777031839604,0,0,0,1,20.7,2,0,28.4131842811153,0.4088799975191307,0,0,0,1,33.21666666666667,2,0,17.632991927740814,0.5989700250891326,0,0,0,1,24.7,2,0,23.660531470328195,0.4189616619124198,0,0,0,1,29.183333333333334,2,0,16.367452354153166,0.3691253864208062,0,0,0,1,20.75,2,0,5.655809332369431,5.96267015401058,0.4433722820587142,0.4466051946973838,0.1573443853838467,0.1317316474426533,0.2631548874975603,0.2071338938977242,0.2337502442540432,0.3123660678141618,0.2726769911504424,0.1653495440729483,0.3034441805225653,0.3439153439153439,0.7273230088495575,0.8346504559270517,0.6965558194774347,0.656084656084656,0.1522019100503437,0.1380787458986511,0.1748524817771607,0.1580894412654444,1,1,0,0,2,2,3,2,0.0,0.0,0,0
4a7486be-e045-4624-a0db-743b8f6f0171,2020-09-27 17:00:00+00:00,2020-09-27,2020,1,a015b02d-845c-40c1-8ef4-844984f47e4d,171b097d-01db-4ae8-9d56-035689402ec6,a015b02d-845c-40c1-8ef4-844984f47e4d,FR_LVA_ACES,1639.0028781126723,1664.9202612499646,0.4986797826078438,-0.0052808818412337,0,33.731212948151246,0.6051502113658997,0,0,0,1,33.38333333333333,1,0,29.943787054019754,0.666450373384401,0,0,0,1,38.766666666666666,1,0,24.49188544797932,0.5292906730875304,0,0,0,1,28.7,1,0,22.84692495614605,0.375635468961931,0,0,0,1,36.38333333333333,1,0,17.180031317875844,0.3533670986415248,0,0,0,1,10.716666666666669,1,0,23.94649777214419,0.247666819606597,0,0,0,1,34.5,1,0,11.42817977775951,0.4465521418233747,0,0,0,1,12.533333333333331,1,0,31.7752171413411,0.7108576362031269,0,0,0,1,37.48333333333333,1,0,27.556350305134146,0.587625331701545,0,0,0,1,25.7,1,0,26.04467928874255,0.4767724049387565,0,0,0,1,31.883333333333333,1,0,28.834613553952583,0.3962299715799415,0,0,0,1,32.88333333333333,1,0,17.93942220535138,0.5981900915179712,0,0,0,1,20.883333333333333,1,0,24.30847404621252,0.4192502063758708,0,0,0,1,30.53333333333333,1,0,16.40823136123488,0.3687816742466457,0,0,0,1,16.8,1,0,6.212748513624859,4.310383299954278,0.4389383888102816,0.4446035138456645,0.1484324136666429,0.1382055236750072,0.2658428735629403,0.208556366204541,0.2289587989195918,0.298395543906933,0.2666666666666666,0.1670560747663551,0.2998286693318104,0.3342680874929893,0.7333333333333333,0.8329439252336449,0.7001713306681896,0.6657319125070107,0.1484813855043538,0.1397749579360628,0.1751203691320048,0.1538085084070332,2,2,0,0,1,1,3,3,0.0,0.0,0,0
8b7a46bb-ff02-44a7-b411-64cb19ec2af4,2020-09-27 19:00:00+00:00,2020-09-27,2020,1,6f017f37-be96-4bdc-b6d3-0a0429c72e89,d6a012ed-84aa-48d3-8265-2d3f3ff2199a,6f017f37-be96-4bdc-b6d3-0a0429c72e89,d6a012ed-84aa-48d3-8265-2d3f3ff2199a,1571.5235914645264,1727.565874461228,0.3198763688305047,-0.7543400184502814,0,34.76048710709645,0.6318170269958465,0,0,0,1,28.65,2,0,28.55643455778228,0.5519759559395644,0,0,0,1,34.81666666666667,2,0,26.804624649036924,0.4187098301482731,0,0,0,1,32.2,2,0,23.59303178562092,0.4500240706323483,0,0,0,1,34.65,2,0,26.512543456193296,0.3048075334544854,0,0,0,1,29.85,2,0,16.696470719198423,0.3449664394091,0,0,0,1,24.683333333333334,2,0,5.8719769362108085,0.7632967231900863,0,0,0,0,0.0,9,0,24.082418554483333,0.7029500720883054,14,13,0,1,34.96666666666667,2,1,24.494333830648568,0.641656293300528,0,0,0,1,23.2,2,0,28.91040639981109,0.5004400711998646,0,0,0,1,30.28333333333333,2,0,28.63593631310264,0.5035557174327491,0,0,0,1,32.15,2,0,19.657901208624818,0.4232672625945435,0,0,0,1,15.5,2,0,15.9238806892072,0.4632127783012041,0,0,0,1,13.35,2,0,13.41779475086215,0.4707141017278016,52,13,0,1,24.48333333333333,2,1,2.243770517914688,10.850254682219754,0.4871932938619587,0.4856318336527492,0.1521962677243326,0.152832102080743,0.2433430064449969,0.21820395645353,0.21918514070425,0.2619738518110513,0.3267857142857143,0.3249075215782984,0.3635809987819732,0.3515815085158151,0.6732142857142858,0.6750924784217016,0.6364190012180267,0.648418491484185,0.1610795912157929,0.156331180880279,0.1724636110810127,0.1731377467553713,2,2,0,0,1,1,2,2,0.0,0.0,0,0
27acc60b-73de-4e95-9cd2-36e15e4591f3,2020-09-29 23:30:00+00:00,2020-09-29,2020,1,171b097d-01db-4ae8-9d56-035689402ec6,a015b02d-845c-40c1-8ef4-844984f47e4d,FR_LVA_ACES,a015b02d-845c-40c1-8ef4-844984f47e4d,1680.8663113834166,1623.0568279792203,0.6169658927491302,0.4766897051126005,1,32.50976645266152,0.7117425484554778,0,0,0,1,39.56666666666667,1,0,24.95843857210592,0.587625331701545,0,0,0,0,0.0,3,0,19.39856010045593,0.6157138341074339,0,0,0,1,33.416666666666664,1,0,29.448860313990547,0.3927381054890261,0,0,0,1,35.35,1,0,24.48962136625787,0.4686469536465493,0,0,0,1,9.55,1,0,25.394995549676352,0.4245129336871164,0,0,0,1,35.833333333333336,1,0,17.39421431936398,0.3705644930944788,0,0,0,1,26.866666666666667,1,0,33.88225498747431,0.6038828296601956,0,0,0,1,35.333333333333336,1,0,30.690727112378305,0.6554942312787464,0,0,0,1,37.86666666666667,1,0,24.87761216246568,0.5279866261045091,0,0,0,1,28.58333333333333,1,0,23.782121856062425,0.3886719806677683,0,0,0,1,32.766666666666666,1,0,24.853452044682115,0.2348966973667689,0,0,0,1,33.56666666666667,1,0,15.984604428207604,0.3507398339676101,0,0,0,1,4.5,1,0,11.62664594114082,0.4440650405456401,0,0,0,1,13.533333333333331,1,0,4.770990058982375,4.760059446744611,0.4484982558583576,0.4431986039938015,0.1333759928243483,0.1499919521977438,0.2036251136631067,0.2579213335138897,0.2928371125754875,0.2373023977946914,0.1654514862591138,0.2703533026113671,0.3358613217768147,0.2930845225027442,0.8345485137408861,0.7296466973886329,0.6641386782231853,0.7069154774972558,0.1376851992634264,0.1486404457656928,0.1537904068493612,0.1719045082562587,1,1,0,0,1,1,3,3,0.0,0.0,0,0
80219b72-1426-447f-9cde-c7f732e44dca,2020-10-02 23:00:00+00:00,2020-10-02,2020,1,171b097d-01db-4ae8-9d56-035689402ec6,d6a012ed-84aa-48d3-8265-2d3f3ff2199a,FR_LVA_ACES,d6a012ed-84aa-48d3-8265-2d3f3ff2199a,1686.6140812187953,1746.0954371122084,0.4505396222924027,-0.198490640165989,0,33.215918225312144,0.7093386336523704,0,0,0,1,40.0,2,0,22.6054484378334,0.587625331701545,0,0,0,0,0.0,6,0,20.754703811246248,0.6062572421784473,0,0,0,1,33.78333333333333,2,0,29.926634527140948,0.3943504509534762,0,0,0,1,34.516666666666666,2,0,26.429364499487725,0.418909482205586,0,0,0,1,36.36666666666667,2,0,23.043458072267995,0.456033553749699,0,0,0,1,9.15,2,0,18.68634557171856,0.3759640802377425,0,0,0,1,31.1,2,0,24.657590444471488,0.7237318531102582,0,0,0,1,30.183333333333334,4,0,23.64795226697011,0.6300250283086222,0,0,0,1,15.516666666666667,4,0,28.55274651903381,0.5009346692453832,0,0,0,1,25.116666666666667,4,0,28.10460088906133,0.4970030488736179,0,0,0,1,23.0,4,0,19.6414435890051,0.4199829161780286,0,0,0,1,19.48333333333333,4,0,14.734414554998567,0.4812103611712228,0,0,0,1,27.383333333333333,4,0,15.239697143509485,0.4650203521359856,0,0,0,1,8.666666666666666,4,0,4.801507562131191,12.040314993375873,0.4419492561281027,0.4887994181836779,0.1423698412839066,0.1463062882809579,0.2124561838965366,0.2159639967224357,0.2986823959600432,0.2529886396263173,0.1647696476964769,0.3252941176470588,0.3333333333333333,0.3504672897196261,0.835230352303523,0.6747058823529412,0.6666666666666666,0.6495327102803738,0.13998535037031,0.1531339031339031,0.154263351899063,0.1743892018206232,2,4,0,0,1,0,2,1,0.0,0.0,0,0
9e771969-e59e-493b-89a6-b3e1797741ca,2020-10-04 19:00:00+00:00,2020-10-04,2020,1,171b097d-01db-4ae8-9d56-035689402ec6,d6a012ed-84aa-48d3-8265-2d3f3ff2199a,FR_LVA_ACES,d6a012ed-84aa-48d3-8265-2d3f3ff2199a,1667.9070912377051,1764.8024270932983,0.397986251710303,-0.4138628214922221,0,33.34954692791336,0.6965639054551069,0,0,0,1,34.63333333333333,1,0,21.04180317715304,0.6151016196330028,0,0,0,1,23.8,1,0,20.47428959144328,0.587625331701545,0,0,0,0,0.0,8,0,30.117390009777026,0.3937041163297823,0,0,0,1,31.95,1,0,26.96239996350876,0.417162141553054,0,0,0,1,32.083333333333336,1,0,23.04564609350549,0.454222246029778,0,0,0,1,23.066666666666663,1,0,19.589543139725464,0.3780071143420905,0,0,0,1,28.266666666666666,1,0,25.8290439528322,0.7474352587561842,0,0,0,1,37.083333333333336,1,0,23.385742851937938,0.6255613485487831,0,0,0,1,20.866666666666667,1,0,28.39956631940593,0.5145294018558548,0,0,0,1,31.23333333333333,1,0,28.836887866753823,0.4867328983233638,0,0,0,1,31.566666666666663,1,0,16.264731804831097,0.4833317370625608,0,0,0,1,30.966666666666665,1,0,18.796905778980445,0.4149639868701378,0,0,0,1,10.683333333333334,1,0,13.802954339091604,0.4650203521359856,0,0,0,0,0.0,6,0,2.9310729757432723,12.322964262113098,0.4394636755693775,0.4957476389789389,0.1390728777844744,0.1425949000079644,0.2154719198875648,0.2047272188220802,0.2950110740515062,0.2474693074259516,0.1690946930280957,0.3261851015801354,0.3338360985419809,0.3471212968138625,0.8309053069719042,0.6738148984198645,0.6661639014580191,0.6528787031861375,0.1383120445106183,0.1512710193866881,0.1525203099024497,0.1712357443102841,1,1,0,0,1,1,3,2,0.0,0.0,0,0
d55cb7db-4190-4577-aad6-b6c617e2791e,2020-10-06 23:00:00+00:00,2020-10-06,2020,1,d6a012ed-84aa-48d3-8265-2d3f3ff2199a,171b097d-01db-4ae8-9d56-035689402ec6,d6a012ed-84aa-48d3-8265-2d3f3ff2199a,FR_LVA_ACES,1780.8596237932254,1651.8498945377785,0.7081779627444463,0.8865512668991038,1,26.69993317320502,0.7461310772504718,0,0,0,1,35.06666666666667,1,0,23.86161118682028,0.6408517360257898,0,0,0,1,28.433333333333334,1,0,29.33150352098217,0.4999879888929691,0,0,0,1,34.083333333333336,1,0,28.564590792761383,0.5084924320247224,0,0,0,1,30.15,1,0,17.292526276038526,0.5014408890071487,0,0,0,1,27.166666666666668,1,0,18.26296492162893,0.4185665574659735,0,0,0,1,13.133333333333333,1,0,15.880823324161678,0.3990499222240717,0,0,0,1,12.383333333333333,1,0,33.62927610457326,0.6944726332053509,0,0,0,1,36.31666666666667,1,0,21.69465393241704,0.6161362850224836,0,0,0,1,27.966666666666665,1,0,29.997905123706715,0.3943750149344761,0,0,0,1,28.85,1,0,27.34776391690388,0.4242334128507866,0,0,0,1,31.05,1,0,18.54404859196237,0.587625331701545,0,0,0,0,0.0,10,0,22.40497748085049,0.4479283029934212,0,0,0,1,16.25,1,0,19.04529749918838,0.3776822091848478,0,0,0,1,13.816666666666666,1,0,12.781521333330376,1.0344211685589784,0.5109633887527605,0.4520844163696081,0.1409953361114249,0.144769842997572,0.2089953707401165,0.233457778219332,0.2443408798581327,0.2734836000374338,0.3279044516829533,0.172258387581372,0.3433476394849785,0.3351141330743079,0.6720955483170467,0.827741612418628,0.6566523605150214,0.6648858669256921,0.1499900833002777,0.1394874121115899,0.171252196057573,0.1513037147147602,1,1,0,0,2,2,2,3,0.0,0.0,0,0
