game_id,game_ts,game_date,season,is_playoff,home_team_id,away_team_id,home_franchise_id,away_franchise_id,home_elo_pre,away_elo_pre,p_elo,base_margin,home_win,home_p1_m_ewma_pre,home_p1_q_pre,home_p1_days_since_first_report_pre,home_p1_days_since_last_dnp_pre,home_p1_consec_dnps_pre,home_p1_played_last_game_pre,home_p1_minutes_last_game_pre,home_p1_days_since_last_played_pre,home_p1_injury_present_flag_pre,home_p2_m_ewma_pre,home_p2_q_pre,home_p2_days_since_first_report_pre,home_p2_days_since_last_dnp_pre,home_p2_consec_dnps_pre,home_p2_played_last_game_pre,home_p2_minutes_last_game_pre,home_p2_days_since_last_played_pre,home_p2_injury_present_flag_pre,home_p3_m_ewma_pre,home_p3_q_pre,home_p3_days_since_first_report_pre,home_p3_days_since_last_dnp_pre,home_p3_consec_dnps_pre,home_p3_played_last_game_pre,home_p3_minutes_last_game_pre,home_p3_days_since_last_played_pre,home_p3_injury_present_flag_pre,home_p4_m_ewma_pre,home_p4_q_pre,home_p4_days_since_first_report_pre,home_p4_days_since_last_dnp_pre,home_p4_consec_dnps_pre,home_p4_played_last_game_pre,home_p4_minutes_last_game_pre,home_p4_days_since_last_played_pre,home_p4_injury_present_flag_pre,home_p5_m_ewma_pre,home_p5_q_pre,home_p5_days_since_first_report_pre,home_p5_days_since_last_dnp_pre,home_p5_consec_dnps_pre,home_p5_played_last_game_pre,home_p5_minutes_last_game_pre,home_p5_days_since_last_played_pre,home_p5_injury_present_flag_pre,home_p6_m_ewma_pre,home_p6_q_pre,home_p6_days_since_first_report_pre,home_p6_days_since_last_dnp_pre,home_p6_consec_dnps_pre,home_p6_played_last_game_pre,home_p6_minutes_last_game_pre,home_p6_days_since_last_played_pre,home_p6_injury_present_flag_pre,home_p7_m_ewma_pre,home_p7_q_pre,home_p7_days_since_first_report_pre,home_p7_days_since_last_dnp_pre,home_p7_consec_dnps_pre,home_p7_played_last_game_pre,home_p7_minutes_last_game_pre,home_p7_days_since_last_played_pre,home_p7_injury_present_flag_pre,away_p1_m_ewma_pre,away_p1_q_pre,away_p1_days_since_first_report_pre,away_p1_days_since_last_dnp_pre,away_p1_consec_dnps_pre,away_p1_played_last_game_pre,away_p1_minutes_last_game_pre,away_p1_days_since_last_played_pre,away_p1_injury_present_flag_pre,away_p2_m_ewma_pre,away_p2_q_pre,away_p2_days_since_first_report_pre,away_p2_days_since_last_dnp_pre,away_p2_consec_dnps_pre,away_p2_played_last_game_pre,away_p2_minutes_last_game_pre,away_p2_days_since_last_played_pre,away_p2_injury_present_flag_pre,away_p3_m_ewma_pre,away_p3_q_pre,away_p3_days_since_first_report_pre,away_p3_days_since_last_dnp_pre,away_p3_consec_dnps_pre,away_p3_played_last_game_pre,away_p3_minutes_last_game_pre,away_p3_days_since_last_played_pre,away_p3_injury_present_flag_pre,away_p4_m_ewma_pre,away_p4_q_pre,away_p4_days_since_first_report_pre,away_p4_days_since_last_dnp_pre,away_p4_consec_dnps_pre,away_p4_played_last_game_pre,away_p4_minutes_last_game_pre,away_p4_days_since_last_played_pre,away_p4_injury_present_flag_pre,away_p5_m_ewma_pre,away_p5_q_pre,away_p5_days_since_first_report_pre,away_p5_days_since_last_dnp_pre,away_p5_consec_dnps_pre,away_p5_played_last_game_pre,away_p5_minutes_last_game_pre,away_p5_days_since_last_played_pre,away_p5_injury_present_flag_pre,away_p6_m_ewma_pre,away_p6_q_pre,away_p6_days_since_first_report_pre,away_p6_days_since_last_dnp_pre,away_p6_consec_dnps_pre,away_p6_played_last_game_pre,away_p6_minutes_last_game_pre,away_p6_days_since_last_played_pre,away_p6_injury_present_flag_pre,away_p7_m_ewma_pre,away_p7_q_pre,away_p7_days_since_first_report_pre,away_p7_days_since_last_dnp_pre,away_p7_consec_dnps_pre,away_p7_played_last_game_pre,away_p7_minutes_last_game_pre,away_p7_days_since_last_played_pre,away_p7_injury_present_flag_pre,home_net_rtg_ewma_pre,away_net_rtg_ewma_pre,home_efg_ewma_pre,away_efg_ewma_pre,home_tov_pct_ewma_pre,away_tov_pct_ewma_pre,home_orb_pct_ewma_pre,away_orb_pct_ewma_pre,home_ftr_ewma_pre,away_ftr_ewma_pre,home_off_3pa_rate_pre,away_off_3pa_rate_pre,home_def_3pa_allowed_pre,away_def_3pa_allowed_pre,home_off_2pa_rate_pre,away_off_2pa_rate_pre,home_def_2pa_allowed_pre,away_def_2pa_allowed_pre,home_off_tov_pct_pre,away_off_tov_pct_pre,home_def_forced_tov_pre,away_def_forced_tov_pre,home_days_rest_pre,away_days_rest_pre,home_is_b2b_pre,away_is_b2b_pre,home_games_last_4_days_pre,away_games_last_4_days_pre,home_games_last_7_days_pre,away_games_last_7_days_pre,home_travel_miles_pre,away_travel_miles_pre,home_timezone_shift_hours_pre,away_timezone_shift_hours_pre
aa0bf32b-8643-4c03-8427-158b62349129,2019-05-24 23:30:00+00:00,2019-05-24,2019,0,5d70a9af-8c2b-4aec-9e68-9acc6ddb93e4,5f0b5caf-708b-4300-92f2-53b51d83ec06,5d70a9af-8c2b-4aec-9e68-9acc6ddb93e4,5f0b5caf-708b-4300-92f2-53b51d83ec06,1536.3052816789782,1487.032860692013,0.6052876250682274,0.4275464234629108,1,27.026068376068377,0.5445834189845196,0,0,0,0,0.0,0,0,27.306410256410256,0.5211512277571717,0,0,0,0,0.0,0,0,26.70897435897436,0.4934478951663227,0,0,0,0,0.0,0,0,20.452916666666667,0.5720455517754192,0,0,0,0,0.0,0,0,28.03760683760684,0.3539202536276064,0,0,0,0,0.0,0,0,18.847008547008546,0.446238265838284,0,0,0,0,0.0,0,0,21.614166666666662,0.3574044800863631,0,0,0,0,0.0,0,0,31.891666666666666,0.5234735650204686,0,0,0,0,0.0,0,0,28.58904761904762,0.3827639622232956,0,0,0,0,0.0,0,0,20.36047619047619,0.516406670252824,0,0,0,0,0.0,0,0,26.953809523809525,0.3763051428369521,0,0,0,0,0.0,0,0,19.27190476190476,0.4862741222109659,0,0,0,0,0.0,0,0,8.42008547008547,0.478099781759123,0,0,0,0,0.0,0,0,12.93,0.2077118550436416,0,0,0,0,0.0,0,0,0.0,0.0,0.0,0.0,0.0,0.0,0.0,0.0,0.0,0.0,0.2604888726742065,0.3189904840711626,0.2867593269934162,0.2755227552275522,0.7395111273257935,0.6810095159288374,0.7132406730065838,0.7244772447724477,0.1426395771026232,0.1499456408878247,0.1563537746291786,0.1395651575271307,0,0,1,1,0,0,0,0,0.0,737.5,0,1
683e59f3-f0e2-4524-a4d9-900e91a5417f,2019-05-25 00:00:00+00:00,2019-05-25,2019,0,08ed8274-e29f-4248-bc2e-83cc8ed18d75,f073a15f-0486-4179-b0a3-dfd0294eb595,08ed8274-e29f-4248-bc2e-83cc8ed18d75,f073a15f-0486-4179-b0a3-dfd0294eb595,1417.0315842083223,1405.6655066005576,0.552144702482772,0.2093399704757592,0,31.61428571428572,0.5521915951197469,0,0,0,0,0.0,0,0,18.0186274509804,0.5141737852984385,0,0,0,0,0.0,0,0,23.69656862745098,0.3611840880412073,0,0,0,0,0.0,0,0,22.75441176470588,0.3632133393653461,0,0,0,0,0.0,0,0,13.54264705882353,0.4473884243674667,0,0,0,0,0.0,0,0,17.406666666666666,0.2494938994364501,0,0,0,0,0.0,0,0,8.545588235294117,0.3441748408191362,0,0,0,0,0.0,0,0,25.973529411764705,0.568452043936134,0,0,0,0,0.0,0,0,29.595098039215685,0.481001755722662,0,0,0,0,0.0,0,0,21.663235294117644,0.4045889620528138,0,0,0,0,0.0,0,0,25.619607843137253,0.3237410071942446,0,0,0,0,0.0,0,0,24.369607843137253,0.3113810998913787,0,0,0,0,0.0,0,0,12.280882352941177,0.3520536462699077,0,0,0,0,0.0,0,0,7.728571428571429,0.388170055452865,0,0,0,0,0.0,0,0,0.0,0.0,0.0,0.0,0.0,0.0,0.0,0.0,0.0,0.0,0.3079913606911447,0.2448218724109362,0.3248269896193771,0.2815491731940818,0.6920086393088553,0.7551781275890638,0.6751730103806228,0.7184508268059182,0.1634972018715351,0.1343472419685132,0.1423642189101192,0.1511336664175092,0,0,1,1,0,0,0,0,0.0,656.6,0,0
57de536c-4512-4209-8692-c64a79d98fe3,2019-05-25 19:30:00+00:00,2019-05-25,2019,0,d6a012ed-84aa-48d3-8265-2d3f3ff2199a,0699edf3-5993-4182-b9b4-ec935cbd4fcc,d6a012ed-84aa-48d3-8265-2d3f3ff2199a,0699edf3-5993-4182-b9b4-ec935cbd4fcc,1596.801592797976,1551.1902844193528,0.6002414773764871,0.4064713651735581,1,26.68531746031746,0.6656059006349726,0,0,0,0,0.0,0,0,29.71240310077519,0.4977954029585953,0,0,0,0,0.0,0,0,24.92596899224806,0.5075494876300363,0,0,0,0,0.0,0,0,26.01507936507936,0.3734098050581165,0,0,0,0,0.0,0,0,15.61176470588235,0.3843255463451394,0,0,0,0,0.0,0,0,15.511507936507936,0.3499705799585561,0,0,0,0,0.0,0,0,8.937698412698413,0.5381165919282511,0,0,0,0,0.0,0,0,32.67301587301587,0.7221628449280995,0,0,0,0,0.0,0,0,33.46666666666666,0.6360273192942516,0,0,0,0,0.0,0,0,29.902380952380955,0.6584919181463492,0,0,0,0,0.0,0,0,27.879268292682926,0.2878264292900573,0,0,0,0,0.0,0,0,22.81759259259259,0.3299111309499655,0,0,0,0,0.0,0,0,10.231300813008133,0.5149191465691922,0,0,0,0,0.0,0,0,13.832113821138211,0.350897816439886,0,0,0,0,0.0,0,0,0.0,0.0,0.0,0.0,0.0,0.0,0.0,0.0,0.0,0.0,0.3441491197790818,0.3585114222549742,0.2715502555366269,0.2680164722031571,0.6558508802209182,0.6414885777450258,0.7284497444633731,0.7319835277968428,0.1454307621954461,0.1495510693317647,0.1441266403363486,0.1319380770624986,0,0,1,1,0,0,0,0,23.0,1133.4,0,0
c1c4f579-bf11-43fe-9bd9-6e4c6b551d21,2019-05-25 23:30:00+00:00,2019-05-25,2019,0,a015b02d-845c-40c1-8ef4-844984f47e4d,5c0d47fe-8539-47b0-9f36-d0b3609ca89b,a015b02d-845c-40c1-8ef4-844984f47e4d,5c0d47fe-8539-47b0-9f36-d0b3609ca89b,1564.861276351405,1556.056922603525,0.548495442209269,0.1945935025454143,1,20.65571428571429,0.7248080780136938,0,0,0,0,0.0,0,0,24.12333333333333,0.5081031998262895,0,0,0,0,0.0,0,0,28.303809523809523,0.4330562939533631,0,0,0,0,0.0,0,0,21.95952380952381,0.5126314648162202,0,0,0,0,0.0,0,0,18.915714285714284,0.3368325655161997,0,0,0,0,0.0,0,0,13.459523809523809,0.4203078011675217,0,0,0,0,0.0,0,0,16.42892156862745,0.3150827987468297,0,0,0,0,0.0,0,0,27.98219696969697,0.7058059101430834,0,0,0,0,0.0,0,0,21.49263565891473,0.6448936899244379,0,0,0,0,0.0,0,0,32.654545454545456,0.3960189309576837,0,0,0,0,0.0,0,0,20.9937984496124,0.48076212982793,0,0,0,0,0.0,0,0,22.01124031007752,0.4141647149976227,0,0,0,0,0.0,0,0,15.01124031007752,0.4415296031397661,0,0,0,0,0.0,0,0,9.894318181818182,0.4249454461927184,0,0,0,0,0.0,0,0,0.0,0.0,0.0,0.0,0.0,0.0,0.0,0.0,0.0,0.0,0.2844181459566074,0.3395963813500348,0.2910321489001692,0.2860670194003527,0.7155818540433925,0.6604036186499652,0.7089678510998308,0.7139329805996473,0.1421675796506915,0.1337607902175914,0.1541436887254902,0.1495609661960052,0,0,1,1,0,0,0,0,0.0,316.6,0,0
24f58f8f-7743-4229-8cdc-0ff13689e792,2019-05-26 00:00:00+00:00,2019-05-26,2019,0,6f017f37-be96-4bdc-b6d3-0a0429c72e89,3c409388-ab73-4c7f-953d-3a71062240f6,6f017f37-be96-4bdc-b6d3-0a0429c72e89,3c409388-ab73-4c7f-953d-3a71062240f6,1510.2223319830596,1447.7568570731887,0.6232795530801498,0.5034917466977833,1,31.762962962962963,0.8010727611940298,0,0,0,0,0.0,0,0,25.190277777777776,0.3451507967138998,0,0,0,0,0.0,0,0,24.87407407407408,0.2858844550327576,0,0,0,0,0.0,0,0,14.883333333333333,0.4012158054711247,0,0,0,0,0.0,0,0,10.69656862745098,0.4756885568947344,0,0,0,0,0.0,0,0,13.682113821138213,0.3654406084734684,0,0,0,0,0.0,0,0,6.53974358974359,0.3960007841599686,0,0,0,0,0.0,0,0,31.84,0.5684673366834171,0,0,0,0,0.0,0,0,28.45294117647059,0.4744676452346495,0,0,0,0,0.0,0,0,19.71764705882353,0.627983293556086,0,0,0,0,0.0,0,0,27.733809523809523,0.4223828574372006,0,0,0,0,0.0,0,0,21.899019607843137,0.4485830684514483,0,0,0,0,0.0,0,0,22.961764705882352,0.4239784808505188,0,0,0,0,0.0,0,0,15.961764705882354,0.3685277317118113,0,0,0,0,0.0,0,0,0.0,0.0,0.0,0.0,0.0,0.0,0.0,0.0,0.0,0.0,0.2311942201444964,0.2879828326180257,0.2995708154506438,0.2651331719128329,0.7688057798555036,0.7120171673819743,0.7004291845493562,0.7348668280871671,0.1610471932695157,0.1670742167996005,0.1470999347701646,0.1398013089361491,0,0,1,1,0,0,0,0,0.0,356.3,0,0
bfe2f267-1cf6-47bf-8548-8e55698adcde,2019-05-27 00:00:00+00:00,2019-05-27,2019,0,171b097d-01db-4ae8-9d56-035689402ec6,0a5ad38d-2fe3-43ba-894b-1ba3d5042ea9,FR_LVA_ACES,0a5ad38d-2fe3-43ba-894b-1ba3d5042ea9,1470.5615593800671,1516.5139422115576,0.4698835974320952,-0.120611610926236,1,27.66944444444444,0.8924806746310611,0,0,0,0,0.0,0,0,29.34285714285714,0.7127555988315482,0,0,0,0,0.0,0,0,30.87929292929293,0.5083331970363586,0,0,0,0,0.0,0,0,24.69427083333333,0.455571256828296,0,0,0,0,0.0,0,0,25.91421568627451,0.4017781140641256,0,0,0,0,0.0,0,0,13.95343137254902,0.6323555243281223,0,0,0,0,0.0,0,0,17.87450980392157,0.3669372531812198,0,0,0,0,0.0,0,0,27.799549549549543,0.6999918982419185,0,0,0,0,0.0,0,0,22.88981481481481,0.7159904534606205,0,0,0,0,0.0,0,0,32.21756756756756,0.4890734449058344,0,0,0,0,0.0,0,0,24.295945945945945,0.5795650481116859,0,0,0,0,0.0,0,0,22.756944444444443,0.2807445834604821,0,0,0,0,0.0,0,0,16.55046296296296,0.3390304623905564,0,0,0,0,0.0,0,0,17.53449612403101,0.2970887950662039,0,0,0,0,0.0,0,0,0.0,0.0,0.0,0.0,0.0,0.0,0.0,0.0,0.0,0.0,0.1546700942587832,0.2620833333333333,0.3137916490932096,0.2726879861711322,0.8453299057412168,0.7379166666666667,0.6862083509067903,0.7273120138288678,0.1362802593846074,0.1409511932135573,0.137519154453656,0.1718587680034884,0,0,1,1,0,0,0,0,0.0,224.7,0,0
1245c5df-70bb-4b42-83fc-50fd8a456c39,2019-05-28 23:00:00+00:00,2019-05-28,2019,0,a015b02d-845c-40c1-8ef4-844984f47e4d,f073a15f-0486-4179-b0a3-dfd0294eb595,a015b02d-845c-40c1-8ef4-844984f47e4d,f073a15f-0486-4179-b0a3-dfd0294eb595,1585.962835470096,1411.3885503705922,0.7592993279975786,1.1488419345376537,1,21.54922948102641,0.7256914047116251,0,0,0,1,30.133333333333333,2,0,22.93124347000369,0.5700149216666042,0,0,0,1,32.266666666666666,2,0,28.39144162255088,0.4405343728454778,0,0,0,1,29.23333333333333,2,0,24.53280688488044,0.4718835261894476,0,0,0,1,28.466666666666665,2,0,19.16406509013908,0.3294951024624305,0,0,0,1,21.55,2,0,13.468053573233265,0.4282859686648013,0,0,0,1,13.55,2,0,16.496902200915585,0.3425810338739124,0,0,0,1,17.15,2,0,29.835964834243388,0.5004131943914318,0,0,0,1,32.15,2,0,26.315419770478243,0.5081726424856353,0,0,0,1,29.6,2,0,22.491619273563465,0.4526924040339267,0,0,0,1,30.45,2,0,25.855021399137087,0.3905370136378966,0,0,0,1,28.116666666666667,2,0,27.057352941176468,0.3228436328061307,0,0,0,0,0.0,0,0,23.91994669278814,0.2636035671209127,0,0,0,1,19.6,2,0,11.12308576509983,0.3520536462699077,0,0,0,0,0.0,0,0,1.58533612013775,0.433692147783821,0.0446572116644652,0.0416728730427658,0.0116161083952801,0.0117375916006092,0.0280280998134331,0.0272905182393954,0.0173666934250698,0.0382570637769653,0.2631578947368421,0.1739130434782608,0.2916666666666667,0.2,0.7368421052631579,0.8260869565217391,0.7083333333333334,0.8,0.1085069444444444,0.1095050372317126,0.1324503311258278,0.1664585934248855,2,3,0,0,1,1,1,1,0.0,93.2,0,0
4800edb9-4388-4416-82dd-0f35405a8f29,2019-05-30 00:00:00+00:00,2019-05-30,2019,0,6f017f37-be96-4bdc-b6d3-0a0429c72e89,d6a012ed-84aa-48d3-8265-2d3f3ff2199a,6f017f37-be96-4bdc-b6d3-0a0429c72e89,d6a012ed-84aa-48d3-8265-2d3f3ff2199a,1529.9390512398063,1608.909879924922,0.4229485075900492,-0.3106810639672066,1,31.229079565405605,0.8072737886377311,0,0,0,1,26.1,3,0,22.81543069271455,0.3451507967138998,0,0,0,0,0.0,0,0,25.04464440743364,0.293647778067618,0,0,0,1,26.683333333333334,3,0,16.173347860655543,0.3874316081052941,0,0,0,1,28.566666666666663,3,0,10.214511540165104,0.4843274785273282,0,0,0,1,5.583333333333333,3,0,13.00658171950402,0.3502252663466313,0,0,0,1,6.516666666666667,3,0,7.917145028267331,0.4054929455097593,0,0,0,1,21.15,3,0,27.599610860735865,0.6912682737829521,0,0,0,1,36.38333333333333,4,0,30.34131395905189,0.4757362627762996,0,0,0,1,36.38333333333333,4,0,22.57603997098743,0.5075494876300363,0,0,0,0,0.0,0,0,23.562473008656028,0.3734098050581165,0,0,0,0,0.0,0,0,17.257677766064347,0.3613236025744435,0,0,0,1,34.03333333333333,4,0,16.15745831979009,0.3305066041526891,0,0,0,1,21.4,4,0,12.603671481262271,0.3869438657923806,0,0,0,1,32.06666666666667,4,0,2.018083968036591,0.8959741680445344,0.0457517511660452,0.0436203941465506,0.0229995707534614,0.0188270266073076,0.0400674426878396,0.0340442323491448,0.0443653344640439,0.0323635182377633,0.2941176470588235,0.2835820895522388,0.1857142857142857,0.2786885245901639,0.7058823529411765,0.7164179104477612,0.8142857142857143,0.7213114754098361,0.2037252619324796,0.1718213058419244,0.1727861771058315,0.236630383341221,3,3,0,0,1,1,1,1,0.0,1383.5,0,2
0474f6c9-91b3-4540-968e-fee62f59ecb4,2019-05-31 23:30:00+00:00,2019-05-31,2019,0,5d70a9af-8c2b-4aec-9e68-9acc6ddb93e4,d6a012ed-84aa-48d3-8265-2d3f3ff2199a,5d70a9af-8c2b-4aec-9e68-9acc6ddb93e4,d6a012ed-84aa-48d3-8265-2d3f3ff2199a,1543.2600103806533,1588.2582909066675,0.4712519024487037,-0.1151193565617836,0,26.879053696965386,0.5738270109100186,0,0,0,1,25.466666666666665,6,0,26.700271927983334,0.4983515199110035,0,0,0,1,26.616666666666667,6,0,27.42679388511942,0.4321382221012175,0,0,0,1,28.58333333333333,6,0,27.86750654295821,0.3806773484630658,0,0,0,1,26.23333333333333,6,0,18.524690628217662,0.5720455517754192,0,0,0,0,0.0,0,0,19.398807134291253,0.4518359466270326,0,0,0,1,24.7,6,0,21.608117268456933,0.3066783562398978,0,0,0,1,21.55,6,0,27.73320568965258,0.6631424563381888,0,0,0,1,29.016666666666666,0,0,30.52597170184992,0.4466243904144011,0,0,0,1,32.3,0,0,20.44765364709116,0.5075494876300363,0,0,0,0,0.0,0,0,21.341089392519336,0.3734098050581165,0,0,0,0,0.0,0,0,18.25942563774029,0.346813623250256,0,0,0,1,27.883333333333333,0,0,13.698502114263093,0.3706047337736096,0,0,0,1,24.216666666666665,0,0,15.873926169521257,0.2907007962707716,0,0,0,1,13.15,0,0,0.2803181729670647,-0.4666952136588287,0.0433970434340746,0.0752187564564183,0.0180088511434753,0.0339388376240367,0.0228548692693559,0.051218739461907,0.0433970434340746,0.0493104149374652,0.2222222222222222,0.2556390977443609,0.3243243243243243,0.2786885245901639,0.7777777777777778,0.7443609022556391,0.6756756756756757,0.7213114754098361,0.1743679163034001,0.1673360107095046,0.1817447495961227,0.2412129565816678,6,1,0,0,0,1,1,2,0.7,908.4,0,1
d610d2c8-75fb-4daa-b7b1-e512810a2f56,2019-06-01 02:00:00+00:00,2019-06-01,2019,0,0699edf3-5993-4182-b9b4-ec935cbd4fcc,171b097d-01db-4ae8-9d56-035689402ec6,0699edf3-5993-4182-b9b4-ec935cbd4fcc,FR_LVA_ACES,1539.0819972924066,1492.8069835088877,0.6011578834572222,0.41029196060219,1,33.81234656436567,0.6808199032461938,0,0,0,1,37.13333333333333,6,0,33.05737899736215,0.6550170106517532,0,0,0,1,36.75,6,0,27.08329404640573,0.6584919181463492,0,0,0,0,0.0,0,0,28.479877534006523,0.2994516384993682,0,0,0,1,34.25,6,0,23.12390339083144,0.326505128601826,0,0,0,1,26.066666666666663,6,0,9.266731262544011,0.5149191465691922,0,0,0,0,0.0,0,0,15.199235660452706,0.3119701259774742,0,0,0,1,28.33333333333333,6,0,25.060870610368816,0.8924806746310611,4,4,1,0,0.0,0,1,29.528940672202907,0.7164997140806998,0,0,0,1,31.316666666666663,4,0,30.67383717742361,0.5386120848094784,0,0,0,1,28.7,4,0,24.367986327621697,0.451639216610343,0,0,0,1,21.23333333333333,4,0,15.203840596084056,0.6650239555114361,0,0,0,1,27.216666666666665,4,0,25.216801871277752,0.3754329963976986,0,0,0,1,18.516666666666666,4,0,11.314726386358569,0.5447493921171999,0,0,0,1,13.933333333333334,4,0,-0.8959741680445344,1.213844678288562,0.0463654110177507,0.0420421497201497,0.0240133305491832,0.0170097132586546,0.0195054487729848,0.0252936510511469,0.0123641096047335,0.0280280998134331,0.2786885245901639,0.1891891891891892,0.2835820895522388,0.1688311688311688,0.7213114754098361,0.8108108108108109,0.7164179104477612,0.8311688311688312,0.236630383341221,0.160513643659711,0.1718213058419244,0.1447477253928867,5,4,0,0,0,0,1,1,0.0,253.9,0,0
fbc6bcf7-3c0e-4205-9feb-3e8816a77d83,2019-06-01 02:30:00+00:00,2019-06-01,2019,0,0a5ad38d-2fe3-43ba-894b-1ba3d5042ea9,a015b02d-845c-40c1-8ef4-844984f47e4d,0a5ad38d-2fe3-43ba-894b-1ba3d5042ea9,a015b02d-845c-40c1-8ef4-844984f47e4d,1494.268518082737,1593.7117988328175,0.3944774154213753,-0.4285299713217661,1,25.17870988290405,0.6999918982419185,0,0,0,0,0.0,0,0,23.859514458396472,0.6184759757372468,0,0,0,1,19.666666666666668,4,0,31.45541558673168,0.4672340164770779,0,0,0,1,24.133333333333333,4,0,22.62837256895407,0.6372013403689217,0,0,0,1,20.116666666666667,4,0,22.49231600760744,0.2948613563934823,0,0,0,1,19.95,4,0,8.140859009095742,0.6628630025573334,0,0,0,1,24.2,4,0,16.643124379985057,0.3035489615514333,0,0,0,1,17.533333333333335,4,0,22.246947007178942,0.7543461699580107,0,0,0,1,28.95,3,0,28.486524810752726,0.4407658288528733,0,0,0,1,29.4,3,0,23.93234092572545,0.5231047326701662,0,0,0,1,33.55,3,1,24.812542979195268,0.4914167987082541,0,0,0,1,27.5,3,0,19.674973842478405,0.3136890796775831,0,0,0,1,24.58333333333333,3,0,16.5569025960283,0.3595681639433361,0,0,0,1,17.133333333333333,3,0,12.939975340642036,0.3969635596021094,0,0,0,1,7.866666666666667,3,0,-1.213844678288562,2.921116519659069,0.0373432238954655,0.0902788708450547,0.015219888149277,0.0247192275940088,0.0214264399400212,0.0596680171694111,0.0159167839554443,0.04535913072216,0.1688311688311688,0.2876712328767123,0.1891891891891892,0.2569444444444444,0.8311688311688312,0.7123287671232876,0.8108108108108109,0.7430555555555556,0.1447477253928867,0.1196692776327241,0.160513643659711,0.1413068053357449,4,2,0,0,0,1,1,2,0.1,2543.2,0,-3
49a3a42a-0bf6-42d2-aeea-9a8ab5658476,2019-06-01 23:00:00+00:00,2019-06-01,2019,0,5c0d47fe-8539-47b0-9f36-d0b3609ca89b,5d70a9af-8c2b-4aec-9e68-9acc6ddb93e4,5c0d47fe-8539-47b0-9f36-d0b3609ca89b,5d70a9af-8c2b-4aec-9e68-9acc6ddb93e4,1534.955363484834,1519.759227521806,0.5575901695478087,0.2313875586610749,1,25.344137973548328,0.7058059101430834,0,0,0,0,0.0,0,0,21.551467015711285,0.6259362069642627,0,0,0,1,22.116666666666667,6,0,31.47409145678322,0.4138097941437259,0,0,0,1,20.133333333333333,6,0,21.80515959638923,0.42936703493424,0,0,0,1,29.6,6,0,22.75339239488374,0.3953935360862231,0,0,0,1,29.883333333333333,6,0,14.972470080536436,0.4145166492768221,0,0,0,1,14.6,6,0,8.56192569984523,0.4944182232581564,0,0,0,1,19.266666666666666,6,0,26.20538136488737,0.5926614387688419,0,0,0,1,19.73333333333333,0,0,26.343567488074594,0.4761970478196545,0,0,0,1,22.916666666666668,0,0,26.68105607575736,0.4349958816939715,0,0,0,1,19.516666666666666,0,0,16.77825067514455,0.5720455517754192,0,0,0,0,0.0,0,0,27.535888915160378,0.3294792091938893,0,0,0,1,24.35,0,0,20.264690609809087,0.4325772232962659,0,0,0,1,28.58333333333333,0,0,21.77390686193106,0.2853048585529942,0,0,0,1,23.366666666666667,0,0,-1.58533612013775,-1.7528864018824315,0.0373177162288702,0.0741750588531453,0.0142125129250391,0.031993893173293,0.0259259923274256,0.0404324522577703,0.0196409032783527,0.0573861223521972,0.2916666666666667,0.2720588235294117,0.2631578947368421,0.2657342657342657,0.7083333333333334,0.7279411764705882,0.7368421052631579,0.7342657342657343,0.1324503311258278,0.1622323166774821,0.1085069444444444,0.1540259188442745,6,0,0,1,0,1,1,1,0.7,541.6,0,0
a86280ad-b24e-4381-b860-251e0a2cc02b,2019-06-01 23:00:00+00:00,2019-06-01,2019,0,f073a15f-0486-4179-b0a3-dfd0294eb595,08ed8274-e29f-4248-bc2e-83cc8ed18d75,f073a15f-0486-4179-b0a3-dfd0294eb595,08ed8274-e29f-4248-bc2e-83cc8ed18d75,1403.6395870078704,1411.3085404382878,0.5249207143637122,0.0997655236927662,1,30.31809733049645,0.5488266391450913,0,0,0,1,34.95,3,0,23.713287925525115,0.5358422617319225,0,0,0,1,35.45,3,0,25.561326637393183,0.4914583911937016,0,0,0,1,18.316666666666663,3,0,25.966108330647216,0.3731959594401008,0,0,0,1,27.03333333333333,3,0,23.625809550900133,0.2137981354186281,0,0,0,1,20.8,3,0,10.582105855031116,0.3768429936601612,0,0,0,1,26.066666666666663,3,0,10.074441997087918,0.3520536462699077,0,0,0,0,0.0,0,0,31.691502522602896,0.6239470451377418,0,0,0,1,32.43333333333333,6,0,17.712044504277824,0.5045077956388778,0,0,0,1,14.766666666666667,6,0,23.04481413584013,0.3668089129979879,0,0,0,1,16.783333333333335,6,0,23.60876795036919,0.3326537770912196,0,0,0,1,31.816666666666663,6,0,14.990482020723562,0.3583469181392957,0,0,0,1,28.9,6,0,16.978652102424803,0.242063558629559,0,0,0,1,12.866666666666667,6,0,9.509194057075137,0.3770070676843992,0,0,0,1,18.766666666666666,6,0,-1.0924348385847351,-0.433692147783821,0.0868463654685804,0.041077546285012,0.0257022437482296,0.0181475140974193,0.0404303908021284,0.0306398091142303,0.0385785086437216,0.0309765103132877,0.1985815602836879,0.2,0.2571428571428571,0.1739130434782608,0.8014184397163121,0.8,0.7428571428571429,0.8260869565217391,0.1294753433911281,0.1664585934248855,0.1490947816826411,0.1095050372317126,3,7,0,0,1,0,1,0,746.3,656.6,0,0
908cde53-8f89-4b6e-a808-a8e16caa2c7f,2019-06-02 00:00:00+00:00,2019-06-02,2019,0,5f0b5caf-708b-4300-92f2-53b51d83ec06,6f017f37-be96-4bdc-b6d3-0a0429c72e89,5f0b5caf-708b-4300-92f2-53b51d83ec06,6f017f37-be96-4bdc-b6d3-0a0429c72e89,1480.078131990338,1550.590640258061,0.4348743252541786,-0.2619910577050692,0,28.885037192816423,0.5234735650204686,0,0,0,0,0.0,0,0,26.838747500718284,0.4407005202515714,0,0,0,1,25.73333333333333,8,0,28.40152749791921,0.359086038128507,0,0,0,1,26.6,8,0,18.440965101396124,0.516406670252824,0,0,0,0,0.0,0,0,20.038191797466368,0.4506263716552699,0,0,0,1,27.4,8,0,8.919427737227837,0.4991243037597584,0,0,0,1,13.716666666666669,8,0,12.765330666914291,0.2181167092744053,0,0,0,1,11.183333333333334,8,0,31.20434023886261,0.7396695791006332,0,0,0,1,30.966666666666665,2,0,25.74907928657265,0.3053664830540805,0,0,0,1,32.516666666666666,2,0,20.664475488764623,0.3451507967138998,0,0,0,0,0.0,0,0,17.022776276055037,0.3689932310216868,0,0,0,1,25.183333333333334,2,0,13.098666282580162,0.3449624121467464,0,0,0,1,13.983333333333333,2,0,9.386654235379366,0.4799062744987379,0,0,0,1,1.4333333333333331,2,0,9.584219800355047,0.4493017414180193,0,0,0,1,25.6,2,0,-0.2803181729670647,3.106026626548276,0.038220136109227,0.0878038547303517,0.0206847153004592,0.047219033949628,0.0400674426878396,0.0777716187327952,0.0203840725915877,0.063365438805943,0.3243243243243243,0.2868217054263566,0.2222222222222222,0.2058823529411764,0.6756756756756757,0.7131782945736435,0.7777777777777778,0.7941176470588235,0.1817447495961227,0.2231679468548889,0.1743679163034001,0.1678227791452226,7,2,0,0,0,1,0,2,0.0,870.8,0,0
ed0b9d83-0212-4014-b0b2-59fb9bcdbadb,2019-06-02 00:00:00+00:00,2019-06-02,2019,0,3c409388-ab73-4c7f-953d-3a71062240f6,d6a012ed-84aa-48d3-8265-2d3f3ff2199a,3c409388-ab73-4c7f-953d-3a71062240f6,d6a012ed-84aa-48d3-8265-2d3f3ff2199a,1428.0401378164418,1611.7590737655148,0.2862515458949016,-0.9136596397305312,1,31.63981991378703,0.5301127728972228,0,0,0,1,29.716666666666665,6,0,19.6232782953073,0.6057344307028325,0,0,0,1,18.716666666666665,6,0,27.575066131827224,0.4053247862287991,0,0,0,1,26.05,6,0,26.815398195846704,0.4045741135139002,0,0,0,1,11.083333333333334,6,1,21.256461680355567,0.4742299460941984,0,0,0,1,15.083333333333334,6,0,23.18220496150057,0.4141287628498449,0,0,0,1,25.3,6,0,16.60801974457526,0.3777364823422028,0,0,0,1,22.816666666666663,6,0,27.631085026383648,0.71820237593574,0,0,0,1,26.65,1,0,30.448102116377804,0.4415324851793168,0,0,0,1,29.7,1,0,18.51992378684264,0.5075494876300363,0,0,0,0,0.0,0,0,21.87930456563753,0.412377694203431,0,0,0,1,27.05,1,0,19.53441010011395,0.3631333073195873,0,0,0,1,31.78333333333333,1,0,15.049937474992388,0.3646756376638428,0,0,0,1,28.03333333333333,1,0,15.860671592094713,0.2928293182247029,0,0,0,1,15.733333333333333,1,0,-2.018083968036591,1.584080305652424,0.0397307414887821,0.1118497663213278,0.0174182606440819,0.0433491268208917,0.0161616575547588,0.0637567178094865,0.0202020719434485,0.0733544075362587,0.1857142857142857,0.2376237623762376,0.2941176470588235,0.2923076923076923,0.8142857142857143,0.7623762376237624,0.7058823529411765,0.7076923076923077,0.1727861771058315,0.1526888127513779,0.2037252619324796,0.2095181083507932,6,0,0,1,0,2,1,3,0.2,587.0,0,-1
83877fbc-85ba-4d9d-a130-b51491f636b8,2019-06-02 22:00:00+00:00,2019-06-02,2019,0,171b097d-01db-4ae8-9d56-035689402ec6,a015b02d-845c-40c1-8ef4-844984f47e4d,FR_LVA_ACES,a015b02d-845c-40c1-8ef4-844984f47e4d,1487.775957765041,1578.472123079251,0.4065665304125043,-0.3781775272984325,0,24.014949714647663,0.8713484520918429,5,5,0,1,13.966666666666669,0,1,29.89231868878237,0.6563266875860839,0,0,0,1,33.38333333333333,0,0,30.60088264387976,0.5381111196330479,0,0,0,1,29.9,0,0,15.225476330429965,0.694800563972065,0,0,0,1,15.433333333333334,0,0,24.47313715639441,0.4287165391387498,0,0,0,1,25.48333333333333,0,0,23.74450701493712,0.3439695917074137,0,0,0,1,9.6,0,0,17.400375358596406,0.3500310270804163,0,0,0,1,18.8,0,0,23.21670981797464,0.764521811555718,0,0,0,1,32.53333333333333,0,0,28.53964718687316,0.4415894148783583,0,0,0,1,29.05,0,0,25.06747785182724,0.4763315581723609,0,0,0,1,27.516666666666666,0,0,23.85858468995168,0.4849827858380515,1,0,0,1,23.15,0,1,16.68509617007368,0.3771633027300913,0,0,0,1,17.916666666666668,0,0,19.564201614023784,0.272673791710343,0,0,0,1,18.5,0,0,11.967991349455543,0.3925008905629192,0,0,0,1,12.483333333333333,0,0,0.5340325231135777,1.5181212851811026,0.0802548253589496,0.114401825923731,0.0279307337953087,0.038832336324933,0.050763430234685,0.0893963610510757,0.0501952753011912,0.0712996123598892,0.2,0.2901785714285714,0.2571428571428571,0.2638888888888889,0.8,0.7098214285714286,0.7428571428571429,0.7361111111111112,0.1381215469613259,0.1285436353529738,0.1549015268864793,0.1378539493293591,1,1,0,0,1,1,2,2,253.9,224.7,0,0
cba6b1e6-b041-467f-a9d4-2a7d26c8196a,2019-06-04 15:00:00+00:00,2019-06-04,2019,0,08ed8274-e29f-4248-bc2e-83cc8ed18d75,0a5ad38d-2fe3-43ba-894b-1ba3d5042ea9,08ed8274-e29f-4248-bc2e-83cc8ed18d75,0a5ad38d-2fe3-43ba-894b-1ba3d5042ea9,1388.8165820700824,1509.5081938363037,0.3656683390785467,-0.5508451969436858,0,30.82967516164964,0.5796995167149949,0,0,0,1,22.55,2,0,17.901032936283208,0.499373391244552,0,0,0,1,19.716666666666665,2,0,23.87977144150887,0.3527700475506572,0,0,0,1,26.48333333333333,2,0,22.767187849689275,0.3487609731892326,0,0,0,1,20.1,2,0,15.388911223287217,0.3740637519396988,0,0,0,1,19.216666666666665,2,0,15.56023457889339,0.2331558550695844,0,0,0,1,1.933333333333333,2,0,10.370955747048798,0.3341550526787217,0,0,0,1,18.65,2,0,22.8049533765817,0.6999918982419185,0,0,0,0,0.0,0,0,23.52917925792189,0.6692959368220123,0,0,0,1,32.18333333333333,2,0,24.73695866473028,0.6307383264589296,0,0,0,1,33.166666666666664,2,0,31.66859805272724,0.4539861281495077,0,0,0,1,33.71666666666667,2,0,20.37182287219193,0.2948613563934823,0,0,0,0,0.0,7,0,18.19272430009951,0.2837652037441133,0,0,0,1,22.28333333333333,2,0,16.929744139978794,0.2769762451273042,0,0,0,1,19.683333333333334,2,0,-2.342830180486214,0.0281952228795803,0.0742869311297614,0.0744138416906242,0.034182766751213,0.0275012595765817,0.0668413881714235,0.039608505638055,0.0594816036724241,0.0366758982695551,0.2620689655172414,0.2214765100671141,0.208955223880597,0.2434210526315789,0.7379310344827587,0.7785234899328859,0.7910447761194029,0.756578947368421,0.1615182717544922,0.1381509032943677,0.1381215469613259,0.1521995286724273,2,3,0,0,1,1,1,1,656.6,2457.5,0,3
0050c156-9057-49b5-9555-0025c09a713d,2019-06-05 02:00:00+00:00,2019-06-05,2019,0,d6a012ed-84aa-48d3-8265-2d3f3ff2199a,6f017f37-be96-4bdc-b6d3-0a0429c72e89,d6a012ed-84aa-48d3-8265-2d3f3ff2199a,6f017f37-be96-4bdc-b6d3-0a0429c72e89,1599.936892512187,1557.3041891042342,0.5961202291371368,0.3893251366650973,1,28.17495719126928,0.7218765115093334,0,0,0,1,33.4,2,0,30.859954374605632,0.4190300510020809,0,0,0,1,34.81666666666667,2,0,16.773933234107403,0.5075494876300363,0,0,0,0,0.0,0,0,19.816603902735245,0.412377694203431,0,0,0,0,0.0,4,0,20.741045683909423,0.3604477248899291,0,0,0,1,32.333333333333336,2,0,16.082269245931222,0.3474598111220927,0,0,0,1,26.0,2,0,13.12985471749583,0.3495460223104831,0,0,0,1,18.433333333333334,2,0,31.67688400798916,0.7240977495887009,0,0,0,1,36.21666666666667,2,0,26.687215628634974,0.3016850479988307,0,0,0,1,35.7,2,0,18.283931911070503,0.368064791034246,0,0,0,1,30.4,2,0,18.716304459775586,0.3451507967138998,0,0,0,0,0.0,0,0,11.903334086600385,0.4823908095727279,0,0,0,1,34.18333333333333,2,0,8.501714869246118,0.4799062744987379,0,0,0,0,0.0,5,0,12.616411436055069,0.3183271525129532,0,0,0,1,7.983333333333333,2,0,1.0456435753591111,3.094880911230082,0.1418796057062878,0.1208625762502339,0.0535599543985389,0.0619878522594212,0.0834576960038735,0.1008513166995941,0.0819526501832585,0.0820484652309103,0.2704626334519573,0.2886597938144329,0.2981132075471698,0.235576923076923,0.7295373665480427,0.711340206185567,0.7018867924528301,0.7644230769230769,0.1474442988204456,0.2098449281547873,0.2092166927025217,0.1595665726584533,2,2,0,0,2,1,3,2,1728.4,1676.7,-2,-2
307110cd-72e7-4be0-a963-4f9118979933,2019-06-05 23:00:00+00:00,2019-06-05,2019,0,5c0d47fe-8539-47b0-9f36-d0b3609ca89b,3c409388-ab73-4c7f-953d-3a71062240f6,5c0d47fe-8539-47b0-9f36-d0b3609ca89b,3c409388-ab73-4c7f-953d-3a71062240f6,1562.3874611710958,1439.86231906977,0.7004041199460996,0.849222982610853,1,25.02415108241946,0.7610984967808231,0,0,0,1,21.95,3,0,30.915589821672206,0.4313235992350867,0,0,0,1,25.55,3,0,20.988813240953533,0.6112629381388689,0,0,0,1,15.583333333333334,3,0,22.211632684475244,0.4818001432756518,0,0,0,1,26.116666666666667,3,0,23.317159314479024,0.3744892893647523,0,0,0,1,28.73333333333333,3,0,15.262608324461656,0.4283024389321923,0,0,0,1,18.05,3,0,9.32286843576282,0.5147311704688754,0,0,0,1,16.633333333333333,3,0,31.87961303887744,0.5482473141772444,0,0,0,1,34.18333333333333,2,0,27.81625018941905,0.4624885390780701,0,0,0,1,30.133333333333333,2,0,27.60272518602397,0.4594657161029168,3,0,0,1,35.166666666666664,2,1,19.00985879290121,0.5840375473881552,0,0,0,1,13.116666666666667,2,0,21.779086160144264,0.4392641028457426,0,0,0,1,26.8,2,0,21.849872461858865,0.3992230655143901,0,0,0,1,9.05,2,0,18.084259598975294,0.3768183328245674,0,0,0,1,32.266666666666666,2,0,1.423475282421176,-1.4387309627576546,0.0936016919502053,0.089183862216223,0.0298549651817419,0.0365562976652413,0.0574212656354674,0.0314730556539484,0.0360816542385019,0.0250315186074928,0.3309352517985611,0.25,0.2789115646258503,0.3265306122448979,0.6690647482014388,0.75,0.7210884353741497,0.673469387755102,0.1466275659824047,0.1904243743199129,0.1299826689774696,0.1693227091633466,3,3,0,0,1,1,1,1,0.0,596.5,0,1
5b49ab24-c491-4ac1-a905-cb398ae84969,2019-06-06 23:00:00+00:00,2019-06-06,2019,0,a015b02d-845c-40c1-8ef4-844984f47e4d,0a5ad38d-2fe3-43ba-894b-1ba3d5042ea9,a015b02d-845c-40c1-8ef4-844984f47e4d,0a5ad38d-2fe3-43ba-894b-1ba3d5042ea9,1587.7424973753275,1516.7543976645063,0.6347274527477638,0.5525519187474077,1,23.67551725040976,0.773901415283849,0,0,0,1,28.08333333333333,3,0,25.925316031461147,0.5164038108497793,0,0,0,1,34.166666666666664,3,0,24.48471298948462,0.5043099445414386,5,0,0,1,30.5,3,1,28.56104975156881,0.4089264180634433,0,0,0,1,28.766666666666666,3,0,19.834692839264488,0.3101443398232422,0,0,0,1,22.433333333333334,3,0,16.491663488026308,0.3470980160431566,0,0,0,1,14.633333333333333,3,0,11.61275893194358,0.396607525861837,0,0,0,1,8.2,3,0,24.67817091264812,0.6486880527375944,0,0,0,1,35.71666666666667,1,0,31.658988335152944,0.494372502899583,0,0,0,1,31.566666666666663,1,0,25.44683194431558,0.5824532420959289,0,0,0,1,32.266666666666666,1,0,20.65498593560513,0.6999918982419185,0,0,0,0,0.0,0,0,18.319112007407504,0.3189707416473236,0,0,0,1,19.53333333333333,1,0,18.451242059536945,0.2948613563934823,0,0,0,0,0.0,9,0,16.721103305094836,0.2666947970877358,0,0,0,1,14.716666666666669,1,0,2.186828554074602,0.2000106699875332,0.1403474808713024,0.1048671774682286,0.0461184555598622,0.0399412147197806,0.1045374836370628,0.0637287327845444,0.0927382100883657,0.0573916483903828,0.3023255813953488,0.237885462555066,0.2357142857142857,0.2363636363636363,0.6976744186046512,0.762114537444934,0.7642857142857142,0.7636363636363637,0.1220906068162926,0.1384083044982699,0.1601325234676974,0.1618341200269723,3,1,0,0,1,1,2,2,2326.0,93.2,3,0
78b0e9c8-7331-4317-a14c-6355bccfc1a7,2019-06-06 23:00:00+00:00,2019-06-06,2019,0,5d70a9af-8c2b-4aec-9e68-9acc6ddb93e4,171b097d-01db-4ae8-9d56-035689402ec6,5d70a9af-8c2b-4aec-9e68-9acc6ddb93e4,FR_LVA_ACES,1492.3271298355442,1478.5055834689647,0.5556373401146213,0.2234747848766572,0,25.386241180882788,0.5626616603353973,0,0,0,1,17.516666666666666,4,0,26.06847458497254,0.4497488775913984,0,0,0,1,20.183333333333334,4,0,26.20433069038663,0.4412530493536025,0,0,0,1,24.866666666666667,4,0,15.19645868143029,0.5720455517754192,0,0,0,0,0.0,0,0,20.83839128093673,0.4134231668271561,0,0,0,1,26.35,4,0,26.51117846927117,0.3226146745415004,0,0,0,1,16.666666666666668,4,0,22.10947654697692,0.2751903383108035,0,0,0,1,25.33333333333333,4,0,23.09905985369028,0.8912047561405712,9,9,0,1,14.3,3,1,30.048598808622177,0.6656379282222629,0,0,0,1,31.55,3,0,30.284973706733098,0.5098578738836286,0,0,0,1,27.25,3,0,15.260785049643465,0.700376127967435,0,0,0,1,15.6,3,0,24.07813780450314,0.3840354309873014,0,0,0,1,20.28333333333333,3,0,24.054565509107945,0.3376393717261459,0,0,0,1,27.03333333333333,3,0,16.961955009990515,0.368372247742717,0,0,0,1,12.75,3,0,-4.446982417193595,-0.3281442871928132,0.1103367668257297,0.1161441930023232,0.0453775851588004,0.0478465362449761,0.06639210325706,0.0626146404667805,0.0745491761628076,0.0749244035920596,0.2801932367149758,0.1822429906542056,0.3,0.2857142857142857,0.7198067632850241,0.8177570093457944,0.7,0.7142857142857143,0.1586157173756308,0.165929203539823,0.1563636363636363,0.1367496761191881,4,3,0,0,0,1,2,2,0.0,1744.0,0,3
fdbd4f72-b143-4521-b548-254fc2b1568c,2019-06-07 00:00:00+00:00,2019-06-07,2019,0,6f017f37-be96-4bdc-b6d3-0a0429c72e89,0699edf3-5993-4182-b9b4-ec935cbd4fcc,6f017f37-be96-4bdc-b6d3-0a0429c72e89,0699edf3-5993-4182-b9b4-ec935cbd4fcc,1547.0868812050437,1544.1130230362533,0.5401708502668715,0.1610304720324654,1,31.66020803186563,0.7102356311485576,0,0,0,1,31.5,1,0,26.96025099369436,0.2983156290785608,0,0,0,1,29.58333333333333,1,0,18.66255209456143,0.3789525085617808,0,0,0,1,22.3,1,0,13.755549758346906,0.4663157697275838,0,0,0,1,31.55,1,0,16.951799856786838,0.3451507967138998,0,0,0,0,0.0,0,0,10.067883529850276,0.4987740259310065,0,0,0,1,31.066666666666663,1,0,7.700204343900535,0.4799062744987379,0,0,0,0,0.0,7,0,33.646198987980185,0.6862022563796111,0,0,0,1,32.05,5,0,33.42907485868701,0.6405560971585024,0,0,0,1,37.0,5,0,24.529980324047443,0.6584919181463492,0,0,0,0,0.0,0,0,29.0631453434056,0.320551036437801,0,0,0,1,34.666666666666664,5,0,24.087982308027136,0.3700119521328842,0,0,0,1,33.35,5,0,17.130401329912125,0.3814407248624697,0,0,0,1,35.68333333333333,5,0,9.54169781857833,0.5132332051302775,0,0,0,1,12.183333333333334,5,0,1.676119587315071,-0.2461296798139193,0.1640491319125285,0.0973628915848843,0.0750697886181429,0.0382395554331544,0.1036403374638779,0.0306701790511029,0.0958148570072087,0.0351416630339803,0.2908366533864542,0.3225806451612903,0.2366412213740458,0.2447552447552447,0.7091633466135459,0.6774193548387096,0.7633587786259542,0.7552447552447552,0.2061970575122603,0.2017085904129093,0.1797329681615885,0.1429176370950667,1,5,0,0,1,0,2,1,1383.4,1278.1,2,2
87067b65-d469-41ce-b98f-6e471c8c26bc,2019-06-07 23:00:00+00:00,2019-06-07,2019,0,f073a15f-0486-4179-b0a3-dfd0294eb595,5f0b5caf-708b-4300-92f2-53b51d83ec06,f073a15f-0486-4179-b0a3-dfd0294eb595,5f0b5caf-708b-4300-92f2-53b51d83ec06,1426.1315453760758,1473.3645831441647,0.4680476891756255,-0.1279836533419379,1,29.38148418444105,0.543828745982452,0,0,0,1,20.383333333333333,5,0,25.03074005113915,0.510754218914024,0,0,0,1,19.933333333333334,5,0,23.226512059556192,0.5488946227678485,0,0,0,1,18.55,5,0,25.59848325915048,0.3721608644280937,0,0,0,1,22.066666666666663,5,0,23.782074819503364,0.2814643303471453,0,0,0,1,25.28333333333333,5,0,11.790529946871906,0.3912819920644217,0,0,0,1,23.4,5,0,10.33454016296319,0.3427310968709487,0,0,0,1,12.833333333333334,5,0,26.16186172867692,0.5234735650204686,0,0,0,0,0.0,0,0,26.28829178106229,0.4546548869478625,0,0,0,1,21.0,4,0,28.10598430570612,0.3785399322993444,0,0,0,1,25.266666666666666,4,0,19.17717229727177,0.5189276626265169,0,0,0,1,26.25,4,0,20.309563860643003,0.4689630668024538,0,0,0,1,22.916666666666668,4,0,8.246662905361822,0.487703729691048,0,0,0,1,1.7833333333333332,4,0,13.089138706102744,0.186921610015294,0,0,0,1,16.2,4,0,0.9605808542604524,-0.5355698965110096,0.133049002054105,0.0732439915062747,0.0403829648823877,0.0345039666118594,0.0593751186067411,0.0661825277057242,0.066850381844383,0.0354844530948467,0.2135922330097087,0.3082191780821918,0.2790697674418604,0.2578125,0.7864077669902912,0.6917808219178082,0.7209302325581395,0.7421875,0.1421517282657489,0.1633642495784148,0.1518288474810213,0.1775410563692853,5,5,0,0,0,0,1,1,0.0,779.1,0,1
8bef1cdc-a6db-4642-898f-65e2a0443a53,2019-06-07 23:30:00+00:00,2019-06-07,2019,0,08ed8274-e29f-4248-bc2e-83cc8ed18d75,5c0d47fe-8539-47b0-9f36-d0b3609ca89b,08ed8274-e29f-4248-bc2e-83cc8ed18d75,5c0d47fe-8539-47b0-9f36-d0b3609ca89b,1381.570378241879,1577.3937826833082,0.2722298425904129,-0.9833385615033182,0,31.112849047879752,0.5729446825373523,0,0,0,1,33.833333333333336,2,0,18.903407258162503,0.4982054665273411,0,0,0,1,28.53333333333333,2,0,24.50075978721432,0.3286974769152669,0,0,0,1,30.466666666666665,2,0,22.580157315253736,0.3331185226621882,0,0,0,1,20.78333333333333,2,0,16.84966856417067,0.3891190552625327,0,0,0,1,30.883333333333333,2,0,10.291987775153284,0.3382900539368897,0,0,0,1,9.533333333333331,2,0,14.093272679601268,0.2331558550695844,0,0,0,0,0.0,5,0,24.748472833230224,0.7362581114221207,0,0,0,1,22.1,1,0,30.397171496123924,0.4948115768595774,0,0,0,1,25.416666666666668,1,0,20.620618905972165,0.613985774340355,0,0,0,1,17.083333333333332,1,0,22.375519585146307,0.4707444969848599,0,0,0,1,23.95,1,0,24.02889920425597,0.3763297679016358,0,0,0,1,30.866666666666667,1,0,15.321128003797831,0.4645539311835036,0,0,0,1,15.883333333333333,1,0,9.103876911242072,0.5167886189225709,0,0,0,1,7.0,1,0,-2.296430325224346,2.770193240037816,0.1081827241788084,0.1390409722857974,0.0500580638680454,0.0402690204537823,0.0841089109531312,0.0939083927785126,0.0788293966705061,0.04144989978598,0.2488262910798122,0.3555555555555555,0.2311320754716981,0.2837209302325581,0.7511737089201878,0.6444444444444445,0.7688679245283019,0.7162790697674418,0.1683617372182518,0.1362788696026395,0.1383960255500354,0.1547876169906407,2,1,0,0,1,1,2,2,0.0,227.7,0,0
20b85933-d239-49d3-82e5-7bbf4f256958,2019-06-08 19:30:00+00:00,2019-06-08,2019,0,6f017f37-be96-4bdc-b6d3-0a0429c72e89,0a5ad38d-2fe3-43ba-894b-1ba3d5042ea9,6f017f37-be96-4bdc-b6d3-0a0429c72e89,0a5ad38d-2fe3-43ba-894b-1ba3d5042ea9,1553.0837324811723,1503.1854609357674,0.6061480316121819,0.4311491088786736,0,31.00088257813588,0.6851257778564183,0,0,0,1,24.666666666666668,0,0,27.592507289265296,0.3014203091186553,0,0,0,1,33.666666666666664,0,0,15.42214641773232,0.4402612451057396,0,0,0,1,31.433333333333334,0,0,19.049472977860617,0.35163506531607,0,0,0,1,22.766666666666666,0,0,11.903014810777517,0.4666320101883427,0,0,0,1,29.53333333333333,0,0,15.353646282157344,0.3451507967138998,0,0,0,0,0.0,0,0,7.701756351368631,0.5059891756427165,0,0,0,1,7.716666666666667,0,0,25.21446144818731,0.6684415376728302,0,0,0,1,30.366666666666667,1,0,25.71581817384478,0.6223794882944301,0,0,0,1,28.3,1,0,31.730419471914693,0.431738872112355,0,0,0,1,32.416666666666664,1,0,18.707709546915734,0.6999918982419185,0,0,0,0,0.0,0,0,17.84435724643783,0.3090329598397627,0,0,0,1,13.283333333333331,1,0,16.711726568384115,0.2948613563934823,0,0,0,0,0.0,11,0,15.144698956025817,0.2666947970877358,0,0,0,0,0.0,3,0,1.5467642175967438,-1.168198978807727,0.1903992975322665,0.1421188521055841,0.0913153818134186,0.061019375692239,0.1252949514586957,0.0790088262201469,0.0928641276205296,0.0691221260303002,0.2779552715654952,0.2696245733788396,0.2758620689655172,0.2286689419795221,0.7220447284345048,0.7303754266211604,0.7241379310344828,0.7713310580204779,0.2087872185911401,0.1643706950532248,0.186898420708345,0.1685958731756416,1,1,0,0,2,2,3,2,0.0,1090.0,0,-1
19dbf2f3-37ae-4777-9acb-24172fd552db,2019-06-09 19:00:00+00:00,2019-06-09,2019,0,5d70a9af-8c2b-4aec-9e68-9acc6ddb93e4,a015b02d-845c-40c1-8ef4-844984f47e4d,5d70a9af-8c2b-4aec-9e68-9acc6ddb93e4,a015b02d-845c-40c1-8ef4-844984f47e4d,1454.9633564884696,1601.3114341040668,0.3321369649138681,-0.6985356864528969,0,25.475529558620234,0.5676114321174563,0,0,0,1,26.33333333333333,2,0,26.00908464824452,0.454736524711434,0,0,0,1,24.133333333333333,2,0,25.98816925568368,0.4113867932795719,0,0,0,1,25.216666666666665,2,0,21.27315685281863,0.4348999929790628,0,0,0,1,25.45,2,0,13.7637922407801,0.5720455517754192,0,0,0,0,0.0,0,0,26.403278090314902,0.2971273121280798,0,0,0,1,25.366666666666667,2,0,21.684339622040085,0.2548272945678136,0,0,0,1,17.6,2,0,24.507457148807493,0.7800172458704635,0,0,0,1,32.5,2,0,26.494872432245245,0.5080340879143687,0,0,0,1,31.966666666666665,2,0,24.98267622769713,0.5310060812824987,8,0,0,1,29.766666666666666,2,1,28.674710896625687,0.4285999350464338,0,0,0,1,29.766666666666666,2,0,20.21324128523353,0.3086230015743084,0,0,0,1,23.85,2,0,16.335322197601187,0.3637226754475876,0,0,0,1,14.833333333333334,2,0,11.774968381867929,0.3706387895146878,0,0,0,1,13.333333333333334,2,0,-6.258207400237762,3.330015746834104,0.1346335498775221,0.1736084741860517,0.0574745531228152,0.0624071016633932,0.0794166949861911,0.1359279696172295,0.0923994304879471,0.1098243245368923,0.2903225806451613,0.2834224598930481,0.2867132867132867,0.2630057803468208,0.7096774193548387,0.7165775401069518,0.7132867132867133,0.7369942196531792,0.1582787852773902,0.1358695652173913,0.1676245210727969,0.1774447949526813,2,2,0,0,1,1,1,2,0.0,858.2,0,0
570594f4-eb69-4544-881f-75e4c328a100,2019-06-09 19:00:00+00:00,2019-06-09,2019,0,08ed8274-e29f-4248-bc2e-83cc8ed18d75,171b097d-01db-4ae8-9d56-035689402ec6,08ed8274-e29f-4248-bc2e-83cc8ed18d75,FR_LVA_ACES,1373.9063760375398,1515.8693568160393,0.3377598666807941,-0.6732930399318053,1,31.55787900921213,0.5819360614162098,0,0,0,1,35.833333333333336,1,0,19.22833939263756,0.4763889015497767,0,0,0,1,22.35,1,0,22.3290531766376,0.3874519804006492,0,0,0,1,19.916666666666668,1,0,24.67667065063385,0.3261830559648048,0,0,0,1,26.366666666666667,1,0,17.179666985802516,0.3894456132148385,0,0,0,1,20.35,1,0,11.479053696365431,0.3622117943420945,0,0,0,1,22.883333333333333,1,0,9.306167856538758,0.3889884514429479,0,0,0,1,30.1,1,0,22.723614416557307,0.8910179913602593,12,12,0,1,19.116666666666667,2,1,29.06354319936877,0.66170148514099,0,0,0,1,19.6,2,0,29.360910968126014,0.531534380580444,0,0,0,1,20.48333333333333,2,0,15.894562268638706,0.7029969392611192,0,0,0,1,21.98333333333333,2,0,23.87593349809086,0.4324875356762461,0,0,0,1,21.933333333333334,2,0,23.83887078970773,0.36254153702366,0,0,0,1,21.766666666666666,2,0,17.202803863844228,0.3768980755478715,0,0,0,1,19.516666666666666,2,0,-3.694293276368668,1.9332621442164708,0.1470859115491638,0.1579148633951434,0.064454919353057,0.0645595887875181,0.107604876271081,0.088137006845504,0.0858009790749158,0.0815060644838857,0.2807017543859649,0.2,0.2365591397849462,0.2941176470588235,0.7192982456140351,0.8,0.7634408602150538,0.7058823529411765,0.1714820203699854,0.1743053419460678,0.1296876688641521,0.1419997856607008,1,2,0,0,1,1,2,2,0.0,768.8,0,0
63d29192-5366-47b1-9b71-88b41da052b8,2019-06-09 19:00:00+00:00,2019-06-09,2019,0,5c0d47fe-8539-47b0-9f36-d0b3609ca89b,5f0b5caf-708b-4300-92f2-53b51d83ec06,5c0d47fe-8539-47b0-9f36-d0b3609ca89b,5f0b5caf-708b-4300-92f2-53b51d83ec06,1585.0577848876478,1448.2770891851526,0.7173358192724599,0.9312845456469286,1,25.51382640064196,0.6825011525000184,0,0,0,1,32.86666666666667,1,0,30.28116400969713,0.485093925054552,0,0,0,1,29.166666666666668,1,0,21.23932757466617,0.632565254298027,0,0,0,1,27.183333333333334,1,0,25.083640925679543,0.4445748352735472,0,0,0,1,35.21666666666667,1,0,21.99443707696257,0.4399770946539899,0,0,0,1,18.33333333333333,1,0,15.311279771707014,0.4969798384606546,0,0,0,1,15.216666666666669,1,0,10.396890073805825,0.4325453954395579,0,0,0,1,22.6,1,0,23.69541726886293,0.5234735650204686,0,0,0,0,0.0,0,0,26.536085334217844,0.4540029755175839,0,0,0,1,28.916666666666668,1,0,28.117990305390368,0.3625145342611662,0,0,0,1,28.23333333333333,1,0,18.685944919086044,0.5333970062451079,0,0,0,1,13.966666666666669,1,0,20.91360203587936,0.4622278006092125,0,0,0,1,26.716666666666665,1,0,7.719030034294191,0.4800176465291016,0,0,0,1,2.65,1,0,6.68103983441045,0.3915993151320509,0,0,0,1,28.9,1,0,4.1233915595658726,-2.1845826830705604,0.1730708667695553,0.1001986270944956,0.0471696171372202,0.0459130086414873,0.1100105542485133,0.0875361553778546,0.076941220798285,0.0507288088857653,0.3321917808219178,0.2626728110599078,0.3066202090592334,0.25,0.6678082191780822,0.7373271889400922,0.6933797909407665,0.75,0.1280095871009914,0.154166069123763,0.1614465611882466,0.160160905840286,1,1,0,0,2,1,2,1,227.7,493.8,0,0
50785cdf-f03c-44f8-89e3-ccf4086b1cd2,2019-06-09 20:00:00+00:00,2019-06-09,2019,0,f073a15f-0486-4179-b0a3-dfd0294eb595,0699edf3-5993-4182-b9b4-ec935cbd4fcc,f073a15f-0486-4179-b0a3-dfd0294eb595,0699edf3-5993-4182-b9b4-ec935cbd4fcc,1451.219039335088,1538.1161717601244,0.4118534580657517,-0.3563085360524187,0,29.64720352774617,0.5567650825971175,0,0,0,1,32.2,1,0,25.626496723681605,0.5708981002825847,0,0,0,1,31.35,1,0,23.86980549952066,0.5319030030545259,0,0,0,1,30.05,1,0,25.017255514880787,0.4117622180382594,0,0,0,1,19.433333333333334,1,0,24.416987461532088,0.2668853167494184,0,0,0,1,30.516666666666666,1,0,13.40669063439178,0.3498817020374238,0,0,0,1,28.933333333333334,1,0,9.658779314712492,0.3422171502438925,0,0,0,1,3.1666666666666665,1,0,33.86810672244532,0.6756087697503929,0,0,0,1,36.0,1,0,33.37605307515537,0.620865467581535,0,0,0,1,32.86666666666667,1,0,22.217383663417785,0.6584919181463492,0,0,0,0,0.0,0,0,29.15618238433342,0.2778442806005165,0,0,0,1,30.05,1,0,23.2359144535787,0.3452034584607729,0,0,0,1,15.05,1,0,17.914742607322886,0.3534298683156302,0,0,0,1,25.45,1,0,9.38378201933229,0.4836099499287199,0,0,0,1,7.866666666666667,1,0,2.569525165075698,-0.2515885187143957,0.1614049223761405,0.1278791741868933,0.0498304042315267,0.057361323748214,0.085202895235966,0.0477767175644815,0.0896627235435647,0.0450604022305649,0.218978102189781,0.3646408839779005,0.2517482517482518,0.2390243902439024,0.781021897810219,0.6353591160220995,0.7482517482517482,0.7609756097560976,0.1378107773652829,0.2072496749024707,0.1477728520160439,0.1662479680803901,1,2,0,0,1,1,1,1,0.0,511.4,0,1
24f48888-edd2-457c-ab78-35d3fe8378ff,2019-06-09 22:00:00+00:00,2019-06-09,2019,0,3c409388-ab73-4c7f-953d-3a71062240f6,d6a012ed-84aa-48d3-8265-2d3f3ff2199a,3c409388-ab73-4c7f-953d-3a71062240f6,d6a012ed-84aa-48d3-8265-2d3f3ff2199a,1424.8559975575574,1610.1542004113774,0.284397765981379,-0.9227506308123536,1,31.43686499664696,0.5113173888801075,0,0,0,1,27.183333333333334,3,0,27.89943872304013,0.5117627611682706,7,0,0,1,30.75,3,1,27.59631133665032,0.4245644400672522,0,0,0,1,25.48333333333333,3,0,19.049782420850672,0.6071422360056952,0,0,0,1,19.433333333333334,3,0,21.39138231928952,0.459496350597553,0,0,0,1,17.666666666666668,3,0,21.347077361761645,0.441072546270716,0,0,0,1,16.516666666666666,3,0,19.12121196714168,0.3898042409541851,0,0,0,1,29.08333333333333,3,0,27.988765464040767,0.6956435773089538,0,0,0,1,26.2,3,0,31.203124538080008,0.4144454216046248,0,0,0,1,34.5,3,0,20.869362235608424,0.4374850380967031,0,0,0,1,30.98333333333333,3,0,22.025619302292604,0.3881945457273951,0,0,0,1,34.36666666666667,3,0,15.19254827291388,0.5075494876300363,0,0,0,0,0.0,0,0,16.269350963402314,0.3608318739098345,0,0,0,1,18.066666666666663,3,0,12.77821768190234,0.343924514142946,0,0,0,1,9.4,3,0,-2.78401067073301,2.074051422652924,0.1320733524537356,0.1904816778207526,0.0551805098243167,0.074325506035196,0.0649999567387057,0.1098719141396854,0.0420814725832877,0.1021601837271096,0.2644230769230769,0.2656716417910448,0.351931330472103,0.2981366459627329,0.7355769230769231,0.7343283582089553,0.648068669527897,0.7018633540372671,0.1949740034662044,0.1654444643176534,0.1521566551997883,0.2063273727647868,3,4,0,0,1,0,1,1,596.5,1732.7,-1,2
94a03f44-df12-4aa1-94d4-6cf50d37da71,2019-06-11 23:00:00+00:00,2019-06-11,2019,0,a015b02d-845c-40c1-8ef4-844984f47e4d,5c0d47fe-8539-47b0-9f36-d0b3609ca89b,a015b02d-845c-40c1-8ef4-844984f47e4d,5c0d47fe-8539-47b0-9f36-d0b3609ca89b,1608.577356673296,1603.0774223164058,0.5437805287855918,0.1755717354686809,1,25.41966330052072,0.7720989298975992,0,0,0,1,34.18333333333333,1,0,25.93650044040552,0.5440520031578256,10,0,0,1,35.1,1,1,26.8960302674228,0.5122050650003332,0,0,0,1,30.75,1,0,28.776085213148768,0.4109574928714729,0,0,0,1,29.75,1,0,20.59538337737472,0.3069074332093856,0,0,0,1,24.266666666666666,1,0,15.832327570839904,0.3678396420825183,0,0,0,1,11.0,1,0,11.46307381864932,0.3369844986869759,0,0,0,1,8.466666666666667,1,0,25.892770785721925,0.6701925775841783,0,0,0,1,29.53333333333333,1,0,30.83131381737445,0.476294615528089,0,0,0,1,36.11666666666667,1,0,21.31889734493347,0.5972605923584556,0,0,0,1,22.08333333333333,1,0,25.72940482679248,0.4439331685497665,0,0,0,1,31.933333333333334,1,0,16.091138670509842,0.5402925862540656,0,0,0,1,23.58333333333333,1,0,21.708989977229702,0.3974815313054919,0,0,0,1,18.966666666666665,1,0,11.027263443421376,0.4233938454666535,0,0,0,1,17.083333333333332,1,0,3.733005700998655,5.964860648523003,0.1878174122744381,0.2066653808999015,0.0694156784651836,0.0572192559643404,0.1538972883457822,0.1279220630224948,0.1325946076061926,0.0918701516663829,0.2924107142857143,0.3555555555555555,0.2632850241545894,0.293103448275862,0.7075892857142857,0.6444444444444445,0.7367149758454107,0.7068965517241379,0.1322569563723806,0.1298987230295024,0.1817917393833624,0.1684098564084382,1,1,0,0,1,2,2,3,858.2,316.7,0,0
dfc8775c-cc49-4d53-b389-36b1888fee04,2019-06-11 23:00:00+00:00,2019-06-11,2019,0,f073a15f-0486-4179-b0a3-dfd0294eb595,d6a012ed-84aa-48d3-8265-2d3f3ff2199a,f073a15f-0486-4179-b0a3-dfd0294eb595,d6a012ed-84aa-48d3-8265-2d3f3ff2199a,1440.7544623016624,1593.2404670233946,0.3243464006798233,-0.7338684350940722,0,29.02995716983184,0.5162529630274925,0,0,0,1,23.1,1,0,24.34026927139076,0.6136218745086597,0,0,0,1,11.983333333333333,1,0,23.52225841189942,0.5117557905553144,0,0,0,1,20.183333333333334,1,0,24.45468453053683,0.453749157241764,0,0,0,1,19.05,1,0,25.21516352739991,0.3214350492100572,0,0,0,1,32.88333333333333,1,0,14.45095592030594,0.3295507700173973,0,0,0,1,24.48333333333333,1,0,10.009916619839206,0.3166852008203261,0,0,0,1,13.383333333333333,1,0,28.58062298553755,0.6812430218662741,0,0,0,1,34.266666666666666,1,0,31.44637716873053,0.4258219273852415,0,0,0,1,33.78333333333333,1,0,21.64217406028184,0.4513347564686524,0,0,0,1,29.066666666666663,1,0,23.12937968098517,0.376294809164423,0,0,0,1,33.733333333333334,1,0,13.760250491249847,0.5075494876300363,0,0,0,0,0.0,0,0,16.132397210924715,0.3528293991539317,0,0,0,1,14.816666666666666,1,0,12.331928813324444,0.3908449550707518,0,0,0,1,28.25,1,0,1.0682868866624655,1.6377461319944036,0.1946358191446862,0.2106502225159867,0.0576029910922366,0.0800646785866722,0.0954173112021277,0.1136550430346992,0.0995411602422216,0.1188708132852177,0.2196531791907514,0.2655086848635236,0.25,0.2987341772151898,0.7803468208092486,0.7344913151364765,0.75,0.7012658227848101,0.1349163518618456,0.1589854855603771,0.1322977125298736,0.2059770803685117,1,1,0,0,2,1,2,2,0.0,163.5,0,1
4b6e9cf7-ed48-4660-93f5-e46d9ebd4862,2019-06-12 00:00:00+00:00,2019-06-12,2019,0,3c409388-ab73-4c7f-953d-3a71062240f6,0699edf3-5993-4182-b9b4-ec935cbd4fcc,3c409388-ab73-4c7f-953d-3a71062240f6,0699edf3-5993-4182-b9b4-ec935cbd4fcc,1441.7697309455402,1548.58074879355,0.3843932912596207,-0.4709420753487425,1,31.342255708634603,0.512933891728608,0,0,0,1,30.433333333333334,2,0,27.846068381258124,0.4921499873598851,10,0,0,1,27.33333333333333,2,1,19.447334815769462,0.6422097418352712,0,0,0,1,23.266666666666666,2,0,21.602745245793383,0.4901184773113455,0,0,0,1,23.633333333333333,2,0,27.621799446510984,0.3751249497132549,0,0,0,1,27.866666666666667,2,0,21.044097350767675,0.4091176809478439,0,0,0,1,18.133333333333333,2,0,19.6487309329902,0.3834899623644049,0,0,0,1,24.716666666666665,2,0,33.58514195205497,0.7075829326835789,0,0,0,1,30.866666666666667,2,0,33.301318362630724,0.6339018905228732,0,0,0,1,32.583333333333336,2,0,20.122810141987816,0.6584919181463492,0,0,0,0,0.0,0,0,28.863342891010465,0.320613166693565,0,0,0,1,26.05,2,0,22.962269741385203,0.3369553498467926,0,0,0,1,20.33333333333333,2,0,18.33916751139997,0.346087974795327,0,0,0,1,22.416666666666668,2,0,14.737141931991442,0.3387659948329404,0,0,0,1,25.95,2,0,-2.280773023643547,1.031123186211484,0.1648229436231839,0.1648723689011034,0.0716909457272441,0.0590526299991351,0.097280876516488,0.0680820657348179,0.0523202087388664,0.0688403724349059,0.2740213523131672,0.3294117647058823,0.3322259136212624,0.2346570397111913,0.7259786476868327,0.6705882352941176,0.6677740863787376,0.7653429602888087,0.1974386339381003,0.1697641172265904,0.1462738657359885,0.1556247220987105,1,1,0,0,1,1,2,2,0.0,163.5,0,-1
88e65d71-ce2b-4afb-8ac1-d793f55eaa97,2019-06-12 23:00:00+00:00,2019-06-12,2019,0,08ed8274-e29f-4248-bc2e-83cc8ed18d75,6f017f37-be96-4bdc-b6d3-0a0429c72e89,08ed8274-e29f-4248-bc2e-83cc8ed18d75,6f017f37-be96-4bdc-b6d3-0a0429c72e89,1394.8996822553052,1542.40860792655,0.330656332695829,-0.7052180650233106,1,31.770829232762853,0.5829762457357748,0,0,0,1,33.81666666666667,2,0,19.046542620644125,0.4793907696362762,0,0,0,1,17.3,2,0,25.266525882295515,0.3326345448259465,0,0,0,1,30.933333333333334,2,0,18.43074535637876,0.4149687764657612,0,0,0,1,30.45,2,0,12.53692339736356,0.3612955997369589,0,0,0,1,22.7,2,0,13.286466804903933,0.2808524572117287,0,0,0,1,18.3,2,0,6.696771080571879,0.5275154827409835,0,0,0,1,15.716666666666669,2,0,30.9772302879692,0.7030918055090989,0,0,0,1,30.75,3,0,28.041026269324536,0.308025457429996,0,0,0,1,32.35,3,0,14.13236592562308,0.4944525709740878,0,0,0,1,35.55,3,0,15.985716549035397,0.4262385462994724,0,0,0,1,21.4,3,0,18.703842765877763,0.3434567916519643,0,0,0,1,15.383333333333333,3,0,13.90616077048746,0.3451507967138998,0,0,0,0,0.0,0,0,8.350372588007577,0.4619914809233005,0,0,0,1,25.25,3,0,-2.4393430673837213,0.8556638118404158,0.1739558790509335,0.2181802078136465,0.0690624273020258,0.105610285774288,0.1264683861323211,0.1495294368009739,0.1021539901337803,0.1206940846506957,0.2896174863387978,0.2789473684210526,0.2206703910614525,0.2875318066157761,0.7103825136612022,0.7210526315789474,0.7793296089385475,0.712468193384224,0.1566622691292876,0.2092282624796326,0.1272048846675712,0.1826762064241132,2,3,0,0,1,1,2,2,0.0,1019.2,0,1
33797f89-06b7-4a96-b6a8-ae7c0484eabc,2019-06-14 00:00:00+00:00,2019-06-14,2019,0,5f0b5caf-708b-4300-92f2-53b51d83ec06,f073a15f-0486-4179-b0a3-dfd0294eb595,5f0b5caf-708b-4300-92f2-53b51d83ec06,f073a15f-0486-4179-b0a3-dfd0294eb595,1430.2574517563946,1436.8300860639847,0.526494272360348,0.1060764438662325,0,26.77151672499874,0.4258063140849793,0,0,0,1,29.03333333333333,4,0,21.461500155016783,0.5234735650204686,0,0,0,0,0.0,0,0,21.65553146583097,0.4884010098311742,0,0,0,1,28.78333333333333,4,0,28.06444226066454,0.3703263898059163,0,0,0,1,27.55,4,0,18.53485657117307,0.4990882804530805,0,0,0,1,17.083333333333332,4,0,7.618245799869105,0.507522696017554,0,0,0,1,6.65,4,0,8.991026282619199,0.3637705063713056,0,0,0,1,31.183333333333334,4,0,29.37595535985461,0.5258341851351302,0,0,0,1,32.7,2,0,25.067114433996,0.6147589175528706,0,0,0,1,32.05,2,0,24.48409706314627,0.4632584957968901,0,0,0,1,24.766666666666666,2,0,22.868081981544925,0.4935439620754218,0,0,0,1,16.583333333333332,2,0,25.912950122309173,0.3391311035730087,0,0,0,1,32.61666666666667,2,0,14.937960200945389,0.3211503350986017,0,0,0,1,19.616666666666667,2,0,6.504215745740139,0.4935812876867487,0,0,0,1,26.4,2,0,-4.208835568596281,1.2613728385584866,0.1363449218536943,0.2291381524981179,0.06264007312791,0.0697800322434011,0.1062196633290032,0.1147046174570286,0.055219364871309,0.1030126483636784,0.2553956834532374,0.220873786407767,0.303030303030303,0.2302325581395349,0.7446043165467626,0.779126213592233,0.696969696969697,0.7697674418604651,0.1645470771976796,0.1399712491488234,0.1547029702970297,0.1326925835604647,3,1,0,0,1,2,2,3,1200.9,779.1,-1,-1
fcca1657-32de-41a2-8925-d8885538e14a,2019-06-14 23:00:00+00:00,2019-06-14,2019,0,5c0d47fe-8539-47b0-9f36-d0b3609ca89b,d6a012ed-84aa-48d3-8265-2d3f3ff2199a,5c0d47fe-8539-47b0-9f36-d0b3609ca89b,d6a012ed-84aa-48d3-8265-2d3f3ff2199a,1590.013737712421,1597.1648432610723,0.5256640502916307,0.1027464957252497,0,26.69322991104884,0.6631663719935673,0,0,0,1,34.38333333333333,2,0,31.197610647047515,0.4434843962742216,0,0,0,1,34.71666666666667,2,0,22.07289773064901,0.5919329025596953,0,0,0,1,29.316666666666663,2,0,26.381853180835385,0.4513180937750457,0,0,0,1,32.65,2,0,22.088390322587045,0.441114859836657,0,0,0,1,25.73333333333333,2,0,15.75257927553399,0.5172626036196061,0,0,0,1,12.5,2,0,10.45694373629738,0.4599816955174313,0,0,0,1,18.08333333333333,2,0,28.896704231912217,0.7036587878081986,0,0,0,1,31.933333333333334,2,0,31.668268104967428,0.4325889443538244,0,0,0,1,33.8,2,0,22.3578407405342,0.4280781129864236,0,0,0,1,29.23333333333333,2,0,24.26106844567445,0.3625301116025227,0,0,0,1,35.13333333333333,2,0,12.462984496124037,0.5075494876300363,0,0,0,0,0.0,0,0,13.9316163893134,0.4021860252276673,0,0,0,1,29.3,2,0,15.481978748536156,0.3618965496481851,0,0,0,1,9.233333333333333,2,0,4.582959726826266,1.1895453027185336,0.2296724689321264,0.2372556568851185,0.0623939301130164,0.0868296829344485,0.1286020850306747,0.1315086486261547,0.0991429989788715,0.1292129853223965,0.3619489559164733,0.2452431289640592,0.2971014492753623,0.2885032537960954,0.6380510440835266,0.7547568710359408,0.7028985507246377,0.7114967462039046,0.1260473048120412,0.155528476141611,0.1708259061200238,0.2006472491909385,2,2,0,0,1,1,3,2,316.7,493.8,0,0
4bfde9e7-a57b-4c06-aaf0-ea0f64efacb8,2019-06-15 00:00:00+00:00,2019-06-15,2019,0,6f017f37-be96-4bdc-b6d3-0a0429c72e89,a015b02d-845c-40c1-8ef4-844984f47e4d,6f017f37-be96-4bdc-b6d3-0a0429c72e89,a015b02d-845c-40c1-8ef4-844984f47e4d,1527.7782403977528,1621.6410412772807,0.4021761071309612,-0.3964061469175453,0,30.918097314756768,0.6993784889172221,0,0,0,1,30.35,2,0,28.03558719072143,0.3226269887961833,0,0,0,1,27.98333333333333,2,0,17.54576522462408,0.4122469961879985,0,0,0,1,32.53333333333333,2,0,15.969274403868717,0.4497581712405243,0,0,0,1,33.61666666666667,2,0,19.748376538400084,0.358163810781489,0,0,0,1,29.78333333333333,2,0,12.595138888888894,0.3451507967138998,0,0,0,0,0.0,0,0,12.793080876643206,0.3113464933397528,0,0,0,1,21.53333333333333,2,0,26.04631842150644,0.7781821460226735,0,0,0,1,32.06666666666667,3,0,27.762175535773824,0.5190762176939375,0,0,0,1,36.083333333333336,3,0,26.484575876687472,0.543304492754199,14,0,0,1,31.75,3,1,28.669922025526507,0.3844797400942766,0,0,0,1,27.65,3,0,20.84250836081542,0.31947109217714,0,0,0,1,23.216666666666665,3,0,15.654868624806095,0.3712246014627179,0,0,0,1,13.95,3,0,11.029741394809225,0.3401175772789203,0,0,0,1,6.866666666666667,3,0,-0.0872160798766993,4.200627318804127,0.2420164977462428,0.2215341307138199,0.1190446028138628,0.0814297564631688,0.1552799990433475,0.1576354486439357,0.1175134308427274,0.1372352258147326,0.3028953229398664,0.2957198443579766,0.296943231441048,0.2824742268041237,0.6971046770601337,0.7042801556420234,0.7030567685589519,0.7175257731958763,0.2117840434947528,0.138913783832228,0.1869189259475976,0.1715562830521279,1,2,0,0,1,1,2,2,1019.2,1090.0,-1,-1
97455b40-e73a-44f9-a2f2-c4754b2493e0,2019-06-15 02:00:00+00:00,2019-06-15,2019,0,0699edf3-5993-4182-b9b4-ec935cbd4fcc,0a5ad38d-2fe3-43ba-894b-1ba3d5042ea9,0699edf3-5993-4182-b9b4-ec935cbd4fcc,0a5ad38d-2fe3-43ba-894b-1ba3d5042ea9,1533.1729894720836,1513.8605854903897,0.5634271291851161,0.2550827021074462,0,33.92122370623455,0.7345423820981986,0,0,0,1,37.15,2,0,33.55259763419564,0.6037655358458685,0,0,0,1,35.96666666666667,2,0,18.22570533708811,0.6584919181463492,0,0,0,0,0.0,0,0,29.514162960979185,0.3094566345047738,0,0,0,1,35.766666666666666,2,0,22.06705907789636,0.3232576263906614,0,0,0,1,13.466666666666669,2,0,17.93322924280462,0.350231371063665,0,0,0,1,14.033333333333331,2,0,15.582127348365969,0.334175733462193,0,0,0,1,23.7,2,0,25.65305430927788,0.6585031618410497,0,0,0,1,29.866666666666667,6,0,26.4638237634786,0.5922732106270084,0,0,0,1,33.65,6,0,31.65370183924094,0.4537110379384812,0,0,0,1,30.916666666666668,6,0,16.94401524081739,0.6999918982419185,0,0,0,0,0.0,0,0,19.47429856053928,0.3556935542203046,0,0,0,1,35.13333333333333,6,0,15.954403934095414,0.3449980916923934,0,0,0,1,23.73333333333333,6,0,7.373368651974032,0.6628630025573334,0,0,0,0,0.0,18,0,-0.0976734788685813,-0.5127883166014866,0.190838536010631,0.1752215730896093,0.0692355875812386,0.0729131756008327,0.0773762606706777,0.0998430643141296,0.0904925441430032,0.0842636223984371,0.3136645962732919,0.2833787465940054,0.2514285714285714,0.2388888888888889,0.6863354037267081,0.7166212534059946,0.7485714285714286,0.7611111111111111,0.1668389886267506,0.1643231550045761,0.1576096608062511,0.1771193945737058,2,5,0,0,1,0,2,1,1451.7,358.2,-2,0
c8fb8959-2390-4af6-b100-aa39c8b90744,2019-06-15 02:30:00+00:00,2019-06-15,2019,0,171b097d-01db-4ae8-9d56-035689402ec6,08ed8274-e29f-4248-bc2e-83cc8ed18d75,FR_LVA_ACES,08ed8274-e29f-4248-bc2e-83cc8ed18d75,1494.876050598274,1409.5300497841024,0.6536682075127215,0.6352026413655503,1,22.89579935700551,0.8870776563291942,0,0,0,1,24.55,5,0,29.1235460143866,0.5985902210276847,0,0,0,1,29.7,5,0,29.87840216858028,0.5572090191361243,0,0,0,1,34.85,5,0,16.137050846415473,0.6709020050229929,0,0,0,1,18.466666666666665,5,0,23.72421771800256,0.4032759897559127,0,0,0,1,22.266666666666666,5,0,23.46281466792935,0.349588209278477,0,0,0,1,19.85,5,0,16.484468101978514,0.3696354493227438,0,0,0,1,9.583333333333334,5,0,32.133400693868005,0.5342564473760096,0,0,0,1,35.61666666666667,2,0,26.655543834775266,0.3644574516111939,0,0,0,1,40.0,2,0,19.741430408094704,0.47129943503349,0,0,0,1,32.333333333333336,2,0,19.31869867107345,0.4775166343582148,0,0,0,1,21.933333333333334,2,0,10.84114520895,0.3949426793747438,0,0,0,1,34.016666666666666,2,0,11.354988198056027,0.3612955997369589,0,0,0,0,0.0,5,0,14.07652134060704,0.2853202909757489,0,0,0,1,21.666666666666668,2,0,0.8443354974880172,-1.3471596984727192,0.1788283688689304,0.2046941240623071,0.0715428796309206,0.0842058555093974,0.108687875573718,0.1358336149449425,0.1024628835064327,0.1113785534103651,0.1924119241192411,0.2993039443155452,0.3,0.2552693208430913,0.8075880758807588,0.7006960556844548,0.7,0.7447306791569087,0.1627074520013016,0.1652633776355159,0.133057362507392,0.1435355826481429,4,1,0,0,0,1,1,3,0.0,2241.4,0,-3
8fd15055-5e3a-4561-b755-03222dc09cc2,2019-06-15 23:00:00+00:00,2019-06-15,2019,0,f073a15f-0486-4179-b0a3-dfd0294eb595,3c409388-ab73-4c7f-953d-3a71062240f6,f073a15f-0486-4179-b0a3-dfd0294eb595,3c409388-ab73-4c7f-953d-3a71062240f6,1446.5152022064992,1457.1774902670063,0.5206219211592872,0.0825345044487965,0,25.45831901343771,0.6210817385344087,0,0,0,1,29.216666666666665,0,0,29.93288130900229,0.5159852074981041,0,0,0,1,35.28333333333333,0,0,25.065395798537253,0.4439543813125137,0,0,0,1,30.65,0,0,22.52383992540755,0.4920329012676335,0,0,0,1,19.216666666666665,0,0,26.301404753273047,0.3385890508692161,0,0,0,1,30.03333333333333,0,0,17.16244552019279,0.3320712240949882,0,0,0,1,38.53333333333333,0,0,7.100156401740358,0.456009114477693,0,0,0,1,15.5,0,0,31.35869853467009,0.5255860757975335,0,0,0,1,31.516666666666666,2,0,28.60693481480444,0.5104914617922393,13,0,0,1,35.916666666666664,2,1,18.881928065156217,0.6521359788503939,0,0,0,1,13.45,2,0,22.06915429597295,0.5131704065748867,0,0,0,1,26.55,2,0,27.8302947577168,0.3882873929809242,0,0,0,1,29.83333333333333,2,0,21.26777449215052,0.4025992662533289,0,0,0,1,23.416666666666668,2,0,19.889255232104723,0.3567595366383814,0,0,0,1,22.2,2,0,2.1869853133089654,-1.0341639509371825,0.2532009472254274,0.1983593933020787,0.0865757246123336,0.0822539037955353,0.1446588316143451,0.1123520782734564,0.115397009529627,0.0551363910975331,0.2415966386554622,0.2824858757062147,0.2338709677419354,0.3179347826086957,0.7584033613445378,0.7175141242937854,0.7661290322580645,0.6820652173913043,0.1490409538621047,0.1912169130285321,0.1376430559851531,0.1480770835071327,1,3,0,0,2,1,3,2,779.1,163.5,1,1
16aaefc5-8136-4674-8bec-059f6e71d388,2019-06-16 00:00:00+00:00,2019-06-16,2019,0,5f0b5caf-708b-4300-92f2-53b51d83ec06,5d70a9af-8c2b-4aec-9e68-9acc6ddb93e4,5f0b5caf-708b-4300-92f2-53b51d83ec06,5d70a9af-8c2b-4aec-9e68-9acc6ddb93e4,1420.57233561388,1447.6974339192404,0.4969417758384511,-0.0122330491976743,1,27.56926578850334,0.4223481624336056,0,0,0,1,35.233333333333334,1,0,28.779580848843647,0.3764561688833765,0,0,0,1,35.65,1,0,21.30933008180217,0.4818886717737212,0,0,0,1,17.983333333333334,1,0,17.56523798007159,0.4614289053023596,0,0,0,1,8.25,1,0,8.326740715260108,0.524999827644095,0,0,0,1,15.133333333333333,1,0,10.307027175330294,0.3696250418352176,0,0,0,1,22.95,1,0,8.285901067572683,0.40340541917189,0,0,0,1,17.533333333333335,1,0,24.59321025851036,0.551355373668235,0,0,0,1,16.116666666666667,6,0,26.00037181958523,0.4518753298413132,0,0,0,1,25.916666666666668,6,0,26.655504054108576,0.39474274134112,0,0,0,1,33.06666666666667,6,0,22.229449789571323,0.4046622683271993,0,0,0,1,31.416666666666668,6,0,25.91273209814412,0.307365107249255,0,0,0,1,21.2,6,0,12.466192342486478,0.5720455517754192,0,0,0,0,0.0,0,0,21.758094549154727,0.2674076650731332,0,0,0,1,22.466666666666665,6,0,-4.856572057440094,-6.385138174986404,0.1634868434464769,0.154521584624959,0.0751192174165421,0.0742800129678127,0.1304879665912572,0.1011103505716033,0.075725213417593,0.1044846012874622,0.2558139534883721,0.2853025936599423,0.3170731707317073,0.2972222222222222,0.7441860465116279,0.7146974063400576,0.6829268292682927,0.7027777777777777,0.1653705193528202,0.1672527661034394,0.1643699900927677,0.1566867112729736,1,5,0,0,1,0,2,1,0.0,737.5,0,-1
6c0d92b2-2fb9-4489-958b-a75d10263914,2019-06-16 02:00:00+00:00,2019-06-16,2019,0,0a5ad38d-2fe3-43ba-894b-1ba3d5042ea9,08ed8274-e29f-4248-bc2e-83cc8ed18d75,0a5ad38d-2fe3-43ba-894b-1ba3d5042ea9,08ed8274-e29f-4248-bc2e-83cc8ed18d75,1542.8812519823352,1377.2818616843103,0.7497310283227996,1.0971782870849651,0,27.106742137241728,0.5961697998488987,0,0,0,1,33.28333333333333,0,0,24.648723384601563,0.649317056724958,0,0,0,1,15.0,0,0,31.615642309107383,0.4861108285505245,0,0,0,1,31.25,0,0,15.346595571256607,0.6999918982419185,0,0,0,0,0.0,0,0,20.394344599239417,0.3819552715105846,0,0,0,1,29.23333333333333,0,0,17.140299305338583,0.3574137268236957,0,0,0,1,28.53333333333333,0,0,13.709220163977689,0.2948613563934823,0,0,0,0,0.0,19,0,30.7601023861412,0.5027754438489204,0,0,0,1,17.566666666666666,0,0,19.94964625643769,0.4702666909108106,0,0,0,1,21.95,0,0,26.598455380905072,0.3492852236520511,0,0,0,1,26.05,0,0,19.5447703069104,0.4560191274923194,0,0,0,1,21.716666666666665,0,0,12.696081275680402,0.3611882232037595,0,0,0,1,30.516666666666666,0,0,8.211793018700295,0.5244729998155322,0,0,0,1,17.933333333333334,0,0,13.663918945343791,0.3050547944457609,0,0,0,1,9.7,0,0,1.94138261755076,-5.041340911539955,0.2136968544161946,0.2179771045960357,0.0796916331951683,0.092982898369004,0.1072652860148042,0.1299259879266405,0.0891754208068753,0.129992942257278,0.2840646651270208,0.3006012024048096,0.2384259259259259,0.2520491803278688,0.7159353348729792,0.6993987975951904,0.7615740740740741,0.7479508196721312,0.1602221747489852,0.1661477667345228,0.1733043360065244,0.1527618125718434,0,0,1,1,1,2,2,3,358.3,224.7,0,0
c182615b-fbcf-4c74-81b5-6b1546692390,2019-06-16 19:30:00+00:00,2019-06-16,2019,0,a015b02d-845c-40c1-8ef4-844984f47e4d,d6a012ed-84aa-48d3-8265-2d3f3ff2199a,a015b02d-845c-40c1-8ef4-844984f47e4d,d6a012ed-84aa-48d3-8265-2d3f3ff2199a,1628.7563448252547,1605.4570625088418,0.5690639264372784,0.2780330186602079,1,26.45676756768854,0.7790427772396993,0,0,0,1,30.4,0,0,26.83013863195206,0.549915167129889,0,0,0,1,30.15,0,0,27.478198663667165,0.5117982616920844,0,0,0,1,24.75,0,0,28.473206089438165,0.3786387272304168,0,0,0,1,26.58333333333333,0,0,21.463867188702345,0.3380393592876326,0,0,0,1,27.433333333333334,0,0,15.44543041781763,0.3823825951195129,0,0,0,1,13.433333333333334,0,0,11.427611911965323,0.3521287077699036,0,0,0,1,15.25,0,0,29.27412028779534,0.6908069497074133,0,0,0,1,32.9,1,0,31.37586048645064,0.4244758014831202,0,0,0,1,28.566666666666663,1,0,22.74677706528969,0.4371727614276879,0,0,0,1,26.48333333333333,1,0,23.32983177391118,0.354364503985224,0,0,0,1,14.383333333333333,1,0,15.415059272085465,0.4315801900337569,0,0,0,1,29.666666666666668,1,0,11.28801998549372,0.5075494876300363,0,0,0,0,0.0,0,0,15.642376224578635,0.3518263956779457,0,0,0,1,17.183333333333334,1,0,3.501639119448677,1.4891634324076828,0.2527863751503585,0.2627744556761707,0.0914241480761212,0.1024268307173934,0.1632690117584732,0.1464810442007477,0.1514373488483645,0.1349886558197447,0.293103448275862,0.2481343283582089,0.2952898550724637,0.301707779886148,0.7068965517241379,0.7518656716417911,0.7047101449275363,0.698292220113852,0.1434512528953463,0.1643350750042137,0.1661681621801262,0.1941059790308869,1,1,0,0,1,1,3,3,1090.0,316.7,1,0
d31e127d-b71d-4119-b3a3-914ddbaa44d4,2019-06-16 23:00:00+00:00,2019-06-16,2019,0,6f017f37-be96-4bdc-b6d3-0a0429c72e89,171b097d-01db-4ae8-9d56-035689402ec6,6f017f37-be96-4bdc-b6d3-0a0429c72e89,FR_LVA_ACES,1520.6629368497788,1527.124238698066,0.5266540400660368,0.1067173250191258,0,31.05623439757671,0.7079086719861837,0,0,0,1,32.38333333333333,0,0,28.612031625558046,0.3623213881651966,0,0,0,1,34.15,0,0,17.497876467147723,0.453532845248961,0,0,0,1,32.18333333333333,0,0,18.36479731237093,0.3886837628620948,0,0,0,1,26.23333333333333,0,0,20.27333452800852,0.3493919668878144,0,0,0,1,25.316666666666663,0,0,13.984757561039103,0.3024193548387097,0,0,0,1,25.433333333333334,0,0,11.407715346357278,0.3451507967138998,0,0,0,0,0.0,0,0,22.29596937404831,0.909444092233684,0,0,0,1,16.533333333333335,0,0,28.69708267161662,0.6213129465086124,0,0,0,1,24.6,0,0,29.60546568708943,0.5853849540768585,0,0,0,1,26.98333333333333,0,0,23.97648066677684,0.4601379990411836,0,0,0,1,26.4,0,0,15.93243497880917,0.6656852613548923,0,0,0,1,13.966666666666669,0,0,22.79852965331611,0.3353811048430834,0,0,0,1,16.416666666666668,0,0,16.577066183622563,0.3677295703885123,0,0,0,1,17.466666666666665,0,0,0.2239747804970088,4.585921133743519,0.265634682274792,0.2168348218973103,0.1209819160680759,0.0860219277486916,0.1599795052560456,0.1274492842291007,0.1345768849550664,0.148441551521793,0.313953488372093,0.1976744186046511,0.2938931297709923,0.3013698630136986,0.686046511627907,0.8023255813953488,0.7061068702290076,0.6986301369863014,0.2015232377140315,0.1699177598042547,0.1856575963718821,0.1393986448334274,1,1,0,0,2,1,2,2,0.0,1298.0,0,2
5bf58a86-8e68-4d83-97d0-02378b264497,2019-06-19 02:30:00+00:00,2019-06-19,2019,0,0a5ad38d-2fe3-43ba-894b-1ba3d5042ea9,5c0d47fe-8539-47b0-9f36-d0b3609ca89b,0a5ad38d-2fe3-43ba-894b-1ba3d5042ea9,5c0d47fe-8539-47b0-9f36-d0b3609ca89b,1527.268354322403,1581.7215184646516,0.4577147349289815,-0.1695460417386212,0,25.56960928491265,0.68571016688138,0,0,0,1,34.416666666666664,2,0,27.64976671599235,0.6083005429976677,0,0,0,1,32.86666666666667,2,0,31.36590659208391,0.4941528608757696,0,0,0,1,28.966666666666665,2,0,13.899774774774777,0.6999918982419185,0,0,0,0,0.0,0,0,20.75627039002193,0.3843268066940726,0,0,0,1,24.23333333333333,2,0,17.95041906635349,0.3388469969942252,0,0,0,1,25.73333333333333,2,0,12.416765121118509,0.2948613563934823,0,0,0,0,0.0,22,0,27.554925369950748,0.6363394485350893,0,0,0,1,35.833333333333336,4,0,22.91765476586933,0.5780345212743819,0,0,0,1,31.03333333333333,4,0,29.14889687649089,0.4519597851476834,0,0,0,1,9.466666666666669,4,0,27.24933501296128,0.4271510952773699,0,0,0,1,35.583333333333336,4,0,22.21361534915181,0.4210923798413755,0,0,0,1,23.416666666666668,4,0,15.50564636571168,0.5294566122612431,0,0,0,1,13.133333333333333,4,0,11.820153429931764,0.4622721422512729,0,0,0,1,24.916666666666668,4,0,0.5534303618295013,3.739130974933464,0.2418108032217447,0.2473015966984493,0.0869952650729925,0.0718699593176722,0.124745781771623,0.1358166872215701,0.0886246502068201,0.1183647469079512,0.2823984526112185,0.3661971830985915,0.2450199203187251,0.2935010482180293,0.7176015473887815,0.6338028169014085,0.7549800796812749,0.7064989517819706,0.1569100784550392,0.1291289376355056,0.1634756995581738,0.1786739837917171,2,3,0,0,2,1,2,2,0.0,2298.4,0,-3
aed73acf-9316-44ff-aba0-08828240193a,2019-06-19 15:00:00+00:00,2019-06-19,2019,0,5d70a9af-8c2b-4aec-9e68-9acc6ddb93e4,f073a15f-0486-4179-b0a3-dfd0294eb595,5d70a9af-8c2b-4aec-9e68-9acc6ddb93e4,f073a15f-0486-4179-b0a3-dfd0294eb595,1430.2876800989789,1434.161969769242,0.5303649284405031,0.1216093642104062,1,26.815827069914384,0.4756298423647635,0,0,0,1,34.65,2,0,24.562424925213232,0.517789023670564,0,0,0,1,24.266666666666666,2,0,26.68641059730089,0.3860078542697274,0,0,0,1,26.98333333333333,2,0,22.64934560987249,0.3829569683648851,0,0,0,1,26.683333333333334,2,0,25.29245049125118,0.2934417730677767,0,0,0,1,19.33333333333333,2,0,11.290925407855507,0.5720455517754192,0,0,0,0,0.0,0,0,12.726040717787502,0.4376340383800065,0,0,0,1,17.566666666666666,2,0,25.589521597364392,0.6191463114526772,0,0,0,1,26.85,3,0,30.64785280353193,0.4724030548396853,0,0,0,1,37.516666666666666,3,0,22.441457499220228,0.4959713882733498,0,0,0,1,21.65,3,0,25.07180070037677,0.4377217359686258,0,0,0,1,25.133333333333333,3,0,26.9517790348609,0.3352787117275252,0,0,0,1,33.2,3,0,18.05061230259649,0.3269736645937328,0,0,0,1,26.58333333333333,3,0,7.904633055038704,0.470671285465631,0,0,0,1,15.633333333333333,3,0,-6.897132798783247,0.7903479875307564,0.1776643901288205,0.2625685414179339,0.0930156347214991,0.0901571224594519,0.1230034824600852,0.158256312917196,0.1229170766580615,0.1190218539679774,0.285012285012285,0.2346570397111913,0.2972350230414746,0.2429078014184397,0.714987714987715,0.7653429602888087,0.7027649769585254,0.7570921985815603,0.1782884310618066,0.1435487502814681,0.1533850493653032,0.1373402230078868,3,3,0,0,1,1,1,2,737.5,426.3,1,0
a32c8ffd-1544-4fae-8aff-264b67f97760,2019-06-19 23:00:00+00:00,2019-06-19,2019,0,08ed8274-e29f-4248-bc2e-83cc8ed18d75,3c409388-ab73-4c7f-953d-3a71062240f6,08ed8274-e29f-4248-bc2e-83cc8ed18d75,3c409388-ab73-4c7f-953d-3a71062240f6,1392.8947593442426,1469.5307227042638,0.426232204383892,-0.2972404987379287,0,31.043550249664165,0.4800726809727174,0,0,0,1,33.766666666666666,2,0,21.39839263189584,0.544418688833568,0,0,0,1,35.31666666666667,2,0,27.27267680244652,0.3978157651687485,0,0,0,1,33.75,2,0,20.11877771893981,0.472514576160167,0,0,0,1,25.633333333333333,2,0,14.45627565239042,0.3519093196330852,0,0,0,1,31.366666666666667,2,0,8.466798594859684,0.529083247908667,0,0,0,1,10.916666666666666,2,0,13.868443384536606,0.310134975751053,0,0,0,1,15.833333333333334,2,0,31.5715714963636,0.4938960359498368,0,0,0,1,33.61666666666667,3,0,28.79954751413466,0.4741980267534978,0,0,0,1,30.65,3,0,18.867919098330265,0.6746640032464308,0,0,0,1,18.73333333333333,3,0,22.637720330338382,0.5221336199225844,0,0,0,1,28.1,3,0,28.50465702400485,0.4019035875306924,0,0,0,1,34.983333333333334,3,0,21.1127180294949,0.3640043311252482,0,0,0,1,32.86666666666667,3,0,20.026364963231373,0.3815984517101104,0,0,0,1,8.1,3,0,-3.3611359469266846,0.2537896010383239,0.2479322017589797,0.2157056307947598,0.0942652129123936,0.0894243207186994,0.1333897644907072,0.1309407066064815,0.1527546086916857,0.0776666682191729,0.2987697715289982,0.2867298578199052,0.2552447552447552,0.2959641255605381,0.7012302284710018,0.7132701421800948,0.7447552447552448,0.7040358744394619,0.1582028160101249,0.1822315242494226,0.1508711167086482,0.1414204902576995,3,3,0,0,1,1,3,1,2457.5,656.6,3,0
15e63a4e-8b98-4d2d-9d6a-0cd5d4e537ac,2019-06-21 00:00:00+00:00,2019-06-21,2019,0,5f0b5caf-708b-4300-92f2-53b51d83ec06,0699edf3-5993-4182-b9b4-ec935cbd4fcc,5f0b5caf-708b-4300-92f2-53b51d83ec06,0699edf3-5993-4182-b9b4-ec935cbd4fcc,1437.9820894341417,1504.152322980138,0.4410270390230281,-0.2369949150952365,1,27.98383663005926,0.4394317964859198,0,0,0,1,31.966666666666665,4,0,28.85064187113332,0.3698954909659092,0,0,0,1,29.53333333333333,4,0,19.438188561002203,0.5234735650204686,0,0,0,0,0.0,0,0,17.31396910944577,0.4532913887521094,0,0,0,1,14.9,4,0,8.91816061374781,0.4924134644582877,0,0,0,1,14.6,4,0,10.433637732233304,0.3685828321074137,0,0,0,1,11.65,4,0,7.435351971051896,0.4684216121619522,0,0,0,1,22.116666666666667,4,0,34.05592349979735,0.7151139252381473,0,0,0,1,35.35,5,0,33.850894468593054,0.5950106205661537,0,0,0,1,36.71666666666667,5,0,16.507452621701685,0.6584919181463492,0,0,0,0,0.0,0,0,28.98802279331731,0.3052550845795208,0,0,0,1,23.933333333333334,5,0,21.419657910749013,0.3382008885025407,0,0,0,1,15.2,5,0,18.674879563868853,0.3269115808406879,0,0,0,1,25.8,5,0,16.325452824262513,0.3267358524312426,0,0,0,1,23.466666666666665,5,0,-3.284750185523136,-2.494292311837033,0.1850200344775355,0.2088553007952882,0.08376610763658,0.0794749348313574,0.1538015438547928,0.1023339409882436,0.0915181994392849,0.0989833548443366,0.2631578947368421,0.299492385786802,0.3118556701030928,0.2572115384615384,0.7368421052631579,0.700507614213198,0.6881443298969072,0.7427884615384616,0.1603982300884955,0.1643210640272193,0.1763469908449647,0.154297757037483,4,5,0,0,0,0,2,1,0.0,866.9,0,2
7509da60-174a-4ff7-ab87-4423f77fd7f6,2019-06-21 02:00:00+00:00,2019-06-21,2019,0,171b097d-01db-4ae8-9d56-035689402ec6,5c0d47fe-8539-47b0-9f36-d0b3609ca89b,FR_LVA_ACES,5c0d47fe-8539-47b0-9f36-d0b3609ca89b,1538.1953299903985,1619.8807152429272,0.4191393824074015,-0.3263073076827427,0,23.259539263464177,0.855669233758506,0,0,0,1,32.516666666666666,4,0,28.977044169330487,0.6250793684913513,0,0,0,1,31.666666666666668,4,0,29.80293070718416,0.5895102311988961,0,0,0,1,31.7,4,0,25.23571579314665,0.4626662552038707,0,0,0,1,37.333333333333336,4,0,16.3033399262772,0.661349676672552,0,0,0,1,19.866666666666667,4,1,22.09630957097984,0.3240786875644525,0,0,0,1,15.35,4,0,16.279115297701843,0.3640366037330902,0,0,0,1,13.416666666666666,4,0,27.414617792777776,0.637509600797947,0,0,0,1,26.066666666666663,1,0,29.276273928176924,0.4636341570632918,0,0,0,1,30.5,1,0,23.634061763091463,0.5587844024798232,0,0,0,1,30.516666666666666,1,0,27.604505236775218,0.4314656278478465,0,0,0,1,31.016666666666666,1,0,22.295609173824225,0.4366577814687191,0,0,0,1,23.08333333333333,1,0,15.797370687824047,0.5299968289486146,0,0,0,1,18.6,1,0,11.98795084273025,0.4530816487430989,0,0,0,1,13.6,1,0,4.897658069144006,7.289186809275731,0.2411337413035996,0.2732677202020832,0.0965622114802098,0.0857488268380924,0.1331106456703107,0.1439626844487483,0.177590433852567,0.127203762899826,0.2106339468302658,0.3730017761989342,0.3122529644268774,0.292817679558011,0.7893660531697342,0.6269982238010657,0.6877470355731226,0.7071823204419889,0.1717500740302043,0.1379906333630687,0.1437045190484926,0.1909970319885676,3,1,0,0,1,1,2,2,1298.0,224.7,-2,0
f8231247-07fc-49a0-bf1f-622db6310844,2019-06-21 23:30:00+00:00,2019-06-21,2019,0,a015b02d-845c-40c1-8ef4-844984f47e4d,5d70a9af-8c2b-4aec-9e68-9acc6ddb93e4,a015b02d-845c-40c1-8ef4-844984f47e4d,5d70a9af-8c2b-4aec-9e68-9acc6ddb93e4,1647.5653445434486,1446.297782746995,0.7862555605549997,1.3025007870515586,1,26.603829138858234,0.7864779283977528,0,0,0,1,28.016666666666666,4,0,27.033133938524657,0.5782810011894322,0,0,0,1,28.98333333333333,4,0,27.76936811002813,0.4936745751377778,0,0,0,1,30.566666666666663,4,0,27.86450721112364,0.3529402331073745,0,0,0,1,22.016666666666666,4,0,22.40846574285,0.3553470252573074,0,0,0,1,31.48333333333333,4,0,15.684694605146396,0.3862831378730163,0,0,0,1,17.983333333333334,4,0,11.239598635134918,0.3343911847794278,0,0,0,1,9.433333333333334,4,0,24.88964945160639,0.5161128995479551,0,0,0,1,28.03333333333333,1,0,27.1317319487356,0.4687085407986296,0,0,0,1,30.166666666666668,1,0,27.24392213723516,0.4318687614564205,0,0,0,1,32.6,1,0,26.198215054339123,0.3272694168971575,0,0,0,1,34.9,1,0,22.85681524199526,0.372554205332046,0,0,0,1,24.85,1,0,13.581500349533009,0.4699060804577628,0,0,0,1,21.8,1,0,10.226458333333335,0.5720455517754192,0,0,0,0,0.0,0,0,4.562428716857553,-4.9881106615879895,0.2810922724978915,0.2094394270067356,0.1026631156586043,0.0953931643727598,0.1782883287958225,0.1438146552602516,0.1500162544693649,0.1432164892173785,0.2941176470588235,0.2905263157894737,0.2889983579638752,0.2859922178988326,0.7058823529411765,0.7094736842105264,0.7110016420361248,0.7140077821011673,0.1477890754315441,0.1681195516811955,0.1683123877917414,0.1438347868217054,4,1,0,0,0,1,2,2,0.0,858.2,0,0
79f1936b-3d37-46d3-9c55-3ba343154a5c,2019-06-22 00:00:00+00:00,2019-06-22,2019,0,3c409388-ab73-4c7f-953d-3a71062240f6,f073a15f-0486-4179-b0a3-dfd0294eb595,3c409388-ab73-4c7f-953d-3a71062240f6,f073a15f-0486-4179-b0a3-dfd0294eb595,1481.5375468860416,1418.151867121226,0.6245225148233692,0.508788871651525,0,31.57739417604144,0.5465088487193173,0,0,0,1,31.633333333333333,2,0,29.08556172457683,0.4795978457338804,0,0,0,1,31.83333333333333,2,0,19.0390697002495,0.7000630642877178,0,0,0,1,20.683333333333334,2,0,23.631922082351643,0.4993119576378711,0,0,0,1,33.18333333333333,2,0,28.783904439529984,0.3944655823193033,0,0,0,1,31.466666666666665,2,0,21.48548181869617,0.3695368755423185,0,0,0,1,25.066666666666663,2,0,19.23667196770972,0.3951561556042383,0,0,0,1,11.65,2,0,31.062871110585856,0.4688083000578446,0,0,0,1,35.05,2,0,23.17703526792525,0.6191463114526772,0,0,0,0,0.0,6,0,22.47997338918621,0.4950591651890645,0,0,0,1,22.85,2,0,25.05874650439289,0.4029306750818643,0,0,0,1,24.933333333333334,2,0,27.25015304380403,0.3226939019471838,0,0,0,1,30.116666666666667,2,0,19.571546126826977,0.3290692852506487,0,0,0,1,34.18333333333333,2,0,9.359194382446764,0.5264140034256167,0,0,0,1,23.33333333333333,2,0,1.6596111046915716,-0.5429488545307863,0.2481363001482275,0.2784712112396707,0.0956189306500809,0.0915448368736211,0.1338019571915232,0.1797614355262942,0.0984867291026066,0.1219423600637741,0.2862985685071574,0.2334384858044164,0.2922201138519924,0.2515822784810126,0.7137014314928425,0.7665615141955836,0.7077798861480076,0.7484177215189873,0.177282906195571,0.136843152866242,0.1348112642300779,0.1337353499003064,1,1,0,0,1,1,2,2,718.4,586.3,-1,-1
eee048d9-134b-4567-a0a1-5678a67595ca,2019-06-22 02:30:00+00:00,2019-06-22,2019,0,d6a012ed-84aa-48d3-8265-2d3f3ff2199a,0a5ad38d-2fe3-43ba-894b-1ba3d5042ea9,d6a012ed-84aa-48d3-8265-2d3f3ff2199a,0a5ad38d-2fe3-43ba-894b-1ba3d5042ea9,1586.6480627906478,1489.1091575441274,0.6693818612461259,0.7053906413311195,1,29.63009639124225,0.6773648803486536,0,0,0,1,33.05,5,0,30.798336806557547,0.4228406067952386,0,0,0,1,25.25,5,0,23.462009791096538,0.4239872219053612,0,0,0,1,30.33333333333333,5,0,21.130380720927352,0.354364503985224,0,0,0,0,0.0,7,0,16.694226432842996,0.4382861273865583,0,0,0,1,28.98333333333333,5,0,15.206281277279274,0.3431280769188409,0,0,0,1,11.016666666666667,5,0,10.223826823545584,0.5075494876300363,0,0,0,0,0.0,0,0,25.79559507141357,0.6479685012488058,0,0,0,1,27.966666666666665,2,0,27.750350133938944,0.5866929803531862,0,0,0,1,28.716666666666665,2,0,30.987301633923817,0.4774610787886977,0,0,0,1,27.35,2,0,14.916409161871265,0.589631436330242,0,0,0,1,24.683333333333334,2,0,20.73368142895528,0.3487657285990044,0,0,0,1,20.516666666666666,2,0,18.094936606441927,0.3101182388819932,0,0,0,1,19.48333333333333,2,0,11.246158003803728,0.2948613563934823,0,0,0,0,0.0,25,0,-0.0421407419725541,-3.401312426265204,0.2818312691332463,0.2482965680039594,0.1121635069601773,0.1067903823636874,0.1546691597704595,0.137794768603474,0.1520338944260954,0.1059811708574535,0.2462057335581787,0.2830188679245283,0.3018549747048903,0.2658450704225352,0.7537942664418212,0.7169811320754716,0.6981450252951096,0.7341549295774648,0.1666919230186392,0.1715288325564342,0.1932403758714762,0.1677154298195434,4,2,0,0,0,1,2,3,23.0,984.1,0,0
59d0b7a9-98b5-48ee-b4d2-b69698483b7a,2019-06-23 00:00:00+00:00,2019-06-23,2019,0,6f017f37-be96-4bdc-b6d3-0a0429c72e89,08ed8274-e29f-4248-bc2e-83cc8ed18d75,6f017f37-be96-4bdc-b6d3-0a0429c72e89,08ed8274-e29f-4248-bc2e-83cc8ed18d75,1509.5918455574465,1380.8879351624648,0.707814014578567,0.884790832025942,1,30.91423213781352,0.6938993589785106,0,0,0,1,29.55,6,0,28.609326055725216,0.3591759786377621,0,0,0,1,28.58333333333333,6,0,18.82423045539823,0.445920036461267,0,0,0,1,31.566666666666663,6,0,19.835684385727184,0.4200468511799909,0,0,0,1,33.96666666666667,6,0,21.13690565072153,0.3486434960981239,0,0,0,1,29.433333333333334,6,0,14.635130006648794,0.304387276080125,0,0,0,1,20.883333333333333,6,0,7.668504952677651,0.5026415120947086,0,0,0,1,12.033333333333331,6,0,31.61295886743333,0.4643439058218775,0,0,0,1,37.083333333333336,3,0,27.99018161272449,0.3864933276954194,0,0,0,1,34.88333333333333,3,0,21.05191442045428,0.4719937526132184,0,0,0,1,30.016666666666666,3,0,15.98924573485248,0.3678021408181532,0,0,0,1,30.716666666666665,3,0,9.043443077405502,0.5163156472947578,0,0,0,1,14.583333333333334,3,0,14.440218985551825,0.2934224786817671,0,0,0,1,19.933333333333334,3,0,8.436723807764354,0.3612955997369589,0,0,0,0,0.0,13,0,-0.5412215169700818,-4.474008223226639,0.2863433689515485,0.2676225613061052,0.1267381386517369,0.0949289659474526,0.1576372690773748,0.1346108032068121,0.1357536363867387,0.1511564230914702,0.3219178082191781,0.2953846153846154,0.2950257289879931,0.2582159624413145,0.678082191780822,0.7046153846153846,0.7049742710120068,0.7417840375586855,0.1982848361671541,0.1511671510265304,0.1854936402180496,0.1504042113179169,5,2,0,0,0,1,1,2,0.0,1019.2,0,-1
6474b8eb-5c28-403d-9be7-dc391b9fd595,2019-06-23 02:30:00+00:00,2019-06-23,2019,0,171b097d-01db-4ae8-9d56-035689402ec6,5f0b5caf-708b-4300-92f2-53b51d83ec06,FR_LVA_ACES,5f0b5caf-708b-4300-92f2-53b51d83ec06,1510.395667154991,1463.9572682194444,0.601383367853475,0.4112324811408788,1,23.2319283082006,0.839843855059225,0,0,0,1,22.966666666666665,1,0,29.46158894544613,0.6346001204648443,0,0,0,1,34.11666666666667,1,0,29.596817744492583,0.5781711675273622,0,0,0,1,27.616666666666667,1,0,25.17578283759921,0.4272430531878058,0,0,0,1,24.6,1,0,16.208748714530063,0.6575937167852882,2,0,0,1,15.3,1,1,21.306307543184232,0.3259767907942475,0,0,0,1,13.716666666666669,1,0,16.802746621980504,0.3605846649654721,0,0,0,1,21.83333333333333,1,0,28.19591093649436,0.4272611485555246,0,0,0,1,30.23333333333333,1,0,29.598506954714523,0.39879851972052,0,0,0,1,36.78333333333333,1,0,17.76203602000244,0.4493208390387048,0,0,0,1,22.066666666666663,1,0,9.570097758732528,0.4797230400720093,0,0,0,1,15.833333333333334,1,0,9.345828732202769,0.4881923040490815,0,0,0,1,27.7,1,0,10.252912724459566,0.3581970682691513,0,0,0,1,8.516666666666667,1,0,15.863672406411526,0.2093527071236661,0,0,0,1,30.73333333333333,1,0,1.7059911282396545,-1.3939247110844917,0.2593902469407669,0.2082872594752681,0.1057470089610575,0.1007408435685466,0.1441305456830717,0.1770122321640462,0.1840753614946072,0.1043166388830053,0.2132616487455197,0.2727272727272727,0.3101045296167247,0.3140311804008908,0.7867383512544803,0.7272727272727273,0.6898954703832753,0.6859688195991092,0.1719018596655727,0.1698113207547169,0.1455839534131349,0.1749611197511664,1,1,0,0,1,1,2,2,0.0,1054.3,0,-2
224ebf19-75de-4264-8354-57dcb61a2c20,2019-06-23 17:00:00+00:00,2019-06-23,2019,0,5d70a9af-8c2b-4aec-9e68-9acc6ddb93e4,5c0d47fe-8539-47b0-9f36-d0b3609ca89b,5d70a9af-8c2b-4aec-9e68-9acc6ddb93e4,5c0d47fe-8539-47b0-9f36-d0b3609ca89b,1440.023676831299,1647.6803780783346,0.258945512172769,-1.0514564935672257,0,25.418572743503923,0.53759003702834,0,0,0,1,30.5,1,0,26.877336814920127,0.4509683372970812,0,0,0,1,24.433333333333334,1,0,27.480185975205966,0.4404828755495374,0,0,0,1,29.75,1,0,22.827889825231964,0.3964014047859743,0,0,0,1,22.55,1,0,26.344511652866466,0.3299249220478338,0,0,0,1,27.75,1,0,13.6838058535766,0.459458263092467,0,0,0,1,14.666666666666666,1,0,9.262345314108831,0.5720455517754192,0,0,0,0,0.0,0,0,27.85319591427324,0.6805376468852976,0,0,0,1,32.06666666666667,1,0,29.21251730027455,0.4655333780418799,0,0,0,1,28.6,1,0,23.453296779242184,0.5338686793944877,0,0,0,1,21.716666666666665,1,0,28.083318539552234,0.4152725710640194,0,0,0,1,32.68333333333333,1,0,22.95752874724185,0.4589054845303862,0,0,0,1,29.316666666666663,1,0,15.915463989411618,0.5566649789729248,0,0,0,1,17.05,1,0,12.95962584427704,0.4254733504032486,0,0,0,1,16.566666666666666,1,0,-5.932901050311477,9.331922670858496,0.2342136260341399,0.304348125648531,0.0989184327297717,0.0938158515412847,0.1459690591598478,0.1492456772234075,0.1441178924677684,0.1332348753678054,0.2979890310786106,0.3645007923930269,0.2941176470588235,0.2859477124183006,0.7020109689213894,0.6354992076069731,0.7058823529411765,0.7140522875816994,0.1629601226993865,0.1403447761935516,0.1443773060264157,0.1889690822198381,1,2,0,0,2,1,2,2,858.2,1744.0,0,3
09c0c836-99fe-4ab0-8047-456f043cc67e,2019-06-23 22:00:00+00:00,2019-06-23,2019,0,3c409388-ab73-4c7f-953d-3a71062240f6,a015b02d-845c-40c1-8ef4-844984f47e4d,3c409388-ab73-4c7f-953d-3a71062240f6,a015b02d-845c-40c1-8ef4-844984f47e4d,1465.9834226335786,1653.8394504591442,0.2814107326469677,-0.9374746549384276,1,31.52295956884889,0.5491591614204931,0,0,0,1,31.0,0,0,29.830134692330944,0.4674425354792733,0,0,0,1,36.98333333333333,0,0,18.92853983823743,0.6712491331002921,0,0,0,1,17.866666666666667,0,0,24.29513202460019,0.5012675994532503,0,0,0,1,30.666666666666668,0,0,28.93312146264593,0.3919315401551424,0,0,0,1,30.366666666666667,0,0,22.0383671036872,0.3692452727416205,0,0,0,1,27.35,0,0,18.61413339763613,0.3842677297218989,0,0,0,1,12.633333333333333,0,0,27.035568013801416,0.7700495834560726,0,0,0,1,31.183333333333334,1,0,27.11328762211226,0.5625573156531296,0,0,0,1,27.883333333333333,1,0,27.78168360594496,0.4964021052052115,0,0,0,1,27.9,1,0,28.343948836671228,0.3721756662420631,0,0,0,1,32.95,1,0,23.30015026860317,0.3820923172162246,0,0,0,1,31.866666666666667,1,0,14.205999070633524,0.3862831378730163,0,0,0,0,0.0,6,0,11.862803053559269,0.326861996831769,0,0,0,1,17.85,1,0,0.4129119407239141,5.547350839519241,0.2648455394321958,0.3061492941487349,0.0997781048305267,0.1081978239813992,0.1350517659732025,0.1803352255996592,0.1074941845159588,0.1712268975981749,0.2931654676258993,0.3,0.2908163265306122,0.2951541850220264,0.7068345323741008,0.7,0.7091836734693877,0.7048458149779736,0.1719962573614398,0.1478529184880432,0.1411075612353567,0.1640596907587199,1,1,0,0,2,1,2,2,0.0,800.9,0,-1
8d0eb731-37cb-4d05-a750-90762370f436,2019-06-23 22:00:00+00:00,2019-06-23,2019,0,0699edf3-5993-4182-b9b4-ec935cbd4fcc,0a5ad38d-2fe3-43ba-894b-1ba3d5042ea9,0699edf3-5993-4182-b9b4-ec935cbd4fcc,0a5ad38d-2fe3-43ba-894b-1ba3d5042ea9,1478.1771441948354,1469.035765483977,0.5489758520933866,0.1965335741847166,1,34.19206574075906,0.6709912394217428,0,0,0,1,35.5,1,0,34.177634771923465,0.5469048766012397,0,0,0,1,37.31666666666667,1,0,14.951190476190485,0.6584919181463492,0,0,0,0,0.0,0,0,28.821025828413006,0.2988781480756362,0,0,0,1,27.216666666666665,1,0,22.280433106940624,0.3305301342333036,0,0,0,1,30.55,1,0,16.783435998101496,0.353073365240364,0,0,0,1,21.183333333333334,1,0,11.778504026271063,0.4100845096733485,0,0,0,1,16.0,1,0,26.32360191045462,0.6005308764422039,0,0,0,1,12.616666666666667,0,0,25.904428138036387,0.6070757226721418,0,0,0,1,26.95,0,0,30.44169604207797,0.4557242390659224,0,0,0,1,25.2,0,0,15.65807394627041,0.5165367221621595,0,0,0,1,22.78333333333333,0,0,20.985052173738467,0.3427226152582297,0,0,0,1,23.4,0,0,18.191261572631333,0.3197611009582989,0,0,0,1,19.116666666666667,0,0,12.39669150910736,0.3056447131286056,0,0,0,1,23.45,0,0,-3.8402908355613983,-5.351699539422524,0.2169844349478994,0.2650714336120824,0.0890702201856697,0.1152614468478762,0.1083989946331206,0.1395346601947002,0.1221073545631726,0.1145358188190923,0.3032967032967033,0.2888198757763975,0.2676348547717842,0.2774294670846395,0.6967032967032967,0.7111801242236024,0.7323651452282157,0.7225705329153606,0.164583056257481,0.1727810650887574,0.1647894534749776,0.1684323018306849,2,1,0,0,1,1,1,2,866.9,1133.4,-2,0
3f195f82-f61d-4f9a-98e0-02936baa3024,2019-06-23 23:00:00+00:00,2019-06-23,2019,0,d6a012ed-84aa-48d3-8265-2d3f3ff2199a,f073a15f-0486-4179-b0a3-dfd0294eb595,d6a012ed-84aa-48d3-8265-2d3f3ff2199a,f073a15f-0486-4179-b0a3-dfd0294eb595,1606.7214548507982,1433.705991373689,0.7576555195917627,1.139868635961747,1,29.551837945168177,0.6870749785889448,0,0,0,1,28.8,0,0,30.82363396253721,0.428931535860594,0,0,0,1,31.066666666666663,0,0,23.421595745442296,0.4448841290993717,0,0,0,1,23.03333333333333,0,0,17.08758880916574,0.440463665020336,0,0,0,1,20.866666666666667,0,0,19.13828585384973,0.354364503985224,0,0,0,0,0.0,8,0,15.79020238303742,0.3648790261299103,0,0,0,1,21.4,0,0,9.259961893421323,0.5075494876300363,0,0,0,0,0.0,0,0,31.905430874281,0.4756695704754915,0,0,0,1,40.0,0,0,20.99198930963906,0.6191463114526772,0,0,0,0,0.0,7,0,23.732594145436448,0.525735107443349,0,0,0,1,35.766666666666666,0,0,25.42874216990353,0.393738819856235,0,0,0,1,28.98333333333333,0,0,26.209956377773416,0.3055242086968827,0,0,0,1,16.216666666666665,0,0,20.47456766000692,0.3110714906197221,0,0,0,1,29.15,0,0,11.220285200548169,0.5412073436067341,0,0,0,1,29.1,0,0,2.2328825181650624,0.5984754842368916,0.3050930272440176,0.3001288905543454,0.1205106348911775,0.1026065101077677,0.1715129633812847,0.187256199046832,0.1552091583029038,0.1336287866948255,0.2594268476621418,0.237410071942446,0.3058103975535168,0.2603719599427754,0.7405731523378583,0.762589928057554,0.6941896024464832,0.7396280400572246,0.1674966047985513,0.1419814297304606,0.1924310455420141,0.1335187146892655,1,1,0,0,1,2,2,2,23.0,1732.7,0,-2
269446fc-3a6f-4fb9-90e8-0131fa728e10,2019-06-25 23:00:00+00:00,2019-06-25,2019,0,f073a15f-0486-4179-b0a3-dfd0294eb595,6f017f37-be96-4bdc-b6d3-0a0429c72e89,f073a15f-0486-4179-b0a3-dfd0294eb595,6f017f37-be96-4bdc-b6d3-0a0429c72e89,1429.800850382114,1517.9179885070437,0.4101533549124652,-0.363331453397273,0,32.55228304340845,0.4552826857223185,0,0,0,1,38.766666666666666,1,0,20.21810730287477,0.6249053346570866,0,0,0,1,12.783333333333331,1,0,24.56858067688948,0.5046460004798017,0,0,0,1,32.6,1,0,23.91446854714189,0.3847333983700229,0,0,0,1,9.366666666666667,1,0,26.428995843677285,0.2994823587899217,0,0,0,1,28.53333333333333,1,0,12.844639577618423,0.5313571002735604,0,0,0,1,28.45,1,0,21.4291563187652,0.296663738132235,0,0,0,1,30.6,1,0,30.94902964604293,0.7077666513900781,0,0,0,1,31.28333333333333,1,0,29.241669551058664,0.3641383286401407,0,0,0,1,35.31666666666667,1,0,20.204665687646106,0.4652681931666273,0,0,0,1,33.46666666666667,1,0,20.60224360110925,0.4160394120041175,0,0,0,1,27.966666666666665,1,0,22.42972593757484,0.3482806171440123,0,0,0,1,34.85,1,0,14.5359704703492,0.2984808183230091,0,0,0,1,13.583333333333334,1,0,7.330508109420832,0.4922633585077204,0,0,0,1,4.083333333333333,1,0,-0.6968843138867664,0.4927259169520936,0.3071874644053777,0.3116418703430825,0.1169017042450441,0.1358137968226919,0.1978852714776561,0.1811846824954274,0.1431267705245242,0.1671473133616407,0.2371541501976284,0.3132716049382716,0.2693823915900131,0.2998477929984779,0.7628458498023716,0.6867283950617284,0.7306176084099869,0.700152207001522,0.1501470828566759,0.198201789352467,0.1357704466239766,0.1859029248726846,1,2,0,0,2,1,3,1,1866.8,511.4,3,1
f07118ba-dbd5-44ee-94ef-5b13d5ddaa92,2019-06-26 02:00:00+00:00,2019-06-26,2019,0,171b097d-01db-4ae8-9d56-035689402ec6,d6a012ed-84aa-48d3-8265-2d3f3ff2199a,FR_LVA_ACES,d6a012ed-84aa-48d3-8265-2d3f3ff2199a,1531.5114181977438,1610.626595842373,0.4227457189649553,-0.3115120033731202,1,23.566741760684856,0.8383042024360606,0,0,0,1,26.78333333333333,2,0,28.8241311159158,0.6629741573327325,0,0,0,1,22.7,2,0,28.78948381307533,0.5677302820177837,0,0,0,1,21.03333333333333,2,0,16.706017224920792,0.7041703491285087,5,0,0,1,21.48333333333333,2,1,24.91880601965803,0.42296434927437,0,0,0,1,22.45,2,0,20.96946062699993,0.3137804734973455,0,0,0,1,17.733333333333334,2,0,17.006753074619397,0.3372934089358031,0,0,0,1,18.966666666666665,2,0,29.741788614166893,0.6796105600578332,0,0,0,1,31.566666666666663,2,0,30.994245787999784,0.4329143008030813,0,0,0,1,32.63333333333333,2,0,24.04492613807726,0.4359495080637509,0,0,0,1,30.03333333333333,2,0,18.114799678020866,0.4277946263410423,0,0,0,1,27.98333333333333,2,0,17.33399839127887,0.354364503985224,8,2,3,0,0.0,11,1,15.60414466725368,0.3483656685306348,0,0,0,1,13.816666666666666,2,0,12.317050938506176,0.3497351196219009,0,0,0,1,17.9,2,0,4.106338919207809,3.2613122586652,0.2899304141128988,0.3166255051736981,0.1112132405390062,0.125551801222312,0.1435460784837513,0.1730201626129759,0.1810057042069463,0.1603442263687972,0.2179487179487179,0.2689655172413793,0.3210445468509985,0.2994428969359331,0.782051282051282,0.7310344827586207,0.6789554531490015,0.7005571030640668,0.1703317357391222,0.1669570267131242,0.1449550876859464,0.1959280145961187,2,1,0,0,1,2,2,2,0.0,877.9,0,0
836df97e-d4e1-41fb-9c85-7177d3c77a73,2019-06-26 16:00:00+00:00,2019-06-26,2019,0,3c409388-ab73-4c7f-953d-3a71062240f6,5c0d47fe-8539-47b0-9f36-d0b3609ca89b,3c409388-ab73-4c7f-953d-3a71062240f6,5c0d47fe-8539-47b0-9f36-d0b3609ca89b,1501.5859523493116,1659.1275603819065,0.3180016152772881,-0.7629708271432822,0,30.84357667979013,0.5648491513279332,0,0,0,1,24.316666666666663,2,0,19.34852144541605,0.7130001381873935,0,0,0,1,23.383333333333333,2,0,29.7063057397648,0.4594807048342969,0,0,0,1,28.516666666666666,2,0,23.92005688880124,0.5142136028702077,0,0,0,1,20.316666666666663,2,0,29.08869739100254,0.4015614539284494,0,0,0,1,30.58333333333333,2,0,22.92880391096938,0.390295738988995,0,0,0,1,31.48333333333333,2,0,18.856348153347074,0.3770373516332377,0,0,0,1,21.183333333333334,2,0,28.35570173911206,0.6934986718484689,0,0,0,1,33.18333333333333,2,0,29.27575937782436,0.4705108798561614,0,0,0,1,29.883333333333333,2,0,23.729529889134707,0.543829490238749,0,0,0,1,26.383333333333333,2,0,28.61598123116464,0.4110199179539348,0,0,0,1,33.733333333333334,2,0,22.62999433398741,0.4539028852427564,0,0,0,1,19.48333333333333,2,0,15.937575185088052,0.5884658703938311,0,0,0,1,16.15,2,0,13.486665835072358,0.4171259001123144,0,0,0,1,18.55,2,0,2.570209857936259,9.68485912574208,0.2948714016178672,0.3253414765162345,0.1076302164844574,0.0956736462794203,0.1375254409451562,0.1616905610761092,0.1104539622057566,0.1359620339695644,0.2945859872611465,0.3673758865248226,0.2848484848484848,0.2878120411160059,0.7054140127388535,0.6326241134751773,0.7151515151515152,0.7121879588839941,0.1721275452902974,0.1365508595988538,0.143793314789496,0.1839531194924215,2,2,0,0,1,1,3,2,0.0,586.3,0,-1
855e5e56-461a-4934-8e15-cbea81fd6f3c,2019-06-27 00:00:00+00:00,2019-06-27,2019,0,5f0b5caf-708b-4300-92f2-53b51d83ec06,a015b02d-845c-40c1-8ef4-844984f47e4d,5f0b5caf-708b-4300-92f2-53b51d83ec06,a015b02d-845c-40c1-8ef4-844984f47e4d,1442.8415171766917,1618.2369207434112,0.2961403379865704,-0.8657455357688801,1,28.655107939000587,0.4139477428727692,0,0,0,1,33.06666666666667,3,0,29.130408579397194,0.4044621843422104,0,0,0,1,24.633333333333333,3,0,17.89603072269483,0.461762975848081,0,0,0,1,19.183333333333334,3,0,10.163715203082372,0.4813671536497887,0,0,0,1,15.866666666666667,3,0,9.82860256856241,0.4805140190137398,0,0,0,1,14.466666666666669,3,0,11.03827425460462,0.3436833160031719,0,0,0,1,18.58333333333333,3,0,11.326955948786422,0.3206753800172863,12,12,0,1,35.15,3,1,26.66925089920685,0.7662535571530633,0,0,0,1,23.15,3,0,26.612370334387577,0.5683190560590293,0,0,0,1,21.8,3,0,27.587001375676834,0.4842733512756935,0,0,0,1,25.716666666666665,3,0,28.24238662112937,0.3718556420954468,0,0,0,1,27.266666666666666,3,0,22.53492651010526,0.358438303018494,0,0,0,1,15.183333333333334,3,0,12.86670953278385,0.3862831378730163,0,0,0,0,0.0,10,0,12.348690429886616,0.3248437993112594,0,0,0,1,17.016666666666666,3,0,-3.8236929803683255,2.828141187361352,0.2192598997857429,0.3185325573927416,0.1069935891319423,0.1147129919663696,0.1917496127805177,0.1790466039486639,0.1189694083442631,0.1825815177028535,0.2905525846702317,0.2941176470588235,0.3067961165048544,0.2961487383798141,0.7094474153297683,0.7058823529411765,0.6932038834951456,0.703851261620186,0.16580592552324,0.1494275179507083,0.1726893874521892,0.1649157097483508,3,2,0,0,1,1,2,2,1054.3,817.0,2,0
7cfc6e10-c0b4-4876-a083-83dad80aa0a1,2019-06-28 02:30:00+00:00,2019-06-28,2019,0,0a5ad38d-2fe3-43ba-894b-1ba3d5042ea9,171b097d-01db-4ae8-9d56-035689402ec6,0a5ad38d-2fe3-43ba-894b-1ba3d5042ea9,FR_LVA_ACES,1453.8159617562594,1541.8396980831226,0.4102834369364871,-0.3627937894275564,1,26.462791312424727,0.5966108493833914,0,0,0,1,27.8,4,0,25.67774746364156,0.6017568582493873,0,0,0,1,23.5,4,0,30.426766186180288,0.435982540905956,0,0,0,1,30.28333333333333,4,0,16.865621133885366,0.5266986636306629,0,0,0,1,28.466666666666665,4,0,20.69734730376827,0.3556472354145403,0,0,0,1,17.933333333333334,4,0,19.060998960578075,0.3088728699482106,0,0,0,1,27.416666666666668,4,0,12.748968408253615,0.2821111399255758,0,0,0,1,16.133333333333333,4,0,24.215670125412764,0.8254153135437118,0,0,0,1,30.45,1,0,29.08582986279109,0.6426440671418162,0,0,0,1,31.6,1,0,28.766906156710483,0.5391429430739629,0,0,0,1,28.55,1,0,16.897145159000683,0.7065621317829267,7,0,0,1,18.73333333333333,1,1,25.0945868226712,0.3995712326111621,0,0,0,1,26.78333333333333,1,0,20.936200505149884,0.3123615157580727,0,0,0,1,20.616666666666667,1,0,16.48288275615401,0.3279123342600917,0,0,0,1,11.45,1,0,-6.043087775567686,3.6909613459195,0.2804856140297193,0.2942467497632893,0.1178351404267263,0.1202155218186129,0.150553263142874,0.1427531255647599,0.1225930686575138,0.1881836359991225,0.2927170868347339,0.2204610951008645,0.2877492877492877,0.3301104972375691,0.7072829131652661,0.7795389048991355,0.7122507122507122,0.669889502762431,0.1684260212838997,0.1729592912887576,0.1652122341777514,0.1475872689938398,3,1,0,0,1,1,2,3,358.3,224.7,0,0
33ccf7d1-7260-442a-a3a1-ec1efc42c11c,2019-06-28 23:30:00+00:00,2019-06-28,2019,0,08ed8274-e29f-4248-bc2e-83cc8ed18d75,5f0b5caf-708b-4300-92f2-53b51d83ec06,08ed8274-e29f-4248-bc2e-83cc8ed18d75,5f0b5caf-708b-4300-92f2-53b51d83ec06,1372.5617922128674,1449.54304980784,0.4257461737577735,-0.2992281721331676,1,32.233960968754644,0.473398638767712,0,0,0,1,38.2,4,0,29.122423283132783,0.3833924607643163,0,0,0,1,40.0,4,0,21.59853668317813,0.4596578849789233,0,0,0,1,26.85,4,0,17.58195840924183,0.35574115502924,0,0,0,1,32.88333333333333,4,0,10.13452419005556,0.5399167780662634,0,0,0,1,20.616666666666667,4,0,14.755395556207423,0.3299200979371962,0,0,0,1,17.783333333333335,4,0,7.64134040155087,0.3612955997369589,0,0,0,0,0.0,18,0,28.610630757884937,0.4220121879498657,0,0,0,1,28.183333333333334,0,0,29.66334561139015,0.3804341603694877,0,0,0,1,34.78333333333333,0,0,16.975639385925504,0.4411947607072909,0,0,0,1,8.133333333333333,0,0,10.715246123649518,0.4970438564324268,0,0,0,1,19.23333333333333,0,0,13.775599369846974,0.3438519933237739,13,13,0,1,37.3,0,1,10.013151319076409,0.4563519904569789,0,0,0,1,8.566666666666666,0,0,9.688689022573058,0.413046580968426,0,0,0,1,31.683333333333334,0,0,-5.035138174368388,-3.2506122019034347,0.2920782638078527,0.244276642562956,0.1059250390356216,0.1166814207216429,0.1496485239700089,0.2061812431970638,0.1458239811582514,0.125158270442923,0.2997237569060773,0.2859424920127795,0.2560455192034139,0.3027681660899654,0.7002762430939227,0.7140575079872205,0.7439544807965861,0.6972318339100346,0.154991354223778,0.167866874270144,0.1551877032219923,0.1699202780049059,5,1,0,0,0,1,1,2,0.0,1405.5,0,1
42e7e40e-aca7-4aec-9da5-cd46b8b8bcf4,2019-06-29 02:00:00+00:00,2019-06-29,2019,0,0699edf3-5993-4182-b9b4-ec935cbd4fcc,f073a15f-0486-4179-b0a3-dfd0294eb595,0699edf3-5993-4182-b9b4-ec935cbd4fcc,f073a15f-0486-4179-b0a3-dfd0294eb595,1493.396947922553,1422.5126620932738,0.6345888887523831,0.5519543180071963,1,34.299660267481315,0.6507101608371799,0,0,0,1,35.333333333333336,5,0,33.92205463266244,0.551062910385174,0,0,0,1,31.466666666666665,5,0,29.467979034671185,0.3097806875806059,0,0,0,1,35.68333333333333,5,0,13.541647023202868,0.6584919181463492,0,0,0,0,0.0,0,0,23.02548958197287,0.3365848882181174,0,0,0,1,30.183333333333334,5,0,18.69566466242377,0.4018343917093248,0,0,0,1,37.06666666666667,5,0,17.93560731874879,0.3027825066900749,0,0,0,1,10.833333333333334,7,0,31.38932633236309,0.4511417327250058,0,0,0,1,20.216666666666665,3,0,20.7789156826017,0.6214238418298006,0,0,0,1,26.166666666666668,3,0,24.398702826694148,0.4991888280949803,0,0,0,1,22.766666666666666,3,0,24.37348727837852,0.3526243988268832,0,0,0,1,28.78333333333333,3,0,26.617957437780536,0.3088600369074513,0,0,0,1,28.433333333333334,3,0,14.348852493589249,0.5385738931879877,0,0,0,1,28.8,3,0,22.328317846410425,0.3004147732830817,0,0,0,1,30.966666666666665,3,0,-2.282315428741313,-1.5149370872569812,0.2466122408690443,0.3178230168863363,0.0940783796922024,0.1243619326802104,0.1143411921763924,0.2058201345480629,0.1385838077801814,0.1459745345813209,0.3140655105973025,0.237410071942446,0.2753623188405797,0.2679658952496955,0.6859344894026975,0.762589928057554,0.7246376811594203,0.7320341047503045,0.1606120780282677,0.1523087781864111,0.160067396798652,0.142415667585077,4,2,0,0,0,1,1,3,0.0,1496.2,0,-3
f2ce81b6-4306-420f-9185-a3def35a4afe,2019-06-29 02:00:00+00:00,2019-06-29,2019,0,d6a012ed-84aa-48d3-8265-2d3f3ff2199a,3c409388-ab73-4c7f-953d-3a71062240f6,d6a012ed-84aa-48d3-8265-2d3f3ff2199a,3c409388-ab73-4c7f-953d-3a71062240f6,1600.2983159569942,1493.9188747141868,0.68054572360629,0.7562808573289387,1,29.687568224355164,0.6665749396724444,0,0,0,1,29.166666666666668,2,0,28.41004540259099,0.4338004353298673,0,0,0,1,3.583333333333333,2,0,24.65034430416064,0.4254206075785028,0,0,0,1,30.466666666666665,2,0,18.71834423958025,0.4334408296397471,0,0,0,1,24.516666666666666,2,0,18.13214200128497,0.3254156323609093,11,5,0,1,25.8,2,1,15.99185817199241,0.3564871958985029,0,0,0,1,19.716666666666665,2,0,15.035438869458591,0.3031524098789455,0,0,0,1,24.566666666666663,2,0,30.963598938815164,0.5557622071517666,0,0,0,1,32.11666666666667,2,0,19.266954680486464,0.6917070220488815,0,0,0,1,18.48333333333333,2,0,29.501445863630792,0.4423169373779947,0,0,0,1,27.53333333333333,2,0,29.806263111157385,0.426398328320156,0,0,0,1,36.7,2,0,24.307841519861302,0.5031767192760201,0,0,0,1,28.03333333333333,2,0,23.394327517944244,0.3929354259643073,0,0,0,1,27.866666666666667,2,0,18.574491937764808,0.3770940263831259,0,0,0,1,15.866666666666667,2,0,2.9820946759219296,1.7983468229506692,0.3197073574202691,0.3101112031090548,0.131378251179054,0.1165993803803545,0.1738496076253785,0.1451829947446268,0.1581421267894992,0.115070328150987,0.2819548872180451,0.296987087517934,0.2944162436548223,0.2750677506775068,0.7180451127819549,0.703012912482066,0.7055837563451777,0.7249322493224932,0.1673410732519003,0.1736263736263736,0.1959380534307999,0.140169052372255,2,1,0,0,1,1,3,3,877.9,1732.7,0,-2
94bee285-eb65-450e-a186-d321cf3b5077,2019-06-29 18:00:00+00:00,2019-06-29,2019,0,5c0d47fe-8539-47b0-9f36-d0b3609ca89b,a015b02d-845c-40c1-8ef4-844984f47e4d,5c0d47fe-8539-47b0-9f36-d0b3609ca89b,a015b02d-845c-40c1-8ef4-844984f47e4d,1666.7946380170313,1611.535388112263,0.6134907487840585,0.4620093810140078,1,28.7684088050178,0.7008191839399383,0,0,0,1,32.733333333333334,2,0,29.644151131967533,0.4559037836334543,0,0,0,1,33.18333333333333,2,0,24.229553043318223,0.5206351225889484,0,0,0,1,29.03333333333333,2,0,28.98686610540745,0.4003658656029383,0,0,0,1,32.55,2,0,23.46622596613747,0.4722629784843611,0,0,0,1,31.5,2,0,16.154010851040894,0.5922806020149096,0,0,0,1,18.23333333333333,2,0,13.560201455346174,0.4061747396514588,0,0,0,1,14.266666666666667,2,0,26.749142152607952,0.7444639354625445,0,0,0,1,27.516666666666666,1,0,27.481688937886283,0.5891425134886431,0,0,0,1,35.833333333333336,1,0,27.470381418677515,0.4787712197195258,0,0,0,1,26.35,1,0,29.036596875037315,0.3926236106852424,0,0,0,1,36.66666666666666,1,0,22.34622363976484,0.3461137843813059,0,0,0,1,20.53333333333333,1,0,11.653683305052327,0.3862831378730163,0,0,0,0,0.0,12,0,12.785627580268862,0.3061739836599241,0,0,0,1,16.983333333333334,1,0,9.301359162753428,2.348917383976656,0.3381816292024336,0.3356406429371538,0.0975806745099762,0.1185830589202902,0.1658568012827598,0.1790018061552661,0.1376480832593943,0.1893115976181144,0.3499361430395913,0.2923076923076923,0.2906666666666667,0.2921760391198044,0.6500638569604087,0.7076923076923077,0.7093333333333334,0.7078239608801956,0.1337765526187773,0.1491947080816796,0.1842432010253534,0.1665730862811155,2,2,0,0,1,1,2,2,596.5,1200.9,1,1
05ddb4d8-771c-4508-b99b-366e140b951f,2019-06-30 02:30:00+00:00,2019-06-30,2019,0,171b097d-01db-4ae8-9d56-035689402ec6,f073a15f-0486-4179-b0a3-dfd0294eb595,FR_LVA_ACES,f073a15f-0486-4179-b0a3-dfd0294eb595,1519.3832661562626,1399.887443671514,0.6967321877081997,0.8317848171332392,1,24.387032752257827,0.832073789231633,0,0,0,1,26.03333333333333,1,0,28.53722047961015,0.631959740722184,0,0,0,1,23.266666666666666,1,0,29.00885950685601,0.5262870409150389,0,0,0,1,31.33333333333333,1,0,17.334227991859773,0.7115272175644543,9,0,0,1,21.53333333333333,1,1,25.186230948406006,0.363285261336001,0,0,0,1,26.066666666666663,1,0,20.12043989457989,0.3070044731724654,0,0,0,1,12.283333333333331,1,0,14.697249392055998,0.399774179553194,0,0,0,1,31.78333333333333,1,0,31.2944849986384,0.4587706830609549,0,0,0,1,30.383333333333333,0,0,20.28752394443529,0.6024214121682779,0,0,0,1,15.566666666666666,0,0,23.96986779184101,0.4846733195068045,0,0,0,1,19.85,0,0,23.45993507172101,0.3456096050312068,0,0,0,1,14.683333333333334,0,0,15.004181209654734,0.5399115541375974,0,0,0,1,21.3,0,0,26.96508691857092,0.3002893910272158,0,0,0,1,30.3,0,0,22.668185496789384,0.3086787244879351,0,0,0,1,25.933333333333334,0,0,2.0807332176241244,-4.123128150281458,0.3090615348297822,0.3274832149249876,0.1304852362630281,0.1282303235372422,0.1522891121999553,0.2126040374799655,0.1861550949743127,0.1527074459450152,0.2219321148825065,0.2392026578073089,0.3216520650813517,0.2680995475113122,0.7780678851174935,0.760797342192691,0.6783479349186483,0.7319004524886877,0.1759957148869418,0.1518843962380723,0.147481176744547,0.1432120919318103,1,0,0,1,2,2,3,3,224.7,253.9,0,0
5a397303-56aa-49d3-b714-c3f6b7749d8a,2019-06-30 19:00:00+00:00,2019-06-30,2019,0,5d70a9af-8c2b-4aec-9e68-9acc6ddb93e4,08ed8274-e29f-4248-bc2e-83cc8ed18d75,5d70a9af-8c2b-4aec-9e68-9acc6ddb93e4,08ed8274-e29f-4248-bc2e-83cc8ed18d75,1428.5764945277274,1378.442612415589,0.6064717740217171,0.4325053923254523,0,25.16384693907662,0.5286840151037696,0,0,0,1,22.716666666666665,6,0,27.736600075347184,0.4523420453511127,0,0,0,1,30.2,6,0,26.7741981753936,0.444222305468651,0,0,0,1,25.78333333333333,6,0,22.17318248586346,0.3770207363442782,0,0,0,1,15.883333333333333,6,0,26.2098996595684,0.3185398679426541,0,0,0,1,24.916666666666668,6,0,14.444257081037325,0.4762285956255062,0,0,0,1,21.75,6,0,8.389125337572278,0.5720455517754192,0,0,0,0,0.0,0,0,32.482162815025326,0.4625082203493677,0,0,0,1,34.86666666666667,1,0,29.95308359716601,0.3921536009399467,0,0,0,1,37.93333333333333,1,0,22.26803662305237,0.4616401810840435,0,0,0,1,28.7,1,0,19.32934278768936,0.3495294185257191,0,0,0,1,36.11666666666667,1,0,12.13464151031485,0.5372159296919854,0,0,0,1,31.35,1,0,13.364310930831554,0.3299200979371962,0,0,0,0,0.0,6,0,6.920942828380487,0.3612955997369589,0,0,0,0,0.0,20,0,-6.6062848086679935,-4.4362652729487175,0.2551720203412636,0.3035995344385556,0.1049639070513537,0.1071148816900172,0.165204348639045,0.1608338605329485,0.1510258412467018,0.1563187168843406,0.2987012987012987,0.2921914357682619,0.3052147239263804,0.2675324675324675,0.7012987012987013,0.707808564231738,0.6947852760736196,0.7324675324675325,0.1601780299325051,0.1506722299490032,0.139898603405395,0.1537479693664423,6,1,0,0,0,1,1,1,0.0,768.8,0,0
ecdeae72-2580-4f5f-976b-ca45ea9b6e94,2019-06-30 20:00:00+00:00,2019-06-30,2019,0,5f0b5caf-708b-4300-92f2-53b51d83ec06,6f017f37-be96-4bdc-b6d3-0a0429c72e89,5f0b5caf-708b-4300-92f2-53b51d83ec06,6f017f37-be96-4bdc-b6d3-0a0429c72e89,1443.662229605118,1525.206176795884,0.4193376176943891,-0.3254931247512505,1,30.237173084040297,0.403301046652606,0,0,0,1,35.75,1,0,29.079438935403648,0.4126765218157351,0,0,0,1,33.583333333333336,1,0,16.737531359229692,0.4365214947202479,0,0,0,1,14.45,1,0,12.706182003533767,0.5226236611461573,0,0,0,1,31.83333333333333,1,0,15.42302183044228,0.307498185359299,0,0,0,1,31.25,1,0,11.144753494938836,0.3904035908308737,0,0,0,1,25.133333333333333,1,0,9.161853167016682,0.4463889628963251,0,0,0,1,0.9833333333333332,1,0,31.26023303538748,0.6970272480702936,0,0,0,1,34.25,4,0,29.90396053767481,0.3915725303399237,0,0,0,1,36.266666666666666,4,0,21.83834897647009,0.4623804675502832,0,0,0,1,37.53333333333333,4,0,21.742775745024552,0.416883229294162,0,0,0,1,32.7,4,0,22.94701460391473,0.3466448762631109,0,0,0,1,27.916666666666668,4,0,14.688135260174526,0.2963076883642842,0,0,0,1,16.15,4,0,6.897103316792908,0.4805650051581554,0,0,0,1,2.7333333333333334,4,0,-3.068334919024242,1.3300259958950642,0.2578319824997637,0.3301852207443748,0.1205825468573606,0.1447588029721046,0.2140337493303277,0.1809383144911248,0.1386867781132686,0.1812434501128689,0.2958152958152958,0.307909604519774,0.2932098765432099,0.2937158469945355,0.7041847041847041,0.692090395480226,0.7067901234567902,0.7062841530054644,0.165016501650165,0.1999030772958565,0.1632859574076629,0.1847190646313738,1,4,0,0,2,0,2,1,1405.5,870.8,-1,0
9c7a8f0d-0fd0-419f-b5eb-2650fa513073,2019-06-30 21:00:00+00:00,2019-06-30,2019,0,0a5ad38d-2fe3-43ba-894b-1ba3d5042ea9,3c409388-ab73-4c7f-953d-3a71062240f6,0a5ad38d-2fe3-43ba-894b-1ba3d5042ea9,3c409388-ab73-4c7f-953d-3a71062240f6,1476.2723936831194,1489.2937258686777,0.5172318614777619,0.0689547548586525,1,25.673560262181194,0.5941745962124335,0,0,0,1,25.633333333333333,1,0,23.9679763141404,0.5966108493833914,0,0,0,0,0.0,6,0,30.35353551642351,0.4508592212343573,0,0,0,1,29.65,1,0,18.27986473892628,0.5391729431198129,0,0,0,1,31.866666666666667,1,0,20.80130135955852,0.3613019233923005,0,0,0,1,21.8,1,0,20.63280555340836,0.3166356998172572,0,0,0,1,35.733333333333334,1,0,13.36029057296578,0.3021055843759536,0,0,0,1,19.23333333333333,1,0,30.613494438470227,0.538898682799046,0,0,0,1,27.25,0,0,19.678600860313164,0.6852004823988161,0,0,0,1,23.633333333333333,0,0,29.802993827261204,0.4371676468967482,0,0,0,1,32.7,0,0,29.511844734943,0.4297770043019475,0,0,0,1,26.683333333333334,0,0,24.30238843331537,0.4909159608776774,0,0,0,1,24.25,0,0,24.21663769193327,0.4068711170515581,0,0,0,1,32.11666666666667,0,0,18.025380180347923,0.3930892548600672,0,0,0,1,12.75,0,0,-4.21110978629706,1.1932307799033004,0.2992950992656339,0.329463628242439,0.1217930694620692,0.1249059655896494,0.1552149203078707,0.1617987819040838,0.1298907105050588,0.1245275915733515,0.2877059569074778,0.2926509186351706,0.2829457364341085,0.270935960591133,0.7122940430925222,0.7073490813648294,0.7170542635658915,0.729064039408867,0.1663812563244337,0.1744955674114485,0.1689837929180428,0.1353598638666512,2,1,0,0,1,2,2,3,0.0,963.3,0,0
cbcdaa62-076e-4c76-8b77-d3e5b5fa81e4,2019-06-30 23:00:00+00:00,2019-06-30,2019,0,d6a012ed-84aa-48d3-8265-2d3f3ff2199a,0699edf3-5993-4182-b9b4-ec935cbd4fcc,d6a012ed-84aa-48d3-8265-2d3f3ff2199a,0699edf3-5993-4182-b9b4-ec935cbd4fcc,1604.9234648025033,1516.0221663443126,0.6582867248422357,0.6556685797562389,0,30.02813505525959,0.6482559765768834,0,0,0,1,33.3,0,0,25.731650423938667,0.4338004353298673,0,0,0,0,0.0,3,0,25.51294031641124,0.4313703978782038,0,0,0,1,33.8,0,0,19.84635956846161,0.4349139996346033,0,0,0,1,30.683333333333334,0,0,19.430125204338687,0.3445122122383592,12,6,0,1,31.9,0,1,15.360974304271334,0.3430261180953894,0,0,0,1,9.3,0,0,14.125622017775108,0.3136150153217154,0,0,0,1,28.95,0,0,33.66018448547514,0.6465399384857469,0,0,0,1,27.516666666666666,0,0,33.54915514881372,0.549948100598918,0,0,0,1,29.966666666666665,0,0,19.737826892048467,0.4585875881731368,0,0,0,1,29.75,0,0,29.543276378013456,0.304227704733008,0,0,0,1,30.266666666666666,0,0,12.264990162023729,0.6584919181463492,0,0,0,0,0.0,0,0,23.13936066499287,0.3110387881777034,0,0,0,1,24.23333333333333,0,0,12.142822251611344,0.4126336136440902,0,0,0,1,13.766666666666667,0,0,3.136528211254832,0.6838666873561436,0.3271496530955565,0.2802276338486177,0.1287166134179272,0.1009621300086581,0.1903467975107281,0.1263178804561213,0.1738091754376541,0.1554476296620865,0.2775229357798165,0.3092783505154639,0.29073856975381,0.2737520128824476,0.7224770642201835,0.6907216494845361,0.7092614302461899,0.7262479871175523,0.1608304065097194,0.1598066729030246,0.1949996517863361,0.1585914085914086,1,1,0,0,1,1,3,2,0.0,1116.6,0,0
d7b70cdf-1c9d-4602-a70c-9d88d1df1d0a,2019-07-02 19:00:00+00:00,2019-07-02,2019,0,171b097d-01db-4ae8-9d56-035689402ec6,3c409388-ab73-4c7f-953d-3a71062240f6,FR_LVA_ACES,3c409388-ab73-4c7f-953d-3a71062240f6,1525.182596301766,1453.5891923891672,0.6355349283938051,0.5560363298267573,1,29.69802421551892,0.6699976996624015,0,0,0,1,40.85,1,0,24.341117088991496,0.8173983492616259,0,0,0,1,23.9,1,0,29.76852003995102,0.5212257391458298,0,0,0,1,37.06666666666667,1,0,17.907658022460065,0.7228546439927371,11,0,0,1,23.416666666666668,1,1,25.69347871258722,0.3432931236808177,0,0,0,1,30.566666666666663,1,0,16.623888502834845,0.4043622641156864,0,0,0,1,35.13333333333333,1,0,19.15060918265884,0.3154563637753215,0,0,0,1,9.833333333333334,1,0,29.861154090894225,0.5226861165002226,0,0,0,1,22.633333333333333,1,0,20.621810377889407,0.6612818389894043,0,0,0,1,29.683333333333334,1,0,29.89070282688421,0.4422037446684945,0,0,0,1,30.73333333333333,1,0,29.097483451758265,0.4361210488499408,0,0,0,1,25.116666666666667,1,0,23.661084177568817,0.4827874756125943,0,0,0,1,17.5,1,0,24.02023139078144,0.3943589688661123,0,0,0,1,22.133333333333333,1,0,18.06698305328792,0.3748448468545797,0,0,0,1,18.466666666666665,1,0,2.8422152795355373,-2.190787700576129,0.3264503296788177,0.3363754176182387,0.1287668999235553,0.1318271823037065,0.1685079616166224,0.1707874719517417,0.2077848506318546,0.1298097027163475,0.2158956109134045,0.2961630695443645,0.3164414414414414,0.276330690826727,0.7841043890865955,0.7038369304556354,0.6835585585585585,0.7236693091732729,0.1692017862126709,0.1749276477268564,0.1406332920573147,0.1367818950509823,2,1,0,0,1,2,3,3,0.0,224.7,0,0
a192ca0c-72c4-4d39-bf9b-42e729dc0e13,2019-07-03 00:00:00+00:00,2019-07-03,2019,0,6f017f37-be96-4bdc-b6d3-0a0429c72e89,5d70a9af-8c2b-4aec-9e68-9acc6ddb93e4,6f017f37-be96-4bdc-b6d3-0a0429c72e89,5d70a9af-8c2b-4aec-9e68-9acc6ddb93e4,1516.317652478671,1399.5908353880232,0.6933536677477395,0.8158451407760507,1,31.87363575685456,0.6830968032062088,0,0,0,1,37.766666666666666,2,0,30.557236413798865,0.3944950304309969,0,0,0,1,36.833333333333336,2,0,23.365152758938507,0.4649767091906935,0,0,0,1,38.03333333333333,2,0,23.86491905728301,0.3628074538802501,0,0,0,1,32.68333333333333,2,0,19.69294651905204,0.416883229294162,0,0,0,0,0.0,7,0,14.398568455850112,0.2977412447330248,0,0,0,1,11.616666666666667,2,0,10.839584387936016,0.2819778931367765,0,0,0,1,33.45,2,0,24.056365827762487,0.5150695344765516,0,0,0,1,13.416666666666666,2,0,27.58112207515412,0.4472922066968851,0,0,0,1,35.333333333333336,2,0,28.00497965572819,0.4316378676541754,0,0,0,1,30.58333333333333,2,0,22.747653846295435,0.3951632512166264,0,0,0,1,28.266666666666666,2,0,26.90975378491088,0.299463430305777,0,0,0,1,33.63333333333333,2,0,15.341994964148707,0.450141224403891,0,0,0,1,23.966666666666665,2,0,22.17843239100887,0.2708608841773655,0,0,0,1,26.216666666666665,16,0,0.6766658910256137,-8.011375098366484,0.3435011262939689,0.2620918475944012,0.1399970847475629,0.1117839568745638,0.1769740487255386,0.1661278467555041,0.2005202112582676,0.1569897502759503,0.3059125964010283,0.3090379008746355,0.2988650693568726,0.2904564315352697,0.6940874035989717,0.6909620991253644,0.7011349306431274,0.7095435684647303,0.1906771816801806,0.1605383532723434,0.1863030032044116,0.1421678442185076,1,1,0,0,1,1,2,1,870.8,907.7,0,-1
904f6fb6-d302-4e02-aa5f-852264dceb99,2019-07-03 19:00:00+00:00,2019-07-03,2019,0,d6a012ed-84aa-48d3-8265-2d3f3ff2199a,08ed8274-e29f-4248-bc2e-83cc8ed18d75,d6a012ed-84aa-48d3-8265-2d3f3ff2199a,08ed8274-e29f-4248-bc2e-83cc8ed18d75,1596.879301030213,1407.4282715552936,0.7746016051581336,1.2344793591154404,0,30.26902978599556,0.6276823213225116,0,0,0,1,32.583333333333336,2,0,26.020812563771628,0.4306717196026959,0,0,0,1,30.9,2,0,23.30576470952764,0.4338004353298673,0,0,0,0,0.0,6,0,20.99687407098789,0.4350341814877949,0,0,0,1,32.05,2,0,20.36690592329673,0.3505091432800681,15,9,0,1,29.366666666666667,2,1,15.768328526419932,0.3325460444511999,0,0,0,1,31.55,2,0,15.150960476195706,0.3417881858625803,0,0,0,1,13.133333333333333,2,0,32.824810520376786,0.4722846791199569,0,0,0,1,36.11666666666667,2,0,22.94669708588409,0.480856023024751,0,0,0,1,29.466666666666665,2,0,30.05021176718494,0.3659332938322457,0,0,0,1,30.98333333333333,2,0,13.52195158776538,0.552291642245102,0,0,0,1,26.85,2,0,20.508173198411423,0.3492710592114836,0,0,0,1,31.83333333333333,2,0,13.949046302537829,0.3422454416069574,0,0,0,1,19.566666666666663,2,0,6.268461698681781,0.3612955997369589,0,0,0,0,0.0,23,0,2.7032234983677847,-1.9901238243731048,0.3405445401020787,0.3168041078101798,0.1331526990432918,0.1142285697534709,0.1945842661543385,0.1742396200863072,0.1704767297466163,0.1601712610538173,0.2828175026680896,0.2809248554913295,0.2985884907709012,0.2785714285714286,0.7171824973319103,0.7190751445086705,0.7014115092290988,0.7214285714285714,0.1606829838343179,0.1516602809706258,0.1874979619786741,0.1545622512791358,2,2,0,0,1,1,2,2,0.0,2176.9,0,-3
74a01c90-4ff5-457d-b7be-4fc6ee9127bf,2019-07-06 00:00:00+00:00,2019-07-06,2019,0,5f0b5caf-708b-4300-92f2-53b51d83ec06,f073a15f-0486-4179-b0a3-dfd0294eb595,5f0b5caf-708b-4300-92f2-53b51d83ec06,f073a15f-0486-4179-b0a3-dfd0294eb595,1452.5507539223306,1394.0881135260106,0.6178540306810715,0.4804495789962229,0,29.89058257230076,0.4115395242290587,0,0,0,1,37.68333333333333,5,0,29.58316182530992,0.4087458832145602,0,0,0,1,23.3,5,0,14.368005240372874,0.5344719034543329,0,0,0,1,30.33333333333333,5,0,15.159578233413564,0.4365214947202479,0,0,0,0,0.0,7,0,16.640158692146386,0.3352703942040949,0,0,0,1,28.33333333333333,5,0,12.68509493323428,0.4081433342635354,0,0,0,1,27.48333333333333,5,0,9.244013123763697,0.4366993312810024,0,0,0,1,10.033333333333331,5,0,32.44360495647642,0.4489570207446581,0,0,0,1,43.48333333333333,5,0,25.55969353090478,0.4831430810911805,0,0,0,1,40.833333333333336,5,0,19.94302024353936,0.6142652077308125,0,0,0,1,16.633333333333333,5,0,16.405361878472796,0.5490312189338247,0,0,0,1,29.866666666666667,5,0,27.161644884216305,0.3156853169748073,0,0,0,1,29.05,5,0,23.108604715078062,0.3417595919034057,0,0,0,1,19.73333333333333,5,0,24.085329887616744,0.3129979130206192,0,0,0,1,37.7,5,0,-2.2510934185048184,-4.692060701815972,0.2883902643251186,0.344806749946023,0.1296009876089128,0.1232403601707718,0.211314012411476,0.2072257156448254,0.1580676845701305,0.1478443095424302,0.3010610079575597,0.2419354838709677,0.2924791086350975,0.259105098855359,0.6989389920424404,0.7580645161290323,0.7075208913649025,0.740894901144641,0.1684649632987044,0.1454177599342458,0.156328164082041,0.1396603713696238,4,5,0,0,0,0,2,2,0.0,779.1,0,-1
79d93be1-3529-4afe-96f5-c9f9e0d13b4c,2019-07-06 02:00:00+00:00,2019-07-06,2019,0,0699edf3-5993-4182-b9b4-ec935cbd4fcc,08ed8274-e29f-4248-bc2e-83cc8ed18d75,0699edf3-5993-4182-b9b4-ec935cbd4fcc,08ed8274-e29f-4248-bc2e-83cc8ed18d75,1524.066330116603,1414.4807582511523,0.6845446730301659,0.7747368287736641,0,33.563376721504824,0.6340816380787235,0,0,0,1,32.63333333333333,5,0,33.744072558809066,0.5689157213888462,0,0,0,1,35.61666666666667,5,0,20.80429712187851,0.4442977128769028,0,0,0,1,31.05,5,0,29.97601012858098,0.2969026320699295,0,0,0,1,34.13333333333333,5,0,23.21578477110089,0.3150939362136464,0,0,0,1,23.95,5,0,11.108691831708898,0.6584919181463492,0,0,0,0,0.0,0,0,12.457753395881909,0.3898336001381507,0,0,0,1,15.483333333333333,5,0,32.869609643296,0.4831944217536079,0,0,0,1,33.3,2,0,30.713268697227903,0.3840173401036877,0,0,0,1,37.083333333333336,2,0,23.69650534162613,0.4811585533318828,0,0,0,1,30.9,2,0,14.80989659982948,0.5421838566476811,0,0,0,1,27.183333333333334,2,0,20.41312632347785,0.3398353709607747,0,0,0,1,19.5,2,0,14.983033362212453,0.343757071729496,0,0,0,1,24.916666666666668,2,0,5.701936102014115,0.4288191484112238,0,0,0,1,12.4,2,0,0.7569985681372846,-1.6777725744769438,0.2954013004174155,0.3388572782198611,0.0989899218056648,0.1219179300649177,0.123247500024027,0.1851834962491934,0.1532703470566961,0.1628331096535967,0.3184615384615384,0.2805139186295503,0.2813411078717201,0.2835164835164835,0.6815384615384615,0.7194860813704497,0.7186588921282799,0.7164835164835165,0.1521872493039497,0.1535001313370107,0.1585935021976528,0.1549739250221391,4,1,0,0,0,1,2,3,0.0,1116.6,0,0
a4f3eed1-44b6-43eb-9559-77b4864ee2f5,2019-07-06 02:00:00+00:00,2019-07-06,2019,0,d6a012ed-84aa-48d3-8265-2d3f3ff2199a,5d70a9af-8c2b-4aec-9e68-9acc6ddb93e4,d6a012ed-84aa-48d3-8265-2d3f3ff2199a,5d70a9af-8c2b-4aec-9e68-9acc6ddb93e4,1589.826814334354,1384.901825615579,0.7897724962129028,1.3235546288266895,0,30.348941885140007,0.6171534955861031,0,0,0,1,31.116666666666667,2,0,26.397527046728605,0.432811070519979,0,0,0,1,30.016666666666666,2,0,22.09234553892187,0.4476410213356503,0,0,0,1,32.61666666666667,2,0,21.108582611185817,0.4338004353298673,0,0,0,0,0.0,9,0,21.229511839043603,0.3557109564129811,18,12,0,1,29.516666666666666,2,1,16.979622766580686,0.3411699847770361,0,0,0,1,28.616666666666667,2,0,14.558500283144292,0.3345184227537168,0,0,0,1,8.866666666666667,2,0,27.356638610968268,0.4577990095365692,0,0,0,1,25.2,2,0,23.98820097356958,0.509991225818195,0,0,0,1,23.33333333333333,2,0,26.83548362890535,0.4299793137813071,0,0,0,1,15.6,2,0,23.08569856945744,0.3872620009489853,0,0,0,1,26.33333333333333,2,0,25.81051492248444,0.2861964681700213,0,0,0,1,15.25,2,0,15.617722295493142,0.4318815881762456,0,0,0,1,18.266666666666666,2,0,22.63927720673746,0.2761819898372272,0,0,0,1,27.066666666666663,2,0,2.323643824192802,-9.156163710482218,0.3542306117781383,0.2789752896369396,0.1378873871105424,0.1200068348743272,0.2068156834367923,0.1720147988393464,0.1813409042624311,0.1560534988918231,0.2869910625620655,0.3023872679045092,0.296969696969697,0.2842767295597484,0.7130089374379345,0.6976127320954907,0.703030303030303,0.7157232704402515,0.1606286386534343,0.1623506774633207,0.1867314407165629,0.143047499608089,1,2,0,0,1,1,3,2,0.0,1389.1,0,-2
793461bb-c3bc-4791-944b-0b9568447ee2,2019-07-06 02:30:00+00:00,2019-07-06,2019,0,171b097d-01db-4ae8-9d56-035689402ec6,5c0d47fe-8539-47b0-9f36-d0b3609ca89b,FR_LVA_ACES,5c0d47fe-8539-47b0-9f36-d0b3609ca89b,1535.1066901324637,1711.3459176697409,0.2951288505205998,-0.8706029770081727,0,25.04588451078821,0.817382432694778,0,0,0,1,31.816666666666663,3,0,29.057131402234564,0.6636573538638829,0,0,0,1,22.9,3,0,29.96475434349255,0.5238787184590926,0,0,0,1,31.85,3,0,18.86384085988489,0.7124518395553298,0,0,0,1,28.05,3,0,26.06805631408861,0.351159335880108,0,0,0,1,29.666666666666668,3,0,16.93431956251273,0.4109696454276072,0,0,0,1,19.916666666666668,3,0,18.75773368558292,0.324358762876309,0,0,0,1,14.983333333333333,3,0,27.61807326661737,0.7316136958764401,0,0,0,1,16.566666666666666,6,0,29.12146887847852,0.4685134700670798,0,0,0,1,24.1,6,0,25.29208948450219,0.5086527231748785,0,0,0,1,35.5,6,0,28.90325561870109,0.405525297400588,0,0,0,1,28.1,6,0,23.96750336543208,0.4798624072740964,0,0,0,1,28.78333333333333,6,0,15.72467539510235,0.6100680222604901,0,0,0,1,11.6,6,0,13.934773770199069,0.4269996294654006,0,0,0,1,17.533333333333335,6,0,3.2121070416863216,13.37036208116887,0.3498475041078979,0.3659583480959625,0.1324524862238494,0.1034671965434283,0.1558725565818798,0.1690756969481305,0.2149307365761816,0.1556055490120075,0.2076923076923077,0.358913813459268,0.3173277661795407,0.2891859052247874,0.7923076923076923,0.641086186540732,0.6826722338204593,0.7108140947752126,0.1689680820101542,0.1351401729794214,0.1446220217668399,0.1821677041376785,2,5,0,0,1,0,2,1,0.0,2087.2,0,-3
02f2e501-5c9c-4c74-a4d7-1944e04574d0,2019-07-06 18:00:00+00:00,2019-07-06,2019,0,a015b02d-845c-40c1-8ef4-844984f47e4d,6f017f37-be96-4bdc-b6d3-0a0429c72e89,a015b02d-845c-40c1-8ef4-844984f47e4d,6f017f37-be96-4bdc-b6d3-0a0429c72e89,1566.9841084595537,1531.0066622511156,0.5868635458225689,0.351014396620988,0,26.934633154264347,0.734456140362316,0,0,0,1,28.716666666666665,6,0,27.80395477922852,0.5573783981582245,0,0,0,1,30.9,6,0,27.273622172686235,0.463304417062529,0,0,0,1,25.383333333333333,6,0,28.791170727370098,0.3766810429271935,0,0,0,1,26.433333333333334,6,0,22.498993070610243,0.3367533448222358,0,0,0,1,23.966666666666665,6,0,10.555016745223108,0.3862831378730163,0,0,0,0,0.0,19,0,13.29450350004941,0.3043655879225575,0,0,0,1,18.183333333333334,6,0,30.94907064635452,0.6829623330822386,0,0,0,1,22.066666666666663,2,0,30.936802078690945,0.3829263081674983,0,0,0,1,34.583333333333336,2,0,24.275062124465062,0.4660984315117725,0,0,0,1,33.016666666666666,2,0,24.273614603681743,0.3703033861252402,0,0,0,1,28.2,2,0,17.836367681388953,0.416883229294162,0,0,0,0,0.0,10,0,12.9052180862963,0.3395936466155687,0,0,0,1,32.75,2,0,14.63439425592724,0.292737566266464,0,0,0,1,16.9,2,0,-2.818430917576646,2.51294401089923,0.3356383610179501,0.3602193569816345,0.1249226233292662,0.1430612243372195,0.1876593460426637,0.1960495733084528,0.1882529303832809,0.1999474102262734,0.2908496732026144,0.2988235294117647,0.3049886621315192,0.2938443670150987,0.7091503267973857,0.7011764705882353,0.6950113378684807,0.7061556329849012,0.1500381312377731,0.1876300617473476,0.1653908766582383,0.1858992013219498,6,3,0,0,0,1,1,2,0.9,1089.2,0,1
b984bbdb-0bd5-4a90-87de-055937949493,2019-07-07 19:00:00+00:00,2019-07-07,2019,0,08ed8274-e29f-4248-bc2e-83cc8ed18d75,171b097d-01db-4ae8-9d56-035689402ec6,08ed8274-e29f-4248-bc2e-83cc8ed18d75,FR_LVA_ACES,1426.016852055633,1512.6405686426128,0.4122347589359567,-0.3547346279701736,0,33.22286844925358,0.4935067679332276,0,0,0,1,36.61666666666667,0,0,31.310672504997456,0.4097132631228444,0,0,0,1,37.05,0,0,23.238023304629944,0.4810315401734735,0,0,0,1,18.83333333333333,0,0,15.32748343120982,0.5397725172947707,0,0,0,1,20.3,0,0,21.0733944442136,0.3373837893367992,0,0,0,1,27.416666666666668,0,0,15.891257009981588,0.3572178323492387,0,0,0,1,24.616666666666667,0,0,5.887163700358263,0.4110638300131865,0,0,0,1,7.666666666666667,0,0,24.07365497368683,0.812819287851063,0,0,0,1,14.733333333333333,0,0,27.918857961881034,0.6558094074074825,0,0,0,1,16.983333333333334,0,0,29.99950262008405,0.5097282875557317,0,0,0,1,30.33333333333333,0,0,19.30720604455341,0.6991294903153391,0,0,0,1,23.566666666666663,0,0,25.965792606174272,0.3633676865488568,0,0,0,1,24.98333333333333,0,0,16.959366940635793,0.402184534081656,0,0,0,1,17.2,0,0,19.222101171675817,0.3302816091034846,0,0,0,1,23.683333333333334,0,0,-1.2920066990103285,-0.7911620781338797,0.357042123107011,0.3574563634627831,0.1269140680548359,0.1332675534864775,0.1822291264357275,0.1654199494376615,0.1714249971163626,0.2064523962617313,0.2788365095285857,0.2057026476578411,0.2882051282051282,0.3229873908826382,0.7211634904714143,0.7942973523421588,0.7117948717948718,0.6770126091173618,0.1543446877783579,0.1661782034625494,0.1527854554388551,0.141811527904849,1,1,0,0,2,1,3,2,2152.2,2241.4,3,3
cecd9237-ff3d-49cb-bdd5-e4de5325e69c,2019-07-07 21:00:00+00:00,2019-07-07,2019,0,0a5ad38d-2fe3-43ba-894b-1ba3d5042ea9,5c0d47fe-8539-47b0-9f36-d0b3609ca89b,0a5ad38d-2fe3-43ba-894b-1ba3d5042ea9,5c0d47fe-8539-47b0-9f36-d0b3609ca89b,1511.97692716263,1733.8120391595917,0.2435942537976087,-1.1330739866550446,1,24.97683674707121,0.6051033362108363,0,0,0,1,18.28333333333333,6,0,24.10141098766827,0.5831877592763053,0,0,0,1,25.383333333333333,6,0,30.22435787538417,0.4527080223403327,0,0,0,1,28.98333333333333,6,0,18.603873831324385,0.5616795113098364,0,0,0,1,21.716666666666665,6,0,21.319698518696384,0.3577559760649843,0,0,0,1,26.3,6,0,21.50805396064916,0.334923637897433,0,0,0,1,29.916666666666668,6,0,9.573838776138752,0.4389906632408218,0,0,0,1,14.55,6,0,27.745213710771896,0.7332410811515617,0,0,0,1,28.966666666666665,0,0,29.43369932373685,0.4759841071677953,0,0,0,1,32.43333333333333,0,0,25.600804622321675,0.5343039465601516,0,0,0,1,28.566666666666663,0,0,29.12606935214149,0.4096382133039495,0,0,0,1,31.266666666666666,0,0,24.31624692676191,0.4687768031814046,0,0,0,1,27.666666666666668,0,0,15.37038410252118,0.6148343660960033,0,0,0,1,11.966666666666669,0,0,13.432200666087365,0.4439025258502589,0,0,0,1,17.633333333333333,0,0,-0.542576731399945,15.810296774629377,0.3241920825868142,0.3895726854318004,0.1264857266784832,0.1047722168206222,0.1700431812872041,0.1901729916741569,0.1375626259913771,0.1577245645319005,0.291860465116279,0.3619565217391304,0.2872340425531915,0.2804469273743016,0.708139534883721,0.6380434782608696,0.7127659574468085,0.7195530726256983,0.1652730131503716,0.1326808422648792,0.1698584806026895,0.178062678062678,6,1,0,0,0,1,1,1,0.1,224.7,0,0
12d487dd-448b-40ce-b6e9-1b0fd348d30f,2019-07-07 22:00:00+00:00,2019-07-07,2019,0,3c409388-ab73-4c7f-953d-3a71062240f6,5f0b5caf-708b-4300-92f2-53b51d83ec06,3c409388-ab73-4c7f-953d-3a71062240f6,5f0b5caf-708b-4300-92f2-53b51d83ec06,1443.6650985584697,1417.0275922049514,0.5737699678267513,0.2972493809224917,1,30.119362447350507,0.5281867344899899,0,0,0,1,32.6,4,0,21.05971040881608,0.6379284625748617,0,0,0,1,25.266666666666666,4,0,29.29255846322646,0.4555224543880818,0,0,0,1,31.166666666666668,4,0,29.87743787993785,0.4252159695429954,0,0,0,1,29.75,4,0,23.82030897267434,0.4822765668639587,0,0,0,1,25.35,4,0,24.11260038512781,0.3985989037364282,0,0,0,1,25.0,4,0,17.512294116935905,0.3704342635540544,0,0,0,1,12.183333333333334,4,0,29.89461295740084,0.3992597747467957,0,0,0,1,29.933333333333334,0,0,30.073414940285605,0.3810241667753041,0,0,0,1,34.78333333333333,0,0,21.45143625174415,0.4819052143562787,0,0,0,1,22.816666666666663,20,0,15.307499857385135,0.5478137413492028,0,0,0,1,24.33333333333333,0,0,18.078800614565097,0.3382472940327399,0,0,0,1,31.9,0,0,13.730388746262694,0.4365214947202479,0,0,0,0,0.0,8,0,14.017367734454035,0.3951397568944673,0,0,0,1,26.816666666666663,0,0,-2.622093667868641,-4.790865549003291,0.3524747460796547,0.2939936558942677,0.1388418726117678,0.1314270976014055,0.1723630678570182,0.2160835228958456,0.1337333771560175,0.1581952032400921,0.2986725663716814,0.3061968408262454,0.2642105263157894,0.2895752895752895,0.7013274336283186,0.6938031591737546,0.7357894736842105,0.7104247104247104,0.1763474973843194,0.1654221499334615,0.1389528382556074,0.1559371630987217,4,1,0,0,0,1,2,2,0.2,817.0,0,0
478fb6c3-d511-4a40-9db3-9fa6367e99c5,2019-07-07 22:00:00+00:00,2019-07-07,2019,0,0699edf3-5993-4182-b9b4-ec935cbd4fcc,5d70a9af-8c2b-4aec-9e68-9acc6ddb93e4,0699edf3-5993-4182-b9b4-ec935cbd4fcc,5d70a9af-8c2b-4aec-9e68-9acc6ddb93e4,1512.5302363121225,1409.8058241994372,0.675954278835539,0.7352408183552414,1,33.70353011682133,0.6031531651675383,0,0,0,1,35.05,0,0,33.997606210470025,0.5900774570367915,0,0,0,1,36.43333333333333,0,0,22.17247014540921,0.4301389512736289,0,0,0,1,35.31666666666667,0,0,29.899708192639736,0.2772365329853251,0,0,0,1,29.166666666666668,0,0,22.76962659049916,0.315533019231236,0,0,0,1,18.48333333333333,0,0,10.061405070993912,0.6584919181463492,0,0,0,0,0.0,0,0,12.534014774979791,0.4096923345518047,0,0,0,1,13.266666666666667,0,0,28.1573616008086,0.4548926679643559,0,0,0,1,35.85,0,0,24.03173769362793,0.5088788674143988,0,0,0,1,24.45,0,0,27.411937827170508,0.4422515623839007,0,0,0,1,32.95,0,0,23.801975735256818,0.3983448616691772,0,0,0,1,30.683333333333334,0,0,25.23758051065642,0.2824462170959202,0,0,0,1,19.73333333333333,0,0,15.617622774675484,0.4410158451851709,0,0,0,1,15.616666666666667,0,0,22.761276076589763,0.2654868813340543,0,0,0,1,23.933333333333334,0,0,0.4580398920294145,-6.720843889220936,0.3103389006149193,0.29776320387762,0.1017566337656646,0.1277195359175944,0.1247221128520295,0.1862990413564218,0.1649278733322635,0.1577372313133478,0.3216783216783216,0.3013365735115431,0.2790387182910547,0.2938443670150987,0.6783216783216783,0.6986634264884569,0.7209612817089452,0.7061556329849012,0.1493724209078404,0.1635848987244054,0.1592883740173769,0.1498187820719847,1,1,0,0,1,1,2,3,0.0,1116.6,0,0
565b12a0-0998-4625-a02b-24883a08d6f5,2019-07-09 17:00:00+00:00,2019-07-09,2019,0,5f0b5caf-708b-4300-92f2-53b51d83ec06,0a5ad38d-2fe3-43ba-894b-1ba3d5042ea9,5f0b5caf-708b-4300-92f2-53b51d83ec06,0a5ad38d-2fe3-43ba-894b-1ba3d5042ea9,1400.6547529892423,1546.830276607008,0.3323573375803184,-0.6975423857950372,1,30.4262108526842,0.406191186012621,0,0,0,1,35.53333333333333,1,0,30.8128479733046,0.3711343135537162,0,0,0,1,37.91666666666666,1,0,20.76622614084357,0.4792185274505949,0,0,0,1,14.183333333333334,1,0,16.364259030818832,0.539017314337454,0,0,0,1,26.516666666666666,1,0,19.88933358881448,0.3453728083912485,0,0,0,1,37.28333333333333,1,0,15.775555301830082,0.4026275914380699,0,0,0,1,32.666666666666664,1,0,12.435938007032956,0.4365214947202479,0,0,0,0,0.0,10,0,24.676363612911302,0.6290720899403986,0,0,0,1,30.2,1,0,30.544172317911624,0.4746046217561104,0,0,0,1,33.61666666666667,1,0,23.75971321816093,0.5961801300354579,0,0,0,1,12.066666666666666,1,0,19.4818498153098,0.5432032464587047,0,0,0,1,27.916666666666668,1,0,22.030528326086312,0.3575847927928496,0,0,0,1,27.05,1,0,21.81436344941102,0.3610779682225535,0,0,0,1,26.566666666666663,1,0,9.57787643272503,0.4383030216703413,0,0,0,1,9.616666666666667,1,0,-5.569344599213601,1.7451902604800882,0.3019673383869907,0.3496846405927427,0.1363668411981323,0.1239558677861317,0.2187061883725945,0.1734219670665574,0.1634832110910382,0.1398817801223662,0.3023516237402016,0.3019271948608137,0.2916666666666667,0.2910284463894967,0.6976483762597985,0.6980728051391863,0.7083333333333334,0.7089715536105032,0.1652920727966737,0.1599482861499701,0.1582334743804003,0.1660395877637821,1,1,0,0,2,1,2,1,817.0,1221.9,0,2
b199a9d4-5581-4888-afed-7ca9ff1e4562,2019-07-10 15:00:00+00:00,2019-07-10,2019,0,5d70a9af-8c2b-4aec-9e68-9acc6ddb93e4,a015b02d-845c-40c1-8ef4-844984f47e4d,5d70a9af-8c2b-4aec-9e68-9acc6ddb93e4,a015b02d-845c-40c1-8ef4-844984f47e4d,1405.8857644458865,1558.0310399301156,0.3247763802176641,-0.7319070399365195,1,28.33422134169552,0.4439177830489405,0,0,0,1,30.03333333333333,2,0,24.8583773346456,0.4875646336593481,0,0,0,1,32.8,2,0,27.984326748296123,0.4328002178624167,0,0,0,1,33.483333333333334,2,0,24.505719443672582,0.4217620902790492,0,0,0,1,31.266666666666666,2,0,25.956822798460024,0.2818467557055081,0,0,0,1,32.86666666666667,2,0,14.824040143870391,0.4460342332893148,0,0,0,1,7.2,2,0,21.738886038933057,0.2592950980482314,0,0,0,1,11.916666666666666,2,0,27.123063283382045,0.7075296539969173,0,0,0,1,28.933333333333334,3,0,28.45723119823779,0.5550194662930421,0,0,0,1,34.733333333333334,3,0,27.55422416801153,0.4596892769103702,0,0,0,1,30.25,3,0,29.50221818138609,0.375459974062063,0,0,0,1,36.333333333333336,3,0,22.260254616358687,0.3331532575581551,0,0,0,1,19.966666666666665,3,0,13.640701587623134,0.3038693850642903,0,0,0,1,16.966666666666665,3,0,9.559928442850367,0.3862831378730163,0,0,0,0,0.0,23,0,-6.555901139987315,-3.316078883873942,0.3026878976066314,0.3453222191341205,0.128953563738302,0.1337697568421723,0.1937475394590325,0.2056396375664084,0.1738428534492566,0.1860026137621924,0.3045912653975364,0.2885973763874874,0.2952586206896552,0.300632911392405,0.6954087346024636,0.7114026236125126,0.7047413793103449,0.6993670886075949,0.1602727180217767,0.1527666891850396,0.1496757026442707,0.1667687151558119,2,3,0,0,1,1,2,1,1588.0,857.3,3,0
ba8a78d5-ab08-4a2a-a27f-38d033a29ed2,2019-07-10 15:30:00+00:00,2019-07-10,2019,0,5c0d47fe-8539-47b0-9f36-d0b3609ca89b,0699edf3-5993-4182-b9b4-ec935cbd4fcc,5c0d47fe-8539-47b0-9f36-d0b3609ca89b,0699edf3-5993-4182-b9b4-ec935cbd4fcc,1698.9586897152135,1516.4502960656732,0.7675474769847758,1.1945143347214289,0,25.2237729636416,0.729755427896355,0,0,0,1,1.0,2,0,29.71020873766189,0.4973896971696459,0,0,0,1,32.36666666666667,2,0,25.34775393125236,0.5220366449256741,0,0,0,1,22.916666666666668,2,0,29.48500424946827,0.4037925265840131,0,0,0,1,32.93333333333333,2,0,23.7867677459177,0.4591414524900222,0,0,0,1,18.7,2,0,16.578342005974744,0.5879907484625468,0,0,0,1,28.183333333333334,2,0,14.60761910198155,0.4822667400196262,0,0,0,1,25.9,2,0,34.324656518727224,0.6179504108378758,0,0,0,1,37.46666666666667,2,0,33.681199498670935,0.5920689864602415,0,0,0,1,33.46666666666667,2,0,23.663060391591387,0.4202781136485115,0,0,0,1,37.98333333333333,2,0,30.23755923955607,0.2595437694920748,0,0,0,1,33.483333333333334,2,0,21.803015098431217,0.3180744336793811,0,0,0,1,12.516666666666667,2,0,9.112852668544058,0.6584919181463492,0,0,0,0,0.0,0,0,13.355725924324624,0.3947401143360903,0,0,0,1,21.25,2,0,12.083145082029164,0.8835313550843681,0.3972105346104644,0.3162590234435373,0.1063415357403856,0.1083065993713867,0.1827193272782683,0.1398998649916748,0.169196787870288,0.1747070485685224,0.3603238866396761,0.3209718670076726,0.2910216718266253,0.2844932844932845,0.6396761133603239,0.6790281329923273,0.7089783281733746,0.7155067155067155,0.1315114190402874,0.1492420076977456,0.1721088865028737,0.1559664246823956,2,2,0,0,1,1,2,2,2298.4,1980.0,3,3
47d3ae2e-18e8-4690-bf77-69e744fffdff,2019-07-10 16:00:00+00:00,2019-07-10,2019,0,f073a15f-0486-4179-b0a3-dfd0294eb595,171b097d-01db-4ae8-9d56-035689402ec6,f073a15f-0486-4179-b0a3-dfd0294eb595,FR_LVA_ACES,1429.61127524339,1549.3081392278275,0.3669975852884595,-0.5451189684096283,0,32.20851701840646,0.4482554967906089,0,0,0,1,29.95,3,0,25.733190881442507,0.4937308789193717,0,0,0,1,27.4,3,0,20.32549742913397,0.6170948511428059,0,0,0,1,24.0,3,0,16.858954064013233,0.5632693380557093,0,0,0,1,21.216666666666665,3,0,26.802296971405163,0.3078924975939626,0,0,0,1,23.35,3,0,23.1942134684952,0.351406444044563,0,0,0,1,24.016666666666666,3,0,24.526669165492176,0.3095178007779035,0,0,0,1,28.766666666666666,3,0,24.22226700662345,0.8300407081826667,0,0,0,1,25.65,2,0,27.65939145132345,0.6531670878551672,0,0,0,1,25.166666666666668,2,0,29.803140478456463,0.5281208736075378,0,0,0,1,27.916666666666668,2,0,19.194966354456724,0.682197015128593,0,0,0,1,18.116666666666667,2,0,25.783607426971592,0.3582506260400894,0,0,0,1,24.03333333333333,2,0,17.470718617295034,0.3877623093289299,0,0,0,1,22.383333333333333,2,0,19.070746689279265,0.3380604330308529,0,0,0,1,17.616666666666667,2,0,-1.4977134424026968,2.976194158950663,0.3610357048876142,0.3702578529295223,0.1272562604723907,0.1319109396549121,0.2130713248940283,0.1812502079923934,0.1642662656943502,0.2162909251886467,0.2426260704091341,0.2064393939393939,0.2660194174757281,0.3212669683257919,0.7573739295908658,0.7935606060606061,0.7339805825242719,0.6787330316742082,0.1457595859237885,0.1622002820874471,0.1390293225480283,0.1461905302600204,4,2,0,0,0,1,1,2,0.0,656.6,0,0
da0cbe7e-726d-43d1-801f-79003b265db2,2019-07-11 01:00:00+00:00,2019-07-11,2019,0,3c409388-ab73-4c7f-953d-3a71062240f6,6f017f37-be96-4bdc-b6d3-0a0429c72e89,3c409388-ab73-4c7f-953d-3a71062240f6,6f017f37-be96-4bdc-b6d3-0a0429c72e89,1460.0379377741783,1539.9597307805534,0.4216130264553537,-0.3161552546424583,0,29.767143312277604,0.5212164141741921,0,0,0,1,26.383333333333333,3,0,20.40985950273762,0.6331892235104398,0,0,0,1,14.166666666666666,3,0,28.7056041979574,0.4474663603495623,0,0,0,1,23.066666666666663,3,0,30.022550729810163,0.4158204899512549,0,0,0,1,31.416666666666668,3,0,24.32905780238521,0.4780647935281902,0,0,0,1,29.216666666666665,3,0,25.289866663690265,0.4215162671695175,0,0,0,1,36.6,3,0,17.40271728654357,0.3729730143368617,0,0,0,1,16.35,3,0,31.26184144260219,0.6891417771565341,0,0,0,1,34.266666666666666,4,0,31.590124319192608,0.4017143661074151,0,0,0,1,37.86666666666667,4,0,25.056764218076577,0.4625274151480516,0,0,0,1,32.56666666666667,4,0,25.05702443651088,0.3701806316306619,0,0,0,1,32.583333333333336,4,0,16.154820293545924,0.416883229294162,0,0,0,0,0.0,15,0,15.097819553401711,0.3004369371702287,0,0,0,1,19.55,4,0,13.927624386977342,0.3012584980015471,0,0,0,1,23.75,4,0,-1.1447479857305467,3.039392163373427,0.3671311113345959,0.3726831491475735,0.1439173668668486,0.1488140048383573,0.1649517158784856,0.2027070941105988,0.1450686807695557,0.1953813943435663,0.2998965873836608,0.2947598253275109,0.2637254901960784,0.291220556745182,0.7001034126163392,0.7052401746724891,0.7362745098039216,0.708779443254818,0.1769981120201384,0.1874622692466558,0.1406899926596525,0.1859799713876967,2,3,0,0,1,1,1,1,0.0,800.0,0,-1
a3ea0900-28bb-4260-a92f-2516de2341a1,2019-07-12 23:00:00+00:00,2019-07-12,2019,0,f073a15f-0486-4179-b0a3-dfd0294eb595,0a5ad38d-2fe3-43ba-894b-1ba3d5042ea9,f073a15f-0486-4179-b0a3-dfd0294eb595,0a5ad38d-2fe3-43ba-894b-1ba3d5042ea9,1424.1528318556211,1522.4846457625283,0.3960067289400314,-0.4221318538606465,0,32.441833632197664,0.4414771994708927,0,0,0,1,34.68333333333333,1,0,26.077312936721533,0.4736684776543753,0,0,0,1,29.383333333333333,1,0,19.87685230246036,0.6157772687737838,0,0,0,1,15.566666666666666,1,0,17.860581610995244,0.5770361030851362,0,0,0,1,27.48333333333333,1,0,27.003203270928125,0.3063525626984179,0,0,0,1,28.933333333333334,1,0,25.408781177949443,0.3136386884007376,0,0,0,1,33.88333333333333,1,0,22.41697923165933,0.3391853646260244,0,0,0,1,14.95,1,0,25.165686366179216,0.6198244256930239,0,0,0,1,29.866666666666667,2,0,24.151615557111565,0.6027619883377099,0,0,0,1,27.916666666666668,2,0,30.786697658814056,0.4418342866691716,0,0,0,1,33.11666666666667,2,0,18.22811441066301,0.5420591531156542,0,0,0,1,6.183333333333334,2,0,23.003410302235302,0.3542559858993279,0,0,0,1,32.35,2,0,21.2944894694835,0.3484619754776834,0,0,0,1,16.3,2,0,10.18647325481666,0.4411775287222196,0,0,0,1,16.033333333333335,2,0,-1.4199986037441417,-0.341724167029203,0.3663976472416678,0.3538970540230663,0.1290892758367142,0.140175930238384,0.2091453986873435,0.1992486349362608,0.1769220338516035,0.1359890884583377,0.240608228980322,0.299502487562189,0.2653985507246377,0.2868852459016393,0.759391771019678,0.700497512437811,0.7346014492753623,0.7131147540983607,0.1452027253434603,0.1663192102520081,0.137821583695289,0.1690895179801071,1,2,0,0,1,1,2,2,0.0,779.1,0,1
861a07c6-9633-4047-9789-25faaba05d45,2019-07-12 23:30:00+00:00,2019-07-12,2019,0,5d70a9af-8c2b-4aec-9e68-9acc6ddb93e4,6f017f37-be96-4bdc-b6d3-0a0429c72e89,5d70a9af-8c2b-4aec-9e68-9acc6ddb93e4,6f017f37-be96-4bdc-b6d3-0a0429c72e89,1415.6918993802694,1544.2676571632169,0.355206685593797,-0.5962299896664424,1,28.46769576581383,0.4618660025198358,0,0,0,1,29.75,1,0,24.57161599849916,0.4967209083896703,0,0,0,1,21.816666666666663,1,0,28.43833077656908,0.4268985580565247,0,0,0,1,32.8,1,0,24.689019090166063,0.415687384257718,0,0,0,1,26.45,1,0,26.59097356397811,0.2834081234162499,0,0,0,1,32.68333333333333,1,0,15.076319833683176,0.4386723884124767,0,0,0,1,17.5,1,0,21.24812560436801,0.2803697946526375,0,0,0,1,16.533333333333335,1,0,30.88519100410172,0.6894854046644495,0,0,0,1,27.266666666666666,0,0,31.76703785556607,0.3932811838818273,0,0,0,1,33.46666666666667,0,0,26.14816073465861,0.4579766020781434,0,0,0,1,36.63333333333333,0,0,26.02583718419552,0.3752976534443117,0,0,0,1,35.333333333333336,0,0,14.631803031795336,0.416883229294162,0,0,0,0,0.0,16,0,15.546573035656968,0.3088658060848778,0,0,0,1,31.1,0,0,14.730347408546503,0.2789979802554896,0,0,0,1,11.2,0,0,-5.463161523292428,3.3262407754656333,0.3190088805262736,0.3744124120701068,0.1403300775280787,0.1453692836904254,0.2087557322289837,0.2120987600633776,0.1924270656181241,0.193882946007504,0.3078534031413613,0.2857142857142857,0.2951807228915662,0.2969215491559086,0.6921465968586388,0.7142857142857143,0.7048192771084337,0.7030784508440914,0.1643908884973571,0.1812022957221466,0.1512532411408816,0.1835785982885737,1,1,0,0,1,1,3,2,0.0,586.3,0,1
990afc24-4c5e-49e2-811d-259f47e4aa35,2019-07-13 00:00:00+00:00,2019-07-13,2019,0,a015b02d-845c-40c1-8ef4-844984f47e4d,0699edf3-5993-4182-b9b4-ec935cbd4fcc,a015b02d-845c-40c1-8ef4-844984f47e4d,0699edf3-5993-4182-b9b4-ec935cbd4fcc,1548.2249049957325,1562.0903634769595,0.516018409740157,0.0640955732961245,1,27.28273000454837,0.6967957408676105,0,0,0,1,28.816666666666663,2,0,28.877650433652832,0.5463709599624144,0,0,0,1,32.916666666666664,2,0,26.98188282546424,0.4529938325541046,0,0,0,1,21.48333333333333,2,0,29.24903422514783,0.3821382929583043,0,0,0,1,26.816666666666663,2,0,21.25210232859008,0.3232562904311378,0,0,0,1,11.566666666666666,2,0,11.526825349778049,0.3649559984976721,0,0,0,1,28.416666666666668,2,0,13.56144332249451,0.3071026704658832,0,0,0,1,12.8,2,0,34.30976181439147,0.6392748174067927,0,0,0,1,34.166666666666664,2,0,33.467707641115496,0.6114070875833596,0,0,0,1,31.416666666666668,2,0,23.939944296150347,0.4091762320615215,0,0,0,1,26.6,2,0,30.57655564525216,0.2921646631933904,0,0,0,1,33.833333333333336,2,0,20.817543137557063,0.3119290605301243,0,0,0,1,11.35,2,0,13.99940773269057,0.4187246737557965,0,0,0,1,20.183333333333334,2,0,8.253726310850844,0.6584919181463492,0,0,0,0,0.0,0,0,-3.47812439745928,3.823814122393532,0.3543590067259405,0.3427472043010833,0.1397259056762106,0.1069898439839825,0.2145355867753771,0.1473335667925559,0.1975817196413858,0.1647832759616654,0.2889518413597733,0.3208430913348946,0.3039603960396039,0.2879640044994376,0.7110481586402266,0.6791569086651054,0.696039603960396,0.7120359955005624,0.1540247012637189,0.144587516368398,0.1702465950680986,0.1533742331288343,1,1,0,0,1,1,2,3,858.2,316.7,0,0
cf1013e9-428c-4958-a950-8fef018d31e7,2019-07-13 00:00:00+00:00,2019-07-13,2019,0,3c409388-ab73-4c7f-953d-3a71062240f6,08ed8274-e29f-4248-bc2e-83cc8ed18d75,3c409388-ab73-4c7f-953d-3a71062240f6,08ed8274-e29f-4248-bc2e-83cc8ed18d75,1455.730011391515,1389.3492814704182,0.6285566429190697,0.5260297662580817,1,29.64453913941904,0.5080011811862618,0,0,0,1,28.466666666666665,1,0,29.30058804210889,0.4564336776915367,0,0,0,1,35.016666666666666,1,0,29.999998190226,0.4168460331337123,0,0,0,1,29.78333333333333,1,0,20.148098789410813,0.6194126714835491,0,0,0,1,17.633333333333333,1,0,24.37817032390664,0.4667833082649985,0,0,0,1,24.85,1,0,24.46433278755324,0.4233634828109151,0,0,0,1,16.533333333333335,1,0,18.191239786383743,0.3815034949943238,0,0,0,1,25.766666666666666,1,0,32.60791631336938,0.483830078752878,0,0,0,1,26.7,5,0,22.05219342977445,0.5634636196491452,0,0,0,1,28.33333333333333,23,0,31.16510929220449,0.3845475748248851,0,0,0,1,29.766666666666666,5,0,23.985506748161068,0.4617373304053663,0,0,0,1,31.166666666666668,5,0,23.124520458834965,0.4148543185840181,0,0,0,1,30.766666666666666,33,0,14.966642318224748,0.543952733504122,0,0,0,1,11.5,5,0,21.665129816873947,0.3422942950397337,0,0,0,1,27.35,5,0,-1.6102167084146477,-4.862969417065877,0.3725544916947422,0.3552316134614027,0.1459285516062255,0.1369968614201042,0.1692483221607321,0.1933321328518058,0.148181073617481,0.1654557128304555,0.3048076923076923,0.2801120448179272,0.2577413479052823,0.2831267874165872,0.6951923076923077,0.7198879551820728,0.7422586520947176,0.7168732125834127,0.1752302187811601,0.1578796970995856,0.1377587437544611,0.1496491479306888,1,4,0,0,1,0,2,2,0.0,718.4,0,-1
c2f0738b-7a27-4ca8-a18c-496b703d78e0,2019-07-13 02:00:00+00:00,2019-07-13,2019,0,d6a012ed-84aa-48d3-8265-2d3f3ff2199a,5f0b5caf-708b-4300-92f2-53b51d83ec06,d6a012ed-84aa-48d3-8265-2d3f3ff2199a,5f0b5caf-708b-4300-92f2-53b51d83ec06,1564.9228157504958,1425.000383833722,0.7209884287076886,0.9493698330797224,1,30.708862988391218,0.6154940948743253,0,0,0,1,34.166666666666664,6,0,27.301241738505706,0.4112734002891495,0,0,0,1,35.983333333333334,6,0,22.383752541983974,0.4436208125445474,0,0,0,1,25.183333333333334,6,0,19.1185427900206,0.4338004353298673,0,0,0,0,0.0,16,0,21.91494682187122,0.3517428294650107,0,0,0,1,28.5,6,0,18.51510558545368,0.3335088217527931,0,0,0,1,33.266666666666666,6,0,14.534129823662706,0.3373395744072658,0,0,0,1,14.3,6,0,29.451122259192587,0.407668477552032,0,0,0,1,20.08333333333333,3,0,30.8760588762128,0.3768283621482041,0,0,0,1,31.48333333333333,3,0,21.372778765239502,0.4909500542356357,0,0,0,1,27.2,3,0,15.900960696535227,0.5386007698146427,0,0,0,1,11.45,3,0,20.92109378302446,0.3381677636180294,0,0,0,1,30.83333333333333,3,0,16.547783266913147,0.3988519486195331,0,0,0,1,23.966666666666665,3,0,11.263523340288677,0.4365214947202479,0,0,0,0,0.0,14,0,0.532468941654874,-3.121902913359231,0.3601168542508464,0.3221577181401904,0.1490200373600721,0.1457223772308425,0.2170893330725925,0.2260210994370091,0.1870996175588554,0.1632764735976006,0.2945013979496738,0.2973821989528796,0.2965061378659112,0.2897914379802415,0.7054986020503262,0.7026178010471205,0.7034938621340887,0.7102085620197585,0.1647794490451242,0.1685107465344016,0.1861218458740622,0.1651676206050695,6,2,0,0,0,1,1,3,0.0,1669.6,0,-2
d317abe6-a08c-40b9-8800-b1d2cf187026,2019-07-13 23:00:00+00:00,2019-07-13,2019,0,5c0d47fe-8539-47b0-9f36-d0b3609ca89b,171b097d-01db-4ae8-9d56-035689402ec6,5c0d47fe-8539-47b0-9f36-d0b3609ca89b,FR_LVA_ACES,1653.3186223039272,1554.7665826155965,0.6706712781485196,0.7112227119883977,0,22.84576807519033,0.729755427896355,0,0,0,0,0.0,5,0,29.695104844922227,0.4961679081036197,0,0,0,1,29.55,2,0,25.68421794650909,0.5107055553279406,0,0,0,1,28.916666666666668,2,0,29.458135093159186,0.3913542065133606,0,0,0,1,29.2,2,0,24.073986786078923,0.45469203772736,0,0,0,1,26.83333333333333,2,0,18.22079208409886,0.5999509026172296,0,0,0,1,34.0,2,0,14.823736373158145,0.4628822074703807,0,0,0,1,16.9,2,0,24.38829388689388,0.8228962571493275,0,0,0,1,25.98333333333333,2,0,27.7889216574737,0.6398596443347612,0,0,0,1,29.03333333333333,2,0,29.99139707712732,0.5235948051759416,0,0,0,1,31.8,2,0,19.047741315460726,0.6608744851163312,0,0,0,1,17.633333333333333,2,0,26.15911565710984,0.3588466587288187,0,0,0,1,29.766666666666666,2,0,17.41848462958236,0.3906290663126471,0,0,0,1,16.916666666666668,2,0,18.55812728219819,0.3366197265784814,0,0,0,1,13.633333333333333,2,0,7.9204115735533955,2.759093575879492,0.4021873319728571,0.3742084376555278,0.1088728296092377,0.1317330120214161,0.1848319541699181,0.1810839961251235,0.1626731682651695,0.2150098773635052,0.3582230623818525,0.2097345132743363,0.2929875120076849,0.3148464163822526,0.6417769376181475,0.7902654867256638,0.7070124879923151,0.6851535836177475,0.1308152647881394,0.1596449390567037,0.1669337606837607,0.1456323651230526,2,2,0,0,1,1,2,2,0.0,493.8,0,0
62ae1209-8ea1-4ef0-b573-60a3f6a10ef7,2019-07-14 19:00:00+00:00,2019-07-14,2019,0,5d70a9af-8c2b-4aec-9e68-9acc6ddb93e4,0a5ad38d-2fe3-43ba-894b-1ba3d5042ea9,5d70a9af-8c2b-4aec-9e68-9acc6ddb93e4,0a5ad38d-2fe3-43ba-894b-1ba3d5042ea9,1431.5706637247276,1531.462138590368,0.3938613087997177,-0.4311099840449039,0,29.06153966125452,0.4617668645081666,0,0,0,1,34.766666666666666,1,0,24.34960000464983,0.506675492793526,0,0,0,1,22.216666666666665,1,0,28.893528591990552,0.4091501449767897,0,0,0,1,33.266666666666666,1,0,24.939886619808902,0.3985535795831801,0,0,0,1,27.35,1,0,26.73323904689515,0.2797236399714956,0,0,0,1,28.1,1,0,15.329955874956063,0.4617534194149963,0,0,0,1,17.766666666666666,1,0,21.09274636155536,0.2816788554474722,0,0,0,1,19.6,1,0,25.970270183598423,0.6309071121220095,0,0,0,1,33.7,1,0,24.75483179701791,0.609395476108337,0,0,0,1,30.55,1,0,30.880656818271603,0.4533726125480971,0,0,0,1,31.78333333333333,1,0,16.50963457664743,0.5420591531156542,0,0,0,0,0.0,4,0,22.70454706160584,0.3562402092195249,0,0,0,1,19.83333333333333,1,0,21.50398819299023,0.3460240512752818,0,0,0,1,23.516666666666666,1,0,10.699983264286422,0.4471185532093915,0,0,0,1,15.633333333333333,1,0,-4.402940311839469,-0.1510077648783368,0.3234576207823978,0.3658580979535567,0.142631793563241,0.142222783683879,0.2227451266362777,0.2154811284360291,0.1888919398357201,0.1437159420049786,0.310916179337232,0.2982456140350877,0.2884071630537229,0.2832535885167464,0.6890838206627681,0.7017543859649122,0.7115928369462771,0.7167464114832536,0.1625956444967628,0.164506480558325,0.1525010166734444,0.1717698711369597,1,1,0,0,2,1,3,3,0.0,426.3,0,0
89878451-5cfe-48a9-8f4a-8591369509d2,2019-07-14 20:00:00+00:00,2019-07-14,2019,0,5f0b5caf-708b-4300-92f2-53b51d83ec06,3c409388-ab73-4c7f-953d-3a71062240f6,5f0b5caf-708b-4300-92f2-53b51d83ec06,3c409388-ab73-4c7f-953d-3a71062240f6,1413.8261630072518,1473.267721173467,0.450596336028532,-0.1982615460325361,0,29.810837804767587,0.4083946829489482,0,0,0,1,33.266666666666666,0,0,22.586795997715733,0.5129378598566685,0,0,0,1,34.25,0,0,30.60177203947766,0.3726682596823526,0,0,0,1,27.966666666666665,0,0,16.02657190656759,0.5123363382006149,0,0,0,1,17.233333333333334,0,0,21.78173361043936,0.3546413119931985,0,0,0,1,30.05,0,0,14.987718895953536,0.3988519486195331,27,0,1,0,0.0,4,1,10.201639632288297,0.4365214947202479,0,0,0,0,0.0,15,0,29.656052875180457,0.5254677949677742,0,0,0,1,29.766666666666666,0,0,28.727018227925708,0.4732744905281352,0,0,0,1,23.216666666666665,0,0,29.236360041382508,0.4359298236238203,0,0,0,1,21.9,0,0,19.376783347804928,0.6119862759623046,0,0,0,1,11.966666666666669,0,0,24.37865707351676,0.486245535850406,0,0,0,1,24.383333333333333,0,0,24.481836812009053,0.4311954693380895,0,0,0,1,24.65,0,0,18.18578057817468,0.3841077548196819,0,0,0,1,18.133333333333333,0,0,-4.089801031043425,0.3090007412663105,0.351927669328202,0.3919770136030502,0.1556030132105573,0.1450914087770054,0.2249147303264933,0.1684980711205321,0.1657633606634772,0.1665344200809023,0.2991115498519249,0.2963963963963964,0.2949640287769784,0.2542808219178082,0.700888450148075,0.7036036036036036,0.7050359712230215,0.7457191780821918,0.1723983521404263,0.1723332967153685,0.1666615699825693,0.1400933955970647,1,1,0,0,1,2,3,3,1669.6,817.0,2,0
ff5b4a3b-61ee-4b9a-bbe6-3112b016a488,2019-07-14 20:00:00+00:00,2019-07-14,2019,0,f073a15f-0486-4179-b0a3-dfd0294eb595,a015b02d-845c-40c1-8ef4-844984f47e4d,f073a15f-0486-4179-b0a3-dfd0294eb595,a015b02d-845c-40c1-8ef4-844984f47e4d,1415.1753390277818,1571.2509140848335,0.3198346769580958,-0.7545316629549742,0,30.92318324981697,0.4353492881589163,0,0,0,1,16.333333333333332,1,0,25.622211561595982,0.4735584381752683,0,0,0,1,21.25,1,0,19.68576809430613,0.6074242604431224,0,0,0,1,17.85,1,0,18.002569791350837,0.5685658585698221,0,0,0,1,19.366666666666667,1,0,26.35396583396588,0.3093644607509059,0,0,0,1,20.116666666666667,1,0,24.623888461797083,0.314662974953487,0,0,0,1,17.083333333333332,1,0,22.53950900063406,0.3316317218598662,0,0,0,1,23.716666666666665,1,0,27.45719810528724,0.6979169946374235,0,0,0,1,29.133333333333333,0,0,29.195583193589247,0.5547563957015998,0,0,0,1,32.25,0,0,26.74161491790405,0.456196060403807,0,0,0,1,24.433333333333334,0,0,29.95462652062047,0.3804798573106001,0,0,0,1,36.73333333333333,0,0,22.18681112480369,0.3173609346726465,0,0,0,1,31.166666666666668,0,0,12.166946709363836,0.3741254705693568,0,0,0,1,18.316666666666663,0,0,12.854863242222647,0.296050008597132,0,0,0,1,6.066666666666666,0,0,-1.4446262384836597,-2.174589817756679,0.3810426730649245,0.3656085497012024,0.1399022289285133,0.1458999654563678,0.2306738337475772,0.234714101656099,0.1821036520902203,0.1925996982248576,0.2401010951979781,0.2907488986784141,0.266497461928934,0.3010251630941286,0.7598989048020219,0.7092511013215859,0.733502538071066,0.6989748369058714,0.1491638971030801,0.1553169268671504,0.1380100512980756,0.1696544703952949,1,1,0,0,2,2,2,2,0.0,746.3,0,0
9db3cefc-a35f-4d4c-ae6f-0d735306d4d1,2019-07-14 23:00:00+00:00,2019-07-14,2019,0,6f017f37-be96-4bdc-b6d3-0a0429c72e89,0699edf3-5993-4182-b9b4-ec935cbd4fcc,6f017f37-be96-4bdc-b6d3-0a0429c72e89,0699edf3-5993-4182-b9b4-ec935cbd4fcc,1528.388892818759,1539.0643543878584,0.5206029951758191,0.0824586716375282,1,31.0468569127223,0.6887420455034208,0,0,0,1,32.6,1,0,32.07968604142814,0.3891708726013717,0,0,0,1,35.083333333333336,1,0,26.341600622114434,0.4492150257507791,0,0,0,1,28.2,1,0,26.60162954165853,0.3768576789947504,0,0,0,1,32.13333333333333,1,0,13.252370256745412,0.416883229294162,0,0,0,0,0.0,18,0,16.19897410613924,0.3008853957942445,0,0,0,1,22.466666666666665,1,0,15.228722217733218,0.2711513339845359,0,0,0,1,20.016666666666666,1,0,34.29155751141556,0.6192101917285253,0,0,0,1,34.11666666666667,0,0,33.70015779667456,0.6002623887018512,0,0,0,1,35.93333333333333,0,0,23.92675086070213,0.3974731844957889,0,0,0,1,23.8,0,0,30.17966273849536,0.2926717731565745,0,0,0,1,26.366666666666667,0,0,20.46078170355825,0.2999019157379344,0,0,0,1,17.033333333333335,0,0,13.718205834536269,0.4169528001119064,0,0,0,1,11.016666666666667,0,0,8.9808740653482,0.6312941618113219,0,0,0,1,15.966666666666669,0,0,2.4674806218762178,2.487689182122512,0.3746491083527062,0.3508383976826841,0.15073764740975,0.1131836847087268,0.219695940024412,0.149156220607107,0.182856398122051,0.1672055097964755,0.279508970727101,0.3162486368593238,0.300556586270872,0.2901554404145077,0.720491029272899,0.6837513631406761,0.699443413729128,0.7098445595854922,0.1807043983031926,0.1456442216501829,0.1807111679501793,0.1549836944238158,1,1,0,0,2,2,2,3,907.7,1090.0,-1,-1
bc969980-22a4-4d39-8345-37a9de31ee65,2019-07-14 23:00:00+00:00,2019-07-14,2019,0,d6a012ed-84aa-48d3-8265-2d3f3ff2199a,08ed8274-e29f-4248-bc2e-83cc8ed18d75,d6a012ed-84aa-48d3-8265-2d3f3ff2199a,08ed8274-e29f-4248-bc2e-83cc8ed18d75,1576.097036576966,1371.8115716884663,0.7891606151454216,1.3198732337311727,1,30.72059759642017,0.6096900074346974,0,0,0,1,30.83333333333333,0,0,26.718182662647934,0.41362841675688,0,0,0,1,21.116666666666667,0,0,22.6995387452444,0.4547586925364056,0,0,0,1,25.73333333333333,0,0,22.51219242219849,0.3818376560047916,0,0,0,1,28.25,0,0,17.316116631163755,0.4338004353298673,0,0,0,0,0.0,17,0,19.176758380885147,0.3496825831457238,0,0,0,1,25.53333333333333,0,0,14.589049262652392,0.3528018370211736,0,0,0,1,15.116666666666667,0,0,31.7256862532199,0.4758956076909713,0,0,0,1,23.25,0,0,30.87928456402934,0.3952389473050497,0,0,0,1,28.133333333333333,0,0,22.06141427482624,0.5504106624581114,0,0,0,1,22.15,0,0,23.504492534321,0.4603975677726494,0,0,0,1,18.883333333333333,0,0,23.72086349174963,0.4106240903619912,0,0,0,1,29.45,0,0,15.227475809243158,0.5402666206262992,0,0,0,1,17.733333333333334,0,0,19.622620764492293,0.3422942950397337,0,0,0,0,0.0,6,0,1.7444894058219136,-6.171918598298812,0.3885103852659102,0.3628192248916534,0.1540552527755965,0.1422937732670894,0.2175732430533591,0.1986745717205173,0.1937899281619352,0.1835272744039444,0.2986784140969163,0.2751971954425942,0.2981199641897941,0.2761394101876676,0.7013215859030837,0.7248028045574058,0.7018800358102059,0.7238605898123325,0.1660997129796959,0.1588997195887301,0.1886513776250067,0.1484058126729162,1,1,0,0,1,1,1,2,0.0,1732.7,0,-2
fcabecfc-0fb4-4013-a6e2-09de8d3e8ccd,2019-07-17 16:00:00+00:00,2019-07-17,2019,0,3c409388-ab73-4c7f-953d-3a71062240f6,5d70a9af-8c2b-4aec-9e68-9acc6ddb93e4,3c409388-ab73-4c7f-953d-3a71062240f6,5d70a9af-8c2b-4aec-9e68-9acc6ddb93e4,1488.469534836192,1423.6432459445473,0.6264651137030883,0.5170816844021943,1,29.4763571943892,0.529184967724311,0,0,0,1,27.75,2,0,29.06700840157326,0.4805006080641679,0,0,0,1,32.333333333333336,2,0,29.187365254307974,0.452036285589096,0,0,0,1,28.716666666666665,2,0,24.489086992516,0.4820020898816107,0,0,0,1,25.55,2,0,19.42453902430772,0.6032907879147755,0,0,0,1,19.883333333333333,2,0,25.05549227428376,0.442314997293576,0,0,0,1,30.566666666666663,2,0,18.007996095262076,0.3858192962658124,0,0,0,1,16.3,2,0,29.065165561062607,0.4528459997401467,0,0,0,1,29.1,2,0,29.75990970913453,0.419622567437576,0,0,0,1,38.083333333333336,2,0,23.455583797515136,0.5075856164485049,0,0,0,1,14.866666666666667,2,0,24.83242228613872,0.3836826939435276,0,0,0,1,23.8,2,0,16.72713533051242,0.4689282791437665,0,0,0,1,30.15,2,0,27.236055059800883,0.279777078212797,0,0,0,1,32.06666666666667,2,0,21.51138862977202,0.2812113479862678,0,0,0,1,25.53333333333333,2,0,1.6816031345431803,-4.979750698135549,0.4111397235773572,0.3252156521756768,0.1447973338342764,0.1446112261005694,0.1660807383589877,0.2354156521996849,0.1762738113327489,0.2008553743409026,0.2975277067348678,0.3067150635208711,0.2542372881355932,0.289198606271777,0.7024722932651322,0.6932849364791288,0.7457627118644068,0.710801393728223,0.1703555359047049,0.1609853674576642,0.1371932032724984,0.1458299419393347,2,2,0,0,1,1,3,3,817.0,586.3,0,-1
f982baf2-a885-4063-a617-a25cb61be8ba,2019-07-17 19:30:00+00:00,2019-07-17,2019,0,0699edf3-5993-4182-b9b4-ec935cbd4fcc,5f0b5caf-708b-4300-92f2-53b51d83ec06,0699edf3-5993-4182-b9b4-ec935cbd4fcc,5f0b5caf-708b-4300-92f2-53b51d83ec06,1518.8418249026513,1398.6243493445268,0.6976092308276595,0.8359389861559121,1,34.187078196731825,0.6064835001204282,0,0,0,1,33.18333333333333,2,0,33.56344223336495,0.6103612831964385,0,0,0,1,32.25,2,0,25.074400183557685,0.3892123436923354,0,0,0,1,36.1,2,0,29.494934082377707,0.2816364895278064,0,0,0,1,22.916666666666668,2,0,20.736309162213,0.3063241312318496,0,0,0,1,23.383333333333333,2,0,12.424903655582693,0.4169528001119064,0,0,0,0,0.0,3,0,8.13419016675986,0.6312941618113219,0,0,0,0,0.0,3,0,30.18220758240425,0.4055960003539592,0,0,0,1,33.75,2,0,30.68802495251368,0.374623442670034,0,0,0,1,31.516666666666666,2,0,22.658748074470218,0.4776064669657352,0,0,0,1,23.35,2,0,22.740360506435607,0.3628552447609305,0,0,0,1,31.95,2,0,15.230574312137424,0.5011607611882127,0,0,0,1,7.583333333333333,2,0,16.344884675779305,0.4208987001594488,30,3,0,1,29.383333333333333,2,1,10.698141128365368,0.4665174247727185,0,0,0,1,16.216666666666665,2,0,1.325132513018002,-5.105963426850149,0.3588184627406467,0.3572564539429886,0.1196632027239319,0.1504803020030235,0.1429506799873657,0.2284020149624548,0.1651272615603145,0.1833316912856457,0.3156281920326864,0.2961254612546125,0.2788461538461538,0.2963320463320463,0.6843718079673136,0.7038745387453874,0.7211538461538461,0.7036679536679536,0.1475113409256733,0.1671422177464473,0.1578396169958109,0.1648051125568541,2,2,0,0,1,1,3,2,1278.1,866.9,-2,-2
0ac4fbe4-b3e7-4eb4-ae72-5af0f87710e4,2019-07-18 00:00:00+00:00,2019-07-18,2019,0,6f017f37-be96-4bdc-b6d3-0a0429c72e89,d6a012ed-84aa-48d3-8265-2d3f3ff2199a,6f017f37-be96-4bdc-b6d3-0a0429c72e89,d6a012ed-84aa-48d3-8265-2d3f3ff2199a,1548.6114223039658,1581.798150793497,0.4882205306577455,-0.0471265974509602,0,31.28755788760078,0.6900124546872152,0,0,0,1,33.6,3,0,27.11702970998218,0.4597441012931202,0,0,0,1,34.56666666666667,3,0,32.39899816398477,0.3782749172670209,0,0,0,1,35.46666666666667,3,0,26.768030774242465,0.3805170640378147,0,0,0,1,28.366666666666667,3,0,17.29896140724104,0.3327288799436775,0,0,0,1,27.866666666666667,3,0,12.002985349121465,0.416883229294162,0,0,0,0,0.0,22,0,10.014781155508269,0.4241761097396117,0,0,0,1,22.08333333333333,3,0,30.15142644382588,0.6082123214411576,0,0,0,1,24.683333333333334,3,0,26.92544767872124,0.4068857496247141,0,0,0,1,28.916666666666668,3,0,22.055360603122622,0.4560510712384001,0,0,0,1,15.866666666666667,3,0,23.334389630738418,0.3936626980087205,0,0,0,1,31.23333333333333,3,0,19.587480303761605,0.35538050248624,0,0,0,1,23.53333333333333,3,0,15.683616605998813,0.4338004353298673,0,0,0,0,0.0,21,0,15.842385651070906,0.3657987623872044,0,0,0,1,27.883333333333333,3,0,3.162882038909592,2.6121598968424964,0.3814386598592068,0.4003490533302618,0.1581183898774517,0.1605753129841079,0.2382656183795195,0.2305141282697806,0.176930527229535,0.1834871381198243,0.2698412698412698,0.3092868988391376,0.3008771929824561,0.2972742759795571,0.7301587301587301,0.6907131011608624,0.6991228070175438,0.702725724020443,0.1815522060552232,0.1678398757483905,0.1804150863885377,0.1907526173033537,2,2,0,0,1,1,3,2,0.0,1389.1,0,2
a0b0888b-e38d-4fd4-9d12-86c0f057f393,2019-07-18 19:30:00+00:00,2019-07-18,2019,0,0a5ad38d-2fe3-43ba-894b-1ba3d5042ea9,5f0b5caf-708b-4300-92f2-53b51d83ec06,0a5ad38d-2fe3-43ba-894b-1ba3d5042ea9,5f0b5caf-708b-4300-92f2-53b51d83ec06,1539.3895563705482,1392.844781652852,0.7285920834122371,0.9874911026149732,1,26.840415290522927,0.6305526954633439,0,0,0,1,35.2,3,0,25.315320470529795,0.5959010935737172,0,0,0,1,30.7,3,0,31.839385230287785,0.4493183489687503,0,0,0,1,41.05,3,0,24.305244816550594,0.3616372140842263,0,0,0,1,39.68333333333333,3,0,14.9531667244192,0.5420591531156542,0,0,0,0,0.0,8,0,22.85804889084411,0.3376370398553539,0,0,0,1,35.86666666666667,3,0,11.59561003156106,0.4523787898913612,0,0,0,1,20.2,3,0,29.553804809169502,0.3987272982754223,0,0,0,1,23.516666666666666,0,0,30.72529317814312,0.3617754684173808,0,0,0,1,31.08333333333333,0,0,23.18587081818654,0.478804101289713,0,0,0,1,28.25,0,0,23.90558202890796,0.351694248834978,0,0,0,1,35.1,0,0,14.160798011941331,0.5035502983426342,0,0,0,1,3.883333333333333,0,0,16.768039168353084,0.4111093414897037,31,4,0,1,20.83333333333333,0,1,12.10617632296401,0.4783257711254435,0,0,0,1,25.633333333333333,0,0,0.8551321592231272,-5.431640170417435,0.3671263264962575,0.3594006321268888,0.1346140200944501,0.1464911190138814,0.2247432468694977,0.2341044957963701,0.1431705621212115,0.1773610114952655,0.2982905982905983,0.2968075927523727,0.2809991079393398,0.2904109589041095,0.7017094017094017,0.7031924072476272,0.7190008920606601,0.7095890410958904,0.1571782507925513,0.1628342387004904,0.1695929768555467,0.1615453826648853,3,0,0,1,1,2,2,3,1933.6,358.3,-3,0
6c078a24-4e17-4758-8af0-4ce1bab85542,2019-07-19 23:00:00+00:00,2019-07-19,2019,0,f073a15f-0486-4179-b0a3-dfd0294eb595,5c0d47fe-8539-47b0-9f36-d0b3609ca89b,f073a15f-0486-4179-b0a3-dfd0294eb595,5c0d47fe-8539-47b0-9f36-d0b3609ca89b,1402.8242050668032,1641.9255363210452,0.2257500510754953,-1.232466334340495,0,31.129976828855444,0.4333815207678628,0,0,0,1,33.11666666666667,4,0,20.24176893480617,0.6083380804259014,0,0,0,1,25.58333333333333,4,0,24.864335578806724,0.469759168825019,0,0,0,1,17.583333333333332,4,0,17.81063230484195,0.5644823420796836,0,0,0,1,15.966666666666669,4,0,25.638249498840025,0.3265424238377998,0,0,0,1,35.38333333333333,4,0,26.94281904802202,0.2998944339002051,0,0,0,1,32.6,4,0,22.117825815062336,0.3388740722318709,0,0,0,1,18.066666666666663,4,0,20.691952773984767,0.729755427896355,0,0,0,0,0.0,11,0,29.653141991124578,0.5019755281912828,0,0,0,1,29.25,5,0,26.320499814638964,0.5202361923069263,0,0,0,1,32.43333333333333,5,0,30.263430816928864,0.3885372277408646,0,0,0,1,38.0,5,0,23.647481888968898,0.4641383515634086,0,0,0,1,19.55,5,0,17.835441450604257,0.573432658077923,0,0,0,1,14.133333333333333,5,0,15.35258861951979,0.4539990160002769,0,0,0,1,20.433333333333334,5,0,-2.9289143781380367,7.3168125051686195,0.3800928454752473,0.4055164809195213,0.1438006504168985,0.1113927180577771,0.2317816192210148,0.1943427707284347,0.1968678943124449,0.1774529897320226,0.2409927942353883,0.3601769911504425,0.2698158526821457,0.2853285328532853,0.7590072057646117,0.6398230088495576,0.7301841473178543,0.7146714671467147,0.1499603410668253,0.1299851044096568,0.1394132306857157,0.1667496955607218,4,5,0,0,0,0,2,1,0.0,493.4,0,0
394e5cb5-0163-4688-a131-40f0c56d38df,2019-07-19 23:30:00+00:00,2019-07-19,2019,0,a015b02d-845c-40c1-8ef4-844984f47e4d,5d70a9af-8c2b-4aec-9e68-9acc6ddb93e4,a015b02d-845c-40c1-8ef4-844984f47e4d,5d70a9af-8c2b-4aec-9e68-9acc6ddb93e4,1583.602048045812,1419.925999020884,0.747647868685691,1.0861066447245329,1,28.037890231335755,0.7078547143105494,0,0,0,1,33.61666666666667,4,0,28.966593843622142,0.5355300310076807,0,0,0,1,26.766666666666666,4,0,27.00795044504224,0.4459437148991758,0,0,0,1,29.566666666666663,4,0,30.05318050173206,0.3975499973487436,0,0,0,1,31.0,4,0,22.415889001658567,0.3268589023723962,0,0,0,1,24.616666666666667,4,0,12.470175854582266,0.3668156983136301,0,0,0,1,15.383333333333333,4,0,12.626570275537208,0.295803339829164,0,0,0,1,10.433333333333334,4,0,29.282142651991524,0.4509669221256314,0,0,0,1,31.366666666666667,1,0,29.119467647325944,0.4233384285665674,0,0,0,1,22.966666666666665,1,0,24.11970554448537,0.5103768041311281,0,0,0,1,30.5,1,0,25.698279192839703,0.3819434476141065,0,0,0,1,34.016666666666666,1,0,27.971153884144176,0.3051043544687809,0,0,0,1,35.03333333333333,1,0,16.405608841742275,0.4706361278613298,0,0,0,1,13.316666666666666,1,0,21.354758997523504,0.2659386000764664,0,0,0,1,19.85,1,0,-0.3490952500827282,-5.005296294358394,0.38038914742253,0.3299091380655651,0.149295112403772,0.1405674007099005,0.2341349929460515,0.2311789244184414,0.1871060898097263,0.2019531869790608,0.2928452579034942,0.3045685279187817,0.2986784140969163,0.2908792111750205,0.7071547420965059,0.6954314720812182,0.7013215859030837,0.7091207888249794,0.1558263866014645,0.1567881560684727,0.16934688108382,0.1479780584258196,4,1,0,0,0,1,2,3,0.0,800.9,0,1
6e159a52-e84e-408c-80e7-1dc48da5daa3,2019-07-20 02:00:00+00:00,2019-07-20,2019,0,d6a012ed-84aa-48d3-8265-2d3f3ff2199a,171b097d-01db-4ae8-9d56-035689402ec6,d6a012ed-84aa-48d3-8265-2d3f3ff2199a,FR_LVA_ACES,1599.9064524057546,1566.1596685984784,0.5837468178408856,0.3381736716399452,1,30.518969673299605,0.6274180876649663,0,0,0,1,34.05,1,0,27.306438996811853,0.4204697260470325,0,0,0,1,30.966666666666665,1,0,22.55766234902872,0.4615866978135186,0,0,0,1,27.383333333333333,1,0,23.618690326360166,0.4010710150938519,0,0,0,1,26.35,1,0,21.06879908590416,0.3639219338885133,0,0,0,1,35.3,1,0,14.2050227012955,0.4338004353298673,1,1,2,0,0.0,23,1,15.538276685106922,0.356317827572704,0,0,0,1,12.616666666666667,1,0,24.535525816734182,0.8146065705752674,0,0,0,1,25.95,6,0,27.99266020484571,0.6284592841281579,0,0,0,1,29.95,6,0,30.213757518152192,0.5252289144839347,0,0,0,1,32.35,6,0,18.86568667353956,0.6458750630432869,0,0,0,1,17.116666666666667,6,0,25.484180465846624,0.3557273544209392,0,0,0,1,19.0,6,0,17.61786481600823,0.4009165282923896,0,0,0,1,19.53333333333333,6,0,18.23996407483487,0.3295139908857257,0,0,0,1,15.183333333333334,6,0,3.7525442564159386,2.355868031300996,0.4219084679169941,0.3820271908311933,0.1693706501609944,0.1367642081084293,0.2314084214977682,0.19641955091928,0.1859562618665592,0.2297564586805846,0.3138801261829653,0.2075,0.2952,0.3191318327974276,0.6861198738170347,0.7925,0.7048,0.6808681672025724,0.1714645086266226,0.15992134607726,0.1888912799177486,0.1440215340494579,1,5,0,0,1,0,3,1,1389.1,877.9,-2,0
522521ca-0b47-40cd-a636-63469272587d,2019-07-20 19:00:00+00:00,2019-07-20,2019,0,08ed8274-e29f-4248-bc2e-83cc8ed18d75,0a5ad38d-2fe3-43ba-894b-1ba3d5042ea9,08ed8274-e29f-4248-bc2e-83cc8ed18d75,0a5ad38d-2fe3-43ba-894b-1ba3d5042ea9,1366.1104574719354,1544.4808799581417,0.2925831655282069,-0.8828711213073436,1,31.327304037295946,0.4540000569885524,0,0,0,1,27.5,5,0,30.79953138178788,0.3954237140007627,0,0,0,1,30.03333333333333,5,0,21.995916016067536,0.539622127263728,0,0,0,1,21.366666666666667,5,0,22.785997570790467,0.4489750616027608,0,0,0,1,15.883333333333333,5,0,24.13528370769789,0.4120631386109663,0,0,0,1,28.116666666666667,5,0,14.602661674768113,0.5388467166994163,0,0,0,1,8.6,5,0,17.772671981276982,0.3422942950397337,0,0,0,0,0.0,12,0,27.75894190297616,0.6304440430261304,0,0,0,1,36.583333333333336,1,0,25.697266544699936,0.5950692108210008,0,0,0,1,29.366666666666667,1,0,31.65497582493328,0.451652388003673,0,0,0,1,29.883333333333333,1,0,22.01383539607753,0.3616372140842263,0,0,0,0,0.0,5,0,24.20701294419699,0.3135744481291688,0,0,0,1,37.16666666666666,1,0,13.543436957990078,0.5420591531156542,0,0,0,0,0.0,10,0,11.827000924252909,0.4617655017842724,0,0,0,1,14.05,1,0,-6.622187288321662,1.6476613424794966,0.3666552862891736,0.3717968082386433,0.1523190007627238,0.1362785810204352,0.2042736380589224,0.2251041538128877,0.2092282363275857,0.1626696836467796,0.2754590984974958,0.2934959349593496,0.288235294117647,0.2789915966386554,0.7245409015025042,0.7065040650406504,0.711764705882353,0.7210084033613445,0.1626487795037321,0.1561591179222618,0.1511892712550607,0.17087573815806,5,1,0,0,0,1,1,2,0.0,2457.5,0,3
393c2fc2-3baa-4280-bf95-2942a846ca0e,2019-07-21 00:00:00+00:00,2019-07-21,2019,0,5f0b5caf-708b-4300-92f2-53b51d83ec06,0699edf3-5993-4182-b9b4-ec935cbd4fcc,5f0b5caf-708b-4300-92f2-53b51d83ec06,0699edf3-5993-4182-b9b4-ec935cbd4fcc,1387.7534580652584,1524.6213925943262,0.3443511134933676,-0.6439635960766632,0,29.17319821823392,0.4057596125111131,0,0,0,1,25.516666666666666,2,0,31.096871428408505,0.3553563170791439,0,0,0,1,34.666666666666664,2,0,22.920086581089265,0.4613539601507783,0,0,0,1,20.366666666666667,2,0,24.9059562067414,0.3452069750564481,0,0,0,1,34.516666666666666,2,0,18.18833989901377,0.4302107981585541,34,7,0,1,31.83333333333333,2,1,14.36404540903714,0.49651765468092,0,0,0,1,16.316666666666666,2,0,12.04431442363818,0.4995946866999061,0,0,0,1,11.45,2,0,34.18672514473278,0.6026132427588764,0,0,0,1,34.18333333333333,3,0,33.66902146269344,0.6014503099096837,0,0,0,1,34.68333333333333,3,0,25.325074657885764,0.3859747695598829,0,0,0,1,27.73333333333333,3,0,29.72481742881944,0.270704162353399,0,0,0,1,31.933333333333334,3,0,21.111562682652547,0.3153647311700357,0,0,0,1,24.716666666666665,3,0,11.253529267060363,0.4169528001119064,0,0,0,0,0.0,7,0,7.367328523657179,0.6312941618113219,0,0,0,0,0.0,7,0,-5.792712947911529,2.007252141179128,0.3658242068051757,0.3649379727671757,0.1542801726575504,0.118776098278453,0.2477061087886212,0.1442044911459385,0.1674716837606457,0.1879093643029207,0.2939739413680782,0.3082851637764932,0.2857142857142857,0.2807174887892377,0.7060260586319218,0.6917148362235067,0.7142857142857143,0.7192825112107624,0.1644777830388516,0.1449405295559141,0.1602771243181759,0.1538180592234646,1,2,0,0,2,1,3,2,1221.9,866.9,2,2
b2f93755-e63e-456b-a61b-0f61c3d885f3,2019-07-21 19:00:00+00:00,2019-07-21,2019,0,5c0d47fe-8539-47b0-9f36-d0b3609ca89b,5d70a9af-8c2b-4aec-9e68-9acc6ddb93e4,5c0d47fe-8539-47b0-9f36-d0b3609ca89b,5d70a9af-8c2b-4aec-9e68-9acc6ddb93e4,1647.0652090621868,1401.2160464281724,0.8262289248346119,1.559133110827503,1,22.02515031536977,0.7496398806981286,0,0,0,1,34.833333333333336,1,0,30.54847096520732,0.5056461336447987,0,0,0,1,39.15,1,0,26.26514391031441,0.5145537285576074,0,0,0,1,25.73333333333333,1,0,31.05565710116832,0.3771243553964724,0,0,0,1,38.66666666666666,1,0,24.2699431031081,0.4588166749847236,0,0,0,1,30.25,1,0,17.181593443929074,0.5728683827790548,0,0,0,1,10.9,1,0,15.01609230983145,0.4556205699453342,0,0,0,1,11.783333333333331,1,0,28.79673177602458,0.4571572405828652,0,0,0,1,24.133333333333333,1,0,23.25521930597236,0.5128272246992033,0,0,0,1,14.95,1,0,26.37419093895034,0.4233384285665674,0,0,0,0,0.0,3,0,26.71662585018309,0.389834262050134,0,0,0,1,36.5,1,0,27.725612372808904,0.2911312463732368,0,0,0,1,25.366666666666667,1,0,16.357941892827043,0.4543057697475701,0,0,0,1,15.9,1,0,20.75565560475102,0.2480245280206767,0,0,0,1,15.0,1,0,7.593562138346782,-7.607039170671495,0.4180500537988068,0.3402555920454834,0.1109204181903394,0.145417436250114,0.1972330219679792,0.223668515818207,0.1788534366593063,0.2202992240020031,0.3600993377483443,0.3088709677419355,0.2809083263246426,0.2934362934362934,0.6399006622516556,0.6911290322580645,0.7190916736753574,0.7065637065637066,0.1278974710582527,0.1579884833105602,0.1632631906292111,0.144505190144746,1,1,0,0,1,2,1,3,493.8,316.7,0,0
267b3e1c-a576-4266-809d-67a0c2db741a,2019-07-21 22:00:00+00:00,2019-07-21,2019,0,171b097d-01db-4ae8-9d56-035689402ec6,6f017f37-be96-4bdc-b6d3-0a0429c72e89,FR_LVA_ACES,6f017f37-be96-4bdc-b6d3-0a0429c72e89,1559.798572818771,1530.503120691708,0.5775075030617753,0.3125497467128667,1,24.95327753919633,0.8099216934315565,0,0,0,1,28.966666666666665,0,0,27.352273090832472,0.6218037303267206,0,0,0,1,21.2,0,0,30.104042723655475,0.5174826590710413,0,0,0,1,29.05,0,0,18.89406196442146,0.6332839803596533,0,0,0,1,19.166666666666668,0,0,26.026189531779924,0.3457766674299,0,0,0,1,31.23333333333333,0,0,18.19598005139335,0.3907981502324484,0,0,0,1,23.75,0,0,18.297476026526816,0.3290512053495303,0,0,0,1,18.85,0,0,31.419146482134856,0.6864094232573952,0,0,0,1,32.68333333333333,2,0,26.75560286326699,0.4533256891798226,0,0,0,1,23.28333333333333,2,0,32.13511887335223,0.3632595792609811,0,0,0,1,29.6,2,0,27.22357112723645,0.3925503482508581,0,0,0,1,31.6,2,0,18.342384104106777,0.3387627778054811,0,0,0,1,28.366666666666667,2,0,16.323515904110458,0.2823254079937247,0,0,0,1,26.23333333333333,2,0,10.87138787251228,0.416883229294162,0,0,0,0,0.0,25,0,2.517338592648793,1.4780478869111675,0.3893477698454728,0.3895149933131646,0.1473948554977801,0.1600546479346967,0.193107695994277,0.2430933271861995,0.2293840664881119,0.1714144683585957,0.2060221870047543,0.2694214876033058,0.3214285714285714,0.3061564059900166,0.7939778129952456,0.7305785123966942,0.6785714285714286,0.6938435940099834,0.1638957670086074,0.1801746402656499,0.1472640817581793,0.1835216244463245,1,3,0,0,1,1,1,2,877.9,1298.0,0,-2
46e853f7-5cf0-4c57-9fa3-dea20b947a68,2019-07-21 22:00:00+00:00,2019-07-21,2019,0,3c409388-ab73-4c7f-953d-3a71062240f6,f073a15f-0486-4179-b0a3-dfd0294eb595,3c409388-ab73-4c7f-953d-3a71062240f6,f073a15f-0486-4179-b0a3-dfd0294eb595,1492.1867817598552,1397.6845323256616,0.6655018892972453,0.6879102453160759,1,29.736274802480693,0.5247072356510143,0,0,0,1,32.233333333333334,3,0,29.463529057731712,0.4673860544044089,0,0,0,1,32.11666666666667,3,0,28.249914607679,0.4733381156640848,0,0,0,1,20.4,3,0,24.61424633959264,0.487959561550745,0,0,0,1,25.816666666666663,3,0,19.28238234367158,0.6036749553240868,0,0,0,1,17.916666666666668,3,0,24.985838503249624,0.4395616494695568,0,0,0,1,24.316666666666663,3,0,17.436870421497208,0.3866969512734148,0,0,0,1,11.95,3,0,31.98192283394788,0.4249554158046719,0,0,0,1,40.16666666666666,1,0,21.7383961231512,0.6139515782858223,0,0,0,1,36.11666666666667,1,0,25.38621773630149,0.4739894904839463,0,0,0,1,30.4,1,0,17.423096953583038,0.5573384307010162,0,0,0,1,13.7,1,0,25.90018848856897,0.3188978037667621,0,0,0,1,28.416666666666668,1,0,23.11076060455253,0.3421766681286454,0,0,0,1,32.65,1,0,26.63866922298157,0.2877189929216671,0,0,0,1,23.716666666666665,1,0,2.0180859977784373,-3.6193389683159096,0.4161013355651798,0.3865625687484803,0.1501176988062521,0.1422686948426077,0.1716354304507785,0.2397015719128559,0.1828828653215052,0.2036900010030738,0.2987117552334943,0.2396382818387339,0.2554965883244882,0.2750565184626978,0.7012882447665056,0.760361718161266,0.7445034116755117,0.7249434815373021,0.1710145638209189,0.1477803738317757,0.1346797351496309,0.1370518114167075,3,1,0,0,1,1,2,2,0.0,163.5,0,-1
34d6a5c5-65e0-47cd-8b2e-9732ffff2b44,2019-07-23 23:00:00+00:00,2019-07-23,2019,0,5d70a9af-8c2b-4aec-9e68-9acc6ddb93e4,0a5ad38d-2fe3-43ba-894b-1ba3d5042ea9,5d70a9af-8c2b-4aec-9e68-9acc6ddb93e4,0a5ad38d-2fe3-43ba-894b-1ba3d5042ea9,1389.409257908358,1531.0386350476158,0.3381895467559965,-0.6713726630150899,0,28.602202131684088,0.4611741008672908,0,0,0,1,26.73333333333333,1,0,22.920046257067064,0.5057381284086129,0,0,0,1,19.7,1,0,26.136830233434623,0.3898076770073183,0,0,0,1,20.566666666666663,1,0,23.887728859222022,0.4233384285665674,0,0,0,0,0.0,5,0,27.940033304343988,0.2793318148510808,0,0,0,1,30.0,1,0,16.608596722235415,0.4487753739633209,0,0,0,1,19.016666666666666,1,0,21.59889561989676,0.230435890706982,0,0,0,1,29.7,1,0,28.243622022169944,0.6399818499620312,0,0,0,1,32.9,2,0,25.831082387142324,0.5996313113970099,0,0,0,1,27.116666666666667,2,0,31.8823412004202,0.4609944441498342,0,0,0,1,34.06666666666667,2,0,25.3769496249052,0.3061004184318345,0,0,0,1,36.61666666666667,2,0,19.938451659437828,0.3616372140842263,0,0,0,0,0.0,8,0,12.266611348317992,0.5420591531156542,0,0,0,0,0.0,13,0,12.556668250269848,0.4543223048621024,0,0,0,1,19.566666666666663,2,0,-10.158225354567929,0.8046603105453909,0.3473384810733282,0.3846085379701611,0.149699680333525,0.1397173682934287,0.2241307444670145,0.2186128364911993,0.2212862978751494,0.1705402645799424,0.3042145593869731,0.298069498069498,0.2980910425844346,0.2761674718196457,0.6957854406130268,0.7019305019305019,0.7019089574155654,0.7238325281803543,0.1587522306426568,0.1564973377464383,0.1435861058990435,0.1712451371154442,1,2,0,0,2,1,3,2,541.6,768.8,0,0
02f1fa53-6e7d-4f2d-be40-aebd53edfcf5,2019-07-24 02:00:00+00:00,2019-07-24,2019,0,0699edf3-5993-4182-b9b4-ec935cbd4fcc,f073a15f-0486-4179-b0a3-dfd0294eb595,0699edf3-5993-4182-b9b4-ec935cbd4fcc,f073a15f-0486-4179-b0a3-dfd0294eb595,1530.5212740080285,1388.7287743261147,0.7231487952155314,0.9601348084769724,1,33.559467744537514,0.609987854644384,0,0,0,1,27.53333333333333,2,0,33.67822709472624,0.590007020925682,0,0,0,1,33.766666666666666,2,0,25.76266694445556,0.3781574151981884,0,0,0,1,29.966666666666665,2,0,29.694194831847124,0.2588098204999256,0,0,0,1,29.4,2,0,20.499247685278448,0.3161386295731504,0,0,0,1,14.616666666666667,2,0,13.751464906565054,0.3105780697455423,0,0,0,1,14.266666666666667,2,0,10.192587763663033,0.4169528001119064,0,0,0,0,0.0,10,0,22.203015411509966,0.6079963617891684,0,0,0,1,26.666666666666668,2,0,32.219317922264,0.4140602105313645,0,0,0,1,34.5,2,0,25.654633362206727,0.4704393775544626,0,0,0,1,28.23333333333333,2,0,17.556048871987628,0.5748908401484041,0,0,0,1,18.83333333333333,2,0,26.388836392122776,0.3204048614105262,0,0,0,1,31.08333333333333,2,0,24.506484851164146,0.3228436328061307,0,0,0,0,0.0,0,0,23.16945448015121,0.3321400597056242,0,0,0,1,23.73333333333333,2,0,1.931758418619865,-5.077304768762931,0.3619584031690926,0.3860336608002727,0.1212481638107831,0.1430412204150339,0.1504570697526628,0.249243045952762,0.2116184085366503,0.1957102273843387,0.3079710144927536,0.2374202693125442,0.2837837837837837,0.2784172661870503,0.6920289855072463,0.7625797306874557,0.7162162162162162,0.7215827338129497,0.1441325459684867,0.1466857836108966,0.1551237029018033,0.1402750055444666,2,1,0,0,1,2,2,2,867.0,1451.7,-2,-2
8dab600b-3858-450e-ba52-015829116fab,2019-07-24 02:00:00+00:00,2019-07-24,2019,0,171b097d-01db-4ae8-9d56-035689402ec6,d6a012ed-84aa-48d3-8265-2d3f3ff2199a,FR_LVA_ACES,d6a012ed-84aa-48d3-8265-2d3f3ff2199a,1568.4365440442673,1606.267548185462,0.4815430908834479,-0.0738611971591502,1,25.60818907817652,0.8153190795825505,0,0,0,1,31.9,2,0,30.31264080136452,0.5122465433804577,0,0,0,1,32.31666666666667,2,0,24.77360100977584,0.6218037303267206,0,0,0,0,0.0,3,0,20.68587215964305,0.6185902647125486,0,0,0,1,37.9,2,0,26.70565264051348,0.3419279927767106,0,0,0,1,33.233333333333334,2,0,17.847536595194285,0.3824682067373057,0,0,0,1,14.5,2,0,18.24586199284252,0.333602776271812,0,0,0,1,17.75,2,0,30.715161587056603,0.6306964185775699,0,0,0,1,32.6,3,0,27.827494342859666,0.4100194058690923,0,0,0,1,32.833333333333336,3,0,22.894763507226827,0.4569498401688981,0,0,0,1,26.133333333333333,3,0,24.38213786260184,0.3938780308207077,0,0,0,1,31.716666666666665,3,0,22.27376387439192,0.3705496285495115,0,0,0,1,33.85,3,0,13.6687453379884,0.4207988161658367,5,5,0,1,8.516666666666667,3,1,15.379112145526364,0.3664350086529052,0,0,0,1,13.85,3,0,2.9573186308563955,3.0151949674168623,0.3997796566454685,0.4142126255670603,0.1537783351357686,0.1737211816877686,0.1925790229640146,0.229976156052073,0.2412114705490789,0.1946128579284023,0.2099697885196374,0.3164179104477612,0.3157514450867052,0.2896341463414634,0.7900302114803626,0.6835820895522388,0.6842485549132948,0.7103658536585366,0.1657446188993661,0.172985198289182,0.1498585604597907,0.1912512485244711,1,3,0,0,2,1,2,2,0.0,877.9,0,0
a7be099a-1c2b-4690-9a30-c2d07b269f9f,2019-07-24 15:30:00+00:00,2019-07-24,2019,0,a015b02d-845c-40c1-8ef4-844984f47e4d,08ed8274-e29f-4248-bc2e-83cc8ed18d75,a015b02d-845c-40c1-8ef4-844984f47e4d,08ed8274-e29f-4248-bc2e-83cc8ed18d75,1602.3120006385238,1379.5527023824611,0.8063112222078203,1.4262171670376884,1,27.674496731105805,0.706215278474436,0,0,0,1,24.183333333333334,4,0,28.4842201245956,0.541637968247393,0,0,0,1,23.85,4,0,29.64120732296869,0.4133681924835133,0,0,0,1,25.683333333333334,4,0,26.537390499797983,0.44774836603982,0,0,0,1,22.016666666666666,4,0,21.784310867634137,0.3337335554857269,0,0,0,1,15.716666666666669,4,0,13.583877055152342,0.3670462274357603,0,0,0,1,24.28333333333333,4,0,13.131586268032695,0.2923119037877251,0,0,0,1,17.983333333333334,4,0,30.99004892084575,0.4336338438448131,0,0,0,1,27.75,3,0,30.59531016730091,0.3990899560560475,0,0,0,1,28.633333333333333,3,0,21.55791607793505,0.5366512508833842,0,0,0,1,17.35,3,0,22.292366905893257,0.4562014517621287,0,0,0,1,17.55,3,0,23.594582175329226,0.3923753323879987,0,0,0,1,18.4,3,0,15.367620333548675,0.5425279473044696,0,0,0,1,22.716666666666665,3,0,16.84725952761709,0.3776707069062064,0,0,0,1,22.45,3,0,2.757440041136603,-5.310206178189434,0.3971046396871939,0.3828525502005353,0.1445267634235588,0.155600453398567,0.2434870489888662,0.2000996816930211,0.1888051488041658,0.2602102166761655,0.2953125,0.2728,0.3034367141659681,0.2932270916334661,0.7046875,0.7272,0.6965632858340318,0.7067729083665338,0.1519393199818151,0.163433908045977,0.1699305116866708,0.151784214441698,4,3,0,0,0,1,1,1,0.0,93.2,0,0
c4bd8c19-e599-454d-8b54-dc3fb218093c,2019-07-24 17:00:00+00:00,2019-07-24,2019,0,6f017f37-be96-4bdc-b6d3-0a0429c72e89,5c0d47fe-8539-47b0-9f36-d0b3609ca89b,6f017f37-be96-4bdc-b6d3-0a0429c72e89,5c0d47fe-8539-47b0-9f36-d0b3609ca89b,1521.8651494662115,1658.8719975820013,0.344170596052634,-0.6447632469616635,0,30.87525249147441,0.6814955115418705,0,0,0,1,25.65,2,0,27.44014935219749,0.4488657445578047,0,0,0,1,34.016666666666666,2,0,32.29207776540876,0.3641855910903318,0,0,0,1,33.8,2,0,27.202493660584214,0.3916821844312391,0,0,0,1,27.0,2,0,19.050174620885635,0.3681665794420018,0,0,0,1,25.85,2,0,11.584300381594671,0.4134252645468445,0,0,0,1,18.433333333333334,2,0,16.01332954743483,0.2849042338709677,0,0,0,1,13.033333333333331,2,0,22.50044600352365,0.774158788377828,0,0,0,1,27.066666666666663,2,0,30.265786109796508,0.4952575791600668,0,0,0,1,27.55,2,0,25.833187598079764,0.5159178593212459,0,0,0,1,21.683333333333334,2,0,30.99855796895763,0.3710116895786812,0,0,0,1,30.45,2,0,21.9818617988236,0.4588166749847236,0,0,0,0,0.0,4,0,16.78893940875964,0.5893814371080668,0,0,0,1,13.016666666666667,2,0,15.949482181876602,0.4688775045279525,0,0,0,1,24.916666666666668,2,0,0.661397451561122,10.146018887467385,0.3985446981953758,0.4307008776505197,0.16496733363904,0.1135505733634569,0.2373165310092063,0.2046458804013282,0.1705047241116118,0.1915410892778259,0.2660406885758998,0.3615686274509804,0.305379746835443,0.277511961722488,0.7339593114241002,0.6384313725490196,0.694620253164557,0.722488038277512,0.1811256581093044,0.1277991122637275,0.1844300933345903,0.1637916227026231,2,2,0,0,1,1,2,2,1298.0,936.1,2,-1
2bc7bbae-d0bc-4037-a047-7c63a38554cf,2019-07-30 23:00:00+00:00,2019-07-30,2019,0,a015b02d-845c-40c1-8ef4-844984f47e4d,3c409388-ab73-4c7f-953d-3a71062240f6,a015b02d-845c-40c1-8ef4-844984f47e4d,3c409388-ab73-4c7f-953d-3a71062240f6,1606.6226349310905,1501.142539759402,0.6794191652163157,0.751103805186934,1,27.06917640750868,0.7202204353264187,0,0,0,1,18.48333333333333,2,0,27.81505317017632,0.5412966504297831,0,0,0,1,17.1,2,0,29.984573617514982,0.4248889091065458,0,0,0,1,33.28333333333333,5,0,26.72713194874468,0.4451391000716158,0,0,0,1,28.55,5,0,22.106329523047187,0.3228153378086015,0,0,0,1,25.2,5,0,13.698528670197168,0.3515846253379696,0,0,0,1,14.8,5,0,12.973052476458442,0.288852661485702,0,0,0,1,11.45,5,0,29.023944065871905,0.5378312325415174,0,0,0,1,20.1,2,0,28.326946599357456,0.4769998585937172,0,0,0,1,15.85,2,0,27.68073780573478,0.4746394407536117,0,0,0,1,18.65,2,0,25.34354484885291,0.5089583033016325,0,0,0,1,32.35,8,0,18.84251576605711,0.6040193280590211,0,0,0,1,14.616666666666667,8,0,25.32028331687265,0.440248926329905,0,0,0,1,28.53333333333333,8,0,16.64461573760276,0.3723564003259347,0,0,0,1,9.033333333333331,8,0,2.9613013554844154,3.627012060874266,0.3968814124074047,0.4247592191080411,0.1446175564645201,0.1577435665464167,0.2490341302242387,0.1842609291269761,0.1920934189372432,0.1925774348346743,0.2912979351032448,0.3011494252873563,0.3065286624203822,0.2523164647184604,0.7087020648967551,0.6988505747126437,0.6934713375796179,0.7476835352815395,0.1505205975554549,0.1726382850101141,0.1710730948678071,0.1343123209169054,5,8,0,0,0,0,1,0,0.0,800.9,0,1
60431d5a-6308-4798-8ced-5d8a3a6ca5e8,2019-07-30 23:00:00+00:00,2019-07-30,2019,0,5c0d47fe-8539-47b0-9f36-d0b3609ca89b,0699edf3-5993-4182-b9b4-ec935cbd4fcc,5c0d47fe-8539-47b0-9f36-d0b3609ca89b,0699edf3-5993-4182-b9b4-ec935cbd4fcc,1668.1374344917997,1544.1997656285473,0.7021075621680946,0.8573541402745197,1,23.15348057247673,0.7432530825514093,0,0,0,1,20.566666666666663,2,0,29.445316873938417,0.534412400449955,0,0,0,1,18.316666666666663,2,0,25.27068586757344,0.5123900472901187,0,0,0,1,19.866666666666667,5,0,31.40879597881233,0.3643582656241975,0,0,0,1,35.35,5,0,21.29849709561841,0.4541070836566472,0,0,0,1,14.733333333333333,5,0,15.933638777836672,0.5925071374639552,0,0,0,1,7.716666666666667,5,0,16.502618836190265,0.4572000824643443,0,0,0,1,21.816666666666663,5,0,32.14727737562693,0.6203081571664063,0,0,0,1,17.2,2,0,31.91571154414547,0.5945044951932222,0,0,0,1,18.133333333333333,2,0,26.34284348838656,0.3845375399146744,0,0,0,1,31.916666666666668,5,0,29.29721023947505,0.2665907923891571,0,0,0,1,25.48333333333333,5,0,18.566653728163804,0.3161386295731504,0,0,0,0,0.0,8,0,13.927309293915949,0.3159416336628955,0,0,0,1,15.616666666666667,5,0,12.76529690197458,0.3144588479943211,0,0,0,1,21.85,5,0,9.707477872271513,4.152570584504007,0.4379376997196551,0.3871371475795463,0.1188244813412878,0.1244187254922144,0.2005584772761998,0.1519852511534741,0.1945899395667887,0.217517763429924,0.360655737704918,0.3096054888507719,0.2766439909297052,0.2827309236947791,0.639344262295082,0.6903945111492281,0.7233560090702947,0.7172690763052209,0.1294571077272297,0.1443020546494386,0.1667751383013342,0.1571500125219133,5,6,0,0,0,0,1,1,0.7,1980.0,0,3
50b45f2d-d6fa-4662-acd8-b169411dfee0,2019-07-31 02:00:00+00:00,2019-07-31,2019,0,171b097d-01db-4ae8-9d56-035689402ec6,5f0b5caf-708b-4300-92f2-53b51d83ec06,FR_LVA_ACES,5f0b5caf-708b-4300-92f2-53b51d83ec06,1595.80663064157,1381.853576651556,0.7982712292844764,1.3755243501070191,1,25.52914872545733,0.8038823732935362,0,0,0,1,22.316666666666663,3,0,29.716338846801232,0.5072731756745619,0,0,0,1,24.15,3,0,21.837375376644104,0.6422258700306837,0,0,0,1,32.9,6,0,20.322660803945645,0.6218037303267206,0,0,0,0,0.0,10,0,26.97537855938877,0.3506301261038255,0,0,0,1,29.566666666666663,6,0,19.04350702755892,0.3830132270577249,0,0,0,1,30.53333333333333,6,0,18.019988903227947,0.3126190857552737,0,0,0,1,15.85,6,0,31.48212808292996,0.357372492987358,0,0,0,1,35.18333333333333,9,0,27.86842646980286,0.4011675365974383,0,0,0,1,15.333333333333334,9,0,23.22616225523128,0.4739562449030469,0,0,0,1,26.166666666666668,9,0,25.694173353053586,0.3251217436211782,0,0,0,1,33.266666666666666,9,0,15.263060265618892,0.5030284839109388,0,0,0,1,23.9,9,0,17.993030137825535,0.4209906193135356,0,0,0,1,16.116666666666667,9,0,11.708598174818722,0.5072196777025634,0,0,0,1,8.483333333333333,9,0,5.16510075332144,-5.36033985142094,0.4051290922641863,0.3675432192815061,0.1522307233011667,0.1587905516070798,0.2097770042403653,0.2533613878159972,0.245797411094601,0.170811598964621,0.2139267767408471,0.2960678488820354,0.3171745152354571,0.2866502866502866,0.7860732232591529,0.7039321511179646,0.682825484764543,0.7133497133497133,0.163314973741514,0.1650709805216243,0.1530918122644741,0.1587224067200625,6,9,0,0,0,0,1,0,0.0,1054.3,0,-2
2bae16b2-8f0e-4d8d-907d-2446f5ab9f6d,2019-07-31 23:00:00+00:00,2019-07-31,2019,0,f073a15f-0486-4179-b0a3-dfd0294eb595,5d70a9af-8c2b-4aec-9e68-9acc6ddb93e4,f073a15f-0486-4179-b0a3-dfd0294eb595,5d70a9af-8c2b-4aec-9e68-9acc6ddb93e4,1375.050282705596,1377.0361320114184,0.5330716693315394,0.1324801007908292,1,21.46266189403374,0.6015808352354014,0,0,0,1,14.35,6,0,25.28365247303107,0.5101869181540517,0,0,0,1,18.75,3,0,29.753721851787446,0.4228847930810976,0,0,0,1,10.733333333333333,3,0,18.83920804477444,0.5820207193230021,0,0,0,1,31.166666666666668,6,0,27.012112672025253,0.3103694898205783,0,0,0,1,33.0,6,0,24.496916716927814,0.3346554991307132,0,0,0,1,37.25,6,0,23.920626681825613,0.283894151613133,0,0,0,1,11.066666666666666,6,0,28.678986863629248,0.4617756195169148,0,0,0,1,29.416666666666668,7,0,22.151375505418667,0.5100042339472248,0,0,0,1,14.766666666666667,7,0,24.468685202186848,0.4222551760772544,0,0,0,1,30.05,7,0,26.336052135814704,0.3825432855652476,0,0,0,1,28.25,7,0,17.688821571204254,0.4555124784273787,0,0,0,1,28.066666666666663,7,0,27.873408220612298,0.2725832446143516,0,0,0,1,27.23333333333333,7,0,20.943779203440304,0.2398667636825612,0,0,0,1,14.65,7,0,-7.001566350867543,-11.081466339814916,0.4021872876093506,0.3525846380097514,0.1485823239935909,0.1515614174186522,0.2366233636114129,0.226569603086885,0.1958055486875659,0.218716659914654,0.2384510869565217,0.30466472303207,0.2809917355371901,0.2978276103714085,0.7615489130434783,0.6953352769679301,0.71900826446281,0.7021723896285914,0.1487592842673868,0.1584164973946834,0.1405775882190676,0.1440513346574415,7,7,0,0,0,0,0,0,0.0,426.3,0,0
f6e448c9-df7f-4f61-9eba-397e1cd4c6c7,2019-08-01 23:00:00+00:00,2019-08-01,2019,0,a015b02d-845c-40c1-8ef4-844984f47e4d,0699edf3-5993-4182-b9b4-ec935cbd4fcc,a015b02d-845c-40c1-8ef4-844984f47e4d,0699edf3-5993-4182-b9b4-ec935cbd4fcc,1613.5893598242258,1537.8115087863257,0.6410959252936014,0.580123943759608,1,27.413048423775184,0.7358063272778087,0,0,0,1,30.716666666666665,1,0,27.980188872251308,0.5438815936994513,0,0,0,1,29.566666666666663,1,0,30.12901373619574,0.4364151079033397,0,0,0,1,31.516666666666666,1,0,26.82984928960762,0.4488196278398229,0,0,0,1,27.816666666666663,1,0,22.19529531775663,0.3270095629393263,0,0,0,1,23.05,1,0,14.00506547292194,0.3586074306359635,0,0,0,1,16.95,1,0,12.898600649383958,0.2751085220507369,0,0,0,1,12.183333333333334,1,0,32.69905061873256,0.6366122104610336,0,0,0,1,38.0,1,0,32.44374906971907,0.5990567127213963,0,0,0,1,37.516666666666666,1,0,27.38370041569969,0.4130403787141281,0,0,0,1,37.38333333333333,1,0,28.739671594769703,0.2509444941528474,0,0,0,1,23.383333333333333,1,0,16.816257647791645,0.3161386295731504,0,0,0,0,0.0,10,0,15.117330320815592,0.3056735179767169,0,0,0,1,26.55,1,0,10.14265700116331,0.3815657655411875,0,0,0,1,10.883333333333333,1,0,3.302610822569207,2.47093702095154,0.4129730776767871,0.4054027356074777,0.147886516844373,0.1252439439207086,0.2541246915401673,0.1485346773275747,0.2007376505572805,0.2178072362662609,0.2937062937062937,0.3111831442463533,0.3115124153498871,0.2878787878787879,0.7062937062937062,0.6888168557536467,0.6884875846501128,0.7121212121212122,0.151089775186987,0.1434549463766663,0.1695950071229903,0.1542477456098718,1,1,0,0,1,1,1,1,0.0,316.7,0,0
6651e744-3d2f-4ae1-a773-bf5cac9d221a,2019-08-02 00:00:00+00:00,2019-08-02,2019,0,5f0b5caf-708b-4300-92f2-53b51d83ec06,08ed8274-e29f-4248-bc2e-83cc8ed18d75,5f0b5caf-708b-4300-92f2-53b51d83ec06,08ed8274-e29f-4248-bc2e-83cc8ed18d75,1366.0471526766185,1375.242068089895,0.5227296683173156,0.0909813804072487,1,27.58386028254101,0.3984569527482521,0,0,0,1,24.85,1,0,22.61561340817568,0.480240423562977,0,0,0,1,16.75,1,0,30.354068225213048,0.3560936687660645,0,0,0,1,19.516666666666666,1,0,26.02783238757818,0.3201195183199567,0,0,0,1,29.23333333333333,1,0,18.62533868032376,0.4059875497383231,0,0,0,1,24.7,1,0,15.818059372475554,0.4778702997194853,0,0,0,1,21.15,1,0,11.297685509950789,0.491719570461016,0,0,0,1,7.35,1,0,29.25544871813573,0.4378365348844052,0,0,0,1,14.65,5,0,21.77243407904469,0.5287948531509431,0,0,0,1,23.83333333333333,8,0,28.26623668131281,0.3911388779775384,0,0,0,1,17.283333333333335,5,0,21.499594033590515,0.4624786436777272,0,0,0,1,13.883333333333333,8,0,23.859066688047903,0.3941531577124643,0,0,0,1,26.4,8,0,15.441380221656136,0.5369375829249396,0,0,0,1,16.15,8,0,17.72114526713267,0.3756976691773507,0,0,0,1,26.116666666666667,8,0,-8.801768249145809,-5.273402055144723,0.3643180365883627,0.3834216340933353,0.1659893005860336,0.1612698162081178,0.2499702601504966,0.2042292451493599,0.1846371027847891,0.2656075463986174,0.2970588235294117,0.2772277227722772,0.2824902723735408,0.2892561983471074,0.7029411764705882,0.7227722772277227,0.7175097276264591,0.7107438016528925,0.1673157847613931,0.1648476580263756,0.1567762164673092,0.1503699668618639,1,7,0,0,1,0,1,0,1054.3,1405.5,2,-1
61785baa-28ff-494b-ba7c-64340f2887c4,2019-08-02 02:00:00+00:00,2019-08-02,2019,0,0a5ad38d-2fe3-43ba-894b-1ba3d5042ea9,171b097d-01db-4ae8-9d56-035689402ec6,0a5ad38d-2fe3-43ba-894b-1ba3d5042ea9,FR_LVA_ACES,1543.4117609445552,1611.6130546165075,0.4381467888606137,-0.2486866370177395,1,27.8368400943218,0.6741286716113868,0,0,0,1,17.9,5,0,25.78258515797084,0.6146678087169003,0,0,0,1,25.316666666666663,9,0,31.728397064193256,0.4519962157332463,0,0,0,1,24.15,5,0,26.358025349199583,0.3219103849033738,0,0,0,1,35.78333333333333,9,0,18.0587274967348,0.3616372140842263,0,0,0,0,0.0,18,0,11.110160178499791,0.5420591531156542,66,9,5,0,0.0,23,1,12.983425647405593,0.4525303559179766,0,0,0,1,17.083333333333332,9,0,24.940316136603787,0.7878747541202061,0,0,0,1,19.28333333333333,1,0,29.098859753385515,0.5025151921991721,0,0,0,1,23.166666666666668,1,0,22.10096804767294,0.6574726565800166,0,0,0,1,24.633333333333333,1,0,18.406714810942123,0.6218037303267206,0,0,0,0,0.0,12,0,26.48432028823792,0.3525881178333134,0,0,0,1,21.766666666666666,1,0,18.85085267294971,0.3821720508175252,0,0,0,1,17.0,1,0,18.552336991847422,0.3488131737766613,0,0,0,1,23.666666666666668,1,0,2.609721134212037,8.62493557780755,0.3954872221855648,0.4170193093052287,0.1431973969428114,0.1497945822397862,0.2304103097312174,0.2038641639789025,0.1762184308174415,0.2565050899983424,0.2977941176470588,0.213452299245024,0.2780748663101604,0.3171864631718646,0.7022058823529411,0.7865477007549759,0.7219251336898396,0.6828135368281354,0.1563605651806706,0.1614056594136275,0.1702919940057218,0.1556948584963449,8,1,0,0,0,1,0,1,0.1,224.7,0,0
ae29bb0c-493a-438b-8957-b7d85f3788a2,2019-08-03 02:00:00+00:00,2019-08-03,2019,0,d6a012ed-84aa-48d3-8265-2d3f3ff2199a,5c0d47fe-8539-47b0-9f36-d0b3609ca89b,d6a012ed-84aa-48d3-8265-2d3f3ff2199a,5c0d47fe-8539-47b0-9f36-d0b3609ca89b,1578.897461588159,1674.525691334021,0.3997351498289829,-0.4065687723934498,0,29.692179399568907,0.6239004415762529,0,0,0,1,24.15,6,0,27.97574441413913,0.4114084836183619,0,0,0,1,29.4,9,0,23.12937675165556,0.4487871720465016,0,0,0,1,25.383333333333333,9,0,24.804922805752035,0.3816618068945244,0,0,0,1,28.866666666666667,9,0,22.489930347846634,0.3617510609494547,0,0,0,1,24.566666666666663,9,0,14.755961970100286,0.4107453656862422,0,0,0,1,20.266666666666666,6,0,15.338657024826285,0.3655075089677054,0,0,0,1,14.95,9,0,23.91207693953292,0.7647246370047613,0,0,0,1,31.2,3,0,29.89357097664973,0.5406806100114832,0,0,0,1,34.2,3,0,24.81463799598157,0.5055980147221786,0,0,0,1,20.433333333333334,3,0,31.69236700563124,0.3661759230397685,0,0,0,1,34.416666666666664,3,0,20.80525929358425,0.4453109804415605,0,0,0,1,16.066666666666666,3,0,15.26110545339733,0.5920548761666923,0,0,0,1,8.8,3,0,17.28486552851993,0.4734107633294941,0,0,0,1,24.8,3,0,0.2443461477726258,10.082436854194489,0.415229619700811,0.4538448484559557,0.1810748422997864,0.1184446831858225,0.2379245522698694,0.2102191455244841,0.2029770992543434,0.1888148911914698,0.3178571428571428,0.3613267466478476,0.2896451846488052,0.2796549245147376,0.6821428571428572,0.6386732533521524,0.7103548153511948,0.7203450754852624,0.1751425703240137,0.1280841310502898,0.1875797349017233,0.1649616934591027,9,2,0,0,0,1,0,1,23.0,2319.1,0,-3
50386e36-cf3c-4742-a9f3-ce41136af544,2019-08-03 23:00:00+00:00,2019-08-03,2019,0,5d70a9af-8c2b-4aec-9e68-9acc6ddb93e4,3c409388-ab73-4c7f-953d-3a71062240f6,5d70a9af-8c2b-4aec-9e68-9acc6ddb93e4,3c409388-ab73-4c7f-953d-3a71062240f6,1370.9229722792734,1494.1758148662666,0.3622553018330884,-0.5655888267127529,0,28.97008200138596,0.4661995541105211,0,0,0,1,31.766666666666666,2,0,22.2062403569874,0.5139084429831956,0,0,0,1,22.73333333333333,2,0,24.60362431660952,0.4122283241336291,0,0,0,1,25.9,2,0,26.05139553760862,0.3770479575788521,0,0,0,1,23.316666666666663,2,0,17.64745108142916,0.4576986296306594,0,0,0,1,17.25,2,0,27.47052695246847,0.2634750520954399,0,0,0,1,23.6,2,0,21.37960809399361,0.2299176273956407,0,0,0,1,25.566666666666663,2,0,29.034256885177022,0.5578964756598629,0,0,0,1,29.133333333333333,3,0,27.655842146369785,0.4813001294867841,0,0,0,1,27.416666666666668,3,0,28.363687979266192,0.4655347073050627,0,0,0,1,28.716666666666665,3,0,25.007901152724283,0.5211121877911952,0,0,0,1,21.78333333333333,3,0,25.95945016308676,0.4357635474843971,0,0,0,1,32.1,3,0,18.26970697648113,0.5893217802415747,0,0,0,1,12.766666666666667,3,0,15.07542235612626,0.3723564003259347,3,3,1,0,0.0,12,1,-10.344634034408651,2.6645805462142365,0.3497359637952273,0.4337898292093359,0.154691022989535,0.1576820979411425,0.2287785350526958,0.1884383606492353,0.2167040261803236,0.2041254429731439,0.3045580110497237,0.3062409288824383,0.2955764075067024,0.2566012186865267,0.6954419889502762,0.6937590711175616,0.7044235924932976,0.7433987813134733,0.1586154909227966,0.1711160507956071,0.1454454787234042,0.1357283735923483,2,3,0,0,1,1,1,1,426.3,858.2,0,0
ef7b0eea-056d-4ebf-8637-64c6749b213f,2019-08-03 23:00:00+00:00,2019-08-03,2019,0,f073a15f-0486-4179-b0a3-dfd0294eb595,6f017f37-be96-4bdc-b6d3-0a0429c72e89,f073a15f-0486-4179-b0a3-dfd0294eb595,6f017f37-be96-4bdc-b6d3-0a0429c72e89,1381.163442437741,1512.5997125564136,0.3514443531751451,-0.612696422322858,1,25.890133478945312,0.5086126248356614,0,0,0,1,31.716666666666665,2,0,21.54160306243644,0.6025507531978328,0,0,0,1,22.3,2,0,30.158759212903973,0.4131946815141031,0,0,0,1,34.05,2,0,18.920360356144208,0.5930526150335151,0,0,0,1,19.7,2,0,27.741612335645463,0.3030408634872962,0,0,0,1,34.75,2,0,23.53244622852521,0.328948644627377,0,0,0,1,14.266666666666667,2,0,23.49286729077001,0.2775409735219849,0,0,0,1,19.383333333333333,2,0,29.58529313179277,0.7061483257470004,0,0,0,1,17.683333333333334,6,0,26.11236345646225,0.449390813242223,0,0,0,1,7.716666666666667,6,0,30.14920664562642,0.3605247572254339,0,0,0,1,15.85,6,0,27.049845157961748,0.3832663664990826,0,0,0,1,25.58333333333333,9,0,19.403694417278743,0.3631068111817553,0,0,0,1,22.8,9,0,17.328799042326423,0.3005184225510833,0,0,0,1,29.966666666666665,9,0,11.944030559887535,0.4047360812336987,0,0,0,1,15.4,9,0,-6.033596595200278,0.0810548555390023,0.3947290523224868,0.4067432085841951,0.1522292714521897,0.1733549742649633,0.2312367735342374,0.2502968239570924,0.2150562533349443,0.1598954583219563,0.2387768379960962,0.2657757980697847,0.2820680628272251,0.3072877535687453,0.7612231620039037,0.7342242019302153,0.7179319371727748,0.6927122464312547,0.1498903486711063,0.1830954751631817,0.1416559122439103,0.1832220180196333,2,9,0,0,1,0,1,0,0.0,511.4,0,1
3341e1c7-484e-45a8-86dc-2d6133ec6b8b,2019-08-04 00:00:00+00:00,2019-08-04,2019,0,5f0b5caf-708b-4300-92f2-53b51d83ec06,171b097d-01db-4ae8-9d56-035689402ec6,5f0b5caf-708b-4300-92f2-53b51d83ec06,FR_LVA_ACES,1398.7247183219938,1595.682600085374,0.2709379261350297,-0.9898691379279808,0,28.01905302034889,0.4171352744146708,0,0,0,1,32.2,1,0,30.095996036835025,0.363900391652275,0,0,0,1,27.616666666666667,1,0,20.775752886410704,0.4751637689501153,0,0,0,1,3.1,1,0,17.60562737012367,0.5234735650204686,0,0,0,0,0.0,0,0,26.55944102123372,0.3349547920303423,0,0,0,1,31.666666666666668,1,0,18.558527679637447,0.4176303685032905,0,0,0,1,17.916666666666668,1,0,15.536670338329122,0.4679081436432712,0,0,0,1,12.833333333333334,1,0,24.92237382861333,0.7680448030866295,0,0,0,1,24.75,1,0,23.260475713239465,0.6455052428435701,0,0,0,1,34.4,1,0,29.320516640637983,0.5064127070332167,0,0,0,1,31.45,1,0,16.671397185627225,0.6218037303267206,0,0,0,0,0.0,14,0,26.51408141472907,0.3409410552405327,0,0,0,1,26.8,1,0,18.64650689197356,0.381570059068517,0,0,0,1,16.683333333333334,1,0,19.001500535828114,0.3615946339871919,0,0,0,1,23.316666666666663,1,0,-5.339178094653069,6.867022002968083,0.3793192365431052,0.4142197390440389,0.1706488870916429,0.1526124240755512,0.2546868807013378,0.2094541596468835,0.2025838191943457,0.2548959371637205,0.2991573033707865,0.2146596858638743,0.2801788375558867,0.3193916349809886,0.7008426966292135,0.7853403141361257,0.7198211624441133,0.6806083650190115,0.1686529048733773,0.1613626613626614,0.1611301180885112,0.1558347662967016,1,1,0,0,2,2,2,2,0.0,1221.9,0,2
152d4dd4-8485-4a80-85b7-9ee21f34645d,2019-08-04 19:00:00+00:00,2019-08-04,2019,0,08ed8274-e29f-4248-bc2e-83cc8ed18d75,a015b02d-845c-40c1-8ef4-844984f47e4d,08ed8274-e29f-4248-bc2e-83cc8ed18d75,a015b02d-845c-40c1-8ef4-844984f47e4d,1342.5645024445196,1621.560413119865,0.1881435972777365,-1.462117994006244,0,28.63742503388403,0.4340825248249536,0,0,0,1,22.7,1,0,27.68490648171716,0.3928599850693546,0,0,0,1,22.1,1,0,20.792987729145903,0.5206552978266968,0,0,0,1,11.383333333333333,1,0,21.21994584393229,0.4615306598358809,0,0,0,1,18.53333333333333,1,0,23.141711762327176,0.3824678040662687,0,0,0,1,16.25,1,0,14.936243194322884,0.5281814339624115,0,0,0,1,10.083333333333334,1,0,17.81657064908987,0.355893988786037,0,0,0,1,18.73333333333333,1,0,27.924053023693965,0.7330902376055867,0,0,0,1,32.833333333333336,2,0,27.476106924331887,0.5309077848856121,0,0,0,1,22.633333333333333,2,0,30.201699496050068,0.4293628748945802,0,0,0,1,30.9,2,0,26.547348745275343,0.4560341193188056,0,0,0,1,23.83333333333333,2,0,22.61998236877176,0.3321423958976682,0,0,0,1,26.7,2,0,14.229279852200444,0.3477580146530565,0,0,0,1,16.383333333333333,2,0,10.576342025156569,0.3729082385822952,0,0,0,1,17.366666666666667,2,0,-7.409036728487479,3.487556008913744,0.3836614050415977,0.4118828070216592,0.1707573101353982,0.1525300913639596,0.2038305274137486,0.2624900619112131,0.2819163102399914,0.2004025404227678,0.2751824817518248,0.2911392405063291,0.2917562724014337,0.3117816091954023,0.7248175182481752,0.7088607594936709,0.7082437275985664,0.6882183908045977,0.1687216093445814,0.1520718513982445,0.1525705166911067,0.1715321380024597,2,2,0,0,1,1,1,2,1405.5,93.2,1,0
c0784445-2c9e-4f55-878e-b9bf927641e0,2019-08-04 21:00:00+00:00,2019-08-04,2019,0,0a5ad38d-2fe3-43ba-894b-1ba3d5042ea9,d6a012ed-84aa-48d3-8265-2d3f3ff2199a,0a5ad38d-2fe3-43ba-894b-1ba3d5042ea9,d6a012ed-84aa-48d3-8265-2d3f3ff2199a,1559.3422154756888,1555.691565487645,0.5411383924950519,0.1649263989176491,1,28.078485418134804,0.680223737275262,0,0,0,1,30.4,1,0,32.04625943453817,0.452163664277493,0,0,0,1,35.1,1,0,23.351897503473563,0.6146678087169003,0,0,0,0,0.0,11,0,27.13819106303135,0.30378050926717,0,0,0,1,34.63333333333333,1,0,12.700901115778116,0.5737669342397183,68,11,0,1,27.98333333333333,1,1,12.942563865554147,0.4624082237782838,0,0,0,1,12.55,1,0,16.35621684028601,0.3616372140842263,0,0,0,0,0.0,20,0,29.82018975036453,0.632792312286817,0,0,0,1,31.05,0,0,27.72191376314551,0.4108393125920349,0,0,0,1,25.28333333333333,0,0,23.291590806691804,0.4443520157945357,0,0,0,1,24.85,0,0,25.08885898113474,0.3821996170841789,0,0,0,1,27.816666666666663,0,0,22.37303425808368,0.3639344953857525,0,0,0,1,21.25,0,0,15.585031651883083,0.4009275635023755,0,0,0,1,23.55,0,0,15.459143090894392,0.355974407801452,0,0,0,1,16.616666666666667,0,0,3.308472440989391,-2.4719472475019697,0.4040124682009174,0.4151583528727341,0.145583991104659,0.172171274007344,0.2225522370339536,0.2401853185644305,0.1689000528729589,0.2086507241341166,0.3011879804332634,0.3163956639566395,0.2760869565217391,0.2924462924462924,0.6988120195667366,0.6836043360433605,0.7239130434782609,0.7075537075537075,0.1564843189672035,0.1705216435232316,0.169796675219388,0.1870569025030487,2,1,0,0,1,1,1,1,0.0,984.1,0,0
9c372c0d-b97b-4b74-a2ab-51bcb7d44465,2019-08-04 22:00:00+00:00,2019-08-04,2019,0,0699edf3-5993-4182-b9b4-ec935cbd4fcc,5c0d47fe-8539-47b0-9f36-d0b3609ca89b,0699edf3-5993-4182-b9b4-ec935cbd4fcc,5c0d47fe-8539-47b0-9f36-d0b3609ca89b,1529.8404554906865,1697.7315874345354,0.3052231692127509,-0.8225474758373793,1,32.95500186975807,0.5958980539655272,0,0,0,1,37.86666666666667,2,0,30.61406183088974,0.6405231679923459,0,0,0,1,10.583333333333334,2,0,28.23215283014412,0.4187987409182659,0,0,0,1,36.38333333333333,2,0,28.526952291300333,0.2406742604014174,0,0,0,1,26.48333333333333,2,0,15.230882495963794,0.3161386295731504,0,0,0,0,0.0,13,0,15.30739169766869,0.2871421202834261,0,0,0,1,17.133333333333333,2,0,11.012262833221271,0.3831982807177718,0,0,0,1,19.366666666666667,2,0,24.15134302605388,0.7972386866593929,0,0,0,1,26.45,0,0,29.99945232298553,0.5422483137944627,0,0,0,1,31.016666666666666,0,0,24.032335665010603,0.5050780247874086,0,0,0,1,16.516666666666666,0,0,31.77007895722216,0.3579117047557803,0,0,0,1,32.516666666666666,0,0,21.84337443201586,0.4576657508663662,0,0,0,1,31.816666666666663,0,0,14.96937310342472,0.587516441630605,0,0,0,1,12.166666666666666,0,0,17.36014214736098,0.4804194353554265,0,0,0,1,18.08333333333333,0,0,1.7416828997228444,11.82515898810185,0.408335219970708,0.4726417545913382,0.1349279697120132,0.125324924239481,0.1511683726434045,0.2167978287889693,0.2107412160965713,0.1999052502624607,0.3114880493446414,0.3610547667342799,0.2854061826024442,0.280163599182004,0.6885119506553585,0.6389452332657201,0.7145938173975557,0.7198364008179959,0.1469118766653978,0.1302641735997941,0.1551642717398637,0.1606717660197652,2,1,0,0,1,1,2,2,2240.6,1133.4,-3,0
4de186ad-6646-411b-8a0d-2531ca4b46f9,2019-08-06 23:00:00+00:00,2019-08-06,2019,0,5d70a9af-8c2b-4aec-9e68-9acc6ddb93e4,6f017f37-be96-4bdc-b6d3-0a0429c72e89,5d70a9af-8c2b-4aec-9e68-9acc6ddb93e4,6f017f37-be96-4bdc-b6d3-0a0429c72e89,1357.4887227679576,1490.2868838213694,0.3496595344147581,-0.6205360967343936,0,29.04989490151899,0.4561062718300203,0,0,0,1,29.816666666666663,2,0,23.03056997668776,0.5233254557147814,0,0,0,1,30.95,2,0,23.72022761792529,0.4174904186561973,0,0,0,1,15.233333333333333,2,0,24.68111455873861,0.368297293272577,0,0,0,1,11.516666666666667,2,0,15.983714058390062,0.4576986296306594,0,0,0,0,0.0,5,0,27.93054579171277,0.2600587184134766,0,0,0,1,32.35,2,0,21.999040567241977,0.2475219221813444,0,0,0,1,27.95,2,0,29.663671982288648,0.7006350885444752,0,0,0,1,30.416666666666668,2,0,26.852838382880563,0.4538258341688806,0,0,0,1,33.96666666666667,2,0,27.472531994451884,0.3791351612013862,0,0,0,1,31.53333333333333,2,0,29.198661721497427,0.3554882467449316,0,0,0,1,20.066666666666663,2,0,19.75688238016537,0.3663185183432241,0,0,0,1,23.15,2,0,17.92630997832964,0.296784078747013,0,0,0,1,23.666666666666668,2,0,12.442686643966764,0.3893932426151832,0,0,0,1,17.233333333333334,2,0,-10.812240269275954,-1.2511148845502986,0.3544746729479196,0.4162833420481767,0.1547335247398,0.1814932816667914,0.2251675303559216,0.250268840482059,0.2226713386588904,0.1642749474671732,0.3079448456992777,0.2617021276595744,0.2985265855221012,0.3081312410841654,0.6920551543007223,0.7382978723404255,0.7014734144778988,0.6918687589158345,0.1578276541931372,0.1859343067231317,0.1486237441293621,0.1836513073843795,2,2,0,0,1,1,2,1,0.0,426.3,0,0
005500cc-781d-4abc-ae6c-3da08c7b7927,2019-08-08 00:00:00+00:00,2019-08-08,2019,0,3c409388-ab73-4c7f-953d-3a71062240f6,08ed8274-e29f-4248-bc2e-83cc8ed18d75,3c409388-ab73-4c7f-953d-3a71062240f6,08ed8274-e29f-4248-bc2e-83cc8ed18d75,1507.6100643775824,1335.058753421841,0.7571645889286388,1.1371967592703036,1,28.81104915485125,0.5643749690192806,0,0,0,1,26.666666666666668,4,0,25.026011528144565,0.5327463246682367,0,0,0,1,25.2,4,0,28.31054554208249,0.4706948842265046,0,0,0,1,27.8,4,0,27.02521119304765,0.4824807976642949,0,0,0,1,20.966666666666665,4,0,18.67009477409072,0.5906566855107908,0,0,0,1,22.516666666666666,4,0,25.06921913589501,0.4312903580433769,0,0,0,1,16.516666666666666,4,0,14.91118458653127,0.3702866352363381,8,8,0,1,13.333333333333334,4,1,29.271833277305543,0.4458737189081704,0,0,0,1,35.36666666666667,3,0,20.979058947294867,0.5325535028006841,0,0,0,1,22.766666666666666,3,0,27.56062766233277,0.3801367518483482,0,0,0,1,26.366666666666667,3,0,20.58327142889683,0.4507107108085334,0,0,0,1,14.466666666666669,3,0,22.22487014584004,0.4051853644866526,0,0,0,1,13.416666666666666,3,0,14.964251764012117,0.5300184151041706,0,0,0,1,15.233333333333333,3,0,17.384479829151417,0.3458652480721174,0,0,0,1,13.233333333333333,3,0,3.856234082205709,-8.917560968684363,0.4468635000315416,0.3913097921924792,0.1641458952591699,0.1731658385700182,0.1854037599538735,0.206796799410047,0.1985444812423309,0.2752558092452183,0.308914996544575,0.2768910478834143,0.2622422680412371,0.2957650273224044,0.691085003455425,0.7231089521165857,0.7377577319587629,0.7042349726775956,0.1732186217868207,0.1692560963062043,0.1360640206414158,0.1510884535531481,3,2,0,0,1,1,1,2,588.1,718.8,-1,-1
9de64afa-03ad-484a-8316-4f51d19e8088,2019-08-08 23:00:00+00:00,2019-08-08,2019,0,5c0d47fe-8539-47b0-9f36-d0b3609ca89b,f073a15f-0486-4179-b0a3-dfd0294eb595,5c0d47fe-8539-47b0-9f36-d0b3609ca89b,f073a15f-0486-4179-b0a3-dfd0294eb595,1657.8274303986498,1403.4762711727851,0.8331438896192467,1.6080745373602052,1,24.4638995906701,0.795951256157213,0,0,0,1,27.466666666666665,3,0,29.90051380344472,0.5315556953495155,0,0,0,1,28.95,3,0,23.66789455667812,0.4947356060479272,0,0,0,1,20.166666666666668,3,0,31.07211237452503,0.3605612113662604,0,0,0,1,24.366666666666667,3,0,21.746580186026947,0.4553333291360479,0,0,0,1,20.816666666666663,3,0,15.088534642416654,0.5904317319954122,0,0,0,1,16.233333333333334,3,0,17.539882293032136,0.475995457733658,0,0,0,1,19.266666666666666,3,0,22.161475966275013,0.5947191863556578,0,0,0,1,28.116666666666667,4,0,24.234942693966108,0.4977551927092786,0,0,0,1,8.333333333333334,4,0,28.43581902696149,0.4098826972971161,0,0,0,1,11.883333333333333,4,0,19.070854265812667,0.5927793476314575,0,0,0,1,20.516666666666666,4,0,24.475293218876864,0.3404165742834441,0,0,0,1,33.53333333333333,4,0,27.01333276421374,0.3017240559048673,0,0,0,1,20.016666666666666,4,0,24.26346314497152,0.2899815396516018,0,0,0,1,31.666666666666668,4,0,8.60607485755362,-4.140243031579562,0.4726729806466871,0.4073092829581744,0.1221116050561527,0.158118279063762,0.2211684859310184,0.2431067377437402,0.1976209747539742,0.2093877306539143,0.3567289117836446,0.2425373134328358,0.2835723598435463,0.2778126964173475,0.6432710882163555,0.7574626865671642,0.7164276401564538,0.7221873035826524,0.1280632735021719,0.1517800534112086,0.1594349142280524,0.1460663324334747,3,4,0,0,1,0,2,1,1980.0,493.8,3,0
0fcf36c1-2871-4b6b-8653-9408c9ddc8ce,2019-08-09 02:00:00+00:00,2019-08-09,2019,0,0a5ad38d-2fe3-43ba-894b-1ba3d5042ea9,0699edf3-5993-4182-b9b4-ec935cbd4fcc,0a5ad38d-2fe3-43ba-894b-1ba3d5042ea9,0699edf3-5993-4182-b9b4-ec935cbd4fcc,1572.5005598668422,1569.7446125265722,0.5398592599304264,0.1597760764690838,1,28.24078350482931,0.6824720570531998,0,0,0,1,29.8,4,0,32.39386325130477,0.4460353119076409,0,0,0,1,35.733333333333334,4,0,21.15036617436125,0.6146678087169003,6,4,2,0,0.0,16,1,13.835274735242136,0.5950831248488293,0,0,0,1,24.73333333333333,4,0,26.49822528333226,0.3020686787746117,0,0,0,1,20.35,4,0,12.684004993787486,0.4630414354939516,0,0,0,1,10.2,4,0,14.814212650078863,0.3616372140842263,0,0,0,0,0.0,25,0,30.81857279935685,0.6670536843144408,0,0,0,1,32.78333333333333,4,0,32.89953578262606,0.5831033963773264,0,0,0,1,32.36666666666667,4,0,28.829347583321045,0.4388482407534249,0,0,0,1,34.56666666666667,4,0,25.837535759558182,0.2406742604014174,0,0,0,0,0.0,7,0,17.242502262612064,0.3177682285898325,0,0,0,1,35.833333333333336,4,0,11.625474192786305,0.3864882609999173,0,0,0,1,17.516666666666666,4,0,13.794970704217326,0.3161386295731504,0,0,0,0,0.0,18,0,4.373122844130691,3.68173488957602,0.4200166326279492,0.4331587986668063,0.1519932591919479,0.1352159811439834,0.2204260947637407,0.1520009861091709,0.1761594802913393,0.2091657298061977,0.3022788203753351,0.313782991202346,0.2758620689655172,0.2846416382252559,0.6977211796246648,0.6862170087976539,0.7241379310344828,0.715358361774744,0.1584382662178448,0.1461756373937677,0.1715635915348264,0.1517035829920449,3,3,0,0,1,1,2,2,0.0,358.3,0,0
b2a58db6-4ac9-4898-8d1e-d4247f2b79ea,2019-08-09 02:00:00+00:00,2019-08-09,2019,0,d6a012ed-84aa-48d3-8265-2d3f3ff2199a,5f0b5caf-708b-4300-92f2-53b51d83ec06,d6a012ed-84aa-48d3-8265-2d3f3ff2199a,5f0b5caf-708b-4300-92f2-53b51d83ec06,1542.5332210964916,1393.6436878243528,0.7312529082905022,1.0009886178502974,1,29.544884961046066,0.6305067929869973,0,0,0,1,26.9,4,0,27.7229903583785,0.4239331238475861,0,0,0,1,27.73333333333333,4,0,24.05445064182348,0.4498155374154769,0,0,0,1,31.383333333333333,4,0,24.86207483754083,0.3663366913529307,0,0,0,1,22.683333333333334,4,0,22.55313025505826,0.3753846563210333,0,0,0,1,24.28333333333333,4,0,16.18666881708203,0.3895787103097521,0,0,0,1,21.966666666666665,4,0,15.506990553917884,0.3510785889302513,0,0,0,1,15.966666666666669,4,0,28.46035554936533,0.4201172367895822,0,0,0,1,32.7,4,0,29.83397104801185,0.3541828273641523,0,0,0,1,27.316666666666663,4,0,27.54059612026383,0.3383581173743513,0,0,0,1,36.96666666666667,4,0,20.05839611931324,0.4627356343497117,0,0,0,1,13.166666666666666,4,0,18.373884866563515,0.4143783676330994,0,0,0,1,16.6,4,0,12.686952504982832,0.5272097739332177,0,0,0,1,22.33333333333333,4,0,19.465084474637795,0.219870468203784,0,0,0,1,30.2,4,0,-3.6154621806361904,-5.0815629335645625,0.4224835100835925,0.3866561623269657,0.1773557901326615,0.170952547295173,0.2397241940645917,0.2500857686567794,0.197060727191449,0.1942593974111188,0.314359637774903,0.2971887550200803,0.2938829787234042,0.2796005706134094,0.685640362225097,0.7028112449799196,0.7061170212765957,0.7203994293865906,0.1721622410271374,0.1682662979381024,0.1876386248415716,0.1633437677262127,3,4,0,0,1,0,2,2,984.1,1676.7,0,-2
04c574d1-8820-4837-9ad9-21811c8be097,2019-08-10 00:00:00+00:00,2019-08-10,2019,0,6f017f37-be96-4bdc-b6d3-0a0429c72e89,a015b02d-845c-40c1-8ef4-844984f47e4d,6f017f37-be96-4bdc-b6d3-0a0429c72e89,a015b02d-845c-40c1-8ef4-844984f47e4d,1506.5964535950443,1629.0661621425436,0.3632974331213772,-0.5610807447998656,1,29.651384132060347,0.701000828514368,0,0,0,1,29.53333333333333,3,0,26.8557133350677,0.4766049975659813,0,0,0,1,26.883333333333333,3,0,29.27263768581745,0.3570286170024848,0,0,0,1,29.98333333333333,3,0,26.77904796518012,0.3770140856381757,0,0,0,1,20.116666666666667,3,0,20.05791780893773,0.3693861885374463,0,0,0,1,22.95,3,0,17.46187552487257,0.2918445205517636,0,0,0,1,13.0,3,0,12.820481463319885,0.3905018666451084,0,0,0,1,16.45,3,0,28.38688198238812,0.7269651994870073,0,0,0,1,32.833333333333336,5,0,28.190145810762846,0.5362007750305522,0,0,0,1,35.05,5,0,26.91684767748892,0.4822983714716669,0,0,0,1,30.466666666666665,5,0,29.38604896967266,0.4265446226221361,0,0,0,1,21.55,5,0,22.62124104878917,0.3283250294332886,0,0,0,1,22.633333333333333,5,0,15.266096908615651,0.4699410994993984,0,0,0,1,12.666666666666666,5,0,14.525061184855051,0.3626719934671663,0,0,0,1,17.366666666666667,5,0,0.9095773087372864,5.365783082011777,0.4183642868573106,0.424289144209968,0.1758967239278326,0.1507969387862475,0.2565669079492997,0.2626989613431083,0.1836570370225443,0.2156674158975098,0.2623061362103843,0.2949044585987261,0.3119453924914676,0.3116883116883117,0.7376938637896157,0.7050955414012738,0.6880546075085324,0.6883116883116883,0.1821009330791612,0.1506876036282063,0.1842115946735953,0.1719288881589752,2,4,0,0,1,0,2,1,907.3,1089.4,-1,-1
924068a7-5e16-400c-b282-d5d50027aa31,2019-08-10 02:30:00+00:00,2019-08-10,2019,0,171b097d-01db-4ae8-9d56-035689402ec6,3c409388-ab73-4c7f-953d-3a71062240f6,FR_LVA_ACES,3c409388-ab73-4c7f-953d-3a71062240f6,1600.7636305830151,1514.3203041938425,0.6550968321111492,0.6415193551434486,0,22.57278374620656,0.7680448030866295,0,0,0,0,0.0,7,0,24.428514664508583,0.6231699989821736,0,0,0,1,35.65,5,0,29.51970525650735,0.5076832489640253,0,0,0,1,31.433333333333334,5,0,15.099678947365271,0.6218037303267206,0,0,0,0,0.0,20,0,25.95966603422802,0.3355331466872482,0,0,0,1,20.633333333333333,5,0,19.18735386761889,0.3918904629726183,0,0,0,1,24.383333333333333,5,0,19.15220120798635,0.3589974314056087,0,0,0,1,20.6,5,0,29.125833205734807,0.5739210910852238,0,0,0,1,32.15,1,0,25.443088950609816,0.5346034294365917,0,0,0,1,29.45,1,0,28.75579266950078,0.4663644811078719,0,0,0,1,33.03333333333333,1,0,27.40308226161649,0.4887589392197574,0,0,0,1,31.03333333333333,1,0,25.74305429896216,0.446156840370511,0,0,0,1,32.21666666666667,1,0,18.094685936694106,0.5881152193540203,0,0,0,1,12.566666666666666,1,0,14.391610298147867,0.3671727709387918,10,10,0,1,9.4,1,1,6.465367316626926,4.668671341920332,0.4183786070697822,0.4512527754915135,0.1596101946787824,0.1572766031735732,0.2166436848952907,0.1927341348695421,0.2764321778196859,0.2182812562256922,0.216624685138539,0.3079448456992777,0.316747572815534,0.2667486170866626,0.783375314861461,0.6920551543007223,0.683252427184466,0.7332513829133375,0.1633193967448111,0.168780992969948,0.1560040476725882,0.1379887301190453,5,1,0,0,0,1,1,2,0.0,1525.4,0,-2
b67ce311-3e9c-4e62-b772-3220390aacd5,2019-08-10 19:00:00+00:00,2019-08-10,2019,0,f073a15f-0486-4179-b0a3-dfd0294eb595,5d70a9af-8c2b-4aec-9e68-9acc6ddb93e4,f073a15f-0486-4179-b0a3-dfd0294eb595,5d70a9af-8c2b-4aec-9e68-9acc6ddb93e4,1397.6574685387682,1341.1791529942827,0.6151534077342369,0.4690268869374928,1,22.21381731114269,0.5893498303399843,0,0,0,1,22.716666666666665,1,0,28.567571554905,0.419537989387341,0,0,0,1,29.83333333333333,1,0,24.29921313209577,0.4895857398340207,0,0,0,1,24.916666666666668,1,0,18.751491205069204,0.5891250022026269,0,0,0,1,15.683333333333334,1,0,25.33553713886744,0.3233435305700671,0,0,0,1,33.6,1,0,25.535079873526307,0.296339408258047,0,0,0,1,11.333333333333334,1,0,24.88441770485433,0.2978310549533756,0,0,0,1,30.85,1,0,29.05776117113001,0.4483614447169524,0,0,0,1,29.133333333333333,3,0,23.217811895036554,0.5261641071819071,0,0,0,1,25.016666666666666,3,0,24.367256076543395,0.405602879831312,0,0,0,1,30.58333333333333,3,0,25.006577094966747,0.3651609162710471,0,0,0,1,28.133333333333333,3,0,28.02194238213403,0.2750213298586045,0,0,0,1,28.9,3,0,14.476828065511564,0.4576986296306594,0,0,0,0,0.0,9,0,22.171970967896293,0.247699363499039,0,0,0,1,23.83333333333333,3,0,-5.180656819591423,-11.835643541977683,0.420924186310875,0.3569708942372704,0.1630486760930729,0.1603478869552501,0.2426342719203367,0.2227948278144384,0.2156546876904136,0.239089945116399,0.2430972388955582,0.3114754098360656,0.2783132530120482,0.2974296205630355,0.7569027611044418,0.6885245901639344,0.7216867469879518,0.7025703794369645,0.1534905224225612,0.1594843181688343,0.1449960160839031,0.1466830699347023,1,3,0,0,1,1,2,2,493.8,426.3,0,0
78aa5e14-1af3-4883-af66-6a0aa6a5bb00,2019-08-11 02:00:00+00:00,2019-08-11,2019,0,0699edf3-5993-4182-b9b4-ec935cbd4fcc,5f0b5caf-708b-4300-92f2-53b51d83ec06,0699edf3-5993-4182-b9b4-ec935cbd4fcc,5f0b5caf-708b-4300-92f2-53b51d83ec06,1554.1395729952071,1384.2066112313423,0.7543825451597813,1.1221243297266337,0,31.02422976250853,0.6703728884674326,0,0,0,1,33.0,1,0,32.714169420391414,0.5721110094301252,0,0,0,1,30.933333333333334,1,0,29.23668286115484,0.4434053746340339,0,0,0,1,33.15,1,0,18.50965456520749,0.3163001972525023,0,0,0,1,30.683333333333334,1,0,23.40166756369676,0.2406742604014174,6,1,2,0,0.0,9,1,9.744156082303451,0.4827999905577522,0,0,0,1,22.65,1,0,12.28143565712496,0.3714084004008887,0,0,0,1,18.58333333333333,1,0,28.81291552512699,0.4219049662126362,0,0,0,1,32.2,1,0,30.379142401615788,0.3546345286819048,0,0,0,1,35.61666666666667,1,0,28.199845761477444,0.3325295254035554,0,0,0,1,34.53333333333333,1,0,20.918661763672965,0.4355020215896947,0,0,0,1,29.183333333333334,1,0,19.623937081892134,0.425388854858373,0,0,0,1,31.633333333333333,1,0,12.026676952588664,0.5247971116693751,0,0,0,1,5.683333333333334,1,0,19.44480709849522,0.2108393031496929,0,0,0,1,19.25,1,0,2.217247466509008,-6.272270326549824,0.4297334186763712,0.3908399877633844,0.1418368471878831,0.1790549452013217,0.1699233207570837,0.2509506117366907,0.2298504951254007,0.1905744198206356,0.3153468815697267,0.2989690721649484,0.2879581151832461,0.2809295967190704,0.6846531184302733,0.7010309278350515,0.7120418848167539,0.7190704032809296,0.1476388559605146,0.1708917620405453,0.1523795842140907,0.1630795868650466,1,1,0,0,1,1,2,2,358.3,1133.4,0,0
bab7ca8c-447c-4859-9903-87a73ef562a0,2019-08-11 19:00:00+00:00,2019-08-11,2019,0,5c0d47fe-8539-47b0-9f36-d0b3609ca89b,6f017f37-be96-4bdc-b6d3-0a0429c72e89,5c0d47fe-8539-47b0-9f36-d0b3609ca89b,6f017f37-be96-4bdc-b6d3-0a0429c72e89,1663.6462330326667,1561.723456201961,0.6749426804367136,0.7306262347294825,1,25.172804250738725,0.7980673248134171,0,0,0,1,31.98333333333333,2,0,30.181723098884675,0.5215369996380369,0,0,0,1,32.88333333333333,2,0,24.147016835698963,0.5068654567704769,0,0,0,1,28.75,2,0,31.31985999058104,0.3648675611139235,0,0,0,1,33.7,2,0,21.820752389883832,0.4490429228116493,0,0,0,1,22.53333333333333,2,0,14.38515399273818,0.6103551994512304,0,0,0,1,20.416666666666668,2,0,17.314572947604493,0.4832103664498196,0,0,0,1,15.15,2,0,29.44855951932892,0.7133342570547374,0,0,0,1,27.5,0,0,27.566961037580192,0.4739542539667452,0,0,0,1,34.4,0,0,27.39224815627149,0.39007355940857,0,0,0,1,33.28333333333333,0,0,28.54143315805658,0.3697130920370371,0,0,0,1,21.516666666666666,0,0,20.03988735203908,0.3910156566280631,0,0,0,1,19.866666666666667,0,0,13.373209654588251,0.3989790376164504,0,0,0,1,18.683333333333334,0,0,17.558174824163274,0.2828106753151569,0,0,0,1,18.48333333333333,0,0,9.22546638499902,3.993610147724645,0.4827640522826679,0.435910369177795,0.1227986891870359,0.1812794207930063,0.2267149055032484,0.2550050405733626,0.1953858778654168,0.1818207289144932,0.3538840937114673,0.2625806451612903,0.2826633165829145,0.3131115459882583,0.6461159062885327,0.7374193548387097,0.7173366834170855,0.6868884540117417,0.1276737836616841,0.1836719034739406,0.1609275632076935,0.1852998664679813,2,1,0,0,1,1,2,2,0.0,935.5,0,1
cfafa87b-a5e2-4935-a6b3-13ce27f9c2c2,2019-08-11 19:00:00+00:00,2019-08-11,2019,0,08ed8274-e29f-4248-bc2e-83cc8ed18d75,d6a012ed-84aa-48d3-8265-2d3f3ff2199a,08ed8274-e29f-4248-bc2e-83cc8ed18d75,d6a012ed-84aa-48d3-8265-2d3f3ff2199a,1328.348513605581,1551.970297689502,0.2417041971729962,-1.1433588979387954,0,29.66573552601566,0.4553672991933175,0,0,0,1,33.45,2,0,20.732772175571984,0.538570452668698,0,0,0,1,18.366666666666667,2,0,27.136953486720444,0.3756354525857643,0,0,0,1,23.066666666666663,2,0,21.89412957680696,0.4037585265367418,0,0,0,1,18.716666666666665,2,0,18.642756021119016,0.4507107108085334,0,0,0,0,0.0,6,0,14.648653707469634,0.52218920939987,0,0,0,1,11.616666666666667,2,0,18.04587736414167,0.35307328008259,0,0,0,1,24.4,2,0,30.30743423537588,0.6394747864357688,0,0,0,1,37.63333333333333,1,0,27.98322537943211,0.4305775349646225,0,0,0,1,30.48333333333333,1,0,23.79791367287097,0.4464152473438357,0,0,0,1,21.33333333333333,1,0,25.726707482612664,0.3826191554887726,0,0,0,1,34.03333333333333,1,0,22.680108199325176,0.355410791999205,0,0,0,1,23.9,1,0,16.178497998584955,0.3842658068579141,0,0,0,1,16.1,1,0,15.646174741451611,0.3458366448410736,0,0,0,1,16.983333333333334,1,0,-9.252834875579207,-1.6048311280793028,0.4090988135738542,0.4220639122090768,0.1747436340672477,0.1774703960702484,0.2075028268631645,0.246585230378423,0.2593618426380227,0.2093928379261831,0.2810026385224274,0.3142501555693839,0.2954545454545454,0.2957746478873239,0.7189973614775725,0.685749844430616,0.7045454545454546,0.704225352112676,0.1696643979365671,0.171575502571295,0.1477842154713435,0.1894516374714394,3,2,0,0,1,1,2,2,718.8,2392.9,1,3
c8c34a25-e1f7-4842-b8b8-51b261ee8ec7,2019-08-11 21:00:00+00:00,2019-08-11,2019,0,0a5ad38d-2fe3-43ba-894b-1ba3d5042ea9,3c409388-ab73-4c7f-953d-3a71062240f6,0a5ad38d-2fe3-43ba-894b-1ba3d5042ea9,3c409388-ab73-4c7f-953d-3a71062240f6,1588.105599398207,1523.9438679428908,0.6255694893193219,0.5132561842863732,1,28.15051861101077,0.6980158920418768,0,0,0,1,27.28333333333333,1,0,32.55156902771191,0.4343921617936409,0,0,0,1,34.06666666666667,1,0,20.224852290308245,0.6041822808977368,8,6,0,1,11.333333333333334,1,1,15.282233460533016,0.6042698193998258,0,0,0,1,29.183333333333334,1,0,26.963489186748056,0.2972271409414226,0,0,0,1,31.433333333333334,1,0,11.488203480514892,0.4630414354939516,0,0,0,0,0.0,6,0,13.417582964614148,0.3616372140842263,0,0,0,0,0.0,27,0,29.304094055918657,0.584693875749517,0,0,0,1,31.016666666666666,0,0,25.627579353707794,0.5378113943817185,0,0,0,1,27.4,0,0,28.670397855683632,0.4687387400836335,0,0,0,1,27.85,0,0,27.52377964148016,0.4766788384562094,0,0,0,1,28.683333333333334,0,0,25.4184557559156,0.4540220456996903,0,0,0,1,22.3,0,0,18.16746545117479,0.5827649175333345,0,0,0,1,18.866666666666667,0,0,14.382973614922795,0.3646196307344472,11,11,0,1,14.3,0,1,5.078227795188301,4.975352480370553,0.4342911954047695,0.4528555856483007,0.1544561143089395,0.160062655712552,0.2153578528714806,0.1973202237645913,0.181998556588129,0.2440924422101149,0.3048231511254019,0.3114754098360656,0.278916060806345,0.2635885447106955,0.6951768488745981,0.6885245901639344,0.721083939193655,0.7364114552893045,0.1588139238489724,0.1689542919149422,0.171763966864277,0.1379902767116277,2,1,0,0,1,2,2,2,0.0,224.7,0,0
71971dc6-d131-4c92-8b60-1ad94ece3b00,2019-08-11 22:00:00+00:00,2019-08-11,2019,0,171b097d-01db-4ae8-9d56-035689402ec6,a015b02d-845c-40c1-8ef4-844984f47e4d,FR_LVA_ACES,a015b02d-845c-40c1-8ef4-844984f47e4d,1591.1400668339666,1573.939159535627,0.560435069904521,0.242927950139951,1,23.62495946608184,0.7667730183965746,0,0,0,1,33.733333333333334,0,0,25.685986760763083,0.6195989979563578,0,0,0,1,37.766666666666666,0,0,29.395288280672176,0.4970915128432315,0,0,0,1,28.2,0,0,13.676136545416243,0.6218037303267206,0,0,0,0,0.0,21,0,25.352243662704367,0.3256735743524613,0,0,0,1,19.516666666666666,0,0,19.02041996657832,0.3966554218507294,0,0,0,1,17.416666666666668,0,0,19.47567577219046,0.3536439162285973,0,0,0,1,22.58333333333333,0,0,27.825603231128664,0.7218975612563125,0,0,0,1,22.433333333333334,0,0,27.634844446772824,0.5315561742404488,0,0,0,1,22.3,0,0,26.17519010466127,0.4744116579593543,0,0,0,1,19.05,0,0,28.760426589046645,0.4123080453631,0,0,0,1,22.75,0,0,22.24998953890909,0.3207543153021823,0,0,0,1,18.683333333333334,0,0,15.057171412435284,0.4678470681675019,0,0,0,1,13.05,0,0,15.165348863445416,0.3550271099331009,0,0,0,1,21.316666666666663,0,0,5.109009811504862,1.6901322599611794,0.4159725369411947,0.4168695108982815,0.1603315198078851,0.1597554630703607,0.2360248761004595,0.2667927686423575,0.2750625862795126,0.2216769995270466,0.2159090909090909,0.2967032967032967,0.3196960841613092,0.3098039215686274,0.7840909090909091,0.7032967032967034,0.6803039158386909,0.6901960784313725,0.1620983070719272,0.1532399299474605,0.1566989942528735,0.1739923149309912,1,1,0,0,1,1,1,2,0.0,1298.4,0,-2
3aaa2f72-c134-4ce8-b7f5-112e5cdc3266,2019-08-13 23:00:00+00:00,2019-08-13,2019,0,08ed8274-e29f-4248-bc2e-83cc8ed18d75,6f017f37-be96-4bdc-b6d3-0a0429c72e89,08ed8274-e29f-4248-bc2e-83cc8ed18d75,6f017f37-be96-4bdc-b6d3-0a0429c72e89,1318.337445161273,1541.2636055580529,0.2424388831436672,-1.1393545661079338,0,30.06178392063588,0.4639249497690272,0,0,0,1,33.86666666666667,1,0,18.77816238520783,0.538570452668698,0,0,0,0,0.0,4,0,27.15861000359606,0.3602752834616207,0,0,0,1,27.366666666666667,1,0,22.90972490022009,0.4146478832102492,0,0,0,1,32.666666666666664,1,0,18.445458651858267,0.4515641029955796,0,0,0,1,16.55,1,0,14.556075567522402,0.5201023267354508,0,0,0,1,13.666666666666666,1,0,18.49722117041495,0.3568232270783931,0,0,0,1,22.83333333333333,1,0,28.86103949647997,0.6992616112246297,0,0,0,1,23.216666666666665,1,0,27.57164710215592,0.4781540964877679,0,0,0,1,27.616666666666667,1,0,29.3844427410996,0.377394641844489,0,0,0,1,37.48333333333333,1,0,26.624626835444253,0.3931130729499354,0,0,0,1,19.25,1,0,20.776196154174947,0.3876827006543566,0,0,0,1,27.85,1,0,13.303953310378777,0.3973980787322927,0,0,0,1,21.03333333333333,1,0,17.6846771849396,0.2806270951683161,0,0,0,1,18.9,1,0,-10.350195857494215,0.9694111161912428,0.4147225088524218,0.4441281124781475,0.1814481502863964,0.1849547739734815,0.2213931140173349,0.2529619114256273,0.2525869714348662,0.1835346039787879,0.2848101265822785,0.2625386996904025,0.2918481642812695,0.3109717868338558,0.7151898734177216,0.7374613003095976,0.7081518357187305,0.6890282131661442,0.1715548035344989,0.1844560157500598,0.1472961308965361,0.1849208409031923,1,1,0,0,1,2,2,3,0.0,227.7,0,0
82e0a3ff-6215-4084-89ed-7e1cda515f0d,2019-08-14 02:00:00+00:00,2019-08-14,2019,0,171b097d-01db-4ae8-9d56-035689402ec6,5d70a9af-8c2b-4aec-9e68-9acc6ddb93e4,FR_LVA_ACES,5d70a9af-8c2b-4aec-9e68-9acc6ddb93e4,1603.612880217038,1333.4714977708052,0.8454002113250728,1.6989703688658746,1,23.85044085710661,0.7749443210226763,0,0,0,1,26.016666666666666,2,0,26.79976863929604,0.6112567950885983,0,0,0,1,37.5,2,0,29.66284876889102,0.5014530674512846,0,0,0,1,32.233333333333334,2,0,26.030821755705844,0.3361970663712891,0,0,0,1,32.55,2,0,20.03039418385419,0.3969515741429441,0,0,0,1,29.73333333333333,2,0,12.386800504887926,0.6218037303267206,0,0,0,0,0.0,24,0,19.137002890345748,0.3475782729136402,0,0,0,1,15.883333333333333,2,0,29.061743293141657,0.4399815901325215,0,0,0,1,29.1,3,0,23.187849754119163,0.5304093121100244,0,0,0,1,22.9,3,0,25.374386029253905,0.4234422884405303,0,0,0,1,35.05,3,0,25.772737894540384,0.3701237069852332,0,0,0,1,33.13333333333333,3,0,27.988448289503747,0.2729980357697949,0,0,0,1,27.666666666666668,3,0,14.724131103500891,0.4543138614403859,0,0,0,1,17.1,3,0,20.08167878899599,0.247699363499039,0,0,0,0,0.0,7,0,5.300028175779893,-10.825662045061398,0.425203731811469,0.3733120128908602,0.1639654398662709,0.1628988546911208,0.2451987608845072,0.2221746204187271,0.2713903839291203,0.2394042904488373,0.2190366972477064,0.3177966101694915,0.3203125,0.2964264792032806,0.7809633027522935,0.6822033898305084,0.6796875,0.7035735207967194,0.1626777957584533,0.1599225061227474,0.1546267422428199,0.1453541025176598,1,2,0,0,2,1,2,2,0.0,1594.9,0,-3
08a4f4bf-0218-418d-a8df-83b585e9352e,2019-08-15 00:00:00+00:00,2019-08-15,2019,0,5c0d47fe-8539-47b0-9f36-d0b3609ca89b,d6a012ed-84aa-48d3-8265-2d3f3ff2199a,5c0d47fe-8539-47b0-9f36-d0b3609ca89b,d6a012ed-84aa-48d3-8265-2d3f3ff2199a,1684.1060836765748,1561.9813661338098,0.6999202135054484,0.8469179535623252,1,25.82430361064345,0.8025279321952169,0,0,0,1,32.083333333333336,3,0,27.336300838920423,0.5215369996380369,0,0,0,0,0.0,6,0,24.28085621979096,0.5015806347465834,0,0,0,1,25.566666666666663,3,0,31.68723664507433,0.351036604983291,0,0,0,1,35.21666666666667,3,0,15.61057471221008,0.6272024598482103,0,0,0,1,27.383333333333333,3,0,21.24528155487992,0.4504030777923751,0,0,0,1,15.716666666666669,3,0,19.11544834832512,0.4910515557323539,0,0,0,1,36.41666666666666,3,0,30.685409978112283,0.6363968695466143,0,0,0,1,34.31666666666667,3,0,27.962809017520858,0.4419987844489518,0,0,0,1,27.766666666666666,3,0,24.07151173778251,0.4566416246350799,0,0,0,1,26.7,3,0,25.86089028583254,0.3683274465514956,0,0,0,1,27.15,3,0,22.99152416107083,0.3743105964476502,0,0,0,1,25.98333333333333,3,0,16.20409421242338,0.3837579037618239,0,0,0,1,16.45,3,0,15.572685576484192,0.3455927930207743,0,0,0,1,14.866666666666667,3,0,11.003419319212254,0.5161508193069844,0.4935125106379542,0.4322256599648083,0.1296710595075594,0.1755780150351017,0.2406946808566825,0.2586917043127399,0.221062608993213,0.2192013476976875,0.3503562945368171,0.3100358422939068,0.2818346409173204,0.2988929889298893,0.649643705463183,0.6899641577060932,0.7181653590826795,0.7011070110701108,0.1297480255735238,0.170165765701047,0.1626575454511655,0.1904909825132019,2,2,0,0,1,1,2,2,0.0,227.7,0,0
5948851a-2053-4deb-bf1b-8688ba544a04,2019-08-15 00:00:00+00:00,2019-08-15,2019,0,5f0b5caf-708b-4300-92f2-53b51d83ec06,0a5ad38d-2fe3-43ba-894b-1ba3d5042ea9,5f0b5caf-708b-4300-92f2-53b51d83ec06,0a5ad38d-2fe3-43ba-894b-1ba3d5042ea9,1394.6483765605642,1593.6976126985537,0.2685664627266699,-1.0019079414458378,1,29.33650283234149,0.420157097614916,0,0,0,1,34.36666666666667,3,0,30.225552825599152,0.3487403225564314,0,0,0,1,28.75,3,0,28.988638978178827,0.3311496654579924,0,0,0,1,36.56666666666667,3,0,21.594120746013107,0.4386583561206508,0,0,0,1,28.08333333333333,3,0,20.73414114320903,0.4263667300471871,0,0,0,1,31.4,3,0,12.071300115118046,0.5375836579242413,0,0,0,1,12.5,3,0,18.39097297823896,0.2180835161346826,0,0,0,1,8.266666666666667,3,0,28.19132279708398,0.7004986754677623,0,0,0,1,28.58333333333333,3,0,32.72426105437807,0.4399571612482145,0,0,0,1,34.38333333333333,3,0,19.54529096240573,0.5940485220368965,12,10,0,1,13.016666666666667,3,1,16.702767277600877,0.5846871902073132,0,0,0,1,30.35,3,0,27.09420434567992,0.2939929612030887,0,0,0,1,28.35,3,0,7.529707944019324,0.6806064155845645,0,0,0,1,11.416666666666666,3,0,10.405137752181314,0.4630414354939516,0,0,0,0,0.0,10,0,-6.13651955238606,4.760029038315058,0.3996106076657,0.4411593831257218,0.1787889624558149,0.1635665635177849,0.2532991726420708,0.218623787564788,0.2121429994016629,0.1850424715071908,0.2992565055762082,0.304,0.2790544977019041,0.2826362484157161,0.7007434944237918,0.696,0.7209455022980958,0.7173637515842839,0.1704502884543343,0.1622206200432588,0.1620276604363173,0.1753417996147156,3,2,0,0,1,1,2,2,866.9,1221.9,2,2
b38e436c-985b-4f59-8a25-68b73b4a98a1,2019-08-15 02:00:00+00:00,2019-08-15,2019,0,0699edf3-5993-4182-b9b4-ec935cbd4fcc,a015b02d-845c-40c1-8ef4-844984f47e4d,0699edf3-5993-4182-b9b4-ec935cbd4fcc,a015b02d-845c-40c1-8ef4-844984f47e4d,1543.6978076659857,1561.4663461525556,0.5104054071261801,0.0416276387034606,0,30.910385138662427,0.6628569872437244,0,0,0,1,29.816666666666663,3,0,32.85739062748608,0.570437639620138,0,0,0,1,34.233333333333334,3,0,29.75331565423162,0.4517442113782709,0,0,0,1,34.71666666666667,3,0,19.66834329773056,0.3112393598067912,0,0,0,1,30.8,3,0,11.60666465623807,0.4758819451445275,0,0,0,1,29.5,3,0,22.51531279598255,0.2415056223875036,10,5,0,1,14.0,3,1,11.437841358246263,0.363573829867774,0,0,0,1,3.333333333333333,3,0,27.9740315894926,0.7170953461452495,0,0,0,1,29.4,3,0,27.81539829469571,0.5273506103404164,0,0,0,1,29.55,3,0,26.48549845408837,0.4732086235169134,0,0,0,1,29.466666666666665,3,0,28.943282463122483,0.4068462055499584,0,0,0,1,30.7,3,0,22.19656726822529,0.3208185823068228,0,0,0,1,21.683333333333334,3,0,14.635394351660947,0.4715615860640187,0,0,0,1,10.583333333333334,3,0,15.460872286410762,0.3500955837083956,0,0,0,1,18.3,3,0,2.463789388915985,0.8581156950392193,0.4269302609146558,0.420051127280909,0.143970965235033,0.1559821788455935,0.1916141070144343,0.2675665163412944,0.2616042895949707,0.2100893473303284,0.3120376597175521,0.2984293193717277,0.2886792452830188,0.3089887640449438,0.6879623402824478,0.7015706806282722,0.7113207547169811,0.6910112359550562,0.1472071812398344,0.1512393597087638,0.1527114882250113,0.1740921003369524,3,2,0,0,1,1,2,2,0.0,253.9,0,0
d70c3fe9-e50b-45e0-8b32-f332c4d5a933,2019-08-16 23:30:00+00:00,2019-08-16,2019,0,a015b02d-845c-40c1-8ef4-844984f47e4d,d6a012ed-84aa-48d3-8265-2d3f3ff2199a,a015b02d-845c-40c1-8ef4-844984f47e4d,d6a012ed-84aa-48d3-8265-2d3f3ff2199a,1574.9988690743032,1539.071091798592,0.58679422208656,0.3507284792607855,1,28.36458404486038,0.7170616581740996,0,0,0,1,32.11666666666667,0,0,28.5760136470953,0.5241644991252199,0,0,0,1,35.88333333333333,0,0,27.267787921046736,0.4750231454631181,0,0,0,1,34.78333333333333,0,0,29.31630729404204,0.4018950480896516,0,0,0,1,32.9,0,0,21.998910588552786,0.3118617748835752,0,0,0,1,20.1,0,0,13.99726350792424,0.4667176487335591,0,0,0,1,7.866666666666667,0,0,15.879376981112497,0.3501584795420617,0,0,0,1,19.9,0,0,31.082746082005755,0.6422356646785458,0,0,0,1,34.9,0,0,27.719625501895305,0.4307180081067592,0,0,0,1,25.383333333333333,0,0,24.25803636144125,0.4543193544650992,0,0,0,1,26.05,0,0,25.474901885333416,0.3573119802025207,0,0,0,1,21.766666666666666,0,0,22.83676727814281,0.3657115466928436,0,0,0,1,21.35,0,0,16.464539420614905,0.3725826819168187,0,0,0,1,18.966666666666665,0,0,15.336427296381236,0.3447231920729511,0,0,0,1,13.066666666666666,0,0,1.8003962342969233,-3.126721437425953,0.4275884140470962,0.429973178957783,0.1601037771912067,0.1829595615782504,0.2763855579641105,0.2585456846769481,0.2226464117246011,0.2158198427332866,0.3006718924972004,0.3143021914648212,0.3074141048824593,0.2988710635769459,0.6993281075027995,0.6856978085351788,0.6925858951175407,0.7011289364230541,0.1520603101173648,0.1722138567249943,0.1759520261414438,0.1899247351629563,1,1,0,0,1,1,3,2,2240.6,316.7,3,0
04a9bf14-b04b-4b52-b841-fbe34e96cbb8,2019-08-17 00:00:00+00:00,2019-08-17,2019,0,3c409388-ab73-4c7f-953d-3a71062240f6,0a5ad38d-2fe3-43ba-894b-1ba3d5042ea9,3c409388-ab73-4c7f-953d-3a71062240f6,0a5ad38d-2fe3-43ba-894b-1ba3d5042ea9,1518.351854642544,1578.288731066266,0.4498905748348396,-0.2011128271225933,1,26.541411446260813,0.584693875749517,0,0,0,0,0.0,6,0,28.85074240301602,0.4694955539186666,0,0,0,1,30.58333333333333,5,0,25.44114041861287,0.5302540933350153,0,0,0,1,23.65,5,0,27.336127657068644,0.4753089074574003,0,0,0,1,25.53333333333333,5,0,18.70005144160725,0.5929245183977417,0,0,0,1,23.816666666666663,5,0,23.022096887177867,0.4540220456996903,0,0,0,0,0.0,6,0,16.424090196542856,0.352946224451037,0,0,0,1,36.03333333333333,5,0,28.59124400659547,0.7066569241370931,0,0,0,1,32.43333333333333,1,0,33.16035877224304,0.4363340019379059,0,0,0,1,37.35,1,0,18.772668960179,0.5842588830012967,14,12,0,1,11.35,1,1,17.80868206144553,0.5568980513675715,0,0,0,1,28.433333333333334,1,0,27.113606005879628,0.2939595120379799,0,0,0,1,27.3,1,0,7.809736195123209,0.6929286867743252,0,0,0,1,10.5,1,0,9.42417949207637,0.4630414354939516,0,0,0,0,0.0,12,0,4.345736527835444,3.091587830830409,0.455124580536047,0.444627035824078,0.1711604060815884,0.1647518498160595,0.2075242542430237,0.2110163704837569,0.2573404303069378,0.1870071791659616,0.3137492428831011,0.3024217365623154,0.2644581695676586,0.281973203410475,0.6862507571168989,0.6975782634376846,0.7355418304323413,0.718026796589525,0.1725578522904784,0.1624647310457813,0.1420355219914691,0.1770474756167527,4,1,0,0,0,1,2,2,1.6,817.9,0,0
4c916132-367b-45f9-a466-40ea106b3291,2019-08-17 00:00:00+00:00,2019-08-17,2019,0,6f017f37-be96-4bdc-b6d3-0a0429c72e89,5c0d47fe-8539-47b0-9f36-d0b3609ca89b,6f017f37-be96-4bdc-b6d3-0a0429c72e89,5c0d47fe-8539-47b0-9f36-d0b3609ca89b,1551.868056958317,1707.0163580117928,0.3209969833934695,-0.7491938447105863,0,28.36661924285125,0.696517469498595,0,0,0,1,23.616666666666667,3,0,28.35995624060627,0.4748643580461676,0,0,0,1,35.93333333333333,3,0,29.505326114395213,0.3872097196580446,0,0,0,1,30.666666666666668,3,0,26.884707575436583,0.4065991764187158,0,0,0,1,29.383333333333333,3,0,21.17440090362735,0.3932704244442909,0,0,0,1,25.0,3,0,13.154309741846758,0.3985496445830909,0,0,0,1,11.716666666666669,3,0,17.456716013505492,0.2865131363232603,0,0,0,1,15.266666666666667,3,0,26.31696311790132,0.7963195437221304,0,0,0,1,31.05,1,0,24.75913456324752,0.5215369996380369,0,0,0,0,0.0,8,0,23.99826074577065,0.5058962682932726,0,0,0,1,21.28333333333333,1,0,31.088213923221964,0.3490531667594321,0,0,0,1,25.33333333333333,1,0,16.231801582949664,0.6295690870559731,0,0,0,1,22.2,1,0,21.97008290550185,0.4503592179999855,0,0,0,1,28.933333333333334,1,0,19.48638346080942,0.4853744551884382,0,0,0,1,23.05,1,0,2.7359964227490225,13.560268714030675,0.4552877802878727,0.5023939813750729,0.1835279677692137,0.1349882617369474,0.2485234231636401,0.2384977239091489,0.2045313954276807,0.2349550230992117,0.2650387135199523,0.3486502010338885,0.3094521372667068,0.2871287128712871,0.7349612864800477,0.6513497989661114,0.6905478627332932,0.7128712871287128,0.1833524785720597,0.1313738991773275,0.1859099804305283,0.1650563607085346,2,1,0,0,1,1,3,2,1019.2,936.1,-1,-1
ca0fcff9-6b66-4713-a380-74a09fef08fd,2019-08-17 00:00:00+00:00,2019-08-17,2019,0,5f0b5caf-708b-4300-92f2-53b51d83ec06,08ed8274-e29f-4248-bc2e-83cc8ed18d75,5f0b5caf-708b-4300-92f2-53b51d83ec06,08ed8274-e29f-4248-bc2e-83cc8ed18d75,1410.0572581928518,1307.7329937610089,0.6754495298240477,0.7329373831429838,1,30.14698051091929,0.4079470554900104,0,0,0,1,37.93333333333333,1,0,29.941901044620888,0.3459916578170923,0,0,0,1,39.1,1,0,22.506012932651423,0.4509648355642158,0,0,0,1,31.266666666666666,1,0,27.37599845960394,0.3487403225564314,0,0,0,0,0.0,5,0,21.453707681972823,0.4203953097336313,0,0,0,1,28.366666666666667,1,0,15.945833333333338,0.5234735650204686,0,0,0,0,0.0,0,0,12.9177790399388,0.5391152682281488,0,0,0,1,21.05,1,0,30.217800202004547,0.4544248193196766,0,0,0,1,31.716666666666665,3,0,27.73131265973425,0.3513945209454243,0,0,0,1,33.233333333333334,3,0,17.007826043673095,0.538570452668698,0,0,0,0,0.0,8,0,22.99522804668669,0.3891411058661487,0,0,0,1,23.816666666666663,3,0,18.637582009517093,0.4572977314873989,0,0,0,1,20.48333333333333,3,0,14.577500596950628,0.5224461144960839,0,0,0,1,14.783333333333331,3,0,18.709604903692075,0.3653721817624024,0,0,0,1,20.75,3,0,-4.338307863059305,-11.232395152312897,0.4134941549593802,0.4227621582385826,0.1853968923975813,0.1859962643417499,0.26174236990991,0.2240900664046008,0.2201312219376626,0.2473435785946614,0.2979737783075089,0.284325637910085,0.278441231929604,0.2932375822860562,0.7020262216924911,0.715674362089915,0.721558768070396,0.7067624177139438,0.1723611684650878,0.173103970572325,0.1622836218375499,0.1476679272465334,1,2,0,0,1,1,2,2,0.0,1405.5,0,-1
dfcca043-db08-49a7-8b9c-4ffd8f4ea231,2019-08-17 02:00:00+00:00,2019-08-17,2019,0,0699edf3-5993-4182-b9b4-ec935cbd4fcc,5d70a9af-8c2b-4aec-9e68-9acc6ddb93e4,0699edf3-5993-4182-b9b4-ec935cbd4fcc,5d70a9af-8c2b-4aec-9e68-9acc6ddb93e4,1530.165284744238,1331.136871021825,0.7840813759470567,1.2896112146108265,1,27.99626729159794,0.6628569872437244,0,0,0,0,0.0,5,0,32.60529030424499,0.5640770284670303,0,0,0,1,30.183333333333334,1,0,30.18196039409932,0.445096305685603,0,0,0,1,34.3,1,0,20.35483120970869,0.3175901174459056,0,0,0,1,26.95,1,0,13.417713255264264,0.4711913156984393,0,0,0,1,30.816666666666663,1,0,22.10690964575997,0.2422892736670425,12,7,0,1,18.183333333333334,1,1,15.329626260445542,0.2972214774567675,0,0,0,1,25.683333333333334,1,0,23.92435065352063,0.5477035020626332,0,0,0,1,31.0,2,0,27.984314678841056,0.4390983763902576,0,0,0,1,17.633333333333333,2,0,25.230672500168552,0.4120184358613631,0,0,0,1,23.85,2,0,25.396631450740927,0.3774735793799165,0,0,0,1,21.78333333333333,2,0,27.636001083430468,0.2734615144842772,0,0,0,1,24.25,2,0,13.335993976164987,0.4543138614403859,0,0,0,0,0.0,6,0,20.99945777453807,0.2470540411385887,0,0,0,1,29.816666666666663,2,0,1.2083318106798848,-10.89630248305116,0.4238951833544888,0.3833949749446053,0.1533697268801134,0.1595663903987169,0.2009199802144421,0.2247978952461154,0.2898682614355163,0.2428841713234262,0.3102331606217616,0.3211805555555556,0.2914906457453228,0.2938522278623801,0.6897668393782384,0.6788194444444444,0.7085093542546771,0.7061477721376198,0.1504483952171176,0.158000700280112,0.1535470783794444,0.1451240071606097,1,2,0,0,1,1,2,2,0.0,253.9,0,0
0533da1a-33ee-4759-af07-194f0aceac12,2019-08-18 19:00:00+00:00,2019-08-18,2019,0,5c0d47fe-8539-47b0-9f36-d0b3609ca89b,f073a15f-0486-4179-b0a3-dfd0294eb595,5c0d47fe-8539-47b0-9f36-d0b3609ca89b,f073a15f-0486-4179-b0a3-dfd0294eb595,1714.7690751931868,1405.3651237622455,0.8726931714518925,1.924983884007976,1,26.986297153291453,0.7822574777708018,0,0,0,1,33.416666666666664,0,0,23.857010212682173,0.4965851051924398,0,0,0,1,22.5,0,0,22.42493408062768,0.5215369996380369,0,0,0,0,0.0,9,0,31.625128912786764,0.3492152623211859,0,0,0,1,36.78333333333333,0,0,17.1762806203863,0.6409503355532821,0,0,0,1,26.25,0,0,23.017799433955386,0.4597642148491439,0,0,0,1,33.083333333333336,0,0,19.875771427009965,0.4846133129380265,0,0,0,1,23.616666666666667,0,0,21.882547490602104,0.5937803543295379,0,0,0,1,18.7,7,0,25.117920163760232,0.5065468186052392,0,0,0,1,32.983333333333334,7,0,29.29341403052555,0.4277778605211862,0,0,0,1,36.266666666666666,7,0,18.68378591244192,0.5943468713410255,0,0,0,1,18.03333333333333,7,0,25.28504865976442,0.3100437855870307,0,0,0,1,24.8,7,0,25.11695679435335,0.2996026785531316,0,0,0,1,21.1,7,0,24.48364104740236,0.2989104242754221,0,0,0,1,20.633333333333333,7,0,13.017628672508042,-4.5864038706342125,0.5065874888208399,0.4238590659821189,0.1370639032048054,0.1600227549965043,0.2248514388928546,0.2463503632011547,0.2422656793761581,0.227609970298627,0.3506925207756233,0.2443933294997124,0.2875633089476646,0.2856315179606025,0.6493074792243767,0.7556066705002875,0.7124366910523354,0.7143684820393974,0.132127470304024,0.1519043401240035,0.166965023409529,0.1459905996296823,1,7,0,0,2,0,3,0,931.8,490.7,1,0
82b4d757-f8a8-4dc2-b20a-89ed0512086e,2019-08-18 19:00:00+00:00,2019-08-18,2019,0,a015b02d-845c-40c1-8ef4-844984f47e4d,5f0b5caf-708b-4300-92f2-53b51d83ec06,a015b02d-845c-40c1-8ef4-844984f47e4d,5f0b5caf-708b-4300-92f2-53b51d83ec06,1579.2015493955855,1417.1264098492302,0.7459051962709766,1.0768910689730482,1,28.217080794159788,0.7136334570953194,0,0,0,1,26.8,1,0,29.379623846311624,0.5289348066863266,0,0,0,1,37.1,1,0,27.567795215385587,0.4710830562472582,0,0,0,1,30.45,1,0,29.83014720413796,0.397579246859931,0,0,0,1,34.766666666666666,1,0,23.139756956678863,0.3189773686458855,0,0,0,1,34.1,1,0,13.083041037729808,0.4649313871394827,0,0,0,1,4.3,1,0,15.628346409539844,0.3489944645182148,0,0,0,1,13.216666666666669,1,0,30.22111497361222,0.4159112721074106,0,0,0,1,30.933333333333334,0,0,30.388905906941496,0.3514614610823422,0,0,0,1,34.68333333333333,0,0,23.38064470547741,0.4552405499264808,0,0,0,1,31.78333333333333,0,0,22.26884843941956,0.4278640177205239,0,0,0,1,30.1,0,0,24.79508963771555,0.3487403225564314,0,0,0,0,0.0,6,0,13.483332183879291,0.5236489896448382,0,0,0,1,18.916666666666668,0,0,19.490067486434107,0.2185365307907861,0,0,0,1,23.55,0,0,1.6536398387940316,-3.223307904926433,0.4286820926191911,0.4170878508687854,0.1620810944954026,0.1853400620748094,0.2758090310483632,0.274205420930626,0.2258622100649265,0.2434750526997986,0.3016129032258065,0.2988505747126437,0.3081395348837209,0.2764670296430732,0.6983870967741935,0.7011494252873564,0.6918604651162791,0.7235329703569268,0.1524891490201236,0.1718005387112369,0.1803422629295503,0.1633145758258924,1,1,0,0,2,2,3,2,0.0,1498.5,0,1
97c2d761-4fbb-4dd7-9957-f484033005ff,2019-08-18 22:00:00+00:00,2019-08-18,2019,0,0699edf3-5993-4182-b9b4-ec935cbd4fcc,08ed8274-e29f-4248-bc2e-83cc8ed18d75,0699edf3-5993-4182-b9b4-ec935cbd4fcc,08ed8274-e29f-4248-bc2e-83cc8ed18d75,1536.0245645801722,1300.6638421046305,0.8173889835074498,1.498756795933356,1,33.17359211268694,0.5721542705207194,0,0,0,1,38.63333333333333,0,0,25.356881797057845,0.6628569872437244,0,0,0,0,0.0,6,0,30.45391993115189,0.4500777689254146,0,0,0,1,33.06666666666667,0,0,15.463411072199484,0.4620996254405305,0,0,0,1,35.11666666666667,0,0,21.21071912389636,0.3170088138849597,0,0,0,1,29.433333333333334,0,0,22.733195862321505,0.2547479071188336,13,8,0,1,28.75,0,1,16.095185341418333,0.2950636319870574,0,0,0,1,23.45,0,0,30.821061885157462,0.4527060324651463,0,0,0,1,36.61666666666667,0,0,28.196599751068284,0.3551787643169756,0,0,0,1,32.666666666666664,0,0,23.14966261066166,0.3838662085598499,0,0,0,1,24.633333333333333,0,0,15.4043905254387,0.538570452668698,0,0,0,0,0.0,9,0,17.7352711813528,0.4570773307452929,0,0,0,1,9.066666666666666,0,0,14.549767585243275,0.5216403414403886,0,0,0,1,14.283333333333331,0,0,19.80230488310557,0.3758127925963506,0,0,0,1,30.3,0,0,1.9341179245108755,-10.879446285321537,0.4303335327267567,0.4254821007592346,0.1571623338673129,0.1897058854638646,0.2076897086316816,0.2458165559491596,0.2875826955810837,0.2635601699036531,0.3121890547263681,0.2822014051522248,0.29292343387471,0.2942873629544143,0.6878109452736318,0.7177985948477752,0.70707656612529,0.7057126370455857,0.1513865308432371,0.1736863078015904,0.1534434515750518,0.1480545117664375,1,1,0,0,2,1,2,3,0.0,866.9,0,-2
c0de8b91-5ad9-4e32-a469-db87a7601a00,2019-08-18 22:00:00+00:00,2019-08-18,2019,0,3c409388-ab73-4c7f-953d-3a71062240f6,171b097d-01db-4ae8-9d56-035689402ec6,3c409388-ab73-4c7f-953d-3a71062240f6,FR_LVA_ACES,1536.9037971759683,1605.947506966018,0.4369533676043842,-0.2535359740068106,0,27.14087587556081,0.5889378670529011,0,0,0,1,32.9,0,0,28.765823709817543,0.4715683024619941,0,0,0,1,27.95,0,0,25.74208866957544,0.5262015409244146,0,0,0,1,28.633333333333333,0,0,27.85438406501453,0.4825112776805993,0,0,0,1,32.833333333333336,0,0,19.081865751612195,0.5841446413586621,0,0,0,1,22.75,0,0,20.85165795169342,0.4540220456996903,0,0,0,0,0.0,7,0,16.104422064107453,0.3555440672889824,0,0,0,1,13.033333333333331,0,0,24.68474486597844,0.7719171891123755,0,0,0,1,32.7,3,0,27.890253401149582,0.623408130466065,0,0,0,1,38.36666666666667,3,0,30.040314049247897,0.5068657131608332,0,0,0,1,33.666666666666664,3,0,25.982349097911168,0.3391368132629434,0,0,0,1,25.516666666666666,3,0,21.188698933388945,0.4040529975298317,0,0,0,1,32.31666666666667,3,0,11.219018341793102,0.6218037303267206,27,3,9,0,0.0,28,1,18.754837778225667,0.3373678722761185,0,0,0,1,15.083333333333334,3,0,5.564966923878059,5.891605127584765,0.4656872633464215,0.4343978938970199,0.1758509084653295,0.1636232197158852,0.2214125213023365,0.2518537946242621,0.2570001788070231,0.2915144315169832,0.3178114086146682,0.2193370165745856,0.2634989200863931,0.3233404710920771,0.6821885913853318,0.7806629834254144,0.7365010799136069,0.6766595289079229,0.1734476867831119,0.1618003670205793,0.1419595457294536,0.1530215553607173,1,4,0,0,1,0,2,2,1.7,1525.6,0,2
57d0ddd9-9706-474f-bacc-d37701ca5f7b,2019-08-18 23:00:00+00:00,2019-08-18,2019,0,d6a012ed-84aa-48d3-8265-2d3f3ff2199a,6f017f37-be96-4bdc-b6d3-0a0429c72e89,d6a012ed-84aa-48d3-8265-2d3f3ff2199a,6f017f37-be96-4bdc-b6d3-0a0429c72e89,1534.868411477309,1544.115339776923,0.5226549699357169,0.0906819701654392,1,31.602892564719856,0.6514694466983525,0,0,0,1,36.6,1,0,27.989605382862035,0.4293347535044141,0,0,0,1,30.58333333333333,1,0,23.903742463721564,0.4491641316543258,0,0,0,1,20.5,1,0,23.073221482347687,0.3573119802025207,0,0,0,0,0.0,2,0,23.60322440239594,0.3446531907530465,0,0,0,1,30.966666666666665,1,0,17.710758873556575,0.3724953163638609,0,0,0,1,29.683333333333334,1,0,15.727382402186963,0.3615109862849204,0,0,0,1,19.48333333333333,1,0,28.701304705657925,0.6983837514193901,0,0,0,1,31.916666666666668,0,0,28.65441678803063,0.4789195873203554,0,0,0,1,31.48333333333333,0,0,29.804936989939552,0.3815151226008595,0,0,0,1,32.68333333333333,0,0,26.71330934033944,0.4109559743185699,0,0,0,1,25.066666666666663,0,0,21.533493096166406,0.3838289925784385,0,0,0,1,24.98333333333333,0,0,14.08447849123106,0.4037422496027459,31,6,0,1,29.916666666666668,0,1,12.707662112693304,0.4006524965015196,0,0,0,1,8.416666666666666,0,0,-2.854923961777628,1.7422843009922226,0.4404388353003695,0.4587174483938251,0.1948084390112194,0.1880063916898075,0.2611070408298241,0.2468496229607416,0.2217468716913112,0.2182456424314016,0.3147632311977716,0.2662449683726279,0.2999430848036425,0.3130434782608696,0.6852367688022284,0.7337550316273721,0.7000569151963574,0.6869565217391305,0.1766006249584469,0.18455205728768,0.1887924043789701,0.1846457030245908,1,1,0,0,2,1,3,3,2463.5,1389.1,-3,-2
ade3f251-46a3-48d2-8721-c894827efdf2,2019-08-20 23:00:00+00:00,2019-08-20,2019,0,f073a15f-0486-4179-b0a3-dfd0294eb595,08ed8274-e29f-4248-bc2e-83cc8ed18d75,f073a15f-0486-4179-b0a3-dfd0294eb595,08ed8274-e29f-4248-bc2e-83cc8ed18d75,1394.1161263202498,1297.036675154872,0.6687962724274791,0.7027458110357334,0,22.0491764367757,0.5807889185764105,0,0,0,1,23.65,1,0,24.99210020766594,0.4934024878733109,0,0,0,1,23.78333333333333,1,0,27.223098089925355,0.4223823793282212,0,0,0,1,7.333333333333333,1,0,18.738737774121315,0.6086888913853274,0,0,0,1,19.266666666666666,1,0,25.15604261956792,0.3236623293036883,0,0,0,1,23.916666666666668,1,0,24.12850450597486,0.2999042168103535,0,0,0,1,20.716666666666665,1,0,24.45385254750096,0.2956282438722365,0,0,0,1,18.08333333333333,1,0,31.51672113224821,0.4665220387413308,0,0,0,1,38.2,1,0,28.721725249675742,0.3510374400091284,0,0,0,1,33.766666666666666,1,0,23.121411517771367,0.3804137471534195,0,0,0,1,22.85,1,0,20.631719341649696,0.3980286419370788,0,0,0,1,28.6,1,0,16.77189859137189,0.4594096731694734,0,0,0,1,7.516666666666667,1,0,13.952121032452547,0.538570452668698,8,1,4,0,0.0,11,1,14.510507689898205,0.5176043048783969,0,0,0,1,14.133333333333333,1,0,-8.703687467222696,-10.056613502325131,0.4235551053729045,0.4234671786689717,0.1604659495508063,0.1873901184110157,0.2383312142538898,0.2532816809052368,0.2330878322464695,0.2555016193401027,0.244173140954495,0.279056709713644,0.2952275249722531,0.2973273942093541,0.755826859045505,0.720943290286356,0.704772475027747,0.7026726057906458,0.1520120243219239,0.1724655068986202,0.1430210849048524,0.14802274963724,1,1,0,0,1,2,1,3,490.7,1496.2,0,3
b8d49f86-bf66-4488-b0db-dfdc55cfe8cd,2019-08-20 23:00:00+00:00,2019-08-20,2019,0,5d70a9af-8c2b-4aec-9e68-9acc6ddb93e4,3c409388-ab73-4c7f-953d-3a71062240f6,5d70a9af-8c2b-4aec-9e68-9acc6ddb93e4,3c409388-ab73-4c7f-953d-3a71062240f6,1325.277591185891,1516.6438926163946,0.2773426544648353,-0.9576814141260794,0,24.41543445348615,0.5331961594840595,0,0,0,1,29.133333333333333,2,0,28.279621346488923,0.4552118810223457,0,0,0,1,31.116666666666667,2,0,25.63631159743453,0.4009192738350863,0,0,0,1,29.53333333333333,2,0,25.675064215643296,0.3754388868578373,0,0,0,1,28.35,2,0,28.358534818370032,0.2832267189753038,0,0,0,1,35.3,2,0,12.07872533069354,0.4543138614403859,74,2,1,0,0.0,9,1,20.73710642576897,0.2478653110491383,0,0,0,1,18.216666666666665,2,0,27.35071527546141,0.5886157182126752,0,0,0,1,29.366666666666667,1,0,29.018878014925647,0.4749494791264242,0,0,0,1,31.45,1,0,28.00009907182028,0.4768570909855498,0,0,0,1,29.4,1,0,24.31611930667912,0.5166711531356107,0,0,0,1,10.616666666666667,1,0,19.382117111932487,0.5872229423637545,0,0,0,1,22.266666666666666,1,0,18.88584004598539,0.4540220456996903,0,0,0,0,0.0,9,0,16.309841834464148,0.3582353074380697,0,0,0,1,18.28333333333333,1,0,-10.70874222117225,3.46057185009999,0.3880560767365504,0.4596185566637681,0.1608295002513954,0.1669782417220064,0.2295307657285511,0.2241076440418859,0.2396854744831338,0.2712259648210879,0.3214484679665738,0.3221850613154961,0.2961350027218291,0.2601456815816857,0.6785515320334262,0.6778149386845039,0.703864997278171,0.7398543184183143,0.1577420116745959,0.1693653608109464,0.1461498517563108,0.1416945211451823,3,1,0,0,1,2,2,2,1588.0,586.3,3,1
f33ff63c-694a-44c5-a1d3-afd1a4891ae1,2019-08-21 02:00:00+00:00,2019-08-21,2019,0,171b097d-01db-4ae8-9d56-035689402ec6,0699edf3-5993-4182-b9b4-ec935cbd4fcc,FR_LVA_ACES,0699edf3-5993-4182-b9b4-ec935cbd4fcc,1626.2074115255916,1539.6517315299309,0.6552429494723205,0.6421661144920572,1,24.8967335472591,0.7809274332780578,0,0,0,1,26.933333333333334,2,0,27.400935328947405,0.6170363593418219,0,0,0,1,22.7,2,0,30.247063871550065,0.5014062690416301,0,0,0,1,32.233333333333334,2,0,25.449780591111345,0.3404451285832279,0,0,0,1,20.33333333333333,2,0,20.547114001271243,0.4016136407778514,0,0,0,1,14.383333333333333,2,0,12.565376963243208,0.6397926278109847,30,6,0,1,25.5,2,1,19.089062682084577,0.3475883179889835,0,0,0,1,22.3,2,0,33.4997638375646,0.5807409744435199,0,0,0,1,36.63333333333333,2,0,22.966327895537987,0.6628569872437244,0,0,0,0,0.0,9,0,30.48968963643873,0.452461509870779,0,0,0,1,30.83333333333333,2,0,16.170790515737192,0.4581949577574669,0,0,0,1,22.966666666666665,2,0,22.264032252155086,0.3245164622164391,0,0,0,1,32.38333333333333,2,0,23.32243592093535,0.2482959044326252,16,11,0,1,28.98333333333333,2,1,16.818424490430615,0.2760180665584819,0,0,0,1,23.766666666666666,2,0,6.9159165682543815,1.954617921327855,0.4432762296694391,0.4294191831170126,0.1624154309894423,0.1570551068033029,0.2575712966433853,0.2028401613905543,0.3044356629862688,0.3023710464810767,0.2175531914893617,0.3147815679233992,0.3271604938271605,0.2893711741791875,0.7824468085106383,0.6852184320766008,0.6728395061728395,0.7106288258208124,0.1607894446458691,0.151218805461987,0.1499244412630239,0.1529780890306476,1,1,0,0,1,2,2,3,1525.6,253.9,-2,0
d48db297-b9e6-4280-bb89-30e45a2315bd,2019-08-21 02:30:00+00:00,2019-08-21,2019,0,0a5ad38d-2fe3-43ba-894b-1ba3d5042ea9,6f017f37-be96-4bdc-b6d3-0a0429c72e89,0a5ad38d-2fe3-43ba-894b-1ba3d5042ea9,6f017f37-be96-4bdc-b6d3-0a0429c72e89,1559.736788532842,1530.2874838596197,0.577723579383308,0.3134353931611316,1,28.117545266364377,0.7070501576369637,0,0,0,1,23.566666666666663,3,0,33.740752922192485,0.4422577872323059,0,0,0,1,39.31666666666667,3,0,18.21744397735996,0.576381074213022,0,0,0,1,12.883333333333333,3,0,18.91875303792944,0.5435169319111793,0,0,0,1,29.58333333333333,3,0,26.58908961816597,0.3085577047783051,0,0,0,1,21.55,3,0,8.383903950313151,0.6496193972930441,0,0,0,1,13.9,3,0,8.535702382244173,0.4630414354939516,0,0,0,0,0.0,16,0,28.613190456102263,0.689784726077574,0,0,0,1,27.766666666666666,2,0,29.320219828641108,0.4768840952137584,0,0,0,1,35.71666666666667,2,0,30.310421217068853,0.3986151467728024,0,0,0,1,35.166666666666664,2,0,27.05302066541337,0.4126601962631796,0,0,0,1,30.316666666666663,2,0,21.74402851745586,0.3742740402200862,0,0,0,1,23.766666666666666,2,0,14.054516356957526,0.3963203087584389,34,9,0,1,13.766666666666667,2,1,13.00705275887781,0.3964287803562611,0,0,0,1,15.883333333333333,2,0,1.171193746571988,0.2968886552608158,0.4451999709843549,0.4664732003405707,0.1635039424030057,0.193556920873357,0.2105323541222376,0.2499749190362728,0.1959335418497089,0.2115798662779247,0.2998866213151927,0.2605555555555555,0.2873025160912814,0.3137254901960784,0.7001133786848073,0.7394444444444445,0.7126974839087186,0.6862745098039216,0.1615579425377696,0.1859911315486943,0.1777475554331359,0.1860334364096373,3,1,0,0,1,2,2,3,1743.8,963.3,-2,0
ae238746-38c9-41f9-9347-5dfd1c4f9420,2019-08-23 00:00:00+00:00,2019-08-23,2019,0,6f017f37-be96-4bdc-b6d3-0a0429c72e89,5f0b5caf-708b-4300-92f2-53b51d83ec06,6f017f37-be96-4bdc-b6d3-0a0429c72e89,5f0b5caf-708b-4300-92f2-53b51d83ec06,1516.2596141464503,1409.464475879839,0.681065732570908,0.7586738017544723,1,28.176704491585955,0.6842407422657021,0,0,0,1,23.98333333333333,1,0,30.100807163897187,0.4816130079615197,0,0,0,1,37.6,1,0,30.724254620148503,0.3865433236428677,0,0,0,1,34.7,1,0,25.181350623785264,0.4115947899005361,0,0,0,1,7.2,1,0,21.375342505316,0.3595840940468484,0,0,0,1,17.833333333333332,1,0,15.240401129385202,0.3938930750758113,36,11,0,1,26.633333333333333,1,1,14.079566805743177,0.3829910407036953,0,0,0,1,24.383333333333333,1,0,30.67793583185322,0.4215416362358137,0,0,0,1,35.06666666666667,4,0,30.65078301291989,0.3497123925936669,0,0,0,1,33.166666666666664,4,0,23.95912637197453,0.4407936699468973,0,0,0,1,29.516666666666666,4,0,23.088846870783016,0.4409209443614931,0,0,0,1,30.966666666666665,4,0,24.80655147451474,0.3446699578929789,0,0,0,1,24.916666666666668,4,0,13.31206361565837,0.5171318091120387,0,0,0,1,11.666666666666666,4,0,17.65261534056393,0.2185365307907861,0,0,0,0,0.0,5,0,-1.4911133457519157,-3.682200537795803,0.4689304294171206,0.4193118404925363,0.1942983929477857,0.1833389265034823,0.2389783777417522,0.2693046354365565,0.2057039866556934,0.2572729087852305,0.2678093197643278,0.30183435241801,0.3138211382113821,0.2760629004076878,0.7321906802356722,0.69816564758199,0.6861788617886179,0.7239370995923122,0.1862123613312203,0.1709929267316161,0.1864479862020505,0.1641390394446629,1,3,0,0,2,1,3,2,1522.4,1090.0,2,-1
a4503716-76a8-4950-9a2b-bbdd222f801c,2019-08-23 02:30:00+00:00,2019-08-23,2019,0,0a5ad38d-2fe3-43ba-894b-1ba3d5042ea9,f073a15f-0486-4179-b0a3-dfd0294eb595,0a5ad38d-2fe3-43ba-894b-1ba3d5042ea9,f073a15f-0486-4179-b0a3-dfd0294eb595,1573.764658246011,1379.4931479236393,0.7794094548330579,1.2622282774664582,1,27.71050291927683,0.7050301240192516,0,0,0,1,23.8,1,0,33.91760719617849,0.4425006277475669,0,0,0,1,35.61666666666667,1,0,19.66648193933148,0.5678086112836858,0,0,0,1,26.85,1,0,18.02724675162161,0.5703386213087276,0,0,0,1,16.2,1,0,25.672495207822127,0.300953881071059,0,0,0,1,16.866666666666667,1,0,8.831662749381628,0.6514303088695783,0,0,0,1,13.133333333333333,1,0,21.72696611997853,0.1718938480096501,0,0,0,1,29.08333333333333,1,0,21.96440537713625,0.5762105452890852,0,0,0,1,21.15,2,0,19.874258108867046,0.6162436615159962,0,0,0,1,30.78333333333333,2,0,25.14368710831802,0.4863390100429672,0,0,0,1,26.6,2,0,27.2649161099882,0.4216823019342013,0,0,0,1,27.666666666666668,2,0,25.80283711559131,0.3133285771753311,0,0,0,1,32.016666666666666,2,0,23.56801555249437,0.3017659665186649,0,0,0,1,18.183333333333334,2,0,23.7228477414846,0.2968408239524665,0,0,0,1,16.7,2,0,2.82079031818128,-8.164017046742963,0.454294497573852,0.421207015896772,0.1684281932296876,0.1548558629137746,0.2126819468934545,0.2427983166070974,0.2088870907216883,0.237867260794062,0.300438596491228,0.2425373134328358,0.2939189189189189,0.2954059829059829,0.6995614035087719,0.7574626865671642,0.706081081081081,0.7045940170940171,0.1628787878787878,0.1495996975126995,0.1782812033566619,0.1437254966560142,1,1,0,0,1,2,2,2,0.0,1807.4,0,-3
459e6ee9-1cc0-4fbe-a5f2-dcad94ec2f48,2019-08-23 23:30:00+00:00,2019-08-23,2019,0,a015b02d-845c-40c1-8ef4-844984f47e4d,171b097d-01db-4ae8-9d56-035689402ec6,a015b02d-845c-40c1-8ef4-844984f47e4d,FR_LVA_ACES,1586.863483364977,1632.9596299493244,0.4696774605148141,-0.1214391816118393,1,28.490443125371883,0.7113583618757757,0,0,0,1,31.116666666666667,4,0,29.211847431092792,0.5323980244590266,0,0,0,1,27.6,4,0,28.090922483282984,0.4737127136934934,0,0,0,1,33.11666666666667,4,0,29.84616030334636,0.4029162279157654,0,0,0,1,30.0,4,0,23.690667925063845,0.3212186175481205,0,0,0,1,28.98333333333333,4,0,12.300575007678686,0.4680557184368606,0,0,0,1,4.783333333333333,4,0,15.842509586110166,0.3449628848736898,0,0,0,1,17.9,4,0,26.40232032370732,0.7762737519654305,0,0,0,1,40.86666666666667,1,0,26.96560473291324,0.6157634028862777,0,0,0,1,22.78333333333333,1,0,30.866421950315257,0.4950389127267344,0,0,0,1,36.81666666666667,1,0,14.570441958410406,0.6290067095211929,32,8,0,1,33.833333333333336,1,1,26.38156572770245,0.3358631787614607,0,0,0,1,35.333333333333336,1,0,21.35816256998673,0.4084714382314682,0,0,0,1,29.15,1,0,17.807935646329557,0.3508553146270632,0,0,0,1,5.5,1,0,2.2605150252603243,6.566555285742537,0.4368787513452963,0.4396452402438073,0.1663499489078198,0.1589274544396072,0.2780896669590291,0.2542387154352956,0.2251916969610199,0.3004260054767501,0.3004158004158004,0.215376782077393,0.3108487914558741,0.3285643808584114,0.6995841995841996,0.7846232179226069,0.6891512085441259,0.6714356191415886,0.1536250754231636,0.1589007097565035,0.1792487356933723,0.1481623277182235,4,2,0,0,0,1,2,2,0.0,2326.0,0,3
8a58cb4f-5e90-42e5-8648-fcfa835a1f8e,2019-08-23 23:30:00+00:00,2019-08-23,2019,0,08ed8274-e29f-4248-bc2e-83cc8ed18d75,5d70a9af-8c2b-4aec-9e68-9acc6ddb93e4,08ed8274-e29f-4248-bc2e-83cc8ed18d75,5d70a9af-8c2b-4aec-9e68-9acc6ddb93e4,1311.6596535514825,1320.708625800564,0.5229392593632661,0.0918214967929979,0,32.027379482669936,0.475044530475336,0,0,0,1,36.93333333333333,2,0,29.30261908204487,0.3618015923113435,0,0,0,1,34.88333333333333,2,0,23.35194121314904,0.3883488084773459,0,0,0,1,25.566666666666663,2,0,20.93669832175157,0.3988352344024515,0,0,0,1,23.866666666666667,2,0,14.707703027435958,0.5370790309533802,11,4,0,1,21.966666666666665,2,1,16.234030230986104,0.4636866001976714,0,0,0,1,11.066666666666666,2,0,14.174836071534418,0.4997885666229036,0,0,0,1,10.95,2,0,23.149105178641467,0.5294684003841532,0,0,0,1,10.983333333333333,2,0,25.613522269937743,0.4552118810223457,0,0,0,0,0.0,5,0,26.204831376549315,0.4082694230658456,0,0,0,1,31.666666666666668,2,0,24.87920876078889,0.3702010427213076,0,0,0,1,17.233333333333334,2,0,27.711937287175694,0.2842659492657814,0,0,0,1,21.5,2,0,13.816986878366134,0.4580597712267893,77,5,0,1,30.516666666666666,2,1,20.00139529369822,0.2634455782591142,0,0,0,1,12.933333333333334,2,0,-8.827631490089619,-10.194339347554775,0.4273154006370314,0.3960617305558024,0.1867779946029171,0.1605104120031616,0.2555910831582164,0.2267467133441823,0.2556563492262179,0.2400208878852333,0.2798487304159913,0.3204922418405564,0.2935828877005347,0.2943949711891042,0.7201512695840087,0.6795077581594435,0.7064171122994652,0.7056050288108957,0.1720542231491136,0.1572836943831884,0.1458112407211028,0.1465260446018839,2,2,0,0,1,1,3,2,656.6,768.8,0,0
ff3b2f37-a9e8-409a-a538-dcd87956fa70,2019-08-24 00:00:00+00:00,2019-08-24,2019,0,3c409388-ab73-4c7f-953d-3a71062240f6,5c0d47fe-8539-47b0-9f36-d0b3609ca89b,3c409388-ab73-4c7f-953d-3a71062240f6,5c0d47fe-8539-47b0-9f36-d0b3609ca89b,1521.2128580017215,1726.0180726351828,0.2621077723052655,-1.035042017144007,1,27.70418410092222,0.590404075412604,0,0,0,1,31.1,3,0,29.373777068387373,0.472299781927873,0,0,0,1,32.78333333333333,3,0,28.424333242504503,0.4784388507710566,0,0,0,1,32.5,3,0,23.96263465076272,0.5195780801710963,0,0,0,1,20.566666666666663,3,0,19.506362281548792,0.5854935179726303,0,0,0,1,20.7,3,0,17.105352249151917,0.4540220456996903,0,0,0,0,0.0,13,0,14.460388297815372,0.4529523883350284,0,0,0,1,31.933333333333334,3,0,26.800607608258368,0.800396810174133,0,0,0,1,25.016666666666666,5,0,23.378682547788227,0.4986456511153992,0,0,0,1,18.78333333333333,5,0,17.31678875566182,0.6390200431351055,0,0,0,1,18.666666666666668,5,0,31.33678829923538,0.3512002097801449,0,0,0,1,28.566666666666663,5,0,23.507929586633843,0.4649059237413043,0,0,0,1,28.216666666666665,5,0,20.310793466382663,0.5215369996380369,0,0,0,0,0.0,15,0,20.511278329785675,0.4957995488391522,0,0,0,1,26.616666666666667,5,0,3.629499919858128,16.34004728900859,0.4627708743972977,0.5158902693274343,0.1672622672934106,0.1312482771114893,0.2299156924757662,0.2301684885748244,0.2731530392909631,0.2380329303768192,0.3193997856377277,0.3572567783094099,0.2615230460921843,0.2858695652173913,0.6806002143622722,0.6427432216905901,0.7384769539078156,0.7141304347826087,0.1688428635749662,0.129731636046082,0.141853343075225,0.1665448383559823,2,4,0,0,1,0,3,2,586.3,596.0,-1,-1
9508020f-f2da-494f-b801-dc6604f61954,2019-08-25 19:00:00+00:00,2019-08-25,2019,0,5c0d47fe-8539-47b0-9f36-d0b3609ca89b,08ed8274-e29f-4248-bc2e-83cc8ed18d75,5c0d47fe-8539-47b0-9f36-d0b3609ca89b,08ed8274-e29f-4248-bc2e-83cc8ed18d75,1708.8154443763888,1303.398050252462,0.9225623373845536,2.477681688687741,1,27.391348695791056,0.7851586676087762,0,0,0,1,33.06666666666667,0,0,22.7223292011796,0.5008361318168449,0,0,0,1,16.416666666666668,0,0,18.006565768694472,0.6242538176144034,0,0,0,1,24.633333333333333,0,0,31.542299244067177,0.348569206490784,0,0,0,1,33.516666666666666,0,0,23.346912243510744,0.4597693409617261,0,0,0,1,21.8,0,0,21.617961995079355,0.4868206330135536,0,0,0,1,32.25,0,0,18.39596628247952,0.5215369996380369,0,0,0,0,0.0,16,0,31.448141325117028,0.4785560140941909,0,0,0,1,25.883333333333333,1,0,28.4413149648637,0.3615108663650623,0,0,0,1,20.166666666666668,1,0,23.66758392740237,0.3876962497750845,0,0,0,1,26.7,1,0,15.37948134248602,0.5479192460563629,13,6,0,1,21.83333333333333,1,1,20.788681490320496,0.4023927963455619,0,0,0,1,19.366666666666667,1,0,16.270103792061185,0.4712685026772772,0,0,0,1,16.616666666666667,1,0,14.603023217577563,0.492736945561702,0,0,0,1,18.716666666666665,1,0,13.689528701330076,-8.187079707151844,0.5059977247109101,0.4316538027097889,0.1355092246397936,0.182025113639631,0.2273243140172938,0.259223226431268,0.2440041043025879,0.2629794506588675,0.3587512794268168,0.2782969885773624,0.2848167539267016,0.2938754503345342,0.6412487205731832,0.7217030114226376,0.7151832460732984,0.7061245496654658,0.1310209149694419,0.1701782820097244,0.1670209535378075,0.1445846477392218,1,1,0,0,1,1,2,3,596.5,227.7,1,0
2bd3fa7d-02bc-41a3-828a-670bea5a72dd,2019-08-25 20:00:00+00:00,2019-08-25,2019,0,5f0b5caf-708b-4300-92f2-53b51d83ec06,5d70a9af-8c2b-4aec-9e68-9acc6ddb93e4,5f0b5caf-708b-4300-92f2-53b51d83ec06,5d70a9af-8c2b-4aec-9e68-9acc6ddb93e4,1394.8464115147783,1328.9702290995845,0.6278782884981784,0.5231253573435822,0,30.70515631697345,0.4245093136389707,0,0,0,1,30.966666666666665,1,0,31.2870744595496,0.3506475030562646,0,0,0,1,37.4,1,0,22.8018095860368,0.4270326381726706,0,0,0,1,11.683333333333334,1,0,21.79988381961537,0.4314629131617346,0,0,0,1,9.416666666666666,1,0,25.41244491873936,0.3353219157825354,0,0,0,1,31.23333333333333,1,0,13.548188413780872,0.5045951861713704,0,0,0,1,15.816666666666666,1,0,17.58480406856133,0.2358219034060673,0,0,0,1,16.933333333333334,1,0,24.21608340520041,0.5341531352565658,0,0,0,1,34.46666666666667,1,0,26.37564456865892,0.404387427315254,0,0,0,1,28.016666666666666,1,0,23.19877324503319,0.4552118810223457,0,0,0,0,0.0,7,0,25.44682689705369,0.3776200907017575,0,0,0,1,30.9,1,0,28.22933173003065,0.2903821409028984,0,0,0,1,33.2,1,0,14.842997477241596,0.4608938120482922,79,7,0,1,24.7,1,1,19.69957947616557,0.2612363869435848,0,0,0,1,16.8,1,0,-5.366985893046692,-9.041569421440611,0.4245219685148989,0.4026320081069544,0.1859686402432948,0.1570040840400065,0.2536683055973459,0.2263201609001334,0.2601825295847519,0.2561362976928624,0.3013993541442411,0.319773429454171,0.2724215246636771,0.2923387096774194,0.6986006458557589,0.680226570545829,0.7275784753363229,0.7076612903225806,0.1720913736680047,0.1556113693800505,0.1631160100835351,0.1456122686081636,2,1,0,0,1,1,2,2,870.8,1405.5,0,-1
2fd1ad81-4d3e-463c-b8df-9915e83f7033,2019-08-25 21:00:00+00:00,2019-08-25,2019,0,0a5ad38d-2fe3-43ba-894b-1ba3d5042ea9,a015b02d-845c-40c1-8ef4-844984f47e4d,0a5ad38d-2fe3-43ba-894b-1ba3d5042ea9,a015b02d-845c-40c1-8ef4-844984f47e4d,1591.780978057606,1596.5985396950896,0.5290122377862936,0.1161794542845036,1,27.04329330333116,0.7141637630205512,0,0,0,1,20.633333333333333,1,0,33.106742039172055,0.4403980686673112,0,0,0,1,25.316666666666663,1,0,19.679069532845894,0.5635815243835534,0,0,0,1,19.8,1,0,17.872264618278,0.5794042059644416,0,0,0,1,16.383333333333333,1,0,25.18013749622935,0.3091383539693096,0,0,0,1,20.45,1,0,9.17121505456507,0.6621314703762681,0,0,0,1,12.433333333333334,1,0,8.015609061676521,0.482725032108976,0,0,0,1,10.75,1,0,28.277651084824434,0.7147110864135509,0,0,0,1,26.23333333333333,1,0,30.228914924651285,0.5438484759794874,0,0,0,1,40.0,1,0,28.714002094154864,0.482753120023169,0,0,0,1,34.7,1,0,30.448319572325936,0.3942013216712319,0,0,0,1,36.23333333333333,1,0,23.87695784584129,0.3270989054376529,0,0,0,1,25.666666666666668,1,0,12.210958279112432,0.4640675053736654,0,0,0,1,11.35,1,0,15.384404254302526,0.3453344232569226,0,0,0,1,10.983333333333333,1,0,5.986646708031618,2.882493576928105,0.4623248791709384,0.4441574270901414,0.1663015588266733,0.1619929305098986,0.218818943300925,0.2702039018785239,0.2177249775670608,0.2318459989397923,0.2989473684210526,0.2972431077694235,0.2935729847494553,0.3059459459459459,0.7010526315789474,0.7027568922305765,0.7064270152505446,0.6940540540540541,0.1616083260609586,0.1521445871784652,0.1803076824665771,0.1767421728466311,2,1,0,0,1,1,2,2,0.0,2543.2,0,-3
c7a41802-29d9-45f7-a803-84c6b7277aab,2019-08-25 22:00:00+00:00,2019-08-25,2019,0,0699edf3-5993-4182-b9b4-ec935cbd4fcc,3c409388-ab73-4c7f-953d-3a71062240f6,0699edf3-5993-4182-b9b4-ec935cbd4fcc,3c409388-ab73-4c7f-953d-3a71062240f6,1532.899513106198,1538.4154862605155,0.5280104113090055,0.1121590744159097,0,33.78261510930193,0.5759699787883391,0,0,0,1,36.5,3,0,24.597340441873065,0.6600829084659627,0,0,0,1,40.266666666666666,3,0,31.4789919127021,0.4486572860441991,0,0,0,1,40.98333333333333,3,0,17.626971121480334,0.4728422410352332,0,0,0,1,31.616666666666667,3,0,21.781900030585707,0.3190119480228225,0,0,0,1,17.15,3,0,23.97554127788655,0.2465483993910812,0,0,0,1,30.25,3,0,16.012196098703683,0.2795867272593367,0,0,0,1,8.266666666666667,3,0,28.07303862085196,0.6009603805382112,0,0,0,1,31.616666666666667,0,0,29.627652832254984,0.4741507227313251,0,0,0,1,32.06666666666667,0,0,28.41418283225326,0.46663108977547,0,0,0,1,28.316666666666663,0,0,24.45953680932453,0.5169901008091239,0,0,0,1,29.23333333333333,0,0,19.680173690069225,0.584767939134754,0,0,0,1,21.35,0,0,15.494877347997562,0.4731792972678185,0,0,0,1,25.433333333333334,0,0,15.492722317626733,0.4540220456996903,0,0,0,0,0.0,14,0,1.4676977161412494,4.397362770375759,0.4281222676391014,0.4662806999417792,0.1523423529211882,0.169932161545009,0.1922877102105436,0.233380439657216,0.285223206853152,0.2716436579835723,0.3169897377423033,0.3171487603305785,0.2838915470494418,0.2663122281295311,0.6830102622576967,0.6828512396694215,0.7161084529505582,0.7336877718704689,0.1491683000017345,0.1692198076237976,0.1512514503563733,0.1426026289786507,4,1,0,0,0,1,2,3,0.0,1451.7,0,-2
53d77e57-de4d-48f3-adbe-2db45ce22f19,2019-08-25 23:00:00+00:00,2019-08-25,2019,0,d6a012ed-84aa-48d3-8265-2d3f3ff2199a,f073a15f-0486-4179-b0a3-dfd0294eb595,d6a012ed-84aa-48d3-8265-2d3f3ff2199a,f073a15f-0486-4179-b0a3-dfd0294eb595,1548.6962673946127,1361.4768281120444,0.7723508509870726,1.2216332933389926,0,31.305649406748493,0.6519101737521845,0,0,0,1,28.45,6,0,28.025153339047083,0.4382608610032345,0,0,0,1,28.366666666666667,6,0,24.95457078141271,0.4425762529981412,0,0,0,1,35.05,6,0,23.70425496777568,0.3636347337948805,0,0,0,1,29.766666666666666,6,0,22.46374802740865,0.3379311671974078,0,0,0,1,11.516666666666667,6,0,18.726357720068552,0.3772735705942671,0,0,0,1,28.48333333333333,6,0,15.542533307222012,0.3647412131430539,0,0,0,1,13.766666666666667,6,0,21.3769627371389,0.5733921912687361,0,0,0,1,15.733333333333333,1,0,20.046382364362948,0.6101562483017625,0,0,0,1,21.7,1,0,24.542484988164965,0.4861956850136467,0,0,0,1,18.766666666666666,1,0,26.66956895865769,0.4228472228486911,0,0,0,1,20.95,1,0,25.59201915958536,0.3128673590575798,0,0,0,1,23.566666666666663,1,0,23.442186603499746,0.2974176448560511,0,0,0,1,22.23333333333333,1,0,23.013621222116885,0.3026549905560058,0,0,0,1,16.2,1,0,-1.3046327258327233,-10.826133599617352,0.4539104049717657,0.4223502406706638,0.2004154501886344,0.1626627202073323,0.2742013600799312,0.2228543164862413,0.2212679285767996,0.2452961800379124,0.3153638814016172,0.2438016528925619,0.2931793179317932,0.2941478439425051,0.6846361185983828,0.756198347107438,0.7068206820682068,0.7058521560574949,0.1782216370701005,0.1526251526251526,0.1900768465190647,0.1432324639149151,6,2,0,0,0,1,1,3,0.0,963.3,0,0
9b119e36-f03a-4e9c-a3b4-511fbd43630a,2019-08-25 23:00:00+00:00,2019-08-25,2019,0,6f017f37-be96-4bdc-b6d3-0a0429c72e89,171b097d-01db-4ae8-9d56-035689402ec6,6f017f37-be96-4bdc-b6d3-0a0429c72e89,FR_LVA_ACES,1530.8776785115112,1623.2245736192117,0.4042759440531561,-0.387679891836062,1,28.072054192924103,0.6817867609709378,0,0,0,1,27.066666666666663,1,0,30.561113840287213,0.4889771114349111,0,0,0,1,34.983333333333334,1,0,29.79334607643571,0.3800298343092285,0,0,0,1,20.85,1,0,25.791191184136355,0.4179276254040417,0,0,0,1,31.65,1,0,21.160831551370222,0.3627300232719612,0,0,0,1,19.1,1,0,16.102363275456955,0.412528365257823,38,13,0,1,24.383333333333333,1,1,14.061066633015605,0.3848817764935153,0,0,0,1,13.883333333333333,1,0,26.598510604874,0.7738461227823801,0,0,0,1,28.48333333333333,1,0,27.01755683279116,0.6274735030655029,0,0,0,1,27.516666666666666,1,0,30.75959850744192,0.4866896289911461,0,0,0,1,29.73333333333333,1,0,15.844387842438,0.6240343823944806,34,10,0,1,28.08333333333333,1,1,21.47366718020604,0.411965085453614,0,0,0,1,22.58333333333333,1,0,26.16803934341588,0.3324319979237859,0,0,0,1,24.116666666666667,1,0,17.800902413622836,0.3550843065399109,0,0,0,1,17.733333333333334,1,0,0.681393086052511,5.1123928898685485,0.4732666641731667,0.4420156765513712,0.1902577350668036,0.1548207218389635,0.2438189210527761,0.2413613545578155,0.215860267808055,0.3013153282416136,0.2647362978283351,0.2142506142506142,0.3130252100840336,0.3245948522402287,0.7352637021716649,0.7857493857493858,0.6869747899159664,0.6754051477597712,0.1845159709674455,0.1572879173616597,0.1870025500347732,0.1469151518740008,2,1,0,0,1,1,3,3,0.0,1090.0,0,-1
3691ec5a-9351-4301-8909-ca3e94d8d61b,2019-08-27 23:00:00+00:00,2019-08-27,2019,0,f073a15f-0486-4179-b0a3-dfd0294eb595,171b097d-01db-4ae8-9d56-035689402ec6,f073a15f-0486-4179-b0a3-dfd0294eb595,FR_LVA_ACES,1382.6050071045497,1587.0473718109886,0.2625119489983602,-1.0329532850616174,1,21.42944301259088,0.6258500184387131,0,0,0,1,34.71666666666667,1,0,20.221106948575155,0.5784760667376069,0,0,0,1,9.116666666666667,1,0,27.564920530696423,0.4167780978493878,0,0,0,1,36.16666666666666,1,0,23.920969660085568,0.4743264546900128,0,0,0,1,17.95,1,0,26.043726703246723,0.3076473019915857,0,0,0,1,30.383333333333333,1,0,23.424067954744224,0.2997970576301882,0,0,0,1,23.25,1,0,23.262169352908103,0.2963805207598582,0,0,0,1,25.65,1,0,26.18854895913693,0.7736015787328441,0,0,0,1,22.25,1,0,27.190312860040248,0.6183450010130707,0,0,0,1,28.85,1,0,30.19146430865293,0.4763649211644044,0,0,0,1,24.73333333333333,1,0,16.817534466432548,0.6052587986347223,36,12,0,1,26.166666666666668,1,1,22.239788061428168,0.4080886697625618,0,0,0,1,29.6,1,0,24.683057644638343,0.3264542842036523,0,0,0,1,10.416666666666666,1,0,17.99722637015668,0.363860302557983,0,0,0,1,19.883333333333333,1,0,-8.716119687814839,1.486673080778484,0.4208823034756246,0.4433832549772838,0.1677667889660445,0.1580801581046534,0.2322561493301382,0.2429360674259577,0.254128634924417,0.2961359262013194,0.2416040100250626,0.2143536121673003,0.2958727001491795,0.3213296398891966,0.7583959899749373,0.7856463878326996,0.7041272998508205,0.6786703601108033,0.1538567789066576,0.1578023719890175,0.1446878875568416,0.1463960731406263,1,1,0,0,1,2,3,3,1866.8,511.4,3,1
47efb22b-68ac-4aa2-9190-81ce959a7ac9,2019-08-27 23:00:00+00:00,2019-08-27,2019,0,5c0d47fe-8539-47b0-9f36-d0b3609ca89b,0a5ad38d-2fe3-43ba-894b-1ba3d5042ea9,5c0d47fe-8539-47b0-9f36-d0b3609ca89b,0a5ad38d-2fe3-43ba-894b-1ba3d5042ea9,1713.7309001283531,1610.3211400055577,0.6768178309126843,0.7391859986342249,1,27.077909856597568,0.7973902693560944,0,0,0,1,24.066666666666663,1,0,18.081367840669543,0.6339472679943854,0,0,0,1,18.8,1,0,22.17342133864313,0.5073875857377845,0,0,0,1,16.9,1,0,31.038646846930824,0.344740796636794,0,0,0,1,26.2,1,0,21.369578858824653,0.499587226774882,0,0,0,1,18.98333333333333,1,0,23.44776477066336,0.4546741518828769,0,0,0,1,24.416666666666668,1,0,16.661661989042628,0.5215369996380369,0,0,0,0,0.0,18,0,27.386462939292457,0.7173924145968236,0,0,0,1,30.683333333333334,1,0,33.36379507543551,0.4378312925599562,0,0,0,1,35.833333333333336,1,0,20.59552323723453,0.5572070211982756,0,0,0,1,29.4,1,0,17.345360656052602,0.5792474509621913,0,0,0,1,12.283333333333331,1,0,24.588069145166003,0.3023071662106052,0,0,0,1,18.9,1,0,8.919382687257588,0.6466248785641775,0,0,0,1,6.5,1,0,12.22153151924024,0.3763344220448193,0,0,0,1,25.933333333333334,1,0,15.506417693830754,6.718294809560524,0.5156243174982056,0.4710324886216845,0.1384766202168723,0.1669744552053619,0.2332635597526945,0.2090675338756498,0.235014341351089,0.2163485451802091,0.3599605522682446,0.3014256619144603,0.2840565085771948,0.2946428571428571,0.6400394477317555,0.6985743380855397,0.7159434914228052,0.7053571428571429,0.131734386172164,0.1617920620281064,0.1658976218768808,0.1802392898494789,1,1,0,0,2,1,2,3,0.0,2298.4,0,3
c95f0d1f-1c10-4074-bc1a-98d228047a03,2019-08-27 23:00:00+00:00,2019-08-27,2019,0,08ed8274-e29f-4248-bc2e-83cc8ed18d75,0699edf3-5993-4182-b9b4-ec935cbd4fcc,08ed8274-e29f-4248-bc2e-83cc8ed18d75,0699edf3-5993-4182-b9b4-ec935cbd4fcc,1298.4825945004975,1517.6489220482686,0.2464360739301938,-1.1177112284322408,0,30.61868479969669,0.4796331857157089,0,0,0,1,22.65,1,0,28.728105309884903,0.3640027924735608,0,0,0,1,31.48333333333333,1,0,23.58422002152108,0.398182242536086,0,0,0,1,22.78333333333333,1,0,15.57782479911419,0.541915799723464,15,8,0,1,17.483333333333334,1,1,20.532059906927085,0.3974218378161562,0,0,0,1,18.066666666666663,1,0,15.99166456205205,0.4694759980255245,0,0,0,1,13.316666666666666,1,0,14.455038607049008,0.4857238272642488,0,0,0,1,13.033333333333331,1,0,33.97909185361537,0.5816063675551514,0,0,0,1,35.86666666666667,1,0,25.57335125013652,0.6689684350898475,0,0,0,1,34.95,1,0,31.16200420895292,0.4428058480167111,0,0,0,1,28.116666666666667,1,0,18.172802402508086,0.4662787094303588,0,0,0,1,23.416666666666668,1,0,21.0828190004074,0.3120898239933286,0,0,0,1,14.366666666666667,1,0,23.34619570715237,0.248515342497742,0,0,0,1,17.3,1,0,15.572661334034793,0.279235068102637,0,0,0,1,11.35,1,0,-10.522719428398396,0.6575771604173438,0.4315502639923552,0.4313808631456105,0.178614040041027,0.1501977896275296,0.2517060040992982,0.1868995748545521,0.253899434299541,0.2963253642362961,0.2777777777777778,0.3152114222954421,0.2974714923153198,0.2834605597964376,0.7222222222222222,0.6847885777045579,0.7025285076846802,0.7165394402035623,0.1689869734544966,0.1481636060100166,0.1447998925196674,0.1483172159307799,1,1,0,0,2,1,3,2,227.7,2152.2,0,3
f840d646-a071-4557-9c91-6f9e4a14fcb6,2019-08-28 00:00:00+00:00,2019-08-28,2019,0,6f017f37-be96-4bdc-b6d3-0a0429c72e89,3c409388-ab73-4c7f-953d-3a71062240f6,6f017f37-be96-4bdc-b6d3-0a0429c72e89,3c409388-ab73-4c7f-953d-3a71062240f6,1567.0548803197344,1553.6660773184449,0.5550221985568259,0.2209837138216353,1,27.757291824236223,0.6876223015601379,0,0,0,1,24.73333333333333,2,0,30.95759795050284,0.5003635489921617,0,0,0,1,34.766666666666666,2,0,26.646793757692063,0.4337021326319398,0,0,0,1,34.86666666666667,2,0,29.4687200256781,0.3809181818840237,0,0,0,1,26.35,2,0,20.460594235687346,0.3555252615707175,0,0,0,1,13.733333333333333,2,0,16.85949370491982,0.4212971385811625,0,0,0,1,24.133333333333333,2,0,14.454412649235282,0.3874711507363804,0,0,0,1,18.23333333333333,2,0,28.282988379503827,0.6066985851621073,0,0,0,1,30.3,2,0,29.988009717141217,0.4752512039254514,0,0,0,1,33.45,2,0,28.66582056102325,0.4720772614451441,0,0,0,1,31.08333333333333,2,0,25.05572117354873,0.5113836837854447,0,0,0,1,30.78333333333333,2,0,20.087431085585862,0.5945304751694644,0,0,0,1,24.0,2,0,16.411412021759975,0.4885406627474941,0,0,0,1,25.216666666666665,2,0,14.032125226944087,0.4540220456996903,0,0,0,0,0.0,17,0,3.760895983293573,4.654546914560292,0.4882647354349353,0.4649702826740878,0.1854947095483959,0.1626126723922616,0.2434588871694549,0.2435178468838871,0.2135331698541176,0.2707255105471474,0.2632367632367632,0.3153465346534653,0.309680689305626,0.2663857677902622,0.7367632367632367,0.6846534653465347,0.690319310694374,0.7336142322097379,0.182798410061699,0.1657899050713083,0.1865198382499963,0.1419446415897799,1,1,0,0,1,2,3,3,0.0,1278.1,0,2
9a1f71fe-7cac-4ea8-9eb6-f6d4904a112c,2019-08-28 02:00:00+00:00,2019-08-28,2019,0,d6a012ed-84aa-48d3-8265-2d3f3ff2199a,a015b02d-845c-40c1-8ef4-844984f47e4d,d6a012ed-84aa-48d3-8265-2d3f3ff2199a,a015b02d-845c-40c1-8ef4-844984f47e4d,1527.5680884021074,1578.058377747138,0.4633822022597642,-0.1467339006549309,0,31.95562351796021,0.648345330497553,0,0,0,1,38.2,2,0,27.85308457008523,0.4288611736175648,0,0,0,1,26.2,2,0,24.89914533571028,0.4472807019950858,0,0,0,1,24.366666666666667,2,0,24.29150965109343,0.3580730809447608,0,0,0,1,29.933333333333334,2,0,21.782091024198824,0.3311081959186424,0,0,0,1,15.233333333333333,2,0,19.09469306469743,0.3656101856859644,0,0,0,1,22.633333333333333,2,0,15.55109360096853,0.3652052232700546,0,0,0,1,15.633333333333333,2,0,29.00725711608505,0.7139924519806695,0,0,0,1,36.016666666666666,2,0,29.98107045859324,0.5333600568920533,0,0,0,1,27.6,2,0,29.26891240886826,0.4871299582091712,0,0,0,1,34.6,2,0,30.886862958062352,0.3855533804002784,0,0,0,1,35.1,2,0,24.218524984352776,0.3283005080452403,0,0,0,1,27.5,2,0,15.621565403400188,0.3416132323040046,0,0,0,1,17.9,2,0,11.235736370105442,0.4625782769675494,0,0,0,1,1.8666666666666667,2,0,-2.27100243880101,1.3146954282038268,0.4417946155971115,0.4466492268381558,0.2021391319912666,0.1656423229767893,0.2740623885257676,0.2732986546945167,0.2213578958849063,0.2280118248306924,0.3164754953076121,0.2981095492001939,0.2892914224826851,0.3082549634273772,0.6835245046923879,0.701890450799806,0.7107085775173149,0.6917450365726228,0.1785409324494263,0.1530151014419728,0.1901050705203041,0.1764331802953219,1,1,0,0,1,2,1,2,0.0,963.3,0,0
25f4b4c5-24a9-47f6-aa9a-186bf4a4aa12,2019-08-29 23:00:00+00:00,2019-08-29,2019,0,f073a15f-0486-4179-b0a3-dfd0294eb595,0a5ad38d-2fe3-43ba-894b-1ba3d5042ea9,f073a15f-0486-4179-b0a3-dfd0294eb595,0a5ad38d-2fe3-43ba-894b-1ba3d5042ea9,1413.5606329854056,1585.3120565675704,0.3005313079423258,-0.8447691007898686,0,22.441709114676044,0.6498812106359809,0,0,0,1,32.166666666666664,1,0,27.692358203241124,0.4157912022503278,0,0,0,1,28.916666666666668,1,0,19.188362458756966,0.5806581276713666,0,0,0,1,9.266666666666667,1,0,23.312481624135536,0.477273643753511,0,0,0,1,17.466666666666665,1,0,25.92804397926976,0.3193196273483644,0,0,0,1,24.816666666666663,1,0,23.538073063570124,0.3038096364632764,0,0,0,1,24.633333333333333,1,0,23.45900237595345,0.2884203086485456,0,0,0,1,25.35,1,0,27.164618502530512,0.7072427074961385,0,0,0,1,25.03333333333333,1,0,32.8408321351992,0.4385700938005626,0,0,0,1,27.816666666666663,1,0,20.366539539732862,0.5569949571636185,0,0,0,1,18.166666666666668,1,0,17.42750419403813,0.5641409284936486,0,0,0,1,18.216666666666665,1,0,23.979540304681883,0.2925962514902079,0,0,0,1,18.133333333333333,1,0,9.48792718972959,0.654600803574316,0,0,0,1,14.95,1,0,13.58807974693906,0.3647871821447281,0,0,0,1,26.716666666666665,1,0,-6.489448277841432,2.4934281199101087,0.4228315740112461,0.46109945405244,0.1609979838322241,0.1689805195742562,0.2358399813586025,0.2183655161638853,0.2534333103530078,0.2269084058479493,0.2422779922779922,0.3018217626784835,0.292507204610951,0.3026917216861351,0.7577220077220077,0.6981782373215165,0.707492795389049,0.6973082783138649,0.1514994369703076,0.1618550322200926,0.1428064048302601,0.1779066812181375,1,1,0,0,2,2,3,3,0.0,493.8,0,0
e553208d-b3a4-4cbb-a00f-96b7a8a4784e,2019-08-29 23:00:00+00:00,2019-08-29,2019,0,5d70a9af-8c2b-4aec-9e68-9acc6ddb93e4,0699edf3-5993-4182-b9b4-ec935cbd4fcc,5d70a9af-8c2b-4aec-9e68-9acc6ddb93e4,0699edf3-5993-4182-b9b4-ec935cbd4fcc,1339.8962889330153,1526.7498524782104,0.2825791364084354,-0.9317040066678272,0,24.654523354127058,0.5432915590955071,0,0,0,1,28.866666666666667,3,0,27.023733609273265,0.4060785855456227,0,0,0,1,33.25,3,0,23.626274954333265,0.4567110713649343,0,0,0,1,27.73333333333333,3,0,24.53735940571908,0.3743245207573936,0,0,0,1,15.8,3,0,28.479541276227742,0.2850989415570445,0,0,0,1,30.883333333333333,3,0,14.493263934942354,0.4540766984802314,83,11,0,1,11.133333333333333,3,1,19.709046755185387,0.2745061963415661,0,0,0,1,19.8,3,0,33.67309363363898,0.5765240054452269,0,0,0,1,30.73333333333333,1,0,26.449490974446725,0.6830808841432997,0,0,0,1,34.86666666666667,1,0,31.23943610923284,0.4527274438221292,0,0,0,1,31.98333333333333,1,0,18.690743794364423,0.4723074572311075,0,0,0,1,23.666666666666668,1,0,19.79285296250879,0.3131212434144629,0,0,0,1,7.4,1,0,22.61277021546285,0.2564612416640764,0,0,0,1,15.566666666666666,1,0,15.205989741652871,0.2945717341282078,0,0,0,1,11.683333333333334,1,0,-7.566454760582804,2.466767274694587,0.410127999605325,0.4520662967787093,0.1603603142502835,0.1519959262994471,0.2224421061191349,0.1982874710900445,0.2774433679701294,0.2983178901822105,0.3163163163163163,0.3131634819532908,0.2884241245136186,0.2838899803536345,0.6836836836836837,0.6868365180467091,0.7115758754863813,0.7161100196463654,0.1564058391513283,0.1483392454047081,0.1452945482796229,0.1476446071269282,3,1,0,0,1,2,2,2,737.5,768.8,1,0
87ab5c2a-0d0e-42a7-a296-c7dff4db09b5,2019-08-30 00:00:00+00:00,2019-08-30,2019,0,3c409388-ab73-4c7f-953d-3a71062240f6,5f0b5caf-708b-4300-92f2-53b51d83ec06,3c409388-ab73-4c7f-953d-3a71062240f6,5f0b5caf-708b-4300-92f2-53b51d83ec06,1541.0023125592547,1383.9203516813477,0.7404191100349118,1.0481480220514854,0,28.31916016251904,0.5966855523462087,0,0,0,1,28.666666666666668,1,0,30.2059756892666,0.4758593002951563,0,0,0,1,32.3,1,0,28.84973918344833,0.4697174735405781,0,0,0,1,30.616666666666667,1,0,20.754835475982738,0.6145780747525827,0,0,0,1,27.166666666666668,1,0,24.854058952700107,0.5039140223831438,0,0,0,1,22.916666666666668,1,0,17.239967892642724,0.5139770058215348,0,0,0,1,25.2,1,0,12.709227877957805,0.4540220456996903,0,0,0,0,0.0,19,0,31.3378929199974,0.4168566991123498,0,0,0,1,37.41666666666666,4,0,31.96394010491601,0.3511476995627911,0,0,0,1,38.46666666666667,4,0,22.1471459426376,0.4391450710674,0,0,0,1,25.48333333333333,4,0,22.0081464924506,0.4253512709136536,0,0,0,1,14.383333333333333,4,0,26.251902317715576,0.3317136331837453,0,0,0,1,34.31666666666667,4,0,12.54117368337755,0.505711626297052,0,0,0,1,2.8666666666666667,4,0,17.95234312240396,0.2327616374661888,0,0,0,1,21.48333333333333,4,0,2.946476940494421,-5.483714755603824,0.4663617492599846,0.419853218784876,0.1652576693566149,0.1839264961126144,0.2409439491849189,0.2656681818193754,0.2630385649401185,0.265769525766428,0.3127984718242598,0.2968911917098445,0.2632293080054274,0.2701086956521739,0.6872015281757402,0.7031088082901554,0.7367706919945726,0.7298913043478261,0.1661105677961226,0.1707835861447934,0.141751134009072,0.1637058870389548,1,3,0,0,2,1,3,2,356.5,817.0,0,0
687b935e-a3b5-4873-84c7-6f38ebe5380f,2019-08-30 23:30:00+00:00,2019-08-30,2019,0,08ed8274-e29f-4248-bc2e-83cc8ed18d75,a015b02d-845c-40c1-8ef4-844984f47e4d,08ed8274-e29f-4248-bc2e-83cc8ed18d75,a015b02d-845c-40c1-8ef4-844984f47e4d,1289.381664070556,1604.700181124958,0.1582632243066637,-1.6712077239740113,0,30.87304064399705,0.4706494082109722,0,0,0,1,33.31666666666667,2,0,29.221977679130987,0.3701204605477247,0,0,0,1,33.96666666666667,2,0,24.674599377821945,0.3981884905436642,0,0,0,1,35.15,2,0,16.69080488522155,0.5501909778792314,18,11,0,1,27.383333333333333,2,1,20.76787080024273,0.3942581418587038,0,0,0,1,23.03333333333333,2,0,16.083584187810093,0.4695234233231004,0,0,0,1,16.966666666666665,2,0,13.85590885371502,0.4748656984461887,0,0,0,1,8.1,2,0,28.184797548606262,0.7106827934500807,0,0,0,1,20.28333333333333,1,0,30.34581895897819,0.5434613507958962,0,0,0,1,33.85,1,0,29.801361985431413,0.4890884600625703,0,0,0,1,34.916666666666664,1,0,30.76711350604399,0.3870572504649325,0,0,0,1,29.616666666666667,1,0,23.84281571828859,0.3310530706738372,0,0,0,1,20.23333333333333,1,0,15.800228606349794,0.3350145985662128,0,0,0,1,17.516666666666666,1,0,10.533151119370032,0.4647131759406867,0,0,0,1,3.783333333333333,1,0,-11.401860078135131,3.962774073851259,0.4399952078571482,0.4563927590273466,0.174908697549947,0.1621439526666657,0.2468313514972609,0.2771627644853717,0.241913247419649,0.2334518014057528,0.278395360077332,0.293483356774496,0.2961538461538461,0.3097165991902834,0.721604639922668,0.706516643225504,0.7038461538461539,0.6902834008097166,0.1677124598791313,0.1517281949007848,0.1450607012111302,0.1773368725723969,2,2,0,0,1,1,3,3,0.0,2400.2,0,3
294ba378-4e75-45e2-ae14-bd440f6cd03c,2019-09-01 00:00:00+00:00,2019-09-01,2019,0,5f0b5caf-708b-4300-92f2-53b51d83ec06,5c0d47fe-8539-47b0-9f36-d0b3609ca89b,5f0b5caf-708b-4300-92f2-53b51d83ec06,5c0d47fe-8539-47b0-9f36-d0b3609ca89b,1397.7076279269245,1738.7399835663405,0.1395264752982014,-1.8192284774977816,0,31.778990564571604,0.4187195580249881,0,0,0,1,36.016666666666666,1,0,32.41358102217573,0.3682266961214804,0,0,0,1,36.73333333333333,1,0,23.311727759048456,0.456114025588341,0,0,0,1,34.5,1,0,22.917145110846555,0.4218877816043954,0,0,0,1,31.65,1,0,23.776969161099498,0.3317136331837453,0,0,0,0,0.0,6,0,11.35883778267879,0.505711626297052,0,0,0,0,0.0,6,0,19.61767081941385,0.2225053154987988,0,0,0,1,35.61666666666667,1,0,26.7405976257235,0.8030397149376812,0,0,0,1,23.5,4,0,18.235537821818088,0.6366138669981952,0,0,0,1,19.716666666666665,4,0,21.57255852873363,0.5143385522744776,0,0,0,1,15.8,4,0,21.386588302903988,0.5126368243766362,0,0,0,1,21.55,4,0,30.488200616545093,0.3558870580732461,0,0,0,1,25.2,4,0,23.41340751012485,0.4517470023157648,0,0,0,1,23.08333333333333,4,0,13.88623533064164,0.6030963342892431,0,0,0,1,18.83333333333333,4,0,-4.334844296770729,17.636019925873303,0.4230096013045292,0.5199529347567801,0.1748813807955431,0.1362220485888174,0.275638883817752,0.2322226229086962,0.2708821761623998,0.2476677743671728,0.2922693266832917,0.365504061156235,0.2704831932773109,0.2850170815031723,0.7077306733167082,0.634495938843765,0.729516806722689,0.7149829184968277,0.1674834764623892,0.1309294485913797,0.1631095449859202,0.1658195585100833,1,3,0,0,1,1,2,2,817.0,1200.9,0,-1
c963d0c5-35a6-429e-b9f0-ea029a207433,2019-09-01 02:30:00+00:00,2019-09-01,2019,0,171b097d-01db-4ae8-9d56-035689402ec6,0a5ad38d-2fe3-43ba-894b-1ba3d5042ea9,FR_LVA_ACES,0a5ad38d-2fe3-43ba-894b-1ba3d5042ea9,1556.091745930133,1590.3325613380875,0.4867045325950362,-0.0531944095136665,1,26.08749582426244,0.7665883713245879,0,0,0,1,25.116666666666667,4,0,27.408061700292432,0.6115397844504171,0,0,0,1,29.5,4,0,28.40416118789487,0.4695599662633798,0,0,0,1,11.233333333333333,4,0,18.00847702824978,0.605479748291186,0,0,0,1,29.45,4,0,22.669708133176705,0.397584701321522,0,0,0,1,26.8,4,0,25.258169283548483,0.3338121934306298,0,0,0,1,30.78333333333333,4,0,17.942493328635614,0.3604936627113153,0,0,0,1,17.416666666666668,4,0,27.101960705449525,0.7134530595426005,0,0,0,1,26.5,2,0,33.30836430979281,0.447640239098277,0,0,0,1,37.8,2,0,21.49001119231613,0.5471951255816636,0,0,0,1,32.28333333333333,2,0,16.252742091754747,0.5617997852132003,0,0,0,1,4.966666666666667,2,0,24.18416329161936,0.2840907671254439,0,0,0,1,26.15,2,0,8.931263716938702,0.6534333860247253,0,0,0,1,3.583333333333333,2,0,15.766986900222449,0.3564679249945958,0,0,0,1,36.7,2,0,-0.058432593683803,2.93255045581189,0.4367703528079944,0.4700044291900703,0.1525530052608916,0.1657026530975971,0.2414593851109231,0.2125094929075981,0.3027410447786593,0.217300854763898,0.2137931034482758,0.2990965287684261,0.3192153366027641,0.2990654205607476,0.7862068965517242,0.7009034712315739,0.6807846633972359,0.7009345794392523,0.1556521619879592,0.1607317679033271,0.144428396844795,0.1769336318336101,3,1,0,0,1,2,2,3,1594.9,1594.9,-3,-3
ddde9021-c425-4175-a5e2-7c003dc3a598,2019-09-01 22:00:00+00:00,2019-09-01,2019,0,3c409388-ab73-4c7f-953d-3a71062240f6,0699edf3-5993-4182-b9b4-ec935cbd4fcc,3c409388-ab73-4c7f-953d-3a71062240f6,0699edf3-5993-4182-b9b4-ec935cbd4fcc,1527.215036313678,1533.421439950282,0.5270198112751818,0.1081846370752561,1,28.56247228551848,0.5981474624584914,0,0,0,1,30.9,1,0,30.271405758194312,0.481589139775389,0,0,0,1,30.9,1,0,29.14673422984582,0.4715548081201661,0,0,0,1,32.0,1,0,25.19778491494936,0.5110672679871958,0,0,0,1,28.5,1,0,20.67581599191213,0.6116325110552158,0,0,0,1,19.916666666666668,1,0,18.188390857111816,0.4870918121402688,0,0,0,1,27.3,1,0,11.51104844358894,0.4540220456996903,0,0,0,0,0.0,21,0,33.075404263081005,0.5708122640455287,0,0,0,1,27.33333333333333,2,0,27.338879063954497,0.6863239488791388,0,0,0,1,35.88333333333333,2,0,30.80204707297265,0.4487568931355767,0,0,0,1,26.6,2,0,18.91316582449439,0.4724204177276174,0,0,0,1,21.05,2,0,19.24515273948322,0.3125674936711203,0,0,0,1,13.983333333333333,2,0,21.748937814357195,0.2537723962824618,0,0,0,1,13.45,2,0,15.25256321862588,0.3029821216735007,0,0,0,1,15.7,2,0,2.036807965760892,3.1865065520276072,0.465850370915634,0.4490095336978807,0.1650207007729048,0.1607506206747197,0.2455991856226535,0.1913781968603103,0.2780130820189481,0.3072307045076318,0.3118628359592215,0.3159793814432989,0.2602799650043744,0.2830099384761003,0.6881371640407785,0.684020618556701,0.7397200349956256,0.7169900615238997,0.165496000222984,0.1511798260652722,0.13967616826232,0.1480757555565427,2,2,0,0,1,1,3,3,0.0,586.3,0,-1
1ec24da0-902b-4f0e-bebd-4ffe908e11ce,2019-09-01 23:00:00+00:00,2019-09-01,2019,0,d6a012ed-84aa-48d3-8265-2d3f3ff2199a,5d70a9af-8c2b-4aec-9e68-9acc6ddb93e4,d6a012ed-84aa-48d3-8265-2d3f3ff2199a,5d70a9af-8c2b-4aec-9e68-9acc6ddb93e4,1500.9262850242872,1333.2247014609436,0.7519947606353679,1.1092794842732538,1,31.46328513520302,0.6382413716578461,0,0,0,1,26.73333333333333,3,0,27.496114964585384,0.4295937729680881,0,0,0,1,24.066666666666663,3,0,24.96993316212987,0.441343676603272,0,0,0,1,25.65,3,0,24.63798998777647,0.3459198032151502,0,0,0,1,27.966666666666665,3,0,19.662422669790573,0.3785746055074913,0,0,0,1,25.116666666666667,3,0,21.031140003187662,0.3277568857876919,0,0,0,1,13.816666666666666,3,0,15.995660550498366,0.3630889110060896,0,0,0,1,20.266666666666666,3,0,24.47340059871388,0.5334933760459291,0,0,0,1,22.73333333333333,2,0,26.680530010644983,0.3991857422014917,0,0,0,1,23.383333333333333,2,0,23.542091690279147,0.4520497599180476,0,0,0,1,22.73333333333333,2,0,24.307574092075985,0.3707759274310909,0,0,0,1,22.1,2,0,28.736016156226285,0.2924120339437394,0,0,0,1,31.2,2,0,14.754730182009792,0.4543327762504932,86,14,0,1,17.266666666666666,2,1,18.89113228387673,0.2611553706816164,0,0,0,1,11.033333333333331,2,0,-4.8289239636506025,-7.805414188347074,0.4465217129285969,0.3990109145426455,0.203686542613662,0.1633113859985593,0.2631105279939651,0.2322921892006803,0.2293802197195575,0.2721012798053598,0.3176767676767676,0.3142168674698795,0.2845403184386235,0.2916666666666667,0.6823232323232323,0.6857831325301205,0.7154596815613765,0.7083333333333334,0.1793755628940258,0.1565093323239088,0.1874828521781544,0.1480275063336952,4,2,0,0,0,1,2,2,0.0,2176.9,0,-3
f8921790-2401-4ca7-84d9-1b795268fc5d,2019-09-01 23:00:00+00:00,2019-09-01,2019,0,6f017f37-be96-4bdc-b6d3-0a0429c72e89,f073a15f-0486-4179-b0a3-dfd0294eb595,6f017f37-be96-4bdc-b6d3-0a0429c72e89,f073a15f-0486-4179-b0a3-dfd0294eb595,1579.7186450789245,1408.5401282148885,0.7557086450690654,1.1292943212420263,1,27.57590806760556,0.6989784357665971,0,0,0,1,25.83333333333333,3,0,31.571249098117203,0.5073625983471527,0,0,0,1,37.46666666666667,3,0,30.029470640144307,0.3892188855065806,0,0,0,1,35.416666666666664,3,0,27.619713560812368,0.4228328311397206,0,0,0,1,36.96666666666667,3,0,18.412586940590693,0.4392270643811919,0,0,0,1,33.333333333333336,3,0,19.5356873597531,0.3515564874243,0,0,0,1,10.65,3,0,14.425713740113665,0.3811620995748376,0,0,0,1,14.15,3,0,22.920157516693934,0.6561781717573688,0,0,0,1,27.516666666666666,2,0,28.85267757339194,0.4161243112302399,0,0,0,1,40.0,2,0,22.5649505777706,0.4705025207031447,0,0,0,1,15.383333333333333,2,0,17.379353957369347,0.5806581276713666,0,0,0,0,0.0,4,0,26.74560421656876,0.3170993562647579,0,0,0,1,34.6,2,0,23.60361965418629,0.3131461546600084,0,0,0,1,24.23333333333333,2,0,23.17218211320282,0.2823135111151097,0,0,0,1,20.416666666666668,2,0,4.675588837353451,-6.551840475725884,0.4918851287966524,0.4227413917186055,0.1823447155181738,0.1615623925901808,0.2466943464225354,0.2430672070135741,0.2147713478090064,0.2825709853510106,0.2599903707270101,0.2406367041198502,0.3072789447972643,0.2901578458681523,0.7400096292729899,0.7593632958801498,0.6927210552027357,0.7098421541318477,0.1812035352594863,0.1514218620235402,0.1861158310053854,0.1422979870390548,4,2,0,0,0,1,2,3,0.0,511.4,0,-1
4d2ce2fa-ce53-4aec-90aa-14fa2f420e7b,2019-09-03 23:00:00+00:00,2019-09-03,2019,0,08ed8274-e29f-4248-bc2e-83cc8ed18d75,5c0d47fe-8539-47b0-9f36-d0b3609ca89b,08ed8274-e29f-4248-bc2e-83cc8ed18d75,5c0d47fe-8539-47b0-9f36-d0b3609ca89b,1284.9292907611682,1741.412849324109,0.0770003402958538,-2.483819024547628,0,27.96244349904953,0.4706494082109722,0,0,0,0,0.0,6,0,29.078491200470395,0.3698936273977184,0,0,0,1,27.7,3,0,18.039823367975668,0.5394122723045854,0,0,0,1,31.0,3,0,23.67609362434145,0.3940968278123184,0,0,0,1,14.083333333333334,3,0,21.025445929953428,0.3981411522699491,0,0,0,1,23.5,3,0,15.981427841121786,0.4694658016065878,0,0,0,1,15.0,3,0,13.310120313631296,0.4735813574831466,0,0,0,1,8.066666666666666,3,0,27.7800950124768,0.801669186696611,0,0,0,1,37.766666666666666,1,0,19.797174619416182,0.6547638710621148,0,0,0,1,34.8,1,0,22.543049323649058,0.5195026645254754,0,0,0,1,31.866666666666667,1,0,30.90727144094452,0.3511200519931349,0,0,0,1,34.93333333333333,1,0,23.27858535690613,0.4426777557882058,0,0,0,1,21.98333333333333,1,0,19.370339123809806,0.5126368243766362,0,0,0,0,0.0,6,0,13.579563649826795,0.5925476046786351,0,0,0,1,10.633333333333333,1,0,-11.656950636598731,17.043045841530265,0.4456522397869821,0.5263023189354679,0.1732926402013374,0.1361541042393527,0.2494869884607372,0.2363367899764862,0.2315113339048126,0.2542475595916979,0.2797202797202797,0.3650278293135436,0.2929669306008384,0.2863207547169811,0.7202797202797203,0.6349721706864564,0.7070330693991617,0.7136792452830188,0.166780884183438,0.1306702874746324,0.1440912086833359,0.1629005692489958,3,2,0,0,1,1,2,2,0.0,1405.5,0,1
3e7d2ede-9813-4fb0-87ef-ac73ad8f55ba,2019-09-04 02:00:00+00:00,2019-09-04,2019,0,0699edf3-5993-4182-b9b4-ec935cbd4fcc,d6a012ed-84aa-48d3-8265-2d3f3ff2199a,0699edf3-5993-4182-b9b4-ec935cbd4fcc,d6a012ed-84aa-48d3-8265-2d3f3ff2199a,1496.143494185071,1512.38650854707,0.5125996474078449,0.0504092614740599,0,27.454630380200403,0.694830449809129,0,0,0,1,28.566666666666663,2,0,32.35808036291361,0.5811236021296746,0,0,0,1,25.466666666666665,2,0,30.303760775294776,0.4454504397685384,0,0,0,1,25.516666666666666,2,0,19.477582613220672,0.4672815247516058,0,0,0,1,24.9,2,0,18.750658958828613,0.3091610396415439,0,0,0,1,14.0,2,0,21.840171744539028,0.2486690086328189,0,0,0,1,22.716666666666665,2,0,9.394856455758813,0.4785188407361549,0,0,0,1,20.683333333333334,2,0,31.30804797963404,0.6347410848490931,0,0,0,1,29.816666666666663,2,0,27.677177541649325,0.4393885037752039,0,0,0,1,29.416666666666668,2,0,25.092184445363824,0.439663808198681,0,0,0,1,26.266666666666666,2,0,25.49860817518177,0.3622165033088721,0,0,0,1,33.766666666666666,2,0,20.413890919629136,0.3741645847835589,0,0,0,1,27.633333333333333,2,0,20.214285205937383,0.3328124876396461,0,0,0,1,12.366666666666667,2,0,16.09505981041939,0.3701689228823507,0,0,0,1,17.05,2,0,0.3158681372257677,-2.035387137974963,0.4545532618912575,0.4631666911964969,0.1613244959716369,0.1978683331608471,0.1911718252381788,0.2618745154551286,0.30478133888681,0.232411980921959,0.3148702594810379,0.3134474327628362,0.2828467153284671,0.2894082545997016,0.685129740518962,0.6865525672371638,0.7171532846715328,0.7105917454002983,0.1512408538885117,0.1779294686130961,0.1454215438265517,0.1881169128170323,1,1,0,0,1,1,3,2,1451.7,1116.6,-2,0
6273775c-4e41-4eef-9685-f74b8d213f02,2019-09-04 02:30:00+00:00,2019-09-04,2019,0,0a5ad38d-2fe3-43ba-894b-1ba3d5042ea9,5d70a9af-8c2b-4aec-9e68-9acc6ddb93e4,0a5ad38d-2fe3-43ba-894b-1ba3d5042ea9,5d70a9af-8c2b-4aec-9e68-9acc6ddb93e4,1578.1038725648762,1321.7644779381608,0.83472888548412,1.6195197403486097,1,25.64363519793937,0.7170831019638184,0,0,0,1,11.633333333333333,2,0,33.80252651592907,0.4406879561602183,0,0,0,1,38.55,2,0,22.493424603830068,0.5462874396040899,0,0,0,1,32.13333333333333,2,0,16.398611897782803,0.5643395293164913,0,0,0,1,17.8,2,0,24.908441559098986,0.2786658642545822,0,0,0,1,31.866666666666667,2,0,17.64934087997356,0.3758755679499282,0,0,0,1,35.733333333333334,2,0,8.268381938111578,0.6459110745975305,0,0,0,1,1.9,2,0,23.899251372547468,0.524526239870993,0,0,0,1,18.383333333333333,2,0,23.66068267641161,0.4487224707512419,0,0,0,1,24.8,2,0,26.490670353901475,0.397276176725919,0,0,0,1,24.666666666666668,2,0,23.66263840689856,0.3660123870194667,0,0,0,1,17.466666666666665,2,0,28.30366335739075,0.2993803632789618,0,0,0,1,24.15,2,0,15.401648409837051,0.4561607182880988,0,0,0,1,21.616666666666667,2,0,19.408916873945422,0.2706210975707621,0,0,0,1,24.383333333333333,2,0,1.9639230682564457,-9.407831908601649,0.4697713817029114,0.4129509987065334,0.15762464530496,0.1691696718530743,0.2012447683035152,0.2331488896845405,0.2176287823661716,0.2626523134008501,0.3013761467889908,0.3179055633473586,0.2974261201143947,0.2884703720716582,0.6986238532110092,0.6820944366526415,0.7025738798856054,0.7115296279283417,0.1580085967988236,0.1580648348081346,0.1769337074416851,0.1475506590596104,2,1,0,0,1,1,3,2,224.7,963.3,0,0
af6745cd-cb6a-40ab-818f-abec601b140e,2019-09-04 23:00:00+00:00,2019-09-04,2019,0,a015b02d-845c-40c1-8ef4-844984f47e4d,5f0b5caf-708b-4300-92f2-53b51d83ec06,a015b02d-845c-40c1-8ef4-844984f47e4d,5f0b5caf-708b-4300-92f2-53b51d83ec06,1609.1525544343458,1395.0347621691558,0.7984238964611566,1.3764726598486832,1,27.36445538685159,0.7126924334658961,0,0,0,1,19.48333333333333,4,0,30.88044570137648,0.5447352990360685,0,0,0,1,36.016666666666666,4,0,30.34646505744269,0.5010601406329058,0,0,0,1,35.583333333333336,4,0,31.0011909467428,0.3899432490101455,0,0,0,1,33.25,4,0,24.528567732392183,0.3262068444903723,0,0,0,1,31.116666666666667,4,0,15.562944942578309,0.335905781239832,0,0,0,1,13.283333333333331,4,0,10.12935132643188,0.4648746428314352,0,0,0,1,6.25,4,0,31.91924321623928,0.4215123207193161,0,0,0,1,33.266666666666666,2,0,32.894681237685795,0.3756857907272114,0,0,0,1,37.516666666666666,2,0,24.05226261668957,0.4534992886125307,0,0,0,1,31.166666666666668,2,0,24.357956669382386,0.43775094217666,0,0,0,1,38.2,2,0,21.535363633680944,0.3317136331837453,0,0,0,0,0.0,9,0,10.287968178307144,0.505711626297052,0,0,0,0,0.0,9,0,19.78413101137276,0.217372850501759,0,0,0,1,21.383333333333333,2,0,4.919194402024396,-4.995856311721709,0.4661323278722028,0.4302679739803991,0.1584966687420653,0.1658449164905887,0.2730306863189602,0.2746081605010523,0.2466205582131884,0.2692454400402614,0.2904545454545454,0.2933526011560693,0.3099415204678362,0.2730045754956787,0.7095454545454546,0.7066473988439307,0.6900584795321637,0.7269954245043213,0.1505626104009903,0.1644975742962554,0.1760461342297438,0.1618629908103592,4,3,0,0,0,1,1,2,0.0,1498.5,0,1
c5eeec75-63df-4a44-a81b-49e61f7e9cee,2019-09-05 23:30:00+00:00,2019-09-05,2019,0,5d70a9af-8c2b-4aec-9e68-9acc6ddb93e4,171b097d-01db-4ae8-9d56-035689402ec6,5d70a9af-8c2b-4aec-9e68-9acc6ddb93e4,FR_LVA_ACES,1317.0876908582895,1568.320434703344,0.2137781248973507,-1.3023003588119078,1,23.59449513152049,0.5190959381237973,0,0,0,1,20.666666666666668,0,0,24.322752447500857,0.4489551741098559,0,0,0,1,30.683333333333334,0,0,23.99322702174289,0.397276176725919,0,0,0,0,0.0,3,0,29.04338722500779,0.2985831413769739,0,0,0,1,36.15,0,0,23.95841736177532,0.3537937262678189,0,0,0,1,26.8,0,0,15.772313257693122,0.4624550317017035,0,0,0,1,19.33333333333333,0,0,20.69651947880357,0.2652395411666008,0,0,0,1,33.06666666666667,0,0,25.97240052472453,0.7484705083033281,0,0,0,1,24.866666666666667,3,0,27.251745718764504,0.6171109333054002,0,0,0,1,25.75,3,0,28.571895018410533,0.4640010622319364,0,0,0,1,30.183333333333334,3,0,19.4893875884074,0.6146591446043552,0,0,0,1,33.71666666666667,3,0,25.111270793039,0.3504266933693855,0,0,0,1,23.7,3,0,22.29074477965224,0.3913566782268687,0,0,0,1,18.65,3,0,18.80111568530388,0.3622248082486571,0,0,0,1,27.05,3,0,-10.175211765487608,0.639233493356551,0.405869605134277,0.445632222585484,0.1690924120656974,0.1565757556138259,0.2347375506181667,0.2452106984793513,0.2557264792384492,0.320612693685472,0.3176683235427022,0.2147321428571428,0.287561301827909,0.3206896551724137,0.6823316764572978,0.7852678571428572,0.7124386981720909,0.6793103448275862,0.1577631776645586,0.1563309037320269,0.1493949335039407,0.1423379769836462,1,4,0,0,2,0,3,1,1933.6,1744.0,3,3
47f82a81-cc59-40ac-a029-66ce6c02490f,2019-09-06 02:00:00+00:00,2019-09-06,2019,0,0a5ad38d-2fe3-43ba-894b-1ba3d5042ea9,d6a012ed-84aa-48d3-8265-2d3f3ff2199a,0a5ad38d-2fe3-43ba-894b-1ba3d5042ea9,d6a012ed-84aa-48d3-8265-2d3f3ff2199a,1582.7806596447474,1532.7478512548537,0.6063329043751219,0.4319235652101194,1,23.226047236524543,0.7170831019638184,0,0,0,0,0.0,4,0,34.386801606828875,0.4369183909546067,0,0,0,1,40.0,1,0,23.24039883266439,0.5691481841732037,0,0,0,1,30.416666666666668,1,0,17.407499555349666,0.5713449703553134,0,0,0,1,27.1,1,0,25.27218088468546,0.2744831749014256,0,0,0,1,28.766666666666666,1,0,17.523701238413008,0.3699684173776801,0,0,0,1,16.316666666666666,1,0,8.785168802891203,0.6527076616087065,0,0,0,1,13.75,1,0,31.60897351995956,0.6398860655158496,0,0,0,1,34.5,1,0,27.8930221870636,0.4473337883000244,0,0,0,1,29.966666666666665,1,0,25.44960007075156,0.4420191423234518,0,0,0,1,28.883333333333333,1,0,25.894700001417213,0.3614350202740788,0,0,0,1,29.7,1,0,21.06937314025461,0.380025416067373,0,0,0,1,27.366666666666667,1,0,19.4995808419966,0.3338152216698396,0,0,0,1,12.633333333333333,1,0,15.779699828674978,0.3590138911881886,0,0,0,1,12.75,1,0,3.4330873741636614,-0.7837616812942045,0.4661932930883196,0.4685502073889885,0.1657173490146524,0.1933202166504025,0.2189351684147259,0.2607550296493774,0.2199664074833372,0.216871053664341,0.3000890471950133,0.3133553563001415,0.2978821362799263,0.2884057971014492,0.6999109528049866,0.6866446436998584,0.7021178637200737,0.7115942028985507,0.1595344060253337,0.176627369133574,0.176034923166331,0.1882605583392985,1,1,0,0,1,2,3,2,0.0,358.3,0,0
1d4cf5ef-0d4c-4e9c-a402-59fd15f5f889,2019-09-06 23:00:00+00:00,2019-09-06,2019,0,08ed8274-e29f-4248-bc2e-83cc8ed18d75,f073a15f-0486-4179-b0a3-dfd0294eb595,08ed8274-e29f-4248-bc2e-83cc8ed18d75,f073a15f-0486-4179-b0a3-dfd0294eb595,1282.029061262103,1402.3463218650163,0.3661683323963727,-0.548690258423244,0,27.343760372483995,0.4670531729286052,0,0,0,1,21.4,2,0,28.00105492709786,0.3667711828668699,0,0,0,1,17.65,2,0,17.830232300409115,0.5341444791753394,0,0,0,1,15.816666666666666,2,0,23.25096137450232,0.3810681828938302,0,0,0,1,19.166666666666668,2,0,20.741789245972008,0.4006701528559113,0,0,0,1,18.016666666666666,2,0,16.233011045908178,0.4632275315963609,0,0,0,1,18.65,2,0,15.235327649405694,0.4154060866999799,0,0,0,1,24.166666666666668,2,0,24.123422965042213,0.6486170255208255,0,0,0,1,35.68333333333333,4,0,29.575210382227265,0.4168286056333469,0,0,0,1,36.516666666666666,4,0,22.66881633365322,0.464113656469772,0,0,0,1,23.666666666666668,4,0,15.740892148807992,0.5806581276713666,78,4,2,0,0.0,9,1,27.59136311202365,0.3136290272130123,0,0,0,1,35.71666666666667,4,0,23.356588661276863,0.3114858705436585,0,0,0,1,20.98333333333333,4,0,22.92497239193733,0.2957154546375093,0,0,0,1,20.55,4,0,-12.190449681486776,-7.170142555497568,0.4492553614150698,0.4331160776126289,0.173314549737293,0.1687663829628221,0.2394343173371249,0.2382817859633612,0.2431381869886022,0.2729318789732887,0.2800181241504304,0.2389622212107419,0.2953929539295393,0.2886690647482014,0.7199818758495695,0.761037778789258,0.7046070460704607,0.7113309352517986,0.1666825088603126,0.1535596659208716,0.1462583648925629,0.1423413414803499,2,4,0,0,1,0,2,1,0.0,656.6,0,0
dfcd2c53-a781-45e8-a76a-a887ca86864e,2019-09-06 23:00:00+00:00,2019-09-06,2019,0,5c0d47fe-8539-47b0-9f36-d0b3609ca89b,5f0b5caf-708b-4300-92f2-53b51d83ec06,5c0d47fe-8539-47b0-9f36-d0b3609ca89b,5f0b5caf-708b-4300-92f2-53b51d83ec06,1744.3130788231742,1380.1444885424178,0.9038048468710588,2.240234486604941,1,28.45918992680096,0.8056081734191151,0,0,0,1,34.983333333333334,2,0,21.059172612546067,0.6536108820996448,0,0,0,1,33.18333333333333,2,0,23.32776946681816,0.5205472416906379,0,0,0,1,30.866666666666667,2,0,31.5712340830762,0.3533917769738376,0,0,0,1,37.95,2,0,24.210797430250903,0.4518419208661814,0,0,0,1,33.166666666666664,2,0,17.54417452925153,0.5126368243766362,106,2,1,0,0.0,9,1,12.299332148026076,0.5925476046786351,0,0,0,0,0.0,4,0,32.10441043553438,0.4194986365920497,0,0,0,1,33.88333333333333,1,0,33.426272695754086,0.3849503159471352,0,0,0,1,38.53333333333333,1,0,24.38201648055524,0.4506487309367165,0,0,0,1,27.55,1,0,23.89682377090376,0.4318682286336642,0,0,0,1,19.466666666666665,1,0,19.505088461553186,0.3317136331837453,0,0,0,0,0.0,11,0,9.318056236286814,0.505711626297052,0,0,0,0,0.0,11,0,20.2837203886114,0.211493236539149,0,0,0,1,25.08333333333333,1,0,17.068763566571626,-7.788729242895576,0.5315617348721612,0.4352165998125656,0.146178405383456,0.1672710499037454,0.2517663577123097,0.2600322696541153,0.2541988926097215,0.2747455937635062,0.3652721547458389,0.2942830365510778,0.2864344637946838,0.2768472906403941,0.634727845254161,0.7057169634489222,0.7135655362053163,0.723152709359606,0.1333709688801072,0.1647731282196034,0.1629155221705252,0.1623282927392358,2,1,0,0,1,1,2,2,227.7,316.7,0,0
977a75e6-d589-4927-81fe-bdd6faed8416,2019-09-06 23:30:00+00:00,2019-09-06,2019,0,a015b02d-845c-40c1-8ef4-844984f47e4d,3c409388-ab73-4c7f-953d-3a71062240f6,a015b02d-845c-40c1-8ef4-844984f47e4d,3c409388-ab73-4c7f-953d-3a71062240f6,1624.0428280610838,1564.492982078889,0.6193306240458827,0.48670803743386,0,27.592498336238734,0.7170266589307879,0,0,0,1,29.78333333333333,1,0,30.123364706323045,0.5478450601526811,0,0,0,1,22.85,1,0,29.713575597179933,0.5067843346001023,0,0,0,1,23.633333333333333,1,0,30.57526388557314,0.3905489304711375,0,0,0,1,26.48333333333333,1,0,24.656290069030224,0.3268162808751925,0,0,0,1,25.883333333333333,1,0,15.791130291116872,0.3200940613910674,0,0,0,1,17.983333333333334,1,0,9.174393199992346,0.4648746428314352,0,0,0,0,0.0,6,0,28.39788412886565,0.6072383550392606,0,0,0,1,26.816666666666663,4,0,29.929992893098163,0.4835133917856835,0,0,0,1,26.65,4,0,28.710228425778748,0.4683063570658458,0,0,0,1,24.516666666666666,4,0,20.891788999246547,0.6192297798907701,0,0,0,1,22.966666666666665,4,0,24.143670057069297,0.5193858715224429,0,0,0,1,14.016666666666667,4,0,18.794425145537616,0.5019380912093462,0,0,0,1,24.616666666666667,4,0,14.947545562353652,0.3406770211983818,0,0,0,1,15.25,4,0,7.719294737135058,4.415011427428492,0.4842897456362108,0.4750367295046125,0.1624377761227087,0.1574681798648577,0.2887719413931789,0.2577986202434161,0.2637742195545563,0.2828306821587243,0.2934158197083517,0.310683951721055,0.3104265402843602,0.2608510638297872,0.7065841802916483,0.689316048278945,0.6895734597156398,0.7391489361702127,0.1513435532365273,0.1624208114301119,0.1759943681802182,0.1400514071047255,1,4,0,0,1,0,2,1,0.0,800.9,0,1
89facc09-3afb-4b7a-a9ee-23ee02bfe462,2019-09-07 02:00:00+00:00,2019-09-07,2019,0,0699edf3-5993-4182-b9b4-ec935cbd4fcc,6f017f37-be96-4bdc-b6d3-0a0429c72e89,0699edf3-5993-4182-b9b4-ec935cbd4fcc,6f017f37-be96-4bdc-b6d3-0a0429c72e89,1475.7821514772872,1585.9124514287964,0.3798819305660156,-0.4900493990761419,0,27.3772015040709,0.6988043503249859,0,0,0,1,26.633333333333333,2,0,31.26057053684348,0.5770249559228396,0,0,0,1,20.716666666666665,2,0,29.67646859053544,0.4374537163538229,0,0,0,1,23.65,2,0,20.18048347127464,0.4697867066047126,0,0,0,1,26.933333333333334,2,0,18.620181236836583,0.3044480275106426,0,0,0,1,17.366666666666667,2,0,21.886665212056343,0.2491359460183144,0,0,0,1,22.33333333333333,2,0,10.193547679494824,0.4657789832695544,0,0,0,1,17.866666666666667,2,0,27.716451325792107,0.6959809451125276,0,0,0,1,29.066666666666663,5,0,31.97463405467422,0.5113222566639835,0,0,0,1,35.85,5,0,30.512215385220586,0.3894890194694655,0,0,0,1,35.15,5,0,26.87307198621953,0.4167154011442766,0,0,0,1,19.7,5,0,19.56157158593401,0.4373148439491905,0,0,0,1,30.6,5,0,17.976763346597945,0.3486423382247828,0,0,0,1,3.0,5,0,14.09489364010362,0.4030173218932453,0,0,0,1,10.916666666666666,5,0,-0.7736473688357681,5.47077704650973,0.4580388618335441,0.4899565595262146,0.1657256758705559,0.1809721010352085,0.1920041132059612,0.2574811397441532,0.3048099429753072,0.2174191736523796,0.3131362094037809,0.2594317652538426,0.2837599293909973,0.3036053130929791,0.686863790596219,0.7405682347461574,0.7162400706090026,0.6963946869070209,0.1525059246905994,0.1800258071677327,0.1451353673067864,0.1872371344334679,2,4,0,0,1,0,2,1,0.0,1278.1,0,-2
11ac5679-edaf-4388-85dd-f79ad71d6668,2019-09-08 20:00:00+00:00,2019-09-08,2019,0,5c0d47fe-8539-47b0-9f36-d0b3609ca89b,3c409388-ab73-4c7f-953d-3a71062240f6,5c0d47fe-8539-47b0-9f36-d0b3609ca89b,3c409388-ab73-4c7f-953d-3a71062240f6,1747.4429632031563,1576.868303508517,0.7550663446938618,1.1258182399506491,1,28.88570958951344,0.7992712094000153,0,0,0,1,32.983333333333334,1,0,22.18176751976788,0.67237284566861,0,0,0,1,32.96666666666667,1,0,23.64411973248164,0.5259251246986589,0,0,0,1,26.683333333333334,1,0,32.072039335456886,0.3451290408840937,0,0,0,1,36.88333333333333,1,0,24.88228401634228,0.4378291976863517,0,0,0,1,31.33333333333333,1,0,17.184902385228213,0.5167400419531993,108,4,0,1,13.733333333333333,1,1,11.139796181109045,0.5925476046786351,0,0,0,0,0.0,6,0,29.221430270871632,0.6120509406749471,0,0,0,1,37.13333333333333,1,0,30.36555023421157,0.4906639196424116,0,0,0,1,34.55,1,0,25.377715546774777,0.5221037087676879,0,0,0,1,37.23333333333333,1,0,28.1247508457122,0.4660386418303211,0,0,0,1,22.5,1,0,20.57987992211893,0.6168729641758504,0,0,0,1,17.583333333333332,1,0,20.33951135619825,0.5104931912276474,0,0,0,1,35.18333333333333,1,0,15.258888865670352,0.3525764825354128,0,0,0,1,18.25,1,0,17.08738747342623,4.652006911711641,0.5306356957184201,0.4841241991560561,0.1446345638750201,0.1628457398108764,0.2563136487663986,0.2523495781162649,0.2520951317674274,0.2855512737288035,0.3643106457242583,0.3102852203975799,0.2858414959928762,0.2619926199261992,0.6356893542757417,0.68971477960242,0.7141585040071238,0.7380073800738007,0.1328657918527244,0.1637873883710954,0.1628919268176562,0.1405777969586961,1,1,0,0,1,1,2,2,0.0,316.7,0,0
1b9746ba-eccf-46e6-a5cd-bfc44bb31c92,2019-09-08 20:00:00+00:00,2019-09-08,2019,0,f073a15f-0486-4179-b0a3-dfd0294eb595,a015b02d-845c-40c1-8ef4-844984f47e4d,f073a15f-0486-4179-b0a3-dfd0294eb595,a015b02d-845c-40c1-8ef4-844984f47e4d,1409.604452827766,1611.6675066314558,0.2651721784211511,-1.0192568705209477,1,24.734010916010565,0.6419641213747403,0,0,0,1,30.6,1,0,29.72524704920839,0.4219491230027974,0,0,0,1,31.166666666666668,1,0,23.01743611315021,0.4628598084201913,0,0,0,1,26.366666666666667,1,0,15.619191567187883,0.5801481793245523,80,6,0,1,14.45,1,1,27.26849528014697,0.3181283980449229,0,0,0,1,24.166666666666668,1,0,23.381107862630564,0.319368048449298,0,0,0,1,23.616666666666667,1,0,22.620933811975416,0.2978800832751371,0,0,0,1,19.7,1,0,28.4275511368745,0.7081188326076351,0,0,0,1,36.45,1,0,30.61611273003985,0.5390437558667306,0,0,0,1,35.35,1,0,30.757191794030746,0.5196192187476544,0,0,0,1,40.78333333333333,1,0,30.58702354937526,0.3896820458843145,0,0,0,1,30.7,1,0,24.933812254792,0.329982875024721,0,0,0,1,27.6,1,0,15.942808631947168,0.3238192319085722,0,0,0,1,17.4,1,0,10.654789836298727,0.3764373891130316,0,0,0,1,9.65,1,0,-5.84749250466842,6.33832133095697,0.4367659773057818,0.4852412085155148,0.1701303445711341,0.1633348005029599,0.2434105261840619,0.2861414076089956,0.2843802615267203,0.2622108154395303,0.2394179894179894,0.2933673469387755,0.2888212266202696,0.3100137174211248,0.7605820105820106,0.7066326530612245,0.7111787733797303,0.6899862825788752,0.1538110206603799,0.1514542199621202,0.1440177252584933,0.1769155685700341,1,1,0,0,1,2,2,2,656.6,746.3,0,0
35d03e56-850f-45b2-a060-c53055190aee,2019-09-08 20:00:00+00:00,2019-09-08,2019,0,5f0b5caf-708b-4300-92f2-53b51d83ec06,d6a012ed-84aa-48d3-8265-2d3f3ff2199a,5f0b5caf-708b-4300-92f2-53b51d83ec06,d6a012ed-84aa-48d3-8265-2d3f3ff2199a,1377.0146041624355,1496.1055320461194,0.3678082703723999,-0.5416309198273694,0,33.793044783901514,0.3948674418345724,0,0,0,1,37.31666666666667,1,0,31.16908763978361,0.4166377667998294,0,0,0,1,22.183333333333334,1,0,25.20391602177613,0.4507407227199665,0,0,0,1,33.1,1,0,24.973444713798145,0.4240912824425469,0,0,0,1,35.31666666666667,1,0,17.6662201931896,0.3317136331837453,0,0,0,0,0.0,13,0,8.43958403814684,0.505711626297052,8,1,2,0,0.0,13,1,10.533852307699998,0.3826750361791567,0,0,0,1,10.45,1,0,31.21059564702525,0.6345103933639402,0,0,0,1,27.383333333333333,1,0,27.30288165908584,0.4426912861128709,0,0,0,1,21.633333333333333,1,0,25.198234212652736,0.4449492542273568,0,0,0,1,22.78333333333333,1,0,25.44738707111656,0.3658307439427279,0,0,0,1,21.15,1,0,21.026693632760733,0.3802237022798694,0,0,0,1,20.616666666666667,1,0,19.274928425172902,0.3329344353941599,0,0,0,1,17.116666666666667,1,0,15.90260161863697,0.3433138597296158,0,0,0,1,17.083333333333332,1,0,-8.682240781291535,-4.569382842495431,0.4361684042881942,0.4640003982112537,0.1685627326844389,0.192374082049299,0.261229108026011,0.2526703596830941,0.2768318730954983,0.2114548061671634,0.2934485896269336,0.3176416819012797,0.2787041448308718,0.2862470862470862,0.7065514103730665,0.6823583180987203,0.7212958551691282,0.7137529137529137,0.1646944421617772,0.1763909589378256,0.1609404520327479,0.1850157991019458,1,2,0,0,2,1,2,3,1200.9,1221.9,-1,2
4f683af4-2d4b-487d-bf92-57cd60d82045,2019-09-08 20:00:00+00:00,2019-09-08,2019,0,5d70a9af-8c2b-4aec-9e68-9acc6ddb93e4,08ed8274-e29f-4248-bc2e-83cc8ed18d75,5d70a9af-8c2b-4aec-9e68-9acc6ddb93e4,08ed8274-e29f-4248-bc2e-83cc8ed18d75,1329.5147130620824,1274.7709302993535,0.6127869142800474,0.4590421136210377,0,25.258656970695576,0.4621825208184494,0,0,0,1,34.25,2,0,21.370092586977645,0.5190959381237973,2,2,1,0,0.0,3,1,29.7809373442069,0.2995115916947141,0,0,0,1,36.86666666666667,2,0,24.91609988373419,0.3567217068516315,0,0,0,1,34.11666666666667,2,0,21.73123349564875,0.397276176725919,0,0,0,0,0.0,6,0,16.690975191208658,0.4583951391431604,0,0,0,1,25.516666666666666,2,0,21.091236947417745,0.2684032059226924,0,0,0,1,24.883333333333333,2,0,27.674315796778888,0.4718604375611177,0,0,0,1,30.85,1,0,26.99062740779814,0.3717050645578006,0,0,0,1,17.283333333333335,1,0,17.577549820205025,0.5281754179970147,0,0,0,1,15.15,1,0,22.458949519453785,0.3800868078141816,0,0,0,1,14.85,1,0,20.5398692039428,0.3933114041642047,0,0,0,1,18.6,1,0,16.40588137883518,0.4730060881978076,0,0,0,1,18.066666666666663,1,0,16.476444719785988,0.4262626541827023,0,0,0,1,28.4,1,0,-8.675219261506621,-11.687854038532388,0.4101609964119933,0.4534108710942021,0.1701397669078574,0.1772381023952532,0.2448597851327784,0.2437974231737059,0.25911478841485,0.2327861877399455,0.3172866520787746,0.2804557405784399,0.2847282139775668,0.2940919037199124,0.6827133479212254,0.7195442594215601,0.7152717860224331,0.7059080962800875,0.1577026330058056,0.1675361023875537,0.1477260736519995,0.1467421277936812,2,1,0,0,1,1,3,2,0.0,768.8,0,0
6ce30c91-3e9c-4418-8aa6-24fdfb47fe35,2019-09-08 20:00:00+00:00,2019-09-08,2019,0,0a5ad38d-2fe3-43ba-894b-1ba3d5042ea9,6f017f37-be96-4bdc-b6d3-0a0429c72e89,0a5ad38d-2fe3-43ba-894b-1ba3d5042ea9,6f017f37-be96-4bdc-b6d3-0a0429c72e89,1619.4229788534817,1602.0357037681797,0.560699339187658,0.2440007693601368,1,22.670503762190545,0.7243860099520115,0,0,0,1,17.333333333333332,1,0,33.72025519151066,0.437766930130188,0,0,0,1,27.316666666666663,1,0,23.3937174049796,0.5760945611010144,0,0,0,1,24.866666666666667,1,0,17.09568061682254,0.5821382558557037,0,0,0,1,14.1,1,0,25.233950490121764,0.2787209061093957,0,0,0,1,24.866666666666667,1,0,17.90014338770966,0.3672499864000141,0,0,0,1,21.516666666666666,1,0,9.649195505794452,0.6748012791430791,0,0,0,1,17.95,1,0,28.05586643599063,0.6952815837763462,0,0,0,1,31.316666666666663,0,0,32.437408235896605,0.5066419553353709,0,0,0,1,36.88333333333333,0,0,31.120717401222453,0.4006591674919221,0,0,0,1,36.96666666666667,0,0,25.551028143595293,0.4125583455188233,0,0,0,1,12.85,0,0,20.97148315073036,0.4460807586467728,0,0,0,1,34.516666666666666,0,0,16.558523888044988,0.3457854396483337,0,0,0,1,2.9333333333333336,0,0,13.583140291504158,0.4042450711313439,0,0,0,1,8.666666666666666,0,0,6.968939816869669,6.317383318399764,0.4756655545883297,0.4978582299449292,0.1592649743614273,0.1823781651620252,0.2297202082181855,0.2506653420597906,0.2256261546068819,0.2309229920546811,0.2977165015079707,0.2590579710144927,0.3025435073627844,0.3036866359447004,0.7022834984920293,0.7409420289855072,0.6974564926372155,0.6963133640552995,0.1573057572579681,0.1801589439655172,0.1758253293444601,0.1873192979598485,2,1,0,0,1,1,2,2,0.0,358.3,0,0
d29ed648-b22a-4599-a9d2-b5aff367170c,2019-09-08 20:00:00+00:00,2019-09-08,2019,0,0699edf3-5993-4182-b9b4-ec935cbd4fcc,171b097d-01db-4ae8-9d56-035689402ec6,0699edf3-5993-4182-b9b4-ec935cbd4fcc,FR_LVA_ACES,1459.6588991379042,1555.8934124995512,0.3988980169593041,-0.410058821433034,0,26.94410844607909,0.7040731759386478,0,0,0,1,22.78333333333333,0,0,31.06945004162866,0.5668010152895068,0,0,0,1,29.23333333333333,0,0,29.69282849595488,0.4337550485024246,0,0,0,1,29.85,0,0,20.006340924715108,0.4618743769993727,0,0,0,1,18.33333333333333,0,0,18.23017437499676,0.2997733169094829,0,0,0,1,14.483333333333333,0,0,21.59252318169506,0.2474171231339212,0,0,0,1,18.766666666666666,0,0,15.08795582727198,0.3013883662686936,0,0,0,1,20.53333333333333,0,0,24.78083558279789,0.7547740349302775,0,0,0,1,13.333333333333334,2,0,26.75663037618167,0.6040765514916241,0,0,0,1,22.0,2,0,28.43941523853565,0.4608318381019855,0,0,0,1,27.166666666666668,2,0,21.080515617101103,0.6165681463135878,0,0,0,1,36.36666666666667,2,0,23.09610872619438,0.3979470135894452,0,0,0,1,30.83333333333333,2,0,24.70324870804297,0.34508561891647,0,0,0,1,20.78333333333333,2,0,19.427948135226607,0.3619320379112832,0,0,0,1,25.45,2,0,-2.06308181521416,0.0382580785310833,0.4581933390325446,0.4407016749437235,0.1691570147165075,0.1519009936147325,0.1877668359866588,0.2435195722834512,0.2973617832993017,0.3192979133600626,0.3129411764705882,0.2142548596112311,0.2827675118177911,0.3202341137123746,0.6870588235294117,0.7857451403887689,0.7172324881822089,0.6797658862876255,0.1536289063608753,0.1544918505548832,0.1462853607027078,0.1427621543395783,1,2,0,0,1,1,3,1,0.0,1588.0,0,-3
09d647e8-6ce1-4551-b2be-356eeaa68397,2019-09-12 00:00:00+00:00,2019-09-12,2019,1,3c409388-ab73-4c7f-953d-3a71062240f6,0699edf3-5993-4182-b9b4-ec935cbd4fcc,3c409388-ab73-4c7f-953d-3a71062240f6,0699edf3-5993-4182-b9b4-ec935cbd4fcc,1567.2668804982293,1447.582374859277,0.696961637773237,0.8328709646786613,1,29.15341646844476,0.6030572687758462,0,0,0,1,28.5,3,0,30.61234523254865,0.4854805013636938,0,0,0,1,32.983333333333334,3,0,24.9021496756392,0.5194865967964892,0,0,0,1,20.33333333333333,3,0,27.49705106628933,0.4695431328305045,0,0,0,1,21.466666666666665,3,0,20.440362265732144,0.6110425822327951,0,0,0,1,19.1,3,0,19.411878280102204,0.5020728780385065,0,0,0,1,10.5,3,0,15.9651233740068,0.3658434833318066,0,0,0,1,22.75,3,0,27.32805431218799,0.7067420533488014,0,0,0,1,31.016666666666666,3,0,30.919916770320786,0.5662489115211711,0,0,0,1,29.48333333333333,3,0,29.173413480267183,0.427075818785168,0,0,0,1,24.183333333333334,3,0,20.846373785881287,0.459658545324973,0,0,0,1,28.916666666666668,3,0,22.107034098489525,0.2547112389760355,0,0,0,1,27.05,3,0,17.97749735578829,0.3069402445116455,0,0,0,1,15.55,3,0,14.825117567682687,0.3036366023415441,0,0,0,1,12.3,3,0,2.889616891216079,-2.1876165144345547,0.4899061994745034,0.464531573831208,0.1641459136997876,0.170230996954153,0.2403435265339261,0.1852707273196723,0.2843422739049032,0.3204605318387574,0.3088235294117647,0.3141025641025641,0.2648691514670896,0.2794668887963348,0.6911764705882353,0.6858974358974359,0.7351308485329104,0.7205331112036651,0.1639251061249242,0.1541340966640977,0.1399138991389913,0.1464691178002291,2,2,0,0,1,1,2,2,596.5,1451.7,-1,2
2275b970-422c-48aa-967f-6d9373b3d3f8,2019-09-12 02:00:00+00:00,2019-09-12,2019,1,d6a012ed-84aa-48d3-8265-2d3f3ff2199a,6f017f37-be96-4bdc-b6d3-0a0429c72e89,d6a012ed-84aa-48d3-8265-2d3f3ff2199a,6f017f37-be96-4bdc-b6d3-0a0429c72e89,1511.6122721200616,1588.4391396644871,0.4259634730393151,-0.2983394315609282,1,32.32325581395349,0.7705590330239587,0,0,0,0,0.0,0,0,30.750785227666643,0.642005634883294,0,0,0,1,26.33333333333333,3,0,26.90507810447253,0.4385976913644869,0,0,0,1,23.08333333333333,3,0,24.70659246652357,0.4440749238444302,0,0,0,1,19.98333333333333,3,0,25.270079642840923,0.3681754517164803,0,0,0,1,23.566666666666663,3,0,21.21744354313556,0.3910144998759076,0,0,0,1,23.05,3,0,18.69906388886403,0.333682827502601,0,0,0,1,13.166666666666666,3,0,28.48427069750083,0.6870234209133742,0,0,0,1,32.6,3,0,32.86912394113822,0.5130394237157957,0,0,0,1,37.016666666666666,3,0,31.577777777777776,0.5190007037297678,0,0,0,0,0.0,0,0,31.109336606975617,0.3955174727756175,0,0,0,1,31.0,3,0,25.12511643090983,0.4100527520313202,0,0,0,1,21.03333333333333,3,0,21.70324194447869,0.4450796517062956,0,0,0,1,28.73333333333333,3,0,13.000216481478946,0.4042654908070349,0,0,0,1,7.4,3,0,-2.5534195000146127,4.157932070912633,0.4696389834162384,0.4902037868663695,0.1952920270297675,0.1853693296986954,0.2524186079570746,0.2608763193016746,0.2139663684717691,0.2222463540454526,0.3185250999555753,0.2605263157894736,0.285262206148282,0.3030844881537773,0.6814749000444247,0.7394736842105263,0.7147377938517179,0.6969155118462226,0.1772367006093756,0.1802154750244858,0.1845204484956037,0.1868504800010564,2,2,0,0,1,1,2,2,1669.6,963.3,-2,0
a10b53c1-5508-4c7d-bf90-c8ce8f448e06,2019-09-15 19:00:00+00:00,2019-09-15,2019,1,0a5ad38d-2fe3-43ba-894b-1ba3d5042ea9,d6a012ed-84aa-48d3-8265-2d3f3ff2199a,0a5ad38d-2fe3-43ba-894b-1ba3d5042ea9,d6a012ed-84aa-48d3-8265-2d3f3ff2199a,1633.019542957174,1530.719971299152,0.6754183688121359,0.7327952401107232,1,22.728279088588604,0.7226254077772999,0,0,0,1,23.28333333333333,6,0,33.09140797363038,0.4425708027269626,0,0,0,1,27.05,6,0,23.386453343705693,0.5796548659296292,0,0,0,1,23.316666666666663,6,0,17.174651445554563,0.5851624947071735,0,0,0,1,17.933333333333334,6,0,18.29294793520886,0.3751827371121204,0,0,0,1,22.066666666666663,6,0,24.79550734566834,0.2740105925687079,0,0,0,1,20.58333333333333,6,0,8.739504710706973,0.6748012791430791,0,0,0,0,0.0,8,0,30.376748400859675,0.6379034152678822,0,0,0,1,26.78333333333333,2,0,26.841748468899645,0.4333878194818251,0,0,0,1,26.23333333333333,2,0,25.43661255489099,0.4522388098459334,0,0,0,1,32.45,2,0,25.973687853449423,0.3776755935704828,0,0,0,1,32.733333333333334,2,0,21.62590109025849,0.4012358164885011,0,0,0,1,25.55,2,0,18.29847771511337,0.3315090275056884,0,0,0,1,14.45,2,0,16.21735146550724,0.3431233022882976,0,0,0,1,17.1,2,0,7.875805203757915,-1.099937497639596,0.4828846001440064,0.4746439528029803,0.1617735386463568,0.1906906204405187,0.2293512335864765,0.2407861950093527,0.208576275970115,0.2195061312095174,0.2973199329983249,0.3167889512300388,0.3026372676178123,0.2848378615249781,0.7026800670016751,0.6832110487699612,0.6973627323821876,0.7151621384750219,0.1576451433666283,0.1761949632765809,0.1760092683361554,0.1854144942648592,6,3,0,0,0,1,1,2,1.4,962.9,0,0
941e80e8-c1f9-44b8-a57c-8d39d7499b4e,2019-09-15 21:00:00+00:00,2019-09-15,2019,1,171b097d-01db-4ae8-9d56-035689402ec6,3c409388-ab73-4c7f-953d-3a71062240f6,FR_LVA_ACES,3c409388-ab73-4c7f-953d-3a71062240f6,1567.9699367781784,1590.4435142388083,0.5036357502168091,0.0145432571943942,1,24.71350635428842,0.762775980385701,0,0,0,1,24.066666666666663,6,0,26.752862744086173,0.6019194843088177,0,0,0,1,26.716666666666665,6,0,21.60715746892248,0.6194445558540522,0,0,0,1,26.666666666666668,6,0,28.24871791506443,0.4624008300639619,0,0,0,1,26.416666666666668,6,0,22.44125504786427,0.4029371809744491,0,0,0,1,16.15,6,0,25.04076596814047,0.3394240529356158,0,0,0,1,28.28333333333333,6,0,20.503206059362785,0.3565825658373801,0,0,0,1,30.83333333333333,6,0,29.121668931073263,0.6018992175200734,0,0,0,1,28.816666666666663,2,0,30.73688315024161,0.4940500552025558,0,0,0,1,31.933333333333334,2,0,27.8335813450793,0.4767260397435013,0,0,0,1,31.066666666666663,2,0,24.79981431504948,0.5288937174879171,0,0,0,1,23.816666666666663,2,0,20.35013708479216,0.6159190528949203,0,0,0,1,19.48333333333333,2,0,20.175968031103945,0.5170813645409035,0,0,0,1,27.516666666666666,2,0,15.555166809531736,0.3669331378959585,0,0,0,1,11.616666666666667,2,0,0.3536857401574231,5.516062362788241,0.4494771150877526,0.4994283819777068,0.1535269307220525,0.1614569599133139,0.2509731605337382,0.2392336962740955,0.3172237758937284,0.2783497821680152,0.213059857681038,0.3064713064713065,0.3210934312525499,0.2636258214147661,0.7869401423189619,0.6935286935286935,0.67890656874745,0.7363741785852339,0.1544153429580364,0.1627556274827129,0.1435306642332991,0.140573780298136,6,3,0,0,0,1,1,2,0.0,1525.6,0,-2
4ff77d47-fbe6-40fe-94f4-d7a92e036cc2,2019-09-17 22:30:00+00:00,2019-09-17,2019,1,a015b02d-845c-40c1-8ef4-844984f47e4d,0a5ad38d-2fe3-43ba-894b-1ba3d5042ea9,a015b02d-845c-40c1-8ef4-844984f47e4d,0a5ad38d-2fe3-43ba-894b-1ba3d5042ea9,1558.4587797798813,1653.443863573507,0.400623821294881,-0.4028665266878549,1,26.767261479951635,0.7127682163427101,0,0,0,1,10.816666666666666,8,0,29.13445520983632,0.5373402901407988,0,0,0,1,14.9,8,0,29.84203332140205,0.5179157456553855,0,0,0,1,21.05,8,0,29.36108328475954,0.3846348308883688,0,0,0,1,17.583333333333332,8,0,23.846446698342163,0.3326841946293751,0,0,0,1,13.4,8,0,16.94752958336551,0.3243883025223008,0,0,0,1,26.6,8,0,12.158045823074396,0.3644643993664198,0,0,0,1,26.6,8,0,23.19542344615672,0.7198627799777061,0,0,0,1,27.683333333333334,1,0,32.971230034198406,0.4493594961644171,0,0,0,1,31.816666666666663,1,0,23.668988207768606,0.5886271367709536,0,0,0,1,26.383333333333333,1,0,17.151900858187595,0.5852681633819499,0,0,0,1,16.933333333333334,1,0,18.64400649252256,0.3748426291818758,0,0,0,1,22.016666666666666,1,0,24.374829930368577,0.273453527543792,0,0,0,1,20.33333333333333,1,0,8.511088417832848,0.676996235254427,0,0,0,1,6.316666666666666,1,0,2.883289120397871,9.854330503904862,0.4766738454371186,0.4900803287851457,0.163861250725533,0.1572679051523599,0.2855624182033578,0.2362974262740856,0.2733421048635256,0.2000767718662887,0.2942633099463475,0.2991071428571428,0.3126110124333925,0.3045856121161127,0.7057366900536525,0.7008928571428571,0.6873889875666075,0.6954143878838872,0.1512426422498365,0.156067476417168,0.1766563589709849,0.1765471102025645,8,1,0,0,0,1,0,1,0.0,2541.7,0,3
7558f483-5bf8-40e3-b2fc-fd5d85b9508c,2019-09-18 00:30:00+00:00,2019-09-18,2019,1,5c0d47fe-8539-47b0-9f36-d0b3609ca89b,171b097d-01db-4ae8-9d56-035689402ec6,5c0d47fe-8539-47b0-9f36-d0b3609ca89b,FR_LVA_ACES,1757.044386213444,1573.2538093400774,0.7688617529510111,1.2018951746656037,1,28.473812232073737,0.8175506443610404,0,0,0,1,24.516666666666666,9,0,22.82456549420097,0.6499988892298693,0,0,0,1,29.0,9,0,22.66577148316332,0.5352899807867414,0,0,0,1,13.266666666666667,9,0,31.747850733902965,0.3468327804963477,0,0,0,1,28.633333333333333,9,0,23.90348032271012,0.438512457278599,0,0,0,1,14.5,9,0,17.57757252633204,0.5126570098457052,118,14,0,1,21.35,9,1,11.89025502886654,0.6191527943293258,0,0,0,1,19.1,9,0,25.42244808724219,0.7710944757457534,0,0,0,1,32.233333333333334,2,0,27.21454690017044,0.6038244733842575,0,0,0,1,31.65,2,0,22.85721540974483,0.6133876796891826,0,0,0,1,34.86666666666667,2,0,28.51909761444439,0.4587290127226321,0,0,0,1,31.116666666666667,2,0,25.847699189371856,0.3418934255951327,0,0,0,1,33.6,2,0,20.719965090461844,0.4021924404486315,0,0,0,1,4.183333333333334,2,0,20.03780721420252,0.3596705687689571,0,0,0,1,15.566666666666666,2,0,16.800267050169193,0.2553413130949945,0.5300191935167613,0.4535763096907992,0.1440445655857613,0.1575465885031685,0.2659921243488701,0.2514857500100221,0.2430946995545857,0.3258243164172931,0.3637894736842105,0.2121951219512195,0.2850346020761246,0.3233320173707066,0.6362105263157894,0.7878048780487805,0.7149653979238755,0.6766679826292933,0.1324082410889253,0.155106730362218,0.16306213525575,0.142010524762701,8,1,0,0,0,1,0,1,0.7,2087.6,0,3
7a30e9d1-0486-4dca-a5fa-057c96c074b0,2019-09-19 22:30:00+00:00,2019-09-19,2019,1,a015b02d-845c-40c1-8ef4-844984f47e4d,0a5ad38d-2fe3-43ba-894b-1ba3d5042ea9,a015b02d-845c-40c1-8ef4-844984f47e4d,0a5ad38d-2fe3-43ba-894b-1ba3d5042ea9,1576.62189953219,1635.2807438211985,0.4517120012285909,-0.1937558827681975,1,27.268441254798244,0.7077984402648531,0,0,0,1,32.083333333333336,1,0,30.15881895842936,0.5434295956538537,0,0,0,1,40.0,1,0,30.40058604377348,0.5149124903905434,0,0,0,1,35.766666666666666,1,0,30.1111065346487,0.3876820088514764,0,0,0,1,37.31666666666667,1,0,24.95609990776359,0.3287964090979546,0,0,0,1,35.61666666666667,1,0,16.162126354059442,0.3246862143841451,0,0,0,1,8.616666666666667,1,0,11.26480464738861,0.3605469618916552,0,0,0,1,2.6833333333333336,1,0,24.206182971521823,0.7203840788355996,0,0,0,1,33.916666666666664,1,0,24.341273869631056,0.6141575031945109,0,0,0,1,30.8,1,0,33.25520009609944,0.4381209221859644,0,0,0,1,35.983333333333334,1,0,16.975739158868873,0.5819172387328716,0,0,0,1,15.283333333333331,1,0,19.57947853449533,0.3575745152533069,0,0,0,1,28.566666666666663,1,0,24.01266770745742,0.276688099687792,0,0,0,1,20.53333333333333,1,0,7.708694188673664,0.676996235254427,0,0,0,0,0.0,3,0,3.012713104455812,8.524050415667507,0.4764556078741697,0.4917520529119272,0.159135980560846,0.1642432397008958,0.2808233070232293,0.2340181813917816,0.2693284902921615,0.2018372153910992,0.2938824470211915,0.3002373417721519,0.3134715025906736,0.3038696537678207,0.7061175529788085,0.6997626582278481,0.6865284974093264,0.6961303462321792,0.1498669206163162,0.1576207815058283,0.1776948251176109,0.17446127561272,1,1,0,0,1,2,1,2,0.0,0.0,0,0
f5d1e7a4-ef97-49e9-840c-39b77c2da146,2019-09-20 00:30:00+00:00,2019-09-20,2019,1,5c0d47fe-8539-47b0-9f36-d0b3609ca89b,171b097d-01db-4ae8-9d56-035689402ec6,5c0d47fe-8539-47b0-9f36-d0b3609ca89b,FR_LVA_ACES,1759.6851382024922,1570.6130573510293,0.7742205171366147,1.2322979554869864,1,29.013656232570664,0.8148490864900411,0,0,0,1,34.2,1,0,23.50889552803337,0.6713683783679455,0,0,0,1,30.08333333333333,1,0,23.434208014032983,0.5337855274204192,0,0,0,1,30.816666666666663,1,0,31.694630101918,0.3485472438619623,0,0,0,1,31.183333333333334,1,0,24.21897793535374,0.4334657597792701,0,0,0,1,27.25,1,0,16.82390494821826,0.5087847619579596,0,0,0,1,9.583333333333334,1,0,12.078155148246775,0.6151024945587802,0,0,0,1,13.883333333333333,1,0,25.692161865205115,0.7722399177890279,0,0,0,1,28.28333333333333,1,0,26.98376972143489,0.6010050845889489,0,0,0,1,24.766666666666666,1,0,24.20940058516619,0.6156571852699777,0,0,0,1,37.2,1,0,29.19922932315768,0.4616603086310269,0,0,0,1,35.733333333333334,1,0,26.292586151589006,0.3553454243232092,0,0,0,1,30.566666666666663,1,0,20.394400768863207,0.3979866691496998,0,0,0,1,17.266666666666666,1,0,18.852646147357408,0.3550670960649748,0,0,0,1,7.466666666666667,1,0,14.823644765275056,0.624023337750717,0.5282982273118495,0.4626667818913025,0.1370882019050313,0.1578844563338121,0.2644844454646227,0.263130220910269,0.2312679556597238,0.3247364992888111,0.3626016260162601,0.2114624505928853,0.2821158690176322,0.3235294117647059,0.6373983739837399,0.7885375494071146,0.7178841309823678,0.6764705882352942,0.1302801986933473,0.1547022423001811,0.1623854974056754,0.1397565607941039,1,1,0,0,1,2,1,2,4.8,4.8,0,0
32bef176-246f-4b04-8f4f-6fa612c074d0,2019-09-22 21:00:00+00:00,2019-09-22,2019,1,171b097d-01db-4ae8-9d56-035689402ec6,5c0d47fe-8539-47b0-9f36-d0b3609ca89b,FR_LVA_ACES,5c0d47fe-8539-47b0-9f36-d0b3609ca89b,1562.9023890780547,1767.3958064754668,0.2624550574062874,-1.0332471679745978,1,26.143855955103565,0.7810793825114789,0,0,0,1,30.48333333333333,1,0,27.53367387215759,0.5883082193858519,0,0,0,1,32.81666666666667,1,0,25.2738369262608,0.6027618093734776,0,0,0,1,35.5,1,0,29.31400485489199,0.4568698799297977,0,0,0,1,30.416666666666668,1,0,27.223478281313685,0.3653193366354233,0,0,0,1,36.16666666666666,1,0,19.73185174918053,0.4071117622962953,0,0,0,1,13.366666666666667,1,0,18.118612531801475,0.3588501648167789,0,0,0,1,11.066666666666666,1,0,29.689587118041548,0.801169874422636,0,0,0,1,36.18333333333333,1,0,24.82949686281352,0.6829589388864522,0,0,0,1,37.516666666666666,1,0,23.995069749971435,0.5438626377290776,0,0,0,1,29.383333333333333,1,0,32.23722528671498,0.3584178200124346,0,0,0,1,37.45,1,0,23.332562481491745,0.4350502932792823,0,0,0,1,14.816666666666666,1,0,16.732088758344993,0.5100030163762984,0,0,0,1,15.85,1,0,11.299292286477462,0.6130122641985807,0,0,0,1,3.8166666666666655,1,0,-1.0141059221162885,15.005424480721464,0.4681781744677162,0.5327333857296163,0.1577020919266518,0.1310791632073444,0.2656938169460924,0.257226634037543,0.31935041063336,0.2352939933053295,0.2095347943098808,0.3600473746545598,0.3221850613154961,0.2780269058295964,0.7904652056901191,0.6399526253454402,0.6778149386845039,0.7219730941704036,0.1543333600577247,0.1285828423050035,0.1379318372287922,0.16176397391867,2,2,0,0,1,1,3,2,2084.7,2084.7,-3,-3
8742394f-455c-45a6-9c59-7eb0e9d341a3,2019-09-22 23:00:00+00:00,2019-09-22,2019,1,0a5ad38d-2fe3-43ba-894b-1ba3d5042ea9,a015b02d-845c-40c1-8ef4-844984f47e4d,0a5ad38d-2fe3-43ba-894b-1ba3d5042ea9,a015b02d-845c-40c1-8ef4-844984f47e4d,1593.991601109822,1617.9110422435665,0.5015550441971355,0.0062201968438556,0,24.59370431240304,0.7252552569611279,0,0,0,1,28.316666666666663,2,0,24.48665358535608,0.6006078026191638,0,0,0,1,25.883333333333333,2,0,33.18557387055391,0.4372193472654245,0,0,0,1,32.516666666666666,2,0,16.76747589892865,0.5834918228321474,0,0,0,1,14.766666666666667,2,0,20.288485741087744,0.3555155546839981,0,0,0,1,27.1,2,0,23.43638779442599,0.2757930535119756,0,0,0,1,17.9,2,0,7.502037866066176,0.6631323069996217,0,0,0,1,5.516666666666667,2,0,28.160756598100107,0.7110841186907684,0,0,0,1,36.73333333333333,2,0,30.566518327533363,0.5491593432153038,0,0,0,1,34.483333333333334,2,0,30.472809317778268,0.5248343682333916,0,0,0,1,31.166666666666668,2,0,30.242046321289827,0.3875094191679255,0,0,0,1,31.5,2,0,24.675838368127565,0.320666201535618,0,0,0,1,21.98333333333333,2,0,16.208121293700927,0.3269494718759272,0,0,0,1,16.65,2,0,10.90673011594606,0.3494379276748429,0,0,0,1,7.466666666666667,2,0,5.057567204936906,5.391552524255353,0.4872920649331751,0.4804653438985741,0.1641791243299292,0.1589709033882644,0.223047138370551,0.2962489083082732,0.208248388459859,0.2618377571945559,0.2987263604785797,0.2965116279069767,0.3062352012628255,0.3114754098360656,0.7012736395214203,0.7034883720930233,0.6937647987371744,0.6885245901639344,0.1575736634536334,0.1493404131751431,0.17323377503564,0.1771239307193286,2,2,0,0,1,1,3,2,2542.9,2542.9,-3,-3
9eb118a3-a0f7-4daa-8015-e8eda5f96017,2019-09-25 01:00:00+00:00,2019-09-25,2019,1,171b097d-01db-4ae8-9d56-035689402ec6,5c0d47fe-8539-47b0-9f36-d0b3609ca89b,FR_LVA_ACES,5c0d47fe-8539-47b0-9f36-d0b3609ca89b,1597.2989537919384,1732.999241761583,0.345870236283901,-0.6372420821726298,0,26.24028280114136,0.7909039637855915,0,0,0,1,27.166666666666668,2,0,26.16564358542833,0.6105783584730846,0,0,0,1,34.733333333333334,2,0,27.145537518624813,0.5857940610220228,0,0,0,1,23.416666666666668,2,0,29.256118727048605,0.4637596740739952,0,0,0,1,28.7,2,0,27.923623536215946,0.3682190979904932,0,0,0,1,34.65,2,0,19.255895932038275,0.4060995208962154,0,0,0,1,14.683333333333334,2,0,17.390930025336544,0.3543103362780215,0,0,0,1,10.4,2,0,29.838268399050257,0.8045657552626052,0,0,0,1,31.266666666666666,2,0,25.095403563519618,0.6767609423634895,0,0,0,1,27.65,2,0,24.001819644927465,0.5351877578474158,0,0,0,1,24.066666666666663,2,0,31.87232320276508,0.356054357291841,0,0,0,1,28.366666666666667,2,0,23.05451996415729,0.4243529622752702,0,0,0,1,20.383333333333333,2,0,17.090456168111597,0.5081364571469065,0,0,0,1,20.53333333333333,2,0,13.8923756353912,0.5069871619584244,0,0,0,1,27.83333333333333,2,0,0.2474119695793318,12.424856343204148,0.4737970066791135,0.5262803900762172,0.1610635623707347,0.1338001462264357,0.2689280781775064,0.2503429429518242,0.3128123080370534,0.229272995350549,0.2091283202394313,0.3630426431041106,0.3259688518652662,0.2756435643564356,0.7908716797605686,0.6369573568958894,0.6740311481347337,0.7243564356435643,0.1549022666993558,0.1290835975750507,0.1381654353771604,0.1621631415560414,1,1,0,0,1,1,3,3,5.9,5.9,0,0
1ccbde22-aae7-4332-ac79-6a071e664e57,2019-09-29 19:00:00+00:00,2019-09-29,2019,1,5c0d47fe-8539-47b0-9f36-d0b3609ca89b,a015b02d-845c-40c1-8ef4-844984f47e4d,5c0d47fe-8539-47b0-9f36-d0b3609ca89b,a015b02d-845c-40c1-8ef4-844984f47e4d,1738.930235959676,1651.3191656348938,0.656614063501408,0.6482414295898685,1,30.504022578339576,0.7998257532884447,0,0,0,1,36.9,3,0,25.11940598264245,0.685176004284126,0,0,0,1,25.35,3,0,24.11006588156787,0.5338269648660144,0,0,0,1,25.15,3,0,32.46258829588161,0.3607145051998863,0,0,0,1,38.13333333333333,3,0,22.48057946277098,0.4212550290194496,0,0,0,1,16.966666666666665,3,0,16.942085060695437,0.5107670262328388,0,0,0,1,15.516666666666667,3,0,16.004884353037323,0.5055193094312707,0,0,0,1,36.3,3,0,28.103176704004586,0.7082003280026137,0,0,0,1,27.55,6,0,30.08100918336241,0.5437766182723156,0,0,0,1,25.416666666666668,6,0,30.63564252641566,0.5289581823851418,0,0,0,1,32.2,6,0,30.310360872251778,0.4041865530896227,0,0,0,1,30.966666666666665,6,0,24.175309114320072,0.3165841427452297,0,0,0,1,19.366666666666667,6,0,16.625314069652713,0.3190229643191415,0,0,0,1,20.633333333333333,6,0,11.253346795236864,0.3473581570784899,0,0,0,1,14.583333333333334,6,0,12.058601795251942,7.604329618952361,0.5293849226561744,0.4816430818383848,0.128135074375477,0.1601111370400062,0.2398354631318382,0.2892699435973943,0.2200627584835679,0.2517588457494178,0.3639417693169093,0.2980007544322897,0.2742307692307692,0.3105134474327628,0.6360582306830908,0.7019992455677103,0.7257692307692307,0.6894865525672371,0.1275585703969409,0.149508756941478,0.1610041014913445,0.1753100474760197,4,6,0,0,0,0,2,1,0.7,316.7,0,0
4fb938c8-c4a5-46fa-a7ea-c4deefe2d0e6,2019-10-02 00:00:00+00:00,2019-10-02,2019,1,5c0d47fe-8539-47b0-9f36-d0b3609ca89b,a015b02d-845c-40c1-8ef4-844984f47e4d,5c0d47fe-8539-47b0-9f36-d0b3609ca89b,a015b02d-845c-40c1-8ef4-844984f47e4d,1749.0104692405268,1641.2389323540428,0.6822853683869671,0.7642944040218178,0,31.05830245297419,0.8037883404721421,0,0,0,1,36.38333333333333,2,0,24.869315440269187,0.6751331850970359,0,0,0,1,22.466666666666665,2,0,24.07140637284326,0.525937278050307,0,0,0,1,23.7,2,0,32.94535337425134,0.3652655534166649,0,0,0,1,37.583333333333336,2,0,22.598684507266803,0.4373459599427644,0,0,0,1,23.73333333333333,2,0,17.71082555095381,0.5022495477797269,0,0,0,1,34.1,2,0,16.322178708574697,0.5067218246794579,0,0,0,1,10.366666666666667,2,0,28.47212619762435,0.7037570502221718,0,0,0,1,32.016666666666666,2,0,31.016135291754967,0.5499666468645145,0,0,0,1,40.0,2,0,31.373922787419417,0.531038329217897,0,0,0,1,38.46666666666667,2,0,30.90803881910504,0.396613677404829,0,0,0,1,36.65,2,0,24.919277388338653,0.3155010827740377,0,0,0,1,32.06666666666667,2,0,15.60474312597348,0.3219648252414537,0,0,0,1,5.8,2,0,11.132043307450822,0.3539474239665909,0,0,0,1,9.966666666666669,2,0,11.84134067079136,5.967841619851641,0.5378379931241777,0.488226163275074,0.1325039808027455,0.1616898754956981,0.2407937384222229,0.2893691823611178,0.2307414932271246,0.2474337781110335,0.3632385120350109,0.2990069878631849,0.2758620689655172,0.3110846245530393,0.6367614879649891,0.700993012136815,0.7241379310344828,0.6889153754469607,0.1284241633670795,0.1497393634388264,0.1609485079328713,0.1749799348472688,1,1,0,0,1,1,2,1,0.0,0.0,0,0
0d9288de-1039-4921-9c72-56cc7fdaa1ce,2019-10-06 19:30:00+00:00,2019-10-06,2019,1,a015b02d-845c-40c1-8ef4-844984f47e4d,5c0d47fe-8539-47b0-9f36-d0b3609ca89b,a015b02d-845c-40c1-8ef4-844984f47e4d,5c0d47fe-8539-47b0-9f36-d0b3609ca89b,1665.9098685928388,1724.3395330017308,0.4520387621852437,-0.1924366173292706,0,28.914710271010456,0.7157084503908213,0,0,0,1,33.166666666666664,3,0,31.86310113719712,0.5579815095662297,0,0,0,1,40.0,3,0,31.72206114916673,0.5328533299216053,0,0,0,1,35.06666666666667,3,0,31.49650804704676,0.3900614726695123,0,0,0,1,37.15,3,0,24.54349718838369,0.3177101483100608,0,0,0,1,20.933333333333334,3,0,15.931120591988554,0.3244471476884669,0,0,0,1,19.066666666666663,3,0,10.726776682698828,0.3439824131216727,0,0,0,1,6.833333333333333,3,0,28.45706413407625,0.7999281313935743,134,84,0,1,3.466666666666667,3,1,25.8998203276477,0.6795277528073632,0,0,0,1,35.8,3,0,24.012822457008543,0.5265325914306114,0,0,0,1,23.45,3,0,33.0573517717215,0.3621841117673675,0,0,0,1,34.13333333333333,3,0,22.202847917009784,0.4373020862678889,76,76,0,1,18.4,3,1,19.68018037456191,0.4911830892109942,0,0,0,1,38.6,3,0,16.29966124178943,0.5101532800075138,0,0,0,1,16.083333333333332,3,0,6.789186716959315,9.34101112486574,0.4938255067798214,0.536234856108658,0.1570577399753825,0.1294727372074748,0.3042647716340461,0.236947854242799,0.234207664145112,0.2260101469179691,0.2968248305387085,0.3617626154939588,0.3109308613364233,0.2743459302325581,0.7031751694612914,0.6382373845060412,0.6890691386635767,0.7256540697674418,0.1482273001260343,0.1275768840824603,0.1729655680523098,0.1591078812737547,4,4,0,0,0,0,2,2,0.0,316.6,0,0
4a5c23e6-8e46-4f32-ac93-918521858110,2019-10-09 00:00:00+00:00,2019-10-09,2019,1,a015b02d-845c-40c1-8ef4-844984f47e4d,5c0d47fe-8539-47b0-9f36-d0b3609ca89b,a015b02d-845c-40c1-8ef4-844984f47e4d,5c0d47fe-8539-47b0-9f36-d0b3609ca89b,1647.1252521453791,1743.1241494491906,0.3992232765501985,-0.4087025063769285,1,29.28257242219493,0.7086443789742402,0,0,0,1,32.81666666666667,2,0,32.58307997836931,0.5579529923559903,0,0,0,1,39.5,2,0,31.89439252597294,0.5240153386136769,0,0,0,1,33.55,2,0,31.87708514304466,0.3901636360330309,0,0,0,1,35.53333333333333,2,0,24.20628671324719,0.3261586364953679,0,0,0,1,20.966666666666665,2,0,16.506414849124642,0.3320284141972631,0,0,0,1,22.03333333333333,2,0,10.519986881075944,0.3459101397340725,0,0,0,1,8.533333333333333,2,0,28.25213275930553,0.7991188194815035,137,87,0,1,26.28333333333333,2,1,25.849556554106123,0.6848375761016233,0,0,0,1,25.366666666666667,2,0,23.62665189849093,0.5208421891211595,0,0,0,1,19.916666666666668,2,0,33.106939386015014,0.3647703850775054,0,0,0,1,33.583333333333336,2,0,20.873073271023188,0.5007172193824954,0,0,0,1,32.333333333333336,2,0,21.39965929981056,0.4327244487921768,79,79,0,1,13.683333333333334,2,1,16.969055162398483,0.507884487338937,0,0,0,1,23.4,2,0,4.531511720976972,10.077990173622576,0.4957739390819674,0.5447791973018955,0.1566004301283901,0.1341015819187057,0.2949896376988282,0.2390512917528748,0.2271569845377234,0.218773833313351,0.2966573816155989,0.3627212773342589,0.3132530120481928,0.2747252747252747,0.7033426183844012,0.637278722665741,0.6867469879518072,0.7252747252747253,0.1480335364221391,0.1284307793850723,0.1727489269904047,0.1586567245414467,1,1,0,0,1,1,2,2,0.0,0.0,0,0
c9b0ef51-7e0b-426d-b371-c03861ad6255,2019-10-11 00:00:00+00:00,2019-10-11,2019,1,5c0d47fe-8539-47b0-9f36-d0b3609ca89b,a015b02d-845c-40c1-8ef4-844984f47e4d,5c0d47fe-8539-47b0-9f36-d0b3609ca89b,a015b02d-845c-40c1-8ef4-844984f47e4d,1732.5123892306367,1657.737012363933,0.6397670542285406,0.5743532385528375,1,28.42791418394724,0.7913533278215471,139,89,0,1,30.116666666666667,1,1,25.609193704433057,0.6816246279645216,0,0,0,1,23.3,1,0,33.05914699826121,0.3714379582579768,0,0,0,1,32.6,1,0,22.98306017215536,0.5158712370768669,0,0,0,1,16.8,1,0,22.05563729332792,0.4918268380776948,0,0,0,1,33.416666666666664,1,0,21.09957841768277,0.4319269327940763,81,81,0,1,18.216666666666665,1,1,17.421356395306212,0.512389080551401,0,0,0,1,21.766666666666666,1,0,29.936293419212465,0.711787619959437,0,0,0,1,36.21666666666667,1,0,33.28232002045632,0.5604885188672396,0,0,0,1,40.0,1,0,32.41501229688773,0.5228520089581868,0,0,0,1,37.41666666666666,1,0,32.07879704910039,0.39139561572332,0,0,0,1,34.016666666666666,1,0,25.10131921445131,0.327043970058027,0,0,0,1,33.7,1,0,15.54419145614672,0.3254846923782007,0,0,0,1,6.3,1,0,9.528201065936331,0.3459101397340725,0,0,0,0,0.0,4,0,8.630716462588484,4.601455126458705,0.5445979930517589,0.4941521494255722,0.1341491339306195,0.1510976521139686,0.2296083474323358,0.2907481795104882,0.2156571003046181,0.2407583811006239,0.3612334801762114,0.2953772943575798,0.2739536492563127,0.3129126925898752,0.6387665198237885,0.7046227056424201,0.7260463507436873,0.6870873074101247,0.1283938413933149,0.1466635991926966,0.1570121465234163,0.171657343424372,1,1,0,0,2,2,2,2,316.2,316.2,0,0
