scaling,policy,game_id,game_ts,entry_ts,side,edge,kelly_f,cap_pct_used,wager_kelly,wager_post_portfolio,rolling_cap,cumulative_cap,allowed_dollars,wager,n_contracts,fill_pct,entry_px_actual,binding,visible_pool,recent_pool,cumulative_pool,fee,pnl,won,bankroll,bankroll_before
1.0,static_12,d1bd5e4c-1d9e-47c6-b24e-52544a1a2c13,2025-05-22 23:30:00+00:00,2025-05-22 13:00:00+00:00,YES,0.18705255270004273,0.2969088138095916,0.12,742.2720345239791,600.0,159.50999999999993,311.232,159.50999999999993,159.50999999999993,458.4285714285713,1.0,0.3479495169834839,rolling_liq,1037.44,1063.3999999999996,1037.44,7.29,-166.79999999999993,0,4833.2,5000.0
1.0,static_12,b8786c5b-6a05-49e0-9ba2-0bc7db3e8a60,2025-05-24 02:00:00+00:00,2025-05-23 12:30:00+00:00,NO,0.08980293750762935,0.10819631025015586,0.12,261.46720335052663,261.46720335052663,131.1855,262.371,131.1855,131.1855,1394.0549999999998,1.0,0.09410353250051111,rolling_liq,874.5699999999999,874.5699999999999,874.5699999999999,8.32,-139.50549999999998,0,4693.6945,4833.2
1.0,static_12,a35a38a3-fdb6-40a3-86f1-842d77ac32bf,2025-05-24 02:00:00+00:00,2025-05-23 12:30:00+00:00,NO,0.32377356052398687,0.3997204450913418,0.12,938.0828273313914,563.2433399999999,38.091,76.182,38.091,38.091,238.06875,1.0,0.16,rolling_liq,253.94,253.94,253.94,2.24,197.73774999999998,1,4891.43225,4693.6945
1.0,static_12,92c4a40c-74f4-4a28-be37-18237fca81a5,2025-05-23 23:30:00+00:00,2025-05-23 12:30:00+00:00,NO,0.09931676149368285,0.11548460638800331,0.12,282.4425640324177,282.4425640324177,57.832499999999996,115.66499999999999,57.832499999999996,57.832499999999996,722.9062499999999,1.0,0.08,rolling_liq,385.55,385.55,385.55,3.73,-61.56249999999999,0,4829.86975,4891.43225
1.0,static_12,10582ee6-a493-4e18-9878-6203b5e8065d,2025-05-24 02:00:00+00:00,2025-05-23 12:30:00+00:00,NO,0.08664486169815067,0.13128009348204644,0.12,317.0328761430541,317.0328761430541,152.49299999999997,304.98599999999993,152.49299999999997,152.49299999999997,508.7433333333332,1.0,0.29974446839598223,rolling_liq,1016.6199999999999,1016.6199999999999,1016.6199999999999,7.48,-159.97299999999996,0,4669.89675,4829.86975
1.0,static_12,b0d98920-a05f-481d-9dea-7046f3e6fc33,2025-05-25 19:00:00+00:00,2025-05-25 05:00:00+00:00,NO,0.19932658433914185,0.26227182149887085,0.12,612.3911634170786,560.38761,146.769,293.538,146.769,146.769,733.845,1.0,0.2,rolling_liq,978.4600000000002,978.4600000000002,978.4600000000002,8.22,-154.989,0,4514.90775,4669.89675
1.0,static_12,bbd4ae77-444a-4dfe-ad87-70233844aa1d,2025-05-25 22:00:00+00:00,2025-05-25 14:00:00+00:00,NO,0.1071816420555115,0.1623964273568356,0.12,366.60244422284455,366.60244422284455,54.91499999999999,109.82999999999998,54.91499999999999,54.91499999999999,170.0151515151515,1.0,0.32300062383031813,rolling_liq,366.09999999999997,366.09999999999997,366.09999999999997,2.61,-57.52499999999999,0,4457.382750000001,4514.90775
1.0,static_12,5f3d74e1-8cdd-4616-aedf-f1e90dc75db0,2025-05-27 23:00:00+00:00,2025-05-27 05:45:00+00:00,NO,0.0740113401412964,0.08315880914752405,0.12,185.335320702358,185.335320702358,68.42699999999999,136.85399999999998,68.42699999999999,68.42699999999999,984.2428571428569,1.0,0.06952247557948824,rolling_liq,456.18,456.18,456.18,4.46,-72.88699999999999,0,4384.495750000001,4457.382750000001
1.0,static_12,8a594783-4b88-43cd-b381-a8660e3a0766,2025-05-27 23:00:00+00:00,2025-05-27 13:00:00+00:00,YES,0.3129020285606384,0.5046806912268361,0.12,1106.3851728955628,526.1394900000001,241.96949999999998,478.2389999999999,241.96949999999998,241.96949999999998,653.9716216216216,1.0,0.37,rolling_liq,1594.1299999999999,1613.1299999999999,1594.1299999999999,10.68,-252.6495,0,4131.8462500000005,4384.495750000001
1.0,static_12,ee675eed-ef15-494e-a8f4-e0202373e26c,2025-05-28 00:00:00+00:00,2025-05-27 13:00:00+00:00,NO,0.08173902988433834,0.11512539420329344,0.12,237.84021415932492,237.84021415932492,50.05649999999999,100.11299999999999,50.05649999999999,50.05649999999999,200.22599999999997,1.0,0.25,rolling_liq,333.71,333.71,333.71,2.63,-52.686499999999995,0,4079.1597500000007,4131.8462500000005
1.0,static_12,a17fdde4-604b-4197-8c9a-97dc9b78c44e,2025-05-29 23:00:00+00:00,2025-05-29 13:00:00+00:00,NO,0.09309141159057621,0.10118631694627848,0.12,206.3775756690011,206.3775756690011,15.528,31.056,15.528,15.528,226.97142857142856,1.0,0.06841389728096678,rolling_liq,103.52000000000001,103.52000000000001,103.52000000000001,1.02,-16.548000000000002,0,4062.611750000001,4079.1597500000007
1.0,static_12,1d299098-034f-480d-af99-bcebd640859e,2025-05-30 23:30:00+00:00,2025-05-30 12:15:00+00:00,NO,0.07657644748687742,0.0900899382198558,0.12,183.00022078438016,183.00022078438016,45.357000000000006,53.55600000000001,45.357000000000006,45.357000000000006,356.6692307692308,1.0,0.1271682446567602,rolling_liq,302.38000000000005,302.38000000000005,178.52000000000004,2.78,308.5322307692308,1,4371.143980769231,4062.611750000001
1.0,static_12,c9d9dbf0-f3e6-4f3f-b2a5-e83fe165023d,2025-06-01 22:00:00+00:00,2025-06-01 05:15:00+00:00,NO,0.14538862824440002,0.23449778749096778,0.12,512.5117961474231,512.5117961474231,242.52899999999997,484.30199999999996,242.52899999999997,242.52899999999997,692.94,1.0,0.3499999999999999,rolling_liq,1616.86,1616.86,1614.34,11.04,439.37100000000004,1,4810.514980769231,4371.143980769231
1.0,static_12,9998a61a-229c-44c2-b892-ee5b1ea16c23,2025-06-02 00:30:00+00:00,2025-06-01 12:15:00+00:00,YES,0.0670652312040329,0.08178686732199134,0.12,196.7184752413124,196.7184752413124,447.516,892.0079999999999,196.7184752413124,196.7184752413124,1391.4565016087492,1.0,0.14137594313144103,kelly,2983.44,2983.44,2973.3599999999997,11.83,-208.54847524131242,0,4601.966505527919,4810.514980769231
1.0,static_12,272d53ae-a46b-43bc-ac0f-8a846e03a9d1,2025-06-04 00:00:00+00:00,2025-06-03 12:30:00+00:00,NO,0.12299813508987423,0.14819052420466775,0.12,340.9839144132527,340.9839144132527,108.41550000000001,212.466,108.41550000000001,108.41550000000001,840.1192307692309,1.0,0.12904775421071185,rolling_liq,708.22,722.7700000000001,708.22,6.61,-115.02550000000001,0,4486.9410055279195,4601.966505527919
1.0,static_12,f8baaf5b-f1fa-4923-9eec-e85ed7a82142,2025-06-05 23:30:00+00:00,2025-06-05 06:15:00+00:00,YES,0.0730656540393829,0.08496006283649174,0.12,190.60539488664173,190.60539488664173,83.66400000000002,167.32800000000003,83.66400000000002,83.66400000000002,707.2833333333334,1.0,0.11828922873907205,rolling_liq,557.7600000000001,557.7600000000001,557.7600000000001,5.17,-88.83400000000002,0,4398.10700552792,4486.9410055279195
1.0,static_12,45eb60bf-a1b9-4f49-90cb-62097ff47bbd,2025-06-06 02:00:00+00:00,2025-06-05 13:00:00+00:00,NO,0.1447575712203979,0.20979358147883756,0.12,461.34731020843395,461.34731020843395,399.006,786.7619999999998,399.006,399.006,1390.055172413793,1.0,0.28704328282677943,rolling_liq,2622.5399999999995,2660.04,2622.5399999999995,19.92,-418.926,0,3979.1810055279198,4398.10700552792
1.0,static_12,772cef5b-3110-4eaf-a68b-6eb3cd04f42a,2025-06-06 23:30:00+00:00,2025-06-06 12:15:00+00:00,YES,0.1407347512245178,0.18277240418768548,0.12,363.64223953915484,363.64223953915484,331.155,662.31,331.155,331.155,1794.2894736842104,1.0,0.18456052095097017,rolling_liq,2207.7,2207.7,2207.7,18.91,1444.2244736842104,1,5423.40547921213,3979.1810055279198
1.0,static_12,8b0ee0bd-54cf-4be2-a8ba-b16813be20b6,2025-06-07 19:00:00+00:00,2025-06-07 04:30:00+00:00,YES,0.1381078326702118,0.1644140865121569,0.12,445.8421288248444,445.8421288248444,266.2004999999999,446.43300000000005,266.2004999999999,266.2004999999999,1847.136666666666,1.0,0.14411521616339523,rolling_liq,1761.71,1774.6699999999996,1488.1100000000001,15.95,1564.9861666666661,1,6988.391645878795,5423.40547921213
1.0,static_12,639e72ff-50dd-401b-a2a8-dd49fdd02b89,2025-06-08 02:00:00+00:00,2025-06-07 12:15:00+00:00,YES,0.13786698698997496,0.20577162237309699,0.12,719.0063433755386,719.0063433755386,232.88249999999994,459.045,232.88249999999994,232.88249999999994,727.7578124999998,1.0,0.32,rolling_liq,1552.5499999999997,1552.5499999999997,1530.15,11.09,-243.97249999999994,0,6744.4191458787955,6988.391645878795
1.0,static_12,5e1d090c-1c51-494b-8c1f-1f1ba520ee2a,2025-06-10 02:00:00+00:00,2025-06-09 12:30:00+00:00,NO,0.24757077574729924,0.3640746702166165,0.12,1227.7360881692284,809.3302975054554,463.098,923.1360000000001,463.098,463.098,1653.9214285714288,1.0,0.27999999999999997,rolling_liq,3087.32,3087.32,3077.1200000000003,23.35,1167.473428571429,1,7911.892574450225,6744.4191458787955
1.0,static_12,4a60d4ef-8d10-4f25-bab6-346332242fd5,2025-06-10 23:30:00+00:00,2025-06-10 12:15:00+00:00,NO,0.12558921575546267,0.19321417808532718,0.12,764.3449104359017,764.3449104359017,265.755,520.248,265.755,265.755,805.3181818181818,1.0,0.33,rolling_liq,1771.7,1771.7,1734.16,12.47,-278.225,0,7633.6675744502245,7911.892574450225
1.0,static_12,84da0d09-cdf5-46a5-89eb-d489373ed8ed,2025-06-12 02:00:00+00:00,2025-06-11 13:30:00+00:00,NO,0.11724735021591182,0.1429845734340388,0.12,545.7483509350095,545.7483509350095,1.8585,3.0029999999999997,1.8585,1.8585,10.93235294117647,1.0,0.17,rolling_liq,10.01,12.39,10.01,0.11,8.963852941176471,1,7642.631427391401,7633.6675744502245
1.0,static_12,c95f06b7-8138-460b-bc1d-e9c9478156eb,2025-06-13 23:30:00+00:00,2025-06-13 06:00:00+00:00,NO,0.07324323654174802,0.08616851357852709,0.12,329.2770949634269,329.2770949634269,250.69500000000002,499.24799999999993,250.69500000000002,250.69500000000002,2089.125,1.0,0.12000000000000001,rolling_liq,1671.3000000000002,1671.3000000000002,1664.1599999999999,15.45,-266.14500000000004,0,7376.486427391401,7642.631427391401
1.0,static_12,ee13e918-b149-4c1e-8ae9-03cf0618c5d9,2025-06-15 00:30:00+00:00,2025-06-14 06:30:00+00:00,YES,0.22761168122291559,0.30758335300393996,0.12,1134.4422143625507,885.1783712869681,1896.9705000000001,3793.9410000000003,885.1783712869681,885.1783712869681,4427.141856434841,1.0,0.19994353015825847,portfolio,12646.470000000001,12646.470000000001,12646.470000000001,49.58,3492.383485147873,1,10868.869912539274,7376.486427391401
1.0,static_12,7162ed3d-7135-4801-b3a8-ba85cbcaa7ea,2025-06-15 22:00:00+00:00,2025-06-15 05:30:00+00:00,YES,0.2125312566757202,0.38642046668312763,0.12,2099.9768919608155,1304.2643895047129,1017.9945,2035.989,1017.9945,1017.9945,2850.7347222222224,1.0,0.3570989934855975,rolling_liq,6786.63,6786.63,6786.63,45.82,-1063.8145,0,9805.055412539274,10868.869912539274
1.0,static_12,acf4a696-dabb-4821-9d7a-7417121d43a8,2025-06-17 23:00:00+00:00,2025-06-17 05:45:00+00:00,NO,0.10341833353042607,0.1124112320982892,0.12,551.0991798577695,551.0991798577695,105.48900000000002,209.907,105.48900000000002,105.48900000000002,1507.4142857142858,1.0,0.06998009837090952,rolling_liq,703.2600000000001,703.2600000000001,699.69,6.87,-112.35900000000002,0,9692.696412539273,9805.055412539274
1.0,static_12,f992552a-94d9-40c8-aa4b-fa5c7bf321fd,2025-06-18 00:00:00+00:00,2025-06-17 06:15:00+00:00,NO,0.2464600276947021,0.4323860134994774,0.12,2095.4931809392715,1163.1235695047128,1320.4574999999998,2640.9149999999995,1163.1235695047128,1163.1235695047128,2871.569681718811,1.0,0.40504800454938356,portfolio,8803.05,8803.05,8803.05,48.45,-1211.5735695047129,0,8481.12284303456,9692.696412539273
1.0,static_12,326d833a-4a17-4fec-882e-c3699065a0ed,2025-06-18 00:00:00+00:00,2025-06-17 07:00:00+00:00,NO,0.11250839233398435,0.13236281451056983,0.12,561.29264485697,561.29264485697,37.047000000000004,74.09400000000001,37.047000000000004,37.047000000000004,308.9750000000001,1.0,0.11990290476575773,rolling_liq,246.98000000000002,246.98000000000002,246.98000000000002,2.29,-39.337,0,8441.78584303456,8481.12284303456
1.0,static_12,4f5eef0b-7151-49c4-bc34-46d08d1e5ca1,2025-06-18 02:00:00+00:00,2025-06-17 12:30:00+00:00,YES,0.15919422030448907,0.20674574065518062,0.12,872.6516332852992,872.6516332852992,126.67649999999999,217.614,126.67649999999999,126.67649999999999,550.9847826086956,1.0,0.22990925339214766,rolling_liq,836.23,844.51,725.38,6.83,-133.5065,0,8308.279343034561,8441.78584303456
1.0,static_12,42f7582e-79b3-4a78-88ba-0245ebd00b6b,2025-06-18 23:00:00+00:00,2025-06-18 06:15:00+00:00,YES,0.2191847121715545,0.2548659443855285,0.12,1058.7487304906408,996.9935211641473,927.7379999999999,1849.68,927.7379999999999,927.7379999999999,9277.38,1.0,0.1,rolling_liq,6184.08,6184.92,6165.6,58.45,-986.188,0,7322.091343034561,8308.279343034561
1.0,static_12,57909126-867a-49a0-bc68-8c65ff35b9dd,2025-06-20 02:00:00+00:00,2025-06-19 13:45:00+00:00,YES,0.23086082577705377,0.2748343164012545,0.12,1006.1809844452235,878.6509611641472,47.268,94.48799999999999,47.268,47.268,303.925,1.0,0.1555252118121247,rolling_liq,314.96,315.12,314.96,2.8,253.85700000000003,1,7575.948343034561,7322.091343034561
1.0,static_12,5cc2b6cf-49a3-4f54-a14e-88d92bf3ac7a,2025-06-20 23:30:00+00:00,2025-06-20 06:00:00+00:00,YES,0.19484763860702514,0.31427038485004055,0.12,1190.4481006847493,909.1138011641473,409.9874999999999,819.9749999999998,409.9874999999999,409.9874999999999,1172.9071428571426,1.0,0.3495481313220508,rolling_liq,2733.2499999999995,2733.2499999999995,2733.2499999999995,18.67,-428.6574999999999,0,7147.290843034561,7575.948343034561
1.0,static_12,36996288-3356-4ce9-b751-b31f6890cd69,2025-06-22 19:00:00+00:00,2025-06-22 07:15:00+00:00,YES,0.12237302303314207,0.22661670932063344,0.12,809.847765702994,809.847765702994,28.635000000000005,55.89,28.635000000000005,28.635000000000005,62.25000000000001,1.0,0.46,rolling_liq,186.3,190.90000000000003,186.3,1.09,32.525,1,7179.81584303456,7147.290843034561
1.0,static_12,4bfeb202-768f-487c-a416-9c9a314242a6,2025-06-25 00:00:00+00:00,2025-06-24 06:15:00+00:00,YES,0.08991959929466248,0.13031825984733694,0.12,467.8305533443022,467.8305533443022,0.6975,1.395,0.6975,0.6975,2.25,1.0,0.31,rolling_liq,4.65,4.65,4.65,0.04,1.5125,1,7181.32834303456,7179.81584303456
1.0,static_12,e6fdfe56-f4ef-4bab-8f24-19a99adb7f6f,2025-06-26 02:00:00+00:00,2025-06-25 12:15:00+00:00,NO,0.07732540607452387,0.08226107029204668,0.12,295.3718778083165,295.3718778083165,89.04,178.08,89.04,89.04,1780.8000000000002,1.0,0.049999999999999996,rolling_liq,593.6,593.6,593.6,5.93,-94.97,0,7086.35834303456,7181.32834303456
1.0,static_12,1c528f37-bdd0-449a-99b5-7a8d174e4243,2025-06-26 02:00:00+00:00,2025-06-25 15:45:00+00:00,YES,0.0853763997554779,0.10672049969434737,0.12,378.1298516909278,378.1298516909278,160.47750000000002,318.9750000000001,160.47750000000002,160.47750000000002,805.1375000000003,1.0,0.19931688686715,rolling_liq,1069.8500000000001,1069.8500000000001,1063.2500000000002,9.0,-169.47750000000002,0,6916.88084303456,7086.35834303456
1.0,static_12,fd8a85e4-5aac-47f6-b278-e1f1fa69b82d,2025-06-27 02:00:00+00:00,2025-06-26 12:15:00+00:00,NO,0.08030236721038819,0.10566100948735288,0.12,365.422306189382,365.422306189382,965.8785,1927.8239999999998,365.422306189382,365.422306189382,1827.1115309469105,1.0,0.19999999999999996,kelly,6439.1900000000005,6439.1900000000005,6426.08,20.47,1441.2192247575285,1,8358.10006779209,6916.88084303456
1.0,static_12,4e456309-00d3-4582-8f89-1c9049054791,2025-06-27 23:30:00+00:00,2025-06-27 12:30:00+00:00,NO,0.12750528216362,0.2500103571835686,0.12,1044.8057916623547,1002.9720081350507,842.4509999999999,1684.9019999999998,842.4509999999999,842.4509999999999,1815.1936170212764,1.0,0.46411082107178064,rolling_liq,5616.339999999999,5616.339999999999,5616.339999999999,31.61,941.1326170212765,1,9299.232684813365,8358.10006779209
1.0,static_12,f2a059a9-b803-4538-b746-3868679fa790,2025-06-28 02:00:00+00:00,2025-06-27 12:45:00+00:00,NO,0.05228370666503901,0.055620964537275545,0.12,258.6161456929389,258.6161456929389,109.05750000000002,218.11500000000004,109.05750000000002,109.05750000000002,2181.1500000000005,1.0,0.049999999999999996,rolling_liq,727.0500000000002,727.0500000000002,727.0500000000002,7.26,-116.31750000000002,0,9182.915184813366,9299.232684813365
1.0,static_12,02291b17-b5ee-4973-b184-51149f2c1817,2025-06-28 02:00:00+00:00,2025-06-27 14:00:00+00:00,NO,0.14177390813827517,0.26749793988353804,0.12,1228.2054470314172,1101.949822177604,897.9495000000001,1781.376,897.9495000000001,897.9495000000001,1952.825,1.0,0.4598207724706515,rolling_liq,5986.330000000001,5986.330000000001,5937.92,33.96,-931.9095000000001,0,8251.005684813366,9182.915184813366
1.0,static_12,8a325ea5-03e5-4940-bb7a-2eb4c8b2b077,2025-06-29 20:00:00+00:00,2025-06-29 04:30:00+00:00,NO,0.19611328840255737,0.26148438453674316,0.12,1078.7545716512961,990.120682177604,383.55449999999996,766.7489999999999,383.55449999999996,383.55449999999996,1600.2270833333332,1.0,0.23968754434591966,rolling_liq,2555.83,2557.0299999999997,2555.83,20.42,1196.2525833333332,1,9447.2582681467,8251.005684813366
1.0,static_12,475cc53b-e563-4217-a5dc-930581369bab,2025-06-29 22:00:00+00:00,2025-06-29 05:30:00+00:00,NO,0.07646610498428341,0.10769873941448369,0.12,508.7289032012289,508.7289032012289,125.958,223.93800000000002,125.958,125.958,450.75172413793103,1.0,0.27943986291099926,rolling_liq,773.46,839.72,746.46,6.36,318.433724137931,1,9765.69199228463,9447.2582681467
1.0,static_12,01384c8c-e038-4abe-b80a-901c44d112ce,2025-07-03 23:00:00+00:00,2025-07-03 05:45:00+00:00,YES,0.14452980518341063,0.23693410685805022,0.12,1156.912755021386,1156.912755021386,4851.2415,9632.867999999999,1156.912755021386,1156.912755021386,3305.4650143468166,1.0,0.35000000000000003,kelly,32341.61,32341.61,32109.559999999994,52.64,2095.912259325431,1,11861.60425161006,9765.69199228463
1.0,static_12,21815dfe-7533-4983-9fc4-01b7e5798634,2025-07-03 23:30:00+00:00,2025-07-03 12:15:00+00:00,YES,0.12719794988632205,0.23999613186098498,0.12,1423.369569026114,1423.369569026114,128.30999999999997,254.08199999999997,128.30999999999997,128.30999999999997,273.0,1.0,0.4699999999999999,rolling_liq,855.3999999999999,855.3999999999999,846.9399999999999,4.77,-133.07999999999998,0,11728.52425161006,11861.60425161006
1.0,static_12,a4d71aea-7129-4510-a0c0-686300cd53cf,2025-07-07 23:30:00+00:00,2025-07-07 12:30:00+00:00,NO,0.09287727117538447,0.13460474083389054,0.12,789.3574836259861,789.3574836259861,584.3460000000001,1143.567,584.3460000000001,584.3460000000001,2248.715384615385,1.0,0.2598576965310109,rolling_liq,3811.8900000000003,3895.6400000000012,3811.8900000000003,30.28,-614.6260000000001,0,11113.89825161006,11728.52425161006
1.0,static_12,66b295b9-ed48-41fe-8fd7-4cca0813f9f5,2025-07-08 15:30:00+00:00,2025-07-08 04:45:00+00:00,NO,0.07585252523422237,0.10836075033460339,0.12,602.1551768434515,602.1551768434515,579.534,1001.097,579.534,579.534,2093.835714285714,1.0,0.2767810273012278,rolling_liq,3397.92,3863.5600000000004,3336.9900000000002,29.34,-608.874,0,10505.02425161006,11113.89825161006
1.0,static_12,cba5ede2-0a93-430c-aa0b-4c48363996d9,2025-07-09 15:00:00+00:00,2025-07-09 01:30:00+00:00,YES,0.0751177150011062,0.08077173656032925,0.12,424.2545257054589,424.2545257054589,76.56450000000001,153.12900000000002,76.56450000000001,76.56450000000001,1095.9214285714288,1.0,0.0698631288739417,rolling_liq,510.43000000000006,510.43000000000006,510.43000000000006,4.99,1014.3669285714288,1,11519.39118018149,10505.02425161006
1.0,static_12,473b6ccd-bea1-4377-b656-99e755056013,2025-07-09 16:00:00+00:00,2025-07-09 02:00:00+00:00,NO,0.21722968339920046,0.28211647194701356,0.12,1624.9049993651734,1382.3269416217788,25.344,50.688,25.344,25.344,115.20000000000002,1.0,0.21999999999999997,rolling_liq,168.96,168.96,168.96,1.39,88.46600000000002,1,11607.85718018149,11519.39118018149
1.0,static_12,e3e04e5c-30b5-4cd3-bef5-9e4a16bf0e89,2025-07-10 19:00:00+00:00,2025-07-10 04:45:00+00:00,NO,0.176479022204876,0.5882634073495866,0.12,3414.238808420464,1392.9428616217788,299.022,493.99799999999993,299.022,299.022,439.7382352941176,1.0,0.68,rolling_liq,1798.5600000000002,1993.48,1646.6599999999999,6.7,134.01623529411762,1,11741.873415475608,11607.85718018149
1.0,static_12,9bb7fd31-2faf-4602-bf65-4532dd75baba,2025-07-13 22:00:00+00:00,2025-07-13 05:15:00+00:00,NO,0.0949998521804809,0.13768094518910276,0.12,808.3161150667399,808.3161150667399,481.56749999999994,930.4229999999999,481.56749999999994,481.56749999999994,1783.5833333333335,1.0,0.26999999999999996,rolling_liq,3210.45,3210.45,3101.41,24.61,1277.4058333333337,1,13019.279248808942,11741.873415475608
1.0,static_12,1dc8a33e-b81b-4a0d-91bf-0109943d729e,2025-07-13 22:00:00+00:00,2025-07-13 06:00:00+00:00,NO,0.2283735346794128,0.27850431058464975,0.12,1812.9626957492856,1562.3135098570729,1240.2495000000001,2467.7490000000003,1240.2495000000001,1240.2495000000001,8140.559375000001,1.0,0.1523543337585447,rolling_liq,8268.330000000002,8268.330000000002,8225.830000000002,73.6,-1313.8495,0,11705.429748808941,13019.279248808942
1.0,static_12,333e71e9-d362-4003-836b-7d936322e7d2,2025-07-16 00:00:00+00:00,2025-07-15 06:00:00+00:00,YES,0.06468308866024008,0.07187009851137786,0.12,420.6351945824558,420.6351945824558,299.565,599.13,299.565,299.565,2995.6499999999996,1.0,0.1,rolling_liq,1997.1,1997.1,1997.1,18.88,-318.445,0,11386.984748808942,11705.429748808941
1.0,static_12,e380b602-7a50-4ce9-99e7-63c43f11724e,2025-07-16 02:00:00+00:00,2025-07-15 13:30:00+00:00,NO,0.21980795383453366,0.4676764975202844,0.12,2662.7125723199306,1366.438169857073,1153.3905,2143.101,1153.3905,1153.3905,2403.4385416666664,1.0,0.4798918216565589,rolling_liq,7143.67,7689.27,7143.67,42.0,-1195.3905,0,10191.594248808942,11386.984748808942
1.0,static_12,83fc47a0-fbb1-4f04-8af2-94e9a1fd566e,2025-07-16 17:00:00+00:00,2025-07-16 04:15:00+00:00,NO,0.1946576309204101,0.23738735478098796,0.12,1209.6777998629425,1209.6777998629425,37.509,75.018,37.509,37.509,227.5235294117647,1.0,0.16485767470720547,rolling_liq,250.06,250.06,250.06,2.2,-39.709,0,10151.885248808941,10191.594248808942
1.0,static_12,5e64c14b-9cf3-45d2-bd9d-f0af702d801f,2025-07-16 19:00:00+00:00,2025-07-16 07:00:00+00:00,NO,0.1349456548690796,0.207608699798584,0.12,1053.8098485048245,1053.8098485048245,2008.2225,3987.606000000001,1053.8098485048245,1053.8098485048245,3426.644672596208,1.0,0.3075340308647766,kelly,13294.060000000001,13388.150000000001,13292.020000000004,51.09,-1104.8998485048244,0,9046.985400304116,10151.885248808941
1.0,static_12,1f15d85b-41ea-4e16-b597-b0e14ee9ba73,2025-07-16 23:30:00+00:00,2025-07-16 07:00:00+00:00,NO,0.10651913166046145,0.13656298930828392,0.12,617.7416852469659,617.7416852469659,1176.8190000000002,2350.3979999999997,617.7416852469659,617.7416852469657,3088.708426234829,0.9999999999999998,0.19999999999999998,kelly,7834.66,7845.460000000001,7834.66,34.6,-652.3416852469658,0,8394.643715057151,9046.985400304116
1.0,static_12,32cb5f24-0d87-4645-a3fd-dd1e0fd1a4f6,2025-07-23 00:00:00+00:00,2025-07-22 06:00:00+00:00,NO,0.09330237627029414,0.11378338569548066,0.12,477.58549180324525,477.58549180324525,278.9865,557.973,278.9865,278.9865,1551.0916666666667,1.0,0.17986461148331012,rolling_liq,1859.91,1859.91,1859.91,16.02,-295.00649999999996,0,8099.6372150571515,8394.643715057151
1.0,static_12,17812353-7592-47dc-9fe1-36f6bb0d8b9d,2025-07-24 02:00:00+00:00,2025-07-23 07:00:00+00:00,NO,0.17903590440750117,0.2594723252282626,0.12,1050.815850848124,971.9564658068581,649.6155,1299.231,649.6155,649.6155,2548.751923076923,1.0,0.25487592343462223,rolling_liq,4330.77,4330.77,4330.77,33.89,1865.246423076923,1,9964.883638134075,8099.6372150571515
1.0,static_12,d8bda49f-0b5d-428a-9697-070219652f4a,2025-07-25 00:30:00+00:00,2025-07-24 06:15:00+00:00,YES,0.12289219975471491,0.15755410224963448,0.12,785.0041478141428,785.0041478141428,1133.157,2266.314,785.0041478141428,785.0041478141428,4361.134154523015,1.0,0.18000000000000002,kelly,7554.379999999999,7554.379999999999,7554.379999999999,45.06,-830.0641478141429,0,9134.819490319933,9964.883638134075
1.0,static_12,4d8cf7bd-df70-42d4-a4fd-14a6fcb736a9,2025-07-24 23:00:00+00:00,2025-07-24 12:45:00+00:00,YES,0.11587374210357665,0.21067953109741208,0.12,962.2597434400521,962.2597434400521,762.1350000000001,1522.6500000000005,762.1350000000001,762.1350000000001,1732.1250000000002,1.0,0.44,rolling_liq,5075.500000000002,5080.900000000001,5075.500000000002,29.88,940.1100000000001,1,10074.929490319933,9134.819490319933
1.0,static_12,585740b6-3c8b-4746-8808-e7635a88c710,2025-07-27 20:00:00+00:00,2025-07-27 04:15:00+00:00,YES,0.09930047273635859,0.1273082983799469,0.12,641.3110648552882,641.3110648552882,33.363,9.9,9.9,9.9,45.0,1.0,0.22,cumulative_liq,222.42000000000002,222.42000000000002,33.0,0.55,-10.450000000000001,0,10064.479490319933,10074.929490319933
1.0,static_12,548df81e-2319-4153-a4df-bf65932d74be,2025-07-27 23:00:00+00:00,2025-07-27 06:00:00+00:00,NO,0.06239434003829958,0.0810316104393501,0.12,407.77049066721685,407.77049066721685,0.0315,0.063,0.0315,0.0315,0.15,1.0,0.21000000000000002,rolling_liq,0.21,0.21,0.21,0.01,0.1085,1,10064.587990319933,10064.479490319933
1.0,static_12,d5b4c575-bc11-412e-893d-9c6ed1889586,2025-07-27 22:00:00+00:00,2025-07-27 12:30:00+00:00,YES,0.1230686521530151,0.17333612979297902,0.12,872.2783651014769,872.2783651014769,628.7235,1212.2939999999999,628.7235,628.7235,2384.7166666666662,1.0,0.26364704402339906,rolling_liq,4046.1999999999994,4191.49,4040.98,32.41,-661.1334999999999,0,9403.454490319933,10064.587990319933
1.0,static_12,6adda940-e25a-4b97-9334-bfcbbb00d303,2025-07-28 23:00:00+00:00,2025-07-28 12:30:00+00:00,YES,0.05657753527164458,0.06816570514655974,0.12,320.4965530731209,320.4965530731209,734.322,1334.2590000000002,320.4965530731209,320.4965530731209,2007.4159567070055,1.0,0.15965627452661485,kelly,4892.250000000001,4895.4800000000005,4447.530000000001,18.86,-339.3565530731209,0,9064.097937246812,9403.454490319933
1.0,static_12,7a6fecee-f650-46ac-af8f-8dfc5ff13ae2,2025-07-29 23:30:00+00:00,2025-07-29 05:45:00+00:00,NO,0.11944526433944702,0.15926035245259604,0.12,721.775716075388,721.775716075388,424.923,849.846,424.923,424.923,1874.9260869565219,1.0,0.2266345339990214,rolling_liq,2832.82,2832.82,2832.82,23.01,1426.993086956522,1,10491.091024203333,9064.097937246812
1.0,static_12,185c1d82-80ca-427a-bb34-b717e2127e2e,2025-07-30 23:00:00+00:00,2025-07-30 05:30:00+00:00,YES,0.15933475494384763,0.2655579249064127,0.12,1392.9961811958647,1258.9309229044,41.020500000000006,82.04100000000001,41.020500000000006,41.020500000000006,103.87625000000001,1.0,0.39489777499669076,rolling_liq,273.47,273.47,273.47,1.74,61.115750000000006,1,10552.206774203334,10491.091024203333
1.0,static_12,c2f7980e-2390-45e9-8977-c6e6d2c1f545,2025-07-31 00:00:00+00:00,2025-07-30 07:00:00+00:00,NO,0.09089968681335447,0.12452011892240339,0.12,656.9810212087949,656.9810212087949,743.928,1475.7030000000002,656.9810212087949,656.9810212087949,2527.042389264596,1.0,0.2599802140240257,kelly,4958.27,4959.52,4919.010000000001,34.04,-691.0210212087949,0,9861.18575299454,10552.206774203334
1.0,static_12,e8241b1f-576e-4bcf-b7d0-79606aa78b00,2025-07-31 00:00:00+00:00,2025-07-30 15:30:00+00:00,NO,0.16516225516796124,0.434637513599898,0.12,2143.0206284141423,1183.3422903593446,1726.7504999999996,3227.4,1183.3422903593446,1183.3422903593446,2076.0391058935875,1.0,0.5699999999999998,portfolio,10758.0,11511.669999999998,10758.0,35.62,857.0768155342429,1,10718.262568528782,9861.18575299454
1.0,static_12,50578d4e-21ed-488c-ac01-1008b9b70e0d,2025-07-31 23:30:00+00:00,2025-07-31 05:45:00+00:00,NO,0.1513962113857269,0.2566037481114015,0.12,1375.1731741633116,1286.1915082234539,1223.4164999999998,2446.8329999999996,1223.4164999999998,1223.4164999999998,3502.675714285713,1.0,0.3492805500121744,rolling_liq,8156.109999999999,8156.109999999999,8156.109999999999,55.73,2223.5292142857134,1,12941.791782814496,10718.262568528782
1.0,static_12,a1ca524f-e7ce-449f-ab32-66adea0ba523,2025-08-01 23:30:00+00:00,2025-08-01 05:45:00+00:00,NO,0.15966734647750846,0.3894325523841671,0.12,2519.9775032029447,1553.0150139377395,172.96349999999998,345.92699999999996,172.96349999999998,172.96349999999998,295.7686440677966,1.0,0.5847932276429986,rolling_liq,1153.09,1153.09,1153.09,5.03,117.77514406779659,1,13059.566926882293,12941.791782814496
1.0,static_12,64fb0c10-3ce1-4592-a3f9-65395a9e58af,2025-08-01 23:30:00+00:00,2025-08-01 15:00:00+00:00,YES,0.10673018932342532,0.18089862597190728,0.12,1181.2288564305852,1181.2288564305852,976.8615,1937.8559999999998,976.8615,976.8615,2580.003947368421,1.0,0.3786279090760265,rolling_liq,6512.41,6512.41,6459.5199999999995,42.49,1560.652447368421,1,14620.219374250713,13059.566926882293
1.0,static_12,de06dc94-ceb2-41b8-bde0-f9f91c917d00,2025-08-03 22:00:00+00:00,2025-08-03 06:00:00+00:00,NO,0.07582804679870603,0.10531673166486949,0.12,769.8768603597442,769.8768603597442,247.6695,427.425,247.6695,247.6695,1008.4780000000001,1.0,0.24558740993854103,rolling_liq,1443.7900000000002,1651.13,1424.75,13.08,-260.7495,0,14359.469874250713,14620.219374250713
1.0,static_12,1dffe97b-d132-4697-af9f-8b08902da90d,2025-08-03 22:00:00+00:00,2025-08-03 06:00:00+00:00,YES,0.05085827469825738,0.05913752871890393,0.12,424.5917810383687,424.5917810383687,325.302,613.035,325.302,325.302,2596.4769230769225,1.0,0.12528591997440322,rolling_liq,2062.3,2168.6800000000003,2043.45,19.92,-345.22200000000004,0,14014.247874250714,14359.469874250713
1.0,static_12,cd325282-98cc-46dd-a9f0-e2d5d887b51f,2025-08-06 00:00:00+00:00,2025-08-05 07:00:00+00:00,YES,0.09239223599433899,0.12318964799245198,0.12,863.2051312539569,863.2051312539569,34.357499999999995,65.865,34.357499999999995,34.357499999999995,143.15624999999997,1.0,0.24000000000000002,rolling_liq,229.04999999999998,229.04999999999998,219.54999999999998,1.83,106.96874999999999,1,14121.216624250714,14014.247874250714
1.0,static_12,6a9e0ff7-c5b4-4a72-b217-41dc4a8caa4f,2025-08-06 02:00:00+00:00,2025-08-05 07:00:00+00:00,NO,0.3618546456098557,0.6579175374724648,0.12,4645.2980337711315,1694.5459949100855,13.987499999999999,27.974999999999998,13.987499999999999,13.987499999999999,31.857954545454543,1.0,0.43905831995719635,rolling_liq,93.25,93.25,93.25,0.55,17.32045454545454,1,14138.537078796167,14121.216624250714
1.0,static_12,d300ee86-e2e0-4bf4-9247-1d7a3a859e07,2025-08-06 02:00:00+00:00,2025-08-05 07:00:00+00:00,NO,0.08956348419189453,0.10294653355390175,0.12,727.7566908926868,727.7566908926868,55.5105,111.021,55.5105,55.5105,531.0954545454545,1.0,0.10452075898015253,rolling_liq,370.07,370.07,370.07,3.48,-58.9905,0,14079.546578796168,14138.537078796167
1.0,static_12,0934f4d6-98dc-4543-b6bd-c04adfa95bf2,2025-08-08 02:00:00+00:00,2025-08-07 07:00:00+00:00,NO,0.14108287811279296,0.2275530292141822,0.12,1601.9217369836217,1601.9217369836217,302.169,604.338,302.169,302.169,839.3583333333333,1.0,0.36,rolling_liq,2014.4599999999998,2014.4599999999998,2014.4599999999998,13.54,-315.709,0,13763.837578796167,14079.546578796168
1.0,static_12,042c5181-7425-497a-8593-922c0cccfc16,2025-08-08 02:00:00+00:00,2025-08-07 07:00:00+00:00,NO,0.10052478075027471,0.12410466759293173,0.12,854.0782437598003,854.0782437598003,178.1985,356.397,178.1985,178.1985,1048.226470588235,1.0,0.17000000000000004,rolling_liq,1187.99,1187.99,1187.99,10.36,-188.55849999999998,0,13575.279078796168,13763.837578796167
1.0,static_12,25596e43-21b0-4411-b093-a5ca0b6480d6,2025-08-09 02:00:00+00:00,2025-08-08 07:30:00+00:00,YES,0.13616769552230834,0.2778932561679762,0.12,1886.2392532978358,1629.0334894555401,341.1405,679.782,341.1405,341.1405,696.2051020408164,1.0,0.4899999999999999,rolling_liq,2274.27,2274.27,2265.94,12.18,342.88460204081645,1,13918.163680836984,13575.279078796168
1.0,static_12,3a283716-466b-440c-a344-5994da2e16aa,2025-08-10 00:30:00+00:00,2025-08-09 13:15:00+00:00,YES,0.124353095293045,0.1943017113953828,0.12,1352.1615113338432,1352.1615113338432,3395.0819999999994,6622.331999999999,1352.1615113338432,1352.1615113338432,3910.890032382409,1.0,0.34574265707751,kelly,22633.879999999997,22633.879999999997,22074.44,61.93,2496.7985210485663,1,16414.96220188555,13918.163680836984
1.0,static_12,2de72b4c-3c39-42c4-8321-18efac227563,2025-08-10 16:30:00+00:00,2025-08-10 02:30:00+00:00,NO,0.28335612535476684,0.4570260086367207,0.12,3751.032328525195,1969.7954642262662,424.6979999999999,840.7379999999999,424.6979999999999,424.6979999999999,1147.8324324324321,1.0,0.37000000000000005,rolling_liq,2831.3199999999997,2831.3199999999997,2802.46,18.73,704.4044324324323,1,17119.366634317983,16414.96220188555
1.0,static_12,56ef45bc-fa3c-47bb-926c-8b9f8433bdb6,2025-08-10 20:00:00+00:00,2025-08-10 04:30:00+00:00,NO,0.146348443031311,0.24804820852764578,0.12,2123.2141123852643,2054.323996118158,1536.5249999999999,3072.699,1536.5249999999999,1536.5249999999999,3906.4874999999997,1.0,0.3933264857496664,rolling_liq,10243.5,10243.5,10242.33,65.26,2304.7024999999994,1,19424.069134317982,17119.366634317983
1.0,static_12,2eb1473f-e48b-4a13-bb64-bb3604b03c6d,2025-08-10 22:00:00+00:00,2025-08-10 12:00:00+00:00,NO,0.13645145893096922,0.22741909821828205,0.12,2208.702143128081,2208.702143128081,3091.3319999999994,6182.312999999999,2208.702143128081,2208.702143128081,6173.2837309113365,1.0,0.3577839994731652,kelly,20607.71,20608.879999999997,20607.71,99.3,3865.2815877832554,1,23289.350722101237,19424.069134317982
1.0,static_12,4b134f76-aff1-49fb-b585-3e9073eb44c2,2025-08-14 02:00:00+00:00,2025-08-13 08:00:00+00:00,NO,0.21488385438919066,0.4385384783452871,0.12,5106.638213659995,2794.7220866521484,1253.5964999999999,2501.493,1253.5964999999999,1253.5964999999999,2995.6107142857136,1.0,0.41847777283668613,rolling_liq,8338.31,8357.31,8338.31,51.03,1690.9842142857137,1,24980.33493638695,23289.350722101237
1.0,static_12,74f4d3c6-f105-49b3-bb25-ee57ac47d235,2025-08-13 23:30:00+00:00,2025-08-13 11:45:00+00:00,NO,0.12422191977500918,0.2343809807075645,0.12,2927.4577003969043,2927.4577003969043,1435.8765000000003,1876.4339999999997,1435.8765000000003,1435.8765000000003,3190.8366666666675,1.0,0.44999999999999996,rolling_liq,6254.78,9572.510000000002,6254.78,55.29,1699.6701666666672,1,26680.005103053616,24980.33493638695
1.0,static_12,fdec04dc-4b3e-4713-8640-3988c3e4f01f,2025-08-16 02:00:00+00:00,2025-08-15 07:15:00+00:00,NO,0.13219804048538208,0.20983815950060647,0.12,2799.2415831457797,2799.2415831457797,93.54299999999999,187.08599999999998,93.54299999999999,93.54299999999999,259.84166666666664,1.0,0.36,rolling_liq,623.62,623.62,623.62,4.2,162.09866666666665,1,26842.10376972028,26680.005103053616
1.0,static_12,f69e50f9-fa32-4c94-9a1b-f8a270e47e4c,2025-08-16 02:00:00+00:00,2025-08-15 16:45:00+00:00,YES,0.15301872491836543,0.340041610929701,0.12,4563.716103298942,3221.0524523664335,696.888,1393.776,696.888,696.888,1292.1999999999998,1.0,0.5393035133880205,rolling_liq,4645.92,4645.92,4645.92,22.48,-719.368,0,26122.735769720282,26842.10376972028
1.0,static_12,673f7bf8-4cb2-4836-9dec-4131b50da342,2025-08-16 18:00:00+00:00,2025-08-16 03:15:00+00:00,YES,0.29983103513717646,0.6814341707663102,0.12,8900.462393693386,3134.728292366434,2264.0865,4528.173,2264.0865,2264.0865,4240.586111111112,1.0,0.5339088608689443,rolling_liq,15093.91,15093.91,15093.91,73.87,1902.629611111112,1,28025.365380831394,26122.735769720282
1.0,static_12,3495c00d-950e-4e49-87e6-3a022d1d9c1b,2025-08-17 19:00:00+00:00,2025-08-17 03:45:00+00:00,YES,0.1182247066497803,0.20038085872844116,0.12,2807.8733905946606,2807.8733905946606,236.16899999999995,470.616,236.16899999999995,236.16899999999995,582.8756097560974,1.0,0.4051790743119688,rolling_liq,1574.4599999999998,1574.4599999999998,1568.72,9.84,336.8666097560975,1,28362.23199058749,28025.365380831394
1.0,static_12,b233aa62-25a1-489f-9f1a-ad31d9a6a7c2,2025-08-17 22:00:00+00:00,2025-08-17 10:45:00+00:00,NO,0.13120973110198975,0.2624194622039795,0.12,3721.400832937236,3403.467838870499,1035.108,2067.5699999999997,1035.108,1035.108,2300.2400000000002,1.0,0.44999999999999996,rolling_liq,6900.72,6900.72,6891.9,39.86,1225.2720000000004,1,29587.50399058749,28362.23199058749
1.0,static_12,b6df91b4-c8f5-45f8-bebf-c6845d61912b,2025-08-19 23:00:00+00:00,2025-08-19 05:30:00+00:00,NO,0.2621755397319794,0.5140696857489792,0.12,7605.019439268989,3550.5004788704987,980.0325,1960.065,980.0325,980.0325,2344.077380952381,1.0,0.418088800294562,rolling_liq,6533.55,6533.55,6533.55,39.93,-1019.9625,0,28567.54149058749,29587.50399058749
1.0,static_12,2cc91c72-9797-403a-adc1-51f134d84117,2025-08-20 02:00:00+00:00,2025-08-19 07:00:00+00:00,YES,0.09672302126884458,0.13433752954006192,0.12,1918.8464744393707,1918.8464744393707,75.47850000000001,150.95700000000002,75.47850000000001,75.47850000000001,287.06851851851854,1.0,0.26292851751743357,rolling_liq,503.19000000000005,503.19000000000005,503.19000000000005,3.9,-79.37850000000002,0,28488.16299058749,28567.54149058749
1.0,static_12,a1382913-f5c5-4721-9dee-4195779e9b68,2025-08-23 20:00:00+00:00,2025-08-23 04:00:00+00:00,NO,0.19466778397560125,0.34762104281357364,0.12,4951.542463315539,3418.5795588704987,325.125,650.25,325.125,325.125,774.1071428571429,1.0,0.42,rolling_liq,2167.5,2167.5,2167.5,13.21,435.7721428571429,1,28923.935133444633,28488.16299058749
1.0,static_12,bb8576ec-3270-4ee6-9d85-f37e6e502af7,2025-08-24 19:00:00+00:00,2025-08-24 03:45:00+00:00,YES,0.1296231734752655,0.16618355573751986,0.12,2403.3411931986025,2403.3411931986025,271.6365,514.5630000000001,271.6365,271.6365,1273.3022727272728,1.0,0.21333229808675724,rolling_liq,1810.91,1810.91,1715.2100000000003,14.96,-286.5965,0,28637.338633444633,28923.935133444633
1.0,static_12,0962940f-0261-4fce-b716-3a16393d43b7,2025-08-24 20:00:00+00:00,2025-08-24 05:45:00+00:00,NO,0.17109873175621026,0.39790402734002395,0.12,5697.456187273839,3436.4806360133557,904.2299999999999,1715.5860000000002,904.2299999999999,904.2299999999999,1776.156862745098,1.0,0.5090935485295416,rolling_liq,5718.620000000001,6028.2,5718.620000000001,31.08,840.846862745098,1,29478.18549618973,28637.338633444633
1.0,static_12,ab22cb38-adf5-49e7-8d94-af37949f1527,2025-08-26 23:00:00+00:00,2025-08-26 06:00:00+00:00,YES,0.11368976593017577,0.18637666545930454,0.12,2747.022958285338,2747.022958285338,485.0879999999999,960.8159999999999,485.0879999999999,485.0879999999999,1282.836842105263,1.0,0.37813694156454236,rolling_liq,3202.72,3233.9199999999996,3202.72,21.12,776.6288421052631,1,30254.814338294993,29478.18549618973
1.0,static_12,467aedcd-fa42-4992-9a69-fce47d1ece15,2025-08-28 00:00:00+00:00,2025-08-27 16:00:00+00:00,NO,0.15859810590744017,0.33041272064050037,0.12,4998.287758994634,3630.577720595399,771.6015,1364.115,771.6015,771.6015,1518.0225490196076,1.0,0.5082938329857665,rolling_liq,5144.01,5144.01,4547.05,26.56,719.8610490196077,1,30974.6753873146,30254.814338294993
1.0,static_12,6d17df9c-9585-4b14-b1ab-7334c0443b45,2025-08-30 02:00:00+00:00,2025-08-29 07:15:00+00:00,NO,0.14991149187088015,0.28285187145449087,0.12,4380.622450498646,3716.961046477752,913.9725,1823.76,913.9725,913.9725,2124.2329545454545,1.0,0.43026001364128763,rolling_liq,6093.15,6093.15,6079.2,36.46,1173.8004545454546,1,32148.475841860054,30974.6753873146
1.0,static_12,eef5e74b-cdc8-45c9-b34e-c80089a44b6d,2025-09-01 00:00:00+00:00,2025-08-31 06:00:00+00:00,NO,0.12026148080825805,0.1625155146057541,0.12,2612.3130476152705,2612.3130476152705,358.71450000000004,717.4290000000001,358.71450000000004,358.71450000000004,1677.06590909091,1.0,0.21389409805274082,rolling_liq,2391.4300000000003,2391.4300000000003,2391.4300000000003,19.74,-378.45450000000005,0,31770.021341860054,32148.475841860054
1.0,static_12,2f5baf0d-dd06-464d-95dd-177924f443c9,2025-09-04 00:00:00+00:00,2025-09-03 06:00:00+00:00,NO,0.20699598312377931,0.3980691983149602,0.12,6323.333463001703,3812.4025610232065,374.07300000000004,748.1460000000001,374.07300000000004,374.07300000000004,833.7177777777778,1.0,0.44868060867919607,rolling_liq,2493.82,2493.82,2493.82,14.44,-388.51300000000003,0,31381.508341860055,31770.021341860054
1.0,static_12,b69d86fb-d73a-4b99-bec9-88e73e7ce25b,2025-09-05 02:00:00+00:00,2025-09-04 12:45:00+00:00,NO,0.05718323230743405,0.06807527655646911,0.12,1068.152429565633,1068.152429565633,105.51449999999998,208.64400000000003,105.51449999999998,105.51449999999998,753.6749999999998,1.0,0.14,rolling_liq,695.4800000000001,703.43,695.4800000000001,6.36,-111.87449999999998,0,31269.633841860054,31381.508341860055
1.0,static_12,f9c188c7-35cd-436c-8d11-7f1b0131ba33,2025-09-05 23:30:00+00:00,2025-09-05 10:30:00+00:00,NO,0.06474714040756224,0.07528737256693284,0.12,1177.1042865418447,1177.1042865418447,169.7925,335.427,169.7925,169.7925,1306.0961538461536,1.0,0.13,rolling_liq,1118.0900000000001,1131.95,1118.0900000000001,10.35,-180.14249999999998,0,31089.49134186005,31269.633841860054
1.0,static_12,e9ff9be0-15cb-4e16-86a5-89be878b6745,2025-09-10 02:00:00+00:00,2025-09-09 07:00:00+00:00,NO,0.2139049685001373,0.30127460352132013,0.12,4683.237088849201,3730.7389610232062,900.4125,1800.825,900.4125,900.4125,3429.7870370370374,1.0,0.2625272328213878,rolling_liq,6002.75,6002.75,6002.75,46.49,-946.9025,0,30142.58884186005,31089.49134186005
1.0,static_12,31d89653-50a1-4688-b507-15c8e12dad33,2025-09-09 23:30:00+00:00,2025-09-09 12:30:00+00:00,NO,0.16207829356193537,0.3683597580953077,0.12,5551.658367076945,3617.110661023206,830.5949999999999,1643.4060000000002,830.5949999999999,830.5949999999999,1566.898148148148,1.0,0.5300886984783572,rolling_liq,5478.02,5537.299999999999,5478.02,27.33,-857.925,0,29284.663841860052,30142.58884186005
1.0,static_12,93a98ff0-ed90-4c11-8f56-dfd70e55ed58,2025-09-12 00:00:00+00:00,2025-09-11 07:00:00+00:00,NO,0.1892402425408365,0.6308008084694549,0.12,9236.394813600766,3514.1596610232064,272.83050000000003,517.941,272.83050000000003,272.83050000000003,409.50820895522395,1.0,0.6662393916255573,rolling_liq,1818.8700000000001,1818.8700000000001,1726.4700000000003,6.38,-279.2105,0,29005.45334186005,29284.663841860052
1.0,static_12,2fb00c07-3995-4420-aa53-e0b95160a91a,2025-09-18 02:00:00+00:00,2025-09-17 16:15:00+00:00,YES,0.07049068570137018,0.08702553790292615,0.12,1262.107589596799,1262.107589596799,643.9125,1278.9899999999998,643.9125,643.9125,4046.578125,1.0,0.1591251867897645,rolling_liq,4269.1900000000005,4292.75,4263.299999999999,37.91,-681.8225,0,28323.630841860053,29005.45334186005
1.0,static_12,30981dda-706d-44fc-9eb4-b6f8c5a3e874,2025-09-24 01:30:00+00:00,2025-09-22 23:30:00+00:00,NO,0.11262015342712406,0.14255715623686588,0.12,2018.8681335591782,2018.8681335591782,375.92999999999995,751.1999999999999,375.92999999999995,375.92999999999995,1879.65,1.0,0.19999999999999996,rolling_liq,2506.2,2506.2,2504.0,21.06,-396.98999999999995,0,27926.64084186005,28323.630841860053
1.0,static_12,fb31c505-de82-4d70-a8a2-a91dbaacd1ee,2025-09-29 00:00:00+00:00,2025-09-28 02:30:00+00:00,NO,0.18119778752326965,0.29225449600527365,0.12,4080.8431721790503,3351.196901023206,3045.7004999999995,6089.780999999999,3045.7004999999995,3045.7004999999995,8702.972857142857,1.0,0.34996093288976293,rolling_liq,20299.269999999997,20304.67,20299.269999999997,138.59,-3184.2904999999996,0,24742.350341860052,27926.64084186005
1.0,static_12,fc11987d-5051-4621-94f9-17a356691802,2025-10-01 01:30:00+00:00,2025-09-30 01:15:00+00:00,NO,0.06506288051605225,0.08675050735473633,0.12,1073.2057226524967,1073.2057226524967,2017.1580000000001,3883.1910000000003,1073.2057226524967,1073.2057226524967,4861.372707184768,1.0,0.22076186856983293,kelly,13444.47,13447.720000000001,12943.970000000001,58.54,-1131.7457226524966,0,23610.604619207556,24742.350341860052
1.0,static_12,4a8a3c5a-81ad-462c-b4cb-3300d1eea8c3,2025-10-09 00:00:00+00:00,2025-10-07 11:00:00+00:00,NO,0.16387164235115048,0.2777485463578822,0.12,3278.905555807799,2833.2725543049064,8132.152499999999,16264.304999999998,2833.2725543049064,2833.2725543049064,7713.547444067314,1.0,0.3673112241610763,portfolio,54214.35,54214.35,54214.35,125.49,4754.784889762408,1,28365.389508969965,23610.604619207556
1.0,static_15,d1bd5e4c-1d9e-47c6-b24e-52544a1a2c13,2025-05-22 23:30:00+00:00,2025-05-22 13:00:00+00:00,YES,0.18705255270004273,0.2969088138095916,0.15,742.2720345239791,742.2720345239791,159.50999999999993,311.232,159.50999999999993,159.50999999999993,458.4285714285713,1.0,0.3479495169834839,rolling_liq,1037.44,1063.3999999999996,1037.44,7.29,-166.79999999999993,0,4833.2,5000.0
1.0,static_15,b8786c5b-6a05-49e0-9ba2-0bc7db3e8a60,2025-05-24 02:00:00+00:00,2025-05-23 12:30:00+00:00,NO,0.08980293750762935,0.10819631025015586,0.15,261.46720335052663,261.46720335052663,131.1855,262.371,131.1855,131.1855,1394.0549999999998,1.0,0.09410353250051111,rolling_liq,874.5699999999999,874.5699999999999,874.5699999999999,8.32,-139.50549999999998,0,4693.6945,4833.2
1.0,static_15,a35a38a3-fdb6-40a3-86f1-842d77ac32bf,2025-05-24 02:00:00+00:00,2025-05-23 12:30:00+00:00,NO,0.32377356052398687,0.3997204450913418,0.15,938.0828273313914,704.0541749999999,38.091,76.182,38.091,38.091,238.06875,1.0,0.16,rolling_liq,253.94,253.94,253.94,2.24,197.73774999999998,1,4891.43225,4693.6945
1.0,static_15,92c4a40c-74f4-4a28-be37-18237fca81a5,2025-05-23 23:30:00+00:00,2025-05-23 12:30:00+00:00,NO,0.09931676149368285,0.11548460638800331,0.15,282.4425640324177,282.4425640324177,57.832499999999996,115.66499999999999,57.832499999999996,57.832499999999996,722.9062499999999,1.0,0.08,rolling_liq,385.55,385.55,385.55,3.73,-61.56249999999999,0,4829.86975,4891.43225
1.0,static_15,10582ee6-a493-4e18-9878-6203b5e8065d,2025-05-24 02:00:00+00:00,2025-05-23 12:30:00+00:00,NO,0.08664486169815067,0.13128009348204644,0.15,317.0328761430541,317.0328761430541,152.49299999999997,304.98599999999993,152.49299999999997,152.49299999999997,508.7433333333332,1.0,0.29974446839598223,rolling_liq,1016.6199999999999,1016.6199999999999,1016.6199999999999,7.48,-159.97299999999996,0,4669.89675,4829.86975
1.0,static_15,b0d98920-a05f-481d-9dea-7046f3e6fc33,2025-05-25 19:00:00+00:00,2025-05-25 05:00:00+00:00,NO,0.19932658433914185,0.26227182149887085,0.15,612.3911634170786,612.3911634170786,146.769,293.538,146.769,146.769,733.845,1.0,0.2,rolling_liq,978.4600000000002,978.4600000000002,978.4600000000002,8.22,-154.989,0,4514.90775,4669.89675
1.0,static_15,bbd4ae77-444a-4dfe-ad87-70233844aa1d,2025-05-25 22:00:00+00:00,2025-05-25 14:00:00+00:00,NO,0.1071816420555115,0.1623964273568356,0.15,366.60244422284455,366.60244422284455,54.91499999999999,109.82999999999998,54.91499999999999,54.91499999999999,170.0151515151515,1.0,0.32300062383031813,rolling_liq,366.09999999999997,366.09999999999997,366.09999999999997,2.61,-57.52499999999999,0,4457.382750000001,4514.90775
1.0,static_15,5f3d74e1-8cdd-4616-aedf-f1e90dc75db0,2025-05-27 23:00:00+00:00,2025-05-27 05:45:00+00:00,NO,0.0740113401412964,0.08315880914752405,0.15,185.335320702358,185.335320702358,68.42699999999999,136.85399999999998,68.42699999999999,68.42699999999999,984.2428571428569,1.0,0.06952247557948824,rolling_liq,456.18,456.18,456.18,4.46,-72.88699999999999,0,4384.495750000001,4457.382750000001
1.0,static_15,8a594783-4b88-43cd-b381-a8660e3a0766,2025-05-27 23:00:00+00:00,2025-05-27 13:00:00+00:00,YES,0.3129020285606384,0.5046806912268361,0.15,1106.3851728955628,657.6743625000001,241.96949999999998,478.2389999999999,241.96949999999998,241.96949999999998,653.9716216216216,1.0,0.37,rolling_liq,1594.1299999999999,1613.1299999999999,1594.1299999999999,10.68,-252.6495,0,4131.8462500000005,4384.495750000001
1.0,static_15,ee675eed-ef15-494e-a8f4-e0202373e26c,2025-05-28 00:00:00+00:00,2025-05-27 13:00:00+00:00,NO,0.08173902988433834,0.11512539420329344,0.15,237.84021415932492,237.84021415932492,50.05649999999999,100.11299999999999,50.05649999999999,50.05649999999999,200.22599999999997,1.0,0.25,rolling_liq,333.71,333.71,333.71,2.63,-52.686499999999995,0,4079.1597500000007,4131.8462500000005
1.0,static_15,a17fdde4-604b-4197-8c9a-97dc9b78c44e,2025-05-29 23:00:00+00:00,2025-05-29 13:00:00+00:00,NO,0.09309141159057621,0.10118631694627848,0.15,206.3775756690011,206.3775756690011,15.528,31.056,15.528,15.528,226.97142857142856,1.0,0.06841389728096678,rolling_liq,103.52000000000001,103.52000000000001,103.52000000000001,1.02,-16.548000000000002,0,4062.611750000001,4079.1597500000007
1.0,static_15,1d299098-034f-480d-af99-bcebd640859e,2025-05-30 23:30:00+00:00,2025-05-30 12:15:00+00:00,NO,0.07657644748687742,0.0900899382198558,0.15,183.00022078438016,183.00022078438016,45.357000000000006,53.55600000000001,45.357000000000006,45.357000000000006,356.6692307692308,1.0,0.1271682446567602,rolling_liq,302.38000000000005,302.38000000000005,178.52000000000004,2.78,308.5322307692308,1,4371.143980769231,4062.611750000001
1.0,static_15,c9d9dbf0-f3e6-4f3f-b2a5-e83fe165023d,2025-06-01 22:00:00+00:00,2025-06-01 05:15:00+00:00,NO,0.14538862824440002,0.23449778749096778,0.15,512.5117961474231,512.5117961474231,242.52899999999997,484.30199999999996,242.52899999999997,242.52899999999997,692.94,1.0,0.3499999999999999,rolling_liq,1616.86,1616.86,1614.34,11.04,439.37100000000004,1,4810.514980769231,4371.143980769231
1.0,static_15,9998a61a-229c-44c2-b892-ee5b1ea16c23,2025-06-02 00:30:00+00:00,2025-06-01 12:15:00+00:00,YES,0.0670652312040329,0.08178686732199134,0.15,196.7184752413124,196.7184752413124,447.516,892.0079999999999,196.7184752413124,196.7184752413124,1391.4565016087492,1.0,0.14137594313144103,kelly,2983.44,2983.44,2973.3599999999997,11.83,-208.54847524131242,0,4601.966505527919,4810.514980769231
1.0,static_15,272d53ae-a46b-43bc-ac0f-8a846e03a9d1,2025-06-04 00:00:00+00:00,2025-06-03 12:30:00+00:00,NO,0.12299813508987423,0.14819052420466775,0.15,340.9839144132527,340.9839144132527,108.41550000000001,212.466,108.41550000000001,108.41550000000001,840.1192307692309,1.0,0.12904775421071185,rolling_liq,708.22,722.7700000000001,708.22,6.61,-115.02550000000001,0,4486.9410055279195,4601.966505527919
1.0,static_15,f8baaf5b-f1fa-4923-9eec-e85ed7a82142,2025-06-05 23:30:00+00:00,2025-06-05 06:15:00+00:00,YES,0.0730656540393829,0.08496006283649174,0.15,190.60539488664173,190.60539488664173,83.66400000000002,167.32800000000003,83.66400000000002,83.66400000000002,707.2833333333334,1.0,0.11828922873907205,rolling_liq,557.7600000000001,557.7600000000001,557.7600000000001,5.17,-88.83400000000002,0,4398.10700552792,4486.9410055279195
1.0,static_15,45eb60bf-a1b9-4f49-90cb-62097ff47bbd,2025-06-06 02:00:00+00:00,2025-06-05 13:00:00+00:00,NO,0.1447575712203979,0.20979358147883756,0.15,461.34731020843395,461.34731020843395,399.006,786.7619999999998,399.006,399.006,1390.055172413793,1.0,0.28704328282677943,rolling_liq,2622.5399999999995,2660.04,2622.5399999999995,19.92,-418.926,0,3979.1810055279198,4398.10700552792
1.0,static_15,772cef5b-3110-4eaf-a68b-6eb3cd04f42a,2025-06-06 23:30:00+00:00,2025-06-06 12:15:00+00:00,YES,0.1407347512245178,0.18277240418768548,0.15,363.64223953915484,363.64223953915484,331.155,662.31,331.155,331.155,1794.2894736842104,1.0,0.18456052095097017,rolling_liq,2207.7,2207.7,2207.7,18.91,1444.2244736842104,1,5423.40547921213,3979.1810055279198
1.0,static_15,8b0ee0bd-54cf-4be2-a8ba-b16813be20b6,2025-06-07 19:00:00+00:00,2025-06-07 04:30:00+00:00,YES,0.1381078326702118,0.1644140865121569,0.15,445.8421288248444,445.8421288248444,266.2004999999999,446.43300000000005,266.2004999999999,266.2004999999999,1847.136666666666,1.0,0.14411521616339523,rolling_liq,1761.71,1774.6699999999996,1488.1100000000001,15.95,1564.9861666666661,1,6988.391645878795,5423.40547921213
1.0,static_15,639e72ff-50dd-401b-a2a8-dd49fdd02b89,2025-06-08 02:00:00+00:00,2025-06-07 12:15:00+00:00,YES,0.13786698698997496,0.20577162237309699,0.15,719.0063433755386,719.0063433755386,232.88249999999994,459.045,232.88249999999994,232.88249999999994,727.7578124999998,1.0,0.32,rolling_liq,1552.5499999999997,1552.5499999999997,1530.15,11.09,-243.97249999999994,0,6744.4191458787955,6988.391645878795
1.0,static_15,5e1d090c-1c51-494b-8c1f-1f1ba520ee2a,2025-06-10 02:00:00+00:00,2025-06-09 12:30:00+00:00,NO,0.24757077574729924,0.3640746702166165,0.15,1227.7360881692284,1011.6628718818192,463.098,923.1360000000001,463.098,463.098,1653.9214285714288,1.0,0.27999999999999997,rolling_liq,3087.32,3087.32,3077.1200000000003,23.35,1167.473428571429,1,7911.892574450225,6744.4191458787955
1.0,static_15,4a60d4ef-8d10-4f25-bab6-346332242fd5,2025-06-10 23:30:00+00:00,2025-06-10 12:15:00+00:00,NO,0.12558921575546267,0.19321417808532718,0.15,764.3449104359017,764.3449104359017,265.755,520.248,265.755,265.755,805.3181818181818,1.0,0.33,rolling_liq,1771.7,1771.7,1734.16,12.47,-278.225,0,7633.6675744502245,7911.892574450225
1.0,static_15,84da0d09-cdf5-46a5-89eb-d489373ed8ed,2025-06-12 02:00:00+00:00,2025-06-11 13:30:00+00:00,NO,0.11724735021591182,0.1429845734340388,0.15,545.7483509350095,545.7483509350095,1.8585,3.0029999999999997,1.8585,1.8585,10.93235294117647,1.0,0.17,rolling_liq,10.01,12.39,10.01,0.11,8.963852941176471,1,7642.631427391401,7633.6675744502245
1.0,static_15,c95f06b7-8138-460b-bc1d-e9c9478156eb,2025-06-13 23:30:00+00:00,2025-06-13 06:00:00+00:00,NO,0.07324323654174802,0.08616851357852709,0.15,329.2770949634269,329.2770949634269,250.69500000000002,499.24799999999993,250.69500000000002,250.69500000000002,2089.125,1.0,0.12000000000000001,rolling_liq,1671.3000000000002,1671.3000000000002,1664.1599999999999,15.45,-266.14500000000004,0,7376.486427391401,7642.631427391401
1.0,static_15,ee13e918-b149-4c1e-8ae9-03cf0618c5d9,2025-06-15 00:30:00+00:00,2025-06-14 06:30:00+00:00,YES,0.22761168122291559,0.30758335300393996,0.15,1134.4422143625507,1106.4729641087101,1896.9705000000001,3793.9410000000003,1106.4729641087101,1106.4729641087101,5533.614820543551,1.0,0.1999548215753883,portfolio,12646.470000000001,12646.470000000001,12646.470000000001,61.97,4365.17185643484,1,11741.65828382624,7376.486427391401
1.0,static_15,7162ed3d-7135-4801-b3a8-ba85cbcaa7ea,2025-06-15 22:00:00+00:00,2025-06-15 05:30:00+00:00,YES,0.2125312566757202,0.38642046668312763,0.15,2268.6085368349736,1761.248742573936,1017.9945,2035.989,1017.9945,1017.9945,2850.7347222222224,1.0,0.3570989934855975,rolling_liq,6786.63,6786.63,6786.63,45.82,-1063.8145,0,10677.84378382624,11741.65828382624
1.0,static_15,acf4a696-dabb-4821-9d7a-7417121d43a8,2025-06-17 23:00:00+00:00,2025-06-17 05:45:00+00:00,NO,0.10341833353042607,0.1124112320982892,0.15,600.154787946483,600.154787946483,105.48900000000002,209.907,105.48900000000002,105.48900000000002,1507.4142857142858,1.0,0.06998009837090952,rolling_liq,703.2600000000001,703.2600000000001,699.69,6.87,-112.35900000000002,0,10565.48478382624,10677.84378382624
1.0,static_15,f992552a-94d9-40c8-aa4b-fa5c7bf321fd,2025-06-18 00:00:00+00:00,2025-06-17 06:15:00+00:00,NO,0.2464600276947021,0.4323860134994774,0.15,2284.1839231840077,1584.822717573936,1320.4574999999998,2640.9149999999995,1320.4574999999998,1320.4574999999998,3255.3109756097547,1.0,0.4056317537382627,rolling_liq,8803.05,8803.05,8803.05,54.94,-1375.3974999999998,0,9190.08728382624,10565.48478382624
1.0,static_15,326d833a-4a17-4fec-882e-c3699065a0ed,2025-06-18 00:00:00+00:00,2025-06-17 07:00:00+00:00,NO,0.11250839233398435,0.13236281451056983,0.15,608.2129092425196,608.2129092425196,37.047000000000004,74.09400000000001,37.047000000000004,37.047000000000004,308.9750000000001,1.0,0.11990290476575773,rolling_liq,246.98000000000002,246.98000000000002,246.98000000000002,2.29,-39.337,0,9150.75028382624,9190.08728382624
1.0,static_15,4f5eef0b-7151-49c4-bc34-46d08d1e5ca1,2025-06-18 02:00:00+00:00,2025-06-17 12:30:00+00:00,YES,0.15919422030448907,0.20674574065518062,0.15,945.9393224901302,945.9393224901302,126.67649999999999,217.614,126.67649999999999,126.67649999999999,550.9847826086956,1.0,0.22990925339214766,rolling_liq,836.23,844.51,725.38,6.83,-133.5065,0,9017.243783826241,9150.75028382624
1.0,static_15,42f7582e-79b3-4a78-88ba-0245ebd00b6b,2025-06-18 23:00:00+00:00,2025-06-18 06:15:00+00:00,YES,0.2191847121715545,0.2548659443855285,0.15,1149.0941763597057,1149.0941763597057,927.7379999999999,1849.68,927.7379999999999,927.7379999999999,9277.38,1.0,0.1,rolling_liq,6184.08,6184.92,6165.6,58.45,-986.188,0,8031.055783826241,9017.243783826241
1.0,static_15,57909126-867a-49a0-bc68-8c65ff35b9dd,2025-06-20 02:00:00+00:00,2025-06-19 13:45:00+00:00,YES,0.23086082577705377,0.2748343164012545,0.15,1103.604863164113,1103.604863164113,47.268,94.48799999999999,47.268,47.268,303.925,1.0,0.1555252118121247,rolling_liq,314.96,315.12,314.96,2.8,253.85700000000003,1,8284.912783826241,8031.055783826241
1.0,static_15,5cc2b6cf-49a3-4f54-a14e-88d92bf3ac7a,2025-06-20 23:30:00+00:00,2025-06-20 06:00:00+00:00,YES,0.19484763860702514,0.31427038485004055,0.15,1301.8513645110468,1242.7369175739361,409.9874999999999,819.9749999999998,409.9874999999999,409.9874999999999,1172.9071428571426,1.0,0.3495481313220508,rolling_liq,2733.2499999999995,2733.2499999999995,2733.2499999999995,18.67,-428.6574999999999,0,7856.255283826241,8284.912783826241
1.0,static_15,36996288-3356-4ce9-b751-b31f6890cd69,2025-06-22 19:00:00+00:00,2025-06-22 07:15:00+00:00,YES,0.12237302303314207,0.22661670932063344,0.15,890.1793600017709,890.1793600017709,28.635000000000005,55.89,28.635000000000005,28.635000000000005,62.25000000000001,1.0,0.46,rolling_liq,186.3,190.90000000000003,186.3,1.09,32.525,1,7888.7802838262405,7856.255283826241
1.0,static_15,4bfeb202-768f-487c-a416-9c9a314242a6,2025-06-25 00:00:00+00:00,2025-06-24 06:15:00+00:00,YES,0.08991959929466248,0.13031825984733694,0.15,514.0260594531082,514.0260594531082,0.6975,1.395,0.6975,0.6975,2.25,1.0,0.31,rolling_liq,4.65,4.65,4.65,0.04,1.5125,1,7890.29278382624,7888.7802838262405
1.0,static_15,e6fdfe56-f4ef-4bab-8f24-19a99adb7f6f,2025-06-26 02:00:00+00:00,2025-06-25 12:15:00+00:00,NO,0.07732540607452387,0.08226107029204668,0.15,324.5319646575795,324.5319646575795,89.04,178.08,89.04,89.04,1780.8000000000002,1.0,0.049999999999999996,rolling_liq,593.6,593.6,593.6,5.93,-94.97,0,7795.32278382624,7890.29278382624
1.0,static_15,1c528f37-bdd0-449a-99b5-7a8d174e4243,2025-06-26 02:00:00+00:00,2025-06-25 15:45:00+00:00,YES,0.0853763997554779,0.10672049969434737,0.15,415.96037138433365,415.96037138433365,160.47750000000002,318.9750000000001,160.47750000000002,160.47750000000002,805.1375000000003,1.0,0.19931688686715,rolling_liq,1069.8500000000001,1069.8500000000001,1063.2500000000002,9.0,-169.47750000000002,0,7625.84528382624,7795.32278382624
1.0,static_15,fd8a85e4-5aac-47f6-b278-e1f1fa69b82d,2025-06-27 02:00:00+00:00,2025-06-26 12:15:00+00:00,NO,0.08030236721038819,0.10566100948735288,0.15,402.8772554417248,402.8772554417248,965.8785,1927.8239999999998,402.8772554417248,402.8772554417248,2014.3862772086245,1.0,0.19999999999999996,kelly,6439.1900000000005,6439.1900000000005,6426.08,22.57,1588.9390217668997,1,9214.78430559314,7625.84528382624
1.0,static_15,4e456309-00d3-4582-8f89-1c9049054791,2025-06-27 23:30:00+00:00,2025-06-27 12:30:00+00:00,NO,0.12750528216362,0.2500103571835686,0.15,1151.8957578054417,1151.8957578054417,842.4509999999999,1684.9019999999998,842.4509999999999,842.4509999999999,1815.1936170212764,1.0,0.46411082107178064,rolling_liq,5616.339999999999,5616.339999999999,5616.339999999999,31.61,941.1326170212765,1,10155.916922614417,9214.78430559314
1.0,static_15,f2a059a9-b803-4538-b746-3868679fa790,2025-06-28 02:00:00+00:00,2025-06-27 12:45:00+00:00,NO,0.05228370666503901,0.055620964537275545,0.15,282.44094749812655,282.44094749812655,109.05750000000002,218.11500000000004,109.05750000000002,109.05750000000002,2181.1500000000005,1.0,0.049999999999999996,rolling_liq,727.0500000000002,727.0500000000002,727.0500000000002,7.26,-116.31750000000002,0,10039.599422614418,10155.916922614417
1.0,static_15,02291b17-b5ee-4973-b184-51149f2c1817,2025-06-28 02:00:00+00:00,2025-06-27 14:00:00+00:00,NO,0.14177390813827517,0.26749793988353804,0.15,1342.7860814026574,1342.7860814026574,897.9495000000001,1781.376,897.9495000000001,897.9495000000001,1952.825,1.0,0.4598207724706515,rolling_liq,5986.330000000001,5986.330000000001,5937.92,33.96,-931.9095000000001,0,9107.689922614418,10039.599422614418
1.0,static_15,8a325ea5-03e5-4940-bb7a-2eb4c8b2b077,2025-06-29 20:00:00+00:00,2025-06-29 04:30:00+00:00,NO,0.19611328840255737,0.26148438453674316,0.15,1190.7593469831645,1190.7593469831645,383.55449999999996,766.7489999999999,383.55449999999996,383.55449999999996,1600.2270833333332,1.0,0.23968754434591966,rolling_liq,2555.83,2557.0299999999997,2555.83,20.42,1196.2525833333332,1,10303.94250594775,9107.689922614418
1.0,static_15,475cc53b-e563-4217-a5dc-930581369bab,2025-06-29 22:00:00+00:00,2025-06-29 05:30:00+00:00,NO,0.07646610498428341,0.10769873941448369,0.15,554.8608094449444,554.8608094449444,125.958,223.93800000000002,125.958,125.958,450.75172413793103,1.0,0.27943986291099926,rolling_liq,773.46,839.72,746.46,6.36,318.433724137931,1,10622.376230085682,10303.94250594775
1.0,static_15,01384c8c-e038-4abe-b80a-901c44d112ce,2025-07-03 23:00:00+00:00,2025-07-03 05:45:00+00:00,YES,0.14452980518341063,0.23693410685805022,0.15,1258.4016123927668,1258.4016123927668,4851.2415,9632.867999999999,1258.4016123927668,1258.4016123927668,3595.433178265048,1.0,0.35,kelly,32341.61,32341.61,32109.559999999994,57.26,2279.771565872281,1,12902.147795957962,10622.376230085682
1.0,static_15,21815dfe-7533-4983-9fc4-01b7e5798634,2025-07-03 23:30:00+00:00,2025-07-03 12:15:00+00:00,YES,0.12719794988632205,0.23999613186098498,0.15,1548.2327818643219,1548.2327818643219,128.30999999999997,254.08199999999997,128.30999999999997,128.30999999999997,273.0,1.0,0.4699999999999999,rolling_liq,855.3999999999999,855.3999999999999,846.9399999999999,4.77,-133.07999999999998,0,12769.067795957963,12902.147795957962
1.0,static_15,a4d71aea-7129-4510-a0c0-686300cd53cf,2025-07-07 23:30:00+00:00,2025-07-07 12:30:00+00:00,NO,0.09287727117538447,0.13460474083389054,0.15,859.3885306826497,859.3885306826497,584.3460000000001,1143.567,584.3460000000001,584.3460000000001,2248.715384615385,1.0,0.2598576965310109,rolling_liq,3811.8900000000003,3895.6400000000012,3811.8900000000003,30.28,-614.6260000000001,0,12154.441795957962,12769.067795957963
1.0,static_15,66b295b9-ed48-41fe-8fd7-4cca0813f9f5,2025-07-08 15:30:00+00:00,2025-07-08 04:45:00+00:00,NO,0.07585252523422237,0.10836075033460339,0.15,658.5322164541346,658.5322164541346,579.534,1001.097,579.534,579.534,2093.835714285714,1.0,0.2767810273012278,rolling_liq,3397.92,3863.5600000000004,3336.9900000000002,29.34,-608.874,0,11545.567795957963,12154.441795957962
1.0,static_15,cba5ede2-0a93-430c-aa0b-4c48363996d9,2025-07-09 15:00:00+00:00,2025-07-09 01:30:00+00:00,YES,0.0751177150011062,0.08077173656032925,0.15,466.27778022726886,466.27778022726886,76.56450000000001,153.12900000000002,76.56450000000001,76.56450000000001,1095.9214285714288,1.0,0.0698631288739417,rolling_liq,510.43000000000006,510.43000000000006,510.43000000000006,4.99,1014.3669285714288,1,12559.934724529392,11545.567795957963
1.0,static_15,473b6ccd-bea1-4377-b656-99e755056013,2025-07-09 16:00:00+00:00,2025-07-09 02:00:00+00:00,NO,0.21722968339920046,0.28211647194701356,0.15,1771.6822361845088,1771.6822361845088,25.344,50.688,25.344,25.344,115.20000000000002,1.0,0.21999999999999997,rolling_liq,168.96,168.96,168.96,1.39,88.46600000000002,1,12648.400724529392,12559.934724529392
1.0,static_15,e3e04e5c-30b5-4cd3-bef5-9e4a16bf0e89,2025-07-10 19:00:00+00:00,2025-07-10 04:45:00+00:00,NO,0.176479022204876,0.5882634073495866,0.15,3720.29565386732,1897.2601086794089,299.022,493.99799999999993,299.022,299.022,439.7382352941176,1.0,0.68,rolling_liq,1798.5600000000002,1993.48,1646.6599999999999,6.7,134.01623529411762,1,12782.41695982351,12648.400724529392
1.0,static_15,9bb7fd31-2faf-4602-bf65-4532dd75baba,2025-07-13 22:00:00+00:00,2025-07-13 05:15:00+00:00,NO,0.0949998521804809,0.13768094518910276,0.15,879.9476244148591,879.9476244148591,481.56749999999994,930.4229999999999,481.56749999999994,481.56749999999994,1783.5833333333335,1.0,0.26999999999999996,rolling_liq,3210.45,3210.45,3101.41,24.61,1277.4058333333337,1,14059.822793156844,12782.41695982351
1.0,static_15,1dc8a33e-b81b-4a0d-91bf-0109943d729e,2025-07-13 22:00:00+00:00,2025-07-13 06:00:00+00:00,NO,0.2283735346794128,0.27850431058464975,0.15,1957.8606269752456,1957.8606269752456,1240.2495000000001,2467.7490000000003,1240.2495000000001,1240.2495000000001,8140.559375000001,1.0,0.1523543337585447,rolling_liq,8268.330000000002,8268.330000000002,8225.830000000002,73.6,-1313.8495,0,12745.973293156843,14059.822793156844
1.0,static_15,333e71e9-d362-4003-836b-7d936322e7d2,2025-07-16 00:00:00+00:00,2025-07-15 06:00:00+00:00,YES,0.06468308866024008,0.07187009851137786,0.15,458.02717810128684,458.02717810128684,299.565,599.13,299.565,299.565,2995.6499999999996,1.0,0.1,rolling_liq,1997.1,1997.1,1997.1,18.88,-318.445,0,12427.528293156844,12745.973293156843
1.0,static_15,e380b602-7a50-4ce9-99e7-63c43f11724e,2025-07-16 02:00:00+00:00,2025-07-15 13:30:00+00:00,NO,0.21980795383453366,0.4676764975202844,0.15,2906.0314524889154,1864.1292439735264,1153.3905,2143.101,1153.3905,1153.3905,2403.4385416666664,1.0,0.4798918216565589,rolling_liq,7143.67,7689.27,7143.67,42.0,-1195.3905,0,11232.137793156844,12427.528293156844
1.0,static_15,83fc47a0-fbb1-4f04-8af2-94e9a1fd566e,2025-07-16 17:00:00+00:00,2025-07-16 04:15:00+00:00,NO,0.1946576309204101,0.23738735478098796,0.15,1333.1837396265335,1333.1837396265335,37.509,75.018,37.509,37.509,227.5235294117647,1.0,0.16485767470720547,rolling_liq,250.06,250.06,250.06,2.2,-39.709,0,11192.428793156843,11232.137793156844
1.0,static_15,5e64c14b-9cf3-45d2-bd9d-f0af702d801f,2025-07-16 19:00:00+00:00,2025-07-16 07:00:00+00:00,NO,0.1349456548690796,0.207608699798584,0.15,1161.8227946677634,1161.8227946677634,2008.2225,3987.606000000001,1161.8227946677634,1161.8227946677634,3775.0735311863336,1.0,0.3077616330039154,kelly,13294.060000000001,13388.150000000001,13292.020000000004,56.3,-1218.1227946677634,0,9974.30599848908,11192.428793156843
1.0,static_15,1f15d85b-41ea-4e16-b597-b0e14ee9ba73,2025-07-16 23:30:00+00:00,2025-07-16 07:00:00+00:00,NO,0.10651913166046145,0.13656298930828392,0.15,681.0605217146083,681.0605217146083,1176.8190000000002,2350.3979999999997,681.0605217146083,681.0605217146083,3405.3026085730417,1.0,0.19999999999999998,kelly,7834.66,7845.460000000001,7834.66,38.14,-719.2005217146083,0,9255.105476774472,9974.30599848908
1.0,static_15,32cb5f24-0d87-4645-a3fd-dd1e0fd1a4f6,2025-07-23 00:00:00+00:00,2025-07-22 06:00:00+00:00,NO,0.09330237627029414,0.11378338569548066,0.15,526.5386180580925,526.5386180580925,278.9865,557.973,278.9865,278.9865,1551.0916666666667,1.0,0.17986461148331012,rolling_liq,1859.91,1859.91,1859.91,16.02,-295.00649999999996,0,8960.098976774472,9255.105476774472
1.0,static_15,17812353-7592-47dc-9fe1-36f6bb0d8b9d,2025-07-24 02:00:00+00:00,2025-07-23 07:00:00+00:00,NO,0.17903590440750117,0.2594723252282626,0.15,1162.4488578895243,1162.4488578895243,649.6155,1299.231,649.6155,649.6155,2548.751923076923,1.0,0.25487592343462223,rolling_liq,4330.77,4330.77,4330.77,33.89,1865.246423076923,1,10825.345399851396,8960.098976774472
1.0,static_15,d8bda49f-0b5d-428a-9697-070219652f4a,2025-07-25 00:30:00+00:00,2025-07-24 06:15:00+00:00,YES,0.12289219975471491,0.15755410224963448,0.15,852.7887880078986,852.7887880078986,1133.157,2266.314,852.7887880078986,852.7887880078986,4737.71548893277,1.0,0.18,kelly,7554.379999999999,7554.379999999999,7554.379999999999,48.96,-901.7487880078986,0,9923.596611843497,10825.345399851396
1.0,static_15,4d8cf7bd-df70-42d4-a4fd-14a6fcb736a9,2025-07-24 23:00:00+00:00,2025-07-24 12:45:00+00:00,YES,0.11587374210357665,0.21067953109741208,0.15,1045.3493404915275,1045.3493404915275,762.1350000000001,1522.6500000000005,762.1350000000001,762.1350000000001,1732.1250000000002,1.0,0.44,rolling_liq,5075.500000000002,5080.900000000001,5075.500000000002,29.88,940.1100000000001,1,10863.706611843498,9923.596611843497
1.0,static_15,585740b6-3c8b-4746-8808-e7635a88c710,2025-07-27 20:00:00+00:00,2025-07-27 04:15:00+00:00,YES,0.09930047273635859,0.1273082983799469,0.15,691.520001426387,691.520001426387,33.363,9.9,9.9,9.9,45.0,1.0,0.22,cumulative_liq,222.42000000000002,222.42000000000002,33.0,0.55,-10.450000000000001,0,10853.256611843497,10863.706611843498
1.0,static_15,548df81e-2319-4153-a4df-bf65932d74be,2025-07-27 23:00:00+00:00,2025-07-27 06:00:00+00:00,NO,0.06239434003829958,0.0810316104393501,0.15,439.7284308846015,439.7284308846015,0.0315,0.063,0.0315,0.0315,0.15,1.0,0.21000000000000002,rolling_liq,0.21,0.21,0.21,0.01,0.1085,1,10853.365111843497,10853.256611843497
1.0,static_15,d5b4c575-bc11-412e-893d-9c6ed1889586,2025-07-27 22:00:00+00:00,2025-07-27 12:30:00+00:00,YES,0.1230686521530151,0.17333612979297902,0.15,940.6401518585474,940.6401518585474,628.7235,1212.2939999999999,628.7235,628.7235,2384.7166666666662,1.0,0.26364704402339906,rolling_liq,4046.1999999999994,4191.49,4040.98,32.41,-661.1334999999999,0,10192.231611843497,10853.365111843497
1.0,static_15,6adda940-e25a-4b97-9334-bfcbbb00d303,2025-07-28 23:00:00+00:00,2025-07-28 12:30:00+00:00,YES,0.05657753527164458,0.06816570514655974,0.15,347.3803274191846,347.3803274191846,734.322,1334.2590000000002,347.3803274191846,347.3803274191846,2175.439546369904,1.0,0.15968282271913672,kelly,4892.250000000001,4895.4800000000005,4447.530000000001,20.44,-367.8203274191846,0,9824.411284424314,10192.231611843497
1.0,static_15,7a6fecee-f650-46ac-af8f-8dfc5ff13ae2,2025-07-29 23:30:00+00:00,2025-07-29 05:45:00+00:00,NO,0.11944526433944702,0.15926035245259604,0.15,782.319601898339,782.319601898339,424.923,849.846,424.923,424.923,1874.9260869565219,1.0,0.2266345339990214,rolling_liq,2832.82,2832.82,2832.82,23.01,1426.993086956522,1,11251.404371380835,9824.411284424314
1.0,static_15,185c1d82-80ca-427a-bb34-b717e2127e2e,2025-07-30 23:00:00+00:00,2025-07-30 05:30:00+00:00,YES,0.15933475494384763,0.2655579249064127,0.15,1493.9497985734179,1493.9497985734179,41.020500000000006,82.04100000000001,41.020500000000006,41.020500000000006,103.87625000000001,1.0,0.39489777499669076,rolling_liq,273.47,273.47,273.47,1.74,61.115750000000006,1,11312.520121380836,11251.404371380835
1.0,static_15,c2f7980e-2390-45e9-8977-c6e6d2c1f545,2025-07-31 00:00:00+00:00,2025-07-30 07:00:00+00:00,NO,0.09089968681335447,0.12452011892240339,0.15,704.3181754132114,704.3181754132114,743.928,1475.7030000000002,704.3181754132114,704.3181754132114,2709.10836697389,1.0,0.2599815437430966,kelly,4958.27,4959.52,4919.010000000001,36.49,-740.8081754132114,0,10571.711945967625,11312.520121380836
1.0,static_15,e8241b1f-576e-4bcf-b7d0-79606aa78b00,2025-07-31 00:00:00+00:00,2025-07-30 15:30:00+00:00,NO,0.16516225516796124,0.434637513599898,0.15,2297.4312973448536,1585.7567918951438,1726.7504999999996,3227.4,1585.7567918951438,1585.7567918951438,2779.804813612319,1.0,0.5704561644507962,portfolio,10758.0,11511.669999999998,10758.0,47.69,1146.358021717175,1,11718.0699676848,10571.711945967625
1.0,static_15,50578d4e-21ed-488c-ac01-1008b9b70e0d,2025-07-31 23:30:00+00:00,2025-07-31 05:45:00+00:00,NO,0.1513962113857269,0.2566037481114015,0.15,1503.4503371697847,1503.4503371697847,1223.4164999999998,2446.8329999999996,1223.4164999999998,1223.4164999999998,3502.675714285713,1.0,0.3492805500121744,rolling_liq,8156.109999999999,8156.109999999999,8156.109999999999,55.73,2223.5292142857134,1,13941.599181970512,11718.0699676848
1.0,static_15,a1ca524f-e7ce-449f-ab32-66adea0ba523,2025-08-01 23:30:00+00:00,2025-08-01 05:45:00+00:00,NO,0.15966734647750846,0.3894325523841671,0.15,2714.6562768758963,2091.2398772955767,172.96349999999998,345.92699999999996,172.96349999999998,172.96349999999998,295.7686440677966,1.0,0.5847932276429986,rolling_liq,1153.09,1153.09,1153.09,5.03,117.77514406779659,1,14059.374326038309,13941.599181970512
1.0,static_15,64fb0c10-3ce1-4592-a3f9-65395a9e58af,2025-08-01 23:30:00+00:00,2025-08-01 15:00:00+00:00,YES,0.10673018932342532,0.18089862597190728,0.15,1271.66074880252,1271.66074880252,976.8615,1937.8559999999998,976.8615,976.8615,2580.003947368421,1.0,0.3786279090760265,rolling_liq,6512.41,6512.41,6459.5199999999995,42.49,1560.652447368421,1,15620.02677340673,14059.374326038309
1.0,static_15,de06dc94-ceb2-41b8-bde0-f9f91c917d00,2025-08-03 22:00:00+00:00,2025-08-03 06:00:00+00:00,NO,0.07582804679870603,0.10531673166486949,0.15,822.5250841464768,822.5250841464768,247.6695,427.425,247.6695,247.6695,1008.4780000000001,1.0,0.24558740993854103,rolling_liq,1443.7900000000002,1651.13,1424.75,13.08,-260.7495,0,15359.27727340673,15620.02677340673
1.0,static_15,1dffe97b-d132-4697-af9f-8b08902da90d,2025-08-03 22:00:00+00:00,2025-08-03 06:00:00+00:00,YES,0.05085827469825738,0.05913752871890393,0.15,454.15485042884944,454.15485042884944,325.302,613.035,325.302,325.302,2596.4769230769225,1.0,0.12528591997440322,rolling_liq,2062.3,2168.6800000000003,2043.45,19.92,-345.22200000000004,0,15014.05527340673,15359.27727340673
1.0,static_15,cd325282-98cc-46dd-a9f0-e2d5d887b51f,2025-08-06 00:00:00+00:00,2025-08-05 07:00:00+00:00,YES,0.09239223599433899,0.12318964799245198,0.15,924.7880920350962,924.7880920350962,34.357499999999995,65.865,34.357499999999995,34.357499999999995,143.15624999999997,1.0,0.24000000000000002,rolling_liq,229.04999999999998,229.04999999999998,219.54999999999998,1.83,106.96874999999999,1,15121.02402340673,15014.05527340673
1.0,static_15,6a9e0ff7-c5b4-4a72-b217-41dc4a8caa4f,2025-08-06 02:00:00+00:00,2025-08-05 07:00:00+00:00,NO,0.3618546456098557,0.6579175374724648,0.15,4974.193444770869,2268.1536035110094,13.987499999999999,27.974999999999998,13.987499999999999,13.987499999999999,31.857954545454543,1.0,0.43905831995719635,rolling_liq,93.25,93.25,93.25,0.55,17.32045454545454,1,15138.344477952183,15121.02402340673
1.0,static_15,d300ee86-e2e0-4bf4-9247-1d7a3a859e07,2025-08-06 02:00:00+00:00,2025-08-05 07:00:00+00:00,NO,0.08956348419189453,0.10294653355390175,0.15,779.2200438750139,779.2200438750139,55.5105,111.021,55.5105,55.5105,531.0954545454545,1.0,0.10452075898015253,rolling_liq,370.07,370.07,370.07,3.48,-58.9905,0,15079.353977952183,15138.344477952183
1.0,static_15,0934f4d6-98dc-4543-b6bd-c04adfa95bf2,2025-08-08 02:00:00+00:00,2025-08-07 07:00:00+00:00,NO,0.14108287811279296,0.2275530292141822,0.15,1715.6763381379737,1715.6763381379737,302.169,604.338,302.169,302.169,839.3583333333333,1.0,0.36,rolling_liq,2014.4599999999998,2014.4599999999998,2014.4599999999998,13.54,-315.709,0,14763.644977952183,15079.353977952183
1.0,static_15,042c5181-7425-497a-8593-922c0cccfc16,2025-08-08 02:00:00+00:00,2025-08-07 07:00:00+00:00,NO,0.10052478075027471,0.12410466759293173,0.15,916.1186262244058,916.1186262244058,178.1985,356.397,178.1985,178.1985,1048.226470588235,1.0,0.17000000000000004,rolling_liq,1187.99,1187.99,1187.99,10.36,-188.55849999999998,0,14575.086477952183,14763.644977952183
1.0,static_15,25596e43-21b0-4411-b093-a5ca0b6480d6,2025-08-09 02:00:00+00:00,2025-08-08 07:30:00+00:00,YES,0.13616769552230834,0.2778932561679762,0.15,2025.1591201439862,2025.1591201439862,341.1405,679.782,341.1405,341.1405,696.2051020408164,1.0,0.4899999999999999,rolling_liq,2274.27,2274.27,2265.94,12.18,342.88460204081645,1,14917.971079993,14575.086477952183
1.0,static_15,3a283716-466b-440c-a344-5994da2e16aa,2025-08-10 00:30:00+00:00,2025-08-09 13:15:00+00:00,YES,0.124353095293045,0.1943017113953828,0.15,1449.2936556947334,1449.2936556947334,3395.0819999999994,6622.331999999999,1449.2936556947334,1449.2936556947334,4188.410444842095,1.0,0.3460247448956432,kelly,22633.879999999997,22633.879999999997,22074.44,66.35,2672.7667891473616,1,17590.73786914036,14917.971079993
1.0,static_15,2de72b4c-3c39-42c4-8321-18efac227563,2025-08-10 16:30:00+00:00,2025-08-10 02:30:00+00:00,NO,0.28335612535476684,0.4570260086367207,0.15,4019.7123586540165,2638.610680371054,424.6979999999999,840.7379999999999,424.6979999999999,424.6979999999999,1147.8324324324321,1.0,0.37000000000000005,rolling_liq,2831.3199999999997,2831.3199999999997,2802.46,18.73,704.4044324324323,1,18295.142301572792,17590.73786914036
1.0,static_15,56ef45bc-fa3c-47bb-926c-8b9f8433bdb6,2025-08-10 20:00:00+00:00,2025-08-10 04:30:00+00:00,NO,0.146348443031311,0.24804820852764578,0.15,2269.0386363317407,2269.0386363317407,1536.5249999999999,3072.699,1536.5249999999999,1536.5249999999999,3906.4874999999997,1.0,0.3933264857496664,rolling_liq,10243.5,10243.5,10242.33,65.26,2304.7024999999994,1,20599.84480157279,18295.142301572792
1.0,static_15,2eb1473f-e48b-4a13-bb64-bb3604b03c6d,2025-08-10 22:00:00+00:00,2025-08-10 12:00:00+00:00,NO,0.13645145893096922,0.22741909821828205,0.15,2342.3990641051246,2342.3990641051246,3091.3319999999994,6182.312999999999,2342.3990641051246,2342.3990641051246,6544.6640669586795,1.0,0.3579097475653388,kelly,20607.71,20608.879999999997,20607.71,105.29,4096.975002853555,1,24696.819804426348,20599.84480157279
1.0,static_15,4b134f76-aff1-49fb-b585-3e9073eb44c2,2025-08-14 02:00:00+00:00,2025-08-13 08:00:00+00:00,NO,0.21488385438919066,0.4385384783452871,0.15,5415.25288850044,3704.522970663952,1253.5964999999999,2501.493,1253.5964999999999,1253.5964999999999,2995.6107142857136,1.0,0.41847777283668613,rolling_liq,8338.31,8357.31,8338.31,51.03,1690.9842142857137,1,26387.80401871206,24696.819804426348
1.0,static_15,74f4d3c6-f105-49b3-bb25-ee57ac47d235,2025-08-13 23:30:00+00:00,2025-08-13 11:45:00+00:00,NO,0.12422191977500918,0.2343809807075645,0.15,3092.3996923123723,3092.3996923123723,1435.8765000000003,1876.4339999999997,1435.8765000000003,1435.8765000000003,3190.8366666666675,1.0,0.44999999999999996,rolling_liq,6254.78,9572.510000000002,6254.78,55.29,1699.6701666666672,1,28087.474185378727,26387.80401871206
1.0,static_15,fdec04dc-4b3e-4713-8640-3988c3e4f01f,2025-08-16 02:00:00+00:00,2025-08-15 07:15:00+00:00,NO,0.13219804048538208,0.20983815950060647,0.15,2946.911944040334,2946.911944040334,93.54299999999999,187.08599999999998,93.54299999999999,93.54299999999999,259.84166666666664,1.0,0.36,rolling_liq,623.62,623.62,623.62,4.2,162.09866666666665,1,28249.572852045392,28087.474185378727
1.0,static_15,f69e50f9-fa32-4c94-9a1b-f8a270e47e4c,2025-08-16 02:00:00+00:00,2025-08-15 16:45:00+00:00,YES,0.15301872491836543,0.340041610929701,0.15,4803.015130342731,4237.435927806809,696.888,1393.776,696.888,696.888,1292.1999999999998,1.0,0.5393035133880205,rolling_liq,4645.92,4645.92,4645.92,22.48,-719.368,0,27530.204852045394,28249.572852045392
1.0,static_15,673f7bf8-4cb2-4836-9dec-4131b50da342,2025-08-16 18:00:00+00:00,2025-08-16 03:15:00+00:00,YES,0.29983103513717646,0.6814341707663102,0.15,9380.011157190102,4129.5307278068085,2264.0865,4528.173,2264.0865,2264.0865,4240.586111111112,1.0,0.5339088608689443,rolling_liq,15093.91,15093.91,15093.91,73.87,1902.629611111112,1,29432.834463156505,27530.204852045394
1.0,static_15,3495c00d-950e-4e49-87e6-3a022d1d9c1b,2025-08-17 19:00:00+00:00,2025-08-17 03:45:00+00:00,YES,0.1182247066497803,0.20038085872844116,0.15,2948.888322269679,2948.888322269679,236.16899999999995,470.616,236.16899999999995,236.16899999999995,582.8756097560974,1.0,0.4051790743119688,rolling_liq,1574.4599999999998,1574.4599999999998,1568.72,9.84,336.8666097560975,1,29769.7010729126,29432.834463156505
1.0,static_15,b233aa62-25a1-489f-9f1a-ad31d9a6a7c2,2025-08-17 22:00:00+00:00,2025-08-17 10:45:00+00:00,NO,0.13120973110198975,0.2624194622039795,0.15,3906.074472763478,3906.074472763478,1035.108,2067.5699999999997,1035.108,1035.108,2300.2400000000002,1.0,0.44999999999999996,rolling_liq,6900.72,6900.72,6891.9,39.86,1225.2720000000004,1,30994.973072912602,29769.7010729126
1.0,static_15,b6df91b4-c8f5-45f8-bebf-c6845d61912b,2025-08-19 23:00:00+00:00,2025-08-19 05:30:00+00:00,NO,0.2621755397319794,0.5140696857489792,0.15,7966.788033695126,4649.24596093689,980.0325,1960.065,980.0325,980.0325,2344.077380952381,1.0,0.418088800294562,rolling_liq,6533.55,6533.55,6533.55,39.93,-1019.9625,0,29975.0105729126,30994.973072912602
1.0,static_15,2cc91c72-9797-403a-adc1-51f134d84117,2025-08-20 02:00:00+00:00,2025-08-19 07:00:00+00:00,YES,0.09672302126884458,0.13433752954006192,0.15,2013.3844341511574,2013.3844341511574,75.47850000000001,150.95700000000002,75.47850000000001,75.47850000000001,287.06851851851854,1.0,0.26292851751743357,rolling_liq,503.19000000000005,503.19000000000005,503.19000000000005,3.9,-79.37850000000002,0,29895.632072912602,29975.0105729126
1.0,static_15,a1382913-f5c5-4721-9dee-4195779e9b68,2025-08-23 20:00:00+00:00,2025-08-23 04:00:00+00:00,NO,0.19466778397560125,0.34762104281357364,0.15,5196.175398378398,4484.34481093689,325.125,650.25,325.125,325.125,774.1071428571429,1.0,0.42,rolling_liq,2167.5,2167.5,2167.5,13.21,435.7721428571429,1,30331.404215769744,29895.632072912602
1.0,static_15,bb8576ec-3270-4ee6-9d85-f37e6e502af7,2025-08-24 19:00:00+00:00,2025-08-24 03:45:00+00:00,YES,0.1296231734752655,0.16618355573751986,0.15,2520.290301544308,2520.290301544308,271.6365,514.5630000000001,271.6365,271.6365,1273.3022727272728,1.0,0.21333229808675724,rolling_liq,1810.91,1810.91,1715.2100000000003,14.96,-286.5965,0,30044.807715769744,30331.404215769744
1.0,static_15,0962940f-0261-4fce-b716-3a16393d43b7,2025-08-24 20:00:00+00:00,2025-08-24 05:45:00+00:00,NO,0.17109873175621026,0.39790402734002395,0.15,5977.474995380703,4506.721157365461,904.2299999999999,1715.5860000000002,904.2299999999999,904.2299999999999,1776.156862745098,1.0,0.5090935485295416,rolling_liq,5718.620000000001,6028.2,5718.620000000001,31.08,840.846862745098,1,30885.65457851484,30044.807715769744
1.0,static_15,ab22cb38-adf5-49e7-8d94-af37949f1527,2025-08-26 23:00:00+00:00,2025-08-26 06:00:00+00:00,YES,0.11368976593017577,0.18637666545930454,0.15,2878.182655435749,2878.182655435749,485.0879999999999,960.8159999999999,485.0879999999999,485.0879999999999,1282.836842105263,1.0,0.37813694156454236,rolling_liq,3202.72,3233.9199999999996,3202.72,21.12,776.6288421052631,1,31662.283420620104,30885.65457851484
1.0,static_15,467aedcd-fa42-4992-9a69-fce47d1ece15,2025-08-28 00:00:00+00:00,2025-08-27 16:00:00+00:00,NO,0.15859810590744017,0.33041272064050037,0.15,5230.810603348848,4749.342513093015,771.6015,1364.115,771.6015,771.6015,1518.0225490196076,1.0,0.5082938329857665,rolling_liq,5144.01,5144.01,4547.05,26.56,719.8610490196077,1,32382.144469639712,31662.283420620104
1.0,static_15,6d17df9c-9585-4b14-b1ab-7334c0443b45,2025-08-30 02:00:00+00:00,2025-08-29 07:15:00+00:00,NO,0.14991149187088015,0.28285187145449087,0.15,4579.675082473642,4579.675082473642,913.9725,1823.76,913.9725,913.9725,2124.2329545454545,1.0,0.43026001364128763,rolling_liq,6093.15,6093.15,6079.2,36.46,1173.8004545454546,1,33555.94492418517,32382.144469639712
1.0,static_15,eef5e74b-cdc8-45c9-b34e-c80089a44b6d,2025-09-01 00:00:00+00:00,2025-08-31 06:00:00+00:00,NO,0.12026148080825805,0.1625155146057541,0.15,2726.6808287181475,2726.6808287181475,358.71450000000004,717.4290000000001,358.71450000000004,358.71450000000004,1677.06590909091,1.0,0.21389409805274082,rolling_liq,2391.4300000000003,2391.4300000000003,2391.4300000000003,19.74,-378.45450000000005,0,33177.49042418517,33555.94492418517
1.0,static_15,2f5baf0d-dd06-464d-95dd-177924f443c9,2025-09-04 00:00:00+00:00,2025-09-03 06:00:00+00:00,NO,0.20699598312377931,0.3980691983149602,0.15,6603.46850762883,4976.623563627775,374.07300000000004,748.1460000000001,374.07300000000004,374.07300000000004,833.7177777777778,1.0,0.44868060867919607,rolling_liq,2493.82,2493.82,2493.82,14.44,-388.51300000000003,0,32788.97742418517,33177.49042418517
1.0,static_15,b69d86fb-d73a-4b99-bec9-88e73e7ce25b,2025-09-05 02:00:00+00:00,2025-09-04 12:45:00+00:00,NO,0.05718323230743405,0.06807527655646911,0.15,1116.0593530776139,1116.0593530776139,105.51449999999998,208.64400000000003,105.51449999999998,105.51449999999998,753.6749999999998,1.0,0.14,rolling_liq,695.4800000000001,703.43,695.4800000000001,6.36,-111.87449999999998,0,32677.10292418517,32788.97742418517
1.0,static_15,f9c188c7-35cd-436c-8d11-7f1b0131ba33,2025-09-05 23:30:00+00:00,2025-09-05 10:30:00+00:00,NO,0.06474714040756224,0.07528737256693284,0.15,1230.0866111305697,1230.0866111305697,169.7925,335.427,169.7925,169.7925,1306.0961538461536,1.0,0.13,rolling_liq,1118.0900000000001,1131.95,1118.0900000000001,10.35,-180.14249999999998,0,32496.960424185167,32677.10292418517
1.0,static_15,e9ff9be0-15cb-4e16-86a5-89be878b6745,2025-09-10 02:00:00+00:00,2025-09-09 07:00:00+00:00,NO,0.2139049685001373,0.30127460352132013,0.15,4895.254433722209,4874.544063627774,900.4125,1800.825,900.4125,900.4125,3429.7870370370374,1.0,0.2625272328213878,rolling_liq,6002.75,6002.75,6002.75,46.49,-946.9025,0,31550.057924185166,32496.960424185167
1.0,static_15,31d89653-50a1-4688-b507-15c8e12dad33,2025-09-09 23:30:00+00:00,2025-09-09 12:30:00+00:00,NO,0.16207829356193537,0.3683597580953077,0.15,5810.885852422896,4732.508688627775,830.5949999999999,1643.4060000000002,830.5949999999999,830.5949999999999,1566.898148148148,1.0,0.5300886984783572,rolling_liq,5478.02,5537.299999999999,5478.02,27.33,-857.925,0,30692.132924185167,31550.057924185166
1.0,static_15,93a98ff0-ed90-4c11-8f56-dfd70e55ed58,2025-09-12 00:00:00+00:00,2025-09-11 07:00:00+00:00,NO,0.1892402425408365,0.6308008084694549,0.15,9680.31113111399,4603.819938627775,272.83050000000003,517.941,272.83050000000003,272.83050000000003,409.50820895522395,1.0,0.6662393916255573,rolling_liq,1818.8700000000001,1818.8700000000001,1726.4700000000003,6.38,-279.2105,0,30412.922424185166,30692.132924185167
1.0,static_15,2fb00c07-3995-4420-aa53-e0b95160a91a,2025-09-18 02:00:00+00:00,2025-09-17 16:15:00+00:00,YES,0.07049068570137018,0.08702553790292615,0.15,1323.3504665823393,1323.3504665823393,643.9125,1278.9899999999998,643.9125,643.9125,4046.578125,1.0,0.1591251867897645,rolling_liq,4269.1900000000005,4292.75,4263.299999999999,37.91,-681.8225,0,29731.099924185168,30412.922424185166
1.0,static_15,30981dda-706d-44fc-9eb4-b6f8c5a3e874,2025-09-24 01:30:00+00:00,2025-09-22 23:30:00+00:00,NO,0.11262015342712406,0.14255715623686588,0.15,2119.190528492968,2119.190528492968,375.92999999999995,751.1999999999999,375.92999999999995,375.92999999999995,1879.65,1.0,0.19999999999999996,rolling_liq,2506.2,2506.2,2504.0,21.06,-396.98999999999995,0,29334.109924185166,29731.099924185168
1.0,static_15,fb31c505-de82-4d70-a8a2-a91dbaacd1ee,2025-09-29 00:00:00+00:00,2025-09-28 02:30:00+00:00,NO,0.18119778752326965,0.29225449600527365,0.15,4286.5127558280155,4286.5127558280155,3045.7004999999995,6089.780999999999,3045.7004999999995,3045.7004999999995,8702.972857142857,1.0,0.34996093288976293,rolling_liq,20299.269999999997,20304.67,20299.269999999997,138.59,-3184.2904999999996,0,26149.819424185167,29334.109924185166
1.0,static_15,fc11987d-5051-4621-94f9-17a356691802,2025-10-01 01:30:00+00:00,2025-09-30 01:15:00+00:00,NO,0.06506288051605225,0.08675050735473633,0.15,1134.255051141401,1134.255051141401,2017.1580000000001,3883.1910000000003,1134.255051141401,1134.255051141401,5126.804570180004,1.0,0.22124015760982615,kelly,13444.47,13447.720000000001,12943.970000000001,61.84,-1196.095051141401,0,24953.724373043766,26149.819424185167
1.0,static_15,4a8a3c5a-81ad-462c-b4cb-3300d1eea8c3,2025-10-09 00:00:00+00:00,2025-10-07 11:00:00+00:00,NO,0.16387164235115048,0.2777485463578822,0.15,3465.4303354140807,3465.4303354140807,8132.152499999999,16264.304999999998,3465.4303354140807,3465.4303354140807,9422.081987605621,1.0,0.3677987879932183,kelly,54214.35,54214.35,54214.35,153.36,5803.29165219154,1,30757.016025235305,24953.724373043766
1.0,static_20,d1bd5e4c-1d9e-47c6-b24e-52544a1a2c13,2025-05-22 23:30:00+00:00,2025-05-22 13:00:00+00:00,YES,0.18705255270004273,0.2969088138095916,0.2,742.2720345239791,742.2720345239791,159.50999999999993,311.232,159.50999999999993,159.50999999999993,458.4285714285713,1.0,0.3479495169834839,rolling_liq,1037.44,1063.3999999999996,1037.44,7.29,-166.79999999999993,0,4833.2,5000.0
1.0,static_20,b8786c5b-6a05-49e0-9ba2-0bc7db3e8a60,2025-05-24 02:00:00+00:00,2025-05-23 12:30:00+00:00,NO,0.08980293750762935,0.10819631025015586,0.2,261.46720335052663,261.46720335052663,131.1855,262.371,131.1855,131.1855,1394.0549999999998,1.0,0.09410353250051111,rolling_liq,874.5699999999999,874.5699999999999,874.5699999999999,8.32,-139.50549999999998,0,4693.6945,4833.2
1.0,static_20,a35a38a3-fdb6-40a3-86f1-842d77ac32bf,2025-05-24 02:00:00+00:00,2025-05-23 12:30:00+00:00,NO,0.32377356052398687,0.3997204450913418,0.2,938.0828273313914,938.0828273313914,38.091,76.182,38.091,38.091,238.06875,1.0,0.16,rolling_liq,253.94,253.94,253.94,2.24,197.73774999999998,1,4891.43225,4693.6945
1.0,static_20,92c4a40c-74f4-4a28-be37-18237fca81a5,2025-05-23 23:30:00+00:00,2025-05-23 12:30:00+00:00,NO,0.09931676149368285,0.11548460638800331,0.2,282.4425640324177,282.4425640324177,57.832499999999996,115.66499999999999,57.832499999999996,57.832499999999996,722.9062499999999,1.0,0.08,rolling_liq,385.55,385.55,385.55,3.73,-61.56249999999999,0,4829.86975,4891.43225
1.0,static_20,10582ee6-a493-4e18-9878-6203b5e8065d,2025-05-24 02:00:00+00:00,2025-05-23 12:30:00+00:00,NO,0.08664486169815067,0.13128009348204644,0.2,317.0328761430541,317.0328761430541,152.49299999999997,304.98599999999993,152.49299999999997,152.49299999999997,508.7433333333332,1.0,0.29974446839598223,rolling_liq,1016.6199999999999,1016.6199999999999,1016.6199999999999,7.48,-159.97299999999996,0,4669.89675,4829.86975
1.0,static_20,b0d98920-a05f-481d-9dea-7046f3e6fc33,2025-05-25 19:00:00+00:00,2025-05-25 05:00:00+00:00,NO,0.19932658433914185,0.26227182149887085,0.2,612.3911634170786,612.3911634170786,146.769,293.538,146.769,146.769,733.845,1.0,0.2,rolling_liq,978.4600000000002,978.4600000000002,978.4600000000002,8.22,-154.989,0,4514.90775,4669.89675
1.0,static_20,bbd4ae77-444a-4dfe-ad87-70233844aa1d,2025-05-25 22:00:00+00:00,2025-05-25 14:00:00+00:00,NO,0.1071816420555115,0.1623964273568356,0.2,366.60244422284455,366.60244422284455,54.91499999999999,109.82999999999998,54.91499999999999,54.91499999999999,170.0151515151515,1.0,0.32300062383031813,rolling_liq,366.09999999999997,366.09999999999997,366.09999999999997,2.61,-57.52499999999999,0,4457.382750000001,4514.90775
1.0,static_20,5f3d74e1-8cdd-4616-aedf-f1e90dc75db0,2025-05-27 23:00:00+00:00,2025-05-27 05:45:00+00:00,NO,0.0740113401412964,0.08315880914752405,0.2,185.335320702358,185.335320702358,68.42699999999999,136.85399999999998,68.42699999999999,68.42699999999999,984.2428571428569,1.0,0.06952247557948824,rolling_liq,456.18,456.18,456.18,4.46,-72.88699999999999,0,4384.495750000001,4457.382750000001
1.0,static_20,8a594783-4b88-43cd-b381-a8660e3a0766,2025-05-27 23:00:00+00:00,2025-05-27 13:00:00+00:00,YES,0.3129020285606384,0.5046806912268361,0.2,1106.3851728955628,876.8991500000002,241.96949999999998,478.2389999999999,241.96949999999998,241.96949999999998,653.9716216216216,1.0,0.37,rolling_liq,1594.1299999999999,1613.1299999999999,1594.1299999999999,10.68,-252.6495,0,4131.8462500000005,4384.495750000001
1.0,static_20,ee675eed-ef15-494e-a8f4-e0202373e26c,2025-05-28 00:00:00+00:00,2025-05-27 13:00:00+00:00,NO,0.08173902988433834,0.11512539420329344,0.2,237.84021415932492,237.84021415932492,50.05649999999999,100.11299999999999,50.05649999999999,50.05649999999999,200.22599999999997,1.0,0.25,rolling_liq,333.71,333.71,333.71,2.63,-52.686499999999995,0,4079.1597500000007,4131.8462500000005
1.0,static_20,a17fdde4-604b-4197-8c9a-97dc9b78c44e,2025-05-29 23:00:00+00:00,2025-05-29 13:00:00+00:00,NO,0.09309141159057621,0.10118631694627848,0.2,206.3775756690011,206.3775756690011,15.528,31.056,15.528,15.528,226.97142857142856,1.0,0.06841389728096678,rolling_liq,103.52000000000001,103.52000000000001,103.52000000000001,1.02,-16.548000000000002,0,4062.611750000001,4079.1597500000007
1.0,static_20,1d299098-034f-480d-af99-bcebd640859e,2025-05-30 23:30:00+00:00,2025-05-30 12:15:00+00:00,NO,0.07657644748687742,0.0900899382198558,0.2,183.00022078438016,183.00022078438016,45.357000000000006,53.55600000000001,45.357000000000006,45.357000000000006,356.6692307692308,1.0,0.1271682446567602,rolling_liq,302.38000000000005,302.38000000000005,178.52000000000004,2.78,308.5322307692308,1,4371.143980769231,4062.611750000001
1.0,static_20,c9d9dbf0-f3e6-4f3f-b2a5-e83fe165023d,2025-06-01 22:00:00+00:00,2025-06-01 05:15:00+00:00,NO,0.14538862824440002,0.23449778749096778,0.2,512.5117961474231,512.5117961474231,242.52899999999997,484.30199999999996,242.52899999999997,242.52899999999997,692.94,1.0,0.3499999999999999,rolling_liq,1616.86,1616.86,1614.34,11.04,439.37100000000004,1,4810.514980769231,4371.143980769231
1.0,static_20,9998a61a-229c-44c2-b892-ee5b1ea16c23,2025-06-02 00:30:00+00:00,2025-06-01 12:15:00+00:00,YES,0.0670652312040329,0.08178686732199134,0.2,196.7184752413124,196.7184752413124,447.516,892.0079999999999,196.7184752413124,196.7184752413124,1391.4565016087492,1.0,0.14137594313144103,kelly,2983.44,2983.44,2973.3599999999997,11.83,-208.54847524131242,0,4601.966505527919,4810.514980769231
1.0,static_20,272d53ae-a46b-43bc-ac0f-8a846e03a9d1,2025-06-04 00:00:00+00:00,2025-06-03 12:30:00+00:00,NO,0.12299813508987423,0.14819052420466775,0.2,340.9839144132527,340.9839144132527,108.41550000000001,212.466,108.41550000000001,108.41550000000001,840.1192307692309,1.0,0.12904775421071185,rolling_liq,708.22,722.7700000000001,708.22,6.61,-115.02550000000001,0,4486.9410055279195,4601.966505527919
1.0,static_20,f8baaf5b-f1fa-4923-9eec-e85ed7a82142,2025-06-05 23:30:00+00:00,2025-06-05 06:15:00+00:00,YES,0.0730656540393829,0.08496006283649174,0.2,190.60539488664173,190.60539488664173,83.66400000000002,167.32800000000003,83.66400000000002,83.66400000000002,707.2833333333334,1.0,0.11828922873907205,rolling_liq,557.7600000000001,557.7600000000001,557.7600000000001,5.17,-88.83400000000002,0,4398.10700552792,4486.9410055279195
1.0,static_20,45eb60bf-a1b9-4f49-90cb-62097ff47bbd,2025-06-06 02:00:00+00:00,2025-06-05 13:00:00+00:00,NO,0.1447575712203979,0.20979358147883756,0.2,461.34731020843395,461.34731020843395,399.006,786.7619999999998,399.006,399.006,1390.055172413793,1.0,0.28704328282677943,rolling_liq,2622.5399999999995,2660.04,2622.5399999999995,19.92,-418.926,0,3979.1810055279198,4398.10700552792
1.0,static_20,772cef5b-3110-4eaf-a68b-6eb3cd04f42a,2025-06-06 23:30:00+00:00,2025-06-06 12:15:00+00:00,YES,0.1407347512245178,0.18277240418768548,0.2,363.64223953915484,363.64223953915484,331.155,662.31,331.155,331.155,1794.2894736842104,1.0,0.18456052095097017,rolling_liq,2207.7,2207.7,2207.7,18.91,1444.2244736842104,1,5423.40547921213,3979.1810055279198
1.0,static_20,8b0ee0bd-54cf-4be2-a8ba-b16813be20b6,2025-06-07 19:00:00+00:00,2025-06-07 04:30:00+00:00,YES,0.1381078326702118,0.1644140865121569,0.2,445.8421288248444,445.8421288248444,266.2004999999999,446.43300000000005,266.2004999999999,266.2004999999999,1847.136666666666,1.0,0.14411521616339523,rolling_liq,1761.71,1774.6699999999996,1488.1100000000001,15.95,1564.9861666666661,1,6988.391645878795,5423.40547921213
1.0,static_20,639e72ff-50dd-401b-a2a8-dd49fdd02b89,2025-06-08 02:00:00+00:00,2025-06-07 12:15:00+00:00,YES,0.13786698698997496,0.20577162237309699,0.2,719.0063433755386,719.0063433755386,232.88249999999994,459.045,232.88249999999994,232.88249999999994,727.7578124999998,1.0,0.32,rolling_liq,1552.5499999999997,1552.5499999999997,1530.15,11.09,-243.97249999999994,0,6744.4191458787955,6988.391645878795
1.0,static_20,5e1d090c-1c51-494b-8c1f-1f1ba520ee2a,2025-06-10 02:00:00+00:00,2025-06-09 12:30:00+00:00,NO,0.24757077574729924,0.3640746702166165,0.2,1227.7360881692284,1227.7360881692284,463.098,923.1360000000001,463.098,463.098,1653.9214285714288,1.0,0.27999999999999997,rolling_liq,3087.32,3087.32,3077.1200000000003,23.35,1167.473428571429,1,7911.892574450225,6744.4191458787955
1.0,static_20,4a60d4ef-8d10-4f25-bab6-346332242fd5,2025-06-10 23:30:00+00:00,2025-06-10 12:15:00+00:00,NO,0.12558921575546267,0.19321417808532718,0.2,764.3449104359017,764.3449104359017,265.755,520.248,265.755,265.755,805.3181818181818,1.0,0.33,rolling_liq,1771.7,1771.7,1734.16,12.47,-278.225,0,7633.6675744502245,7911.892574450225
1.0,static_20,84da0d09-cdf5-46a5-89eb-d489373ed8ed,2025-06-12 02:00:00+00:00,2025-06-11 13:30:00+00:00,NO,0.11724735021591182,0.1429845734340388,0.2,545.7483509350095,545.7483509350095,1.8585,3.0029999999999997,1.8585,1.8585,10.93235294117647,1.0,0.17,rolling_liq,10.01,12.39,10.01,0.11,8.963852941176471,1,7642.631427391401,7633.6675744502245
1.0,static_20,c95f06b7-8138-460b-bc1d-e9c9478156eb,2025-06-13 23:30:00+00:00,2025-06-13 06:00:00+00:00,NO,0.07324323654174802,0.08616851357852709,0.2,329.2770949634269,329.2770949634269,250.69500000000002,499.24799999999993,250.69500000000002,250.69500000000002,2089.125,1.0,0.12000000000000001,rolling_liq,1671.3000000000002,1671.3000000000002,1664.1599999999999,15.45,-266.14500000000004,0,7376.486427391401,7642.631427391401
1.0,static_20,ee13e918-b149-4c1e-8ae9-03cf0618c5d9,2025-06-15 00:30:00+00:00,2025-06-14 06:30:00+00:00,YES,0.22761168122291559,0.30758335300393996,0.2,1134.4422143625507,1134.4422143625507,1896.9705000000001,3793.9410000000003,1134.4422143625507,1134.4422143625507,5673.461071812754,1.0,0.1999559351872101,kelly,12646.470000000001,12646.470000000001,12646.470000000001,63.54,4475.478857450204,1,11851.965284841604,7376.486427391401
1.0,static_20,7162ed3d-7135-4801-b3a8-ba85cbcaa7ea,2025-06-15 22:00:00+00:00,2025-06-15 05:30:00+00:00,YES,0.2125312566757202,0.38642046668312763,0.2,2289.9209782403605,2289.9209782403605,1017.9945,2035.989,1017.9945,1017.9945,2850.7347222222224,1.0,0.3570989934855975,rolling_liq,6786.63,6786.63,6786.63,45.82,-1063.8145,0,10788.150784841604,11851.965284841604
1.0,static_20,acf4a696-dabb-4821-9d7a-7417121d43a8,2025-06-17 23:00:00+00:00,2025-06-17 05:45:00+00:00,NO,0.10341833353042607,0.1124112320982892,0.2,606.3546608930851,606.3546608930851,105.48900000000002,209.907,105.48900000000002,105.48900000000002,1507.4142857142858,1.0,0.06998009837090952,rolling_liq,703.2600000000001,703.2600000000001,699.69,6.87,-112.35900000000002,0,10675.791784841604,10788.150784841604
1.0,static_20,f992552a-94d9-40c8-aa4b-fa5c7bf321fd,2025-06-18 00:00:00+00:00,2025-06-17 06:15:00+00:00,NO,0.2464600276947021,0.4323860134994774,0.2,2308.0315253990657,2135.1583569683207,1320.4574999999998,2640.9149999999995,1320.4574999999998,1320.4574999999998,3255.3109756097547,1.0,0.4056317537382627,rolling_liq,8803.05,8803.05,8803.05,54.94,-1375.3974999999998,0,9300.394284841605,10675.791784841604
1.0,static_20,326d833a-4a17-4fec-882e-c3699065a0ed,2025-06-18 00:00:00+00:00,2025-06-17 07:00:00+00:00,NO,0.11250839233398435,0.13236281451056983,0.2,615.5131817998265,615.5131817998265,37.047000000000004,74.09400000000001,37.047000000000004,37.047000000000004,308.9750000000001,1.0,0.11990290476575773,rolling_liq,246.98000000000002,246.98000000000002,246.98000000000002,2.29,-39.337,0,9261.057284841605,9300.394284841605
1.0,static_20,4f5eef0b-7151-49c4-bc34-46d08d1e5ca1,2025-06-18 02:00:00+00:00,2025-06-17 12:30:00+00:00,YES,0.15919422030448907,0.20674574065518062,0.2,957.3420738023168,957.3420738023168,126.67649999999999,217.614,126.67649999999999,126.67649999999999,550.9847826086956,1.0,0.22990925339214766,rolling_liq,836.23,844.51,725.38,6.83,-133.5065,0,9127.550784841605,9261.057284841605
1.0,static_20,42f7582e-79b3-4a78-88ba-0245ebd00b6b,2025-06-18 23:00:00+00:00,2025-06-18 06:15:00+00:00,YES,0.2191847121715545,0.2548659443855285,0.2,1163.1509253527638,1163.1509253527638,927.7379999999999,1849.68,927.7379999999999,927.7379999999999,9277.38,1.0,0.1,rolling_liq,6184.08,6184.92,6165.6,58.45,-986.188,0,8141.362784841605,9127.550784841605
1.0,static_20,57909126-867a-49a0-bc68-8c65ff35b9dd,2025-06-20 02:00:00+00:00,2025-06-19 13:45:00+00:00,YES,0.23086082577705377,0.2748343164012545,0.2,1118.762937773278,1118.762937773278,47.268,94.48799999999999,47.268,47.268,303.925,1.0,0.1555252118121247,rolling_liq,314.96,315.12,314.96,2.8,253.85700000000003,1,8395.219784841605,8141.362784841605
1.0,static_20,5cc2b6cf-49a3-4f54-a14e-88d92bf3ac7a,2025-06-20 23:30:00+00:00,2025-06-20 06:00:00+00:00,YES,0.19484763860702514,0.31427038485004055,0.2,1319.184476341423,1319.184476341423,409.9874999999999,819.9749999999998,409.9874999999999,409.9874999999999,1172.9071428571426,1.0,0.3495481313220508,rolling_liq,2733.2499999999995,2733.2499999999995,2733.2499999999995,18.67,-428.6574999999999,0,7966.562284841605,8395.219784841605
1.0,static_20,36996288-3356-4ce9-b751-b31f6890cd69,2025-06-22 19:00:00+00:00,2025-06-22 07:15:00+00:00,YES,0.12237302303314207,0.22661670932063344,0.2,902.6780647943357,902.6780647943357,28.635000000000005,55.89,28.635000000000005,28.635000000000005,62.25000000000001,1.0,0.46,rolling_liq,186.3,190.90000000000003,186.3,1.09,32.525,1,7999.087284841605,7966.562284841605
1.0,static_20,4bfeb202-768f-487c-a416-9c9a314242a6,2025-06-25 00:00:00+00:00,2025-06-24 06:15:00+00:00,YES,0.08991959929466248,0.13031825984733694,0.2,521.2135676637586,521.2135676637586,0.6975,1.395,0.6975,0.6975,2.25,1.0,0.31,rolling_liq,4.65,4.65,4.65,0.04,1.5125,1,8000.599784841605,7999.087284841605
1.0,static_20,e6fdfe56-f4ef-4bab-8f24-19a99adb7f6f,2025-06-26 02:00:00+00:00,2025-06-25 12:15:00+00:00,NO,0.07732540607452387,0.08226107029204668,0.2,329.0689506396944,329.0689506396944,89.04,178.08,89.04,89.04,1780.8000000000002,1.0,0.049999999999999996,rolling_liq,593.6,593.6,593.6,5.93,-94.97,0,7905.629784841604,8000.599784841605
1.0,static_20,1c528f37-bdd0-449a-99b5-7a8d174e4243,2025-06-26 02:00:00+00:00,2025-06-25 15:45:00+00:00,YES,0.0853763997554779,0.10672049969434737,0.2,421.84638051840597,421.84638051840597,160.47750000000002,318.9750000000001,160.47750000000002,160.47750000000002,805.1375000000003,1.0,0.19931688686715,rolling_liq,1069.8500000000001,1069.8500000000001,1063.2500000000002,9.0,-169.47750000000002,0,7736.152284841604,7905.629784841604
1.0,static_20,fd8a85e4-5aac-47f6-b278-e1f1fa69b82d,2025-06-27 02:00:00+00:00,2025-06-26 12:15:00+00:00,NO,0.08030236721038819,0.10566100948735288,0.2,408.7048299821277,408.7048299821277,965.8785,1927.8239999999998,408.7048299821277,408.7048299821277,2043.524149910639,1.0,0.19999999999999996,kelly,6439.1900000000005,6439.1900000000005,6426.08,22.89,1611.9293199285112,1,9348.081604770116,7736.152284841604
1.0,static_20,4e456309-00d3-4582-8f89-1c9049054791,2025-06-27 23:30:00+00:00,2025-06-27 12:30:00+00:00,NO,0.12750528216362,0.2500103571835686,0.2,1168.558610494862,1168.558610494862,842.4509999999999,1684.9019999999998,842.4509999999999,842.4509999999999,1815.1936170212764,1.0,0.46411082107178064,rolling_liq,5616.339999999999,5616.339999999999,5616.339999999999,31.61,941.1326170212765,1,10289.214221791392,9348.081604770116
1.0,static_20,f2a059a9-b803-4538-b746-3868679fa790,2025-06-28 02:00:00+00:00,2025-06-27 12:45:00+00:00,NO,0.05228370666503901,0.055620964537275545,0.2,286.1480096733451,286.1480096733451,109.05750000000002,218.11500000000004,109.05750000000002,109.05750000000002,2181.1500000000005,1.0,0.049999999999999996,rolling_liq,727.0500000000002,727.0500000000002,727.0500000000002,7.26,-116.31750000000002,0,10172.896721791392,10289.214221791392
1.0,static_20,02291b17-b5ee-4973-b184-51149f2c1817,2025-06-28 02:00:00+00:00,2025-06-27 14:00:00+00:00,NO,0.14177390813827517,0.26749793988353804,0.2,1360.6144578635976,1360.6144578635976,897.9495000000001,1781.376,897.9495000000001,897.9495000000001,1952.825,1.0,0.4598207724706515,rolling_liq,5986.330000000001,5986.330000000001,5937.92,33.96,-931.9095000000001,0,9240.987221791393,10172.896721791392
1.0,static_20,8a325ea5-03e5-4940-bb7a-2eb4c8b2b077,2025-06-29 20:00:00+00:00,2025-06-29 04:30:00+00:00,NO,0.19611328840255737,0.26148438453674316,0.2,1208.1869281010152,1208.1869281010152,383.55449999999996,766.7489999999999,383.55449999999996,383.55449999999996,1600.2270833333332,1.0,0.23968754434591966,rolling_liq,2555.83,2557.0299999999997,2555.83,20.42,1196.2525833333332,1,10437.239805124726,9240.987221791393
1.0,static_20,475cc53b-e563-4217-a5dc-930581369bab,2025-06-29 22:00:00+00:00,2025-06-29 05:30:00+00:00,NO,0.07646610498428341,0.10769873941448369,0.2,562.0387849893021,562.0387849893021,125.958,223.93800000000002,125.958,125.958,450.75172413793103,1.0,0.27943986291099926,rolling_liq,773.46,839.72,746.46,6.36,318.433724137931,1,10755.673529262656,10437.239805124726
1.0,static_20,01384c8c-e038-4abe-b80a-901c44d112ce,2025-07-03 23:00:00+00:00,2025-07-03 05:45:00+00:00,YES,0.14452980518341063,0.23693410685805022,0.2,1274.1929506563101,1274.1929506563101,4851.2415,9632.867999999999,1274.1929506563101,1274.1929506563101,3640.5512875894574,1.0,0.35000000000000003,kelly,32341.61,32341.61,32109.559999999994,57.98,2308.3783369331472,1,13064.051866195803,10755.673529262656
1.0,static_20,21815dfe-7533-4983-9fc4-01b7e5798634,2025-07-03 23:30:00+00:00,2025-07-03 12:15:00+00:00,YES,0.12719794988632205,0.23999613186098498,0.2,1567.6609571591375,1567.6609571591375,128.30999999999997,254.08199999999997,128.30999999999997,128.30999999999997,273.0,1.0,0.4699999999999999,rolling_liq,855.3999999999999,855.3999999999999,846.9399999999999,4.77,-133.07999999999998,0,12930.971866195803,13064.051866195803
1.0,static_20,a4d71aea-7129-4510-a0c0-686300cd53cf,2025-07-07 23:30:00+00:00,2025-07-07 12:30:00+00:00,NO,0.09287727117538447,0.13460474083389054,0.2,870.285058389808,870.285058389808,584.3460000000001,1143.567,584.3460000000001,584.3460000000001,2248.715384615385,1.0,0.2598576965310109,rolling_liq,3811.8900000000003,3895.6400000000012,3811.8900000000003,30.28,-614.6260000000001,0,12316.345866195803,12930.971866195803
1.0,static_20,66b295b9-ed48-41fe-8fd7-4cca0813f9f5,2025-07-08 15:30:00+00:00,2025-07-08 04:45:00+00:00,NO,0.07585252523422237,0.10836075033460339,0.2,667.304239720734,667.304239720734,579.534,1001.097,579.534,579.534,2093.835714285714,1.0,0.2767810273012278,rolling_liq,3397.92,3863.5600000000004,3336.9900000000002,29.34,-608.874,0,11707.471866195803,12316.345866195803
1.0,static_20,cba5ede2-0a93-430c-aa0b-4c48363996d9,2025-07-09 15:00:00+00:00,2025-07-09 01:30:00+00:00,YES,0.0751177150011062,0.08077173656032925,0.2,472.81641668191685,472.81641668191685,76.56450000000001,153.12900000000002,76.56450000000001,76.56450000000001,1095.9214285714288,1.0,0.0698631288739417,rolling_liq,510.43000000000006,510.43000000000006,510.43000000000006,4.99,1014.3669285714288,1,12721.838794767233,11707.471866195803
1.0,static_20,473b6ccd-bea1-4377-b656-99e755056013,2025-07-09 16:00:00+00:00,2025-07-09 02:00:00+00:00,NO,0.21722968339920046,0.28211647194701356,0.2,1794.5201387291893,1794.5201387291893,25.344,50.688,25.344,25.344,115.20000000000002,1.0,0.21999999999999997,rolling_liq,168.96,168.96,168.96,1.39,88.46600000000002,1,12810.304794767233,12721.838794767233
1.0,static_20,e3e04e5c-30b5-4cd3-bef5-9e4a16bf0e89,2025-07-10 19:00:00+00:00,2025-07-10 04:45:00+00:00,NO,0.176479022204876,0.5882634073495866,0.2,3767.9167738782594,2562.060958953447,299.022,493.99799999999993,299.022,299.022,439.7382352941176,1.0,0.68,rolling_liq,1798.5600000000002,1993.48,1646.6599999999999,6.7,134.01623529411762,1,12944.32103006135,12810.304794767233
1.0,static_20,9bb7fd31-2faf-4602-bf65-4532dd75baba,2025-07-13 22:00:00+00:00,2025-07-13 05:15:00+00:00,NO,0.0949998521804809,0.13768094518910276,0.2,891.0931771250134,891.0931771250134,481.56749999999994,930.4229999999999,481.56749999999994,481.56749999999994,1783.5833333333335,1.0,0.26999999999999996,rolling_liq,3210.45,3210.45,3101.41,24.61,1277.4058333333337,1,14221.726863394684,12944.32103006135
1.0,static_20,1dc8a33e-b81b-4a0d-91bf-0109943d729e,2025-07-13 22:00:00+00:00,2025-07-13 06:00:00+00:00,NO,0.2283735346794128,0.27850431058464975,0.2,1980.406117706465,1980.406117706465,1240.2495000000001,2467.7490000000003,1240.2495000000001,1240.2495000000001,8140.559375000001,1.0,0.1523543337585447,rolling_liq,8268.330000000002,8268.330000000002,8225.830000000002,73.6,-1313.8495,0,12907.877363394684,14221.726863394684
1.0,static_20,333e71e9-d362-4003-836b-7d936322e7d2,2025-07-16 00:00:00+00:00,2025-07-15 06:00:00+00:00,YES,0.06468308866024008,0.07187009851137786,0.2,463.84520883998016,463.84520883998016,299.565,599.13,299.565,299.565,2995.6499999999996,1.0,0.1,rolling_liq,1997.1,1997.1,1997.1,18.88,-318.445,0,12589.432363394684,12907.877363394684
1.0,static_20,e380b602-7a50-4ce9-99e7-63c43f11724e,2025-07-16 02:00:00+00:00,2025-07-15 13:30:00+00:00,NO,0.21980795383453366,0.4676764975202844,0.2,2943.890816740471,2517.886472678937,1153.3905,2143.101,1153.3905,1153.3905,2403.4385416666664,1.0,0.4798918216565589,rolling_liq,7143.67,7689.27,7143.67,42.0,-1195.3905,0,11394.041863394685,12589.432363394684
1.0,static_20,83fc47a0-fbb1-4f04-8af2-94e9a1fd566e,2025-07-16 17:00:00+00:00,2025-07-16 04:15:00+00:00,NO,0.1946576309204101,0.23738735478098796,0.2,1352.4007291075516,1352.4007291075516,37.509,75.018,37.509,37.509,227.5235294117647,1.0,0.16485767470720547,rolling_liq,250.06,250.06,250.06,2.2,-39.709,0,11354.332863394684,11394.041863394685
1.0,static_20,5e64c14b-9cf3-45d2-bd9d-f0af702d801f,2025-07-16 19:00:00+00:00,2025-07-16 07:00:00+00:00,NO,0.1349456548690796,0.207608699798584,0.2,1178.629141424852,1178.629141424852,2008.2225,3987.606000000001,1178.629141424852,1178.629141424852,3829.287552983393,1.0,0.30779332320096553,kelly,13294.060000000001,13388.150000000001,13292.020000000004,57.11,-1235.7391414248518,0,10118.593721969832,11354.332863394684
1.0,static_20,1f15d85b-41ea-4e16-b597-b0e14ee9ba73,2025-07-16 23:30:00+00:00,2025-07-16 07:00:00+00:00,NO,0.10651913166046145,0.13656298930828392,0.2,690.9127031341175,690.9127031341175,1176.8190000000002,2350.3979999999997,690.9127031341175,690.9127031341175,3454.5635156705875,1.0,0.19999999999999998,kelly,7834.66,7845.460000000001,7834.66,38.7,-729.6127031341175,0,9388.981018835715,10118.593721969832
1.0,static_20,32cb5f24-0d87-4645-a3fd-dd1e0fd1a4f6,2025-07-23 00:00:00+00:00,2025-07-22 06:00:00+00:00,NO,0.09330237627029414,0.11378338569548066,0.2,534.1550242768656,534.1550242768656,278.9865,557.973,278.9865,278.9865,1551.0916666666667,1.0,0.17986461148331012,rolling_liq,1859.91,1859.91,1859.91,16.02,-295.00649999999996,0,9093.974518835716,9388.981018835715
1.0,static_20,17812353-7592-47dc-9fe1-36f6bb0d8b9d,2025-07-24 02:00:00+00:00,2025-07-23 07:00:00+00:00,NO,0.17903590440750117,0.2594723252282626,0.2,1179.8173569844369,1179.8173569844369,649.6155,1299.231,649.6155,649.6155,2548.751923076923,1.0,0.25487592343462223,rolling_liq,4330.77,4330.77,4330.77,33.89,1865.246423076923,1,10959.22094191264,9093.974518835716
1.0,static_20,d8bda49f-0b5d-428a-9697-070219652f4a,2025-07-25 00:30:00+00:00,2025-07-24 06:15:00+00:00,YES,0.12289219975471491,0.15755410224963448,0.2,863.3351084292198,863.3351084292198,1133.157,2266.314,863.3351084292198,863.3351084292198,4796.306157940109,1.0,0.18000000000000002,kelly,7554.379999999999,7554.379999999999,7554.379999999999,49.56,-912.8951084292198,0,10046.325833483419,10959.22094191264
1.0,static_20,4d8cf7bd-df70-42d4-a4fd-14a6fcb736a9,2025-07-24 23:00:00+00:00,2025-07-24 12:45:00+00:00,YES,0.11587374210357665,0.21067953109741208,0.2,1058.2776079250523,1058.2776079250523,762.1350000000001,1522.6500000000005,762.1350000000001,762.1350000000001,1732.1250000000002,1.0,0.44,rolling_liq,5075.500000000002,5080.900000000001,5075.500000000002,29.88,940.1100000000001,1,10986.43583348342,10046.325833483419
1.0,static_20,585740b6-3c8b-4746-8808-e7635a88c710,2025-07-27 20:00:00+00:00,2025-07-27 04:15:00+00:00,YES,0.09930047273635859,0.1273082983799469,0.2,699.3322256106238,699.3322256106238,33.363,9.9,9.9,9.9,45.0,1.0,0.22,cumulative_liq,222.42000000000002,222.42000000000002,33.0,0.55,-10.450000000000001,0,10975.985833483419,10986.43583348342
1.0,static_20,548df81e-2319-4153-a4df-bf65932d74be,2025-07-27 23:00:00+00:00,2025-07-27 06:00:00+00:00,NO,0.06239434003829958,0.0810316104393501,0.2,444.7009041233269,444.7009041233269,0.0315,0.063,0.0315,0.0315,0.15,1.0,0.21000000000000002,rolling_liq,0.21,0.21,0.21,0.01,0.1085,1,10976.09433348342,10975.985833483419
1.0,static_20,d5b4c575-bc11-412e-893d-9c6ed1889586,2025-07-27 22:00:00+00:00,2025-07-27 12:30:00+00:00,YES,0.1230686521530151,0.17333612979297902,0.2,951.2768560043318,951.2768560043318,628.7235,1212.2939999999999,628.7235,628.7235,2384.7166666666662,1.0,0.26364704402339906,rolling_liq,4046.1999999999994,4191.49,4040.98,32.41,-661.1334999999999,0,10314.96083348342,10976.09433348342
1.0,static_20,6adda940-e25a-4b97-9334-bfcbbb00d303,2025-07-28 23:00:00+00:00,2025-07-28 12:30:00+00:00,YES,0.05657753527164458,0.06816570514655974,0.2,351.56328938677143,351.56328938677143,734.322,1334.2590000000002,351.56328938677143,351.56328938677143,2201.5830586673214,1.0,0.15968658915806808,kelly,4892.250000000001,4895.4800000000005,4447.530000000001,20.68,-372.24328938677144,0,9942.717544096648,10314.96083348342
1.0,static_20,7a6fecee-f650-46ac-af8f-8dfc5ff13ae2,2025-07-29 23:30:00+00:00,2025-07-29 05:45:00+00:00,NO,0.11944526433944702,0.15926035245259604,0.2,791.740350204721,791.740350204721,424.923,849.846,424.923,424.923,1874.9260869565219,1.0,0.2266345339990214,rolling_liq,2832.82,2832.82,2832.82,23.01,1426.993086956522,1,11369.710631053169,9942.717544096648
1.0,static_20,185c1d82-80ca-427a-bb34-b717e2127e2e,2025-07-30 23:00:00+00:00,2025-07-30 05:30:00+00:00,YES,0.15933475494384763,0.2655579249064127,0.2,1509.6583809844299,1509.6583809844299,41.020500000000006,82.04100000000001,41.020500000000006,41.020500000000006,103.87625000000001,1.0,0.39489777499669076,rolling_liq,273.47,273.47,273.47,1.74,61.115750000000006,1,11430.82638105317,11369.710631053169
1.0,static_20,c2f7980e-2390-45e9-8977-c6e6d2c1f545,2025-07-31 00:00:00+00:00,2025-07-30 07:00:00+00:00,NO,0.09089968681335447,0.12452011892240339,0.2,711.6839301750433,711.6839301750433,743.928,1475.7030000000002,711.6839301750433,711.6839301750433,2737.4381929809356,1.0,0.2599817347474262,kelly,4958.27,4959.52,4919.010000000001,36.87,-748.5539301750433,0,10682.272450878127,11430.82638105317
1.0,static_20,e8241b1f-576e-4bcf-b7d0-79606aa78b00,2025-07-31 00:00:00+00:00,2025-07-30 15:30:00+00:00,NO,0.16516225516796124,0.434637513599898,0.2,2321.4581688231788,2136.4544901756253,1726.7504999999996,3227.4,1726.7504999999996,1726.7504999999996,3022.897413793105,1.0,0.5712236518914111,rolling_liq,10758.0,11511.669999999998,10758.0,51.83,1244.3169137931054,1,11926.589364671232,10682.272450878127
1.0,static_20,50578d4e-21ed-488c-ac01-1008b9b70e0d,2025-07-31 23:30:00+00:00,2025-07-31 05:45:00+00:00,NO,0.1513962113857269,0.2566037481114015,0.2,1530.2037665801085,1530.2037665801085,1223.4164999999998,2446.8329999999996,1223.4164999999998,1223.4164999999998,3502.675714285713,1.0,0.3492805500121744,rolling_liq,8156.109999999999,8156.109999999999,8156.109999999999,55.73,2223.5292142857134,1,14150.118578956946,11926.589364671232
1.0,static_20,a1ca524f-e7ce-449f-ab32-66adea0ba523,2025-08-01 23:30:00+00:00,2025-08-01 05:45:00+00:00,NO,0.15966734647750846,0.3894325523841671,0.2,2755.2583973709134,2755.2583973709134,172.96349999999998,345.92699999999996,172.96349999999998,172.96349999999998,295.7686440677966,1.0,0.5847932276429986,rolling_liq,1153.09,1153.09,1153.09,5.03,117.77514406779659,1,14267.893723024743,14150.118578956946
1.0,static_20,64fb0c10-3ce1-4592-a3f9-65395a9e58af,2025-08-01 23:30:00+00:00,2025-08-01 15:00:00+00:00,YES,0.10673018932342532,0.18089862597190728,0.2,1290.5211850041883,1290.5211850041883,976.8615,1937.8559999999998,976.8615,976.8615,2580.003947368421,1.0,0.3786279090760265,rolling_liq,6512.41,6512.41,6459.5199999999995,42.49,1560.652447368421,1,15828.546170393163,14267.893723024743
1.0,static_20,de06dc94-ceb2-41b8-bde0-f9f91c917d00,2025-08-03 22:00:00+00:00,2025-08-03 06:00:00+00:00,NO,0.07582804679870603,0.10531673166486949,0.2,833.5053748361472,833.5053748361472,247.6695,427.425,247.6695,247.6695,1008.4780000000001,1.0,0.24558740993854103,rolling_liq,1443.7900000000002,1651.13,1424.75,13.08,-260.7495,0,15567.796670393163,15828.546170393163
1.0,static_20,1dffe97b-d132-4697-af9f-8b08902da90d,2025-08-03 22:00:00+00:00,2025-08-03 06:00:00+00:00,YES,0.05085827469825738,0.05913752871890393,0.2,460.3205113427164,460.3205113427164,325.302,613.035,325.302,325.302,2596.4769230769225,1.0,0.12528591997440322,rolling_liq,2062.3,2168.6800000000003,2043.45,19.92,-345.22200000000004,0,15222.574670393164,15567.796670393163
1.0,static_20,cd325282-98cc-46dd-a9f0-e2d5d887b51f,2025-08-06 00:00:00+00:00,2025-08-05 07:00:00+00:00,YES,0.09239223599433899,0.12318964799245198,0.2,937.6318075922748,937.6318075922748,34.357499999999995,65.865,34.357499999999995,34.357499999999995,143.15624999999997,1.0,0.24000000000000002,rolling_liq,229.04999999999998,229.04999999999998,219.54999999999998,1.83,106.96874999999999,1,15329.543420393164,15222.574670393164
1.0,static_20,6a9e0ff7-c5b4-4a72-b217-41dc4a8caa4f,2025-08-06 02:00:00+00:00,2025-08-05 07:00:00+00:00,NO,0.3618546456098557,0.6579175374724648,0.2,5042.787728861148,3065.908684078633,13.987499999999999,27.974999999999998,13.987499999999999,13.987499999999999,31.857954545454543,1.0,0.43905831995719635,rolling_liq,93.25,93.25,93.25,0.55,17.32045454545454,1,15346.863874938617,15329.543420393164
1.0,static_20,d300ee86-e2e0-4bf4-9247-1d7a3a859e07,2025-08-06 02:00:00+00:00,2025-08-05 07:00:00+00:00,NO,0.08956348419189453,0.10294653355390175,0.2,789.9532184242655,789.9532184242655,55.5105,111.021,55.5105,55.5105,531.0954545454545,1.0,0.10452075898015253,rolling_liq,370.07,370.07,370.07,3.48,-58.9905,0,15287.873374938617,15346.863874938617
1.0,static_20,0934f4d6-98dc-4543-b6bd-c04adfa95bf2,2025-08-08 02:00:00+00:00,2025-08-07 07:00:00+00:00,NO,0.14108287811279296,0.2275530292141822,0.2,1739.4009483550626,1739.4009483550626,302.169,604.338,302.169,302.169,839.3583333333333,1.0,0.36,rolling_liq,2014.4599999999998,2014.4599999999998,2014.4599999999998,13.54,-315.709,0,14972.164374938617,15287.873374938617
1.0,static_20,042c5181-7425-497a-8593-922c0cccfc16,2025-08-08 02:00:00+00:00,2025-08-07 07:00:00+00:00,NO,0.10052478075027471,0.12410466759293173,0.2,929.0577414492458,929.0577414492458,178.1985,356.397,178.1985,178.1985,1048.226470588235,1.0,0.17000000000000004,rolling_liq,1187.99,1187.99,1187.99,10.36,-188.55849999999998,0,14783.605874938617,14972.164374938617
1.0,static_20,25596e43-21b0-4411-b093-a5ca0b6480d6,2025-08-09 02:00:00+00:00,2025-08-08 07:30:00+00:00,YES,0.13616769552230834,0.2778932561679762,0.2,2054.1321872453577,2054.1321872453577,341.1405,679.782,341.1405,341.1405,696.2051020408164,1.0,0.4899999999999999,rolling_liq,2274.27,2274.27,2265.94,12.18,342.88460204081645,1,15126.490476979434,14783.605874938617
1.0,static_20,3a283716-466b-440c-a344-5994da2e16aa,2025-08-10 00:30:00+00:00,2025-08-09 13:15:00+00:00,YES,0.124353095293045,0.1943017113953828,0.2,1469.5514935415322,1469.5514935415322,3395.0819999999994,6622.331999999999,1469.5514935415322,1469.5514935415322,4246.289981547235,1.0,0.3460789300607461,kelly,22633.879999999997,22633.879999999997,22074.44,67.27,2709.4684880057025,1,17835.958964985137,15126.490476979434
1.0,static_20,2de72b4c-3c39-42c4-8321-18efac227563,2025-08-10 16:30:00+00:00,2025-08-10 02:30:00+00:00,NO,0.28335612535476684,0.4570260086367207,0.2,4075.748567987747,3567.1917929970277,424.6979999999999,840.7379999999999,424.6979999999999,424.6979999999999,1147.8324324324321,1.0,0.37000000000000005,rolling_liq,2831.3199999999997,2831.3199999999997,2802.46,18.73,704.4044324324323,1,18540.36339741757,17835.958964985137
1.0,static_20,56ef45bc-fa3c-47bb-926c-8b9f8433bdb6,2025-08-10 20:00:00+00:00,2025-08-10 04:30:00+00:00,NO,0.146348443031311,0.24804820852764578,0.2,2299.451963090482,2299.451963090482,1536.5249999999999,3072.699,1536.5249999999999,1536.5249999999999,3906.4874999999997,1.0,0.3933264857496664,rolling_liq,10243.5,10243.5,10242.33,65.26,2304.7024999999994,1,20845.065897417568,18540.36339741757
1.0,static_20,2eb1473f-e48b-4a13-bb64-bb3604b03c6d,2025-08-10 22:00:00+00:00,2025-08-10 12:00:00+00:00,NO,0.13645145893096922,0.22741909821828205,0.2,2370.2830443456837,2370.2830443456837,3091.3319999999994,6182.312999999999,2370.2830443456837,2370.2830443456837,6622.1195676269,1.0,0.35793419616479344,kelly,20607.71,20608.879999999997,20607.71,106.54,4145.296523281216,1,24990.362420698784,20845.065897417568
1.0,static_20,4b134f76-aff1-49fb-b585-3e9073eb44c2,2025-08-14 02:00:00+00:00,2025-08-13 08:00:00+00:00,NO,0.21488385438919066,0.4385384783452871,0.2,5479.617754635245,4998.072484139757,1253.5964999999999,2501.493,1253.5964999999999,1253.5964999999999,2995.6107142857136,1.0,0.41847777283668613,rolling_liq,8338.31,8357.31,8338.31,51.03,1690.9842142857137,1,26681.346634984497,24990.362420698784
1.0,static_20,74f4d3c6-f105-49b3-bb25-ee57ac47d235,2025-08-13 23:30:00+00:00,2025-08-13 11:45:00+00:00,NO,0.12422191977500918,0.2343809807075645,0.2,3126.800095453071,3126.800095453071,1435.8765000000003,1876.4339999999997,1435.8765000000003,1435.8765000000003,3190.8366666666675,1.0,0.44999999999999996,rolling_liq,6254.78,9572.510000000002,6254.78,55.29,1699.6701666666672,1,28381.016801651163,26681.346634984497
1.0,static_20,fdec04dc-4b3e-4713-8640-3988c3e4f01f,2025-08-16 02:00:00+00:00,2025-08-15 07:15:00+00:00,NO,0.13219804048538208,0.20983815950060647,0.2,2977.7101652071347,2977.7101652071347,93.54299999999999,187.08599999999998,93.54299999999999,93.54299999999999,259.84166666666664,1.0,0.36,rolling_liq,623.62,623.62,623.62,4.2,162.09866666666665,1,28543.11546831783,28381.016801651163
1.0,static_20,f69e50f9-fa32-4c94-9a1b-f8a270e47e4c,2025-08-16 02:00:00+00:00,2025-08-15 16:45:00+00:00,YES,0.15301872491836543,0.340041610929701,0.2,4852.92348239963,4852.92348239963,696.888,1393.776,696.888,696.888,1292.1999999999998,1.0,0.5393035133880205,rolling_liq,4645.92,4645.92,4645.92,22.48,-719.368,0,27823.74746831783,28543.11546831783
1.0,static_20,673f7bf8-4cb2-4836-9dec-4131b50da342,2025-08-16 18:00:00+00:00,2025-08-16 03:15:00+00:00,YES,0.29983103513717646,0.6814341707663102,0.2,9480.02614184219,5564.749493663567,2264.0865,4528.173,2264.0865,2264.0865,4240.586111111112,1.0,0.5339088608689443,rolling_liq,15093.91,15093.91,15093.91,73.87,1902.629611111112,1,29726.37707942894,27823.74746831783
1.0,static_20,3495c00d-950e-4e49-87e6-3a022d1d9c1b,2025-08-17 19:00:00+00:00,2025-08-17 03:45:00+00:00,YES,0.1182247066497803,0.20038085872844116,0.2,2978.298483030711,2978.298483030711,236.16899999999995,470.616,236.16899999999995,236.16899999999995,582.8756097560974,1.0,0.4051790743119688,rolling_liq,1574.4599999999998,1574.4599999999998,1568.72,9.84,336.8666097560975,1,30063.243689185038,29726.37707942894
1.0,static_20,b233aa62-25a1-489f-9f1a-ad31d9a6a7c2,2025-08-17 22:00:00+00:00,2025-08-17 10:45:00+00:00,NO,0.13120973110198975,0.2624194622039795,0.2,3944.590120511559,3944.590120511559,1035.108,2067.5699999999997,1035.108,1035.108,2300.2400000000002,1.0,0.44999999999999996,rolling_liq,6900.72,6900.72,6891.9,39.86,1225.2720000000004,1,31288.51568918504,30063.243689185038
1.0,static_20,b6df91b4-c8f5-45f8-bebf-c6845d61912b,2025-08-19 23:00:00+00:00,2025-08-19 05:30:00+00:00,NO,0.2621755397319794,0.5140696857489792,0.2,8042.238713945679,6257.703137837008,980.0325,1960.065,980.0325,980.0325,2344.077380952381,1.0,0.418088800294562,rolling_liq,6533.55,6533.55,6533.55,39.93,-1019.9625,0,30268.553189185037,31288.51568918504
1.0,static_20,2cc91c72-9797-403a-adc1-51f134d84117,2025-08-20 02:00:00+00:00,2025-08-19 07:00:00+00:00,YES,0.09672302126884458,0.13433752954006192,0.2,2033.1013290935402,2033.1013290935402,75.47850000000001,150.95700000000002,75.47850000000001,75.47850000000001,287.06851851851854,1.0,0.26292851751743357,rolling_liq,503.19000000000005,503.19000000000005,503.19000000000005,3.9,-79.37850000000002,0,30189.174689185038,30268.553189185037
1.0,static_20,a1382913-f5c5-4721-9dee-4195779e9b68,2025-08-23 20:00:00+00:00,2025-08-23 04:00:00+00:00,NO,0.19466778397560125,0.34762104281357364,0.2,5247.196193567823,5247.196193567823,325.125,650.25,325.125,325.125,774.1071428571429,1.0,0.42,rolling_liq,2167.5,2167.5,2167.5,13.21,435.7721428571429,1,30624.94683204218,30189.174689185038
1.0,static_20,bb8576ec-3270-4ee6-9d85-f37e6e502af7,2025-08-24 19:00:00+00:00,2025-08-24 03:45:00+00:00,YES,0.1296231734752655,0.16618355573751986,0.2,2544.6812794106318,2544.6812794106318,271.6365,514.5630000000001,271.6365,271.6365,1273.3022727272728,1.0,0.21333229808675724,rolling_liq,1810.91,1810.91,1715.2100000000003,14.96,-286.5965,0,30338.35033204218,30624.94683204218
1.0,static_20,0962940f-0261-4fce-b716-3a16393d43b7,2025-08-24 20:00:00+00:00,2025-08-24 05:45:00+00:00,NO,0.17109873175621026,0.39790402734002395,0.2,6035.875889986069,6035.875889986069,904.2299999999999,1715.5860000000002,904.2299999999999,904.2299999999999,1776.156862745098,1.0,0.5090935485295416,rolling_liq,5718.620000000001,6028.2,5718.620000000001,31.08,840.846862745098,1,31179.197194787277,30338.35033204218
1.0,static_20,ab22cb38-adf5-49e7-8d94-af37949f1527,2025-08-26 23:00:00+00:00,2025-08-26 06:00:00+00:00,YES,0.11368976593017577,0.18637666545930454,0.2,2905.5374024312773,2905.5374024312773,485.0879999999999,960.8159999999999,485.0879999999999,485.0879999999999,1282.836842105263,1.0,0.37813694156454236,rolling_liq,3202.72,3233.9199999999996,3202.72,21.12,776.6288421052631,1,31955.82603689254,31179.197194787277
1.0,static_20,467aedcd-fa42-4992-9a69-fce47d1ece15,2025-08-28 00:00:00+00:00,2025-08-27 16:00:00+00:00,NO,0.15859810590744017,0.33041272064050037,0.2,5279.305710582102,5279.305710582102,771.6015,1364.115,771.6015,771.6015,1518.0225490196076,1.0,0.5082938329857665,rolling_liq,5144.01,5144.01,4547.05,26.56,719.8610490196077,1,32675.687085912148,31955.82603689254
1.0,static_20,6d17df9c-9585-4b14-b1ab-7334c0443b45,2025-08-30 02:00:00+00:00,2025-08-29 07:15:00+00:00,NO,0.14991149187088015,0.28285187145449087,0.2,4621.189621655795,4621.189621655795,913.9725,1823.76,913.9725,913.9725,2124.2329545454545,1.0,0.43026001364128763,rolling_liq,6093.15,6093.15,6079.2,36.46,1173.8004545454546,1,33849.4875404576,32675.687085912148
1.0,static_20,eef5e74b-cdc8-45c9-b34e-c80089a44b6d,2025-09-01 00:00:00+00:00,2025-08-31 06:00:00+00:00,NO,0.12026148080825805,0.1625155146057541,0.2,2750.5334433892644,2750.5334433892644,358.71450000000004,717.4290000000001,358.71450000000004,358.71450000000004,1677.06590909091,1.0,0.21389409805274082,rolling_liq,2391.4300000000003,2391.4300000000003,2391.4300000000003,19.74,-378.45450000000005,0,33471.0330404576,33849.4875404576
1.0,static_20,2f5baf0d-dd06-464d-95dd-177924f443c9,2025-09-04 00:00:00+00:00,2025-09-03 06:00:00+00:00,NO,0.20699598312377931,0.3980691983149602,0.2,6661.893644594251,6661.893644594251,374.07300000000004,748.1460000000001,374.07300000000004,374.07300000000004,833.7177777777778,1.0,0.44868060867919607,rolling_liq,2493.82,2493.82,2493.82,14.44,-388.51300000000003,0,33082.5200404576,33471.0330404576
1.0,static_20,b69d86fb-d73a-4b99-bec9-88e73e7ce25b,2025-09-05 02:00:00+00:00,2025-09-04 12:45:00+00:00,NO,0.05718323230743405,0.06807527655646911,0.2,1126.0508504695415,1126.0508504695415,105.51449999999998,208.64400000000003,105.51449999999998,105.51449999999998,753.6749999999998,1.0,0.14,rolling_liq,695.4800000000001,703.43,695.4800000000001,6.36,-111.87449999999998,0,32970.645540457605,33082.5200404576
1.0,static_20,f9c188c7-35cd-436c-8d11-7f1b0131ba33,2025-09-05 23:30:00+00:00,2025-09-05 10:30:00+00:00,NO,0.06474714040756224,0.07528737256693284,0.2,1241.1366372883572,1241.1366372883572,169.7925,335.427,169.7925,169.7925,1306.0961538461536,1.0,0.13,rolling_liq,1118.0900000000001,1131.95,1118.0900000000001,10.35,-180.14249999999998,0,32790.5030404576,32970.645540457605
1.0,static_20,e9ff9be0-15cb-4e16-86a5-89be878b6745,2025-09-10 02:00:00+00:00,2025-09-09 07:00:00+00:00,NO,0.2139049685001373,0.30127460352132013,0.2,4939.472901389253,4939.472901389253,900.4125,1800.825,900.4125,900.4125,3429.7870370370374,1.0,0.2625272328213878,rolling_liq,6002.75,6002.75,6002.75,46.49,-946.9025,0,31843.600540457603,32790.5030404576
1.0,static_20,31d89653-50a1-4688-b507-15c8e12dad33,2025-09-09 23:30:00+00:00,2025-09-09 12:30:00+00:00,NO,0.16207829356193537,0.3683597580953077,0.2,5864.950495983286,5864.950495983286,830.5949999999999,1643.4060000000002,830.5949999999999,830.5949999999999,1566.898148148148,1.0,0.5300886984783572,rolling_liq,5478.02,5537.299999999999,5478.02,27.33,-857.925,0,30985.675540457603,31843.600540457603
1.0,static_20,93a98ff0-ed90-4c11-8f56-dfd70e55ed58,2025-09-12 00:00:00+00:00,2025-09-11 07:00:00+00:00,NO,0.1892402425408365,0.6308008084694549,0.2,9772.894590946435,6197.135108091521,272.83050000000003,517.941,272.83050000000003,272.83050000000003,409.50820895522395,1.0,0.6662393916255573,rolling_liq,1818.8700000000001,1818.8700000000001,1726.4700000000003,6.38,-279.2105,0,30706.465040457602,30985.675540457603
1.0,static_20,2fb00c07-3995-4420-aa53-e0b95160a91a,2025-09-18 02:00:00+00:00,2025-09-17 16:15:00+00:00,YES,0.07049068570137018,0.08702553790292615,0.2,1336.12331862161,1336.12331862161,643.9125,1278.9899999999998,643.9125,643.9125,4046.578125,1.0,0.1591251867897645,rolling_liq,4269.1900000000005,4292.75,4263.299999999999,37.91,-681.8225,0,30024.642540457604,30706.465040457602
1.0,static_20,30981dda-706d-44fc-9eb4-b6f8c5a3e874,2025-09-24 01:30:00+00:00,2025-09-22 23:30:00+00:00,NO,0.11262015342712406,0.14255715623686588,0.2,2140.113828798032,2140.113828798032,375.92999999999995,751.1999999999999,375.92999999999995,375.92999999999995,1879.65,1.0,0.19999999999999996,rolling_liq,2506.2,2506.2,2504.0,21.06,-396.98999999999995,0,29627.652540457602,30024.642540457604
1.0,static_20,fb31c505-de82-4d70-a8a2-a91dbaacd1ee,2025-09-29 00:00:00+00:00,2025-09-28 02:30:00+00:00,NO,0.18119778752326965,0.29225449600527365,0.2,4329.407330515401,4329.407330515401,3045.7004999999995,6089.780999999999,3045.7004999999995,3045.7004999999995,8702.972857142857,1.0,0.34996093288976293,rolling_liq,20299.269999999997,20304.67,20299.269999999997,138.59,-3184.2904999999996,0,26443.362040457603,29627.652540457602
1.0,static_20,fc11987d-5051-4621-94f9-17a356691802,2025-10-01 01:30:00+00:00,2025-09-30 01:15:00+00:00,NO,0.06506288051605225,0.08675050735473633,0.2,1146.9875365873363,1146.9875365873363,2017.1580000000001,3883.1910000000003,1146.9875365873363,1146.9875365873363,5182.1632025536355,1.0,0.22133373492022224,kelly,13444.47,13447.720000000001,12943.970000000001,62.52,-1209.5075365873363,0,25233.854503870265,26443.362040457603
1.0,static_20,4a8a3c5a-81ad-462c-b4cb-3300d1eea8c3,2025-10-09 00:00:00+00:00,2025-10-07 11:00:00+00:00,NO,0.16387164235115048,0.2777485463578822,0.2,3504.3332037281325,3504.3332037281325,8132.152499999999,16264.304999999998,3504.3332037281325,3504.3332037281325,9527.224874940895,1.0,0.36782308066910957,kelly,54214.35,54214.35,54214.35,155.08,5867.811671212763,1,31101.666175083028,25233.854503870265
1.0,uncapped,d1bd5e4c-1d9e-47c6-b24e-52544a1a2c13,2025-05-22 23:30:00+00:00,2025-05-22 13:00:00+00:00,YES,0.18705255270004273,0.2969088138095916,,742.2720345239791,742.2720345239791,159.50999999999993,311.232,159.50999999999993,159.50999999999993,458.4285714285713,1.0,0.3479495169834839,rolling_liq,1037.44,1063.3999999999996,1037.44,7.29,-166.79999999999993,0,4833.2,5000.0
1.0,uncapped,b8786c5b-6a05-49e0-9ba2-0bc7db3e8a60,2025-05-24 02:00:00+00:00,2025-05-23 12:30:00+00:00,NO,0.08980293750762935,0.10819631025015586,,261.46720335052663,261.46720335052663,131.1855,262.371,131.1855,131.1855,1394.0549999999998,1.0,0.09410353250051111,rolling_liq,874.5699999999999,874.5699999999999,874.5699999999999,8.32,-139.50549999999998,0,4693.6945,4833.2
1.0,uncapped,a35a38a3-fdb6-40a3-86f1-842d77ac32bf,2025-05-24 02:00:00+00:00,2025-05-23 12:30:00+00:00,NO,0.32377356052398687,0.3997204450913418,,938.0828273313914,938.0828273313914,38.091,76.182,38.091,38.091,238.06875,1.0,0.16,rolling_liq,253.94,253.94,253.94,2.24,197.73774999999998,1,4891.43225,4693.6945
1.0,uncapped,92c4a40c-74f4-4a28-be37-18237fca81a5,2025-05-23 23:30:00+00:00,2025-05-23 12:30:00+00:00,NO,0.09931676149368285,0.11548460638800331,,282.4425640324177,282.4425640324177,57.832499999999996,115.66499999999999,57.832499999999996,57.832499999999996,722.9062499999999,1.0,0.08,rolling_liq,385.55,385.55,385.55,3.73,-61.56249999999999,0,4829.86975,4891.43225
1.0,uncapped,10582ee6-a493-4e18-9878-6203b5e8065d,2025-05-24 02:00:00+00:00,2025-05-23 12:30:00+00:00,NO,0.08664486169815067,0.13128009348204644,,317.0328761430541,317.0328761430541,152.49299999999997,304.98599999999993,152.49299999999997,152.49299999999997,508.7433333333332,1.0,0.29974446839598223,rolling_liq,1016.6199999999999,1016.6199999999999,1016.6199999999999,7.48,-159.97299999999996,0,4669.89675,4829.86975
1.0,uncapped,b0d98920-a05f-481d-9dea-7046f3e6fc33,2025-05-25 19:00:00+00:00,2025-05-25 05:00:00+00:00,NO,0.19932658433914185,0.26227182149887085,,612.3911634170786,612.3911634170786,146.769,293.538,146.769,146.769,733.845,1.0,0.2,rolling_liq,978.4600000000002,978.4600000000002,978.4600000000002,8.22,-154.989,0,4514.90775,4669.89675
1.0,uncapped,bbd4ae77-444a-4dfe-ad87-70233844aa1d,2025-05-25 22:00:00+00:00,2025-05-25 14:00:00+00:00,NO,0.1071816420555115,0.1623964273568356,,366.60244422284455,366.60244422284455,54.91499999999999,109.82999999999998,54.91499999999999,54.91499999999999,170.0151515151515,1.0,0.32300062383031813,rolling_liq,366.09999999999997,366.09999999999997,366.09999999999997,2.61,-57.52499999999999,0,4457.382750000001,4514.90775
1.0,uncapped,5f3d74e1-8cdd-4616-aedf-f1e90dc75db0,2025-05-27 23:00:00+00:00,2025-05-27 05:45:00+00:00,NO,0.0740113401412964,0.08315880914752405,,185.335320702358,185.335320702358,68.42699999999999,136.85399999999998,68.42699999999999,68.42699999999999,984.2428571428569,1.0,0.06952247557948824,rolling_liq,456.18,456.18,456.18,4.46,-72.88699999999999,0,4384.495750000001,4457.382750000001
1.0,uncapped,8a594783-4b88-43cd-b381-a8660e3a0766,2025-05-27 23:00:00+00:00,2025-05-27 13:00:00+00:00,YES,0.3129020285606384,0.5046806912268361,,1106.3851728955628,1106.3851728955628,241.96949999999998,478.2389999999999,241.96949999999998,241.96949999999998,653.9716216216216,1.0,0.37,rolling_liq,1594.1299999999999,1613.1299999999999,1594.1299999999999,10.68,-252.6495,0,4131.8462500000005,4384.495750000001
1.0,uncapped,ee675eed-ef15-494e-a8f4-e0202373e26c,2025-05-28 00:00:00+00:00,2025-05-27 13:00:00+00:00,NO,0.08173902988433834,0.11512539420329344,,237.84021415932492,237.84021415932492,50.05649999999999,100.11299999999999,50.05649999999999,50.05649999999999,200.22599999999997,1.0,0.25,rolling_liq,333.71,333.71,333.71,2.63,-52.686499999999995,0,4079.1597500000007,4131.8462500000005
1.0,uncapped,a17fdde4-604b-4197-8c9a-97dc9b78c44e,2025-05-29 23:00:00+00:00,2025-05-29 13:00:00+00:00,NO,0.09309141159057621,0.10118631694627848,,206.3775756690011,206.3775756690011,15.528,31.056,15.528,15.528,226.97142857142856,1.0,0.06841389728096678,rolling_liq,103.52000000000001,103.52000000000001,103.52000000000001,1.02,-16.548000000000002,0,4062.611750000001,4079.1597500000007
1.0,uncapped,1d299098-034f-480d-af99-bcebd640859e,2025-05-30 23:30:00+00:00,2025-05-30 12:15:00+00:00,NO,0.07657644748687742,0.0900899382198558,,183.00022078438016,183.00022078438016,45.357000000000006,53.55600000000001,45.357000000000006,45.357000000000006,356.6692307692308,1.0,0.1271682446567602,rolling_liq,302.38000000000005,302.38000000000005,178.52000000000004,2.78,308.5322307692308,1,4371.143980769231,4062.611750000001
1.0,uncapped,c9d9dbf0-f3e6-4f3f-b2a5-e83fe165023d,2025-06-01 22:00:00+00:00,2025-06-01 05:15:00+00:00,NO,0.14538862824440002,0.23449778749096778,,512.5117961474231,512.5117961474231,242.52899999999997,484.30199999999996,242.52899999999997,242.52899999999997,692.94,1.0,0.3499999999999999,rolling_liq,1616.86,1616.86,1614.34,11.04,439.37100000000004,1,4810.514980769231,4371.143980769231
1.0,uncapped,9998a61a-229c-44c2-b892-ee5b1ea16c23,2025-06-02 00:30:00+00:00,2025-06-01 12:15:00+00:00,YES,0.0670652312040329,0.08178686732199134,,196.7184752413124,196.7184752413124,447.516,892.0079999999999,196.7184752413124,196.7184752413124,1391.4565016087492,1.0,0.14137594313144103,kelly,2983.44,2983.44,2973.3599999999997,11.83,-208.54847524131242,0,4601.966505527919,4810.514980769231
1.0,uncapped,272d53ae-a46b-43bc-ac0f-8a846e03a9d1,2025-06-04 00:00:00+00:00,2025-06-03 12:30:00+00:00,NO,0.12299813508987423,0.14819052420466775,,340.9839144132527,340.9839144132527,108.41550000000001,212.466,108.41550000000001,108.41550000000001,840.1192307692309,1.0,0.12904775421071185,rolling_liq,708.22,722.7700000000001,708.22,6.61,-115.02550000000001,0,4486.9410055279195,4601.966505527919
1.0,uncapped,f8baaf5b-f1fa-4923-9eec-e85ed7a82142,2025-06-05 23:30:00+00:00,2025-06-05 06:15:00+00:00,YES,0.0730656540393829,0.08496006283649174,,190.60539488664173,190.60539488664173,83.66400000000002,167.32800000000003,83.66400000000002,83.66400000000002,707.2833333333334,1.0,0.11828922873907205,rolling_liq,557.7600000000001,557.7600000000001,557.7600000000001,5.17,-88.83400000000002,0,4398.10700552792,4486.9410055279195
1.0,uncapped,45eb60bf-a1b9-4f49-90cb-62097ff47bbd,2025-06-06 02:00:00+00:00,2025-06-05 13:00:00+00:00,NO,0.1447575712203979,0.20979358147883756,,461.34731020843395,461.34731020843395,399.006,786.7619999999998,399.006,399.006,1390.055172413793,1.0,0.28704328282677943,rolling_liq,2622.5399999999995,2660.04,2622.5399999999995,19.92,-418.926,0,3979.1810055279198,4398.10700552792
1.0,uncapped,772cef5b-3110-4eaf-a68b-6eb3cd04f42a,2025-06-06 23:30:00+00:00,2025-06-06 12:15:00+00:00,YES,0.1407347512245178,0.18277240418768548,,363.64223953915484,363.64223953915484,331.155,662.31,331.155,331.155,1794.2894736842104,1.0,0.18456052095097017,rolling_liq,2207.7,2207.7,2207.7,18.91,1444.2244736842104,1,5423.40547921213,3979.1810055279198
1.0,uncapped,8b0ee0bd-54cf-4be2-a8ba-b16813be20b6,2025-06-07 19:00:00+00:00,2025-06-07 04:30:00+00:00,YES,0.1381078326702118,0.1644140865121569,,445.8421288248444,445.8421288248444,266.2004999999999,446.43300000000005,266.2004999999999,266.2004999999999,1847.136666666666,1.0,0.14411521616339523,rolling_liq,1761.71,1774.6699999999996,1488.1100000000001,15.95,1564.9861666666661,1,6988.391645878795,5423.40547921213
1.0,uncapped,639e72ff-50dd-401b-a2a8-dd49fdd02b89,2025-06-08 02:00:00+00:00,2025-06-07 12:15:00+00:00,YES,0.13786698698997496,0.20577162237309699,,719.0063433755386,719.0063433755386,232.88249999999994,459.045,232.88249999999994,232.88249999999994,727.7578124999998,1.0,0.32,rolling_liq,1552.5499999999997,1552.5499999999997,1530.15,11.09,-243.97249999999994,0,6744.4191458787955,6988.391645878795
1.0,uncapped,5e1d090c-1c51-494b-8c1f-1f1ba520ee2a,2025-06-10 02:00:00+00:00,2025-06-09 12:30:00+00:00,NO,0.24757077574729924,0.3640746702166165,,1227.7360881692284,1227.7360881692284,463.098,923.1360000000001,463.098,463.098,1653.9214285714288,1.0,0.27999999999999997,rolling_liq,3087.32,3087.32,3077.1200000000003,23.35,1167.473428571429,1,7911.892574450225,6744.4191458787955
1.0,uncapped,4a60d4ef-8d10-4f25-bab6-346332242fd5,2025-06-10 23:30:00+00:00,2025-06-10 12:15:00+00:00,NO,0.12558921575546267,0.19321417808532718,,764.3449104359017,764.3449104359017,265.755,520.248,265.755,265.755,805.3181818181818,1.0,0.33,rolling_liq,1771.7,1771.7,1734.16,12.47,-278.225,0,7633.6675744502245,7911.892574450225
1.0,uncapped,84da0d09-cdf5-46a5-89eb-d489373ed8ed,2025-06-12 02:00:00+00:00,2025-06-11 13:30:00+00:00,NO,0.11724735021591182,0.1429845734340388,,545.7483509350095,545.7483509350095,1.8585,3.0029999999999997,1.8585,1.8585,10.93235294117647,1.0,0.17,rolling_liq,10.01,12.39,10.01,0.11,8.963852941176471,1,7642.631427391401,7633.6675744502245
1.0,uncapped,c95f06b7-8138-460b-bc1d-e9c9478156eb,2025-06-13 23:30:00+00:00,2025-06-13 06:00:00+00:00,NO,0.07324323654174802,0.08616851357852709,,329.2770949634269,329.2770949634269,250.69500000000002,499.24799999999993,250.69500000000002,250.69500000000002,2089.125,1.0,0.12000000000000001,rolling_liq,1671.3000000000002,1671.3000000000002,1664.1599999999999,15.45,-266.14500000000004,0,7376.486427391401,7642.631427391401
1.0,uncapped,ee13e918-b149-4c1e-8ae9-03cf0618c5d9,2025-06-15 00:30:00+00:00,2025-06-14 06:30:00+00:00,YES,0.22761168122291559,0.30758335300393996,,1134.4422143625507,1134.4422143625507,1896.9705000000001,3793.9410000000003,1134.4422143625507,1134.4422143625507,5673.461071812754,1.0,0.1999559351872101,kelly,12646.470000000001,12646.470000000001,12646.470000000001,63.54,4475.478857450204,1,11851.965284841604,7376.486427391401
1.0,uncapped,7162ed3d-7135-4801-b3a8-ba85cbcaa7ea,2025-06-15 22:00:00+00:00,2025-06-15 05:30:00+00:00,YES,0.2125312566757202,0.38642046668312763,,2289.9209782403605,2289.9209782403605,1017.9945,2035.989,1017.9945,1017.9945,2850.7347222222224,1.0,0.3570989934855975,rolling_liq,6786.63,6786.63,6786.63,45.82,-1063.8145,0,10788.150784841604,11851.965284841604
1.0,uncapped,acf4a696-dabb-4821-9d7a-7417121d43a8,2025-06-17 23:00:00+00:00,2025-06-17 05:45:00+00:00,NO,0.10341833353042607,0.1124112320982892,,606.3546608930851,606.3546608930851,105.48900000000002,209.907,105.48900000000002,105.48900000000002,1507.4142857142858,1.0,0.06998009837090952,rolling_liq,703.2600000000001,703.2600000000001,699.69,6.87,-112.35900000000002,0,10675.791784841604,10788.150784841604
1.0,uncapped,f992552a-94d9-40c8-aa4b-fa5c7bf321fd,2025-06-18 00:00:00+00:00,2025-06-17 06:15:00+00:00,NO,0.2464600276947021,0.4323860134994774,,2308.0315253990657,2308.0315253990657,1320.4574999999998,2640.9149999999995,1320.4574999999998,1320.4574999999998,3255.3109756097547,1.0,0.4056317537382627,rolling_liq,8803.05,8803.05,8803.05,54.94,-1375.3974999999998,0,9300.394284841605,10675.791784841604
1.0,uncapped,326d833a-4a17-4fec-882e-c3699065a0ed,2025-06-18 00:00:00+00:00,2025-06-17 07:00:00+00:00,NO,0.11250839233398435,0.13236281451056983,,615.5131817998265,615.5131817998265,37.047000000000004,74.09400000000001,37.047000000000004,37.047000000000004,308.9750000000001,1.0,0.11990290476575773,rolling_liq,246.98000000000002,246.98000000000002,246.98000000000002,2.29,-39.337,0,9261.057284841605,9300.394284841605
1.0,uncapped,4f5eef0b-7151-49c4-bc34-46d08d1e5ca1,2025-06-18 02:00:00+00:00,2025-06-17 12:30:00+00:00,YES,0.15919422030448907,0.20674574065518062,,957.3420738023168,957.3420738023168,126.67649999999999,217.614,126.67649999999999,126.67649999999999,550.9847826086956,1.0,0.22990925339214766,rolling_liq,836.23,844.51,725.38,6.83,-133.5065,0,9127.550784841605,9261.057284841605
1.0,uncapped,42f7582e-79b3-4a78-88ba-0245ebd00b6b,2025-06-18 23:00:00+00:00,2025-06-18 06:15:00+00:00,YES,0.2191847121715545,0.2548659443855285,,1163.1509253527638,1163.1509253527638,927.7379999999999,1849.68,927.7379999999999,927.7379999999999,9277.38,1.0,0.1,rolling_liq,6184.08,6184.92,6165.6,58.45,-986.188,0,8141.362784841605,9127.550784841605
1.0,uncapped,57909126-867a-49a0-bc68-8c65ff35b9dd,2025-06-20 02:00:00+00:00,2025-06-19 13:45:00+00:00,YES,0.23086082577705377,0.2748343164012545,,1118.762937773278,1118.762937773278,47.268,94.48799999999999,47.268,47.268,303.925,1.0,0.1555252118121247,rolling_liq,314.96,315.12,314.96,2.8,253.85700000000003,1,8395.219784841605,8141.362784841605
1.0,uncapped,5cc2b6cf-49a3-4f54-a14e-88d92bf3ac7a,2025-06-20 23:30:00+00:00,2025-06-20 06:00:00+00:00,YES,0.19484763860702514,0.31427038485004055,,1319.184476341423,1319.184476341423,409.9874999999999,819.9749999999998,409.9874999999999,409.9874999999999,1172.9071428571426,1.0,0.3495481313220508,rolling_liq,2733.2499999999995,2733.2499999999995,2733.2499999999995,18.67,-428.6574999999999,0,7966.562284841605,8395.219784841605
1.0,uncapped,36996288-3356-4ce9-b751-b31f6890cd69,2025-06-22 19:00:00+00:00,2025-06-22 07:15:00+00:00,YES,0.12237302303314207,0.22661670932063344,,902.6780647943357,902.6780647943357,28.635000000000005,55.89,28.635000000000005,28.635000000000005,62.25000000000001,1.0,0.46,rolling_liq,186.3,190.90000000000003,186.3,1.09,32.525,1,7999.087284841605,7966.562284841605
1.0,uncapped,4bfeb202-768f-487c-a416-9c9a314242a6,2025-06-25 00:00:00+00:00,2025-06-24 06:15:00+00:00,YES,0.08991959929466248,0.13031825984733694,,521.2135676637586,521.2135676637586,0.6975,1.395,0.6975,0.6975,2.25,1.0,0.31,rolling_liq,4.65,4.65,4.65,0.04,1.5125,1,8000.599784841605,7999.087284841605
1.0,uncapped,e6fdfe56-f4ef-4bab-8f24-19a99adb7f6f,2025-06-26 02:00:00+00:00,2025-06-25 12:15:00+00:00,NO,0.07732540607452387,0.08226107029204668,,329.0689506396944,329.0689506396944,89.04,178.08,89.04,89.04,1780.8000000000002,1.0,0.049999999999999996,rolling_liq,593.6,593.6,593.6,5.93,-94.97,0,7905.629784841604,8000.599784841605
1.0,uncapped,1c528f37-bdd0-449a-99b5-7a8d174e4243,2025-06-26 02:00:00+00:00,2025-06-25 15:45:00+00:00,YES,0.0853763997554779,0.10672049969434737,,421.84638051840597,421.84638051840597,160.47750000000002,318.9750000000001,160.47750000000002,160.47750000000002,805.1375000000003,1.0,0.19931688686715,rolling_liq,1069.8500000000001,1069.8500000000001,1063.2500000000002,9.0,-169.47750000000002,0,7736.152284841604,7905.629784841604
1.0,uncapped,fd8a85e4-5aac-47f6-b278-e1f1fa69b82d,2025-06-27 02:00:00+00:00,2025-06-26 12:15:00+00:00,NO,0.08030236721038819,0.10566100948735288,,408.7048299821277,408.7048299821277,965.8785,1927.8239999999998,408.7048299821277,408.7048299821277,2043.524149910639,1.0,0.19999999999999996,kelly,6439.1900000000005,6439.1900000000005,6426.08,22.89,1611.9293199285112,1,9348.081604770116,7736.152284841604
1.0,uncapped,4e456309-00d3-4582-8f89-1c9049054791,2025-06-27 23:30:00+00:00,2025-06-27 12:30:00+00:00,NO,0.12750528216362,0.2500103571835686,,1168.558610494862,1168.558610494862,842.4509999999999,1684.9019999999998,842.4509999999999,842.4509999999999,1815.1936170212764,1.0,0.46411082107178064,rolling_liq,5616.339999999999,5616.339999999999,5616.339999999999,31.61,941.1326170212765,1,10289.214221791392,9348.081604770116
1.0,uncapped,f2a059a9-b803-4538-b746-3868679fa790,2025-06-28 02:00:00+00:00,2025-06-27 12:45:00+00:00,NO,0.05228370666503901,0.055620964537275545,,286.1480096733451,286.1480096733451,109.05750000000002,218.11500000000004,109.05750000000002,109.05750000000002,2181.1500000000005,1.0,0.049999999999999996,rolling_liq,727.0500000000002,727.0500000000002,727.0500000000002,7.26,-116.31750000000002,0,10172.896721791392,10289.214221791392
1.0,uncapped,02291b17-b5ee-4973-b184-51149f2c1817,2025-06-28 02:00:00+00:00,2025-06-27 14:00:00+00:00,NO,0.14177390813827517,0.26749793988353804,,1360.6144578635976,1360.6144578635976,897.9495000000001,1781.376,897.9495000000001,897.9495000000001,1952.825,1.0,0.4598207724706515,rolling_liq,5986.330000000001,5986.330000000001,5937.92,33.96,-931.9095000000001,0,9240.987221791393,10172.896721791392
1.0,uncapped,8a325ea5-03e5-4940-bb7a-2eb4c8b2b077,2025-06-29 20:00:00+00:00,2025-06-29 04:30:00+00:00,NO,0.19611328840255737,0.26148438453674316,,1208.1869281010152,1208.1869281010152,383.55449999999996,766.7489999999999,383.55449999999996,383.55449999999996,1600.2270833333332,1.0,0.23968754434591966,rolling_liq,2555.83,2557.0299999999997,2555.83,20.42,1196.2525833333332,1,10437.239805124726,9240.987221791393
1.0,uncapped,475cc53b-e563-4217-a5dc-930581369bab,2025-06-29 22:00:00+00:00,2025-06-29 05:30:00+00:00,NO,0.07646610498428341,0.10769873941448369,,562.0387849893021,562.0387849893021,125.958,223.93800000000002,125.958,125.958,450.75172413793103,1.0,0.27943986291099926,rolling_liq,773.46,839.72,746.46,6.36,318.433724137931,1,10755.673529262656,10437.239805124726
1.0,uncapped,01384c8c-e038-4abe-b80a-901c44d112ce,2025-07-03 23:00:00+00:00,2025-07-03 05:45:00+00:00,YES,0.14452980518341063,0.23693410685805022,,1274.1929506563101,1274.1929506563101,4851.2415,9632.867999999999,1274.1929506563101,1274.1929506563101,3640.5512875894574,1.0,0.35000000000000003,kelly,32341.61,32341.61,32109.559999999994,57.98,2308.3783369331472,1,13064.051866195803,10755.673529262656
1.0,uncapped,21815dfe-7533-4983-9fc4-01b7e5798634,2025-07-03 23:30:00+00:00,2025-07-03 12:15:00+00:00,YES,0.12719794988632205,0.23999613186098498,,1567.6609571591375,1567.6609571591375,128.30999999999997,254.08199999999997,128.30999999999997,128.30999999999997,273.0,1.0,0.4699999999999999,rolling_liq,855.3999999999999,855.3999999999999,846.9399999999999,4.77,-133.07999999999998,0,12930.971866195803,13064.051866195803
1.0,uncapped,a4d71aea-7129-4510-a0c0-686300cd53cf,2025-07-07 23:30:00+00:00,2025-07-07 12:30:00+00:00,NO,0.09287727117538447,0.13460474083389054,,870.285058389808,870.285058389808,584.3460000000001,1143.567,584.3460000000001,584.3460000000001,2248.715384615385,1.0,0.2598576965310109,rolling_liq,3811.8900000000003,3895.6400000000012,3811.8900000000003,30.28,-614.6260000000001,0,12316.345866195803,12930.971866195803
1.0,uncapped,66b295b9-ed48-41fe-8fd7-4cca0813f9f5,2025-07-08 15:30:00+00:00,2025-07-08 04:45:00+00:00,NO,0.07585252523422237,0.10836075033460339,,667.304239720734,667.304239720734,579.534,1001.097,579.534,579.534,2093.835714285714,1.0,0.2767810273012278,rolling_liq,3397.92,3863.5600000000004,3336.9900000000002,29.34,-608.874,0,11707.471866195803,12316.345866195803
1.0,uncapped,cba5ede2-0a93-430c-aa0b-4c48363996d9,2025-07-09 15:00:00+00:00,2025-07-09 01:30:00+00:00,YES,0.0751177150011062,0.08077173656032925,,472.81641668191685,472.81641668191685,76.56450000000001,153.12900000000002,76.56450000000001,76.56450000000001,1095.9214285714288,1.0,0.0698631288739417,rolling_liq,510.43000000000006,510.43000000000006,510.43000000000006,4.99,1014.3669285714288,1,12721.838794767233,11707.471866195803
1.0,uncapped,473b6ccd-bea1-4377-b656-99e755056013,2025-07-09 16:00:00+00:00,2025-07-09 02:00:00+00:00,NO,0.21722968339920046,0.28211647194701356,,1794.5201387291893,1794.5201387291893,25.344,50.688,25.344,25.344,115.20000000000002,1.0,0.21999999999999997,rolling_liq,168.96,168.96,168.96,1.39,88.46600000000002,1,12810.304794767233,12721.838794767233
1.0,uncapped,e3e04e5c-30b5-4cd3-bef5-9e4a16bf0e89,2025-07-10 19:00:00+00:00,2025-07-10 04:45:00+00:00,NO,0.176479022204876,0.5882634073495866,,3767.9167738782594,3767.9167738782594,299.022,493.99799999999993,299.022,299.022,439.7382352941176,1.0,0.68,rolling_liq,1798.5600000000002,1993.48,1646.6599999999999,6.7,134.01623529411762,1,12944.32103006135,12810.304794767233
1.0,uncapped,9bb7fd31-2faf-4602-bf65-4532dd75baba,2025-07-13 22:00:00+00:00,2025-07-13 05:15:00+00:00,NO,0.0949998521804809,0.13768094518910276,,891.0931771250134,891.0931771250134,481.56749999999994,930.4229999999999,481.56749999999994,481.56749999999994,1783.5833333333335,1.0,0.26999999999999996,rolling_liq,3210.45,3210.45,3101.41,24.61,1277.4058333333337,1,14221.726863394684,12944.32103006135
1.0,uncapped,1dc8a33e-b81b-4a0d-91bf-0109943d729e,2025-07-13 22:00:00+00:00,2025-07-13 06:00:00+00:00,NO,0.2283735346794128,0.27850431058464975,,1980.406117706465,1980.406117706465,1240.2495000000001,2467.7490000000003,1240.2495000000001,1240.2495000000001,8140.559375000001,1.0,0.1523543337585447,rolling_liq,8268.330000000002,8268.330000000002,8225.830000000002,73.6,-1313.8495,0,12907.877363394684,14221.726863394684
1.0,uncapped,333e71e9-d362-4003-836b-7d936322e7d2,2025-07-16 00:00:00+00:00,2025-07-15 06:00:00+00:00,YES,0.06468308866024008,0.07187009851137786,,463.84520883998016,463.84520883998016,299.565,599.13,299.565,299.565,2995.6499999999996,1.0,0.1,rolling_liq,1997.1,1997.1,1997.1,18.88,-318.445,0,12589.432363394684,12907.877363394684
1.0,uncapped,e380b602-7a50-4ce9-99e7-63c43f11724e,2025-07-16 02:00:00+00:00,2025-07-15 13:30:00+00:00,NO,0.21980795383453366,0.4676764975202844,,2943.890816740471,2943.890816740471,1153.3905,2143.101,1153.3905,1153.3905,2403.4385416666664,1.0,0.4798918216565589,rolling_liq,7143.67,7689.27,7143.67,42.0,-1195.3905,0,11394.041863394685,12589.432363394684
1.0,uncapped,83fc47a0-fbb1-4f04-8af2-94e9a1fd566e,2025-07-16 17:00:00+00:00,2025-07-16 04:15:00+00:00,NO,0.1946576309204101,0.23738735478098796,,1352.4007291075516,1352.4007291075516,37.509,75.018,37.509,37.509,227.5235294117647,1.0,0.16485767470720547,rolling_liq,250.06,250.06,250.06,2.2,-39.709,0,11354.332863394684,11394.041863394685
1.0,uncapped,5e64c14b-9cf3-45d2-bd9d-f0af702d801f,2025-07-16 19:00:00+00:00,2025-07-16 07:00:00+00:00,NO,0.1349456548690796,0.207608699798584,,1178.629141424852,1178.629141424852,2008.2225,3987.606000000001,1178.629141424852,1178.629141424852,3829.287552983393,1.0,0.30779332320096553,kelly,13294.060000000001,13388.150000000001,13292.020000000004,57.11,-1235.7391414248518,0,10118.593721969832,11354.332863394684
1.0,uncapped,1f15d85b-41ea-4e16-b597-b0e14ee9ba73,2025-07-16 23:30:00+00:00,2025-07-16 07:00:00+00:00,NO,0.10651913166046145,0.13656298930828392,,690.9127031341175,690.9127031341175,1176.8190000000002,2350.3979999999997,690.9127031341175,690.9127031341175,3454.5635156705875,1.0,0.19999999999999998,kelly,7834.66,7845.460000000001,7834.66,38.7,-729.6127031341175,0,9388.981018835715,10118.593721969832
1.0,uncapped,32cb5f24-0d87-4645-a3fd-dd1e0fd1a4f6,2025-07-23 00:00:00+00:00,2025-07-22 06:00:00+00:00,NO,0.09330237627029414,0.11378338569548066,,534.1550242768656,534.1550242768656,278.9865,557.973,278.9865,278.9865,1551.0916666666667,1.0,0.17986461148331012,rolling_liq,1859.91,1859.91,1859.91,16.02,-295.00649999999996,0,9093.974518835716,9388.981018835715
1.0,uncapped,17812353-7592-47dc-9fe1-36f6bb0d8b9d,2025-07-24 02:00:00+00:00,2025-07-23 07:00:00+00:00,NO,0.17903590440750117,0.2594723252282626,,1179.8173569844369,1179.8173569844369,649.6155,1299.231,649.6155,649.6155,2548.751923076923,1.0,0.25487592343462223,rolling_liq,4330.77,4330.77,4330.77,33.89,1865.246423076923,1,10959.22094191264,9093.974518835716
1.0,uncapped,d8bda49f-0b5d-428a-9697-070219652f4a,2025-07-25 00:30:00+00:00,2025-07-24 06:15:00+00:00,YES,0.12289219975471491,0.15755410224963448,,863.3351084292198,863.3351084292198,1133.157,2266.314,863.3351084292198,863.3351084292198,4796.306157940109,1.0,0.18000000000000002,kelly,7554.379999999999,7554.379999999999,7554.379999999999,49.56,-912.8951084292198,0,10046.325833483419,10959.22094191264
1.0,uncapped,4d8cf7bd-df70-42d4-a4fd-14a6fcb736a9,2025-07-24 23:00:00+00:00,2025-07-24 12:45:00+00:00,YES,0.11587374210357665,0.21067953109741208,,1058.2776079250523,1058.2776079250523,762.1350000000001,1522.6500000000005,762.1350000000001,762.1350000000001,1732.1250000000002,1.0,0.44,rolling_liq,5075.500000000002,5080.900000000001,5075.500000000002,29.88,940.1100000000001,1,10986.43583348342,10046.325833483419
1.0,uncapped,585740b6-3c8b-4746-8808-e7635a88c710,2025-07-27 20:00:00+00:00,2025-07-27 04:15:00+00:00,YES,0.09930047273635859,0.1273082983799469,,699.3322256106238,699.3322256106238,33.363,9.9,9.9,9.9,45.0,1.0,0.22,cumulative_liq,222.42000000000002,222.42000000000002,33.0,0.55,-10.450000000000001,0,10975.985833483419,10986.43583348342
1.0,uncapped,548df81e-2319-4153-a4df-bf65932d74be,2025-07-27 23:00:00+00:00,2025-07-27 06:00:00+00:00,NO,0.06239434003829958,0.0810316104393501,,444.7009041233269,444.7009041233269,0.0315,0.063,0.0315,0.0315,0.15,1.0,0.21000000000000002,rolling_liq,0.21,0.21,0.21,0.01,0.1085,1,10976.09433348342,10975.985833483419
1.0,uncapped,d5b4c575-bc11-412e-893d-9c6ed1889586,2025-07-27 22:00:00+00:00,2025-07-27 12:30:00+00:00,YES,0.1230686521530151,0.17333612979297902,,951.2768560043318,951.2768560043318,628.7235,1212.2939999999999,628.7235,628.7235,2384.7166666666662,1.0,0.26364704402339906,rolling_liq,4046.1999999999994,4191.49,4040.98,32.41,-661.1334999999999,0,10314.96083348342,10976.09433348342
1.0,uncapped,6adda940-e25a-4b97-9334-bfcbbb00d303,2025-07-28 23:00:00+00:00,2025-07-28 12:30:00+00:00,YES,0.05657753527164458,0.06816570514655974,,351.56328938677143,351.56328938677143,734.322,1334.2590000000002,351.56328938677143,351.56328938677143,2201.5830586673214,1.0,0.15968658915806808,kelly,4892.250000000001,4895.4800000000005,4447.530000000001,20.68,-372.24328938677144,0,9942.717544096648,10314.96083348342
1.0,uncapped,7a6fecee-f650-46ac-af8f-8dfc5ff13ae2,2025-07-29 23:30:00+00:00,2025-07-29 05:45:00+00:00,NO,0.11944526433944702,0.15926035245259604,,791.740350204721,791.740350204721,424.923,849.846,424.923,424.923,1874.9260869565219,1.0,0.2266345339990214,rolling_liq,2832.82,2832.82,2832.82,23.01,1426.993086956522,1,11369.710631053169,9942.717544096648
1.0,uncapped,185c1d82-80ca-427a-bb34-b717e2127e2e,2025-07-30 23:00:00+00:00,2025-07-30 05:30:00+00:00,YES,0.15933475494384763,0.2655579249064127,,1509.6583809844299,1509.6583809844299,41.020500000000006,82.04100000000001,41.020500000000006,41.020500000000006,103.87625000000001,1.0,0.39489777499669076,rolling_liq,273.47,273.47,273.47,1.74,61.115750000000006,1,11430.82638105317,11369.710631053169
1.0,uncapped,c2f7980e-2390-45e9-8977-c6e6d2c1f545,2025-07-31 00:00:00+00:00,2025-07-30 07:00:00+00:00,NO,0.09089968681335447,0.12452011892240339,,711.6839301750433,711.6839301750433,743.928,1475.7030000000002,711.6839301750433,711.6839301750433,2737.4381929809356,1.0,0.2599817347474262,kelly,4958.27,4959.52,4919.010000000001,36.87,-748.5539301750433,0,10682.272450878127,11430.82638105317
1.0,uncapped,e8241b1f-576e-4bcf-b7d0-79606aa78b00,2025-07-31 00:00:00+00:00,2025-07-30 15:30:00+00:00,NO,0.16516225516796124,0.434637513599898,,2321.4581688231788,2321.4581688231788,1726.7504999999996,3227.4,1726.7504999999996,1726.7504999999996,3022.897413793105,1.0,0.5712236518914111,rolling_liq,10758.0,11511.669999999998,10758.0,51.83,1244.3169137931054,1,11926.589364671232,10682.272450878127
1.0,uncapped,50578d4e-21ed-488c-ac01-1008b9b70e0d,2025-07-31 23:30:00+00:00,2025-07-31 05:45:00+00:00,NO,0.1513962113857269,0.2566037481114015,,1530.2037665801085,1530.2037665801085,1223.4164999999998,2446.8329999999996,1223.4164999999998,1223.4164999999998,3502.675714285713,1.0,0.3492805500121744,rolling_liq,8156.109999999999,8156.109999999999,8156.109999999999,55.73,2223.5292142857134,1,14150.118578956946,11926.589364671232
1.0,uncapped,a1ca524f-e7ce-449f-ab32-66adea0ba523,2025-08-01 23:30:00+00:00,2025-08-01 05:45:00+00:00,NO,0.15966734647750846,0.3894325523841671,,2755.2583973709134,2755.2583973709134,172.96349999999998,345.92699999999996,172.96349999999998,172.96349999999998,295.7686440677966,1.0,0.5847932276429986,rolling_liq,1153.09,1153.09,1153.09,5.03,117.77514406779659,1,14267.893723024743,14150.118578956946
1.0,uncapped,64fb0c10-3ce1-4592-a3f9-65395a9e58af,2025-08-01 23:30:00+00:00,2025-08-01 15:00:00+00:00,YES,0.10673018932342532,0.18089862597190728,,1290.5211850041883,1290.5211850041883,976.8615,1937.8559999999998,976.8615,976.8615,2580.003947368421,1.0,0.3786279090760265,rolling_liq,6512.41,6512.41,6459.5199999999995,42.49,1560.652447368421,1,15828.546170393163,14267.893723024743
1.0,uncapped,de06dc94-ceb2-41b8-bde0-f9f91c917d00,2025-08-03 22:00:00+00:00,2025-08-03 06:00:00+00:00,NO,0.07582804679870603,0.10531673166486949,,833.5053748361472,833.5053748361472,247.6695,427.425,247.6695,247.6695,1008.4780000000001,1.0,0.24558740993854103,rolling_liq,1443.7900000000002,1651.13,1424.75,13.08,-260.7495,0,15567.796670393163,15828.546170393163
1.0,uncapped,1dffe97b-d132-4697-af9f-8b08902da90d,2025-08-03 22:00:00+00:00,2025-08-03 06:00:00+00:00,YES,0.05085827469825738,0.05913752871890393,,460.3205113427164,460.3205113427164,325.302,613.035,325.302,325.302,2596.4769230769225,1.0,0.12528591997440322,rolling_liq,2062.3,2168.6800000000003,2043.45,19.92,-345.22200000000004,0,15222.574670393164,15567.796670393163
1.0,uncapped,cd325282-98cc-46dd-a9f0-e2d5d887b51f,2025-08-06 00:00:00+00:00,2025-08-05 07:00:00+00:00,YES,0.09239223599433899,0.12318964799245198,,937.6318075922748,937.6318075922748,34.357499999999995,65.865,34.357499999999995,34.357499999999995,143.15624999999997,1.0,0.24000000000000002,rolling_liq,229.04999999999998,229.04999999999998,219.54999999999998,1.83,106.96874999999999,1,15329.543420393164,15222.574670393164
1.0,uncapped,6a9e0ff7-c5b4-4a72-b217-41dc4a8caa4f,2025-08-06 02:00:00+00:00,2025-08-05 07:00:00+00:00,NO,0.3618546456098557,0.6579175374724648,,5042.787728861148,5042.787728861148,13.987499999999999,27.974999999999998,13.987499999999999,13.987499999999999,31.857954545454543,1.0,0.43905831995719635,rolling_liq,93.25,93.25,93.25,0.55,17.32045454545454,1,15346.863874938617,15329.543420393164
1.0,uncapped,d300ee86-e2e0-4bf4-9247-1d7a3a859e07,2025-08-06 02:00:00+00:00,2025-08-05 07:00:00+00:00,NO,0.08956348419189453,0.10294653355390175,,789.9532184242655,789.9532184242655,55.5105,111.021,55.5105,55.5105,531.0954545454545,1.0,0.10452075898015253,rolling_liq,370.07,370.07,370.07,3.48,-58.9905,0,15287.873374938617,15346.863874938617
1.0,uncapped,0934f4d6-98dc-4543-b6bd-c04adfa95bf2,2025-08-08 02:00:00+00:00,2025-08-07 07:00:00+00:00,NO,0.14108287811279296,0.2275530292141822,,1739.4009483550626,1739.4009483550626,302.169,604.338,302.169,302.169,839.3583333333333,1.0,0.36,rolling_liq,2014.4599999999998,2014.4599999999998,2014.4599999999998,13.54,-315.709,0,14972.164374938617,15287.873374938617
1.0,uncapped,042c5181-7425-497a-8593-922c0cccfc16,2025-08-08 02:00:00+00:00,2025-08-07 07:00:00+00:00,NO,0.10052478075027471,0.12410466759293173,,929.0577414492458,929.0577414492458,178.1985,356.397,178.1985,178.1985,1048.226470588235,1.0,0.17000000000000004,rolling_liq,1187.99,1187.99,1187.99,10.36,-188.55849999999998,0,14783.605874938617,14972.164374938617
1.0,uncapped,25596e43-21b0-4411-b093-a5ca0b6480d6,2025-08-09 02:00:00+00:00,2025-08-08 07:30:00+00:00,YES,0.13616769552230834,0.2778932561679762,,2054.1321872453577,2054.1321872453577,341.1405,679.782,341.1405,341.1405,696.2051020408164,1.0,0.4899999999999999,rolling_liq,2274.27,2274.27,2265.94,12.18,342.88460204081645,1,15126.490476979434,14783.605874938617
1.0,uncapped,3a283716-466b-440c-a344-5994da2e16aa,2025-08-10 00:30:00+00:00,2025-08-09 13:15:00+00:00,YES,0.124353095293045,0.1943017113953828,,1469.5514935415322,1469.5514935415322,3395.0819999999994,6622.331999999999,1469.5514935415322,1469.5514935415322,4246.289981547235,1.0,0.3460789300607461,kelly,22633.879999999997,22633.879999999997,22074.44,67.27,2709.4684880057025,1,17835.958964985137,15126.490476979434
1.0,uncapped,2de72b4c-3c39-42c4-8321-18efac227563,2025-08-10 16:30:00+00:00,2025-08-10 02:30:00+00:00,NO,0.28335612535476684,0.4570260086367207,,4075.748567987747,4075.748567987747,424.6979999999999,840.7379999999999,424.6979999999999,424.6979999999999,1147.8324324324321,1.0,0.37000000000000005,rolling_liq,2831.3199999999997,2831.3199999999997,2802.46,18.73,704.4044324324323,1,18540.36339741757,17835.958964985137
1.0,uncapped,56ef45bc-fa3c-47bb-926c-8b9f8433bdb6,2025-08-10 20:00:00+00:00,2025-08-10 04:30:00+00:00,NO,0.146348443031311,0.24804820852764578,,2299.451963090482,2299.451963090482,1536.5249999999999,3072.699,1536.5249999999999,1536.5249999999999,3906.4874999999997,1.0,0.3933264857496664,rolling_liq,10243.5,10243.5,10242.33,65.26,2304.7024999999994,1,20845.065897417568,18540.36339741757
1.0,uncapped,2eb1473f-e48b-4a13-bb64-bb3604b03c6d,2025-08-10 22:00:00+00:00,2025-08-10 12:00:00+00:00,NO,0.13645145893096922,0.22741909821828205,,2370.2830443456837,2370.2830443456837,3091.3319999999994,6182.312999999999,2370.2830443456837,2370.2830443456837,6622.1195676269,1.0,0.35793419616479344,kelly,20607.71,20608.879999999997,20607.71,106.54,4145.296523281216,1,24990.362420698784,20845.065897417568
1.0,uncapped,4b134f76-aff1-49fb-b585-3e9073eb44c2,2025-08-14 02:00:00+00:00,2025-08-13 08:00:00+00:00,NO,0.21488385438919066,0.4385384783452871,,5479.617754635245,5479.617754635245,1253.5964999999999,2501.493,1253.5964999999999,1253.5964999999999,2995.6107142857136,1.0,0.41847777283668613,rolling_liq,8338.31,8357.31,8338.31,51.03,1690.9842142857137,1,26681.346634984497,24990.362420698784
1.0,uncapped,74f4d3c6-f105-49b3-bb25-ee57ac47d235,2025-08-13 23:30:00+00:00,2025-08-13 11:45:00+00:00,NO,0.12422191977500918,0.2343809807075645,,3126.800095453071,3126.800095453071,1435.8765000000003,1876.4339999999997,1435.8765000000003,1435.8765000000003,3190.8366666666675,1.0,0.44999999999999996,rolling_liq,6254.78,9572.510000000002,6254.78,55.29,1699.6701666666672,1,28381.016801651163,26681.346634984497
1.0,uncapped,fdec04dc-4b3e-4713-8640-3988c3e4f01f,2025-08-16 02:00:00+00:00,2025-08-15 07:15:00+00:00,NO,0.13219804048538208,0.20983815950060647,,2977.7101652071347,2977.7101652071347,93.54299999999999,187.08599999999998,93.54299999999999,93.54299999999999,259.84166666666664,1.0,0.36,rolling_liq,623.62,623.62,623.62,4.2,162.09866666666665,1,28543.11546831783,28381.016801651163
1.0,uncapped,f69e50f9-fa32-4c94-9a1b-f8a270e47e4c,2025-08-16 02:00:00+00:00,2025-08-15 16:45:00+00:00,YES,0.15301872491836543,0.340041610929701,,4852.92348239963,4852.92348239963,696.888,1393.776,696.888,696.888,1292.1999999999998,1.0,0.5393035133880205,rolling_liq,4645.92,4645.92,4645.92,22.48,-719.368,0,27823.74746831783,28543.11546831783
1.0,uncapped,673f7bf8-4cb2-4836-9dec-4131b50da342,2025-08-16 18:00:00+00:00,2025-08-16 03:15:00+00:00,YES,0.29983103513717646,0.6814341707663102,,9480.02614184219,9480.02614184219,2264.0865,4528.173,2264.0865,2264.0865,4240.586111111112,1.0,0.5339088608689443,rolling_liq,15093.91,15093.91,15093.91,73.87,1902.629611111112,1,29726.37707942894,27823.74746831783
1.0,uncapped,3495c00d-950e-4e49-87e6-3a022d1d9c1b,2025-08-17 19:00:00+00:00,2025-08-17 03:45:00+00:00,YES,0.1182247066497803,0.20038085872844116,,2978.298483030711,2978.298483030711,236.16899999999995,470.616,236.16899999999995,236.16899999999995,582.8756097560974,1.0,0.4051790743119688,rolling_liq,1574.4599999999998,1574.4599999999998,1568.72,9.84,336.8666097560975,1,30063.243689185038,29726.37707942894
1.0,uncapped,b233aa62-25a1-489f-9f1a-ad31d9a6a7c2,2025-08-17 22:00:00+00:00,2025-08-17 10:45:00+00:00,NO,0.13120973110198975,0.2624194622039795,,3944.590120511559,3944.590120511559,1035.108,2067.5699999999997,1035.108,1035.108,2300.2400000000002,1.0,0.44999999999999996,rolling_liq,6900.72,6900.72,6891.9,39.86,1225.2720000000004,1,31288.51568918504,30063.243689185038
1.0,uncapped,b6df91b4-c8f5-45f8-bebf-c6845d61912b,2025-08-19 23:00:00+00:00,2025-08-19 05:30:00+00:00,NO,0.2621755397319794,0.5140696857489792,,8042.238713945679,8042.238713945679,980.0325,1960.065,980.0325,980.0325,2344.077380952381,1.0,0.418088800294562,rolling_liq,6533.55,6533.55,6533.55,39.93,-1019.9625,0,30268.553189185037,31288.51568918504
1.0,uncapped,2cc91c72-9797-403a-adc1-51f134d84117,2025-08-20 02:00:00+00:00,2025-08-19 07:00:00+00:00,YES,0.09672302126884458,0.13433752954006192,,2033.1013290935402,2033.1013290935402,75.47850000000001,150.95700000000002,75.47850000000001,75.47850000000001,287.06851851851854,1.0,0.26292851751743357,rolling_liq,503.19000000000005,503.19000000000005,503.19000000000005,3.9,-79.37850000000002,0,30189.174689185038,30268.553189185037
1.0,uncapped,a1382913-f5c5-4721-9dee-4195779e9b68,2025-08-23 20:00:00+00:00,2025-08-23 04:00:00+00:00,NO,0.19466778397560125,0.34762104281357364,,5247.196193567823,5247.196193567823,325.125,650.25,325.125,325.125,774.1071428571429,1.0,0.42,rolling_liq,2167.5,2167.5,2167.5,13.21,435.7721428571429,1,30624.94683204218,30189.174689185038
1.0,uncapped,bb8576ec-3270-4ee6-9d85-f37e6e502af7,2025-08-24 19:00:00+00:00,2025-08-24 03:45:00+00:00,YES,0.1296231734752655,0.16618355573751986,,2544.6812794106318,2544.6812794106318,271.6365,514.5630000000001,271.6365,271.6365,1273.3022727272728,1.0,0.21333229808675724,rolling_liq,1810.91,1810.91,1715.2100000000003,14.96,-286.5965,0,30338.35033204218,30624.94683204218
1.0,uncapped,0962940f-0261-4fce-b716-3a16393d43b7,2025-08-24 20:00:00+00:00,2025-08-24 05:45:00+00:00,NO,0.17109873175621026,0.39790402734002395,,6035.875889986069,6035.875889986069,904.2299999999999,1715.5860000000002,904.2299999999999,904.2299999999999,1776.156862745098,1.0,0.5090935485295416,rolling_liq,5718.620000000001,6028.2,5718.620000000001,31.08,840.846862745098,1,31179.197194787277,30338.35033204218
1.0,uncapped,ab22cb38-adf5-49e7-8d94-af37949f1527,2025-08-26 23:00:00+00:00,2025-08-26 06:00:00+00:00,YES,0.11368976593017577,0.18637666545930454,,2905.5374024312773,2905.5374024312773,485.0879999999999,960.8159999999999,485.0879999999999,485.0879999999999,1282.836842105263,1.0,0.37813694156454236,rolling_liq,3202.72,3233.9199999999996,3202.72,21.12,776.6288421052631,1,31955.82603689254,31179.197194787277
1.0,uncapped,467aedcd-fa42-4992-9a69-fce47d1ece15,2025-08-28 00:00:00+00:00,2025-08-27 16:00:00+00:00,NO,0.15859810590744017,0.33041272064050037,,5279.305710582102,5279.305710582102,771.6015,1364.115,771.6015,771.6015,1518.0225490196076,1.0,0.5082938329857665,rolling_liq,5144.01,5144.01,4547.05,26.56,719.8610490196077,1,32675.687085912148,31955.82603689254
1.0,uncapped,6d17df9c-9585-4b14-b1ab-7334c0443b45,2025-08-30 02:00:00+00:00,2025-08-29 07:15:00+00:00,NO,0.14991149187088015,0.28285187145449087,,4621.189621655795,4621.189621655795,913.9725,1823.76,913.9725,913.9725,2124.2329545454545,1.0,0.43026001364128763,rolling_liq,6093.15,6093.15,6079.2,36.46,1173.8004545454546,1,33849.4875404576,32675.687085912148
1.0,uncapped,eef5e74b-cdc8-45c9-b34e-c80089a44b6d,2025-09-01 00:00:00+00:00,2025-08-31 06:00:00+00:00,NO,0.12026148080825805,0.1625155146057541,,2750.5334433892644,2750.5334433892644,358.71450000000004,717.4290000000001,358.71450000000004,358.71450000000004,1677.06590909091,1.0,0.21389409805274082,rolling_liq,2391.4300000000003,2391.4300000000003,2391.4300000000003,19.74,-378.45450000000005,0,33471.0330404576,33849.4875404576
1.0,uncapped,2f5baf0d-dd06-464d-95dd-177924f443c9,2025-09-04 00:00:00+00:00,2025-09-03 06:00:00+00:00,NO,0.20699598312377931,0.3980691983149602,,6661.893644594251,6661.893644594251,374.07300000000004,748.1460000000001,374.07300000000004,374.07300000000004,833.7177777777778,1.0,0.44868060867919607,rolling_liq,2493.82,2493.82,2493.82,14.44,-388.51300000000003,0,33082.5200404576,33471.0330404576
1.0,uncapped,b69d86fb-d73a-4b99-bec9-88e73e7ce25b,2025-09-05 02:00:00+00:00,2025-09-04 12:45:00+00:00,NO,0.05718323230743405,0.06807527655646911,,1126.0508504695415,1126.0508504695415,105.51449999999998,208.64400000000003,105.51449999999998,105.51449999999998,753.6749999999998,1.0,0.14,rolling_liq,695.4800000000001,703.43,695.4800000000001,6.36,-111.87449999999998,0,32970.645540457605,33082.5200404576
1.0,uncapped,f9c188c7-35cd-436c-8d11-7f1b0131ba33,2025-09-05 23:30:00+00:00,2025-09-05 10:30:00+00:00,NO,0.06474714040756224,0.07528737256693284,,1241.1366372883572,1241.1366372883572,169.7925,335.427,169.7925,169.7925,1306.0961538461536,1.0,0.13,rolling_liq,1118.0900000000001,1131.95,1118.0900000000001,10.35,-180.14249999999998,0,32790.5030404576,32970.645540457605
1.0,uncapped,e9ff9be0-15cb-4e16-86a5-89be878b6745,2025-09-10 02:00:00+00:00,2025-09-09 07:00:00+00:00,NO,0.2139049685001373,0.30127460352132013,,4939.472901389253,4939.472901389253,900.4125,1800.825,900.4125,900.4125,3429.7870370370374,1.0,0.2625272328213878,rolling_liq,6002.75,6002.75,6002.75,46.49,-946.9025,0,31843.600540457603,32790.5030404576
1.0,uncapped,31d89653-50a1-4688-b507-15c8e12dad33,2025-09-09 23:30:00+00:00,2025-09-09 12:30:00+00:00,NO,0.16207829356193537,0.3683597580953077,,5864.950495983286,5864.950495983286,830.5949999999999,1643.4060000000002,830.5949999999999,830.5949999999999,1566.898148148148,1.0,0.5300886984783572,rolling_liq,5478.02,5537.299999999999,5478.02,27.33,-857.925,0,30985.675540457603,31843.600540457603
1.0,uncapped,93a98ff0-ed90-4c11-8f56-dfd70e55ed58,2025-09-12 00:00:00+00:00,2025-09-11 07:00:00+00:00,NO,0.1892402425408365,0.6308008084694549,,9772.894590946435,9772.894590946435,272.83050000000003,517.941,272.83050000000003,272.83050000000003,409.50820895522395,1.0,0.6662393916255573,rolling_liq,1818.8700000000001,1818.8700000000001,1726.4700000000003,6.38,-279.2105,0,30706.465040457602,30985.675540457603
1.0,uncapped,2fb00c07-3995-4420-aa53-e0b95160a91a,2025-09-18 02:00:00+00:00,2025-09-17 16:15:00+00:00,YES,0.07049068570137018,0.08702553790292615,,1336.12331862161,1336.12331862161,643.9125,1278.9899999999998,643.9125,643.9125,4046.578125,1.0,0.1591251867897645,rolling_liq,4269.1900000000005,4292.75,4263.299999999999,37.91,-681.8225,0,30024.642540457604,30706.465040457602
1.0,uncapped,30981dda-706d-44fc-9eb4-b6f8c5a3e874,2025-09-24 01:30:00+00:00,2025-09-22 23:30:00+00:00,NO,0.11262015342712406,0.14255715623686588,,2140.113828798032,2140.113828798032,375.92999999999995,751.1999999999999,375.92999999999995,375.92999999999995,1879.65,1.0,0.19999999999999996,rolling_liq,2506.2,2506.2,2504.0,21.06,-396.98999999999995,0,29627.652540457602,30024.642540457604
1.0,uncapped,fb31c505-de82-4d70-a8a2-a91dbaacd1ee,2025-09-29 00:00:00+00:00,2025-09-28 02:30:00+00:00,NO,0.18119778752326965,0.29225449600527365,,4329.407330515401,4329.407330515401,3045.7004999999995,6089.780999999999,3045.7004999999995,3045.7004999999995,8702.972857142857,1.0,0.34996093288976293,rolling_liq,20299.269999999997,20304.67,20299.269999999997,138.59,-3184.2904999999996,0,26443.362040457603,29627.652540457602
1.0,uncapped,fc11987d-5051-4621-94f9-17a356691802,2025-10-01 01:30:00+00:00,2025-09-30 01:15:00+00:00,NO,0.06506288051605225,0.08675050735473633,,1146.9875365873363,1146.9875365873363,2017.1580000000001,3883.1910000000003,1146.9875365873363,1146.9875365873363,5182.1632025536355,1.0,0.22133373492022224,kelly,13444.47,13447.720000000001,12943.970000000001,62.52,-1209.5075365873363,0,25233.854503870265,26443.362040457603
1.0,uncapped,4a8a3c5a-81ad-462c-b4cb-3300d1eea8c3,2025-10-09 00:00:00+00:00,2025-10-07 11:00:00+00:00,NO,0.16387164235115048,0.2777485463578822,,3504.3332037281325,3504.3332037281325,8132.152499999999,16264.304999999998,3504.3332037281325,3504.3332037281325,9527.224874940895,1.0,0.36782308066910957,kelly,54214.35,54214.35,54214.35,155.08,5867.811671212763,1,31101.666175083028,25233.854503870265
1.0,phase_double_then_12,d1bd5e4c-1d9e-47c6-b24e-52544a1a2c13,2025-05-22 23:30:00+00:00,2025-05-22 13:00:00+00:00,YES,0.18705255270004273,0.2969088138095916,0.2,742.2720345239791,742.2720345239791,159.50999999999993,311.232,159.50999999999993,159.50999999999993,458.4285714285713,1.0,0.3479495169834839,rolling_liq,1037.44,1063.3999999999996,1037.44,7.29,-166.79999999999993,0,4833.2,5000.0
1.0,phase_double_then_12,b8786c5b-6a05-49e0-9ba2-0bc7db3e8a60,2025-05-24 02:00:00+00:00,2025-05-23 12:30:00+00:00,NO,0.08980293750762935,0.10819631025015586,0.2,261.46720335052663,261.46720335052663,131.1855,262.371,131.1855,131.1855,1394.0549999999998,1.0,0.09410353250051111,rolling_liq,874.5699999999999,874.5699999999999,874.5699999999999,8.32,-139.50549999999998,0,4693.6945,4833.2
1.0,phase_double_then_12,a35a38a3-fdb6-40a3-86f1-842d77ac32bf,2025-05-24 02:00:00+00:00,2025-05-23 12:30:00+00:00,NO,0.32377356052398687,0.3997204450913418,0.2,938.0828273313914,938.0828273313914,38.091,76.182,38.091,38.091,238.06875,1.0,0.16,rolling_liq,253.94,253.94,253.94,2.24,197.73774999999998,1,4891.43225,4693.6945
1.0,phase_double_then_12,92c4a40c-74f4-4a28-be37-18237fca81a5,2025-05-23 23:30:00+00:00,2025-05-23 12:30:00+00:00,NO,0.09931676149368285,0.11548460638800331,0.2,282.4425640324177,282.4425640324177,57.832499999999996,115.66499999999999,57.832499999999996,57.832499999999996,722.9062499999999,1.0,0.08,rolling_liq,385.55,385.55,385.55,3.73,-61.56249999999999,0,4829.86975,4891.43225
1.0,phase_double_then_12,10582ee6-a493-4e18-9878-6203b5e8065d,2025-05-24 02:00:00+00:00,2025-05-23 12:30:00+00:00,NO,0.08664486169815067,0.13128009348204644,0.2,317.0328761430541,317.0328761430541,152.49299999999997,304.98599999999993,152.49299999999997,152.49299999999997,508.7433333333332,1.0,0.29974446839598223,rolling_liq,1016.6199999999999,1016.6199999999999,1016.6199999999999,7.48,-159.97299999999996,0,4669.89675,4829.86975
1.0,phase_double_then_12,b0d98920-a05f-481d-9dea-7046f3e6fc33,2025-05-25 19:00:00+00:00,2025-05-25 05:00:00+00:00,NO,0.19932658433914185,0.26227182149887085,0.2,612.3911634170786,612.3911634170786,146.769,293.538,146.769,146.769,733.845,1.0,0.2,rolling_liq,978.4600000000002,978.4600000000002,978.4600000000002,8.22,-154.989,0,4514.90775,4669.89675
1.0,phase_double_then_12,bbd4ae77-444a-4dfe-ad87-70233844aa1d,2025-05-25 22:00:00+00:00,2025-05-25 14:00:00+00:00,NO,0.1071816420555115,0.1623964273568356,0.2,366.60244422284455,366.60244422284455,54.91499999999999,109.82999999999998,54.91499999999999,54.91499999999999,170.0151515151515,1.0,0.32300062383031813,rolling_liq,366.09999999999997,366.09999999999997,366.09999999999997,2.61,-57.52499999999999,0,4457.382750000001,4514.90775
1.0,phase_double_then_12,5f3d74e1-8cdd-4616-aedf-f1e90dc75db0,2025-05-27 23:00:00+00:00,2025-05-27 05:45:00+00:00,NO,0.0740113401412964,0.08315880914752405,0.2,185.335320702358,185.335320702358,68.42699999999999,136.85399999999998,68.42699999999999,68.42699999999999,984.2428571428569,1.0,0.06952247557948824,rolling_liq,456.18,456.18,456.18,4.46,-72.88699999999999,0,4384.495750000001,4457.382750000001
1.0,phase_double_then_12,8a594783-4b88-43cd-b381-a8660e3a0766,2025-05-27 23:00:00+00:00,2025-05-27 13:00:00+00:00,YES,0.3129020285606384,0.5046806912268361,0.2,1106.3851728955628,876.8991500000002,241.96949999999998,478.2389999999999,241.96949999999998,241.96949999999998,653.9716216216216,1.0,0.37,rolling_liq,1594.1299999999999,1613.1299999999999,1594.1299999999999,10.68,-252.6495,0,4131.8462500000005,4384.495750000001
1.0,phase_double_then_12,ee675eed-ef15-494e-a8f4-e0202373e26c,2025-05-28 00:00:00+00:00,2025-05-27 13:00:00+00:00,NO,0.08173902988433834,0.11512539420329344,0.2,237.84021415932492,237.84021415932492,50.05649999999999,100.11299999999999,50.05649999999999,50.05649999999999,200.22599999999997,1.0,0.25,rolling_liq,333.71,333.71,333.71,2.63,-52.686499999999995,0,4079.1597500000007,4131.8462500000005
1.0,phase_double_then_12,a17fdde4-604b-4197-8c9a-97dc9b78c44e,2025-05-29 23:00:00+00:00,2025-05-29 13:00:00+00:00,NO,0.09309141159057621,0.10118631694627848,0.2,206.3775756690011,206.3775756690011,15.528,31.056,15.528,15.528,226.97142857142856,1.0,0.06841389728096678,rolling_liq,103.52000000000001,103.52000000000001,103.52000000000001,1.02,-16.548000000000002,0,4062.611750000001,4079.1597500000007
1.0,phase_double_then_12,1d299098-034f-480d-af99-bcebd640859e,2025-05-30 23:30:00+00:00,2025-05-30 12:15:00+00:00,NO,0.07657644748687742,0.0900899382198558,0.2,183.00022078438016,183.00022078438016,45.357000000000006,53.55600000000001,45.357000000000006,45.357000000000006,356.6692307692308,1.0,0.1271682446567602,rolling_liq,302.38000000000005,302.38000000000005,178.52000000000004,2.78,308.5322307692308,1,4371.143980769231,4062.611750000001
1.0,phase_double_then_12,c9d9dbf0-f3e6-4f3f-b2a5-e83fe165023d,2025-06-01 22:00:00+00:00,2025-06-01 05:15:00+00:00,NO,0.14538862824440002,0.23449778749096778,0.2,512.5117961474231,512.5117961474231,242.52899999999997,484.30199999999996,242.52899999999997,242.52899999999997,692.94,1.0,0.3499999999999999,rolling_liq,1616.86,1616.86,1614.34,11.04,439.37100000000004,1,4810.514980769231,4371.143980769231
1.0,phase_double_then_12,9998a61a-229c-44c2-b892-ee5b1ea16c23,2025-06-02 00:30:00+00:00,2025-06-01 12:15:00+00:00,YES,0.0670652312040329,0.08178686732199134,0.2,196.7184752413124,196.7184752413124,447.516,892.0079999999999,196.7184752413124,196.7184752413124,1391.4565016087492,1.0,0.14137594313144103,kelly,2983.44,2983.44,2973.3599999999997,11.83,-208.54847524131242,0,4601.966505527919,4810.514980769231
1.0,phase_double_then_12,272d53ae-a46b-43bc-ac0f-8a846e03a9d1,2025-06-04 00:00:00+00:00,2025-06-03 12:30:00+00:00,NO,0.12299813508987423,0.14819052420466775,0.2,340.9839144132527,340.9839144132527,108.41550000000001,212.466,108.41550000000001,108.41550000000001,840.1192307692309,1.0,0.12904775421071185,rolling_liq,708.22,722.7700000000001,708.22,6.61,-115.02550000000001,0,4486.9410055279195,4601.966505527919
1.0,phase_double_then_12,f8baaf5b-f1fa-4923-9eec-e85ed7a82142,2025-06-05 23:30:00+00:00,2025-06-05 06:15:00+00:00,YES,0.0730656540393829,0.08496006283649174,0.2,190.60539488664173,190.60539488664173,83.66400000000002,167.32800000000003,83.66400000000002,83.66400000000002,707.2833333333334,1.0,0.11828922873907205,rolling_liq,557.7600000000001,557.7600000000001,557.7600000000001,5.17,-88.83400000000002,0,4398.10700552792,4486.9410055279195
1.0,phase_double_then_12,45eb60bf-a1b9-4f49-90cb-62097ff47bbd,2025-06-06 02:00:00+00:00,2025-06-05 13:00:00+00:00,NO,0.1447575712203979,0.20979358147883756,0.2,461.34731020843395,461.34731020843395,399.006,786.7619999999998,399.006,399.006,1390.055172413793,1.0,0.28704328282677943,rolling_liq,2622.5399999999995,2660.04,2622.5399999999995,19.92,-418.926,0,3979.1810055279198,4398.10700552792
1.0,phase_double_then_12,772cef5b-3110-4eaf-a68b-6eb3cd04f42a,2025-06-06 23:30:00+00:00,2025-06-06 12:15:00+00:00,YES,0.1407347512245178,0.18277240418768548,0.2,363.64223953915484,363.64223953915484,331.155,662.31,331.155,331.155,1794.2894736842104,1.0,0.18456052095097017,rolling_liq,2207.7,2207.7,2207.7,18.91,1444.2244736842104,1,5423.40547921213,3979.1810055279198
1.0,phase_double_then_12,8b0ee0bd-54cf-4be2-a8ba-b16813be20b6,2025-06-07 19:00:00+00:00,2025-06-07 04:30:00+00:00,YES,0.1381078326702118,0.1644140865121569,0.2,445.8421288248444,445.8421288248444,266.2004999999999,446.43300000000005,266.2004999999999,266.2004999999999,1847.136666666666,1.0,0.14411521616339523,rolling_liq,1761.71,1774.6699999999996,1488.1100000000001,15.95,1564.9861666666661,1,6988.391645878795,5423.40547921213
1.0,phase_double_then_12,639e72ff-50dd-401b-a2a8-dd49fdd02b89,2025-06-08 02:00:00+00:00,2025-06-07 12:15:00+00:00,YES,0.13786698698997496,0.20577162237309699,0.2,719.0063433755386,719.0063433755386,232.88249999999994,459.045,232.88249999999994,232.88249999999994,727.7578124999998,1.0,0.32,rolling_liq,1552.5499999999997,1552.5499999999997,1530.15,11.09,-243.97249999999994,0,6744.4191458787955,6988.391645878795
1.0,phase_double_then_12,5e1d090c-1c51-494b-8c1f-1f1ba520ee2a,2025-06-10 02:00:00+00:00,2025-06-09 12:30:00+00:00,NO,0.24757077574729924,0.3640746702166165,0.2,1227.7360881692284,1227.7360881692284,463.098,923.1360000000001,463.098,463.098,1653.9214285714288,1.0,0.27999999999999997,rolling_liq,3087.32,3087.32,3077.1200000000003,23.35,1167.473428571429,1,7911.892574450225,6744.4191458787955
1.0,phase_double_then_12,4a60d4ef-8d10-4f25-bab6-346332242fd5,2025-06-10 23:30:00+00:00,2025-06-10 12:15:00+00:00,NO,0.12558921575546267,0.19321417808532718,0.2,764.3449104359017,764.3449104359017,265.755,520.248,265.755,265.755,805.3181818181818,1.0,0.33,rolling_liq,1771.7,1771.7,1734.16,12.47,-278.225,0,7633.6675744502245,7911.892574450225
1.0,phase_double_then_12,84da0d09-cdf5-46a5-89eb-d489373ed8ed,2025-06-12 02:00:00+00:00,2025-06-11 13:30:00+00:00,NO,0.11724735021591182,0.1429845734340388,0.2,545.7483509350095,545.7483509350095,1.8585,3.0029999999999997,1.8585,1.8585,10.93235294117647,1.0,0.17,rolling_liq,10.01,12.39,10.01,0.11,8.963852941176471,1,7642.631427391401,7633.6675744502245
1.0,phase_double_then_12,c95f06b7-8138-460b-bc1d-e9c9478156eb,2025-06-13 23:30:00+00:00,2025-06-13 06:00:00+00:00,NO,0.07324323654174802,0.08616851357852709,0.2,329.2770949634269,329.2770949634269,250.69500000000002,499.24799999999993,250.69500000000002,250.69500000000002,2089.125,1.0,0.12000000000000001,rolling_liq,1671.3000000000002,1671.3000000000002,1664.1599999999999,15.45,-266.14500000000004,0,7376.486427391401,7642.631427391401
1.0,phase_double_then_12,ee13e918-b149-4c1e-8ae9-03cf0618c5d9,2025-06-15 00:30:00+00:00,2025-06-14 06:30:00+00:00,YES,0.22761168122291559,0.30758335300393996,0.2,1134.4422143625507,1134.4422143625507,1896.9705000000001,3793.9410000000003,1134.4422143625507,1134.4422143625507,5673.461071812754,1.0,0.1999559351872101,kelly,12646.470000000001,12646.470000000001,12646.470000000001,63.54,4475.478857450204,1,11851.965284841604,7376.486427391401
1.0,phase_double_then_12,7162ed3d-7135-4801-b3a8-ba85cbcaa7ea,2025-06-15 22:00:00+00:00,2025-06-15 05:30:00+00:00,YES,0.2125312566757202,0.38642046668312763,0.12,2289.9209782403605,1422.2358341809925,1017.9945,2035.989,1017.9945,1017.9945,2850.7347222222224,1.0,0.3570989934855975,rolling_liq,6786.63,6786.63,6786.63,45.82,-1063.8145,0,10788.150784841604,11851.965284841604
1.0,phase_double_then_12,acf4a696-dabb-4821-9d7a-7417121d43a8,2025-06-17 23:00:00+00:00,2025-06-17 05:45:00+00:00,NO,0.10341833353042607,0.1124112320982892,0.12,606.3546608930851,606.3546608930851,105.48900000000002,209.907,105.48900000000002,105.48900000000002,1507.4142857142858,1.0,0.06998009837090952,rolling_liq,703.2600000000001,703.2600000000001,699.69,6.87,-112.35900000000002,0,10675.791784841604,10788.150784841604
1.0,phase_double_then_12,f992552a-94d9-40c8-aa4b-fa5c7bf321fd,2025-06-18 00:00:00+00:00,2025-06-17 06:15:00+00:00,NO,0.2464600276947021,0.4323860134994774,0.12,2308.0315253990657,1281.0950141809924,1320.4574999999998,2640.9149999999995,1281.0950141809924,1281.0950141809924,3159.304912636566,1.0,0.40549900994262295,portfolio,8803.05,8803.05,8803.05,53.32,-1334.4150141809923,0,9341.376770660612,10675.791784841604
1.0,phase_double_then_12,326d833a-4a17-4fec-882e-c3699065a0ed,2025-06-18 00:00:00+00:00,2025-06-17 07:00:00+00:00,NO,0.11250839233398435,0.13236281451056983,0.2,618.2254603841482,618.2254603841482,37.047000000000004,74.09400000000001,37.047000000000004,37.047000000000004,308.9750000000001,1.0,0.11990290476575773,rolling_liq,246.98000000000002,246.98000000000002,246.98000000000002,2.29,-39.337,0,9302.039770660613,9341.376770660612
1.0,phase_double_then_12,4f5eef0b-7151-49c4-bc34-46d08d1e5ca1,2025-06-18 02:00:00+00:00,2025-06-17 12:30:00+00:00,YES,0.15919422030448907,0.20674574065518062,0.2,961.5785509945874,961.5785509945874,126.67649999999999,217.614,126.67649999999999,126.67649999999999,550.9847826086956,1.0,0.22990925339214766,rolling_liq,836.23,844.51,725.38,6.83,-133.5065,0,9168.533270660613,9302.039770660613
1.0,phase_double_then_12,42f7582e-79b3-4a78-88ba-0245ebd00b6b,2025-06-18 23:00:00+00:00,2025-06-18 06:15:00+00:00,YES,0.2191847121715545,0.2548659443855285,0.2,1168.3734453285279,1168.3734453285279,927.7379999999999,1849.68,927.7379999999999,927.7379999999999,9277.38,1.0,0.1,rolling_liq,6184.08,6184.92,6165.6,58.45,-986.188,0,8182.345270660613,9168.533270660613
1.0,phase_double_then_12,57909126-867a-49a0-bc68-8c65ff35b9dd,2025-06-20 02:00:00+00:00,2025-06-19 13:45:00+00:00,YES,0.23086082577705377,0.2748343164012545,0.2,1124.3946345105237,1124.3946345105237,47.268,94.48799999999999,47.268,47.268,303.925,1.0,0.1555252118121247,rolling_liq,314.96,315.12,314.96,2.8,253.85700000000003,1,8436.202270660613,8182.345270660613
1.0,phase_double_then_12,5cc2b6cf-49a3-4f54-a14e-88d92bf3ac7a,2025-06-20 23:30:00+00:00,2025-06-20 06:00:00+00:00,YES,0.19484763860702514,0.31427038485004055,0.2,1325.6242671366483,1325.6242671366483,409.9874999999999,819.9749999999998,409.9874999999999,409.9874999999999,1172.9071428571426,1.0,0.3495481313220508,rolling_liq,2733.2499999999995,2733.2499999999995,2733.2499999999995,18.67,-428.6574999999999,0,8007.544770660613,8436.202270660613
1.0,phase_double_then_12,36996288-3356-4ce9-b751-b31f6890cd69,2025-06-22 19:00:00+00:00,2025-06-22 07:15:00+00:00,YES,0.12237302303314207,0.22661670932063344,0.2,907.3217228323772,907.3217228323772,28.635000000000005,55.89,28.635000000000005,28.635000000000005,62.25000000000001,1.0,0.46,rolling_liq,186.3,190.90000000000003,186.3,1.09,32.525,1,8040.069770660612,8007.544770660613
1.0,phase_double_then_12,4bfeb202-768f-487c-a416-9c9a314242a6,2025-06-25 00:00:00+00:00,2025-06-24 06:15:00+00:00,YES,0.08991959929466248,0.13031825984733694,0.2,523.8839507818342,523.8839507818342,0.6975,1.395,0.6975,0.6975,2.25,1.0,0.31,rolling_liq,4.65,4.65,4.65,0.04,1.5125,1,8041.582270660612,8040.069770660612
1.0,phase_double_then_12,e6fdfe56-f4ef-4bab-8f24-19a99adb7f6f,2025-06-26 02:00:00+00:00,2025-06-25 12:15:00+00:00,NO,0.07732540607452387,0.08226107029204668,0.2,330.7545822130445,330.7545822130445,89.04,178.08,89.04,89.04,1780.8000000000002,1.0,0.049999999999999996,rolling_liq,593.6,593.6,593.6,5.93,-94.97,0,7946.612270660612,8041.582270660612
1.0,phase_double_then_12,1c528f37-bdd0-449a-99b5-7a8d174e4243,2025-06-26 02:00:00+00:00,2025-06-25 15:45:00+00:00,YES,0.0853763997554779,0.10672049969434737,0.2,424.03321620106647,424.03321620106647,160.47750000000002,318.9750000000001,160.47750000000002,160.47750000000002,805.1375000000003,1.0,0.19931688686715,rolling_liq,1069.8500000000001,1069.8500000000001,1063.2500000000002,9.0,-169.47750000000002,0,7777.134770660612,7946.612270660612
1.0,phase_double_then_12,fd8a85e4-5aac-47f6-b278-e1f1fa69b82d,2025-06-27 02:00:00+00:00,2025-06-26 12:15:00+00:00,NO,0.08030236721038819,0.10566100948735288,0.2,410.86995539359646,410.86995539359646,965.8785,1927.8239999999998,410.86995539359646,410.86995539359646,2054.3497769679825,1.0,0.19999999999999998,kelly,6439.1900000000005,6439.1900000000005,6426.08,23.01,1620.469821574386,1,9397.604592234999,7777.134770660612
1.0,phase_double_then_12,4e456309-00d3-4582-8f89-1c9049054791,2025-06-27 23:30:00+00:00,2025-06-27 12:30:00+00:00,NO,0.12750528216362,0.2500103571835686,0.2,1174.7492403873084,1174.7492403873084,842.4509999999999,1684.9019999999998,842.4509999999999,842.4509999999999,1815.1936170212764,1.0,0.46411082107178064,rolling_liq,5616.339999999999,5616.339999999999,5616.339999999999,31.61,941.1326170212765,1,10338.737209256275,9397.604592234999
1.0,phase_double_then_12,f2a059a9-b803-4538-b746-3868679fa790,2025-06-28 02:00:00+00:00,2025-06-27 12:45:00+00:00,NO,0.05228370666503901,0.055620964537275545,0.12,287.5252678381272,287.5252678381272,109.05750000000002,218.11500000000004,109.05750000000002,109.05750000000002,2181.1500000000005,1.0,0.049999999999999996,rolling_liq,727.0500000000002,727.0500000000002,727.0500000000002,7.26,-116.31750000000002,0,10222.419709256275,10338.737209256275
1.0,phase_double_then_12,02291b17-b5ee-4973-b184-51149f2c1817,2025-06-28 02:00:00+00:00,2025-06-27 14:00:00+00:00,NO,0.14177390813827517,0.26749793988353804,0.12,1367.2381064254648,1226.690365110753,897.9495000000001,1781.376,897.9495000000001,897.9495000000001,1952.825,1.0,0.4598207724706515,rolling_liq,5986.330000000001,5986.330000000001,5937.92,33.96,-931.9095000000001,0,9290.510209256276,10222.419709256275
1.0,phase_double_then_12,8a325ea5-03e5-4940-bb7a-2eb4c8b2b077,2025-06-29 20:00:00+00:00,2025-06-29 04:30:00+00:00,NO,0.19611328840255737,0.26148438453674316,0.2,1214.661672049853,1214.661672049853,383.55449999999996,766.7489999999999,383.55449999999996,383.55449999999996,1600.2270833333332,1.0,0.23968754434591966,rolling_liq,2555.83,2557.0299999999997,2555.83,20.42,1196.2525833333332,1,10486.762792589609,9290.510209256276
1.0,phase_double_then_12,475cc53b-e563-4217-a5dc-930581369bab,2025-06-29 22:00:00+00:00,2025-06-29 05:30:00+00:00,NO,0.07646610498428341,0.10769873941448369,0.12,564.7055666503057,564.7055666503057,125.958,223.93800000000002,125.958,125.958,450.75172413793103,1.0,0.27943986291099926,rolling_liq,773.46,839.72,746.46,6.36,318.433724137931,1,10805.19651672754,10486.762792589609
1.0,phase_double_then_12,01384c8c-e038-4abe-b80a-901c44d112ce,2025-07-03 23:00:00+00:00,2025-07-03 05:45:00+00:00,YES,0.14452980518341063,0.23693410685805022,0.12,1280.0597930582774,1280.0597930582774,4851.2415,9632.867999999999,1280.0597930582774,1280.0597930582774,3657.313694452221,1.0,0.35,kelly,32341.61,32341.61,32109.559999999994,58.25,2319.003901393944,1,13124.200418121483,10805.19651672754
1.0,phase_double_then_12,21815dfe-7533-4983-9fc4-01b7e5798634,2025-07-03 23:30:00+00:00,2025-07-03 12:15:00+00:00,YES,0.12719794988632205,0.23999613186098498,0.12,1574.8786670587388,1574.8786670587388,128.30999999999997,254.08199999999997,128.30999999999997,128.30999999999997,273.0,1.0,0.4699999999999999,rolling_liq,855.3999999999999,855.3999999999999,846.9399999999999,4.77,-133.07999999999998,0,12991.120418121483,13124.200418121483
1.0,phase_double_then_12,a4d71aea-7129-4510-a0c0-686300cd53cf,2025-07-07 23:30:00+00:00,2025-07-07 12:30:00+00:00,NO,0.09287727117538447,0.13460474083389054,0.12,874.333198511553,874.333198511553,584.3460000000001,1143.567,584.3460000000001,584.3460000000001,2248.715384615385,1.0,0.2598576965310109,rolling_liq,3811.8900000000003,3895.6400000000012,3811.8900000000003,30.28,-614.6260000000001,0,12376.494418121483,12991.120418121483
1.0,phase_double_then_12,66b295b9-ed48-41fe-8fd7-4cca0813f9f5,2025-07-08 15:30:00+00:00,2025-07-08 04:45:00+00:00,NO,0.07585252523422237,0.10836075033460339,0.12,670.5631108298372,670.5631108298372,579.534,1001.097,579.534,579.534,2093.835714285714,1.0,0.2767810273012278,rolling_liq,3397.92,3863.5600000000004,3336.9900000000002,29.34,-608.874,0,11767.620418121483,12376.494418121483
1.0,phase_double_then_12,cba5ede2-0a93-430c-aa0b-4c48363996d9,2025-07-09 15:00:00+00:00,2025-07-09 01:30:00+00:00,YES,0.0751177150011062,0.08077173656032925,0.12,475.24556817723,475.24556817723,76.56450000000001,153.12900000000002,76.56450000000001,76.56450000000001,1095.9214285714288,1.0,0.0698631288739417,rolling_liq,510.43000000000006,510.43000000000006,510.43000000000006,4.99,1014.3669285714288,1,12781.987346692913,11767.620418121483
1.0,phase_double_then_12,473b6ccd-bea1-4377-b656-99e755056013,2025-07-09 16:00:00+00:00,2025-07-09 02:00:00+00:00,NO,0.21722968339920046,0.28211647194701356,0.12,1803.0045873601866,1533.8384816031496,25.344,50.688,25.344,25.344,115.20000000000002,1.0,0.21999999999999997,rolling_liq,168.96,168.96,168.96,1.39,88.46600000000002,1,12870.453346692913,12781.987346692913
1.0,phase_double_then_12,e3e04e5c-30b5-4cd3-bef5-9e4a16bf0e89,2025-07-10 19:00:00+00:00,2025-07-10 04:45:00+00:00,NO,0.176479022204876,0.5882634073495866,0.12,3785.608369929732,1544.4544016031496,299.022,493.99799999999993,299.022,299.022,439.7382352941176,1.0,0.68,rolling_liq,1798.5600000000002,1993.48,1646.6599999999999,6.7,134.01623529411762,1,13004.46958198703,12870.453346692913
1.0,phase_double_then_12,9bb7fd31-2faf-4602-bf65-4532dd75baba,2025-07-13 22:00:00+00:00,2025-07-13 05:15:00+00:00,NO,0.0949998521804809,0.13768094518910276,0.12,895.2338318654552,895.2338318654552,481.56749999999994,930.4229999999999,481.56749999999994,481.56749999999994,1783.5833333333335,1.0,0.26999999999999996,rolling_liq,3210.45,3210.45,3101.41,24.61,1277.4058333333337,1,14281.875415320364,13004.46958198703
1.0,phase_double_then_12,1dc8a33e-b81b-4a0d-91bf-0109943d729e,2025-07-13 22:00:00+00:00,2025-07-13 06:00:00+00:00,NO,0.2283735346794128,0.27850431058464975,0.12,1988.7819331998282,1713.8250498384436,1240.2495000000001,2467.7490000000003,1240.2495000000001,1240.2495000000001,8140.559375000001,1.0,0.1523543337585447,rolling_liq,8268.330000000002,8268.330000000002,8225.830000000002,73.6,-1313.8495,0,12968.025915320364,14281.875415320364
1.0,phase_double_then_12,333e71e9-d362-4003-836b-7d936322e7d2,2025-07-16 00:00:00+00:00,2025-07-15 06:00:00+00:00,YES,0.06468308866024008,0.07187009851137786,0.12,466.00665001608786,466.00665001608786,299.565,599.13,299.565,299.565,2995.6499999999996,1.0,0.1,rolling_liq,1997.1,1997.1,1997.1,18.88,-318.445,0,12649.580915320365,12968.025915320364
1.0,phase_double_then_12,e380b602-7a50-4ce9-99e7-63c43f11724e,2025-07-16 02:00:00+00:00,2025-07-15 13:30:00+00:00,NO,0.21980795383453366,0.4676764975202844,0.12,2957.9558487882305,1517.9497098384436,1153.3905,2143.101,1153.3905,1153.3905,2403.4385416666664,1.0,0.4798918216565589,rolling_liq,7143.67,7689.27,7143.67,42.0,-1195.3905,0,11454.190415320365,12649.580915320365
1.0,phase_double_then_12,83fc47a0-fbb1-4f04-8af2-94e9a1fd566e,2025-07-16 17:00:00+00:00,2025-07-16 04:15:00+00:00,NO,0.1946576309204101,0.23738735478098796,0.12,1359.5399819253237,1359.5399819253237,37.509,75.018,37.509,37.509,227.5235294117647,1.0,0.16485767470720547,rolling_liq,250.06,250.06,250.06,2.2,-39.709,0,11414.481415320364,11454.190415320365
1.0,phase_double_then_12,5e64c14b-9cf3-45d2-bd9d-f0af702d801f,2025-07-16 19:00:00+00:00,2025-07-16 07:00:00+00:00,NO,0.1349456548690796,0.207608699798584,0.12,1184.8728227548809,1184.8728227548809,2008.2225,3987.606000000001,1184.8728227548809,1184.8728227548809,3849.4284604996155,1.0,0.3078048689339967,kelly,13294.060000000001,13388.150000000001,13292.020000000004,57.42,-1242.292822754881,0,10172.188592565482,11414.481415320364
1.0,phase_double_then_12,1f15d85b-41ea-4e16-b597-b0e14ee9ba73,2025-07-16 23:30:00+00:00,2025-07-16 07:00:00+00:00,NO,0.10651913166046145,0.13656298930828392,0.12,694.5722410041839,694.5722410041839,1176.8190000000002,2350.3979999999997,694.5722410041839,694.5722410041838,3472.861205020919,0.9999999999999999,0.19999999999999998,kelly,7834.66,7845.460000000001,7834.66,38.9,-733.4722410041837,0,9438.7163515613,10172.188592565482
1.0,phase_double_then_12,32cb5f24-0d87-4645-a3fd-dd1e0fd1a4f6,2025-07-23 00:00:00+00:00,2025-07-22 06:00:00+00:00,NO,0.09330237627029414,0.11378338569548066,0.2,536.9845515499696,536.9845515499696,278.9865,557.973,278.9865,278.9865,1551.0916666666667,1.0,0.17986461148331012,rolling_liq,1859.91,1859.91,1859.91,16.02,-295.00649999999996,0,9143.7098515613,9438.7163515613
1.0,phase_double_then_12,17812353-7592-47dc-9fe1-36f6bb0d8b9d,2025-07-24 02:00:00+00:00,2025-07-23 07:00:00+00:00,NO,0.17903590440750117,0.2594723252282626,0.2,1186.269828198591,1186.269828198591,649.6155,1299.231,649.6155,649.6155,2548.751923076923,1.0,0.25487592343462223,rolling_liq,4330.77,4330.77,4330.77,33.89,1865.246423076923,1,11008.956274638223,9143.7098515613
1.0,phase_double_then_12,d8bda49f-0b5d-428a-9697-070219652f4a,2025-07-25 00:30:00+00:00,2025-07-24 06:15:00+00:00,YES,0.12289219975471491,0.15755410224963448,0.12,867.2531112780529,867.2531112780529,1133.157,2266.314,867.2531112780529,867.2531112780529,4818.072840433627,1.0,0.18,kelly,7554.379999999999,7554.379999999999,7554.379999999999,49.79,-917.0431112780528,0,10091.91316336017,11008.956274638223
1.0,phase_double_then_12,4d8cf7bd-df70-42d4-a4fd-14a6fcb736a9,2025-07-24 23:00:00+00:00,2025-07-24 12:45:00+00:00,YES,0.11587374210357665,0.21067953109741208,0.12,1063.0797665662606,1063.0797665662606,762.1350000000001,1522.6500000000005,762.1350000000001,762.1350000000001,1732.1250000000002,1.0,0.44,rolling_liq,5075.500000000002,5080.900000000001,5075.500000000002,29.88,940.1100000000001,1,11032.02316336017,10091.91316336017
1.0,phase_double_then_12,585740b6-3c8b-4746-8808-e7635a88c710,2025-07-27 20:00:00+00:00,2025-07-27 04:15:00+00:00,YES,0.09930047273635859,0.1273082983799469,0.12,702.2340483077711,702.2340483077711,33.363,9.9,9.9,9.9,45.0,1.0,0.22,cumulative_liq,222.42000000000002,222.42000000000002,33.0,0.55,-10.450000000000001,0,11021.57316336017,11032.02316336017
1.0,phase_double_then_12,548df81e-2319-4153-a4df-bf65932d74be,2025-07-27 23:00:00+00:00,2025-07-27 06:00:00+00:00,NO,0.06239434003829958,0.0810316104393501,0.12,446.54791150109844,446.54791150109844,0.0315,0.063,0.0315,0.0315,0.15,1.0,0.21000000000000002,rolling_liq,0.21,0.21,0.21,0.01,0.1085,1,11021.68166336017,11021.57316336017
1.0,phase_double_then_12,d5b4c575-bc11-412e-893d-9c6ed1889586,2025-07-27 22:00:00+00:00,2025-07-27 12:30:00+00:00,YES,0.1230686521530151,0.17333612979297902,0.12,955.2278216685477,955.2278216685477,628.7235,1212.2939999999999,628.7235,628.7235,2384.7166666666662,1.0,0.26364704402339906,rolling_liq,4046.1999999999994,4191.49,4040.98,32.41,-661.1334999999999,0,10360.54816336017,11021.68166336017
1.0,phase_double_then_12,6adda940-e25a-4b97-9334-bfcbbb00d303,2025-07-28 23:00:00+00:00,2025-07-28 12:30:00+00:00,YES,0.05657753527164458,0.06816570514655974,0.12,353.1170356301702,353.1170356301702,734.322,1334.2590000000002,353.1170356301702,353.1170356301702,2211.293972688564,1.0,0.1596879655041247,kelly,4892.250000000001,4895.4800000000005,4447.530000000001,20.78,-373.8970356301702,0,9986.65112773,10360.54816336017
1.0,phase_double_then_12,7a6fecee-f650-46ac-af8f-8dfc5ff13ae2,2025-07-29 23:30:00+00:00,2025-07-29 05:45:00+00:00,NO,0.11944526433944702,0.15926035245259604,0.2,795.2387892116977,795.2387892116977,424.923,849.846,424.923,424.923,1874.9260869565219,1.0,0.2266345339990214,rolling_liq,2832.82,2832.82,2832.82,23.01,1426.993086956522,1,11413.644214686521,9986.65112773
1.0,phase_double_then_12,185c1d82-80ca-427a-bb34-b717e2127e2e,2025-07-30 23:00:00+00:00,2025-07-30 05:30:00+00:00,YES,0.15933475494384763,0.2655579249064127,0.12,1515.4918366361176,1369.6373057623825,41.020500000000006,82.04100000000001,41.020500000000006,41.020500000000006,103.87625000000001,1.0,0.39489777499669076,rolling_liq,273.47,273.47,273.47,1.74,61.115750000000006,1,11474.759964686522,11413.644214686521
1.0,phase_double_then_12,c2f7980e-2390-45e9-8977-c6e6d2c1f545,2025-07-31 00:00:00+00:00,2025-07-30 07:00:00+00:00,NO,0.09089968681335447,0.12452011892240339,0.12,714.4192377043995,714.4192377043995,743.928,1475.7030000000002,714.4192377043995,714.4192377043995,2747.9586065553826,1.0,0.25998180467497556,kelly,4958.27,4959.52,4919.010000000001,37.01,-751.4292377043995,0,10723.330726982122,11474.759964686522
1.0,phase_double_then_12,e8241b1f-576e-4bcf-b7d0-79606aa78b00,2025-07-31 00:00:00+00:00,2025-07-30 15:30:00+00:00,NO,0.16516225516796124,0.434637513599898,0.12,2330.380902342448,1286.7996872378546,1726.7504999999996,3227.4,1286.7996872378546,1286.7996872378546,2257.5433109436053,1.0,0.5699999999999998,portfolio,10758.0,11511.669999999998,10758.0,38.74,932.0036237057507,1,11655.334350687872,10723.330726982122
1.0,phase_double_then_12,50578d4e-21ed-488c-ac01-1008b9b70e0d,2025-07-31 23:30:00+00:00,2025-07-31 05:45:00+00:00,NO,0.1513962113857269,0.2566037481114015,0.12,1495.401239939038,1398.6401220825446,1223.4164999999998,2446.8329999999996,1223.4164999999998,1223.4164999999998,3502.675714285713,1.0,0.3492805500121744,rolling_liq,8156.109999999999,8156.109999999999,8156.109999999999,55.73,2223.5292142857134,1,13878.863564973584,11655.334350687872
1.0,phase_double_then_12,a1ca524f-e7ce-449f-ab32-66adea0ba523,2025-08-01 23:30:00+00:00,2025-08-01 05:45:00+00:00,NO,0.15966734647750846,0.3894325523841671,0.12,2702.4406311496414,1665.46362779683,172.96349999999998,345.92699999999996,172.96349999999998,172.96349999999998,295.7686440677966,1.0,0.5847932276429986,rolling_liq,1153.09,1153.09,1153.09,5.03,117.77514406779659,1,13996.638709041381,13878.863564973584
1.0,phase_double_then_12,64fb0c10-3ce1-4592-a3f9-65395a9e58af,2025-08-01 23:30:00+00:00,2025-08-01 15:00:00+00:00,YES,0.10673018932342532,0.18089862597190728,0.12,1265.986355345398,1265.986355345398,976.8615,1937.8559999999998,976.8615,976.8615,2580.003947368421,1.0,0.3786279090760265,rolling_liq,6512.41,6512.41,6459.5199999999995,42.49,1560.652447368421,1,15557.291156409801,13996.638709041381
1.0,phase_double_then_12,de06dc94-ceb2-41b8-bde0-f9f91c917d00,2025-08-03 22:00:00+00:00,2025-08-03 06:00:00+00:00,NO,0.07582804679870603,0.10531673166486949,0.12,819.2215290759291,819.2215290759291,247.6695,427.425,247.6695,247.6695,1008.4780000000001,1.0,0.24558740993854103,rolling_liq,1443.7900000000002,1651.13,1424.75,13.08,-260.7495,0,15296.541656409801,15557.291156409801
1.0,phase_double_then_12,1dffe97b-d132-4697-af9f-8b08902da90d,2025-08-03 22:00:00+00:00,2025-08-03 06:00:00+00:00,YES,0.05085827469825738,0.05913752871890393,0.12,452.2998357529225,452.2998357529225,325.302,613.035,325.302,325.302,2596.4769230769225,1.0,0.12528591997440322,rolling_liq,2062.3,2168.6800000000003,2043.45,19.92,-345.22200000000004,0,14951.319656409802,15296.541656409801
1.0,phase_double_then_12,cd325282-98cc-46dd-a9f0-e2d5d887b51f,2025-08-06 00:00:00+00:00,2025-08-05 07:00:00+00:00,YES,0.09239223599433899,0.12318964799245198,0.12,920.9239027478758,920.9239027478758,34.357499999999995,65.865,34.357499999999995,34.357499999999995,143.15624999999997,1.0,0.24000000000000002,rolling_liq,229.04999999999998,229.04999999999998,219.54999999999998,1.83,106.96874999999999,1,15058.288406409802,14951.319656409802
1.0,phase_double_then_12,6a9e0ff7-c5b4-4a72-b217-41dc4a8caa4f,2025-08-06 02:00:00+00:00,2025-08-05 07:00:00+00:00,NO,0.3618546456098557,0.6579175374724648,0.12,4953.556013447652,1806.9946087691762,13.987499999999999,27.974999999999998,13.987499999999999,13.987499999999999,31.857954545454543,1.0,0.43905831995719635,rolling_liq,93.25,93.25,93.25,0.55,17.32045454545454,1,15075.608860955255,15058.288406409802
1.0,phase_double_then_12,d300ee86-e2e0-4bf4-9247-1d7a3a859e07,2025-08-06 02:00:00+00:00,2025-08-05 07:00:00+00:00,NO,0.08956348419189453,0.10294653355390175,0.12,775.9908367249144,775.9908367249144,55.5105,111.021,55.5105,55.5105,531.0954545454545,1.0,0.10452075898015253,rolling_liq,370.07,370.07,370.07,3.48,-58.9905,0,15016.618360955255,15075.608860955255
1.0,phase_double_then_12,0934f4d6-98dc-4543-b6bd-c04adfa95bf2,2025-08-08 02:00:00+00:00,2025-08-07 07:00:00+00:00,NO,0.14108287811279296,0.2275530292141822,0.12,1708.5384982943378,1708.5384982943378,302.169,604.338,302.169,302.169,839.3583333333333,1.0,0.36,rolling_liq,2014.4599999999998,2014.4599999999998,2014.4599999999998,13.54,-315.709,0,14700.909360955255,15016.618360955255
1.0,phase_double_then_12,042c5181-7425-497a-8593-922c0cccfc16,2025-08-08 02:00:00+00:00,2025-08-07 07:00:00+00:00,NO,0.10052478075027471,0.12410466759293173,0.12,912.2257347775852,912.2257347775852,178.1985,356.397,178.1985,178.1985,1048.226470588235,1.0,0.17000000000000004,rolling_liq,1187.99,1187.99,1187.99,10.36,-188.55849999999998,0,14512.350860955255,14700.909360955255
1.0,phase_double_then_12,25596e43-21b0-4411-b093-a5ca0b6480d6,2025-08-09 02:00:00+00:00,2025-08-08 07:30:00+00:00,YES,0.13616769552230834,0.2778932561679762,0.12,2016.4422177014944,1741.4821033146306,341.1405,679.782,341.1405,341.1405,696.2051020408164,1.0,0.4899999999999999,rolling_liq,2274.27,2274.27,2265.94,12.18,342.88460204081645,1,14855.235462996072,14512.350860955255
1.0,phase_double_then_12,3a283716-466b-440c-a344-5994da2e16aa,2025-08-10 00:30:00+00:00,2025-08-09 13:15:00+00:00,YES,0.124353095293045,0.1943017113953828,0.12,1443.1988368207592,1443.1988368207592,3395.0819999999994,6622.331999999999,1443.1988368207592,1443.1988368207592,4170.996676630741,1.0,0.3460081483417892,kelly,22633.879999999997,22633.879999999997,22074.44,66.07,2661.727839809981,1,17516.963302806053,14855.235462996072
1.0,phase_double_then_12,2de72b4c-3c39-42c4-8321-18efac227563,2025-08-10 16:30:00+00:00,2025-08-10 02:30:00+00:00,NO,0.28335612535476684,0.4570260086367207,0.12,4002.8539108586792,2102.035596336726,424.6979999999999,840.7379999999999,424.6979999999999,424.6979999999999,1147.8324324324321,1.0,0.37000000000000005,rolling_liq,2831.3199999999997,2831.3199999999997,2802.46,18.73,704.4044324324323,1,18221.367735238484,17516.963302806053
1.0,phase_double_then_12,56ef45bc-fa3c-47bb-926c-8b9f8433bdb6,2025-08-10 20:00:00+00:00,2025-08-10 04:30:00+00:00,NO,0.146348443031311,0.24804820852764578,0.12,2259.888811824676,2186.564128228618,1536.5249999999999,3072.699,1536.5249999999999,1536.5249999999999,3906.4874999999997,1.0,0.3933264857496664,rolling_liq,10243.5,10243.5,10242.33,65.26,2304.7024999999994,1,20526.070235238483,18221.367735238484
1.0,phase_double_then_12,2eb1473f-e48b-4a13-bb64-bb3604b03c6d,2025-08-10 22:00:00+00:00,2025-08-10 12:00:00+00:00,NO,0.13645145893096922,0.22741909821828205,0.12,2334.0101914315283,2334.0101914315283,3091.3319999999994,6182.312999999999,2334.0101914315283,2334.0101914315283,6521.361642865357,1.0,0.35790227858089013,kelly,20607.71,20608.879999999997,20607.71,104.91,4082.4414514338287,1,24608.51168667231,20526.070235238483
1.0,phase_double_then_12,4b134f76-aff1-49fb-b585-3e9073eb44c2,2025-08-14 02:00:00+00:00,2025-08-13 08:00:00+00:00,NO,0.21488385438919066,0.4385384783452871,0.12,5395.889634707744,2953.0214024006773,1253.5964999999999,2501.493,1253.5964999999999,1253.5964999999999,2995.6107142857136,1.0,0.41847777283668613,rolling_liq,8338.31,8357.31,8338.31,51.03,1690.9842142857137,1,26299.495900958023,24608.51168667231
1.0,phase_double_then_12,74f4d3c6-f105-49b3-bb25-ee57ac47d235,2025-08-13 23:30:00+00:00,2025-08-13 11:45:00+00:00,NO,0.12422191977500918,0.2343809807075645,0.12,3082.050820690557,3082.050820690557,1435.8765000000003,1876.4339999999997,1435.8765000000003,1435.8765000000003,3190.8366666666675,1.0,0.44999999999999996,rolling_liq,6254.78,9572.510000000002,6254.78,55.29,1699.6701666666672,1,27999.16606762469,26299.495900958023
1.0,phase_double_then_12,fdec04dc-4b3e-4713-8640-3988c3e4f01f,2025-08-16 02:00:00+00:00,2025-08-15 07:15:00+00:00,NO,0.13219804048538208,0.20983815950060647,0.12,2937.6467375910993,2937.6467375910993,93.54299999999999,187.08599999999998,93.54299999999999,93.54299999999999,259.84166666666664,1.0,0.36,rolling_liq,623.62,623.62,623.62,4.2,162.09866666666665,1,28161.264734291355,27999.16606762469
1.0,phase_double_then_12,f69e50f9-fa32-4c94-9a1b-f8a270e47e4c,2025-08-16 02:00:00+00:00,2025-08-15 16:45:00+00:00,YES,0.15301872491836543,0.340041610929701,0.12,4788.000913033105,3379.3517681149624,696.888,1393.776,696.888,696.888,1292.1999999999998,1.0,0.5393035133880205,rolling_liq,4645.92,4645.92,4645.92,22.48,-719.368,0,27441.896734291357,28161.264734291355
1.0,phase_double_then_12,673f7bf8-4cb2-4836-9dec-4131b50da342,2025-08-16 18:00:00+00:00,2025-08-16 03:15:00+00:00,YES,0.29983103513717646,0.6814341707663102,0.12,9349.923072693273,3293.0276081149627,2264.0865,4528.173,2264.0865,2264.0865,4240.586111111112,1.0,0.5339088608689443,rolling_liq,15093.91,15093.91,15093.91,73.87,1902.629611111112,1,29344.526345402468,27441.896734291357
1.0,phase_double_then_12,3495c00d-950e-4e49-87e6-3a022d1d9c1b,2025-08-17 19:00:00+00:00,2025-08-17 03:45:00+00:00,YES,0.1182247066497803,0.20038085872844116,0.12,2940.040694035556,2940.040694035556,236.16899999999995,470.616,236.16899999999995,236.16899999999995,582.8756097560974,1.0,0.4051790743119688,rolling_liq,1574.4599999999998,1574.4599999999998,1568.72,9.84,336.8666097560975,1,29681.392955158564,29344.526345402468
1.0,phase_double_then_12,b233aa62-25a1-489f-9f1a-ad31d9a6a7c2,2025-08-17 22:00:00+00:00,2025-08-17 10:45:00+00:00,NO,0.13120973110198975,0.2624194622039795,0.12,3894.487588378848,3561.7671546190277,1035.108,2067.5699999999997,1035.108,1035.108,2300.2400000000002,1.0,0.44999999999999996,rolling_liq,6900.72,6900.72,6891.9,39.86,1225.2720000000004,1,30906.664955158565,29681.392955158564
1.0,phase_double_then_12,b6df91b4-c8f5-45f8-bebf-c6845d61912b,2025-08-19 23:00:00+00:00,2025-08-19 05:30:00+00:00,NO,0.2621755397319794,0.5140696857489792,0.12,7944.089770523675,3708.7997946190276,980.0325,1960.065,980.0325,980.0325,2344.077380952381,1.0,0.418088800294562,rolling_liq,6533.55,6533.55,6533.55,39.93,-1019.9625,0,29886.702455158564,30906.664955158565
1.0,phase_double_then_12,2cc91c72-9797-403a-adc1-51f134d84117,2025-08-20 02:00:00+00:00,2025-08-19 07:00:00+00:00,YES,0.09672302126884458,0.13433752954006192,0.12,2007.4528869624523,2007.4528869624523,75.47850000000001,150.95700000000002,75.47850000000001,75.47850000000001,287.06851851851854,1.0,0.26292851751743357,rolling_liq,503.19000000000005,503.19000000000005,503.19000000000005,3.9,-79.37850000000002,0,29807.323955158565,29886.702455158564
1.0,phase_double_then_12,a1382913-f5c5-4721-9dee-4195779e9b68,2025-08-23 20:00:00+00:00,2025-08-23 04:00:00+00:00,NO,0.19466778397560125,0.34762104281357364,0.12,5180.826518387117,3576.8788746190276,325.125,650.25,325.125,325.125,774.1071428571429,1.0,0.42,rolling_liq,2167.5,2167.5,2167.5,13.21,435.7721428571429,1,30243.096098015707,29807.323955158565
1.0,phase_double_then_12,bb8576ec-3270-4ee6-9d85-f37e6e502af7,2025-08-24 19:00:00+00:00,2025-08-24 03:45:00+00:00,YES,0.1296231734752655,0.16618355573751986,0.12,2512.9526230398815,2512.9526230398815,271.6365,514.5630000000001,271.6365,271.6365,1273.3022727272728,1.0,0.21333229808675724,rolling_liq,1810.91,1810.91,1715.2100000000003,14.96,-286.5965,0,29956.499598015707,30243.096098015707
1.0,phase_double_then_12,0962940f-0261-4fce-b716-3a16393d43b7,2025-08-24 20:00:00+00:00,2025-08-24 05:45:00+00:00,NO,0.17109873175621026,0.39790402734002395,0.12,5959.905917530129,3594.7799517618846,904.2299999999999,1715.5860000000002,904.2299999999999,904.2299999999999,1776.156862745098,1.0,0.5090935485295416,rolling_liq,5718.620000000001,6028.2,5718.620000000001,31.08,840.846862745098,1,30797.346460760804,29956.499598015707
1.0,phase_double_then_12,ab22cb38-adf5-49e7-8d94-af37949f1527,2025-08-26 23:00:00+00:00,2025-08-26 06:00:00+00:00,YES,0.11368976593017577,0.18637666545930454,0.12,2869.9533691757565,2869.9533691757565,485.0879999999999,960.8159999999999,485.0879999999999,485.0879999999999,1282.836842105263,1.0,0.37813694156454236,rolling_liq,3202.72,3233.9199999999996,3202.72,21.12,776.6288421052631,1,31573.975302866067,30797.346460760804
1.0,phase_double_then_12,467aedcd-fa42-4992-9a69-fce47d1ece15,2025-08-28 00:00:00+00:00,2025-08-27 16:00:00+00:00,NO,0.15859810590744017,0.33041272064050037,0.12,5216.221540627972,3788.877036343928,771.6015,1364.115,771.6015,771.6015,1518.0225490196076,1.0,0.5082938329857665,rolling_liq,5144.01,5144.01,4547.05,26.56,719.8610490196077,1,32293.836351885675,31573.975302866067
1.0,phase_double_then_12,6d17df9c-9585-4b14-b1ab-7334c0443b45,2025-08-30 02:00:00+00:00,2025-08-29 07:15:00+00:00,NO,0.14991149187088015,0.28285187145449087,0.12,4567.186024287966,3875.260362226281,913.9725,1823.76,913.9725,913.9725,2124.2329545454545,1.0,0.43026001364128763,rolling_liq,6093.15,6093.15,6079.2,36.46,1173.8004545454546,1,33467.63680643113,32293.836351885675
1.0,phase_double_then_12,eef5e74b-cdc8-45c9-b34e-c80089a44b6d,2025-09-01 00:00:00+00:00,2025-08-31 06:00:00+00:00,NO,0.12026148080825805,0.1625155146057541,0.12,2719.505109117816,2719.505109117816,358.71450000000004,717.4290000000001,358.71450000000004,358.71450000000004,1677.06590909091,1.0,0.21389409805274082,rolling_liq,2391.4300000000003,2391.4300000000003,2391.4300000000003,19.74,-378.45450000000005,0,33089.18230643113,33467.63680643113
1.0,phase_double_then_12,2f5baf0d-dd06-464d-95dd-177924f443c9,2025-09-04 00:00:00+00:00,2025-09-03 06:00:00+00:00,NO,0.20699598312377931,0.3980691983149602,0.12,6585.892136809303,3970.701876771736,374.07300000000004,748.1460000000001,374.07300000000004,374.07300000000004,833.7177777777778,1.0,0.44868060867919607,rolling_liq,2493.82,2493.82,2493.82,14.44,-388.51300000000003,0,32700.669306431133,33089.18230643113
1.0,phase_double_then_12,b69d86fb-d73a-4b99-bec9-88e73e7ce25b,2025-09-05 02:00:00+00:00,2025-09-04 12:45:00+00:00,NO,0.05718323230743405,0.06807527655646911,0.12,1113.05355330847,1113.05355330847,105.51449999999998,208.64400000000003,105.51449999999998,105.51449999999998,753.6749999999998,1.0,0.14,rolling_liq,695.4800000000001,703.43,695.4800000000001,6.36,-111.87449999999998,0,32588.79480643113,32700.669306431133
1.0,phase_double_then_12,f9c188c7-35cd-436c-8d11-7f1b0131ba33,2025-09-05 23:30:00+00:00,2025-09-05 10:30:00+00:00,NO,0.06474714040756224,0.07528737256693284,0.12,1226.7623680495533,1226.7623680495533,169.7925,335.427,169.7925,169.7925,1306.0961538461536,1.0,0.13,rolling_liq,1118.0900000000001,1131.95,1118.0900000000001,10.35,-180.14249999999998,0,32408.65230643113,32588.79480643113
1.0,phase_double_then_12,e9ff9be0-15cb-4e16-86a5-89be878b6745,2025-09-10 02:00:00+00:00,2025-09-09 07:00:00+00:00,NO,0.2139049685001373,0.30127460352132013,0.12,4881.9519371401775,3889.0382767717356,900.4125,1800.825,900.4125,900.4125,3429.7870370370374,1.0,0.2625272328213878,rolling_liq,6002.75,6002.75,6002.75,46.49,-946.9025,0,31461.74980643113,32408.65230643113
1.0,phase_double_then_12,31d89653-50a1-4688-b507-15c8e12dad33,2025-09-09 23:30:00+00:00,2025-09-09 12:30:00+00:00,NO,0.16207829356193537,0.3683597580953077,0.12,5794.621273976032,3775.4099767717353,830.5949999999999,1643.4060000000002,830.5949999999999,830.5949999999999,1566.898148148148,1.0,0.5300886984783572,rolling_liq,5478.02,5537.299999999999,5478.02,27.33,-857.925,0,30603.82480643113,31461.74980643113
1.0,phase_double_then_12,93a98ff0-ed90-4c11-8f56-dfd70e55ed58,2025-09-12 00:00:00+00:00,2025-09-11 07:00:00+00:00,NO,0.1892402425408365,0.6308008084694549,0.12,9652.458715077157,3672.4589767717357,272.83050000000003,517.941,272.83050000000003,272.83050000000003,409.50820895522395,1.0,0.6662393916255573,rolling_liq,1818.8700000000001,1818.8700000000001,1726.4700000000003,6.38,-279.2105,0,30324.61430643113,30603.82480643113
1.0,phase_double_then_12,2fb00c07-3995-4420-aa53-e0b95160a91a,2025-09-18 02:00:00+00:00,2025-09-17 16:15:00+00:00,YES,0.07049068570137018,0.08702553790292615,0.12,1319.5079358579694,1319.5079358579694,643.9125,1278.9899999999998,643.9125,643.9125,4046.578125,1.0,0.1591251867897645,rolling_liq,4269.1900000000005,4292.75,4263.299999999999,37.91,-681.8225,0,29642.79180643113,30324.61430643113
1.0,phase_double_then_12,30981dda-706d-44fc-9eb4-b6f8c5a3e874,2025-09-24 01:30:00+00:00,2025-09-22 23:30:00+00:00,NO,0.11262015342712406,0.14255715623686588,0.12,2112.8960514231453,2112.8960514231453,375.92999999999995,751.1999999999999,375.92999999999995,375.92999999999995,1879.65,1.0,0.19999999999999996,rolling_liq,2506.2,2506.2,2504.0,21.06,-396.98999999999995,0,29245.80180643113,29642.79180643113
1.0,phase_double_then_12,fb31c505-de82-4d70-a8a2-a91dbaacd1ee,2025-09-29 00:00:00+00:00,2025-09-28 02:30:00+00:00,NO,0.18119778752326965,0.29225449600527365,0.12,4273.608533604325,3509.4962167717354,3045.7004999999995,6089.780999999999,3045.7004999999995,3045.7004999999995,8702.972857142857,1.0,0.34996093288976293,rolling_liq,20299.269999999997,20304.67,20299.269999999997,138.59,-3184.2904999999996,0,26061.51130643113,29245.80180643113
1.0,phase_double_then_12,fc11987d-5051-4621-94f9-17a356691802,2025-10-01 01:30:00+00:00,2025-09-30 01:15:00+00:00,NO,0.06506288051605225,0.08675050735473633,0.12,1130.4246641320487,1130.4246641320487,2017.1580000000001,3883.1910000000003,1130.4246641320487,1130.4246641320487,5110.150713617603,1.0,0.22121160949708915,kelly,13444.47,13447.720000000001,12943.970000000001,61.63,-1192.0546641320489,0,24869.456642299083,26061.51130643113
1.0,phase_double_then_12,4a8a3c5a-81ad-462c-b4cb-3300d1eea8c3,2025-10-09 00:00:00+00:00,2025-10-07 11:00:00+00:00,NO,0.16387164235115048,0.2777485463578822,0.12,3453.7277155544743,2984.33479707589,8132.152499999999,16264.304999999998,2984.33479707589,2984.33479707589,8121.823775880783,1.0,0.36744638635701615,portfolio,54214.35,54214.35,54214.35,132.15,5005.3389788048935,1,29874.79562110398,24869.456642299083
1.0,phase_10k_then_12,d1bd5e4c-1d9e-47c6-b24e-52544a1a2c13,2025-05-22 23:30:00+00:00,2025-05-22 13:00:00+00:00,YES,0.18705255270004273,0.2969088138095916,0.2,742.2720345239791,742.2720345239791,159.50999999999993,311.232,159.50999999999993,159.50999999999993,458.4285714285713,1.0,0.3479495169834839,rolling_liq,1037.44,1063.3999999999996,1037.44,7.29,-166.79999999999993,0,4833.2,5000.0
1.0,phase_10k_then_12,b8786c5b-6a05-49e0-9ba2-0bc7db3e8a60,2025-05-24 02:00:00+00:00,2025-05-23 12:30:00+00:00,NO,0.08980293750762935,0.10819631025015586,0.2,261.46720335052663,261.46720335052663,131.1855,262.371,131.1855,131.1855,1394.0549999999998,1.0,0.09410353250051111,rolling_liq,874.5699999999999,874.5699999999999,874.5699999999999,8.32,-139.50549999999998,0,4693.6945,4833.2
1.0,phase_10k_then_12,a35a38a3-fdb6-40a3-86f1-842d77ac32bf,2025-05-24 02:00:00+00:00,2025-05-23 12:30:00+00:00,NO,0.32377356052398687,0.3997204450913418,0.2,938.0828273313914,938.0828273313914,38.091,76.182,38.091,38.091,238.06875,1.0,0.16,rolling_liq,253.94,253.94,253.94,2.24,197.73774999999998,1,4891.43225,4693.6945
1.0,phase_10k_then_12,92c4a40c-74f4-4a28-be37-18237fca81a5,2025-05-23 23:30:00+00:00,2025-05-23 12:30:00+00:00,NO,0.09931676149368285,0.11548460638800331,0.2,282.4425640324177,282.4425640324177,57.832499999999996,115.66499999999999,57.832499999999996,57.832499999999996,722.9062499999999,1.0,0.08,rolling_liq,385.55,385.55,385.55,3.73,-61.56249999999999,0,4829.86975,4891.43225
1.0,phase_10k_then_12,10582ee6-a493-4e18-9878-6203b5e8065d,2025-05-24 02:00:00+00:00,2025-05-23 12:30:00+00:00,NO,0.08664486169815067,0.13128009348204644,0.2,317.0328761430541,317.0328761430541,152.49299999999997,304.98599999999993,152.49299999999997,152.49299999999997,508.7433333333332,1.0,0.29974446839598223,rolling_liq,1016.6199999999999,1016.6199999999999,1016.6199999999999,7.48,-159.97299999999996,0,4669.89675,4829.86975
1.0,phase_10k_then_12,b0d98920-a05f-481d-9dea-7046f3e6fc33,2025-05-25 19:00:00+00:00,2025-05-25 05:00:00+00:00,NO,0.19932658433914185,0.26227182149887085,0.2,612.3911634170786,612.3911634170786,146.769,293.538,146.769,146.769,733.845,1.0,0.2,rolling_liq,978.4600000000002,978.4600000000002,978.4600000000002,8.22,-154.989,0,4514.90775,4669.89675
1.0,phase_10k_then_12,bbd4ae77-444a-4dfe-ad87-70233844aa1d,2025-05-25 22:00:00+00:00,2025-05-25 14:00:00+00:00,NO,0.1071816420555115,0.1623964273568356,0.2,366.60244422284455,366.60244422284455,54.91499999999999,109.82999999999998,54.91499999999999,54.91499999999999,170.0151515151515,1.0,0.32300062383031813,rolling_liq,366.09999999999997,366.09999999999997,366.09999999999997,2.61,-57.52499999999999,0,4457.382750000001,4514.90775
1.0,phase_10k_then_12,5f3d74e1-8cdd-4616-aedf-f1e90dc75db0,2025-05-27 23:00:00+00:00,2025-05-27 05:45:00+00:00,NO,0.0740113401412964,0.08315880914752405,0.2,185.335320702358,185.335320702358,68.42699999999999,136.85399999999998,68.42699999999999,68.42699999999999,984.2428571428569,1.0,0.06952247557948824,rolling_liq,456.18,456.18,456.18,4.46,-72.88699999999999,0,4384.495750000001,4457.382750000001
1.0,phase_10k_then_12,8a594783-4b88-43cd-b381-a8660e3a0766,2025-05-27 23:00:00+00:00,2025-05-27 13:00:00+00:00,YES,0.3129020285606384,0.5046806912268361,0.2,1106.3851728955628,876.8991500000002,241.96949999999998,478.2389999999999,241.96949999999998,241.96949999999998,653.9716216216216,1.0,0.37,rolling_liq,1594.1299999999999,1613.1299999999999,1594.1299999999999,10.68,-252.6495,0,4131.8462500000005,4384.495750000001
1.0,phase_10k_then_12,ee675eed-ef15-494e-a8f4-e0202373e26c,2025-05-28 00:00:00+00:00,2025-05-27 13:00:00+00:00,NO,0.08173902988433834,0.11512539420329344,0.2,237.84021415932492,237.84021415932492,50.05649999999999,100.11299999999999,50.05649999999999,50.05649999999999,200.22599999999997,1.0,0.25,rolling_liq,333.71,333.71,333.71,2.63,-52.686499999999995,0,4079.1597500000007,4131.8462500000005
1.0,phase_10k_then_12,a17fdde4-604b-4197-8c9a-97dc9b78c44e,2025-05-29 23:00:00+00:00,2025-05-29 13:00:00+00:00,NO,0.09309141159057621,0.10118631694627848,0.2,206.3775756690011,206.3775756690011,15.528,31.056,15.528,15.528,226.97142857142856,1.0,0.06841389728096678,rolling_liq,103.52000000000001,103.52000000000001,103.52000000000001,1.02,-16.548000000000002,0,4062.611750000001,4079.1597500000007
1.0,phase_10k_then_12,1d299098-034f-480d-af99-bcebd640859e,2025-05-30 23:30:00+00:00,2025-05-30 12:15:00+00:00,NO,0.07657644748687742,0.0900899382198558,0.2,183.00022078438016,183.00022078438016,45.357000000000006,53.55600000000001,45.357000000000006,45.357000000000006,356.6692307692308,1.0,0.1271682446567602,rolling_liq,302.38000000000005,302.38000000000005,178.52000000000004,2.78,308.5322307692308,1,4371.143980769231,4062.611750000001
1.0,phase_10k_then_12,c9d9dbf0-f3e6-4f3f-b2a5-e83fe165023d,2025-06-01 22:00:00+00:00,2025-06-01 05:15:00+00:00,NO,0.14538862824440002,0.23449778749096778,0.2,512.5117961474231,512.5117961474231,242.52899999999997,484.30199999999996,242.52899999999997,242.52899999999997,692.94,1.0,0.3499999999999999,rolling_liq,1616.86,1616.86,1614.34,11.04,439.37100000000004,1,4810.514980769231,4371.143980769231
1.0,phase_10k_then_12,9998a61a-229c-44c2-b892-ee5b1ea16c23,2025-06-02 00:30:00+00:00,2025-06-01 12:15:00+00:00,YES,0.0670652312040329,0.08178686732199134,0.2,196.7184752413124,196.7184752413124,447.516,892.0079999999999,196.7184752413124,196.7184752413124,1391.4565016087492,1.0,0.14137594313144103,kelly,2983.44,2983.44,2973.3599999999997,11.83,-208.54847524131242,0,4601.966505527919,4810.514980769231
1.0,phase_10k_then_12,272d53ae-a46b-43bc-ac0f-8a846e03a9d1,2025-06-04 00:00:00+00:00,2025-06-03 12:30:00+00:00,NO,0.12299813508987423,0.14819052420466775,0.2,340.9839144132527,340.9839144132527,108.41550000000001,212.466,108.41550000000001,108.41550000000001,840.1192307692309,1.0,0.12904775421071185,rolling_liq,708.22,722.7700000000001,708.22,6.61,-115.02550000000001,0,4486.9410055279195,4601.966505527919
1.0,phase_10k_then_12,f8baaf5b-f1fa-4923-9eec-e85ed7a82142,2025-06-05 23:30:00+00:00,2025-06-05 06:15:00+00:00,YES,0.0730656540393829,0.08496006283649174,0.2,190.60539488664173,190.60539488664173,83.66400000000002,167.32800000000003,83.66400000000002,83.66400000000002,707.2833333333334,1.0,0.11828922873907205,rolling_liq,557.7600000000001,557.7600000000001,557.7600000000001,5.17,-88.83400000000002,0,4398.10700552792,4486.9410055279195
1.0,phase_10k_then_12,45eb60bf-a1b9-4f49-90cb-62097ff47bbd,2025-06-06 02:00:00+00:00,2025-06-05 13:00:00+00:00,NO,0.1447575712203979,0.20979358147883756,0.2,461.34731020843395,461.34731020843395,399.006,786.7619999999998,399.006,399.006,1390.055172413793,1.0,0.28704328282677943,rolling_liq,2622.5399999999995,2660.04,2622.5399999999995,19.92,-418.926,0,3979.1810055279198,4398.10700552792
1.0,phase_10k_then_12,772cef5b-3110-4eaf-a68b-6eb3cd04f42a,2025-06-06 23:30:00+00:00,2025-06-06 12:15:00+00:00,YES,0.1407347512245178,0.18277240418768548,0.2,363.64223953915484,363.64223953915484,331.155,662.31,331.155,331.155,1794.2894736842104,1.0,0.18456052095097017,rolling_liq,2207.7,2207.7,2207.7,18.91,1444.2244736842104,1,5423.40547921213,3979.1810055279198
1.0,phase_10k_then_12,8b0ee0bd-54cf-4be2-a8ba-b16813be20b6,2025-06-07 19:00:00+00:00,2025-06-07 04:30:00+00:00,YES,0.1381078326702118,0.1644140865121569,0.2,445.8421288248444,445.8421288248444,266.2004999999999,446.43300000000005,266.2004999999999,266.2004999999999,1847.136666666666,1.0,0.14411521616339523,rolling_liq,1761.71,1774.6699999999996,1488.1100000000001,15.95,1564.9861666666661,1,6988.391645878795,5423.40547921213
1.0,phase_10k_then_12,639e72ff-50dd-401b-a2a8-dd49fdd02b89,2025-06-08 02:00:00+00:00,2025-06-07 12:15:00+00:00,YES,0.13786698698997496,0.20577162237309699,0.2,719.0063433755386,719.0063433755386,232.88249999999994,459.045,232.88249999999994,232.88249999999994,727.7578124999998,1.0,0.32,rolling_liq,1552.5499999999997,1552.5499999999997,1530.15,11.09,-243.97249999999994,0,6744.4191458787955,6988.391645878795
1.0,phase_10k_then_12,5e1d090c-1c51-494b-8c1f-1f1ba520ee2a,2025-06-10 02:00:00+00:00,2025-06-09 12:30:00+00:00,NO,0.24757077574729924,0.3640746702166165,0.2,1227.7360881692284,1227.7360881692284,463.098,923.1360000000001,463.098,463.098,1653.9214285714288,1.0,0.27999999999999997,rolling_liq,3087.32,3087.32,3077.1200000000003,23.35,1167.473428571429,1,7911.892574450225,6744.4191458787955
1.0,phase_10k_then_12,4a60d4ef-8d10-4f25-bab6-346332242fd5,2025-06-10 23:30:00+00:00,2025-06-10 12:15:00+00:00,NO,0.12558921575546267,0.19321417808532718,0.2,764.3449104359017,764.3449104359017,265.755,520.248,265.755,265.755,805.3181818181818,1.0,0.33,rolling_liq,1771.7,1771.7,1734.16,12.47,-278.225,0,7633.6675744502245,7911.892574450225
1.0,phase_10k_then_12,84da0d09-cdf5-46a5-89eb-d489373ed8ed,2025-06-12 02:00:00+00:00,2025-06-11 13:30:00+00:00,NO,0.11724735021591182,0.1429845734340388,0.2,545.7483509350095,545.7483509350095,1.8585,3.0029999999999997,1.8585,1.8585,10.93235294117647,1.0,0.17,rolling_liq,10.01,12.39,10.01,0.11,8.963852941176471,1,7642.631427391401,7633.6675744502245
1.0,phase_10k_then_12,c95f06b7-8138-460b-bc1d-e9c9478156eb,2025-06-13 23:30:00+00:00,2025-06-13 06:00:00+00:00,NO,0.07324323654174802,0.08616851357852709,0.2,329.2770949634269,329.2770949634269,250.69500000000002,499.24799999999993,250.69500000000002,250.69500000000002,2089.125,1.0,0.12000000000000001,rolling_liq,1671.3000000000002,1671.3000000000002,1664.1599999999999,15.45,-266.14500000000004,0,7376.486427391401,7642.631427391401
1.0,phase_10k_then_12,ee13e918-b149-4c1e-8ae9-03cf0618c5d9,2025-06-15 00:30:00+00:00,2025-06-14 06:30:00+00:00,YES,0.22761168122291559,0.30758335300393996,0.2,1134.4422143625507,1134.4422143625507,1896.9705000000001,3793.9410000000003,1134.4422143625507,1134.4422143625507,5673.461071812754,1.0,0.1999559351872101,kelly,12646.470000000001,12646.470000000001,12646.470000000001,63.54,4475.478857450204,1,11851.965284841604,7376.486427391401
1.0,phase_10k_then_12,7162ed3d-7135-4801-b3a8-ba85cbcaa7ea,2025-06-15 22:00:00+00:00,2025-06-15 05:30:00+00:00,YES,0.2125312566757202,0.38642046668312763,0.12,2289.9209782403605,1422.2358341809925,1017.9945,2035.989,1017.9945,1017.9945,2850.7347222222224,1.0,0.3570989934855975,rolling_liq,6786.63,6786.63,6786.63,45.82,-1063.8145,0,10788.150784841604,11851.965284841604
1.0,phase_10k_then_12,acf4a696-dabb-4821-9d7a-7417121d43a8,2025-06-17 23:00:00+00:00,2025-06-17 05:45:00+00:00,NO,0.10341833353042607,0.1124112320982892,0.12,606.3546608930851,606.3546608930851,105.48900000000002,209.907,105.48900000000002,105.48900000000002,1507.4142857142858,1.0,0.06998009837090952,rolling_liq,703.2600000000001,703.2600000000001,699.69,6.87,-112.35900000000002,0,10675.791784841604,10788.150784841604
1.0,phase_10k_then_12,f992552a-94d9-40c8-aa4b-fa5c7bf321fd,2025-06-18 00:00:00+00:00,2025-06-17 06:15:00+00:00,NO,0.2464600276947021,0.4323860134994774,0.12,2308.0315253990657,1281.0950141809924,1320.4574999999998,2640.9149999999995,1281.0950141809924,1281.0950141809924,3159.304912636566,1.0,0.40549900994262295,portfolio,8803.05,8803.05,8803.05,53.32,-1334.4150141809923,0,9341.376770660612,10675.791784841604
1.0,phase_10k_then_12,326d833a-4a17-4fec-882e-c3699065a0ed,2025-06-18 00:00:00+00:00,2025-06-17 07:00:00+00:00,NO,0.11250839233398435,0.13236281451056983,0.2,618.2254603841482,618.2254603841482,37.047000000000004,74.09400000000001,37.047000000000004,37.047000000000004,308.9750000000001,1.0,0.11990290476575773,rolling_liq,246.98000000000002,246.98000000000002,246.98000000000002,2.29,-39.337,0,9302.039770660613,9341.376770660612
1.0,phase_10k_then_12,4f5eef0b-7151-49c4-bc34-46d08d1e5ca1,2025-06-18 02:00:00+00:00,2025-06-17 12:30:00+00:00,YES,0.15919422030448907,0.20674574065518062,0.2,961.5785509945874,961.5785509945874,126.67649999999999,217.614,126.67649999999999,126.67649999999999,550.9847826086956,1.0,0.22990925339214766,rolling_liq,836.23,844.51,725.38,6.83,-133.5065,0,9168.533270660613,9302.039770660613
1.0,phase_10k_then_12,42f7582e-79b3-4a78-88ba-0245ebd00b6b,2025-06-18 23:00:00+00:00,2025-06-18 06:15:00+00:00,YES,0.2191847121715545,0.2548659443855285,0.2,1168.3734453285279,1168.3734453285279,927.7379999999999,1849.68,927.7379999999999,927.7379999999999,9277.38,1.0,0.1,rolling_liq,6184.08,6184.92,6165.6,58.45,-986.188,0,8182.345270660613,9168.533270660613
1.0,phase_10k_then_12,57909126-867a-49a0-bc68-8c65ff35b9dd,2025-06-20 02:00:00+00:00,2025-06-19 13:45:00+00:00,YES,0.23086082577705377,0.2748343164012545,0.2,1124.3946345105237,1124.3946345105237,47.268,94.48799999999999,47.268,47.268,303.925,1.0,0.1555252118121247,rolling_liq,314.96,315.12,314.96,2.8,253.85700000000003,1,8436.202270660613,8182.345270660613
1.0,phase_10k_then_12,5cc2b6cf-49a3-4f54-a14e-88d92bf3ac7a,2025-06-20 23:30:00+00:00,2025-06-20 06:00:00+00:00,YES,0.19484763860702514,0.31427038485004055,0.2,1325.6242671366483,1325.6242671366483,409.9874999999999,819.9749999999998,409.9874999999999,409.9874999999999,1172.9071428571426,1.0,0.3495481313220508,rolling_liq,2733.2499999999995,2733.2499999999995,2733.2499999999995,18.67,-428.6574999999999,0,8007.544770660613,8436.202270660613
1.0,phase_10k_then_12,36996288-3356-4ce9-b751-b31f6890cd69,2025-06-22 19:00:00+00:00,2025-06-22 07:15:00+00:00,YES,0.12237302303314207,0.22661670932063344,0.2,907.3217228323772,907.3217228323772,28.635000000000005,55.89,28.635000000000005,28.635000000000005,62.25000000000001,1.0,0.46,rolling_liq,186.3,190.90000000000003,186.3,1.09,32.525,1,8040.069770660612,8007.544770660613
1.0,phase_10k_then_12,4bfeb202-768f-487c-a416-9c9a314242a6,2025-06-25 00:00:00+00:00,2025-06-24 06:15:00+00:00,YES,0.08991959929466248,0.13031825984733694,0.2,523.8839507818342,523.8839507818342,0.6975,1.395,0.6975,0.6975,2.25,1.0,0.31,rolling_liq,4.65,4.65,4.65,0.04,1.5125,1,8041.582270660612,8040.069770660612
1.0,phase_10k_then_12,e6fdfe56-f4ef-4bab-8f24-19a99adb7f6f,2025-06-26 02:00:00+00:00,2025-06-25 12:15:00+00:00,NO,0.07732540607452387,0.08226107029204668,0.2,330.7545822130445,330.7545822130445,89.04,178.08,89.04,89.04,1780.8000000000002,1.0,0.049999999999999996,rolling_liq,593.6,593.6,593.6,5.93,-94.97,0,7946.612270660612,8041.582270660612
1.0,phase_10k_then_12,1c528f37-bdd0-449a-99b5-7a8d174e4243,2025-06-26 02:00:00+00:00,2025-06-25 15:45:00+00:00,YES,0.0853763997554779,0.10672049969434737,0.2,424.03321620106647,424.03321620106647,160.47750000000002,318.9750000000001,160.47750000000002,160.47750000000002,805.1375000000003,1.0,0.19931688686715,rolling_liq,1069.8500000000001,1069.8500000000001,1063.2500000000002,9.0,-169.47750000000002,0,7777.134770660612,7946.612270660612
1.0,phase_10k_then_12,fd8a85e4-5aac-47f6-b278-e1f1fa69b82d,2025-06-27 02:00:00+00:00,2025-06-26 12:15:00+00:00,NO,0.08030236721038819,0.10566100948735288,0.2,410.86995539359646,410.86995539359646,965.8785,1927.8239999999998,410.86995539359646,410.86995539359646,2054.3497769679825,1.0,0.19999999999999998,kelly,6439.1900000000005,6439.1900000000005,6426.08,23.01,1620.469821574386,1,9397.604592234999,7777.134770660612
1.0,phase_10k_then_12,4e456309-00d3-4582-8f89-1c9049054791,2025-06-27 23:30:00+00:00,2025-06-27 12:30:00+00:00,NO,0.12750528216362,0.2500103571835686,0.2,1174.7492403873084,1174.7492403873084,842.4509999999999,1684.9019999999998,842.4509999999999,842.4509999999999,1815.1936170212764,1.0,0.46411082107178064,rolling_liq,5616.339999999999,5616.339999999999,5616.339999999999,31.61,941.1326170212765,1,10338.737209256275,9397.604592234999
1.0,phase_10k_then_12,f2a059a9-b803-4538-b746-3868679fa790,2025-06-28 02:00:00+00:00,2025-06-27 12:45:00+00:00,NO,0.05228370666503901,0.055620964537275545,0.12,287.5252678381272,287.5252678381272,109.05750000000002,218.11500000000004,109.05750000000002,109.05750000000002,2181.1500000000005,1.0,0.049999999999999996,rolling_liq,727.0500000000002,727.0500000000002,727.0500000000002,7.26,-116.31750000000002,0,10222.419709256275,10338.737209256275
1.0,phase_10k_then_12,02291b17-b5ee-4973-b184-51149f2c1817,2025-06-28 02:00:00+00:00,2025-06-27 14:00:00+00:00,NO,0.14177390813827517,0.26749793988353804,0.12,1367.2381064254648,1226.690365110753,897.9495000000001,1781.376,897.9495000000001,897.9495000000001,1952.825,1.0,0.4598207724706515,rolling_liq,5986.330000000001,5986.330000000001,5937.92,33.96,-931.9095000000001,0,9290.510209256276,10222.419709256275
1.0,phase_10k_then_12,8a325ea5-03e5-4940-bb7a-2eb4c8b2b077,2025-06-29 20:00:00+00:00,2025-06-29 04:30:00+00:00,NO,0.19611328840255737,0.26148438453674316,0.2,1214.661672049853,1214.661672049853,383.55449999999996,766.7489999999999,383.55449999999996,383.55449999999996,1600.2270833333332,1.0,0.23968754434591966,rolling_liq,2555.83,2557.0299999999997,2555.83,20.42,1196.2525833333332,1,10486.762792589609,9290.510209256276
1.0,phase_10k_then_12,475cc53b-e563-4217-a5dc-930581369bab,2025-06-29 22:00:00+00:00,2025-06-29 05:30:00+00:00,NO,0.07646610498428341,0.10769873941448369,0.12,564.7055666503057,564.7055666503057,125.958,223.93800000000002,125.958,125.958,450.75172413793103,1.0,0.27943986291099926,rolling_liq,773.46,839.72,746.46,6.36,318.433724137931,1,10805.19651672754,10486.762792589609
1.0,phase_10k_then_12,01384c8c-e038-4abe-b80a-901c44d112ce,2025-07-03 23:00:00+00:00,2025-07-03 05:45:00+00:00,YES,0.14452980518341063,0.23693410685805022,0.12,1280.0597930582774,1280.0597930582774,4851.2415,9632.867999999999,1280.0597930582774,1280.0597930582774,3657.313694452221,1.0,0.35,kelly,32341.61,32341.61,32109.559999999994,58.25,2319.003901393944,1,13124.200418121483,10805.19651672754
1.0,phase_10k_then_12,21815dfe-7533-4983-9fc4-01b7e5798634,2025-07-03 23:30:00+00:00,2025-07-03 12:15:00+00:00,YES,0.12719794988632205,0.23999613186098498,0.12,1574.8786670587388,1574.8786670587388,128.30999999999997,254.08199999999997,128.30999999999997,128.30999999999997,273.0,1.0,0.4699999999999999,rolling_liq,855.3999999999999,855.3999999999999,846.9399999999999,4.77,-133.07999999999998,0,12991.120418121483,13124.200418121483
1.0,phase_10k_then_12,a4d71aea-7129-4510-a0c0-686300cd53cf,2025-07-07 23:30:00+00:00,2025-07-07 12:30:00+00:00,NO,0.09287727117538447,0.13460474083389054,0.12,874.333198511553,874.333198511553,584.3460000000001,1143.567,584.3460000000001,584.3460000000001,2248.715384615385,1.0,0.2598576965310109,rolling_liq,3811.8900000000003,3895.6400000000012,3811.8900000000003,30.28,-614.6260000000001,0,12376.494418121483,12991.120418121483
1.0,phase_10k_then_12,66b295b9-ed48-41fe-8fd7-4cca0813f9f5,2025-07-08 15:30:00+00:00,2025-07-08 04:45:00+00:00,NO,0.07585252523422237,0.10836075033460339,0.12,670.5631108298372,670.5631108298372,579.534,1001.097,579.534,579.534,2093.835714285714,1.0,0.2767810273012278,rolling_liq,3397.92,3863.5600000000004,3336.9900000000002,29.34,-608.874,0,11767.620418121483,12376.494418121483
1.0,phase_10k_then_12,cba5ede2-0a93-430c-aa0b-4c48363996d9,2025-07-09 15:00:00+00:00,2025-07-09 01:30:00+00:00,YES,0.0751177150011062,0.08077173656032925,0.12,475.24556817723,475.24556817723,76.56450000000001,153.12900000000002,76.56450000000001,76.56450000000001,1095.9214285714288,1.0,0.0698631288739417,rolling_liq,510.43000000000006,510.43000000000006,510.43000000000006,4.99,1014.3669285714288,1,12781.987346692913,11767.620418121483
1.0,phase_10k_then_12,473b6ccd-bea1-4377-b656-99e755056013,2025-07-09 16:00:00+00:00,2025-07-09 02:00:00+00:00,NO,0.21722968339920046,0.28211647194701356,0.12,1803.0045873601866,1533.8384816031496,25.344,50.688,25.344,25.344,115.20000000000002,1.0,0.21999999999999997,rolling_liq,168.96,168.96,168.96,1.39,88.46600000000002,1,12870.453346692913,12781.987346692913
1.0,phase_10k_then_12,e3e04e5c-30b5-4cd3-bef5-9e4a16bf0e89,2025-07-10 19:00:00+00:00,2025-07-10 04:45:00+00:00,NO,0.176479022204876,0.5882634073495866,0.12,3785.608369929732,1544.4544016031496,299.022,493.99799999999993,299.022,299.022,439.7382352941176,1.0,0.68,rolling_liq,1798.5600000000002,1993.48,1646.6599999999999,6.7,134.01623529411762,1,13004.46958198703,12870.453346692913
1.0,phase_10k_then_12,9bb7fd31-2faf-4602-bf65-4532dd75baba,2025-07-13 22:00:00+00:00,2025-07-13 05:15:00+00:00,NO,0.0949998521804809,0.13768094518910276,0.12,895.2338318654552,895.2338318654552,481.56749999999994,930.4229999999999,481.56749999999994,481.56749999999994,1783.5833333333335,1.0,0.26999999999999996,rolling_liq,3210.45,3210.45,3101.41,24.61,1277.4058333333337,1,14281.875415320364,13004.46958198703
1.0,phase_10k_then_12,1dc8a33e-b81b-4a0d-91bf-0109943d729e,2025-07-13 22:00:00+00:00,2025-07-13 06:00:00+00:00,NO,0.2283735346794128,0.27850431058464975,0.12,1988.7819331998282,1713.8250498384436,1240.2495000000001,2467.7490000000003,1240.2495000000001,1240.2495000000001,8140.559375000001,1.0,0.1523543337585447,rolling_liq,8268.330000000002,8268.330000000002,8225.830000000002,73.6,-1313.8495,0,12968.025915320364,14281.875415320364
1.0,phase_10k_then_12,333e71e9-d362-4003-836b-7d936322e7d2,2025-07-16 00:00:00+00:00,2025-07-15 06:00:00+00:00,YES,0.06468308866024008,0.07187009851137786,0.12,466.00665001608786,466.00665001608786,299.565,599.13,299.565,299.565,2995.6499999999996,1.0,0.1,rolling_liq,1997.1,1997.1,1997.1,18.88,-318.445,0,12649.580915320365,12968.025915320364
1.0,phase_10k_then_12,e380b602-7a50-4ce9-99e7-63c43f11724e,2025-07-16 02:00:00+00:00,2025-07-15 13:30:00+00:00,NO,0.21980795383453366,0.4676764975202844,0.12,2957.9558487882305,1517.9497098384436,1153.3905,2143.101,1153.3905,1153.3905,2403.4385416666664,1.0,0.4798918216565589,rolling_liq,7143.67,7689.27,7143.67,42.0,-1195.3905,0,11454.190415320365,12649.580915320365
1.0,phase_10k_then_12,83fc47a0-fbb1-4f04-8af2-94e9a1fd566e,2025-07-16 17:00:00+00:00,2025-07-16 04:15:00+00:00,NO,0.1946576309204101,0.23738735478098796,0.12,1359.5399819253237,1359.5399819253237,37.509,75.018,37.509,37.509,227.5235294117647,1.0,0.16485767470720547,rolling_liq,250.06,250.06,250.06,2.2,-39.709,0,11414.481415320364,11454.190415320365
1.0,phase_10k_then_12,5e64c14b-9cf3-45d2-bd9d-f0af702d801f,2025-07-16 19:00:00+00:00,2025-07-16 07:00:00+00:00,NO,0.1349456548690796,0.207608699798584,0.12,1184.8728227548809,1184.8728227548809,2008.2225,3987.606000000001,1184.8728227548809,1184.8728227548809,3849.4284604996155,1.0,0.3078048689339967,kelly,13294.060000000001,13388.150000000001,13292.020000000004,57.42,-1242.292822754881,0,10172.188592565482,11414.481415320364
1.0,phase_10k_then_12,1f15d85b-41ea-4e16-b597-b0e14ee9ba73,2025-07-16 23:30:00+00:00,2025-07-16 07:00:00+00:00,NO,0.10651913166046145,0.13656298930828392,0.12,694.5722410041839,694.5722410041839,1176.8190000000002,2350.3979999999997,694.5722410041839,694.5722410041838,3472.861205020919,0.9999999999999999,0.19999999999999998,kelly,7834.66,7845.460000000001,7834.66,38.9,-733.4722410041837,0,9438.7163515613,10172.188592565482
1.0,phase_10k_then_12,32cb5f24-0d87-4645-a3fd-dd1e0fd1a4f6,2025-07-23 00:00:00+00:00,2025-07-22 06:00:00+00:00,NO,0.09330237627029414,0.11378338569548066,0.2,536.9845515499696,536.9845515499696,278.9865,557.973,278.9865,278.9865,1551.0916666666667,1.0,0.17986461148331012,rolling_liq,1859.91,1859.91,1859.91,16.02,-295.00649999999996,0,9143.7098515613,9438.7163515613
1.0,phase_10k_then_12,17812353-7592-47dc-9fe1-36f6bb0d8b9d,2025-07-24 02:00:00+00:00,2025-07-23 07:00:00+00:00,NO,0.17903590440750117,0.2594723252282626,0.2,1186.269828198591,1186.269828198591,649.6155,1299.231,649.6155,649.6155,2548.751923076923,1.0,0.25487592343462223,rolling_liq,4330.77,4330.77,4330.77,33.89,1865.246423076923,1,11008.956274638223,9143.7098515613
1.0,phase_10k_then_12,d8bda49f-0b5d-428a-9697-070219652f4a,2025-07-25 00:30:00+00:00,2025-07-24 06:15:00+00:00,YES,0.12289219975471491,0.15755410224963448,0.12,867.2531112780529,867.2531112780529,1133.157,2266.314,867.2531112780529,867.2531112780529,4818.072840433627,1.0,0.18,kelly,7554.379999999999,7554.379999999999,7554.379999999999,49.79,-917.0431112780528,0,10091.91316336017,11008.956274638223
1.0,phase_10k_then_12,4d8cf7bd-df70-42d4-a4fd-14a6fcb736a9,2025-07-24 23:00:00+00:00,2025-07-24 12:45:00+00:00,YES,0.11587374210357665,0.21067953109741208,0.12,1063.0797665662606,1063.0797665662606,762.1350000000001,1522.6500000000005,762.1350000000001,762.1350000000001,1732.1250000000002,1.0,0.44,rolling_liq,5075.500000000002,5080.900000000001,5075.500000000002,29.88,940.1100000000001,1,11032.02316336017,10091.91316336017
1.0,phase_10k_then_12,585740b6-3c8b-4746-8808-e7635a88c710,2025-07-27 20:00:00+00:00,2025-07-27 04:15:00+00:00,YES,0.09930047273635859,0.1273082983799469,0.12,702.2340483077711,702.2340483077711,33.363,9.9,9.9,9.9,45.0,1.0,0.22,cumulative_liq,222.42000000000002,222.42000000000002,33.0,0.55,-10.450000000000001,0,11021.57316336017,11032.02316336017
1.0,phase_10k_then_12,548df81e-2319-4153-a4df-bf65932d74be,2025-07-27 23:00:00+00:00,2025-07-27 06:00:00+00:00,NO,0.06239434003829958,0.0810316104393501,0.12,446.54791150109844,446.54791150109844,0.0315,0.063,0.0315,0.0315,0.15,1.0,0.21000000000000002,rolling_liq,0.21,0.21,0.21,0.01,0.1085,1,11021.68166336017,11021.57316336017
1.0,phase_10k_then_12,d5b4c575-bc11-412e-893d-9c6ed1889586,2025-07-27 22:00:00+00:00,2025-07-27 12:30:00+00:00,YES,0.1230686521530151,0.17333612979297902,0.12,955.2278216685477,955.2278216685477,628.7235,1212.2939999999999,628.7235,628.7235,2384.7166666666662,1.0,0.26364704402339906,rolling_liq,4046.1999999999994,4191.49,4040.98,32.41,-661.1334999999999,0,10360.54816336017,11021.68166336017
1.0,phase_10k_then_12,6adda940-e25a-4b97-9334-bfcbbb00d303,2025-07-28 23:00:00+00:00,2025-07-28 12:30:00+00:00,YES,0.05657753527164458,0.06816570514655974,0.12,353.1170356301702,353.1170356301702,734.322,1334.2590000000002,353.1170356301702,353.1170356301702,2211.293972688564,1.0,0.1596879655041247,kelly,4892.250000000001,4895.4800000000005,4447.530000000001,20.78,-373.8970356301702,0,9986.65112773,10360.54816336017
1.0,phase_10k_then_12,7a6fecee-f650-46ac-af8f-8dfc5ff13ae2,2025-07-29 23:30:00+00:00,2025-07-29 05:45:00+00:00,NO,0.11944526433944702,0.15926035245259604,0.2,795.2387892116977,795.2387892116977,424.923,849.846,424.923,424.923,1874.9260869565219,1.0,0.2266345339990214,rolling_liq,2832.82,2832.82,2832.82,23.01,1426.993086956522,1,11413.644214686521,9986.65112773
1.0,phase_10k_then_12,185c1d82-80ca-427a-bb34-b717e2127e2e,2025-07-30 23:00:00+00:00,2025-07-30 05:30:00+00:00,YES,0.15933475494384763,0.2655579249064127,0.12,1515.4918366361176,1369.6373057623825,41.020500000000006,82.04100000000001,41.020500000000006,41.020500000000006,103.87625000000001,1.0,0.39489777499669076,rolling_liq,273.47,273.47,273.47,1.74,61.115750000000006,1,11474.759964686522,11413.644214686521
1.0,phase_10k_then_12,c2f7980e-2390-45e9-8977-c6e6d2c1f545,2025-07-31 00:00:00+00:00,2025-07-30 07:00:00+00:00,NO,0.09089968681335447,0.12452011892240339,0.12,714.4192377043995,714.4192377043995,743.928,1475.7030000000002,714.4192377043995,714.4192377043995,2747.9586065553826,1.0,0.25998180467497556,kelly,4958.27,4959.52,4919.010000000001,37.01,-751.4292377043995,0,10723.330726982122,11474.759964686522
1.0,phase_10k_then_12,e8241b1f-576e-4bcf-b7d0-79606aa78b00,2025-07-31 00:00:00+00:00,2025-07-30 15:30:00+00:00,NO,0.16516225516796124,0.434637513599898,0.12,2330.380902342448,1286.7996872378546,1726.7504999999996,3227.4,1286.7996872378546,1286.7996872378546,2257.5433109436053,1.0,0.5699999999999998,portfolio,10758.0,11511.669999999998,10758.0,38.74,932.0036237057507,1,11655.334350687872,10723.330726982122
1.0,phase_10k_then_12,50578d4e-21ed-488c-ac01-1008b9b70e0d,2025-07-31 23:30:00+00:00,2025-07-31 05:45:00+00:00,NO,0.1513962113857269,0.2566037481114015,0.12,1495.401239939038,1398.6401220825446,1223.4164999999998,2446.8329999999996,1223.4164999999998,1223.4164999999998,3502.675714285713,1.0,0.3492805500121744,rolling_liq,8156.109999999999,8156.109999999999,8156.109999999999,55.73,2223.5292142857134,1,13878.863564973584,11655.334350687872
1.0,phase_10k_then_12,a1ca524f-e7ce-449f-ab32-66adea0ba523,2025-08-01 23:30:00+00:00,2025-08-01 05:45:00+00:00,NO,0.15966734647750846,0.3894325523841671,0.12,2702.4406311496414,1665.46362779683,172.96349999999998,345.92699999999996,172.96349999999998,172.96349999999998,295.7686440677966,1.0,0.5847932276429986,rolling_liq,1153.09,1153.09,1153.09,5.03,117.77514406779659,1,13996.638709041381,13878.863564973584
1.0,phase_10k_then_12,64fb0c10-3ce1-4592-a3f9-65395a9e58af,2025-08-01 23:30:00+00:00,2025-08-01 15:00:00+00:00,YES,0.10673018932342532,0.18089862597190728,0.12,1265.986355345398,1265.986355345398,976.8615,1937.8559999999998,976.8615,976.8615,2580.003947368421,1.0,0.3786279090760265,rolling_liq,6512.41,6512.41,6459.5199999999995,42.49,1560.652447368421,1,15557.291156409801,13996.638709041381
1.0,phase_10k_then_12,de06dc94-ceb2-41b8-bde0-f9f91c917d00,2025-08-03 22:00:00+00:00,2025-08-03 06:00:00+00:00,NO,0.07582804679870603,0.10531673166486949,0.12,819.2215290759291,819.2215290759291,247.6695,427.425,247.6695,247.6695,1008.4780000000001,1.0,0.24558740993854103,rolling_liq,1443.7900000000002,1651.13,1424.75,13.08,-260.7495,0,15296.541656409801,15557.291156409801
1.0,phase_10k_then_12,1dffe97b-d132-4697-af9f-8b08902da90d,2025-08-03 22:00:00+00:00,2025-08-03 06:00:00+00:00,YES,0.05085827469825738,0.05913752871890393,0.12,452.2998357529225,452.2998357529225,325.302,613.035,325.302,325.302,2596.4769230769225,1.0,0.12528591997440322,rolling_liq,2062.3,2168.6800000000003,2043.45,19.92,-345.22200000000004,0,14951.319656409802,15296.541656409801
1.0,phase_10k_then_12,cd325282-98cc-46dd-a9f0-e2d5d887b51f,2025-08-06 00:00:00+00:00,2025-08-05 07:00:00+00:00,YES,0.09239223599433899,0.12318964799245198,0.12,920.9239027478758,920.9239027478758,34.357499999999995,65.865,34.357499999999995,34.357499999999995,143.15624999999997,1.0,0.24000000000000002,rolling_liq,229.04999999999998,229.04999999999998,219.54999999999998,1.83,106.96874999999999,1,15058.288406409802,14951.319656409802
1.0,phase_10k_then_12,6a9e0ff7-c5b4-4a72-b217-41dc4a8caa4f,2025-08-06 02:00:00+00:00,2025-08-05 07:00:00+00:00,NO,0.3618546456098557,0.6579175374724648,0.12,4953.556013447652,1806.9946087691762,13.987499999999999,27.974999999999998,13.987499999999999,13.987499999999999,31.857954545454543,1.0,0.43905831995719635,rolling_liq,93.25,93.25,93.25,0.55,17.32045454545454,1,15075.608860955255,15058.288406409802
1.0,phase_10k_then_12,d300ee86-e2e0-4bf4-9247-1d7a3a859e07,2025-08-06 02:00:00+00:00,2025-08-05 07:00:00+00:00,NO,0.08956348419189453,0.10294653355390175,0.12,775.9908367249144,775.9908367249144,55.5105,111.021,55.5105,55.5105,531.0954545454545,1.0,0.10452075898015253,rolling_liq,370.07,370.07,370.07,3.48,-58.9905,0,15016.618360955255,15075.608860955255
1.0,phase_10k_then_12,0934f4d6-98dc-4543-b6bd-c04adfa95bf2,2025-08-08 02:00:00+00:00,2025-08-07 07:00:00+00:00,NO,0.14108287811279296,0.2275530292141822,0.12,1708.5384982943378,1708.5384982943378,302.169,604.338,302.169,302.169,839.3583333333333,1.0,0.36,rolling_liq,2014.4599999999998,2014.4599999999998,2014.4599999999998,13.54,-315.709,0,14700.909360955255,15016.618360955255
1.0,phase_10k_then_12,042c5181-7425-497a-8593-922c0cccfc16,2025-08-08 02:00:00+00:00,2025-08-07 07:00:00+00:00,NO,0.10052478075027471,0.12410466759293173,0.12,912.2257347775852,912.2257347775852,178.1985,356.397,178.1985,178.1985,1048.226470588235,1.0,0.17000000000000004,rolling_liq,1187.99,1187.99,1187.99,10.36,-188.55849999999998,0,14512.350860955255,14700.909360955255
1.0,phase_10k_then_12,25596e43-21b0-4411-b093-a5ca0b6480d6,2025-08-09 02:00:00+00:00,2025-08-08 07:30:00+00:00,YES,0.13616769552230834,0.2778932561679762,0.12,2016.4422177014944,1741.4821033146306,341.1405,679.782,341.1405,341.1405,696.2051020408164,1.0,0.4899999999999999,rolling_liq,2274.27,2274.27,2265.94,12.18,342.88460204081645,1,14855.235462996072,14512.350860955255
1.0,phase_10k_then_12,3a283716-466b-440c-a344-5994da2e16aa,2025-08-10 00:30:00+00:00,2025-08-09 13:15:00+00:00,YES,0.124353095293045,0.1943017113953828,0.12,1443.1988368207592,1443.1988368207592,3395.0819999999994,6622.331999999999,1443.1988368207592,1443.1988368207592,4170.996676630741,1.0,0.3460081483417892,kelly,22633.879999999997,22633.879999999997,22074.44,66.07,2661.727839809981,1,17516.963302806053,14855.235462996072
1.0,phase_10k_then_12,2de72b4c-3c39-42c4-8321-18efac227563,2025-08-10 16:30:00+00:00,2025-08-10 02:30:00+00:00,NO,0.28335612535476684,0.4570260086367207,0.12,4002.8539108586792,2102.035596336726,424.6979999999999,840.7379999999999,424.6979999999999,424.6979999999999,1147.8324324324321,1.0,0.37000000000000005,rolling_liq,2831.3199999999997,2831.3199999999997,2802.46,18.73,704.4044324324323,1,18221.367735238484,17516.963302806053
1.0,phase_10k_then_12,56ef45bc-fa3c-47bb-926c-8b9f8433bdb6,2025-08-10 20:00:00+00:00,2025-08-10 04:30:00+00:00,NO,0.146348443031311,0.24804820852764578,0.12,2259.888811824676,2186.564128228618,1536.5249999999999,3072.699,1536.5249999999999,1536.5249999999999,3906.4874999999997,1.0,0.3933264857496664,rolling_liq,10243.5,10243.5,10242.33,65.26,2304.7024999999994,1,20526.070235238483,18221.367735238484
1.0,phase_10k_then_12,2eb1473f-e48b-4a13-bb64-bb3604b03c6d,2025-08-10 22:00:00+00:00,2025-08-10 12:00:00+00:00,NO,0.13645145893096922,0.22741909821828205,0.12,2334.0101914315283,2334.0101914315283,3091.3319999999994,6182.312999999999,2334.0101914315283,2334.0101914315283,6521.361642865357,1.0,0.35790227858089013,kelly,20607.71,20608.879999999997,20607.71,104.91,4082.4414514338287,1,24608.51168667231,20526.070235238483
1.0,phase_10k_then_12,4b134f76-aff1-49fb-b585-3e9073eb44c2,2025-08-14 02:00:00+00:00,2025-08-13 08:00:00+00:00,NO,0.21488385438919066,0.4385384783452871,0.12,5395.889634707744,2953.0214024006773,1253.5964999999999,2501.493,1253.5964999999999,1253.5964999999999,2995.6107142857136,1.0,0.41847777283668613,rolling_liq,8338.31,8357.31,8338.31,51.03,1690.9842142857137,1,26299.495900958023,24608.51168667231
1.0,phase_10k_then_12,74f4d3c6-f105-49b3-bb25-ee57ac47d235,2025-08-13 23:30:00+00:00,2025-08-13 11:45:00+00:00,NO,0.12422191977500918,0.2343809807075645,0.12,3082.050820690557,3082.050820690557,1435.8765000000003,1876.4339999999997,1435.8765000000003,1435.8765000000003,3190.8366666666675,1.0,0.44999999999999996,rolling_liq,6254.78,9572.510000000002,6254.78,55.29,1699.6701666666672,1,27999.16606762469,26299.495900958023
1.0,phase_10k_then_12,fdec04dc-4b3e-4713-8640-3988c3e4f01f,2025-08-16 02:00:00+00:00,2025-08-15 07:15:00+00:00,NO,0.13219804048538208,0.20983815950060647,0.12,2937.6467375910993,2937.6467375910993,93.54299999999999,187.08599999999998,93.54299999999999,93.54299999999999,259.84166666666664,1.0,0.36,rolling_liq,623.62,623.62,623.62,4.2,162.09866666666665,1,28161.264734291355,27999.16606762469
1.0,phase_10k_then_12,f69e50f9-fa32-4c94-9a1b-f8a270e47e4c,2025-08-16 02:00:00+00:00,2025-08-15 16:45:00+00:00,YES,0.15301872491836543,0.340041610929701,0.12,4788.000913033105,3379.3517681149624,696.888,1393.776,696.888,696.888,1292.1999999999998,1.0,0.5393035133880205,rolling_liq,4645.92,4645.92,4645.92,22.48,-719.368,0,27441.896734291357,28161.264734291355
1.0,phase_10k_then_12,673f7bf8-4cb2-4836-9dec-4131b50da342,2025-08-16 18:00:00+00:00,2025-08-16 03:15:00+00:00,YES,0.29983103513717646,0.6814341707663102,0.12,9349.923072693273,3293.0276081149627,2264.0865,4528.173,2264.0865,2264.0865,4240.586111111112,1.0,0.5339088608689443,rolling_liq,15093.91,15093.91,15093.91,73.87,1902.629611111112,1,29344.526345402468,27441.896734291357
1.0,phase_10k_then_12,3495c00d-950e-4e49-87e6-3a022d1d9c1b,2025-08-17 19:00:00+00:00,2025-08-17 03:45:00+00:00,YES,0.1182247066497803,0.20038085872844116,0.12,2940.040694035556,2940.040694035556,236.16899999999995,470.616,236.16899999999995,236.16899999999995,582.8756097560974,1.0,0.4051790743119688,rolling_liq,1574.4599999999998,1574.4599999999998,1568.72,9.84,336.8666097560975,1,29681.392955158564,29344.526345402468
1.0,phase_10k_then_12,b233aa62-25a1-489f-9f1a-ad31d9a6a7c2,2025-08-17 22:00:00+00:00,2025-08-17 10:45:00+00:00,NO,0.13120973110198975,0.2624194622039795,0.12,3894.487588378848,3561.7671546190277,1035.108,2067.5699999999997,1035.108,1035.108,2300.2400000000002,1.0,0.44999999999999996,rolling_liq,6900.72,6900.72,6891.9,39.86,1225.2720000000004,1,30906.664955158565,29681.392955158564
1.0,phase_10k_then_12,b6df91b4-c8f5-45f8-bebf-c6845d61912b,2025-08-19 23:00:00+00:00,2025-08-19 05:30:00+00:00,NO,0.2621755397319794,0.5140696857489792,0.12,7944.089770523675,3708.7997946190276,980.0325,1960.065,980.0325,980.0325,2344.077380952381,1.0,0.418088800294562,rolling_liq,6533.55,6533.55,6533.55,39.93,-1019.9625,0,29886.702455158564,30906.664955158565
1.0,phase_10k_then_12,2cc91c72-9797-403a-adc1-51f134d84117,2025-08-20 02:00:00+00:00,2025-08-19 07:00:00+00:00,YES,0.09672302126884458,0.13433752954006192,0.12,2007.4528869624523,2007.4528869624523,75.47850000000001,150.95700000000002,75.47850000000001,75.47850000000001,287.06851851851854,1.0,0.26292851751743357,rolling_liq,503.19000000000005,503.19000000000005,503.19000000000005,3.9,-79.37850000000002,0,29807.323955158565,29886.702455158564
1.0,phase_10k_then_12,a1382913-f5c5-4721-9dee-4195779e9b68,2025-08-23 20:00:00+00:00,2025-08-23 04:00:00+00:00,NO,0.19466778397560125,0.34762104281357364,0.12,5180.826518387117,3576.8788746190276,325.125,650.25,325.125,325.125,774.1071428571429,1.0,0.42,rolling_liq,2167.5,2167.5,2167.5,13.21,435.7721428571429,1,30243.096098015707,29807.323955158565
1.0,phase_10k_then_12,bb8576ec-3270-4ee6-9d85-f37e6e502af7,2025-08-24 19:00:00+00:00,2025-08-24 03:45:00+00:00,YES,0.1296231734752655,0.16618355573751986,0.12,2512.9526230398815,2512.9526230398815,271.6365,514.5630000000001,271.6365,271.6365,1273.3022727272728,1.0,0.21333229808675724,rolling_liq,1810.91,1810.91,1715.2100000000003,14.96,-286.5965,0,29956.499598015707,30243.096098015707
1.0,phase_10k_then_12,0962940f-0261-4fce-b716-3a16393d43b7,2025-08-24 20:00:00+00:00,2025-08-24 05:45:00+00:00,NO,0.17109873175621026,0.39790402734002395,0.12,5959.905917530129,3594.7799517618846,904.2299999999999,1715.5860000000002,904.2299999999999,904.2299999999999,1776.156862745098,1.0,0.5090935485295416,rolling_liq,5718.620000000001,6028.2,5718.620000000001,31.08,840.846862745098,1,30797.346460760804,29956.499598015707
1.0,phase_10k_then_12,ab22cb38-adf5-49e7-8d94-af37949f1527,2025-08-26 23:00:00+00:00,2025-08-26 06:00:00+00:00,YES,0.11368976593017577,0.18637666545930454,0.12,2869.9533691757565,2869.9533691757565,485.0879999999999,960.8159999999999,485.0879999999999,485.0879999999999,1282.836842105263,1.0,0.37813694156454236,rolling_liq,3202.72,3233.9199999999996,3202.72,21.12,776.6288421052631,1,31573.975302866067,30797.346460760804
1.0,phase_10k_then_12,467aedcd-fa42-4992-9a69-fce47d1ece15,2025-08-28 00:00:00+00:00,2025-08-27 16:00:00+00:00,NO,0.15859810590744017,0.33041272064050037,0.12,5216.221540627972,3788.877036343928,771.6015,1364.115,771.6015,771.6015,1518.0225490196076,1.0,0.5082938329857665,rolling_liq,5144.01,5144.01,4547.05,26.56,719.8610490196077,1,32293.836351885675,31573.975302866067
1.0,phase_10k_then_12,6d17df9c-9585-4b14-b1ab-7334c0443b45,2025-08-30 02:00:00+00:00,2025-08-29 07:15:00+00:00,NO,0.14991149187088015,0.28285187145449087,0.12,4567.186024287966,3875.260362226281,913.9725,1823.76,913.9725,913.9725,2124.2329545454545,1.0,0.43026001364128763,rolling_liq,6093.15,6093.15,6079.2,36.46,1173.8004545454546,1,33467.63680643113,32293.836351885675
1.0,phase_10k_then_12,eef5e74b-cdc8-45c9-b34e-c80089a44b6d,2025-09-01 00:00:00+00:00,2025-08-31 06:00:00+00:00,NO,0.12026148080825805,0.1625155146057541,0.12,2719.505109117816,2719.505109117816,358.71450000000004,717.4290000000001,358.71450000000004,358.71450000000004,1677.06590909091,1.0,0.21389409805274082,rolling_liq,2391.4300000000003,2391.4300000000003,2391.4300000000003,19.74,-378.45450000000005,0,33089.18230643113,33467.63680643113
1.0,phase_10k_then_12,2f5baf0d-dd06-464d-95dd-177924f443c9,2025-09-04 00:00:00+00:00,2025-09-03 06:00:00+00:00,NO,0.20699598312377931,0.3980691983149602,0.12,6585.892136809303,3970.701876771736,374.07300000000004,748.1460000000001,374.07300000000004,374.07300000000004,833.7177777777778,1.0,0.44868060867919607,rolling_liq,2493.82,2493.82,2493.82,14.44,-388.51300000000003,0,32700.669306431133,33089.18230643113
1.0,phase_10k_then_12,b69d86fb-d73a-4b99-bec9-88e73e7ce25b,2025-09-05 02:00:00+00:00,2025-09-04 12:45:00+00:00,NO,0.05718323230743405,0.06807527655646911,0.12,1113.05355330847,1113.05355330847,105.51449999999998,208.64400000000003,105.51449999999998,105.51449999999998,753.6749999999998,1.0,0.14,rolling_liq,695.4800000000001,703.43,695.4800000000001,6.36,-111.87449999999998,0,32588.79480643113,32700.669306431133
1.0,phase_10k_then_12,f9c188c7-35cd-436c-8d11-7f1b0131ba33,2025-09-05 23:30:00+00:00,2025-09-05 10:30:00+00:00,NO,0.06474714040756224,0.07528737256693284,0.12,1226.7623680495533,1226.7623680495533,169.7925,335.427,169.7925,169.7925,1306.0961538461536,1.0,0.13,rolling_liq,1118.0900000000001,1131.95,1118.0900000000001,10.35,-180.14249999999998,0,32408.65230643113,32588.79480643113
1.0,phase_10k_then_12,e9ff9be0-15cb-4e16-86a5-89be878b6745,2025-09-10 02:00:00+00:00,2025-09-09 07:00:00+00:00,NO,0.2139049685001373,0.30127460352132013,0.12,4881.9519371401775,3889.0382767717356,900.4125,1800.825,900.4125,900.4125,3429.7870370370374,1.0,0.2625272328213878,rolling_liq,6002.75,6002.75,6002.75,46.49,-946.9025,0,31461.74980643113,32408.65230643113
1.0,phase_10k_then_12,31d89653-50a1-4688-b507-15c8e12dad33,2025-09-09 23:30:00+00:00,2025-09-09 12:30:00+00:00,NO,0.16207829356193537,0.3683597580953077,0.12,5794.621273976032,3775.4099767717353,830.5949999999999,1643.4060000000002,830.5949999999999,830.5949999999999,1566.898148148148,1.0,0.5300886984783572,rolling_liq,5478.02,5537.299999999999,5478.02,27.33,-857.925,0,30603.82480643113,31461.74980643113
1.0,phase_10k_then_12,93a98ff0-ed90-4c11-8f56-dfd70e55ed58,2025-09-12 00:00:00+00:00,2025-09-11 07:00:00+00:00,NO,0.1892402425408365,0.6308008084694549,0.12,9652.458715077157,3672.4589767717357,272.83050000000003,517.941,272.83050000000003,272.83050000000003,409.50820895522395,1.0,0.6662393916255573,rolling_liq,1818.8700000000001,1818.8700000000001,1726.4700000000003,6.38,-279.2105,0,30324.61430643113,30603.82480643113
1.0,phase_10k_then_12,2fb00c07-3995-4420-aa53-e0b95160a91a,2025-09-18 02:00:00+00:00,2025-09-17 16:15:00+00:00,YES,0.07049068570137018,0.08702553790292615,0.12,1319.5079358579694,1319.5079358579694,643.9125,1278.9899999999998,643.9125,643.9125,4046.578125,1.0,0.1591251867897645,rolling_liq,4269.1900000000005,4292.75,4263.299999999999,37.91,-681.8225,0,29642.79180643113,30324.61430643113
1.0,phase_10k_then_12,30981dda-706d-44fc-9eb4-b6f8c5a3e874,2025-09-24 01:30:00+00:00,2025-09-22 23:30:00+00:00,NO,0.11262015342712406,0.14255715623686588,0.12,2112.8960514231453,2112.8960514231453,375.92999999999995,751.1999999999999,375.92999999999995,375.92999999999995,1879.65,1.0,0.19999999999999996,rolling_liq,2506.2,2506.2,2504.0,21.06,-396.98999999999995,0,29245.80180643113,29642.79180643113
1.0,phase_10k_then_12,fb31c505-de82-4d70-a8a2-a91dbaacd1ee,2025-09-29 00:00:00+00:00,2025-09-28 02:30:00+00:00,NO,0.18119778752326965,0.29225449600527365,0.12,4273.608533604325,3509.4962167717354,3045.7004999999995,6089.780999999999,3045.7004999999995,3045.7004999999995,8702.972857142857,1.0,0.34996093288976293,rolling_liq,20299.269999999997,20304.67,20299.269999999997,138.59,-3184.2904999999996,0,26061.51130643113,29245.80180643113
1.0,phase_10k_then_12,fc11987d-5051-4621-94f9-17a356691802,2025-10-01 01:30:00+00:00,2025-09-30 01:15:00+00:00,NO,0.06506288051605225,0.08675050735473633,0.12,1130.4246641320487,1130.4246641320487,2017.1580000000001,3883.1910000000003,1130.4246641320487,1130.4246641320487,5110.150713617603,1.0,0.22121160949708915,kelly,13444.47,13447.720000000001,12943.970000000001,61.63,-1192.0546641320489,0,24869.456642299083,26061.51130643113
1.0,phase_10k_then_12,4a8a3c5a-81ad-462c-b4cb-3300d1eea8c3,2025-10-09 00:00:00+00:00,2025-10-07 11:00:00+00:00,NO,0.16387164235115048,0.2777485463578822,0.12,3453.7277155544743,2984.33479707589,8132.152499999999,16264.304999999998,2984.33479707589,2984.33479707589,8121.823775880783,1.0,0.36744638635701615,portfolio,54214.35,54214.35,54214.35,132.15,5005.3389788048935,1,29874.79562110398,24869.456642299083
1.0,edge_conditioned,d1bd5e4c-1d9e-47c6-b24e-52544a1a2c13,2025-05-22 23:30:00+00:00,2025-05-22 13:00:00+00:00,YES,0.18705255270004273,0.2969088138095916,0.2,742.2720345239791,742.2720345239791,159.50999999999993,311.232,159.50999999999993,159.50999999999993,458.4285714285713,1.0,0.3479495169834839,rolling_liq,1037.44,1063.3999999999996,1037.44,7.29,-166.79999999999993,0,4833.2,5000.0
1.0,edge_conditioned,b8786c5b-6a05-49e0-9ba2-0bc7db3e8a60,2025-05-24 02:00:00+00:00,2025-05-23 12:30:00+00:00,NO,0.08980293750762935,0.10819631025015586,0.15,261.46720335052663,261.46720335052663,131.1855,262.371,131.1855,131.1855,1394.0549999999998,1.0,0.09410353250051111,rolling_liq,874.5699999999999,874.5699999999999,874.5699999999999,8.32,-139.50549999999998,0,4693.6945,4833.2
1.0,edge_conditioned,a35a38a3-fdb6-40a3-86f1-842d77ac32bf,2025-05-24 02:00:00+00:00,2025-05-23 12:30:00+00:00,NO,0.32377356052398687,0.3997204450913418,0.2,938.0828273313914,938.0828273313914,38.091,76.182,38.091,38.091,238.06875,1.0,0.16,rolling_liq,253.94,253.94,253.94,2.24,197.73774999999998,1,4891.43225,4693.6945
1.0,edge_conditioned,92c4a40c-74f4-4a28-be37-18237fca81a5,2025-05-23 23:30:00+00:00,2025-05-23 12:30:00+00:00,NO,0.09931676149368285,0.11548460638800331,0.15,282.4425640324177,282.4425640324177,57.832499999999996,115.66499999999999,57.832499999999996,57.832499999999996,722.9062499999999,1.0,0.08,rolling_liq,385.55,385.55,385.55,3.73,-61.56249999999999,0,4829.86975,4891.43225
1.0,edge_conditioned,10582ee6-a493-4e18-9878-6203b5e8065d,2025-05-24 02:00:00+00:00,2025-05-23 12:30:00+00:00,NO,0.08664486169815067,0.13128009348204644,0.15,317.0328761430541,317.0328761430541,152.49299999999997,304.98599999999993,152.49299999999997,152.49299999999997,508.7433333333332,1.0,0.29974446839598223,rolling_liq,1016.6199999999999,1016.6199999999999,1016.6199999999999,7.48,-159.97299999999996,0,4669.89675,4829.86975
1.0,edge_conditioned,b0d98920-a05f-481d-9dea-7046f3e6fc33,2025-05-25 19:00:00+00:00,2025-05-25 05:00:00+00:00,NO,0.19932658433914185,0.26227182149887085,0.2,612.3911634170786,612.3911634170786,146.769,293.538,146.769,146.769,733.845,1.0,0.2,rolling_liq,978.4600000000002,978.4600000000002,978.4600000000002,8.22,-154.989,0,4514.90775,4669.89675
1.0,edge_conditioned,bbd4ae77-444a-4dfe-ad87-70233844aa1d,2025-05-25 22:00:00+00:00,2025-05-25 14:00:00+00:00,NO,0.1071816420555115,0.1623964273568356,0.2,366.60244422284455,366.60244422284455,54.91499999999999,109.82999999999998,54.91499999999999,54.91499999999999,170.0151515151515,1.0,0.32300062383031813,rolling_liq,366.09999999999997,366.09999999999997,366.09999999999997,2.61,-57.52499999999999,0,4457.382750000001,4514.90775
1.0,edge_conditioned,5f3d74e1-8cdd-4616-aedf-f1e90dc75db0,2025-05-27 23:00:00+00:00,2025-05-27 05:45:00+00:00,NO,0.0740113401412964,0.08315880914752405,0.12,185.335320702358,185.335320702358,68.42699999999999,136.85399999999998,68.42699999999999,68.42699999999999,984.2428571428569,1.0,0.06952247557948824,rolling_liq,456.18,456.18,456.18,4.46,-72.88699999999999,0,4384.495750000001,4457.382750000001
1.0,edge_conditioned,8a594783-4b88-43cd-b381-a8660e3a0766,2025-05-27 23:00:00+00:00,2025-05-27 13:00:00+00:00,YES,0.3129020285606384,0.5046806912268361,0.2,1106.3851728955628,876.8991500000002,241.96949999999998,478.2389999999999,241.96949999999998,241.96949999999998,653.9716216216216,1.0,0.37,rolling_liq,1594.1299999999999,1613.1299999999999,1594.1299999999999,10.68,-252.6495,0,4131.8462500000005,4384.495750000001
1.0,edge_conditioned,ee675eed-ef15-494e-a8f4-e0202373e26c,2025-05-28 00:00:00+00:00,2025-05-27 13:00:00+00:00,NO,0.08173902988433834,0.11512539420329344,0.15,237.84021415932492,237.84021415932492,50.05649999999999,100.11299999999999,50.05649999999999,50.05649999999999,200.22599999999997,1.0,0.25,rolling_liq,333.71,333.71,333.71,2.63,-52.686499999999995,0,4079.1597500000007,4131.8462500000005
1.0,edge_conditioned,a17fdde4-604b-4197-8c9a-97dc9b78c44e,2025-05-29 23:00:00+00:00,2025-05-29 13:00:00+00:00,NO,0.09309141159057621,0.10118631694627848,0.15,206.3775756690011,206.3775756690011,15.528,31.056,15.528,15.528,226.97142857142856,1.0,0.06841389728096678,rolling_liq,103.52000000000001,103.52000000000001,103.52000000000001,1.02,-16.548000000000002,0,4062.611750000001,4079.1597500000007
1.0,edge_conditioned,1d299098-034f-480d-af99-bcebd640859e,2025-05-30 23:30:00+00:00,2025-05-30 12:15:00+00:00,NO,0.07657644748687742,0.0900899382198558,0.15,183.00022078438016,183.00022078438016,45.357000000000006,53.55600000000001,45.357000000000006,45.357000000000006,356.6692307692308,1.0,0.1271682446567602,rolling_liq,302.38000000000005,302.38000000000005,178.52000000000004,2.78,308.5322307692308,1,4371.143980769231,4062.611750000001
1.0,edge_conditioned,c9d9dbf0-f3e6-4f3f-b2a5-e83fe165023d,2025-06-01 22:00:00+00:00,2025-06-01 05:15:00+00:00,NO,0.14538862824440002,0.23449778749096778,0.2,512.5117961474231,512.5117961474231,242.52899999999997,484.30199999999996,242.52899999999997,242.52899999999997,692.94,1.0,0.3499999999999999,rolling_liq,1616.86,1616.86,1614.34,11.04,439.37100000000004,1,4810.514980769231,4371.143980769231
1.0,edge_conditioned,9998a61a-229c-44c2-b892-ee5b1ea16c23,2025-06-02 00:30:00+00:00,2025-06-01 12:15:00+00:00,YES,0.0670652312040329,0.08178686732199134,0.12,196.7184752413124,196.7184752413124,447.516,892.0079999999999,196.7184752413124,196.7184752413124,1391.4565016087492,1.0,0.14137594313144103,kelly,2983.44,2983.44,2973.3599999999997,11.83,-208.54847524131242,0,4601.966505527919,4810.514980769231
1.0,edge_conditioned,272d53ae-a46b-43bc-ac0f-8a846e03a9d1,2025-06-04 00:00:00+00:00,2025-06-03 12:30:00+00:00,NO,0.12299813508987423,0.14819052420466775,0.2,340.9839144132527,340.9839144132527,108.41550000000001,212.466,108.41550000000001,108.41550000000001,840.1192307692309,1.0,0.12904775421071185,rolling_liq,708.22,722.7700000000001,708.22,6.61,-115.02550000000001,0,4486.9410055279195,4601.966505527919
1.0,edge_conditioned,f8baaf5b-f1fa-4923-9eec-e85ed7a82142,2025-06-05 23:30:00+00:00,2025-06-05 06:15:00+00:00,YES,0.0730656540393829,0.08496006283649174,0.12,190.60539488664173,190.60539488664173,83.66400000000002,167.32800000000003,83.66400000000002,83.66400000000002,707.2833333333334,1.0,0.11828922873907205,rolling_liq,557.7600000000001,557.7600000000001,557.7600000000001,5.17,-88.83400000000002,0,4398.10700552792,4486.9410055279195
1.0,edge_conditioned,45eb60bf-a1b9-4f49-90cb-62097ff47bbd,2025-06-06 02:00:00+00:00,2025-06-05 13:00:00+00:00,NO,0.1447575712203979,0.20979358147883756,0.2,461.34731020843395,461.34731020843395,399.006,786.7619999999998,399.006,399.006,1390.055172413793,1.0,0.28704328282677943,rolling_liq,2622.5399999999995,2660.04,2622.5399999999995,19.92,-418.926,0,3979.1810055279198,4398.10700552792
1.0,edge_conditioned,772cef5b-3110-4eaf-a68b-6eb3cd04f42a,2025-06-06 23:30:00+00:00,2025-06-06 12:15:00+00:00,YES,0.1407347512245178,0.18277240418768548,0.2,363.64223953915484,363.64223953915484,331.155,662.31,331.155,331.155,1794.2894736842104,1.0,0.18456052095097017,rolling_liq,2207.7,2207.7,2207.7,18.91,1444.2244736842104,1,5423.40547921213,3979.1810055279198
1.0,edge_conditioned,8b0ee0bd-54cf-4be2-a8ba-b16813be20b6,2025-06-07 19:00:00+00:00,2025-06-07 04:30:00+00:00,YES,0.1381078326702118,0.1644140865121569,0.2,445.8421288248444,445.8421288248444,266.2004999999999,446.43300000000005,266.2004999999999,266.2004999999999,1847.136666666666,1.0,0.14411521616339523,rolling_liq,1761.71,1774.6699999999996,1488.1100000000001,15.95,1564.9861666666661,1,6988.391645878795,5423.40547921213
1.0,edge_conditioned,639e72ff-50dd-401b-a2a8-dd49fdd02b89,2025-06-08 02:00:00+00:00,2025-06-07 12:15:00+00:00,YES,0.13786698698997496,0.20577162237309699,0.2,719.0063433755386,719.0063433755386,232.88249999999994,459.045,232.88249999999994,232.88249999999994,727.7578124999998,1.0,0.32,rolling_liq,1552.5499999999997,1552.5499999999997,1530.15,11.09,-243.97249999999994,0,6744.4191458787955,6988.391645878795
1.0,edge_conditioned,5e1d090c-1c51-494b-8c1f-1f1ba520ee2a,2025-06-10 02:00:00+00:00,2025-06-09 12:30:00+00:00,NO,0.24757077574729924,0.3640746702166165,0.2,1227.7360881692284,1227.7360881692284,463.098,923.1360000000001,463.098,463.098,1653.9214285714288,1.0,0.27999999999999997,rolling_liq,3087.32,3087.32,3077.1200000000003,23.35,1167.473428571429,1,7911.892574450225,6744.4191458787955
1.0,edge_conditioned,4a60d4ef-8d10-4f25-bab6-346332242fd5,2025-06-10 23:30:00+00:00,2025-06-10 12:15:00+00:00,NO,0.12558921575546267,0.19321417808532718,0.2,764.3449104359017,764.3449104359017,265.755,520.248,265.755,265.755,805.3181818181818,1.0,0.33,rolling_liq,1771.7,1771.7,1734.16,12.47,-278.225,0,7633.6675744502245,7911.892574450225
1.0,edge_conditioned,84da0d09-cdf5-46a5-89eb-d489373ed8ed,2025-06-12 02:00:00+00:00,2025-06-11 13:30:00+00:00,NO,0.11724735021591182,0.1429845734340388,0.2,545.7483509350095,545.7483509350095,1.8585,3.0029999999999997,1.8585,1.8585,10.93235294117647,1.0,0.17,rolling_liq,10.01,12.39,10.01,0.11,8.963852941176471,1,7642.631427391401,7633.6675744502245
1.0,edge_conditioned,c95f06b7-8138-460b-bc1d-e9c9478156eb,2025-06-13 23:30:00+00:00,2025-06-13 06:00:00+00:00,NO,0.07324323654174802,0.08616851357852709,0.12,329.2770949634269,329.2770949634269,250.69500000000002,499.24799999999993,250.69500000000002,250.69500000000002,2089.125,1.0,0.12000000000000001,rolling_liq,1671.3000000000002,1671.3000000000002,1664.1599999999999,15.45,-266.14500000000004,0,7376.486427391401,7642.631427391401
1.0,edge_conditioned,ee13e918-b149-4c1e-8ae9-03cf0618c5d9,2025-06-15 00:30:00+00:00,2025-06-14 06:30:00+00:00,YES,0.22761168122291559,0.30758335300393996,0.2,1134.4422143625507,1134.4422143625507,1896.9705000000001,3793.9410000000003,1134.4422143625507,1134.4422143625507,5673.461071812754,1.0,0.1999559351872101,kelly,12646.470000000001,12646.470000000001,12646.470000000001,63.54,4475.478857450204,1,11851.965284841604,7376.486427391401
1.0,edge_conditioned,7162ed3d-7135-4801-b3a8-ba85cbcaa7ea,2025-06-15 22:00:00+00:00,2025-06-15 05:30:00+00:00,YES,0.2125312566757202,0.38642046668312763,0.2,2289.9209782403605,2289.9209782403605,1017.9945,2035.989,1017.9945,1017.9945,2850.7347222222224,1.0,0.3570989934855975,rolling_liq,6786.63,6786.63,6786.63,45.82,-1063.8145,0,10788.150784841604,11851.965284841604
1.0,edge_conditioned,acf4a696-dabb-4821-9d7a-7417121d43a8,2025-06-17 23:00:00+00:00,2025-06-17 05:45:00+00:00,NO,0.10341833353042607,0.1124112320982892,0.2,606.3546608930851,606.3546608930851,105.48900000000002,209.907,105.48900000000002,105.48900000000002,1507.4142857142858,1.0,0.06998009837090952,rolling_liq,703.2600000000001,703.2600000000001,699.69,6.87,-112.35900000000002,0,10675.791784841604,10788.150784841604
1.0,edge_conditioned,f992552a-94d9-40c8-aa4b-fa5c7bf321fd,2025-06-18 00:00:00+00:00,2025-06-17 06:15:00+00:00,NO,0.2464600276947021,0.4323860134994774,0.2,2308.0315253990657,2135.1583569683207,1320.4574999999998,2640.9149999999995,1320.4574999999998,1320.4574999999998,3255.3109756097547,1.0,0.4056317537382627,rolling_liq,8803.05,8803.05,8803.05,54.94,-1375.3974999999998,0,9300.394284841605,10675.791784841604
1.0,edge_conditioned,326d833a-4a17-4fec-882e-c3699065a0ed,2025-06-18 00:00:00+00:00,2025-06-17 07:00:00+00:00,NO,0.11250839233398435,0.13236281451056983,0.2,615.5131817998265,615.5131817998265,37.047000000000004,74.09400000000001,37.047000000000004,37.047000000000004,308.9750000000001,1.0,0.11990290476575773,rolling_liq,246.98000000000002,246.98000000000002,246.98000000000002,2.29,-39.337,0,9261.057284841605,9300.394284841605
1.0,edge_conditioned,4f5eef0b-7151-49c4-bc34-46d08d1e5ca1,2025-06-18 02:00:00+00:00,2025-06-17 12:30:00+00:00,YES,0.15919422030448907,0.20674574065518062,0.2,957.3420738023168,957.3420738023168,126.67649999999999,217.614,126.67649999999999,126.67649999999999,550.9847826086956,1.0,0.22990925339214766,rolling_liq,836.23,844.51,725.38,6.83,-133.5065,0,9127.550784841605,9261.057284841605
1.0,edge_conditioned,42f7582e-79b3-4a78-88ba-0245ebd00b6b,2025-06-18 23:00:00+00:00,2025-06-18 06:15:00+00:00,YES,0.2191847121715545,0.2548659443855285,0.2,1163.1509253527638,1163.1509253527638,927.7379999999999,1849.68,927.7379999999999,927.7379999999999,9277.38,1.0,0.1,rolling_liq,6184.08,6184.92,6165.6,58.45,-986.188,0,8141.362784841605,9127.550784841605
1.0,edge_conditioned,57909126-867a-49a0-bc68-8c65ff35b9dd,2025-06-20 02:00:00+00:00,2025-06-19 13:45:00+00:00,YES,0.23086082577705377,0.2748343164012545,0.2,1118.762937773278,1118.762937773278,47.268,94.48799999999999,47.268,47.268,303.925,1.0,0.1555252118121247,rolling_liq,314.96,315.12,314.96,2.8,253.85700000000003,1,8395.219784841605,8141.362784841605
1.0,edge_conditioned,5cc2b6cf-49a3-4f54-a14e-88d92bf3ac7a,2025-06-20 23:30:00+00:00,2025-06-20 06:00:00+00:00,YES,0.19484763860702514,0.31427038485004055,0.2,1319.184476341423,1319.184476341423,409.9874999999999,819.9749999999998,409.9874999999999,409.9874999999999,1172.9071428571426,1.0,0.3495481313220508,rolling_liq,2733.2499999999995,2733.2499999999995,2733.2499999999995,18.67,-428.6574999999999,0,7966.562284841605,8395.219784841605
1.0,edge_conditioned,36996288-3356-4ce9-b751-b31f6890cd69,2025-06-22 19:00:00+00:00,2025-06-22 07:15:00+00:00,YES,0.12237302303314207,0.22661670932063344,0.2,902.6780647943357,902.6780647943357,28.635000000000005,55.89,28.635000000000005,28.635000000000005,62.25000000000001,1.0,0.46,rolling_liq,186.3,190.90000000000003,186.3,1.09,32.525,1,7999.087284841605,7966.562284841605
1.0,edge_conditioned,4bfeb202-768f-487c-a416-9c9a314242a6,2025-06-25 00:00:00+00:00,2025-06-24 06:15:00+00:00,YES,0.08991959929466248,0.13031825984733694,0.15,521.2135676637586,521.2135676637586,0.6975,1.395,0.6975,0.6975,2.25,1.0,0.31,rolling_liq,4.65,4.65,4.65,0.04,1.5125,1,8000.599784841605,7999.087284841605
1.0,edge_conditioned,e6fdfe56-f4ef-4bab-8f24-19a99adb7f6f,2025-06-26 02:00:00+00:00,2025-06-25 12:15:00+00:00,NO,0.07732540607452387,0.08226107029204668,0.15,329.0689506396944,329.0689506396944,89.04,178.08,89.04,89.04,1780.8000000000002,1.0,0.049999999999999996,rolling_liq,593.6,593.6,593.6,5.93,-94.97,0,7905.629784841604,8000.599784841605
1.0,edge_conditioned,1c528f37-bdd0-449a-99b5-7a8d174e4243,2025-06-26 02:00:00+00:00,2025-06-25 15:45:00+00:00,YES,0.0853763997554779,0.10672049969434737,0.15,421.84638051840597,421.84638051840597,160.47750000000002,318.9750000000001,160.47750000000002,160.47750000000002,805.1375000000003,1.0,0.19931688686715,rolling_liq,1069.8500000000001,1069.8500000000001,1063.2500000000002,9.0,-169.47750000000002,0,7736.152284841604,7905.629784841604
1.0,edge_conditioned,fd8a85e4-5aac-47f6-b278-e1f1fa69b82d,2025-06-27 02:00:00+00:00,2025-06-26 12:15:00+00:00,NO,0.08030236721038819,0.10566100948735288,0.15,408.7048299821277,408.7048299821277,965.8785,1927.8239999999998,408.7048299821277,408.7048299821277,2043.524149910639,1.0,0.19999999999999996,kelly,6439.1900000000005,6439.1900000000005,6426.08,22.89,1611.9293199285112,1,9348.081604770116,7736.152284841604
1.0,edge_conditioned,4e456309-00d3-4582-8f89-1c9049054791,2025-06-27 23:30:00+00:00,2025-06-27 12:30:00+00:00,NO,0.12750528216362,0.2500103571835686,0.2,1168.558610494862,1168.558610494862,842.4509999999999,1684.9019999999998,842.4509999999999,842.4509999999999,1815.1936170212764,1.0,0.46411082107178064,rolling_liq,5616.339999999999,5616.339999999999,5616.339999999999,31.61,941.1326170212765,1,10289.214221791392,9348.081604770116
1.0,edge_conditioned,f2a059a9-b803-4538-b746-3868679fa790,2025-06-28 02:00:00+00:00,2025-06-27 12:45:00+00:00,NO,0.05228370666503901,0.055620964537275545,0.12,286.1480096733451,286.1480096733451,109.05750000000002,218.11500000000004,109.05750000000002,109.05750000000002,2181.1500000000005,1.0,0.049999999999999996,rolling_liq,727.0500000000002,727.0500000000002,727.0500000000002,7.26,-116.31750000000002,0,10172.896721791392,10289.214221791392
1.0,edge_conditioned,02291b17-b5ee-4973-b184-51149f2c1817,2025-06-28 02:00:00+00:00,2025-06-27 14:00:00+00:00,NO,0.14177390813827517,0.26749793988353804,0.2,1360.6144578635976,1360.6144578635976,897.9495000000001,1781.376,897.9495000000001,897.9495000000001,1952.825,1.0,0.4598207724706515,rolling_liq,5986.330000000001,5986.330000000001,5937.92,33.96,-931.9095000000001,0,9240.987221791393,10172.896721791392
1.0,edge_conditioned,8a325ea5-03e5-4940-bb7a-2eb4c8b2b077,2025-06-29 20:00:00+00:00,2025-06-29 04:30:00+00:00,NO,0.19611328840255737,0.26148438453674316,0.2,1208.1869281010152,1208.1869281010152,383.55449999999996,766.7489999999999,383.55449999999996,383.55449999999996,1600.2270833333332,1.0,0.23968754434591966,rolling_liq,2555.83,2557.0299999999997,2555.83,20.42,1196.2525833333332,1,10437.239805124726,9240.987221791393
1.0,edge_conditioned,475cc53b-e563-4217-a5dc-930581369bab,2025-06-29 22:00:00+00:00,2025-06-29 05:30:00+00:00,NO,0.07646610498428341,0.10769873941448369,0.15,562.0387849893021,562.0387849893021,125.958,223.93800000000002,125.958,125.958,450.75172413793103,1.0,0.27943986291099926,rolling_liq,773.46,839.72,746.46,6.36,318.433724137931,1,10755.673529262656,10437.239805124726
1.0,edge_conditioned,01384c8c-e038-4abe-b80a-901c44d112ce,2025-07-03 23:00:00+00:00,2025-07-03 05:45:00+00:00,YES,0.14452980518341063,0.23693410685805022,0.2,1274.1929506563101,1274.1929506563101,4851.2415,9632.867999999999,1274.1929506563101,1274.1929506563101,3640.5512875894574,1.0,0.35000000000000003,kelly,32341.61,32341.61,32109.559999999994,57.98,2308.3783369331472,1,13064.051866195803,10755.673529262656
1.0,edge_conditioned,21815dfe-7533-4983-9fc4-01b7e5798634,2025-07-03 23:30:00+00:00,2025-07-03 12:15:00+00:00,YES,0.12719794988632205,0.23999613186098498,0.2,1567.6609571591375,1567.6609571591375,128.30999999999997,254.08199999999997,128.30999999999997,128.30999999999997,273.0,1.0,0.4699999999999999,rolling_liq,855.3999999999999,855.3999999999999,846.9399999999999,4.77,-133.07999999999998,0,12930.971866195803,13064.051866195803
1.0,edge_conditioned,a4d71aea-7129-4510-a0c0-686300cd53cf,2025-07-07 23:30:00+00:00,2025-07-07 12:30:00+00:00,NO,0.09287727117538447,0.13460474083389054,0.15,870.285058389808,870.285058389808,584.3460000000001,1143.567,584.3460000000001,584.3460000000001,2248.715384615385,1.0,0.2598576965310109,rolling_liq,3811.8900000000003,3895.6400000000012,3811.8900000000003,30.28,-614.6260000000001,0,12316.345866195803,12930.971866195803
1.0,edge_conditioned,66b295b9-ed48-41fe-8fd7-4cca0813f9f5,2025-07-08 15:30:00+00:00,2025-07-08 04:45:00+00:00,NO,0.07585252523422237,0.10836075033460339,0.15,667.304239720734,667.304239720734,579.534,1001.097,579.534,579.534,2093.835714285714,1.0,0.2767810273012278,rolling_liq,3397.92,3863.5600000000004,3336.9900000000002,29.34,-608.874,0,11707.471866195803,12316.345866195803
1.0,edge_conditioned,cba5ede2-0a93-430c-aa0b-4c48363996d9,2025-07-09 15:00:00+00:00,2025-07-09 01:30:00+00:00,YES,0.0751177150011062,0.08077173656032925,0.15,472.81641668191685,472.81641668191685,76.56450000000001,153.12900000000002,76.56450000000001,76.56450000000001,1095.9214285714288,1.0,0.0698631288739417,rolling_liq,510.43000000000006,510.43000000000006,510.43000000000006,4.99,1014.3669285714288,1,12721.838794767233,11707.471866195803
1.0,edge_conditioned,473b6ccd-bea1-4377-b656-99e755056013,2025-07-09 16:00:00+00:00,2025-07-09 02:00:00+00:00,NO,0.21722968339920046,0.28211647194701356,0.2,1794.5201387291893,1794.5201387291893,25.344,50.688,25.344,25.344,115.20000000000002,1.0,0.21999999999999997,rolling_liq,168.96,168.96,168.96,1.39,88.46600000000002,1,12810.304794767233,12721.838794767233
1.0,edge_conditioned,e3e04e5c-30b5-4cd3-bef5-9e4a16bf0e89,2025-07-10 19:00:00+00:00,2025-07-10 04:45:00+00:00,NO,0.176479022204876,0.5882634073495866,0.2,3767.9167738782594,2562.060958953447,299.022,493.99799999999993,299.022,299.022,439.7382352941176,1.0,0.68,rolling_liq,1798.5600000000002,1993.48,1646.6599999999999,6.7,134.01623529411762,1,12944.32103006135,12810.304794767233
1.0,edge_conditioned,9bb7fd31-2faf-4602-bf65-4532dd75baba,2025-07-13 22:00:00+00:00,2025-07-13 05:15:00+00:00,NO,0.0949998521804809,0.13768094518910276,0.15,891.0931771250134,891.0931771250134,481.56749999999994,930.4229999999999,481.56749999999994,481.56749999999994,1783.5833333333335,1.0,0.26999999999999996,rolling_liq,3210.45,3210.45,3101.41,24.61,1277.4058333333337,1,14221.726863394684,12944.32103006135
1.0,edge_conditioned,1dc8a33e-b81b-4a0d-91bf-0109943d729e,2025-07-13 22:00:00+00:00,2025-07-13 06:00:00+00:00,NO,0.2283735346794128,0.27850431058464975,0.2,1980.406117706465,1980.406117706465,1240.2495000000001,2467.7490000000003,1240.2495000000001,1240.2495000000001,8140.559375000001,1.0,0.1523543337585447,rolling_liq,8268.330000000002,8268.330000000002,8225.830000000002,73.6,-1313.8495,0,12907.877363394684,14221.726863394684
1.0,edge_conditioned,333e71e9-d362-4003-836b-7d936322e7d2,2025-07-16 00:00:00+00:00,2025-07-15 06:00:00+00:00,YES,0.06468308866024008,0.07187009851137786,0.12,463.84520883998016,463.84520883998016,299.565,599.13,299.565,299.565,2995.6499999999996,1.0,0.1,rolling_liq,1997.1,1997.1,1997.1,18.88,-318.445,0,12589.432363394684,12907.877363394684
1.0,edge_conditioned,e380b602-7a50-4ce9-99e7-63c43f11724e,2025-07-16 02:00:00+00:00,2025-07-15 13:30:00+00:00,NO,0.21980795383453366,0.4676764975202844,0.2,2943.890816740471,2517.886472678937,1153.3905,2143.101,1153.3905,1153.3905,2403.4385416666664,1.0,0.4798918216565589,rolling_liq,7143.67,7689.27,7143.67,42.0,-1195.3905,0,11394.041863394685,12589.432363394684
1.0,edge_conditioned,83fc47a0-fbb1-4f04-8af2-94e9a1fd566e,2025-07-16 17:00:00+00:00,2025-07-16 04:15:00+00:00,NO,0.1946576309204101,0.23738735478098796,0.2,1352.4007291075516,1352.4007291075516,37.509,75.018,37.509,37.509,227.5235294117647,1.0,0.16485767470720547,rolling_liq,250.06,250.06,250.06,2.2,-39.709,0,11354.332863394684,11394.041863394685
1.0,edge_conditioned,5e64c14b-9cf3-45d2-bd9d-f0af702d801f,2025-07-16 19:00:00+00:00,2025-07-16 07:00:00+00:00,NO,0.1349456548690796,0.207608699798584,0.2,1178.629141424852,1178.629141424852,2008.2225,3987.606000000001,1178.629141424852,1178.629141424852,3829.287552983393,1.0,0.30779332320096553,kelly,13294.060000000001,13388.150000000001,13292.020000000004,57.11,-1235.7391414248518,0,10118.593721969832,11354.332863394684
1.0,edge_conditioned,1f15d85b-41ea-4e16-b597-b0e14ee9ba73,2025-07-16 23:30:00+00:00,2025-07-16 07:00:00+00:00,NO,0.10651913166046145,0.13656298930828392,0.2,690.9127031341175,690.9127031341175,1176.8190000000002,2350.3979999999997,690.9127031341175,690.9127031341175,3454.5635156705875,1.0,0.19999999999999998,kelly,7834.66,7845.460000000001,7834.66,38.7,-729.6127031341175,0,9388.981018835715,10118.593721969832
1.0,edge_conditioned,32cb5f24-0d87-4645-a3fd-dd1e0fd1a4f6,2025-07-23 00:00:00+00:00,2025-07-22 06:00:00+00:00,NO,0.09330237627029414,0.11378338569548066,0.15,534.1550242768656,534.1550242768656,278.9865,557.973,278.9865,278.9865,1551.0916666666667,1.0,0.17986461148331012,rolling_liq,1859.91,1859.91,1859.91,16.02,-295.00649999999996,0,9093.974518835716,9388.981018835715
1.0,edge_conditioned,17812353-7592-47dc-9fe1-36f6bb0d8b9d,2025-07-24 02:00:00+00:00,2025-07-23 07:00:00+00:00,NO,0.17903590440750117,0.2594723252282626,0.2,1179.8173569844369,1179.8173569844369,649.6155,1299.231,649.6155,649.6155,2548.751923076923,1.0,0.25487592343462223,rolling_liq,4330.77,4330.77,4330.77,33.89,1865.246423076923,1,10959.22094191264,9093.974518835716
1.0,edge_conditioned,d8bda49f-0b5d-428a-9697-070219652f4a,2025-07-25 00:30:00+00:00,2025-07-24 06:15:00+00:00,YES,0.12289219975471491,0.15755410224963448,0.2,863.3351084292198,863.3351084292198,1133.157,2266.314,863.3351084292198,863.3351084292198,4796.306157940109,1.0,0.18000000000000002,kelly,7554.379999999999,7554.379999999999,7554.379999999999,49.56,-912.8951084292198,0,10046.325833483419,10959.22094191264
1.0,edge_conditioned,4d8cf7bd-df70-42d4-a4fd-14a6fcb736a9,2025-07-24 23:00:00+00:00,2025-07-24 12:45:00+00:00,YES,0.11587374210357665,0.21067953109741208,0.2,1058.2776079250523,1058.2776079250523,762.1350000000001,1522.6500000000005,762.1350000000001,762.1350000000001,1732.1250000000002,1.0,0.44,rolling_liq,5075.500000000002,5080.900000000001,5075.500000000002,29.88,940.1100000000001,1,10986.43583348342,10046.325833483419
1.0,edge_conditioned,585740b6-3c8b-4746-8808-e7635a88c710,2025-07-27 20:00:00+00:00,2025-07-27 04:15:00+00:00,YES,0.09930047273635859,0.1273082983799469,0.15,699.3322256106238,699.3322256106238,33.363,9.9,9.9,9.9,45.0,1.0,0.22,cumulative_liq,222.42000000000002,222.42000000000002,33.0,0.55,-10.450000000000001,0,10975.985833483419,10986.43583348342
1.0,edge_conditioned,548df81e-2319-4153-a4df-bf65932d74be,2025-07-27 23:00:00+00:00,2025-07-27 06:00:00+00:00,NO,0.06239434003829958,0.0810316104393501,0.12,444.7009041233269,444.7009041233269,0.0315,0.063,0.0315,0.0315,0.15,1.0,0.21000000000000002,rolling_liq,0.21,0.21,0.21,0.01,0.1085,1,10976.09433348342,10975.985833483419
1.0,edge_conditioned,d5b4c575-bc11-412e-893d-9c6ed1889586,2025-07-27 22:00:00+00:00,2025-07-27 12:30:00+00:00,YES,0.1230686521530151,0.17333612979297902,0.2,951.2768560043318,951.2768560043318,628.7235,1212.2939999999999,628.7235,628.7235,2384.7166666666662,1.0,0.26364704402339906,rolling_liq,4046.1999999999994,4191.49,4040.98,32.41,-661.1334999999999,0,10314.96083348342,10976.09433348342
1.0,edge_conditioned,6adda940-e25a-4b97-9334-bfcbbb00d303,2025-07-28 23:00:00+00:00,2025-07-28 12:30:00+00:00,YES,0.05657753527164458,0.06816570514655974,0.12,351.56328938677143,351.56328938677143,734.322,1334.2590000000002,351.56328938677143,351.56328938677143,2201.5830586673214,1.0,0.15968658915806808,kelly,4892.250000000001,4895.4800000000005,4447.530000000001,20.68,-372.24328938677144,0,9942.717544096648,10314.96083348342
1.0,edge_conditioned,7a6fecee-f650-46ac-af8f-8dfc5ff13ae2,2025-07-29 23:30:00+00:00,2025-07-29 05:45:00+00:00,NO,0.11944526433944702,0.15926035245259604,0.2,791.740350204721,791.740350204721,424.923,849.846,424.923,424.923,1874.9260869565219,1.0,0.2266345339990214,rolling_liq,2832.82,2832.82,2832.82,23.01,1426.993086956522,1,11369.710631053169,9942.717544096648
1.0,edge_conditioned,185c1d82-80ca-427a-bb34-b717e2127e2e,2025-07-30 23:00:00+00:00,2025-07-30 05:30:00+00:00,YES,0.15933475494384763,0.2655579249064127,0.2,1509.6583809844299,1509.6583809844299,41.020500000000006,82.04100000000001,41.020500000000006,41.020500000000006,103.87625000000001,1.0,0.39489777499669076,rolling_liq,273.47,273.47,273.47,1.74,61.115750000000006,1,11430.82638105317,11369.710631053169
1.0,edge_conditioned,c2f7980e-2390-45e9-8977-c6e6d2c1f545,2025-07-31 00:00:00+00:00,2025-07-30 07:00:00+00:00,NO,0.09089968681335447,0.12452011892240339,0.15,711.6839301750433,711.6839301750433,743.928,1475.7030000000002,711.6839301750433,711.6839301750433,2737.4381929809356,1.0,0.2599817347474262,kelly,4958.27,4959.52,4919.010000000001,36.87,-748.5539301750433,0,10682.272450878127,11430.82638105317
1.0,edge_conditioned,e8241b1f-576e-4bcf-b7d0-79606aa78b00,2025-07-31 00:00:00+00:00,2025-07-30 15:30:00+00:00,NO,0.16516225516796124,0.434637513599898,0.2,2321.4581688231788,2136.4544901756253,1726.7504999999996,3227.4,1726.7504999999996,1726.7504999999996,3022.897413793105,1.0,0.5712236518914111,rolling_liq,10758.0,11511.669999999998,10758.0,51.83,1244.3169137931054,1,11926.589364671232,10682.272450878127
1.0,edge_conditioned,50578d4e-21ed-488c-ac01-1008b9b70e0d,2025-07-31 23:30:00+00:00,2025-07-31 05:45:00+00:00,NO,0.1513962113857269,0.2566037481114015,0.2,1530.2037665801085,1530.2037665801085,1223.4164999999998,2446.8329999999996,1223.4164999999998,1223.4164999999998,3502.675714285713,1.0,0.3492805500121744,rolling_liq,8156.109999999999,8156.109999999999,8156.109999999999,55.73,2223.5292142857134,1,14150.118578956946,11926.589364671232
1.0,edge_conditioned,a1ca524f-e7ce-449f-ab32-66adea0ba523,2025-08-01 23:30:00+00:00,2025-08-01 05:45:00+00:00,NO,0.15966734647750846,0.3894325523841671,0.2,2755.2583973709134,2755.2583973709134,172.96349999999998,345.92699999999996,172.96349999999998,172.96349999999998,295.7686440677966,1.0,0.5847932276429986,rolling_liq,1153.09,1153.09,1153.09,5.03,117.77514406779659,1,14267.893723024743,14150.118578956946
1.0,edge_conditioned,64fb0c10-3ce1-4592-a3f9-65395a9e58af,2025-08-01 23:30:00+00:00,2025-08-01 15:00:00+00:00,YES,0.10673018932342532,0.18089862597190728,0.2,1290.5211850041883,1290.5211850041883,976.8615,1937.8559999999998,976.8615,976.8615,2580.003947368421,1.0,0.3786279090760265,rolling_liq,6512.41,6512.41,6459.5199999999995,42.49,1560.652447368421,1,15828.546170393163,14267.893723024743
1.0,edge_conditioned,de06dc94-ceb2-41b8-bde0-f9f91c917d00,2025-08-03 22:00:00+00:00,2025-08-03 06:00:00+00:00,NO,0.07582804679870603,0.10531673166486949,0.15,833.5053748361472,833.5053748361472,247.6695,427.425,247.6695,247.6695,1008.4780000000001,1.0,0.24558740993854103,rolling_liq,1443.7900000000002,1651.13,1424.75,13.08,-260.7495,0,15567.796670393163,15828.546170393163
1.0,edge_conditioned,1dffe97b-d132-4697-af9f-8b08902da90d,2025-08-03 22:00:00+00:00,2025-08-03 06:00:00+00:00,YES,0.05085827469825738,0.05913752871890393,0.12,460.3205113427164,460.3205113427164,325.302,613.035,325.302,325.302,2596.4769230769225,1.0,0.12528591997440322,rolling_liq,2062.3,2168.6800000000003,2043.45,19.92,-345.22200000000004,0,15222.574670393164,15567.796670393163
1.0,edge_conditioned,cd325282-98cc-46dd-a9f0-e2d5d887b51f,2025-08-06 00:00:00+00:00,2025-08-05 07:00:00+00:00,YES,0.09239223599433899,0.12318964799245198,0.15,937.6318075922748,937.6318075922748,34.357499999999995,65.865,34.357499999999995,34.357499999999995,143.15624999999997,1.0,0.24000000000000002,rolling_liq,229.04999999999998,229.04999999999998,219.54999999999998,1.83,106.96874999999999,1,15329.543420393164,15222.574670393164
1.0,edge_conditioned,6a9e0ff7-c5b4-4a72-b217-41dc4a8caa4f,2025-08-06 02:00:00+00:00,2025-08-05 07:00:00+00:00,NO,0.3618546456098557,0.6579175374724648,0.2,5042.787728861148,3065.908684078633,13.987499999999999,27.974999999999998,13.987499999999999,13.987499999999999,31.857954545454543,1.0,0.43905831995719635,rolling_liq,93.25,93.25,93.25,0.55,17.32045454545454,1,15346.863874938617,15329.543420393164
1.0,edge_conditioned,d300ee86-e2e0-4bf4-9247-1d7a3a859e07,2025-08-06 02:00:00+00:00,2025-08-05 07:00:00+00:00,NO,0.08956348419189453,0.10294653355390175,0.15,789.9532184242655,789.9532184242655,55.5105,111.021,55.5105,55.5105,531.0954545454545,1.0,0.10452075898015253,rolling_liq,370.07,370.07,370.07,3.48,-58.9905,0,15287.873374938617,15346.863874938617
1.0,edge_conditioned,0934f4d6-98dc-4543-b6bd-c04adfa95bf2,2025-08-08 02:00:00+00:00,2025-08-07 07:00:00+00:00,NO,0.14108287811279296,0.2275530292141822,0.2,1739.4009483550626,1739.4009483550626,302.169,604.338,302.169,302.169,839.3583333333333,1.0,0.36,rolling_liq,2014.4599999999998,2014.4599999999998,2014.4599999999998,13.54,-315.709,0,14972.164374938617,15287.873374938617
1.0,edge_conditioned,042c5181-7425-497a-8593-922c0cccfc16,2025-08-08 02:00:00+00:00,2025-08-07 07:00:00+00:00,NO,0.10052478075027471,0.12410466759293173,0.2,929.0577414492458,929.0577414492458,178.1985,356.397,178.1985,178.1985,1048.226470588235,1.0,0.17000000000000004,rolling_liq,1187.99,1187.99,1187.99,10.36,-188.55849999999998,0,14783.605874938617,14972.164374938617
1.0,edge_conditioned,25596e43-21b0-4411-b093-a5ca0b6480d6,2025-08-09 02:00:00+00:00,2025-08-08 07:30:00+00:00,YES,0.13616769552230834,0.2778932561679762,0.2,2054.1321872453577,2054.1321872453577,341.1405,679.782,341.1405,341.1405,696.2051020408164,1.0,0.4899999999999999,rolling_liq,2274.27,2274.27,2265.94,12.18,342.88460204081645,1,15126.490476979434,14783.605874938617
1.0,edge_conditioned,3a283716-466b-440c-a344-5994da2e16aa,2025-08-10 00:30:00+00:00,2025-08-09 13:15:00+00:00,YES,0.124353095293045,0.1943017113953828,0.2,1469.5514935415322,1469.5514935415322,3395.0819999999994,6622.331999999999,1469.5514935415322,1469.5514935415322,4246.289981547235,1.0,0.3460789300607461,kelly,22633.879999999997,22633.879999999997,22074.44,67.27,2709.4684880057025,1,17835.958964985137,15126.490476979434
1.0,edge_conditioned,2de72b4c-3c39-42c4-8321-18efac227563,2025-08-10 16:30:00+00:00,2025-08-10 02:30:00+00:00,NO,0.28335612535476684,0.4570260086367207,0.2,4075.748567987747,3567.1917929970277,424.6979999999999,840.7379999999999,424.6979999999999,424.6979999999999,1147.8324324324321,1.0,0.37000000000000005,rolling_liq,2831.3199999999997,2831.3199999999997,2802.46,18.73,704.4044324324323,1,18540.36339741757,17835.958964985137
1.0,edge_conditioned,56ef45bc-fa3c-47bb-926c-8b9f8433bdb6,2025-08-10 20:00:00+00:00,2025-08-10 04:30:00+00:00,NO,0.146348443031311,0.24804820852764578,0.2,2299.451963090482,2299.451963090482,1536.5249999999999,3072.699,1536.5249999999999,1536.5249999999999,3906.4874999999997,1.0,0.3933264857496664,rolling_liq,10243.5,10243.5,10242.33,65.26,2304.7024999999994,1,20845.065897417568,18540.36339741757
1.0,edge_conditioned,2eb1473f-e48b-4a13-bb64-bb3604b03c6d,2025-08-10 22:00:00+00:00,2025-08-10 12:00:00+00:00,NO,0.13645145893096922,0.22741909821828205,0.2,2370.2830443456837,2370.2830443456837,3091.3319999999994,6182.312999999999,2370.2830443456837,2370.2830443456837,6622.1195676269,1.0,0.35793419616479344,kelly,20607.71,20608.879999999997,20607.71,106.54,4145.296523281216,1,24990.362420698784,20845.065897417568
1.0,edge_conditioned,4b134f76-aff1-49fb-b585-3e9073eb44c2,2025-08-14 02:00:00+00:00,2025-08-13 08:00:00+00:00,NO,0.21488385438919066,0.4385384783452871,0.2,5479.617754635245,4998.072484139757,1253.5964999999999,2501.493,1253.5964999999999,1253.5964999999999,2995.6107142857136,1.0,0.41847777283668613,rolling_liq,8338.31,8357.31,8338.31,51.03,1690.9842142857137,1,26681.346634984497,24990.362420698784
1.0,edge_conditioned,74f4d3c6-f105-49b3-bb25-ee57ac47d235,2025-08-13 23:30:00+00:00,2025-08-13 11:45:00+00:00,NO,0.12422191977500918,0.2343809807075645,0.2,3126.800095453071,3126.800095453071,1435.8765000000003,1876.4339999999997,1435.8765000000003,1435.8765000000003,3190.8366666666675,1.0,0.44999999999999996,rolling_liq,6254.78,9572.510000000002,6254.78,55.29,1699.6701666666672,1,28381.016801651163,26681.346634984497
1.0,edge_conditioned,fdec04dc-4b3e-4713-8640-3988c3e4f01f,2025-08-16 02:00:00+00:00,2025-08-15 07:15:00+00:00,NO,0.13219804048538208,0.20983815950060647,0.2,2977.7101652071347,2977.7101652071347,93.54299999999999,187.08599999999998,93.54299999999999,93.54299999999999,259.84166666666664,1.0,0.36,rolling_liq,623.62,623.62,623.62,4.2,162.09866666666665,1,28543.11546831783,28381.016801651163
1.0,edge_conditioned,f69e50f9-fa32-4c94-9a1b-f8a270e47e4c,2025-08-16 02:00:00+00:00,2025-08-15 16:45:00+00:00,YES,0.15301872491836543,0.340041610929701,0.2,4852.92348239963,4852.92348239963,696.888,1393.776,696.888,696.888,1292.1999999999998,1.0,0.5393035133880205,rolling_liq,4645.92,4645.92,4645.92,22.48,-719.368,0,27823.74746831783,28543.11546831783
1.0,edge_conditioned,673f7bf8-4cb2-4836-9dec-4131b50da342,2025-08-16 18:00:00+00:00,2025-08-16 03:15:00+00:00,YES,0.29983103513717646,0.6814341707663102,0.2,9480.02614184219,5564.749493663567,2264.0865,4528.173,2264.0865,2264.0865,4240.586111111112,1.0,0.5339088608689443,rolling_liq,15093.91,15093.91,15093.91,73.87,1902.629611111112,1,29726.37707942894,27823.74746831783
1.0,edge_conditioned,3495c00d-950e-4e49-87e6-3a022d1d9c1b,2025-08-17 19:00:00+00:00,2025-08-17 03:45:00+00:00,YES,0.1182247066497803,0.20038085872844116,0.2,2978.298483030711,2978.298483030711,236.16899999999995,470.616,236.16899999999995,236.16899999999995,582.8756097560974,1.0,0.4051790743119688,rolling_liq,1574.4599999999998,1574.4599999999998,1568.72,9.84,336.8666097560975,1,30063.243689185038,29726.37707942894
1.0,edge_conditioned,b233aa62-25a1-489f-9f1a-ad31d9a6a7c2,2025-08-17 22:00:00+00:00,2025-08-17 10:45:00+00:00,NO,0.13120973110198975,0.2624194622039795,0.2,3944.590120511559,3944.590120511559,1035.108,2067.5699999999997,1035.108,1035.108,2300.2400000000002,1.0,0.44999999999999996,rolling_liq,6900.72,6900.72,6891.9,39.86,1225.2720000000004,1,31288.51568918504,30063.243689185038
1.0,edge_conditioned,b6df91b4-c8f5-45f8-bebf-c6845d61912b,2025-08-19 23:00:00+00:00,2025-08-19 05:30:00+00:00,NO,0.2621755397319794,0.5140696857489792,0.2,8042.238713945679,6257.703137837008,980.0325,1960.065,980.0325,980.0325,2344.077380952381,1.0,0.418088800294562,rolling_liq,6533.55,6533.55,6533.55,39.93,-1019.9625,0,30268.553189185037,31288.51568918504
1.0,edge_conditioned,2cc91c72-9797-403a-adc1-51f134d84117,2025-08-20 02:00:00+00:00,2025-08-19 07:00:00+00:00,YES,0.09672302126884458,0.13433752954006192,0.15,2033.1013290935402,2033.1013290935402,75.47850000000001,150.95700000000002,75.47850000000001,75.47850000000001,287.06851851851854,1.0,0.26292851751743357,rolling_liq,503.19000000000005,503.19000000000005,503.19000000000005,3.9,-79.37850000000002,0,30189.174689185038,30268.553189185037
1.0,edge_conditioned,a1382913-f5c5-4721-9dee-4195779e9b68,2025-08-23 20:00:00+00:00,2025-08-23 04:00:00+00:00,NO,0.19466778397560125,0.34762104281357364,0.2,5247.196193567823,5247.196193567823,325.125,650.25,325.125,325.125,774.1071428571429,1.0,0.42,rolling_liq,2167.5,2167.5,2167.5,13.21,435.7721428571429,1,30624.94683204218,30189.174689185038
1.0,edge_conditioned,bb8576ec-3270-4ee6-9d85-f37e6e502af7,2025-08-24 19:00:00+00:00,2025-08-24 03:45:00+00:00,YES,0.1296231734752655,0.16618355573751986,0.2,2544.6812794106318,2544.6812794106318,271.6365,514.5630000000001,271.6365,271.6365,1273.3022727272728,1.0,0.21333229808675724,rolling_liq,1810.91,1810.91,1715.2100000000003,14.96,-286.5965,0,30338.35033204218,30624.94683204218
1.0,edge_conditioned,0962940f-0261-4fce-b716-3a16393d43b7,2025-08-24 20:00:00+00:00,2025-08-24 05:45:00+00:00,NO,0.17109873175621026,0.39790402734002395,0.2,6035.875889986069,6035.875889986069,904.2299999999999,1715.5860000000002,904.2299999999999,904.2299999999999,1776.156862745098,1.0,0.5090935485295416,rolling_liq,5718.620000000001,6028.2,5718.620000000001,31.08,840.846862745098,1,31179.197194787277,30338.35033204218
1.0,edge_conditioned,ab22cb38-adf5-49e7-8d94-af37949f1527,2025-08-26 23:00:00+00:00,2025-08-26 06:00:00+00:00,YES,0.11368976593017577,0.18637666545930454,0.2,2905.5374024312773,2905.5374024312773,485.0879999999999,960.8159999999999,485.0879999999999,485.0879999999999,1282.836842105263,1.0,0.37813694156454236,rolling_liq,3202.72,3233.9199999999996,3202.72,21.12,776.6288421052631,1,31955.82603689254,31179.197194787277
1.0,edge_conditioned,467aedcd-fa42-4992-9a69-fce47d1ece15,2025-08-28 00:00:00+00:00,2025-08-27 16:00:00+00:00,NO,0.15859810590744017,0.33041272064050037,0.2,5279.305710582102,5279.305710582102,771.6015,1364.115,771.6015,771.6015,1518.0225490196076,1.0,0.5082938329857665,rolling_liq,5144.01,5144.01,4547.05,26.56,719.8610490196077,1,32675.687085912148,31955.82603689254
1.0,edge_conditioned,6d17df9c-9585-4b14-b1ab-7334c0443b45,2025-08-30 02:00:00+00:00,2025-08-29 07:15:00+00:00,NO,0.14991149187088015,0.28285187145449087,0.2,4621.189621655795,4621.189621655795,913.9725,1823.76,913.9725,913.9725,2124.2329545454545,1.0,0.43026001364128763,rolling_liq,6093.15,6093.15,6079.2,36.46,1173.8004545454546,1,33849.4875404576,32675.687085912148
1.0,edge_conditioned,eef5e74b-cdc8-45c9-b34e-c80089a44b6d,2025-09-01 00:00:00+00:00,2025-08-31 06:00:00+00:00,NO,0.12026148080825805,0.1625155146057541,0.2,2750.5334433892644,2750.5334433892644,358.71450000000004,717.4290000000001,358.71450000000004,358.71450000000004,1677.06590909091,1.0,0.21389409805274082,rolling_liq,2391.4300000000003,2391.4300000000003,2391.4300000000003,19.74,-378.45450000000005,0,33471.0330404576,33849.4875404576
1.0,edge_conditioned,2f5baf0d-dd06-464d-95dd-177924f443c9,2025-09-04 00:00:00+00:00,2025-09-03 06:00:00+00:00,NO,0.20699598312377931,0.3980691983149602,0.2,6661.893644594251,6661.893644594251,374.07300000000004,748.1460000000001,374.07300000000004,374.07300000000004,833.7177777777778,1.0,0.44868060867919607,rolling_liq,2493.82,2493.82,2493.82,14.44,-388.51300000000003,0,33082.5200404576,33471.0330404576
1.0,edge_conditioned,b69d86fb-d73a-4b99-bec9-88e73e7ce25b,2025-09-05 02:00:00+00:00,2025-09-04 12:45:00+00:00,NO,0.05718323230743405,0.06807527655646911,0.12,1126.0508504695415,1126.0508504695415,105.51449999999998,208.64400000000003,105.51449999999998,105.51449999999998,753.6749999999998,1.0,0.14,rolling_liq,695.4800000000001,703.43,695.4800000000001,6.36,-111.87449999999998,0,32970.645540457605,33082.5200404576
1.0,edge_conditioned,f9c188c7-35cd-436c-8d11-7f1b0131ba33,2025-09-05 23:30:00+00:00,2025-09-05 10:30:00+00:00,NO,0.06474714040756224,0.07528737256693284,0.12,1241.1366372883572,1241.1366372883572,169.7925,335.427,169.7925,169.7925,1306.0961538461536,1.0,0.13,rolling_liq,1118.0900000000001,1131.95,1118.0900000000001,10.35,-180.14249999999998,0,32790.5030404576,32970.645540457605
1.0,edge_conditioned,e9ff9be0-15cb-4e16-86a5-89be878b6745,2025-09-10 02:00:00+00:00,2025-09-09 07:00:00+00:00,NO,0.2139049685001373,0.30127460352132013,0.2,4939.472901389253,4939.472901389253,900.4125,1800.825,900.4125,900.4125,3429.7870370370374,1.0,0.2625272328213878,rolling_liq,6002.75,6002.75,6002.75,46.49,-946.9025,0,31843.600540457603,32790.5030404576
1.0,edge_conditioned,31d89653-50a1-4688-b507-15c8e12dad33,2025-09-09 23:30:00+00:00,2025-09-09 12:30:00+00:00,NO,0.16207829356193537,0.3683597580953077,0.2,5864.950495983286,5864.950495983286,830.5949999999999,1643.4060000000002,830.5949999999999,830.5949999999999,1566.898148148148,1.0,0.5300886984783572,rolling_liq,5478.02,5537.299999999999,5478.02,27.33,-857.925,0,30985.675540457603,31843.600540457603
1.0,edge_conditioned,93a98ff0-ed90-4c11-8f56-dfd70e55ed58,2025-09-12 00:00:00+00:00,2025-09-11 07:00:00+00:00,NO,0.1892402425408365,0.6308008084694549,0.2,9772.894590946435,6197.135108091521,272.83050000000003,517.941,272.83050000000003,272.83050000000003,409.50820895522395,1.0,0.6662393916255573,rolling_liq,1818.8700000000001,1818.8700000000001,1726.4700000000003,6.38,-279.2105,0,30706.465040457602,30985.675540457603
1.0,edge_conditioned,2fb00c07-3995-4420-aa53-e0b95160a91a,2025-09-18 02:00:00+00:00,2025-09-17 16:15:00+00:00,YES,0.07049068570137018,0.08702553790292615,0.12,1336.12331862161,1336.12331862161,643.9125,1278.9899999999998,643.9125,643.9125,4046.578125,1.0,0.1591251867897645,rolling_liq,4269.1900000000005,4292.75,4263.299999999999,37.91,-681.8225,0,30024.642540457604,30706.465040457602
1.0,edge_conditioned,30981dda-706d-44fc-9eb4-b6f8c5a3e874,2025-09-24 01:30:00+00:00,2025-09-22 23:30:00+00:00,NO,0.11262015342712406,0.14255715623686588,0.2,2140.113828798032,2140.113828798032,375.92999999999995,751.1999999999999,375.92999999999995,375.92999999999995,1879.65,1.0,0.19999999999999996,rolling_liq,2506.2,2506.2,2504.0,21.06,-396.98999999999995,0,29627.652540457602,30024.642540457604
1.0,edge_conditioned,fb31c505-de82-4d70-a8a2-a91dbaacd1ee,2025-09-29 00:00:00+00:00,2025-09-28 02:30:00+00:00,NO,0.18119778752326965,0.29225449600527365,0.2,4329.407330515401,4329.407330515401,3045.7004999999995,6089.780999999999,3045.7004999999995,3045.7004999999995,8702.972857142857,1.0,0.34996093288976293,rolling_liq,20299.269999999997,20304.67,20299.269999999997,138.59,-3184.2904999999996,0,26443.362040457603,29627.652540457602
1.0,edge_conditioned,fc11987d-5051-4621-94f9-17a356691802,2025-10-01 01:30:00+00:00,2025-09-30 01:15:00+00:00,NO,0.06506288051605225,0.08675050735473633,0.12,1146.9875365873363,1146.9875365873363,2017.1580000000001,3883.1910000000003,1146.9875365873363,1146.9875365873363,5182.1632025536355,1.0,0.22133373492022224,kelly,13444.47,13447.720000000001,12943.970000000001,62.52,-1209.5075365873363,0,25233.854503870265,26443.362040457603
1.0,edge_conditioned,4a8a3c5a-81ad-462c-b4cb-3300d1eea8c3,2025-10-09 00:00:00+00:00,2025-10-07 11:00:00+00:00,NO,0.16387164235115048,0.2777485463578822,0.2,3504.3332037281325,3504.3332037281325,8132.152499999999,16264.304999999998,3504.3332037281325,3504.3332037281325,9527.224874940895,1.0,0.36782308066910957,kelly,54214.35,54214.35,54214.35,155.08,5867.811671212763,1,31101.666175083028,25233.854503870265
2.0,static_12,d1bd5e4c-1d9e-47c6-b24e-52544a1a2c13,2025-05-22 23:30:00+00:00,2025-05-22 13:00:00+00:00,YES,0.18705255270004273,0.2969088138095916,0.12,742.2720345239791,600.0,319.01999999999987,622.464,319.01999999999987,319.01999999999987,916.8571428571425,1.0,0.3479495169834839,rolling_liq,2074.88,2126.7999999999993,2074.88,14.57,-333.58999999999986,0,4666.41,5000.0
2.0,static_12,b8786c5b-6a05-49e0-9ba2-0bc7db3e8a60,2025-05-24 02:00:00+00:00,2025-05-23 12:30:00+00:00,NO,0.08980293750762935,0.10819631025015586,0.12,252.4441720572149,252.4441720572149,262.371,524.742,252.4441720572149,252.4441720572149,2688.841720572149,1.0,0.09388584315907528,kelly,1749.1399999999999,1749.1399999999999,1749.1399999999999,16.02,-268.4641720572149,0,4397.945827942785,4666.41
2.0,static_12,a35a38a3-fdb6-40a3-86f1-842d77ac32bf,2025-05-24 02:00:00+00:00,2025-05-23 12:30:00+00:00,NO,0.32377356052398687,0.3997204450913418,0.12,878.9744319164499,527.7534993531342,76.182,152.364,76.182,76.182,476.1375,1.0,0.16,rolling_liq,507.88,507.88,507.88,4.48,395.47549999999995,1,4793.421327942785,4397.945827942785
2.0,static_12,92c4a40c-74f4-4a28-be37-18237fca81a5,2025-05-23 23:30:00+00:00,2025-05-23 12:30:00+00:00,NO,0.09931676149368285,0.11548460638800331,0.12,276.78318765466634,276.78318765466634,115.66499999999999,231.32999999999998,115.66499999999999,115.66499999999999,1445.8124999999998,1.0,0.08,rolling_liq,771.1,771.1,771.1,7.45,-123.115,0,4670.306327942785,4793.421327942785
2.0,static_12,10582ee6-a493-4e18-9878-6203b5e8065d,2025-05-24 02:00:00+00:00,2025-05-23 12:30:00+00:00,NO,0.08664486169815067,0.13128009348204644,0.12,306.55912566106093,306.55912566106093,304.98599999999993,609.9719999999999,304.98599999999993,304.98599999999993,1017.4866666666665,1.0,0.29974446839598223,rolling_liq,2033.2399999999998,2033.2399999999998,2033.2399999999998,14.95,-319.9359999999999,0,4350.3703279427855,4670.306327942785
2.0,static_12,b0d98920-a05f-481d-9dea-7046f3e6fc33,2025-05-25 19:00:00+00:00,2025-05-25 05:00:00+00:00,NO,0.19932658433914185,0.26227182149887085,0.12,570.4897750520972,522.0444393531343,293.538,587.076,293.538,293.538,1467.69,1.0,0.2,rolling_liq,1956.9200000000003,1956.9200000000003,1956.9200000000003,16.44,-309.978,0,4040.3923279427854,4350.3703279427855
2.0,static_12,bbd4ae77-444a-4dfe-ad87-70233844aa1d,2025-05-25 22:00:00+00:00,2025-05-25 14:00:00+00:00,NO,0.1071816420555115,0.1623964273568356,0.12,328.0726395889382,328.0726395889382,109.82999999999998,219.65999999999997,109.82999999999998,109.82999999999998,340.030303030303,1.0,0.32300062383031813,rolling_liq,732.1999999999999,732.1999999999999,732.1999999999999,5.21,-115.03999999999998,0,3925.3523279427855,4040.3923279427854
2.0,static_12,5f3d74e1-8cdd-4616-aedf-f1e90dc75db0,2025-05-27 23:00:00+00:00,2025-05-27 05:45:00+00:00,NO,0.0740113401412964,0.08315880914752405,0.12,163.21381253809167,163.21381253809167,136.85399999999998,273.70799999999997,136.85399999999998,136.85399999999998,1968.4857142857138,1.0,0.06952247557948824,rolling_liq,912.36,912.36,912.36,8.92,-145.77399999999997,0,3779.5783279427856,3925.3523279427855
2.0,static_12,8a594783-4b88-43cd-b381-a8660e3a0766,2025-05-27 23:00:00+00:00,2025-05-27 13:00:00+00:00,YES,0.3129020285606384,0.5046806912268361,0.12,953.7401015460673,453.5493993531343,483.93899999999996,956.4779999999998,453.5493993531343,453.5493993531343,1225.8091874409033,1.0,0.37000000000000005,portfolio,3188.2599999999998,3226.2599999999998,3188.2599999999998,20.01,-473.55939935313427,0,3306.0189285896513,3779.5783279427856
2.0,static_12,ee675eed-ef15-494e-a8f4-e0202373e26c,2025-05-28 00:00:00+00:00,2025-05-27 13:00:00+00:00,NO,0.08173902988433834,0.11512539420329344,0.12,190.30336619871673,190.30336619871673,100.11299999999999,200.22599999999997,100.11299999999999,100.11299999999999,400.45199999999994,1.0,0.25,rolling_liq,667.42,667.42,667.42,5.26,-105.37299999999999,0,3200.6459285896512,3306.0189285896513
2.0,static_12,a17fdde4-604b-4197-8c9a-97dc9b78c44e,2025-05-29 23:00:00+00:00,2025-05-29 13:00:00+00:00,NO,0.09309141159057621,0.10118631694627848,0.12,161.93078668154413,161.93078668154413,31.056,62.112,31.056,31.056,453.9428571428571,1.0,0.06841389728096678,rolling_liq,207.04000000000002,207.04000000000002,207.04000000000002,2.03,-33.086,0,3167.5599285896515,3200.6459285896512
2.0,static_12,1d299098-034f-480d-af99-bcebd640859e,2025-05-30 23:30:00+00:00,2025-05-30 12:15:00+00:00,NO,0.07657644748687742,0.0900899382198558,0.12,142.68263913716626,142.68263913716626,90.71400000000001,107.11200000000002,90.71400000000001,90.71400000000001,713.3384615384616,1.0,0.1271682446567602,rolling_liq,604.7600000000001,604.7600000000001,357.0400000000001,5.55,617.0744615384616,1,3784.634390128113,3167.5599285896515
2.0,static_12,c9d9dbf0-f3e6-4f3f-b2a5-e83fe165023d,2025-06-01 22:00:00+00:00,2025-06-01 05:15:00+00:00,NO,0.14538862824440002,0.23449778749096778,0.12,443.74419547363533,443.74419547363533,485.05799999999994,968.6039999999999,443.74419547363533,443.74419547363533,1267.840558496101,1.0,0.35,kelly,3233.72,3233.72,3228.68,20.2,803.8963630224657,1,4588.530753150579,3784.634390128113
2.0,static_12,9998a61a-229c-44c2-b892-ee5b1ea16c23,2025-06-02 00:30:00+00:00,2025-06-01 12:15:00+00:00,YES,0.0670652312040329,0.08178686732199134,0.12,187.6407779554017,187.6407779554017,895.032,1784.0159999999998,187.6407779554017,187.6407779554017,1344.1484139671547,1.0,0.13959825864883016,kelly,5966.88,5966.88,5946.719999999999,11.31,-198.9507779554017,0,4389.579975195177,4588.530753150579
2.0,static_12,272d53ae-a46b-43bc-ac0f-8a846e03a9d1,2025-06-04 00:00:00+00:00,2025-06-03 12:30:00+00:00,NO,0.12299813508987423,0.14819052420466775,0.12,325.24707878124286,325.24707878124286,216.83100000000002,424.932,216.83100000000002,216.83100000000002,1680.2384615384617,1.0,0.12904775421071185,rolling_liq,1416.44,1445.5400000000002,1416.44,13.22,-230.05100000000002,0,4159.528975195177,4389.579975195177
2.0,static_12,f8baaf5b-f1fa-4923-9eec-e85ed7a82142,2025-06-05 23:30:00+00:00,2025-06-05 06:15:00+00:00,YES,0.0730656540393829,0.08496006283649174,0.12,176.69692155139515,176.69692155139515,167.32800000000003,334.65600000000006,167.32800000000003,167.32800000000003,1414.5666666666668,1.0,0.11828922873907205,rolling_liq,1115.5200000000002,1115.5200000000002,1115.5200000000002,10.33,-177.65800000000004,0,3981.870975195177,4159.528975195177
2.0,static_12,45eb60bf-a1b9-4f49-90cb-62097ff47bbd,2025-06-06 02:00:00+00:00,2025-06-05 13:00:00+00:00,NO,0.1447575712203979,0.20979358147883756,0.12,417.68548643641384,417.68548643641384,798.012,1573.5239999999997,417.68548643641384,417.68548643641384,1468.6396084014268,1.0,0.2844029835822369,kelly,5245.079999999999,5320.08,5245.079999999999,20.93,-438.61548643641385,0,3543.255488758763,3981.870975195177
2.0,static_12,772cef5b-3110-4eaf-a68b-6eb3cd04f42a,2025-06-06 23:30:00+00:00,2025-06-06 12:15:00+00:00,YES,0.1407347512245178,0.18277240418768548,0.12,323.80466216582585,323.80466216582585,662.31,1324.62,323.80466216582585,323.80466216582585,1798.9147898101437,1.0,0.18,kelly,4415.4,4415.4,4415.4,18.59,1456.5201276443179,1,4999.775616403081,3543.255488758763
2.0,static_12,8b0ee0bd-54cf-4be2-a8ba-b16813be20b6,2025-06-07 19:00:00+00:00,2025-06-07 04:30:00+00:00,YES,0.1381078326702118,0.1644140865121569,0.12,411.01677036833433,411.01677036833433,532.4009999999998,892.8660000000001,411.01677036833433,411.01677036833433,2885.0451357888955,1.0,0.142464589295219,kelly,3523.42,3549.3399999999992,2976.2200000000003,24.68,2449.3483654205615,1,7449.123981823643,4999.775616403081
2.0,static_12,639e72ff-50dd-401b-a2a8-dd49fdd02b89,2025-06-08 02:00:00+00:00,2025-06-07 12:15:00+00:00,YES,0.13786698698997496,0.20577162237309699,0.12,766.4091634990975,766.4091634990975,465.7649999999999,918.09,465.7649999999999,465.7649999999999,1455.5156249999995,1.0,0.32,rolling_liq,3105.0999999999995,3105.0999999999995,3060.3,22.18,-487.9449999999999,0,6961.178981823643,7449.123981823643
2.0,static_12,5e1d090c-1c51-494b-8c1f-1f1ba520ee2a,2025-06-10 02:00:00+00:00,2025-06-09 12:30:00+00:00,NO,0.24757077574729924,0.3640746702166165,0.12,1267.1944710631426,835.3414778188371,926.196,1846.2720000000002,835.3414778188371,835.3414778188371,2983.3624207815615,1.0,0.27999999999999997,portfolio,6174.64,6174.64,6154.240000000001,42.11,2105.910942962724,1,9067.089924786367,6961.178981823643
2.0,static_12,4a60d4ef-8d10-4f25-bab6-346332242fd5,2025-06-10 23:30:00+00:00,2025-06-10 12:15:00+00:00,NO,0.12558921575546267,0.19321417808532718,0.12,875.9451637216745,875.9451637216745,531.51,1040.496,531.51,531.51,1610.6363636363635,1.0,0.33,rolling_liq,3543.4,3543.4,3468.32,24.93,-556.4399999999999,0,8510.649924786367,9067.089924786367
2.0,static_12,84da0d09-cdf5-46a5-89eb-d489373ed8ed,2025-06-12 02:00:00+00:00,2025-06-11 13:30:00+00:00,NO,0.11724735021591182,0.1429845734340388,0.12,608.4458245710066,608.4458245710066,3.717,6.005999999999999,3.717,3.717,21.86470588235294,1.0,0.17,rolling_liq,20.02,24.78,20.02,0.22,17.927705882352942,1,8528.57763066872,8510.649924786367
2.0,static_12,c95f06b7-8138-460b-bc1d-e9c9478156eb,2025-06-13 23:30:00+00:00,2025-06-13 06:00:00+00:00,NO,0.07324323654174802,0.08616851357852709,0.12,367.4474286869,367.4474286869,501.39000000000004,998.4959999999999,367.4474286869,367.4474286869,3062.061905724167,1.0,0.12,kelly,3342.6000000000004,3342.6000000000004,3328.3199999999997,22.64,-390.0874286869,0,8138.49020198182,8528.57763066872
2.0,static_12,ee13e918-b149-4c1e-8ae9-03cf0618c5d9,2025-06-15 00:30:00+00:00,2025-06-14 06:30:00+00:00,YES,0.22761168122291559,0.30758335300393996,0.12,1251.6320523576403,976.6188242378183,3793.9410000000003,7587.8820000000005,976.6188242378183,976.6188242378183,4885.594121189093,1.0,0.1998976583016113,portfolio,25292.940000000002,25292.940000000002,25292.940000000002,54.7,3854.275296951275,1,11992.765498933095,8138.49020198182
2.0,static_12,7162ed3d-7135-4801-b3a8-ba85cbcaa7ea,2025-06-15 22:00:00+00:00,2025-06-15 05:30:00+00:00,YES,0.2125312566757202,0.38642046668312763,0.12,2317.1250204595194,1439.1318598719713,2035.989,4071.978,1439.1318598719713,1439.1318598719713,4043.5329440888095,1.0,0.35590951768448437,portfolio,13573.26,13573.26,13573.26,64.89,-1504.0218598719714,0,10488.743639061124,11992.765498933095
2.0,static_12,acf4a696-dabb-4821-9d7a-7417121d43a8,2025-06-17 23:00:00+00:00,2025-06-17 05:45:00+00:00,NO,0.10341833353042607,0.1124112320982892,0.12,589.5262978149772,589.5262978149772,210.97800000000004,419.814,210.97800000000004,210.97800000000004,3014.8285714285716,1.0,0.06998009837090952,rolling_liq,1406.5200000000002,1406.5200000000002,1399.38,13.74,-224.71800000000005,0,10264.025639061123,10488.743639061124
2.0,static_12,f992552a-94d9-40c8-aa4b-fa5c7bf321fd,2025-06-18 00:00:00+00:00,2025-06-17 06:15:00+00:00,NO,0.2464600276947021,0.4323860134994774,0.12,2219.0105642650324,1231.6830766873347,2640.9149999999995,5281.829999999999,1231.6830766873347,1231.6830766873347,3073.4709187495964,1.0,0.40074661815522555,portfolio,17606.1,17606.1,17606.1,51.67,-1283.3530766873348,0,8980.672562373788,10264.025639061123
2.0,static_12,326d833a-4a17-4fec-882e-c3699065a0ed,2025-06-18 00:00:00+00:00,2025-06-17 07:00:00+00:00,NO,0.11250839233398435,0.13236281451056983,0.12,594.3535482768227,594.3535482768227,74.09400000000001,148.18800000000002,74.09400000000001,74.09400000000001,617.9500000000002,1.0,0.11990290476575773,rolling_liq,493.96000000000004,493.96000000000004,493.96000000000004,4.57,-78.66400000000002,0,8902.008562373787,8980.672562373788
2.0,static_12,4f5eef0b-7151-49c4-bc34-46d08d1e5ca1,2025-06-18 02:00:00+00:00,2025-06-17 12:30:00+00:00,YES,0.15919422030448907,0.20674574065518062,0.12,920.226176773364,920.226176773364,253.35299999999998,435.228,253.35299999999998,253.35299999999998,1101.9695652173912,1.0,0.22990925339214766,rolling_liq,1672.46,1689.02,1450.76,13.66,-267.013,0,8634.995562373786,8902.008562373787
2.0,static_12,42f7582e-79b3-4a78-88ba-0245ebd00b6b,2025-06-18 23:00:00+00:00,2025-06-18 06:15:00+00:00,YES,0.2191847121715545,0.2548659443855285,0.12,1100.3831493846214,1036.1994674848543,1855.4759999999999,3699.36,1036.1994674848543,1036.1994674848543,10361.994674848542,1.0,0.1,portfolio,12368.16,12369.84,12331.2,65.29,-1101.4894674848542,0,7533.506094888931,8634.995562373786
2.0,static_12,57909126-867a-49a0-bc68-8c65ff35b9dd,2025-06-20 02:00:00+00:00,2025-06-19 13:45:00+00:00,YES,0.23086082577705377,0.2748343164012545,0.12,1035.2329988467418,904.0207313866717,94.536,188.97599999999997,94.536,94.536,607.85,1.0,0.1555252118121247,rolling_liq,629.92,630.24,629.92,5.59,507.7240000000001,1,8041.2300948889315,7533.506094888931
2.0,static_12,5cc2b6cf-49a3-4f54-a14e-88d92bf3ac7a,2025-06-20 23:30:00+00:00,2025-06-20 06:00:00+00:00,YES,0.19484763860702514,0.31427038485004055,0.12,1263.5602382942363,964.9476113866717,819.9749999999998,1639.9499999999996,819.9749999999998,819.9749999999998,2345.8142857142852,1.0,0.3495481313220508,rolling_liq,5466.499999999999,5466.499999999999,5466.499999999999,37.34,-857.3149999999998,0,7183.915094888932,8041.2300948889315
2.0,static_12,36996288-3356-4ce9-b751-b31f6890cd69,2025-06-22 19:00:00+00:00,2025-06-22 07:15:00+00:00,YES,0.12237302303314207,0.22661670932063344,0.12,813.9975994212779,813.9975994212779,57.27000000000001,111.78,57.27000000000001,57.27000000000001,124.50000000000001,1.0,0.46,rolling_liq,372.6,381.80000000000007,372.6,2.17,65.06,1,7248.975094888932,7183.915094888932
2.0,static_12,4bfeb202-768f-487c-a416-9c9a314242a6,2025-06-25 00:00:00+00:00,2025-06-24 06:15:00+00:00,YES,0.08991959929466248,0.13031825984733694,0.12,472.3369100213049,472.3369100213049,1.395,2.79,1.395,1.395,4.5,1.0,0.31,rolling_liq,9.3,9.3,9.3,0.07,3.035,1,7252.010094888932,7248.975094888932
2.0,static_12,e6fdfe56-f4ef-4bab-8f24-19a99adb7f6f,2025-06-26 02:00:00+00:00,2025-06-25 12:15:00+00:00,NO,0.07732540607452387,0.08226107029204668,0.12,298.2790560871453,298.2790560871453,178.08,356.16,178.08,178.08,3561.6000000000004,1.0,0.049999999999999996,rolling_liq,1187.2,1187.2,1187.2,11.85,-189.93,0,7062.080094888932,7252.010094888932
2.0,static_12,1c528f37-bdd0-449a-99b5-7a8d174e4243,2025-06-26 02:00:00+00:00,2025-06-25 15:45:00+00:00,YES,0.0853763997554779,0.10672049969434737,0.12,376.83435830402544,376.83435830402544,320.95500000000004,637.9500000000002,320.95500000000004,320.95500000000004,1610.2750000000005,1.0,0.19931688686715,rolling_liq,2139.7000000000003,2139.7000000000003,2126.5000000000005,17.99,-338.94500000000005,0,6723.135094888932,7062.080094888932
2.0,static_12,fd8a85e4-5aac-47f6-b278-e1f1fa69b82d,2025-06-27 02:00:00+00:00,2025-06-26 12:15:00+00:00,NO,0.08030236721038819,0.10566100948735288,0.12,355.1866205229073,355.1866205229073,1931.757,3855.6479999999997,355.1866205229073,355.1866205229073,1775.9331026145364,1.0,0.19999999999999998,kelly,12878.380000000001,12878.380000000001,12852.16,19.9,1400.846482091629,1,8123.981576980561,6723.135094888932
2.0,static_12,4e456309-00d3-4582-8f89-1c9049054791,2025-06-27 23:30:00+00:00,2025-06-27 12:30:00+00:00,NO,0.12750528216362,0.2500103571835686,0.12,1015.5397679068205,974.8777892376672,1684.9019999999998,3369.8039999999996,974.8777892376672,974.8777892376672,2119.2995418210157,1.0,0.46,portfolio,11232.679999999998,11232.679999999998,11232.679999999998,36.86,1107.5617525833486,1,9231.543329563909,8123.981576980561
2.0,static_12,f2a059a9-b803-4538-b746-3868679fa790,2025-06-28 02:00:00+00:00,2025-06-27 12:45:00+00:00,NO,0.05228370666503901,0.055620964537275545,0.12,256.7336720789984,256.7336720789984,218.11500000000004,436.2300000000001,218.11500000000004,218.11500000000004,4362.300000000001,1.0,0.049999999999999996,rolling_liq,1454.1000000000004,1454.1000000000004,1454.1000000000004,14.51,-232.62500000000003,0,8998.918329563909,9231.543329563909
2.0,static_12,02291b17-b5ee-4973-b184-51149f2c1817,2025-06-28 02:00:00+00:00,2025-06-27 14:00:00+00:00,NO,0.14177390813827517,0.26749793988353804,0.12,1203.5960571692774,1079.870199547669,1795.8990000000001,3562.752,1079.870199547669,1079.870199547669,2349.0656511905845,1.0,0.45970200917984344,portfolio,11972.660000000002,11972.660000000002,11875.84,40.85,-1120.720199547669,0,7878.19813001624,8998.918329563909
2.0,static_12,8a325ea5-03e5-4940-bb7a-2eb4c8b2b077,2025-06-29 20:00:00+00:00,2025-06-29 04:30:00+00:00,NO,0.19611328840255737,0.26148438453674316,0.12,1030.0128946429086,945.3837756019487,767.1089999999999,1533.4979999999998,767.1089999999999,767.1089999999999,3200.4541666666664,1.0,0.23968754434591966,rolling_liq,5111.66,5114.0599999999995,5111.66,40.83,2392.5151666666666,1,10270.713296682907,7878.19813001624
2.0,static_12,475cc53b-e563-4217-a5dc-930581369bab,2025-06-29 22:00:00+00:00,2025-06-29 05:30:00+00:00,NO,0.07646610498428341,0.10769873941448369,0.12,553.0714374701626,553.0714374701626,251.916,447.87600000000003,251.916,251.916,901.5034482758621,1.0,0.27943986291099926,rolling_liq,1546.92,1679.44,1492.92,12.71,636.877448275862,1,10907.590744958768,10270.713296682907
2.0,static_12,01384c8c-e038-4abe-b80a-901c44d112ce,2025-07-03 23:00:00+00:00,2025-07-03 05:45:00+00:00,YES,0.14452980518341063,0.23693410685805022,0.12,1292.1901355649702,1292.1901355649702,9702.483,19265.735999999997,1292.1901355649702,1292.1901355649702,3691.9718158999153,1.0,0.35,kelly,64683.22,64683.22,64219.11999999999,58.8,2340.981680334945,1,13248.572425293714,10907.590744958768
2.0,static_12,21815dfe-7533-4983-9fc4-01b7e5798634,2025-07-03 23:30:00+00:00,2025-07-03 12:15:00+00:00,YES,0.12719794988632205,0.23999613186098498,0.12,1589.8030673752999,1589.8030673752999,256.61999999999995,508.16399999999993,256.61999999999995,256.61999999999995,546.0,1.0,0.4699999999999999,rolling_liq,1710.7999999999997,1710.7999999999997,1693.8799999999999,9.53,-266.1499999999999,0,12982.422425293715,13248.572425293714
2.0,static_12,a4d71aea-7129-4510-a0c0-686300cd53cf,2025-07-07 23:30:00+00:00,2025-07-07 12:30:00+00:00,NO,0.09287727117538447,0.13460474083389054,0.12,873.7478029763746,873.7478029763746,1168.6920000000002,2287.134,873.7478029763746,873.7478029763746,3363.0300114475945,1.0,0.2598096954241201,kelly,7623.780000000001,7791.2800000000025,7623.780000000001,45.28,-919.0278029763746,0,12063.39462231734,12982.422425293715
2.0,static_12,66b295b9-ed48-41fe-8fd7-4cca0813f9f5,2025-07-08 15:30:00+00:00,2025-07-08 04:45:00+00:00,NO,0.07585252523422237,0.10836075033460339,0.12,653.5992464283632,653.5992464283632,1159.068,2002.194,653.5992464283632,653.5992464283632,2382.4258801012975,1.0,0.27434190162531863,kelly,6795.84,7727.120000000001,6673.9800000000005,33.21,-686.8092464283633,0,11376.585375888977,12063.39462231734
2.0,static_12,cba5ede2-0a93-430c-aa0b-4c48363996d9,2025-07-09 15:00:00+00:00,2025-07-09 01:30:00+00:00,YES,0.0751177150011062,0.08077173656032925,0.12,459.4532784686994,459.4532784686994,153.12900000000002,306.25800000000004,153.12900000000002,153.12900000000002,2191.8428571428576,1.0,0.0698631288739417,rolling_liq,1020.8600000000001,1020.8600000000001,1020.8600000000001,9.98,2028.7338571428577,1,13405.319233031834,11376.585375888977
2.0,static_12,473b6ccd-bea1-4377-b656-99e755056013,2025-07-09 16:00:00+00:00,2025-07-09 02:00:00+00:00,NO,0.21722968339920046,0.28211647194701356,0.12,1890.9306836731935,1608.6383079638201,50.688,101.376,50.688,50.688,230.40000000000003,1.0,0.21999999999999997,rolling_liq,337.92,337.92,337.92,2.77,176.94200000000004,1,13582.261233031835,13405.319233031834
2.0,static_12,e3e04e5c-30b5-4cd3-bef5-9e4a16bf0e89,2025-07-10 19:00:00+00:00,2025-07-10 04:45:00+00:00,NO,0.176479022204876,0.5882634073495866,0.12,3994.973636227752,1629.8713479638202,598.044,987.9959999999999,598.044,598.044,879.4764705882352,1.0,0.68,rolling_liq,3597.1200000000003,3986.96,3293.3199999999997,13.4,268.03247058823524,1,13850.293703620071,13582.261233031835
2.0,static_12,9bb7fd31-2faf-4602-bf65-4532dd75baba,2025-07-13 22:00:00+00:00,2025-07-13 05:15:00+00:00,NO,0.0949998521804809,0.13768094518910276,0.12,953.460764130545,953.460764130545,963.1349999999999,1860.8459999999998,953.460764130545,953.460764130545,3531.336163446464,1.0,0.2699999999999999,kelly,6420.9,6420.9,6202.82,48.73,2529.145399315919,1,16379.43910293599,13850.293703620071
2.0,static_12,1dc8a33e-b81b-4a0d-91bf-0109943d729e,2025-07-13 22:00:00+00:00,2025-07-13 06:00:00+00:00,NO,0.2283735346794128,0.27850431058464975,0.12,2280.872197563221,1965.5326923523187,2480.4990000000003,4935.4980000000005,1965.5326923523187,1965.5326923523187,13062.579327201991,1.0,0.15047048849374042,portfolio,16536.660000000003,16536.660000000003,16451.660000000003,116.89,-2082.422692352319,0,14297.016410583672,16379.43910293599
2.0,static_12,333e71e9-d362-4003-836b-7d936322e7d2,2025-07-16 00:00:00+00:00,2025-07-15 06:00:00+00:00,YES,0.06468308866024008,0.07187009851137786,0.12,513.7639889237172,513.7639889237172,599.13,1198.26,513.7639889237172,513.7639889237172,5137.639889237172,1.0,0.1,kelly,3994.2,3994.2,3994.2,32.37,-546.1339889237172,0,13750.882421659955,14297.016410583672
2.0,static_12,e380b602-7a50-4ce9-99e7-63c43f11724e,2025-07-16 02:00:00+00:00,2025-07-15 13:30:00+00:00,NO,0.21980795383453366,0.4676764975202844,0.12,3215.4822643875873,1650.1058905991945,2306.781,4286.202,1650.1058905991945,1650.1058905991945,3438.8039387483213,1.0,0.47984878463289504,portfolio,14287.34,15378.54,14287.34,60.09,-1710.1958905991944,0,12040.68653106076,13750.882421659955
2.0,static_12,83fc47a0-fbb1-4f04-8af2-94e9a1fd566e,2025-07-16 17:00:00+00:00,2025-07-16 04:15:00+00:00,NO,0.1946576309204101,0.23738735478098796,0.12,1429.153362677792,1429.153362677792,75.018,150.036,75.018,75.018,455.0470588235294,1.0,0.16485767470720547,rolling_liq,500.12,500.12,500.12,4.39,-79.408,0,11961.278531060761,12040.68653106076
2.0,static_12,5e64c14b-9cf3-45d2-bd9d-f0af702d801f,2025-07-16 19:00:00+00:00,2025-07-16 07:00:00+00:00,NO,0.1349456548690796,0.207608699798584,0.12,1241.6327418811209,1241.6327418811209,4016.445,7975.212000000002,1241.6327418811209,1241.6327418811209,4059.783038326196,1.0,0.30583721596931257,kelly,26588.120000000003,26776.300000000003,26584.040000000008,60.34,-1301.9727418811208,0,10659.305789179642,11961.278531060761
2.0,static_12,1f15d85b-41ea-4e16-b597-b0e14ee9ba73,2025-07-16 23:30:00+00:00,2025-07-16 07:00:00+00:00,NO,0.10651913166046145,0.13656298930828392,0.12,727.8333312607341,727.8333312607341,2353.6380000000004,4700.795999999999,727.8333312607341,727.8333312607341,3639.16665630367,1.0,0.2,kelly,15669.32,15690.920000000002,15669.32,40.76,-768.5933312607341,0,9890.712457918908,10659.305789179642
2.0,static_12,32cb5f24-0d87-4645-a3fd-dd1e0fd1a4f6,2025-07-23 00:00:00+00:00,2025-07-22 06:00:00+00:00,NO,0.09330237627029414,0.11378338569548066,0.12,562.6993752012413,562.6993752012413,557.973,1115.946,557.973,557.973,3102.1833333333334,1.0,0.17986461148331012,rolling_liq,3719.82,3719.82,3719.82,32.04,-590.0129999999999,0,9300.699457918909,9890.712457918908
2.0,static_12,17812353-7592-47dc-9fe1-36f6bb0d8b9d,2025-07-24 02:00:00+00:00,2025-07-23 07:00:00+00:00,NO,0.17903590440750117,0.2594723252282626,0.12,1206.6370572977303,1116.083934950269,1299.231,2598.462,1116.083934950269,1116.083934950269,4393.092057501034,1.0,0.2540543016949984,portfolio,8661.54,8661.54,8661.54,58.28,3218.728122550765,1,12519.427580469674,9300.699457918909
2.0,static_12,d8bda49f-0b5d-428a-9697-070219652f4a,2025-07-25 00:30:00+00:00,2025-07-24 06:15:00+00:00,YES,0.12289219975471491,0.15755410224963448,0.12,986.2435865601065,986.2435865601065,2266.314,4532.628,986.2435865601065,986.2435865601065,5479.1310364450355,1.0,0.18000000000000002,kelly,15108.759999999998,15108.759999999998,15108.759999999998,56.62,-1042.8635865601063,0,11476.563993909567,12519.427580469674
2.0,static_12,4d8cf7bd-df70-42d4-a4fd-14a6fcb736a9,2025-07-24 23:00:00+00:00,2025-07-24 12:45:00+00:00,YES,0.11587374210357665,0.21067953109741208,0.12,1208.9385604231552,1208.9385604231552,1524.2700000000002,3045.300000000001,1208.9385604231552,1208.9385604231552,2747.587637325353,1.0,0.43999999999999995,kelly,10151.000000000004,10161.800000000001,10151.000000000004,47.4,1491.2490769021979,1,12967.813070811764,11476.563993909567
2.0,static_12,585740b6-3c8b-4746-8808-e7635a88c710,2025-07-27 20:00:00+00:00,2025-07-27 04:15:00+00:00,YES,0.09930047273635859,0.1273082983799469,0.12,825.4551078771398,825.4551078771398,66.726,19.8,19.8,19.8,90.0,1.0,0.22,cumulative_liq,444.84000000000003,444.84000000000003,66.0,1.09,-20.89,0,12946.923070811765,12967.813070811764
2.0,static_12,548df81e-2319-4153-a4df-bf65932d74be,2025-07-27 23:00:00+00:00,2025-07-27 06:00:00+00:00,NO,0.06239434003829958,0.0810316104393501,0.12,524.5550133311266,524.5550133311266,0.063,0.126,0.063,0.063,0.3,1.0,0.21000000000000002,rolling_liq,0.42,0.42,0.42,0.01,0.22699999999999998,1,12947.150070811766,12946.923070811765
2.0,static_12,d5b4c575-bc11-412e-893d-9c6ed1889586,2025-07-27 22:00:00+00:00,2025-07-27 12:30:00+00:00,YES,0.1230686521530151,0.17333612979297902,0.12,1122.1044425617029,1122.1044425617029,1257.447,2424.5879999999997,1122.1044425617029,1122.1044425617029,4268.164602080381,1.0,0.2629009298317054,kelly,8092.399999999999,8382.98,8081.96,57.9,-1180.004442561703,0,11767.145628250062,12947.150070811766
2.0,static_12,6adda940-e25a-4b97-9334-bfcbbb00d303,2025-07-28 23:00:00+00:00,2025-07-28 12:30:00+00:00,YES,0.05657753527164458,0.06816570514655974,0.12,401.0578896559616,401.0578896559616,1468.644,2668.5180000000005,401.0578896559616,401.0578896559616,2515.23681034976,1.0,0.15945134390753127,kelly,9784.500000000002,9790.960000000001,8895.060000000001,23.6,-424.65788965596164,0,11342.4877385941,11767.145628250062
2.0,static_12,7a6fecee-f650-46ac-af8f-8dfc5ff13ae2,2025-07-29 23:30:00+00:00,2025-07-29 05:45:00+00:00,NO,0.11944526433944702,0.15926035245259604,0.12,903.2042974688727,903.2042974688727,849.846,1699.692,849.846,849.846,3749.8521739130438,1.0,0.2266345339990214,rolling_liq,5665.64,5665.64,5665.64,46.01,2853.9961739130435,1,14196.483912507143,11342.4877385941
2.0,static_12,185c1d82-80ca-427a-bb34-b717e2127e2e,2025-07-30 23:00:00+00:00,2025-07-30 05:30:00+00:00,YES,0.15933475494384763,0.2655579249064127,0.12,1884.994404386334,1703.578069500857,82.04100000000001,164.08200000000002,82.04100000000001,82.04100000000001,207.75250000000003,1.0,0.39489777499669076,rolling_liq,546.94,546.94,546.94,3.48,122.23150000000001,1,14318.715412507143,14196.483912507143
2.0,static_12,c2f7980e-2390-45e9-8977-c6e6d2c1f545,2025-07-31 00:00:00+00:00,2025-07-30 07:00:00+00:00,NO,0.09089968681335447,0.12452011892240339,0.12,891.4840729907198,891.4840729907198,1487.856,2951.4060000000004,891.4840729907198,891.4840729907198,3429.1695115027687,1.0,0.2599708384203042,kelly,9916.54,9919.04,9838.020000000002,46.19,-937.6740729907199,0,13381.041339516423,14318.715412507143
2.0,static_12,e8241b1f-576e-4bcf-b7d0-79606aa78b00,2025-07-31 00:00:00+00:00,2025-07-30 15:30:00+00:00,NO,0.16516225516796124,0.434637513599898,0.12,2907.9512685924333,1605.7249607419708,3453.5009999999993,6454.8,1605.7249607419708,1605.7249607419708,2817.061334635037,1.0,0.57,portfolio,21516.0,23023.339999999997,21516.0,48.34,1162.9963738930662,1,14544.037713409489,13381.041339516423
2.0,static_12,50578d4e-21ed-488c-ac01-1008b9b70e0d,2025-07-31 23:30:00+00:00,2025-07-31 05:45:00+00:00,NO,0.1513962113857269,0.2566037481114015,0.12,1866.0272949672262,1745.2845256091387,2446.8329999999996,4893.665999999999,1745.2845256091387,1745.2845256091387,5000.92721602611,1.0,0.34899218689209305,portfolio,16312.219999999998,16312.219999999998,16312.219999999998,79.54,3176.102690416971,1,17720.14040382646,14544.037713409489
2.0,static_12,a1ca524f-e7ce-449f-ab32-66adea0ba523,2025-08-01 23:30:00+00:00,2025-08-01 05:45:00+00:00,NO,0.15966734647750846,0.3894325523841671,0.12,3450.3997530339716,2126.416848459175,345.92699999999996,691.8539999999999,345.92699999999996,345.92699999999996,591.5372881355931,1.0,0.5847932276429986,rolling_liq,2306.18,2306.18,2306.18,10.06,235.55028813559318,1,17955.690691962052,17720.14040382646
2.0,static_12,64fb0c10-3ce1-4592-a3f9-65395a9e58af,2025-08-01 23:30:00+00:00,2025-08-01 15:00:00+00:00,YES,0.10673018932342532,0.18089862597190728,0.12,1624.0798872762502,1624.0798872762502,1953.723,3875.7119999999995,1624.0798872762502,1624.0798872762502,4292.5260191480265,1.0,0.37835062152951027,kelly,13024.82,13024.82,12919.039999999999,70.68,2597.7661318717765,1,20553.45682383383,17955.690691962052
2.0,static_12,de06dc94-ceb2-41b8-bde0-f9f91c917d00,2025-08-03 22:00:00+00:00,2025-08-03 06:00:00+00:00,NO,0.07582804679870603,0.10531673166486949,0.12,1082.3114485505942,1082.3114485505942,495.339,854.85,495.339,495.339,2016.9560000000001,1.0,0.24558740993854103,rolling_liq,2887.5800000000004,3302.26,2849.5,26.16,-521.499,0,20031.95782383383,20553.45682383383
2.0,static_12,1dffe97b-d132-4697-af9f-8b08902da90d,2025-08-03 22:00:00+00:00,2025-08-03 06:00:00+00:00,YES,0.05085827469825738,0.05913752871890393,0.12,592.3202405514227,592.3202405514227,650.604,1226.07,592.3202405514227,592.3202405514227,4744.617235010944,1.0,0.12484046893828232,kelly,4124.6,4337.360000000001,4086.9,36.29,-628.6102405514226,0,19403.347583282408,20031.95782383383
2.0,static_12,cd325282-98cc-46dd-a9f0-e2d5d887b51f,2025-08-06 00:00:00+00:00,2025-08-05 07:00:00+00:00,YES,0.09239223599433899,0.12318964799245198,0.12,1195.1457793298769,1195.1457793298769,68.71499999999999,131.73,68.71499999999999,68.71499999999999,286.31249999999994,1.0,0.24000000000000002,rolling_liq,458.09999999999997,458.09999999999997,439.09999999999997,3.66,213.93749999999997,1,19617.285083282408,19403.347583282408
2.0,static_12,6a9e0ff7-c5b4-4a72-b217-41dc4a8caa4f,2025-08-06 02:00:00+00:00,2025-08-05 07:00:00+00:00,NO,0.3618546456098557,0.6579175374724648,0.12,6453.277946944239,2354.074209993889,27.974999999999998,55.949999999999996,27.974999999999998,27.974999999999998,63.715909090909086,1.0,0.43905831995719635,rolling_liq,186.5,186.5,186.5,1.1,34.64090909090908,1,19651.925992373315,19617.285083282408
2.0,static_12,d300ee86-e2e0-4bf4-9247-1d7a3a859e07,2025-08-06 02:00:00+00:00,2025-08-05 07:00:00+00:00,NO,0.08956348419189453,0.10294653355390175,0.12,1011.5488292863267,1011.5488292863267,111.021,222.042,111.021,111.021,1062.190909090909,1.0,0.10452075898015253,rolling_liq,740.14,740.14,740.14,6.96,-117.981,0,19533.944992373315,19651.925992373315
2.0,static_12,0934f4d6-98dc-4543-b6bd-c04adfa95bf2,2025-08-08 02:00:00+00:00,2025-08-07 07:00:00+00:00,NO,0.14108287811279296,0.2275530292141822,0.12,2222.5041777588763,2222.5041777588763,604.338,1208.676,604.338,604.338,1678.7166666666667,1.0,0.36,rolling_liq,4028.9199999999996,4028.9199999999996,4028.9199999999996,27.08,-631.418,0,18902.526992373314,19533.944992373315
2.0,static_12,042c5181-7425-497a-8593-922c0cccfc16,2025-08-08 02:00:00+00:00,2025-08-07 07:00:00+00:00,NO,0.10052478075027471,0.12410466759293173,0.12,1172.945914527455,1172.945914527455,356.397,712.794,356.397,356.397,2096.45294117647,1.0,0.17000000000000004,rolling_liq,2375.98,2375.98,2375.98,20.71,-377.10699999999997,0,18525.419992373314,18902.526992373314
2.0,static_12,25596e43-21b0-4411-b093-a5ca0b6480d6,2025-08-09 02:00:00+00:00,2025-08-08 07:30:00+00:00,YES,0.13616769552230834,0.2778932561679762,0.12,2574.0446417799726,2223.0503990847974,682.281,1359.564,682.281,682.281,1392.4102040816329,1.0,0.4899999999999999,rolling_liq,4548.54,4548.54,4531.88,24.36,685.7692040816329,1,19211.189196454947,18525.419992373314
2.0,static_12,3a283716-466b-440c-a344-5994da2e16aa,2025-08-10 00:30:00+00:00,2025-08-09 13:15:00+00:00,YES,0.124353095293045,0.1943017113953828,0.12,1866.3834694058426,1866.3834694058426,6790.163999999999,13244.663999999999,1866.3834694058426,1866.3834694058426,5427.667055445264,1.0,0.34386476737430094,kelly,45267.759999999995,45267.759999999995,44148.88,85.73,3475.5535860394216,1,22686.74278249437,19211.189196454947
2.0,static_12,2de72b4c-3c39-42c4-8321-18efac227563,2025-08-10 16:30:00+00:00,2025-08-10 02:30:00+00:00,NO,0.28335612535476684,0.4570260086367207,0.12,5184.215751425667,2722.4091338993244,849.3959999999998,1681.4759999999999,849.3959999999998,849.3959999999998,2295.6648648648643,1.0,0.37000000000000005,rolling_liq,5662.639999999999,5662.639999999999,5604.92,37.46,1408.8088648648645,1,24095.551647359236,22686.74278249437
2.0,static_12,56ef45bc-fa3c-47bb-926c-8b9f8433bdb6,2025-08-10 20:00:00+00:00,2025-08-10 04:30:00+00:00,NO,0.146348443031311,0.24804820852764578,0.12,2988.429209806411,2891.466197683108,3073.0499999999997,6145.398,2891.466197683108,2891.466197683108,7359.01549420777,1.0,0.39291481312397847,portfolio,20487.0,20487.0,20484.66,122.88,4344.669296524661,1,28440.220943883898,24095.551647359236
2.0,static_12,2eb1473f-e48b-4a13-bb64-bb3604b03c6d,2025-08-10 22:00:00+00:00,2025-08-10 12:00:00+00:00,NO,0.13645145893096922,0.22741909821828205,0.12,3233.924700093387,3233.924700093387,6182.663999999999,12364.625999999998,3233.924700093387,3233.924700093387,9059.124166926074,1.0,0.3569798404905533,kelly,41215.42,41217.759999999995,41215.42,145.57,5679.629466832688,1,34119.850410716586,28440.220943883898
2.0,static_12,4b134f76-aff1-49fb-b585-3e9073eb44c2,2025-08-14 02:00:00+00:00,2025-08-13 08:00:00+00:00,NO,0.21488385438919066,0.4385384783452871,0.12,7481.433640242235,4094.3820492859904,2507.1929999999998,5002.986,2507.1929999999998,2507.1929999999998,5991.221428571427,1.0,0.41847777283668613,rolling_liq,16676.62,16714.62,16676.62,102.06,3381.9684285714275,1,37501.81883928801,34119.850410716586
2.0,static_12,74f4d3c6-f105-49b3-bb25-ee57ac47d235,2025-08-13 23:30:00+00:00,2025-08-13 11:45:00+00:00,NO,0.12422191977500918,0.2343809807075645,0.12,4394.856538934871,4394.856538934871,2871.7530000000006,3752.8679999999995,2871.7530000000006,2871.7530000000006,6381.673333333335,1.0,0.44999999999999996,rolling_liq,12509.56,19145.020000000004,12509.56,110.57,3399.350333333334,1,40901.16917262135,37501.81883928801
2.0,static_12,fdec04dc-4b3e-4713-8640-3988c3e4f01f,2025-08-16 02:00:00+00:00,2025-08-15 07:15:00+00:00,NO,0.13219804048538208,0.20983815950060647,0.12,4291.313030302903,4291.313030302903,187.08599999999998,374.17199999999997,187.08599999999998,187.08599999999998,519.6833333333333,1.0,0.36,rolling_liq,1247.24,1247.24,1247.24,8.39,324.2073333333333,1,41225.37650595468,40901.16917262135
2.0,static_12,f69e50f9-fa32-4c94-9a1b-f8a270e47e4c,2025-08-16 02:00:00+00:00,2025-08-15 16:45:00+00:00,YES,0.15301872491836543,0.340041610929701,0.12,7009.171719134139,4947.045180714561,1393.776,2787.552,1393.776,1393.776,2584.3999999999996,1.0,0.5393035133880205,rolling_liq,9291.84,9291.84,9291.84,44.95,-1438.726,0,39786.650505954676,41225.37650595468
2.0,static_12,673f7bf8-4cb2-4836-9dec-4131b50da342,2025-08-16 18:00:00+00:00,2025-08-16 03:15:00+00:00,YES,0.29983103513717646,0.6814341707663102,0.12,13555.99159754711,4774.398060714561,4528.173,9056.346,4528.173,4528.173,8481.172222222223,1.0,0.5339088608689443,rolling_liq,30187.82,30187.82,30187.82,147.74,3805.259222222224,1,43591.9097281769,39786.650505954676
2.0,static_12,3495c00d-950e-4e49-87e6-3a022d1d9c1b,2025-08-17 19:00:00+00:00,2025-08-17 03:45:00+00:00,YES,0.1182247066497803,0.20038085872844116,0.12,4367.492152472388,4367.492152472388,472.3379999999999,941.232,472.3379999999999,472.3379999999999,1165.751219512195,1.0,0.4051790743119688,rolling_liq,3148.9199999999996,3148.9199999999996,3137.44,19.67,673.743219512195,1,44265.652947689094,43591.9097281769
2.0,static_12,b233aa62-25a1-489f-9f1a-ad31d9a6a7c2,2025-08-17 22:00:00+00:00,2025-08-17 10:45:00+00:00,NO,0.13120973110198975,0.2624194622039795,0.12,5808.084420320286,5311.878353722691,2070.216,4135.139999999999,2070.216,2070.216,4600.4800000000005,1.0,0.44999999999999996,rolling_liq,13801.44,13801.44,13783.8,79.71,2450.5540000000005,1,46716.2069476891,44265.652947689094
2.0,static_12,b6df91b4-c8f5-45f8-bebf-c6845d61912b,2025-08-19 23:00:00+00:00,2025-08-19 05:30:00+00:00,NO,0.2621755397319794,0.5140696857489792,0.12,12007.692912491406,5605.944833722691,1960.065,3920.13,1960.065,1960.065,4688.154761904762,1.0,0.418088800294562,rolling_liq,13067.1,13067.1,13067.1,79.85,-2039.915,0,44676.2919476891,46716.2069476891
2.0,static_12,2cc91c72-9797-403a-adc1-51f134d84117,2025-08-20 02:00:00+00:00,2025-08-19 07:00:00+00:00,YES,0.09672302126884458,0.13433752954006192,0.12,3000.8513446315574,3000.8513446315574,150.95700000000002,301.91400000000004,150.95700000000002,150.95700000000002,574.1370370370371,1.0,0.26292851751743357,rolling_liq,1006.3800000000001,1006.3800000000001,1006.3800000000001,7.79,-158.747,0,44517.54494768909,44676.2919476891
2.0,static_12,a1382913-f5c5-4721-9dee-4195779e9b68,2025-08-23 20:00:00+00:00,2025-08-23 04:00:00+00:00,NO,0.19466778397560125,0.34762104281357364,0.12,7737.61769910791,5342.105393722691,650.25,1300.5,650.25,650.25,1548.2142857142858,1.0,0.42,rolling_liq,4335.0,4335.0,4335.0,26.41,871.5542857142858,1,45389.09923340338,44517.54494768909
2.0,static_12,bb8576ec-3270-4ee6-9d85-f37e6e502af7,2025-08-24 19:00:00+00:00,2025-08-24 03:45:00+00:00,YES,0.1296231734752655,0.16618355573751986,0.12,3771.460951165055,3771.460951165055,543.273,1029.1260000000002,543.273,543.273,2546.6045454545456,1.0,0.21333229808675724,rolling_liq,3621.82,3621.82,3430.4200000000005,29.92,-573.193,0,44815.90623340338,45389.09923340338
2.0,static_12,0962940f-0261-4fce-b716-3a16393d43b7,2025-08-24 20:00:00+00:00,2025-08-24 05:45:00+00:00,NO,0.17109873175621026,0.39790402734002395,0.12,8916.214789582044,5377.908748008405,1808.4599999999998,3431.1720000000005,1808.4599999999998,1808.4599999999998,3552.313725490196,1.0,0.5090935485295416,rolling_liq,11437.240000000002,12056.4,11437.240000000002,62.15,1681.703725490196,1,46497.609958893576,44815.90623340338
2.0,static_12,ab22cb38-adf5-49e7-8d94-af37949f1527,2025-08-26 23:00:00+00:00,2025-08-26 06:00:00+00:00,YES,0.11368976593017577,0.18637666545930454,0.12,4333.034747982967,4333.034747982967,970.1759999999998,1921.6319999999998,970.1759999999998,970.1759999999998,2565.673684210526,1.0,0.37813694156454236,rolling_liq,6405.44,6467.839999999999,6405.44,42.24,1553.2576842105261,1,48050.8676431041,46497.609958893576
2.0,static_12,467aedcd-fa42-4992-9a69-fce47d1ece15,2025-08-28 00:00:00+00:00,2025-08-27 16:00:00+00:00,NO,0.15859810590744017,0.33041272064050037,0.12,7938.308953547307,5766.104117172492,1543.203,2728.23,1543.203,1543.203,3036.045098039215,1.0,0.5082938329857665,rolling_liq,10288.02,10288.02,9094.1,53.12,1439.7220980392153,1,49490.58974114332,48050.8676431041
2.0,static_12,6d17df9c-9585-4b14-b1ab-7334c0443b45,2025-08-30 02:00:00+00:00,2025-08-29 07:15:00+00:00,NO,0.14991149187088015,0.28285187145449087,0.12,6999.252963834407,5938.870768937198,1827.945,3647.52,1827.945,1827.945,4248.465909090909,1.0,0.43026001364128763,rolling_liq,12186.3,12186.3,12158.4,72.91,2347.6109090909094,1,51838.20065023423,49490.58974114332
2.0,static_12,eef5e74b-cdc8-45c9-b34e-c80089a44b6d,2025-09-01 00:00:00+00:00,2025-08-31 06:00:00+00:00,NO,0.12026148080825805,0.1625155146057541,0.12,4212.2559274545765,4212.2559274545765,717.4290000000001,1434.8580000000002,717.4290000000001,717.4290000000001,3354.13181818182,1.0,0.21389409805274082,rolling_liq,4782.860000000001,4782.860000000001,4782.860000000001,39.48,-756.9090000000001,0,51081.29165023423,51838.20065023423
2.0,static_12,2f5baf0d-dd06-464d-95dd-177924f443c9,2025-09-04 00:00:00+00:00,2025-09-03 06:00:00+00:00,NO,0.20699598312377931,0.3980691983149602,0.12,10166.944408050704,6129.754998028107,748.1460000000001,1496.2920000000001,748.1460000000001,748.1460000000001,1667.4355555555555,1.0,0.44868060867919607,rolling_liq,4987.64,4987.64,4987.64,28.88,-777.0260000000001,0,50304.26565023423,51081.29165023423
2.0,static_12,b69d86fb-d73a-4b99-bec9-88e73e7ce25b,2025-09-05 02:00:00+00:00,2025-09-04 12:45:00+00:00,NO,0.05718323230743405,0.06807527655646911,0.12,1712.2383980548923,1712.2383980548923,211.02899999999997,417.28800000000007,211.02899999999997,211.02899999999997,1507.3499999999997,1.0,0.14,rolling_liq,1390.9600000000003,1406.86,1390.9600000000003,12.71,-223.73899999999998,0,50080.52665023423,50304.26565023423
2.0,static_12,f9c188c7-35cd-436c-8d11-7f1b0131ba33,2025-09-05 23:30:00+00:00,2025-09-05 10:30:00+00:00,NO,0.06474714040756224,0.07528737256693284,0.12,1885.2156341321966,1885.2156341321966,339.585,670.854,339.585,339.585,2612.192307692307,1.0,0.13,rolling_liq,2236.1800000000003,2263.9,2236.1800000000003,20.69,-360.275,0,49720.251650234226,50080.52665023423
2.0,static_12,e9ff9be0-15cb-4e16-86a5-89be878b6745,2025-09-10 02:00:00+00:00,2025-09-09 07:00:00+00:00,NO,0.2139049685001373,0.30127460352132013,0.12,7489.724551452289,5966.430198028107,1800.825,3601.65,1800.825,1800.825,6859.574074074075,1.0,0.2625272328213878,rolling_liq,12005.5,12005.5,12005.5,92.97,-1893.795,0,47826.45665023423,49720.251650234226
2.0,static_12,31d89653-50a1-4688-b507-15c8e12dad33,2025-09-09 23:30:00+00:00,2025-09-09 12:30:00+00:00,NO,0.16207829356193537,0.3683597580953077,0.12,8808.671001118,5739.174798028107,1661.1899999999998,3286.8120000000004,1661.1899999999998,1661.1899999999998,3133.796296296296,1.0,0.5300886984783572,rolling_liq,10956.04,11074.599999999999,10956.04,54.65,-1715.84,0,46110.61665023423,47826.45665023423
2.0,static_12,93a98ff0-ed90-4c11-8f56-dfd70e55ed58,2025-09-12 00:00:00+00:00,2025-09-11 07:00:00+00:00,NO,0.1892402425408365,0.6308008084694549,0.12,14543.307130996429,5533.273998028108,545.6610000000001,1035.882,545.6610000000001,545.6610000000001,819.0164179104479,1.0,0.6662393916255573,rolling_liq,3637.7400000000002,3637.7400000000002,3452.9400000000005,12.75,-558.4110000000001,0,45552.20565023423,46110.61665023423
2.0,static_12,2fb00c07-3995-4420-aa53-e0b95160a91a,2025-09-18 02:00:00+00:00,2025-09-17 16:15:00+00:00,YES,0.07049068570137018,0.08702553790292615,0.12,1982.1025996881729,1982.1025996881729,1287.825,2557.9799999999996,1287.825,1287.825,8093.15625,1.0,0.1591251867897645,rolling_liq,8538.380000000001,8585.5,8526.599999999999,75.81,-1363.635,0,44188.57065023423,45552.20565023423
2.0,static_12,30981dda-706d-44fc-9eb4-b6f8c5a3e874,2025-09-24 01:30:00+00:00,2025-09-22 23:30:00+00:00,NO,0.11262015342712406,0.14255715623686588,0.12,3149.6984850346134,3149.6984850346134,751.8599999999999,1502.3999999999999,751.8599999999999,751.8599999999999,3759.3,1.0,0.19999999999999996,rolling_liq,5012.4,5012.4,5008.0,42.11,-793.9699999999999,0,43394.60065023423,44188.57065023423
2.0,static_12,fb31c505-de82-4d70-a8a2-a91dbaacd1ee,2025-09-29 00:00:00+00:00,2025-09-28 02:30:00+00:00,NO,0.18119778752326965,0.29225449600527365,0.12,6341.133571192162,5207.352078028107,6091.400999999999,12179.561999999998,5207.352078028107,5207.352078028107,14880.091651508877,1.0,0.34995430135674394,portfolio,40598.53999999999,40609.34,40598.53999999999,236.96,-5444.312078028107,0,37950.28857220612,43394.60065023423
2.0,static_12,fc11987d-5051-4621-94f9-17a356691802,2025-10-01 01:30:00+00:00,2025-09-30 01:15:00+00:00,NO,0.06506288051605225,0.08675050735473633,0.12,1646.1033939487666,1646.1033939487666,4034.3160000000003,7766.3820000000005,1646.1033939487666,1646.1033939487666,7482.288154312576,1.0,0.21999999999999997,kelly,26888.94,26895.440000000002,25887.940000000002,89.88,-1735.9833939487667,0,36214.30517825735,37950.28857220612
2.0,static_12,4a8a3c5a-81ad-462c-b4cb-3300d1eea8c3,2025-10-09 00:00:00+00:00,2025-10-07 11:00:00+00:00,NO,0.16387164235115048,0.2777485463578822,0.12,5029.2353103108535,4345.716621390882,16264.304999999998,32528.609999999997,4345.716621390882,4345.716621390882,11857.288165921304,1.0,0.3665017296181418,portfolio,108428.7,108428.7,108428.7,192.72,7318.851544530421,1,43533.156722787775,36214.30517825735
2.0,static_15,d1bd5e4c-1d9e-47c6-b24e-52544a1a2c13,2025-05-22 23:30:00+00:00,2025-05-22 13:00:00+00:00,YES,0.18705255270004273,0.2969088138095916,0.15,742.2720345239791,742.2720345239791,319.01999999999987,622.464,319.01999999999987,319.01999999999987,916.8571428571425,1.0,0.3479495169834839,rolling_liq,2074.88,2126.7999999999993,2074.88,14.57,-333.58999999999986,0,4666.41,5000.0
2.0,static_15,b8786c5b-6a05-49e0-9ba2-0bc7db3e8a60,2025-05-24 02:00:00+00:00,2025-05-23 12:30:00+00:00,NO,0.08980293750762935,0.10819631025015586,0.15,252.4441720572149,252.4441720572149,262.371,524.742,252.4441720572149,252.4441720572149,2688.841720572149,1.0,0.09388584315907528,kelly,1749.1399999999999,1749.1399999999999,1749.1399999999999,16.02,-268.4641720572149,0,4397.945827942785,4666.41
2.0,static_15,a35a38a3-fdb6-40a3-86f1-842d77ac32bf,2025-05-24 02:00:00+00:00,2025-05-23 12:30:00+00:00,NO,0.32377356052398687,0.3997204450913418,0.15,878.9744319164499,659.6918741914178,76.182,152.364,76.182,76.182,476.1375,1.0,0.16,rolling_liq,507.88,507.88,507.88,4.48,395.47549999999995,1,4793.421327942785,4397.945827942785
2.0,static_15,92c4a40c-74f4-4a28-be37-18237fca81a5,2025-05-23 23:30:00+00:00,2025-05-23 12:30:00+00:00,NO,0.09931676149368285,0.11548460638800331,0.15,276.78318765466634,276.78318765466634,115.66499999999999,231.32999999999998,115.66499999999999,115.66499999999999,1445.8124999999998,1.0,0.08,rolling_liq,771.1,771.1,771.1,7.45,-123.115,0,4670.306327942785,4793.421327942785
2.0,static_15,10582ee6-a493-4e18-9878-6203b5e8065d,2025-05-24 02:00:00+00:00,2025-05-23 12:30:00+00:00,NO,0.08664486169815067,0.13128009348204644,0.15,306.55912566106093,306.55912566106093,304.98599999999993,609.9719999999999,304.98599999999993,304.98599999999993,1017.4866666666665,1.0,0.29974446839598223,rolling_liq,2033.2399999999998,2033.2399999999998,2033.2399999999998,14.95,-319.9359999999999,0,4350.3703279427855,4670.306327942785
2.0,static_15,b0d98920-a05f-481d-9dea-7046f3e6fc33,2025-05-25 19:00:00+00:00,2025-05-25 05:00:00+00:00,NO,0.19932658433914185,0.26227182149887085,0.15,570.4897750520972,570.4897750520972,293.538,587.076,293.538,293.538,1467.69,1.0,0.2,rolling_liq,1956.9200000000003,1956.9200000000003,1956.9200000000003,16.44,-309.978,0,4040.3923279427854,4350.3703279427855
2.0,static_15,bbd4ae77-444a-4dfe-ad87-70233844aa1d,2025-05-25 22:00:00+00:00,2025-05-25 14:00:00+00:00,NO,0.1071816420555115,0.1623964273568356,0.15,328.0726395889382,328.0726395889382,109.82999999999998,219.65999999999997,109.82999999999998,109.82999999999998,340.030303030303,1.0,0.32300062383031813,rolling_liq,732.1999999999999,732.1999999999999,732.1999999999999,5.21,-115.03999999999998,0,3925.3523279427855,4040.3923279427854
2.0,static_15,5f3d74e1-8cdd-4616-aedf-f1e90dc75db0,2025-05-27 23:00:00+00:00,2025-05-27 05:45:00+00:00,NO,0.0740113401412964,0.08315880914752405,0.15,163.21381253809167,163.21381253809167,136.85399999999998,273.70799999999997,136.85399999999998,136.85399999999998,1968.4857142857138,1.0,0.06952247557948824,rolling_liq,912.36,912.36,912.36,8.92,-145.77399999999997,0,3779.5783279427856,3925.3523279427855
2.0,static_15,8a594783-4b88-43cd-b381-a8660e3a0766,2025-05-27 23:00:00+00:00,2025-05-27 13:00:00+00:00,YES,0.3129020285606384,0.5046806912268361,0.15,953.7401015460673,566.9367491914178,483.93899999999996,956.4779999999998,483.93899999999996,483.93899999999996,1307.9432432432432,1.0,0.37,rolling_liq,3188.2599999999998,3226.2599999999998,3188.2599999999998,21.35,-505.289,0,3274.2893279427853,3779.5783279427856
2.0,static_15,ee675eed-ef15-494e-a8f4-e0202373e26c,2025-05-28 00:00:00+00:00,2025-05-27 13:00:00+00:00,NO,0.08173902988433834,0.11512539420329344,0.15,188.47692480752497,188.47692480752497,100.11299999999999,200.22599999999997,100.11299999999999,100.11299999999999,400.45199999999994,1.0,0.25,rolling_liq,667.42,667.42,667.42,5.26,-105.37299999999999,0,3168.9163279427853,3274.2893279427853
2.0,static_15,a17fdde4-604b-4197-8c9a-97dc9b78c44e,2025-05-29 23:00:00+00:00,2025-05-29 13:00:00+00:00,NO,0.09309141159057621,0.10118631694627848,0.15,160.32548596772781,160.32548596772781,31.056,62.112,31.056,31.056,453.9428571428571,1.0,0.06841389728096678,rolling_liq,207.04000000000002,207.04000000000002,207.04000000000002,2.03,-33.086,0,3135.8303279427855,3168.9163279427853
2.0,static_15,1d299098-034f-480d-af99-bcebd640859e,2025-05-30 23:30:00+00:00,2025-05-30 12:15:00+00:00,NO,0.07657644748687742,0.0900899382198558,0.15,141.25338025615784,141.25338025615784,90.71400000000001,107.11200000000002,90.71400000000001,90.71400000000001,713.3384615384616,1.0,0.1271682446567602,rolling_liq,604.7600000000001,604.7600000000001,357.0400000000001,5.55,617.0744615384616,1,3752.904789481247,3135.8303279427855
2.0,static_15,c9d9dbf0-f3e6-4f3f-b2a5-e83fe165023d,2025-06-01 22:00:00+00:00,2025-06-01 05:15:00+00:00,NO,0.14538862824440002,0.23449778749096778,0.15,440.0239348988043,440.0239348988043,485.05799999999994,968.6039999999999,440.0239348988043,440.0239348988043,1257.2112425680125,1.0,0.35,kelly,3233.72,3233.72,3228.68,20.03,797.1573076692082,1,4550.062097150455,3752.904789481247
2.0,static_15,9998a61a-229c-44c2-b892-ee5b1ea16c23,2025-06-02 00:30:00+00:00,2025-06-01 12:15:00+00:00,YES,0.0670652312040329,0.08178686732199134,0.15,186.06766252323297,186.06766252323297,895.032,1784.0159999999998,186.06766252323297,186.06766252323297,1332.9118751659496,1.0,0.13959487194160322,kelly,5966.88,5966.88,5946.719999999999,11.21,-197.27766252323298,0,4352.784434627222,4550.062097150455
2.0,static_15,272d53ae-a46b-43bc-ac0f-8a846e03a9d1,2025-06-04 00:00:00+00:00,2025-06-03 12:30:00+00:00,NO,0.12299813508987423,0.14819052420466775,0.15,322.5207035586632,322.5207035586632,216.83100000000002,424.932,216.83100000000002,216.83100000000002,1680.2384615384617,1.0,0.12904775421071185,rolling_liq,1416.44,1445.5400000000002,1416.44,13.22,-230.05100000000002,0,4122.733434627222,4352.784434627222
2.0,static_15,f8baaf5b-f1fa-4923-9eec-e85ed7a82142,2025-06-05 23:30:00+00:00,2025-06-05 06:15:00+00:00,YES,0.0730656540393829,0.08496006283649174,0.15,175.1338458320171,175.1338458320171,167.32800000000003,334.65600000000006,167.32800000000003,167.32800000000003,1414.5666666666668,1.0,0.11828922873907205,rolling_liq,1115.5200000000002,1115.5200000000002,1115.5200000000002,10.33,-177.65800000000004,0,3945.075434627222,4122.733434627222
2.0,static_15,45eb60bf-a1b9-4f49-90cb-62097ff47bbd,2025-06-06 02:00:00+00:00,2025-06-05 13:00:00+00:00,NO,0.1447575712203979,0.20979358147883756,0.15,413.8257523173133,413.8257523173133,798.012,1573.5239999999997,413.8257523173133,413.8257523173133,1455.3301804045284,1.0,0.28435179719992126,kelly,5245.079999999999,5320.08,5245.079999999999,20.74,-434.5657523173133,0,3510.509682309909,3945.075434627222
2.0,static_15,772cef5b-3110-4eaf-a68b-6eb3cd04f42a,2025-06-06 23:30:00+00:00,2025-06-06 12:15:00+00:00,YES,0.1407347512245178,0.18277240418768548,0.15,320.812147279965,320.812147279965,662.31,1324.62,320.812147279965,320.812147279965,1782.2897071109169,1.0,0.18,kelly,4415.4,4415.4,4415.4,18.42,1443.0575598309517,1,4953.567242140861,3510.509682309909
2.0,static_15,8b0ee0bd-54cf-4be2-a8ba-b16813be20b6,2025-06-07 19:00:00+00:00,2025-06-07 04:30:00+00:00,YES,0.1381078326702118,0.1644140865121569,0.15,407.21811654656693,407.21811654656693,532.4009999999998,892.8660000000001,407.21811654656693,407.21811654656693,2859.720776977113,1.0,0.14239785919834438,kelly,3523.42,3549.3399999999992,2976.2200000000003,24.45,2428.0526604305464,1,7381.619902571407,4953.567242140861
2.0,static_15,639e72ff-50dd-401b-a2a8-dd49fdd02b89,2025-06-08 02:00:00+00:00,2025-06-07 12:15:00+00:00,YES,0.13786698698997496,0.20577162237309699,0.15,759.4639515468302,759.4639515468302,465.7649999999999,918.09,465.7649999999999,465.7649999999999,1455.5156249999995,1.0,0.32,rolling_liq,3105.0999999999995,3105.0999999999995,3060.3,22.18,-487.9449999999999,0,6893.674902571407,7381.619902571407
2.0,static_15,5e1d090c-1c51-494b-8c1f-1f1ba520ee2a,2025-06-10 02:00:00+00:00,2025-06-09 12:30:00+00:00,NO,0.24757077574729924,0.3640746702166165,0.15,1254.9062083671254,1034.051235385711,926.196,1846.2720000000002,926.196,926.196,3307.8428571428576,1.0,0.27999999999999997,rolling_liq,6174.64,6174.64,6154.240000000001,46.69,2334.9568571428576,1,9228.631759714264,6893.674902571407
2.0,static_15,4a60d4ef-8d10-4f25-bab6-346332242fd5,2025-06-10 23:30:00+00:00,2025-06-10 12:15:00+00:00,NO,0.12558921575546267,0.19321417808532718,0.15,891.5512501526691,891.5512501526691,531.51,1040.496,531.51,531.51,1610.6363636363635,1.0,0.33,rolling_liq,3543.4,3543.4,3468.32,24.93,-556.4399999999999,0,8672.191759714264,9228.631759714264
2.0,static_15,84da0d09-cdf5-46a5-89eb-d489373ed8ed,2025-06-12 02:00:00+00:00,2025-06-11 13:30:00+00:00,NO,0.11724735021591182,0.1429845734340388,0.15,619.9948197504652,619.9948197504652,3.717,6.005999999999999,3.717,3.717,21.86470588235294,1.0,0.17,rolling_liq,20.02,24.78,20.02,0.22,17.927705882352942,1,8690.119465596617,8672.191759714264
2.0,static_15,c95f06b7-8138-460b-bc1d-e9c9478156eb,2025-06-13 23:30:00+00:00,2025-06-13 06:00:00+00:00,NO,0.07324323654174802,0.08616851357852709,0.15,374.4073385851423,374.4073385851423,501.39000000000004,998.4959999999999,374.4073385851423,374.4073385851423,3120.0611548761863,1.0,0.12,kelly,3342.6000000000004,3342.6000000000004,3328.3199999999997,23.07,-397.4773385851423,0,8292.642127011475,8690.119465596617
2.0,static_15,ee13e918-b149-4c1e-8ae9-03cf0618c5d9,2025-06-15 00:30:00+00:00,2025-06-14 06:30:00+00:00,YES,0.22761168122291559,0.30758335300393996,0.15,1275.3393353439571,1243.8963190517213,3793.9410000000003,7587.8820000000005,1243.8963190517213,1243.8963190517213,6221.981595258608,1.0,0.19991963974943588,portfolio,25292.940000000002,25292.940000000002,25292.940000000002,69.67,4908.415276206886,1,13201.057403218361,8292.642127011475
2.0,static_15,7162ed3d-7135-4801-b3a8-ba85cbcaa7ea,2025-06-15 22:00:00+00:00,2025-06-15 05:30:00+00:00,YES,0.2125312566757202,0.38642046668312763,0.15,2550.579381231198,1980.158610482754,2035.989,4071.978,1980.158610482754,1980.158610482754,5546.385029118762,1.0,0.3570178774258973,portfolio,13573.26,13573.26,13573.26,89.13,-2069.288610482754,0,11131.768792735607,13201.057403218361
2.0,static_15,acf4a696-dabb-4821-9d7a-7417121d43a8,2025-06-17 23:00:00+00:00,2025-06-17 05:45:00+00:00,NO,0.10341833353042607,0.1124112320982892,0.15,625.6679227123475,625.6679227123475,210.97800000000004,419.814,210.97800000000004,210.97800000000004,3014.8285714285716,1.0,0.06998009837090952,rolling_liq,1406.5200000000002,1406.5200000000002,1399.38,13.74,-224.71800000000005,0,10907.050792735607,11131.768792735607
2.0,static_15,f992552a-94d9-40c8-aa4b-fa5c7bf321fd,2025-06-18 00:00:00+00:00,2025-06-17 06:15:00+00:00,NO,0.2464600276947021,0.4323860134994774,0.15,2358.028105653632,1636.057618910341,2640.9149999999995,5281.829999999999,1636.057618910341,1636.057618910341,4059.7502900252207,1.0,0.4029946430277063,portfolio,17606.1,17606.1,17606.1,68.38,-1704.437618910341,0,9202.613173825266,10907.050792735607
2.0,static_15,326d833a-4a17-4fec-882e-c3699065a0ed,2025-06-18 00:00:00+00:00,2025-06-17 07:00:00+00:00,NO,0.11250839233398435,0.13236281451056983,0.15,609.04189026978,609.04189026978,74.09400000000001,148.18800000000002,74.09400000000001,74.09400000000001,617.9500000000002,1.0,0.11990290476575773,rolling_liq,493.96000000000004,493.96000000000004,493.96000000000004,4.57,-78.66400000000002,0,9123.949173825265,9202.613173825266
2.0,static_15,4f5eef0b-7151-49c4-bc34-46d08d1e5ca1,2025-06-18 02:00:00+00:00,2025-06-17 12:30:00+00:00,YES,0.15919422030448907,0.20674574065518062,0.15,943.1688148213639,943.1688148213639,253.35299999999998,435.228,253.35299999999998,253.35299999999998,1101.9695652173912,1.0,0.22990925339214766,rolling_liq,1672.46,1689.02,1450.76,13.66,-267.013,0,8856.936173825265,9123.949173825265
2.0,static_15,42f7582e-79b3-4a78-88ba-0245ebd00b6b,2025-06-18 23:00:00+00:00,2025-06-18 06:15:00+00:00,YES,0.2191847121715545,0.2548659443855285,0.15,1128.6657011521627,1128.6657011521627,1855.4759999999999,3699.36,1128.6657011521627,1128.6657011521627,11286.657011521625,1.0,0.1,kelly,12368.16,12369.84,12331.2,71.11,-1199.7757011521626,0,7657.160472673102,8856.936173825265
2.0,static_15,57909126-867a-49a0-bc68-8c65ff35b9dd,2025-06-20 02:00:00+00:00,2025-06-19 13:45:00+00:00,YES,0.23086082577705377,0.2748343164012545,0.15,1052.2252320409093,1052.2252320409093,94.536,188.97599999999997,94.536,94.536,607.85,1.0,0.1555252118121247,rolling_liq,629.92,630.24,629.92,5.59,507.7240000000001,1,8164.884472673102,7657.160472673102
2.0,static_15,5cc2b6cf-49a3-4f54-a14e-88d92bf3ac7a,2025-06-20 23:30:00+00:00,2025-06-20 06:00:00+00:00,YES,0.19484763860702514,0.31427038485004055,0.15,1282.9906927415482,1224.7326709009653,819.9749999999998,1639.9499999999996,819.9749999999998,819.9749999999998,2345.8142857142852,1.0,0.3495481313220508,rolling_liq,5466.499999999999,5466.499999999999,5466.499999999999,37.34,-857.3149999999998,0,7307.569472673103,8164.884472673102
2.0,static_15,36996288-3356-4ce9-b751-b31f6890cd69,2025-06-22 19:00:00+00:00,2025-06-22 07:15:00+00:00,YES,0.12237302303314207,0.22661670932063344,0.15,828.0086735145476,828.0086735145476,57.27000000000001,111.78,57.27000000000001,57.27000000000001,124.50000000000001,1.0,0.46,rolling_liq,372.6,381.80000000000007,372.6,2.17,65.06,1,7372.629472673103,7307.569472673103
2.0,static_15,4bfeb202-768f-487c-a416-9c9a314242a6,2025-06-25 00:00:00+00:00,2025-06-24 06:15:00+00:00,YES,0.08991959929466248,0.13031825984733694,0.15,480.3941216889741,480.3941216889741,1.395,2.79,1.395,1.395,4.5,1.0,0.31,rolling_liq,9.3,9.3,9.3,0.07,3.035,1,7375.664472673103,7372.629472673103
2.0,static_15,e6fdfe56-f4ef-4bab-8f24-19a99adb7f6f,2025-06-26 02:00:00+00:00,2025-06-25 12:15:00+00:00,NO,0.07732540607452387,0.08226107029204668,0.15,303.36502681855677,303.36502681855677,178.08,356.16,178.08,178.08,3561.6000000000004,1.0,0.049999999999999996,rolling_liq,1187.2,1187.2,1187.2,11.85,-189.93,0,7185.734472673103,7375.664472673103
2.0,static_15,1c528f37-bdd0-449a-99b5-7a8d174e4243,2025-06-26 02:00:00+00:00,2025-06-25 15:45:00+00:00,YES,0.0853763997554779,0.10672049969434737,0.15,383.4325867972856,383.4325867972856,320.95500000000004,637.9500000000002,320.95500000000004,320.95500000000004,1610.2750000000005,1.0,0.19931688686715,rolling_liq,2139.7000000000003,2139.7000000000003,2126.5000000000005,17.99,-338.94500000000005,0,6846.789472673103,7185.734472673103
2.0,static_15,fd8a85e4-5aac-47f6-b278-e1f1fa69b82d,2025-06-27 02:00:00+00:00,2025-06-26 12:15:00+00:00,NO,0.08030236721038819,0.10566100948735288,0.15,361.71934371501027,361.71934371501027,1931.757,3855.6479999999997,361.71934371501027,361.71934371501027,1808.5967185750515,1.0,0.19999999999999998,kelly,12878.380000000001,12878.380000000001,12852.16,20.26,1426.617374860041,1,8273.406847533144,6846.789472673103
2.0,static_15,4e456309-00d3-4582-8f89-1c9049054791,2025-06-27 23:30:00+00:00,2025-06-27 12:30:00+00:00,NO,0.12750528216362,0.2500103571835686,0.15,1034.2187005383719,1034.2187005383719,1684.9019999999998,3369.8039999999996,1034.2187005383719,1034.2187005383719,2245.954681996536,1.0,0.4604806627794492,kelly,11232.679999999998,11232.679999999998,11232.679999999998,39.06,1172.675981458164,1,9446.082828991308,8273.406847533144
2.0,static_15,f2a059a9-b803-4538-b746-3868679fa790,2025-06-28 02:00:00+00:00,2025-06-27 12:45:00+00:00,NO,0.05228370666503901,0.055620964537275545,0.15,262.7001190237465,262.7001190237465,218.11500000000004,436.2300000000001,218.11500000000004,218.11500000000004,4362.300000000001,1.0,0.049999999999999996,rolling_liq,1454.1000000000004,1454.1000000000004,1454.1000000000004,14.51,-232.62500000000003,0,9213.457828991308,9446.082828991308
2.0,static_15,02291b17-b5ee-4973-b184-51149f2c1817,2025-06-28 02:00:00+00:00,2025-06-27 14:00:00+00:00,NO,0.14177390813827517,0.26749793988353804,0.15,1232.290494229515,1232.290494229515,1795.8990000000001,3562.752,1232.290494229515,1232.290494229515,2680.4141178902496,1.0,0.4597388463240334,kelly,11972.660000000002,11972.660000000002,11875.84,46.61,-1278.9004942295148,0,7934.557334761793,9213.457828991308
2.0,static_15,8a325ea5-03e5-4940-bb7a-2eb4c8b2b077,2025-06-29 20:00:00+00:00,2025-06-29 04:30:00+00:00,NO,0.19611328840255737,0.26148438453674316,0.15,1037.3814206258444,1037.3814206258444,767.1089999999999,1533.4979999999998,767.1089999999999,767.1089999999999,3200.4541666666664,1.0,0.23968754434591966,rolling_liq,5111.66,5114.0599999999995,5111.66,40.83,2392.5151666666666,1,10327.07250142846,7934.557334761793
2.0,static_15,475cc53b-e563-4217-a5dc-930581369bab,2025-06-29 22:00:00+00:00,2025-06-29 05:30:00+00:00,NO,0.07646610498428341,0.10769873941448369,0.15,556.106345122912,556.106345122912,251.916,447.87600000000003,251.916,251.916,901.5034482758621,1.0,0.27943986291099926,rolling_liq,1546.92,1679.44,1492.92,12.71,636.877448275862,1,10963.949949704322,10327.07250142846
2.0,static_15,01384c8c-e038-4abe-b80a-901c44d112ce,2025-07-03 23:00:00+00:00,2025-07-03 05:45:00+00:00,YES,0.14452980518341063,0.23693410685805022,0.15,1298.866844484779,1298.866844484779,9702.483,19265.735999999997,1298.866844484779,1298.866844484779,3711.0481270993687,1.0,0.35,kelly,64683.22,64683.22,64219.11999999999,59.1,2353.08128261459,1,13317.031232318912,10963.949949704322
2.0,static_15,21815dfe-7533-4983-9fc4-01b7e5798634,2025-07-03 23:30:00+00:00,2025-07-03 12:15:00+00:00,YES,0.12719794988632205,0.23999613186098498,0.15,1598.0179918142323,1598.0179918142323,256.61999999999995,508.16399999999993,256.61999999999995,256.61999999999995,546.0,1.0,0.4699999999999999,rolling_liq,1710.7999999999997,1710.7999999999997,1693.8799999999999,9.53,-266.1499999999999,0,13050.881232318912,13317.031232318912
2.0,static_15,a4d71aea-7129-4510-a0c0-686300cd53cf,2025-07-07 23:30:00+00:00,2025-07-07 12:30:00+00:00,NO,0.09287727117538447,0.13460474083389054,0.15,878.3552429650866,878.3552429650866,1168.6920000000002,2287.134,878.3552429650866,878.3552429650866,3380.7509344811024,1.0,0.2598106929459155,kelly,7623.780000000001,7791.2800000000025,7623.780000000001,45.52,-923.8752429650866,0,12127.005989353825,13050.881232318912
2.0,static_15,66b295b9-ed48-41fe-8fd7-4cca0813f9f5,2025-07-08 15:30:00+00:00,2025-07-08 04:45:00+00:00,NO,0.07585252523422237,0.10836075033460339,0.15,657.045734159305,657.045734159305,1159.068,2002.194,657.045734159305,657.045734159305,2394.73476485466,1.0,0.2743709841282494,kelly,6795.84,7727.120000000001,6673.9800000000005,33.38,-690.425734159305,0,11436.58025519452,12127.005989353825
2.0,static_15,cba5ede2-0a93-430c-aa0b-4c48363996d9,2025-07-09 15:00:00+00:00,2025-07-09 01:30:00+00:00,YES,0.0751177150011062,0.08077173656032925,0.15,461.8762237618174,461.8762237618174,153.12900000000002,306.25800000000004,153.12900000000002,153.12900000000002,2191.8428571428576,1.0,0.0698631288739417,rolling_liq,1020.8600000000001,1020.8600000000001,1020.8600000000001,9.98,2028.7338571428577,1,13465.314112337377,11436.58025519452
2.0,static_15,473b6ccd-bea1-4377-b656-99e755056013,2025-07-09 16:00:00+00:00,2025-07-09 02:00:00+00:00,NO,0.21722968339920046,0.28211647194701356,0.15,1899.3934555154767,1899.3934555154767,50.688,101.376,50.688,50.688,230.40000000000003,1.0,0.21999999999999997,rolling_liq,337.92,337.92,337.92,2.77,176.94200000000004,1,13642.256112337378,13465.314112337377
2.0,static_15,e3e04e5c-30b5-4cd3-bef5-9e4a16bf0e89,2025-07-10 19:00:00+00:00,2025-07-10 04:45:00+00:00,NO,0.176479022204876,0.5882634073495866,0.15,4012.6200322896552,2046.3384168506066,598.044,987.9959999999999,598.044,598.044,879.4764705882352,1.0,0.68,rolling_liq,3597.1200000000003,3986.96,3293.3199999999997,13.4,268.03247058823524,1,13910.288582925614,13642.256112337378
2.0,static_15,9bb7fd31-2faf-4602-bf65-4532dd75baba,2025-07-13 22:00:00+00:00,2025-07-13 05:15:00+00:00,NO,0.0949998521804809,0.13768094518910276,0.15,957.5908399751917,957.5908399751917,963.1349999999999,1860.8459999999998,957.5908399751917,957.5908399751917,3546.632740648859,1.0,0.2699999999999999,kelly,6420.9,6420.9,6202.82,48.94,2540.1019006736674,1,16450.39048359928,13910.288582925614
2.0,static_15,1dc8a33e-b81b-4a0d-91bf-0109943d729e,2025-07-13 22:00:00+00:00,2025-07-13 06:00:00+00:00,NO,0.2283735346794128,0.27850431058464975,0.15,2290.75233024155,2290.75233024155,2480.4990000000003,4935.4980000000005,2290.75233024155,2290.75233024155,15095.202064009689,1.0,0.1517536711683517,kelly,16536.660000000003,16536.660000000003,16451.660000000003,136.02,-2426.77233024155,0,14023.61815335773,16450.39048359928
2.0,static_15,333e71e9-d362-4003-836b-7d936322e7d2,2025-07-16 00:00:00+00:00,2025-07-15 06:00:00+00:00,YES,0.06468308866024008,0.07187009851137786,0.15,503.93940908388345,503.93940908388345,599.13,1198.26,503.93940908388345,503.93940908388345,5039.394090838834,1.0,0.1,kelly,3994.2,3994.2,3994.2,31.75,-535.6894090838834,0,13487.928744273846,14023.61815335773
2.0,static_15,e380b602-7a50-4ce9-99e7-63c43f11724e,2025-07-16 02:00:00+00:00,2025-07-15 13:30:00+00:00,NO,0.21980795383453366,0.4676764975202844,0.15,3153.99363696258,2023.1893116410768,2306.781,4286.202,2023.1893116410768,2023.189311641077,4216.06106591891,1.0000000000000002,0.47987666212802205,portfolio,14287.34,15378.54,14287.34,73.67,-2096.859311641077,0,11391.069432632768,13487.928744273846
2.0,static_15,83fc47a0-fbb1-4f04-8af2-94e9a1fd566e,2025-07-16 17:00:00+00:00,2025-07-16 04:15:00+00:00,NO,0.1946576309204101,0.23738735478098796,0.15,1352.0479203696311,1352.0479203696311,75.018,150.036,75.018,75.018,455.0470588235294,1.0,0.16485767470720547,rolling_liq,500.12,500.12,500.12,4.39,-79.408,0,11311.661432632769,11391.069432632768
2.0,static_15,5e64c14b-9cf3-45d2-bd9d-f0af702d801f,2025-07-16 19:00:00+00:00,2025-07-16 07:00:00+00:00,NO,0.1349456548690796,0.207608699798584,0.15,1174.1996612953387,1174.1996612953387,4016.445,7975.212000000002,1174.1996612953387,1174.1996612953387,3842.2569719204475,1.0,0.30560154353977187,kelly,26588.120000000003,26776.300000000003,26584.040000000008,57.08,-1231.2796612953387,0,10080.38177133743,11311.661432632769
2.0,static_15,1f15d85b-41ea-4e16-b597-b0e14ee9ba73,2025-07-16 23:30:00+00:00,2025-07-16 07:00:00+00:00,NO,0.10651913166046145,0.13656298930828392,0.15,688.3035340312869,688.3035340312869,2353.6380000000004,4700.795999999999,688.3035340312869,688.3035340312869,3441.517670156434,1.0,0.2,kelly,15669.32,15690.920000000002,15669.32,38.55,-726.8535340312868,0,9353.528237306144,10080.38177133743
2.0,static_15,32cb5f24-0d87-4645-a3fd-dd1e0fd1a4f6,2025-07-23 00:00:00+00:00,2025-07-22 06:00:00+00:00,NO,0.09330237627029414,0.11378338569548066,0.15,532.1380555194871,532.1380555194871,557.973,1115.946,532.1380555194871,532.1380555194871,2958.655863997151,1.0,0.1798580436457275,kelly,3719.82,3719.82,3719.82,30.56,-562.6980555194871,0,8790.830181786656,9353.528237306144
2.0,static_15,17812353-7592-47dc-9fe1-36f6bb0d8b9d,2025-07-24 02:00:00+00:00,2025-07-23 07:00:00+00:00,NO,0.17903590440750117,0.2594723252282626,0.15,1140.488573977487,1140.488573977487,1299.231,2598.462,1140.488573977487,1140.488573977487,4486.956053759565,1.0,0.25417868156339213,kelly,8661.54,8661.54,8661.54,59.55,3286.917479782078,1,12077.747661568734,8790.830181786656
2.0,static_15,d8bda49f-0b5d-428a-9697-070219652f4a,2025-07-25 00:30:00+00:00,2025-07-24 06:15:00+00:00,YES,0.12289219975471491,0.15755410224963448,0.15,951.449345008042,951.449345008042,2266.314,4532.628,951.449345008042,951.449345008042,5285.829694489122,1.0,0.18000000000000002,kelly,15108.759999999998,15108.759999999998,15108.759999999998,54.62,-1006.069345008042,0,11071.678316560692,12077.747661568734
2.0,static_15,4d8cf7bd-df70-42d4-a4fd-14a6fcb736a9,2025-07-24 23:00:00+00:00,2025-07-24 12:45:00+00:00,YES,0.11587374210357665,0.21067953109741208,0.15,1166.2879980971957,1166.2879980971957,1524.2700000000002,3045.300000000001,1166.2879980971957,1166.2879980971957,2650.6545411299903,1.0,0.43999999999999995,kelly,10151.000000000004,10161.800000000001,10151.000000000004,45.72,1438.6465430327946,1,12510.324859593487,11071.678316560692
2.0,static_15,585740b6-3c8b-4746-8808-e7635a88c710,2025-07-27 20:00:00+00:00,2025-07-27 04:15:00+00:00,YES,0.09930047273635859,0.1273082983799469,0.15,796.3340850275974,796.3340850275974,66.726,19.8,19.8,19.8,90.0,1.0,0.22,cumulative_liq,444.84000000000003,444.84000000000003,66.0,1.09,-20.89,0,12489.434859593488,12510.324859593487
2.0,static_15,548df81e-2319-4153-a4df-bf65932d74be,2025-07-27 23:00:00+00:00,2025-07-27 06:00:00+00:00,NO,0.06239434003829958,0.0810316104393501,0.15,506.0195100751094,506.0195100751094,0.063,0.126,0.063,0.063,0.3,1.0,0.21000000000000002,rolling_liq,0.42,0.42,0.42,0.01,0.22699999999999998,1,12489.661859593489,12489.434859593488
2.0,static_15,d5b4c575-bc11-412e-893d-9c6ed1889586,2025-07-27 22:00:00+00:00,2025-07-27 12:30:00+00:00,YES,0.1230686521530151,0.17333612979297902,0.15,1082.4548245824583,1082.4548245824583,1257.447,2424.5879999999997,1082.4548245824583,1082.4548245824583,4121.314165120216,1.0,0.26264797615856683,kelly,8092.399999999999,8382.98,8081.96,55.88,-1138.3348245824584,0,11351.32703501103,12489.661859593489
2.0,static_15,6adda940-e25a-4b97-9334-bfcbbb00d303,2025-07-28 23:00:00+00:00,2025-07-28 12:30:00+00:00,YES,0.05657753527164458,0.06816570514655974,0.15,386.8856058453671,386.8856058453671,1468.644,2668.5180000000005,386.8856058453671,386.8856058453671,2426.6600365335444,1.0,0.15943131712756464,kelly,9784.500000000002,9790.960000000001,8895.060000000001,22.77,-409.65560584536706,0,10941.671429165664,11351.32703501103
2.0,static_15,7a6fecee-f650-46ac-af8f-8dfc5ff13ae2,2025-07-29 23:30:00+00:00,2025-07-29 05:45:00+00:00,NO,0.11944526433944702,0.15926035245259604,0.15,871.287224114712,871.287224114712,849.846,1699.692,849.846,849.846,3749.8521739130438,1.0,0.2266345339990214,rolling_liq,5665.64,5665.64,5665.64,46.01,2853.9961739130435,1,13795.667603078708,10941.671429165664
2.0,static_15,185c1d82-80ca-427a-bb34-b717e2127e2e,2025-07-30 23:00:00+00:00,2025-07-30 05:30:00+00:00,YES,0.15933475494384763,0.2655579249064127,0.15,1831.7744306861032,1831.7744306861032,82.04100000000001,164.08200000000002,82.04100000000001,82.04100000000001,207.75250000000003,1.0,0.39489777499669076,rolling_liq,546.94,546.94,546.94,3.48,122.23150000000001,1,13917.899103078707,13795.667603078708
2.0,static_15,c2f7980e-2390-45e9-8977-c6e6d2c1f545,2025-07-31 00:00:00+00:00,2025-07-30 07:00:00+00:00,NO,0.09089968681335447,0.12452011892240339,0.15,866.5292257326861,866.5292257326861,1487.856,2951.4060000000004,866.5292257326861,866.5292257326861,3333.1893297411,1.0,0.2599699987039117,kelly,9916.54,9919.04,9838.020000000002,44.89,-911.4192257326861,0,13006.47987734602,13917.899103078707
2.0,static_15,e8241b1f-576e-4bcf-b7d0-79606aa78b00,2025-07-31 00:00:00+00:00,2025-07-30 15:30:00+00:00,NO,0.16516225516796124,0.434637513599898,0.15,2826.5520372883902,1950.971981601903,3453.5009999999993,6454.8,1950.971981601903,1950.971981601903,3422.7578624594794,1.0,0.57,portfolio,21516.0,23023.339999999997,21516.0,58.73,1413.0558808575763,1,14419.535758203598,13006.47987734602
2.0,static_15,50578d4e-21ed-488c-ac01-1008b9b70e0d,2025-07-31 23:30:00+00:00,2025-07-31 05:45:00+00:00,NO,0.1513962113857269,0.2566037481114015,0.15,1850.0534607907116,1850.0534607907116,2446.8329999999996,4893.665999999999,1850.0534607907116,1850.0534607907116,5300.267030830604,1.0,0.3490491045129079,kelly,16312.219999999998,16312.219999999998,16312.219999999998,84.31,3365.9035700398927,1,17785.43932824349,14419.535758203598
2.0,static_15,a1ca524f-e7ce-449f-ab32-66adea0ba523,2025-08-01 23:30:00+00:00,2025-08-01 05:45:00+00:00,NO,0.15966734647750846,0.3894325523841671,0.15,3463.114516435804,2667.8158992365234,345.92699999999996,691.8539999999999,345.92699999999996,345.92699999999996,591.5372881355931,1.0,0.5847932276429986,rolling_liq,2306.18,2306.18,2306.18,10.06,235.55028813559318,1,18020.989616379084,17785.43932824349
2.0,static_15,64fb0c10-3ce1-4592-a3f9-65395a9e58af,2025-08-01 23:30:00+00:00,2025-08-01 15:00:00+00:00,YES,0.10673018932342532,0.18089862597190728,0.15,1629.9861301284923,1629.9861301284923,1953.723,3875.7119999999995,1629.9861301284923,1629.9861301284923,4308.068763496031,1.0,0.3783565721930923,kelly,13024.82,13024.82,12919.039999999999,70.93,2607.1526333675392,1,20628.142249746623,18020.989616379084
2.0,static_15,de06dc94-ceb2-41b8-bde0-f9f91c917d00,2025-08-03 22:00:00+00:00,2025-08-03 06:00:00+00:00,NO,0.07582804679870603,0.10531673166486949,0.15,1086.2442610306612,1086.2442610306612,495.339,854.85,495.339,495.339,2016.9560000000001,1.0,0.24558740993854103,rolling_liq,2887.5800000000004,3302.26,2849.5,26.16,-521.499,0,20106.643249746623,20628.142249746623
2.0,static_15,1dffe97b-d132-4697-af9f-8b08902da90d,2025-08-03 22:00:00+00:00,2025-08-03 06:00:00+00:00,YES,0.05085827469825738,0.05913752871890393,0.15,594.5285963113234,594.5285963113234,650.604,1226.07,594.5285963113234,594.5285963113234,4761.60458701018,1.0,0.1248588759203605,kelly,4124.6,4337.360000000001,4086.9,36.43,-630.9585963113234,0,19475.6846534353,20106.643249746623
2.0,static_15,cd325282-98cc-46dd-a9f0-e2d5d887b51f,2025-08-06 00:00:00+00:00,2025-08-05 07:00:00+00:00,YES,0.09239223599433899,0.12318964799245198,0.15,1199.6013684343468,1199.6013684343468,68.71499999999999,131.73,68.71499999999999,68.71499999999999,286.31249999999994,1.0,0.24000000000000002,rolling_liq,458.09999999999997,458.09999999999997,439.09999999999997,3.66,213.93749999999997,1,19689.6221534353,19475.6846534353
2.0,static_15,6a9e0ff7-c5b4-4a72-b217-41dc4a8caa4f,2025-08-06 02:00:00+00:00,2025-08-05 07:00:00+00:00,NO,0.3618546456098557,0.6579175374724648,0.15,6477.073860475721,2953.443323015295,27.974999999999998,55.949999999999996,27.974999999999998,27.974999999999998,63.715909090909086,1.0,0.43905831995719635,rolling_liq,186.5,186.5,186.5,1.1,34.64090909090908,1,19724.263062526206,19689.6221534353
2.0,static_15,d300ee86-e2e0-4bf4-9247-1d7a3a859e07,2025-08-06 02:00:00+00:00,2025-08-05 07:00:00+00:00,NO,0.08956348419189453,0.10294653355390175,0.15,1015.2722545961695,1015.2722545961695,111.021,222.042,111.021,111.021,1062.190909090909,1.0,0.10452075898015253,rolling_liq,740.14,740.14,740.14,6.96,-117.981,0,19606.282062526207,19724.263062526206
2.0,static_15,0934f4d6-98dc-4543-b6bd-c04adfa95bf2,2025-08-08 02:00:00+00:00,2025-08-07 07:00:00+00:00,NO,0.14108287811279296,0.2275530292141822,0.15,2230.7344374777613,2230.7344374777613,604.338,1208.676,604.338,604.338,1678.7166666666667,1.0,0.36,rolling_liq,4028.9199999999996,4028.9199999999996,4028.9199999999996,27.08,-631.418,0,18974.864062526205,19606.282062526207
2.0,static_15,042c5181-7425-497a-8593-922c0cccfc16,2025-08-08 02:00:00+00:00,2025-08-07 07:00:00+00:00,NO,0.10052478075027471,0.12410466759293173,0.15,1177.4345985504403,1177.4345985504403,356.397,712.794,356.397,356.397,2096.45294117647,1.0,0.17000000000000004,rolling_liq,2375.98,2375.98,2375.98,20.71,-377.10699999999997,0,18597.757062526205,18974.864062526205
2.0,static_15,25596e43-21b0-4411-b093-a5ca0b6480d6,2025-08-09 02:00:00+00:00,2025-08-08 07:30:00+00:00,YES,0.13616769552230834,0.2778932561679762,0.15,2584.095633763192,2584.095633763192,682.281,1359.564,682.281,682.281,1392.4102040816329,1.0,0.4899999999999999,rolling_liq,4548.54,4548.54,4531.88,24.36,685.7692040816329,1,19283.526266607838,18597.757062526205
2.0,static_15,3a283716-466b-440c-a344-5994da2e16aa,2025-08-10 00:30:00+00:00,2025-08-09 13:15:00+00:00,YES,0.124353095293045,0.1943017113953828,0.15,1873.4110776698599,1873.4110776698599,6790.163999999999,13244.663999999999,1873.4110776698599,1873.4110776698599,5447.7459361996,1.0,0.3438873801403392,kelly,45267.759999999995,45267.759999999995,44148.88,86.05,3488.2848585297397,1,22771.811125137578,19283.526266607838
2.0,static_15,2de72b4c-3c39-42c4-8321-18efac227563,2025-08-10 16:30:00+00:00,2025-08-10 02:30:00+00:00,NO,0.28335612535476684,0.4570260086367207,0.15,5203.65497397545,3415.7716687706366,849.3959999999998,1681.4759999999999,849.3959999999998,849.3959999999998,2295.6648648648643,1.0,0.37000000000000005,rolling_liq,5662.639999999999,5662.639999999999,5604.92,37.46,1408.8088648648645,1,24180.619990002444,22771.811125137578
2.0,static_15,56ef45bc-fa3c-47bb-926c-8b9f8433bdb6,2025-08-10 20:00:00+00:00,2025-08-10 04:30:00+00:00,NO,0.146348443031311,0.24804820852764578,0.15,2998.9797348039433,2998.9797348039433,3073.0499999999997,6145.398,2998.9797348039433,2998.9797348039433,7627.799337009858,1.0,0.3931644767125666,kelly,20487.0,20487.0,20484.66,127.4,4501.419602205915,1,28682.03959220836,24180.619990002444
2.0,static_15,2eb1473f-e48b-4a13-bb64-bb3604b03c6d,2025-08-10 22:00:00+00:00,2025-08-10 12:00:00+00:00,NO,0.13645145893096922,0.22741909821828205,0.15,3261.4217895605434,3261.4217895605434,6182.663999999999,12364.625999999998,3261.4217895605434,3261.4217895605434,9135.50497100151,1.0,0.3570050916630391,kelly,41215.42,41217.759999999995,41215.42,146.8,5727.2831814409665,1,34409.32277364933,28682.03959220836
2.0,static_15,4b134f76-aff1-49fb-b585-3e9073eb44c2,2025-08-14 02:00:00+00:00,2025-08-13 08:00:00+00:00,NO,0.21488385438919066,0.4385384783452871,0.15,7544.9060250240045,5161.398416047399,2507.1929999999998,5002.986,2507.1929999999998,2507.1929999999998,5991.221428571427,1.0,0.41847777283668613,rolling_liq,16676.62,16714.62,16676.62,102.06,3381.9684285714275,1,37791.29120222075,34409.32277364933
2.0,static_15,74f4d3c6-f105-49b3-bb25-ee57ac47d235,2025-08-13 23:30:00+00:00,2025-08-13 11:45:00+00:00,NO,0.12422191977500918,0.2343809807075645,0.15,4428.779947090827,4428.779947090827,2871.7530000000006,3752.8679999999995,2871.7530000000006,2871.7530000000006,6381.673333333335,1.0,0.44999999999999996,rolling_liq,12509.56,19145.020000000004,12509.56,110.57,3399.350333333334,1,41190.64153555409,37791.29120222075
2.0,static_15,fdec04dc-4b3e-4713-8640-3988c3e4f01f,2025-08-16 02:00:00+00:00,2025-08-15 07:15:00+00:00,NO,0.13219804048538208,0.20983815950060647,0.15,4321.684204234953,4321.684204234953,187.08599999999998,374.17199999999997,187.08599999999998,187.08599999999998,519.6833333333333,1.0,0.36,rolling_liq,1247.24,1247.24,1247.24,8.39,324.2073333333333,1,41514.84886888742,41190.64153555409
2.0,static_15,f69e50f9-fa32-4c94-9a1b-f8a270e47e4c,2025-08-16 02:00:00+00:00,2025-08-15 16:45:00+00:00,YES,0.15301872491836543,0.340041610929701,0.15,7058.388043439776,6227.227330333113,1393.776,2787.552,1393.776,1393.776,2584.3999999999996,1.0,0.5393035133880205,rolling_liq,9291.84,9291.84,9291.84,44.95,-1438.726,0,40076.12286888742,41514.84886888742
2.0,static_15,673f7bf8-4cb2-4836-9dec-4131b50da342,2025-08-16 18:00:00+00:00,2025-08-16 03:15:00+00:00,YES,0.29983103513717646,0.6814341707663102,0.15,13654.61977734453,6011.418430333112,4528.173,9056.346,4528.173,4528.173,8481.172222222223,1.0,0.5339088608689443,rolling_liq,30187.82,30187.82,30187.82,147.74,3805.259222222224,1,43881.38209110964,40076.12286888742
2.0,static_15,3495c00d-950e-4e49-87e6-3a022d1d9c1b,2025-08-17 19:00:00+00:00,2025-08-17 03:45:00+00:00,YES,0.1182247066497803,0.20038085872844116,0.15,4396.494512803694,4396.494512803694,472.3379999999999,941.232,472.3379999999999,472.3379999999999,1165.751219512195,1.0,0.4051790743119688,rolling_liq,3148.9199999999996,3148.9199999999996,3137.44,19.67,673.743219512195,1,44555.125310621836,43881.38209110964
2.0,static_15,b233aa62-25a1-489f-9f1a-ad31d9a6a7c2,2025-08-17 22:00:00+00:00,2025-08-17 10:45:00+00:00,NO,0.13120973110198975,0.2624194622039795,0.15,5846.0660112221485,5846.0660112221485,2070.216,4135.139999999999,2070.216,2070.216,4600.4800000000005,1.0,0.44999999999999996,rolling_liq,13801.44,13801.44,13783.8,79.71,2450.5540000000005,1,47005.67931062184,44555.125310621836
2.0,static_15,b6df91b4-c8f5-45f8-bebf-c6845d61912b,2025-08-19 23:00:00+00:00,2025-08-19 05:30:00+00:00,NO,0.2621755397319794,0.5140696857489792,0.15,12082.09739581433,7050.851896593275,1960.065,3920.13,1960.065,1960.065,4688.154761904762,1.0,0.418088800294562,rolling_liq,13067.1,13067.1,13067.1,79.85,-2039.915,0,44965.76431062184,47005.67931062184
2.0,static_15,2cc91c72-9797-403a-adc1-51f134d84117,2025-08-20 02:00:00+00:00,2025-08-19 07:00:00+00:00,YES,0.09672302126884458,0.13433752954006192,0.15,3020.2948456848117,3020.2948456848117,150.95700000000002,301.91400000000004,150.95700000000002,150.95700000000002,574.1370370370371,1.0,0.26292851751743357,rolling_liq,1006.3800000000001,1006.3800000000001,1006.3800000000001,7.79,-158.747,0,44807.017310621835,44965.76431062184
2.0,static_15,a1382913-f5c5-4721-9dee-4195779e9b68,2025-08-23 20:00:00+00:00,2025-08-23 04:00:00+00:00,NO,0.19466778397560125,0.34762104281357364,0.15,7787.931041442104,6721.052596593275,650.25,1300.5,650.25,650.25,1548.2142857142858,1.0,0.42,rolling_liq,4335.0,4335.0,4335.0,26.41,871.5542857142858,1,45678.57159633612,44807.017310621835
2.0,static_15,bb8576ec-3270-4ee6-9d85-f37e6e502af7,2025-08-24 19:00:00+00:00,2025-08-24 03:45:00+00:00,YES,0.1296231734752655,0.16618355573751986,0.15,3795.513724445008,3795.513724445008,543.273,1029.1260000000002,543.273,543.273,2546.6045454545456,1.0,0.21333229808675724,rolling_liq,3621.82,3621.82,3430.4200000000005,29.92,-573.193,0,45105.37859633612,45678.57159633612
2.0,static_15,0962940f-0261-4fce-b716-3a16393d43b7,2025-08-24 20:00:00+00:00,2025-08-24 05:45:00+00:00,NO,0.17109873175621026,0.39790402734002395,0.15,8973.80589908933,6765.806789450418,1808.4599999999998,3431.1720000000005,1808.4599999999998,1808.4599999999998,3552.313725490196,1.0,0.5090935485295416,rolling_liq,11437.240000000002,12056.4,11437.240000000002,62.15,1681.703725490196,1,46787.08232182632,45105.37859633612
2.0,static_15,ab22cb38-adf5-49e7-8d94-af37949f1527,2025-08-26 23:00:00+00:00,2025-08-26 06:00:00+00:00,YES,0.11368976593017577,0.18637666545930454,0.15,4360.010194855982,4360.010194855982,970.1759999999998,1921.6319999999998,970.1759999999998,970.1759999999998,2565.673684210526,1.0,0.37813694156454236,rolling_liq,6405.44,6467.839999999999,6405.44,42.24,1553.2576842105261,1,48340.340006036844,46787.08232182632
2.0,static_15,467aedcd-fa42-4992-9a69-fce47d1ece15,2025-08-28 00:00:00+00:00,2025-08-27 16:00:00+00:00,NO,0.15859810590744017,0.33041272064050037,0.15,7986.131629040728,7251.051000905526,1543.203,2728.23,1543.203,1543.203,3036.045098039215,1.0,0.5082938329857665,rolling_liq,10288.02,10288.02,9094.1,53.12,1439.7220980392153,1,49780.06210407606,48340.340006036844
2.0,static_15,6d17df9c-9585-4b14-b1ab-7334c0443b45,2025-08-30 02:00:00+00:00,2025-08-29 07:15:00+00:00,NO,0.14991149187088015,0.28285187145449087,0.15,7040.191863629347,7040.191863629347,1827.945,3647.52,1827.945,1827.945,4248.465909090909,1.0,0.43026001364128763,rolling_liq,12186.3,12186.3,12158.4,72.91,2347.6109090909094,1,52127.67301316697,49780.06210407606
2.0,static_15,eef5e74b-cdc8-45c9-b34e-c80089a44b6d,2025-09-01 00:00:00+00:00,2025-08-31 06:00:00+00:00,NO,0.12026148080825805,0.1625155146057541,0.15,4235.777802467655,4235.777802467655,717.4290000000001,1434.8580000000002,717.4290000000001,717.4290000000001,3354.13181818182,1.0,0.21389409805274082,rolling_liq,4782.860000000001,4782.860000000001,4782.860000000001,39.48,-756.9090000000001,0,51370.76401316697,52127.67301316697
2.0,static_15,2f5baf0d-dd06-464d-95dd-177924f443c9,2025-09-04 00:00:00+00:00,2025-09-03 06:00:00+00:00,NO,0.20699598312377931,0.3980691983149602,0.15,10224.559423774192,7705.614601975045,748.1460000000001,1496.2920000000001,748.1460000000001,748.1460000000001,1667.4355555555555,1.0,0.44868060867919607,rolling_liq,4987.64,4987.64,4987.64,28.88,-777.0260000000001,0,50593.73801316697,51370.76401316697
2.0,static_15,b69d86fb-d73a-4b99-bec9-88e73e7ce25b,2025-09-05 02:00:00+00:00,2025-09-04 12:45:00+00:00,NO,0.05718323230743405,0.06807527655646911,0.15,1722.0913536359428,1722.0913536359428,211.02899999999997,417.28800000000007,211.02899999999997,211.02899999999997,1507.3499999999997,1.0,0.14,rolling_liq,1390.9600000000003,1406.86,1390.9600000000003,12.71,-223.73899999999998,0,50369.99901316697,50593.73801316697
2.0,static_15,f9c188c7-35cd-436c-8d11-7f1b0131ba33,2025-09-05 23:30:00+00:00,2025-09-05 10:30:00+00:00,NO,0.06474714040756224,0.07528737256693284,0.15,1896.1124409501706,1896.1124409501706,339.585,670.854,339.585,339.585,2612.192307692307,1.0,0.13,rolling_liq,2236.1800000000003,2263.9,2236.1800000000003,20.69,-360.275,0,50009.72401316697,50369.99901316697
2.0,static_15,e9ff9be0-15cb-4e16-86a5-89be878b6745,2025-09-10 02:00:00+00:00,2025-09-09 07:00:00+00:00,NO,0.2139049685001373,0.30127460352132013,0.15,7533.329887138761,7501.458601975045,1800.825,3601.65,1800.825,1800.825,6859.574074074075,1.0,0.2625272328213878,rolling_liq,12005.5,12005.5,12005.5,92.97,-1893.795,0,48115.92901316697,50009.72401316697
2.0,static_15,31d89653-50a1-4688-b507-15c8e12dad33,2025-09-09 23:30:00+00:00,2025-09-09 12:30:00+00:00,NO,0.16207829356193537,0.3683597580953077,0.15,8861.98598591059,7217.389351975045,1661.1899999999998,3286.8120000000004,1661.1899999999998,1661.1899999999998,3133.796296296296,1.0,0.5300886984783572,rolling_liq,10956.04,11074.599999999999,10956.04,54.65,-1715.84,0,46400.08901316697,48115.92901316697
2.0,static_15,93a98ff0-ed90-4c11-8f56-dfd70e55ed58,2025-09-12 00:00:00+00:00,2025-09-11 07:00:00+00:00,NO,0.1892402425408365,0.6308008084694549,0.15,14634.606831280198,6960.013351975046,545.6610000000001,1035.882,545.6610000000001,545.6610000000001,819.0164179104479,1.0,0.6662393916255573,rolling_liq,3637.7400000000002,3637.7400000000002,3452.9400000000005,12.75,-558.4110000000001,0,45841.67801316697,46400.08901316697
2.0,static_15,2fb00c07-3995-4420-aa53-e0b95160a91a,2025-09-18 02:00:00+00:00,2025-09-17 16:15:00+00:00,YES,0.07049068570137018,0.08702553790292615,0.15,1994.6983437342994,1994.6983437342994,1287.825,2557.9799999999996,1287.825,1287.825,8093.15625,1.0,0.1591251867897645,rolling_liq,8538.380000000001,8585.5,8526.599999999999,75.81,-1363.635,0,44478.04301316697,45841.67801316697
2.0,static_15,30981dda-706d-44fc-9eb4-b6f8c5a3e874,2025-09-24 01:30:00+00:00,2025-09-22 23:30:00+00:00,NO,0.11262015342712406,0.14255715623686588,0.15,3170.3316634690423,3170.3316634690423,751.8599999999999,1502.3999999999999,751.8599999999999,751.8599999999999,3759.3,1.0,0.19999999999999996,rolling_liq,5012.4,5012.4,5008.0,42.11,-793.9699999999999,0,43684.07301316697,44478.04301316697
2.0,static_15,fb31c505-de82-4d70-a8a2-a91dbaacd1ee,2025-09-29 00:00:00+00:00,2025-09-28 02:30:00+00:00,NO,0.18119778752326965,0.29225449600527365,0.15,6383.433370960344,6383.433370960344,6091.400999999999,12179.561999999998,6091.400999999999,6091.400999999999,17405.945714285714,1.0,0.34996093288976293,rolling_liq,40598.53999999999,40609.34,40598.53999999999,277.18,-6368.580999999999,0,37315.49201316697,43684.07301316697
2.0,static_15,fc11987d-5051-4621-94f9-17a356691802,2025-10-01 01:30:00+00:00,2025-09-30 01:15:00+00:00,NO,0.06506288051605225,0.08675050735473633,0.15,1618.568932166923,1618.568932166923,4034.3160000000003,7766.3820000000005,1618.568932166923,1618.5689321669229,7357.13150984965,0.9999999999999999,0.22,kelly,26888.94,26895.440000000002,25887.940000000002,88.38,-1706.948932166923,0,35608.54308100005,37315.49201316697
2.0,static_15,4a8a3c5a-81ad-462c-b4cb-3300d1eea8c3,2025-10-09 00:00:00+00:00,2025-10-07 11:00:00+00:00,NO,0.16387164235115048,0.2777485463578822,0.15,4945.1105393348935,4945.1105393348935,16264.304999999998,32528.609999999997,4945.1105393348935,4945.1105393348935,13477.271727932144,1.0,0.36692222574142874,kelly,108428.7,108428.7,108428.7,219.15,8313.011188597251,1,43921.5542695973,35608.54308100005
2.0,static_20,d1bd5e4c-1d9e-47c6-b24e-52544a1a2c13,2025-05-22 23:30:00+00:00,2025-05-22 13:00:00+00:00,YES,0.18705255270004273,0.2969088138095916,0.2,742.2720345239791,742.2720345239791,319.01999999999987,622.464,319.01999999999987,319.01999999999987,916.8571428571425,1.0,0.3479495169834839,rolling_liq,2074.88,2126.7999999999993,2074.88,14.57,-333.58999999999986,0,4666.41,5000.0
2.0,static_20,b8786c5b-6a05-49e0-9ba2-0bc7db3e8a60,2025-05-24 02:00:00+00:00,2025-05-23 12:30:00+00:00,NO,0.08980293750762935,0.10819631025015586,0.2,252.4441720572149,252.4441720572149,262.371,524.742,252.4441720572149,252.4441720572149,2688.841720572149,1.0,0.09388584315907528,kelly,1749.1399999999999,1749.1399999999999,1749.1399999999999,16.02,-268.4641720572149,0,4397.945827942785,4666.41
2.0,static_20,a35a38a3-fdb6-40a3-86f1-842d77ac32bf,2025-05-24 02:00:00+00:00,2025-05-23 12:30:00+00:00,NO,0.32377356052398687,0.3997204450913418,0.2,878.9744319164499,878.9744319164499,76.182,152.364,76.182,76.182,476.1375,1.0,0.16,rolling_liq,507.88,507.88,507.88,4.48,395.47549999999995,1,4793.421327942785,4397.945827942785
2.0,static_20,92c4a40c-74f4-4a28-be37-18237fca81a5,2025-05-23 23:30:00+00:00,2025-05-23 12:30:00+00:00,NO,0.09931676149368285,0.11548460638800331,0.2,276.78318765466634,276.78318765466634,115.66499999999999,231.32999999999998,115.66499999999999,115.66499999999999,1445.8124999999998,1.0,0.08,rolling_liq,771.1,771.1,771.1,7.45,-123.115,0,4670.306327942785,4793.421327942785
2.0,static_20,10582ee6-a493-4e18-9878-6203b5e8065d,2025-05-24 02:00:00+00:00,2025-05-23 12:30:00+00:00,NO,0.08664486169815067,0.13128009348204644,0.2,306.55912566106093,306.55912566106093,304.98599999999993,609.9719999999999,304.98599999999993,304.98599999999993,1017.4866666666665,1.0,0.29974446839598223,rolling_liq,2033.2399999999998,2033.2399999999998,2033.2399999999998,14.95,-319.9359999999999,0,4350.3703279427855,4670.306327942785
2.0,static_20,b0d98920-a05f-481d-9dea-7046f3e6fc33,2025-05-25 19:00:00+00:00,2025-05-25 05:00:00+00:00,NO,0.19932658433914185,0.26227182149887085,0.2,570.4897750520972,570.4897750520972,293.538,587.076,293.538,293.538,1467.69,1.0,0.2,rolling_liq,1956.9200000000003,1956.9200000000003,1956.9200000000003,16.44,-309.978,0,4040.3923279427854,4350.3703279427855
2.0,static_20,bbd4ae77-444a-4dfe-ad87-70233844aa1d,2025-05-25 22:00:00+00:00,2025-05-25 14:00:00+00:00,NO,0.1071816420555115,0.1623964273568356,0.2,328.0726395889382,328.0726395889382,109.82999999999998,219.65999999999997,109.82999999999998,109.82999999999998,340.030303030303,1.0,0.32300062383031813,rolling_liq,732.1999999999999,732.1999999999999,732.1999999999999,5.21,-115.03999999999998,0,3925.3523279427855,4040.3923279427854
2.0,static_20,5f3d74e1-8cdd-4616-aedf-f1e90dc75db0,2025-05-27 23:00:00+00:00,2025-05-27 05:45:00+00:00,NO,0.0740113401412964,0.08315880914752405,0.2,163.21381253809167,163.21381253809167,136.85399999999998,273.70799999999997,136.85399999999998,136.85399999999998,1968.4857142857138,1.0,0.06952247557948824,rolling_liq,912.36,912.36,912.36,8.92,-145.77399999999997,0,3779.5783279427856,3925.3523279427855
2.0,static_20,8a594783-4b88-43cd-b381-a8660e3a0766,2025-05-27 23:00:00+00:00,2025-05-27 13:00:00+00:00,YES,0.3129020285606384,0.5046806912268361,0.2,953.7401015460673,755.9156655885572,483.93899999999996,956.4779999999998,483.93899999999996,483.93899999999996,1307.9432432432432,1.0,0.37,rolling_liq,3188.2599999999998,3226.2599999999998,3188.2599999999998,21.35,-505.289,0,3274.2893279427853,3779.5783279427856
2.0,static_20,ee675eed-ef15-494e-a8f4-e0202373e26c,2025-05-28 00:00:00+00:00,2025-05-27 13:00:00+00:00,NO,0.08173902988433834,0.11512539420329344,0.2,188.47692480752497,188.47692480752497,100.11299999999999,200.22599999999997,100.11299999999999,100.11299999999999,400.45199999999994,1.0,0.25,rolling_liq,667.42,667.42,667.42,5.26,-105.37299999999999,0,3168.9163279427853,3274.2893279427853
2.0,static_20,a17fdde4-604b-4197-8c9a-97dc9b78c44e,2025-05-29 23:00:00+00:00,2025-05-29 13:00:00+00:00,NO,0.09309141159057621,0.10118631694627848,0.2,160.32548596772781,160.32548596772781,31.056,62.112,31.056,31.056,453.9428571428571,1.0,0.06841389728096678,rolling_liq,207.04000000000002,207.04000000000002,207.04000000000002,2.03,-33.086,0,3135.8303279427855,3168.9163279427853
2.0,static_20,1d299098-034f-480d-af99-bcebd640859e,2025-05-30 23:30:00+00:00,2025-05-30 12:15:00+00:00,NO,0.07657644748687742,0.0900899382198558,0.2,141.25338025615784,141.25338025615784,90.71400000000001,107.11200000000002,90.71400000000001,90.71400000000001,713.3384615384616,1.0,0.1271682446567602,rolling_liq,604.7600000000001,604.7600000000001,357.0400000000001,5.55,617.0744615384616,1,3752.904789481247,3135.8303279427855
2.0,static_20,c9d9dbf0-f3e6-4f3f-b2a5-e83fe165023d,2025-06-01 22:00:00+00:00,2025-06-01 05:15:00+00:00,NO,0.14538862824440002,0.23449778749096778,0.2,440.0239348988043,440.0239348988043,485.05799999999994,968.6039999999999,440.0239348988043,440.0239348988043,1257.2112425680125,1.0,0.35,kelly,3233.72,3233.72,3228.68,20.03,797.1573076692082,1,4550.062097150455,3752.904789481247
2.0,static_20,9998a61a-229c-44c2-b892-ee5b1ea16c23,2025-06-02 00:30:00+00:00,2025-06-01 12:15:00+00:00,YES,0.0670652312040329,0.08178686732199134,0.2,186.06766252323297,186.06766252323297,895.032,1784.0159999999998,186.06766252323297,186.06766252323297,1332.9118751659496,1.0,0.13959487194160322,kelly,5966.88,5966.88,5946.719999999999,11.21,-197.27766252323298,0,4352.784434627222,4550.062097150455
2.0,static_20,272d53ae-a46b-43bc-ac0f-8a846e03a9d1,2025-06-04 00:00:00+00:00,2025-06-03 12:30:00+00:00,NO,0.12299813508987423,0.14819052420466775,0.2,322.5207035586632,322.5207035586632,216.83100000000002,424.932,216.83100000000002,216.83100000000002,1680.2384615384617,1.0,0.12904775421071185,rolling_liq,1416.44,1445.5400000000002,1416.44,13.22,-230.05100000000002,0,4122.733434627222,4352.784434627222
2.0,static_20,f8baaf5b-f1fa-4923-9eec-e85ed7a82142,2025-06-05 23:30:00+00:00,2025-06-05 06:15:00+00:00,YES,0.0730656540393829,0.08496006283649174,0.2,175.1338458320171,175.1338458320171,167.32800000000003,334.65600000000006,167.32800000000003,167.32800000000003,1414.5666666666668,1.0,0.11828922873907205,rolling_liq,1115.5200000000002,1115.5200000000002,1115.5200000000002,10.33,-177.65800000000004,0,3945.075434627222,4122.733434627222
2.0,static_20,45eb60bf-a1b9-4f49-90cb-62097ff47bbd,2025-06-06 02:00:00+00:00,2025-06-05 13:00:00+00:00,NO,0.1447575712203979,0.20979358147883756,0.2,413.8257523173133,413.8257523173133,798.012,1573.5239999999997,413.8257523173133,413.8257523173133,1455.3301804045284,1.0,0.28435179719992126,kelly,5245.079999999999,5320.08,5245.079999999999,20.74,-434.5657523173133,0,3510.509682309909,3945.075434627222
2.0,static_20,772cef5b-3110-4eaf-a68b-6eb3cd04f42a,2025-06-06 23:30:00+00:00,2025-06-06 12:15:00+00:00,YES,0.1407347512245178,0.18277240418768548,0.2,320.812147279965,320.812147279965,662.31,1324.62,320.812147279965,320.812147279965,1782.2897071109169,1.0,0.18,kelly,4415.4,4415.4,4415.4,18.42,1443.0575598309517,1,4953.567242140861,3510.509682309909
2.0,static_20,8b0ee0bd-54cf-4be2-a8ba-b16813be20b6,2025-06-07 19:00:00+00:00,2025-06-07 04:30:00+00:00,YES,0.1381078326702118,0.1644140865121569,0.2,407.21811654656693,407.21811654656693,532.4009999999998,892.8660000000001,407.21811654656693,407.21811654656693,2859.720776977113,1.0,0.14239785919834438,kelly,3523.42,3549.3399999999992,2976.2200000000003,24.45,2428.0526604305464,1,7381.619902571407,4953.567242140861
2.0,static_20,639e72ff-50dd-401b-a2a8-dd49fdd02b89,2025-06-08 02:00:00+00:00,2025-06-07 12:15:00+00:00,YES,0.13786698698997496,0.20577162237309699,0.2,759.4639515468302,759.4639515468302,465.7649999999999,918.09,465.7649999999999,465.7649999999999,1455.5156249999995,1.0,0.32,rolling_liq,3105.0999999999995,3105.0999999999995,3060.3,22.18,-487.9449999999999,0,6893.674902571407,7381.619902571407
2.0,static_20,5e1d090c-1c51-494b-8c1f-1f1ba520ee2a,2025-06-10 02:00:00+00:00,2025-06-09 12:30:00+00:00,NO,0.24757077574729924,0.3640746702166165,0.2,1254.9062083671254,1254.9062083671254,926.196,1846.2720000000002,926.196,926.196,3307.8428571428576,1.0,0.27999999999999997,rolling_liq,6174.64,6174.64,6154.240000000001,46.69,2334.9568571428576,1,9228.631759714264,6893.674902571407
2.0,static_20,4a60d4ef-8d10-4f25-bab6-346332242fd5,2025-06-10 23:30:00+00:00,2025-06-10 12:15:00+00:00,NO,0.12558921575546267,0.19321417808532718,0.2,891.5512501526691,891.5512501526691,531.51,1040.496,531.51,531.51,1610.6363636363635,1.0,0.33,rolling_liq,3543.4,3543.4,3468.32,24.93,-556.4399999999999,0,8672.191759714264,9228.631759714264
2.0,static_20,84da0d09-cdf5-46a5-89eb-d489373ed8ed,2025-06-12 02:00:00+00:00,2025-06-11 13:30:00+00:00,NO,0.11724735021591182,0.1429845734340388,0.2,619.9948197504652,619.9948197504652,3.717,6.005999999999999,3.717,3.717,21.86470588235294,1.0,0.17,rolling_liq,20.02,24.78,20.02,0.22,17.927705882352942,1,8690.119465596617,8672.191759714264
2.0,static_20,c95f06b7-8138-460b-bc1d-e9c9478156eb,2025-06-13 23:30:00+00:00,2025-06-13 06:00:00+00:00,NO,0.07324323654174802,0.08616851357852709,0.2,374.4073385851423,374.4073385851423,501.39000000000004,998.4959999999999,374.4073385851423,374.4073385851423,3120.0611548761863,1.0,0.12,kelly,3342.6000000000004,3342.6000000000004,3328.3199999999997,23.07,-397.4773385851423,0,8292.642127011475,8690.119465596617
2.0,static_20,ee13e918-b149-4c1e-8ae9-03cf0618c5d9,2025-06-15 00:30:00+00:00,2025-06-14 06:30:00+00:00,YES,0.22761168122291559,0.30758335300393996,0.2,1275.3393353439571,1275.3393353439571,3793.9410000000003,7587.8820000000005,1275.3393353439571,1275.3393353439571,6379.196676719787,1.0,0.19992162022503163,kelly,25292.940000000002,25292.940000000002,25292.940000000002,71.43,5032.42734137583,1,13325.069468387304,8292.642127011475
2.0,static_20,7162ed3d-7135-4801-b3a8-ba85cbcaa7ea,2025-06-15 22:00:00+00:00,2025-06-15 05:30:00+00:00,YES,0.2125312566757202,0.38642046668312763,0.2,2574.5397812796587,2574.5397812796587,2035.989,4071.978,2035.989,2035.989,5701.469444444445,1.0,0.3570989934855975,rolling_liq,13573.26,13573.26,13573.26,91.63,-2127.619,0,11197.450468387304,13325.069468387304
2.0,static_20,acf4a696-dabb-4821-9d7a-7417121d43a8,2025-06-17 23:00:00+00:00,2025-06-17 05:45:00+00:00,NO,0.10341833353042607,0.1124112320982892,0.2,629.3596017554911,629.3596017554911,210.97800000000004,419.814,210.97800000000004,210.97800000000004,3014.8285714285716,1.0,0.06998009837090952,rolling_liq,1406.5200000000002,1406.5200000000002,1399.38,13.74,-224.71800000000005,0,10972.732468387303,11197.450468387304
2.0,static_20,f992552a-94d9-40c8-aa4b-fa5c7bf321fd,2025-06-18 00:00:00+00:00,2025-06-17 06:15:00+00:00,NO,0.2464600276947021,0.4323860134994774,0.2,2372.2280246011333,2194.5464936774606,2640.9149999999995,5281.829999999999,2194.5464936774606,2194.5464936774606,5421.918277262098,1.0,0.4047546240010167,portfolio,17606.1,17606.1,17606.1,91.45,-2285.9964936774604,0,8686.735974709842,10972.732468387303
2.0,static_20,326d833a-4a17-4fec-882e-c3699065a0ed,2025-06-18 00:00:00+00:00,2025-06-17 07:00:00+00:00,NO,0.11250839233398435,0.13236281451056983,0.2,574.9004112614064,574.9004112614064,74.09400000000001,148.18800000000002,74.09400000000001,74.09400000000001,617.9500000000002,1.0,0.11990290476575773,rolling_liq,493.96000000000004,493.96000000000004,493.96000000000004,4.57,-78.66400000000002,0,8608.071974709841,8686.735974709842
2.0,static_20,4f5eef0b-7151-49c4-bc34-46d08d1e5ca1,2025-06-18 02:00:00+00:00,2025-06-17 12:30:00+00:00,YES,0.15919422030448907,0.20674574065518062,0.2,889.8411080122446,889.8411080122446,253.35299999999998,435.228,253.35299999999998,253.35299999999998,1101.9695652173912,1.0,0.22990925339214766,rolling_liq,1672.46,1689.02,1450.76,13.66,-267.013,0,8341.05897470984,8608.071974709841
2.0,static_20,42f7582e-79b3-4a78-88ba-0245ebd00b6b,2025-06-18 23:00:00+00:00,2025-06-18 06:15:00+00:00,YES,0.2191847121715545,0.2548659443855285,0.2,1062.9259363824058,1062.9259363824058,1855.4759999999999,3699.36,1062.9259363824058,1062.9259363824058,10629.259363824058,1.0,0.1,kelly,12368.16,12369.84,12331.2,66.97,-1129.8959363824058,0,7211.163038327434,8341.05897470984
2.0,static_20,57909126-867a-49a0-bc68-8c65ff35b9dd,2025-06-20 02:00:00+00:00,2025-06-19 13:45:00+00:00,YES,0.23086082577705377,0.2748343164012545,0.2,990.9375320483568,990.9375320483568,94.536,188.97599999999997,94.536,94.536,607.85,1.0,0.1555252118121247,rolling_liq,629.92,630.24,629.92,5.59,507.7240000000001,1,7718.887038327434,7211.163038327434
2.0,static_20,5cc2b6cf-49a3-4f54-a14e-88d92bf3ac7a,2025-06-20 23:30:00+00:00,2025-06-20 06:00:00+00:00,YES,0.19484763860702514,0.31427038485004055,0.2,1212.9088000745762,1212.9088000745762,819.9749999999998,1639.9499999999996,819.9749999999998,819.9749999999998,2345.8142857142852,1.0,0.3495481313220508,rolling_liq,5466.499999999999,5466.499999999999,5466.499999999999,37.34,-857.3149999999998,0,6861.572038327435,7718.887038327434
2.0,static_20,36996288-3356-4ce9-b751-b31f6890cd69,2025-06-22 19:00:00+00:00,2025-06-22 07:15:00+00:00,YES,0.12237302303314207,0.22661670932063344,0.2,777.4734380461173,777.4734380461173,57.27000000000001,111.78,57.27000000000001,57.27000000000001,124.50000000000001,1.0,0.46,rolling_liq,372.6,381.80000000000007,372.6,2.17,65.06,1,6926.632038327435,6861.572038327435
2.0,static_20,4bfeb202-768f-487c-a416-9c9a314242a6,2025-06-25 00:00:00+00:00,2025-06-24 06:15:00+00:00,YES,0.08991959929466248,0.13031825984733694,0.2,451.33331691882194,451.33331691882194,1.395,2.79,1.395,1.395,4.5,1.0,0.31,rolling_liq,9.3,9.3,9.3,0.07,3.035,1,6929.667038327435,6926.632038327435
2.0,static_20,e6fdfe56-f4ef-4bab-8f24-19a99adb7f6f,2025-06-26 02:00:00+00:00,2025-06-25 12:15:00+00:00,NO,0.07732540607452387,0.08226107029204668,0.2,285.02091367016607,285.02091367016607,178.08,356.16,178.08,178.08,3561.6000000000004,1.0,0.049999999999999996,rolling_liq,1187.2,1187.2,1187.2,11.85,-189.93,0,6739.737038327435,6929.667038327435
2.0,static_20,1c528f37-bdd0-449a-99b5-7a8d174e4243,2025-06-26 02:00:00+00:00,2025-06-25 15:45:00+00:00,YES,0.0853763997554779,0.10672049969434737,0.2,359.63405226940233,359.63405226940233,320.95500000000004,637.9500000000002,320.95500000000004,320.95500000000004,1610.2750000000005,1.0,0.19931688686715,rolling_liq,2139.7000000000003,2139.7000000000003,2126.5000000000005,17.99,-338.94500000000005,0,6400.792038327435,6739.737038327435
2.0,static_20,fd8a85e4-5aac-47f6-b278-e1f1fa69b82d,2025-06-27 02:00:00+00:00,2025-06-26 12:15:00+00:00,NO,0.08030236721038819,0.10566100948735288,0.2,338.15707414414396,338.15707414414396,1931.757,3855.6479999999997,338.15707414414396,338.15707414414396,1690.78537072072,1.0,0.19999999999999998,kelly,12878.380000000001,12878.380000000001,12852.16,18.94,1333.688296576576,1,7734.480334904011,6400.792038327435
2.0,static_20,4e456309-00d3-4582-8f89-1c9049054791,2025-06-27 23:30:00+00:00,2025-06-27 12:30:00+00:00,NO,0.12750528216362,0.2500103571835686,0.2,966.8500955793196,966.8500955793196,1684.9019999999998,3369.8039999999996,966.8500955793196,966.8500955793196,2101.848033868086,1.0,0.46,kelly,11232.679999999998,11232.679999999998,11232.679999999998,36.55,1098.4479382887664,1,8832.928273192778,7734.480334904011
2.0,static_20,f2a059a9-b803-4538-b746-3868679fa790,2025-06-28 02:00:00+00:00,2025-06-27 12:45:00+00:00,NO,0.05228370666503901,0.055620964537275545,0.2,245.647995121777,245.647995121777,218.11500000000004,436.2300000000001,218.11500000000004,218.11500000000004,4362.300000000001,1.0,0.049999999999999996,rolling_liq,1454.1000000000004,1454.1000000000004,1454.1000000000004,14.51,-232.62500000000003,0,8600.303273192778,8832.928273192778
2.0,static_20,02291b17-b5ee-4973-b184-51149f2c1817,2025-06-28 02:00:00+00:00,2025-06-27 14:00:00+00:00,NO,0.14177390813827517,0.26749793988353804,0.2,1150.2817039763586,1150.2817039763586,1795.8990000000001,3562.752,1150.2817039763586,1150.2817039763586,2502.1341390790403,1.0,0.4597202388197071,kelly,11972.660000000002,11972.660000000002,11875.84,43.51,-1193.7917039763586,0,7406.511569216419,8600.303273192778
2.0,static_20,8a325ea5-03e5-4940-bb7a-2eb4c8b2b077,2025-06-29 20:00:00+00:00,2025-06-29 04:30:00+00:00,NO,0.19611328840255737,0.26148438453674316,0.2,968.3435596204116,968.3435596204116,767.1089999999999,1533.4979999999998,767.1089999999999,767.1089999999999,3200.4541666666664,1.0,0.23968754434591966,rolling_liq,5111.66,5114.0599999999995,5111.66,40.83,2392.5151666666666,1,9799.026735883086,7406.511569216419
2.0,static_20,475cc53b-e563-4217-a5dc-930581369bab,2025-06-29 22:00:00+00:00,2025-06-29 05:30:00+00:00,NO,0.07646610498428341,0.10769873941448369,0.2,527.6714134717156,527.6714134717156,251.916,447.87600000000003,251.916,251.916,901.5034482758621,1.0,0.27943986291099926,rolling_liq,1546.92,1679.44,1492.92,12.71,636.877448275862,1,10435.904184158948,9799.026735883086
2.0,static_20,01384c8c-e038-4abe-b80a-901c44d112ce,2025-07-03 23:00:00+00:00,2025-07-03 05:45:00+00:00,YES,0.14452980518341063,0.23693410685805022,0.2,1236.3108185649448,1236.3108185649448,9702.483,19265.735999999997,1236.3108185649448,1236.3108185649448,3532.316624471271,1.0,0.35,kelly,64683.22,64683.22,64219.11999999999,56.26,2239.745805906326,1,12675.649990065274,10435.904184158948
2.0,static_20,21815dfe-7533-4983-9fc4-01b7e5798634,2025-07-03 23:30:00+00:00,2025-07-03 12:15:00+00:00,YES,0.12719794988632205,0.23999613186098498,0.2,1521.0534832196993,1521.0534832196993,256.61999999999995,508.16399999999993,256.61999999999995,256.61999999999995,546.0,1.0,0.4699999999999999,rolling_liq,1710.7999999999997,1710.7999999999997,1693.8799999999999,9.53,-266.1499999999999,0,12409.499990065275,12675.649990065274
2.0,static_20,a4d71aea-7129-4510-a0c0-686300cd53cf,2025-07-07 23:30:00+00:00,2025-07-07 12:30:00+00:00,NO,0.09287727117538447,0.13460474083389054,0.2,835.1887650204518,835.1887650204518,1168.6920000000002,2287.134,835.1887650204518,835.1887650204518,3214.72601930943,1.0,0.25980091616014683,kelly,7623.780000000001,7791.2800000000025,7623.780000000001,43.28,-878.4687650204518,0,11531.031225044822,12409.499990065275
2.0,static_20,66b295b9-ed48-41fe-8fd7-4cca0813f9f5,2025-07-08 15:30:00+00:00,2025-07-08 04:45:00+00:00,NO,0.07585252523422237,0.10836075033460339,0.2,624.755597838799,624.755597838799,1159.068,2002.194,624.755597838799,624.755597838799,2279.412849424282,1.0,0.27408619636262704,kelly,6795.84,7727.120000000001,6673.9800000000005,31.75,-656.505597838799,0,10874.525627206023,11531.031225044822
2.0,static_20,cba5ede2-0a93-430c-aa0b-4c48363996d9,2025-07-09 15:00:00+00:00,2025-07-09 01:30:00+00:00,YES,0.0751177150011062,0.08077173656032925,0.2,439.1771595896171,439.1771595896171,153.12900000000002,306.25800000000004,153.12900000000002,153.12900000000002,2191.8428571428576,1.0,0.0698631288739417,rolling_liq,1020.8600000000001,1020.8600000000001,1020.8600000000001,9.98,2028.7338571428577,1,12903.25948434888,10874.525627206023
2.0,static_20,473b6ccd-bea1-4377-b656-99e755056013,2025-07-09 16:00:00+00:00,2025-07-09 02:00:00+00:00,NO,0.21722968339920046,0.28211647194701356,0.2,1820.111021170674,1820.111021170674,50.688,101.376,50.688,50.688,230.40000000000003,1.0,0.21999999999999997,rolling_liq,337.92,337.92,337.92,2.77,176.94200000000004,1,13080.201484348881,12903.25948434888
2.0,static_20,e3e04e5c-30b5-4cd3-bef5-9e4a16bf0e89,2025-07-10 19:00:00+00:00,2025-07-10 04:45:00+00:00,NO,0.176479022204876,0.5882634073495866,0.2,3847.301947001097,2616.0402968697763,598.044,987.9959999999999,598.044,598.044,879.4764705882352,1.0,0.68,rolling_liq,3597.1200000000003,3986.96,3293.3199999999997,13.4,268.03247058823524,1,13348.233954937117,13080.201484348881
2.0,static_20,9bb7fd31-2faf-4602-bf65-4532dd75baba,2025-07-13 22:00:00+00:00,2025-07-13 05:15:00+00:00,NO,0.0949998521804809,0.13768094518910276,0.2,918.8987337605088,918.8987337605088,963.1349999999999,1860.8459999999998,918.8987337605088,918.8987337605088,3403.328643557441,1.0,0.2699999999999999,kelly,6420.9,6420.9,6202.82,46.96,2437.4699097969324,1,15785.703864734049,13348.233954937117
2.0,static_20,1dc8a33e-b81b-4a0d-91bf-0109943d729e,2025-07-13 22:00:00+00:00,2025-07-13 06:00:00+00:00,NO,0.2283735346794128,0.27850431058464975,0.2,2198.1932859705985,2198.1932859705985,2480.4990000000003,4935.4980000000005,2198.1932859705985,2198.1932859705985,14516.708037316239,1.0,0.15142505314014618,kelly,16536.660000000003,16536.660000000003,16451.660000000003,130.58,-2328.7732859705984,0,13456.930578763451,15785.703864734049
2.0,static_20,333e71e9-d362-4003-836b-7d936322e7d2,2025-07-16 00:00:00+00:00,2025-07-15 06:00:00+00:00,YES,0.06468308866024008,0.07187009851137786,0.2,483.5754631782512,483.5754631782512,599.13,1198.26,483.5754631782512,483.5754631782512,4835.754631782512,1.0,0.1,kelly,3994.2,3994.2,3994.2,30.47,-514.0454631782512,0,12942.8851155852,13456.930578763451
2.0,static_20,e380b602-7a50-4ce9-99e7-63c43f11724e,2025-07-16 02:00:00+00:00,2025-07-15 13:30:00+00:00,NO,0.21980795383453366,0.4676764975202844,0.2,3026.5415893321538,2588.5770231170404,2306.781,4286.202,2306.781,2306.781,4806.877083333333,1.0,0.4798918216565589,rolling_liq,14287.34,15378.54,14287.34,83.99,-2390.7709999999997,0,10552.114115585202,12942.8851155852
2.0,static_20,83fc47a0-fbb1-4f04-8af2-94e9a1fd566e,2025-07-16 17:00:00+00:00,2025-07-16 04:15:00+00:00,NO,0.1946576309204101,0.23738735478098796,0.2,1252.4692286229476,1252.4692286229476,75.018,150.036,75.018,75.018,455.0470588235294,1.0,0.16485767470720547,rolling_liq,500.12,500.12,500.12,4.39,-79.408,0,10472.706115585202,10552.114115585202
2.0,static_20,5e64c14b-9cf3-45d2-bd9d-f0af702d801f,2025-07-16 19:00:00+00:00,2025-07-16 07:00:00+00:00,NO,0.1349456548690796,0.207608699798584,0.2,1087.1124500146616,1087.1124500146616,4016.445,7975.212000000002,1087.1124500146616,1087.1124500146616,3561.330483918263,1.0,0.3052545825004687,kelly,26588.120000000003,26776.300000000003,26584.040000000008,52.87,-1139.9824500146615,0,9332.723665570542,10472.706115585202
2.0,static_20,1f15d85b-41ea-4e16-b597-b0e14ee9ba73,2025-07-16 23:30:00+00:00,2025-07-16 07:00:00+00:00,NO,0.10651913166046145,0.13656298930828392,0.2,637.2523210792391,637.2523210792391,2353.6380000000004,4700.795999999999,637.2523210792391,637.2523210792391,3186.261605396195,1.0,0.2,kelly,15669.32,15690.920000000002,15669.32,35.69,-672.942321079239,0,8659.781344491303,9332.723665570542
2.0,static_20,32cb5f24-0d87-4645-a3fd-dd1e0fd1a4f6,2025-07-23 00:00:00+00:00,2025-07-22 06:00:00+00:00,NO,0.09330237627029414,0.11378338569548066,0.2,492.669620379391,492.669620379391,557.973,1115.946,492.669620379391,492.669620379391,2739.386779885506,1.0,0.1798466810152243,kelly,3719.82,3719.82,3719.82,28.29,-520.959620379391,0,8138.821724111912,8659.781344491303
2.0,static_20,17812353-7592-47dc-9fe1-36f6bb0d8b9d,2025-07-24 02:00:00+00:00,2025-07-23 07:00:00+00:00,NO,0.17903590440750117,0.2594723252282626,0.2,1055.8994986868074,1055.8994986868074,1299.231,2598.462,1055.8994986868074,1055.8994986868074,4161.613456487721,1.0,0.25372358815322443,kelly,8661.54,8661.54,8661.54,55.16,3050.553957800914,1,11189.375681912825,8138.821724111912
2.0,static_20,d8bda49f-0b5d-428a-9697-070219652f4a,2025-07-25 00:30:00+00:00,2025-07-24 06:15:00+00:00,YES,0.12289219975471491,0.15755410224963448,0.2,881.4660201488334,881.4660201488334,2266.314,4532.628,881.4660201488334,881.4660201488334,4897.033445271297,1.0,0.18,kelly,15108.759999999998,15108.759999999998,15108.759999999998,50.6,-932.0660201488334,0,10257.309661763991,11189.375681912825
2.0,static_20,4d8cf7bd-df70-42d4-a4fd-14a6fcb736a9,2025-07-24 23:00:00+00:00,2025-07-24 12:45:00+00:00,YES,0.11587374210357665,0.21067953109741208,0.2,1080.5025949306962,1080.5025949306962,1524.2700000000002,3045.300000000001,1080.5025949306962,1080.5025949306962,2455.6877157515823,1.0,0.44,kelly,10151.000000000004,10161.800000000001,10151.000000000004,42.36,1332.8251208208862,1,11590.134782584877,10257.309661763991
2.0,static_20,585740b6-3c8b-4746-8808-e7635a88c710,2025-07-27 20:00:00+00:00,2025-07-27 04:15:00+00:00,YES,0.09930047273635859,0.1273082983799469,0.2,737.7601685825582,737.7601685825582,66.726,19.8,19.8,19.8,90.0,1.0,0.22,cumulative_liq,444.84000000000003,444.84000000000003,66.0,1.09,-20.89,0,11569.244782584878,11590.134782584877
2.0,static_20,548df81e-2319-4153-a4df-bf65932d74be,2025-07-27 23:00:00+00:00,2025-07-27 06:00:00+00:00,NO,0.06239434003829958,0.0810316104393501,0.2,468.73726814995075,468.73726814995075,0.063,0.126,0.063,0.063,0.3,1.0,0.21000000000000002,rolling_liq,0.42,0.42,0.42,0.01,0.22699999999999998,1,11569.471782584878,11569.244782584878
2.0,static_20,d5b4c575-bc11-412e-893d-9c6ed1889586,2025-07-27 22:00:00+00:00,2025-07-27 12:30:00+00:00,YES,0.1230686521530151,0.17333612979297902,0.2,1002.7037312711705,1002.7037312711705,1257.447,2424.5879999999997,1002.7037312711705,1002.7037312711705,3825.9397454487794,1.0,0.2620803771057702,kelly,8092.399999999999,8382.98,8081.96,51.8,-1054.5037312711704,0,10514.968051313708,11569.471782584878
2.0,static_20,6adda940-e25a-4b97-9334-bfcbbb00d303,2025-07-28 23:00:00+00:00,2025-07-28 12:30:00+00:00,YES,0.05657753527164458,0.06816570514655974,0.2,358.3801059056731,358.3801059056731,1468.644,2668.5180000000005,358.3801059056731,358.3801059056731,2248.500661910457,1.0,0.15938625768567596,kelly,9784.500000000002,9790.960000000001,8895.060000000001,21.09,-379.47010590567305,0,10135.497945408035,10514.968051313708
2.0,static_20,7a6fecee-f650-46ac-af8f-8dfc5ff13ae2,2025-07-29 23:30:00+00:00,2025-07-29 05:45:00+00:00,NO,0.11944526433944702,0.15926035245259604,0.2,807.0914875341233,807.0914875341233,849.846,1699.692,807.0914875341233,807.0914875341233,3563.962989278797,1.0,0.2264589980204722,kelly,5665.64,5665.64,5665.64,43.71,2713.161501744674,1,12848.65944715271,10135.497945408035
2.0,static_20,185c1d82-80ca-427a-bb34-b717e2127e2e,2025-07-30 23:00:00+00:00,2025-07-30 05:30:00+00:00,YES,0.15933475494384763,0.2655579249064127,0.2,1706.0316703075248,1706.0316703075248,82.04100000000001,164.08200000000002,82.04100000000001,82.04100000000001,207.75250000000003,1.0,0.39489777499669076,rolling_liq,546.94,546.94,546.94,3.48,122.23150000000001,1,12970.89094715271,12848.65944715271
2.0,static_20,c2f7980e-2390-45e9-8977-c6e6d2c1f545,2025-07-31 00:00:00+00:00,2025-07-30 07:00:00+00:00,NO,0.09089968681335447,0.12452011892240339,0.2,807.5684416344905,807.5684416344905,1487.856,2951.4060000000004,807.5684416344905,807.5684416344905,3106.417083209579,1.0,0.25996780857260265,kelly,9916.54,9919.04,9838.020000000002,41.84,-849.4084416344905,0,12121.48250551822,12970.89094715271
2.0,static_20,e8241b1f-576e-4bcf-b7d0-79606aa78b00,2025-07-31 00:00:00+00:00,2025-07-30 15:30:00+00:00,NO,0.16516225516796124,0.434637513599898,0.2,2634.2255086715504,2424.296501103644,3453.5009999999993,6454.8,2424.296501103644,2424.296501103644,4253.151756322183,1.0,0.5699999999999998,portfolio,21516.0,23023.339999999997,21516.0,72.98,1755.8752552185392,1,13877.357760736759,12121.48250551822
2.0,static_20,50578d4e-21ed-488c-ac01-1008b9b70e0d,2025-07-31 23:30:00+00:00,2025-07-31 05:45:00+00:00,NO,0.1513962113857269,0.2566037481114015,0.2,1780.4910076439492,1780.4910076439492,2446.8329999999996,4893.665999999999,1780.4910076439492,1780.4910076439492,5101.5171646969975,1.0,0.3490120586019239,kelly,16312.219999999998,16312.219999999998,16312.219999999998,81.14,3239.8861570530485,1,17117.24391778981,13877.357760736759
2.0,static_20,a1ca524f-e7ce-449f-ab32-66adea0ba523,2025-08-01 23:30:00+00:00,2025-08-01 05:45:00+00:00,NO,0.15966734647750846,0.3894325523841671,0.2,3333.0059943436227,3333.0059943436227,345.92699999999996,691.8539999999999,345.92699999999996,345.92699999999996,591.5372881355931,1.0,0.5847932276429986,rolling_liq,2306.18,2306.18,2306.18,10.06,235.55028813559318,1,17352.794205925402,17117.24391778981
2.0,static_20,64fb0c10-3ce1-4592-a3f9-65395a9e58af,2025-08-01 23:30:00+00:00,2025-08-01 15:00:00+00:00,YES,0.10673018932342532,0.18089862597190728,0.2,1569.5483143125896,1569.5483143125896,1953.723,3875.7119999999995,1569.5483143125896,1569.5483143125896,4149.021879769972,1.0,0.3782935737132357,kelly,13024.82,13024.82,12919.039999999999,68.31,2511.1635654573824,1,19863.957771382786,17352.794205925402
2.0,static_20,de06dc94-ceb2-41b8-bde0-f9f91c917d00,2025-08-03 22:00:00+00:00,2025-08-03 06:00:00+00:00,NO,0.07582804679870603,0.10531673166486949,0.2,1046.0035552055099,1046.0035552055099,495.339,854.85,495.339,495.339,2016.9560000000001,1.0,0.24558740993854103,rolling_liq,2887.5800000000004,3302.26,2849.5,26.16,-521.499,0,19342.458771382786,19863.957771382786
2.0,static_20,1dffe97b-d132-4697-af9f-8b08902da90d,2025-08-03 22:00:00+00:00,2025-08-03 06:00:00+00:00,YES,0.05085827469825738,0.05913752871890393,0.2,571.9326055434324,571.9326055434324,650.604,1226.07,571.9326055434324,571.9326055434324,4587.789273411018,1.0,0.12466409668336856,kelly,4124.6,4337.360000000001,4086.9,35.05,-606.9826055434323,0,18735.476165839355,19342.458771382786
2.0,static_20,cd325282-98cc-46dd-a9f0-e2d5d887b51f,2025-08-06 00:00:00+00:00,2025-08-05 07:00:00+00:00,YES,0.09239223599433899,0.12318964799245198,0.2,1154.008356920362,1154.008356920362,68.71499999999999,131.73,68.71499999999999,68.71499999999999,286.31249999999994,1.0,0.24000000000000002,rolling_liq,458.09999999999997,458.09999999999997,439.09999999999997,3.66,213.93749999999997,1,18949.413665839355,18735.476165839355
2.0,static_20,6a9e0ff7-c5b4-4a72-b217-41dc4a8caa4f,2025-08-06 02:00:00+00:00,2025-08-05 07:00:00+00:00,NO,0.3618546456098557,0.6579175374724648,0.2,6233.575787788051,3789.8827331678713,27.974999999999998,55.949999999999996,27.974999999999998,27.974999999999998,63.715909090909086,1.0,0.43905831995719635,rolling_liq,186.5,186.5,186.5,1.1,34.64090909090908,1,18984.054574930262,18949.413665839355
2.0,static_20,d300ee86-e2e0-4bf4-9247-1d7a3a859e07,2025-08-06 02:00:00+00:00,2025-08-05 07:00:00+00:00,NO,0.08956348419189453,0.10294653355390175,0.2,977.1713056435801,977.1713056435801,111.021,222.042,111.021,111.021,1062.190909090909,1.0,0.10452075898015253,rolling_liq,740.14,740.14,740.14,6.96,-117.981,0,18866.073574930262,18984.054574930262
2.0,static_20,0934f4d6-98dc-4543-b6bd-c04adfa95bf2,2025-08-08 02:00:00+00:00,2025-08-07 07:00:00+00:00,NO,0.14108287811279296,0.2275530292141822,0.2,2146.5160956765085,2146.5160956765085,604.338,1208.676,604.338,604.338,1678.7166666666667,1.0,0.36,rolling_liq,4028.9199999999996,4028.9199999999996,4028.9199999999996,27.08,-631.418,0,18234.65557493026,18866.073574930262
2.0,static_20,042c5181-7425-497a-8593-922c0cccfc16,2025-08-08 02:00:00+00:00,2025-08-07 07:00:00+00:00,NO,0.10052478075027471,0.12410466759293173,0.2,1131.5029343991598,1131.5029343991598,356.397,712.794,356.397,356.397,2096.45294117647,1.0,0.17000000000000004,rolling_liq,2375.98,2375.98,2375.98,20.71,-377.10699999999997,0,17857.54857493026,18234.65557493026
2.0,static_20,25596e43-21b0-4411-b093-a5ca0b6480d6,2025-08-09 02:00:00+00:00,2025-08-08 07:30:00+00:00,YES,0.13616769552230834,0.2778932561679762,0.2,2481.246160332587,2481.246160332587,682.281,1359.564,682.281,682.281,1392.4102040816329,1.0,0.4899999999999999,rolling_liq,4548.54,4548.54,4531.88,24.36,685.7692040816329,1,18543.317779011893,17857.54857493026
2.0,static_20,3a283716-466b-440c-a344-5994da2e16aa,2025-08-10 00:30:00+00:00,2025-08-09 13:15:00+00:00,YES,0.124353095293045,0.1943017113953828,0.2,1801.4991897052198,1801.4991897052198,6790.163999999999,13244.663999999999,1801.4991897052198,1801.4991897052198,5242.283399157771,1.0,0.343647806220215,kelly,45267.759999999995,45267.759999999995,44148.88,82.77,3358.0142094525513,1,21901.331988464444,18543.317779011893
2.0,static_20,2de72b4c-3c39-42c4-8321-18efac227563,2025-08-10 16:30:00+00:00,2025-08-10 02:30:00+00:00,NO,0.28335612535476684,0.4570260086367207,0.2,5004.739171257819,4380.266397692889,849.3959999999998,1681.4759999999999,849.3959999999998,849.3959999999998,2295.6648648648643,1.0,0.37000000000000005,rolling_liq,5662.639999999999,5662.639999999999,5604.92,37.46,1408.8088648648645,1,23310.140853329307,21901.331988464444
2.0,static_20,56ef45bc-fa3c-47bb-926c-8b9f8433bdb6,2025-08-10 20:00:00+00:00,2025-08-10 04:30:00+00:00,NO,0.146348443031311,0.24804820852764578,0.2,2891.019339597711,2891.019339597711,3073.0499999999997,6145.398,2891.019339597711,2891.019339597711,7357.898348994278,1.0,0.3929137373843814,kelly,20487.0,20487.0,20484.66,122.86,4344.0190093965675,1,27654.159862725875,23310.140853329307
2.0,static_20,2eb1473f-e48b-4a13-bb64-bb3604b03c6d,2025-08-10 22:00:00+00:00,2025-08-10 12:00:00+00:00,NO,0.13645145893096922,0.22741909821828205,0.2,3144.5420489826647,3144.5420489826647,6182.663999999999,12364.625999999998,3144.5420489826647,3144.5420489826647,8810.839024951847,1.0,0.3568947338701209,kelly,41215.42,41217.759999999995,41215.42,141.56,5524.736975969182,1,33178.89683869506,27654.159862725875
2.0,static_20,4b134f76-aff1-49fb-b585-3e9073eb44c2,2025-08-14 02:00:00+00:00,2025-08-13 08:00:00+00:00,NO,0.21488385438919066,0.4385384783452871,0.2,7275.111466408293,6635.779367739012,2507.1929999999998,5002.986,2507.1929999999998,2507.1929999999998,5991.221428571427,1.0,0.41847777283668613,rolling_liq,16676.62,16714.62,16676.62,102.06,3381.9684285714275,1,36560.86526726648,33178.89683869506
2.0,static_20,74f4d3c6-f105-49b3-bb25-ee57ac47d235,2025-08-13 23:30:00+00:00,2025-08-13 11:45:00+00:00,NO,0.12422191977500918,0.2343809807075645,0.2,4284.585728429525,4284.585728429525,2871.7530000000006,3752.8679999999995,2871.7530000000006,2871.7530000000006,6381.673333333335,1.0,0.44999999999999996,rolling_liq,12509.56,19145.020000000004,12509.56,110.57,3399.350333333334,1,39960.21560059982,36560.86526726648
2.0,static_20,fdec04dc-4b3e-4713-8640-3988c3e4f01f,2025-08-16 02:00:00+00:00,2025-08-15 07:15:00+00:00,NO,0.13219804048538208,0.20983815950060647,0.2,4192.589047438644,4192.589047438644,187.08599999999998,374.17199999999997,187.08599999999998,187.08599999999998,519.6833333333333,1.0,0.36,rolling_liq,1247.24,1247.24,1247.24,8.39,324.2073333333333,1,40284.42293393315,39960.21560059982
2.0,static_20,f69e50f9-fa32-4c94-9a1b-f8a270e47e4c,2025-08-16 02:00:00+00:00,2025-08-15 16:45:00+00:00,YES,0.15301872491836543,0.340041610929701,0.2,6849.19003491401,6849.19003491401,1393.776,2787.552,1393.776,1393.776,2584.3999999999996,1.0,0.5393035133880205,rolling_liq,9291.84,9291.84,9291.84,44.95,-1438.726,0,38845.69693393315,40284.42293393315
2.0,static_20,673f7bf8-4cb2-4836-9dec-4131b50da342,2025-08-16 18:00:00+00:00,2025-08-16 03:15:00+00:00,YES,0.29983103513717646,0.6814341707663102,0.2,13235.392639007066,7769.13938678663,4528.173,9056.346,4528.173,4528.173,8481.172222222223,1.0,0.5339088608689443,rolling_liq,30187.82,30187.82,30187.82,147.74,3805.259222222224,1,42650.95615615537,38845.69693393315
2.0,static_20,3495c00d-950e-4e49-87e6-3a022d1d9c1b,2025-08-17 19:00:00+00:00,2025-08-17 03:45:00+00:00,YES,0.1182247066497803,0.20038085872844116,0.2,4273.217610079753,4273.217610079753,472.3379999999999,941.232,472.3379999999999,472.3379999999999,1165.751219512195,1.0,0.4051790743119688,rolling_liq,3148.9199999999996,3148.9199999999996,3137.44,19.67,673.743219512195,1,43324.699375667566,42650.95615615537
2.0,static_20,b233aa62-25a1-489f-9f1a-ad31d9a6a7c2,2025-08-17 22:00:00+00:00,2025-08-17 10:45:00+00:00,NO,0.13120973110198975,0.2624194622039795,0.2,5684.622155155885,5684.622155155885,2070.216,4135.139999999999,2070.216,2070.216,4600.4800000000005,1.0,0.44999999999999996,rolling_liq,13801.44,13801.44,13783.8,79.71,2450.5540000000005,1,45775.25337566757,43324.699375667566
2.0,static_20,b6df91b4-c8f5-45f8-bebf-c6845d61912b,2025-08-19 23:00:00+00:00,2025-08-19 05:30:00+00:00,NO,0.2621755397319794,0.5140696857489792,0.2,11765.835058954663,9155.050675133514,1960.065,3920.13,1960.065,1960.065,4688.154761904762,1.0,0.418088800294562,rolling_liq,13067.1,13067.1,13067.1,79.85,-2039.915,0,43735.33837566757,45775.25337566757
2.0,static_20,2cc91c72-9797-403a-adc1-51f134d84117,2025-08-20 02:00:00+00:00,2025-08-19 07:00:00+00:00,YES,0.09672302126884458,0.13433752954006192,0.2,2937.648655492923,2937.648655492923,150.95700000000002,301.91400000000004,150.95700000000002,150.95700000000002,574.1370370370371,1.0,0.26292851751743357,rolling_liq,1006.3800000000001,1006.3800000000001,1006.3800000000001,7.79,-158.747,0,43576.591375667565,43735.33837566757
2.0,static_20,a1382913-f5c5-4721-9dee-4195779e9b68,2025-08-23 20:00:00+00:00,2025-08-23 04:00:00+00:00,NO,0.19466778397560125,0.34762104281357364,0.2,7574.070068135269,7574.070068135269,650.25,1300.5,650.25,650.25,1548.2142857142858,1.0,0.42,rolling_liq,4335.0,4335.0,4335.0,26.41,871.5542857142858,1,44448.14566138185,43576.591375667565
2.0,static_20,bb8576ec-3270-4ee6-9d85-f37e6e502af7,2025-08-24 19:00:00+00:00,2025-08-24 03:45:00+00:00,YES,0.1296231734752655,0.16618355573751986,0.2,3693.275445973826,3693.275445973826,543.273,1029.1260000000002,543.273,543.273,2546.6045454545456,1.0,0.21333229808675724,rolling_liq,3621.82,3621.82,3430.4200000000005,29.92,-573.193,0,43874.95266138185,44448.14566138185
2.0,static_20,0962940f-0261-4fce-b716-3a16393d43b7,2025-08-24 20:00:00+00:00,2025-08-24 05:45:00+00:00,NO,0.17109873175621026,0.39790402734002395,0.2,8729.01018165837,8729.01018165837,1808.4599999999998,3431.1720000000005,1808.4599999999998,1808.4599999999998,3552.313725490196,1.0,0.5090935485295416,rolling_liq,11437.240000000002,12056.4,11437.240000000002,62.15,1681.703725490196,1,45556.65638687205,43874.95266138185
2.0,static_20,ab22cb38-adf5-49e7-8d94-af37949f1527,2025-08-26 23:00:00+00:00,2025-08-26 06:00:00+00:00,YES,0.11368976593017577,0.18637666545930454,0.2,4245.3488534302705,4245.3488534302705,970.1759999999998,1921.6319999999998,970.1759999999998,970.1759999999998,2565.673684210526,1.0,0.37813694156454236,rolling_liq,6405.44,6467.839999999999,6405.44,42.24,1553.2576842105261,1,47109.914071082574,45556.65638687205
2.0,static_20,467aedcd-fa42-4992-9a69-fce47d1ece15,2025-08-28 00:00:00+00:00,2025-08-27 16:00:00+00:00,NO,0.15859810590744017,0.33041272064050037,0.2,7782.857438683292,7782.857438683292,1543.203,2728.23,1543.203,1543.203,3036.045098039215,1.0,0.5082938329857665,rolling_liq,10288.02,10288.02,9094.1,53.12,1439.7220980392153,1,48549.63616912179,47109.914071082574
2.0,static_20,6d17df9c-9585-4b14-b1ab-7334c0443b45,2025-08-30 02:00:00+00:00,2025-08-29 07:15:00+00:00,NO,0.14991149187088015,0.28285187145449087,0.2,6866.177724435369,6866.177724435369,1827.945,3647.52,1827.945,1827.945,4248.465909090909,1.0,0.43026001364128763,rolling_liq,12186.3,12186.3,12158.4,72.91,2347.6109090909094,1,50897.2470782127,48549.63616912179
2.0,static_20,eef5e74b-cdc8-45c9-b34e-c80089a44b6d,2025-09-01 00:00:00+00:00,2025-08-31 06:00:00+00:00,NO,0.12026148080825805,0.1625155146057541,0.2,4135.796150465976,4135.796150465976,717.4290000000001,1434.8580000000002,717.4290000000001,717.4290000000001,3354.13181818182,1.0,0.21389409805274082,rolling_liq,4782.860000000001,4782.860000000001,4782.860000000001,39.48,-756.9090000000001,0,50140.3380782127,50897.2470782127
2.0,static_20,2f5baf0d-dd06-464d-95dd-177924f443c9,2025-09-04 00:00:00+00:00,2025-09-03 06:00:00+00:00,NO,0.20699598312377931,0.3980691983149602,0.2,9979.6620910176,9979.6620910176,748.1460000000001,1496.2920000000001,748.1460000000001,748.1460000000001,1667.4355555555555,1.0,0.44868060867919607,rolling_liq,4987.64,4987.64,4987.64,28.88,-777.0260000000001,0,49363.3120782127,50140.3380782127
2.0,static_20,b69d86fb-d73a-4b99-bec9-88e73e7ce25b,2025-09-05 02:00:00+00:00,2025-09-04 12:45:00+00:00,NO,0.05718323230743405,0.06807527655646911,0.2,1680.2105607338108,1680.2105607338108,211.02899999999997,417.28800000000007,211.02899999999997,211.02899999999997,1507.3499999999997,1.0,0.14,rolling_liq,1390.9600000000003,1406.86,1390.9600000000003,12.71,-223.73899999999998,0,49139.5730782127,49363.3120782127
2.0,static_20,f9c188c7-35cd-436c-8d11-7f1b0131ba33,2025-09-05 23:30:00+00:00,2025-09-05 10:30:00+00:00,NO,0.06474714040756224,0.07528737256693284,0.2,1849.7946730597112,1849.7946730597112,339.585,670.854,339.585,339.585,2612.192307692307,1.0,0.13,rolling_liq,2236.1800000000003,2263.9,2236.1800000000003,20.69,-360.275,0,48779.2980782127,49139.5730782127
2.0,static_20,e9ff9be0-15cb-4e16-86a5-89be878b6745,2025-09-10 02:00:00+00:00,2025-09-09 07:00:00+00:00,NO,0.2139049685001373,0.30127460352132013,0.2,7347.981844280912,7347.981844280912,1800.825,3601.65,1800.825,1800.825,6859.574074074075,1.0,0.2625272328213878,rolling_liq,12005.5,12005.5,12005.5,92.97,-1893.795,0,46885.5030782127,48779.2980782127
2.0,static_20,31d89653-50a1-4688-b507-15c8e12dad33,2025-09-09 23:30:00+00:00,2025-09-09 12:30:00+00:00,NO,0.16207829356193537,0.3683597580953077,0.2,8635.366286033617,8635.366286033617,1661.1899999999998,3286.8120000000004,1661.1899999999998,1661.1899999999998,3133.796296296296,1.0,0.5300886984783572,rolling_liq,10956.04,11074.599999999999,10956.04,54.65,-1715.84,0,45169.6630782127,46885.5030782127
2.0,static_20,93a98ff0-ed90-4c11-8f56-dfd70e55ed58,2025-09-12 00:00:00+00:00,2025-09-11 07:00:00+00:00,NO,0.1892402425408365,0.6308008084694549,0.2,14246.529994014729,9033.932615642541,545.6610000000001,1035.882,545.6610000000001,545.6610000000001,819.0164179104479,1.0,0.6662393916255573,rolling_liq,3637.7400000000002,3637.7400000000002,3452.9400000000005,12.75,-558.4110000000001,0,44611.2520782127,45169.6630782127
2.0,static_20,2fb00c07-3995-4420-aa53-e0b95160a91a,2025-09-18 02:00:00+00:00,2025-09-17 16:15:00+00:00,YES,0.07049068570137018,0.08702553790292615,0.2,1941.1591043147464,1941.1591043147464,1287.825,2557.9799999999996,1287.825,1287.825,8093.15625,1.0,0.1591251867897645,rolling_liq,8538.380000000001,8585.5,8526.599999999999,75.81,-1363.635,0,43247.6170782127,44611.2520782127
2.0,static_20,30981dda-706d-44fc-9eb4-b6f8c5a3e874,2025-09-24 01:30:00+00:00,2025-09-22 23:30:00+00:00,NO,0.11262015342712406,0.14255715623686588,0.2,3082.6286523454587,3082.6286523454587,751.8599999999999,1502.3999999999999,751.8599999999999,751.8599999999999,3759.3,1.0,0.19999999999999996,rolling_liq,5012.4,5012.4,5008.0,42.11,-793.9699999999999,0,42453.6470782127,43247.6170782127
2.0,static_20,fb31c505-de82-4d70-a8a2-a91dbaacd1ee,2025-09-29 00:00:00+00:00,2025-09-28 02:30:00+00:00,NO,0.18119778752326965,0.29225449600527365,0.2,6203.634615214405,6203.634615214405,6091.400999999999,12179.561999999998,6091.400999999999,6091.400999999999,17405.945714285714,1.0,0.34996093288976293,rolling_liq,40598.53999999999,40609.34,40598.53999999999,277.18,-6368.580999999999,0,36085.0660782127,42453.6470782127
2.0,static_20,fc11987d-5051-4621-94f9-17a356691802,2025-10-01 01:30:00+00:00,2025-09-30 01:15:00+00:00,NO,0.06506288051605225,0.08675050735473633,0.2,1565.1988951070687,1565.1988951070687,4034.3160000000003,7766.3820000000005,1565.1988951070687,1565.1988951070687,7114.540432304858,1.0,0.22,kelly,26888.94,26895.440000000002,25887.940000000002,85.46,-1650.6588951070687,0,34434.407183105635,36085.0660782127
2.0,static_20,4a8a3c5a-81ad-462c-b4cb-3300d1eea8c3,2025-10-09 00:00:00+00:00,2025-10-07 11:00:00+00:00,NO,0.16387164235115048,0.2777485463578822,0.2,4782.053269901504,4782.053269901504,16264.304999999998,32528.609999999997,4782.053269901504,4782.053269901504,13036.5764051392,1.0,0.36681818303280544,kelly,108428.7,108428.7,108428.7,211.96,8042.563135237696,1,42476.97031834333,34434.407183105635
2.0,uncapped,d1bd5e4c-1d9e-47c6-b24e-52544a1a2c13,2025-05-22 23:30:00+00:00,2025-05-22 13:00:00+00:00,YES,0.18705255270004273,0.2969088138095916,,742.2720345239791,742.2720345239791,319.01999999999987,622.464,319.01999999999987,319.01999999999987,916.8571428571425,1.0,0.3479495169834839,rolling_liq,2074.88,2126.7999999999993,2074.88,14.57,-333.58999999999986,0,4666.41,5000.0
2.0,uncapped,b8786c5b-6a05-49e0-9ba2-0bc7db3e8a60,2025-05-24 02:00:00+00:00,2025-05-23 12:30:00+00:00,NO,0.08980293750762935,0.10819631025015586,,252.4441720572149,252.4441720572149,262.371,524.742,252.4441720572149,252.4441720572149,2688.841720572149,1.0,0.09388584315907528,kelly,1749.1399999999999,1749.1399999999999,1749.1399999999999,16.02,-268.4641720572149,0,4397.945827942785,4666.41
2.0,uncapped,a35a38a3-fdb6-40a3-86f1-842d77ac32bf,2025-05-24 02:00:00+00:00,2025-05-23 12:30:00+00:00,NO,0.32377356052398687,0.3997204450913418,,878.9744319164499,878.9744319164499,76.182,152.364,76.182,76.182,476.1375,1.0,0.16,rolling_liq,507.88,507.88,507.88,4.48,395.47549999999995,1,4793.421327942785,4397.945827942785
2.0,uncapped,92c4a40c-74f4-4a28-be37-18237fca81a5,2025-05-23 23:30:00+00:00,2025-05-23 12:30:00+00:00,NO,0.09931676149368285,0.11548460638800331,,276.78318765466634,276.78318765466634,115.66499999999999,231.32999999999998,115.66499999999999,115.66499999999999,1445.8124999999998,1.0,0.08,rolling_liq,771.1,771.1,771.1,7.45,-123.115,0,4670.306327942785,4793.421327942785
2.0,uncapped,10582ee6-a493-4e18-9878-6203b5e8065d,2025-05-24 02:00:00+00:00,2025-05-23 12:30:00+00:00,NO,0.08664486169815067,0.13128009348204644,,306.55912566106093,306.55912566106093,304.98599999999993,609.9719999999999,304.98599999999993,304.98599999999993,1017.4866666666665,1.0,0.29974446839598223,rolling_liq,2033.2399999999998,2033.2399999999998,2033.2399999999998,14.95,-319.9359999999999,0,4350.3703279427855,4670.306327942785
2.0,uncapped,b0d98920-a05f-481d-9dea-7046f3e6fc33,2025-05-25 19:00:00+00:00,2025-05-25 05:00:00+00:00,NO,0.19932658433914185,0.26227182149887085,,570.4897750520972,570.4897750520972,293.538,587.076,293.538,293.538,1467.69,1.0,0.2,rolling_liq,1956.9200000000003,1956.9200000000003,1956.9200000000003,16.44,-309.978,0,4040.3923279427854,4350.3703279427855
2.0,uncapped,bbd4ae77-444a-4dfe-ad87-70233844aa1d,2025-05-25 22:00:00+00:00,2025-05-25 14:00:00+00:00,NO,0.1071816420555115,0.1623964273568356,,328.0726395889382,328.0726395889382,109.82999999999998,219.65999999999997,109.82999999999998,109.82999999999998,340.030303030303,1.0,0.32300062383031813,rolling_liq,732.1999999999999,732.1999999999999,732.1999999999999,5.21,-115.03999999999998,0,3925.3523279427855,4040.3923279427854
2.0,uncapped,5f3d74e1-8cdd-4616-aedf-f1e90dc75db0,2025-05-27 23:00:00+00:00,2025-05-27 05:45:00+00:00,NO,0.0740113401412964,0.08315880914752405,,163.21381253809167,163.21381253809167,136.85399999999998,273.70799999999997,136.85399999999998,136.85399999999998,1968.4857142857138,1.0,0.06952247557948824,rolling_liq,912.36,912.36,912.36,8.92,-145.77399999999997,0,3779.5783279427856,3925.3523279427855
2.0,uncapped,8a594783-4b88-43cd-b381-a8660e3a0766,2025-05-27 23:00:00+00:00,2025-05-27 13:00:00+00:00,YES,0.3129020285606384,0.5046806912268361,,953.7401015460673,953.7401015460673,483.93899999999996,956.4779999999998,483.93899999999996,483.93899999999996,1307.9432432432432,1.0,0.37,rolling_liq,3188.2599999999998,3226.2599999999998,3188.2599999999998,21.35,-505.289,0,3274.2893279427853,3779.5783279427856
2.0,uncapped,ee675eed-ef15-494e-a8f4-e0202373e26c,2025-05-28 00:00:00+00:00,2025-05-27 13:00:00+00:00,NO,0.08173902988433834,0.11512539420329344,,188.47692480752497,188.47692480752497,100.11299999999999,200.22599999999997,100.11299999999999,100.11299999999999,400.45199999999994,1.0,0.25,rolling_liq,667.42,667.42,667.42,5.26,-105.37299999999999,0,3168.9163279427853,3274.2893279427853
2.0,uncapped,a17fdde4-604b-4197-8c9a-97dc9b78c44e,2025-05-29 23:00:00+00:00,2025-05-29 13:00:00+00:00,NO,0.09309141159057621,0.10118631694627848,,160.32548596772781,160.32548596772781,31.056,62.112,31.056,31.056,453.9428571428571,1.0,0.06841389728096678,rolling_liq,207.04000000000002,207.04000000000002,207.04000000000002,2.03,-33.086,0,3135.8303279427855,3168.9163279427853
2.0,uncapped,1d299098-034f-480d-af99-bcebd640859e,2025-05-30 23:30:00+00:00,2025-05-30 12:15:00+00:00,NO,0.07657644748687742,0.0900899382198558,,141.25338025615784,141.25338025615784,90.71400000000001,107.11200000000002,90.71400000000001,90.71400000000001,713.3384615384616,1.0,0.1271682446567602,rolling_liq,604.7600000000001,604.7600000000001,357.0400000000001,5.55,617.0744615384616,1,3752.904789481247,3135.8303279427855
2.0,uncapped,c9d9dbf0-f3e6-4f3f-b2a5-e83fe165023d,2025-06-01 22:00:00+00:00,2025-06-01 05:15:00+00:00,NO,0.14538862824440002,0.23449778749096778,,440.0239348988043,440.0239348988043,485.05799999999994,968.6039999999999,440.0239348988043,440.0239348988043,1257.2112425680125,1.0,0.35,kelly,3233.72,3233.72,3228.68,20.03,797.1573076692082,1,4550.062097150455,3752.904789481247
2.0,uncapped,9998a61a-229c-44c2-b892-ee5b1ea16c23,2025-06-02 00:30:00+00:00,2025-06-01 12:15:00+00:00,YES,0.0670652312040329,0.08178686732199134,,186.06766252323297,186.06766252323297,895.032,1784.0159999999998,186.06766252323297,186.06766252323297,1332.9118751659496,1.0,0.13959487194160322,kelly,5966.88,5966.88,5946.719999999999,11.21,-197.27766252323298,0,4352.784434627222,4550.062097150455
2.0,uncapped,272d53ae-a46b-43bc-ac0f-8a846e03a9d1,2025-06-04 00:00:00+00:00,2025-06-03 12:30:00+00:00,NO,0.12299813508987423,0.14819052420466775,,322.5207035586632,322.5207035586632,216.83100000000002,424.932,216.83100000000002,216.83100000000002,1680.2384615384617,1.0,0.12904775421071185,rolling_liq,1416.44,1445.5400000000002,1416.44,13.22,-230.05100000000002,0,4122.733434627222,4352.784434627222
2.0,uncapped,f8baaf5b-f1fa-4923-9eec-e85ed7a82142,2025-06-05 23:30:00+00:00,2025-06-05 06:15:00+00:00,YES,0.0730656540393829,0.08496006283649174,,175.1338458320171,175.1338458320171,167.32800000000003,334.65600000000006,167.32800000000003,167.32800000000003,1414.5666666666668,1.0,0.11828922873907205,rolling_liq,1115.5200000000002,1115.5200000000002,1115.5200000000002,10.33,-177.65800000000004,0,3945.075434627222,4122.733434627222
2.0,uncapped,45eb60bf-a1b9-4f49-90cb-62097ff47bbd,2025-06-06 02:00:00+00:00,2025-06-05 13:00:00+00:00,NO,0.1447575712203979,0.20979358147883756,,413.8257523173133,413.8257523173133,798.012,1573.5239999999997,413.8257523173133,413.8257523173133,1455.3301804045284,1.0,0.28435179719992126,kelly,5245.079999999999,5320.08,5245.079999999999,20.74,-434.5657523173133,0,3510.509682309909,3945.075434627222
2.0,uncapped,772cef5b-3110-4eaf-a68b-6eb3cd04f42a,2025-06-06 23:30:00+00:00,2025-06-06 12:15:00+00:00,YES,0.1407347512245178,0.18277240418768548,,320.812147279965,320.812147279965,662.31,1324.62,320.812147279965,320.812147279965,1782.2897071109169,1.0,0.18,kelly,4415.4,4415.4,4415.4,18.42,1443.0575598309517,1,4953.567242140861,3510.509682309909
2.0,uncapped,8b0ee0bd-54cf-4be2-a8ba-b16813be20b6,2025-06-07 19:00:00+00:00,2025-06-07 04:30:00+00:00,YES,0.1381078326702118,0.1644140865121569,,407.21811654656693,407.21811654656693,532.4009999999998,892.8660000000001,407.21811654656693,407.21811654656693,2859.720776977113,1.0,0.14239785919834438,kelly,3523.42,3549.3399999999992,2976.2200000000003,24.45,2428.0526604305464,1,7381.619902571407,4953.567242140861
2.0,uncapped,639e72ff-50dd-401b-a2a8-dd49fdd02b89,2025-06-08 02:00:00+00:00,2025-06-07 12:15:00+00:00,YES,0.13786698698997496,0.20577162237309699,,759.4639515468302,759.4639515468302,465.7649999999999,918.09,465.7649999999999,465.7649999999999,1455.5156249999995,1.0,0.32,rolling_liq,3105.0999999999995,3105.0999999999995,3060.3,22.18,-487.9449999999999,0,6893.674902571407,7381.619902571407
2.0,uncapped,5e1d090c-1c51-494b-8c1f-1f1ba520ee2a,2025-06-10 02:00:00+00:00,2025-06-09 12:30:00+00:00,NO,0.24757077574729924,0.3640746702166165,,1254.9062083671254,1254.9062083671254,926.196,1846.2720000000002,926.196,926.196,3307.8428571428576,1.0,0.27999999999999997,rolling_liq,6174.64,6174.64,6154.240000000001,46.69,2334.9568571428576,1,9228.631759714264,6893.674902571407
2.0,uncapped,4a60d4ef-8d10-4f25-bab6-346332242fd5,2025-06-10 23:30:00+00:00,2025-06-10 12:15:00+00:00,NO,0.12558921575546267,0.19321417808532718,,891.5512501526691,891.5512501526691,531.51,1040.496,531.51,531.51,1610.6363636363635,1.0,0.33,rolling_liq,3543.4,3543.4,3468.32,24.93,-556.4399999999999,0,8672.191759714264,9228.631759714264
2.0,uncapped,84da0d09-cdf5-46a5-89eb-d489373ed8ed,2025-06-12 02:00:00+00:00,2025-06-11 13:30:00+00:00,NO,0.11724735021591182,0.1429845734340388,,619.9948197504652,619.9948197504652,3.717,6.005999999999999,3.717,3.717,21.86470588235294,1.0,0.17,rolling_liq,20.02,24.78,20.02,0.22,17.927705882352942,1,8690.119465596617,8672.191759714264
2.0,uncapped,c95f06b7-8138-460b-bc1d-e9c9478156eb,2025-06-13 23:30:00+00:00,2025-06-13 06:00:00+00:00,NO,0.07324323654174802,0.08616851357852709,,374.4073385851423,374.4073385851423,501.39000000000004,998.4959999999999,374.4073385851423,374.4073385851423,3120.0611548761863,1.0,0.12,kelly,3342.6000000000004,3342.6000000000004,3328.3199999999997,23.07,-397.4773385851423,0,8292.642127011475,8690.119465596617
2.0,uncapped,ee13e918-b149-4c1e-8ae9-03cf0618c5d9,2025-06-15 00:30:00+00:00,2025-06-14 06:30:00+00:00,YES,0.22761168122291559,0.30758335300393996,,1275.3393353439571,1275.3393353439571,3793.9410000000003,7587.8820000000005,1275.3393353439571,1275.3393353439571,6379.196676719787,1.0,0.19992162022503163,kelly,25292.940000000002,25292.940000000002,25292.940000000002,71.43,5032.42734137583,1,13325.069468387304,8292.642127011475
2.0,uncapped,7162ed3d-7135-4801-b3a8-ba85cbcaa7ea,2025-06-15 22:00:00+00:00,2025-06-15 05:30:00+00:00,YES,0.2125312566757202,0.38642046668312763,,2574.5397812796587,2574.5397812796587,2035.989,4071.978,2035.989,2035.989,5701.469444444445,1.0,0.3570989934855975,rolling_liq,13573.26,13573.26,13573.26,91.63,-2127.619,0,11197.450468387304,13325.069468387304
2.0,uncapped,acf4a696-dabb-4821-9d7a-7417121d43a8,2025-06-17 23:00:00+00:00,2025-06-17 05:45:00+00:00,NO,0.10341833353042607,0.1124112320982892,,629.3596017554911,629.3596017554911,210.97800000000004,419.814,210.97800000000004,210.97800000000004,3014.8285714285716,1.0,0.06998009837090952,rolling_liq,1406.5200000000002,1406.5200000000002,1399.38,13.74,-224.71800000000005,0,10972.732468387303,11197.450468387304
2.0,uncapped,f992552a-94d9-40c8-aa4b-fa5c7bf321fd,2025-06-18 00:00:00+00:00,2025-06-17 06:15:00+00:00,NO,0.2464600276947021,0.4323860134994774,,2372.2280246011333,2372.2280246011333,2640.9149999999995,5281.829999999999,2372.2280246011333,2372.2280246011333,5855.287864880812,1.0,0.4051428519559937,kelly,17606.1,17606.1,17606.1,98.78,-2471.0080246011335,0,8501.72444378617,10972.732468387303
2.0,uncapped,326d833a-4a17-4fec-882e-c3699065a0ed,2025-06-18 00:00:00+00:00,2025-06-17 07:00:00+00:00,NO,0.11250839233398435,0.13236281451056983,,562.6560877864232,562.6560877864232,74.09400000000001,148.18800000000002,74.09400000000001,74.09400000000001,617.9500000000002,1.0,0.11990290476575773,rolling_liq,493.96000000000004,493.96000000000004,493.96000000000004,4.57,-78.66400000000002,0,8423.06044378617,8501.72444378617
2.0,uncapped,4f5eef0b-7151-49c4-bc34-46d08d1e5ca1,2025-06-18 02:00:00+00:00,2025-06-17 12:30:00+00:00,YES,0.15919422030448907,0.20674574065518062,,870.7159350169629,870.7159350169629,253.35299999999998,435.228,253.35299999999998,253.35299999999998,1101.9695652173912,1.0,0.22990925339214766,rolling_liq,1672.46,1689.02,1450.76,13.66,-267.013,0,8156.047443786169,8423.06044378617
2.0,uncapped,42f7582e-79b3-4a78-88ba-0245ebd00b6b,2025-06-18 23:00:00+00:00,2025-06-18 06:15:00+00:00,YES,0.2191847121715545,0.2548659443855285,,1039.3493671068688,1039.3493671068688,1855.4759999999999,3699.36,1039.3493671068688,1039.3493671068688,10393.493671068687,1.0,0.10000000000000002,kelly,12368.16,12369.84,12331.2,65.48,-1104.8293671068689,0,7051.218076679301,8156.047443786169
2.0,uncapped,57909126-867a-49a0-bc68-8c65ff35b9dd,2025-06-20 02:00:00+00:00,2025-06-19 13:45:00+00:00,YES,0.23086082577705377,0.2748343164012545,,968.9583499501621,968.9583499501621,94.536,188.97599999999997,94.536,94.536,607.85,1.0,0.1555252118121247,rolling_liq,629.92,630.24,629.92,5.59,507.7240000000001,1,7558.942076679301,7051.218076679301
2.0,uncapped,5cc2b6cf-49a3-4f54-a14e-88d92bf3ac7a,2025-06-20 23:30:00+00:00,2025-06-20 06:00:00+00:00,YES,0.19484763860702514,0.31427038485004055,,1187.7758177485844,1187.7758177485844,819.9749999999998,1639.9499999999996,819.9749999999998,819.9749999999998,2345.8142857142852,1.0,0.3495481313220508,rolling_liq,5466.499999999999,5466.499999999999,5466.499999999999,37.34,-857.3149999999998,0,6701.627076679301,7558.942076679301
2.0,uncapped,36996288-3356-4ce9-b751-b31f6890cd69,2025-06-22 19:00:00+00:00,2025-06-22 07:15:00+00:00,YES,0.12237302303314207,0.22661670932063344,,759.3503376055598,759.3503376055598,57.27000000000001,111.78,57.27000000000001,57.27000000000001,124.50000000000001,1.0,0.46,rolling_liq,372.6,381.80000000000007,372.6,2.17,65.06,1,6766.687076679302,6701.627076679301
2.0,uncapped,4bfeb202-768f-487c-a416-9c9a314242a6,2025-06-25 00:00:00+00:00,2025-06-24 06:15:00+00:00,YES,0.08991959929466248,0.13031825984733694,,440.91144238215503,440.91144238215503,1.395,2.79,1.395,1.395,4.5,1.0,0.31,rolling_liq,9.3,9.3,9.3,0.07,3.035,1,6769.722076679302,6766.687076679302
2.0,uncapped,e6fdfe56-f4ef-4bab-8f24-19a99adb7f6f,2025-06-26 02:00:00+00:00,2025-06-25 12:15:00+00:00,NO,0.07732540607452387,0.08226107029204668,,278.4422918036681,278.4422918036681,178.08,356.16,178.08,178.08,3561.6000000000004,1.0,0.049999999999999996,rolling_liq,1187.2,1187.2,1187.2,11.85,-189.93,0,6579.792076679301,6769.722076679302
2.0,uncapped,1c528f37-bdd0-449a-99b5-7a8d174e4243,2025-06-26 02:00:00+00:00,2025-06-25 15:45:00+00:00,YES,0.0853763997554779,0.10672049969434737,,351.0993491540613,351.0993491540613,320.95500000000004,637.9500000000002,320.95500000000004,320.95500000000004,1610.2750000000005,1.0,0.19931688686715,rolling_liq,2139.7000000000003,2139.7000000000003,2126.5000000000005,17.99,-338.94500000000005,0,6240.847076679302,6579.792076679301
2.0,uncapped,fd8a85e4-5aac-47f6-b278-e1f1fa69b82d,2025-06-27 02:00:00+00:00,2025-06-26 12:15:00+00:00,NO,0.08030236721038819,0.10566100948735288,,329.7071010890651,329.7071010890651,1931.757,3855.6479999999997,329.7071010890651,329.7071010890651,1648.5355054453253,1.0,0.2,kelly,12878.380000000001,12878.380000000001,12852.16,18.47,1300.3584043562603,1,7541.205481035562,6240.847076679302
2.0,uncapped,4e456309-00d3-4582-8f89-1c9049054791,2025-06-27 23:30:00+00:00,2025-06-27 12:30:00+00:00,NO,0.12750528216362,0.2500103571835686,,942.6897379541931,942.6897379541931,1684.9019999999998,3369.8039999999996,942.6897379541931,942.6897379541931,2049.3255172917243,1.0,0.45999999999999996,kelly,11232.679999999998,11232.679999999998,11232.679999999998,35.64,1070.995779337531,1,8612.201260373093,7541.205481035562
2.0,uncapped,f2a059a9-b803-4538-b746-3868679fa790,2025-06-28 02:00:00+00:00,2025-06-27 12:45:00+00:00,NO,0.05228370666503901,0.055620964537275545,,239.5094704455458,239.5094704455458,218.11500000000004,436.2300000000001,218.11500000000004,218.11500000000004,4362.300000000001,1.0,0.049999999999999996,rolling_liq,1454.1000000000004,1454.1000000000004,1454.1000000000004,14.51,-232.62500000000003,0,8379.576260373093,8612.201260373093
2.0,uncapped,02291b17-b5ee-4973-b184-51149f2c1817,2025-06-28 02:00:00+00:00,2025-06-27 14:00:00+00:00,NO,0.14177390813827517,0.26749793988353804,,1120.7596933734021,1120.7596933734021,1795.8990000000001,3562.752,1120.7596933734021,1120.7596933734021,2437.9558551595696,1.0,0.4597128742103683,kelly,11972.660000000002,11972.660000000002,11875.84,42.39,-1163.1496933734022,0,7216.42656699969,8379.576260373093
2.0,uncapped,8a325ea5-03e5-4940-bb7a-2eb4c8b2b077,2025-06-29 20:00:00+00:00,2025-06-29 04:30:00+00:00,NO,0.19611328840255737,0.26148438453674316,,943.4914297132582,943.4914297132582,767.1089999999999,1533.4979999999998,767.1089999999999,767.1089999999999,3200.4541666666664,1.0,0.23968754434591966,rolling_liq,5111.66,5114.0599999999995,5111.66,40.83,2392.5151666666666,1,9608.941733666357,7216.42656699969
2.0,uncapped,475cc53b-e563-4217-a5dc-930581369bab,2025-06-29 22:00:00+00:00,2025-06-29 05:30:00+00:00,NO,0.07646610498428341,0.10769873941448369,,517.4354559115451,517.4354559115451,251.916,447.87600000000003,251.916,251.916,901.5034482758621,1.0,0.27943986291099926,rolling_liq,1546.92,1679.44,1492.92,12.71,636.877448275862,1,10245.819181942219,9608.941733666357
2.0,uncapped,01384c8c-e038-4abe-b80a-901c44d112ce,2025-07-03 23:00:00+00:00,2025-07-03 05:45:00+00:00,YES,0.14452980518341063,0.23693410685805022,,1213.7920084512791,1213.7920084512791,9702.483,19265.735999999997,1213.7920084512791,1213.7920084512791,3467.977167003655,1.0,0.35,kelly,64683.22,64683.22,64219.11999999999,55.23,2198.9551585523755,1,12444.774340494594,10245.819181942219
2.0,uncapped,21815dfe-7533-4983-9fc4-01b7e5798634,2025-07-03 23:30:00+00:00,2025-07-03 12:15:00+00:00,YES,0.12719794988632205,0.23999613186098498,,1493.3488518007714,1493.3488518007714,256.61999999999995,508.16399999999993,256.61999999999995,256.61999999999995,546.0,1.0,0.4699999999999999,rolling_liq,1710.7999999999997,1710.7999999999997,1693.8799999999999,9.53,-266.1499999999999,0,12178.624340494594,12444.774340494594
2.0,uncapped,a4d71aea-7129-4510-a0c0-686300cd53cf,2025-07-07 23:30:00+00:00,2025-07-07 12:30:00+00:00,NO,0.09287727117538447,0.13460474083389054,,819.650286532793,819.650286532793,1168.6920000000002,2287.134,819.650286532793,819.650286532793,3154.962640510742,1.0,0.25979714498302386,kelly,7623.780000000001,7791.2800000000025,7623.780000000001,42.47,-862.120286532793,0,11316.504053961802,12178.624340494594
2.0,uncapped,66b295b9-ed48-41fe-8fd7-4cca0813f9f5,2025-07-08 15:30:00+00:00,2025-07-08 04:45:00+00:00,NO,0.07585252523422237,0.10836075033460339,,613.132435225941,613.132435225941,1159.068,2002.194,613.132435225941,613.132435225941,2237.9015543783607,1.0,0.27397650000571877,kelly,6795.84,7727.120000000001,6673.9800000000005,31.17,-644.3024352259409,0,10672.20161873586,11316.504053961802
2.0,uncapped,cba5ede2-0a93-430c-aa0b-4c48363996d9,2025-07-09 15:00:00+00:00,2025-07-09 01:30:00+00:00,YES,0.0751177150011062,0.08077173656032925,,431.0061288336262,431.0061288336262,153.12900000000002,306.25800000000004,153.12900000000002,153.12900000000002,2191.8428571428576,1.0,0.0698631288739417,rolling_liq,1020.8600000000001,1020.8600000000001,1020.8600000000001,9.98,2028.7338571428577,1,12700.935475878718,10672.20161873586
2.0,uncapped,473b6ccd-bea1-4377-b656-99e755056013,2025-07-09 16:00:00+00:00,2025-07-09 02:00:00+00:00,NO,0.21722968339920046,0.28211647194701356,,1791.5715534407839,1791.5715534407839,50.688,101.376,50.688,50.688,230.40000000000003,1.0,0.21999999999999997,rolling_liq,337.92,337.92,337.92,2.77,176.94200000000004,1,12877.877475878719,12700.935475878718
2.0,uncapped,e3e04e5c-30b5-4cd3-bef5-9e4a16bf0e89,2025-07-10 19:00:00+00:00,2025-07-10 04:45:00+00:00,NO,0.176479022204876,0.5882634073495866,,3787.7920416954544,3787.7920416954544,598.044,987.9959999999999,598.044,598.044,879.4764705882352,1.0,0.68,rolling_liq,3597.1200000000003,3986.96,3293.3199999999997,13.4,268.03247058823524,1,13145.909946466954,12877.877475878719
2.0,uncapped,9bb7fd31-2faf-4602-bf65-4532dd75baba,2025-07-13 22:00:00+00:00,2025-07-13 05:15:00+00:00,NO,0.0949998521804809,0.13768094518910276,,904.9706534001988,904.9706534001988,963.1349999999999,1860.8459999999998,904.9706534001988,904.9706534001988,3351.743160741478,1.0,0.2699999999999999,kelly,6420.9,6420.9,6202.82,46.25,2400.522507341279,1,15546.432453808233,13145.909946466954
2.0,uncapped,1dc8a33e-b81b-4a0d-91bf-0109943d729e,2025-07-13 22:00:00+00:00,2025-07-13 06:00:00+00:00,NO,0.2283735346794128,0.27850431058464975,,2164.8742262993433,2164.8742262993433,2480.4990000000003,4935.4980000000005,2164.8742262993433,2164.8742262993433,14308.463914370896,1.0,0.1513002541191737,kelly,16536.660000000003,16536.660000000003,16451.660000000003,128.62,-2293.494226299343,0,13252.93822750889,15546.432453808233
2.0,uncapped,333e71e9-d362-4003-836b-7d936322e7d2,2025-07-16 00:00:00+00:00,2025-07-15 06:00:00+00:00,YES,0.06468308866024008,0.07187009851137786,,476.2449879881347,476.2449879881347,599.13,1198.26,476.2449879881347,476.2449879881347,4762.4498798813465,1.0,0.1,kelly,3994.2,3994.2,3994.2,30.01,-506.2549879881347,0,12746.683239520755,13252.93822750889
2.0,uncapped,e380b602-7a50-4ce9-99e7-63c43f11724e,2025-07-16 02:00:00+00:00,2025-07-15 13:30:00+00:00,NO,0.21980795383453366,0.4676764975202844,,2980.6620862297896,2980.6620862297896,2306.781,4286.202,2306.781,2306.781,4806.877083333333,1.0,0.4798918216565589,rolling_liq,14287.34,15378.54,14287.34,83.99,-2390.7709999999997,0,10355.912239520756,12746.683239520755
2.0,uncapped,83fc47a0-fbb1-4f04-8af2-94e9a1fd566e,2025-07-16 17:00:00+00:00,2025-07-16 04:15:00+00:00,NO,0.1946576309204101,0.23738735478098796,,1229.1813064419446,1229.1813064419446,75.018,150.036,75.018,75.018,455.0470588235294,1.0,0.16485767470720547,rolling_liq,500.12,500.12,500.12,4.39,-79.408,0,10276.504239520757,10355.912239520756
2.0,uncapped,5e64c14b-9cf3-45d2-bd9d-f0af702d801f,2025-07-16 19:00:00+00:00,2025-07-16 07:00:00+00:00,NO,0.1349456548690796,0.207608699798584,,1066.7458418207702,1066.7458418207702,4016.445,7975.212000000002,1066.7458418207702,1066.7458418207702,3495.6317478089363,1.0,0.30516539463557824,kelly,26588.120000000003,26776.300000000003,26584.040000000008,51.89,-1118.6358418207703,0,9157.868397699986,10276.504239520757
2.0,uncapped,1f15d85b-41ea-4e16-b597-b0e14ee9ba73,2025-07-16 23:30:00+00:00,2025-07-16 07:00:00+00:00,NO,0.10651913166046145,0.13656298930828392,,625.3129420408872,625.3129420408872,2353.6380000000004,4700.795999999999,625.3129420408872,625.3129420408872,3126.5647102044354,1.0,0.2,kelly,15669.32,15690.920000000002,15669.32,35.02,-660.3329420408871,0,8497.5354556591,9157.868397699986
2.0,uncapped,32cb5f24-0d87-4645-a3fd-dd1e0fd1a4f6,2025-07-23 00:00:00+00:00,2025-07-22 06:00:00+00:00,NO,0.09330237627029414,0.11378338569548066,,483.4391771061406,483.4391771061406,557.973,1115.946,483.4391771061406,483.4391771061406,2688.106539478559,1.0,0.17984375619275808,kelly,3719.82,3719.82,3719.82,27.76,-511.1991771061406,0,7986.336278552959,8497.5354556591
2.0,uncapped,17812353-7592-47dc-9fe1-36f6bb0d8b9d,2025-07-24 02:00:00+00:00,2025-07-23 07:00:00+00:00,NO,0.17903590440750117,0.2594723252282626,,1036.1166221254828,1036.1166221254828,1299.231,2598.462,1036.1166221254828,1036.1166221254828,4085.525469713395,1.0,0.2536066975487899,kelly,8661.54,8661.54,8661.54,54.14,2995.2688475879127,1,10981.605126140872,7986.336278552959
2.0,uncapped,d8bda49f-0b5d-428a-9697-070219652f4a,2025-07-25 00:30:00+00:00,2025-07-24 06:15:00+00:00,YES,0.12289219975471491,0.15755410224963448,,865.0984684545546,865.0984684545546,2266.314,4532.628,865.0984684545546,865.0984684545546,4806.102602525303,1.0,0.18,kelly,15108.759999999998,15108.759999999998,15108.759999999998,49.66,-914.7584684545545,0,10066.846657686317,10981.605126140872
2.0,uncapped,4d8cf7bd-df70-42d4-a4fd-14a6fcb736a9,2025-07-24 23:00:00+00:00,2025-07-24 12:45:00+00:00,YES,0.11587374210357665,0.21067953109741208,,1060.4392667354516,1060.4392667354516,1524.2700000000002,3045.300000000001,1060.4392667354516,1060.4392667354516,2410.089242580572,1.0,0.44,kelly,10151.000000000004,10161.800000000001,10151.000000000004,41.57,1308.0799758451203,1,11374.926633531439,10066.846657686317
2.0,uncapped,585740b6-3c8b-4746-8808-e7635a88c710,2025-07-27 20:00:00+00:00,2025-07-27 04:15:00+00:00,YES,0.09930047273635859,0.1273082983799469,,724.0612769558126,724.0612769558126,66.726,19.8,19.8,19.8,90.0,1.0,0.22,cumulative_liq,444.84000000000003,444.84000000000003,66.0,1.09,-20.89,0,11354.03663353144,11374.926633531439
2.0,uncapped,548df81e-2319-4153-a4df-bf65932d74be,2025-07-27 23:00:00+00:00,2025-07-27 06:00:00+00:00,NO,0.06239434003829958,0.0810316104393501,,460.0179367012148,460.0179367012148,0.063,0.126,0.063,0.063,0.3,1.0,0.21000000000000002,rolling_liq,0.42,0.42,0.42,0.01,0.22699999999999998,1,11354.26363353144,11354.03663353144
2.0,uncapped,d5b4c575-bc11-412e-893d-9c6ed1889586,2025-07-27 22:00:00+00:00,2025-07-27 12:30:00+00:00,YES,0.1230686521530151,0.17333612979297902,,984.0520574427536,984.0520574427536,1257.447,2424.5879999999997,984.0520574427536,984.0520574427536,3756.8594720101983,1.0,0.2619347528898154,kelly,8092.399999999999,8382.98,8081.96,50.85,-1034.9020574427536,0,10319.361576088686,11354.26363353144
2.0,uncapped,6adda940-e25a-4b97-9334-bfcbbb00d303,2025-07-28 23:00:00+00:00,2025-07-28 12:30:00+00:00,YES,0.05657753527164458,0.06816570514655974,,351.7132792481997,351.7132792481997,1468.644,2668.5180000000005,351.7132792481997,351.7132792481997,2206.832995301248,1.0,0.1593746694911041,kelly,9784.500000000002,9790.960000000001,8895.060000000001,20.7,-372.4132792481997,0,9946.948296840486,10319.361576088686
2.0,uncapped,7a6fecee-f650-46ac-af8f-8dfc5ff13ae2,2025-07-29 23:30:00+00:00,2025-07-29 05:45:00+00:00,NO,0.11944526433944702,0.15926035245259604,,792.0772457912828,792.0772457912828,849.846,1699.692,792.0772457912828,792.0772457912828,3498.6836773534037,1.0,0.22639292912311912,kelly,5665.64,5665.64,5665.64,42.9,2663.7064315621205,1,12610.654728402607,9946.948296840486
2.0,uncapped,185c1d82-80ca-427a-bb34-b717e2127e2e,2025-07-30 23:00:00+00:00,2025-07-30 05:30:00+00:00,YES,0.15933475494384763,0.2655579249064127,,1674.429650692919,1674.429650692919,82.04100000000001,164.08200000000002,82.04100000000001,82.04100000000001,207.75250000000003,1.0,0.39489777499669076,rolling_liq,546.94,546.94,546.94,3.48,122.23150000000001,1,12732.886228402607,12610.654728402607
2.0,uncapped,c2f7980e-2390-45e9-8977-c6e6d2c1f545,2025-07-31 00:00:00+00:00,2025-07-30 07:00:00+00:00,NO,0.09089968681335447,0.12452011892240339,,792.7502536930625,792.7502536930625,1487.856,2951.4060000000004,792.7502536930625,792.7502536930625,3049.424052665625,1.0,0.259967206922267,kelly,9916.54,9919.04,9838.020000000002,41.07,-833.8202536930626,0,11899.065974709545,12732.886228402607
2.0,uncapped,e8241b1f-576e-4bcf-b7d0-79606aa78b00,2025-07-31 00:00:00+00:00,2025-07-30 15:30:00+00:00,NO,0.16516225516796124,0.434637513599898,,2585.8902247044516,2585.8902247044516,3453.5009999999993,6454.8,2585.8902247044516,2585.8902247044516,4536.6495170253565,1.0,0.5699999999999996,kelly,21516.0,23023.339999999997,21516.0,77.84,1872.919292320905,1,13771.98526703045,11899.065974709545
2.0,uncapped,50578d4e-21ed-488c-ac01-1008b9b70e0d,2025-07-31 23:30:00+00:00,2025-07-31 05:45:00+00:00,NO,0.1513962113857269,0.2566037481114015,,1766.971519227507,1766.971519227507,2446.8329999999996,4893.665999999999,1766.971519227507,1766.971519227507,5062.890054935734,1.0,0.34900452114398844,kelly,16312.219999999998,16312.219999999998,16312.219999999998,80.53,3215.3885357082268,1,16987.373802738675,13771.98526703045
2.0,uncapped,a1ca524f-e7ce-449f-ab32-66adea0ba523,2025-08-01 23:30:00+00:00,2025-08-01 05:45:00+00:00,NO,0.15966734647750846,0.3894325523841671,,3307.7181691522283,3307.7181691522283,345.92699999999996,691.8539999999999,345.92699999999996,345.92699999999996,591.5372881355931,1.0,0.5847932276429986,rolling_liq,2306.18,2306.18,2306.18,10.06,235.55028813559318,1,17222.92409087427,16987.373802738675
2.0,uncapped,64fb0c10-3ce1-4592-a3f9-65395a9e58af,2025-08-01 23:30:00+00:00,2025-08-01 15:00:00+00:00,YES,0.10673018932342532,0.18089862597190728,,1557.8016516288078,1557.8016516288078,1953.723,3875.7119999999995,1557.8016516288078,1557.8016516288078,4118.109609549494,1.0,0.37828076455673204,kelly,13024.82,13024.82,12919.039999999999,67.8,2492.507957920686,1,19715.432048794955,17222.92409087427
2.0,uncapped,de06dc94-ceb2-41b8-bde0-f9f91c917d00,2025-08-03 22:00:00+00:00,2025-08-03 06:00:00+00:00,NO,0.07582804679870603,0.10531673166486949,,1038.1824333699533,1038.1824333699533,495.339,854.85,495.339,495.339,2016.9560000000001,1.0,0.24558740993854103,rolling_liq,2887.5800000000004,3302.26,2849.5,26.16,-521.499,0,19193.933048794956,19715.432048794955
2.0,uncapped,1dffe97b-d132-4697-af9f-8b08902da90d,2025-08-03 22:00:00+00:00,2025-08-03 06:00:00+00:00,YES,0.05085827469825738,0.05913752871890393,,567.5408834509154,567.5408834509154,650.604,1226.07,567.5408834509154,567.5408834509154,4554.006795776272,1.0,0.12462451395050518,kelly,4124.6,4337.360000000001,4086.9,34.78,-602.3208834509154,0,18591.61216534404,19193.933048794956
2.0,uncapped,cd325282-98cc-46dd-a9f0-e2d5d887b51f,2025-08-06 00:00:00+00:00,2025-08-05 07:00:00+00:00,YES,0.09239223599433899,0.12318964799245198,,1145.14707913046,1145.14707913046,68.71499999999999,131.73,68.71499999999999,68.71499999999999,286.31249999999994,1.0,0.24000000000000002,rolling_liq,458.09999999999997,458.09999999999997,439.09999999999997,3.66,213.93749999999997,1,18805.54966534404,18591.61216534404
2.0,uncapped,6a9e0ff7-c5b4-4a72-b217-41dc4a8caa4f,2025-08-06 02:00:00+00:00,2025-08-05 07:00:00+00:00,NO,0.3618546456098557,0.6579175374724648,,6186.250463319642,6186.250463319642,27.974999999999998,55.949999999999996,27.974999999999998,27.974999999999998,63.715909090909086,1.0,0.43905831995719635,rolling_liq,186.5,186.5,186.5,1.1,34.64090909090908,1,18840.190574434946,18805.54966534404
2.0,uncapped,d300ee86-e2e0-4bf4-9247-1d7a3a859e07,2025-08-06 02:00:00+00:00,2025-08-05 07:00:00+00:00,NO,0.08956348419189453,0.10294653355390175,,969.7661555664853,969.7661555664853,111.021,222.042,111.021,111.021,1062.190909090909,1.0,0.10452075898015253,rolling_liq,740.14,740.14,740.14,6.96,-117.981,0,18722.209574434946,18840.190574434946
2.0,uncapped,0934f4d6-98dc-4543-b6bd-c04adfa95bf2,2025-08-08 02:00:00+00:00,2025-08-07 07:00:00+00:00,NO,0.14108287811279296,0.2275530292141822,,2130.1477511227185,2130.1477511227185,604.338,1208.676,604.338,604.338,1678.7166666666667,1.0,0.36,rolling_liq,4028.9199999999996,4028.9199999999996,4028.9199999999996,27.08,-631.418,0,18090.791574434945,18722.209574434946
2.0,uncapped,042c5181-7425-497a-8593-922c0cccfc16,2025-08-08 02:00:00+00:00,2025-08-07 07:00:00+00:00,NO,0.10052478075027471,0.12410466759293173,,1122.5758374191294,1122.5758374191294,356.397,712.794,356.397,356.397,2096.45294117647,1.0,0.17000000000000004,rolling_liq,2375.98,2375.98,2375.98,20.71,-377.10699999999997,0,17713.684574434945,18090.791574434945
2.0,uncapped,25596e43-21b0-4411-b093-a5ca0b6480d6,2025-08-09 02:00:00+00:00,2025-08-08 07:30:00+00:00,YES,0.13616769552230834,0.2778932561679762,,2461.2567425610896,2461.2567425610896,682.281,1359.564,682.281,682.281,1392.4102040816329,1.0,0.4899999999999999,rolling_liq,4548.54,4548.54,4531.88,24.36,685.7692040816329,1,18399.453778516578,17713.684574434945
2.0,uncapped,3a283716-466b-440c-a344-5994da2e16aa,2025-08-10 00:30:00+00:00,2025-08-09 13:15:00+00:00,YES,0.124353095293045,0.1943017113953828,,1787.5226789530068,1787.5226789530068,6790.163999999999,13244.663999999999,1787.5226789530068,1787.5226789530068,5202.350511294305,1.0,0.34359904721381124,kelly,45267.759999999995,45267.759999999995,44148.88,82.14,3332.687832341298,1,21732.141610857874,18399.453778516578
2.0,uncapped,2de72b4c-3c39-42c4-8321-18efac227563,2025-08-10 16:30:00+00:00,2025-08-10 02:30:00+00:00,NO,0.28335612535476684,0.4570260086367207,,4966.076969769184,4966.076969769184,849.3959999999998,1681.4759999999999,849.3959999999998,849.3959999999998,2295.6648648648643,1.0,0.37000000000000005,rolling_liq,5662.639999999999,5662.639999999999,5604.92,37.46,1408.8088648648645,1,23140.95047572274,21732.141610857874
2.0,uncapped,56ef45bc-fa3c-47bb-926c-8b9f8433bdb6,2025-08-10 20:00:00+00:00,2025-08-10 04:30:00+00:00,NO,0.146348443031311,0.24804820852764578,,2870.0356545649993,2870.0356545649993,3073.0499999999997,6145.398,2870.0356545649993,2870.0356545649993,7305.439136412499,1.0,0.3928628520440176,kelly,20487.0,20487.0,20484.66,121.98,4313.4234818475,1,27454.373957570242,23140.95047572274
2.0,uncapped,2eb1473f-e48b-4a13-bb64-bb3604b03c6d,2025-08-10 22:00:00+00:00,2025-08-10 12:00:00+00:00,NO,0.13645145893096922,0.22741909821828205,,3121.8244837890556,3121.8244837890556,6182.663999999999,12364.625999999998,3121.8244837890556,3121.8244837890556,8747.734677191822,1.0,0.35687233312284417,kelly,41215.42,41217.759999999995,41215.42,140.55,5485.360193402766,1,32939.73415097301,27454.373957570242
2.0,uncapped,4b134f76-aff1-49fb-b585-3e9073eb44c2,2025-08-14 02:00:00+00:00,2025-08-13 08:00:00+00:00,NO,0.21488385438919066,0.4385384783452871,,7222.670445832996,7222.670445832996,2507.1929999999998,5002.986,2507.1929999999998,2507.1929999999998,5991.221428571427,1.0,0.41847777283668613,rolling_liq,16676.62,16714.62,16676.62,102.06,3381.9684285714275,1,36321.702579544435,32939.73415097301
2.0,uncapped,74f4d3c6-f105-49b3-bb25-ee57ac47d235,2025-08-13 23:30:00+00:00,2025-08-13 11:45:00+00:00,NO,0.12422191977500918,0.2343809807075645,,4256.55813578105,4256.55813578105,2871.7530000000006,3752.8679999999995,2871.7530000000006,2871.7530000000006,6381.673333333335,1.0,0.44999999999999996,rolling_liq,12509.56,19145.020000000004,12509.56,110.57,3399.350333333334,1,39721.05291287777,36321.702579544435
2.0,uncapped,fdec04dc-4b3e-4713-8640-3988c3e4f01f,2025-08-16 02:00:00+00:00,2025-08-15 07:15:00+00:00,NO,0.13219804048538208,0.20983815950060647,,4167.496318332237,4167.496318332237,187.08599999999998,374.17199999999997,187.08599999999998,187.08599999999998,519.6833333333333,1.0,0.36,rolling_liq,1247.24,1247.24,1247.24,8.39,324.2073333333333,1,40045.2602462111,39721.05291287777
2.0,uncapped,f69e50f9-fa32-4c94-9a1b-f8a270e47e4c,2025-08-16 02:00:00+00:00,2025-08-15 16:45:00+00:00,YES,0.15301872491836543,0.340041610929701,,6808.527402110369,6808.527402110369,1393.776,2787.552,1393.776,1393.776,2584.3999999999996,1.0,0.5393035133880205,rolling_liq,9291.84,9291.84,9291.84,44.95,-1438.726,0,38606.5342462111,40045.2602462111
2.0,uncapped,673f7bf8-4cb2-4836-9dec-4131b50da342,2025-08-16 18:00:00+00:00,2025-08-16 03:15:00+00:00,YES,0.29983103513717646,0.6814341707663102,,13153.905825114009,13153.905825114009,4528.173,9056.346,4528.173,4528.173,8481.172222222223,1.0,0.5339088608689443,rolling_liq,30187.82,30187.82,30187.82,147.74,3805.259222222224,1,42411.79346843332,38606.5342462111
2.0,uncapped,3495c00d-950e-4e49-87e6-3a022d1d9c1b,2025-08-17 19:00:00+00:00,2025-08-17 03:45:00+00:00,YES,0.1182247066497803,0.20038085872844116,,4249.255797708981,4249.255797708981,472.3379999999999,941.232,472.3379999999999,472.3379999999999,1165.751219512195,1.0,0.4051790743119688,rolling_liq,3148.9199999999996,3148.9199999999996,3137.44,19.67,673.743219512195,1,43085.53668794552,42411.79346843332
2.0,uncapped,b233aa62-25a1-489f-9f1a-ad31d9a6a7c2,2025-08-17 22:00:00+00:00,2025-08-17 10:45:00+00:00,NO,0.13120973110198975,0.2624194622039795,,5653.241683210245,5653.241683210245,2070.216,4135.139999999999,2070.216,2070.216,4600.4800000000005,1.0,0.44999999999999996,rolling_liq,13801.44,13801.44,13783.8,79.71,2450.5540000000005,1,45536.09068794552,43085.53668794552
2.0,uncapped,b6df91b4-c8f5-45f8-bebf-c6845d61912b,2025-08-19 23:00:00+00:00,2025-08-19 05:30:00+00:00,NO,0.2621755397319794,0.5140696857489792,,11704.361915094585,11704.361915094585,1960.065,3920.13,1960.065,1960.065,4688.154761904762,1.0,0.418088800294562,rolling_liq,13067.1,13067.1,13067.1,79.85,-2039.915,0,43496.17568794552,45536.09068794552
2.0,uncapped,2cc91c72-9797-403a-adc1-51f134d84117,2025-08-20 02:00:00+00:00,2025-08-19 07:00:00+00:00,YES,0.09672302126884458,0.13433752954006192,,2921.584393179552,2921.584393179552,150.95700000000002,301.91400000000004,150.95700000000002,150.95700000000002,574.1370370370371,1.0,0.26292851751743357,rolling_liq,1006.3800000000001,1006.3800000000001,1006.3800000000001,7.79,-158.747,0,43337.42868794552,43496.17568794552
2.0,uncapped,a1382913-f5c5-4721-9dee-4195779e9b68,2025-08-23 20:00:00+00:00,2025-08-23 04:00:00+00:00,NO,0.19466778397560125,0.34762104281357364,,7532.501076681252,7532.501076681252,650.25,1300.5,650.25,650.25,1548.2142857142858,1.0,0.42,rolling_liq,4335.0,4335.0,4335.0,26.41,871.5542857142858,1,44208.982973659804,43337.42868794552
2.0,uncapped,bb8576ec-3270-4ee6-9d85-f37e6e502af7,2025-08-24 19:00:00+00:00,2025-08-24 03:45:00+00:00,YES,0.1296231734752655,0.16618355573751986,,3673.40299305113,3673.40299305113,543.273,1029.1260000000002,543.273,543.273,2546.6045454545456,1.0,0.21333229808675724,rolling_liq,3621.82,3621.82,3430.4200000000005,29.92,-573.193,0,43635.789973659805,44208.982973659804
2.0,uncapped,0962940f-0261-4fce-b716-3a16393d43b7,2025-08-24 20:00:00+00:00,2025-08-24 05:45:00+00:00,NO,0.17109873175621026,0.39790402734002395,,8681.428283341336,8681.428283341336,1808.4599999999998,3431.1720000000005,1808.4599999999998,1808.4599999999998,3552.313725490196,1.0,0.5090935485295416,rolling_liq,11437.240000000002,12056.4,11437.240000000002,62.15,1681.703725490196,1,45317.49369915,43635.789973659805
2.0,uncapped,ab22cb38-adf5-49e7-8d94-af37949f1527,2025-08-26 23:00:00+00:00,2025-08-26 06:00:00+00:00,YES,0.11368976593017577,0.18637666545930454,,4223.061681310311,4223.061681310311,970.1759999999998,1921.6319999999998,970.1759999999998,970.1759999999998,2565.673684210526,1.0,0.37813694156454236,rolling_liq,6405.44,6467.839999999999,6405.44,42.24,1553.2576842105261,1,46870.751383360526,45317.49369915
2.0,uncapped,467aedcd-fa42-4992-9a69-fce47d1ece15,2025-08-28 00:00:00+00:00,2025-08-27 16:00:00+00:00,NO,0.15859810590744017,0.33041272064050037,,7743.346241520324,7743.346241520324,1543.203,2728.23,1543.203,1543.203,3036.045098039215,1.0,0.5082938329857665,rolling_liq,10288.02,10288.02,9094.1,53.12,1439.7220980392153,1,48310.47348139974,46870.751383360526
2.0,uncapped,6d17df9c-9585-4b14-b1ab-7334c0443b45,2025-08-30 02:00:00+00:00,2025-08-29 07:15:00+00:00,NO,0.14991149187088015,0.28285187145449087,,6832.353917533235,6832.353917533235,1827.945,3647.52,1827.945,1827.945,4248.465909090909,1.0,0.43026001364128763,rolling_liq,12186.3,12186.3,12158.4,72.91,2347.6109090909094,1,50658.08439049065,48310.47348139974
2.0,uncapped,eef5e74b-cdc8-45c9-b34e-c80089a44b6d,2025-09-01 00:00:00+00:00,2025-08-31 06:00:00+00:00,NO,0.12026148080825805,0.1625155146057541,,4116.362326831154,4116.362326831154,717.4290000000001,1434.8580000000002,717.4290000000001,717.4290000000001,3354.13181818182,1.0,0.21389409805274082,rolling_liq,4782.860000000001,4782.860000000001,4782.860000000001,39.48,-756.9090000000001,0,49901.17539049065,50658.08439049065
2.0,uncapped,2f5baf0d-dd06-464d-95dd-177924f443c9,2025-09-04 00:00:00+00:00,2025-09-03 06:00:00+00:00,NO,0.20699598312377931,0.3980691983149602,,9932.060441333417,9932.060441333417,748.1460000000001,1496.2920000000001,748.1460000000001,748.1460000000001,1667.4355555555555,1.0,0.44868060867919607,rolling_liq,4987.64,4987.64,4987.64,28.88,-777.0260000000001,0,49124.14939049065,49901.17539049065
2.0,uncapped,b69d86fb-d73a-4b99-bec9-88e73e7ce25b,2025-09-05 02:00:00+00:00,2025-09-04 12:45:00+00:00,NO,0.05718323230743405,0.06807527655646911,,1672.0700276794773,1672.0700276794773,211.02899999999997,417.28800000000007,211.02899999999997,211.02899999999997,1507.3499999999997,1.0,0.14,rolling_liq,1390.9600000000003,1406.86,1390.9600000000003,12.71,-223.73899999999998,0,48900.41039049065,49124.14939049065
2.0,uncapped,f9c188c7-35cd-436c-8d11-7f1b0131ba33,2025-09-05 23:30:00+00:00,2025-09-05 10:30:00+00:00,NO,0.06474714040756224,0.07528737256693284,,1840.7917078723917,1840.7917078723917,339.585,670.854,339.585,339.585,2612.192307692307,1.0,0.13,rolling_liq,2236.1800000000003,2263.9,2236.1800000000003,20.69,-360.275,0,48540.13539049065,48900.41039049065
2.0,uncapped,e9ff9be0-15cb-4e16-86a5-89be878b6745,2025-09-10 02:00:00+00:00,2025-09-09 07:00:00+00:00,NO,0.2139049685001373,0.30127460352132013,,7311.955022320635,7311.955022320635,1800.825,3601.65,1800.825,1800.825,6859.574074074075,1.0,0.2625272328213878,rolling_liq,12005.5,12005.5,12005.5,92.97,-1893.795,0,46646.34039049065,48540.13539049065
2.0,uncapped,31d89653-50a1-4688-b507-15c8e12dad33,2025-09-09 23:30:00+00:00,2025-09-09 12:30:00+00:00,NO,0.16207829356193537,0.3683597580953077,,8591.317331136259,8591.317331136259,1661.1899999999998,3286.8120000000004,1661.1899999999998,1661.1899999999998,3133.796296296296,1.0,0.5300886984783572,rolling_liq,10956.04,11074.599999999999,10956.04,54.65,-1715.84,0,44930.500390490655,46646.34039049065
2.0,uncapped,93a98ff0-ed90-4c11-8f56-dfd70e55ed58,2025-09-12 00:00:00+00:00,2025-09-11 07:00:00+00:00,NO,0.1892402425408365,0.6308008084694549,,14171.09798562933,14171.09798562933,545.6610000000001,1035.882,545.6610000000001,545.6610000000001,819.0164179104479,1.0,0.6662393916255573,rolling_liq,3637.7400000000002,3637.7400000000002,3452.9400000000005,12.75,-558.4110000000001,0,44372.089390490655,44930.500390490655
2.0,uncapped,2fb00c07-3995-4420-aa53-e0b95160a91a,2025-09-18 02:00:00+00:00,2025-09-17 16:15:00+00:00,YES,0.07049068570137018,0.08702553790292615,,1930.752473542086,1930.752473542086,1287.825,2557.9799999999996,1287.825,1287.825,8093.15625,1.0,0.1591251867897645,rolling_liq,8538.380000000001,8585.5,8526.599999999999,75.81,-1363.635,0,43008.45439049065,44372.089390490655
2.0,uncapped,30981dda-706d-44fc-9eb4-b6f8c5a3e874,2025-09-24 01:30:00+00:00,2025-09-22 23:30:00+00:00,NO,0.11262015342712406,0.14255715623686588,,3065.581476025648,3065.581476025648,751.8599999999999,1502.3999999999999,751.8599999999999,751.8599999999999,3759.3,1.0,0.19999999999999996,rolling_liq,5012.4,5012.4,5008.0,42.11,-793.9699999999999,0,42214.48439049065,43008.45439049065
2.0,uncapped,fb31c505-de82-4d70-a8a2-a91dbaacd1ee,2025-09-29 00:00:00+00:00,2025-09-28 02:30:00+00:00,NO,0.18119778752326965,0.29225449600527365,,6168.686429832668,6168.686429832668,6091.400999999999,12179.561999999998,6091.400999999999,6091.400999999999,17405.945714285714,1.0,0.34996093288976293,rolling_liq,40598.53999999999,40609.34,40598.53999999999,277.18,-6368.580999999999,0,35845.903390490654,42214.48439049065
2.0,uncapped,fc11987d-5051-4621-94f9-17a356691802,2025-10-01 01:30:00+00:00,2025-09-30 01:15:00+00:00,NO,0.06506288051605225,0.08675050735473633,,1554.8251528569638,1554.8251528569638,4034.3160000000003,7766.3820000000005,1554.8251528569638,1554.8251528569638,7067.387058440745,1.0,0.21999999999999997,kelly,26888.94,26895.440000000002,25887.940000000002,84.9,-1639.7251528569639,0,34206.17823763369,35845.903390490654
2.0,uncapped,4a8a3c5a-81ad-462c-b4cb-3300d1eea8c3,2025-10-09 00:00:00+00:00,2025-10-07 11:00:00+00:00,NO,0.16387164235115048,0.2777485463578822,,4750.358140980691,4750.358140980691,16264.304999999998,32528.609999999997,4750.358140980691,4750.358140980691,12950.91389454241,1.0,0.36679713722616286,kelly,108428.7,108428.7,108428.7,210.56,7989.995753561719,1,42196.173991195414,34206.17823763369
2.0,phase_double_then_12,d1bd5e4c-1d9e-47c6-b24e-52544a1a2c13,2025-05-22 23:30:00+00:00,2025-05-22 13:00:00+00:00,YES,0.18705255270004273,0.2969088138095916,0.2,742.2720345239791,742.2720345239791,319.01999999999987,622.464,319.01999999999987,319.01999999999987,916.8571428571425,1.0,0.3479495169834839,rolling_liq,2074.88,2126.7999999999993,2074.88,14.57,-333.58999999999986,0,4666.41,5000.0
2.0,phase_double_then_12,b8786c5b-6a05-49e0-9ba2-0bc7db3e8a60,2025-05-24 02:00:00+00:00,2025-05-23 12:30:00+00:00,NO,0.08980293750762935,0.10819631025015586,0.2,252.4441720572149,252.4441720572149,262.371,524.742,252.4441720572149,252.4441720572149,2688.841720572149,1.0,0.09388584315907528,kelly,1749.1399999999999,1749.1399999999999,1749.1399999999999,16.02,-268.4641720572149,0,4397.945827942785,4666.41
2.0,phase_double_then_12,a35a38a3-fdb6-40a3-86f1-842d77ac32bf,2025-05-24 02:00:00+00:00,2025-05-23 12:30:00+00:00,NO,0.32377356052398687,0.3997204450913418,0.2,878.9744319164499,878.9744319164499,76.182,152.364,76.182,76.182,476.1375,1.0,0.16,rolling_liq,507.88,507.88,507.88,4.48,395.47549999999995,1,4793.421327942785,4397.945827942785
2.0,phase_double_then_12,92c4a40c-74f4-4a28-be37-18237fca81a5,2025-05-23 23:30:00+00:00,2025-05-23 12:30:00+00:00,NO,0.09931676149368285,0.11548460638800331,0.2,276.78318765466634,276.78318765466634,115.66499999999999,231.32999999999998,115.66499999999999,115.66499999999999,1445.8124999999998,1.0,0.08,rolling_liq,771.1,771.1,771.1,7.45,-123.115,0,4670.306327942785,4793.421327942785
2.0,phase_double_then_12,10582ee6-a493-4e18-9878-6203b5e8065d,2025-05-24 02:00:00+00:00,2025-05-23 12:30:00+00:00,NO,0.08664486169815067,0.13128009348204644,0.2,306.55912566106093,306.55912566106093,304.98599999999993,609.9719999999999,304.98599999999993,304.98599999999993,1017.4866666666665,1.0,0.29974446839598223,rolling_liq,2033.2399999999998,2033.2399999999998,2033.2399999999998,14.95,-319.9359999999999,0,4350.3703279427855,4670.306327942785
2.0,phase_double_then_12,b0d98920-a05f-481d-9dea-7046f3e6fc33,2025-05-25 19:00:00+00:00,2025-05-25 05:00:00+00:00,NO,0.19932658433914185,0.26227182149887085,0.2,570.4897750520972,570.4897750520972,293.538,587.076,293.538,293.538,1467.69,1.0,0.2,rolling_liq,1956.9200000000003,1956.9200000000003,1956.9200000000003,16.44,-309.978,0,4040.3923279427854,4350.3703279427855
2.0,phase_double_then_12,bbd4ae77-444a-4dfe-ad87-70233844aa1d,2025-05-25 22:00:00+00:00,2025-05-25 14:00:00+00:00,NO,0.1071816420555115,0.1623964273568356,0.2,328.0726395889382,328.0726395889382,109.82999999999998,219.65999999999997,109.82999999999998,109.82999999999998,340.030303030303,1.0,0.32300062383031813,rolling_liq,732.1999999999999,732.1999999999999,732.1999999999999,5.21,-115.03999999999998,0,3925.3523279427855,4040.3923279427854
2.0,phase_double_then_12,5f3d74e1-8cdd-4616-aedf-f1e90dc75db0,2025-05-27 23:00:00+00:00,2025-05-27 05:45:00+00:00,NO,0.0740113401412964,0.08315880914752405,0.2,163.21381253809167,163.21381253809167,136.85399999999998,273.70799999999997,136.85399999999998,136.85399999999998,1968.4857142857138,1.0,0.06952247557948824,rolling_liq,912.36,912.36,912.36,8.92,-145.77399999999997,0,3779.5783279427856,3925.3523279427855
2.0,phase_double_then_12,8a594783-4b88-43cd-b381-a8660e3a0766,2025-05-27 23:00:00+00:00,2025-05-27 13:00:00+00:00,YES,0.3129020285606384,0.5046806912268361,0.2,953.7401015460673,755.9156655885572,483.93899999999996,956.4779999999998,483.93899999999996,483.93899999999996,1307.9432432432432,1.0,0.37,rolling_liq,3188.2599999999998,3226.2599999999998,3188.2599999999998,21.35,-505.289,0,3274.2893279427853,3779.5783279427856
2.0,phase_double_then_12,ee675eed-ef15-494e-a8f4-e0202373e26c,2025-05-28 00:00:00+00:00,2025-05-27 13:00:00+00:00,NO,0.08173902988433834,0.11512539420329344,0.2,188.47692480752497,188.47692480752497,100.11299999999999,200.22599999999997,100.11299999999999,100.11299999999999,400.45199999999994,1.0,0.25,rolling_liq,667.42,667.42,667.42,5.26,-105.37299999999999,0,3168.9163279427853,3274.2893279427853
2.0,phase_double_then_12,a17fdde4-604b-4197-8c9a-97dc9b78c44e,2025-05-29 23:00:00+00:00,2025-05-29 13:00:00+00:00,NO,0.09309141159057621,0.10118631694627848,0.2,160.32548596772781,160.32548596772781,31.056,62.112,31.056,31.056,453.9428571428571,1.0,0.06841389728096678,rolling_liq,207.04000000000002,207.04000000000002,207.04000000000002,2.03,-33.086,0,3135.8303279427855,3168.9163279427853
2.0,phase_double_then_12,1d299098-034f-480d-af99-bcebd640859e,2025-05-30 23:30:00+00:00,2025-05-30 12:15:00+00:00,NO,0.07657644748687742,0.0900899382198558,0.2,141.25338025615784,141.25338025615784,90.71400000000001,107.11200000000002,90.71400000000001,90.71400000000001,713.3384615384616,1.0,0.1271682446567602,rolling_liq,604.7600000000001,604.7600000000001,357.0400000000001,5.55,617.0744615384616,1,3752.904789481247,3135.8303279427855
2.0,phase_double_then_12,c9d9dbf0-f3e6-4f3f-b2a5-e83fe165023d,2025-06-01 22:00:00+00:00,2025-06-01 05:15:00+00:00,NO,0.14538862824440002,0.23449778749096778,0.2,440.0239348988043,440.0239348988043,485.05799999999994,968.6039999999999,440.0239348988043,440.0239348988043,1257.2112425680125,1.0,0.35,kelly,3233.72,3233.72,3228.68,20.03,797.1573076692082,1,4550.062097150455,3752.904789481247
2.0,phase_double_then_12,9998a61a-229c-44c2-b892-ee5b1ea16c23,2025-06-02 00:30:00+00:00,2025-06-01 12:15:00+00:00,YES,0.0670652312040329,0.08178686732199134,0.2,186.06766252323297,186.06766252323297,895.032,1784.0159999999998,186.06766252323297,186.06766252323297,1332.9118751659496,1.0,0.13959487194160322,kelly,5966.88,5966.88,5946.719999999999,11.21,-197.27766252323298,0,4352.784434627222,4550.062097150455
2.0,phase_double_then_12,272d53ae-a46b-43bc-ac0f-8a846e03a9d1,2025-06-04 00:00:00+00:00,2025-06-03 12:30:00+00:00,NO,0.12299813508987423,0.14819052420466775,0.2,322.5207035586632,322.5207035586632,216.83100000000002,424.932,216.83100000000002,216.83100000000002,1680.2384615384617,1.0,0.12904775421071185,rolling_liq,1416.44,1445.5400000000002,1416.44,13.22,-230.05100000000002,0,4122.733434627222,4352.784434627222
2.0,phase_double_then_12,f8baaf5b-f1fa-4923-9eec-e85ed7a82142,2025-06-05 23:30:00+00:00,2025-06-05 06:15:00+00:00,YES,0.0730656540393829,0.08496006283649174,0.2,175.1338458320171,175.1338458320171,167.32800000000003,334.65600000000006,167.32800000000003,167.32800000000003,1414.5666666666668,1.0,0.11828922873907205,rolling_liq,1115.5200000000002,1115.5200000000002,1115.5200000000002,10.33,-177.65800000000004,0,3945.075434627222,4122.733434627222
2.0,phase_double_then_12,45eb60bf-a1b9-4f49-90cb-62097ff47bbd,2025-06-06 02:00:00+00:00,2025-06-05 13:00:00+00:00,NO,0.1447575712203979,0.20979358147883756,0.2,413.8257523173133,413.8257523173133,798.012,1573.5239999999997,413.8257523173133,413.8257523173133,1455.3301804045284,1.0,0.28435179719992126,kelly,5245.079999999999,5320.08,5245.079999999999,20.74,-434.5657523173133,0,3510.509682309909,3945.075434627222
2.0,phase_double_then_12,772cef5b-3110-4eaf-a68b-6eb3cd04f42a,2025-06-06 23:30:00+00:00,2025-06-06 12:15:00+00:00,YES,0.1407347512245178,0.18277240418768548,0.2,320.812147279965,320.812147279965,662.31,1324.62,320.812147279965,320.812147279965,1782.2897071109169,1.0,0.18,kelly,4415.4,4415.4,4415.4,18.42,1443.0575598309517,1,4953.567242140861,3510.509682309909
2.0,phase_double_then_12,8b0ee0bd-54cf-4be2-a8ba-b16813be20b6,2025-06-07 19:00:00+00:00,2025-06-07 04:30:00+00:00,YES,0.1381078326702118,0.1644140865121569,0.2,407.21811654656693,407.21811654656693,532.4009999999998,892.8660000000001,407.21811654656693,407.21811654656693,2859.720776977113,1.0,0.14239785919834438,kelly,3523.42,3549.3399999999992,2976.2200000000003,24.45,2428.0526604305464,1,7381.619902571407,4953.567242140861
2.0,phase_double_then_12,639e72ff-50dd-401b-a2a8-dd49fdd02b89,2025-06-08 02:00:00+00:00,2025-06-07 12:15:00+00:00,YES,0.13786698698997496,0.20577162237309699,0.2,759.4639515468302,759.4639515468302,465.7649999999999,918.09,465.7649999999999,465.7649999999999,1455.5156249999995,1.0,0.32,rolling_liq,3105.0999999999995,3105.0999999999995,3060.3,22.18,-487.9449999999999,0,6893.674902571407,7381.619902571407
2.0,phase_double_then_12,5e1d090c-1c51-494b-8c1f-1f1ba520ee2a,2025-06-10 02:00:00+00:00,2025-06-09 12:30:00+00:00,NO,0.24757077574729924,0.3640746702166165,0.2,1254.9062083671254,1254.9062083671254,926.196,1846.2720000000002,926.196,926.196,3307.8428571428576,1.0,0.27999999999999997,rolling_liq,6174.64,6174.64,6154.240000000001,46.69,2334.9568571428576,1,9228.631759714264,6893.674902571407
2.0,phase_double_then_12,4a60d4ef-8d10-4f25-bab6-346332242fd5,2025-06-10 23:30:00+00:00,2025-06-10 12:15:00+00:00,NO,0.12558921575546267,0.19321417808532718,0.2,891.5512501526691,891.5512501526691,531.51,1040.496,531.51,531.51,1610.6363636363635,1.0,0.33,rolling_liq,3543.4,3543.4,3468.32,24.93,-556.4399999999999,0,8672.191759714264,9228.631759714264
2.0,phase_double_then_12,84da0d09-cdf5-46a5-89eb-d489373ed8ed,2025-06-12 02:00:00+00:00,2025-06-11 13:30:00+00:00,NO,0.11724735021591182,0.1429845734340388,0.2,619.9948197504652,619.9948197504652,3.717,6.005999999999999,3.717,3.717,21.86470588235294,1.0,0.17,rolling_liq,20.02,24.78,20.02,0.22,17.927705882352942,1,8690.119465596617,8672.191759714264
2.0,phase_double_then_12,c95f06b7-8138-460b-bc1d-e9c9478156eb,2025-06-13 23:30:00+00:00,2025-06-13 06:00:00+00:00,NO,0.07324323654174802,0.08616851357852709,0.2,374.4073385851423,374.4073385851423,501.39000000000004,998.4959999999999,374.4073385851423,374.4073385851423,3120.0611548761863,1.0,0.12,kelly,3342.6000000000004,3342.6000000000004,3328.3199999999997,23.07,-397.4773385851423,0,8292.642127011475,8690.119465596617
2.0,phase_double_then_12,ee13e918-b149-4c1e-8ae9-03cf0618c5d9,2025-06-15 00:30:00+00:00,2025-06-14 06:30:00+00:00,YES,0.22761168122291559,0.30758335300393996,0.2,1275.3393353439571,1275.3393353439571,3793.9410000000003,7587.8820000000005,1275.3393353439571,1275.3393353439571,6379.196676719787,1.0,0.19992162022503163,kelly,25292.940000000002,25292.940000000002,25292.940000000002,71.43,5032.42734137583,1,13325.069468387304,8292.642127011475
2.0,phase_double_then_12,7162ed3d-7135-4801-b3a8-ba85cbcaa7ea,2025-06-15 22:00:00+00:00,2025-06-15 05:30:00+00:00,YES,0.2125312566757202,0.38642046668312763,0.12,2574.5397812796587,1599.0083362064765,2035.989,4071.978,1599.0083362064765,1599.0083362064765,4487.634267240213,1.0,0.35631431640480543,portfolio,13573.26,13573.26,13573.26,72.05,-1671.0583362064765,0,11654.011132180827,13325.069468387304
2.0,phase_double_then_12,acf4a696-dabb-4821-9d7a-7417121d43a8,2025-06-17 23:00:00+00:00,2025-06-17 05:45:00+00:00,NO,0.10341833353042607,0.1124112320982892,0.12,655.0208751278125,655.0208751278125,210.97800000000004,419.814,210.97800000000004,210.97800000000004,3014.8285714285716,1.0,0.06998009837090952,rolling_liq,1406.5200000000002,1406.5200000000002,1399.38,13.74,-224.71800000000005,0,11429.293132180826,11654.011132180827
2.0,phase_double_then_12,f992552a-94d9-40c8-aa4b-fa5c7bf321fd,2025-06-18 00:00:00+00:00,2025-06-17 06:15:00+00:00,NO,0.2464600276947021,0.4323860134994774,0.12,2470.9332472703118,1371.5151758616992,2640.9149999999995,5281.829999999999,1371.5151758616992,1371.5151758616992,3414.524819174875,1.0,0.401670876181573,portfolio,17606.1,17606.1,17606.1,57.45,-1428.9651758616992,0,10000.327956319128,11429.293132180826
2.0,phase_double_then_12,326d833a-4a17-4fec-882e-c3699065a0ed,2025-06-18 00:00:00+00:00,2025-06-17 07:00:00+00:00,NO,0.11250839233398435,0.13236281451056983,0.12,661.8357771635673,661.8357771635673,74.09400000000001,148.18800000000002,74.09400000000001,74.09400000000001,617.9500000000002,1.0,0.11990290476575773,rolling_liq,493.96000000000004,493.96000000000004,493.96000000000004,4.57,-78.66400000000002,0,9921.663956319127,10000.327956319128
2.0,phase_double_then_12,4f5eef0b-7151-49c4-bc34-46d08d1e5ca1,2025-06-18 02:00:00+00:00,2025-06-17 12:30:00+00:00,YES,0.15919422030448907,0.20674574065518062,0.2,1025.6308815905038,1025.6308815905038,253.35299999999998,435.228,253.35299999999998,253.35299999999998,1101.9695652173912,1.0,0.22990925339214766,rolling_liq,1672.46,1689.02,1450.76,13.66,-267.013,0,9654.650956319127,9921.663956319127
2.0,phase_double_then_12,42f7582e-79b3-4a78-88ba-0245ebd00b6b,2025-06-18 23:00:00+00:00,2025-06-18 06:15:00+00:00,YES,0.2191847121715545,0.2548659443855285,0.2,1230.3208668474601,1230.3208668474601,1855.4759999999999,3699.36,1230.3208668474601,1230.3208668474601,12303.208668474601,1.0,0.1,kelly,12368.16,12369.84,12331.2,77.52,-1307.8408668474601,0,8346.810089471666,9654.650956319127
2.0,phase_double_then_12,57909126-867a-49a0-bc68-8c65ff35b9dd,2025-06-20 02:00:00+00:00,2025-06-19 13:45:00+00:00,YES,0.23086082577705377,0.2748343164012545,0.2,1146.9949225355197,1146.9949225355197,94.536,188.97599999999997,94.536,94.536,607.85,1.0,0.1555252118121247,rolling_liq,629.92,630.24,629.92,5.59,507.7240000000001,1,8854.534089471666,8346.810089471666
2.0,phase_double_then_12,5cc2b6cf-49a3-4f54-a14e-88d92bf3ac7a,2025-06-20 23:30:00+00:00,2025-06-20 06:00:00+00:00,YES,0.19484763860702514,0.31427038485004055,0.2,1391.358917983032,1391.358917983032,819.9749999999998,1639.9499999999996,819.9749999999998,819.9749999999998,2345.8142857142852,1.0,0.3495481313220508,rolling_liq,5466.499999999999,5466.499999999999,5466.499999999999,37.34,-857.3149999999998,0,7997.219089471667,8854.534089471666
2.0,phase_double_then_12,36996288-3356-4ce9-b751-b31f6890cd69,2025-06-22 19:00:00+00:00,2025-06-22 07:15:00+00:00,YES,0.12237302303314207,0.22661670932063344,0.2,906.1517368861107,906.1517368861107,57.27000000000001,111.78,57.27000000000001,57.27000000000001,124.50000000000001,1.0,0.46,rolling_liq,372.6,381.80000000000007,372.6,2.17,65.06,1,8062.279089471667,7997.219089471667
2.0,phase_double_then_12,4bfeb202-768f-487c-a416-9c9a314242a6,2025-06-25 00:00:00+00:00,2025-06-24 06:15:00+00:00,YES,0.08991959929466248,0.13031825984733694,0.2,525.3310906717599,525.3310906717599,1.395,2.79,1.395,1.395,4.5,1.0,0.31,rolling_liq,9.3,9.3,9.3,0.07,3.035,1,8065.314089471667,8062.279089471667
2.0,phase_double_then_12,e6fdfe56-f4ef-4bab-8f24-19a99adb7f6f,2025-06-26 02:00:00+00:00,2025-06-25 12:15:00+00:00,NO,0.07732540607452387,0.08226107029204668,0.2,331.73068462073167,331.73068462073167,178.08,356.16,178.08,178.08,3561.6000000000004,1.0,0.049999999999999996,rolling_liq,1187.2,1187.2,1187.2,11.85,-189.93,0,7875.384089471667,8065.314089471667
2.0,phase_double_then_12,1c528f37-bdd0-449a-99b5-7a8d174e4243,2025-06-26 02:00:00+00:00,2025-06-25 15:45:00+00:00,YES,0.0853763997554779,0.10672049969434737,0.2,420.23246265666455,420.23246265666455,320.95500000000004,637.9500000000002,320.95500000000004,320.95500000000004,1610.2750000000005,1.0,0.19931688686715,rolling_liq,2139.7000000000003,2139.7000000000003,2126.5000000000005,17.99,-338.94500000000005,0,7536.439089471667,7875.384089471667
2.0,phase_double_then_12,fd8a85e4-5aac-47f6-b278-e1f1fa69b82d,2025-06-27 02:00:00+00:00,2025-06-26 12:15:00+00:00,NO,0.08030236721038819,0.10566100948735288,0.2,398.15388106676147,398.15388106676147,1931.757,3855.6479999999997,398.15388106676147,398.15388106676147,1990.7694053338078,1.0,0.19999999999999996,kelly,12878.380000000001,12878.380000000001,12852.16,22.3,1570.3155242670464,1,9106.754613738714,7536.439089471667
2.0,phase_double_then_12,4e456309-00d3-4582-8f89-1c9049054791,2025-06-27 23:30:00+00:00,2025-06-27 12:30:00+00:00,NO,0.12750528216362,0.2500103571835686,0.2,1138.3914868819638,1138.3914868819638,1684.9019999999998,3369.8039999999996,1138.3914868819638,1138.3914868819638,2467.5989082594974,1.0,0.4613357069787812,kelly,11232.679999999998,11232.679999999998,11232.679999999998,42.93,1286.2774213775335,1,10393.032035116248,9106.754613738714
2.0,phase_double_then_12,f2a059a9-b803-4538-b746-3868679fa790,2025-06-28 02:00:00+00:00,2025-06-27 12:45:00+00:00,NO,0.05228370666503901,0.055620964537275545,0.12,289.03523312998476,289.03523312998476,218.11500000000004,436.2300000000001,218.11500000000004,218.11500000000004,4362.300000000001,1.0,0.049999999999999996,rolling_liq,1454.1000000000004,1454.1000000000004,1454.1000000000004,14.51,-232.62500000000003,0,10160.407035116248,10393.032035116248
2.0,phase_double_then_12,02291b17-b5ee-4973-b184-51149f2c1817,2025-06-28 02:00:00+00:00,2025-06-27 14:00:00+00:00,NO,0.14177390813827517,0.26749793988353804,0.12,1358.9439751359016,1219.2488442139497,1795.8990000000001,3562.752,1219.2488442139497,1219.2488442139497,2652.0627048129336,1.0,0.45973605450627947,portfolio,11972.660000000002,11972.660000000002,11875.84,46.12,-1265.3688442139496,0,8895.038190902298,10160.407035116248
2.0,phase_double_then_12,8a325ea5-03e5-4940-bb7a-2eb4c8b2b077,2025-06-29 20:00:00+00:00,2025-06-29 04:30:00+00:00,NO,0.19611328840255737,0.26148438453674316,0.2,1162.9567933894564,1162.9567933894564,767.1089999999999,1533.4979999999998,767.1089999999999,767.1089999999999,3200.4541666666664,1.0,0.23968754434591966,rolling_liq,5111.66,5114.0599999999995,5111.66,40.83,2392.5151666666666,1,11287.553357568964,8895.038190902298
2.0,phase_double_then_12,475cc53b-e563-4217-a5dc-930581369bab,2025-06-29 22:00:00+00:00,2025-06-29 05:30:00+00:00,NO,0.07646610498428341,0.10769873941448369,0.12,607.8276338419502,607.8276338419502,251.916,447.87600000000003,251.916,251.916,901.5034482758621,1.0,0.27943986291099926,rolling_liq,1546.92,1679.44,1492.92,12.71,636.877448275862,1,11924.430805844826,11287.553357568964
2.0,phase_double_then_12,01384c8c-e038-4abe-b80a-901c44d112ce,2025-07-03 23:00:00+00:00,2025-07-03 05:45:00+00:00,YES,0.14452980518341063,0.23693410685805022,0.12,1412.6521813867319,1412.6521813867319,9702.483,19265.735999999997,1412.6521813867319,1412.6521813867319,4036.149089676377,1.0,0.35,kelly,64683.22,64683.22,64219.11999999999,64.28,2559.216908289645,1,14483.647714134471,11924.430805844826
2.0,phase_double_then_12,21815dfe-7533-4983-9fc4-01b7e5798634,2025-07-03 23:30:00+00:00,2025-07-03 12:15:00+00:00,YES,0.12719794988632205,0.23999613186098498,0.12,1738.009713314735,1738.009713314735,256.61999999999995,508.16399999999993,256.61999999999995,256.61999999999995,546.0,1.0,0.4699999999999999,rolling_liq,1710.7999999999997,1710.7999999999997,1693.8799999999999,9.53,-266.1499999999999,0,14217.497714134472,14483.647714134471
2.0,phase_double_then_12,a4d71aea-7129-4510-a0c0-686300cd53cf,2025-07-07 23:30:00+00:00,2025-07-07 12:30:00+00:00,NO,0.09287727117538447,0.13460474083389054,0.12,956.8712975587508,956.8712975587508,1168.6920000000002,2287.134,956.8712975587508,956.8712975587508,3682.735759841349,1.0,0.2598262161496953,kelly,7623.780000000001,7791.2800000000025,7623.780000000001,49.58,-1006.4512975587509,0,13211.04641657572,14217.497714134472
2.0,phase_double_then_12,66b295b9-ed48-41fe-8fd7-4cca0813f9f5,2025-07-08 15:30:00+00:00,2025-07-08 04:45:00+00:00,NO,0.07585252523422237,0.10836075033460339,0.12,715.7794512027092,715.7794512027092,1159.068,2002.194,715.7794512027092,715.7794512027092,2604.4980400096756,1.0,0.27482433858927,kelly,6795.84,7727.120000000001,6673.9800000000005,36.34,-752.1194512027092,0,12458.926965373012,13211.04641657572
2.0,phase_double_then_12,cba5ede2-0a93-430c-aa0b-4c48363996d9,2025-07-09 15:00:00+00:00,2025-07-09 01:30:00+00:00,YES,0.0751177150011062,0.08077173656032925,0.12,503.16458333574565,503.16458333574565,153.12900000000002,306.25800000000004,153.12900000000002,153.12900000000002,2191.8428571428576,1.0,0.0698631288739417,rolling_liq,1020.8600000000001,1020.8600000000001,1020.8600000000001,9.98,2028.7338571428577,1,14487.660822515869,12458.926965373012
2.0,phase_double_then_12,473b6ccd-bea1-4377-b656-99e755056013,2025-07-09 16:00:00+00:00,2025-07-09 02:00:00+00:00,NO,0.21722968339920046,0.28211647194701356,0.12,2043.6038790065727,1738.5192987019043,50.688,101.376,50.688,50.688,230.40000000000003,1.0,0.21999999999999997,rolling_liq,337.92,337.92,337.92,2.77,176.94200000000004,1,14664.60282251587,14487.660822515869
2.0,phase_double_then_12,e3e04e5c-30b5-4cd3-bef5-9e4a16bf0e89,2025-07-10 19:00:00+00:00,2025-07-10 04:45:00+00:00,NO,0.176479022204876,0.5882634073495866,0.12,4313.324611900775,1759.7523387019044,598.044,987.9959999999999,598.044,598.044,879.4764705882352,1.0,0.68,rolling_liq,3597.1200000000003,3986.96,3293.3199999999997,13.4,268.03247058823524,1,14932.635293104106,14664.60282251587
2.0,phase_double_then_12,9bb7fd31-2faf-4602-bf65-4532dd75baba,2025-07-13 22:00:00+00:00,2025-07-13 05:15:00+00:00,NO,0.0949998521804809,0.13768094518910276,0.12,1027.9696706593638,1027.9696706593638,963.1349999999999,1860.8459999999998,963.1349999999999,963.1349999999999,3567.166666666667,1.0,0.26999999999999996,rolling_liq,6420.9,6420.9,6202.82,49.22,2554.8116666666674,1,17487.446959770772,14932.635293104106
2.0,phase_double_then_12,1dc8a33e-b81b-4a0d-91bf-0109943d729e,2025-07-13 22:00:00+00:00,2025-07-13 06:00:00+00:00,NO,0.2283735346794128,0.27850431058464975,0.12,2435.164679708294,2098.4936351724928,2480.4990000000003,4935.4980000000005,2098.4936351724928,2098.4936351724928,13893.585219828079,1.0,0.1510404695382478,portfolio,16536.660000000003,16536.660000000003,16451.660000000003,124.71,-2223.203635172493,0,15264.24332459828,17487.446959770772
2.0,phase_double_then_12,333e71e9-d362-4003-836b-7d936322e7d2,2025-07-16 00:00:00+00:00,2025-07-15 06:00:00+00:00,YES,0.06468308866024008,0.07187009851137786,0.12,548.5213357202601,548.5213357202601,599.13,1198.26,548.5213357202601,548.5213357202601,5485.213357202601,1.0,0.1,kelly,3994.2,3994.2,3994.2,34.56,-583.0813357202601,0,14681.161988878019,15264.24332459828
2.0,phase_double_then_12,e380b602-7a50-4ce9-99e7-63c43f11724e,2025-07-16 02:00:00+00:00,2025-07-15 13:30:00+00:00,NO,0.21980795383453366,0.4676764975202844,0.12,3433.017209243202,1761.7394386653623,2306.781,4286.202,1761.7394386653623,1761.7394386653623,3671.3738305528377,1.0,0.47985836364696166,portfolio,14287.34,15378.54,14287.34,64.15,-1825.8894386653624,0,12855.272550212656,14681.161988878019
2.0,phase_double_then_12,83fc47a0-fbb1-4f04-8af2-94e9a1fd566e,2025-07-16 17:00:00+00:00,2025-07-16 04:15:00+00:00,NO,0.1946576309204101,0.23738735478098796,0.12,1525.8395728418138,1525.8395728418138,75.018,150.036,75.018,75.018,455.0470588235294,1.0,0.16485767470720547,rolling_liq,500.12,500.12,500.12,4.39,-79.408,0,12775.864550212656,12855.272550212656
2.0,phase_double_then_12,5e64c14b-9cf3-45d2-bd9d-f0af702d801f,2025-07-16 19:00:00+00:00,2025-07-16 07:00:00+00:00,NO,0.1349456548690796,0.207608699798584,0.12,1326.1903140362356,1326.1903140362356,4016.445,7975.212000000002,1326.1903140362356,1326.1903140362356,4332.549400116889,1.0,0.30609929433244454,kelly,26588.120000000003,26776.300000000003,26584.040000000008,64.42,-1390.6103140362356,0,11385.25423617642,12775.864550212656
2.0,phase_double_then_12,1f15d85b-41ea-4e16-b597-b0e14ee9ba73,2025-07-16 23:30:00+00:00,2025-07-16 07:00:00+00:00,NO,0.10651913166046145,0.13656298930828392,0.12,777.4021762635274,777.4021762635274,2353.6380000000004,4700.795999999999,777.4021762635274,777.4021762635274,3887.0108813176366,1.0,0.2,kelly,15669.32,15690.920000000002,15669.32,43.54,-820.9421762635274,0,10564.312059912894,11385.25423617642
2.0,phase_double_then_12,32cb5f24-0d87-4645-a3fd-dd1e0fd1a4f6,2025-07-23 00:00:00+00:00,2025-07-22 06:00:00+00:00,NO,0.09330237627029414,0.11378338569548066,0.12,601.0215968602433,601.0215968602433,557.973,1115.946,557.973,557.973,3102.1833333333334,1.0,0.17986461148331012,rolling_liq,3719.82,3719.82,3719.82,32.04,-590.0129999999999,0,9974.299059912893,10564.312059912894
2.0,phase_double_then_12,17812353-7592-47dc-9fe1-36f6bb0d8b9d,2025-07-24 02:00:00+00:00,2025-07-23 07:00:00+00:00,NO,0.17903590440750117,0.2594723252282626,0.2,1294.027284798836,1294.027284798836,1299.231,2598.462,1294.027284798836,1294.027284798836,5077.4895569186,1.0,0.2548557255101768,kelly,8661.54,8661.54,8661.54,67.5,3715.962272119764,1,13690.261332032656,9974.299059912893
2.0,phase_double_then_12,d8bda49f-0b5d-428a-9697-070219652f4a,2025-07-25 00:30:00+00:00,2025-07-24 06:15:00+00:00,YES,0.12289219975471491,0.15755410224963448,0.12,1078.4784168656452,1078.4784168656452,2266.314,4532.628,1078.4784168656452,1078.4784168656452,5991.546760364696,1.0,0.18,kelly,15108.759999999998,15108.759999999998,15108.759999999998,61.91,-1140.3884168656452,0,12549.87291516701,13690.261332032656
2.0,phase_double_then_12,4d8cf7bd-df70-42d4-a4fd-14a6fcb736a9,2025-07-24 23:00:00+00:00,2025-07-24 12:45:00+00:00,YES,0.11587374210357665,0.21067953109741208,0.12,1322.000670549749,1322.000670549749,1524.2700000000002,3045.300000000001,1322.000670549749,1322.000670549749,3004.5469785221567,1.0,0.44,kelly,10151.000000000004,10161.800000000001,10151.000000000004,51.83,1630.7163079724078,1,14180.589223139417,12549.87291516701
2.0,phase_double_then_12,585740b6-3c8b-4746-8808-e7635a88c710,2025-07-27 20:00:00+00:00,2025-07-27 04:15:00+00:00,YES,0.09930047273635859,0.1273082983799469,0.12,902.6533420114462,902.6533420114462,66.726,19.8,19.8,19.8,90.0,1.0,0.22,cumulative_liq,444.84000000000003,444.84000000000003,66.0,1.09,-20.89,0,14159.699223139418,14180.589223139417
2.0,phase_double_then_12,548df81e-2319-4153-a4df-bf65932d74be,2025-07-27 23:00:00+00:00,2025-07-27 06:00:00+00:00,NO,0.06239434003829958,0.0810316104393501,0.12,573.6916156939008,573.6916156939008,0.063,0.126,0.063,0.063,0.3,1.0,0.21000000000000002,rolling_liq,0.42,0.42,0.42,0.01,0.22699999999999998,1,14159.926223139419,14159.699223139418
2.0,phase_double_then_12,d5b4c575-bc11-412e-893d-9c6ed1889586,2025-07-27 22:00:00+00:00,2025-07-27 12:30:00+00:00,YES,0.1230686521530151,0.17333612979297902,0.12,1227.2134048365508,1227.2134048365508,1257.447,2424.5879999999997,1227.2134048365508,1227.2134048365508,4657.457054950188,1.0,0.2634943039425784,kelly,8092.399999999999,8382.98,8081.96,63.27,-1290.4834048365508,0,12869.442818302869,14159.926223139419
2.0,phase_double_then_12,6adda940-e25a-4b97-9334-bfcbbb00d303,2025-07-28 23:00:00+00:00,2025-07-28 12:30:00+00:00,YES,0.05657753527164458,0.06816570514655974,0.12,438.6273222764721,438.6273222764721,1468.644,2668.5180000000005,438.6273222764721,438.6273222764721,2750.0457642279507,1.0,0.1594981901690689,kelly,9784.500000000002,9790.960000000001,8895.060000000001,25.81,-464.4373222764721,0,12405.005496026397,12869.442818302869
2.0,phase_double_then_12,7a6fecee-f650-46ac-af8f-8dfc5ff13ae2,2025-07-29 23:30:00+00:00,2025-07-29 05:45:00+00:00,NO,0.11944526433944702,0.15926035245259604,0.12,987.8127737367774,987.8127737367774,849.846,1699.692,849.846,849.846,3749.8521739130438,1.0,0.2266345339990214,rolling_liq,5665.64,5665.64,5665.64,46.01,2853.9961739130435,1,15259.00166993944,12405.005496026397
2.0,phase_double_then_12,185c1d82-80ca-427a-bb34-b717e2127e2e,2025-07-30 23:00:00+00:00,2025-07-30 05:30:00+00:00,YES,0.15933475494384763,0.2655579249064127,0.12,2026.0744098063021,1831.0802003927326,82.04100000000001,164.08200000000002,82.04100000000001,82.04100000000001,207.75250000000003,1.0,0.39489777499669076,rolling_liq,546.94,546.94,546.94,3.48,122.23150000000001,1,15381.23316993944,15259.00166993944
2.0,phase_double_then_12,c2f7980e-2390-45e9-8977-c6e6d2c1f545,2025-07-31 00:00:00+00:00,2025-07-30 07:00:00+00:00,NO,0.09089968681335447,0.12452011892240339,0.12,957.6364917470373,957.6364917470373,1487.856,2951.4060000000004,957.6364917470373,957.6364917470373,3683.601891334759,1.0,0.25997285265809117,kelly,9916.54,9919.04,9838.020000000002,49.61,-1007.2464917470373,0,14373.986678192403,15381.23316993944
2.0,phase_double_then_12,e8241b1f-576e-4bcf-b7d0-79606aa78b00,2025-07-31 00:00:00+00:00,2025-07-30 15:30:00+00:00,NO,0.16516225516796124,0.434637513599898,0.12,3123.7369151638018,1724.8784013830882,3453.5009999999993,6454.8,1724.8784013830882,1724.8784013830882,3026.102458566822,1.0,0.57,portfolio,21516.0,23023.339999999997,21516.0,51.92,1249.3040571837337,1,15623.290735376137,14373.986678192403
2.0,phase_double_then_12,50578d4e-21ed-488c-ac01-1008b9b70e0d,2025-07-31 23:30:00+00:00,2025-07-31 05:45:00+00:00,NO,0.1513962113857269,0.2566037481114015,0.12,2004.4974802658255,1874.7948882451362,2446.8329999999996,4893.665999999999,1874.7948882451362,1874.7948882451362,5370.956823557532,1.0,0.3490616197140342,portfolio,16312.219999999998,16312.219999999998,16312.219999999998,85.43,3410.7319353123953,1,19034.022670688533,15623.290735376137
2.0,phase_double_then_12,a1ca524f-e7ce-449f-ab32-66adea0ba523,2025-08-01 23:30:00+00:00,2025-08-01 05:45:00+00:00,NO,0.15966734647750846,0.3894325523841671,0.12,3706.2340153921677,2284.0827204826237,345.92699999999996,691.8539999999999,345.92699999999996,345.92699999999996,591.5372881355931,1.0,0.5847932276429986,rolling_liq,2306.18,2306.18,2306.18,10.06,235.55028813559318,1,19269.572958824127,19034.022670688533
2.0,phase_double_then_12,64fb0c10-3ce1-4592-a3f9-65395a9e58af,2025-08-01 23:30:00+00:00,2025-08-01 15:00:00+00:00,YES,0.10673018932342532,0.18089862597190728,0.12,1742.9196356583523,1742.9196356583523,1953.723,3875.7119999999995,1742.9196356583523,1742.9196356583523,4605.262199100926,1.0,0.3784626282513552,kelly,13024.82,13024.82,12919.039999999999,75.84,2786.502563442574,1,22056.0755222667,19269.572958824127
2.0,phase_double_then_12,de06dc94-ceb2-41b8-bde0-f9f91c917d00,2025-08-03 22:00:00+00:00,2025-08-03 06:00:00+00:00,NO,0.07582804679870603,0.10531673166486949,0.12,1161.4368936793292,1161.4368936793292,495.339,854.85,495.339,495.339,2016.9560000000001,1.0,0.24558740993854103,rolling_liq,2887.5800000000004,3302.26,2849.5,26.16,-521.499,0,21534.5765222667,22056.0755222667
2.0,phase_double_then_12,1dffe97b-d132-4697-af9f-8b08902da90d,2025-08-03 22:00:00+00:00,2025-08-03 06:00:00+00:00,YES,0.05085827469825738,0.05913752871890393,0.12,636.7508187674906,636.7508187674906,650.604,1226.07,636.7508187674906,636.7508187674906,5086.39091359608,1.0,0.1251871571776829,kelly,4124.6,4337.360000000001,4086.9,39.0,-675.7508187674906,0,20858.82570349921,21534.5765222667
2.0,phase_double_then_12,cd325282-98cc-46dd-a9f0-e2d5d887b51f,2025-08-06 00:00:00+00:00,2025-08-05 07:00:00+00:00,YES,0.09239223599433899,0.12318964799245198,0.12,1284.7956979749886,1284.7956979749886,68.71499999999999,131.73,68.71499999999999,68.71499999999999,286.31249999999994,1.0,0.24000000000000002,rolling_liq,458.09999999999997,458.09999999999997,439.09999999999997,3.66,213.93749999999997,1,21072.76320349921,20858.82570349921
2.0,phase_double_then_12,6a9e0ff7-c5b4-4a72-b217-41dc4a8caa4f,2025-08-06 02:00:00+00:00,2025-08-05 07:00:00+00:00,NO,0.3618546456098557,0.6579175374724648,0.12,6932.070237293285,2528.731584419905,27.974999999999998,55.949999999999996,27.974999999999998,27.974999999999998,63.715909090909086,1.0,0.43905831995719635,rolling_liq,186.5,186.5,186.5,1.1,34.64090909090908,1,21107.404112590117,21072.76320349921
2.0,phase_double_then_12,d300ee86-e2e0-4bf4-9247-1d7a3a859e07,2025-08-06 02:00:00+00:00,2025-08-05 07:00:00+00:00,NO,0.08956348419189453,0.10294653355390175,0.12,1086.467042856261,1086.467042856261,111.021,222.042,111.021,111.021,1062.190909090909,1.0,0.10452075898015253,rolling_liq,740.14,740.14,740.14,6.96,-117.981,0,20989.423112590117,21107.404112590117
2.0,phase_double_then_12,0934f4d6-98dc-4543-b6bd-c04adfa95bf2,2025-08-08 02:00:00+00:00,2025-08-07 07:00:00+00:00,NO,0.14108287811279296,0.2275530292141822,0.12,2388.103405364025,2388.103405364025,604.338,1208.676,604.338,604.338,1678.7166666666667,1.0,0.36,rolling_liq,4028.9199999999996,4028.9199999999996,4028.9199999999996,27.08,-631.418,0,20358.005112590115,20989.423112590117
2.0,phase_double_then_12,042c5181-7425-497a-8593-922c0cccfc16,2025-08-08 02:00:00+00:00,2025-08-07 07:00:00+00:00,NO,0.10052478075027471,0.12410466759293173,0.12,1263.2617286766006,1263.2617286766006,356.397,712.794,356.397,356.397,2096.45294117647,1.0,0.17000000000000004,rolling_liq,2375.98,2375.98,2375.98,20.71,-377.10699999999997,0,19980.898112590115,20358.005112590115
2.0,phase_double_then_12,25596e43-21b0-4411-b093-a5ca0b6480d6,2025-08-09 02:00:00+00:00,2025-08-08 07:30:00+00:00,YES,0.13616769552230834,0.2778932561679762,0.12,2776.278418834119,2397.7077735108137,682.281,1359.564,682.281,682.281,1392.4102040816329,1.0,0.4899999999999999,rolling_liq,4548.54,4548.54,4531.88,24.36,685.7692040816329,1,20666.66731667175,19980.898112590115
2.0,phase_double_then_12,3a283716-466b-440c-a344-5994da2e16aa,2025-08-10 00:30:00+00:00,2025-08-09 13:15:00+00:00,YES,0.124353095293045,0.1943017113953828,0.12,2007.7844142341721,2007.7844142341721,6790.163999999999,13244.663999999999,2007.7844142341721,2007.7844142341721,5831.669754954777,1.0,0.34428980010884414,kelly,45267.759999999995,45267.759999999995,44148.88,92.16,3731.7253407206053,1,24398.392657392353,20666.66731667175
2.0,phase_double_then_12,2de72b4c-3c39-42c4-8321-18efac227563,2025-08-10 16:30:00+00:00,2025-08-10 02:30:00+00:00,NO,0.28335612535476684,0.4570260086367207,0.12,5575.350006679751,2927.807118887082,849.3959999999998,1681.4759999999999,849.3959999999998,849.3959999999998,2295.6648648648643,1.0,0.37000000000000005,rolling_liq,5662.639999999999,5662.639999999999,5604.92,37.46,1408.8088648648645,1,25807.201522257215,24398.392657392353
2.0,phase_double_then_12,56ef45bc-fa3c-47bb-926c-8b9f8433bdb6,2025-08-10 20:00:00+00:00,2025-08-10 04:30:00+00:00,NO,0.146348443031311,0.24804820852764578,0.12,3200.7150523539176,3096.864182670866,3073.0499999999997,6145.398,3073.0499999999997,3073.0499999999997,7812.974999999999,1.0,0.3933264857496664,rolling_liq,20487.0,20487.0,20484.66,130.51,4609.414999999999,1,30416.616522257216,25807.201522257215
2.0,phase_double_then_12,2eb1473f-e48b-4a13-bb64-bb3604b03c6d,2025-08-10 22:00:00+00:00,2025-08-10 12:00:00+00:00,NO,0.13645145893096922,0.22741909821828205,0.12,3458.6597501715173,3458.6597501715173,6182.663999999999,12364.625999999998,3458.6597501715173,3458.6597501715173,9683.388194920883,1.0,0.3571745426859628,kelly,41215.42,41217.759999999995,41215.42,155.64,6069.088444749365,1,36485.70496700658,30416.616522257216
2.0,phase_double_then_12,4b134f76-aff1-49fb-b585-3e9073eb44c2,2025-08-14 02:00:00+00:00,2025-08-13 08:00:00+00:00,NO,0.21488385438919066,0.4385384783452871,0.12,8000.192768793075,4378.284596040789,2507.1929999999998,5002.986,2507.1929999999998,2507.1929999999998,5991.221428571427,1.0,0.41847777283668613,rolling_liq,16676.62,16714.62,16676.62,102.06,3381.9684285714275,1,39867.67339557801,36485.70496700658
2.0,phase_double_then_12,74f4d3c6-f105-49b3-bb25-ee57ac47d235,2025-08-13 23:30:00+00:00,2025-08-13 11:45:00+00:00,NO,0.12422191977500918,0.2343809807075645,0.12,4672.112194492225,4672.112194492225,2871.7530000000006,3752.8679999999995,2871.7530000000006,2871.7530000000006,6381.673333333335,1.0,0.44999999999999996,rolling_liq,12509.56,19145.020000000004,12509.56,110.57,3399.350333333334,1,43267.02372891134,39867.67339557801
2.0,phase_double_then_12,fdec04dc-4b3e-4713-8640-3988c3e4f01f,2025-08-16 02:00:00+00:00,2025-08-15 07:15:00+00:00,NO,0.13219804048538208,0.20983815950060647,0.12,4539.536313171911,4539.536313171911,187.08599999999998,374.17199999999997,187.08599999999998,187.08599999999998,519.6833333333333,1.0,0.36,rolling_liq,1247.24,1247.24,1247.24,8.39,324.2073333333333,1,43591.231062244675,43267.02372891134
2.0,phase_double_then_12,f69e50f9-fa32-4c94-9a1b-f8a270e47e4c,2025-08-16 02:00:00+00:00,2025-08-15 16:45:00+00:00,YES,0.15301872491836543,0.340041610929701,0.12,7411.4162164072495,5230.947727469361,1393.776,2787.552,1393.776,1393.776,2584.3999999999996,1.0,0.5393035133880205,rolling_liq,9291.84,9291.84,9291.84,44.95,-1438.726,0,42152.50506224467,43591.231062244675
2.0,phase_double_then_12,673f7bf8-4cb2-4836-9dec-4131b50da342,2025-08-16 18:00:00+00:00,2025-08-16 03:15:00+00:00,YES,0.29983103513717646,0.6814341707663102,0.12,14362.078666406695,5058.30060746936,4528.173,9056.346,4528.173,4528.173,8481.172222222223,1.0,0.5339088608689443,rolling_liq,30187.82,30187.82,30187.82,147.74,3805.259222222224,1,45957.764284466895,42152.50506224467
2.0,phase_double_then_12,3495c00d-950e-4e49-87e6-3a022d1d9c1b,2025-08-17 19:00:00+00:00,2025-08-17 03:45:00+00:00,YES,0.1182247066497803,0.20038085872844116,0.12,4604.52813628038,4604.52813628038,472.3379999999999,941.232,472.3379999999999,472.3379999999999,1165.751219512195,1.0,0.4051790743119688,rolling_liq,3148.9199999999996,3148.9199999999996,3137.44,19.67,673.743219512195,1,46631.50750397909,45957.764284466895
2.0,phase_double_then_12,b233aa62-25a1-489f-9f1a-ad31d9a6a7c2,2025-08-17 22:00:00+00:00,2025-08-17 10:45:00+00:00,NO,0.13120973110198975,0.2624194622039795,0.12,6118.507560477514,5595.780900477491,2070.216,4135.139999999999,2070.216,2070.216,4600.4800000000005,1.0,0.44999999999999996,rolling_liq,13801.44,13801.44,13783.8,79.71,2450.5540000000005,1,49082.061503979094,46631.50750397909
2.0,phase_double_then_12,b6df91b4-c8f5-45f8-bebf-c6845d61912b,2025-08-19 23:00:00+00:00,2025-08-19 05:30:00+00:00,NO,0.2621755397319794,0.5140696857489792,0.12,12615.7999666313,5889.847380477491,1960.065,3920.13,1960.065,1960.065,4688.154761904762,1.0,0.418088800294562,rolling_liq,13067.1,13067.1,13067.1,79.85,-2039.915,0,47042.14650397909,49082.061503979094
2.0,phase_double_then_12,2cc91c72-9797-403a-adc1-51f134d84117,2025-08-20 02:00:00+00:00,2025-08-19 07:00:00+00:00,YES,0.09672302126884458,0.13433752954006192,0.12,3159.762872803106,3159.762872803106,150.95700000000002,301.91400000000004,150.95700000000002,150.95700000000002,574.1370370370371,1.0,0.26292851751743357,rolling_liq,1006.3800000000001,1006.3800000000001,1006.3800000000001,7.79,-158.747,0,46883.39950397909,47042.14650397909
2.0,phase_double_then_12,a1382913-f5c5-4721-9dee-4195779e9b68,2025-08-23 20:00:00+00:00,2025-08-23 04:00:00+00:00,NO,0.19466778397560125,0.34762104281357364,0.12,8148.828113109296,5626.007940477491,650.25,1300.5,650.25,650.25,1548.2142857142858,1.0,0.42,rolling_liq,4335.0,4335.0,4335.0,26.41,871.5542857142858,1,47754.953789693376,46883.39950397909
2.0,phase_double_then_12,bb8576ec-3270-4ee6-9d85-f37e6e502af7,2025-08-24 19:00:00+00:00,2025-08-24 03:45:00+00:00,YES,0.1296231734752655,0.16618355573751986,0.12,3968.044012426097,3968.044012426097,543.273,1029.1260000000002,543.273,543.273,2546.6045454545456,1.0,0.21333229808675724,rolling_liq,3621.82,3621.82,3430.4200000000005,29.92,-573.193,0,47181.76078969338,47754.953789693376
2.0,phase_double_then_12,0962940f-0261-4fce-b716-3a16393d43b7,2025-08-24 20:00:00+00:00,2025-08-24 05:45:00+00:00,NO,0.17109873175621026,0.39790402734002395,0.12,9386.906317606312,5661.811294763205,1808.4599999999998,3431.1720000000005,1808.4599999999998,1808.4599999999998,3552.313725490196,1.0,0.5090935485295416,rolling_liq,11437.240000000002,12056.4,11437.240000000002,62.15,1681.703725490196,1,48863.46451518357,47181.76078969338
2.0,phase_double_then_12,ab22cb38-adf5-49e7-8d94-af37949f1527,2025-08-26 23:00:00+00:00,2025-08-26 06:00:00+00:00,YES,0.11368976593017577,0.18637666545930454,0.12,4553.504789564484,4553.504789564484,970.1759999999998,1921.6319999999998,970.1759999999998,970.1759999999998,2565.673684210526,1.0,0.37813694156454236,rolling_liq,6405.44,6467.839999999999,6405.44,42.24,1553.2576842105261,1,50416.7221993941,48863.46451518357
2.0,phase_double_then_12,467aedcd-fa42-4992-9a69-fce47d1ece15,2025-08-28 00:00:00+00:00,2025-08-27 16:00:00+00:00,NO,0.15859810590744017,0.33041272064050037,0.12,8329.163173839057,6050.006663927292,1543.203,2728.23,1543.203,1543.203,3036.045098039215,1.0,0.5082938329857665,rolling_liq,10288.02,10288.02,9094.1,53.12,1439.7220980392153,1,51856.444297433314,50416.7221993941
2.0,phase_double_then_12,6d17df9c-9585-4b14-b1ab-7334c0443b45,2025-08-30 02:00:00+00:00,2025-08-29 07:15:00+00:00,NO,0.14991149187088015,0.28285187145449087,0.12,7333.846158252287,6222.773315691998,1827.945,3647.52,1827.945,1827.945,4248.465909090909,1.0,0.43026001364128763,rolling_liq,12186.3,12186.3,12158.4,72.91,2347.6109090909094,1,54204.05520652422,51856.444297433314
2.0,phase_double_then_12,eef5e74b-cdc8-45c9-b34e-c80089a44b6d,2025-09-01 00:00:00+00:00,2025-08-31 06:00:00+00:00,NO,0.12026148080825805,0.1625155146057541,0.12,4404.499962803495,4404.499962803495,717.4290000000001,1434.8580000000002,717.4290000000001,717.4290000000001,3354.13181818182,1.0,0.21389409805274082,rolling_liq,4782.860000000001,4782.860000000001,4782.860000000001,39.48,-756.9090000000001,0,53447.14620652422,54204.05520652422
2.0,phase_double_then_12,2f5baf0d-dd06-464d-95dd-177924f443c9,2025-09-04 00:00:00+00:00,2025-09-03 06:00:00+00:00,NO,0.20699598312377931,0.3980691983149602,0.12,10637.831321326781,6413.657544782906,748.1460000000001,1496.2920000000001,748.1460000000001,748.1460000000001,1667.4355555555555,1.0,0.44868060867919607,rolling_liq,4987.64,4987.64,4987.64,28.88,-777.0260000000001,0,52670.120206524225,53447.14620652422
2.0,phase_double_then_12,b69d86fb-d73a-4b99-bec9-88e73e7ce25b,2025-09-05 02:00:00+00:00,2025-09-04 12:45:00+00:00,NO,0.05718323230743405,0.06807527655646911,0.12,1792.7664996608044,1792.7664996608044,211.02899999999997,417.28800000000007,211.02899999999997,211.02899999999997,1507.3499999999997,1.0,0.14,rolling_liq,1390.9600000000003,1406.86,1390.9600000000003,12.71,-223.73899999999998,0,52446.381206524224,52670.120206524225
2.0,phase_double_then_12,f9c188c7-35cd-436c-8d11-7f1b0131ba33,2025-09-05 23:30:00+00:00,2025-09-05 10:30:00+00:00,NO,0.06474714040756224,0.07528737256693284,0.12,1974.275120841487,1974.275120841487,339.585,670.854,339.585,339.585,2612.192307692307,1.0,0.13,rolling_liq,2236.1800000000003,2263.9,2236.1800000000003,20.69,-360.275,0,52086.10620652422,52446.381206524224
2.0,phase_double_then_12,e9ff9be0-15cb-4e16-86a5-89be878b6745,2025-09-10 02:00:00+00:00,2025-09-09 07:00:00+00:00,NO,0.2139049685001373,0.30127460352132013,0.12,7846.110498169978,6250.332744782906,1800.825,3601.65,1800.825,1800.825,6859.574074074075,1.0,0.2625272328213878,rolling_liq,12005.5,12005.5,12005.5,92.97,-1893.795,0,50192.311206524224,52086.10620652422
2.0,phase_double_then_12,31d89653-50a1-4688-b507-15c8e12dad33,2025-09-09 23:30:00+00:00,2025-09-09 12:30:00+00:00,NO,0.16207829356193537,0.3683597580953077,0.12,9244.413807139832,6023.077344782907,1661.1899999999998,3286.8120000000004,1661.1899999999998,1661.1899999999998,3133.796296296296,1.0,0.5300886984783572,rolling_liq,10956.04,11074.599999999999,10956.04,54.65,-1715.84,0,48476.47120652423,50192.311206524224
2.0,phase_double_then_12,93a98ff0-ed90-4c11-8f56-dfd70e55ed58,2025-09-12 00:00:00+00:00,2025-09-11 07:00:00+00:00,NO,0.1892402425408365,0.6308008084694549,0.12,15289.498614410866,5817.1765447829075,545.6610000000001,1035.882,545.6610000000001,545.6610000000001,819.0164179104479,1.0,0.6662393916255573,rolling_liq,3637.7400000000002,3637.7400000000002,3452.9400000000005,12.75,-558.4110000000001,0,47918.06020652423,48476.47120652423
2.0,phase_double_then_12,2fb00c07-3995-4420-aa53-e0b95160a91a,2025-09-18 02:00:00+00:00,2025-09-17 16:15:00+00:00,YES,0.07049068570137018,0.08702553790292615,0.12,2085.0474823687855,2085.0474823687855,1287.825,2557.9799999999996,1287.825,1287.825,8093.15625,1.0,0.1591251867897645,rolling_liq,8538.380000000001,8585.5,8526.599999999999,75.81,-1363.635,0,46554.425206524225,47918.06020652423
2.0,phase_double_then_12,30981dda-706d-44fc-9eb4-b6f8c5a3e874,2025-09-24 01:30:00+00:00,2025-09-22 23:30:00+00:00,NO,0.11262015342712406,0.14255715623686588,0.12,3318.3332338419805,3318.3332338419805,751.8599999999999,1502.3999999999999,751.8599999999999,751.8599999999999,3759.3,1.0,0.19999999999999996,rolling_liq,5012.4,5012.4,5008.0,42.11,-793.9699999999999,0,45760.455206524224,46554.425206524225
2.0,phase_double_then_12,fb31c505-de82-4d70-a8a2-a91dbaacd1ee,2025-09-29 00:00:00+00:00,2025-09-28 02:30:00+00:00,NO,0.18119778752326965,0.29225449600527365,0.12,6686.849386677319,5491.254624782907,6091.400999999999,12179.561999999998,5491.254624782907,5491.254624782907,15691.24178509402,1.0,0.34995666372303014,portfolio,40598.53999999999,40609.34,40598.53999999999,249.87,-5741.124624782907,0,40019.33058174132,45760.455206524224
2.0,phase_double_then_12,fc11987d-5051-4621-94f9-17a356691802,2025-10-01 01:30:00+00:00,2025-09-30 01:15:00+00:00,NO,0.06506288051605225,0.08675050735473633,0.12,1735.8486159814875,1735.8486159814875,4034.3160000000003,7766.3820000000005,1735.8486159814875,1735.8486159814875,7890.2209817340345,1.0,0.21999999999999997,kelly,26888.94,26895.440000000002,25887.940000000002,94.78,-1830.6286159814874,0,38188.701965759836,40019.33058174132
2.0,phase_double_then_12,4a8a3c5a-81ad-462c-b4cb-3300d1eea8c3,2025-10-09 00:00:00+00:00,2025-10-07 11:00:00+00:00,NO,0.16387164235115048,0.2777485463578822,0.12,5303.428229142097,4582.64423589118,16264.304999999998,32528.609999999997,4582.64423589118,4582.64423589118,12497.633069976162,1.0,0.36668097152734863,portfolio,108428.7,108428.7,108428.7,203.16,7711.828834084982,1,45900.53079984482,38188.701965759836
2.0,phase_10k_then_12,d1bd5e4c-1d9e-47c6-b24e-52544a1a2c13,2025-05-22 23:30:00+00:00,2025-05-22 13:00:00+00:00,YES,0.18705255270004273,0.2969088138095916,0.2,742.2720345239791,742.2720345239791,319.01999999999987,622.464,319.01999999999987,319.01999999999987,916.8571428571425,1.0,0.3479495169834839,rolling_liq,2074.88,2126.7999999999993,2074.88,14.57,-333.58999999999986,0,4666.41,5000.0
2.0,phase_10k_then_12,b8786c5b-6a05-49e0-9ba2-0bc7db3e8a60,2025-05-24 02:00:00+00:00,2025-05-23 12:30:00+00:00,NO,0.08980293750762935,0.10819631025015586,0.2,252.4441720572149,252.4441720572149,262.371,524.742,252.4441720572149,252.4441720572149,2688.841720572149,1.0,0.09388584315907528,kelly,1749.1399999999999,1749.1399999999999,1749.1399999999999,16.02,-268.4641720572149,0,4397.945827942785,4666.41
2.0,phase_10k_then_12,a35a38a3-fdb6-40a3-86f1-842d77ac32bf,2025-05-24 02:00:00+00:00,2025-05-23 12:30:00+00:00,NO,0.32377356052398687,0.3997204450913418,0.2,878.9744319164499,878.9744319164499,76.182,152.364,76.182,76.182,476.1375,1.0,0.16,rolling_liq,507.88,507.88,507.88,4.48,395.47549999999995,1,4793.421327942785,4397.945827942785
2.0,phase_10k_then_12,92c4a40c-74f4-4a28-be37-18237fca81a5,2025-05-23 23:30:00+00:00,2025-05-23 12:30:00+00:00,NO,0.09931676149368285,0.11548460638800331,0.2,276.78318765466634,276.78318765466634,115.66499999999999,231.32999999999998,115.66499999999999,115.66499999999999,1445.8124999999998,1.0,0.08,rolling_liq,771.1,771.1,771.1,7.45,-123.115,0,4670.306327942785,4793.421327942785
2.0,phase_10k_then_12,10582ee6-a493-4e18-9878-6203b5e8065d,2025-05-24 02:00:00+00:00,2025-05-23 12:30:00+00:00,NO,0.08664486169815067,0.13128009348204644,0.2,306.55912566106093,306.55912566106093,304.98599999999993,609.9719999999999,304.98599999999993,304.98599999999993,1017.4866666666665,1.0,0.29974446839598223,rolling_liq,2033.2399999999998,2033.2399999999998,2033.2399999999998,14.95,-319.9359999999999,0,4350.3703279427855,4670.306327942785
2.0,phase_10k_then_12,b0d98920-a05f-481d-9dea-7046f3e6fc33,2025-05-25 19:00:00+00:00,2025-05-25 05:00:00+00:00,NO,0.19932658433914185,0.26227182149887085,0.2,570.4897750520972,570.4897750520972,293.538,587.076,293.538,293.538,1467.69,1.0,0.2,rolling_liq,1956.9200000000003,1956.9200000000003,1956.9200000000003,16.44,-309.978,0,4040.3923279427854,4350.3703279427855
2.0,phase_10k_then_12,bbd4ae77-444a-4dfe-ad87-70233844aa1d,2025-05-25 22:00:00+00:00,2025-05-25 14:00:00+00:00,NO,0.1071816420555115,0.1623964273568356,0.2,328.0726395889382,328.0726395889382,109.82999999999998,219.65999999999997,109.82999999999998,109.82999999999998,340.030303030303,1.0,0.32300062383031813,rolling_liq,732.1999999999999,732.1999999999999,732.1999999999999,5.21,-115.03999999999998,0,3925.3523279427855,4040.3923279427854
2.0,phase_10k_then_12,5f3d74e1-8cdd-4616-aedf-f1e90dc75db0,2025-05-27 23:00:00+00:00,2025-05-27 05:45:00+00:00,NO,0.0740113401412964,0.08315880914752405,0.2,163.21381253809167,163.21381253809167,136.85399999999998,273.70799999999997,136.85399999999998,136.85399999999998,1968.4857142857138,1.0,0.06952247557948824,rolling_liq,912.36,912.36,912.36,8.92,-145.77399999999997,0,3779.5783279427856,3925.3523279427855
2.0,phase_10k_then_12,8a594783-4b88-43cd-b381-a8660e3a0766,2025-05-27 23:00:00+00:00,2025-05-27 13:00:00+00:00,YES,0.3129020285606384,0.5046806912268361,0.2,953.7401015460673,755.9156655885572,483.93899999999996,956.4779999999998,483.93899999999996,483.93899999999996,1307.9432432432432,1.0,0.37,rolling_liq,3188.2599999999998,3226.2599999999998,3188.2599999999998,21.35,-505.289,0,3274.2893279427853,3779.5783279427856
2.0,phase_10k_then_12,ee675eed-ef15-494e-a8f4-e0202373e26c,2025-05-28 00:00:00+00:00,2025-05-27 13:00:00+00:00,NO,0.08173902988433834,0.11512539420329344,0.2,188.47692480752497,188.47692480752497,100.11299999999999,200.22599999999997,100.11299999999999,100.11299999999999,400.45199999999994,1.0,0.25,rolling_liq,667.42,667.42,667.42,5.26,-105.37299999999999,0,3168.9163279427853,3274.2893279427853
2.0,phase_10k_then_12,a17fdde4-604b-4197-8c9a-97dc9b78c44e,2025-05-29 23:00:00+00:00,2025-05-29 13:00:00+00:00,NO,0.09309141159057621,0.10118631694627848,0.2,160.32548596772781,160.32548596772781,31.056,62.112,31.056,31.056,453.9428571428571,1.0,0.06841389728096678,rolling_liq,207.04000000000002,207.04000000000002,207.04000000000002,2.03,-33.086,0,3135.8303279427855,3168.9163279427853
2.0,phase_10k_then_12,1d299098-034f-480d-af99-bcebd640859e,2025-05-30 23:30:00+00:00,2025-05-30 12:15:00+00:00,NO,0.07657644748687742,0.0900899382198558,0.2,141.25338025615784,141.25338025615784,90.71400000000001,107.11200000000002,90.71400000000001,90.71400000000001,713.3384615384616,1.0,0.1271682446567602,rolling_liq,604.7600000000001,604.7600000000001,357.0400000000001,5.55,617.0744615384616,1,3752.904789481247,3135.8303279427855
2.0,phase_10k_then_12,c9d9dbf0-f3e6-4f3f-b2a5-e83fe165023d,2025-06-01 22:00:00+00:00,2025-06-01 05:15:00+00:00,NO,0.14538862824440002,0.23449778749096778,0.2,440.0239348988043,440.0239348988043,485.05799999999994,968.6039999999999,440.0239348988043,440.0239348988043,1257.2112425680125,1.0,0.35,kelly,3233.72,3233.72,3228.68,20.03,797.1573076692082,1,4550.062097150455,3752.904789481247
2.0,phase_10k_then_12,9998a61a-229c-44c2-b892-ee5b1ea16c23,2025-06-02 00:30:00+00:00,2025-06-01 12:15:00+00:00,YES,0.0670652312040329,0.08178686732199134,0.2,186.06766252323297,186.06766252323297,895.032,1784.0159999999998,186.06766252323297,186.06766252323297,1332.9118751659496,1.0,0.13959487194160322,kelly,5966.88,5966.88,5946.719999999999,11.21,-197.27766252323298,0,4352.784434627222,4550.062097150455
2.0,phase_10k_then_12,272d53ae-a46b-43bc-ac0f-8a846e03a9d1,2025-06-04 00:00:00+00:00,2025-06-03 12:30:00+00:00,NO,0.12299813508987423,0.14819052420466775,0.2,322.5207035586632,322.5207035586632,216.83100000000002,424.932,216.83100000000002,216.83100000000002,1680.2384615384617,1.0,0.12904775421071185,rolling_liq,1416.44,1445.5400000000002,1416.44,13.22,-230.05100000000002,0,4122.733434627222,4352.784434627222
2.0,phase_10k_then_12,f8baaf5b-f1fa-4923-9eec-e85ed7a82142,2025-06-05 23:30:00+00:00,2025-06-05 06:15:00+00:00,YES,0.0730656540393829,0.08496006283649174,0.2,175.1338458320171,175.1338458320171,167.32800000000003,334.65600000000006,167.32800000000003,167.32800000000003,1414.5666666666668,1.0,0.11828922873907205,rolling_liq,1115.5200000000002,1115.5200000000002,1115.5200000000002,10.33,-177.65800000000004,0,3945.075434627222,4122.733434627222
2.0,phase_10k_then_12,45eb60bf-a1b9-4f49-90cb-62097ff47bbd,2025-06-06 02:00:00+00:00,2025-06-05 13:00:00+00:00,NO,0.1447575712203979,0.20979358147883756,0.2,413.8257523173133,413.8257523173133,798.012,1573.5239999999997,413.8257523173133,413.8257523173133,1455.3301804045284,1.0,0.28435179719992126,kelly,5245.079999999999,5320.08,5245.079999999999,20.74,-434.5657523173133,0,3510.509682309909,3945.075434627222
2.0,phase_10k_then_12,772cef5b-3110-4eaf-a68b-6eb3cd04f42a,2025-06-06 23:30:00+00:00,2025-06-06 12:15:00+00:00,YES,0.1407347512245178,0.18277240418768548,0.2,320.812147279965,320.812147279965,662.31,1324.62,320.812147279965,320.812147279965,1782.2897071109169,1.0,0.18,kelly,4415.4,4415.4,4415.4,18.42,1443.0575598309517,1,4953.567242140861,3510.509682309909
2.0,phase_10k_then_12,8b0ee0bd-54cf-4be2-a8ba-b16813be20b6,2025-06-07 19:00:00+00:00,2025-06-07 04:30:00+00:00,YES,0.1381078326702118,0.1644140865121569,0.2,407.21811654656693,407.21811654656693,532.4009999999998,892.8660000000001,407.21811654656693,407.21811654656693,2859.720776977113,1.0,0.14239785919834438,kelly,3523.42,3549.3399999999992,2976.2200000000003,24.45,2428.0526604305464,1,7381.619902571407,4953.567242140861
2.0,phase_10k_then_12,639e72ff-50dd-401b-a2a8-dd49fdd02b89,2025-06-08 02:00:00+00:00,2025-06-07 12:15:00+00:00,YES,0.13786698698997496,0.20577162237309699,0.2,759.4639515468302,759.4639515468302,465.7649999999999,918.09,465.7649999999999,465.7649999999999,1455.5156249999995,1.0,0.32,rolling_liq,3105.0999999999995,3105.0999999999995,3060.3,22.18,-487.9449999999999,0,6893.674902571407,7381.619902571407
2.0,phase_10k_then_12,5e1d090c-1c51-494b-8c1f-1f1ba520ee2a,2025-06-10 02:00:00+00:00,2025-06-09 12:30:00+00:00,NO,0.24757077574729924,0.3640746702166165,0.2,1254.9062083671254,1254.9062083671254,926.196,1846.2720000000002,926.196,926.196,3307.8428571428576,1.0,0.27999999999999997,rolling_liq,6174.64,6174.64,6154.240000000001,46.69,2334.9568571428576,1,9228.631759714264,6893.674902571407
2.0,phase_10k_then_12,4a60d4ef-8d10-4f25-bab6-346332242fd5,2025-06-10 23:30:00+00:00,2025-06-10 12:15:00+00:00,NO,0.12558921575546267,0.19321417808532718,0.2,891.5512501526691,891.5512501526691,531.51,1040.496,531.51,531.51,1610.6363636363635,1.0,0.33,rolling_liq,3543.4,3543.4,3468.32,24.93,-556.4399999999999,0,8672.191759714264,9228.631759714264
2.0,phase_10k_then_12,84da0d09-cdf5-46a5-89eb-d489373ed8ed,2025-06-12 02:00:00+00:00,2025-06-11 13:30:00+00:00,NO,0.11724735021591182,0.1429845734340388,0.2,619.9948197504652,619.9948197504652,3.717,6.005999999999999,3.717,3.717,21.86470588235294,1.0,0.17,rolling_liq,20.02,24.78,20.02,0.22,17.927705882352942,1,8690.119465596617,8672.191759714264
2.0,phase_10k_then_12,c95f06b7-8138-460b-bc1d-e9c9478156eb,2025-06-13 23:30:00+00:00,2025-06-13 06:00:00+00:00,NO,0.07324323654174802,0.08616851357852709,0.2,374.4073385851423,374.4073385851423,501.39000000000004,998.4959999999999,374.4073385851423,374.4073385851423,3120.0611548761863,1.0,0.12,kelly,3342.6000000000004,3342.6000000000004,3328.3199999999997,23.07,-397.4773385851423,0,8292.642127011475,8690.119465596617
2.0,phase_10k_then_12,ee13e918-b149-4c1e-8ae9-03cf0618c5d9,2025-06-15 00:30:00+00:00,2025-06-14 06:30:00+00:00,YES,0.22761168122291559,0.30758335300393996,0.2,1275.3393353439571,1275.3393353439571,3793.9410000000003,7587.8820000000005,1275.3393353439571,1275.3393353439571,6379.196676719787,1.0,0.19992162022503163,kelly,25292.940000000002,25292.940000000002,25292.940000000002,71.43,5032.42734137583,1,13325.069468387304,8292.642127011475
2.0,phase_10k_then_12,7162ed3d-7135-4801-b3a8-ba85cbcaa7ea,2025-06-15 22:00:00+00:00,2025-06-15 05:30:00+00:00,YES,0.2125312566757202,0.38642046668312763,0.12,2574.5397812796587,1599.0083362064765,2035.989,4071.978,1599.0083362064765,1599.0083362064765,4487.634267240213,1.0,0.35631431640480543,portfolio,13573.26,13573.26,13573.26,72.05,-1671.0583362064765,0,11654.011132180827,13325.069468387304
2.0,phase_10k_then_12,acf4a696-dabb-4821-9d7a-7417121d43a8,2025-06-17 23:00:00+00:00,2025-06-17 05:45:00+00:00,NO,0.10341833353042607,0.1124112320982892,0.12,655.0208751278125,655.0208751278125,210.97800000000004,419.814,210.97800000000004,210.97800000000004,3014.8285714285716,1.0,0.06998009837090952,rolling_liq,1406.5200000000002,1406.5200000000002,1399.38,13.74,-224.71800000000005,0,11429.293132180826,11654.011132180827
2.0,phase_10k_then_12,f992552a-94d9-40c8-aa4b-fa5c7bf321fd,2025-06-18 00:00:00+00:00,2025-06-17 06:15:00+00:00,NO,0.2464600276947021,0.4323860134994774,0.12,2470.9332472703118,1371.5151758616992,2640.9149999999995,5281.829999999999,1371.5151758616992,1371.5151758616992,3414.524819174875,1.0,0.401670876181573,portfolio,17606.1,17606.1,17606.1,57.45,-1428.9651758616992,0,10000.327956319128,11429.293132180826
2.0,phase_10k_then_12,326d833a-4a17-4fec-882e-c3699065a0ed,2025-06-18 00:00:00+00:00,2025-06-17 07:00:00+00:00,NO,0.11250839233398435,0.13236281451056983,0.12,661.8357771635673,661.8357771635673,74.09400000000001,148.18800000000002,74.09400000000001,74.09400000000001,617.9500000000002,1.0,0.11990290476575773,rolling_liq,493.96000000000004,493.96000000000004,493.96000000000004,4.57,-78.66400000000002,0,9921.663956319127,10000.327956319128
2.0,phase_10k_then_12,4f5eef0b-7151-49c4-bc34-46d08d1e5ca1,2025-06-18 02:00:00+00:00,2025-06-17 12:30:00+00:00,YES,0.15919422030448907,0.20674574065518062,0.2,1025.6308815905038,1025.6308815905038,253.35299999999998,435.228,253.35299999999998,253.35299999999998,1101.9695652173912,1.0,0.22990925339214766,rolling_liq,1672.46,1689.02,1450.76,13.66,-267.013,0,9654.650956319127,9921.663956319127
2.0,phase_10k_then_12,42f7582e-79b3-4a78-88ba-0245ebd00b6b,2025-06-18 23:00:00+00:00,2025-06-18 06:15:00+00:00,YES,0.2191847121715545,0.2548659443855285,0.2,1230.3208668474601,1230.3208668474601,1855.4759999999999,3699.36,1230.3208668474601,1230.3208668474601,12303.208668474601,1.0,0.1,kelly,12368.16,12369.84,12331.2,77.52,-1307.8408668474601,0,8346.810089471666,9654.650956319127
2.0,phase_10k_then_12,57909126-867a-49a0-bc68-8c65ff35b9dd,2025-06-20 02:00:00+00:00,2025-06-19 13:45:00+00:00,YES,0.23086082577705377,0.2748343164012545,0.2,1146.9949225355197,1146.9949225355197,94.536,188.97599999999997,94.536,94.536,607.85,1.0,0.1555252118121247,rolling_liq,629.92,630.24,629.92,5.59,507.7240000000001,1,8854.534089471666,8346.810089471666
2.0,phase_10k_then_12,5cc2b6cf-49a3-4f54-a14e-88d92bf3ac7a,2025-06-20 23:30:00+00:00,2025-06-20 06:00:00+00:00,YES,0.19484763860702514,0.31427038485004055,0.2,1391.358917983032,1391.358917983032,819.9749999999998,1639.9499999999996,819.9749999999998,819.9749999999998,2345.8142857142852,1.0,0.3495481313220508,rolling_liq,5466.499999999999,5466.499999999999,5466.499999999999,37.34,-857.3149999999998,0,7997.219089471667,8854.534089471666
2.0,phase_10k_then_12,36996288-3356-4ce9-b751-b31f6890cd69,2025-06-22 19:00:00+00:00,2025-06-22 07:15:00+00:00,YES,0.12237302303314207,0.22661670932063344,0.2,906.1517368861107,906.1517368861107,57.27000000000001,111.78,57.27000000000001,57.27000000000001,124.50000000000001,1.0,0.46,rolling_liq,372.6,381.80000000000007,372.6,2.17,65.06,1,8062.279089471667,7997.219089471667
2.0,phase_10k_then_12,4bfeb202-768f-487c-a416-9c9a314242a6,2025-06-25 00:00:00+00:00,2025-06-24 06:15:00+00:00,YES,0.08991959929466248,0.13031825984733694,0.2,525.3310906717599,525.3310906717599,1.395,2.79,1.395,1.395,4.5,1.0,0.31,rolling_liq,9.3,9.3,9.3,0.07,3.035,1,8065.314089471667,8062.279089471667
2.0,phase_10k_then_12,e6fdfe56-f4ef-4bab-8f24-19a99adb7f6f,2025-06-26 02:00:00+00:00,2025-06-25 12:15:00+00:00,NO,0.07732540607452387,0.08226107029204668,0.2,331.73068462073167,331.73068462073167,178.08,356.16,178.08,178.08,3561.6000000000004,1.0,0.049999999999999996,rolling_liq,1187.2,1187.2,1187.2,11.85,-189.93,0,7875.384089471667,8065.314089471667
2.0,phase_10k_then_12,1c528f37-bdd0-449a-99b5-7a8d174e4243,2025-06-26 02:00:00+00:00,2025-06-25 15:45:00+00:00,YES,0.0853763997554779,0.10672049969434737,0.2,420.23246265666455,420.23246265666455,320.95500000000004,637.9500000000002,320.95500000000004,320.95500000000004,1610.2750000000005,1.0,0.19931688686715,rolling_liq,2139.7000000000003,2139.7000000000003,2126.5000000000005,17.99,-338.94500000000005,0,7536.439089471667,7875.384089471667
2.0,phase_10k_then_12,fd8a85e4-5aac-47f6-b278-e1f1fa69b82d,2025-06-27 02:00:00+00:00,2025-06-26 12:15:00+00:00,NO,0.08030236721038819,0.10566100948735288,0.2,398.15388106676147,398.15388106676147,1931.757,3855.6479999999997,398.15388106676147,398.15388106676147,1990.7694053338078,1.0,0.19999999999999996,kelly,12878.380000000001,12878.380000000001,12852.16,22.3,1570.3155242670464,1,9106.754613738714,7536.439089471667
2.0,phase_10k_then_12,4e456309-00d3-4582-8f89-1c9049054791,2025-06-27 23:30:00+00:00,2025-06-27 12:30:00+00:00,NO,0.12750528216362,0.2500103571835686,0.2,1138.3914868819638,1138.3914868819638,1684.9019999999998,3369.8039999999996,1138.3914868819638,1138.3914868819638,2467.5989082594974,1.0,0.4613357069787812,kelly,11232.679999999998,11232.679999999998,11232.679999999998,42.93,1286.2774213775335,1,10393.032035116248,9106.754613738714
2.0,phase_10k_then_12,f2a059a9-b803-4538-b746-3868679fa790,2025-06-28 02:00:00+00:00,2025-06-27 12:45:00+00:00,NO,0.05228370666503901,0.055620964537275545,0.12,289.03523312998476,289.03523312998476,218.11500000000004,436.2300000000001,218.11500000000004,218.11500000000004,4362.300000000001,1.0,0.049999999999999996,rolling_liq,1454.1000000000004,1454.1000000000004,1454.1000000000004,14.51,-232.62500000000003,0,10160.407035116248,10393.032035116248
2.0,phase_10k_then_12,02291b17-b5ee-4973-b184-51149f2c1817,2025-06-28 02:00:00+00:00,2025-06-27 14:00:00+00:00,NO,0.14177390813827517,0.26749793988353804,0.12,1358.9439751359016,1219.2488442139497,1795.8990000000001,3562.752,1219.2488442139497,1219.2488442139497,2652.0627048129336,1.0,0.45973605450627947,portfolio,11972.660000000002,11972.660000000002,11875.84,46.12,-1265.3688442139496,0,8895.038190902298,10160.407035116248
2.0,phase_10k_then_12,8a325ea5-03e5-4940-bb7a-2eb4c8b2b077,2025-06-29 20:00:00+00:00,2025-06-29 04:30:00+00:00,NO,0.19611328840255737,0.26148438453674316,0.2,1162.9567933894564,1162.9567933894564,767.1089999999999,1533.4979999999998,767.1089999999999,767.1089999999999,3200.4541666666664,1.0,0.23968754434591966,rolling_liq,5111.66,5114.0599999999995,5111.66,40.83,2392.5151666666666,1,11287.553357568964,8895.038190902298
2.0,phase_10k_then_12,475cc53b-e563-4217-a5dc-930581369bab,2025-06-29 22:00:00+00:00,2025-06-29 05:30:00+00:00,NO,0.07646610498428341,0.10769873941448369,0.12,607.8276338419502,607.8276338419502,251.916,447.87600000000003,251.916,251.916,901.5034482758621,1.0,0.27943986291099926,rolling_liq,1546.92,1679.44,1492.92,12.71,636.877448275862,1,11924.430805844826,11287.553357568964
2.0,phase_10k_then_12,01384c8c-e038-4abe-b80a-901c44d112ce,2025-07-03 23:00:00+00:00,2025-07-03 05:45:00+00:00,YES,0.14452980518341063,0.23693410685805022,0.12,1412.6521813867319,1412.6521813867319,9702.483,19265.735999999997,1412.6521813867319,1412.6521813867319,4036.149089676377,1.0,0.35,kelly,64683.22,64683.22,64219.11999999999,64.28,2559.216908289645,1,14483.647714134471,11924.430805844826
2.0,phase_10k_then_12,21815dfe-7533-4983-9fc4-01b7e5798634,2025-07-03 23:30:00+00:00,2025-07-03 12:15:00+00:00,YES,0.12719794988632205,0.23999613186098498,0.12,1738.009713314735,1738.009713314735,256.61999999999995,508.16399999999993,256.61999999999995,256.61999999999995,546.0,1.0,0.4699999999999999,rolling_liq,1710.7999999999997,1710.7999999999997,1693.8799999999999,9.53,-266.1499999999999,0,14217.497714134472,14483.647714134471
2.0,phase_10k_then_12,a4d71aea-7129-4510-a0c0-686300cd53cf,2025-07-07 23:30:00+00:00,2025-07-07 12:30:00+00:00,NO,0.09287727117538447,0.13460474083389054,0.12,956.8712975587508,956.8712975587508,1168.6920000000002,2287.134,956.8712975587508,956.8712975587508,3682.735759841349,1.0,0.2598262161496953,kelly,7623.780000000001,7791.2800000000025,7623.780000000001,49.58,-1006.4512975587509,0,13211.04641657572,14217.497714134472
2.0,phase_10k_then_12,66b295b9-ed48-41fe-8fd7-4cca0813f9f5,2025-07-08 15:30:00+00:00,2025-07-08 04:45:00+00:00,NO,0.07585252523422237,0.10836075033460339,0.12,715.7794512027092,715.7794512027092,1159.068,2002.194,715.7794512027092,715.7794512027092,2604.4980400096756,1.0,0.27482433858927,kelly,6795.84,7727.120000000001,6673.9800000000005,36.34,-752.1194512027092,0,12458.926965373012,13211.04641657572
2.0,phase_10k_then_12,cba5ede2-0a93-430c-aa0b-4c48363996d9,2025-07-09 15:00:00+00:00,2025-07-09 01:30:00+00:00,YES,0.0751177150011062,0.08077173656032925,0.12,503.16458333574565,503.16458333574565,153.12900000000002,306.25800000000004,153.12900000000002,153.12900000000002,2191.8428571428576,1.0,0.0698631288739417,rolling_liq,1020.8600000000001,1020.8600000000001,1020.8600000000001,9.98,2028.7338571428577,1,14487.660822515869,12458.926965373012
2.0,phase_10k_then_12,473b6ccd-bea1-4377-b656-99e755056013,2025-07-09 16:00:00+00:00,2025-07-09 02:00:00+00:00,NO,0.21722968339920046,0.28211647194701356,0.12,2043.6038790065727,1738.5192987019043,50.688,101.376,50.688,50.688,230.40000000000003,1.0,0.21999999999999997,rolling_liq,337.92,337.92,337.92,2.77,176.94200000000004,1,14664.60282251587,14487.660822515869
2.0,phase_10k_then_12,e3e04e5c-30b5-4cd3-bef5-9e4a16bf0e89,2025-07-10 19:00:00+00:00,2025-07-10 04:45:00+00:00,NO,0.176479022204876,0.5882634073495866,0.12,4313.324611900775,1759.7523387019044,598.044,987.9959999999999,598.044,598.044,879.4764705882352,1.0,0.68,rolling_liq,3597.1200000000003,3986.96,3293.3199999999997,13.4,268.03247058823524,1,14932.635293104106,14664.60282251587
2.0,phase_10k_then_12,9bb7fd31-2faf-4602-bf65-4532dd75baba,2025-07-13 22:00:00+00:00,2025-07-13 05:15:00+00:00,NO,0.0949998521804809,0.13768094518910276,0.12,1027.9696706593638,1027.9696706593638,963.1349999999999,1860.8459999999998,963.1349999999999,963.1349999999999,3567.166666666667,1.0,0.26999999999999996,rolling_liq,6420.9,6420.9,6202.82,49.22,2554.8116666666674,1,17487.446959770772,14932.635293104106
2.0,phase_10k_then_12,1dc8a33e-b81b-4a0d-91bf-0109943d729e,2025-07-13 22:00:00+00:00,2025-07-13 06:00:00+00:00,NO,0.2283735346794128,0.27850431058464975,0.12,2435.164679708294,2098.4936351724928,2480.4990000000003,4935.4980000000005,2098.4936351724928,2098.4936351724928,13893.585219828079,1.0,0.1510404695382478,portfolio,16536.660000000003,16536.660000000003,16451.660000000003,124.71,-2223.203635172493,0,15264.24332459828,17487.446959770772
2.0,phase_10k_then_12,333e71e9-d362-4003-836b-7d936322e7d2,2025-07-16 00:00:00+00:00,2025-07-15 06:00:00+00:00,YES,0.06468308866024008,0.07187009851137786,0.12,548.5213357202601,548.5213357202601,599.13,1198.26,548.5213357202601,548.5213357202601,5485.213357202601,1.0,0.1,kelly,3994.2,3994.2,3994.2,34.56,-583.0813357202601,0,14681.161988878019,15264.24332459828
2.0,phase_10k_then_12,e380b602-7a50-4ce9-99e7-63c43f11724e,2025-07-16 02:00:00+00:00,2025-07-15 13:30:00+00:00,NO,0.21980795383453366,0.4676764975202844,0.12,3433.017209243202,1761.7394386653623,2306.781,4286.202,1761.7394386653623,1761.7394386653623,3671.3738305528377,1.0,0.47985836364696166,portfolio,14287.34,15378.54,14287.34,64.15,-1825.8894386653624,0,12855.272550212656,14681.161988878019
2.0,phase_10k_then_12,83fc47a0-fbb1-4f04-8af2-94e9a1fd566e,2025-07-16 17:00:00+00:00,2025-07-16 04:15:00+00:00,NO,0.1946576309204101,0.23738735478098796,0.12,1525.8395728418138,1525.8395728418138,75.018,150.036,75.018,75.018,455.0470588235294,1.0,0.16485767470720547,rolling_liq,500.12,500.12,500.12,4.39,-79.408,0,12775.864550212656,12855.272550212656
2.0,phase_10k_then_12,5e64c14b-9cf3-45d2-bd9d-f0af702d801f,2025-07-16 19:00:00+00:00,2025-07-16 07:00:00+00:00,NO,0.1349456548690796,0.207608699798584,0.12,1326.1903140362356,1326.1903140362356,4016.445,7975.212000000002,1326.1903140362356,1326.1903140362356,4332.549400116889,1.0,0.30609929433244454,kelly,26588.120000000003,26776.300000000003,26584.040000000008,64.42,-1390.6103140362356,0,11385.25423617642,12775.864550212656
2.0,phase_10k_then_12,1f15d85b-41ea-4e16-b597-b0e14ee9ba73,2025-07-16 23:30:00+00:00,2025-07-16 07:00:00+00:00,NO,0.10651913166046145,0.13656298930828392,0.12,777.4021762635274,777.4021762635274,2353.6380000000004,4700.795999999999,777.4021762635274,777.4021762635274,3887.0108813176366,1.0,0.2,kelly,15669.32,15690.920000000002,15669.32,43.54,-820.9421762635274,0,10564.312059912894,11385.25423617642
2.0,phase_10k_then_12,32cb5f24-0d87-4645-a3fd-dd1e0fd1a4f6,2025-07-23 00:00:00+00:00,2025-07-22 06:00:00+00:00,NO,0.09330237627029414,0.11378338569548066,0.12,601.0215968602433,601.0215968602433,557.973,1115.946,557.973,557.973,3102.1833333333334,1.0,0.17986461148331012,rolling_liq,3719.82,3719.82,3719.82,32.04,-590.0129999999999,0,9974.299059912893,10564.312059912894
2.0,phase_10k_then_12,17812353-7592-47dc-9fe1-36f6bb0d8b9d,2025-07-24 02:00:00+00:00,2025-07-23 07:00:00+00:00,NO,0.17903590440750117,0.2594723252282626,0.2,1294.027284798836,1294.027284798836,1299.231,2598.462,1294.027284798836,1294.027284798836,5077.4895569186,1.0,0.2548557255101768,kelly,8661.54,8661.54,8661.54,67.5,3715.962272119764,1,13690.261332032656,9974.299059912893
2.0,phase_10k_then_12,d8bda49f-0b5d-428a-9697-070219652f4a,2025-07-25 00:30:00+00:00,2025-07-24 06:15:00+00:00,YES,0.12289219975471491,0.15755410224963448,0.12,1078.4784168656452,1078.4784168656452,2266.314,4532.628,1078.4784168656452,1078.4784168656452,5991.546760364696,1.0,0.18,kelly,15108.759999999998,15108.759999999998,15108.759999999998,61.91,-1140.3884168656452,0,12549.87291516701,13690.261332032656
2.0,phase_10k_then_12,4d8cf7bd-df70-42d4-a4fd-14a6fcb736a9,2025-07-24 23:00:00+00:00,2025-07-24 12:45:00+00:00,YES,0.11587374210357665,0.21067953109741208,0.12,1322.000670549749,1322.000670549749,1524.2700000000002,3045.300000000001,1322.000670549749,1322.000670549749,3004.5469785221567,1.0,0.44,kelly,10151.000000000004,10161.800000000001,10151.000000000004,51.83,1630.7163079724078,1,14180.589223139417,12549.87291516701
2.0,phase_10k_then_12,585740b6-3c8b-4746-8808-e7635a88c710,2025-07-27 20:00:00+00:00,2025-07-27 04:15:00+00:00,YES,0.09930047273635859,0.1273082983799469,0.12,902.6533420114462,902.6533420114462,66.726,19.8,19.8,19.8,90.0,1.0,0.22,cumulative_liq,444.84000000000003,444.84000000000003,66.0,1.09,-20.89,0,14159.699223139418,14180.589223139417
2.0,phase_10k_then_12,548df81e-2319-4153-a4df-bf65932d74be,2025-07-27 23:00:00+00:00,2025-07-27 06:00:00+00:00,NO,0.06239434003829958,0.0810316104393501,0.12,573.6916156939008,573.6916156939008,0.063,0.126,0.063,0.063,0.3,1.0,0.21000000000000002,rolling_liq,0.42,0.42,0.42,0.01,0.22699999999999998,1,14159.926223139419,14159.699223139418
2.0,phase_10k_then_12,d5b4c575-bc11-412e-893d-9c6ed1889586,2025-07-27 22:00:00+00:00,2025-07-27 12:30:00+00:00,YES,0.1230686521530151,0.17333612979297902,0.12,1227.2134048365508,1227.2134048365508,1257.447,2424.5879999999997,1227.2134048365508,1227.2134048365508,4657.457054950188,1.0,0.2634943039425784,kelly,8092.399999999999,8382.98,8081.96,63.27,-1290.4834048365508,0,12869.442818302869,14159.926223139419
2.0,phase_10k_then_12,6adda940-e25a-4b97-9334-bfcbbb00d303,2025-07-28 23:00:00+00:00,2025-07-28 12:30:00+00:00,YES,0.05657753527164458,0.06816570514655974,0.12,438.6273222764721,438.6273222764721,1468.644,2668.5180000000005,438.6273222764721,438.6273222764721,2750.0457642279507,1.0,0.1594981901690689,kelly,9784.500000000002,9790.960000000001,8895.060000000001,25.81,-464.4373222764721,0,12405.005496026397,12869.442818302869
2.0,phase_10k_then_12,7a6fecee-f650-46ac-af8f-8dfc5ff13ae2,2025-07-29 23:30:00+00:00,2025-07-29 05:45:00+00:00,NO,0.11944526433944702,0.15926035245259604,0.12,987.8127737367774,987.8127737367774,849.846,1699.692,849.846,849.846,3749.8521739130438,1.0,0.2266345339990214,rolling_liq,5665.64,5665.64,5665.64,46.01,2853.9961739130435,1,15259.00166993944,12405.005496026397
2.0,phase_10k_then_12,185c1d82-80ca-427a-bb34-b717e2127e2e,2025-07-30 23:00:00+00:00,2025-07-30 05:30:00+00:00,YES,0.15933475494384763,0.2655579249064127,0.12,2026.0744098063021,1831.0802003927326,82.04100000000001,164.08200000000002,82.04100000000001,82.04100000000001,207.75250000000003,1.0,0.39489777499669076,rolling_liq,546.94,546.94,546.94,3.48,122.23150000000001,1,15381.23316993944,15259.00166993944
2.0,phase_10k_then_12,c2f7980e-2390-45e9-8977-c6e6d2c1f545,2025-07-31 00:00:00+00:00,2025-07-30 07:00:00+00:00,NO,0.09089968681335447,0.12452011892240339,0.12,957.6364917470373,957.6364917470373,1487.856,2951.4060000000004,957.6364917470373,957.6364917470373,3683.601891334759,1.0,0.25997285265809117,kelly,9916.54,9919.04,9838.020000000002,49.61,-1007.2464917470373,0,14373.986678192403,15381.23316993944
2.0,phase_10k_then_12,e8241b1f-576e-4bcf-b7d0-79606aa78b00,2025-07-31 00:00:00+00:00,2025-07-30 15:30:00+00:00,NO,0.16516225516796124,0.434637513599898,0.12,3123.7369151638018,1724.8784013830882,3453.5009999999993,6454.8,1724.8784013830882,1724.8784013830882,3026.102458566822,1.0,0.57,portfolio,21516.0,23023.339999999997,21516.0,51.92,1249.3040571837337,1,15623.290735376137,14373.986678192403
2.0,phase_10k_then_12,50578d4e-21ed-488c-ac01-1008b9b70e0d,2025-07-31 23:30:00+00:00,2025-07-31 05:45:00+00:00,NO,0.1513962113857269,0.2566037481114015,0.12,2004.4974802658255,1874.7948882451362,2446.8329999999996,4893.665999999999,1874.7948882451362,1874.7948882451362,5370.956823557532,1.0,0.3490616197140342,portfolio,16312.219999999998,16312.219999999998,16312.219999999998,85.43,3410.7319353123953,1,19034.022670688533,15623.290735376137
2.0,phase_10k_then_12,a1ca524f-e7ce-449f-ab32-66adea0ba523,2025-08-01 23:30:00+00:00,2025-08-01 05:45:00+00:00,NO,0.15966734647750846,0.3894325523841671,0.12,3706.2340153921677,2284.0827204826237,345.92699999999996,691.8539999999999,345.92699999999996,345.92699999999996,591.5372881355931,1.0,0.5847932276429986,rolling_liq,2306.18,2306.18,2306.18,10.06,235.55028813559318,1,19269.572958824127,19034.022670688533
2.0,phase_10k_then_12,64fb0c10-3ce1-4592-a3f9-65395a9e58af,2025-08-01 23:30:00+00:00,2025-08-01 15:00:00+00:00,YES,0.10673018932342532,0.18089862597190728,0.12,1742.9196356583523,1742.9196356583523,1953.723,3875.7119999999995,1742.9196356583523,1742.9196356583523,4605.262199100926,1.0,0.3784626282513552,kelly,13024.82,13024.82,12919.039999999999,75.84,2786.502563442574,1,22056.0755222667,19269.572958824127
2.0,phase_10k_then_12,de06dc94-ceb2-41b8-bde0-f9f91c917d00,2025-08-03 22:00:00+00:00,2025-08-03 06:00:00+00:00,NO,0.07582804679870603,0.10531673166486949,0.12,1161.4368936793292,1161.4368936793292,495.339,854.85,495.339,495.339,2016.9560000000001,1.0,0.24558740993854103,rolling_liq,2887.5800000000004,3302.26,2849.5,26.16,-521.499,0,21534.5765222667,22056.0755222667
2.0,phase_10k_then_12,1dffe97b-d132-4697-af9f-8b08902da90d,2025-08-03 22:00:00+00:00,2025-08-03 06:00:00+00:00,YES,0.05085827469825738,0.05913752871890393,0.12,636.7508187674906,636.7508187674906,650.604,1226.07,636.7508187674906,636.7508187674906,5086.39091359608,1.0,0.1251871571776829,kelly,4124.6,4337.360000000001,4086.9,39.0,-675.7508187674906,0,20858.82570349921,21534.5765222667
2.0,phase_10k_then_12,cd325282-98cc-46dd-a9f0-e2d5d887b51f,2025-08-06 00:00:00+00:00,2025-08-05 07:00:00+00:00,YES,0.09239223599433899,0.12318964799245198,0.12,1284.7956979749886,1284.7956979749886,68.71499999999999,131.73,68.71499999999999,68.71499999999999,286.31249999999994,1.0,0.24000000000000002,rolling_liq,458.09999999999997,458.09999999999997,439.09999999999997,3.66,213.93749999999997,1,21072.76320349921,20858.82570349921
2.0,phase_10k_then_12,6a9e0ff7-c5b4-4a72-b217-41dc4a8caa4f,2025-08-06 02:00:00+00:00,2025-08-05 07:00:00+00:00,NO,0.3618546456098557,0.6579175374724648,0.12,6932.070237293285,2528.731584419905,27.974999999999998,55.949999999999996,27.974999999999998,27.974999999999998,63.715909090909086,1.0,0.43905831995719635,rolling_liq,186.5,186.5,186.5,1.1,34.64090909090908,1,21107.404112590117,21072.76320349921
2.0,phase_10k_then_12,d300ee86-e2e0-4bf4-9247-1d7a3a859e07,2025-08-06 02:00:00+00:00,2025-08-05 07:00:00+00:00,NO,0.08956348419189453,0.10294653355390175,0.12,1086.467042856261,1086.467042856261,111.021,222.042,111.021,111.021,1062.190909090909,1.0,0.10452075898015253,rolling_liq,740.14,740.14,740.14,6.96,-117.981,0,20989.423112590117,21107.404112590117
2.0,phase_10k_then_12,0934f4d6-98dc-4543-b6bd-c04adfa95bf2,2025-08-08 02:00:00+00:00,2025-08-07 07:00:00+00:00,NO,0.14108287811279296,0.2275530292141822,0.12,2388.103405364025,2388.103405364025,604.338,1208.676,604.338,604.338,1678.7166666666667,1.0,0.36,rolling_liq,4028.9199999999996,4028.9199999999996,4028.9199999999996,27.08,-631.418,0,20358.005112590115,20989.423112590117
2.0,phase_10k_then_12,042c5181-7425-497a-8593-922c0cccfc16,2025-08-08 02:00:00+00:00,2025-08-07 07:00:00+00:00,NO,0.10052478075027471,0.12410466759293173,0.12,1263.2617286766006,1263.2617286766006,356.397,712.794,356.397,356.397,2096.45294117647,1.0,0.17000000000000004,rolling_liq,2375.98,2375.98,2375.98,20.71,-377.10699999999997,0,19980.898112590115,20358.005112590115
2.0,phase_10k_then_12,25596e43-21b0-4411-b093-a5ca0b6480d6,2025-08-09 02:00:00+00:00,2025-08-08 07:30:00+00:00,YES,0.13616769552230834,0.2778932561679762,0.12,2776.278418834119,2397.7077735108137,682.281,1359.564,682.281,682.281,1392.4102040816329,1.0,0.4899999999999999,rolling_liq,4548.54,4548.54,4531.88,24.36,685.7692040816329,1,20666.66731667175,19980.898112590115
2.0,phase_10k_then_12,3a283716-466b-440c-a344-5994da2e16aa,2025-08-10 00:30:00+00:00,2025-08-09 13:15:00+00:00,YES,0.124353095293045,0.1943017113953828,0.12,2007.7844142341721,2007.7844142341721,6790.163999999999,13244.663999999999,2007.7844142341721,2007.7844142341721,5831.669754954777,1.0,0.34428980010884414,kelly,45267.759999999995,45267.759999999995,44148.88,92.16,3731.7253407206053,1,24398.392657392353,20666.66731667175
2.0,phase_10k_then_12,2de72b4c-3c39-42c4-8321-18efac227563,2025-08-10 16:30:00+00:00,2025-08-10 02:30:00+00:00,NO,0.28335612535476684,0.4570260086367207,0.12,5575.350006679751,2927.807118887082,849.3959999999998,1681.4759999999999,849.3959999999998,849.3959999999998,2295.6648648648643,1.0,0.37000000000000005,rolling_liq,5662.639999999999,5662.639999999999,5604.92,37.46,1408.8088648648645,1,25807.201522257215,24398.392657392353
2.0,phase_10k_then_12,56ef45bc-fa3c-47bb-926c-8b9f8433bdb6,2025-08-10 20:00:00+00:00,2025-08-10 04:30:00+00:00,NO,0.146348443031311,0.24804820852764578,0.12,3200.7150523539176,3096.864182670866,3073.0499999999997,6145.398,3073.0499999999997,3073.0499999999997,7812.974999999999,1.0,0.3933264857496664,rolling_liq,20487.0,20487.0,20484.66,130.51,4609.414999999999,1,30416.616522257216,25807.201522257215
2.0,phase_10k_then_12,2eb1473f-e48b-4a13-bb64-bb3604b03c6d,2025-08-10 22:00:00+00:00,2025-08-10 12:00:00+00:00,NO,0.13645145893096922,0.22741909821828205,0.12,3458.6597501715173,3458.6597501715173,6182.663999999999,12364.625999999998,3458.6597501715173,3458.6597501715173,9683.388194920883,1.0,0.3571745426859628,kelly,41215.42,41217.759999999995,41215.42,155.64,6069.088444749365,1,36485.70496700658,30416.616522257216
2.0,phase_10k_then_12,4b134f76-aff1-49fb-b585-3e9073eb44c2,2025-08-14 02:00:00+00:00,2025-08-13 08:00:00+00:00,NO,0.21488385438919066,0.4385384783452871,0.12,8000.192768793075,4378.284596040789,2507.1929999999998,5002.986,2507.1929999999998,2507.1929999999998,5991.221428571427,1.0,0.41847777283668613,rolling_liq,16676.62,16714.62,16676.62,102.06,3381.9684285714275,1,39867.67339557801,36485.70496700658
2.0,phase_10k_then_12,74f4d3c6-f105-49b3-bb25-ee57ac47d235,2025-08-13 23:30:00+00:00,2025-08-13 11:45:00+00:00,NO,0.12422191977500918,0.2343809807075645,0.12,4672.112194492225,4672.112194492225,2871.7530000000006,3752.8679999999995,2871.7530000000006,2871.7530000000006,6381.673333333335,1.0,0.44999999999999996,rolling_liq,12509.56,19145.020000000004,12509.56,110.57,3399.350333333334,1,43267.02372891134,39867.67339557801
2.0,phase_10k_then_12,fdec04dc-4b3e-4713-8640-3988c3e4f01f,2025-08-16 02:00:00+00:00,2025-08-15 07:15:00+00:00,NO,0.13219804048538208,0.20983815950060647,0.12,4539.536313171911,4539.536313171911,187.08599999999998,374.17199999999997,187.08599999999998,187.08599999999998,519.6833333333333,1.0,0.36,rolling_liq,1247.24,1247.24,1247.24,8.39,324.2073333333333,1,43591.231062244675,43267.02372891134
2.0,phase_10k_then_12,f69e50f9-fa32-4c94-9a1b-f8a270e47e4c,2025-08-16 02:00:00+00:00,2025-08-15 16:45:00+00:00,YES,0.15301872491836543,0.340041610929701,0.12,7411.4162164072495,5230.947727469361,1393.776,2787.552,1393.776,1393.776,2584.3999999999996,1.0,0.5393035133880205,rolling_liq,9291.84,9291.84,9291.84,44.95,-1438.726,0,42152.50506224467,43591.231062244675
2.0,phase_10k_then_12,673f7bf8-4cb2-4836-9dec-4131b50da342,2025-08-16 18:00:00+00:00,2025-08-16 03:15:00+00:00,YES,0.29983103513717646,0.6814341707663102,0.12,14362.078666406695,5058.30060746936,4528.173,9056.346,4528.173,4528.173,8481.172222222223,1.0,0.5339088608689443,rolling_liq,30187.82,30187.82,30187.82,147.74,3805.259222222224,1,45957.764284466895,42152.50506224467
2.0,phase_10k_then_12,3495c00d-950e-4e49-87e6-3a022d1d9c1b,2025-08-17 19:00:00+00:00,2025-08-17 03:45:00+00:00,YES,0.1182247066497803,0.20038085872844116,0.12,4604.52813628038,4604.52813628038,472.3379999999999,941.232,472.3379999999999,472.3379999999999,1165.751219512195,1.0,0.4051790743119688,rolling_liq,3148.9199999999996,3148.9199999999996,3137.44,19.67,673.743219512195,1,46631.50750397909,45957.764284466895
2.0,phase_10k_then_12,b233aa62-25a1-489f-9f1a-ad31d9a6a7c2,2025-08-17 22:00:00+00:00,2025-08-17 10:45:00+00:00,NO,0.13120973110198975,0.2624194622039795,0.12,6118.507560477514,5595.780900477491,2070.216,4135.139999999999,2070.216,2070.216,4600.4800000000005,1.0,0.44999999999999996,rolling_liq,13801.44,13801.44,13783.8,79.71,2450.5540000000005,1,49082.061503979094,46631.50750397909
2.0,phase_10k_then_12,b6df91b4-c8f5-45f8-bebf-c6845d61912b,2025-08-19 23:00:00+00:00,2025-08-19 05:30:00+00:00,NO,0.2621755397319794,0.5140696857489792,0.12,12615.7999666313,5889.847380477491,1960.065,3920.13,1960.065,1960.065,4688.154761904762,1.0,0.418088800294562,rolling_liq,13067.1,13067.1,13067.1,79.85,-2039.915,0,47042.14650397909,49082.061503979094
2.0,phase_10k_then_12,2cc91c72-9797-403a-adc1-51f134d84117,2025-08-20 02:00:00+00:00,2025-08-19 07:00:00+00:00,YES,0.09672302126884458,0.13433752954006192,0.12,3159.762872803106,3159.762872803106,150.95700000000002,301.91400000000004,150.95700000000002,150.95700000000002,574.1370370370371,1.0,0.26292851751743357,rolling_liq,1006.3800000000001,1006.3800000000001,1006.3800000000001,7.79,-158.747,0,46883.39950397909,47042.14650397909
2.0,phase_10k_then_12,a1382913-f5c5-4721-9dee-4195779e9b68,2025-08-23 20:00:00+00:00,2025-08-23 04:00:00+00:00,NO,0.19466778397560125,0.34762104281357364,0.12,8148.828113109296,5626.007940477491,650.25,1300.5,650.25,650.25,1548.2142857142858,1.0,0.42,rolling_liq,4335.0,4335.0,4335.0,26.41,871.5542857142858,1,47754.953789693376,46883.39950397909
2.0,phase_10k_then_12,bb8576ec-3270-4ee6-9d85-f37e6e502af7,2025-08-24 19:00:00+00:00,2025-08-24 03:45:00+00:00,YES,0.1296231734752655,0.16618355573751986,0.12,3968.044012426097,3968.044012426097,543.273,1029.1260000000002,543.273,543.273,2546.6045454545456,1.0,0.21333229808675724,rolling_liq,3621.82,3621.82,3430.4200000000005,29.92,-573.193,0,47181.76078969338,47754.953789693376
2.0,phase_10k_then_12,0962940f-0261-4fce-b716-3a16393d43b7,2025-08-24 20:00:00+00:00,2025-08-24 05:45:00+00:00,NO,0.17109873175621026,0.39790402734002395,0.12,9386.906317606312,5661.811294763205,1808.4599999999998,3431.1720000000005,1808.4599999999998,1808.4599999999998,3552.313725490196,1.0,0.5090935485295416,rolling_liq,11437.240000000002,12056.4,11437.240000000002,62.15,1681.703725490196,1,48863.46451518357,47181.76078969338
2.0,phase_10k_then_12,ab22cb38-adf5-49e7-8d94-af37949f1527,2025-08-26 23:00:00+00:00,2025-08-26 06:00:00+00:00,YES,0.11368976593017577,0.18637666545930454,0.12,4553.504789564484,4553.504789564484,970.1759999999998,1921.6319999999998,970.1759999999998,970.1759999999998,2565.673684210526,1.0,0.37813694156454236,rolling_liq,6405.44,6467.839999999999,6405.44,42.24,1553.2576842105261,1,50416.7221993941,48863.46451518357
2.0,phase_10k_then_12,467aedcd-fa42-4992-9a69-fce47d1ece15,2025-08-28 00:00:00+00:00,2025-08-27 16:00:00+00:00,NO,0.15859810590744017,0.33041272064050037,0.12,8329.163173839057,6050.006663927292,1543.203,2728.23,1543.203,1543.203,3036.045098039215,1.0,0.5082938329857665,rolling_liq,10288.02,10288.02,9094.1,53.12,1439.7220980392153,1,51856.444297433314,50416.7221993941
2.0,phase_10k_then_12,6d17df9c-9585-4b14-b1ab-7334c0443b45,2025-08-30 02:00:00+00:00,2025-08-29 07:15:00+00:00,NO,0.14991149187088015,0.28285187145449087,0.12,7333.846158252287,6222.773315691998,1827.945,3647.52,1827.945,1827.945,4248.465909090909,1.0,0.43026001364128763,rolling_liq,12186.3,12186.3,12158.4,72.91,2347.6109090909094,1,54204.05520652422,51856.444297433314
2.0,phase_10k_then_12,eef5e74b-cdc8-45c9-b34e-c80089a44b6d,2025-09-01 00:00:00+00:00,2025-08-31 06:00:00+00:00,NO,0.12026148080825805,0.1625155146057541,0.12,4404.499962803495,4404.499962803495,717.4290000000001,1434.8580000000002,717.4290000000001,717.4290000000001,3354.13181818182,1.0,0.21389409805274082,rolling_liq,4782.860000000001,4782.860000000001,4782.860000000001,39.48,-756.9090000000001,0,53447.14620652422,54204.05520652422
2.0,phase_10k_then_12,2f5baf0d-dd06-464d-95dd-177924f443c9,2025-09-04 00:00:00+00:00,2025-09-03 06:00:00+00:00,NO,0.20699598312377931,0.3980691983149602,0.12,10637.831321326781,6413.657544782906,748.1460000000001,1496.2920000000001,748.1460000000001,748.1460000000001,1667.4355555555555,1.0,0.44868060867919607,rolling_liq,4987.64,4987.64,4987.64,28.88,-777.0260000000001,0,52670.120206524225,53447.14620652422
2.0,phase_10k_then_12,b69d86fb-d73a-4b99-bec9-88e73e7ce25b,2025-09-05 02:00:00+00:00,2025-09-04 12:45:00+00:00,NO,0.05718323230743405,0.06807527655646911,0.12,1792.7664996608044,1792.7664996608044,211.02899999999997,417.28800000000007,211.02899999999997,211.02899999999997,1507.3499999999997,1.0,0.14,rolling_liq,1390.9600000000003,1406.86,1390.9600000000003,12.71,-223.73899999999998,0,52446.381206524224,52670.120206524225
2.0,phase_10k_then_12,f9c188c7-35cd-436c-8d11-7f1b0131ba33,2025-09-05 23:30:00+00:00,2025-09-05 10:30:00+00:00,NO,0.06474714040756224,0.07528737256693284,0.12,1974.275120841487,1974.275120841487,339.585,670.854,339.585,339.585,2612.192307692307,1.0,0.13,rolling_liq,2236.1800000000003,2263.9,2236.1800000000003,20.69,-360.275,0,52086.10620652422,52446.381206524224
2.0,phase_10k_then_12,e9ff9be0-15cb-4e16-86a5-89be878b6745,2025-09-10 02:00:00+00:00,2025-09-09 07:00:00+00:00,NO,0.2139049685001373,0.30127460352132013,0.12,7846.110498169978,6250.332744782906,1800.825,3601.65,1800.825,1800.825,6859.574074074075,1.0,0.2625272328213878,rolling_liq,12005.5,12005.5,12005.5,92.97,-1893.795,0,50192.311206524224,52086.10620652422
2.0,phase_10k_then_12,31d89653-50a1-4688-b507-15c8e12dad33,2025-09-09 23:30:00+00:00,2025-09-09 12:30:00+00:00,NO,0.16207829356193537,0.3683597580953077,0.12,9244.413807139832,6023.077344782907,1661.1899999999998,3286.8120000000004,1661.1899999999998,1661.1899999999998,3133.796296296296,1.0,0.5300886984783572,rolling_liq,10956.04,11074.599999999999,10956.04,54.65,-1715.84,0,48476.47120652423,50192.311206524224
2.0,phase_10k_then_12,93a98ff0-ed90-4c11-8f56-dfd70e55ed58,2025-09-12 00:00:00+00:00,2025-09-11 07:00:00+00:00,NO,0.1892402425408365,0.6308008084694549,0.12,15289.498614410866,5817.1765447829075,545.6610000000001,1035.882,545.6610000000001,545.6610000000001,819.0164179104479,1.0,0.6662393916255573,rolling_liq,3637.7400000000002,3637.7400000000002,3452.9400000000005,12.75,-558.4110000000001,0,47918.06020652423,48476.47120652423
2.0,phase_10k_then_12,2fb00c07-3995-4420-aa53-e0b95160a91a,2025-09-18 02:00:00+00:00,2025-09-17 16:15:00+00:00,YES,0.07049068570137018,0.08702553790292615,0.12,2085.0474823687855,2085.0474823687855,1287.825,2557.9799999999996,1287.825,1287.825,8093.15625,1.0,0.1591251867897645,rolling_liq,8538.380000000001,8585.5,8526.599999999999,75.81,-1363.635,0,46554.425206524225,47918.06020652423
2.0,phase_10k_then_12,30981dda-706d-44fc-9eb4-b6f8c5a3e874,2025-09-24 01:30:00+00:00,2025-09-22 23:30:00+00:00,NO,0.11262015342712406,0.14255715623686588,0.12,3318.3332338419805,3318.3332338419805,751.8599999999999,1502.3999999999999,751.8599999999999,751.8599999999999,3759.3,1.0,0.19999999999999996,rolling_liq,5012.4,5012.4,5008.0,42.11,-793.9699999999999,0,45760.455206524224,46554.425206524225
2.0,phase_10k_then_12,fb31c505-de82-4d70-a8a2-a91dbaacd1ee,2025-09-29 00:00:00+00:00,2025-09-28 02:30:00+00:00,NO,0.18119778752326965,0.29225449600527365,0.12,6686.849386677319,5491.254624782907,6091.400999999999,12179.561999999998,5491.254624782907,5491.254624782907,15691.24178509402,1.0,0.34995666372303014,portfolio,40598.53999999999,40609.34,40598.53999999999,249.87,-5741.124624782907,0,40019.33058174132,45760.455206524224
2.0,phase_10k_then_12,fc11987d-5051-4621-94f9-17a356691802,2025-10-01 01:30:00+00:00,2025-09-30 01:15:00+00:00,NO,0.06506288051605225,0.08675050735473633,0.12,1735.8486159814875,1735.8486159814875,4034.3160000000003,7766.3820000000005,1735.8486159814875,1735.8486159814875,7890.2209817340345,1.0,0.21999999999999997,kelly,26888.94,26895.440000000002,25887.940000000002,94.78,-1830.6286159814874,0,38188.701965759836,40019.33058174132
2.0,phase_10k_then_12,4a8a3c5a-81ad-462c-b4cb-3300d1eea8c3,2025-10-09 00:00:00+00:00,2025-10-07 11:00:00+00:00,NO,0.16387164235115048,0.2777485463578822,0.12,5303.428229142097,4582.64423589118,16264.304999999998,32528.609999999997,4582.64423589118,4582.64423589118,12497.633069976162,1.0,0.36668097152734863,portfolio,108428.7,108428.7,108428.7,203.16,7711.828834084982,1,45900.53079984482,38188.701965759836
2.0,edge_conditioned,d1bd5e4c-1d9e-47c6-b24e-52544a1a2c13,2025-05-22 23:30:00+00:00,2025-05-22 13:00:00+00:00,YES,0.18705255270004273,0.2969088138095916,0.2,742.2720345239791,742.2720345239791,319.01999999999987,622.464,319.01999999999987,319.01999999999987,916.8571428571425,1.0,0.3479495169834839,rolling_liq,2074.88,2126.7999999999993,2074.88,14.57,-333.58999999999986,0,4666.41,5000.0
2.0,edge_conditioned,b8786c5b-6a05-49e0-9ba2-0bc7db3e8a60,2025-05-24 02:00:00+00:00,2025-05-23 12:30:00+00:00,NO,0.08980293750762935,0.10819631025015586,0.15,252.4441720572149,252.4441720572149,262.371,524.742,252.4441720572149,252.4441720572149,2688.841720572149,1.0,0.09388584315907528,kelly,1749.1399999999999,1749.1399999999999,1749.1399999999999,16.02,-268.4641720572149,0,4397.945827942785,4666.41
2.0,edge_conditioned,a35a38a3-fdb6-40a3-86f1-842d77ac32bf,2025-05-24 02:00:00+00:00,2025-05-23 12:30:00+00:00,NO,0.32377356052398687,0.3997204450913418,0.2,878.9744319164499,878.9744319164499,76.182,152.364,76.182,76.182,476.1375,1.0,0.16,rolling_liq,507.88,507.88,507.88,4.48,395.47549999999995,1,4793.421327942785,4397.945827942785
2.0,edge_conditioned,92c4a40c-74f4-4a28-be37-18237fca81a5,2025-05-23 23:30:00+00:00,2025-05-23 12:30:00+00:00,NO,0.09931676149368285,0.11548460638800331,0.15,276.78318765466634,276.78318765466634,115.66499999999999,231.32999999999998,115.66499999999999,115.66499999999999,1445.8124999999998,1.0,0.08,rolling_liq,771.1,771.1,771.1,7.45,-123.115,0,4670.306327942785,4793.421327942785
2.0,edge_conditioned,10582ee6-a493-4e18-9878-6203b5e8065d,2025-05-24 02:00:00+00:00,2025-05-23 12:30:00+00:00,NO,0.08664486169815067,0.13128009348204644,0.15,306.55912566106093,306.55912566106093,304.98599999999993,609.9719999999999,304.98599999999993,304.98599999999993,1017.4866666666665,1.0,0.29974446839598223,rolling_liq,2033.2399999999998,2033.2399999999998,2033.2399999999998,14.95,-319.9359999999999,0,4350.3703279427855,4670.306327942785
2.0,edge_conditioned,b0d98920-a05f-481d-9dea-7046f3e6fc33,2025-05-25 19:00:00+00:00,2025-05-25 05:00:00+00:00,NO,0.19932658433914185,0.26227182149887085,0.2,570.4897750520972,570.4897750520972,293.538,587.076,293.538,293.538,1467.69,1.0,0.2,rolling_liq,1956.9200000000003,1956.9200000000003,1956.9200000000003,16.44,-309.978,0,4040.3923279427854,4350.3703279427855
2.0,edge_conditioned,bbd4ae77-444a-4dfe-ad87-70233844aa1d,2025-05-25 22:00:00+00:00,2025-05-25 14:00:00+00:00,NO,0.1071816420555115,0.1623964273568356,0.2,328.0726395889382,328.0726395889382,109.82999999999998,219.65999999999997,109.82999999999998,109.82999999999998,340.030303030303,1.0,0.32300062383031813,rolling_liq,732.1999999999999,732.1999999999999,732.1999999999999,5.21,-115.03999999999998,0,3925.3523279427855,4040.3923279427854
2.0,edge_conditioned,5f3d74e1-8cdd-4616-aedf-f1e90dc75db0,2025-05-27 23:00:00+00:00,2025-05-27 05:45:00+00:00,NO,0.0740113401412964,0.08315880914752405,0.12,163.21381253809167,163.21381253809167,136.85399999999998,273.70799999999997,136.85399999999998,136.85399999999998,1968.4857142857138,1.0,0.06952247557948824,rolling_liq,912.36,912.36,912.36,8.92,-145.77399999999997,0,3779.5783279427856,3925.3523279427855
2.0,edge_conditioned,8a594783-4b88-43cd-b381-a8660e3a0766,2025-05-27 23:00:00+00:00,2025-05-27 13:00:00+00:00,YES,0.3129020285606384,0.5046806912268361,0.2,953.7401015460673,755.9156655885572,483.93899999999996,956.4779999999998,483.93899999999996,483.93899999999996,1307.9432432432432,1.0,0.37,rolling_liq,3188.2599999999998,3226.2599999999998,3188.2599999999998,21.35,-505.289,0,3274.2893279427853,3779.5783279427856
2.0,edge_conditioned,ee675eed-ef15-494e-a8f4-e0202373e26c,2025-05-28 00:00:00+00:00,2025-05-27 13:00:00+00:00,NO,0.08173902988433834,0.11512539420329344,0.15,188.47692480752497,188.47692480752497,100.11299999999999,200.22599999999997,100.11299999999999,100.11299999999999,400.45199999999994,1.0,0.25,rolling_liq,667.42,667.42,667.42,5.26,-105.37299999999999,0,3168.9163279427853,3274.2893279427853
2.0,edge_conditioned,a17fdde4-604b-4197-8c9a-97dc9b78c44e,2025-05-29 23:00:00+00:00,2025-05-29 13:00:00+00:00,NO,0.09309141159057621,0.10118631694627848,0.15,160.32548596772781,160.32548596772781,31.056,62.112,31.056,31.056,453.9428571428571,1.0,0.06841389728096678,rolling_liq,207.04000000000002,207.04000000000002,207.04000000000002,2.03,-33.086,0,3135.8303279427855,3168.9163279427853
2.0,edge_conditioned,1d299098-034f-480d-af99-bcebd640859e,2025-05-30 23:30:00+00:00,2025-05-30 12:15:00+00:00,NO,0.07657644748687742,0.0900899382198558,0.15,141.25338025615784,141.25338025615784,90.71400000000001,107.11200000000002,90.71400000000001,90.71400000000001,713.3384615384616,1.0,0.1271682446567602,rolling_liq,604.7600000000001,604.7600000000001,357.0400000000001,5.55,617.0744615384616,1,3752.904789481247,3135.8303279427855
2.0,edge_conditioned,c9d9dbf0-f3e6-4f3f-b2a5-e83fe165023d,2025-06-01 22:00:00+00:00,2025-06-01 05:15:00+00:00,NO,0.14538862824440002,0.23449778749096778,0.2,440.0239348988043,440.0239348988043,485.05799999999994,968.6039999999999,440.0239348988043,440.0239348988043,1257.2112425680125,1.0,0.35,kelly,3233.72,3233.72,3228.68,20.03,797.1573076692082,1,4550.062097150455,3752.904789481247
2.0,edge_conditioned,9998a61a-229c-44c2-b892-ee5b1ea16c23,2025-06-02 00:30:00+00:00,2025-06-01 12:15:00+00:00,YES,0.0670652312040329,0.08178686732199134,0.12,186.06766252323297,186.06766252323297,895.032,1784.0159999999998,186.06766252323297,186.06766252323297,1332.9118751659496,1.0,0.13959487194160322,kelly,5966.88,5966.88,5946.719999999999,11.21,-197.27766252323298,0,4352.784434627222,4550.062097150455
2.0,edge_conditioned,272d53ae-a46b-43bc-ac0f-8a846e03a9d1,2025-06-04 00:00:00+00:00,2025-06-03 12:30:00+00:00,NO,0.12299813508987423,0.14819052420466775,0.2,322.5207035586632,322.5207035586632,216.83100000000002,424.932,216.83100000000002,216.83100000000002,1680.2384615384617,1.0,0.12904775421071185,rolling_liq,1416.44,1445.5400000000002,1416.44,13.22,-230.05100000000002,0,4122.733434627222,4352.784434627222
2.0,edge_conditioned,f8baaf5b-f1fa-4923-9eec-e85ed7a82142,2025-06-05 23:30:00+00:00,2025-06-05 06:15:00+00:00,YES,0.0730656540393829,0.08496006283649174,0.12,175.1338458320171,175.1338458320171,167.32800000000003,334.65600000000006,167.32800000000003,167.32800000000003,1414.5666666666668,1.0,0.11828922873907205,rolling_liq,1115.5200000000002,1115.5200000000002,1115.5200000000002,10.33,-177.65800000000004,0,3945.075434627222,4122.733434627222
2.0,edge_conditioned,45eb60bf-a1b9-4f49-90cb-62097ff47bbd,2025-06-06 02:00:00+00:00,2025-06-05 13:00:00+00:00,NO,0.1447575712203979,0.20979358147883756,0.2,413.8257523173133,413.8257523173133,798.012,1573.5239999999997,413.8257523173133,413.8257523173133,1455.3301804045284,1.0,0.28435179719992126,kelly,5245.079999999999,5320.08,5245.079999999999,20.74,-434.5657523173133,0,3510.509682309909,3945.075434627222
2.0,edge_conditioned,772cef5b-3110-4eaf-a68b-6eb3cd04f42a,2025-06-06 23:30:00+00:00,2025-06-06 12:15:00+00:00,YES,0.1407347512245178,0.18277240418768548,0.2,320.812147279965,320.812147279965,662.31,1324.62,320.812147279965,320.812147279965,1782.2897071109169,1.0,0.18,kelly,4415.4,4415.4,4415.4,18.42,1443.0575598309517,1,4953.567242140861,3510.509682309909
2.0,edge_conditioned,8b0ee0bd-54cf-4be2-a8ba-b16813be20b6,2025-06-07 19:00:00+00:00,2025-06-07 04:30:00+00:00,YES,0.1381078326702118,0.1644140865121569,0.2,407.21811654656693,407.21811654656693,532.4009999999998,892.8660000000001,407.21811654656693,407.21811654656693,2859.720776977113,1.0,0.14239785919834438,kelly,3523.42,3549.3399999999992,2976.2200000000003,24.45,2428.0526604305464,1,7381.619902571407,4953.567242140861
2.0,edge_conditioned,639e72ff-50dd-401b-a2a8-dd49fdd02b89,2025-06-08 02:00:00+00:00,2025-06-07 12:15:00+00:00,YES,0.13786698698997496,0.20577162237309699,0.2,759.4639515468302,759.4639515468302,465.7649999999999,918.09,465.7649999999999,465.7649999999999,1455.5156249999995,1.0,0.32,rolling_liq,3105.0999999999995,3105.0999999999995,3060.3,22.18,-487.9449999999999,0,6893.674902571407,7381.619902571407
2.0,edge_conditioned,5e1d090c-1c51-494b-8c1f-1f1ba520ee2a,2025-06-10 02:00:00+00:00,2025-06-09 12:30:00+00:00,NO,0.24757077574729924,0.3640746702166165,0.2,1254.9062083671254,1254.9062083671254,926.196,1846.2720000000002,926.196,926.196,3307.8428571428576,1.0,0.27999999999999997,rolling_liq,6174.64,6174.64,6154.240000000001,46.69,2334.9568571428576,1,9228.631759714264,6893.674902571407
2.0,edge_conditioned,4a60d4ef-8d10-4f25-bab6-346332242fd5,2025-06-10 23:30:00+00:00,2025-06-10 12:15:00+00:00,NO,0.12558921575546267,0.19321417808532718,0.2,891.5512501526691,891.5512501526691,531.51,1040.496,531.51,531.51,1610.6363636363635,1.0,0.33,rolling_liq,3543.4,3543.4,3468.32,24.93,-556.4399999999999,0,8672.191759714264,9228.631759714264
2.0,edge_conditioned,84da0d09-cdf5-46a5-89eb-d489373ed8ed,2025-06-12 02:00:00+00:00,2025-06-11 13:30:00+00:00,NO,0.11724735021591182,0.1429845734340388,0.2,619.9948197504652,619.9948197504652,3.717,6.005999999999999,3.717,3.717,21.86470588235294,1.0,0.17,rolling_liq,20.02,24.78,20.02,0.22,17.927705882352942,1,8690.119465596617,8672.191759714264
2.0,edge_conditioned,c95f06b7-8138-460b-bc1d-e9c9478156eb,2025-06-13 23:30:00+00:00,2025-06-13 06:00:00+00:00,NO,0.07324323654174802,0.08616851357852709,0.12,374.4073385851423,374.4073385851423,501.39000000000004,998.4959999999999,374.4073385851423,374.4073385851423,3120.0611548761863,1.0,0.12,kelly,3342.6000000000004,3342.6000000000004,3328.3199999999997,23.07,-397.4773385851423,0,8292.642127011475,8690.119465596617
2.0,edge_conditioned,ee13e918-b149-4c1e-8ae9-03cf0618c5d9,2025-06-15 00:30:00+00:00,2025-06-14 06:30:00+00:00,YES,0.22761168122291559,0.30758335300393996,0.2,1275.3393353439571,1275.3393353439571,3793.9410000000003,7587.8820000000005,1275.3393353439571,1275.3393353439571,6379.196676719787,1.0,0.19992162022503163,kelly,25292.940000000002,25292.940000000002,25292.940000000002,71.43,5032.42734137583,1,13325.069468387304,8292.642127011475
2.0,edge_conditioned,7162ed3d-7135-4801-b3a8-ba85cbcaa7ea,2025-06-15 22:00:00+00:00,2025-06-15 05:30:00+00:00,YES,0.2125312566757202,0.38642046668312763,0.2,2574.5397812796587,2574.5397812796587,2035.989,4071.978,2035.989,2035.989,5701.469444444445,1.0,0.3570989934855975,rolling_liq,13573.26,13573.26,13573.26,91.63,-2127.619,0,11197.450468387304,13325.069468387304
2.0,edge_conditioned,acf4a696-dabb-4821-9d7a-7417121d43a8,2025-06-17 23:00:00+00:00,2025-06-17 05:45:00+00:00,NO,0.10341833353042607,0.1124112320982892,0.2,629.3596017554911,629.3596017554911,210.97800000000004,419.814,210.97800000000004,210.97800000000004,3014.8285714285716,1.0,0.06998009837090952,rolling_liq,1406.5200000000002,1406.5200000000002,1399.38,13.74,-224.71800000000005,0,10972.732468387303,11197.450468387304
2.0,edge_conditioned,f992552a-94d9-40c8-aa4b-fa5c7bf321fd,2025-06-18 00:00:00+00:00,2025-06-17 06:15:00+00:00,NO,0.2464600276947021,0.4323860134994774,0.2,2372.2280246011333,2194.5464936774606,2640.9149999999995,5281.829999999999,2194.5464936774606,2194.5464936774606,5421.918277262098,1.0,0.4047546240010167,portfolio,17606.1,17606.1,17606.1,91.45,-2285.9964936774604,0,8686.735974709842,10972.732468387303
2.0,edge_conditioned,326d833a-4a17-4fec-882e-c3699065a0ed,2025-06-18 00:00:00+00:00,2025-06-17 07:00:00+00:00,NO,0.11250839233398435,0.13236281451056983,0.2,574.9004112614064,574.9004112614064,74.09400000000001,148.18800000000002,74.09400000000001,74.09400000000001,617.9500000000002,1.0,0.11990290476575773,rolling_liq,493.96000000000004,493.96000000000004,493.96000000000004,4.57,-78.66400000000002,0,8608.071974709841,8686.735974709842
2.0,edge_conditioned,4f5eef0b-7151-49c4-bc34-46d08d1e5ca1,2025-06-18 02:00:00+00:00,2025-06-17 12:30:00+00:00,YES,0.15919422030448907,0.20674574065518062,0.2,889.8411080122446,889.8411080122446,253.35299999999998,435.228,253.35299999999998,253.35299999999998,1101.9695652173912,1.0,0.22990925339214766,rolling_liq,1672.46,1689.02,1450.76,13.66,-267.013,0,8341.05897470984,8608.071974709841
2.0,edge_conditioned,42f7582e-79b3-4a78-88ba-0245ebd00b6b,2025-06-18 23:00:00+00:00,2025-06-18 06:15:00+00:00,YES,0.2191847121715545,0.2548659443855285,0.2,1062.9259363824058,1062.9259363824058,1855.4759999999999,3699.36,1062.9259363824058,1062.9259363824058,10629.259363824058,1.0,0.1,kelly,12368.16,12369.84,12331.2,66.97,-1129.8959363824058,0,7211.163038327434,8341.05897470984
2.0,edge_conditioned,57909126-867a-49a0-bc68-8c65ff35b9dd,2025-06-20 02:00:00+00:00,2025-06-19 13:45:00+00:00,YES,0.23086082577705377,0.2748343164012545,0.2,990.9375320483568,990.9375320483568,94.536,188.97599999999997,94.536,94.536,607.85,1.0,0.1555252118121247,rolling_liq,629.92,630.24,629.92,5.59,507.7240000000001,1,7718.887038327434,7211.163038327434
2.0,edge_conditioned,5cc2b6cf-49a3-4f54-a14e-88d92bf3ac7a,2025-06-20 23:30:00+00:00,2025-06-20 06:00:00+00:00,YES,0.19484763860702514,0.31427038485004055,0.2,1212.9088000745762,1212.9088000745762,819.9749999999998,1639.9499999999996,819.9749999999998,819.9749999999998,2345.8142857142852,1.0,0.3495481313220508,rolling_liq,5466.499999999999,5466.499999999999,5466.499999999999,37.34,-857.3149999999998,0,6861.572038327435,7718.887038327434
2.0,edge_conditioned,36996288-3356-4ce9-b751-b31f6890cd69,2025-06-22 19:00:00+00:00,2025-06-22 07:15:00+00:00,YES,0.12237302303314207,0.22661670932063344,0.2,777.4734380461173,777.4734380461173,57.27000000000001,111.78,57.27000000000001,57.27000000000001,124.50000000000001,1.0,0.46,rolling_liq,372.6,381.80000000000007,372.6,2.17,65.06,1,6926.632038327435,6861.572038327435
2.0,edge_conditioned,4bfeb202-768f-487c-a416-9c9a314242a6,2025-06-25 00:00:00+00:00,2025-06-24 06:15:00+00:00,YES,0.08991959929466248,0.13031825984733694,0.15,451.33331691882194,451.33331691882194,1.395,2.79,1.395,1.395,4.5,1.0,0.31,rolling_liq,9.3,9.3,9.3,0.07,3.035,1,6929.667038327435,6926.632038327435
2.0,edge_conditioned,e6fdfe56-f4ef-4bab-8f24-19a99adb7f6f,2025-06-26 02:00:00+00:00,2025-06-25 12:15:00+00:00,NO,0.07732540607452387,0.08226107029204668,0.15,285.02091367016607,285.02091367016607,178.08,356.16,178.08,178.08,3561.6000000000004,1.0,0.049999999999999996,rolling_liq,1187.2,1187.2,1187.2,11.85,-189.93,0,6739.737038327435,6929.667038327435
2.0,edge_conditioned,1c528f37-bdd0-449a-99b5-7a8d174e4243,2025-06-26 02:00:00+00:00,2025-06-25 15:45:00+00:00,YES,0.0853763997554779,0.10672049969434737,0.15,359.63405226940233,359.63405226940233,320.95500000000004,637.9500000000002,320.95500000000004,320.95500000000004,1610.2750000000005,1.0,0.19931688686715,rolling_liq,2139.7000000000003,2139.7000000000003,2126.5000000000005,17.99,-338.94500000000005,0,6400.792038327435,6739.737038327435
2.0,edge_conditioned,fd8a85e4-5aac-47f6-b278-e1f1fa69b82d,2025-06-27 02:00:00+00:00,2025-06-26 12:15:00+00:00,NO,0.08030236721038819,0.10566100948735288,0.15,338.15707414414396,338.15707414414396,1931.757,3855.6479999999997,338.15707414414396,338.15707414414396,1690.78537072072,1.0,0.19999999999999998,kelly,12878.380000000001,12878.380000000001,12852.16,18.94,1333.688296576576,1,7734.480334904011,6400.792038327435
2.0,edge_conditioned,4e456309-00d3-4582-8f89-1c9049054791,2025-06-27 23:30:00+00:00,2025-06-27 12:30:00+00:00,NO,0.12750528216362,0.2500103571835686,0.2,966.8500955793196,966.8500955793196,1684.9019999999998,3369.8039999999996,966.8500955793196,966.8500955793196,2101.848033868086,1.0,0.46,kelly,11232.679999999998,11232.679999999998,11232.679999999998,36.55,1098.4479382887664,1,8832.928273192778,7734.480334904011
2.0,edge_conditioned,f2a059a9-b803-4538-b746-3868679fa790,2025-06-28 02:00:00+00:00,2025-06-27 12:45:00+00:00,NO,0.05228370666503901,0.055620964537275545,0.12,245.647995121777,245.647995121777,218.11500000000004,436.2300000000001,218.11500000000004,218.11500000000004,4362.300000000001,1.0,0.049999999999999996,rolling_liq,1454.1000000000004,1454.1000000000004,1454.1000000000004,14.51,-232.62500000000003,0,8600.303273192778,8832.928273192778
2.0,edge_conditioned,02291b17-b5ee-4973-b184-51149f2c1817,2025-06-28 02:00:00+00:00,2025-06-27 14:00:00+00:00,NO,0.14177390813827517,0.26749793988353804,0.2,1150.2817039763586,1150.2817039763586,1795.8990000000001,3562.752,1150.2817039763586,1150.2817039763586,2502.1341390790403,1.0,0.4597202388197071,kelly,11972.660000000002,11972.660000000002,11875.84,43.51,-1193.7917039763586,0,7406.511569216419,8600.303273192778
2.0,edge_conditioned,8a325ea5-03e5-4940-bb7a-2eb4c8b2b077,2025-06-29 20:00:00+00:00,2025-06-29 04:30:00+00:00,NO,0.19611328840255737,0.26148438453674316,0.2,968.3435596204116,968.3435596204116,767.1089999999999,1533.4979999999998,767.1089999999999,767.1089999999999,3200.4541666666664,1.0,0.23968754434591966,rolling_liq,5111.66,5114.0599999999995,5111.66,40.83,2392.5151666666666,1,9799.026735883086,7406.511569216419
2.0,edge_conditioned,475cc53b-e563-4217-a5dc-930581369bab,2025-06-29 22:00:00+00:00,2025-06-29 05:30:00+00:00,NO,0.07646610498428341,0.10769873941448369,0.15,527.6714134717156,527.6714134717156,251.916,447.87600000000003,251.916,251.916,901.5034482758621,1.0,0.27943986291099926,rolling_liq,1546.92,1679.44,1492.92,12.71,636.877448275862,1,10435.904184158948,9799.026735883086
2.0,edge_conditioned,01384c8c-e038-4abe-b80a-901c44d112ce,2025-07-03 23:00:00+00:00,2025-07-03 05:45:00+00:00,YES,0.14452980518341063,0.23693410685805022,0.2,1236.3108185649448,1236.3108185649448,9702.483,19265.735999999997,1236.3108185649448,1236.3108185649448,3532.316624471271,1.0,0.35,kelly,64683.22,64683.22,64219.11999999999,56.26,2239.745805906326,1,12675.649990065274,10435.904184158948
2.0,edge_conditioned,21815dfe-7533-4983-9fc4-01b7e5798634,2025-07-03 23:30:00+00:00,2025-07-03 12:15:00+00:00,YES,0.12719794988632205,0.23999613186098498,0.2,1521.0534832196993,1521.0534832196993,256.61999999999995,508.16399999999993,256.61999999999995,256.61999999999995,546.0,1.0,0.4699999999999999,rolling_liq,1710.7999999999997,1710.7999999999997,1693.8799999999999,9.53,-266.1499999999999,0,12409.499990065275,12675.649990065274
2.0,edge_conditioned,a4d71aea-7129-4510-a0c0-686300cd53cf,2025-07-07 23:30:00+00:00,2025-07-07 12:30:00+00:00,NO,0.09287727117538447,0.13460474083389054,0.15,835.1887650204518,835.1887650204518,1168.6920000000002,2287.134,835.1887650204518,835.1887650204518,3214.72601930943,1.0,0.25980091616014683,kelly,7623.780000000001,7791.2800000000025,7623.780000000001,43.28,-878.4687650204518,0,11531.031225044822,12409.499990065275
2.0,edge_conditioned,66b295b9-ed48-41fe-8fd7-4cca0813f9f5,2025-07-08 15:30:00+00:00,2025-07-08 04:45:00+00:00,NO,0.07585252523422237,0.10836075033460339,0.15,624.755597838799,624.755597838799,1159.068,2002.194,624.755597838799,624.755597838799,2279.412849424282,1.0,0.27408619636262704,kelly,6795.84,7727.120000000001,6673.9800000000005,31.75,-656.505597838799,0,10874.525627206023,11531.031225044822
2.0,edge_conditioned,cba5ede2-0a93-430c-aa0b-4c48363996d9,2025-07-09 15:00:00+00:00,2025-07-09 01:30:00+00:00,YES,0.0751177150011062,0.08077173656032925,0.15,439.1771595896171,439.1771595896171,153.12900000000002,306.25800000000004,153.12900000000002,153.12900000000002,2191.8428571428576,1.0,0.0698631288739417,rolling_liq,1020.8600000000001,1020.8600000000001,1020.8600000000001,9.98,2028.7338571428577,1,12903.25948434888,10874.525627206023
2.0,edge_conditioned,473b6ccd-bea1-4377-b656-99e755056013,2025-07-09 16:00:00+00:00,2025-07-09 02:00:00+00:00,NO,0.21722968339920046,0.28211647194701356,0.2,1820.111021170674,1820.111021170674,50.688,101.376,50.688,50.688,230.40000000000003,1.0,0.21999999999999997,rolling_liq,337.92,337.92,337.92,2.77,176.94200000000004,1,13080.201484348881,12903.25948434888
2.0,edge_conditioned,e3e04e5c-30b5-4cd3-bef5-9e4a16bf0e89,2025-07-10 19:00:00+00:00,2025-07-10 04:45:00+00:00,NO,0.176479022204876,0.5882634073495866,0.2,3847.301947001097,2616.0402968697763,598.044,987.9959999999999,598.044,598.044,879.4764705882352,1.0,0.68,rolling_liq,3597.1200000000003,3986.96,3293.3199999999997,13.4,268.03247058823524,1,13348.233954937117,13080.201484348881
2.0,edge_conditioned,9bb7fd31-2faf-4602-bf65-4532dd75baba,2025-07-13 22:00:00+00:00,2025-07-13 05:15:00+00:00,NO,0.0949998521804809,0.13768094518910276,0.15,918.8987337605088,918.8987337605088,963.1349999999999,1860.8459999999998,918.8987337605088,918.8987337605088,3403.328643557441,1.0,0.2699999999999999,kelly,6420.9,6420.9,6202.82,46.96,2437.4699097969324,1,15785.703864734049,13348.233954937117
2.0,edge_conditioned,1dc8a33e-b81b-4a0d-91bf-0109943d729e,2025-07-13 22:00:00+00:00,2025-07-13 06:00:00+00:00,NO,0.2283735346794128,0.27850431058464975,0.2,2198.1932859705985,2198.1932859705985,2480.4990000000003,4935.4980000000005,2198.1932859705985,2198.1932859705985,14516.708037316239,1.0,0.15142505314014618,kelly,16536.660000000003,16536.660000000003,16451.660000000003,130.58,-2328.7732859705984,0,13456.930578763451,15785.703864734049
2.0,edge_conditioned,333e71e9-d362-4003-836b-7d936322e7d2,2025-07-16 00:00:00+00:00,2025-07-15 06:00:00+00:00,YES,0.06468308866024008,0.07187009851137786,0.12,483.5754631782512,483.5754631782512,599.13,1198.26,483.5754631782512,483.5754631782512,4835.754631782512,1.0,0.1,kelly,3994.2,3994.2,3994.2,30.47,-514.0454631782512,0,12942.8851155852,13456.930578763451
2.0,edge_conditioned,e380b602-7a50-4ce9-99e7-63c43f11724e,2025-07-16 02:00:00+00:00,2025-07-15 13:30:00+00:00,NO,0.21980795383453366,0.4676764975202844,0.2,3026.5415893321538,2588.5770231170404,2306.781,4286.202,2306.781,2306.781,4806.877083333333,1.0,0.4798918216565589,rolling_liq,14287.34,15378.54,14287.34,83.99,-2390.7709999999997,0,10552.114115585202,12942.8851155852
2.0,edge_conditioned,83fc47a0-fbb1-4f04-8af2-94e9a1fd566e,2025-07-16 17:00:00+00:00,2025-07-16 04:15:00+00:00,NO,0.1946576309204101,0.23738735478098796,0.2,1252.4692286229476,1252.4692286229476,75.018,150.036,75.018,75.018,455.0470588235294,1.0,0.16485767470720547,rolling_liq,500.12,500.12,500.12,4.39,-79.408,0,10472.706115585202,10552.114115585202
2.0,edge_conditioned,5e64c14b-9cf3-45d2-bd9d-f0af702d801f,2025-07-16 19:00:00+00:00,2025-07-16 07:00:00+00:00,NO,0.1349456548690796,0.207608699798584,0.2,1087.1124500146616,1087.1124500146616,4016.445,7975.212000000002,1087.1124500146616,1087.1124500146616,3561.330483918263,1.0,0.3052545825004687,kelly,26588.120000000003,26776.300000000003,26584.040000000008,52.87,-1139.9824500146615,0,9332.723665570542,10472.706115585202
2.0,edge_conditioned,1f15d85b-41ea-4e16-b597-b0e14ee9ba73,2025-07-16 23:30:00+00:00,2025-07-16 07:00:00+00:00,NO,0.10651913166046145,0.13656298930828392,0.2,637.2523210792391,637.2523210792391,2353.6380000000004,4700.795999999999,637.2523210792391,637.2523210792391,3186.261605396195,1.0,0.2,kelly,15669.32,15690.920000000002,15669.32,35.69,-672.942321079239,0,8659.781344491303,9332.723665570542
2.0,edge_conditioned,32cb5f24-0d87-4645-a3fd-dd1e0fd1a4f6,2025-07-23 00:00:00+00:00,2025-07-22 06:00:00+00:00,NO,0.09330237627029414,0.11378338569548066,0.15,492.669620379391,492.669620379391,557.973,1115.946,492.669620379391,492.669620379391,2739.386779885506,1.0,0.1798466810152243,kelly,3719.82,3719.82,3719.82,28.29,-520.959620379391,0,8138.821724111912,8659.781344491303
2.0,edge_conditioned,17812353-7592-47dc-9fe1-36f6bb0d8b9d,2025-07-24 02:00:00+00:00,2025-07-23 07:00:00+00:00,NO,0.17903590440750117,0.2594723252282626,0.2,1055.8994986868074,1055.8994986868074,1299.231,2598.462,1055.8994986868074,1055.8994986868074,4161.613456487721,1.0,0.25372358815322443,kelly,8661.54,8661.54,8661.54,55.16,3050.553957800914,1,11189.375681912825,8138.821724111912
2.0,edge_conditioned,d8bda49f-0b5d-428a-9697-070219652f4a,2025-07-25 00:30:00+00:00,2025-07-24 06:15:00+00:00,YES,0.12289219975471491,0.15755410224963448,0.2,881.4660201488334,881.4660201488334,2266.314,4532.628,881.4660201488334,881.4660201488334,4897.033445271297,1.0,0.18,kelly,15108.759999999998,15108.759999999998,15108.759999999998,50.6,-932.0660201488334,0,10257.309661763991,11189.375681912825
2.0,edge_conditioned,4d8cf7bd-df70-42d4-a4fd-14a6fcb736a9,2025-07-24 23:00:00+00:00,2025-07-24 12:45:00+00:00,YES,0.11587374210357665,0.21067953109741208,0.2,1080.5025949306962,1080.5025949306962,1524.2700000000002,3045.300000000001,1080.5025949306962,1080.5025949306962,2455.6877157515823,1.0,0.44,kelly,10151.000000000004,10161.800000000001,10151.000000000004,42.36,1332.8251208208862,1,11590.134782584877,10257.309661763991
2.0,edge_conditioned,585740b6-3c8b-4746-8808-e7635a88c710,2025-07-27 20:00:00+00:00,2025-07-27 04:15:00+00:00,YES,0.09930047273635859,0.1273082983799469,0.15,737.7601685825582,737.7601685825582,66.726,19.8,19.8,19.8,90.0,1.0,0.22,cumulative_liq,444.84000000000003,444.84000000000003,66.0,1.09,-20.89,0,11569.244782584878,11590.134782584877
2.0,edge_conditioned,548df81e-2319-4153-a4df-bf65932d74be,2025-07-27 23:00:00+00:00,2025-07-27 06:00:00+00:00,NO,0.06239434003829958,0.0810316104393501,0.12,468.73726814995075,468.73726814995075,0.063,0.126,0.063,0.063,0.3,1.0,0.21000000000000002,rolling_liq,0.42,0.42,0.42,0.01,0.22699999999999998,1,11569.471782584878,11569.244782584878
2.0,edge_conditioned,d5b4c575-bc11-412e-893d-9c6ed1889586,2025-07-27 22:00:00+00:00,2025-07-27 12:30:00+00:00,YES,0.1230686521530151,0.17333612979297902,0.2,1002.7037312711705,1002.7037312711705,1257.447,2424.5879999999997,1002.7037312711705,1002.7037312711705,3825.9397454487794,1.0,0.2620803771057702,kelly,8092.399999999999,8382.98,8081.96,51.8,-1054.5037312711704,0,10514.968051313708,11569.471782584878
2.0,edge_conditioned,6adda940-e25a-4b97-9334-bfcbbb00d303,2025-07-28 23:00:00+00:00,2025-07-28 12:30:00+00:00,YES,0.05657753527164458,0.06816570514655974,0.12,358.3801059056731,358.3801059056731,1468.644,2668.5180000000005,358.3801059056731,358.3801059056731,2248.500661910457,1.0,0.15938625768567596,kelly,9784.500000000002,9790.960000000001,8895.060000000001,21.09,-379.47010590567305,0,10135.497945408035,10514.968051313708
2.0,edge_conditioned,7a6fecee-f650-46ac-af8f-8dfc5ff13ae2,2025-07-29 23:30:00+00:00,2025-07-29 05:45:00+00:00,NO,0.11944526433944702,0.15926035245259604,0.2,807.0914875341233,807.0914875341233,849.846,1699.692,807.0914875341233,807.0914875341233,3563.962989278797,1.0,0.2264589980204722,kelly,5665.64,5665.64,5665.64,43.71,2713.161501744674,1,12848.65944715271,10135.497945408035
2.0,edge_conditioned,185c1d82-80ca-427a-bb34-b717e2127e2e,2025-07-30 23:00:00+00:00,2025-07-30 05:30:00+00:00,YES,0.15933475494384763,0.2655579249064127,0.2,1706.0316703075248,1706.0316703075248,82.04100000000001,164.08200000000002,82.04100000000001,82.04100000000001,207.75250000000003,1.0,0.39489777499669076,rolling_liq,546.94,546.94,546.94,3.48,122.23150000000001,1,12970.89094715271,12848.65944715271
2.0,edge_conditioned,c2f7980e-2390-45e9-8977-c6e6d2c1f545,2025-07-31 00:00:00+00:00,2025-07-30 07:00:00+00:00,NO,0.09089968681335447,0.12452011892240339,0.15,807.5684416344905,807.5684416344905,1487.856,2951.4060000000004,807.5684416344905,807.5684416344905,3106.417083209579,1.0,0.25996780857260265,kelly,9916.54,9919.04,9838.020000000002,41.84,-849.4084416344905,0,12121.48250551822,12970.89094715271
2.0,edge_conditioned,e8241b1f-576e-4bcf-b7d0-79606aa78b00,2025-07-31 00:00:00+00:00,2025-07-30 15:30:00+00:00,NO,0.16516225516796124,0.434637513599898,0.2,2634.2255086715504,2424.296501103644,3453.5009999999993,6454.8,2424.296501103644,2424.296501103644,4253.151756322183,1.0,0.5699999999999998,portfolio,21516.0,23023.339999999997,21516.0,72.98,1755.8752552185392,1,13877.357760736759,12121.48250551822
2.0,edge_conditioned,50578d4e-21ed-488c-ac01-1008b9b70e0d,2025-07-31 23:30:00+00:00,2025-07-31 05:45:00+00:00,NO,0.1513962113857269,0.2566037481114015,0.2,1780.4910076439492,1780.4910076439492,2446.8329999999996,4893.665999999999,1780.4910076439492,1780.4910076439492,5101.5171646969975,1.0,0.3490120586019239,kelly,16312.219999999998,16312.219999999998,16312.219999999998,81.14,3239.8861570530485,1,17117.24391778981,13877.357760736759
2.0,edge_conditioned,a1ca524f-e7ce-449f-ab32-66adea0ba523,2025-08-01 23:30:00+00:00,2025-08-01 05:45:00+00:00,NO,0.15966734647750846,0.3894325523841671,0.2,3333.0059943436227,3333.0059943436227,345.92699999999996,691.8539999999999,345.92699999999996,345.92699999999996,591.5372881355931,1.0,0.5847932276429986,rolling_liq,2306.18,2306.18,2306.18,10.06,235.55028813559318,1,17352.794205925402,17117.24391778981
2.0,edge_conditioned,64fb0c10-3ce1-4592-a3f9-65395a9e58af,2025-08-01 23:30:00+00:00,2025-08-01 15:00:00+00:00,YES,0.10673018932342532,0.18089862597190728,0.2,1569.5483143125896,1569.5483143125896,1953.723,3875.7119999999995,1569.5483143125896,1569.5483143125896,4149.021879769972,1.0,0.3782935737132357,kelly,13024.82,13024.82,12919.039999999999,68.31,2511.1635654573824,1,19863.957771382786,17352.794205925402
2.0,edge_conditioned,de06dc94-ceb2-41b8-bde0-f9f91c917d00,2025-08-03 22:00:00+00:00,2025-08-03 06:00:00+00:00,NO,0.07582804679870603,0.10531673166486949,0.15,1046.0035552055099,1046.0035552055099,495.339,854.85,495.339,495.339,2016.9560000000001,1.0,0.24558740993854103,rolling_liq,2887.5800000000004,3302.26,2849.5,26.16,-521.499,0,19342.458771382786,19863.957771382786
2.0,edge_conditioned,1dffe97b-d132-4697-af9f-8b08902da90d,2025-08-03 22:00:00+00:00,2025-08-03 06:00:00+00:00,YES,0.05085827469825738,0.05913752871890393,0.12,571.9326055434324,571.9326055434324,650.604,1226.07,571.9326055434324,571.9326055434324,4587.789273411018,1.0,0.12466409668336856,kelly,4124.6,4337.360000000001,4086.9,35.05,-606.9826055434323,0,18735.476165839355,19342.458771382786
2.0,edge_conditioned,cd325282-98cc-46dd-a9f0-e2d5d887b51f,2025-08-06 00:00:00+00:00,2025-08-05 07:00:00+00:00,YES,0.09239223599433899,0.12318964799245198,0.15,1154.008356920362,1154.008356920362,68.71499999999999,131.73,68.71499999999999,68.71499999999999,286.31249999999994,1.0,0.24000000000000002,rolling_liq,458.09999999999997,458.09999999999997,439.09999999999997,3.66,213.93749999999997,1,18949.413665839355,18735.476165839355
2.0,edge_conditioned,6a9e0ff7-c5b4-4a72-b217-41dc4a8caa4f,2025-08-06 02:00:00+00:00,2025-08-05 07:00:00+00:00,NO,0.3618546456098557,0.6579175374724648,0.2,6233.575787788051,3789.8827331678713,27.974999999999998,55.949999999999996,27.974999999999998,27.974999999999998,63.715909090909086,1.0,0.43905831995719635,rolling_liq,186.5,186.5,186.5,1.1,34.64090909090908,1,18984.054574930262,18949.413665839355
2.0,edge_conditioned,d300ee86-e2e0-4bf4-9247-1d7a3a859e07,2025-08-06 02:00:00+00:00,2025-08-05 07:00:00+00:00,NO,0.08956348419189453,0.10294653355390175,0.15,977.1713056435801,977.1713056435801,111.021,222.042,111.021,111.021,1062.190909090909,1.0,0.10452075898015253,rolling_liq,740.14,740.14,740.14,6.96,-117.981,0,18866.073574930262,18984.054574930262
2.0,edge_conditioned,0934f4d6-98dc-4543-b6bd-c04adfa95bf2,2025-08-08 02:00:00+00:00,2025-08-07 07:00:00+00:00,NO,0.14108287811279296,0.2275530292141822,0.2,2146.5160956765085,2146.5160956765085,604.338,1208.676,604.338,604.338,1678.7166666666667,1.0,0.36,rolling_liq,4028.9199999999996,4028.9199999999996,4028.9199999999996,27.08,-631.418,0,18234.65557493026,18866.073574930262
2.0,edge_conditioned,042c5181-7425-497a-8593-922c0cccfc16,2025-08-08 02:00:00+00:00,2025-08-07 07:00:00+00:00,NO,0.10052478075027471,0.12410466759293173,0.2,1131.5029343991598,1131.5029343991598,356.397,712.794,356.397,356.397,2096.45294117647,1.0,0.17000000000000004,rolling_liq,2375.98,2375.98,2375.98,20.71,-377.10699999999997,0,17857.54857493026,18234.65557493026
2.0,edge_conditioned,25596e43-21b0-4411-b093-a5ca0b6480d6,2025-08-09 02:00:00+00:00,2025-08-08 07:30:00+00:00,YES,0.13616769552230834,0.2778932561679762,0.2,2481.246160332587,2481.246160332587,682.281,1359.564,682.281,682.281,1392.4102040816329,1.0,0.4899999999999999,rolling_liq,4548.54,4548.54,4531.88,24.36,685.7692040816329,1,18543.317779011893,17857.54857493026
2.0,edge_conditioned,3a283716-466b-440c-a344-5994da2e16aa,2025-08-10 00:30:00+00:00,2025-08-09 13:15:00+00:00,YES,0.124353095293045,0.1943017113953828,0.2,1801.4991897052198,1801.4991897052198,6790.163999999999,13244.663999999999,1801.4991897052198,1801.4991897052198,5242.283399157771,1.0,0.343647806220215,kelly,45267.759999999995,45267.759999999995,44148.88,82.77,3358.0142094525513,1,21901.331988464444,18543.317779011893
2.0,edge_conditioned,2de72b4c-3c39-42c4-8321-18efac227563,2025-08-10 16:30:00+00:00,2025-08-10 02:30:00+00:00,NO,0.28335612535476684,0.4570260086367207,0.2,5004.739171257819,4380.266397692889,849.3959999999998,1681.4759999999999,849.3959999999998,849.3959999999998,2295.6648648648643,1.0,0.37000000000000005,rolling_liq,5662.639999999999,5662.639999999999,5604.92,37.46,1408.8088648648645,1,23310.140853329307,21901.331988464444
2.0,edge_conditioned,56ef45bc-fa3c-47bb-926c-8b9f8433bdb6,2025-08-10 20:00:00+00:00,2025-08-10 04:30:00+00:00,NO,0.146348443031311,0.24804820852764578,0.2,2891.019339597711,2891.019339597711,3073.0499999999997,6145.398,2891.019339597711,2891.019339597711,7357.898348994278,1.0,0.3929137373843814,kelly,20487.0,20487.0,20484.66,122.86,4344.0190093965675,1,27654.159862725875,23310.140853329307
2.0,edge_conditioned,2eb1473f-e48b-4a13-bb64-bb3604b03c6d,2025-08-10 22:00:00+00:00,2025-08-10 12:00:00+00:00,NO,0.13645145893096922,0.22741909821828205,0.2,3144.5420489826647,3144.5420489826647,6182.663999999999,12364.625999999998,3144.5420489826647,3144.5420489826647,8810.839024951847,1.0,0.3568947338701209,kelly,41215.42,41217.759999999995,41215.42,141.56,5524.736975969182,1,33178.89683869506,27654.159862725875
2.0,edge_conditioned,4b134f76-aff1-49fb-b585-3e9073eb44c2,2025-08-14 02:00:00+00:00,2025-08-13 08:00:00+00:00,NO,0.21488385438919066,0.4385384783452871,0.2,7275.111466408293,6635.779367739012,2507.1929999999998,5002.986,2507.1929999999998,2507.1929999999998,5991.221428571427,1.0,0.41847777283668613,rolling_liq,16676.62,16714.62,16676.62,102.06,3381.9684285714275,1,36560.86526726648,33178.89683869506
2.0,edge_conditioned,74f4d3c6-f105-49b3-bb25-ee57ac47d235,2025-08-13 23:30:00+00:00,2025-08-13 11:45:00+00:00,NO,0.12422191977500918,0.2343809807075645,0.2,4284.585728429525,4284.585728429525,2871.7530000000006,3752.8679999999995,2871.7530000000006,2871.7530000000006,6381.673333333335,1.0,0.44999999999999996,rolling_liq,12509.56,19145.020000000004,12509.56,110.57,3399.350333333334,1,39960.21560059982,36560.86526726648
2.0,edge_conditioned,fdec04dc-4b3e-4713-8640-3988c3e4f01f,2025-08-16 02:00:00+00:00,2025-08-15 07:15:00+00:00,NO,0.13219804048538208,0.20983815950060647,0.2,4192.589047438644,4192.589047438644,187.08599999999998,374.17199999999997,187.08599999999998,187.08599999999998,519.6833333333333,1.0,0.36,rolling_liq,1247.24,1247.24,1247.24,8.39,324.2073333333333,1,40284.42293393315,39960.21560059982
2.0,edge_conditioned,f69e50f9-fa32-4c94-9a1b-f8a270e47e4c,2025-08-16 02:00:00+00:00,2025-08-15 16:45:00+00:00,YES,0.15301872491836543,0.340041610929701,0.2,6849.19003491401,6849.19003491401,1393.776,2787.552,1393.776,1393.776,2584.3999999999996,1.0,0.5393035133880205,rolling_liq,9291.84,9291.84,9291.84,44.95,-1438.726,0,38845.69693393315,40284.42293393315
2.0,edge_conditioned,673f7bf8-4cb2-4836-9dec-4131b50da342,2025-08-16 18:00:00+00:00,2025-08-16 03:15:00+00:00,YES,0.29983103513717646,0.6814341707663102,0.2,13235.392639007066,7769.13938678663,4528.173,9056.346,4528.173,4528.173,8481.172222222223,1.0,0.5339088608689443,rolling_liq,30187.82,30187.82,30187.82,147.74,3805.259222222224,1,42650.95615615537,38845.69693393315
2.0,edge_conditioned,3495c00d-950e-4e49-87e6-3a022d1d9c1b,2025-08-17 19:00:00+00:00,2025-08-17 03:45:00+00:00,YES,0.1182247066497803,0.20038085872844116,0.2,4273.217610079753,4273.217610079753,472.3379999999999,941.232,472.3379999999999,472.3379999999999,1165.751219512195,1.0,0.4051790743119688,rolling_liq,3148.9199999999996,3148.9199999999996,3137.44,19.67,673.743219512195,1,43324.699375667566,42650.95615615537
2.0,edge_conditioned,b233aa62-25a1-489f-9f1a-ad31d9a6a7c2,2025-08-17 22:00:00+00:00,2025-08-17 10:45:00+00:00,NO,0.13120973110198975,0.2624194622039795,0.2,5684.622155155885,5684.622155155885,2070.216,4135.139999999999,2070.216,2070.216,4600.4800000000005,1.0,0.44999999999999996,rolling_liq,13801.44,13801.44,13783.8,79.71,2450.5540000000005,1,45775.25337566757,43324.699375667566
2.0,edge_conditioned,b6df91b4-c8f5-45f8-bebf-c6845d61912b,2025-08-19 23:00:00+00:00,2025-08-19 05:30:00+00:00,NO,0.2621755397319794,0.5140696857489792,0.2,11765.835058954663,9155.050675133514,1960.065,3920.13,1960.065,1960.065,4688.154761904762,1.0,0.418088800294562,rolling_liq,13067.1,13067.1,13067.1,79.85,-2039.915,0,43735.33837566757,45775.25337566757
2.0,edge_conditioned,2cc91c72-9797-403a-adc1-51f134d84117,2025-08-20 02:00:00+00:00,2025-08-19 07:00:00+00:00,YES,0.09672302126884458,0.13433752954006192,0.15,2937.648655492923,2937.648655492923,150.95700000000002,301.91400000000004,150.95700000000002,150.95700000000002,574.1370370370371,1.0,0.26292851751743357,rolling_liq,1006.3800000000001,1006.3800000000001,1006.3800000000001,7.79,-158.747,0,43576.591375667565,43735.33837566757
2.0,edge_conditioned,a1382913-f5c5-4721-9dee-4195779e9b68,2025-08-23 20:00:00+00:00,2025-08-23 04:00:00+00:00,NO,0.19466778397560125,0.34762104281357364,0.2,7574.070068135269,7574.070068135269,650.25,1300.5,650.25,650.25,1548.2142857142858,1.0,0.42,rolling_liq,4335.0,4335.0,4335.0,26.41,871.5542857142858,1,44448.14566138185,43576.591375667565
2.0,edge_conditioned,bb8576ec-3270-4ee6-9d85-f37e6e502af7,2025-08-24 19:00:00+00:00,2025-08-24 03:45:00+00:00,YES,0.1296231734752655,0.16618355573751986,0.2,3693.275445973826,3693.275445973826,543.273,1029.1260000000002,543.273,543.273,2546.6045454545456,1.0,0.21333229808675724,rolling_liq,3621.82,3621.82,3430.4200000000005,29.92,-573.193,0,43874.95266138185,44448.14566138185
2.0,edge_conditioned,0962940f-0261-4fce-b716-3a16393d43b7,2025-08-24 20:00:00+00:00,2025-08-24 05:45:00+00:00,NO,0.17109873175621026,0.39790402734002395,0.2,8729.01018165837,8729.01018165837,1808.4599999999998,3431.1720000000005,1808.4599999999998,1808.4599999999998,3552.313725490196,1.0,0.5090935485295416,rolling_liq,11437.240000000002,12056.4,11437.240000000002,62.15,1681.703725490196,1,45556.65638687205,43874.95266138185
2.0,edge_conditioned,ab22cb38-adf5-49e7-8d94-af37949f1527,2025-08-26 23:00:00+00:00,2025-08-26 06:00:00+00:00,YES,0.11368976593017577,0.18637666545930454,0.2,4245.3488534302705,4245.3488534302705,970.1759999999998,1921.6319999999998,970.1759999999998,970.1759999999998,2565.673684210526,1.0,0.37813694156454236,rolling_liq,6405.44,6467.839999999999,6405.44,42.24,1553.2576842105261,1,47109.914071082574,45556.65638687205
2.0,edge_conditioned,467aedcd-fa42-4992-9a69-fce47d1ece15,2025-08-28 00:00:00+00:00,2025-08-27 16:00:00+00:00,NO,0.15859810590744017,0.33041272064050037,0.2,7782.857438683292,7782.857438683292,1543.203,2728.23,1543.203,1543.203,3036.045098039215,1.0,0.5082938329857665,rolling_liq,10288.02,10288.02,9094.1,53.12,1439.7220980392153,1,48549.63616912179,47109.914071082574
2.0,edge_conditioned,6d17df9c-9585-4b14-b1ab-7334c0443b45,2025-08-30 02:00:00+00:00,2025-08-29 07:15:00+00:00,NO,0.14991149187088015,0.28285187145449087,0.2,6866.177724435369,6866.177724435369,1827.945,3647.52,1827.945,1827.945,4248.465909090909,1.0,0.43026001364128763,rolling_liq,12186.3,12186.3,12158.4,72.91,2347.6109090909094,1,50897.2470782127,48549.63616912179
2.0,edge_conditioned,eef5e74b-cdc8-45c9-b34e-c80089a44b6d,2025-09-01 00:00:00+00:00,2025-08-31 06:00:00+00:00,NO,0.12026148080825805,0.1625155146057541,0.2,4135.796150465976,4135.796150465976,717.4290000000001,1434.8580000000002,717.4290000000001,717.4290000000001,3354.13181818182,1.0,0.21389409805274082,rolling_liq,4782.860000000001,4782.860000000001,4782.860000000001,39.48,-756.9090000000001,0,50140.3380782127,50897.2470782127
2.0,edge_conditioned,2f5baf0d-dd06-464d-95dd-177924f443c9,2025-09-04 00:00:00+00:00,2025-09-03 06:00:00+00:00,NO,0.20699598312377931,0.3980691983149602,0.2,9979.6620910176,9979.6620910176,748.1460000000001,1496.2920000000001,748.1460000000001,748.1460000000001,1667.4355555555555,1.0,0.44868060867919607,rolling_liq,4987.64,4987.64,4987.64,28.88,-777.0260000000001,0,49363.3120782127,50140.3380782127
2.0,edge_conditioned,b69d86fb-d73a-4b99-bec9-88e73e7ce25b,2025-09-05 02:00:00+00:00,2025-09-04 12:45:00+00:00,NO,0.05718323230743405,0.06807527655646911,0.12,1680.2105607338108,1680.2105607338108,211.02899999999997,417.28800000000007,211.02899999999997,211.02899999999997,1507.3499999999997,1.0,0.14,rolling_liq,1390.9600000000003,1406.86,1390.9600000000003,12.71,-223.73899999999998,0,49139.5730782127,49363.3120782127
2.0,edge_conditioned,f9c188c7-35cd-436c-8d11-7f1b0131ba33,2025-09-05 23:30:00+00:00,2025-09-05 10:30:00+00:00,NO,0.06474714040756224,0.07528737256693284,0.12,1849.7946730597112,1849.7946730597112,339.585,670.854,339.585,339.585,2612.192307692307,1.0,0.13,rolling_liq,2236.1800000000003,2263.9,2236.1800000000003,20.69,-360.275,0,48779.2980782127,49139.5730782127
2.0,edge_conditioned,e9ff9be0-15cb-4e16-86a5-89be878b6745,2025-09-10 02:00:00+00:00,2025-09-09 07:00:00+00:00,NO,0.2139049685001373,0.30127460352132013,0.2,7347.981844280912,7347.981844280912,1800.825,3601.65,1800.825,1800.825,6859.574074074075,1.0,0.2625272328213878,rolling_liq,12005.5,12005.5,12005.5,92.97,-1893.795,0,46885.5030782127,48779.2980782127
2.0,edge_conditioned,31d89653-50a1-4688-b507-15c8e12dad33,2025-09-09 23:30:00+00:00,2025-09-09 12:30:00+00:00,NO,0.16207829356193537,0.3683597580953077,0.2,8635.366286033617,8635.366286033617,1661.1899999999998,3286.8120000000004,1661.1899999999998,1661.1899999999998,3133.796296296296,1.0,0.5300886984783572,rolling_liq,10956.04,11074.599999999999,10956.04,54.65,-1715.84,0,45169.6630782127,46885.5030782127
2.0,edge_conditioned,93a98ff0-ed90-4c11-8f56-dfd70e55ed58,2025-09-12 00:00:00+00:00,2025-09-11 07:00:00+00:00,NO,0.1892402425408365,0.6308008084694549,0.2,14246.529994014729,9033.932615642541,545.6610000000001,1035.882,545.6610000000001,545.6610000000001,819.0164179104479,1.0,0.6662393916255573,rolling_liq,3637.7400000000002,3637.7400000000002,3452.9400000000005,12.75,-558.4110000000001,0,44611.2520782127,45169.6630782127
2.0,edge_conditioned,2fb00c07-3995-4420-aa53-e0b95160a91a,2025-09-18 02:00:00+00:00,2025-09-17 16:15:00+00:00,YES,0.07049068570137018,0.08702553790292615,0.12,1941.1591043147464,1941.1591043147464,1287.825,2557.9799999999996,1287.825,1287.825,8093.15625,1.0,0.1591251867897645,rolling_liq,8538.380000000001,8585.5,8526.599999999999,75.81,-1363.635,0,43247.6170782127,44611.2520782127
2.0,edge_conditioned,30981dda-706d-44fc-9eb4-b6f8c5a3e874,2025-09-24 01:30:00+00:00,2025-09-22 23:30:00+00:00,NO,0.11262015342712406,0.14255715623686588,0.2,3082.6286523454587,3082.6286523454587,751.8599999999999,1502.3999999999999,751.8599999999999,751.8599999999999,3759.3,1.0,0.19999999999999996,rolling_liq,5012.4,5012.4,5008.0,42.11,-793.9699999999999,0,42453.6470782127,43247.6170782127
2.0,edge_conditioned,fb31c505-de82-4d70-a8a2-a91dbaacd1ee,2025-09-29 00:00:00+00:00,2025-09-28 02:30:00+00:00,NO,0.18119778752326965,0.29225449600527365,0.2,6203.634615214405,6203.634615214405,6091.400999999999,12179.561999999998,6091.400999999999,6091.400999999999,17405.945714285714,1.0,0.34996093288976293,rolling_liq,40598.53999999999,40609.34,40598.53999999999,277.18,-6368.580999999999,0,36085.0660782127,42453.6470782127
2.0,edge_conditioned,fc11987d-5051-4621-94f9-17a356691802,2025-10-01 01:30:00+00:00,2025-09-30 01:15:00+00:00,NO,0.06506288051605225,0.08675050735473633,0.12,1565.1988951070687,1565.1988951070687,4034.3160000000003,7766.3820000000005,1565.1988951070687,1565.1988951070687,7114.540432304858,1.0,0.22,kelly,26888.94,26895.440000000002,25887.940000000002,85.46,-1650.6588951070687,0,34434.407183105635,36085.0660782127
2.0,edge_conditioned,4a8a3c5a-81ad-462c-b4cb-3300d1eea8c3,2025-10-09 00:00:00+00:00,2025-10-07 11:00:00+00:00,NO,0.16387164235115048,0.2777485463578822,0.2,4782.053269901504,4782.053269901504,16264.304999999998,32528.609999999997,4782.053269901504,4782.053269901504,13036.5764051392,1.0,0.36681818303280544,kelly,108428.7,108428.7,108428.7,211.96,8042.563135237696,1,42476.97031834333,34434.407183105635
3.0,static_12,d1bd5e4c-1d9e-47c6-b24e-52544a1a2c13,2025-05-22 23:30:00+00:00,2025-05-22 13:00:00+00:00,YES,0.18705255270004273,0.2969088138095916,0.12,742.2720345239791,600.0,478.53000000000003,933.696,478.53000000000003,478.53000000000003,1375.2857142857144,1.0,0.3479495169834839,rolling_liq,3112.32,3190.2000000000003,3112.32,21.85,-500.38000000000005,0,4499.62,5000.0
3.0,static_12,b8786c5b-6a05-49e0-9ba2-0bc7db3e8a60,2025-05-24 02:00:00+00:00,2025-05-23 12:30:00+00:00,NO,0.08980293750762935,0.10819631025015586,0.12,243.42114076390314,243.42114076390314,393.5565000000001,787.1130000000002,243.42114076390314,243.42114076390314,2680.8114076390316,1.0,0.09080129250057248,kelly,2623.7100000000005,2623.7100000000005,2623.7100000000005,15.5,-258.92114076390317,0,4240.698859236097,4499.62
3.0,static_12,a35a38a3-fdb6-40a3-86f1-842d77ac32bf,2025-05-24 02:00:00+00:00,2025-05-23 12:30:00+00:00,NO,0.32377356052398687,0.3997204450913418,0.12,847.547017756099,508.8838631083316,114.27300000000001,228.54600000000002,114.27300000000001,114.27300000000001,714.2062500000001,1.0,0.16,rolling_liq,761.82,761.82,761.82,6.72,593.21325,1,4833.9121092360965,4240.698859236097
3.0,static_12,92c4a40c-74f4-4a28-be37-18237fca81a5,2025-05-23 23:30:00+00:00,2025-05-23 12:30:00+00:00,NO,0.09931676149368285,0.11548460638800331,0.12,279.12121862466677,279.12121862466677,173.49749999999997,346.99499999999995,173.49749999999997,173.49749999999997,2168.7187499999995,1.0,0.08,rolling_liq,1156.6499999999999,1156.6499999999999,1156.6499999999999,11.18,-184.67749999999998,0,4649.234609236097,4833.9121092360965
3.0,static_12,10582ee6-a493-4e18-9878-6203b5e8065d,2025-05-24 02:00:00+00:00,2025-05-23 12:30:00+00:00,NO,0.08664486169815067,0.13128009348204644,0.12,305.1759770602402,305.1759770602402,457.4789999999999,914.9579999999999,305.1759770602402,305.1759770602402,1018.5532568674674,1.0,0.2996171039684273,kelly,3049.8599999999997,3049.8599999999997,3049.8599999999997,14.97,-320.1459770602402,0,4329.088632175856,4649.234609236097
3.0,static_12,b0d98920-a05f-481d-9dea-7046f3e6fc33,2025-05-25 19:00:00+00:00,2025-05-25 05:00:00+00:00,NO,0.19932658433914185,0.26227182149887085,0.12,567.6989804954086,519.4906358611028,440.307,880.614,440.307,440.307,2201.535,1.0,0.2,rolling_liq,2935.38,2935.38,2935.38,24.66,-464.96700000000004,0,3864.121632175856,4329.088632175856
3.0,static_12,bbd4ae77-444a-4dfe-ad87-70233844aa1d,2025-05-25 22:00:00+00:00,2025-05-25 14:00:00+00:00,NO,0.1071816420555115,0.1623964273568356,0.12,313.7597739688117,313.7597739688117,164.74500000000003,329.49000000000007,164.74500000000003,164.74500000000003,510.0454545454547,1.0,0.32300062383031813,rolling_liq,1098.3000000000002,1098.3000000000002,1098.3000000000002,7.81,-172.55500000000004,0,3691.5666321758563,3864.121632175856
3.0,static_12,5f3d74e1-8cdd-4616-aedf-f1e90dc75db0,2025-05-27 23:00:00+00:00,2025-05-27 05:45:00+00:00,NO,0.0740113401412964,0.08315880914752405,0.12,153.49314251024006,153.49314251024006,205.28099999999998,410.56199999999995,153.49314251024006,153.49314251024006,2212.902035860572,1.0,0.0693628276457111,kelly,1368.54,1368.54,1368.54,10.0,-163.49314251024006,0,3528.0734896656163,3691.5666321758563
3.0,static_12,8a594783-4b88-43cd-b381-a8660e3a0766,2025-05-27 23:00:00+00:00,2025-05-27 13:00:00+00:00,YES,0.3129020285606384,0.5046806912268361,0.12,890.2752837317596,423.36881875987393,725.9085,1434.7169999999999,423.36881875987393,423.36881875987393,1144.2400507023622,1.0,0.36999999999999994,portfolio,4782.389999999999,4839.39,4782.389999999999,18.68,-442.04881875987394,0,3086.0246709057424,3528.0734896656163
3.0,static_12,ee675eed-ef15-494e-a8f4-e0202373e26c,2025-05-28 00:00:00+00:00,2025-05-27 13:00:00+00:00,NO,0.08173902988433834,0.11512539420329344,0.12,177.63990337955624,177.63990337955624,150.16949999999997,300.33899999999994,150.16949999999997,150.16949999999997,600.6779999999999,1.0,0.25,rolling_liq,1001.1299999999999,1001.1299999999999,1001.1299999999999,7.89,-158.05949999999996,0,2927.9651709057425,3086.0246709057424
3.0,static_12,a17fdde4-604b-4197-8c9a-97dc9b78c44e,2025-05-29 23:00:00+00:00,2025-05-29 13:00:00+00:00,NO,0.09309141159057621,0.10118631694627848,0.12,148.13500589546646,148.13500589546646,46.583999999999996,93.16799999999999,46.583999999999996,46.583999999999996,680.9142857142856,1.0,0.06841389728096678,rolling_liq,310.56,310.56,310.56,3.04,-49.623999999999995,0,2878.3411709057427,2927.9651709057425
3.0,static_12,1d299098-034f-480d-af99-bcebd640859e,2025-05-30 23:30:00+00:00,2025-05-30 12:15:00+00:00,NO,0.07657644748687742,0.0900899382198558,0.12,129.65478913128288,129.65478913128288,136.071,160.668,129.65478913128288,129.65478913128288,1020.6522240867914,1.0,0.12703131005008975,kelly,907.1400000000001,907.1400000000001,535.5600000000001,7.93,883.0674349555086,1,3761.408605861251,2878.3411709057427
3.0,static_12,c9d9dbf0-f3e6-4f3f-b2a5-e83fe165023d,2025-06-01 22:00:00+00:00,2025-06-01 05:15:00+00:00,NO,0.14538862824440002,0.23449778749096778,0.12,441.0209979619745,441.0209979619745,727.587,1452.9059999999995,441.0209979619745,441.0209979619745,1260.0599941770702,1.0,0.35,kelly,4850.58,4850.58,4843.019999999999,20.07,798.9689962150957,1,4560.377602076347,3761.408605861251
3.0,static_12,9998a61a-229c-44c2-b892-ee5b1ea16c23,2025-06-02 00:30:00+00:00,2025-06-01 12:15:00+00:00,YES,0.0670652312040329,0.08178686732199134,0.12,186.4894989395996,186.4894989395996,1342.5480000000002,2676.024000000001,186.4894989395996,186.4894989395996,1337.8535638542828,1.0,0.139394552571459,kelly,8950.320000000002,8950.320000000002,8920.080000000004,11.24,-197.7294989395996,0,4362.6481031367475,4560.377602076347
3.0,static_12,272d53ae-a46b-43bc-ac0f-8a846e03a9d1,2025-06-04 00:00:00+00:00,2025-06-03 12:30:00+00:00,NO,0.12299813508987423,0.14819052420466775,0.12,323.251554662167,323.251554662167,325.24649999999997,637.398,323.251554662167,323.251554662167,2505.011958939746,1.0,0.12904192074156173,kelly,2124.6600000000003,2168.31,2124.6600000000003,19.71,-342.961554662167,0,4019.6865484745804,4362.6481031367475
3.0,static_12,f8baaf5b-f1fa-4923-9eec-e85ed7a82142,2025-06-05 23:30:00+00:00,2025-06-05 06:15:00+00:00,YES,0.0730656540393829,0.08496006283649174,0.12,170.75641087070048,170.75641087070048,250.99200000000002,501.98400000000004,170.75641087070048,170.75641087070048,1453.2200905891707,1.0,0.11750209894323144,kelly,1673.2800000000002,1673.2800000000002,1673.2800000000002,10.55,-181.3064108707005,0,3838.38013760388,4019.6865484745804
3.0,static_12,45eb60bf-a1b9-4f49-90cb-62097ff47bbd,2025-06-06 02:00:00+00:00,2025-06-05 13:00:00+00:00,NO,0.1447575712203979,0.20979358147883756,0.12,402.6337580725757,402.6337580725757,1197.018,2360.286,402.6337580725757,402.6337580725757,1430.9095105950885,1.0,0.2813831029085325,kelly,7867.620000000001,7980.12,7867.620000000001,20.26,-422.8937580725757,0,3415.4863795313045,3838.38013760388
3.0,static_12,772cef5b-3110-4eaf-a68b-6eb3cd04f42a,2025-06-06 23:30:00+00:00,2025-06-06 12:15:00+00:00,YES,0.1407347512245178,0.18277240418768548,0.12,312.12832852861504,312.12832852861504,993.465,1986.93,312.12832852861504,312.12832852861504,1734.046269603417,1.0,0.18,kelly,6623.1,6623.1,6623.1,17.92,1403.997941074802,1,4819.484320606107,3415.4863795313045
3.0,static_12,8b0ee0bd-54cf-4be2-a8ba-b16813be20b6,2025-06-07 19:00:00+00:00,2025-06-07 04:30:00+00:00,YES,0.1381078326702118,0.1644140865121569,0.12,396.19555601605805,396.19555601605805,798.6015,1339.299,396.19555601605805,396.19555601605805,2858.7037067737206,1.0,0.13859273176064718,kelly,5285.13,5324.01,4464.33,23.9,2438.6081507576623,1,7258.092471363769,4819.484320606107
3.0,static_12,639e72ff-50dd-401b-a2a8-dd49fdd02b89,2025-06-08 02:00:00+00:00,2025-06-07 12:15:00+00:00,YES,0.13786698698997496,0.20577162237309699,0.12,746.7547315832418,746.7547315832418,698.6475,1377.1350000000002,698.6475,698.6475,2183.2734375,1.0,0.32,rolling_liq,4657.650000000001,4657.650000000001,4590.450000000001,33.26,-731.9075,0,6526.184971363768,7258.092471363769
3.0,static_12,5e1d090c-1c51-494b-8c1f-1f1ba520ee2a,2025-06-10 02:00:00+00:00,2025-06-09 12:30:00+00:00,NO,0.24757077574729924,0.3640746702166165,0.12,1188.0093206109514,783.1421965636522,1389.294,2769.408,783.1421965636522,783.1421965636522,2796.936416298758,1.0,0.27999999999999997,portfolio,9261.960000000001,9261.960000000001,9231.36,39.48,1974.3142197351058,1,8500.499191098874,6526.184971363768
3.0,static_12,4a60d4ef-8d10-4f25-bab6-346332242fd5,2025-06-10 23:30:00+00:00,2025-06-10 12:15:00+00:00,NO,0.12558921575546267,0.19321417808532718,0.12,821.2084822615788,821.2084822615788,797.265,1560.744,797.265,797.265,2415.954545454545,1.0,0.33000000000000007,rolling_liq,5315.1,5315.1,5202.48,37.4,-834.665,0,7665.834191098874,8500.499191098874
3.0,static_12,84da0d09-cdf5-46a5-89eb-d489373ed8ed,2025-06-12 02:00:00+00:00,2025-06-11 13:30:00+00:00,NO,0.11724735021591182,0.1429845734340388,0.12,548.0480159151712,548.0480159151712,5.575499999999999,9.008999999999999,5.575499999999999,5.575499999999999,32.797058823529404,1.0,0.17,rolling_liq,30.029999999999998,37.169999999999995,30.029999999999998,0.33,26.891558823529408,1,7692.725749922403,7665.834191098874
3.0,static_12,c95f06b7-8138-460b-bc1d-e9c9478156eb,2025-06-13 23:30:00+00:00,2025-06-13 06:00:00+00:00,NO,0.07324323654174802,0.08616851357852709,0.12,331.4353716190368,331.4353716190368,752.0849999999999,1497.7439999999995,331.4353716190368,331.4353716190368,2761.96143015864,1.0,0.12000000000000001,kelly,5013.9,5013.9,4992.479999999999,20.42,-351.8553716190368,0,7340.870378303366,7692.725749922403
3.0,static_12,ee13e918-b149-4c1e-8ae9-03cf0618c5d9,2025-06-15 00:30:00+00:00,2025-06-14 06:30:00+00:00,YES,0.22761168122291559,0.30758335300393996,0.12,1128.9647624629254,880.904445396404,5690.9115,11381.823,880.904445396404,880.904445396404,4408.27222698202,1.0,0.1998298653165271,portfolio,37939.41,37939.41,37939.41,49.35,3478.017781585616,1,10818.888159888982,7340.870378303366
3.0,static_12,7162ed3d-7135-4801-b3a8-ba85cbcaa7ea,2025-06-15 22:00:00+00:00,2025-06-15 05:30:00+00:00,YES,0.2125312566757202,0.38642046668312763,0.12,2090.319905868432,1298.2665791866777,3053.9835,6107.967,1298.2665791866777,1298.2665791866777,3675.2127199629936,1.0,0.3532493703384196,portfolio,20359.89,20359.89,20359.89,58.78,-1357.0465791866777,0,9461.841580702305,10818.888159888982
3.0,static_12,acf4a696-dabb-4821-9d7a-7417121d43a8,2025-06-17 23:00:00+00:00,2025-06-17 05:45:00+00:00,NO,0.10341833353042607,0.1124112320982892,0.12,531.8086350027852,531.8086350027852,316.46700000000004,629.721,316.46700000000004,316.46700000000004,4522.242857142857,1.0,0.06998009837090952,rolling_liq,2109.78,2109.78,2099.07,20.61,-337.07700000000006,0,9124.764580702305,9461.841580702305
3.0,static_12,f992552a-94d9-40c8-aa4b-fa5c7bf321fd,2025-06-18 00:00:00+00:00,2025-06-17 06:15:00+00:00,NO,0.2464600276947021,0.4323860134994774,0.12,1972.7102905855502,1094.9717496842766,3961.3724999999995,7922.744999999999,1094.9717496842766,1094.9717496842766,2737.429374210691,1.0,0.4,portfolio,26409.149999999998,26409.149999999998,26409.149999999998,45.99,-1140.9617496842766,0,7983.802831018029,9124.764580702305
3.0,static_12,326d833a-4a17-4fec-882e-c3699065a0ed,2025-06-18 00:00:00+00:00,2025-06-17 07:00:00+00:00,NO,0.11250839233398435,0.13236281451056983,0.12,528.3793066055008,528.3793066055008,111.14099999999999,222.28199999999998,111.14099999999999,111.14099999999999,926.925,1.0,0.11990290476575774,rolling_liq,740.9399999999999,740.9399999999999,740.9399999999999,6.85,-117.99099999999999,0,7865.811831018029,7983.802831018029
3.0,static_12,4f5eef0b-7151-49c4-bc34-46d08d1e5ca1,2025-06-18 02:00:00+00:00,2025-06-17 12:30:00+00:00,YES,0.15919422030448907,0.20674574065518062,0.12,813.1115464290524,813.1115464290524,380.0294999999999,652.842,380.0294999999999,380.0294999999999,1652.9543478260866,1.0,0.22990925339214766,rolling_liq,2508.6899999999996,2533.5299999999997,2176.14,20.49,-400.51949999999994,0,7465.292331018029,7865.811831018029
3.0,static_12,42f7582e-79b3-4a78-88ba-0245ebd00b6b,2025-06-18 23:00:00+00:00,2025-06-18 06:15:00+00:00,YES,0.2191847121715545,0.2548659443855285,0.12,951.3243900294767,895.8350797221634,2783.2140000000004,5549.039999999998,895.8350797221634,895.8350797221634,8958.350797221634,1.0,0.1,portfolio,18552.239999999998,18554.760000000002,18496.799999999996,56.44,-952.2750797221634,0,6513.017251295865,7465.292331018029
3.0,static_12,57909126-867a-49a0-bc68-8c65ff35b9dd,2025-06-20 02:00:00+00:00,2025-06-19 13:45:00+00:00,YES,0.23086082577705377,0.2748343164012545,0.12,895.0003219847383,781.5620701555038,141.804,283.464,141.804,141.804,911.7750000000001,1.0,0.1555252118121247,rolling_liq,944.88,945.36,944.88,8.39,761.5810000000001,1,7274.598251295865,6513.017251295865
3.0,static_12,5cc2b6cf-49a3-4f54-a14e-88d92bf3ac7a,2025-06-20 23:30:00+00:00,2025-06-20 06:00:00+00:00,YES,0.19484763860702514,0.31427038485004055,0.12,1143.095396032092,872.9517901555038,1229.9624999999999,2459.9249999999997,872.9517901555038,872.9517901555039,2498.6908290157253,1.0000000000000002,0.3493636667724008,portfolio,8199.75,8199.75,8199.75,39.76,-912.7117901555039,0,6361.8864611403615,7274.598251295865
3.0,static_12,36996288-3356-4ce9-b751-b31f6890cd69,2025-06-22 19:00:00+00:00,2025-06-22 07:15:00+00:00,YES,0.12237302303314207,0.22661670932063344,0.12,720.8548874475593,720.8548874475593,85.905,167.67,85.905,85.905,186.75,1.0,0.46,rolling_liq,558.9,572.7,558.9,3.25,97.595,1,6459.481461140362,6361.8864611403615
3.0,static_12,4bfeb202-768f-487c-a416-9c9a314242a6,2025-06-25 00:00:00+00:00,2025-06-24 06:15:00+00:00,YES,0.08991959929466248,0.13031825984733694,0.12,420.89419176597266,420.89419176597266,2.0925,4.185,2.0925,2.0925,6.749999999999999,1.0,0.31,rolling_liq,13.95,13.95,13.95,0.11,4.5474999999999985,1,6464.028961140361,6459.481461140362
3.0,static_12,e6fdfe56-f4ef-4bab-8f24-19a99adb7f6f,2025-06-26 02:00:00+00:00,2025-06-25 12:15:00+00:00,NO,0.07732540607452387,0.08226107029204668,0.12,265.8689703710964,265.8689703710964,267.12,534.24,265.8689703710964,265.8689703710964,5317.379407421928,1.0,0.05,kelly,1780.8000000000002,1780.8000000000002,1780.8000000000002,17.69,-283.5589703710964,0,6180.469990769265,6464.028961140361
3.0,static_12,1c528f37-bdd0-449a-99b5-7a8d174e4243,2025-06-26 02:00:00+00:00,2025-06-25 15:45:00+00:00,YES,0.0853763997554779,0.10672049969434737,0.12,329.7914228804072,329.7914228804072,481.4325,956.925,329.7914228804072,329.7914228804072,1657.2071144020358,1.0,0.1990043489521252,kelly,3209.55,3209.55,3189.75,18.5,-348.2914228804072,0,5832.178567888857,6180.469990769265
3.0,static_12,fd8a85e4-5aac-47f6-b278-e1f1fa69b82d,2025-06-27 02:00:00+00:00,2025-06-26 12:15:00+00:00,NO,0.08030236721038819,0.10566100948735288,0.12,308.11693749682036,308.11693749682036,2897.6355,5783.472000000001,308.11693749682036,308.11693749682036,1540.5846874841018,1.0,0.2,kelly,19317.57,19317.57,19278.24,17.26,1215.2077499872814,1,7047.3863178761385,5832.178567888857
3.0,static_12,4e456309-00d3-4582-8f89-1c9049054791,2025-06-27 23:30:00+00:00,2025-06-27 12:30:00+00:00,NO,0.12750528216362,0.2500103571835686,0.12,880.9597852714039,845.6863581451366,2527.353,5054.706,845.6863581451366,845.6863581451366,1838.4486046633406,1.0,0.45999999999999996,portfolio,16849.02,16849.02,16849.02,31.97,960.7922465182039,1,8008.178564394342,7047.3863178761385
3.0,static_12,f2a059a9-b803-4538-b746-3868679fa790,2025-06-28 02:00:00+00:00,2025-06-27 12:45:00+00:00,NO,0.05228370666503901,0.055620964537275545,0.12,222.71130796917396,222.71130796917396,327.17249999999984,654.3449999999997,222.71130796917396,222.71130796917396,4454.226159383479,1.0,0.05,kelly,2181.149999999999,2181.149999999999,2181.149999999999,14.82,-237.53130796917395,0,7770.647256425168,8008.178564394342
3.0,static_12,02291b17-b5ee-4973-b184-51149f2c1817,2025-06-28 02:00:00+00:00,2025-06-27 14:00:00+00:00,NO,0.14177390813827517,0.26749793988353804,0.12,1039.3160663276997,932.4776707710201,2693.8485,5344.128000000001,932.4776707710201,932.4776707710201,2029.4079799370002,1.0,0.45948260773073707,portfolio,17958.99,17958.99,17813.760000000002,35.29,-967.7676707710201,0,6802.879585654148,7770.647256425168
3.0,static_12,8a325ea5-03e5-4940-bb7a-2eb4c8b2b077,2025-06-29 20:00:00+00:00,2025-06-29 04:30:00+00:00,NO,0.19611328840255737,0.26148438453674316,0.12,889.4233907661746,816.3455502784977,1150.6634999999999,2300.2470000000003,816.3455502784977,816.3455502784977,3407.689792827074,1.0,0.23955981908824053,portfolio,7667.490000000001,7671.09,7667.490000000001,43.46,2547.8842425485764,1,9350.763828202726,6802.879585654148
3.0,static_12,475cc53b-e563-4217-a5dc-930581369bab,2025-06-29 22:00:00+00:00,2025-06-29 05:30:00+00:00,NO,0.07646610498428341,0.10769873941448369,0.12,503.5327384299926,503.5327384299926,377.87399999999997,671.814,377.87399999999997,377.87399999999997,1352.255172413793,1.0,0.27943986291099926,rolling_liq,2320.3799999999997,2519.16,2239.38,19.06,955.321172413793,1,10306.085000616518,9350.763828202726
3.0,static_12,01384c8c-e038-4abe-b80a-901c44d112ce,2025-07-03 23:00:00+00:00,2025-07-03 05:45:00+00:00,YES,0.14452980518341063,0.23693410685805022,0.12,1220.9315224121115,1220.9315224121115,14553.724500000002,28898.603999999996,1220.9315224121115,1220.9315224121115,3488.3757783203187,1.0,0.35,kelly,97024.83000000002,97024.83000000002,96328.68,55.56,2211.8842559082073,1,12517.969256524726,10306.085000616518
3.0,static_12,21815dfe-7533-4983-9fc4-01b7e5798634,2025-07-03 23:30:00+00:00,2025-07-03 12:15:00+00:00,YES,0.12719794988632205,0.23999613186098498,0.12,1502.1321001603321,1502.1321001603321,384.93,762.246,384.93,384.93,819.0,1.0,0.47000000000000003,rolling_liq,2566.2000000000003,2566.2000000000003,2540.82,14.29,-399.22,0,12118.749256524727,12517.969256524726
3.0,static_12,a4d71aea-7129-4510-a0c0-686300cd53cf,2025-07-07 23:30:00+00:00,2025-07-07 12:30:00+00:00,NO,0.09287727117538447,0.13460474083389054,0.12,815.6205514527072,815.6205514527072,1753.038,3430.7010000000005,815.6205514527072,815.6205514527071,3140.6944286642583,0.9999999999999999,0.25969433511543233,kelly,11435.670000000002,11686.92,11435.670000000002,42.27,-857.8905514527071,0,11260.85870507202,12118.749256524727
3.0,static_12,66b295b9-ed48-41fe-8fd7-4cca0813f9f5,2025-07-08 15:30:00+00:00,2025-07-08 04:45:00+00:00,NO,0.07585252523422237,0.10836075033460339,0.12,610.1175493467772,610.1175493467772,1738.602,3003.291,610.1175493467772,610.1175493467772,2251.205533381347,1.0,0.2710181457445029,kelly,10193.759999999998,11590.68,10010.970000000001,31.14,-641.2575493467772,0,10619.601155725242,11260.85870507202
3.0,static_12,cba5ede2-0a93-430c-aa0b-4c48363996d9,2025-07-09 15:00:00+00:00,2025-07-09 01:30:00+00:00,YES,0.0751177150011062,0.08077173656032925,0.12,428.88181346300365,428.88181346300365,229.69350000000006,459.3870000000001,229.69350000000006,229.69350000000006,3287.764285714286,1.0,0.06986312887394171,rolling_liq,1531.2900000000004,1531.2900000000004,1531.2900000000004,14.96,3043.110785714286,1,13662.711941439527,10619.601155725242
3.0,static_12,473b6ccd-bea1-4377-b656-99e755056013,2025-07-09 16:00:00+00:00,2025-07-09 02:00:00+00:00,NO,0.21722968339920046,0.28211647194701356,0.12,1927.2380450736257,1639.5254329727431,76.032,152.064,76.032,76.032,345.6,1.0,0.21999999999999997,rolling_liq,506.88,506.88,506.88,4.16,265.408,1,13928.119941439527,13662.711941439527
3.0,static_12,e3e04e5c-30b5-4cd3-bef5-9e4a16bf0e89,2025-07-10 19:00:00+00:00,2025-07-10 04:45:00+00:00,NO,0.176479022204876,0.5882634073495866,0.12,4096.70164736247,1671.3743929727432,897.0659999999999,1481.994,897.0659999999999,897.0659999999999,1319.2147058823525,1.0,0.6800000000000002,rolling_liq,5395.679999999999,5980.44,4939.98,20.1,402.0487058823526,1,14330.16864732188,13928.119941439527
3.0,static_12,9bb7fd31-2faf-4602-bf65-4532dd75baba,2025-07-13 22:00:00+00:00,2025-07-13 05:15:00+00:00,NO,0.0949998521804809,0.13768094518910276,0.12,986.4955820412613,986.4955820412613,1444.7025,2791.269,986.4955820412613,986.4955820412613,3653.6873408935608,1.0,0.26999999999999996,kelly,9631.35,9631.35,9304.23,50.41,2616.7817588522994,1,16946.95040617418,14330.16864732188
3.0,static_12,1dc8a33e-b81b-4a0d-91bf-0109943d729e,2025-07-13 22:00:00+00:00,2025-07-13 06:00:00+00:00,NO,0.2283735346794128,0.27850431058464975,0.12,2359.899369691895,2033.6340487409013,3720.7484999999997,7403.247,2033.6340487409013,2033.6340487409013,13779.960324939342,1.0,0.14757909317491835,portfolio,24804.989999999998,24804.989999999998,24677.49,121.35,-2154.9840487409015,0,14791.966357433277,16946.95040617418
3.0,static_12,333e71e9-d362-4003-836b-7d936322e7d2,2025-07-16 00:00:00+00:00,2025-07-15 06:00:00+00:00,YES,0.06468308866024008,0.07187009851137786,0.12,531.5500396428585,531.5500396428585,898.695,1797.39,531.5500396428585,531.5500396428585,5315.500396428584,1.0,0.1,kelly,5991.3,5991.3,5991.3,33.49,-565.0400396428585,0,14226.92631779042,14791.966357433277
3.0,static_12,e380b602-7a50-4ce9-99e7-63c43f11724e,2025-07-16 02:00:00+00:00,2025-07-15 13:30:00+00:00,NO,0.21980795383453366,0.4676764975202844,0.12,3326.79953539169,1707.2311581348504,3460.1715,6429.303000000001,1707.2311581348504,1707.2311581348504,3558.3565794476053,1.0,0.4797807976849467,portfolio,21431.010000000002,23067.81,21431.010000000002,62.17,-1769.4011581348504,0,12457.525159655568,14226.92631779042
3.0,static_12,83fc47a0-fbb1-4f04-8af2-94e9a1fd566e,2025-07-16 17:00:00+00:00,2025-07-16 04:15:00+00:00,NO,0.1946576309204101,0.23738735478098796,0.12,1478.62947238412,1478.62947238412,112.527,225.054,112.527,112.527,682.570588235294,1.0,0.16485767470720547,rolling_liq,750.1800000000001,750.1800000000001,750.1800000000001,6.58,-119.107,0,12338.418159655568,12457.525159655568
3.0,static_12,5e64c14b-9cf3-45d2-bd9d-f0af702d801f,2025-07-16 19:00:00+00:00,2025-07-16 07:00:00+00:00,NO,0.1349456548690796,0.207608699798584,0.12,1280.7814758486652,1280.7814758486652,6024.6675,11962.818,1280.7814758486652,1280.7814758486652,4213.327341447307,1.0,0.30398337751956106,kelly,39882.18,40164.45,39876.06,62.41,-1343.1914758486653,0,10995.226683806903,12338.418159655568
3.0,static_12,1f15d85b-41ea-4e16-b597-b0e14ee9ba73,2025-07-16 23:30:00+00:00,2025-07-16 07:00:00+00:00,NO,0.10651913166046145,0.13656298930828392,0.12,750.77051203144,750.77051203144,3530.457,7051.1939999999995,750.77051203144,750.77051203144,3753.8525601572,1.0,0.2,kelly,23503.98,23536.38,23503.98,42.05,-792.82051203144,0,10202.406171775463,10995.226683806903
3.0,static_12,32cb5f24-0d87-4645-a3fd-dd1e0fd1a4f6,2025-07-23 00:00:00+00:00,2025-07-22 06:00:00+00:00,NO,0.09330237627029414,0.11378338569548066,0.12,580.4321582325399,580.4321582325399,836.9594999999998,1673.9189999999996,580.4321582325399,580.4321582325399,3228.1231012918884,1.0,0.1798048401562667,kelly,5579.729999999999,5579.729999999999,5579.729999999999,33.33,-613.76215823254,0,9588.644013542924,10202.406171775463
3.0,static_12,17812353-7592-47dc-9fe1-36f6bb0d8b9d,2025-07-24 02:00:00+00:00,2025-07-23 07:00:00+00:00,NO,0.17903590440750117,0.2594723252282626,0.12,1243.9938789900214,1150.6372816251508,1948.8465,3897.693,1150.6372816251508,1150.6372816251508,4576.2203139428875,1.0,0.25143834926814473,portfolio,12992.310000000001,12992.310000000001,12992.310000000001,60.3,3365.283032317737,1,12953.92704586066,9588.644013542924
3.0,static_12,d8bda49f-0b5d-428a-9697-070219652f4a,2025-07-25 00:30:00+00:00,2025-07-24 06:15:00+00:00,YES,0.12289219975471491,0.15755410224963448,0.12,1020.472173158918,1020.472173158918,3399.471,6798.942,1020.472173158918,1020.472173158918,5669.289850882878,1.0,0.18,kelly,22663.14,22663.14,22663.14,58.58,-1079.052173158918,0,11874.874872701743,12953.92704586066
3.0,static_12,4d8cf7bd-df70-42d4-a4fd-14a6fcb736a9,2025-07-24 23:00:00+00:00,2025-07-24 12:45:00+00:00,YES,0.11587374210357665,0.21067953109741208,0.12,1250.896535010622,1250.896535010622,2286.4049999999997,4567.95,1250.896535010622,1250.896535010622,2842.9466704786864,1.0,0.44,kelly,15226.5,15242.699999999999,15226.5,49.04,1543.0101354680644,1,13417.885008169807,11874.874872701743
3.0,static_12,585740b6-3c8b-4746-8808-e7635a88c710,2025-07-27 20:00:00+00:00,2025-07-27 04:15:00+00:00,YES,0.09930047273635859,0.1273082983799469,0.12,854.104054123949,854.104054123949,100.089,29.7,29.7,29.7,135.0,1.0,0.22,cumulative_liq,667.26,667.26,99.0,1.63,-31.33,0,13386.555008169807,13417.885008169807
3.0,static_12,548df81e-2319-4153-a4df-bf65932d74be,2025-07-27 23:00:00+00:00,2025-07-27 06:00:00+00:00,NO,0.06239434003829958,0.0810316104393501,0.12,542.3670552734735,542.3670552734735,0.0945,0.189,0.0945,0.0945,0.45,1.0,0.21,rolling_liq,0.63,0.63,0.63,0.01,0.34550000000000003,1,13386.900508169807,13386.555008169807
3.0,static_12,d5b4c575-bc11-412e-893d-9c6ed1889586,2025-07-27 22:00:00+00:00,2025-07-27 12:30:00+00:00,YES,0.1230686521530151,0.17333612979297902,0.12,1160.2167620049092,1160.2167620049092,1886.1704999999997,3636.882,1160.2167620049092,1160.2167620049092,4465.432451870034,1.0,0.2598218144625687,kelly,12138.6,12574.47,12122.94,60.12,-1220.3367620049091,0,12166.563746164898,13386.900508169807
3.0,static_12,6adda940-e25a-4b97-9334-bfcbbb00d303,2025-07-28 23:00:00+00:00,2025-07-28 12:30:00+00:00,YES,0.05657753527164458,0.06816570514655974,0.12,414.6711984839499,414.6711984839499,2202.9660000000003,4002.777,414.6711984839499,414.6711984839499,2604.632490524687,1.0,0.15920526215981318,kelly,14676.750000000004,14686.440000000002,13342.59,24.41,-439.08119848394995,0,11727.48254768095,12166.563746164898
3.0,static_12,7a6fecee-f650-46ac-af8f-8dfc5ff13ae2,2025-07-29 23:30:00+00:00,2025-07-29 05:45:00+00:00,NO,0.11944526433944702,0.15926035245259604,0.12,933.8615019626684,933.8615019626684,1274.7689999999998,2549.5379999999996,933.8615019626684,933.8615019626684,4142.571747663776,1.0,0.22543037486057407,kelly,8498.46,8498.46,8498.46,50.64,3158.070245701107,1,14885.552793382056,11727.48254768095
3.0,static_12,185c1d82-80ca-427a-bb34-b717e2127e2e,2025-07-30 23:00:00+00:00,2025-07-30 05:30:00+00:00,YES,0.15933475494384763,0.2655579249064127,0.12,1976.4882554476972,1786.2663352058466,123.06150000000001,246.12300000000002,123.06150000000001,123.06150000000001,311.62874999999997,1.0,0.3948977749966908,rolling_liq,820.4100000000001,820.4100000000001,820.4100000000001,5.22,183.34724999999995,1,15068.900043382057,14885.552793382056
3.0,static_12,c2f7980e-2390-45e9-8977-c6e6d2c1f545,2025-07-31 00:00:00+00:00,2025-07-30 07:00:00+00:00,NO,0.09089968681335447,0.12452011892240339,0.12,938.1906127158717,938.1906127158717,2231.7839999999997,4427.1089999999995,938.1906127158717,938.1906127158716,3609.002356599506,0.9999999999999999,0.25995843726737233,kelly,14874.81,14878.559999999998,14757.029999999999,48.61,-986.8006127158716,0,14082.099430666185,15068.900043382057
3.0,static_12,e8241b1f-576e-4bcf-b7d0-79606aa78b00,2025-07-31 00:00:00+00:00,2025-07-30 15:30:00+00:00,NO,0.16516225516796124,0.434637513599898,0.12,3060.304341405645,1689.8519316799423,5180.2515,9682.199999999999,1689.8519316799423,1689.8519316799423,2964.6525117191973,1.0,0.57,portfolio,32273.999999999996,34535.01,32273.999999999996,50.87,1223.9305800392551,1,15306.03001070544,14082.099430666185
3.0,static_12,50578d4e-21ed-488c-ac01-1008b9b70e0d,2025-07-31 23:30:00+00:00,2025-07-31 05:45:00+00:00,NO,0.1513962113857269,0.2566037481114015,0.12,1963.7923347263056,1836.723601284653,3670.2495000000004,7340.499000000001,1836.723601284653,1836.723601284653,5269.381717956151,1.0,0.3485652965746933,portfolio,24468.33,24468.33,24468.33,83.76,3348.898116671498,1,18654.928127376937,15306.03001070544
3.0,static_12,a1ca524f-e7ce-449f-ab32-66adea0ba523,2025-08-01 23:30:00+00:00,2025-08-01 05:45:00+00:00,NO,0.15966734647750846,0.3894325523841671,0.12,3632.4181375937956,2238.5913752852325,518.8905,1037.781,518.8905,518.8905,887.3059322033898,1.0,0.5847932276429986,rolling_liq,3459.27,3459.27,3459.27,15.09,353.3254322033899,1,19008.253559580327,18654.928127376937
3.0,static_12,64fb0c10-3ce1-4592-a3f9-65395a9e58af,2025-08-01 23:30:00+00:00,2025-08-01 15:00:00+00:00,YES,0.10673018932342532,0.18089862597190728,0.12,1719.2834755268484,1719.2834755268484,2930.5844999999995,5813.567999999997,1719.2834755268484,1719.2834755268484,4552.377567175917,1.0,0.37766715307698256,kelly,19537.229999999996,19537.229999999996,19378.55999999999,74.9,2758.194091649068,1,21766.447651229395,19008.253559580327
3.0,static_12,de06dc94-ceb2-41b8-bde0-f9f91c917d00,2025-08-03 22:00:00+00:00,2025-08-03 06:00:00+00:00,NO,0.07582804679870603,0.10531673166486949,0.12,1146.1855632909774,1146.1855632909774,743.0085,1282.2749999999999,743.0085,743.0085,3025.434,1.0,0.24558740993854103,rolling_liq,4331.37,4953.39,4274.25,39.24,-782.2485,0,20984.199151229393,21766.447651229395
3.0,static_12,1dffe97b-d132-4697-af9f-8b08902da90d,2025-08-03 22:00:00+00:00,2025-08-03 06:00:00+00:00,YES,0.05085827469825738,0.05913752871890393,0.12,620.4768399745138,620.4768399745138,975.9060000000001,1839.1050000000002,620.4768399745138,620.4768399745138,5055.360307496259,1.0,0.12273642277375359,kelly,6186.900000000001,6506.040000000001,6130.350000000001,38.11,-658.5868399745139,0,20325.61231125488,20984.199151229393
3.0,static_12,cd325282-98cc-46dd-a9f0-e2d5d887b51f,2025-08-06 00:00:00+00:00,2025-08-05 07:00:00+00:00,YES,0.09239223599433899,0.12318964799245198,0.12,1251.9525129272686,1251.9525129272686,103.07249999999999,197.595,103.07249999999999,103.07249999999999,429.46874999999994,1.0,0.24000000000000002,rolling_liq,687.15,687.15,658.65,5.49,320.90624999999994,1,20646.51856125488,20325.61231125488
3.0,static_12,6a9e0ff7-c5b4-4a72-b217-41dc4a8caa4f,2025-08-06 02:00:00+00:00,2025-08-05 07:00:00+00:00,NO,0.3618546456098557,0.6579175374724648,0.12,6791.853324600174,2477.5822273505855,41.9625,83.925,41.9625,41.9625,95.57386363636363,1.0,0.4390583199571964,rolling_liq,279.75,279.75,279.75,1.65,51.96136363636363,1,20698.479924891246,20646.51856125488
3.0,static_12,d300ee86-e2e0-4bf4-9247-1d7a3a859e07,2025-08-06 02:00:00+00:00,2025-08-05 07:00:00+00:00,NO,0.08956348419189453,0.10294653355390175,0.12,1065.4183790512893,1065.4183790512893,166.53149999999997,333.06299999999993,166.53149999999997,166.53149999999997,1593.2863636363634,1.0,0.1045207589801525,rolling_liq,1110.2099999999998,1110.2099999999998,1110.2099999999998,10.44,-176.97149999999996,0,20521.508424891246,20698.479924891246
3.0,static_12,0934f4d6-98dc-4543-b6bd-c04adfa95bf2,2025-08-08 02:00:00+00:00,2025-08-07 07:00:00+00:00,NO,0.14108287811279296,0.2275530292141822,0.12,2334.865703064182,2334.865703064182,906.507,1813.014,906.507,906.507,2518.075,1.0,0.36,rolling_liq,6043.38,6043.38,6043.38,40.62,-947.127,0,19574.381424891246,20521.508424891246
3.0,static_12,042c5181-7425-497a-8593-922c0cccfc16,2025-08-08 02:00:00+00:00,2025-08-07 07:00:00+00:00,NO,0.10052478075027471,0.12410466759293173,0.12,1214.6360500366927,1214.6360500366927,534.5955,1069.191,534.5955,534.5955,3144.679411764705,1.0,0.17000000000000004,rolling_liq,3563.9700000000003,3563.9700000000003,3563.9700000000003,31.06,-565.6555,0,19008.725924891245,19574.381424891246
3.0,static_12,25596e43-21b0-4411-b093-a5ca0b6480d6,2025-08-09 02:00:00+00:00,2025-08-08 07:30:00+00:00,YES,0.13616769552230834,0.2778932561679762,0.12,2641.198371436327,2281.0471109869495,1023.4214999999999,2039.346,1023.4214999999999,1023.4214999999999,2088.615306122449,1.0,0.48999999999999994,rolling_liq,6822.8099999999995,6822.8099999999995,6797.820000000001,36.54,1028.6538061224492,1,20037.379731013694,19008.725924891245
3.0,static_12,3a283716-466b-440c-a344-5994da2e16aa,2025-08-10 00:30:00+00:00,2025-08-09 13:15:00+00:00,YES,0.124353095293045,0.1943017113953828,0.12,1946.6485868075579,1946.6485868075579,10185.246000000001,19866.996000000003,1946.6485868075579,1946.6485868075579,5704.567390878737,1.0,0.34124385837217613,kelly,67901.64000000001,67901.64000000001,66223.32,89.77,3668.148804071179,1,23705.52853508487,20037.379731013694
3.0,static_12,2de72b4c-3c39-42c4-8321-18efac227563,2025-08-10 16:30:00+00:00,2025-08-10 02:30:00+00:00,NO,0.28335612535476684,0.4570260086367207,0.12,5417.021544506864,2844.6634242101845,1274.0939999999998,2522.2139999999995,1274.0939999999998,1274.0939999999998,3443.4972972972973,1.0,0.36999999999999994,rolling_liq,8493.96,8493.96,8407.38,56.19,2113.2132972972972,1,25818.74183238217,23705.52853508487
3.0,static_12,56ef45bc-fa3c-47bb-926c-8b9f8433bdb6,2025-08-10 20:00:00+00:00,2025-08-10 04:30:00+00:00,NO,0.146348443031311,0.24804820852764578,0.12,3202.1463289800918,3098.2490198858604,4609.575,9218.097,3098.2490198858604,3098.2490198858604,7941.147549714652,1.0,0.39015129746546384,portfolio,30730.5,30730.5,30726.99,132.27,4710.628529828791,1,30529.37036221096,25818.74183238217
3.0,static_12,2eb1473f-e48b-4a13-bb64-bb3604b03c6d,2025-08-10 22:00:00+00:00,2025-08-10 12:00:00+00:00,NO,0.13645145893096922,0.22741909821828205,0.12,3471.4809384729815,3471.4809384729815,9273.996,18546.939,3471.4809384729815,3471.4809384729815,9757.002606869393,1.0,0.3557937901983232,kelly,61823.13,61826.64,61823.13,156.55,6128.971668396412,1,36658.342030607375,30529.37036221096
3.0,static_12,4b134f76-aff1-49fb-b585-3e9073eb44c2,2025-08-14 02:00:00+00:00,2025-08-13 08:00:00+00:00,NO,0.21488385438919066,0.4385384783452871,0.12,8038.04676638182,4399.001043672884,3760.7895,7504.478999999999,3760.7895,3760.7895,8986.832142857142,1.0,0.4184777728366861,rolling_liq,25014.93,25071.93,25014.93,153.09,5072.952642857142,1,41731.294673464516,36658.342030607375
3.0,static_12,74f4d3c6-f105-49b3-bb25-ee57ac47d235,2025-08-13 23:30:00+00:00,2025-08-13 11:45:00+00:00,NO,0.12422191977500918,0.2343809807075645,0.12,4890.510885881487,4890.510885881487,4307.6295,5629.302,4307.6295,4307.6295,9572.51,1.0,0.45,rolling_liq,18764.34,28717.53,18764.34,165.85,5099.0305,1,46830.32517346452,41731.294673464516
3.0,static_12,fdec04dc-4b3e-4713-8640-3988c3e4f01f,2025-08-16 02:00:00+00:00,2025-08-15 07:15:00+00:00,NO,0.13219804048538208,0.20983815950060647,0.12,4913.394621607356,4913.394621607356,280.629,561.258,280.629,280.629,779.5250000000001,1.0,0.36,rolling_liq,1870.8600000000001,1870.8600000000001,1870.8600000000001,12.58,486.3160000000001,1,47316.641173464515,46830.32517346452
3.0,static_12,f69e50f9-fa32-4c94-9a1b-f8a270e47e4c,2025-08-16 02:00:00+00:00,2025-08-15 16:45:00+00:00,YES,0.15301872491836543,0.340041610929701,0.12,8044.813444203745,5677.996940815741,2090.6639999999998,4181.3279999999995,2090.6639999999998,2090.6639999999998,3876.5999999999995,1.0,0.5393035133880204,rolling_liq,13937.76,13937.76,13937.76,67.43,-2158.0939999999996,0,45158.54717346452,47316.641173464515
3.0,static_12,673f7bf8-4cb2-4836-9dec-4131b50da342,2025-08-16 18:00:00+00:00,2025-08-16 03:15:00+00:00,YES,0.29983103513717646,0.6814341707663102,0.12,15386.288573080546,5419.0256608157415,6792.2595,13584.519,5419.0256608157415,5419.0256608157415,10178.732705214334,1.0,0.5323870679932187,portfolio,45281.73,45281.73,45281.73,177.39,4582.317044398592,1,49740.86421786311,45158.54717346452
3.0,static_12,3495c00d-950e-4e49-87e6-3a022d1d9c1b,2025-08-17 19:00:00+00:00,2025-08-17 03:45:00+00:00,YES,0.1182247066497803,0.20038085872844116,0.12,4983.558542935101,4983.558542935101,708.5069999999998,1411.848,708.5069999999998,708.5069999999998,1748.6268292682926,1.0,0.40517907431196876,rolling_liq,4723.379999999999,4723.379999999999,4706.16,29.51,1010.6098292682927,1,50751.47404713141,49740.86421786311
3.0,static_12,b233aa62-25a1-489f-9f1a-ad31d9a6a7c2,2025-08-17 22:00:00+00:00,2025-08-17 10:45:00+00:00,NO,0.13120973110198975,0.2624194622039795,0.12,6659.087262753723,6090.176885655768,3105.324,6202.71,3105.324,3105.324,6900.719999999999,1.0,0.45000000000000007,rolling_liq,20702.16,20702.16,20675.7,119.56,3675.8359999999993,1,54427.31004713141,50751.47404713141
3.0,static_12,b6df91b4-c8f5-45f8-bebf-c6845d61912b,2025-08-19 23:00:00+00:00,2025-08-19 05:30:00+00:00,NO,0.2621755397319794,0.5140696857489792,0.12,13989.71508604555,6531.277205655769,2940.0974999999994,5880.194999999999,2940.0974999999994,2940.0974999999994,7032.232142857143,1.0,0.4180888002945619,rolling_liq,19600.649999999998,19600.649999999998,19600.649999999998,119.77,-3059.8674999999994,0,51367.44254713141,54427.31004713141
3.0,static_12,2cc91c72-9797-403a-adc1-51f134d84117,2025-08-20 02:00:00+00:00,2025-08-19 07:00:00+00:00,YES,0.09672302126884458,0.13433752954006192,0.12,3450.2876652863497,3450.2876652863497,226.43550000000002,452.87100000000004,226.43550000000002,226.43550000000002,861.2055555555556,1.0,0.26292851751743357,rolling_liq,1509.5700000000002,1509.5700000000002,1509.5700000000002,11.69,-238.12550000000002,0,51129.31704713141,51367.44254713141
3.0,static_12,a1382913-f5c5-4721-9dee-4195779e9b68,2025-08-23 20:00:00+00:00,2025-08-23 04:00:00+00:00,NO,0.19466778397560125,0.34762104281357364,0.12,8886.813255134824,6135.518045655769,975.375,1950.75,975.375,975.375,2322.321428571429,1.0,0.41999999999999993,rolling_liq,6502.5,6502.5,6502.5,39.61,1307.336428571429,1,52436.653475702835,51129.31704713141
3.0,static_12,bb8576ec-3270-4ee6-9d85-f37e6e502af7,2025-08-24 19:00:00+00:00,2025-08-24 03:45:00+00:00,YES,0.1296231734752655,0.16618355573751986,0.12,4357.054762784238,4357.054762784238,814.9095000000001,1543.689,814.9095000000001,814.9095000000001,3819.9068181818184,1.0,0.21333229808675724,rolling_liq,5432.7300000000005,5432.7300000000005,5145.63,44.88,-859.7895000000001,0,51576.863975702836,52436.653475702835
3.0,static_12,0962940f-0261-4fce-b716-3a16393d43b7,2025-08-24 20:00:00+00:00,2025-08-24 05:45:00+00:00,NO,0.17109873175621026,0.39790402734002395,0.12,10261.320946750378,6189.22367708434,2712.6899999999996,5146.757999999999,2712.6899999999996,2712.6899999999996,5328.470588235294,1.0,0.5090935485295416,rolling_liq,17155.859999999997,18084.6,17155.859999999997,93.22,2522.5605882352943,1,54099.42456393813,51576.863975702836
3.0,static_12,ab22cb38-adf5-49e7-8d94-af37949f1527,2025-08-26 23:00:00+00:00,2025-08-26 06:00:00+00:00,YES,0.11368976593017577,0.18637666545930454,0.12,5041.43517674699,5041.43517674699,1455.264,2882.448,1455.264,1455.264,3848.5105263157893,1.0,0.37813694156454236,rolling_liq,9608.16,9701.76,9608.16,63.35,2329.8965263157893,1,56429.32109025392,54099.42456393813
3.0,static_12,467aedcd-fa42-4992-9a69-fce47d1ece15,2025-08-28 00:00:00+00:00,2025-08-27 16:00:00+00:00,NO,0.15859810590744017,0.33041272064050037,0.12,9322.482752663582,6771.51853083047,2314.8044999999997,4092.3450000000003,2314.8044999999997,2314.8044999999997,4554.067647058824,1.0,0.5082938329857664,rolling_liq,15432.029999999999,15432.029999999999,13641.150000000001,79.68,2159.5831470588246,1,58588.904237312745,56429.32109025392
3.0,static_12,6d17df9c-9585-4b14-b1ab-7334c0443b45,2025-08-30 02:00:00+00:00,2025-08-29 07:15:00+00:00,NO,0.14991149187088015,0.28285187145449087,0.12,8285.99060499593,7030.668508477529,2741.9174999999996,5471.28,2741.9174999999996,2741.9174999999996,6372.698863636363,1.0,0.4302600136412876,rolling_liq,18279.449999999997,18279.449999999997,18237.6,109.36,3521.4213636363634,1,62110.32560094911,58588.904237312745
3.0,static_12,eef5e74b-cdc8-45c9-b34e-c80089a44b6d,2025-09-01 00:00:00+00:00,2025-08-31 06:00:00+00:00,NO,0.12026148080825805,0.1625155146057541,0.12,5046.945763684595,5046.945763684595,1076.1435000000001,2152.2870000000003,1076.1435000000001,1076.1435000000001,5031.19772727273,1.0,0.21389409805274084,rolling_liq,7174.290000000001,7174.290000000001,7174.290000000001,59.22,-1135.3635000000002,0,60974.96210094911,62110.32560094911
3.0,static_12,2f5baf0d-dd06-464d-95dd-177924f443c9,2025-09-04 00:00:00+00:00,2025-09-03 06:00:00+00:00,NO,0.20699598312377931,0.3980691983149602,0.12,12136.127140404946,7316.9954521138925,1122.219,2244.438,1122.219,1122.219,2501.153333333333,1.0,0.44868060867919607,rolling_liq,7481.46,7481.46,7481.46,43.31,-1165.529,0,59809.43310094911,60974.96210094911
3.0,static_12,b69d86fb-d73a-4b99-bec9-88e73e7ce25b,2025-09-05 02:00:00+00:00,2025-09-04 12:45:00+00:00,NO,0.05718323230743405,0.06807527655646911,0.12,2035.7718495163742,2035.7718495163742,316.54350000000005,625.932,316.54350000000005,316.5435000000001,2261.0250000000005,1.0000000000000002,0.14,rolling_liq,2086.44,2110.2900000000004,2086.44,19.06,-335.6035000000001,0,59473.82960094911,59809.43310094911
3.0,static_12,f9c188c7-35cd-436c-8d11-7f1b0131ba33,2025-09-05 23:30:00+00:00,2025-09-05 10:30:00+00:00,NO,0.06474714040756224,0.07528737256693284,0.12,2238.8141835744673,2238.8141835744673,509.37750000000005,1006.2810000000001,509.37750000000005,509.37750000000005,3918.2884615384637,1.0,0.12999999999999995,rolling_liq,3354.2700000000004,3395.8500000000004,3354.2700000000004,31.03,-540.4075,0,58933.42210094911,59473.82960094911
3.0,static_12,e9ff9be0-15cb-4e16-86a5-89be878b6745,2025-09-10 02:00:00+00:00,2025-09-09 07:00:00+00:00,NO,0.2139049685001373,0.30127460352132013,0.12,8877.571688809025,7072.010652113892,2701.2374999999997,5402.474999999999,2701.2374999999997,2701.2374999999997,10289.36111111111,1.0,0.2625272328213878,rolling_liq,18008.25,18008.25,18008.25,139.45,-2840.6874999999995,0,56092.73460094911,58933.42210094911
3.0,static_12,31d89653-50a1-4688-b507-15c8e12dad33,2025-09-09 23:30:00+00:00,2025-09-09 12:30:00+00:00,NO,0.16207829356193537,0.3683597580953077,0.12,10331.153074254955,6731.128152113893,2491.7850000000008,4930.218,2491.7850000000008,2491.7850000000008,4700.694444444445,1.0,0.5300886984783573,rolling_liq,16434.06,16611.900000000005,16434.06,81.97,-2573.7550000000006,0,53518.97960094911,56092.73460094911
3.0,static_12,93a98ff0-ed90-4c11-8f56-dfd70e55ed58,2025-09-12 00:00:00+00:00,2025-09-11 07:00:00+00:00,NO,0.1892402425408365,0.6308008084694549,0.12,16879.90780036948,6422.277552113893,818.4915000000001,1553.823,818.4915000000001,818.4915000000001,1228.524626865672,1.0,0.6662393916255573,rolling_liq,5456.610000000001,5456.610000000001,5179.410000000001,19.13,-837.6215000000001,0,52681.35810094911,53518.97960094911
3.0,static_12,2fb00c07-3995-4420-aa53-e0b95160a91a,2025-09-18 02:00:00+00:00,2025-09-17 16:15:00+00:00,YES,0.07049068570137018,0.08702553790292615,0.12,2292.3117630958864,2292.3117630958864,1931.7375,3836.9700000000003,1931.7375,1931.7375,12139.734375,1.0,0.1591251867897645,rolling_liq,12807.57,12878.25,12789.900000000001,113.71,-2045.4475,0,50635.91060094911,52681.35810094911
3.0,static_12,30981dda-706d-44fc-9eb4-b6f8c5a3e874,2025-09-24 01:30:00+00:00,2025-09-22 23:30:00+00:00,NO,0.11262015342712406,0.14255715623686588,0.12,3609.2557093677374,3609.2557093677374,1127.7900000000002,2253.6000000000004,1127.7900000000002,1127.7900000000002,5638.949999999999,1.0,0.20000000000000007,rolling_liq,7518.600000000001,7518.600000000001,7512.000000000001,63.16,-1190.9500000000003,0,49444.96060094911,50635.91060094911
3.0,static_12,fb31c505-de82-4d70-a8a2-a91dbaacd1ee,2025-09-29 00:00:00+00:00,2025-09-28 02:30:00+00:00,NO,0.18119778752326965,0.29225449600527365,0.12,7225.256020215497,5933.395272113893,9137.101499999999,18269.342999999997,5933.395272113893,5933.395272113893,16955.472206039696,1.0,0.3499398424303608,portfolio,60897.81,60914.009999999995,60897.81,270.0,-6203.395272113893,0,43241.56532883522,49444.96060094911
3.0,static_12,fc11987d-5051-4621-94f9-17a356691802,2025-10-01 01:30:00+00:00,2025-09-30 01:15:00+00:00,NO,0.06506288051605225,0.08675050735473633,0.12,1875.6138655447155,1875.6138655447155,6051.474,11649.572999999999,1875.6138655447155,1875.6138655447155,8525.517570657797,1.0,0.22,kelly,40333.41,40343.16,38831.909999999996,102.41,-1978.0238655447156,0,41263.5414632905,43241.56532883522
3.0,static_12,4a8a3c5a-81ad-462c-b4cb-3300d1eea8c3,2025-10-09 00:00:00+00:00,2025-10-07 11:00:00+00:00,NO,0.16387164235115048,0.2777485463578822,0.12,5730.444329503568,4951.62497559486,24396.457499999997,48792.91499999999,4951.62497559486,4951.62497559486,13550.932366472596,1.0,0.3654084340237766,portfolio,162643.05,162643.05,162643.05,219.96,8379.347390877738,1,49642.88885416824,41263.5414632905
3.0,static_15,d1bd5e4c-1d9e-47c6-b24e-52544a1a2c13,2025-05-22 23:30:00+00:00,2025-05-22 13:00:00+00:00,YES,0.18705255270004273,0.2969088138095916,0.15,742.2720345239791,742.2720345239791,478.53000000000003,933.696,478.53000000000003,478.53000000000003,1375.2857142857144,1.0,0.3479495169834839,rolling_liq,3112.32,3190.2000000000003,3112.32,21.85,-500.38000000000005,0,4499.62,5000.0
3.0,static_15,b8786c5b-6a05-49e0-9ba2-0bc7db3e8a60,2025-05-24 02:00:00+00:00,2025-05-23 12:30:00+00:00,NO,0.08980293750762935,0.10819631025015586,0.15,243.42114076390314,243.42114076390314,393.5565000000001,787.1130000000002,243.42114076390314,243.42114076390314,2680.8114076390316,1.0,0.09080129250057248,kelly,2623.7100000000005,2623.7100000000005,2623.7100000000005,15.5,-258.92114076390317,0,4240.698859236097,4499.62
3.0,static_15,a35a38a3-fdb6-40a3-86f1-842d77ac32bf,2025-05-24 02:00:00+00:00,2025-05-23 12:30:00+00:00,NO,0.32377356052398687,0.3997204450913418,0.15,847.547017756099,636.1048288854145,114.27300000000001,228.54600000000002,114.27300000000001,114.27300000000001,714.2062500000001,1.0,0.16,rolling_liq,761.82,761.82,761.82,6.72,593.21325,1,4833.9121092360965,4240.698859236097
3.0,static_15,92c4a40c-74f4-4a28-be37-18237fca81a5,2025-05-23 23:30:00+00:00,2025-05-23 12:30:00+00:00,NO,0.09931676149368285,0.11548460638800331,0.15,279.12121862466677,279.12121862466677,173.49749999999997,346.99499999999995,173.49749999999997,173.49749999999997,2168.7187499999995,1.0,0.08,rolling_liq,1156.6499999999999,1156.6499999999999,1156.6499999999999,11.18,-184.67749999999998,0,4649.234609236097,4833.9121092360965
3.0,static_15,10582ee6-a493-4e18-9878-6203b5e8065d,2025-05-24 02:00:00+00:00,2025-05-23 12:30:00+00:00,NO,0.08664486169815067,0.13128009348204644,0.15,305.1759770602402,305.1759770602402,457.4789999999999,914.9579999999999,305.1759770602402,305.1759770602402,1018.5532568674674,1.0,0.2996171039684273,kelly,3049.8599999999997,3049.8599999999997,3049.8599999999997,14.97,-320.1459770602402,0,4329.088632175856,4649.234609236097
3.0,static_15,b0d98920-a05f-481d-9dea-7046f3e6fc33,2025-05-25 19:00:00+00:00,2025-05-25 05:00:00+00:00,NO,0.19932658433914185,0.26227182149887085,0.15,567.6989804954086,567.6989804954086,440.307,880.614,440.307,440.307,2201.535,1.0,0.2,rolling_liq,2935.38,2935.38,2935.38,24.66,-464.96700000000004,0,3864.121632175856,4329.088632175856
3.0,static_15,bbd4ae77-444a-4dfe-ad87-70233844aa1d,2025-05-25 22:00:00+00:00,2025-05-25 14:00:00+00:00,NO,0.1071816420555115,0.1623964273568356,0.15,313.7597739688117,313.7597739688117,164.74500000000003,329.49000000000007,164.74500000000003,164.74500000000003,510.0454545454547,1.0,0.32300062383031813,rolling_liq,1098.3000000000002,1098.3000000000002,1098.3000000000002,7.81,-172.55500000000004,0,3691.5666321758563,3864.121632175856
3.0,static_15,5f3d74e1-8cdd-4616-aedf-f1e90dc75db0,2025-05-27 23:00:00+00:00,2025-05-27 05:45:00+00:00,NO,0.0740113401412964,0.08315880914752405,0.15,153.49314251024006,153.49314251024006,205.28099999999998,410.56199999999995,153.49314251024006,153.49314251024006,2212.902035860572,1.0,0.0693628276457111,kelly,1368.54,1368.54,1368.54,10.0,-163.49314251024006,0,3528.0734896656163,3691.5666321758563
3.0,static_15,8a594783-4b88-43cd-b381-a8660e3a0766,2025-05-27 23:00:00+00:00,2025-05-27 13:00:00+00:00,YES,0.3129020285606384,0.5046806912268361,0.15,890.2752837317596,529.2110234498424,725.9085,1434.7169999999999,529.2110234498424,529.2110234498424,1430.3000633779525,1.0,0.37,portfolio,4782.389999999999,4839.39,4782.389999999999,23.34,-552.5510234498424,0,2975.522466215774,3528.0734896656163
3.0,static_15,ee675eed-ef15-494e-a8f4-e0202373e26c,2025-05-28 00:00:00+00:00,2025-05-27 13:00:00+00:00,NO,0.08173902988433834,0.11512539420329344,0.15,171.27909844192342,171.27909844192342,150.16949999999997,300.33899999999994,150.16949999999997,150.16949999999997,600.6779999999999,1.0,0.25,rolling_liq,1001.1299999999999,1001.1299999999999,1001.1299999999999,7.89,-158.05949999999996,0,2817.462966215774,2975.522466215774
3.0,static_15,a17fdde4-604b-4197-8c9a-97dc9b78c44e,2025-05-29 23:00:00+00:00,2025-05-29 13:00:00+00:00,NO,0.09309141159057621,0.10118631694627848,0.15,142.5443503419556,142.5443503419556,46.583999999999996,93.16799999999999,46.583999999999996,46.583999999999996,680.9142857142856,1.0,0.06841389728096678,rolling_liq,310.56,310.56,310.56,3.04,-49.623999999999995,0,2767.8389662157742,2817.462966215774
3.0,static_15,1d299098-034f-480d-af99-bcebd640859e,2025-05-30 23:30:00+00:00,2025-05-30 12:15:00+00:00,NO,0.07657644748687742,0.0900899382198558,0.15,124.67722073444432,124.67722073444432,136.071,160.668,124.67722073444432,124.67722073444432,982.3632364188024,1.0,0.12691560118735118,kelly,907.1400000000001,907.1400000000001,535.5600000000001,7.62,850.0660156843581,1,3617.9049819001325,2767.8389662157742
3.0,static_15,c9d9dbf0-f3e6-4f3f-b2a5-e83fe165023d,2025-06-01 22:00:00+00:00,2025-06-01 05:15:00+00:00,NO,0.14538862824440002,0.23449778749096778,0.15,424.19535680406545,424.19535680406545,727.587,1452.9059999999995,424.19535680406545,424.19535680406545,1211.9867337259013,1.0,0.35,kelly,4850.58,4850.58,4843.019999999999,19.31,768.4813769218359,1,4386.386358821968,3617.9049819001325
3.0,static_15,9998a61a-229c-44c2-b892-ee5b1ea16c23,2025-06-02 00:30:00+00:00,2025-06-01 12:15:00+00:00,YES,0.0670652312040329,0.08178686732199134,0.15,179.3743995759825,179.3743995759825,1342.5480000000002,2676.024000000001,179.3743995759825,179.3743995759825,1287.031425542732,1.0,0.1393706447380192,kelly,8950.320000000002,8950.320000000002,8920.080000000004,10.81,-190.1843995759825,0,4196.201959245986,4386.386358821968
3.0,static_15,272d53ae-a46b-43bc-ac0f-8a846e03a9d1,2025-06-04 00:00:00+00:00,2025-06-03 12:30:00+00:00,NO,0.12299813508987423,0.14819052420466775,0.15,310.91868400465825,310.91868400465825,325.24649999999997,637.398,310.91868400465825,310.91868400465825,2410.1437231127557,1.0,0.12900420876274535,kelly,2124.6600000000003,2168.31,2124.6600000000003,18.96,-329.8786840046582,0,3866.3232752413273,4196.201959245986
3.0,static_15,f8baaf5b-f1fa-4923-9eec-e85ed7a82142,2025-06-05 23:30:00+00:00,2025-06-05 06:15:00+00:00,YES,0.0730656540393829,0.08496006283649174,0.15,164.24153420534685,164.24153420534685,250.99200000000002,501.98400000000004,164.24153420534685,164.24153420534685,1398.9294517112237,1.0,0.11740515864073085,kelly,1673.2800000000002,1673.2800000000002,1673.2800000000002,10.15,-174.39153420534686,0,3691.9317410359804,3866.3232752413273
3.0,static_15,45eb60bf-a1b9-4f49-90cb-62097ff47bbd,2025-06-06 02:00:00+00:00,2025-06-05 13:00:00+00:00,NO,0.1447575712203979,0.20979358147883756,0.15,387.2717912636693,387.2717912636693,1197.018,2360.286,387.2717912636693,387.2717912636693,1377.9372112540318,1.0,0.28105184191318944,kelly,7867.620000000001,7980.12,7867.620000000001,19.49,-406.7617912636693,0,3285.169949772311,3691.9317410359804
3.0,static_15,772cef5b-3110-4eaf-a68b-6eb3cd04f42a,2025-06-06 23:30:00+00:00,2025-06-06 12:15:00+00:00,YES,0.1407347512245178,0.18277240418768548,0.15,300.2192049425116,300.2192049425116,993.465,1986.93,300.2192049425116,300.2192049425116,1667.8844719028425,1.0,0.18,kelly,6623.1,6623.1,6623.1,17.24,1350.4252669603309,1,4635.595216732642,3285.169949772311
3.0,static_15,8b0ee0bd-54cf-4be2-a8ba-b16813be20b6,2025-06-07 19:00:00+00:00,2025-06-07 04:30:00+00:00,YES,0.1381078326702118,0.1644140865121569,0.15,381.0785764996107,381.0785764996107,798.6015,1339.299,381.0785764996107,381.0785764996107,2757.923843330738,1.0,0.1381758881490299,kelly,5285.13,5324.01,4464.33,22.99,2353.855266831127,1,6989.450483563769,4635.595216732642
3.0,static_15,639e72ff-50dd-401b-a2a8-dd49fdd02b89,2025-06-08 02:00:00+00:00,2025-06-07 12:15:00+00:00,YES,0.13786698698997496,0.20577162237309699,0.15,719.115282749672,719.115282749672,698.6475,1377.1350000000002,698.6475,698.6475,2183.2734375,1.0,0.32,rolling_liq,4657.650000000001,4657.650000000001,4590.450000000001,33.26,-731.9075,0,6257.542983563769,6989.450483563769
3.0,static_15,5e1d090c-1c51-494b-8c1f-1f1ba520ee2a,2025-06-10 02:00:00+00:00,2025-06-09 12:30:00+00:00,NO,0.24757077574729924,0.3640746702166165,0.15,1139.1064490536407,938.6314475345653,1389.294,2769.408,938.6314475345653,938.6314475345653,3352.255169766305,1.0,0.27999999999999997,portfolio,9261.960000000001,9261.960000000001,9231.36,47.31,2366.3137222317396,1,8623.856705795508,6257.542983563769
3.0,static_15,4a60d4ef-8d10-4f25-bab6-346332242fd5,2025-06-10 23:30:00+00:00,2025-06-10 12:15:00+00:00,NO,0.12558921575546267,0.19321417808532718,0.15,833.1256926679581,833.1256926679581,797.265,1560.744,797.265,797.265,2415.954545454545,1.0,0.33000000000000007,rolling_liq,5315.1,5315.1,5202.48,37.4,-834.665,0,7789.191705795508,8623.856705795508
3.0,static_15,84da0d09-cdf5-46a5-89eb-d489373ed8ed,2025-06-12 02:00:00+00:00,2025-06-11 13:30:00+00:00,NO,0.11724735021591182,0.1429845734340388,0.15,556.8671267245619,556.8671267245619,5.575499999999999,9.008999999999999,5.575499999999999,5.575499999999999,32.797058823529404,1.0,0.17,rolling_liq,30.029999999999998,37.169999999999995,30.029999999999998,0.33,26.891558823529408,1,7816.083264619037,7789.191705795508
3.0,static_15,c95f06b7-8138-460b-bc1d-e9c9478156eb,2025-06-13 23:30:00+00:00,2025-06-13 06:00:00+00:00,NO,0.07324323654174802,0.08616851357852709,0.15,336.75013845911195,336.75013845911195,752.0849999999999,1497.7439999999995,336.75013845911195,336.75013845911195,2806.251153825933,1.0,0.11999999999999998,kelly,5013.9,5013.9,4992.479999999999,20.75,-357.50013845911195,0,7458.583126159925,7816.083264619037
3.0,static_15,ee13e918-b149-4c1e-8ae9-03cf0618c5d9,2025-06-15 00:30:00+00:00,2025-06-14 06:30:00+00:00,YES,0.22761168122291559,0.30758335300393996,0.15,1147.0680033014391,1118.7874689239886,5690.9115,11381.823,1118.7874689239886,1118.7874689239886,5597.6873446199415,1.0,0.19986601609667956,portfolio,37939.41,37939.41,37939.41,62.67,4416.229875695953,1,11874.813001855877,7458.583126159925
3.0,static_15,7162ed3d-7135-4801-b3a8-ba85cbcaa7ea,2025-06-15 22:00:00+00:00,2025-06-15 05:30:00+00:00,YES,0.2125312566757202,0.38642046668312763,0.15,2294.33539097601,1781.2219502783814,3053.9835,6107.967,1781.2219502783814,1781.2219502783814,5016.755417439949,1.0,0.3550545725403012,portfolio,20359.89,20359.89,20359.89,80.42,-1861.6419502783815,0,10013.171051577496,11874.813001855877
3.0,static_15,acf4a696-dabb-4821-9d7a-7417121d43a8,2025-06-17 23:00:00+00:00,2025-06-17 05:45:00+00:00,NO,0.10341833353042607,0.1124112320982892,0.15,562.7964475593742,562.7964475593742,316.46700000000004,629.721,316.46700000000004,316.46700000000004,4522.242857142857,1.0,0.06998009837090952,rolling_liq,2109.78,2109.78,2099.07,20.61,-337.07700000000006,0,9676.094051577496,10013.171051577496
3.0,static_15,f992552a-94d9-40c8-aa4b-fa5c7bf321fd,2025-06-18 00:00:00+00:00,2025-06-17 06:15:00+00:00,NO,0.2464600276947021,0.4323860134994774,0.15,2091.9038666038005,1451.4141077366244,3961.3724999999995,7922.744999999999,1451.4141077366244,1451.4141077366244,3628.5352693415607,1.0,0.4,portfolio,26409.149999999998,26409.149999999998,26409.149999999998,60.96,-1512.3741077366244,0,8163.719943840872,9676.094051577496
3.0,static_15,326d833a-4a17-4fec-882e-c3699065a0ed,2025-06-18 00:00:00+00:00,2025-06-17 07:00:00+00:00,NO,0.11250839233398435,0.13236281451056983,0.15,540.2864743214244,540.2864743214244,111.14099999999999,222.28199999999998,111.14099999999999,111.14099999999999,926.925,1.0,0.11990290476575774,rolling_liq,740.9399999999999,740.9399999999999,740.9399999999999,6.85,-117.99099999999999,0,8045.728943840872,8163.719943840872
3.0,static_15,4f5eef0b-7151-49c4-bc34-46d08d1e5ca1,2025-06-18 02:00:00+00:00,2025-06-17 12:30:00+00:00,YES,0.15919422030448907,0.20674574065518062,0.15,831.7100948026025,831.7100948026025,380.0294999999999,652.842,380.0294999999999,380.0294999999999,1652.9543478260866,1.0,0.22990925339214766,rolling_liq,2508.6899999999996,2533.5299999999997,2176.14,20.49,-400.51949999999994,0,7645.209443840871,8045.728943840872
3.0,static_15,42f7582e-79b3-4a78-88ba-0245ebd00b6b,2025-06-18 23:00:00+00:00,2025-06-18 06:15:00+00:00,YES,0.2191847121715545,0.2548659443855285,0.15,974.2517624648324,974.2517624648324,2783.2140000000004,5549.039999999998,974.2517624648324,974.2517624648324,9742.517624648322,1.0,0.10000000000000002,kelly,18552.239999999998,18554.760000000002,18496.799999999996,61.38,-1035.6317624648325,0,6609.5776813760385,7645.209443840871
3.0,static_15,57909126-867a-49a0-bc68-8c65ff35b9dd,2025-06-20 02:00:00+00:00,2025-06-19 13:45:00+00:00,YES,0.23086082577705377,0.2748343164012545,0.15,908.2693818809861,908.2693818809861,141.804,283.464,141.804,141.804,911.7750000000001,1.0,0.1555252118121247,rolling_liq,944.88,945.36,944.88,8.39,761.5810000000001,1,7371.158681376039,6609.5776813760385
3.0,static_15,5cc2b6cf-49a3-4f54-a14e-88d92bf3ac7a,2025-06-20 23:30:00+00:00,2025-06-20 06:00:00+00:00,YES,0.19484763860702514,0.31427038485004055,0.15,1158.2684377933826,1105.6738022064058,1229.9624999999999,2459.9249999999997,1105.6738022064058,1105.6738022064058,3163.6108634468737,1.0,0.34949740974202254,portfolio,8199.75,8199.75,8199.75,50.35,-1156.0238022064057,0,6215.134879169633,7371.158681376039
3.0,static_15,36996288-3356-4ce9-b751-b31f6890cd69,2025-06-22 19:00:00+00:00,2025-06-22 07:15:00+00:00,YES,0.12237302303314207,0.22661670932063344,0.15,704.2267071506575,704.2267071506575,85.905,167.67,85.905,85.905,186.75,1.0,0.46,rolling_liq,558.9,572.7,558.9,3.25,97.595,1,6312.729879169633,6215.134879169633
3.0,static_15,4bfeb202-768f-487c-a416-9c9a314242a6,2025-06-25 00:00:00+00:00,2025-06-24 06:15:00+00:00,YES,0.08991959929466248,0.13031825984733694,0.15,411.3319863698381,411.3319863698381,2.0925,4.185,2.0925,2.0925,6.749999999999999,1.0,0.31,rolling_liq,13.95,13.95,13.95,0.11,4.5474999999999985,1,6317.277379169633,6312.729879169633
3.0,static_15,e6fdfe56-f4ef-4bab-8f24-19a99adb7f6f,2025-06-26 02:00:00+00:00,2025-06-25 12:15:00+00:00,NO,0.07732540607452387,0.08226107029204668,0.15,259.83299927111483,259.83299927111483,267.12,534.24,259.83299927111483,259.83299927111483,5196.659985422296,1.0,0.05000000000000001,kelly,1780.8000000000002,1780.8000000000002,1780.8000000000002,17.28,-277.11299927111486,0,6040.164379898518,6317.277379169633
3.0,static_15,1c528f37-bdd0-449a-99b5-7a8d174e4243,2025-06-26 02:00:00+00:00,2025-06-25 15:45:00+00:00,YES,0.0853763997554779,0.10672049969434737,0.15,322.30468042938384,322.30468042938384,481.4325,956.925,322.30468042938384,322.30468042938384,1619.7734021469191,1.0,0.19898133899605155,kelly,3209.55,3209.55,3189.75,18.08,-340.3846804293838,0,5699.779699469134,6040.164379898518
3.0,static_15,fd8a85e4-5aac-47f6-b278-e1f1fa69b82d,2025-06-27 02:00:00+00:00,2025-06-26 12:15:00+00:00,NO,0.08030236721038819,0.10566100948735288,0.15,301.1222384507148,301.1222384507148,2897.6355,5783.472000000001,301.1222384507148,301.1222384507148,1505.6111922535738,1.0,0.20000000000000004,kelly,19317.57,19317.57,19278.24,16.87,1187.618953802859,1,6887.398653271994,5699.779699469134
3.0,static_15,4e456309-00d3-4582-8f89-1c9049054791,2025-06-27 23:30:00+00:00,2025-06-27 12:30:00+00:00,NO,0.12750528216362,0.2500103571835686,0.15,860.9604986850803,860.9604986850803,2527.353,5054.706,860.9604986850803,860.9604986850803,1871.6532580110443,1.0,0.45999999999999996,kelly,16849.02,16849.02,16849.02,32.55,978.142759325964,1,7865.541412597958,6887.398653271994
3.0,static_15,f2a059a9-b803-4538-b746-3868679fa790,2025-06-28 02:00:00+00:00,2025-06-27 12:45:00+00:00,NO,0.05228370666503901,0.055620964537275545,0.15,218.7444999882916,218.7444999882916,327.17249999999984,654.3449999999997,218.7444999882916,218.7444999882916,4374.889999765832,1.0,0.05,kelly,2181.149999999999,2181.149999999999,2181.149999999999,14.55,-233.29449998829162,0,7632.246912609666,7865.541412597958
3.0,static_15,02291b17-b5ee-4973-b184-51149f2c1817,2025-06-28 02:00:00+00:00,2025-06-27 14:00:00+00:00,NO,0.14177390813827517,0.26749793988353804,0.15,1020.8051629027896,1020.8051629027896,2693.8485,5344.128000000001,1020.8051629027896,1020.8051629027896,2221.4242671799775,1.0,0.4595273302738639,kelly,17958.99,17958.99,17813.760000000002,38.63,-1059.4351629027897,0,6572.811749706876,7632.246912609666
3.0,static_15,8a325ea5-03e5-4940-bb7a-2eb4c8b2b077,2025-06-29 20:00:00+00:00,2025-06-29 04:30:00+00:00,NO,0.19611328840255737,0.26148438453674316,0.15,859.3438175239883,859.3438175239883,1150.6634999999999,2300.2470000000003,859.3438175239883,859.3438175239883,3586.849239683285,1.0,0.2395818056740705,kelly,7667.490000000001,7671.09,7667.490000000001,45.75,2681.7554221592964,1,9254.567171866172,6572.811749706876
3.0,static_15,475cc53b-e563-4217-a5dc-930581369bab,2025-06-29 22:00:00+00:00,2025-06-29 05:30:00+00:00,NO,0.07646610498428341,0.10769873941448369,0.15,498.35260911832506,498.35260911832506,377.87399999999997,671.814,377.87399999999997,377.87399999999997,1352.255172413793,1.0,0.27943986291099926,rolling_liq,2320.3799999999997,2519.16,2239.38,19.06,955.321172413793,1,10209.888344279965,9254.567171866172
3.0,static_15,01384c8c-e038-4abe-b80a-901c44d112ce,2025-07-03 23:00:00+00:00,2025-07-03 05:45:00+00:00,YES,0.14452980518341063,0.23693410685805022,0.15,1209.5353879861952,1209.5353879861952,14553.724500000002,28898.603999999996,1209.5353879861952,1209.5353879861952,3455.8153942462723,1.0,0.35,kelly,97024.83000000002,97024.83000000002,96328.68,55.04,2191.2400062600773,1,12401.128350540042,10209.888344279965
3.0,static_15,21815dfe-7533-4983-9fc4-01b7e5798634,2025-07-03 23:30:00+00:00,2025-07-03 12:15:00+00:00,YES,0.12719794988632205,0.23999613186098498,0.15,1488.1114174206036,1488.1114174206036,384.93,762.246,384.93,384.93,819.0,1.0,0.47000000000000003,rolling_liq,2566.2000000000003,2566.2000000000003,2540.82,14.29,-399.22,0,12001.908350540043,12401.128350540042
3.0,static_15,a4d71aea-7129-4510-a0c0-686300cd53cf,2025-07-07 23:30:00+00:00,2025-07-07 12:30:00+00:00,NO,0.09287727117538447,0.13460474083389054,0.15,807.7568815182746,807.7568815182746,1753.038,3430.7010000000005,807.7568815182746,807.7568815182744,3110.4495443010555,0.9999999999999999,0.259691362940846,kelly,11435.670000000002,11686.92,11435.670000000002,41.86,-849.6168815182745,0,11152.29146902177,12001.908350540043
3.0,static_15,66b295b9-ed48-41fe-8fd7-4cca0813f9f5,2025-07-08 15:30:00+00:00,2025-07-08 04:45:00+00:00,NO,0.07585252523422237,0.10836075033460339,0.15,604.2353357666976,604.2353357666976,1738.602,3003.291,604.2353357666976,604.2353357666976,2230.1976277382055,1.0,0.2709335389166805,kelly,10193.759999999998,11590.68,10010.970000000001,30.84,-635.0753357666977,0,10517.216133255071,11152.29146902177
3.0,static_15,cba5ede2-0a93-430c-aa0b-4c48363996d9,2025-07-09 15:00:00+00:00,2025-07-09 01:30:00+00:00,YES,0.0751177150011062,0.08077173656032925,0.15,424.7469054316617,424.7469054316617,229.69350000000006,459.3870000000001,229.69350000000006,229.69350000000006,3287.764285714286,1.0,0.06986312887394171,rolling_liq,1531.2900000000004,1531.2900000000004,1531.2900000000004,14.96,3043.110785714286,1,13560.326918969356,10517.216133255071
3.0,static_15,473b6ccd-bea1-4377-b656-99e755056013,2025-07-09 16:00:00+00:00,2025-07-09 02:00:00+00:00,NO,0.21722968339920046,0.28211647194701356,0.15,1912.7957944138757,1912.7957944138757,76.032,152.064,76.032,76.032,345.6,1.0,0.21999999999999997,rolling_liq,506.88,506.88,506.88,4.16,265.408,1,13825.734918969356,13560.326918969356
3.0,static_15,e3e04e5c-30b5-4cd3-bef5-9e4a16bf0e89,2025-07-10 19:00:00+00:00,2025-07-10 04:45:00+00:00,NO,0.176479022204876,0.5882634073495866,0.15,4066.5869662725368,2073.8602378454034,897.0659999999999,1481.994,897.0659999999999,897.0659999999999,1319.2147058823525,1.0,0.6800000000000002,rolling_liq,5395.679999999999,5980.44,4939.98,20.1,402.0487058823526,1,14227.783624851709,13825.734918969356
3.0,static_15,9bb7fd31-2faf-4602-bf65-4532dd75baba,2025-07-13 22:00:00+00:00,2025-07-13 05:15:00+00:00,NO,0.0949998521804809,0.13768094518910276,0.15,979.447348707811,979.447348707811,1444.7025,2791.269,979.447348707811,979.447348707811,3627.582772991893,1.0,0.26999999999999996,kelly,9631.35,9631.35,9304.23,50.05,2598.0854242840815,1,16825.869049135792,14227.783624851709
3.0,static_15,1dc8a33e-b81b-4a0d-91bf-0109943d729e,2025-07-13 22:00:00+00:00,2025-07-13 06:00:00+00:00,NO,0.2283735346794128,0.27850431058464975,0.15,2343.03852975858,2343.03852975858,3720.7484999999997,7403.247,2343.03852975858,2343.03852975858,15810.990810991125,1.0,0.14819049342118393,kelly,24804.989999999998,24804.989999999998,24677.49,139.71,-2482.74852975858,0,14343.120519377211,16825.869049135792
3.0,static_15,333e71e9-d362-4003-836b-7d936322e7d2,2025-07-16 00:00:00+00:00,2025-07-15 06:00:00+00:00,YES,0.06468308866024008,0.07187009851137786,0.15,515.4207423441027,515.4207423441027,898.695,1797.39,515.4207423441027,515.4207423441027,5154.207423441027,1.0,0.1,kelly,5991.3,5991.3,5991.3,32.48,-547.9007423441027,0,13795.219777033108,14343.120519377211
3.0,static_15,e380b602-7a50-4ce9-99e7-63c43f11724e,2025-07-16 02:00:00+00:00,2025-07-15 13:30:00+00:00,NO,0.21980795383453366,0.4676764975202844,0.15,3225.850033922701,2069.282966554966,3460.1715,6429.303000000001,2069.282966554966,2069.282966554966,4312.631180322846,1.0,0.47981913593641884,portfolio,21431.010000000002,23067.81,21431.010000000002,75.35,-2144.632966554966,0,11650.586810478142,13795.219777033108
3.0,static_15,83fc47a0-fbb1-4f04-8af2-94e9a1fd566e,2025-07-16 17:00:00+00:00,2025-07-16 04:15:00+00:00,NO,0.1946576309204101,0.23738735478098796,0.15,1382.8509922928367,1382.8509922928367,112.527,225.054,112.527,112.527,682.570588235294,1.0,0.16485767470720547,rolling_liq,750.1800000000001,750.1800000000001,750.1800000000001,6.58,-119.107,0,11531.479810478142,11650.586810478142
3.0,static_15,5e64c14b-9cf3-45d2-bd9d-f0af702d801f,2025-07-16 19:00:00+00:00,2025-07-16 07:00:00+00:00,NO,0.1349456548690796,0.207608699798584,0.15,1197.0177651034946,1197.0177651034946,6024.6675,11962.818,1197.0177651034946,1197.0177651034946,3943.121822914499,1.0,0.30357108374063296,kelly,39882.18,40164.45,39876.06,58.36,-1255.3777651034945,0,10276.102045374648,11531.479810478142
3.0,static_15,1f15d85b-41ea-4e16-b597-b0e14ee9ba73,2025-07-16 23:30:00+00:00,2025-07-16 07:00:00+00:00,NO,0.10651913166046145,0.13656298930828392,0.15,701.6676068766662,701.6676068766662,3530.457,7051.1939999999995,701.6676068766662,701.6676068766662,3508.338034383331,1.0,0.2,kelly,23503.98,23536.38,23503.98,39.3,-740.9676068766662,0,9535.134438497982,10276.102045374648
3.0,static_15,32cb5f24-0d87-4645-a3fd-dd1e0fd1a4f6,2025-07-23 00:00:00+00:00,2025-07-22 06:00:00+00:00,NO,0.09330237627029414,0.11378338569548066,0.15,542.4699397369382,542.4699397369382,836.9594999999998,1673.9189999999996,542.4699397369382,542.4699397369382,3017.221887427434,1.0,0.17979119865110846,kelly,5579.729999999999,5579.729999999999,5579.729999999999,31.15,-573.6199397369381,0,8961.514498761044,9535.134438497982
3.0,static_15,17812353-7592-47dc-9fe1-36f6bb0d8b9d,2025-07-24 02:00:00+00:00,2025-07-23 07:00:00+00:00,NO,0.17903590440750117,0.2594723252282626,0.15,1162.632502280158,1162.632502280158,1948.8465,3897.693,1162.632502280158,1162.632502280158,4622.355778000608,1.0,0.25152380260591983,kelly,12992.310000000001,12992.310000000001,12992.310000000001,60.92,3398.8032757204496,1,12360.317774481493,8961.514498761044
3.0,static_15,d8bda49f-0b5d-428a-9697-070219652f4a,2025-07-25 00:30:00+00:00,2025-07-24 06:15:00+00:00,YES,0.12289219975471491,0.15755410224963448,0.15,973.7093852393158,973.7093852393158,3399.471,6798.942,973.7093852393158,973.7093852393158,5409.496584662866,1.0,0.18,kelly,22663.14,22663.14,22663.14,55.9,-1029.6093852393158,0,11330.708389242178,12360.317774481493
3.0,static_15,4d8cf7bd-df70-42d4-a4fd-14a6fcb736a9,2025-07-24 23:00:00+00:00,2025-07-24 12:45:00+00:00,YES,0.11587374210357665,0.21067953109741208,0.15,1193.5741652235276,1193.5741652235276,2286.4049999999997,4567.95,1193.5741652235276,1193.5741652235276,2712.668557326199,1.0,0.44000000000000006,kelly,15226.5,15242.699999999999,15226.5,46.79,1472.3043921026713,1,12803.012781344849,11330.708389242178
3.0,static_15,585740b6-3c8b-4746-8808-e7635a88c710,2025-07-27 20:00:00+00:00,2025-07-27 04:15:00+00:00,YES,0.09930047273635859,0.1273082983799469,0.15,814.9648856648619,814.9648856648619,100.089,29.7,29.7,29.7,135.0,1.0,0.22,cumulative_liq,667.26,667.26,99.0,1.63,-31.33,0,12771.682781344849,12803.012781344849
3.0,static_15,548df81e-2319-4153-a4df-bf65932d74be,2025-07-27 23:00:00+00:00,2025-07-27 06:00:00+00:00,NO,0.06239434003829958,0.0810316104393501,0.15,517.4550118964456,517.4550118964456,0.0945,0.189,0.0945,0.0945,0.45,1.0,0.21,rolling_liq,0.63,0.63,0.63,0.01,0.34550000000000003,1,12772.028281344848,12771.682781344849
3.0,static_15,d5b4c575-bc11-412e-893d-9c6ed1889586,2025-07-27 22:00:00+00:00,2025-07-27 12:30:00+00:00,YES,0.1230686521530151,0.17333612979297902,0.15,1106.9269759473948,1106.9269759473948,1886.1704999999997,3636.882,1106.9269759473948,1106.9269759473948,4262.257599797672,1.0,0.2597043820157515,kelly,12138.6,12574.47,12122.94,57.37,-1164.2969759473947,0,11607.731305397454,12772.028281344848
3.0,static_15,6adda940-e25a-4b97-9334-bfcbbb00d303,2025-07-28 23:00:00+00:00,2025-07-28 12:30:00+00:00,YES,0.05657753527164458,0.06816570514655974,0.15,395.62459479210696,395.62459479210696,2202.9660000000003,4002.777,395.62459479210696,395.62459479210696,2485.5912174506684,1.0,0.1591672001472056,kelly,14676.750000000004,14686.440000000002,13342.59,23.29,-418.914594792107,0,11188.816710605348,11607.731305397454
3.0,static_15,7a6fecee-f650-46ac-af8f-8dfc5ff13ae2,2025-07-29 23:30:00+00:00,2025-07-29 05:45:00+00:00,NO,0.11944526433944702,0.15926035245259604,0.15,890.9674464292519,890.9674464292519,1274.7689999999998,2549.5379999999996,890.9674464292519,890.9674464292519,3956.0758540402257,1.0,0.22521495524898308,kelly,8498.46,8498.46,8498.46,48.33,3016.7784076109738,1,14205.595118216323,11188.816710605348
3.0,static_15,185c1d82-80ca-427a-bb34-b717e2127e2e,2025-07-30 23:00:00+00:00,2025-07-30 05:30:00+00:00,YES,0.15933475494384763,0.2655579249064127,0.15,1886.2041808270967,1886.2041808270967,123.06150000000001,246.12300000000002,123.06150000000001,123.06150000000001,311.62874999999997,1.0,0.3948977749966908,rolling_liq,820.4100000000001,820.4100000000001,820.4100000000001,5.22,183.34724999999995,1,14388.942368216323,14205.595118216323
3.0,static_15,c2f7980e-2390-45e9-8977-c6e6d2c1f545,2025-07-31 00:00:00+00:00,2025-07-30 07:00:00+00:00,NO,0.09089968681335447,0.12452011892240339,0.15,895.8564074289526,895.8564074289526,2231.7839999999997,4427.1089999999995,895.8564074289526,895.8564074289525,3446.1784901113556,0.9999999999999999,0.25995647352555,kelly,14874.81,14878.559999999998,14757.029999999999,46.41,-942.2664074289524,0,13446.67596078737,14388.942368216323
3.0,static_15,e8241b1f-576e-4bcf-b7d0-79606aa78b00,2025-07-31 00:00:00+00:00,2025-07-30 15:30:00+00:00,NO,0.16516225516796124,0.434637513599898,0.15,2922.214902890071,2017.0013941181055,5180.2515,9682.199999999999,2017.0013941181055,2017.0013941181055,3538.5989370493085,1.0,0.57,portfolio,32273.999999999996,34535.01,32273.999999999996,60.72,1460.877542931203,1,14907.553503718573,13446.67596078737
3.0,static_15,50578d4e-21ed-488c-ac01-1008b9b70e0d,2025-07-31 23:30:00+00:00,2025-07-31 05:45:00+00:00,NO,0.1513962113857269,0.2566037481114015,0.15,1912.667052112721,1912.667052112721,3670.2495000000004,7340.499000000001,1912.667052112721,1912.667052112721,5486.363006036346,1.0,0.34862203795270524,kelly,24468.33,24468.33,24468.33,87.22,3486.475953923625,1,18394.0294576422,14907.553503718573
3.0,static_15,a1ca524f-e7ce-449f-ab32-66adea0ba523,2025-08-01 23:30:00+00:00,2025-08-01 05:45:00+00:00,NO,0.15966734647750846,0.3894325523841671,0.15,3581.616920159579,2759.1044186463296,518.8905,1037.781,518.8905,518.8905,887.3059322033898,1.0,0.5847932276429986,rolling_liq,3459.27,3459.27,3459.27,15.09,353.3254322033899,1,18747.35488984559,18394.0294576422
3.0,static_15,64fb0c10-3ce1-4592-a3f9-65395a9e58af,2025-08-01 23:30:00+00:00,2025-08-01 15:00:00+00:00,YES,0.10673018932342532,0.18089862597190728,0.15,1695.685370090392,1695.685370090392,2930.5844999999995,5813.567999999997,1695.685370090392,1695.685370090392,4490.277289711558,1.0,0.3776348899377922,kelly,19537.229999999996,19537.229999999996,19378.55999999999,73.88,2720.711919621166,1,21468.066809466756,18747.35488984559
3.0,static_15,de06dc94-ceb2-41b8-bde0-f9f91c917d00,2025-08-03 22:00:00+00:00,2025-08-03 06:00:00+00:00,NO,0.07582804679870603,0.10531673166486949,0.15,1130.4733157680507,1130.4733157680507,743.0085,1282.2749999999999,743.0085,743.0085,3025.434,1.0,0.24558740993854103,rolling_liq,4331.37,4953.39,4274.25,39.24,-782.2485,0,20685.818309466755,21468.066809466756
3.0,static_15,1dffe97b-d132-4697-af9f-8b08902da90d,2025-08-03 22:00:00+00:00,2025-08-03 06:00:00+00:00,YES,0.05085827469825738,0.05913752871890393,0.15,611.6540871750594,611.6540871750594,975.9060000000001,1839.1050000000002,611.6540871750594,611.6540871750594,4987.492978269687,1.0,0.12263758361966874,kelly,6186.900000000001,6506.040000000001,6130.350000000001,37.57,-649.2240871750595,0,20036.594222291696,20685.818309466755
3.0,static_15,cd325282-98cc-46dd-a9f0-e2d5d887b51f,2025-08-06 00:00:00+00:00,2025-08-05 07:00:00+00:00,YES,0.09239223599433899,0.12318964799245198,0.15,1234.1504946058556,1234.1504946058556,103.07249999999999,197.595,103.07249999999999,103.07249999999999,429.46874999999994,1.0,0.24000000000000002,rolling_liq,687.15,687.15,658.65,5.49,320.90624999999994,1,20357.500472291696,20036.594222291696
3.0,static_15,6a9e0ff7-c5b4-4a72-b217-41dc4a8caa4f,2025-08-06 02:00:00+00:00,2025-08-05 07:00:00+00:00,NO,0.3618546456098557,0.6579175374724648,0.15,6696.778289912347,3053.625070843754,41.9625,83.925,41.9625,41.9625,95.57386363636363,1.0,0.4390583199571964,rolling_liq,279.75,279.75,279.75,1.65,51.96136363636363,1,20409.46183592806,20357.500472291696
3.0,static_15,d300ee86-e2e0-4bf4-9247-1d7a3a859e07,2025-08-06 02:00:00+00:00,2025-08-05 07:00:00+00:00,NO,0.08956348419189453,0.10294653355390175,0.15,1050.5416738547226,1050.5416738547226,166.53149999999997,333.06299999999993,166.53149999999997,166.53149999999997,1593.2863636363634,1.0,0.1045207589801525,rolling_liq,1110.2099999999998,1110.2099999999998,1110.2099999999998,10.44,-176.97149999999996,0,20232.49033592806,20409.46183592806
3.0,static_15,0934f4d6-98dc-4543-b6bd-c04adfa95bf2,2025-08-08 02:00:00+00:00,2025-08-07 07:00:00+00:00,NO,0.14108287811279296,0.2275530292141822,0.15,2301.9822322435484,2301.9822322435484,906.507,1813.014,906.507,906.507,2518.075,1.0,0.36,rolling_liq,6043.38,6043.38,6043.38,40.62,-947.127,0,19285.36333592806,20232.49033592806
3.0,static_15,042c5181-7425-497a-8593-922c0cccfc16,2025-08-08 02:00:00+00:00,2025-08-07 07:00:00+00:00,NO,0.10052478075027471,0.12410466759293173,0.15,1196.7018031071325,1196.7018031071325,534.5955,1069.191,534.5955,534.5955,3144.679411764705,1.0,0.17000000000000004,rolling_liq,3563.9700000000003,3563.9700000000003,3563.9700000000003,31.06,-565.6555,0,18719.70783592806,19285.36333592806
3.0,static_15,25596e43-21b0-4411-b093-a5ca0b6480d6,2025-08-09 02:00:00+00:00,2025-08-08 07:30:00+00:00,YES,0.13616769552230834,0.2778932561679762,0.15,2601.0402825196143,2601.0402825196143,1023.4214999999999,2039.346,1023.4214999999999,1023.4214999999999,2088.615306122449,1.0,0.48999999999999994,rolling_liq,6822.8099999999995,6822.8099999999995,6797.820000000001,36.54,1028.6538061224492,1,19748.36164205051,18719.70783592806
3.0,static_15,3a283716-466b-440c-a344-5994da2e16aa,2025-08-10 00:30:00+00:00,2025-08-09 13:15:00+00:00,YES,0.124353095293045,0.1943017113953828,0.15,1918.570232152673,1918.570232152673,10185.246000000001,19866.996000000003,1918.570232152673,1918.570232152673,5624.343520436209,1.0,0.34111896351662996,kelly,67901.64000000001,67901.64000000001,66223.32,88.49,3617.2832882835355,1,23365.644930334045,19748.36164205051
3.0,static_15,2de72b4c-3c39-42c4-8321-18efac227563,2025-08-10 16:30:00+00:00,2025-08-10 02:30:00+00:00,NO,0.28335612535476684,0.4570260086367207,0.15,5339.3537208666985,3504.8467395501066,1274.0939999999998,2522.2139999999995,1274.0939999999998,1274.0939999999998,3443.4972972972973,1.0,0.36999999999999994,rolling_liq,8493.96,8493.96,8407.38,56.19,2113.2132972972972,1,25478.858227631343,23365.644930334045
3.0,static_15,56ef45bc-fa3c-47bb-926c-8b9f8433bdb6,2025-08-10 20:00:00+00:00,2025-08-10 04:30:00+00:00,NO,0.146348443031311,0.24804820852764578,0.15,3159.9925693469113,3159.9925693469113,4609.575,9218.097,3159.9925693469113,3159.9925693469113,8095.506423367279,1.0,0.3903390849305917,kelly,30730.5,30730.5,30726.99,134.86,4800.653854020368,1,30279.512081651712,25478.858227631343
3.0,static_15,2eb1473f-e48b-4a13-bb64-bb3604b03c6d,2025-08-10 22:00:00+00:00,2025-08-10 12:00:00+00:00,NO,0.13645145893096922,0.22741909821828205,0.15,3443.069666049404,3443.069666049404,9273.996,18546.939,3443.069666049404,3443.069666049404,9678.082405692789,1.0,0.3557594905395867,kelly,61823.13,61826.64,61823.13,155.28,6079.732739643385,1,36359.2448212951,30279.512081651712
3.0,static_15,4b134f76-aff1-49fb-b585-3e9073eb44c2,2025-08-14 02:00:00+00:00,2025-08-13 08:00:00+00:00,NO,0.21488385438919066,0.4385384783452871,0.15,7972.463948857256,5453.886723194265,3760.7895,7504.478999999999,3760.7895,3760.7895,8986.832142857142,1.0,0.4184777728366861,rolling_liq,25014.93,25071.93,25014.93,153.09,5072.952642857142,1,41432.19746415224,36359.2448212951
3.0,static_15,74f4d3c6-f105-49b3-bb25-ee57ac47d235,2025-08-13 23:30:00+00:00,2025-08-13 11:45:00+00:00,NO,0.12422191977500918,0.2343809807075645,0.15,4855.459537258735,4855.459537258735,4307.6295,5629.302,4307.6295,4307.6295,9572.51,1.0,0.45,rolling_liq,18764.34,28717.53,18764.34,165.85,5099.0305,1,46531.22796415224,41432.19746415224
3.0,static_15,fdec04dc-4b3e-4713-8640-3988c3e4f01f,2025-08-16 02:00:00+00:00,2025-08-15 07:15:00+00:00,NO,0.13219804048538208,0.20983815950060647,0.15,4882.013617650429,4882.013617650429,280.629,561.258,280.629,280.629,779.5250000000001,1.0,0.36,rolling_liq,1870.8600000000001,1870.8600000000001,1870.8600000000001,12.58,486.3160000000001,1,47017.54396415224,46531.22796415224
3.0,static_15,f69e50f9-fa32-4c94-9a1b-f8a270e47e4c,2025-08-16 02:00:00+00:00,2025-08-15 16:45:00+00:00,YES,0.15301872491836543,0.340041610929701,0.15,7993.960695764183,7052.631594622836,2090.6639999999998,4181.3279999999995,2090.6639999999998,2090.6639999999998,3876.5999999999995,1.0,0.5393035133880204,rolling_liq,13937.76,13937.76,13937.76,67.43,-2158.0939999999996,0,44859.44996415224,47017.54396415224
3.0,static_15,673f7bf8-4cb2-4836-9dec-4131b50da342,2025-08-16 18:00:00+00:00,2025-08-16 03:15:00+00:00,YES,0.29983103513717646,0.6814341707663102,0.15,15284.381043677433,6728.917494622836,6792.2595,13584.519,6728.917494622836,6728.917494622836,12604.45832337562,1.0,0.533852175316706,portfolio,45281.73,45281.73,45281.73,219.57,5655.970828752785,1,50515.420792905024,44859.44996415224
3.0,static_15,3495c00d-950e-4e49-87e6-3a022d1d9c1b,2025-08-17 19:00:00+00:00,2025-08-17 03:45:00+00:00,YES,0.1182247066497803,0.20038085872844116,0.15,5061.161698755431,5061.161698755431,708.5069999999998,1411.848,708.5069999999998,708.5069999999998,1748.6268292682926,1.0,0.40517907431196876,rolling_liq,4723.379999999999,4723.379999999999,4706.16,29.51,1010.6098292682927,1,51526.03062217332,50515.420792905024
3.0,static_15,b233aa62-25a1-489f-9f1a-ad31d9a6a7c2,2025-08-17 22:00:00+00:00,2025-08-17 10:45:00+00:00,NO,0.13120973110198975,0.2624194622039795,0.15,6760.716622688251,6760.716622688251,3105.324,6202.71,3105.324,3105.324,6900.719999999999,1.0,0.45000000000000007,rolling_liq,20702.16,20702.16,20675.7,119.56,3675.8359999999993,1,55201.866622173315,51526.03062217332
3.0,static_15,b6df91b4-c8f5-45f8-bebf-c6845d61912b,2025-08-19 23:00:00+00:00,2025-08-19 05:30:00+00:00,NO,0.2621755397319794,0.5140696857489792,0.15,14188.803113608848,8280.279993325998,2940.0974999999994,5880.194999999999,2940.0974999999994,2940.0974999999994,7032.232142857143,1.0,0.4180888002945619,rolling_liq,19600.649999999998,19600.649999999998,19600.649999999998,119.77,-3059.8674999999994,0,52141.999122173314,55201.866622173315
3.0,static_15,2cc91c72-9797-403a-adc1-51f134d84117,2025-08-20 02:00:00+00:00,2025-08-19 07:00:00+00:00,YES,0.09672302126884458,0.13433752954006192,0.15,3502.3136736764204,3502.3136736764204,226.43550000000002,452.87100000000004,226.43550000000002,226.43550000000002,861.2055555555556,1.0,0.26292851751743357,rolling_liq,1509.5700000000002,1509.5700000000002,1509.5700000000002,11.69,-238.12550000000002,0,51903.87362217331,52141.999122173314
3.0,static_15,a1382913-f5c5-4721-9dee-4195779e9b68,2025-08-23 20:00:00+00:00,2025-08-23 04:00:00+00:00,NO,0.19466778397560125,0.34762104281357364,0.15,9021.439337301912,7785.581043325997,975.375,1950.75,975.375,975.375,2322.321428571429,1.0,0.41999999999999993,rolling_liq,6502.5,6502.5,6502.5,39.61,1307.336428571429,1,53211.21005074474,51903.87362217331
3.0,static_15,bb8576ec-3270-4ee6-9d85-f37e6e502af7,2025-08-24 19:00:00+00:00,2025-08-24 03:45:00+00:00,YES,0.1296231734752655,0.16618355573751986,0.15,4421.414045664408,4421.414045664408,814.9095000000001,1543.689,814.9095000000001,814.9095000000001,3819.9068181818184,1.0,0.21333229808675724,rolling_liq,5432.7300000000005,5432.7300000000005,5145.63,44.88,-859.7895000000001,0,52351.42055074474,53211.21005074474
3.0,static_15,0962940f-0261-4fce-b716-3a16393d43b7,2025-08-24 20:00:00+00:00,2025-08-24 05:45:00+00:00,NO,0.17109873175621026,0.39790402734002395,0.15,10415.420537056314,7852.713082611711,2712.6899999999996,5146.757999999999,2712.6899999999996,2712.6899999999996,5328.470588235294,1.0,0.5090935485295416,rolling_liq,17155.859999999997,18084.6,17155.859999999997,93.22,2522.5605882352943,1,54873.98113898004,52351.42055074474
3.0,static_15,ab22cb38-adf5-49e7-8d94-af37949f1527,2025-08-26 23:00:00+00:00,2025-08-26 06:00:00+00:00,YES,0.11368976593017577,0.18637666545930454,0.15,5113.614812579935,5113.614812579935,1455.264,2882.448,1455.264,1455.264,3848.5105263157893,1.0,0.37813694156454236,rolling_liq,9608.16,9701.76,9608.16,63.35,2329.8965263157893,1,57203.877665295826,54873.98113898004
3.0,static_15,467aedcd-fa42-4992-9a69-fce47d1ece15,2025-08-28 00:00:00+00:00,2025-08-27 16:00:00+00:00,NO,0.15859810590744017,0.33041272064050037,0.15,9450.444425288373,8580.581649794374,2314.8044999999997,4092.3450000000003,2314.8044999999997,2314.8044999999997,4554.067647058824,1.0,0.5082938329857664,rolling_liq,15432.029999999999,15432.029999999999,13641.150000000001,79.68,2159.5831470588246,1,59363.46081235465,57203.877665295826
3.0,static_15,6d17df9c-9585-4b14-b1ab-7334c0443b45,2025-08-30 02:00:00+00:00,2025-08-29 07:15:00+00:00,NO,0.14991149187088015,0.28285187145449087,0.15,8395.532993394922,8395.532993394922,2741.9174999999996,5471.28,2741.9174999999996,2741.9174999999996,6372.698863636363,1.0,0.4302600136412876,rolling_liq,18279.449999999997,18279.449999999997,18237.6,109.36,3521.4213636363634,1,62884.88217599101,59363.46081235465
3.0,static_15,eef5e74b-cdc8-45c9-b34e-c80089a44b6d,2025-09-01 00:00:00+00:00,2025-08-31 06:00:00+00:00,NO,0.12026148080825805,0.1625155146057541,0.15,5109.884493876697,5109.884493876697,1076.1435000000001,2152.2870000000003,1076.1435000000001,1076.1435000000001,5031.19772727273,1.0,0.21389409805274084,rolling_liq,7174.290000000001,7174.290000000001,7174.290000000001,59.22,-1135.3635000000002,0,61749.518675991014,62884.88217599101
3.0,static_15,2f5baf0d-dd06-464d-95dd-177924f443c9,2025-09-04 00:00:00+00:00,2025-09-03 06:00:00+00:00,NO,0.20699598312377931,0.3980691983149602,0.15,12290.290697843202,9262.427801398651,1122.219,2244.438,1122.219,1122.219,2501.153333333333,1.0,0.44868060867919607,rolling_liq,7481.46,7481.46,7481.46,43.31,-1165.529,0,60583.98967599101,61749.518675991014
3.0,static_15,b69d86fb-d73a-4b99-bec9-88e73e7ce25b,2025-09-05 02:00:00+00:00,2025-09-04 12:45:00+00:00,NO,0.05718323230743405,0.06807527655646911,0.15,2062.135926043679,2062.135926043679,316.54350000000005,625.932,316.54350000000005,316.5435000000001,2261.0250000000005,1.0000000000000002,0.14,rolling_liq,2086.44,2110.2900000000004,2086.44,19.06,-335.6035000000001,0,60248.386175991014,60583.98967599101
3.0,static_15,f9c188c7-35cd-436c-8d11-7f1b0131ba33,2025-09-05 23:30:00+00:00,2025-09-05 10:30:00+00:00,NO,0.06474714040756224,0.07528737256693284,0.15,2267.9713482941406,2267.9713482941406,509.37750000000005,1006.2810000000001,509.37750000000005,509.37750000000005,3918.2884615384637,1.0,0.12999999999999995,rolling_liq,3354.2700000000004,3395.8500000000004,3354.2700000000004,31.03,-540.4075,0,59707.97867599101,60248.386175991014
3.0,static_15,e9ff9be0-15cb-4e16-86a5-89be878b6745,2025-09-10 02:00:00+00:00,2025-09-09 07:00:00+00:00,NO,0.2139049685001373,0.30127460352132013,0.15,8994.248801334315,8956.196801398652,2701.2374999999997,5402.474999999999,2701.2374999999997,2701.2374999999997,10289.36111111111,1.0,0.2625272328213878,rolling_liq,18008.25,18008.25,18008.25,139.45,-2840.6874999999995,0,56867.29117599101,59707.97867599101
3.0,static_15,31d89653-50a1-4688-b507-15c8e12dad33,2025-09-09 23:30:00+00:00,2025-09-09 12:30:00+00:00,NO,0.16207829356193537,0.3683597580953077,0.15,10473.810810561738,8530.093676398652,2491.7850000000008,4930.218,2491.7850000000008,2491.7850000000008,4700.694444444445,1.0,0.5300886984783573,rolling_liq,16434.06,16611.900000000005,16434.06,81.97,-2573.7550000000006,0,54293.536175991016,56867.29117599101
3.0,static_15,93a98ff0-ed90-4c11-8f56-dfd70e55ed58,2025-09-12 00:00:00+00:00,2025-09-11 07:00:00+00:00,NO,0.1892402425408365,0.6308008084694549,0.15,17124.203257240362,8144.030426398652,818.4915000000001,1553.823,818.4915000000001,818.4915000000001,1228.524626865672,1.0,0.6662393916255573,rolling_liq,5456.610000000001,5456.610000000001,5179.410000000001,19.13,-837.6215000000001,0,53455.914675991015,54293.536175991016
3.0,static_15,2fb00c07-3995-4420-aa53-e0b95160a91a,2025-09-18 02:00:00+00:00,2025-09-17 16:15:00+00:00,YES,0.07049068570137018,0.08702553790292615,0.15,2326.0148643855214,2326.0148643855214,1931.7375,3836.9700000000003,1931.7375,1931.7375,12139.734375,1.0,0.1591251867897645,rolling_liq,12807.57,12878.25,12789.900000000001,113.71,-2045.4475,0,51410.46717599101,53455.914675991015
3.0,static_15,30981dda-706d-44fc-9eb4-b6f8c5a3e874,2025-09-24 01:30:00+00:00,2025-09-22 23:30:00+00:00,NO,0.11262015342712406,0.14255715623686588,0.15,3664.4650007090077,3664.4650007090077,1127.7900000000002,2253.6000000000004,1127.7900000000002,1127.7900000000002,5638.949999999999,1.0,0.20000000000000007,rolling_liq,7518.600000000001,7518.600000000001,7512.000000000001,63.16,-1190.9500000000003,0,50219.517175991015,51410.46717599101
3.0,static_15,fb31c505-de82-4d70-a8a2-a91dbaacd1ee,2025-09-29 00:00:00+00:00,2025-09-28 02:30:00+00:00,NO,0.18119778752326965,0.29225449600527365,0.15,7338.4398409487185,7338.4398409487185,9137.101499999999,18269.342999999997,7338.4398409487185,7338.4398409487185,20969.88525985348,1.0,0.3499513588182596,kelly,60897.81,60914.009999999995,60897.81,333.93,-7672.369840948719,0,42547.1473350423,50219.517175991015
3.0,static_15,fc11987d-5051-4621-94f9-17a356691802,2025-10-01 01:30:00+00:00,2025-09-30 01:15:00+00:00,NO,0.06506288051605225,0.08675050735473633,0.15,1845.4933089058184,1845.4933089058184,6051.474,11649.572999999999,1845.4933089058184,1845.4933089058184,8388.605949571902,1.0,0.22,kelly,40333.41,40343.16,38831.909999999996,100.77,-1946.2633089058183,0,40600.884026136475,42547.1473350423
3.0,static_15,4a8a3c5a-81ad-462c-b4cb-3300d1eea8c3,2025-10-09 00:00:00+00:00,2025-10-07 11:00:00+00:00,NO,0.16387164235115048,0.2777485463578822,0.15,5638.418259552183,5638.418259552183,24396.457499999997,48792.91499999999,5638.418259552183,5638.418259552183,15407.13043122212,1.0,0.36596161009490036,kelly,162643.05,162643.05,162643.05,250.25,9518.462171669937,1,50119.346197806415,40600.884026136475
3.0,static_20,d1bd5e4c-1d9e-47c6-b24e-52544a1a2c13,2025-05-22 23:30:00+00:00,2025-05-22 13:00:00+00:00,YES,0.18705255270004273,0.2969088138095916,0.2,742.2720345239791,742.2720345239791,478.53000000000003,933.696,478.53000000000003,478.53000000000003,1375.2857142857144,1.0,0.3479495169834839,rolling_liq,3112.32,3190.2000000000003,3112.32,21.85,-500.38000000000005,0,4499.62,5000.0
3.0,static_20,b8786c5b-6a05-49e0-9ba2-0bc7db3e8a60,2025-05-24 02:00:00+00:00,2025-05-23 12:30:00+00:00,NO,0.08980293750762935,0.10819631025015586,0.2,243.42114076390314,243.42114076390314,393.5565000000001,787.1130000000002,243.42114076390314,243.42114076390314,2680.8114076390316,1.0,0.09080129250057248,kelly,2623.7100000000005,2623.7100000000005,2623.7100000000005,15.5,-258.92114076390317,0,4240.698859236097,4499.62
3.0,static_20,a35a38a3-fdb6-40a3-86f1-842d77ac32bf,2025-05-24 02:00:00+00:00,2025-05-23 12:30:00+00:00,NO,0.32377356052398687,0.3997204450913418,0.2,847.547017756099,847.547017756099,114.27300000000001,228.54600000000002,114.27300000000001,114.27300000000001,714.2062500000001,1.0,0.16,rolling_liq,761.82,761.82,761.82,6.72,593.21325,1,4833.9121092360965,4240.698859236097
3.0,static_20,92c4a40c-74f4-4a28-be37-18237fca81a5,2025-05-23 23:30:00+00:00,2025-05-23 12:30:00+00:00,NO,0.09931676149368285,0.11548460638800331,0.2,279.12121862466677,279.12121862466677,173.49749999999997,346.99499999999995,173.49749999999997,173.49749999999997,2168.7187499999995,1.0,0.08,rolling_liq,1156.6499999999999,1156.6499999999999,1156.6499999999999,11.18,-184.67749999999998,0,4649.234609236097,4833.9121092360965
3.0,static_20,10582ee6-a493-4e18-9878-6203b5e8065d,2025-05-24 02:00:00+00:00,2025-05-23 12:30:00+00:00,NO,0.08664486169815067,0.13128009348204644,0.2,305.1759770602402,305.1759770602402,457.4789999999999,914.9579999999999,305.1759770602402,305.1759770602402,1018.5532568674674,1.0,0.2996171039684273,kelly,3049.8599999999997,3049.8599999999997,3049.8599999999997,14.97,-320.1459770602402,0,4329.088632175856,4649.234609236097
3.0,static_20,b0d98920-a05f-481d-9dea-7046f3e6fc33,2025-05-25 19:00:00+00:00,2025-05-25 05:00:00+00:00,NO,0.19932658433914185,0.26227182149887085,0.2,567.6989804954086,567.6989804954086,440.307,880.614,440.307,440.307,2201.535,1.0,0.2,rolling_liq,2935.38,2935.38,2935.38,24.66,-464.96700000000004,0,3864.121632175856,4329.088632175856
3.0,static_20,bbd4ae77-444a-4dfe-ad87-70233844aa1d,2025-05-25 22:00:00+00:00,2025-05-25 14:00:00+00:00,NO,0.1071816420555115,0.1623964273568356,0.2,313.7597739688117,313.7597739688117,164.74500000000003,329.49000000000007,164.74500000000003,164.74500000000003,510.0454545454547,1.0,0.32300062383031813,rolling_liq,1098.3000000000002,1098.3000000000002,1098.3000000000002,7.81,-172.55500000000004,0,3691.5666321758563,3864.121632175856
3.0,static_20,5f3d74e1-8cdd-4616-aedf-f1e90dc75db0,2025-05-27 23:00:00+00:00,2025-05-27 05:45:00+00:00,NO,0.0740113401412964,0.08315880914752405,0.2,153.49314251024006,153.49314251024006,205.28099999999998,410.56199999999995,153.49314251024006,153.49314251024006,2212.902035860572,1.0,0.0693628276457111,kelly,1368.54,1368.54,1368.54,10.0,-163.49314251024006,0,3528.0734896656163,3691.5666321758563
3.0,static_20,8a594783-4b88-43cd-b381-a8660e3a0766,2025-05-27 23:00:00+00:00,2025-05-27 13:00:00+00:00,YES,0.3129020285606384,0.5046806912268361,0.2,890.2752837317596,705.6146979331234,725.9085,1434.7169999999999,705.6146979331234,705.6146979331234,1907.0667511706038,1.0,0.37,portfolio,4782.389999999999,4839.39,4782.389999999999,31.12,-736.7346979331234,0,2791.338791732493,3528.0734896656163
3.0,static_20,ee675eed-ef15-494e-a8f4-e0202373e26c,2025-05-28 00:00:00+00:00,2025-05-27 13:00:00+00:00,NO,0.08173902988433834,0.11512539420329344,0.2,160.67698937657403,160.67698937657403,150.16949999999997,300.33899999999994,150.16949999999997,150.16949999999997,600.6779999999999,1.0,0.25,rolling_liq,1001.1299999999999,1001.1299999999999,1001.1299999999999,7.89,-158.05949999999996,0,2633.279291732493,2791.338791732493
3.0,static_20,a17fdde4-604b-4197-8c9a-97dc9b78c44e,2025-05-29 23:00:00+00:00,2025-05-29 13:00:00+00:00,NO,0.09309141159057621,0.10118631694627848,0.2,133.2259165106579,133.2259165106579,46.583999999999996,93.16799999999999,46.583999999999996,46.583999999999996,680.9142857142856,1.0,0.06841389728096678,rolling_liq,310.56,310.56,310.56,3.04,-49.623999999999995,0,2583.6552917324934,2633.279291732493
3.0,static_20,1d299098-034f-480d-af99-bcebd640859e,2025-05-30 23:30:00+00:00,2025-05-30 12:15:00+00:00,NO,0.07657644748687742,0.0900899382198558,0.2,116.38067280679192,116.38067280679192,136.071,160.668,116.38067280679192,116.38067280679192,918.5436369753226,1.0,0.12670129988600484,kelly,907.1400000000001,907.1400000000001,535.5600000000001,7.12,795.0429641685306,1,3378.698255901024,2583.6552917324934
3.0,static_20,c9d9dbf0-f3e6-4f3f-b2a5-e83fe165023d,2025-06-01 22:00:00+00:00,2025-06-01 05:15:00+00:00,NO,0.14538862824440002,0.23449778749096778,0.2,396.14863280419087,396.14863280419087,727.587,1452.9059999999995,396.14863280419087,396.14863280419087,1131.8532365834026,1.0,0.35,kelly,4850.58,4850.58,4843.019999999999,18.03,717.6746037792118,1,4096.372859680236,3378.698255901024
3.0,static_20,9998a61a-229c-44c2-b892-ee5b1ea16c23,2025-06-02 00:30:00+00:00,2025-06-01 12:15:00+00:00,YES,0.0670652312040329,0.08178686732199134,0.2,167.51475178803685,167.51475178803685,1342.5480000000002,2676.024000000001,167.51475178803685,167.51475178803685,1202.3196556288344,1.0,0.1393263022889064,kelly,8950.320000000002,8950.320000000002,8920.080000000004,10.1,-177.61475178803684,0,3918.758107892199,4096.372859680236
3.0,static_20,272d53ae-a46b-43bc-ac0f-8a846e03a9d1,2025-06-04 00:00:00+00:00,2025-06-03 12:30:00+00:00,NO,0.12299813508987423,0.14819052420466775,0.2,290.36140911991845,290.36140911991845,325.24649999999997,637.398,290.36140911991845,290.36140911991845,2252.010839383988,1.0,0.12893428576895463,kelly,2124.6600000000003,2168.31,2124.6600000000003,17.71,-308.0714091199184,0,3610.6866987722806,3918.758107892199
3.0,static_20,f8baaf5b-f1fa-4923-9eec-e85ed7a82142,2025-06-05 23:30:00+00:00,2025-06-05 06:15:00+00:00,YES,0.0730656540393829,0.08496006283649174,0.2,153.38208440528894,153.38208440528894,250.99200000000002,501.98400000000004,153.38208440528894,153.38208440528894,1308.434036710741,1.0,0.11722569124758829,kelly,1673.2800000000002,1673.2800000000002,1673.2800000000002,9.48,-162.86208440528893,0,3447.8246143669917,3610.6866987722806
3.0,static_20,45eb60bf-a1b9-4f49-90cb-62097ff47bbd,2025-06-06 02:00:00+00:00,2025-06-05 13:00:00+00:00,NO,0.1447575712203979,0.20979358147883756,0.2,361.66573707947157,361.66573707947157,1197.018,2360.286,361.66573707947157,361.66573707947157,1289.6404726878327,1.0,0.2804391958370366,kelly,7867.620000000001,7980.12,7867.620000000001,18.22,-379.8857370794716,0,3067.93887728752,3447.8246143669917
3.0,static_20,772cef5b-3110-4eaf-a68b-6eb3cd04f42a,2025-06-06 23:30:00+00:00,2025-06-06 12:15:00+00:00,YES,0.1407347512245178,0.18277240418768548,0.2,280.3672822513543,280.3672822513543,993.465,1986.93,280.3672822513543,280.3672822513543,1557.596012507524,1.0,0.18,kelly,6623.1,6623.1,6623.1,16.1,1261.1287302561698,1,4329.0676075436895,3067.93887728752
3.0,static_20,8b0ee0bd-54cf-4be2-a8ba-b16813be20b6,2025-06-07 19:00:00+00:00,2025-06-07 04:30:00+00:00,YES,0.1381078326702118,0.1644140865121569,0.2,355.8798480718321,355.8798480718321,798.6015,1339.299,355.8798480718321,355.8798480718321,2589.9323204788807,1.0,0.1374089373910858,kelly,5285.13,5324.01,4464.33,21.49,2212.562472407049,1,6541.630079950739,4329.0676075436895
3.0,static_20,639e72ff-50dd-401b-a2a8-dd49fdd02b89,2025-06-08 02:00:00+00:00,2025-06-07 12:15:00+00:00,YES,0.13786698698997496,0.20577162237309699,0.2,673.0409172580579,673.0409172580579,698.6475,1377.1350000000002,673.0409172580579,673.0409172580579,2103.252866431431,1.0,0.32,kelly,4657.650000000001,4657.650000000001,4590.450000000001,32.04,-705.0809172580579,0,5836.549162692681,6541.630079950739
3.0,static_20,5e1d090c-1c51-494b-8c1f-1f1ba520ee2a,2025-06-10 02:00:00+00:00,2025-06-09 12:30:00+00:00,NO,0.24757077574729924,0.3640746702166165,0.2,1062.4698558052035,1062.4698558052035,1389.294,2769.408,1062.4698558052035,1062.4698558052035,3794.535199304298,1.0,0.27999999999999997,kelly,9261.960000000001,9261.960000000001,9231.36,53.55,2678.5153434990943,1,8515.064506191775,5836.549162692681
3.0,static_20,4a60d4ef-8d10-4f25-bab6-346332242fd5,2025-06-10 23:30:00+00:00,2025-06-10 12:15:00+00:00,NO,0.12558921575546267,0.19321417808532718,0.2,822.6155949536931,822.6155949536931,797.265,1560.744,797.265,797.265,2415.954545454545,1.0,0.33000000000000007,rolling_liq,5315.1,5315.1,5202.48,37.4,-834.665,0,7680.399506191775,8515.064506191775
3.0,static_20,84da0d09-cdf5-46a5-89eb-d489373ed8ed,2025-06-12 02:00:00+00:00,2025-06-11 13:30:00+00:00,NO,0.11724735021591182,0.1429845734340388,0.2,549.0893235979166,549.0893235979166,5.575499999999999,9.008999999999999,5.575499999999999,5.575499999999999,32.797058823529404,1.0,0.17,rolling_liq,30.029999999999998,37.169999999999995,30.029999999999998,0.33,26.891558823529408,1,7707.291065015304,7680.399506191775
3.0,static_20,c95f06b7-8138-460b-bc1d-e9c9478156eb,2025-06-13 23:30:00+00:00,2025-06-13 06:00:00+00:00,NO,0.07324323654174802,0.08616851357852709,0.2,332.06290739471586,332.06290739471586,752.0849999999999,1497.7439999999995,332.06290739471586,332.06290739471586,2767.1908949559656,1.0,0.12,kelly,5013.9,5013.9,4992.479999999999,20.46,-352.52290739471584,0,7354.768157620589,7707.291065015304
3.0,static_20,ee13e918-b149-4c1e-8ae9-03cf0618c5d9,2025-06-15 00:30:00+00:00,2025-06-14 06:30:00+00:00,YES,0.22761168122291559,0.30758335300393996,0.2,1131.1021252437754,1131.1021252437754,5690.9115,11381.823,1131.1021252437754,1131.1021252437754,5659.260626218876,1.0,0.19986747385400047,kelly,37939.41,37939.41,37939.41,63.36,4464.7985009751,1,11819.56665859569,7354.768157620589
3.0,static_20,7162ed3d-7135-4801-b3a8-ba85cbcaa7ea,2025-06-15 22:00:00+00:00,2025-06-15 05:30:00+00:00,YES,0.2125312566757202,0.38642046668312763,0.2,2283.661232103441,2283.661232103441,3053.9835,6107.967,2283.661232103441,2283.661232103441,6412.420089176225,1.0,0.35613094593695166,kelly,20359.89,20359.89,20359.89,102.93,-2386.5912321034407,0,9432.975426492249,11819.56665859569
3.0,static_20,acf4a696-dabb-4821-9d7a-7417121d43a8,2025-06-17 23:00:00+00:00,2025-06-17 05:45:00+00:00,NO,0.10341833353042607,0.1124112320982892,0.2,530.1861950224393,530.1861950224393,316.46700000000004,629.721,316.46700000000004,316.46700000000004,4522.242857142857,1.0,0.06998009837090952,rolling_liq,2109.78,2109.78,2099.07,20.61,-337.07700000000006,0,9095.89842649225,9432.975426492249
3.0,static_20,f992552a-94d9-40c8-aa4b-fa5c7bf321fd,2025-06-18 00:00:00+00:00,2025-06-17 06:15:00+00:00,NO,0.2464600276947021,0.4323860134994774,0.2,1966.4696299135765,1819.1796852984498,3961.3724999999995,7922.744999999999,1819.1796852984498,1819.1796852984498,4541.072403166951,1.0,0.40060574326666787,portfolio,26409.149999999998,26409.149999999998,26409.149999999998,76.33,-1895.5096852984498,0,7200.388741193799,9095.89842649225
3.0,static_20,326d833a-4a17-4fec-882e-c3699065a0ed,2025-06-18 00:00:00+00:00,2025-06-17 07:00:00+00:00,NO,0.11250839233398435,0.13236281451056983,0.2,476.53185967731514,476.53185967731514,111.14099999999999,222.28199999999998,111.14099999999999,111.14099999999999,926.925,1.0,0.11990290476575774,rolling_liq,740.9399999999999,740.9399999999999,740.9399999999999,6.85,-117.99099999999999,0,7082.397741193799,7200.388741193799
3.0,static_20,4f5eef0b-7151-49c4-bc34-46d08d1e5ca1,2025-06-18 02:00:00+00:00,2025-06-17 12:30:00+00:00,YES,0.15919422030448907,0.20674574065518062,0.2,732.1277833088451,732.1277833088451,380.0294999999999,652.842,380.0294999999999,380.0294999999999,1652.9543478260866,1.0,0.22990925339214766,rolling_liq,2508.6899999999996,2533.5299999999997,2176.14,20.49,-400.51949999999994,0,6681.878241193799,7082.397741193799
3.0,static_20,42f7582e-79b3-4a78-88ba-0245ebd00b6b,2025-06-18 23:00:00+00:00,2025-06-18 06:15:00+00:00,YES,0.2191847121715545,0.2548659443855285,0.2,851.491604105486,851.491604105486,2783.2140000000004,5549.039999999998,851.491604105486,851.491604105486,8514.91604105486,1.0,0.1,kelly,18552.239999999998,18554.760000000002,18496.799999999996,53.65,-905.141604105486,0,5776.736637088313,6681.878241193799
3.0,static_20,57909126-867a-49a0-bc68-8c65ff35b9dd,2025-06-20 02:00:00+00:00,2025-06-19 13:45:00+00:00,YES,0.23086082577705377,0.2748343164012545,0.2,793.8227323421241,793.8227323421241,141.804,283.464,141.804,141.804,911.7750000000001,1.0,0.1555252118121247,rolling_liq,944.88,945.36,944.88,8.39,761.5810000000001,1,6538.317637088313,5776.736637088313
3.0,static_20,5cc2b6cf-49a3-4f54-a14e-88d92bf3ac7a,2025-06-20 23:30:00+00:00,2025-06-20 06:00:00+00:00,YES,0.19484763860702514,0.31427038485004055,0.2,1027.399800039776,1027.399800039776,1229.9624999999999,2459.9249999999997,1027.399800039776,1027.399800039776,2939.9708572565028,1.0,0.3494591783125756,kelly,8199.75,8199.75,8199.75,46.79,-1074.189800039776,0,5464.127837048537,6538.317637088313
3.0,static_20,36996288-3356-4ce9-b751-b31f6890cd69,2025-06-22 19:00:00+00:00,2025-06-22 07:15:00+00:00,YES,0.12237302303314207,0.22661670932063344,0.2,619.1313348696049,619.1313348696049,85.905,167.67,85.905,85.905,186.75,1.0,0.46,rolling_liq,558.9,572.7,558.9,3.25,97.595,1,5561.722837048537,5464.127837048537
3.0,static_20,4bfeb202-768f-487c-a416-9c9a314242a6,2025-06-25 00:00:00+00:00,2025-06-24 06:15:00+00:00,YES,0.08991959929466248,0.13031825984733694,0.2,362.39702093867965,362.39702093867965,2.0925,4.185,2.0925,2.0925,6.749999999999999,1.0,0.31,rolling_liq,13.95,13.95,13.95,0.11,4.5474999999999985,1,5566.270337048537,5561.722837048537
3.0,static_20,e6fdfe56-f4ef-4bab-8f24-19a99adb7f6f,2025-06-26 02:00:00+00:00,2025-06-25 12:15:00+00:00,NO,0.07732540607452387,0.08226107029204668,0.2,228.94367773024203,228.94367773024203,267.12,534.24,228.94367773024203,228.94367773024203,4578.87355460484,1.0,0.05,kelly,1780.8000000000002,1780.8000000000002,1780.8000000000002,15.23,-244.17367773024202,0,5322.096659318295,5566.270337048537
3.0,static_20,1c528f37-bdd0-449a-99b5-7a8d174e4243,2025-06-26 02:00:00+00:00,2025-06-25 15:45:00+00:00,YES,0.0853763997554779,0.10672049969434737,0.2,283.9884074520326,283.9884074520326,481.4325,956.925,283.9884074520326,283.9884074520326,1428.192037260163,1.0,0.19884469318064163,kelly,3209.55,3209.55,3189.75,15.93,-299.9184074520326,0,5022.178251866262,5322.096659318295
3.0,static_20,fd8a85e4-5aac-47f6-b278-e1f1fa69b82d,2025-06-27 02:00:00+00:00,2025-06-26 12:15:00+00:00,NO,0.08030236721038819,0.10566100948735288,0.2,265.3242119588092,265.3242119588092,2897.6355,5783.472000000001,265.3242119588092,265.3242119588092,1326.6210597940458,1.0,0.20000000000000004,kelly,19317.57,19317.57,19278.24,14.86,1046.4368478352367,1,6068.615099701499,5022.178251866262
3.0,static_20,4e456309-00d3-4582-8f89-1c9049054791,2025-06-27 23:30:00+00:00,2025-06-27 12:30:00+00:00,NO,0.12750528216362,0.2500103571835686,0.2,758.6083143429848,758.6083143429848,2527.353,5054.706,758.6083143429848,758.6083143429848,1649.1485094412715,1.0,0.45999999999999996,kelly,16849.02,16849.02,16849.02,28.68,861.8601950982867,1,6930.475294799786,6068.615099701499
3.0,static_20,f2a059a9-b803-4538-b746-3868679fa790,2025-06-28 02:00:00+00:00,2025-06-27 12:45:00+00:00,NO,0.05228370666503901,0.055620964537275545,0.2,192.73986029926158,192.73986029926158,327.17249999999984,654.3449999999997,192.73986029926158,192.73986029926158,3854.7972059852314,1.0,0.05,kelly,2181.149999999999,2181.149999999999,2181.149999999999,12.82,-205.55986029926157,0,6724.9154345005245,6930.475294799786
3.0,static_20,02291b17-b5ee-4973-b184-51149f2c1817,2025-06-28 02:00:00+00:00,2025-06-27 14:00:00+00:00,NO,0.14177390813827517,0.26749793988353804,0.2,899.4505123099492,899.4505123099492,2693.8485,5344.128000000001,899.4505123099492,899.4505123099492,1957.6098093694548,1.0,0.4594636316210848,kelly,17958.99,17958.99,17813.760000000002,34.04,-933.4905123099492,0,5791.424922190576,6724.9154345005245
3.0,static_20,8a325ea5-03e5-4940-bb7a-2eb4c8b2b077,2025-06-29 20:00:00+00:00,2025-06-29 04:30:00+00:00,NO,0.19611328840255737,0.26148438453674316,0.2,757.1835906848792,757.1835906848792,1150.6634999999999,2300.2470000000003,757.1835906848792,757.1835906848792,3161.1816278536635,1.0,0.23952549388912572,kelly,7667.490000000001,7671.09,7667.490000000001,40.31,2363.6880371687844,1,8155.11295935936,5791.424922190576
3.0,static_20,475cc53b-e563-4217-a5dc-930581369bab,2025-06-29 22:00:00+00:00,2025-06-29 05:30:00+00:00,NO,0.07646610498428341,0.10769873941448369,0.2,439.14769275286125,439.14769275286125,377.87399999999997,671.814,377.87399999999997,377.87399999999997,1352.255172413793,1.0,0.27943986291099926,rolling_liq,2320.3799999999997,2519.16,2239.38,19.06,955.321172413793,1,9110.434131773152,8155.11295935936
3.0,static_20,01384c8c-e038-4abe-b80a-901c44d112ce,2025-07-03 23:00:00+00:00,2025-07-03 05:45:00+00:00,YES,0.14452980518341063,0.23693410685805022,0.2,1079.286287050384,1079.286287050384,14553.724500000002,28898.603999999996,1079.286287050384,1079.286287050384,3083.6751058582404,1.0,0.35,kelly,97024.83000000002,97024.83000000002,96328.68,49.11,1955.2788188078564,1,11065.712950581008,9110.434131773152
3.0,static_20,21815dfe-7533-4983-9fc4-01b7e5798634,2025-07-03 23:30:00+00:00,2025-07-03 12:15:00+00:00,YES,0.12719794988632205,0.23999613186098498,0.2,1327.8641522117243,1327.8641522117243,384.93,762.246,384.93,384.93,819.0,1.0,0.47000000000000003,rolling_liq,2566.2000000000003,2566.2000000000003,2540.82,14.29,-399.22,0,10666.492950581009,11065.712950581008
3.0,static_20,a4d71aea-7129-4510-a0c0-686300cd53cf,2025-07-07 23:30:00+00:00,2025-07-07 12:30:00+00:00,NO,0.09287727117538447,0.13460474083389054,0.2,717.8802596097386,717.8802596097386,1753.038,3430.7010000000005,717.8802596097386,717.8802596097386,2764.770229268225,1.0,0.25965277403892834,kelly,11435.670000000002,11686.92,11435.670000000002,37.21,-755.0902596097386,0,9911.40269097127,10666.492950581009
3.0,static_20,66b295b9-ed48-41fe-8fd7-4cca0813f9f5,2025-07-08 15:30:00+00:00,2025-07-08 04:45:00+00:00,NO,0.07585252523422237,0.10836075033460339,0.2,537.003516231027,537.003516231027,1738.602,3003.291,537.003516231027,537.003516231027,1990.083986539382,1.0,0.26983962479133294,kelly,10193.759999999998,11590.68,10010.970000000001,27.45,-564.453516231027,0,9346.949174740243,9911.40269097127
3.0,static_20,cba5ede2-0a93-430c-aa0b-4c48363996d9,2025-07-09 15:00:00+00:00,2025-07-09 01:30:00+00:00,YES,0.0751177150011062,0.08077173656032925,0.2,377.4846581924529,377.4846581924529,229.69350000000006,459.3870000000001,229.69350000000006,229.69350000000006,3287.764285714286,1.0,0.06986312887394171,rolling_liq,1531.2900000000004,1531.2900000000004,1531.2900000000004,14.96,3043.110785714286,1,12390.059960454528,9346.949174740243
3.0,static_20,473b6ccd-bea1-4377-b656-99e755056013,2025-07-09 16:00:00+00:00,2025-07-09 02:00:00+00:00,NO,0.21722968339920046,0.28211647194701356,0.2,1747.720001627693,1747.720001627693,76.032,152.064,76.032,76.032,345.6,1.0,0.21999999999999997,rolling_liq,506.88,506.88,506.88,4.16,265.408,1,12655.467960454527,12390.059960454528
3.0,static_20,e3e04e5c-30b5-4cd3-bef5-9e4a16bf0e89,2025-07-10 19:00:00+00:00,2025-07-10 04:45:00+00:00,NO,0.176479022204876,0.5882634073495866,0.2,3722.3743520102516,2531.0935920909055,897.0659999999999,1481.994,897.0659999999999,897.0659999999999,1319.2147058823525,1.0,0.6800000000000002,rolling_liq,5395.679999999999,5980.44,4939.98,20.1,402.0487058823526,1,13057.51666633688,12655.467960454527
3.0,static_20,9bb7fd31-2faf-4602-bf65-4532dd75baba,2025-07-13 22:00:00+00:00,2025-07-13 05:15:00+00:00,NO,0.0949998521804809,0.13768094518910276,0.2,898.8856182218619,898.8856182218619,1444.7025,2791.269,898.8856182218619,898.8856182218619,3329.205993414304,1.0,0.26999999999999996,kelly,9631.35,9631.35,9304.23,45.94,2384.380375192442,1,15441.897041529322,13057.51666633688
3.0,static_20,1dc8a33e-b81b-4a0d-91bf-0109943d729e,2025-07-13 22:00:00+00:00,2025-07-13 06:00:00+00:00,NO,0.2283735346794128,0.27850431058464975,0.2,2150.3174448351333,2150.3174448351333,3720.7484999999997,7403.247,2150.3174448351333,2150.3174448351333,14557.849632234223,1.0,0.14770845276996583,kelly,24804.989999999998,24804.989999999998,24677.49,128.29,-2278.6074448351333,0,13163.289596694189,15441.897041529322
3.0,static_20,333e71e9-d362-4003-836b-7d936322e7d2,2025-07-16 00:00:00+00:00,2025-07-15 06:00:00+00:00,YES,0.06468308866024008,0.07187009851137786,0.2,473.0234600241034,473.0234600241034,898.695,1797.39,473.0234600241034,473.0234600241034,4730.234600241034,1.0,0.09999999999999999,kelly,5991.3,5991.3,5991.3,29.81,-502.8334600241034,0,12660.456136670085,13163.289596694189
3.0,static_20,e380b602-7a50-4ce9-99e7-63c43f11724e,2025-07-16 02:00:00+00:00,2025-07-15 13:30:00+00:00,NO,0.21980795383453366,0.4676764975202844,0.2,2960.4988915035283,2532.0912273340173,3460.1715,6429.303000000001,2532.0912273340173,2532.0912273340173,5276.815056945869,1.0,0.4798521835630807,portfolio,21431.010000000002,23067.81,21431.010000000002,92.2,-2624.291227334017,0,10036.164909336068,12660.456136670085
3.0,static_20,83fc47a0-fbb1-4f04-8af2-94e9a1fd566e,2025-07-16 17:00:00+00:00,2025-07-16 04:15:00+00:00,NO,0.1946576309204101,0.23738735478098796,0.2,1191.2293199865317,1191.2293199865317,112.527,225.054,112.527,112.527,682.570588235294,1.0,0.16485767470720547,rolling_liq,750.1800000000001,750.1800000000001,750.1800000000001,6.58,-119.107,0,9917.057909336068,10036.164909336068
3.0,static_20,5e64c14b-9cf3-45d2-bd9d-f0af702d801f,2025-07-16 19:00:00+00:00,2025-07-16 07:00:00+00:00,NO,0.1349456548690796,0.207608699798584,0.2,1029.4337491922624,1029.4337491922624,6024.6675,11962.818,1029.4337491922624,1029.4337491922624,3402.5282232008467,1.0,0.3025496576847928,kelly,39882.18,40164.45,39876.06,50.26,-1079.6937491922624,0,8837.364160143807,9917.057909336068
3.0,static_20,1f15d85b-41ea-4e16-b597-b0e14ee9ba73,2025-07-16 23:30:00+00:00,2025-07-16 07:00:00+00:00,NO,0.10651913166046145,0.13656298930828392,0.2,603.428433657565,603.428433657565,3530.457,7051.1939999999995,603.428433657565,603.428433657565,3017.1421682878254,1.0,0.19999999999999998,kelly,23503.98,23536.38,23503.98,33.8,-637.228433657565,0,8200.135726486242,8837.364160143807
3.0,static_20,32cb5f24-0d87-4645-a3fd-dd1e0fd1a4f6,2025-07-23 00:00:00+00:00,2025-07-22 06:00:00+00:00,NO,0.09330237627029414,0.11378338569548066,0.2,466.5196030610373,466.5196030610373,836.9594999999998,1673.9189999999996,466.5196030610373,466.5196030610373,2595.2755725613183,1.0,0.17975725121190955,kelly,5579.729999999999,5579.729999999999,5579.729999999999,26.79,-493.3096030610373,0,7706.826123425204,8200.135726486242
3.0,static_20,17812353-7592-47dc-9fe1-36f6bb0d8b9d,2025-07-24 02:00:00+00:00,2025-07-23 07:00:00+00:00,NO,0.17903590440750117,0.2594723252282626,0.2,999.8540471875274,999.8540471875274,1948.8465,3897.693,999.8540471875274,999.8540471875274,3996.2847968751053,1.0,0.250195893938631,kelly,12992.310000000001,12992.310000000001,12992.310000000001,52.48,2943.950749687578,1,10650.776873112782,7706.826123425204
3.0,static_20,d8bda49f-0b5d-428a-9697-070219652f4a,2025-07-25 00:30:00+00:00,2025-07-24 06:15:00+00:00,YES,0.12289219975471491,0.15755410224963448,0.2,839.0367942522267,839.0367942522267,3399.471,6798.942,839.0367942522267,839.0367942522267,4661.315523623482,1.0,0.18000000000000002,kelly,22663.14,22663.14,22663.14,48.17,-887.2067942522267,0,9763.570078860555,10650.776873112782
3.0,static_20,4d8cf7bd-df70-42d4-a4fd-14a6fcb736a9,2025-07-24 23:00:00+00:00,2025-07-24 12:45:00+00:00,YES,0.11587374210357665,0.21067953109741208,0.2,1028.4921830255323,1028.4921830255323,2286.4049999999997,4567.95,1028.4921830255323,1028.4921830255323,2337.4822341489366,1.0,0.44000000000000006,kelly,15226.5,15242.699999999999,15226.5,40.32,1268.6700511234044,1,11032.24012998396,9763.570078860555
3.0,static_20,585740b6-3c8b-4746-8808-e7635a88c710,2025-07-27 20:00:00+00:00,2025-07-27 04:15:00+00:00,YES,0.09930047273635859,0.1273082983799469,0.2,702.2478591336111,702.2478591336111,100.089,29.7,29.7,29.7,135.0,1.0,0.22,cumulative_liq,667.26,667.26,99.0,1.63,-31.33,0,11000.91012998396,11032.24012998396
3.0,static_20,548df81e-2319-4153-a4df-bf65932d74be,2025-07-27 23:00:00+00:00,2025-07-27 06:00:00+00:00,NO,0.06239434003829958,0.0810316104393501,0.2,445.71073206558026,445.71073206558026,0.0945,0.189,0.0945,0.0945,0.45,1.0,0.21,rolling_liq,0.63,0.63,0.63,0.01,0.34550000000000003,1,11001.25562998396,11000.91012998396
3.0,static_20,d5b4c575-bc11-412e-893d-9c6ed1889586,2025-07-27 22:00:00+00:00,2025-07-27 12:30:00+00:00,YES,0.1230686521530151,0.17333612979297902,0.2,953.4575368823204,953.4575368823204,1886.1704999999997,3636.882,953.4575368823204,953.4575368823204,3671.990526470463,1.0,0.2596568618598232,kelly,12138.6,12574.47,12122.94,49.42,-1002.8775368823203,0,9998.378093101639,11001.25562998396
3.0,static_20,6adda940-e25a-4b97-9334-bfcbbb00d303,2025-07-28 23:00:00+00:00,2025-07-28 12:30:00+00:00,YES,0.05657753527164458,0.06816570514655974,0.2,340.7732465190943,340.7732465190943,2202.9660000000003,4002.777,340.7732465190943,340.7732465190943,2142.7702907443395,1.0,0.15903396084548058,kelly,14676.750000000004,14686.440000000002,13342.59,20.07,-360.8432465190943,0,9637.534846582545,9998.378093101639
3.0,static_20,7a6fecee-f650-46ac-af8f-8dfc5ff13ae2,2025-07-29 23:30:00+00:00,2025-07-29 05:45:00+00:00,NO,0.11944526433944702,0.15926035245259604,0.2,767.438598220456,767.438598220456,1274.7689999999998,2549.5379999999996,767.438598220456,767.438598220456,3418.9939053063304,1.0,0.22446328349090638,kelly,8498.46,8498.46,8498.46,41.67,2609.885307085874,1,12247.42015366842,9637.534846582545
3.0,static_20,185c1d82-80ca-427a-bb34-b717e2127e2e,2025-07-30 23:00:00+00:00,2025-07-30 05:30:00+00:00,YES,0.15933475494384763,0.2655579249064127,0.2,1626.1997407325819,1626.1997407325819,123.06150000000001,246.12300000000002,123.06150000000001,123.06150000000001,311.62874999999997,1.0,0.3948977749966908,rolling_liq,820.4100000000001,820.4100000000001,820.4100000000001,5.22,183.34724999999995,1,12430.76740366842,12247.42015366842
3.0,static_20,c2f7980e-2390-45e9-8977-c6e6d2c1f545,2025-07-31 00:00:00+00:00,2025-07-30 07:00:00+00:00,NO,0.09089968681335447,0.12452011892240339,0.2,773.9403177007637,773.9403177007637,2231.7839999999997,4427.1089999999995,773.9403177007637,773.9403177007637,2977.2704526952452,1.0,0.25994961828212004,kelly,14874.81,14878.559999999998,14757.029999999999,40.1,-814.0403177007637,0,11616.727085967657,12430.76740366842
3.0,static_20,e8241b1f-576e-4bcf-b7d0-79606aa78b00,2025-07-31 00:00:00+00:00,2025-07-30 15:30:00+00:00,NO,0.16516225516796124,0.434637513599898,0.2,2524.5326884067854,2323.3454171935314,5180.2515,9682.199999999999,2323.3454171935314,2323.3454171935314,4076.0445915675996,1.0,0.57,portfolio,32273.999999999996,34535.01,32273.999999999996,69.94,1682.7591743740682,1,13299.486260341726,11616.727085967657
3.0,static_20,50578d4e-21ed-488c-ac01-1008b9b70e0d,2025-07-31 23:30:00+00:00,2025-07-31 05:45:00+00:00,NO,0.1513962113857269,0.2566037481114015,0.2,1706.3490111798867,1706.3490111798867,3670.2495000000004,7340.499000000001,1706.3490111798867,1706.3490111798867,4896.882889085391,1.0,0.3484561607513934,kelly,24468.33,24468.33,24468.33,77.83,3112.7038779055047,1,16412.19013824723,13299.486260341726
3.0,static_20,a1ca524f-e7ce-449f-ab32-66adea0ba523,2025-08-01 23:30:00+00:00,2025-08-01 05:45:00+00:00,NO,0.15966734647750846,0.3894325523841671,0.2,3195.7205478759374,3195.7205478759374,518.8905,1037.781,518.8905,518.8905,887.3059322033898,1.0,0.5847932276429986,rolling_liq,3459.27,3459.27,3459.27,15.09,353.3254322033899,1,16765.51557045062,16412.19013824723
3.0,static_20,64fb0c10-3ce1-4592-a3f9-65395a9e58af,2025-08-01 23:30:00+00:00,2025-08-01 15:00:00+00:00,YES,0.10673018932342532,0.18089862597190728,0.2,1516.4293652025674,1516.4293652025674,2930.5844999999995,5813.567999999997,1516.4293652025674,1516.4293652025674,4018.550961059388,1.0,0.3773572563585954,kelly,19537.229999999996,19537.229999999996,19378.55999999999,66.1,2436.021595856821,1,19201.537166307444,16765.51557045062
3.0,static_20,de06dc94-ceb2-41b8-bde0-f9f91c917d00,2025-08-03 22:00:00+00:00,2025-08-03 06:00:00+00:00,NO,0.07582804679870603,0.10531673166486949,0.2,1011.1215686485098,1011.1215686485098,743.0085,1282.2749999999999,743.0085,743.0085,3025.434,1.0,0.24558740993854103,rolling_liq,4331.37,4953.39,4274.25,39.24,-782.2485,0,18419.288666307442,19201.537166307444
3.0,static_20,1dffe97b-d132-4697-af9f-8b08902da90d,2025-08-03 22:00:00+00:00,2025-08-03 06:00:00+00:00,YES,0.05085827469825738,0.05913752871890393,0.2,544.6356062427691,544.6356062427691,975.9060000000001,1839.1050000000002,544.6356062427691,544.6356062427691,4471.966201867454,1.0,0.12178884670803951,kelly,6186.900000000001,6506.040000000001,6130.350000000001,33.49,-578.1256062427691,0,17841.163060064675,18419.288666307442
3.0,static_20,cd325282-98cc-46dd-a9f0-e2d5d887b51f,2025-08-06 00:00:00+00:00,2025-08-05 07:00:00+00:00,YES,0.09239223599433899,0.12318964799245198,0.2,1098.9232985726524,1098.9232985726524,103.07249999999999,197.595,103.07249999999999,103.07249999999999,429.46874999999994,1.0,0.24000000000000002,rolling_liq,687.15,687.15,658.65,5.49,320.90624999999994,1,18162.069310064675,17841.163060064675
3.0,static_20,6a9e0ff7-c5b4-4a72-b217-41dc4a8caa4f,2025-08-06 02:00:00+00:00,2025-08-05 07:00:00+00:00,NO,0.3618546456098557,0.6579175374724648,0.2,5974.57195794099,3632.413862012935,41.9625,83.925,41.9625,41.9625,95.57386363636363,1.0,0.4390583199571964,rolling_liq,279.75,279.75,279.75,1.65,51.96136363636363,1,18214.03067370104,18162.069310064675
3.0,static_20,d300ee86-e2e0-4bf4-9247-1d7a3a859e07,2025-08-06 02:00:00+00:00,2025-08-05 07:00:00+00:00,NO,0.08956348419189453,0.10294653355390175,0.2,937.53565995098,937.53565995098,166.53149999999997,333.06299999999993,166.53149999999997,166.53149999999997,1593.2863636363634,1.0,0.1045207589801525,rolling_liq,1110.2099999999998,1110.2099999999998,1110.2099999999998,10.44,-176.97149999999996,0,18037.05917370104,18214.03067370104
3.0,static_20,0934f4d6-98dc-4543-b6bd-c04adfa95bf2,2025-08-08 02:00:00+00:00,2025-08-07 07:00:00+00:00,NO,0.14108287811279296,0.2275530292141822,0.2,2052.1937265455626,2052.1937265455626,906.507,1813.014,906.507,906.507,2518.075,1.0,0.36,rolling_liq,6043.38,6043.38,6043.38,40.62,-947.127,0,17089.93217370104,18037.05917370104
3.0,static_20,042c5181-7425-497a-8593-922c0cccfc16,2025-08-08 02:00:00+00:00,2025-08-07 07:00:00+00:00,NO,0.10052478075027471,0.12410466759293173,0.2,1060.4701758014585,1060.4701758014585,534.5955,1069.191,534.5955,534.5955,3144.679411764705,1.0,0.17000000000000004,rolling_liq,3563.9700000000003,3563.9700000000003,3563.9700000000003,31.06,-565.6555,0,16524.27667370104,17089.93217370104
3.0,static_20,25596e43-21b0-4411-b093-a5ca0b6480d6,2025-08-09 02:00:00+00:00,2025-08-08 07:30:00+00:00,YES,0.13616769552230834,0.2778932561679762,0.2,2295.992525337658,2295.992525337658,1023.4214999999999,2039.346,1023.4214999999999,1023.4214999999999,2088.615306122449,1.0,0.48999999999999994,rolling_liq,6822.8099999999995,6822.8099999999995,6797.820000000001,36.54,1028.6538061224492,1,17552.930479823488,16524.27667370104
3.0,static_20,3a283716-466b-440c-a344-5994da2e16aa,2025-08-10 00:30:00+00:00,2025-08-09 13:15:00+00:00,YES,0.124353095293045,0.1943017113953828,0.2,1705.2822161169406,1705.2822161169406,10185.246000000001,19866.996000000003,1705.2822161169406,1705.2822161169406,5014.949188905544,1.0,0.3400397794437273,kelly,67901.64000000001,67901.64000000001,66223.32,78.78,3230.8869727886035,1,20783.817452612093,17552.930479823488
3.0,static_20,2de72b4c-3c39-42c4-8321-18efac227563,2025-08-10 16:30:00+00:00,2025-08-10 02:30:00+00:00,NO,0.28335612535476684,0.4570260086367207,0.2,4749.37256730076,4156.763490522419,1274.0939999999998,2522.2139999999995,1274.0939999999998,1274.0939999999998,3443.4972972972973,1.0,0.36999999999999994,rolling_liq,8493.96,8493.96,8407.38,56.19,2113.2132972972972,1,22897.03074990939,20783.817452612093
3.0,static_20,56ef45bc-fa3c-47bb-926c-8b9f8433bdb6,2025-08-10 20:00:00+00:00,2025-08-10 04:30:00+00:00,NO,0.146348443031311,0.24804820852764578,0.2,2839.7837290587213,2839.7837290587213,4609.575,9218.097,2839.7837290587213,2839.7837290587213,7294.984322646804,1.0,0.38927893515038786,kelly,30730.5,30730.5,30726.99,121.41,4333.790593588083,1,27230.821343497475,22897.03074990939
3.0,static_20,2eb1473f-e48b-4a13-bb64-bb3604b03c6d,2025-08-10 22:00:00+00:00,2025-08-10 12:00:00+00:00,NO,0.13645145893096922,0.22741909821828205,0.2,3096.4044168406717,3096.4044168406717,9273.996,18546.939,3096.4044168406717,3096.4044168406717,8715.123380112977,1.0,0.35529094446400505,kelly,61823.13,61826.64,61823.13,139.74,5478.978963272305,1,32709.80030676978,27230.821343497475
3.0,static_20,4b134f76-aff1-49fb-b585-3e9073eb44c2,2025-08-14 02:00:00+00:00,2025-08-13 08:00:00+00:00,NO,0.21488385438919066,0.4385384783452871,0.2,7172.253026754512,6541.960061353956,3760.7895,7504.478999999999,3760.7895,3760.7895,8986.832142857142,1.0,0.4184777728366861,rolling_liq,25014.93,25071.93,25014.93,153.09,5072.952642857142,1,37782.75294962692,32709.80030676978
3.0,static_20,74f4d3c6-f105-49b3-bb25-ee57ac47d235,2025-08-13 23:30:00+00:00,2025-08-13 11:45:00+00:00,NO,0.12422191977500918,0.2343809807075645,0.2,4427.779345082591,4427.779345082591,4307.6295,5629.302,4307.6295,4307.6295,9572.51,1.0,0.45,rolling_liq,18764.34,28717.53,18764.34,165.85,5099.0305,1,42881.78344962692,37782.75294962692
3.0,static_20,fdec04dc-4b3e-4713-8640-3988c3e4f01f,2025-08-16 02:00:00+00:00,2025-08-15 07:15:00+00:00,NO,0.13219804048538208,0.20983815950060647,0.2,4499.11725758664,4499.11725758664,280.629,561.258,280.629,280.629,779.5250000000001,1.0,0.36,rolling_liq,1870.8600000000001,1870.8600000000001,1870.8600000000001,12.58,486.3160000000001,1,43368.09944962692,42881.78344962692
3.0,static_20,f69e50f9-fa32-4c94-9a1b-f8a270e47e4c,2025-08-16 02:00:00+00:00,2025-08-15 16:45:00+00:00,YES,0.15301872491836543,0.340041610929701,0.2,7373.479199905308,7373.479199905308,2090.6639999999998,4181.3279999999995,2090.6639999999998,2090.6639999999998,3876.5999999999995,1.0,0.5393035133880204,rolling_liq,13937.76,13937.76,13937.76,67.43,-2158.0939999999996,0,41210.00544962692,43368.09944962692
3.0,static_20,673f7bf8-4cb2-4836-9dec-4131b50da342,2025-08-16 18:00:00+00:00,2025-08-16 03:15:00+00:00,YES,0.29983103513717646,0.6814341707663102,0.2,14040.952945420822,8242.001089925385,6792.2595,13584.519,6792.2595,6792.2595,12721.758333333331,1.0,0.5339088608689444,rolling_liq,45281.73,45281.73,45281.73,221.61,5707.888833333332,1,46917.89428296025,41210.00544962692
3.0,static_20,3495c00d-950e-4e49-87e6-3a022d1d9c1b,2025-08-17 19:00:00+00:00,2025-08-17 03:45:00+00:00,YES,0.1182247066497803,0.20038085872844116,0.2,4700.723973074898,4700.723973074898,708.5069999999998,1411.848,708.5069999999998,708.5069999999998,1748.6268292682926,1.0,0.40517907431196876,rolling_liq,4723.379999999999,4723.379999999999,4706.16,29.51,1010.6098292682927,1,47928.50411222855,46917.89428296025
3.0,static_20,b233aa62-25a1-489f-9f1a-ad31d9a6a7c2,2025-08-17 22:00:00+00:00,2025-08-17 10:45:00+00:00,NO,0.13120973110198975,0.2624194622039795,0.2,6288.686136686118,6288.686136686118,3105.324,6202.71,3105.324,3105.324,6900.719999999999,1.0,0.45000000000000007,rolling_liq,20702.16,20702.16,20675.7,119.56,3675.8359999999993,1,51604.34011222854,47928.50411222855
3.0,static_20,b6df91b4-c8f5-45f8-bebf-c6845d61912b,2025-08-19 23:00:00+00:00,2025-08-19 05:30:00+00:00,NO,0.2621755397319794,0.5140696857489792,0.2,13264.113452388383,10320.86802244571,2940.0974999999994,5880.194999999999,2940.0974999999994,2940.0974999999994,7032.232142857143,1.0,0.4180888002945619,rolling_liq,19600.649999999998,19600.649999999998,19600.649999999998,119.77,-3059.8674999999994,0,48544.47261222854,51604.34011222854
3.0,static_20,2cc91c72-9797-403a-adc1-51f134d84117,2025-08-20 02:00:00+00:00,2025-08-19 07:00:00+00:00,YES,0.09672302126884458,0.13433752954006192,0.2,3260.672261775989,3260.672261775989,226.43550000000002,452.87100000000004,226.43550000000002,226.43550000000002,861.2055555555556,1.0,0.26292851751743357,rolling_liq,1509.5700000000002,1509.5700000000002,1509.5700000000002,11.69,-238.12550000000002,0,48306.34711222854,48544.47261222854
3.0,static_20,a1382913-f5c5-4721-9dee-4195779e9b68,2025-08-23 20:00:00+00:00,2025-08-23 04:00:00+00:00,NO,0.19466778397560125,0.34762104281357364,0.2,8396.151378833674,8396.151378833674,975.375,1950.75,975.375,975.375,2322.321428571429,1.0,0.41999999999999993,rolling_liq,6502.5,6502.5,6502.5,39.61,1307.336428571429,1,49613.68354079997,48306.34711222854
3.0,static_20,bb8576ec-3270-4ee6-9d85-f37e6e502af7,2025-08-24 19:00:00+00:00,2025-08-24 03:45:00+00:00,YES,0.1296231734752655,0.16618355573751986,0.2,4122.489172023102,4122.489172023102,814.9095000000001,1543.689,814.9095000000001,814.9095000000001,3819.9068181818184,1.0,0.21333229808675724,rolling_liq,5432.7300000000005,5432.7300000000005,5145.63,44.88,-859.7895000000001,0,48753.89404079997,49613.68354079997
3.0,static_20,0962940f-0261-4fce-b716-3a16393d43b7,2025-08-24 20:00:00+00:00,2025-08-24 05:45:00+00:00,NO,0.17109873175621026,0.39790402734002395,0.2,9699.68539367155,9699.68539367155,2712.6899999999996,5146.757999999999,2712.6899999999996,2712.6899999999996,5328.470588235294,1.0,0.5090935485295416,rolling_liq,17155.859999999997,18084.6,17155.859999999997,93.22,2522.5605882352943,1,51276.45462903527,48753.89404079997
3.0,static_20,ab22cb38-adf5-49e7-8d94-af37949f1527,2025-08-26 23:00:00+00:00,2025-08-26 06:00:00+00:00,YES,0.11368976593017577,0.18637666545930454,0.2,4778.367315167457,4778.367315167457,1455.264,2882.448,1455.264,1455.264,3848.5105263157893,1.0,0.37813694156454236,rolling_liq,9608.16,9701.76,9608.16,63.35,2329.8965263157893,1,53606.351155351054,51276.45462903527
3.0,static_20,467aedcd-fa42-4992-9a69-fce47d1ece15,2025-08-28 00:00:00+00:00,2025-08-27 16:00:00+00:00,NO,0.15859810590744017,0.33041272064050037,0.2,8856.110164424786,8856.110164424786,2314.8044999999997,4092.3450000000003,2314.8044999999997,2314.8044999999997,4554.067647058824,1.0,0.5082938329857664,rolling_liq,15432.029999999999,15432.029999999999,13641.150000000001,79.68,2159.5831470588246,1,55765.93430240988,53606.351155351054
3.0,static_20,6d17df9c-9585-4b14-b1ab-7334c0443b45,2025-08-30 02:00:00+00:00,2025-08-29 07:15:00+00:00,NO,0.14991149187088015,0.28285187145449087,0.2,7886.749440422411,7886.749440422411,2741.9174999999996,5471.28,2741.9174999999996,2741.9174999999996,6372.698863636363,1.0,0.4302600136412876,rolling_liq,18279.449999999997,18279.449999999997,18237.6,109.36,3521.4213636363634,1,59287.35566604624,55765.93430240988
3.0,static_20,eef5e74b-cdc8-45c9-b34e-c80089a44b6d,2025-09-01 00:00:00+00:00,2025-08-31 06:00:00+00:00,NO,0.12026148080825805,0.1625155146057541,0.2,4817.557557840939,4817.557557840939,1076.1435000000001,2152.2870000000003,1076.1435000000001,1076.1435000000001,5031.19772727273,1.0,0.21389409805274084,rolling_liq,7174.290000000001,7174.290000000001,7174.290000000001,59.22,-1135.3635000000002,0,58151.99216604624,59287.35566604624
3.0,static_20,2f5baf0d-dd06-464d-95dd-177924f443c9,2025-09-04 00:00:00+00:00,2025-09-03 06:00:00+00:00,NO,0.20699598312377931,0.3980691983149602,0.2,11574.258450977937,11574.258450977937,1122.219,2244.438,1122.219,1122.219,2501.153333333333,1.0,0.44868060867919607,rolling_liq,7481.46,7481.46,7481.46,43.31,-1165.529,0,56986.46316604624,58151.99216604624
3.0,static_20,b69d86fb-d73a-4b99-bec9-88e73e7ce25b,2025-09-05 02:00:00+00:00,2025-09-04 12:45:00+00:00,NO,0.05718323230743405,0.06807527655646911,0.2,1939.684620001819,1939.684620001819,316.54350000000005,625.932,316.54350000000005,316.5435000000001,2261.0250000000005,1.0000000000000002,0.14,rolling_liq,2086.44,2110.2900000000004,2086.44,19.06,-335.6035000000001,0,56650.85966604624,56986.46316604624
3.0,static_20,f9c188c7-35cd-436c-8d11-7f1b0131ba33,2025-09-05 23:30:00+00:00,2025-09-05 10:30:00+00:00,NO,0.06474714040756224,0.07528737256693284,0.2,2132.547188957326,2132.547188957326,509.37750000000005,1006.2810000000001,509.37750000000005,509.37750000000005,3918.2884615384637,1.0,0.12999999999999995,rolling_liq,3354.2700000000004,3395.8500000000004,3354.2700000000004,31.03,-540.4075,0,56110.45216604624,56650.85966604624
3.0,static_20,e9ff9be0-15cb-4e16-86a5-89be878b6745,2025-09-10 02:00:00+00:00,2025-09-09 07:00:00+00:00,NO,0.2139049685001373,0.30127460352132013,0.2,8452.32711486379,8452.32711486379,2701.2374999999997,5402.474999999999,2701.2374999999997,2701.2374999999997,10289.36111111111,1.0,0.2625272328213878,rolling_liq,18008.25,18008.25,18008.25,139.45,-2840.6874999999995,0,53269.76466604624,56110.45216604624
3.0,static_20,31d89653-50a1-4688-b507-15c8e12dad33,2025-09-09 23:30:00+00:00,2025-09-09 12:30:00+00:00,NO,0.16207829356193537,0.3683597580953077,0.2,9811.218813089381,9811.218813089381,2491.7850000000008,4930.218,2491.7850000000008,2491.7850000000008,4700.694444444445,1.0,0.5300886984783573,rolling_liq,16434.06,16611.900000000005,16434.06,81.97,-2573.7550000000006,0,50696.009666046244,53269.76466604624
3.0,static_20,93a98ff0-ed90-4c11-8f56-dfd70e55ed58,2025-09-12 00:00:00+00:00,2025-09-11 07:00:00+00:00,NO,0.1892402425408365,0.6308008084694549,0.2,15989.541941758634,10139.20193320925,818.4915000000001,1553.823,818.4915000000001,818.4915000000001,1228.524626865672,1.0,0.6662393916255573,rolling_liq,5456.610000000001,5456.610000000001,5179.410000000001,19.13,-837.6215000000001,0,49858.38816604624,50696.009666046244
3.0,static_20,2fb00c07-3995-4420-aa53-e0b95160a91a,2025-09-18 02:00:00+00:00,2025-09-17 16:15:00+00:00,YES,0.07049068570137018,0.08702553790292615,0.2,2169.476524561531,2169.476524561531,1931.7375,3836.9700000000003,1931.7375,1931.7375,12139.734375,1.0,0.1591251867897645,rolling_liq,12807.57,12878.25,12789.900000000001,113.71,-2045.4475,0,47812.94066604624,49858.38816604624
3.0,static_20,30981dda-706d-44fc-9eb4-b6f8c5a3e874,2025-09-24 01:30:00+00:00,2025-09-22 23:30:00+00:00,NO,0.11262015342712406,0.14255715623686588,0.2,3408.038426336776,3408.038426336776,1127.7900000000002,2253.6000000000004,1127.7900000000002,1127.7900000000002,5638.949999999999,1.0,0.20000000000000007,rolling_liq,7518.600000000001,7518.600000000001,7512.000000000001,63.16,-1190.9500000000003,0,46621.990666046244,47812.94066604624
3.0,static_20,fb31c505-de82-4d70-a8a2-a91dbaacd1ee,2025-09-29 00:00:00+00:00,2025-09-28 02:30:00+00:00,NO,0.18119778752326965,0.29225449600527365,0.2,6812.743192433959,6812.743192433959,9137.101499999999,18269.342999999997,6812.743192433959,6812.743192433959,19467.8948355256,1.0,0.34994760604530595,kelly,60897.81,60914.009999999995,60897.81,310.01,-7122.753192433959,0,39499.23747361229,46621.990666046244
3.0,static_20,fc11987d-5051-4621-94f9-17a356691802,2025-10-01 01:30:00+00:00,2025-09-30 01:15:00+00:00,NO,0.06506288051605225,0.08675050735473633,0.2,1713.2894454805398,1713.2894454805398,6051.474,11649.572999999999,1713.2894454805398,1713.2894454805398,7787.679297638817,1.0,0.22,kelly,40333.41,40343.16,38831.909999999996,93.55,-1806.8394454805398,0,37692.39802813175,39499.23747361229
3.0,static_20,4a8a3c5a-81ad-462c-b4cb-3300d1eea8c3,2025-10-09 00:00:00+00:00,2025-10-07 11:00:00+00:00,NO,0.16387164235115048,0.2777485463578822,0.2,5234.504380528149,5234.504380528149,24396.457499999997,48792.91499999999,5234.504380528149,5234.504380528149,14315.47129872473,1.0,0.3656536534004617,kelly,162643.05,162643.05,162643.05,232.44,8848.52691819658,1,46540.92494632833,37692.39802813175
3.0,uncapped,d1bd5e4c-1d9e-47c6-b24e-52544a1a2c13,2025-05-22 23:30:00+00:00,2025-05-22 13:00:00+00:00,YES,0.18705255270004273,0.2969088138095916,,742.2720345239791,742.2720345239791,478.53000000000003,933.696,478.53000000000003,478.53000000000003,1375.2857142857144,1.0,0.3479495169834839,rolling_liq,3112.32,3190.2000000000003,3112.32,21.85,-500.38000000000005,0,4499.62,5000.0
3.0,uncapped,b8786c5b-6a05-49e0-9ba2-0bc7db3e8a60,2025-05-24 02:00:00+00:00,2025-05-23 12:30:00+00:00,NO,0.08980293750762935,0.10819631025015586,,243.42114076390314,243.42114076390314,393.5565000000001,787.1130000000002,243.42114076390314,243.42114076390314,2680.8114076390316,1.0,0.09080129250057248,kelly,2623.7100000000005,2623.7100000000005,2623.7100000000005,15.5,-258.92114076390317,0,4240.698859236097,4499.62
3.0,uncapped,a35a38a3-fdb6-40a3-86f1-842d77ac32bf,2025-05-24 02:00:00+00:00,2025-05-23 12:30:00+00:00,NO,0.32377356052398687,0.3997204450913418,,847.547017756099,847.547017756099,114.27300000000001,228.54600000000002,114.27300000000001,114.27300000000001,714.2062500000001,1.0,0.16,rolling_liq,761.82,761.82,761.82,6.72,593.21325,1,4833.9121092360965,4240.698859236097
3.0,uncapped,92c4a40c-74f4-4a28-be37-18237fca81a5,2025-05-23 23:30:00+00:00,2025-05-23 12:30:00+00:00,NO,0.09931676149368285,0.11548460638800331,,279.12121862466677,279.12121862466677,173.49749999999997,346.99499999999995,173.49749999999997,173.49749999999997,2168.7187499999995,1.0,0.08,rolling_liq,1156.6499999999999,1156.6499999999999,1156.6499999999999,11.18,-184.67749999999998,0,4649.234609236097,4833.9121092360965
3.0,uncapped,10582ee6-a493-4e18-9878-6203b5e8065d,2025-05-24 02:00:00+00:00,2025-05-23 12:30:00+00:00,NO,0.08664486169815067,0.13128009348204644,,305.1759770602402,305.1759770602402,457.4789999999999,914.9579999999999,305.1759770602402,305.1759770602402,1018.5532568674674,1.0,0.2996171039684273,kelly,3049.8599999999997,3049.8599999999997,3049.8599999999997,14.97,-320.1459770602402,0,4329.088632175856,4649.234609236097
3.0,uncapped,b0d98920-a05f-481d-9dea-7046f3e6fc33,2025-05-25 19:00:00+00:00,2025-05-25 05:00:00+00:00,NO,0.19932658433914185,0.26227182149887085,,567.6989804954086,567.6989804954086,440.307,880.614,440.307,440.307,2201.535,1.0,0.2,rolling_liq,2935.38,2935.38,2935.38,24.66,-464.96700000000004,0,3864.121632175856,4329.088632175856
3.0,uncapped,bbd4ae77-444a-4dfe-ad87-70233844aa1d,2025-05-25 22:00:00+00:00,2025-05-25 14:00:00+00:00,NO,0.1071816420555115,0.1623964273568356,,313.7597739688117,313.7597739688117,164.74500000000003,329.49000000000007,164.74500000000003,164.74500000000003,510.0454545454547,1.0,0.32300062383031813,rolling_liq,1098.3000000000002,1098.3000000000002,1098.3000000000002,7.81,-172.55500000000004,0,3691.5666321758563,3864.121632175856
3.0,uncapped,5f3d74e1-8cdd-4616-aedf-f1e90dc75db0,2025-05-27 23:00:00+00:00,2025-05-27 05:45:00+00:00,NO,0.0740113401412964,0.08315880914752405,,153.49314251024006,153.49314251024006,205.28099999999998,410.56199999999995,153.49314251024006,153.49314251024006,2212.902035860572,1.0,0.0693628276457111,kelly,1368.54,1368.54,1368.54,10.0,-163.49314251024006,0,3528.0734896656163,3691.5666321758563
3.0,uncapped,8a594783-4b88-43cd-b381-a8660e3a0766,2025-05-27 23:00:00+00:00,2025-05-27 13:00:00+00:00,YES,0.3129020285606384,0.5046806912268361,,890.2752837317596,890.2752837317596,725.9085,1434.7169999999999,725.9085,725.9085,1961.9148648648652,1.0,0.36999999999999994,rolling_liq,4782.389999999999,4839.39,4782.389999999999,32.02,-757.9285,0,2770.1449896656163,3528.0734896656163
3.0,uncapped,ee675eed-ef15-494e-a8f4-e0202373e26c,2025-05-28 00:00:00+00:00,2025-05-27 13:00:00+00:00,NO,0.08173902988433834,0.11512539420329344,,159.45701696776615,159.45701696776615,150.16949999999997,300.33899999999994,150.16949999999997,150.16949999999997,600.6779999999999,1.0,0.25,rolling_liq,1001.1299999999999,1001.1299999999999,1001.1299999999999,7.89,-158.05949999999996,0,2612.0854896656165,2770.1449896656163
3.0,uncapped,a17fdde4-604b-4197-8c9a-97dc9b78c44e,2025-05-29 23:00:00+00:00,2025-05-29 13:00:00+00:00,NO,0.09309141159057621,0.10118631694627848,,132.15365512404006,132.15365512404006,46.583999999999996,93.16799999999999,46.583999999999996,46.583999999999996,680.9142857142856,1.0,0.06841389728096678,rolling_liq,310.56,310.56,310.56,3.04,-49.623999999999995,0,2562.4614896656167,2612.0854896656165
3.0,uncapped,1d299098-034f-480d-af99-bcebd640859e,2025-05-30 23:30:00+00:00,2025-05-30 12:15:00+00:00,NO,0.07657644748687742,0.0900899382198558,,115.42599864736752,115.42599864736752,136.071,160.668,115.42599864736752,115.42599864736752,911.1999895951349,1.0,0.12667471462401322,kelly,907.1400000000001,907.1400000000001,535.5600000000001,7.06,788.7139909477673,1,3351.175480613384,2562.4614896656167
3.0,uncapped,c9d9dbf0-f3e6-4f3f-b2a5-e83fe165023d,2025-06-01 22:00:00+00:00,2025-06-01 05:15:00+00:00,NO,0.14538862824440002,0.23449778749096778,,392.9216178489096,392.9216178489096,727.587,1452.9059999999995,392.9216178489096,392.9216178489096,1122.6331938540275,1.0,0.35,kelly,4850.58,4850.58,4843.019999999999,17.88,711.8315760051179,1,4063.007056618502,3351.175480613384
3.0,uncapped,9998a61a-229c-44c2-b892-ee5b1ea16c23,2025-06-02 00:30:00+00:00,2025-06-01 12:15:00+00:00,YES,0.0670652312040329,0.08178686732199134,,166.15030953398596,166.15030953398596,1342.5480000000002,2676.024000000001,166.15030953398596,166.15030953398596,1192.573639528471,1.0,0.13932079665929875,kelly,8950.320000000002,8950.320000000002,8920.080000000004,10.02,-176.17030953398597,0,3886.836747084516,4063.007056618502
3.0,uncapped,272d53ae-a46b-43bc-ac0f-8a846e03a9d1,2025-06-04 00:00:00+00:00,2025-06-03 12:30:00+00:00,NO,0.12299813508987423,0.14819052420466775,,287.99618752421003,287.99618752421003,325.24649999999997,637.398,287.99618752421003,287.99618752421003,2233.8168271093077,1.0,0.12892560572967582,kelly,2124.6600000000003,2168.31,2124.6600000000003,17.57,-305.56618752421,0,3581.270559560306,3886.836747084516
3.0,uncapped,f8baaf5b-f1fa-4923-9eec-e85ed7a82142,2025-06-05 23:30:00+00:00,2025-06-05 06:15:00+00:00,YES,0.0730656540393829,0.08496006283649174,,152.13248588736076,152.13248588736076,250.99200000000002,501.98400000000004,152.13248588736076,152.13248588736076,1298.0207157280065,1.0,0.11720343446293605,kelly,1673.2800000000002,1673.2800000000002,1673.2800000000002,9.41,-161.54248588736075,0,3419.7280736729454,3581.270559560306
3.0,uncapped,45eb60bf-a1b9-4f49-90cb-62097ff47bbd,2025-06-06 02:00:00+00:00,2025-06-05 13:00:00+00:00,NO,0.1447575712203979,0.20979358147883756,,358.71850012978666,358.71850012978666,1197.018,2360.286,358.71850012978666,358.71850012978666,1279.4775866544364,1.0,0.28036325440272836,kelly,7867.620000000001,7980.12,7867.620000000001,18.08,-376.79850012978665,0,3042.9295735431588,3419.7280736729454
3.0,uncapped,772cef5b-3110-4eaf-a68b-6eb3cd04f42a,2025-06-06 23:30:00+00:00,2025-06-06 12:15:00+00:00,YES,0.1407347512245178,0.18277240418768548,,278.0817769651458,278.0817769651458,993.465,1986.93,278.0817769651458,278.0817769651458,1544.898760917477,1.0,0.18,kelly,6623.1,6623.1,6623.1,15.97,1250.8469839523311,1,4293.77655749549,3042.9295735431588
3.0,uncapped,8b0ee0bd-54cf-4be2-a8ba-b16813be20b6,2025-06-07 19:00:00+00:00,2025-06-07 04:30:00+00:00,YES,0.1381078326702118,0.1644140865121569,,352.9786751939673,352.9786751939673,798.6015,1339.299,352.9786751939673,352.9786751939673,2570.591167959782,1.0,0.13731420211566284,kelly,5285.13,5324.01,4464.33,21.32,2196.2924927658146,1,6490.069050261305,4293.77655749549
3.0,uncapped,639e72ff-50dd-401b-a2a8-dd49fdd02b89,2025-06-08 02:00:00+00:00,2025-06-07 12:15:00+00:00,YES,0.13786698698997496,0.20577162237309699,,667.7360188928467,667.7360188928467,698.6475,1377.1350000000002,667.7360188928467,667.7360188928467,2086.6750590401457,1.0,0.32,kelly,4657.650000000001,4657.650000000001,4590.450000000001,31.79,-699.5260188928467,0,5790.543031368458,6490.069050261305
3.0,uncapped,5e1d090c-1c51-494b-8c1f-1f1ba520ee2a,2025-06-10 02:00:00+00:00,2025-06-09 12:30:00+00:00,NO,0.24757077574729924,0.3640746702166165,,1054.0950222602992,1054.0950222602992,1389.294,2769.408,1054.0950222602992,1054.0950222602992,3764.6250795010687,1.0,0.27999999999999997,kelly,9261.960000000001,9261.960000000001,9231.36,53.13,2657.4000572407695,1,8447.943088609227,5790.543031368458
3.0,uncapped,4a60d4ef-8d10-4f25-bab6-346332242fd5,2025-06-10 23:30:00+00:00,2025-06-10 12:15:00+00:00,NO,0.12558921575546267,0.19321417808532718,,816.1311901886261,816.1311901886261,797.265,1560.744,797.265,797.265,2415.954545454545,1.0,0.33000000000000007,rolling_liq,5315.1,5315.1,5202.48,37.4,-834.665,0,7613.278088609227,8447.943088609227
3.0,uncapped,84da0d09-cdf5-46a5-89eb-d489373ed8ed,2025-06-12 02:00:00+00:00,2025-06-11 13:30:00+00:00,NO,0.11724735021591182,0.1429845734340388,,544.2906599672523,544.2906599672523,5.575499999999999,9.008999999999999,5.575499999999999,5.575499999999999,32.797058823529404,1.0,0.17,rolling_liq,30.029999999999998,37.169999999999995,30.029999999999998,0.33,26.891558823529408,1,7640.169647432756,7613.278088609227
3.0,uncapped,c95f06b7-8138-460b-bc1d-e9c9478156eb,2025-06-13 23:30:00+00:00,2025-06-13 06:00:00+00:00,NO,0.07324323654174802,0.08616851357852709,,329.17103100353,329.17103100353,752.0849999999999,1497.7439999999995,329.17103100353,329.17103100353,2743.0919250294164,1.0,0.12000000000000001,kelly,5013.9,5013.9,4992.479999999999,20.28,-349.45103100353003,0,7290.718616429226,7640.169647432756
3.0,uncapped,ee13e918-b149-4c1e-8ae9-03cf0618c5d9,2025-06-15 00:30:00+00:00,2025-06-14 06:30:00+00:00,YES,0.22761168122291559,0.30758335300393996,,1121.2518389247737,1121.2518389247737,5690.9115,11381.823,1121.2518389247737,1121.2518389247737,5610.009194623867,1.0,0.19986631037954117,kelly,37939.41,37939.41,37939.41,62.81,4425.947355699093,1,11716.66597212832,7290.718616429226
3.0,uncapped,7162ed3d-7135-4801-b3a8-ba85cbcaa7ea,2025-06-15 22:00:00+00:00,2025-06-15 05:30:00+00:00,YES,0.2125312566757202,0.38642046668312763,,2263.779766460073,2263.779766460073,3053.9835,6107.967,2263.779766460073,2263.779766460073,6357.193795722425,1.0,0.3560973346421035,kelly,20359.89,20359.89,20359.89,102.04,-2365.819766460073,0,9350.846205668247,11716.66597212832
3.0,uncapped,acf4a696-dabb-4821-9d7a-7417121d43a8,2025-06-17 23:00:00+00:00,2025-06-17 05:45:00+00:00,NO,0.10341833353042607,0.1124112320982892,,525.5700715703902,525.5700715703902,316.46700000000004,629.721,316.46700000000004,316.46700000000004,4522.242857142857,1.0,0.06998009837090952,rolling_liq,2109.78,2109.78,2099.07,20.61,-337.07700000000006,0,9013.769205668248,9350.846205668247
3.0,uncapped,f992552a-94d9-40c8-aa4b-fa5c7bf321fd,2025-06-18 00:00:00+00:00,2025-06-17 06:15:00+00:00,NO,0.2464600276947021,0.4323860134994774,,1948.7138667216225,1948.7138667216225,3961.3724999999995,7922.744999999999,1948.7138667216225,1948.7138667216225,4857.0094310283475,1.0,0.40121681754878374,kelly,26409.149999999998,26409.149999999998,26409.149999999998,81.68,-2030.3938667216225,0,6983.375338946626,9013.769205668248
3.0,uncapped,326d833a-4a17-4fec-882e-c3699065a0ed,2025-06-18 00:00:00+00:00,2025-06-17 07:00:00+00:00,NO,0.11250839233398435,0.13236281451056983,,462.16960732333996,462.16960732333996,111.14099999999999,222.28199999999998,111.14099999999999,111.14099999999999,926.925,1.0,0.11990290476575774,rolling_liq,740.9399999999999,740.9399999999999,740.9399999999999,6.85,-117.99099999999999,0,6865.384338946626,6983.375338946626
3.0,uncapped,4f5eef0b-7151-49c4-bc34-46d08d1e5ca1,2025-06-18 02:00:00+00:00,2025-06-17 12:30:00+00:00,YES,0.15919422030448907,0.20674574065518062,,709.6944850189989,709.6944850189989,380.0294999999999,652.842,380.0294999999999,380.0294999999999,1652.9543478260866,1.0,0.22990925339214766,rolling_liq,2508.6899999999996,2533.5299999999997,2176.14,20.49,-400.51949999999994,0,6464.864838946625,6865.384338946626
3.0,uncapped,42f7582e-79b3-4a78-88ba-0245ebd00b6b,2025-06-18 23:00:00+00:00,2025-06-18 06:15:00+00:00,YES,0.2191847121715545,0.2548659443855285,,823.8369412514646,823.8369412514646,2783.2140000000004,5549.039999999998,823.8369412514646,823.8369412514646,8238.369412514647,1.0,0.09999999999999999,kelly,18552.239999999998,18554.760000000002,18496.799999999996,51.91,-875.7469412514646,0,5589.1178976951605,6464.864838946625
3.0,uncapped,57909126-867a-49a0-bc68-8c65ff35b9dd,2025-06-20 02:00:00+00:00,2025-06-19 13:45:00+00:00,YES,0.23086082577705377,0.2748343164012545,,768.040698349533,768.040698349533,141.804,283.464,141.804,141.804,911.7750000000001,1.0,0.1555252118121247,rolling_liq,944.88,945.36,944.88,8.39,761.5810000000001,1,6350.698897695161,5589.1178976951605
3.0,uncapped,5cc2b6cf-49a3-4f54-a14e-88d92bf3ac7a,2025-06-20 23:30:00+00:00,2025-06-20 06:00:00+00:00,YES,0.19484763860702514,0.31427038485004055,,997.9182933226932,997.9182933226932,1229.9624999999999,2459.9249999999997,997.9182933226932,997.9182933226932,2855.7379809219806,1.0,0.34944322623061985,kelly,8199.75,8199.75,8199.75,45.45,-1043.3682933226933,0,5307.330604372468,6350.698897695161
3.0,uncapped,36996288-3356-4ce9-b751-b31f6890cd69,2025-06-22 19:00:00+00:00,2025-06-22 07:15:00+00:00,YES,0.12237302303314207,0.22661670932063344,,601.3648984197887,601.3648984197887,85.905,167.67,85.905,85.905,186.75,1.0,0.46,rolling_liq,558.9,572.7,558.9,3.25,97.595,1,5404.925604372468,5307.330604372468
3.0,uncapped,4bfeb202-768f-487c-a416-9c9a314242a6,2025-06-25 00:00:00+00:00,2025-06-24 06:15:00+00:00,YES,0.08991959929466248,0.13031825984733694,,352.180249683068,352.180249683068,2.0925,4.185,2.0925,2.0925,6.749999999999999,1.0,0.31,rolling_liq,13.95,13.95,13.95,0.11,4.5474999999999985,1,5409.473104372468,5404.925604372468
3.0,uncapped,e6fdfe56-f4ef-4bab-8f24-19a99adb7f6f,2025-06-26 02:00:00+00:00,2025-06-25 12:15:00+00:00,NO,0.07732540607452387,0.08226107029204668,,222.49452364085977,222.49452364085977,267.12,534.24,222.49452364085977,222.49452364085977,4449.890472817195,1.0,0.05000000000000001,kelly,1780.8000000000002,1780.8000000000002,1780.8000000000002,14.8,-237.29452364085978,0,5172.178580731608,5409.473104372468
3.0,uncapped,1c528f37-bdd0-449a-99b5-7a8d174e4243,2025-06-26 02:00:00+00:00,2025-06-25 15:45:00+00:00,YES,0.0853763997554779,0.10672049969434737,,275.9887413220388,275.9887413220388,481.4325,956.925,275.9887413220388,275.9887413220388,1388.1937066101937,1.0,0.19881140507110562,kelly,3209.55,3209.55,3189.75,15.48,-291.4687413220388,0,4880.709839409569,5172.178580731608
3.0,uncapped,fd8a85e4-5aac-47f6-b278-e1f1fa69b82d,2025-06-27 02:00:00+00:00,2025-06-26 12:15:00+00:00,NO,0.08030236721038819,0.10566100948735288,,257.85036432343554,257.85036432343554,2897.6355,5783.472000000001,257.85036432343554,257.85036432343554,1289.2518216171775,1.0,0.20000000000000004,kelly,19317.57,19317.57,19278.24,14.44,1016.9614572937419,1,5897.671296703311,4880.709839409569
3.0,uncapped,4e456309-00d3-4582-8f89-1c9049054791,2025-06-27 23:30:00+00:00,2025-06-27 12:30:00+00:00,NO,0.12750528216362,0.2500103571835686,,737.2394537200375,737.2394537200375,2527.353,5054.706,737.2394537200375,737.2394537200375,1602.6944646087773,1.0,0.46,kelly,16849.02,16849.02,16849.02,27.87,837.5850108887397,1,6735.256307592051,5897.671296703311
3.0,uncapped,f2a059a9-b803-4538-b746-3868679fa790,2025-06-28 02:00:00+00:00,2025-06-27 12:45:00+00:00,NO,0.05228370666503901,0.055620964537275545,,187.31072611701944,187.31072611701944,327.17249999999984,654.3449999999997,187.31072611701944,187.31072611701944,3746.2145223403886,1.0,0.05,kelly,2181.149999999999,2181.149999999999,2181.149999999999,12.46,-199.77072611701945,0,6535.485581475031,6735.256307592051
3.0,uncapped,02291b17-b5ee-4973-b184-51149f2c1817,2025-06-28 02:00:00+00:00,2025-06-27 14:00:00+00:00,NO,0.14177390813827517,0.26749793988353804,,874.1144645915687,874.1144645915687,2693.8485,5344.128000000001,874.1144645915687,874.1144645915687,1902.5314447642795,1.0,0.45944810373416456,kelly,17958.99,17958.99,17813.760000000002,33.08,-907.1944645915687,0,5628.291116883462,6535.485581475031
3.0,uncapped,8a325ea5-03e5-4940-bb7a-2eb4c8b2b077,2025-06-29 20:00:00+00:00,2025-06-29 04:30:00+00:00,NO,0.19611328840255737,0.26148438453674316,,735.8551193459454,735.8551193459454,1150.6634999999999,2300.2470000000003,735.8551193459454,735.8551193459454,3072.3129972747724,1.0,0.23951176849450867,kelly,7667.490000000001,7671.09,7667.490000000001,39.18,2297.2778779288274,1,7925.568994812289,5628.291116883462
3.0,uncapped,475cc53b-e563-4217-a5dc-930581369bab,2025-06-29 22:00:00+00:00,2025-06-29 05:30:00+00:00,NO,0.07646610498428341,0.10769873941448369,,426.7868949419001,426.7868949419001,377.87399999999997,671.814,377.87399999999997,377.87399999999997,1352.255172413793,1.0,0.27943986291099926,rolling_liq,2320.3799999999997,2519.16,2239.38,19.06,955.321172413793,1,8880.890167226082,7925.568994812289
3.0,uncapped,01384c8c-e038-4abe-b80a-901c44d112ce,2025-07-03 23:00:00+00:00,2025-07-03 05:45:00+00:00,YES,0.14452980518341063,0.23693410685805022,,1052.092889938076,1052.092889938076,14553.724500000002,28898.603999999996,1052.092889938076,1052.092889938076,3005.97968553736,1.0,0.35,kelly,97024.83000000002,97024.83000000002,96328.68,47.88,1906.006795599284,1,10786.896962825365,8880.890167226082
3.0,uncapped,21815dfe-7533-4983-9fc4-01b7e5798634,2025-07-03 23:30:00+00:00,2025-07-03 12:15:00+00:00,YES,0.12719794988632205,0.23999613186098498,,1294.4067729305473,1294.4067729305473,384.93,762.246,384.93,384.93,819.0,1.0,0.47000000000000003,rolling_liq,2566.2000000000003,2566.2000000000003,2540.82,14.29,-399.22,0,10387.676962825366,10786.896962825365
3.0,uncapped,a4d71aea-7129-4510-a0c0-686300cd53cf,2025-07-07 23:30:00+00:00,2025-07-07 12:30:00+00:00,NO,0.09287727117538447,0.13460474083389054,,699.1152827236418,699.1152827236418,1753.038,3430.7010000000005,699.1152827236418,699.1152827236418,2692.5972412447763,1.0,0.2596434669154024,kelly,11435.670000000002,11686.92,11435.670000000002,36.24,-735.3552827236418,0,9652.321680101724,10387.676962825366
3.0,uncapped,66b295b9-ed48-41fe-8fd7-4cca0813f9f5,2025-07-08 15:30:00+00:00,2025-07-08 04:45:00+00:00,NO,0.07585252523422237,0.10836075033460339,,522.9664098633913,522.9664098633913,1738.602,3003.291,522.9664098633913,522.9664098633913,1939.951463797826,1.0,0.26957705881959776,kelly,10193.759999999998,11590.68,10010.970000000001,26.74,-549.7064098633913,0,9102.615270238333,9652.321680101724
3.0,uncapped,cba5ede2-0a93-430c-aa0b-4c48363996d9,2025-07-09 15:00:00+00:00,2025-07-09 01:30:00+00:00,YES,0.0751177150011062,0.08077173656032925,,367.61702130886044,367.61702130886044,229.69350000000006,459.3870000000001,229.69350000000006,229.69350000000006,3287.764285714286,1.0,0.06986312887394171,rolling_liq,1531.2900000000004,1531.2900000000004,1531.2900000000004,14.96,3043.110785714286,1,12145.726055952618,9102.615270238333
3.0,uncapped,473b6ccd-bea1-4377-b656-99e755056013,2025-07-09 16:00:00+00:00,2025-07-09 02:00:00+00:00,NO,0.21722968339920046,0.28211647194701356,,1713.2546920701343,1713.2546920701343,76.032,152.064,76.032,76.032,345.6,1.0,0.21999999999999997,rolling_liq,506.88,506.88,506.88,4.16,265.408,1,12411.134055952618,12145.726055952618
3.0,uncapped,e3e04e5c-30b5-4cd3-bef5-9e4a16bf0e89,2025-07-10 19:00:00+00:00,2025-07-10 04:45:00+00:00,NO,0.176479022204876,0.5882634073495866,,3650.5080044135907,3650.5080044135907,897.0659999999999,1481.994,897.0659999999999,897.0659999999999,1319.2147058823525,1.0,0.6800000000000002,rolling_liq,5395.679999999999,5980.44,4939.98,20.1,402.0487058823526,1,12813.18276183497,12411.134055952618
3.0,uncapped,9bb7fd31-2faf-4602-bf65-4532dd75baba,2025-07-13 22:00:00+00:00,2025-07-13 05:15:00+00:00,NO,0.0949998521804809,0.13768094518910276,,882.0655567650784,882.0655567650784,1444.7025,2791.269,882.0655567650784,882.0655567650784,3266.909469500291,1.0,0.26999999999999996,kelly,9631.35,9631.35,9304.23,45.08,2339.7639127352127,1,15152.946674570183,12813.18276183497
3.0,uncapped,1dc8a33e-b81b-4a0d-91bf-0109943d729e,2025-07-13 22:00:00+00:00,2025-07-13 06:00:00+00:00,NO,0.2283735346794128,0.27850431058464975,,2110.080483463565,2110.080483463565,3720.7484999999997,7403.247,2110.080483463565,2110.080483463565,14289.603223090435,1.0,0.14766543552825218,kelly,24804.989999999998,24804.989999999998,24677.49,125.9,-2235.980483463565,0,12916.966191106618,15152.946674570183
3.0,uncapped,333e71e9-d362-4003-836b-7d936322e7d2,2025-07-16 00:00:00+00:00,2025-07-15 06:00:00+00:00,YES,0.06468308866024008,0.07187009851137786,,464.171816311485,464.171816311485,898.695,1797.39,464.171816311485,464.171816311485,4641.71816311485,1.0,0.1,kelly,5991.3,5991.3,5991.3,29.25,-493.421816311485,0,12423.544374795132,12916.966191106618
3.0,uncapped,e380b602-7a50-4ce9-99e7-63c43f11724e,2025-07-16 02:00:00+00:00,2025-07-15 13:30:00+00:00,NO,0.21980795383453366,0.4676764975202844,,2905.0998599960094,2905.0998599960094,3460.1715,6429.303000000001,2905.0998599960094,2905.0998599960094,6053.916374991686,1.0,0.47987115778420364,kelly,21431.010000000002,23067.81,21431.010000000002,105.78,-3010.8798599960096,0,9412.664514799122,12423.544374795132
3.0,uncapped,83fc47a0-fbb1-4f04-8af2-94e9a1fd566e,2025-07-16 17:00:00+00:00,2025-07-16 04:15:00+00:00,NO,0.1946576309204101,0.23738735478098796,,1117.2237653045177,1117.2237653045177,112.527,225.054,112.527,112.527,682.570588235294,1.0,0.16485767470720547,rolling_liq,750.1800000000001,750.1800000000001,750.1800000000001,6.58,-119.107,0,9293.557514799122,9412.664514799122
3.0,uncapped,5e64c14b-9cf3-45d2-bd9d-f0af702d801f,2025-07-16 19:00:00+00:00,2025-07-16 07:00:00+00:00,NO,0.1349456548690796,0.207608699798584,,964.7116960754028,964.7116960754028,6024.6675,11962.818,964.7116960754028,964.7116960754028,3193.7474066948475,1.0,0.30206261586409106,kelly,39882.18,40164.45,39876.06,47.14,-1011.8516960754027,0,8281.70581872372,9293.557514799122
3.0,uncapped,1f15d85b-41ea-4e16-b597-b0e14ee9ba73,2025-07-16 23:30:00+00:00,2025-07-16 07:00:00+00:00,NO,0.10651913166046145,0.13656298930828392,,565.4872515883601,565.4872515883601,3530.457,7051.1939999999995,565.4872515883601,565.4872515883601,2827.4362579418002,1.0,0.2,kelly,23503.98,23536.38,23503.98,31.67,-597.15725158836,0,7684.54856713536,8281.70581872372
3.0,uncapped,32cb5f24-0d87-4645-a3fd-dd1e0fd1a4f6,2025-07-23 00:00:00+00:00,2025-07-22 06:00:00+00:00,NO,0.09330237627029414,0.11378338569548066,,437.18697675500795,437.18697675500795,836.9594999999998,1673.9189999999996,437.18697675500795,437.18697675500795,2432.316537527822,1.0,0.1797409876591801,kelly,5579.729999999999,5579.729999999999,5579.729999999999,25.11,-462.29697675500796,0,7222.251590380352,7684.54856713536
3.0,uncapped,17812353-7592-47dc-9fe1-36f6bb0d8b9d,2025-07-24 02:00:00+00:00,2025-07-23 07:00:00+00:00,NO,0.17903590440750117,0.2594723252282626,,936.9872067697537,936.9872067697537,1948.8465,3897.693,936.9872067697537,936.9872067697537,3747.948827079015,1.0,0.25,kelly,12992.310000000001,12992.310000000001,12992.310000000001,49.2,2761.761620309261,1,9984.013210689613,7222.251590380352
3.0,uncapped,d8bda49f-0b5d-428a-9697-070219652f4a,2025-07-25 00:30:00+00:00,2025-07-24 06:15:00+00:00,YES,0.12289219975471491,0.15755410224963448,,786.5111191293463,786.5111191293463,3399.471,6798.942,786.5111191293463,786.5111191293463,4369.5062173852575,1.0,0.18,kelly,22663.14,22663.14,22663.14,45.15,-831.6611191293463,0,9152.352091560266,9984.013210689613
3.0,uncapped,4d8cf7bd-df70-42d4-a4fd-14a6fcb736a9,2025-07-24 23:00:00+00:00,2025-07-24 12:45:00+00:00,YES,0.11587374210357665,0.21067953109741208,,964.1066235441677,964.1066235441677,2286.4049999999997,4567.95,964.1066235441677,964.1066235441677,2191.1514171458357,1.0,0.44,kelly,15226.5,15242.699999999999,15226.5,37.8,1189.244793601668,1,10341.596885161935,9152.352091560266
3.0,uncapped,585740b6-3c8b-4746-8808-e7635a88c710,2025-07-27 20:00:00+00:00,2025-07-27 04:15:00+00:00,YES,0.09930047273635859,0.1273082983799469,,658.2855509906625,658.2855509906625,100.089,29.7,29.7,29.7,135.0,1.0,0.22,cumulative_liq,667.26,667.26,99.0,1.63,-31.33,0,10310.266885161935,10341.596885161935
3.0,uncapped,548df81e-2319-4153-a4df-bf65932d74be,2025-07-27 23:00:00+00:00,2025-07-27 06:00:00+00:00,NO,0.06239434003829958,0.0810316104393501,,417.72876488208675,417.72876488208675,0.0945,0.189,0.0945,0.0945,0.45,1.0,0.21,rolling_liq,0.63,0.63,0.63,0.01,0.34550000000000003,1,10310.612385161934,10310.266885161935
3.0,uncapped,d5b4c575-bc11-412e-893d-9c6ed1889586,2025-07-27 22:00:00+00:00,2025-07-27 12:30:00+00:00,YES,0.1230686521530151,0.17333612979297902,,893.600823319763,893.600823319763,1886.1704999999997,3636.882,893.600823319763,893.600823319763,3441.7723973837037,1.0,0.2596339095516723,kelly,12138.6,12574.47,12122.94,46.32,-939.920823319763,0,9370.691561842172,10310.612385161934
3.0,uncapped,6adda940-e25a-4b97-9334-bfcbbb00d303,2025-07-28 23:00:00+00:00,2025-07-28 12:30:00+00:00,YES,0.05657753527164458,0.06816570514655974,,319.3798990119444,319.3798990119444,2202.9660000000003,4002.777,319.3798990119444,319.3798990119444,2009.0618688246525,1.0,0.15896966836506085,kelly,14676.750000000004,14686.440000000002,13342.59,18.81,-338.1898990119444,0,9032.501662830227,9370.691561842172
3.0,uncapped,7a6fecee-f650-46ac-af8f-8dfc5ff13ae2,2025-07-29 23:30:00+00:00,2025-07-29 05:45:00+00:00,NO,0.11944526433944702,0.15926035245259604,,719.2596991755009,719.2596991755009,1274.7689999999998,2549.5379999999996,719.2596991755009,719.2596991755009,3209.52043119783,1.0,0.22410192257510103,kelly,8498.46,8498.46,8498.46,39.07,2451.190732022329,1,11483.692394852556,9032.501662830227
3.0,uncapped,185c1d82-80ca-427a-bb34-b717e2127e2e,2025-07-30 23:00:00+00:00,2025-07-30 05:30:00+00:00,YES,0.15933475494384763,0.2655579249064127,,1524.792761320299,1524.792761320299,123.06150000000001,246.12300000000002,123.06150000000001,123.06150000000001,311.62874999999997,1.0,0.3948977749966908,rolling_liq,820.4100000000001,820.4100000000001,820.4100000000001,5.22,183.34724999999995,1,11667.039644852557,11483.692394852556
3.0,uncapped,c2f7980e-2390-45e9-8977-c6e6d2c1f545,2025-07-31 00:00:00+00:00,2025-07-30 07:00:00+00:00,NO,0.09089968681335447,0.12452011892240339,,726.3905820247177,726.3905820247177,2231.7839999999997,4427.1089999999995,726.3905820247177,726.3905820247176,2794.3868539412215,0.9999999999999999,0.259946320961327,kelly,14874.81,14878.559999999998,14757.029999999999,37.63,-764.0205820247176,0,10903.01906282784,11667.039644852557
3.0,uncapped,e8241b1f-576e-4bcf-b7d0-79606aa78b00,2025-07-31 00:00:00+00:00,2025-07-30 15:30:00+00:00,NO,0.16516225516796124,0.434637513599898,,2369.430548099891,2369.430548099891,5180.2515,9682.199999999999,2369.430548099891,2369.430548099891,4156.895698420862,1.0,0.57,kelly,32273.999999999996,34535.01,32273.999999999996,71.32,1716.1451503209707,1,12619.16421314881,10903.01906282784
3.0,uncapped,50578d4e-21ed-488c-ac01-1008b9b70e0d,2025-07-31 23:30:00+00:00,2025-07-31 05:45:00+00:00,NO,0.1513962113857269,0.2566037481114015,,1619.0624175636246,1619.0624175636246,3670.2495000000004,7340.499000000001,1619.0624175636246,1619.0624175636246,4647.492621610356,1.0,0.34837331640617425,kelly,24468.33,24468.33,24468.33,73.86,2954.570204046731,1,15573.734417195541,12619.16421314881
3.0,uncapped,a1ca524f-e7ce-449f-ab32-66adea0ba523,2025-08-01 23:30:00+00:00,2025-08-01 05:45:00+00:00,NO,0.15966734647750846,0.3894325523841671,,3032.4595721208043,3032.4595721208043,518.8905,1037.781,518.8905,518.8905,887.3059322033898,1.0,0.5847932276429986,rolling_liq,3459.27,3459.27,3459.27,15.09,353.3254322033899,1,15927.059849398931,15573.734417195541
3.0,uncapped,64fb0c10-3ce1-4592-a3f9-65395a9e58af,2025-08-01 23:30:00+00:00,2025-08-01 15:00:00+00:00,YES,0.10673018932342532,0.18089862597190728,,1440.5916212642996,1440.5916212642996,2930.5844999999995,5813.567999999997,1440.5916212642996,1440.5916212642996,3818.9779506955256,1.0,0.37721915126583383,kelly,19537.229999999996,19537.229999999996,19378.55999999999,62.81,2315.576329431226,1,18242.63617883016,15927.059849398931
3.0,uncapped,de06dc94-ceb2-41b8-bde0-f9f91c917d00,2025-08-03 22:00:00+00:00,2025-08-03 06:00:00+00:00,NO,0.07582804679870603,0.10531673166486949,,960.627409652848,960.627409652848,743.0085,1282.2749999999999,743.0085,743.0085,3025.434,1.0,0.24558740993854103,rolling_liq,4331.37,4953.39,4274.25,39.24,-782.2485,0,17460.387678830157,18242.63617883016
3.0,uncapped,1dffe97b-d132-4697-af9f-8b08902da90d,2025-08-03 22:00:00+00:00,2025-08-03 06:00:00+00:00,YES,0.05085827469825738,0.05913752871890393,,516.2820889000074,516.2820889000074,975.9060000000001,1839.1050000000002,516.2820889000074,516.2820889000074,4253.862222307748,1.0,0.12136784454197036,kelly,6186.900000000001,6506.040000000001,6130.350000000001,31.76,-548.0420889000073,0,16912.345589930148,17460.387678830157
3.0,uncapped,cd325282-98cc-46dd-a9f0-e2d5d887b51f,2025-08-06 00:00:00+00:00,2025-08-05 07:00:00+00:00,YES,0.09239223599433899,0.12318964799245198,,1041.7129499750963,1041.7129499750963,103.07249999999999,197.595,103.07249999999999,103.07249999999999,429.46874999999994,1.0,0.24000000000000002,rolling_liq,687.15,687.15,658.65,5.49,320.90624999999994,1,17233.251839930148,16912.345589930148
3.0,uncapped,6a9e0ff7-c5b4-4a72-b217-41dc4a8caa4f,2025-08-06 02:00:00+00:00,2025-08-05 07:00:00+00:00,NO,0.3618546456098557,0.6579175374724648,,5669.029306584834,5669.029306584834,41.9625,83.925,41.9625,41.9625,95.57386363636363,1.0,0.4390583199571964,rolling_liq,279.75,279.75,279.75,1.65,51.96136363636363,1,17285.213203566513,17233.251839930148
3.0,uncapped,d300ee86-e2e0-4bf4-9247-1d7a3a859e07,2025-08-06 02:00:00+00:00,2025-08-05 07:00:00+00:00,NO,0.08956348419189453,0.10294653355390175,,889.7263905236528,889.7263905236528,166.53149999999997,333.06299999999993,166.53149999999997,166.53149999999997,1593.2863636363634,1.0,0.1045207589801525,rolling_liq,1110.2099999999998,1110.2099999999998,1110.2099999999998,10.44,-176.97149999999996,0,17108.241703566513,17285.213203566513
3.0,uncapped,0934f4d6-98dc-4543-b6bd-c04adfa95bf2,2025-08-08 02:00:00+00:00,2025-08-07 07:00:00+00:00,NO,0.14108287811279296,0.2275530292141822,,1946.5161120874805,1946.5161120874805,906.507,1813.014,906.507,906.507,2518.075,1.0,0.36,rolling_liq,6043.38,6043.38,6043.38,40.62,-947.127,0,16161.114703566513,17108.241703566513
3.0,uncapped,042c5181-7425-497a-8593-922c0cccfc16,2025-08-08 02:00:00+00:00,2025-08-07 07:00:00+00:00,NO,0.10052478075027471,0.12410466759293173,,1002.8348841086818,1002.8348841086818,534.5955,1069.191,534.5955,534.5955,3144.679411764705,1.0,0.17000000000000004,rolling_liq,3563.9700000000003,3563.9700000000003,3563.9700000000003,31.06,-565.6555,0,15595.459203566512,16161.114703566513
3.0,uncapped,25596e43-21b0-4411-b093-a5ca0b6480d6,2025-08-09 02:00:00+00:00,2025-08-08 07:30:00+00:00,YES,0.13616769552230834,0.2778932561679762,,2166.9364697569654,2166.9364697569654,1023.4214999999999,2039.346,1023.4214999999999,1023.4214999999999,2088.615306122449,1.0,0.48999999999999994,rolling_liq,6822.8099999999995,6822.8099999999995,6797.820000000001,36.54,1028.6538061224492,1,16624.11300968896,15595.459203566512
3.0,uncapped,3a283716-466b-440c-a344-5994da2e16aa,2025-08-10 00:30:00+00:00,2025-08-09 13:15:00+00:00,YES,0.124353095293045,0.1943017113953828,,1615.0468041064064,1615.0468041064064,10185.246000000001,19866.996000000003,1615.0468041064064,1615.0468041064064,4751.725894430607,1.0,0.33988635708119597,kelly,67901.64000000001,67901.64000000001,66223.32,74.63,3062.0490903242003,1,19686.16210001316,16624.11300968896
3.0,uncapped,2de72b4c-3c39-42c4-8321-18efac227563,2025-08-10 16:30:00+00:00,2025-08-10 02:30:00+00:00,NO,0.28335612535476684,0.4570260086367207,,4498.544044972249,4498.544044972249,1274.0939999999998,2522.2139999999995,1274.0939999999998,1274.0939999999998,3443.4972972972973,1.0,0.36999999999999994,rolling_liq,8493.96,8493.96,8407.38,56.19,2113.2132972972972,1,21799.375397310458,19686.16210001316
3.0,uncapped,56ef45bc-fa3c-47bb-926c-8b9f8433bdb6,2025-08-10 20:00:00+00:00,2025-08-10 04:30:00+00:00,NO,0.146348443031311,0.24804820852764578,,2703.6480071622477,2703.6480071622477,4609.575,9218.097,2703.6480071622477,2703.6480071622477,6954.64501790562,1.0,0.38875427864418116,kelly,30730.5,30730.5,30726.99,115.69,4135.307010743373,1,25934.68240805383,21799.375397310458
3.0,uncapped,2eb1473f-e48b-4a13-bb64-bb3604b03c6d,2025-08-10 22:00:00+00:00,2025-08-10 12:00:00+00:00,NO,0.13645145893096922,0.22741909821828205,,2949.021042908573,2949.021042908573,9273.996,18546.939,2949.021042908573,2949.021042908573,8305.72511919048,1.0,0.355058829974378,kelly,61823.13,61826.64,61823.13,133.14,5223.564076281907,1,31158.246484335737,25934.68240805383
3.0,uncapped,4b134f76-aff1-49fb-b585-3e9073eb44c2,2025-08-14 02:00:00+00:00,2025-08-13 08:00:00+00:00,NO,0.21488385438919066,0.4385384783452871,,6832.045000573993,6832.045000573993,3760.7895,7504.478999999999,3760.7895,3760.7895,8986.832142857142,1.0,0.4184777728366861,rolling_liq,25014.93,25071.93,25014.93,153.09,5072.952642857142,1,36231.19912719288,31158.246484335737
3.0,uncapped,74f4d3c6-f105-49b3-bb25-ee57ac47d235,2025-08-13 23:30:00+00:00,2025-08-13 11:45:00+00:00,NO,0.12422191977500918,0.2343809807075645,,4245.951991821261,4245.951991821261,4307.6295,5629.302,4245.951991821261,4245.951991821261,9435.448870713913,1.0,0.44999999999999996,kelly,18764.34,28717.53,18764.34,163.47,5026.026878892652,1,41257.22600608553,36231.19912719288
3.0,uncapped,fdec04dc-4b3e-4713-8640-3988c3e4f01f,2025-08-16 02:00:00+00:00,2025-08-15 07:15:00+00:00,NO,0.13219804048538208,0.20983815950060647,,4328.670185608773,4328.670185608773,280.629,561.258,280.629,280.629,779.5250000000001,1.0,0.36,rolling_liq,1870.8600000000001,1870.8600000000001,1870.8600000000001,12.58,486.3160000000001,1,41743.54200608553,41257.22600608553
3.0,uncapped,f69e50f9-fa32-4c94-9a1b-f8a270e47e4c,2025-08-16 02:00:00+00:00,2025-08-15 16:45:00+00:00,YES,0.15301872491836543,0.340041610929701,,7097.270634830483,7097.270634830483,2090.6639999999998,4181.3279999999995,2090.6639999999998,2090.6639999999998,3876.5999999999995,1.0,0.5393035133880204,rolling_liq,13937.76,13937.76,13937.76,67.43,-2158.0939999999996,0,39585.448006085535,41743.54200608553
3.0,uncapped,673f7bf8-4cb2-4836-9dec-4131b50da342,2025-08-16 18:00:00+00:00,2025-08-16 03:15:00+00:00,YES,0.29983103513717646,0.6814341707663102,,13487.438468219892,13487.438468219892,6792.2595,13584.519,6792.2595,6792.2595,12721.758333333331,1.0,0.5339088608689444,rolling_liq,45281.73,45281.73,45281.73,221.61,5707.888833333332,1,45293.336839418866,39585.448006085535
3.0,uncapped,3495c00d-950e-4e49-87e6-3a022d1d9c1b,2025-08-17 19:00:00+00:00,2025-08-17 03:45:00+00:00,YES,0.1182247066497803,0.20038085872844116,,4537.958865279646,4537.958865279646,708.5069999999998,1411.848,708.5069999999998,708.5069999999998,1748.6268292682926,1.0,0.40517907431196876,rolling_liq,4723.379999999999,4723.379999999999,4706.16,29.51,1010.6098292682927,1,46303.94666868716,45293.336839418866
3.0,uncapped,b233aa62-25a1-489f-9f1a-ad31d9a6a7c2,2025-08-17 22:00:00+00:00,2025-08-17 10:45:00+00:00,NO,0.13120973110198975,0.2624194622039795,,6075.528391359316,6075.528391359316,3105.324,6202.71,3105.324,3105.324,6900.719999999999,1.0,0.45000000000000007,rolling_liq,20702.16,20702.16,20675.7,119.56,3675.8359999999993,1,49979.782668687156,46303.94666868716
3.0,uncapped,b6df91b4-c8f5-45f8-bebf-c6845d61912b,2025-08-19 23:00:00+00:00,2025-08-19 05:30:00+00:00,NO,0.2621755397319794,0.5140696857489792,,12846.54558514714,12846.54558514714,2940.0974999999994,5880.194999999999,2940.0974999999994,2940.0974999999994,7032.232142857143,1.0,0.4180888002945619,rolling_liq,19600.649999999998,19600.649999999998,19600.649999999998,119.77,-3059.8674999999994,0,46919.915168687156,49979.782668687156
3.0,uncapped,2cc91c72-9797-403a-adc1-51f134d84117,2025-08-20 02:00:00+00:00,2025-08-19 07:00:00+00:00,YES,0.09672302126884458,0.13433752954006192,,3151.552744995355,3151.552744995355,226.43550000000002,452.87100000000004,226.43550000000002,226.43550000000002,861.2055555555556,1.0,0.26292851751743357,rolling_liq,1509.5700000000002,1509.5700000000002,1509.5700000000002,11.69,-238.12550000000002,0,46681.78966868715,46919.915168687156
3.0,uncapped,a1382913-f5c5-4721-9dee-4195779e9b68,2025-08-23 20:00:00+00:00,2025-08-23 04:00:00+00:00,NO,0.19466778397560125,0.34762104281357364,,8113.786202516469,8113.786202516469,975.375,1950.75,975.375,975.375,2322.321428571429,1.0,0.41999999999999993,rolling_liq,6502.5,6502.5,6502.5,39.61,1307.336428571429,1,47989.12609725858,46681.78966868715
3.0,uncapped,bb8576ec-3270-4ee6-9d85-f37e6e502af7,2025-08-24 19:00:00+00:00,2025-08-24 03:45:00+00:00,YES,0.1296231734752655,0.16618355573751986,,3987.5018057893203,3987.5018057893203,814.9095000000001,1543.689,814.9095000000001,814.9095000000001,3819.9068181818184,1.0,0.21333229808675724,rolling_liq,5432.7300000000005,5432.7300000000005,5145.63,44.88,-859.7895000000001,0,47129.33659725858,47989.12609725858
3.0,uncapped,0962940f-0261-4fce-b716-3a16393d43b7,2025-08-24 20:00:00+00:00,2025-08-24 05:45:00+00:00,NO,0.17109873175621026,0.39790402734002395,,9376.476418956385,9376.476418956385,2712.6899999999996,5146.757999999999,2712.6899999999996,2712.6899999999996,5328.470588235294,1.0,0.5090935485295416,rolling_liq,17155.859999999997,18084.6,17155.859999999997,93.22,2522.5605882352943,1,49651.89718549388,47129.33659725858
3.0,uncapped,ab22cb38-adf5-49e7-8d94-af37949f1527,2025-08-26 23:00:00+00:00,2025-08-26 06:00:00+00:00,YES,0.11368976593017577,0.18637666545930454,,4626.977515580288,4626.977515580288,1455.264,2882.448,1455.264,1455.264,3848.5105263157893,1.0,0.37813694156454236,rolling_liq,9608.16,9701.76,9608.16,63.35,2329.8965263157893,1,51981.79371180967,49651.89718549388
3.0,uncapped,467aedcd-fa42-4992-9a69-fce47d1ece15,2025-08-28 00:00:00+00:00,2025-08-27 16:00:00+00:00,NO,0.15859810590744017,0.33041272064050037,,8587.722942046143,8587.722942046143,2314.8044999999997,4092.3450000000003,2314.8044999999997,2314.8044999999997,4554.067647058824,1.0,0.5082938329857664,rolling_liq,15432.029999999999,15432.029999999999,13641.150000000001,79.68,2159.5831470588246,1,54141.37685886849,51981.79371180967
3.0,uncapped,6d17df9c-9585-4b14-b1ab-7334c0443b45,2025-08-30 02:00:00+00:00,2025-08-29 07:15:00+00:00,NO,0.14991149187088015,0.28285187145449087,,7656.994883826908,7656.994883826908,2741.9174999999996,5471.28,2741.9174999999996,2741.9174999999996,6372.698863636363,1.0,0.4302600136412876,rolling_liq,18279.449999999997,18279.449999999997,18237.6,109.36,3521.4213636363634,1,57662.798222504854,54141.37685886849
3.0,uncapped,eef5e74b-cdc8-45c9-b34e-c80089a44b6d,2025-09-01 00:00:00+00:00,2025-08-31 06:00:00+00:00,NO,0.12026148080825805,0.1625155146057541,,4685.54966336907,4685.54966336907,1076.1435000000001,2152.2870000000003,1076.1435000000001,1076.1435000000001,5031.19772727273,1.0,0.21389409805274084,rolling_liq,7174.290000000001,7174.290000000001,7174.290000000001,59.22,-1135.3635000000002,0,56527.434722504855,57662.798222504854
3.0,uncapped,2f5baf0d-dd06-464d-95dd-177924f443c9,2025-09-04 00:00:00+00:00,2025-09-03 06:00:00+00:00,NO,0.20699598312377931,0.3980691983149602,,11250.915311394376,11250.915311394376,1122.219,2244.438,1122.219,1122.219,2501.153333333333,1.0,0.44868060867919607,rolling_liq,7481.46,7481.46,7481.46,43.31,-1165.529,0,55361.90572250485,56527.434722504855
3.0,uncapped,b69d86fb-d73a-4b99-bec9-88e73e7ce25b,2025-09-05 02:00:00+00:00,2025-09-04 12:45:00+00:00,NO,0.05718323230743405,0.06807527655646911,,1884.3885213763438,1884.3885213763438,316.54350000000005,625.932,316.54350000000005,316.5435000000001,2261.0250000000005,1.0000000000000002,0.14,rolling_liq,2086.44,2110.2900000000004,2086.44,19.06,-335.6035000000001,0,55026.302222504855,55361.90572250485
3.0,uncapped,f9c188c7-35cd-436c-8d11-7f1b0131ba33,2025-09-05 23:30:00+00:00,2025-09-05 10:30:00+00:00,NO,0.06474714040756224,0.07528737256693284,,2071.392858203184,2071.392858203184,509.37750000000005,1006.2810000000001,509.37750000000005,509.37750000000005,3918.2884615384637,1.0,0.12999999999999995,rolling_liq,3354.2700000000004,3395.8500000000004,3354.2700000000004,31.03,-540.4075,0,54485.894722504854,55026.302222504855
3.0,uncapped,e9ff9be0-15cb-4e16-86a5-89be878b6745,2025-09-10 02:00:00+00:00,2025-09-09 07:00:00+00:00,NO,0.2139049685001373,0.30127460352132013,,8207.60816501352,8207.60816501352,2701.2374999999997,5402.474999999999,2701.2374999999997,2701.2374999999997,10289.36111111111,1.0,0.2625272328213878,rolling_liq,18008.25,18008.25,18008.25,139.45,-2840.6874999999995,0,51645.207222504854,54485.894722504854
3.0,uncapped,31d89653-50a1-4688-b507-15c8e12dad33,2025-09-09 23:30:00+00:00,2025-09-09 12:30:00+00:00,NO,0.16207829356193537,0.3683597580953077,,9512.008019631963,9512.008019631963,2491.7850000000008,4930.218,2491.7850000000008,2491.7850000000008,4700.694444444445,1.0,0.5300886984783573,rolling_liq,16434.06,16611.900000000005,16434.06,81.97,-2573.7550000000006,0,49071.45222250486,51645.207222504854
3.0,uncapped,93a98ff0-ed90-4c11-8f56-dfd70e55ed58,2025-09-12 00:00:00+00:00,2025-09-11 07:00:00+00:00,NO,0.1892402425408365,0.6308008084694549,,15477.155867363146,15477.155867363146,818.4915000000001,1553.823,818.4915000000001,818.4915000000001,1228.524626865672,1.0,0.6662393916255573,rolling_liq,5456.610000000001,5456.610000000001,5179.410000000001,19.13,-837.6215000000001,0,48233.830722504856,49071.45222250486
3.0,uncapped,2fb00c07-3995-4420-aa53-e0b95160a91a,2025-09-18 02:00:00+00:00,2025-09-17 16:15:00+00:00,YES,0.07049068570137018,0.08702553790292615,,2098.787531872335,2098.787531872335,1931.7375,3836.9700000000003,1931.7375,1931.7375,12139.734375,1.0,0.1591251867897645,rolling_liq,12807.57,12878.25,12789.900000000001,113.71,-2045.4475,0,46188.38322250485,48233.830722504856
3.0,uncapped,30981dda-706d-44fc-9eb4-b6f8c5a3e874,2025-09-24 01:30:00+00:00,2025-09-22 23:30:00+00:00,NO,0.11262015342712406,0.14255715623686588,,3292.2422816894295,3292.2422816894295,1127.7900000000002,2253.6000000000004,1127.7900000000002,1127.7900000000002,5638.949999999999,1.0,0.20000000000000007,rolling_liq,7518.600000000001,7518.600000000001,7512.000000000001,63.16,-1190.9500000000003,0,44997.43322250486,46188.38322250485
3.0,uncapped,fb31c505-de82-4d70-a8a2-a91dbaacd1ee,2025-09-29 00:00:00+00:00,2025-09-28 02:30:00+00:00,NO,0.18119778752326965,0.29225449600527365,,6575.351083987057,6575.351083987057,9137.101499999999,18269.342999999997,6575.351083987057,6575.351083987057,18789.63166853445,1.0,0.3499457147421517,kelly,60897.81,60914.009999999995,60897.81,299.21,-6874.561083987057,0,38122.8721385178,44997.43322250486
3.0,uncapped,fc11987d-5051-4621-94f9-17a356691802,2025-10-01 01:30:00+00:00,2025-09-30 01:15:00+00:00,NO,0.06506288051605225,0.08675050735473633,,1653.5892499180804,1653.5892499180804,6051.474,11649.572999999999,1653.5892499180804,1653.5892499180804,7516.314772354912,1.0,0.21999999999999997,kelly,40333.41,40343.16,38831.909999999996,90.29,-1743.8792499180804,0,36378.99288859972,38122.8721385178
3.0,uncapped,4a8a3c5a-81ad-462c-b4cb-3300d1eea8c3,2025-10-09 00:00:00+00:00,2025-10-07 11:00:00+00:00,NO,0.16387164235115048,0.2777485463578822,,5052.106196386154,5052.106196386154,24396.457499999997,48792.91499999999,5052.106196386154,5052.106196386154,13822.503233476093,1.0,0.3654986445690016,kelly,162643.05,162643.05,162643.05,224.39,8546.00703708994,1,44924.99992568966,36378.99288859972
3.0,phase_double_then_12,d1bd5e4c-1d9e-47c6-b24e-52544a1a2c13,2025-05-22 23:30:00+00:00,2025-05-22 13:00:00+00:00,YES,0.18705255270004273,0.2969088138095916,0.2,742.2720345239791,742.2720345239791,478.53000000000003,933.696,478.53000000000003,478.53000000000003,1375.2857142857144,1.0,0.3479495169834839,rolling_liq,3112.32,3190.2000000000003,3112.32,21.85,-500.38000000000005,0,4499.62,5000.0
3.0,phase_double_then_12,b8786c5b-6a05-49e0-9ba2-0bc7db3e8a60,2025-05-24 02:00:00+00:00,2025-05-23 12:30:00+00:00,NO,0.08980293750762935,0.10819631025015586,0.2,243.42114076390314,243.42114076390314,393.5565000000001,787.1130000000002,243.42114076390314,243.42114076390314,2680.8114076390316,1.0,0.09080129250057248,kelly,2623.7100000000005,2623.7100000000005,2623.7100000000005,15.5,-258.92114076390317,0,4240.698859236097,4499.62
3.0,phase_double_then_12,a35a38a3-fdb6-40a3-86f1-842d77ac32bf,2025-05-24 02:00:00+00:00,2025-05-23 12:30:00+00:00,NO,0.32377356052398687,0.3997204450913418,0.2,847.547017756099,847.547017756099,114.27300000000001,228.54600000000002,114.27300000000001,114.27300000000001,714.2062500000001,1.0,0.16,rolling_liq,761.82,761.82,761.82,6.72,593.21325,1,4833.9121092360965,4240.698859236097
3.0,phase_double_then_12,92c4a40c-74f4-4a28-be37-18237fca81a5,2025-05-23 23:30:00+00:00,2025-05-23 12:30:00+00:00,NO,0.09931676149368285,0.11548460638800331,0.2,279.12121862466677,279.12121862466677,173.49749999999997,346.99499999999995,173.49749999999997,173.49749999999997,2168.7187499999995,1.0,0.08,rolling_liq,1156.6499999999999,1156.6499999999999,1156.6499999999999,11.18,-184.67749999999998,0,4649.234609236097,4833.9121092360965
3.0,phase_double_then_12,10582ee6-a493-4e18-9878-6203b5e8065d,2025-05-24 02:00:00+00:00,2025-05-23 12:30:00+00:00,NO,0.08664486169815067,0.13128009348204644,0.2,305.1759770602402,305.1759770602402,457.4789999999999,914.9579999999999,305.1759770602402,305.1759770602402,1018.5532568674674,1.0,0.2996171039684273,kelly,3049.8599999999997,3049.8599999999997,3049.8599999999997,14.97,-320.1459770602402,0,4329.088632175856,4649.234609236097
3.0,phase_double_then_12,b0d98920-a05f-481d-9dea-7046f3e6fc33,2025-05-25 19:00:00+00:00,2025-05-25 05:00:00+00:00,NO,0.19932658433914185,0.26227182149887085,0.2,567.6989804954086,567.6989804954086,440.307,880.614,440.307,440.307,2201.535,1.0,0.2,rolling_liq,2935.38,2935.38,2935.38,24.66,-464.96700000000004,0,3864.121632175856,4329.088632175856
3.0,phase_double_then_12,bbd4ae77-444a-4dfe-ad87-70233844aa1d,2025-05-25 22:00:00+00:00,2025-05-25 14:00:00+00:00,NO,0.1071816420555115,0.1623964273568356,0.2,313.7597739688117,313.7597739688117,164.74500000000003,329.49000000000007,164.74500000000003,164.74500000000003,510.0454545454547,1.0,0.32300062383031813,rolling_liq,1098.3000000000002,1098.3000000000002,1098.3000000000002,7.81,-172.55500000000004,0,3691.5666321758563,3864.121632175856
3.0,phase_double_then_12,5f3d74e1-8cdd-4616-aedf-f1e90dc75db0,2025-05-27 23:00:00+00:00,2025-05-27 05:45:00+00:00,NO,0.0740113401412964,0.08315880914752405,0.2,153.49314251024006,153.49314251024006,205.28099999999998,410.56199999999995,153.49314251024006,153.49314251024006,2212.902035860572,1.0,0.0693628276457111,kelly,1368.54,1368.54,1368.54,10.0,-163.49314251024006,0,3528.0734896656163,3691.5666321758563
3.0,phase_double_then_12,8a594783-4b88-43cd-b381-a8660e3a0766,2025-05-27 23:00:00+00:00,2025-05-27 13:00:00+00:00,YES,0.3129020285606384,0.5046806912268361,0.2,890.2752837317596,705.6146979331234,725.9085,1434.7169999999999,705.6146979331234,705.6146979331234,1907.0667511706038,1.0,0.37,portfolio,4782.389999999999,4839.39,4782.389999999999,31.12,-736.7346979331234,0,2791.338791732493,3528.0734896656163
3.0,phase_double_then_12,ee675eed-ef15-494e-a8f4-e0202373e26c,2025-05-28 00:00:00+00:00,2025-05-27 13:00:00+00:00,NO,0.08173902988433834,0.11512539420329344,0.2,160.67698937657403,160.67698937657403,150.16949999999997,300.33899999999994,150.16949999999997,150.16949999999997,600.6779999999999,1.0,0.25,rolling_liq,1001.1299999999999,1001.1299999999999,1001.1299999999999,7.89,-158.05949999999996,0,2633.279291732493,2791.338791732493
3.0,phase_double_then_12,a17fdde4-604b-4197-8c9a-97dc9b78c44e,2025-05-29 23:00:00+00:00,2025-05-29 13:00:00+00:00,NO,0.09309141159057621,0.10118631694627848,0.2,133.2259165106579,133.2259165106579,46.583999999999996,93.16799999999999,46.583999999999996,46.583999999999996,680.9142857142856,1.0,0.06841389728096678,rolling_liq,310.56,310.56,310.56,3.04,-49.623999999999995,0,2583.6552917324934,2633.279291732493
3.0,phase_double_then_12,1d299098-034f-480d-af99-bcebd640859e,2025-05-30 23:30:00+00:00,2025-05-30 12:15:00+00:00,NO,0.07657644748687742,0.0900899382198558,0.2,116.38067280679192,116.38067280679192,136.071,160.668,116.38067280679192,116.38067280679192,918.5436369753226,1.0,0.12670129988600484,kelly,907.1400000000001,907.1400000000001,535.5600000000001,7.12,795.0429641685306,1,3378.698255901024,2583.6552917324934
3.0,phase_double_then_12,c9d9dbf0-f3e6-4f3f-b2a5-e83fe165023d,2025-06-01 22:00:00+00:00,2025-06-01 05:15:00+00:00,NO,0.14538862824440002,0.23449778749096778,0.2,396.14863280419087,396.14863280419087,727.587,1452.9059999999995,396.14863280419087,396.14863280419087,1131.8532365834026,1.0,0.35,kelly,4850.58,4850.58,4843.019999999999,18.03,717.6746037792118,1,4096.372859680236,3378.698255901024
3.0,phase_double_then_12,9998a61a-229c-44c2-b892-ee5b1ea16c23,2025-06-02 00:30:00+00:00,2025-06-01 12:15:00+00:00,YES,0.0670652312040329,0.08178686732199134,0.2,167.51475178803685,167.51475178803685,1342.5480000000002,2676.024000000001,167.51475178803685,167.51475178803685,1202.3196556288344,1.0,0.1393263022889064,kelly,8950.320000000002,8950.320000000002,8920.080000000004,10.1,-177.61475178803684,0,3918.758107892199,4096.372859680236
3.0,phase_double_then_12,272d53ae-a46b-43bc-ac0f-8a846e03a9d1,2025-06-04 00:00:00+00:00,2025-06-03 12:30:00+00:00,NO,0.12299813508987423,0.14819052420466775,0.2,290.36140911991845,290.36140911991845,325.24649999999997,637.398,290.36140911991845,290.36140911991845,2252.010839383988,1.0,0.12893428576895463,kelly,2124.6600000000003,2168.31,2124.6600000000003,17.71,-308.0714091199184,0,3610.6866987722806,3918.758107892199
3.0,phase_double_then_12,f8baaf5b-f1fa-4923-9eec-e85ed7a82142,2025-06-05 23:30:00+00:00,2025-06-05 06:15:00+00:00,YES,0.0730656540393829,0.08496006283649174,0.2,153.38208440528894,153.38208440528894,250.99200000000002,501.98400000000004,153.38208440528894,153.38208440528894,1308.434036710741,1.0,0.11722569124758829,kelly,1673.2800000000002,1673.2800000000002,1673.2800000000002,9.48,-162.86208440528893,0,3447.8246143669917,3610.6866987722806
3.0,phase_double_then_12,45eb60bf-a1b9-4f49-90cb-62097ff47bbd,2025-06-06 02:00:00+00:00,2025-06-05 13:00:00+00:00,NO,0.1447575712203979,0.20979358147883756,0.2,361.66573707947157,361.66573707947157,1197.018,2360.286,361.66573707947157,361.66573707947157,1289.6404726878327,1.0,0.2804391958370366,kelly,7867.620000000001,7980.12,7867.620000000001,18.22,-379.8857370794716,0,3067.93887728752,3447.8246143669917
3.0,phase_double_then_12,772cef5b-3110-4eaf-a68b-6eb3cd04f42a,2025-06-06 23:30:00+00:00,2025-06-06 12:15:00+00:00,YES,0.1407347512245178,0.18277240418768548,0.2,280.3672822513543,280.3672822513543,993.465,1986.93,280.3672822513543,280.3672822513543,1557.596012507524,1.0,0.18,kelly,6623.1,6623.1,6623.1,16.1,1261.1287302561698,1,4329.0676075436895,3067.93887728752
3.0,phase_double_then_12,8b0ee0bd-54cf-4be2-a8ba-b16813be20b6,2025-06-07 19:00:00+00:00,2025-06-07 04:30:00+00:00,YES,0.1381078326702118,0.1644140865121569,0.2,355.8798480718321,355.8798480718321,798.6015,1339.299,355.8798480718321,355.8798480718321,2589.9323204788807,1.0,0.1374089373910858,kelly,5285.13,5324.01,4464.33,21.49,2212.562472407049,1,6541.630079950739,4329.0676075436895
3.0,phase_double_then_12,639e72ff-50dd-401b-a2a8-dd49fdd02b89,2025-06-08 02:00:00+00:00,2025-06-07 12:15:00+00:00,YES,0.13786698698997496,0.20577162237309699,0.2,673.0409172580579,673.0409172580579,698.6475,1377.1350000000002,673.0409172580579,673.0409172580579,2103.252866431431,1.0,0.32,kelly,4657.650000000001,4657.650000000001,4590.450000000001,32.04,-705.0809172580579,0,5836.549162692681,6541.630079950739
3.0,phase_double_then_12,5e1d090c-1c51-494b-8c1f-1f1ba520ee2a,2025-06-10 02:00:00+00:00,2025-06-09 12:30:00+00:00,NO,0.24757077574729924,0.3640746702166165,0.2,1062.4698558052035,1062.4698558052035,1389.294,2769.408,1062.4698558052035,1062.4698558052035,3794.535199304298,1.0,0.27999999999999997,kelly,9261.960000000001,9261.960000000001,9231.36,53.55,2678.5153434990943,1,8515.064506191775,5836.549162692681
3.0,phase_double_then_12,4a60d4ef-8d10-4f25-bab6-346332242fd5,2025-06-10 23:30:00+00:00,2025-06-10 12:15:00+00:00,NO,0.12558921575546267,0.19321417808532718,0.2,822.6155949536931,822.6155949536931,797.265,1560.744,797.265,797.265,2415.954545454545,1.0,0.33000000000000007,rolling_liq,5315.1,5315.1,5202.48,37.4,-834.665,0,7680.399506191775,8515.064506191775
3.0,phase_double_then_12,84da0d09-cdf5-46a5-89eb-d489373ed8ed,2025-06-12 02:00:00+00:00,2025-06-11 13:30:00+00:00,NO,0.11724735021591182,0.1429845734340388,0.2,549.0893235979166,549.0893235979166,5.575499999999999,9.008999999999999,5.575499999999999,5.575499999999999,32.797058823529404,1.0,0.17,rolling_liq,30.029999999999998,37.169999999999995,30.029999999999998,0.33,26.891558823529408,1,7707.291065015304,7680.399506191775
3.0,phase_double_then_12,c95f06b7-8138-460b-bc1d-e9c9478156eb,2025-06-13 23:30:00+00:00,2025-06-13 06:00:00+00:00,NO,0.07324323654174802,0.08616851357852709,0.2,332.06290739471586,332.06290739471586,752.0849999999999,1497.7439999999995,332.06290739471586,332.06290739471586,2767.1908949559656,1.0,0.12,kelly,5013.9,5013.9,4992.479999999999,20.46,-352.52290739471584,0,7354.768157620589,7707.291065015304
3.0,phase_double_then_12,ee13e918-b149-4c1e-8ae9-03cf0618c5d9,2025-06-15 00:30:00+00:00,2025-06-14 06:30:00+00:00,YES,0.22761168122291559,0.30758335300393996,0.2,1131.1021252437754,1131.1021252437754,5690.9115,11381.823,1131.1021252437754,1131.1021252437754,5659.260626218876,1.0,0.19986747385400047,kelly,37939.41,37939.41,37939.41,63.36,4464.7985009751,1,11819.56665859569,7354.768157620589
3.0,phase_double_then_12,7162ed3d-7135-4801-b3a8-ba85cbcaa7ea,2025-06-15 22:00:00+00:00,2025-06-15 05:30:00+00:00,YES,0.2125312566757202,0.38642046668312763,0.12,2283.661232103441,1418.3479990314827,3053.9835,6107.967,1418.3479990314827,1418.3479990314827,4008.7722195318966,1.0,0.3538110726573292,portfolio,20359.89,20359.89,20359.89,64.16,-1482.5079990314828,0,10337.058659564207,11819.56665859569
3.0,phase_double_then_12,acf4a696-dabb-4821-9d7a-7417121d43a8,2025-06-17 23:00:00+00:00,2025-06-17 05:45:00+00:00,NO,0.10341833353042607,0.1124112320982892,0.12,581.0007500969512,581.0007500969512,316.46700000000004,629.721,316.46700000000004,316.46700000000004,4522.242857142857,1.0,0.06998009837090952,rolling_liq,2109.78,2109.78,2099.07,20.61,-337.07700000000006,0,9999.981659564208,10337.058659564207
3.0,phase_double_then_12,f992552a-94d9-40c8-aa4b-fa5c7bf321fd,2025-06-18 00:00:00+00:00,2025-06-17 06:15:00+00:00,NO,0.2464600276947021,0.4323860134994774,0.2,2161.926102423428,1999.9963319128417,3961.3724999999995,7922.744999999999,1999.9963319128417,1999.9963319128417,4982.088614421566,1.0,0.401437326129344,portfolio,26409.149999999998,26409.149999999998,26409.149999999998,83.8,-2083.7963319128417,0,7916.185327651367,9999.981659564208
3.0,phase_double_then_12,326d833a-4a17-4fec-882e-c3699065a0ed,2025-06-18 00:00:00+00:00,2025-06-17 07:00:00+00:00,NO,0.11250839233398435,0.13236281451056983,0.2,523.9042850776061,523.9042850776061,111.14099999999999,222.28199999999998,111.14099999999999,111.14099999999999,926.925,1.0,0.11990290476575774,rolling_liq,740.9399999999999,740.9399999999999,740.9399999999999,6.85,-117.99099999999999,0,7798.194327651367,7916.185327651367
3.0,phase_double_then_12,4f5eef0b-7151-49c4-bc34-46d08d1e5ca1,2025-06-18 02:00:00+00:00,2025-06-17 12:30:00+00:00,YES,0.15919422030448907,0.20674574065518062,0.2,806.121731021655,806.121731021655,380.0294999999999,652.842,380.0294999999999,380.0294999999999,1652.9543478260866,1.0,0.22990925339214766,rolling_liq,2508.6899999999996,2533.5299999999997,2176.14,20.49,-400.51949999999994,0,7397.674827651366,7798.194327651367
3.0,phase_double_then_12,42f7582e-79b3-4a78-88ba-0245ebd00b6b,2025-06-18 23:00:00+00:00,2025-06-18 06:15:00+00:00,YES,0.2191847121715545,0.2548659443855285,0.2,942.7076906032087,942.7076906032087,2783.2140000000004,5549.039999999998,942.7076906032087,942.7076906032087,9427.076906032087,1.0,0.09999999999999999,kelly,18552.239999999998,18554.760000000002,18496.799999999996,59.4,-1002.1076906032087,0,6395.567137048158,7397.674827651366
3.0,phase_double_then_12,57909126-867a-49a0-bc68-8c65ff35b9dd,2025-06-20 02:00:00+00:00,2025-06-19 13:45:00+00:00,YES,0.23086082577705377,0.2748343164012545,0.2,878.8606610544794,878.8606610544794,141.804,283.464,141.804,141.804,911.7750000000001,1.0,0.1555252118121247,rolling_liq,944.88,945.36,944.88,8.39,761.5810000000001,1,7157.148137048158,6395.567137048158
3.0,phase_double_then_12,5cc2b6cf-49a3-4f54-a14e-88d92bf3ac7a,2025-06-20 23:30:00+00:00,2025-06-20 06:00:00+00:00,YES,0.19484763860702514,0.31427038485004055,0.2,1124.6398497294376,1124.6398497294376,1229.9624999999999,2459.9249999999997,1124.6398497294376,1124.6398497294376,3217.799570655536,1.0,0.34950587351229084,kelly,8199.75,8199.75,8199.75,51.22,-1175.8598497294377,0,5981.28828731872,7157.148137048158
3.0,phase_double_then_12,36996288-3356-4ce9-b751-b31f6890cd69,2025-06-22 19:00:00+00:00,2025-06-22 07:15:00+00:00,YES,0.12237302303314207,0.22661670932063344,0.2,677.7299345851079,677.7299345851079,85.905,167.67,85.905,85.905,186.75,1.0,0.46,rolling_liq,558.9,572.7,558.9,3.25,97.595,1,6078.88328731872,5981.28828731872
3.0,phase_double_then_12,4bfeb202-768f-487c-a416-9c9a314242a6,2025-06-25 00:00:00+00:00,2025-06-24 06:15:00+00:00,YES,0.08991959929466248,0.13031825984733694,0.2,396.0947459092174,396.0947459092174,2.0925,4.185,2.0925,2.0925,6.749999999999999,1.0,0.31,rolling_liq,13.95,13.95,13.95,0.11,4.5474999999999985,1,6083.43078731872,6078.88328731872
3.0,phase_double_then_12,e6fdfe56-f4ef-4bab-8f24-19a99adb7f6f,2025-06-26 02:00:00+00:00,2025-06-25 12:15:00+00:00,NO,0.07732540607452387,0.08226107029204668,0.2,250.21476380621306,250.21476380621306,267.12,534.24,250.21476380621306,250.21476380621306,5004.29527612426,1.0,0.05000000000000001,kelly,1780.8000000000002,1780.8000000000002,1780.8000000000002,16.64,-266.85476380621304,0,5816.576023512507,6083.43078731872
3.0,phase_double_then_12,1c528f37-bdd0-449a-99b5-7a8d174e4243,2025-06-26 02:00:00+00:00,2025-06-25 15:45:00+00:00,YES,0.0853763997554779,0.10672049969434737,0.2,310.37394986970736,310.37394986970736,481.4325,956.925,310.37394986970736,310.37394986970736,1560.1197493485365,1.0,0.19894238887707888,kelly,3209.55,3209.55,3189.75,17.41,-327.7839498697074,0,5488.7920736428,5816.576023512507
3.0,phase_double_then_12,fd8a85e4-5aac-47f6-b278-e1f1fa69b82d,2025-06-27 02:00:00+00:00,2025-06-26 12:15:00+00:00,NO,0.08030236721038819,0.10566100948735288,0.2,289.97565568363956,289.97565568363956,2897.6355,5783.472000000001,289.97565568363956,289.97565568363956,1449.8782784181976,1.0,0.2,kelly,19317.57,19317.57,19278.24,16.24,1143.662622734558,1,6632.454696377357,5488.7920736428
3.0,phase_double_then_12,4e456309-00d3-4582-8f89-1c9049054791,2025-06-27 23:30:00+00:00,2025-06-27 12:30:00+00:00,NO,0.12750528216362,0.2500103571835686,0.2,829.0911838225701,829.0911838225701,2527.353,5054.706,829.0911838225701,829.0911838225701,1802.3721387447176,1.0,0.45999999999999996,kelly,16849.02,16849.02,16849.02,31.34,941.9409549221475,1,7574.395651299505,6632.454696377357
3.0,phase_double_then_12,f2a059a9-b803-4538-b746-3868679fa790,2025-06-28 02:00:00+00:00,2025-06-27 12:45:00+00:00,NO,0.05228370666503901,0.055620964537275545,0.2,210.64759595611193,210.64759595611193,327.17249999999984,654.3449999999997,210.64759595611193,210.64759595611193,4212.951919122239,1.0,0.049999999999999996,kelly,2181.149999999999,2181.149999999999,2181.149999999999,14.01,-224.65759595611192,0,7349.738055343392,7574.395651299505
3.0,phase_double_then_12,02291b17-b5ee-4973-b184-51149f2c1817,2025-06-28 02:00:00+00:00,2025-06-27 14:00:00+00:00,NO,0.14177390813827517,0.26749793988353804,0.2,983.0198942439993,983.0198942439993,2693.8485,5344.128000000001,983.0198942439993,983.0198942439993,2139.2823787913026,1.0,0.4595091812046836,kelly,17958.99,17958.99,17813.760000000002,37.2,-1020.2198942439993,0,6329.518161099393,7349.738055343392
3.0,phase_double_then_12,8a325ea5-03e5-4940-bb7a-2eb4c8b2b077,2025-06-29 20:00:00+00:00,2025-06-29 04:30:00+00:00,NO,0.19611328840255737,0.26148438453674316,0.2,827.5350803846065,827.5350803846065,1150.6634999999999,2300.2470000000003,827.5350803846065,827.5350803846065,3454.312834935861,1.0,0.2395657602331701,kelly,7667.490000000001,7671.09,7667.490000000001,44.06,2582.7177545512545,1,8912.235915650648,6329.518161099393
3.0,phase_double_then_12,475cc53b-e563-4217-a5dc-930581369bab,2025-06-29 22:00:00+00:00,2025-06-29 05:30:00+00:00,NO,0.07646610498428341,0.10769873941448369,0.2,479.9182867400308,479.9182867400308,377.87399999999997,671.814,377.87399999999997,377.87399999999997,1352.255172413793,1.0,0.27943986291099926,rolling_liq,2320.3799999999997,2519.16,2239.38,19.06,955.321172413793,1,9867.55708806444,8912.235915650648
3.0,phase_double_then_12,01384c8c-e038-4abe-b80a-901c44d112ce,2025-07-03 23:00:00+00:00,2025-07-03 05:45:00+00:00,YES,0.14452980518341063,0.23693410685805022,0.2,1168.9804127656855,1168.9804127656855,14553.724500000002,28898.603999999996,1168.9804127656855,1168.9804127656855,3339.9440364733873,1.0,0.35,kelly,97024.83000000002,97024.83000000002,96328.68,53.19,2117.773623707702,1,11985.330711772143,9867.55708806444
3.0,phase_double_then_12,21815dfe-7533-4983-9fc4-01b7e5798634,2025-07-03 23:30:00+00:00,2025-07-03 12:15:00+00:00,YES,0.12719794988632205,0.23999613186098498,0.12,1438.2165049499902,1438.2165049499902,384.93,762.246,384.93,384.93,819.0,1.0,0.47000000000000003,rolling_liq,2566.2000000000003,2566.2000000000003,2540.82,14.29,-399.22,0,11586.110711772144,11985.330711772143
3.0,phase_double_then_12,a4d71aea-7129-4510-a0c0-686300cd53cf,2025-07-07 23:30:00+00:00,2025-07-07 12:30:00+00:00,NO,0.09287727117538447,0.13460474083389054,0.12,779.7727148154263,779.7727148154263,1753.038,3430.7010000000005,779.7727148154263,779.7727148154263,3002.818133905486,1.0,0.259680300318837,kelly,11435.670000000002,11686.92,11435.670000000002,40.41,-820.1827148154263,0,10765.927996956718,11586.110711772144
3.0,phase_double_then_12,66b295b9-ed48-41fe-8fd7-4cca0813f9f5,2025-07-08 15:30:00+00:00,2025-07-08 04:45:00+00:00,NO,0.07585252523422237,0.10836075033460339,0.12,583.3020178992718,583.3020178992718,1738.602,3003.291,583.3020178992718,583.3020178992718,2155.435778211685,1.0,0.2706190663603181,kelly,10193.759999999998,11590.68,10010.970000000001,29.79,-613.0920178992718,0,10152.835979057447,10765.927996956718
3.0,phase_double_then_12,cba5ede2-0a93-430c-aa0b-4c48363996d9,2025-07-09 15:00:00+00:00,2025-07-09 01:30:00+00:00,YES,0.0751177150011062,0.08077173656032925,0.12,410.0310965203303,410.0310965203303,229.69350000000006,459.3870000000001,229.69350000000006,229.69350000000006,3287.764285714286,1.0,0.06986312887394171,rolling_liq,1531.2900000000004,1531.2900000000004,1531.2900000000004,14.96,3043.110785714286,1,13195.946764771732,10152.835979057447
3.0,phase_double_then_12,473b6ccd-bea1-4377-b656-99e755056013,2025-07-09 16:00:00+00:00,2025-07-09 02:00:00+00:00,NO,0.21722968339920046,0.28211647194701356,0.12,1861.3969726390044,1583.5136117726079,76.032,152.064,76.032,76.032,345.6,1.0,0.21999999999999997,rolling_liq,506.88,506.88,506.88,4.16,265.408,1,13461.354764771731,13195.946764771732
3.0,phase_double_then_12,e3e04e5c-30b5-4cd3-bef5-9e4a16bf0e89,2025-07-10 19:00:00+00:00,2025-07-10 04:45:00+00:00,NO,0.176479022204876,0.5882634073495866,0.12,3959.4112107331057,1615.3625717726077,897.0659999999999,1481.994,897.0659999999999,897.0659999999999,1319.2147058823525,1.0,0.6800000000000002,rolling_liq,5395.679999999999,5980.44,4939.98,20.1,402.0487058823526,1,13863.403470654084,13461.354764771731
3.0,phase_double_then_12,9bb7fd31-2faf-4602-bf65-4532dd75baba,2025-07-13 22:00:00+00:00,2025-07-13 05:15:00+00:00,NO,0.0949998521804809,0.13768094518910276,0.12,954.363246688771,954.363246688771,1444.7025,2791.269,954.363246688771,954.363246688771,3534.678691439893,1.0,0.26999999999999996,kelly,9631.35,9631.35,9304.23,48.77,2531.545444751122,1,16394.948915405206,13863.403470654084
3.0,phase_double_then_12,1dc8a33e-b81b-4a0d-91bf-0109943d729e,2025-07-13 22:00:00+00:00,2025-07-13 06:00:00+00:00,NO,0.2283735346794128,0.27850431058464975,0.12,2283.031972377739,1967.3938698486247,3720.7484999999997,7403.247,1967.3938698486247,1967.3938698486247,13338.359132324165,1.0,0.14749894273583056,portfolio,24804.989999999998,24804.989999999998,24677.49,117.41,-2084.803869848625,0,14310.145045556581,16394.948915405206
3.0,phase_double_then_12,333e71e9-d362-4003-836b-7d936322e7d2,2025-07-16 00:00:00+00:00,2025-07-15 06:00:00+00:00,YES,0.06468308866024008,0.07187009851137786,0.12,514.2357670681287,514.2357670681287,898.695,1797.39,514.2357670681287,514.2357670681287,5142.357670681287,1.0,0.09999999999999999,kelly,5991.3,5991.3,5991.3,32.4,-546.6357670681286,0,13763.509278488453,14310.145045556581
3.0,phase_double_then_12,e380b602-7a50-4ce9-99e7-63c43f11724e,2025-07-16 02:00:00+00:00,2025-07-15 13:30:00+00:00,NO,0.21980795383453366,0.4676764975202844,0.12,3218.434906475708,1651.6211134186142,3460.1715,6429.303000000001,1651.6211134186142,1651.6211134186142,3442.5023196221127,1.0,0.47977342063197637,portfolio,21431.010000000002,23067.81,21431.010000000002,60.15,-1711.7711134186143,0,12051.738165069839,13763.509278488453
3.0,phase_double_then_12,83fc47a0-fbb1-4f04-8af2-94e9a1fd566e,2025-07-16 17:00:00+00:00,2025-07-16 04:15:00+00:00,NO,0.1946576309204101,0.23738735478098796,0.12,1430.4651217595033,1430.4651217595033,112.527,225.054,112.527,112.527,682.570588235294,1.0,0.16485767470720547,rolling_liq,750.1800000000001,750.1800000000001,750.1800000000001,6.58,-119.107,0,11932.631165069839,12051.738165069839
3.0,phase_double_then_12,5e64c14b-9cf3-45d2-bd9d-f0af702d801f,2025-07-16 19:00:00+00:00,2025-07-16 07:00:00+00:00,NO,0.1349456548690796,0.207608699798584,0.12,1238.659020678106,1238.659020678106,6024.6675,11962.818,1238.659020678106,1238.659020678106,4077.4484538003417,1.0,0.3037828766476808,kelly,39882.18,40164.45,39876.06,60.37,-1299.0290206781058,0,10633.602144391733,11932.631165069839
3.0,phase_double_then_12,1f15d85b-41ea-4e16-b597-b0e14ee9ba73,2025-07-16 23:30:00+00:00,2025-07-16 07:00:00+00:00,NO,0.10651913166046145,0.13656298930828392,0.12,726.0782479765566,726.0782479765566,3530.457,7051.1939999999995,726.0782479765566,726.0782479765566,3630.391239882783,1.0,0.19999999999999998,kelly,23503.98,23536.38,23503.98,40.67,-766.7482479765565,0,9866.853896415176,10633.602144391733
3.0,phase_double_then_12,32cb5f24-0d87-4645-a3fd-dd1e0fd1a4f6,2025-07-23 00:00:00+00:00,2025-07-22 06:00:00+00:00,NO,0.09330237627029414,0.11378338569548066,0.2,561.342021248382,561.342021248382,836.9594999999998,1673.9189999999996,561.342021248382,561.342021248382,3122.0667847132336,1.0,0.17979821059463408,kelly,5579.729999999999,5579.729999999999,5579.729999999999,32.23,-593.572021248382,0,9273.281875166795,9866.853896415176
3.0,phase_double_then_12,17812353-7592-47dc-9fe1-36f6bb0d8b9d,2025-07-24 02:00:00+00:00,2025-07-23 07:00:00+00:00,NO,0.17903590440750117,0.2594723252282626,0.2,1203.0800053233156,1203.0800053233156,1948.8465,3897.693,1203.0800053233156,1203.0800053233156,4777.923097397367,1.0,0.25179978429930316,kelly,12992.310000000001,12992.310000000001,12992.310000000001,63.02,3511.8230920740516,1,12785.104967240846,9273.281875166795
3.0,phase_double_then_12,d8bda49f-0b5d-428a-9697-070219652f4a,2025-07-25 00:30:00+00:00,2025-07-24 06:15:00+00:00,YES,0.12289219975471491,0.15755410224963448,0.12,1007.172867640487,1007.172867640487,3399.471,6798.942,1007.172867640487,1007.172867640487,5595.404820224928,1.0,0.18,kelly,22663.14,22663.14,22663.14,57.82,-1064.992867640487,0,11720.11209960036,12785.104967240846
3.0,phase_double_then_12,4d8cf7bd-df70-42d4-a4fd-14a6fcb736a9,2025-07-24 23:00:00+00:00,2025-07-24 12:45:00+00:00,YES,0.11587374210357665,0.21067953109741208,0.12,1234.5938607764547,1234.5938607764547,2286.4049999999997,4567.95,1234.5938607764547,1234.5938607764547,2805.895138128306,1.0,0.44,kelly,15226.5,15242.699999999999,15226.5,48.4,1522.9012773518511,1,13243.01337695221,11720.11209960036
3.0,phase_double_then_12,585740b6-3c8b-4746-8808-e7635a88c710,2025-07-27 20:00:00+00:00,2025-07-27 04:15:00+00:00,YES,0.09930047273635859,0.1273082983799469,0.12,842.9727492213301,842.9727492213301,100.089,29.7,29.7,29.7,135.0,1.0,0.22,cumulative_liq,667.26,667.26,99.0,1.63,-31.33,0,13211.68337695221,13243.01337695221
3.0,phase_double_then_12,548df81e-2319-4153-a4df-bf65932d74be,2025-07-27 23:00:00+00:00,2025-07-27 06:00:00+00:00,NO,0.06239434003829958,0.0810316104393501,0.12,535.2819903246145,535.2819903246145,0.0945,0.189,0.0945,0.0945,0.45,1.0,0.21,rolling_liq,0.63,0.63,0.63,0.01,0.34550000000000003,1,13212.02887695221,13211.68337695221
3.0,phase_double_then_12,d5b4c575-bc11-412e-893d-9c6ed1889586,2025-07-27 22:00:00+00:00,2025-07-27 12:30:00+00:00,YES,0.1230686521530151,0.17333612979297902,0.12,1145.0609761219876,1145.0609761219876,1886.1704999999997,3636.882,1145.0609761219876,1145.0609761219876,4408.926831238414,1.0,0.2597142161690975,kelly,12138.6,12574.47,12122.94,59.34,-1204.4009761219875,0,12007.627900830223,13212.02887695221
3.0,phase_double_then_12,6adda940-e25a-4b97-9334-bfcbbb00d303,2025-07-28 23:00:00+00:00,2025-07-28 12:30:00+00:00,YES,0.05657753527164458,0.06816570514655974,0.12,409.25421149879855,409.25421149879855,2202.9660000000003,4002.777,409.25421149879855,409.25421149879855,2570.776321867491,1.0,0.15919479575784473,kelly,14676.750000000004,14686.440000000002,13342.59,24.09,-433.34421149879853,0,11574.283689331423,12007.627900830223
3.0,phase_double_then_12,7a6fecee-f650-46ac-af8f-8dfc5ff13ae2,2025-07-29 23:30:00+00:00,2025-07-29 05:45:00+00:00,NO,0.11944526433944702,0.15926035245259604,0.12,921.6622498746281,921.6622498746281,1274.7689999999998,2549.5379999999996,921.6622498746281,921.6622498746281,4089.5315211940347,1.0,0.22537110793696172,kelly,8498.46,8498.46,8498.46,49.98,3117.889271319407,1,14692.17296065083,11574.283689331423
3.0,phase_double_then_12,185c1d82-80ca-427a-bb34-b717e2127e2e,2025-07-30 23:00:00+00:00,2025-07-30 05:30:00+00:00,YES,0.15933475494384763,0.2655579249064127,0.12,1950.8114818982704,1763.0607552780996,123.06150000000001,246.12300000000002,123.06150000000001,123.06150000000001,311.62874999999997,1.0,0.3948977749966908,rolling_liq,820.4100000000001,820.4100000000001,820.4100000000001,5.22,183.34724999999995,1,14875.520210650831,14692.17296065083
3.0,phase_double_then_12,c2f7980e-2390-45e9-8977-c6e6d2c1f545,2025-07-31 00:00:00+00:00,2025-07-30 07:00:00+00:00,NO,0.09089968681335447,0.12452011892240339,0.12,926.1507728314283,926.1507728314283,2231.7839999999997,4427.1089999999995,926.1507728314283,926.1507728314282,3562.6952801208777,0.9999999999999999,0.2599578970447355,kelly,14874.81,14878.559999999998,14757.029999999999,47.98,-974.1307728314282,0,13901.389437819404,14875.520210650831
3.0,phase_double_then_12,e8241b1f-576e-4bcf-b7d0-79606aa78b00,2025-07-31 00:00:00+00:00,2025-07-30 15:30:00+00:00,NO,0.16516225516796124,0.434637513599898,0.12,3021.0326704188547,1668.1667325383285,5180.2515,9682.199999999999,1668.1667325383285,1668.1667325383285,2926.608302698822,1.0,0.57,portfolio,32273.999999999996,34535.01,32273.999999999996,50.22,1208.2215701604937,1,15109.611007979896,13901.389437819404
3.0,phase_double_then_12,50578d4e-21ed-488c-ac01-1008b9b70e0d,2025-07-31 23:30:00+00:00,2025-07-31 05:45:00+00:00,NO,0.1513962113857269,0.2566037481114015,0.12,1938.5914085764664,1813.1533209575875,3670.2495000000004,7340.499000000001,1813.1533209575875,1813.1533209575875,5202.0380598788215,1.0,0.34854672343551135,portfolio,24468.33,24468.33,24468.33,82.69,3306.194738921234,1,18415.80574690113,15109.611007979896
3.0,phase_double_then_12,a1ca524f-e7ce-449f-ab32-66adea0ba523,2025-08-01 23:30:00+00:00,2025-08-01 05:45:00+00:00,NO,0.15966734647750846,0.3894325523841671,0.12,3585.8571181133593,2209.8966896281354,518.8905,1037.781,518.8905,518.8905,887.3059322033898,1.0,0.5847932276429986,rolling_liq,3459.27,3459.27,3459.27,15.09,353.3254322033899,1,18769.13117910452,18415.80574690113
3.0,phase_double_then_12,64fb0c10-3ce1-4592-a3f9-65395a9e58af,2025-08-01 23:30:00+00:00,2025-08-01 15:00:00+00:00,YES,0.10673018932342532,0.18089862597190728,0.12,1697.6550204932457,1697.6550204932457,2930.5844999999995,5813.567999999997,1697.6550204932457,1697.6550204932457,4495.460580245383,1.0,0.37763761692257564,kelly,19537.229999999996,19537.229999999996,19378.55999999999,73.96,2723.845559752138,1,21492.976738856658,18769.13117910452
3.0,phase_double_then_12,de06dc94-ceb2-41b8-bde0-f9f91c917d00,2025-08-03 22:00:00+00:00,2025-08-03 06:00:00+00:00,NO,0.07582804679870603,0.10531673166486949,0.12,1131.7850319427241,1131.7850319427241,743.0085,1282.2749999999999,743.0085,743.0085,3025.434,1.0,0.24558740993854103,rolling_liq,4331.37,4953.39,4274.25,39.24,-782.2485,0,20710.728238856656,21492.976738856658
3.0,phase_double_then_12,1dffe97b-d132-4697-af9f-8b08902da90d,2025-08-03 22:00:00+00:00,2025-08-03 06:00:00+00:00,YES,0.05085827469825738,0.05913752871890393,0.12,612.3906430074001,612.3906430074001,975.9060000000001,1839.1050000000002,612.3906430074001,612.3906430074001,4993.158792364616,1.0,0.12264593786679664,kelly,6186.900000000001,6506.040000000001,6130.350000000001,37.61,-650.0006430074001,0,20060.727595849257,20710.728238856656
3.0,phase_double_then_12,cd325282-98cc-46dd-a9f0-e2d5d887b51f,2025-08-06 00:00:00+00:00,2025-08-05 07:00:00+00:00,YES,0.09239223599433899,0.12318964799245198,0.12,1235.6369855025687,1235.6369855025687,103.07249999999999,197.595,103.07249999999999,103.07249999999999,429.46874999999994,1.0,0.24000000000000002,rolling_liq,687.15,687.15,658.65,5.49,320.90624999999994,1,20381.633845849257,20060.727595849257
3.0,phase_double_then_12,6a9e0ff7-c5b4-4a72-b217-41dc4a8caa4f,2025-08-06 02:00:00+00:00,2025-08-05 07:00:00+00:00,NO,0.3618546456098557,0.6579175374724648,0.12,6704.717174763293,2445.7960615019106,41.9625,83.925,41.9625,41.9625,95.57386363636363,1.0,0.4390583199571964,rolling_liq,279.75,279.75,279.75,1.65,51.96136363636363,1,20433.595209485622,20381.633845849257
3.0,phase_double_then_12,d300ee86-e2e0-4bf4-9247-1d7a3a859e07,2025-08-06 02:00:00+00:00,2025-08-05 07:00:00+00:00,NO,0.08956348419189453,0.10294653355390175,0.12,1051.783897430079,1051.783897430079,166.53149999999997,333.06299999999993,166.53149999999997,166.53149999999997,1593.2863636363634,1.0,0.1045207589801525,rolling_liq,1110.2099999999998,1110.2099999999998,1110.2099999999998,10.44,-176.97149999999996,0,20256.623709485622,20433.595209485622
3.0,phase_double_then_12,0934f4d6-98dc-4543-b6bd-c04adfa95bf2,2025-08-08 02:00:00+00:00,2025-08-07 07:00:00+00:00,NO,0.14108287811279296,0.2275530292141822,0.12,2304.7280433726387,2304.7280433726387,906.507,1813.014,906.507,906.507,2518.075,1.0,0.36,rolling_liq,6043.38,6043.38,6043.38,40.62,-947.127,0,19309.496709485622,20256.623709485622
3.0,phase_double_then_12,042c5181-7425-497a-8593-922c0cccfc16,2025-08-08 02:00:00+00:00,2025-08-07 07:00:00+00:00,NO,0.10052478075027471,0.12410466759293173,0.12,1198.199335258761,1198.199335258761,534.5955,1069.191,534.5955,534.5955,3144.679411764705,1.0,0.17000000000000004,rolling_liq,3563.9700000000003,3563.9700000000003,3563.9700000000003,31.06,-565.6555,0,18743.84120948562,19309.496709485622
3.0,phase_double_then_12,25596e43-21b0-4411-b093-a5ca0b6480d6,2025-08-09 02:00:00+00:00,2025-08-08 07:30:00+00:00,YES,0.13616769552230834,0.2778932561679762,0.12,2604.3935333997283,2249.2609451382746,1023.4214999999999,2039.346,1023.4214999999999,1023.4214999999999,2088.615306122449,1.0,0.48999999999999994,rolling_liq,6822.8099999999995,6822.8099999999995,6797.820000000001,36.54,1028.6538061224492,1,19772.49501560807,18743.84120948562
3.0,phase_double_then_12,3a283716-466b-440c-a344-5994da2e16aa,2025-08-10 00:30:00+00:00,2025-08-09 13:15:00+00:00,YES,0.124353095293045,0.1943017113953828,0.12,1920.914810044662,1920.914810044662,10185.246000000001,19866.996000000003,1920.914810044662,1920.914810044662,5631.04231441332,1.0,0.3411295285648721,kelly,67901.64000000001,67901.64000000001,66223.32,88.6,3621.5275043686584,1,23394.02251997673,19772.49501560807
3.0,phase_double_then_12,2de72b4c-3c39-42c4-8321-18efac227563,2025-08-10 16:30:00+00:00,2025-08-10 02:30:00+00:00,NO,0.28335612535476684,0.4570260086367207,0.12,5345.838369131262,2807.2827023972077,1274.0939999999998,2522.2139999999995,1274.0939999999998,1274.0939999999998,3443.4972972972973,1.0,0.36999999999999994,rolling_liq,8493.96,8493.96,8407.38,56.19,2113.2132972972972,1,25507.235817274028,23394.02251997673
3.0,phase_double_then_12,56ef45bc-fa3c-47bb-926c-8b9f8433bdb6,2025-08-10 20:00:00+00:00,2025-08-10 04:30:00+00:00,NO,0.146348443031311,0.24804820852764578,0.12,3163.5120744835117,3060.868298072883,4609.575,9218.097,3060.868298072883,3060.868298072883,7847.695745182209,1.0,0.3900340173039947,portfolio,30730.5,30730.5,30726.99,130.7,4656.127447109327,1,30163.363264383355,25507.235817274028
3.0,phase_double_then_12,2eb1473f-e48b-4a13-bb64-bb3604b03c6d,2025-08-10 22:00:00+00:00,2025-08-10 12:00:00+00:00,NO,0.13645145893096922,0.22741909821828205,0.12,3429.8624364082593,3429.8624364082593,9273.996,18546.939,3429.8624364082593,3429.8624364082593,9641.395656689609,1.0,0.35574335485635583,kelly,61823.13,61826.64,61823.13,154.68,6056.853220281349,1,36220.21648466471,30163.363264383355
3.0,phase_double_then_12,4b134f76-aff1-49fb-b585-3e9073eb44c2,2025-08-14 02:00:00+00:00,2025-08-13 08:00:00+00:00,NO,0.21488385438919066,0.4385384783452871,0.12,7941.979311260872,4346.425978159765,3760.7895,7504.478999999999,3760.7895,3760.7895,8986.832142857142,1.0,0.4184777728366861,rolling_liq,25014.93,25071.93,25014.93,153.09,5072.952642857142,1,41293.16912752185,36220.21648466471
3.0,phase_double_then_12,74f4d3c6-f105-49b3-bb25-ee57ac47d235,2025-08-13 23:30:00+00:00,2025-08-13 11:45:00+00:00,NO,0.12422191977500918,0.2343809807075645,0.12,4839.166738315948,4839.166738315948,4307.6295,5629.302,4307.6295,4307.6295,9572.51,1.0,0.45,rolling_liq,18764.34,28717.53,18764.34,165.85,5099.0305,1,46392.19962752185,41293.16912752185
3.0,phase_double_then_12,fdec04dc-4b3e-4713-8640-3988c3e4f01f,2025-08-16 02:00:00+00:00,2025-08-15 07:15:00+00:00,NO,0.13219804048538208,0.20983815950060647,0.12,4867.426892511953,4867.426892511953,280.629,561.258,280.629,280.629,779.5250000000001,1.0,0.36,rolling_liq,1870.8600000000001,1870.8600000000001,1870.8600000000001,12.58,486.3160000000001,1,46878.51562752185,46392.19962752185
3.0,phase_double_then_12,f69e50f9-fa32-4c94-9a1b-f8a270e47e4c,2025-08-16 02:00:00+00:00,2025-08-15 16:45:00+00:00,YES,0.15301872491836543,0.340041610929701,0.12,7970.322985987846,5625.421875302622,2090.6639999999998,4181.3279999999995,2090.6639999999998,2090.6639999999998,3876.5999999999995,1.0,0.5393035133880204,rolling_liq,13937.76,13937.76,13937.76,67.43,-2158.0939999999996,0,44720.42162752185,46878.51562752185
3.0,phase_double_then_12,673f7bf8-4cb2-4836-9dec-4131b50da342,2025-08-16 18:00:00+00:00,2025-08-16 03:15:00+00:00,YES,0.29983103513717646,0.6814341707663102,0.12,15237.011714035058,5366.450595302622,6792.2595,13584.519,5366.450595302622,5366.450595302622,10081.37147278263,1.0,0.5323135458097935,portfolio,45281.73,45281.73,45281.73,175.69,4539.2308774800085,1,49259.65250500186,44720.42162752185
3.0,phase_double_then_12,3495c00d-950e-4e49-87e6-3a022d1d9c1b,2025-08-17 19:00:00+00:00,2025-08-17 03:45:00+00:00,YES,0.1182247066497803,0.20038085872844116,0.12,4935.34573480844,4935.34573480844,708.5069999999998,1411.848,708.5069999999998,708.5069999999998,1748.6268292682926,1.0,0.40517907431196876,rolling_liq,4723.379999999999,4723.379999999999,4706.16,29.51,1010.6098292682927,1,50270.262334270155,49259.65250500186
3.0,phase_double_then_12,b233aa62-25a1-489f-9f1a-ad31d9a6a7c2,2025-08-17 22:00:00+00:00,2025-08-17 10:45:00+00:00,NO,0.13120973110198975,0.2624194622039795,0.12,6595.94760330607,6032.431480112418,3105.324,6202.71,3105.324,3105.324,6900.719999999999,1.0,0.45000000000000007,rolling_liq,20702.16,20702.16,20675.7,119.56,3675.8359999999993,1,53946.09833427015,50270.262334270155
3.0,phase_double_then_12,b6df91b4-c8f5-45f8-bebf-c6845d61912b,2025-08-19 23:00:00+00:00,2025-08-19 05:30:00+00:00,NO,0.2621755397319794,0.5140696857489792,0.12,13866.026909040893,6473.531800112418,2940.0974999999994,5880.194999999999,2940.0974999999994,2940.0974999999994,7032.232142857143,1.0,0.4180888002945619,rolling_liq,19600.649999999998,19600.649999999998,19600.649999999998,119.77,-3059.8674999999994,0,50886.23083427015,53946.09833427015
3.0,phase_double_then_12,2cc91c72-9797-403a-adc1-51f134d84117,2025-08-20 02:00:00+00:00,2025-08-19 07:00:00+00:00,YES,0.09672302126884458,0.13433752954006192,0.12,3417.965268940588,3417.965268940588,226.43550000000002,452.87100000000004,226.43550000000002,226.43550000000002,861.2055555555556,1.0,0.26292851751743357,rolling_liq,1509.5700000000002,1509.5700000000002,1509.5700000000002,11.69,-238.12550000000002,0,50648.10533427015,50886.23083427015
3.0,phase_double_then_12,a1382913-f5c5-4721-9dee-4195779e9b68,2025-08-23 20:00:00+00:00,2025-08-23 04:00:00+00:00,NO,0.19466778397560125,0.34762104281357364,0.12,8803.173596415356,6077.772640112417,975.375,1950.75,975.375,975.375,2322.321428571429,1.0,0.41999999999999993,rolling_liq,6502.5,6502.5,6502.5,39.61,1307.336428571429,1,51955.441762841576,50648.10533427015
3.0,phase_double_then_12,bb8576ec-3270-4ee6-9d85-f37e6e502af7,2025-08-24 19:00:00+00:00,2025-08-24 03:45:00+00:00,YES,0.1296231734752655,0.16618355573751986,0.12,4317.070026031325,4317.070026031325,814.9095000000001,1543.689,814.9095000000001,814.9095000000001,3819.9068181818184,1.0,0.21333229808675724,rolling_liq,5432.7300000000005,5432.7300000000005,5145.63,44.88,-859.7895000000001,0,51095.65226284158,51955.441762841576
3.0,phase_double_then_12,0962940f-0261-4fce-b716-3a16393d43b7,2025-08-24 20:00:00+00:00,2025-08-24 05:45:00+00:00,NO,0.17109873175621026,0.39790402734002395,0.12,10165.582907475036,6131.478271540989,2712.6899999999996,5146.757999999999,2712.6899999999996,2712.6899999999996,5328.470588235294,1.0,0.5090935485295416,rolling_liq,17155.859999999997,18084.6,17155.859999999997,93.22,2522.5605882352943,1,53618.212851076874,51095.65226284158
3.0,phase_double_then_12,ab22cb38-adf5-49e7-8d94-af37949f1527,2025-08-26 23:00:00+00:00,2025-08-26 06:00:00+00:00,YES,0.11368976593017577,0.18637666545930454,0.12,4996.591859535469,4996.591859535469,1455.264,2882.448,1455.264,1455.264,3848.5105263157893,1.0,0.37813694156454236,rolling_liq,9608.16,9701.76,9608.16,63.35,2329.8965263157893,1,55948.10937739266,53618.212851076874
3.0,phase_double_then_12,467aedcd-fa42-4992-9a69-fce47d1ece15,2025-08-28 00:00:00+00:00,2025-08-27 16:00:00+00:00,NO,0.15859810590744017,0.33041272064050037,0.12,9242.983517038301,6713.773125287119,2314.8044999999997,4092.3450000000003,2314.8044999999997,2314.8044999999997,4554.067647058824,1.0,0.5082938329857664,rolling_liq,15432.029999999999,15432.029999999999,13641.150000000001,79.68,2159.5831470588246,1,58107.692524451486,55948.10937739266
3.0,phase_double_then_12,6d17df9c-9585-4b14-b1ab-7334c0443b45,2025-08-30 02:00:00+00:00,2025-08-29 07:15:00+00:00,NO,0.14991149187088015,0.28285187145449087,0.12,8217.934788221615,6972.923102934178,2741.9174999999996,5471.28,2741.9174999999996,2741.9174999999996,6372.698863636363,1.0,0.4302600136412876,rolling_liq,18279.449999999997,18279.449999999997,18237.6,109.36,3521.4213636363634,1,61629.11388808785,58107.692524451486
3.0,phase_double_then_12,eef5e74b-cdc8-45c9-b34e-c80089a44b6d,2025-09-01 00:00:00+00:00,2025-08-31 06:00:00+00:00,NO,0.12026148080825805,0.1625155146057541,0.12,5007.843579109613,5007.843579109613,1076.1435000000001,2152.2870000000003,1076.1435000000001,1076.1435000000001,5031.19772727273,1.0,0.21389409805274084,rolling_liq,7174.290000000001,7174.290000000001,7174.290000000001,59.22,-1135.3635000000002,0,60493.75038808785,61629.11388808785
3.0,phase_double_then_12,2f5baf0d-dd06-464d-95dd-177924f443c9,2025-09-04 00:00:00+00:00,2025-09-03 06:00:00+00:00,NO,0.20699598312377931,0.3980691983149602,0.12,12040.34936002572,7259.250046570542,1122.219,2244.438,1122.219,1122.219,2501.153333333333,1.0,0.44868060867919607,rolling_liq,7481.46,7481.46,7481.46,43.31,-1165.529,0,59328.22138808785,60493.75038808785
3.0,phase_double_then_12,b69d86fb-d73a-4b99-bec9-88e73e7ce25b,2025-09-05 02:00:00+00:00,2025-09-04 12:45:00+00:00,NO,0.05718323230743405,0.06807527655646911,0.12,2019.392539298753,2019.392539298753,316.54350000000005,625.932,316.54350000000005,316.5435000000001,2261.0250000000005,1.0000000000000002,0.14,rolling_liq,2086.44,2110.2900000000004,2086.44,19.06,-335.6035000000001,0,58992.61788808785,59328.22138808785
3.0,phase_double_then_12,f9c188c7-35cd-436c-8d11-7f1b0131ba33,2025-09-05 23:30:00+00:00,2025-09-05 10:30:00+00:00,NO,0.06474714040756224,0.07528737256693284,0.12,2220.6996008195883,2220.6996008195883,509.37750000000005,1006.2810000000001,509.37750000000005,509.37750000000005,3918.2884615384637,1.0,0.12999999999999995,rolling_liq,3354.2700000000004,3395.8500000000004,3354.2700000000004,31.03,-540.4075,0,58452.21038808785,58992.61788808785
3.0,phase_double_then_12,e9ff9be0-15cb-4e16-86a5-89be878b6745,2025-09-10 02:00:00+00:00,2025-09-09 07:00:00+00:00,NO,0.2139049685001373,0.30127460352132013,0.12,8805.083254807978,7014.265246570541,2701.2374999999997,5402.474999999999,2701.2374999999997,2701.2374999999997,10289.36111111111,1.0,0.2625272328213878,rolling_liq,18008.25,18008.25,18008.25,139.45,-2840.6874999999995,0,55611.52288808785,58452.21038808785
3.0,phase_double_then_12,31d89653-50a1-4688-b507-15c8e12dad33,2025-09-09 23:30:00+00:00,2025-09-09 12:30:00+00:00,NO,0.16207829356193537,0.3683597580953077,0.12,10242.523559183854,6673.382746570542,2491.7850000000008,4930.218,2491.7850000000008,2491.7850000000008,4700.694444444445,1.0,0.5300886984783573,rolling_liq,16434.06,16611.900000000005,16434.06,81.97,-2573.7550000000006,0,53037.76788808785,55611.52288808785
3.0,phase_double_then_12,93a98ff0-ed90-4c11-8f56-dfd70e55ed58,2025-09-12 00:00:00+00:00,2025-09-11 07:00:00+00:00,NO,0.1892402425408365,0.6308008084694549,0.12,16728.133431610553,6364.532146570542,818.4915000000001,1553.823,818.4915000000001,818.4915000000001,1228.524626865672,1.0,0.6662393916255573,rolling_liq,5456.610000000001,5456.610000000001,5179.410000000001,19.13,-837.6215000000001,0,52200.14638808785,53037.76788808785
3.0,phase_double_then_12,2fb00c07-3995-4420-aa53-e0b95160a91a,2025-09-18 02:00:00+00:00,2025-09-17 16:15:00+00:00,YES,0.07049068570137018,0.08702553790292615,0.12,2271.3729090174165,2271.3729090174165,1931.7375,3836.9700000000003,1931.7375,1931.7375,12139.734375,1.0,0.1591251867897645,rolling_liq,12807.57,12878.25,12789.900000000001,113.71,-2045.4475,0,50154.69888808785,52200.14638808785
3.0,phase_double_then_12,30981dda-706d-44fc-9eb4-b6f8c5a3e874,2025-09-24 01:30:00+00:00,2025-09-22 23:30:00+00:00,NO,0.11262015342712406,0.14255715623686588,0.12,3574.955622701051,3574.955622701051,1127.7900000000002,2253.6000000000004,1127.7900000000002,1127.7900000000002,5638.949999999999,1.0,0.20000000000000007,rolling_liq,7518.600000000001,7518.600000000001,7512.000000000001,63.16,-1190.9500000000003,0,48963.74888808785,50154.69888808785
3.0,phase_double_then_12,fb31c505-de82-4d70-a8a2-a91dbaacd1ee,2025-09-29 00:00:00+00:00,2025-09-28 02:30:00+00:00,NO,0.18119778752326965,0.29225449600527365,0.12,7154.937876908447,5875.649866570542,9137.101499999999,18269.342999999997,5875.649866570542,5875.649866570542,16790.485333058692,1.0,0.34993925130931197,portfolio,60897.81,60914.009999999995,60897.81,267.37,-6143.019866570542,0,42820.72902151731,48963.74888808785
3.0,phase_double_then_12,fc11987d-5051-4621-94f9-17a356691802,2025-10-01 01:30:00+00:00,2025-09-30 01:15:00+00:00,NO,0.06506288051605225,0.08675050735473633,0.12,1857.3599839581545,1857.3599839581545,6051.474,11649.572999999999,1857.3599839581545,1857.3599839581545,8442.545381627975,1.0,0.22,kelly,40333.41,40343.16,38831.909999999996,101.42,-1958.7799839581546,0,40861.949037559156,42820.72902151731
3.0,phase_double_then_12,4a8a3c5a-81ad-462c-b4cb-3300d1eea8c3,2025-10-09 00:00:00+00:00,2025-10-07 11:00:00+00:00,NO,0.16387164235115048,0.2777485463578822,0.12,5674.67347326596,4903.433884507099,24396.457499999997,48792.91499999999,4903.433884507099,4903.433884507099,13420.686174343511,1.0,0.3653638734121548,portfolio,162643.05,162643.05,162643.05,217.84,8299.412289836411,1,49161.36132739557,40861.949037559156
3.0,phase_10k_then_12,d1bd5e4c-1d9e-47c6-b24e-52544a1a2c13,2025-05-22 23:30:00+00:00,2025-05-22 13:00:00+00:00,YES,0.18705255270004273,0.2969088138095916,0.2,742.2720345239791,742.2720345239791,478.53000000000003,933.696,478.53000000000003,478.53000000000003,1375.2857142857144,1.0,0.3479495169834839,rolling_liq,3112.32,3190.2000000000003,3112.32,21.85,-500.38000000000005,0,4499.62,5000.0
3.0,phase_10k_then_12,b8786c5b-6a05-49e0-9ba2-0bc7db3e8a60,2025-05-24 02:00:00+00:00,2025-05-23 12:30:00+00:00,NO,0.08980293750762935,0.10819631025015586,0.2,243.42114076390314,243.42114076390314,393.5565000000001,787.1130000000002,243.42114076390314,243.42114076390314,2680.8114076390316,1.0,0.09080129250057248,kelly,2623.7100000000005,2623.7100000000005,2623.7100000000005,15.5,-258.92114076390317,0,4240.698859236097,4499.62
3.0,phase_10k_then_12,a35a38a3-fdb6-40a3-86f1-842d77ac32bf,2025-05-24 02:00:00+00:00,2025-05-23 12:30:00+00:00,NO,0.32377356052398687,0.3997204450913418,0.2,847.547017756099,847.547017756099,114.27300000000001,228.54600000000002,114.27300000000001,114.27300000000001,714.2062500000001,1.0,0.16,rolling_liq,761.82,761.82,761.82,6.72,593.21325,1,4833.9121092360965,4240.698859236097
3.0,phase_10k_then_12,92c4a40c-74f4-4a28-be37-18237fca81a5,2025-05-23 23:30:00+00:00,2025-05-23 12:30:00+00:00,NO,0.09931676149368285,0.11548460638800331,0.2,279.12121862466677,279.12121862466677,173.49749999999997,346.99499999999995,173.49749999999997,173.49749999999997,2168.7187499999995,1.0,0.08,rolling_liq,1156.6499999999999,1156.6499999999999,1156.6499999999999,11.18,-184.67749999999998,0,4649.234609236097,4833.9121092360965
3.0,phase_10k_then_12,10582ee6-a493-4e18-9878-6203b5e8065d,2025-05-24 02:00:00+00:00,2025-05-23 12:30:00+00:00,NO,0.08664486169815067,0.13128009348204644,0.2,305.1759770602402,305.1759770602402,457.4789999999999,914.9579999999999,305.1759770602402,305.1759770602402,1018.5532568674674,1.0,0.2996171039684273,kelly,3049.8599999999997,3049.8599999999997,3049.8599999999997,14.97,-320.1459770602402,0,4329.088632175856,4649.234609236097
3.0,phase_10k_then_12,b0d98920-a05f-481d-9dea-7046f3e6fc33,2025-05-25 19:00:00+00:00,2025-05-25 05:00:00+00:00,NO,0.19932658433914185,0.26227182149887085,0.2,567.6989804954086,567.6989804954086,440.307,880.614,440.307,440.307,2201.535,1.0,0.2,rolling_liq,2935.38,2935.38,2935.38,24.66,-464.96700000000004,0,3864.121632175856,4329.088632175856
3.0,phase_10k_then_12,bbd4ae77-444a-4dfe-ad87-70233844aa1d,2025-05-25 22:00:00+00:00,2025-05-25 14:00:00+00:00,NO,0.1071816420555115,0.1623964273568356,0.2,313.7597739688117,313.7597739688117,164.74500000000003,329.49000000000007,164.74500000000003,164.74500000000003,510.0454545454547,1.0,0.32300062383031813,rolling_liq,1098.3000000000002,1098.3000000000002,1098.3000000000002,7.81,-172.55500000000004,0,3691.5666321758563,3864.121632175856
3.0,phase_10k_then_12,5f3d74e1-8cdd-4616-aedf-f1e90dc75db0,2025-05-27 23:00:00+00:00,2025-05-27 05:45:00+00:00,NO,0.0740113401412964,0.08315880914752405,0.2,153.49314251024006,153.49314251024006,205.28099999999998,410.56199999999995,153.49314251024006,153.49314251024006,2212.902035860572,1.0,0.0693628276457111,kelly,1368.54,1368.54,1368.54,10.0,-163.49314251024006,0,3528.0734896656163,3691.5666321758563
3.0,phase_10k_then_12,8a594783-4b88-43cd-b381-a8660e3a0766,2025-05-27 23:00:00+00:00,2025-05-27 13:00:00+00:00,YES,0.3129020285606384,0.5046806912268361,0.2,890.2752837317596,705.6146979331234,725.9085,1434.7169999999999,705.6146979331234,705.6146979331234,1907.0667511706038,1.0,0.37,portfolio,4782.389999999999,4839.39,4782.389999999999,31.12,-736.7346979331234,0,2791.338791732493,3528.0734896656163
3.0,phase_10k_then_12,ee675eed-ef15-494e-a8f4-e0202373e26c,2025-05-28 00:00:00+00:00,2025-05-27 13:00:00+00:00,NO,0.08173902988433834,0.11512539420329344,0.2,160.67698937657403,160.67698937657403,150.16949999999997,300.33899999999994,150.16949999999997,150.16949999999997,600.6779999999999,1.0,0.25,rolling_liq,1001.1299999999999,1001.1299999999999,1001.1299999999999,7.89,-158.05949999999996,0,2633.279291732493,2791.338791732493
3.0,phase_10k_then_12,a17fdde4-604b-4197-8c9a-97dc9b78c44e,2025-05-29 23:00:00+00:00,2025-05-29 13:00:00+00:00,NO,0.09309141159057621,0.10118631694627848,0.2,133.2259165106579,133.2259165106579,46.583999999999996,93.16799999999999,46.583999999999996,46.583999999999996,680.9142857142856,1.0,0.06841389728096678,rolling_liq,310.56,310.56,310.56,3.04,-49.623999999999995,0,2583.6552917324934,2633.279291732493
3.0,phase_10k_then_12,1d299098-034f-480d-af99-bcebd640859e,2025-05-30 23:30:00+00:00,2025-05-30 12:15:00+00:00,NO,0.07657644748687742,0.0900899382198558,0.2,116.38067280679192,116.38067280679192,136.071,160.668,116.38067280679192,116.38067280679192,918.5436369753226,1.0,0.12670129988600484,kelly,907.1400000000001,907.1400000000001,535.5600000000001,7.12,795.0429641685306,1,3378.698255901024,2583.6552917324934
3.0,phase_10k_then_12,c9d9dbf0-f3e6-4f3f-b2a5-e83fe165023d,2025-06-01 22:00:00+00:00,2025-06-01 05:15:00+00:00,NO,0.14538862824440002,0.23449778749096778,0.2,396.14863280419087,396.14863280419087,727.587,1452.9059999999995,396.14863280419087,396.14863280419087,1131.8532365834026,1.0,0.35,kelly,4850.58,4850.58,4843.019999999999,18.03,717.6746037792118,1,4096.372859680236,3378.698255901024
3.0,phase_10k_then_12,9998a61a-229c-44c2-b892-ee5b1ea16c23,2025-06-02 00:30:00+00:00,2025-06-01 12:15:00+00:00,YES,0.0670652312040329,0.08178686732199134,0.2,167.51475178803685,167.51475178803685,1342.5480000000002,2676.024000000001,167.51475178803685,167.51475178803685,1202.3196556288344,1.0,0.1393263022889064,kelly,8950.320000000002,8950.320000000002,8920.080000000004,10.1,-177.61475178803684,0,3918.758107892199,4096.372859680236
3.0,phase_10k_then_12,272d53ae-a46b-43bc-ac0f-8a846e03a9d1,2025-06-04 00:00:00+00:00,2025-06-03 12:30:00+00:00,NO,0.12299813508987423,0.14819052420466775,0.2,290.36140911991845,290.36140911991845,325.24649999999997,637.398,290.36140911991845,290.36140911991845,2252.010839383988,1.0,0.12893428576895463,kelly,2124.6600000000003,2168.31,2124.6600000000003,17.71,-308.0714091199184,0,3610.6866987722806,3918.758107892199
3.0,phase_10k_then_12,f8baaf5b-f1fa-4923-9eec-e85ed7a82142,2025-06-05 23:30:00+00:00,2025-06-05 06:15:00+00:00,YES,0.0730656540393829,0.08496006283649174,0.2,153.38208440528894,153.38208440528894,250.99200000000002,501.98400000000004,153.38208440528894,153.38208440528894,1308.434036710741,1.0,0.11722569124758829,kelly,1673.2800000000002,1673.2800000000002,1673.2800000000002,9.48,-162.86208440528893,0,3447.8246143669917,3610.6866987722806
3.0,phase_10k_then_12,45eb60bf-a1b9-4f49-90cb-62097ff47bbd,2025-06-06 02:00:00+00:00,2025-06-05 13:00:00+00:00,NO,0.1447575712203979,0.20979358147883756,0.2,361.66573707947157,361.66573707947157,1197.018,2360.286,361.66573707947157,361.66573707947157,1289.6404726878327,1.0,0.2804391958370366,kelly,7867.620000000001,7980.12,7867.620000000001,18.22,-379.8857370794716,0,3067.93887728752,3447.8246143669917
3.0,phase_10k_then_12,772cef5b-3110-4eaf-a68b-6eb3cd04f42a,2025-06-06 23:30:00+00:00,2025-06-06 12:15:00+00:00,YES,0.1407347512245178,0.18277240418768548,0.2,280.3672822513543,280.3672822513543,993.465,1986.93,280.3672822513543,280.3672822513543,1557.596012507524,1.0,0.18,kelly,6623.1,6623.1,6623.1,16.1,1261.1287302561698,1,4329.0676075436895,3067.93887728752
3.0,phase_10k_then_12,8b0ee0bd-54cf-4be2-a8ba-b16813be20b6,2025-06-07 19:00:00+00:00,2025-06-07 04:30:00+00:00,YES,0.1381078326702118,0.1644140865121569,0.2,355.8798480718321,355.8798480718321,798.6015,1339.299,355.8798480718321,355.8798480718321,2589.9323204788807,1.0,0.1374089373910858,kelly,5285.13,5324.01,4464.33,21.49,2212.562472407049,1,6541.630079950739,4329.0676075436895
3.0,phase_10k_then_12,639e72ff-50dd-401b-a2a8-dd49fdd02b89,2025-06-08 02:00:00+00:00,2025-06-07 12:15:00+00:00,YES,0.13786698698997496,0.20577162237309699,0.2,673.0409172580579,673.0409172580579,698.6475,1377.1350000000002,673.0409172580579,673.0409172580579,2103.252866431431,1.0,0.32,kelly,4657.650000000001,4657.650000000001,4590.450000000001,32.04,-705.0809172580579,0,5836.549162692681,6541.630079950739
3.0,phase_10k_then_12,5e1d090c-1c51-494b-8c1f-1f1ba520ee2a,2025-06-10 02:00:00+00:00,2025-06-09 12:30:00+00:00,NO,0.24757077574729924,0.3640746702166165,0.2,1062.4698558052035,1062.4698558052035,1389.294,2769.408,1062.4698558052035,1062.4698558052035,3794.535199304298,1.0,0.27999999999999997,kelly,9261.960000000001,9261.960000000001,9231.36,53.55,2678.5153434990943,1,8515.064506191775,5836.549162692681
3.0,phase_10k_then_12,4a60d4ef-8d10-4f25-bab6-346332242fd5,2025-06-10 23:30:00+00:00,2025-06-10 12:15:00+00:00,NO,0.12558921575546267,0.19321417808532718,0.2,822.6155949536931,822.6155949536931,797.265,1560.744,797.265,797.265,2415.954545454545,1.0,0.33000000000000007,rolling_liq,5315.1,5315.1,5202.48,37.4,-834.665,0,7680.399506191775,8515.064506191775
3.0,phase_10k_then_12,84da0d09-cdf5-46a5-89eb-d489373ed8ed,2025-06-12 02:00:00+00:00,2025-06-11 13:30:00+00:00,NO,0.11724735021591182,0.1429845734340388,0.2,549.0893235979166,549.0893235979166,5.575499999999999,9.008999999999999,5.575499999999999,5.575499999999999,32.797058823529404,1.0,0.17,rolling_liq,30.029999999999998,37.169999999999995,30.029999999999998,0.33,26.891558823529408,1,7707.291065015304,7680.399506191775
3.0,phase_10k_then_12,c95f06b7-8138-460b-bc1d-e9c9478156eb,2025-06-13 23:30:00+00:00,2025-06-13 06:00:00+00:00,NO,0.07324323654174802,0.08616851357852709,0.2,332.06290739471586,332.06290739471586,752.0849999999999,1497.7439999999995,332.06290739471586,332.06290739471586,2767.1908949559656,1.0,0.12,kelly,5013.9,5013.9,4992.479999999999,20.46,-352.52290739471584,0,7354.768157620589,7707.291065015304
3.0,phase_10k_then_12,ee13e918-b149-4c1e-8ae9-03cf0618c5d9,2025-06-15 00:30:00+00:00,2025-06-14 06:30:00+00:00,YES,0.22761168122291559,0.30758335300393996,0.2,1131.1021252437754,1131.1021252437754,5690.9115,11381.823,1131.1021252437754,1131.1021252437754,5659.260626218876,1.0,0.19986747385400047,kelly,37939.41,37939.41,37939.41,63.36,4464.7985009751,1,11819.56665859569,7354.768157620589
3.0,phase_10k_then_12,7162ed3d-7135-4801-b3a8-ba85cbcaa7ea,2025-06-15 22:00:00+00:00,2025-06-15 05:30:00+00:00,YES,0.2125312566757202,0.38642046668312763,0.12,2283.661232103441,1418.3479990314827,3053.9835,6107.967,1418.3479990314827,1418.3479990314827,4008.7722195318966,1.0,0.3538110726573292,portfolio,20359.89,20359.89,20359.89,64.16,-1482.5079990314828,0,10337.058659564207,11819.56665859569
3.0,phase_10k_then_12,acf4a696-dabb-4821-9d7a-7417121d43a8,2025-06-17 23:00:00+00:00,2025-06-17 05:45:00+00:00,NO,0.10341833353042607,0.1124112320982892,0.12,581.0007500969512,581.0007500969512,316.46700000000004,629.721,316.46700000000004,316.46700000000004,4522.242857142857,1.0,0.06998009837090952,rolling_liq,2109.78,2109.78,2099.07,20.61,-337.07700000000006,0,9999.981659564208,10337.058659564207
3.0,phase_10k_then_12,f992552a-94d9-40c8-aa4b-fa5c7bf321fd,2025-06-18 00:00:00+00:00,2025-06-17 06:15:00+00:00,NO,0.2464600276947021,0.4323860134994774,0.2,2161.926102423428,1999.9963319128417,3961.3724999999995,7922.744999999999,1999.9963319128417,1999.9963319128417,4982.088614421566,1.0,0.401437326129344,portfolio,26409.149999999998,26409.149999999998,26409.149999999998,83.8,-2083.7963319128417,0,7916.185327651367,9999.981659564208
3.0,phase_10k_then_12,326d833a-4a17-4fec-882e-c3699065a0ed,2025-06-18 00:00:00+00:00,2025-06-17 07:00:00+00:00,NO,0.11250839233398435,0.13236281451056983,0.2,523.9042850776061,523.9042850776061,111.14099999999999,222.28199999999998,111.14099999999999,111.14099999999999,926.925,1.0,0.11990290476575774,rolling_liq,740.9399999999999,740.9399999999999,740.9399999999999,6.85,-117.99099999999999,0,7798.194327651367,7916.185327651367
3.0,phase_10k_then_12,4f5eef0b-7151-49c4-bc34-46d08d1e5ca1,2025-06-18 02:00:00+00:00,2025-06-17 12:30:00+00:00,YES,0.15919422030448907,0.20674574065518062,0.2,806.121731021655,806.121731021655,380.0294999999999,652.842,380.0294999999999,380.0294999999999,1652.9543478260866,1.0,0.22990925339214766,rolling_liq,2508.6899999999996,2533.5299999999997,2176.14,20.49,-400.51949999999994,0,7397.674827651366,7798.194327651367
3.0,phase_10k_then_12,42f7582e-79b3-4a78-88ba-0245ebd00b6b,2025-06-18 23:00:00+00:00,2025-06-18 06:15:00+00:00,YES,0.2191847121715545,0.2548659443855285,0.2,942.7076906032087,942.7076906032087,2783.2140000000004,5549.039999999998,942.7076906032087,942.7076906032087,9427.076906032087,1.0,0.09999999999999999,kelly,18552.239999999998,18554.760000000002,18496.799999999996,59.4,-1002.1076906032087,0,6395.567137048158,7397.674827651366
3.0,phase_10k_then_12,57909126-867a-49a0-bc68-8c65ff35b9dd,2025-06-20 02:00:00+00:00,2025-06-19 13:45:00+00:00,YES,0.23086082577705377,0.2748343164012545,0.2,878.8606610544794,878.8606610544794,141.804,283.464,141.804,141.804,911.7750000000001,1.0,0.1555252118121247,rolling_liq,944.88,945.36,944.88,8.39,761.5810000000001,1,7157.148137048158,6395.567137048158
3.0,phase_10k_then_12,5cc2b6cf-49a3-4f54-a14e-88d92bf3ac7a,2025-06-20 23:30:00+00:00,2025-06-20 06:00:00+00:00,YES,0.19484763860702514,0.31427038485004055,0.2,1124.6398497294376,1124.6398497294376,1229.9624999999999,2459.9249999999997,1124.6398497294376,1124.6398497294376,3217.799570655536,1.0,0.34950587351229084,kelly,8199.75,8199.75,8199.75,51.22,-1175.8598497294377,0,5981.28828731872,7157.148137048158
3.0,phase_10k_then_12,36996288-3356-4ce9-b751-b31f6890cd69,2025-06-22 19:00:00+00:00,2025-06-22 07:15:00+00:00,YES,0.12237302303314207,0.22661670932063344,0.2,677.7299345851079,677.7299345851079,85.905,167.67,85.905,85.905,186.75,1.0,0.46,rolling_liq,558.9,572.7,558.9,3.25,97.595,1,6078.88328731872,5981.28828731872
3.0,phase_10k_then_12,4bfeb202-768f-487c-a416-9c9a314242a6,2025-06-25 00:00:00+00:00,2025-06-24 06:15:00+00:00,YES,0.08991959929466248,0.13031825984733694,0.2,396.0947459092174,396.0947459092174,2.0925,4.185,2.0925,2.0925,6.749999999999999,1.0,0.31,rolling_liq,13.95,13.95,13.95,0.11,4.5474999999999985,1,6083.43078731872,6078.88328731872
3.0,phase_10k_then_12,e6fdfe56-f4ef-4bab-8f24-19a99adb7f6f,2025-06-26 02:00:00+00:00,2025-06-25 12:15:00+00:00,NO,0.07732540607452387,0.08226107029204668,0.2,250.21476380621306,250.21476380621306,267.12,534.24,250.21476380621306,250.21476380621306,5004.29527612426,1.0,0.05000000000000001,kelly,1780.8000000000002,1780.8000000000002,1780.8000000000002,16.64,-266.85476380621304,0,5816.576023512507,6083.43078731872
3.0,phase_10k_then_12,1c528f37-bdd0-449a-99b5-7a8d174e4243,2025-06-26 02:00:00+00:00,2025-06-25 15:45:00+00:00,YES,0.0853763997554779,0.10672049969434737,0.2,310.37394986970736,310.37394986970736,481.4325,956.925,310.37394986970736,310.37394986970736,1560.1197493485365,1.0,0.19894238887707888,kelly,3209.55,3209.55,3189.75,17.41,-327.7839498697074,0,5488.7920736428,5816.576023512507
3.0,phase_10k_then_12,fd8a85e4-5aac-47f6-b278-e1f1fa69b82d,2025-06-27 02:00:00+00:00,2025-06-26 12:15:00+00:00,NO,0.08030236721038819,0.10566100948735288,0.2,289.97565568363956,289.97565568363956,2897.6355,5783.472000000001,289.97565568363956,289.97565568363956,1449.8782784181976,1.0,0.2,kelly,19317.57,19317.57,19278.24,16.24,1143.662622734558,1,6632.454696377357,5488.7920736428
3.0,phase_10k_then_12,4e456309-00d3-4582-8f89-1c9049054791,2025-06-27 23:30:00+00:00,2025-06-27 12:30:00+00:00,NO,0.12750528216362,0.2500103571835686,0.2,829.0911838225701,829.0911838225701,2527.353,5054.706,829.0911838225701,829.0911838225701,1802.3721387447176,1.0,0.45999999999999996,kelly,16849.02,16849.02,16849.02,31.34,941.9409549221475,1,7574.395651299505,6632.454696377357
3.0,phase_10k_then_12,f2a059a9-b803-4538-b746-3868679fa790,2025-06-28 02:00:00+00:00,2025-06-27 12:45:00+00:00,NO,0.05228370666503901,0.055620964537275545,0.2,210.64759595611193,210.64759595611193,327.17249999999984,654.3449999999997,210.64759595611193,210.64759595611193,4212.951919122239,1.0,0.049999999999999996,kelly,2181.149999999999,2181.149999999999,2181.149999999999,14.01,-224.65759595611192,0,7349.738055343392,7574.395651299505
3.0,phase_10k_then_12,02291b17-b5ee-4973-b184-51149f2c1817,2025-06-28 02:00:00+00:00,2025-06-27 14:00:00+00:00,NO,0.14177390813827517,0.26749793988353804,0.2,983.0198942439993,983.0198942439993,2693.8485,5344.128000000001,983.0198942439993,983.0198942439993,2139.2823787913026,1.0,0.4595091812046836,kelly,17958.99,17958.99,17813.760000000002,37.2,-1020.2198942439993,0,6329.518161099393,7349.738055343392
3.0,phase_10k_then_12,8a325ea5-03e5-4940-bb7a-2eb4c8b2b077,2025-06-29 20:00:00+00:00,2025-06-29 04:30:00+00:00,NO,0.19611328840255737,0.26148438453674316,0.2,827.5350803846065,827.5350803846065,1150.6634999999999,2300.2470000000003,827.5350803846065,827.5350803846065,3454.312834935861,1.0,0.2395657602331701,kelly,7667.490000000001,7671.09,7667.490000000001,44.06,2582.7177545512545,1,8912.235915650648,6329.518161099393
3.0,phase_10k_then_12,475cc53b-e563-4217-a5dc-930581369bab,2025-06-29 22:00:00+00:00,2025-06-29 05:30:00+00:00,NO,0.07646610498428341,0.10769873941448369,0.2,479.9182867400308,479.9182867400308,377.87399999999997,671.814,377.87399999999997,377.87399999999997,1352.255172413793,1.0,0.27943986291099926,rolling_liq,2320.3799999999997,2519.16,2239.38,19.06,955.321172413793,1,9867.55708806444,8912.235915650648
3.0,phase_10k_then_12,01384c8c-e038-4abe-b80a-901c44d112ce,2025-07-03 23:00:00+00:00,2025-07-03 05:45:00+00:00,YES,0.14452980518341063,0.23693410685805022,0.2,1168.9804127656855,1168.9804127656855,14553.724500000002,28898.603999999996,1168.9804127656855,1168.9804127656855,3339.9440364733873,1.0,0.35,kelly,97024.83000000002,97024.83000000002,96328.68,53.19,2117.773623707702,1,11985.330711772143,9867.55708806444
3.0,phase_10k_then_12,21815dfe-7533-4983-9fc4-01b7e5798634,2025-07-03 23:30:00+00:00,2025-07-03 12:15:00+00:00,YES,0.12719794988632205,0.23999613186098498,0.12,1438.2165049499902,1438.2165049499902,384.93,762.246,384.93,384.93,819.0,1.0,0.47000000000000003,rolling_liq,2566.2000000000003,2566.2000000000003,2540.82,14.29,-399.22,0,11586.110711772144,11985.330711772143
3.0,phase_10k_then_12,a4d71aea-7129-4510-a0c0-686300cd53cf,2025-07-07 23:30:00+00:00,2025-07-07 12:30:00+00:00,NO,0.09287727117538447,0.13460474083389054,0.12,779.7727148154263,779.7727148154263,1753.038,3430.7010000000005,779.7727148154263,779.7727148154263,3002.818133905486,1.0,0.259680300318837,kelly,11435.670000000002,11686.92,11435.670000000002,40.41,-820.1827148154263,0,10765.927996956718,11586.110711772144
3.0,phase_10k_then_12,66b295b9-ed48-41fe-8fd7-4cca0813f9f5,2025-07-08 15:30:00+00:00,2025-07-08 04:45:00+00:00,NO,0.07585252523422237,0.10836075033460339,0.12,583.3020178992718,583.3020178992718,1738.602,3003.291,583.3020178992718,583.3020178992718,2155.435778211685,1.0,0.2706190663603181,kelly,10193.759999999998,11590.68,10010.970000000001,29.79,-613.0920178992718,0,10152.835979057447,10765.927996956718
3.0,phase_10k_then_12,cba5ede2-0a93-430c-aa0b-4c48363996d9,2025-07-09 15:00:00+00:00,2025-07-09 01:30:00+00:00,YES,0.0751177150011062,0.08077173656032925,0.12,410.0310965203303,410.0310965203303,229.69350000000006,459.3870000000001,229.69350000000006,229.69350000000006,3287.764285714286,1.0,0.06986312887394171,rolling_liq,1531.2900000000004,1531.2900000000004,1531.2900000000004,14.96,3043.110785714286,1,13195.946764771732,10152.835979057447
3.0,phase_10k_then_12,473b6ccd-bea1-4377-b656-99e755056013,2025-07-09 16:00:00+00:00,2025-07-09 02:00:00+00:00,NO,0.21722968339920046,0.28211647194701356,0.12,1861.3969726390044,1583.5136117726079,76.032,152.064,76.032,76.032,345.6,1.0,0.21999999999999997,rolling_liq,506.88,506.88,506.88,4.16,265.408,1,13461.354764771731,13195.946764771732
3.0,phase_10k_then_12,e3e04e5c-30b5-4cd3-bef5-9e4a16bf0e89,2025-07-10 19:00:00+00:00,2025-07-10 04:45:00+00:00,NO,0.176479022204876,0.5882634073495866,0.12,3959.4112107331057,1615.3625717726077,897.0659999999999,1481.994,897.0659999999999,897.0659999999999,1319.2147058823525,1.0,0.6800000000000002,rolling_liq,5395.679999999999,5980.44,4939.98,20.1,402.0487058823526,1,13863.403470654084,13461.354764771731
3.0,phase_10k_then_12,9bb7fd31-2faf-4602-bf65-4532dd75baba,2025-07-13 22:00:00+00:00,2025-07-13 05:15:00+00:00,NO,0.0949998521804809,0.13768094518910276,0.12,954.363246688771,954.363246688771,1444.7025,2791.269,954.363246688771,954.363246688771,3534.678691439893,1.0,0.26999999999999996,kelly,9631.35,9631.35,9304.23,48.77,2531.545444751122,1,16394.948915405206,13863.403470654084
3.0,phase_10k_then_12,1dc8a33e-b81b-4a0d-91bf-0109943d729e,2025-07-13 22:00:00+00:00,2025-07-13 06:00:00+00:00,NO,0.2283735346794128,0.27850431058464975,0.12,2283.031972377739,1967.3938698486247,3720.7484999999997,7403.247,1967.3938698486247,1967.3938698486247,13338.359132324165,1.0,0.14749894273583056,portfolio,24804.989999999998,24804.989999999998,24677.49,117.41,-2084.803869848625,0,14310.145045556581,16394.948915405206
3.0,phase_10k_then_12,333e71e9-d362-4003-836b-7d936322e7d2,2025-07-16 00:00:00+00:00,2025-07-15 06:00:00+00:00,YES,0.06468308866024008,0.07187009851137786,0.12,514.2357670681287,514.2357670681287,898.695,1797.39,514.2357670681287,514.2357670681287,5142.357670681287,1.0,0.09999999999999999,kelly,5991.3,5991.3,5991.3,32.4,-546.6357670681286,0,13763.509278488453,14310.145045556581
3.0,phase_10k_then_12,e380b602-7a50-4ce9-99e7-63c43f11724e,2025-07-16 02:00:00+00:00,2025-07-15 13:30:00+00:00,NO,0.21980795383453366,0.4676764975202844,0.12,3218.434906475708,1651.6211134186142,3460.1715,6429.303000000001,1651.6211134186142,1651.6211134186142,3442.5023196221127,1.0,0.47977342063197637,portfolio,21431.010000000002,23067.81,21431.010000000002,60.15,-1711.7711134186143,0,12051.738165069839,13763.509278488453
3.0,phase_10k_then_12,83fc47a0-fbb1-4f04-8af2-94e9a1fd566e,2025-07-16 17:00:00+00:00,2025-07-16 04:15:00+00:00,NO,0.1946576309204101,0.23738735478098796,0.12,1430.4651217595033,1430.4651217595033,112.527,225.054,112.527,112.527,682.570588235294,1.0,0.16485767470720547,rolling_liq,750.1800000000001,750.1800000000001,750.1800000000001,6.58,-119.107,0,11932.631165069839,12051.738165069839
3.0,phase_10k_then_12,5e64c14b-9cf3-45d2-bd9d-f0af702d801f,2025-07-16 19:00:00+00:00,2025-07-16 07:00:00+00:00,NO,0.1349456548690796,0.207608699798584,0.12,1238.659020678106,1238.659020678106,6024.6675,11962.818,1238.659020678106,1238.659020678106,4077.4484538003417,1.0,0.3037828766476808,kelly,39882.18,40164.45,39876.06,60.37,-1299.0290206781058,0,10633.602144391733,11932.631165069839
3.0,phase_10k_then_12,1f15d85b-41ea-4e16-b597-b0e14ee9ba73,2025-07-16 23:30:00+00:00,2025-07-16 07:00:00+00:00,NO,0.10651913166046145,0.13656298930828392,0.12,726.0782479765566,726.0782479765566,3530.457,7051.1939999999995,726.0782479765566,726.0782479765566,3630.391239882783,1.0,0.19999999999999998,kelly,23503.98,23536.38,23503.98,40.67,-766.7482479765565,0,9866.853896415176,10633.602144391733
3.0,phase_10k_then_12,32cb5f24-0d87-4645-a3fd-dd1e0fd1a4f6,2025-07-23 00:00:00+00:00,2025-07-22 06:00:00+00:00,NO,0.09330237627029414,0.11378338569548066,0.2,561.342021248382,561.342021248382,836.9594999999998,1673.9189999999996,561.342021248382,561.342021248382,3122.0667847132336,1.0,0.17979821059463408,kelly,5579.729999999999,5579.729999999999,5579.729999999999,32.23,-593.572021248382,0,9273.281875166795,9866.853896415176
3.0,phase_10k_then_12,17812353-7592-47dc-9fe1-36f6bb0d8b9d,2025-07-24 02:00:00+00:00,2025-07-23 07:00:00+00:00,NO,0.17903590440750117,0.2594723252282626,0.2,1203.0800053233156,1203.0800053233156,1948.8465,3897.693,1203.0800053233156,1203.0800053233156,4777.923097397367,1.0,0.25179978429930316,kelly,12992.310000000001,12992.310000000001,12992.310000000001,63.02,3511.8230920740516,1,12785.104967240846,9273.281875166795
3.0,phase_10k_then_12,d8bda49f-0b5d-428a-9697-070219652f4a,2025-07-25 00:30:00+00:00,2025-07-24 06:15:00+00:00,YES,0.12289219975471491,0.15755410224963448,0.12,1007.172867640487,1007.172867640487,3399.471,6798.942,1007.172867640487,1007.172867640487,5595.404820224928,1.0,0.18,kelly,22663.14,22663.14,22663.14,57.82,-1064.992867640487,0,11720.11209960036,12785.104967240846
3.0,phase_10k_then_12,4d8cf7bd-df70-42d4-a4fd-14a6fcb736a9,2025-07-24 23:00:00+00:00,2025-07-24 12:45:00+00:00,YES,0.11587374210357665,0.21067953109741208,0.12,1234.5938607764547,1234.5938607764547,2286.4049999999997,4567.95,1234.5938607764547,1234.5938607764547,2805.895138128306,1.0,0.44,kelly,15226.5,15242.699999999999,15226.5,48.4,1522.9012773518511,1,13243.01337695221,11720.11209960036
3.0,phase_10k_then_12,585740b6-3c8b-4746-8808-e7635a88c710,2025-07-27 20:00:00+00:00,2025-07-27 04:15:00+00:00,YES,0.09930047273635859,0.1273082983799469,0.12,842.9727492213301,842.9727492213301,100.089,29.7,29.7,29.7,135.0,1.0,0.22,cumulative_liq,667.26,667.26,99.0,1.63,-31.33,0,13211.68337695221,13243.01337695221
3.0,phase_10k_then_12,548df81e-2319-4153-a4df-bf65932d74be,2025-07-27 23:00:00+00:00,2025-07-27 06:00:00+00:00,NO,0.06239434003829958,0.0810316104393501,0.12,535.2819903246145,535.2819903246145,0.0945,0.189,0.0945,0.0945,0.45,1.0,0.21,rolling_liq,0.63,0.63,0.63,0.01,0.34550000000000003,1,13212.02887695221,13211.68337695221
3.0,phase_10k_then_12,d5b4c575-bc11-412e-893d-9c6ed1889586,2025-07-27 22:00:00+00:00,2025-07-27 12:30:00+00:00,YES,0.1230686521530151,0.17333612979297902,0.12,1145.0609761219876,1145.0609761219876,1886.1704999999997,3636.882,1145.0609761219876,1145.0609761219876,4408.926831238414,1.0,0.2597142161690975,kelly,12138.6,12574.47,12122.94,59.34,-1204.4009761219875,0,12007.627900830223,13212.02887695221
3.0,phase_10k_then_12,6adda940-e25a-4b97-9334-bfcbbb00d303,2025-07-28 23:00:00+00:00,2025-07-28 12:30:00+00:00,YES,0.05657753527164458,0.06816570514655974,0.12,409.25421149879855,409.25421149879855,2202.9660000000003,4002.777,409.25421149879855,409.25421149879855,2570.776321867491,1.0,0.15919479575784473,kelly,14676.750000000004,14686.440000000002,13342.59,24.09,-433.34421149879853,0,11574.283689331423,12007.627900830223
3.0,phase_10k_then_12,7a6fecee-f650-46ac-af8f-8dfc5ff13ae2,2025-07-29 23:30:00+00:00,2025-07-29 05:45:00+00:00,NO,0.11944526433944702,0.15926035245259604,0.12,921.6622498746281,921.6622498746281,1274.7689999999998,2549.5379999999996,921.6622498746281,921.6622498746281,4089.5315211940347,1.0,0.22537110793696172,kelly,8498.46,8498.46,8498.46,49.98,3117.889271319407,1,14692.17296065083,11574.283689331423
3.0,phase_10k_then_12,185c1d82-80ca-427a-bb34-b717e2127e2e,2025-07-30 23:00:00+00:00,2025-07-30 05:30:00+00:00,YES,0.15933475494384763,0.2655579249064127,0.12,1950.8114818982704,1763.0607552780996,123.06150000000001,246.12300000000002,123.06150000000001,123.06150000000001,311.62874999999997,1.0,0.3948977749966908,rolling_liq,820.4100000000001,820.4100000000001,820.4100000000001,5.22,183.34724999999995,1,14875.520210650831,14692.17296065083
3.0,phase_10k_then_12,c2f7980e-2390-45e9-8977-c6e6d2c1f545,2025-07-31 00:00:00+00:00,2025-07-30 07:00:00+00:00,NO,0.09089968681335447,0.12452011892240339,0.12,926.1507728314283,926.1507728314283,2231.7839999999997,4427.1089999999995,926.1507728314283,926.1507728314282,3562.6952801208777,0.9999999999999999,0.2599578970447355,kelly,14874.81,14878.559999999998,14757.029999999999,47.98,-974.1307728314282,0,13901.389437819404,14875.520210650831
3.0,phase_10k_then_12,e8241b1f-576e-4bcf-b7d0-79606aa78b00,2025-07-31 00:00:00+00:00,2025-07-30 15:30:00+00:00,NO,0.16516225516796124,0.434637513599898,0.12,3021.0326704188547,1668.1667325383285,5180.2515,9682.199999999999,1668.1667325383285,1668.1667325383285,2926.608302698822,1.0,0.57,portfolio,32273.999999999996,34535.01,32273.999999999996,50.22,1208.2215701604937,1,15109.611007979896,13901.389437819404
3.0,phase_10k_then_12,50578d4e-21ed-488c-ac01-1008b9b70e0d,2025-07-31 23:30:00+00:00,2025-07-31 05:45:00+00:00,NO,0.1513962113857269,0.2566037481114015,0.12,1938.5914085764664,1813.1533209575875,3670.2495000000004,7340.499000000001,1813.1533209575875,1813.1533209575875,5202.0380598788215,1.0,0.34854672343551135,portfolio,24468.33,24468.33,24468.33,82.69,3306.194738921234,1,18415.80574690113,15109.611007979896
3.0,phase_10k_then_12,a1ca524f-e7ce-449f-ab32-66adea0ba523,2025-08-01 23:30:00+00:00,2025-08-01 05:45:00+00:00,NO,0.15966734647750846,0.3894325523841671,0.12,3585.8571181133593,2209.8966896281354,518.8905,1037.781,518.8905,518.8905,887.3059322033898,1.0,0.5847932276429986,rolling_liq,3459.27,3459.27,3459.27,15.09,353.3254322033899,1,18769.13117910452,18415.80574690113
3.0,phase_10k_then_12,64fb0c10-3ce1-4592-a3f9-65395a9e58af,2025-08-01 23:30:00+00:00,2025-08-01 15:00:00+00:00,YES,0.10673018932342532,0.18089862597190728,0.12,1697.6550204932457,1697.6550204932457,2930.5844999999995,5813.567999999997,1697.6550204932457,1697.6550204932457,4495.460580245383,1.0,0.37763761692257564,kelly,19537.229999999996,19537.229999999996,19378.55999999999,73.96,2723.845559752138,1,21492.976738856658,18769.13117910452
3.0,phase_10k_then_12,de06dc94-ceb2-41b8-bde0-f9f91c917d00,2025-08-03 22:00:00+00:00,2025-08-03 06:00:00+00:00,NO,0.07582804679870603,0.10531673166486949,0.12,1131.7850319427241,1131.7850319427241,743.0085,1282.2749999999999,743.0085,743.0085,3025.434,1.0,0.24558740993854103,rolling_liq,4331.37,4953.39,4274.25,39.24,-782.2485,0,20710.728238856656,21492.976738856658
3.0,phase_10k_then_12,1dffe97b-d132-4697-af9f-8b08902da90d,2025-08-03 22:00:00+00:00,2025-08-03 06:00:00+00:00,YES,0.05085827469825738,0.05913752871890393,0.12,612.3906430074001,612.3906430074001,975.9060000000001,1839.1050000000002,612.3906430074001,612.3906430074001,4993.158792364616,1.0,0.12264593786679664,kelly,6186.900000000001,6506.040000000001,6130.350000000001,37.61,-650.0006430074001,0,20060.727595849257,20710.728238856656
3.0,phase_10k_then_12,cd325282-98cc-46dd-a9f0-e2d5d887b51f,2025-08-06 00:00:00+00:00,2025-08-05 07:00:00+00:00,YES,0.09239223599433899,0.12318964799245198,0.12,1235.6369855025687,1235.6369855025687,103.07249999999999,197.595,103.07249999999999,103.07249999999999,429.46874999999994,1.0,0.24000000000000002,rolling_liq,687.15,687.15,658.65,5.49,320.90624999999994,1,20381.633845849257,20060.727595849257
3.0,phase_10k_then_12,6a9e0ff7-c5b4-4a72-b217-41dc4a8caa4f,2025-08-06 02:00:00+00:00,2025-08-05 07:00:00+00:00,NO,0.3618546456098557,0.6579175374724648,0.12,6704.717174763293,2445.7960615019106,41.9625,83.925,41.9625,41.9625,95.57386363636363,1.0,0.4390583199571964,rolling_liq,279.75,279.75,279.75,1.65,51.96136363636363,1,20433.595209485622,20381.633845849257
3.0,phase_10k_then_12,d300ee86-e2e0-4bf4-9247-1d7a3a859e07,2025-08-06 02:00:00+00:00,2025-08-05 07:00:00+00:00,NO,0.08956348419189453,0.10294653355390175,0.12,1051.783897430079,1051.783897430079,166.53149999999997,333.06299999999993,166.53149999999997,166.53149999999997,1593.2863636363634,1.0,0.1045207589801525,rolling_liq,1110.2099999999998,1110.2099999999998,1110.2099999999998,10.44,-176.97149999999996,0,20256.623709485622,20433.595209485622
3.0,phase_10k_then_12,0934f4d6-98dc-4543-b6bd-c04adfa95bf2,2025-08-08 02:00:00+00:00,2025-08-07 07:00:00+00:00,NO,0.14108287811279296,0.2275530292141822,0.12,2304.7280433726387,2304.7280433726387,906.507,1813.014,906.507,906.507,2518.075,1.0,0.36,rolling_liq,6043.38,6043.38,6043.38,40.62,-947.127,0,19309.496709485622,20256.623709485622
3.0,phase_10k_then_12,042c5181-7425-497a-8593-922c0cccfc16,2025-08-08 02:00:00+00:00,2025-08-07 07:00:00+00:00,NO,0.10052478075027471,0.12410466759293173,0.12,1198.199335258761,1198.199335258761,534.5955,1069.191,534.5955,534.5955,3144.679411764705,1.0,0.17000000000000004,rolling_liq,3563.9700000000003,3563.9700000000003,3563.9700000000003,31.06,-565.6555,0,18743.84120948562,19309.496709485622
3.0,phase_10k_then_12,25596e43-21b0-4411-b093-a5ca0b6480d6,2025-08-09 02:00:00+00:00,2025-08-08 07:30:00+00:00,YES,0.13616769552230834,0.2778932561679762,0.12,2604.3935333997283,2249.2609451382746,1023.4214999999999,2039.346,1023.4214999999999,1023.4214999999999,2088.615306122449,1.0,0.48999999999999994,rolling_liq,6822.8099999999995,6822.8099999999995,6797.820000000001,36.54,1028.6538061224492,1,19772.49501560807,18743.84120948562
3.0,phase_10k_then_12,3a283716-466b-440c-a344-5994da2e16aa,2025-08-10 00:30:00+00:00,2025-08-09 13:15:00+00:00,YES,0.124353095293045,0.1943017113953828,0.12,1920.914810044662,1920.914810044662,10185.246000000001,19866.996000000003,1920.914810044662,1920.914810044662,5631.04231441332,1.0,0.3411295285648721,kelly,67901.64000000001,67901.64000000001,66223.32,88.6,3621.5275043686584,1,23394.02251997673,19772.49501560807
3.0,phase_10k_then_12,2de72b4c-3c39-42c4-8321-18efac227563,2025-08-10 16:30:00+00:00,2025-08-10 02:30:00+00:00,NO,0.28335612535476684,0.4570260086367207,0.12,5345.838369131262,2807.2827023972077,1274.0939999999998,2522.2139999999995,1274.0939999999998,1274.0939999999998,3443.4972972972973,1.0,0.36999999999999994,rolling_liq,8493.96,8493.96,8407.38,56.19,2113.2132972972972,1,25507.235817274028,23394.02251997673
3.0,phase_10k_then_12,56ef45bc-fa3c-47bb-926c-8b9f8433bdb6,2025-08-10 20:00:00+00:00,2025-08-10 04:30:00+00:00,NO,0.146348443031311,0.24804820852764578,0.12,3163.5120744835117,3060.868298072883,4609.575,9218.097,3060.868298072883,3060.868298072883,7847.695745182209,1.0,0.3900340173039947,portfolio,30730.5,30730.5,30726.99,130.7,4656.127447109327,1,30163.363264383355,25507.235817274028
3.0,phase_10k_then_12,2eb1473f-e48b-4a13-bb64-bb3604b03c6d,2025-08-10 22:00:00+00:00,2025-08-10 12:00:00+00:00,NO,0.13645145893096922,0.22741909821828205,0.12,3429.8624364082593,3429.8624364082593,9273.996,18546.939,3429.8624364082593,3429.8624364082593,9641.395656689609,1.0,0.35574335485635583,kelly,61823.13,61826.64,61823.13,154.68,6056.853220281349,1,36220.21648466471,30163.363264383355
3.0,phase_10k_then_12,4b134f76-aff1-49fb-b585-3e9073eb44c2,2025-08-14 02:00:00+00:00,2025-08-13 08:00:00+00:00,NO,0.21488385438919066,0.4385384783452871,0.12,7941.979311260872,4346.425978159765,3760.7895,7504.478999999999,3760.7895,3760.7895,8986.832142857142,1.0,0.4184777728366861,rolling_liq,25014.93,25071.93,25014.93,153.09,5072.952642857142,1,41293.16912752185,36220.21648466471
3.0,phase_10k_then_12,74f4d3c6-f105-49b3-bb25-ee57ac47d235,2025-08-13 23:30:00+00:00,2025-08-13 11:45:00+00:00,NO,0.12422191977500918,0.2343809807075645,0.12,4839.166738315948,4839.166738315948,4307.6295,5629.302,4307.6295,4307.6295,9572.51,1.0,0.45,rolling_liq,18764.34,28717.53,18764.34,165.85,5099.0305,1,46392.19962752185,41293.16912752185
3.0,phase_10k_then_12,fdec04dc-4b3e-4713-8640-3988c3e4f01f,2025-08-16 02:00:00+00:00,2025-08-15 07:15:00+00:00,NO,0.13219804048538208,0.20983815950060647,0.12,4867.426892511953,4867.426892511953,280.629,561.258,280.629,280.629,779.5250000000001,1.0,0.36,rolling_liq,1870.8600000000001,1870.8600000000001,1870.8600000000001,12.58,486.3160000000001,1,46878.51562752185,46392.19962752185
3.0,phase_10k_then_12,f69e50f9-fa32-4c94-9a1b-f8a270e47e4c,2025-08-16 02:00:00+00:00,2025-08-15 16:45:00+00:00,YES,0.15301872491836543,0.340041610929701,0.12,7970.322985987846,5625.421875302622,2090.6639999999998,4181.3279999999995,2090.6639999999998,2090.6639999999998,3876.5999999999995,1.0,0.5393035133880204,rolling_liq,13937.76,13937.76,13937.76,67.43,-2158.0939999999996,0,44720.42162752185,46878.51562752185
3.0,phase_10k_then_12,673f7bf8-4cb2-4836-9dec-4131b50da342,2025-08-16 18:00:00+00:00,2025-08-16 03:15:00+00:00,YES,0.29983103513717646,0.6814341707663102,0.12,15237.011714035058,5366.450595302622,6792.2595,13584.519,5366.450595302622,5366.450595302622,10081.37147278263,1.0,0.5323135458097935,portfolio,45281.73,45281.73,45281.73,175.69,4539.2308774800085,1,49259.65250500186,44720.42162752185
3.0,phase_10k_then_12,3495c00d-950e-4e49-87e6-3a022d1d9c1b,2025-08-17 19:00:00+00:00,2025-08-17 03:45:00+00:00,YES,0.1182247066497803,0.20038085872844116,0.12,4935.34573480844,4935.34573480844,708.5069999999998,1411.848,708.5069999999998,708.5069999999998,1748.6268292682926,1.0,0.40517907431196876,rolling_liq,4723.379999999999,4723.379999999999,4706.16,29.51,1010.6098292682927,1,50270.262334270155,49259.65250500186
3.0,phase_10k_then_12,b233aa62-25a1-489f-9f1a-ad31d9a6a7c2,2025-08-17 22:00:00+00:00,2025-08-17 10:45:00+00:00,NO,0.13120973110198975,0.2624194622039795,0.12,6595.94760330607,6032.431480112418,3105.324,6202.71,3105.324,3105.324,6900.719999999999,1.0,0.45000000000000007,rolling_liq,20702.16,20702.16,20675.7,119.56,3675.8359999999993,1,53946.09833427015,50270.262334270155
3.0,phase_10k_then_12,b6df91b4-c8f5-45f8-bebf-c6845d61912b,2025-08-19 23:00:00+00:00,2025-08-19 05:30:00+00:00,NO,0.2621755397319794,0.5140696857489792,0.12,13866.026909040893,6473.531800112418,2940.0974999999994,5880.194999999999,2940.0974999999994,2940.0974999999994,7032.232142857143,1.0,0.4180888002945619,rolling_liq,19600.649999999998,19600.649999999998,19600.649999999998,119.77,-3059.8674999999994,0,50886.23083427015,53946.09833427015
3.0,phase_10k_then_12,2cc91c72-9797-403a-adc1-51f134d84117,2025-08-20 02:00:00+00:00,2025-08-19 07:00:00+00:00,YES,0.09672302126884458,0.13433752954006192,0.12,3417.965268940588,3417.965268940588,226.43550000000002,452.87100000000004,226.43550000000002,226.43550000000002,861.2055555555556,1.0,0.26292851751743357,rolling_liq,1509.5700000000002,1509.5700000000002,1509.5700000000002,11.69,-238.12550000000002,0,50648.10533427015,50886.23083427015
3.0,phase_10k_then_12,a1382913-f5c5-4721-9dee-4195779e9b68,2025-08-23 20:00:00+00:00,2025-08-23 04:00:00+00:00,NO,0.19466778397560125,0.34762104281357364,0.12,8803.173596415356,6077.772640112417,975.375,1950.75,975.375,975.375,2322.321428571429,1.0,0.41999999999999993,rolling_liq,6502.5,6502.5,6502.5,39.61,1307.336428571429,1,51955.441762841576,50648.10533427015
3.0,phase_10k_then_12,bb8576ec-3270-4ee6-9d85-f37e6e502af7,2025-08-24 19:00:00+00:00,2025-08-24 03:45:00+00:00,YES,0.1296231734752655,0.16618355573751986,0.12,4317.070026031325,4317.070026031325,814.9095000000001,1543.689,814.9095000000001,814.9095000000001,3819.9068181818184,1.0,0.21333229808675724,rolling_liq,5432.7300000000005,5432.7300000000005,5145.63,44.88,-859.7895000000001,0,51095.65226284158,51955.441762841576
3.0,phase_10k_then_12,0962940f-0261-4fce-b716-3a16393d43b7,2025-08-24 20:00:00+00:00,2025-08-24 05:45:00+00:00,NO,0.17109873175621026,0.39790402734002395,0.12,10165.582907475036,6131.478271540989,2712.6899999999996,5146.757999999999,2712.6899999999996,2712.6899999999996,5328.470588235294,1.0,0.5090935485295416,rolling_liq,17155.859999999997,18084.6,17155.859999999997,93.22,2522.5605882352943,1,53618.212851076874,51095.65226284158
3.0,phase_10k_then_12,ab22cb38-adf5-49e7-8d94-af37949f1527,2025-08-26 23:00:00+00:00,2025-08-26 06:00:00+00:00,YES,0.11368976593017577,0.18637666545930454,0.12,4996.591859535469,4996.591859535469,1455.264,2882.448,1455.264,1455.264,3848.5105263157893,1.0,0.37813694156454236,rolling_liq,9608.16,9701.76,9608.16,63.35,2329.8965263157893,1,55948.10937739266,53618.212851076874
3.0,phase_10k_then_12,467aedcd-fa42-4992-9a69-fce47d1ece15,2025-08-28 00:00:00+00:00,2025-08-27 16:00:00+00:00,NO,0.15859810590744017,0.33041272064050037,0.12,9242.983517038301,6713.773125287119,2314.8044999999997,4092.3450000000003,2314.8044999999997,2314.8044999999997,4554.067647058824,1.0,0.5082938329857664,rolling_liq,15432.029999999999,15432.029999999999,13641.150000000001,79.68,2159.5831470588246,1,58107.692524451486,55948.10937739266
3.0,phase_10k_then_12,6d17df9c-9585-4b14-b1ab-7334c0443b45,2025-08-30 02:00:00+00:00,2025-08-29 07:15:00+00:00,NO,0.14991149187088015,0.28285187145449087,0.12,8217.934788221615,6972.923102934178,2741.9174999999996,5471.28,2741.9174999999996,2741.9174999999996,6372.698863636363,1.0,0.4302600136412876,rolling_liq,18279.449999999997,18279.449999999997,18237.6,109.36,3521.4213636363634,1,61629.11388808785,58107.692524451486
3.0,phase_10k_then_12,eef5e74b-cdc8-45c9-b34e-c80089a44b6d,2025-09-01 00:00:00+00:00,2025-08-31 06:00:00+00:00,NO,0.12026148080825805,0.1625155146057541,0.12,5007.843579109613,5007.843579109613,1076.1435000000001,2152.2870000000003,1076.1435000000001,1076.1435000000001,5031.19772727273,1.0,0.21389409805274084,rolling_liq,7174.290000000001,7174.290000000001,7174.290000000001,59.22,-1135.3635000000002,0,60493.75038808785,61629.11388808785
3.0,phase_10k_then_12,2f5baf0d-dd06-464d-95dd-177924f443c9,2025-09-04 00:00:00+00:00,2025-09-03 06:00:00+00:00,NO,0.20699598312377931,0.3980691983149602,0.12,12040.34936002572,7259.250046570542,1122.219,2244.438,1122.219,1122.219,2501.153333333333,1.0,0.44868060867919607,rolling_liq,7481.46,7481.46,7481.46,43.31,-1165.529,0,59328.22138808785,60493.75038808785
3.0,phase_10k_then_12,b69d86fb-d73a-4b99-bec9-88e73e7ce25b,2025-09-05 02:00:00+00:00,2025-09-04 12:45:00+00:00,NO,0.05718323230743405,0.06807527655646911,0.12,2019.392539298753,2019.392539298753,316.54350000000005,625.932,316.54350000000005,316.5435000000001,2261.0250000000005,1.0000000000000002,0.14,rolling_liq,2086.44,2110.2900000000004,2086.44,19.06,-335.6035000000001,0,58992.61788808785,59328.22138808785
3.0,phase_10k_then_12,f9c188c7-35cd-436c-8d11-7f1b0131ba33,2025-09-05 23:30:00+00:00,2025-09-05 10:30:00+00:00,NO,0.06474714040756224,0.07528737256693284,0.12,2220.6996008195883,2220.6996008195883,509.37750000000005,1006.2810000000001,509.37750000000005,509.37750000000005,3918.2884615384637,1.0,0.12999999999999995,rolling_liq,3354.2700000000004,3395.8500000000004,3354.2700000000004,31.03,-540.4075,0,58452.21038808785,58992.61788808785
3.0,phase_10k_then_12,e9ff9be0-15cb-4e16-86a5-89be878b6745,2025-09-10 02:00:00+00:00,2025-09-09 07:00:00+00:00,NO,0.2139049685001373,0.30127460352132013,0.12,8805.083254807978,7014.265246570541,2701.2374999999997,5402.474999999999,2701.2374999999997,2701.2374999999997,10289.36111111111,1.0,0.2625272328213878,rolling_liq,18008.25,18008.25,18008.25,139.45,-2840.6874999999995,0,55611.52288808785,58452.21038808785
3.0,phase_10k_then_12,31d89653-50a1-4688-b507-15c8e12dad33,2025-09-09 23:30:00+00:00,2025-09-09 12:30:00+00:00,NO,0.16207829356193537,0.3683597580953077,0.12,10242.523559183854,6673.382746570542,2491.7850000000008,4930.218,2491.7850000000008,2491.7850000000008,4700.694444444445,1.0,0.5300886984783573,rolling_liq,16434.06,16611.900000000005,16434.06,81.97,-2573.7550000000006,0,53037.76788808785,55611.52288808785
3.0,phase_10k_then_12,93a98ff0-ed90-4c11-8f56-dfd70e55ed58,2025-09-12 00:00:00+00:00,2025-09-11 07:00:00+00:00,NO,0.1892402425408365,0.6308008084694549,0.12,16728.133431610553,6364.532146570542,818.4915000000001,1553.823,818.4915000000001,818.4915000000001,1228.524626865672,1.0,0.6662393916255573,rolling_liq,5456.610000000001,5456.610000000001,5179.410000000001,19.13,-837.6215000000001,0,52200.14638808785,53037.76788808785
3.0,phase_10k_then_12,2fb00c07-3995-4420-aa53-e0b95160a91a,2025-09-18 02:00:00+00:00,2025-09-17 16:15:00+00:00,YES,0.07049068570137018,0.08702553790292615,0.12,2271.3729090174165,2271.3729090174165,1931.7375,3836.9700000000003,1931.7375,1931.7375,12139.734375,1.0,0.1591251867897645,rolling_liq,12807.57,12878.25,12789.900000000001,113.71,-2045.4475,0,50154.69888808785,52200.14638808785
3.0,phase_10k_then_12,30981dda-706d-44fc-9eb4-b6f8c5a3e874,2025-09-24 01:30:00+00:00,2025-09-22 23:30:00+00:00,NO,0.11262015342712406,0.14255715623686588,0.12,3574.955622701051,3574.955622701051,1127.7900000000002,2253.6000000000004,1127.7900000000002,1127.7900000000002,5638.949999999999,1.0,0.20000000000000007,rolling_liq,7518.600000000001,7518.600000000001,7512.000000000001,63.16,-1190.9500000000003,0,48963.74888808785,50154.69888808785
3.0,phase_10k_then_12,fb31c505-de82-4d70-a8a2-a91dbaacd1ee,2025-09-29 00:00:00+00:00,2025-09-28 02:30:00+00:00,NO,0.18119778752326965,0.29225449600527365,0.12,7154.937876908447,5875.649866570542,9137.101499999999,18269.342999999997,5875.649866570542,5875.649866570542,16790.485333058692,1.0,0.34993925130931197,portfolio,60897.81,60914.009999999995,60897.81,267.37,-6143.019866570542,0,42820.72902151731,48963.74888808785
3.0,phase_10k_then_12,fc11987d-5051-4621-94f9-17a356691802,2025-10-01 01:30:00+00:00,2025-09-30 01:15:00+00:00,NO,0.06506288051605225,0.08675050735473633,0.12,1857.3599839581545,1857.3599839581545,6051.474,11649.572999999999,1857.3599839581545,1857.3599839581545,8442.545381627975,1.0,0.22,kelly,40333.41,40343.16,38831.909999999996,101.42,-1958.7799839581546,0,40861.949037559156,42820.72902151731
3.0,phase_10k_then_12,4a8a3c5a-81ad-462c-b4cb-3300d1eea8c3,2025-10-09 00:00:00+00:00,2025-10-07 11:00:00+00:00,NO,0.16387164235115048,0.2777485463578822,0.12,5674.67347326596,4903.433884507099,24396.457499999997,48792.91499999999,4903.433884507099,4903.433884507099,13420.686174343511,1.0,0.3653638734121548,portfolio,162643.05,162643.05,162643.05,217.84,8299.412289836411,1,49161.36132739557,40861.949037559156
3.0,edge_conditioned,d1bd5e4c-1d9e-47c6-b24e-52544a1a2c13,2025-05-22 23:30:00+00:00,2025-05-22 13:00:00+00:00,YES,0.18705255270004273,0.2969088138095916,0.2,742.2720345239791,742.2720345239791,478.53000000000003,933.696,478.53000000000003,478.53000000000003,1375.2857142857144,1.0,0.3479495169834839,rolling_liq,3112.32,3190.2000000000003,3112.32,21.85,-500.38000000000005,0,4499.62,5000.0
3.0,edge_conditioned,b8786c5b-6a05-49e0-9ba2-0bc7db3e8a60,2025-05-24 02:00:00+00:00,2025-05-23 12:30:00+00:00,NO,0.08980293750762935,0.10819631025015586,0.15,243.42114076390314,243.42114076390314,393.5565000000001,787.1130000000002,243.42114076390314,243.42114076390314,2680.8114076390316,1.0,0.09080129250057248,kelly,2623.7100000000005,2623.7100000000005,2623.7100000000005,15.5,-258.92114076390317,0,4240.698859236097,4499.62
3.0,edge_conditioned,a35a38a3-fdb6-40a3-86f1-842d77ac32bf,2025-05-24 02:00:00+00:00,2025-05-23 12:30:00+00:00,NO,0.32377356052398687,0.3997204450913418,0.2,847.547017756099,847.547017756099,114.27300000000001,228.54600000000002,114.27300000000001,114.27300000000001,714.2062500000001,1.0,0.16,rolling_liq,761.82,761.82,761.82,6.72,593.21325,1,4833.9121092360965,4240.698859236097
3.0,edge_conditioned,92c4a40c-74f4-4a28-be37-18237fca81a5,2025-05-23 23:30:00+00:00,2025-05-23 12:30:00+00:00,NO,0.09931676149368285,0.11548460638800331,0.15,279.12121862466677,279.12121862466677,173.49749999999997,346.99499999999995,173.49749999999997,173.49749999999997,2168.7187499999995,1.0,0.08,rolling_liq,1156.6499999999999,1156.6499999999999,1156.6499999999999,11.18,-184.67749999999998,0,4649.234609236097,4833.9121092360965
3.0,edge_conditioned,10582ee6-a493-4e18-9878-6203b5e8065d,2025-05-24 02:00:00+00:00,2025-05-23 12:30:00+00:00,NO,0.08664486169815067,0.13128009348204644,0.15,305.1759770602402,305.1759770602402,457.4789999999999,914.9579999999999,305.1759770602402,305.1759770602402,1018.5532568674674,1.0,0.2996171039684273,kelly,3049.8599999999997,3049.8599999999997,3049.8599999999997,14.97,-320.1459770602402,0,4329.088632175856,4649.234609236097
3.0,edge_conditioned,b0d98920-a05f-481d-9dea-7046f3e6fc33,2025-05-25 19:00:00+00:00,2025-05-25 05:00:00+00:00,NO,0.19932658433914185,0.26227182149887085,0.2,567.6989804954086,567.6989804954086,440.307,880.614,440.307,440.307,2201.535,1.0,0.2,rolling_liq,2935.38,2935.38,2935.38,24.66,-464.96700000000004,0,3864.121632175856,4329.088632175856
3.0,edge_conditioned,bbd4ae77-444a-4dfe-ad87-70233844aa1d,2025-05-25 22:00:00+00:00,2025-05-25 14:00:00+00:00,NO,0.1071816420555115,0.1623964273568356,0.2,313.7597739688117,313.7597739688117,164.74500000000003,329.49000000000007,164.74500000000003,164.74500000000003,510.0454545454547,1.0,0.32300062383031813,rolling_liq,1098.3000000000002,1098.3000000000002,1098.3000000000002,7.81,-172.55500000000004,0,3691.5666321758563,3864.121632175856
3.0,edge_conditioned,5f3d74e1-8cdd-4616-aedf-f1e90dc75db0,2025-05-27 23:00:00+00:00,2025-05-27 05:45:00+00:00,NO,0.0740113401412964,0.08315880914752405,0.12,153.49314251024006,153.49314251024006,205.28099999999998,410.56199999999995,153.49314251024006,153.49314251024006,2212.902035860572,1.0,0.0693628276457111,kelly,1368.54,1368.54,1368.54,10.0,-163.49314251024006,0,3528.0734896656163,3691.5666321758563
3.0,edge_conditioned,8a594783-4b88-43cd-b381-a8660e3a0766,2025-05-27 23:00:00+00:00,2025-05-27 13:00:00+00:00,YES,0.3129020285606384,0.5046806912268361,0.2,890.2752837317596,705.6146979331234,725.9085,1434.7169999999999,705.6146979331234,705.6146979331234,1907.0667511706038,1.0,0.37,portfolio,4782.389999999999,4839.39,4782.389999999999,31.12,-736.7346979331234,0,2791.338791732493,3528.0734896656163
3.0,edge_conditioned,ee675eed-ef15-494e-a8f4-e0202373e26c,2025-05-28 00:00:00+00:00,2025-05-27 13:00:00+00:00,NO,0.08173902988433834,0.11512539420329344,0.15,160.67698937657403,160.67698937657403,150.16949999999997,300.33899999999994,150.16949999999997,150.16949999999997,600.6779999999999,1.0,0.25,rolling_liq,1001.1299999999999,1001.1299999999999,1001.1299999999999,7.89,-158.05949999999996,0,2633.279291732493,2791.338791732493
3.0,edge_conditioned,a17fdde4-604b-4197-8c9a-97dc9b78c44e,2025-05-29 23:00:00+00:00,2025-05-29 13:00:00+00:00,NO,0.09309141159057621,0.10118631694627848,0.15,133.2259165106579,133.2259165106579,46.583999999999996,93.16799999999999,46.583999999999996,46.583999999999996,680.9142857142856,1.0,0.06841389728096678,rolling_liq,310.56,310.56,310.56,3.04,-49.623999999999995,0,2583.6552917324934,2633.279291732493
3.0,edge_conditioned,1d299098-034f-480d-af99-bcebd640859e,2025-05-30 23:30:00+00:00,2025-05-30 12:15:00+00:00,NO,0.07657644748687742,0.0900899382198558,0.15,116.38067280679192,116.38067280679192,136.071,160.668,116.38067280679192,116.38067280679192,918.5436369753226,1.0,0.12670129988600484,kelly,907.1400000000001,907.1400000000001,535.5600000000001,7.12,795.0429641685306,1,3378.698255901024,2583.6552917324934
3.0,edge_conditioned,c9d9dbf0-f3e6-4f3f-b2a5-e83fe165023d,2025-06-01 22:00:00+00:00,2025-06-01 05:15:00+00:00,NO,0.14538862824440002,0.23449778749096778,0.2,396.14863280419087,396.14863280419087,727.587,1452.9059999999995,396.14863280419087,396.14863280419087,1131.8532365834026,1.0,0.35,kelly,4850.58,4850.58,4843.019999999999,18.03,717.6746037792118,1,4096.372859680236,3378.698255901024
3.0,edge_conditioned,9998a61a-229c-44c2-b892-ee5b1ea16c23,2025-06-02 00:30:00+00:00,2025-06-01 12:15:00+00:00,YES,0.0670652312040329,0.08178686732199134,0.12,167.51475178803685,167.51475178803685,1342.5480000000002,2676.024000000001,167.51475178803685,167.51475178803685,1202.3196556288344,1.0,0.1393263022889064,kelly,8950.320000000002,8950.320000000002,8920.080000000004,10.1,-177.61475178803684,0,3918.758107892199,4096.372859680236
3.0,edge_conditioned,272d53ae-a46b-43bc-ac0f-8a846e03a9d1,2025-06-04 00:00:00+00:00,2025-06-03 12:30:00+00:00,NO,0.12299813508987423,0.14819052420466775,0.2,290.36140911991845,290.36140911991845,325.24649999999997,637.398,290.36140911991845,290.36140911991845,2252.010839383988,1.0,0.12893428576895463,kelly,2124.6600000000003,2168.31,2124.6600000000003,17.71,-308.0714091199184,0,3610.6866987722806,3918.758107892199
3.0,edge_conditioned,f8baaf5b-f1fa-4923-9eec-e85ed7a82142,2025-06-05 23:30:00+00:00,2025-06-05 06:15:00+00:00,YES,0.0730656540393829,0.08496006283649174,0.12,153.38208440528894,153.38208440528894,250.99200000000002,501.98400000000004,153.38208440528894,153.38208440528894,1308.434036710741,1.0,0.11722569124758829,kelly,1673.2800000000002,1673.2800000000002,1673.2800000000002,9.48,-162.86208440528893,0,3447.8246143669917,3610.6866987722806
3.0,edge_conditioned,45eb60bf-a1b9-4f49-90cb-62097ff47bbd,2025-06-06 02:00:00+00:00,2025-06-05 13:00:00+00:00,NO,0.1447575712203979,0.20979358147883756,0.2,361.66573707947157,361.66573707947157,1197.018,2360.286,361.66573707947157,361.66573707947157,1289.6404726878327,1.0,0.2804391958370366,kelly,7867.620000000001,7980.12,7867.620000000001,18.22,-379.8857370794716,0,3067.93887728752,3447.8246143669917
3.0,edge_conditioned,772cef5b-3110-4eaf-a68b-6eb3cd04f42a,2025-06-06 23:30:00+00:00,2025-06-06 12:15:00+00:00,YES,0.1407347512245178,0.18277240418768548,0.2,280.3672822513543,280.3672822513543,993.465,1986.93,280.3672822513543,280.3672822513543,1557.596012507524,1.0,0.18,kelly,6623.1,6623.1,6623.1,16.1,1261.1287302561698,1,4329.0676075436895,3067.93887728752
3.0,edge_conditioned,8b0ee0bd-54cf-4be2-a8ba-b16813be20b6,2025-06-07 19:00:00+00:00,2025-06-07 04:30:00+00:00,YES,0.1381078326702118,0.1644140865121569,0.2,355.8798480718321,355.8798480718321,798.6015,1339.299,355.8798480718321,355.8798480718321,2589.9323204788807,1.0,0.1374089373910858,kelly,5285.13,5324.01,4464.33,21.49,2212.562472407049,1,6541.630079950739,4329.0676075436895
3.0,edge_conditioned,639e72ff-50dd-401b-a2a8-dd49fdd02b89,2025-06-08 02:00:00+00:00,2025-06-07 12:15:00+00:00,YES,0.13786698698997496,0.20577162237309699,0.2,673.0409172580579,673.0409172580579,698.6475,1377.1350000000002,673.0409172580579,673.0409172580579,2103.252866431431,1.0,0.32,kelly,4657.650000000001,4657.650000000001,4590.450000000001,32.04,-705.0809172580579,0,5836.549162692681,6541.630079950739
3.0,edge_conditioned,5e1d090c-1c51-494b-8c1f-1f1ba520ee2a,2025-06-10 02:00:00+00:00,2025-06-09 12:30:00+00:00,NO,0.24757077574729924,0.3640746702166165,0.2,1062.4698558052035,1062.4698558052035,1389.294,2769.408,1062.4698558052035,1062.4698558052035,3794.535199304298,1.0,0.27999999999999997,kelly,9261.960000000001,9261.960000000001,9231.36,53.55,2678.5153434990943,1,8515.064506191775,5836.549162692681
3.0,edge_conditioned,4a60d4ef-8d10-4f25-bab6-346332242fd5,2025-06-10 23:30:00+00:00,2025-06-10 12:15:00+00:00,NO,0.12558921575546267,0.19321417808532718,0.2,822.6155949536931,822.6155949536931,797.265,1560.744,797.265,797.265,2415.954545454545,1.0,0.33000000000000007,rolling_liq,5315.1,5315.1,5202.48,37.4,-834.665,0,7680.399506191775,8515.064506191775
3.0,edge_conditioned,84da0d09-cdf5-46a5-89eb-d489373ed8ed,2025-06-12 02:00:00+00:00,2025-06-11 13:30:00+00:00,NO,0.11724735021591182,0.1429845734340388,0.2,549.0893235979166,549.0893235979166,5.575499999999999,9.008999999999999,5.575499999999999,5.575499999999999,32.797058823529404,1.0,0.17,rolling_liq,30.029999999999998,37.169999999999995,30.029999999999998,0.33,26.891558823529408,1,7707.291065015304,7680.399506191775
3.0,edge_conditioned,c95f06b7-8138-460b-bc1d-e9c9478156eb,2025-06-13 23:30:00+00:00,2025-06-13 06:00:00+00:00,NO,0.07324323654174802,0.08616851357852709,0.12,332.06290739471586,332.06290739471586,752.0849999999999,1497.7439999999995,332.06290739471586,332.06290739471586,2767.1908949559656,1.0,0.12,kelly,5013.9,5013.9,4992.479999999999,20.46,-352.52290739471584,0,7354.768157620589,7707.291065015304
3.0,edge_conditioned,ee13e918-b149-4c1e-8ae9-03cf0618c5d9,2025-06-15 00:30:00+00:00,2025-06-14 06:30:00+00:00,YES,0.22761168122291559,0.30758335300393996,0.2,1131.1021252437754,1131.1021252437754,5690.9115,11381.823,1131.1021252437754,1131.1021252437754,5659.260626218876,1.0,0.19986747385400047,kelly,37939.41,37939.41,37939.41,63.36,4464.7985009751,1,11819.56665859569,7354.768157620589
3.0,edge_conditioned,7162ed3d-7135-4801-b3a8-ba85cbcaa7ea,2025-06-15 22:00:00+00:00,2025-06-15 05:30:00+00:00,YES,0.2125312566757202,0.38642046668312763,0.2,2283.661232103441,2283.661232103441,3053.9835,6107.967,2283.661232103441,2283.661232103441,6412.420089176225,1.0,0.35613094593695166,kelly,20359.89,20359.89,20359.89,102.93,-2386.5912321034407,0,9432.975426492249,11819.56665859569
3.0,edge_conditioned,acf4a696-dabb-4821-9d7a-7417121d43a8,2025-06-17 23:00:00+00:00,2025-06-17 05:45:00+00:00,NO,0.10341833353042607,0.1124112320982892,0.2,530.1861950224393,530.1861950224393,316.46700000000004,629.721,316.46700000000004,316.46700000000004,4522.242857142857,1.0,0.06998009837090952,rolling_liq,2109.78,2109.78,2099.07,20.61,-337.07700000000006,0,9095.89842649225,9432.975426492249
3.0,edge_conditioned,f992552a-94d9-40c8-aa4b-fa5c7bf321fd,2025-06-18 00:00:00+00:00,2025-06-17 06:15:00+00:00,NO,0.2464600276947021,0.4323860134994774,0.2,1966.4696299135765,1819.1796852984498,3961.3724999999995,7922.744999999999,1819.1796852984498,1819.1796852984498,4541.072403166951,1.0,0.40060574326666787,portfolio,26409.149999999998,26409.149999999998,26409.149999999998,76.33,-1895.5096852984498,0,7200.388741193799,9095.89842649225
3.0,edge_conditioned,326d833a-4a17-4fec-882e-c3699065a0ed,2025-06-18 00:00:00+00:00,2025-06-17 07:00:00+00:00,NO,0.11250839233398435,0.13236281451056983,0.2,476.53185967731514,476.53185967731514,111.14099999999999,222.28199999999998,111.14099999999999,111.14099999999999,926.925,1.0,0.11990290476575774,rolling_liq,740.9399999999999,740.9399999999999,740.9399999999999,6.85,-117.99099999999999,0,7082.397741193799,7200.388741193799
3.0,edge_conditioned,4f5eef0b-7151-49c4-bc34-46d08d1e5ca1,2025-06-18 02:00:00+00:00,2025-06-17 12:30:00+00:00,YES,0.15919422030448907,0.20674574065518062,0.2,732.1277833088451,732.1277833088451,380.0294999999999,652.842,380.0294999999999,380.0294999999999,1652.9543478260866,1.0,0.22990925339214766,rolling_liq,2508.6899999999996,2533.5299999999997,2176.14,20.49,-400.51949999999994,0,6681.878241193799,7082.397741193799
3.0,edge_conditioned,42f7582e-79b3-4a78-88ba-0245ebd00b6b,2025-06-18 23:00:00+00:00,2025-06-18 06:15:00+00:00,YES,0.2191847121715545,0.2548659443855285,0.2,851.491604105486,851.491604105486,2783.2140000000004,5549.039999999998,851.491604105486,851.491604105486,8514.91604105486,1.0,0.1,kelly,18552.239999999998,18554.760000000002,18496.799999999996,53.65,-905.141604105486,0,5776.736637088313,6681.878241193799
3.0,edge_conditioned,57909126-867a-49a0-bc68-8c65ff35b9dd,2025-06-20 02:00:00+00:00,2025-06-19 13:45:00+00:00,YES,0.23086082577705377,0.2748343164012545,0.2,793.8227323421241,793.8227323421241,141.804,283.464,141.804,141.804,911.7750000000001,1.0,0.1555252118121247,rolling_liq,944.88,945.36,944.88,8.39,761.5810000000001,1,6538.317637088313,5776.736637088313
3.0,edge_conditioned,5cc2b6cf-49a3-4f54-a14e-88d92bf3ac7a,2025-06-20 23:30:00+00:00,2025-06-20 06:00:00+00:00,YES,0.19484763860702514,0.31427038485004055,0.2,1027.399800039776,1027.399800039776,1229.9624999999999,2459.9249999999997,1027.399800039776,1027.399800039776,2939.9708572565028,1.0,0.3494591783125756,kelly,8199.75,8199.75,8199.75,46.79,-1074.189800039776,0,5464.127837048537,6538.317637088313
3.0,edge_conditioned,36996288-3356-4ce9-b751-b31f6890cd69,2025-06-22 19:00:00+00:00,2025-06-22 07:15:00+00:00,YES,0.12237302303314207,0.22661670932063344,0.2,619.1313348696049,619.1313348696049,85.905,167.67,85.905,85.905,186.75,1.0,0.46,rolling_liq,558.9,572.7,558.9,3.25,97.595,1,5561.722837048537,5464.127837048537
3.0,edge_conditioned,4bfeb202-768f-487c-a416-9c9a314242a6,2025-06-25 00:00:00+00:00,2025-06-24 06:15:00+00:00,YES,0.08991959929466248,0.13031825984733694,0.15,362.39702093867965,362.39702093867965,2.0925,4.185,2.0925,2.0925,6.749999999999999,1.0,0.31,rolling_liq,13.95,13.95,13.95,0.11,4.5474999999999985,1,5566.270337048537,5561.722837048537
3.0,edge_conditioned,e6fdfe56-f4ef-4bab-8f24-19a99adb7f6f,2025-06-26 02:00:00+00:00,2025-06-25 12:15:00+00:00,NO,0.07732540607452387,0.08226107029204668,0.15,228.94367773024203,228.94367773024203,267.12,534.24,228.94367773024203,228.94367773024203,4578.87355460484,1.0,0.05,kelly,1780.8000000000002,1780.8000000000002,1780.8000000000002,15.23,-244.17367773024202,0,5322.096659318295,5566.270337048537
3.0,edge_conditioned,1c528f37-bdd0-449a-99b5-7a8d174e4243,2025-06-26 02:00:00+00:00,2025-06-25 15:45:00+00:00,YES,0.0853763997554779,0.10672049969434737,0.15,283.9884074520326,283.9884074520326,481.4325,956.925,283.9884074520326,283.9884074520326,1428.192037260163,1.0,0.19884469318064163,kelly,3209.55,3209.55,3189.75,15.93,-299.9184074520326,0,5022.178251866262,5322.096659318295
3.0,edge_conditioned,fd8a85e4-5aac-47f6-b278-e1f1fa69b82d,2025-06-27 02:00:00+00:00,2025-06-26 12:15:00+00:00,NO,0.08030236721038819,0.10566100948735288,0.15,265.3242119588092,265.3242119588092,2897.6355,5783.472000000001,265.3242119588092,265.3242119588092,1326.6210597940458,1.0,0.20000000000000004,kelly,19317.57,19317.57,19278.24,14.86,1046.4368478352367,1,6068.615099701499,5022.178251866262
3.0,edge_conditioned,4e456309-00d3-4582-8f89-1c9049054791,2025-06-27 23:30:00+00:00,2025-06-27 12:30:00+00:00,NO,0.12750528216362,0.2500103571835686,0.2,758.6083143429848,758.6083143429848,2527.353,5054.706,758.6083143429848,758.6083143429848,1649.1485094412715,1.0,0.45999999999999996,kelly,16849.02,16849.02,16849.02,28.68,861.8601950982867,1,6930.475294799786,6068.615099701499
3.0,edge_conditioned,f2a059a9-b803-4538-b746-3868679fa790,2025-06-28 02:00:00+00:00,2025-06-27 12:45:00+00:00,NO,0.05228370666503901,0.055620964537275545,0.12,192.73986029926158,192.73986029926158,327.17249999999984,654.3449999999997,192.73986029926158,192.73986029926158,3854.7972059852314,1.0,0.05,kelly,2181.149999999999,2181.149999999999,2181.149999999999,12.82,-205.55986029926157,0,6724.9154345005245,6930.475294799786
3.0,edge_conditioned,02291b17-b5ee-4973-b184-51149f2c1817,2025-06-28 02:00:00+00:00,2025-06-27 14:00:00+00:00,NO,0.14177390813827517,0.26749793988353804,0.2,899.4505123099492,899.4505123099492,2693.8485,5344.128000000001,899.4505123099492,899.4505123099492,1957.6098093694548,1.0,0.4594636316210848,kelly,17958.99,17958.99,17813.760000000002,34.04,-933.4905123099492,0,5791.424922190576,6724.9154345005245
3.0,edge_conditioned,8a325ea5-03e5-4940-bb7a-2eb4c8b2b077,2025-06-29 20:00:00+00:00,2025-06-29 04:30:00+00:00,NO,0.19611328840255737,0.26148438453674316,0.2,757.1835906848792,757.1835906848792,1150.6634999999999,2300.2470000000003,757.1835906848792,757.1835906848792,3161.1816278536635,1.0,0.23952549388912572,kelly,7667.490000000001,7671.09,7667.490000000001,40.31,2363.6880371687844,1,8155.11295935936,5791.424922190576
3.0,edge_conditioned,475cc53b-e563-4217-a5dc-930581369bab,2025-06-29 22:00:00+00:00,2025-06-29 05:30:00+00:00,NO,0.07646610498428341,0.10769873941448369,0.15,439.14769275286125,439.14769275286125,377.87399999999997,671.814,377.87399999999997,377.87399999999997,1352.255172413793,1.0,0.27943986291099926,rolling_liq,2320.3799999999997,2519.16,2239.38,19.06,955.321172413793,1,9110.434131773152,8155.11295935936
3.0,edge_conditioned,01384c8c-e038-4abe-b80a-901c44d112ce,2025-07-03 23:00:00+00:00,2025-07-03 05:45:00+00:00,YES,0.14452980518341063,0.23693410685805022,0.2,1079.286287050384,1079.286287050384,14553.724500000002,28898.603999999996,1079.286287050384,1079.286287050384,3083.6751058582404,1.0,0.35,kelly,97024.83000000002,97024.83000000002,96328.68,49.11,1955.2788188078564,1,11065.712950581008,9110.434131773152
3.0,edge_conditioned,21815dfe-7533-4983-9fc4-01b7e5798634,2025-07-03 23:30:00+00:00,2025-07-03 12:15:00+00:00,YES,0.12719794988632205,0.23999613186098498,0.2,1327.8641522117243,1327.8641522117243,384.93,762.246,384.93,384.93,819.0,1.0,0.47000000000000003,rolling_liq,2566.2000000000003,2566.2000000000003,2540.82,14.29,-399.22,0,10666.492950581009,11065.712950581008
3.0,edge_conditioned,a4d71aea-7129-4510-a0c0-686300cd53cf,2025-07-07 23:30:00+00:00,2025-07-07 12:30:00+00:00,NO,0.09287727117538447,0.13460474083389054,0.15,717.8802596097386,717.8802596097386,1753.038,3430.7010000000005,717.8802596097386,717.8802596097386,2764.770229268225,1.0,0.25965277403892834,kelly,11435.670000000002,11686.92,11435.670000000002,37.21,-755.0902596097386,0,9911.40269097127,10666.492950581009
3.0,edge_conditioned,66b295b9-ed48-41fe-8fd7-4cca0813f9f5,2025-07-08 15:30:00+00:00,2025-07-08 04:45:00+00:00,NO,0.07585252523422237,0.10836075033460339,0.15,537.003516231027,537.003516231027,1738.602,3003.291,537.003516231027,537.003516231027,1990.083986539382,1.0,0.26983962479133294,kelly,10193.759999999998,11590.68,10010.970000000001,27.45,-564.453516231027,0,9346.949174740243,9911.40269097127
3.0,edge_conditioned,cba5ede2-0a93-430c-aa0b-4c48363996d9,2025-07-09 15:00:00+00:00,2025-07-09 01:30:00+00:00,YES,0.0751177150011062,0.08077173656032925,0.15,377.4846581924529,377.4846581924529,229.69350000000006,459.3870000000001,229.69350000000006,229.69350000000006,3287.764285714286,1.0,0.06986312887394171,rolling_liq,1531.2900000000004,1531.2900000000004,1531.2900000000004,14.96,3043.110785714286,1,12390.059960454528,9346.949174740243
3.0,edge_conditioned,473b6ccd-bea1-4377-b656-99e755056013,2025-07-09 16:00:00+00:00,2025-07-09 02:00:00+00:00,NO,0.21722968339920046,0.28211647194701356,0.2,1747.720001627693,1747.720001627693,76.032,152.064,76.032,76.032,345.6,1.0,0.21999999999999997,rolling_liq,506.88,506.88,506.88,4.16,265.408,1,12655.467960454527,12390.059960454528
3.0,edge_conditioned,e3e04e5c-30b5-4cd3-bef5-9e4a16bf0e89,2025-07-10 19:00:00+00:00,2025-07-10 04:45:00+00:00,NO,0.176479022204876,0.5882634073495866,0.2,3722.3743520102516,2531.0935920909055,897.0659999999999,1481.994,897.0659999999999,897.0659999999999,1319.2147058823525,1.0,0.6800000000000002,rolling_liq,5395.679999999999,5980.44,4939.98,20.1,402.0487058823526,1,13057.51666633688,12655.467960454527
3.0,edge_conditioned,9bb7fd31-2faf-4602-bf65-4532dd75baba,2025-07-13 22:00:00+00:00,2025-07-13 05:15:00+00:00,NO,0.0949998521804809,0.13768094518910276,0.15,898.8856182218619,898.8856182218619,1444.7025,2791.269,898.8856182218619,898.8856182218619,3329.205993414304,1.0,0.26999999999999996,kelly,9631.35,9631.35,9304.23,45.94,2384.380375192442,1,15441.897041529322,13057.51666633688
3.0,edge_conditioned,1dc8a33e-b81b-4a0d-91bf-0109943d729e,2025-07-13 22:00:00+00:00,2025-07-13 06:00:00+00:00,NO,0.2283735346794128,0.27850431058464975,0.2,2150.3174448351333,2150.3174448351333,3720.7484999999997,7403.247,2150.3174448351333,2150.3174448351333,14557.849632234223,1.0,0.14770845276996583,kelly,24804.989999999998,24804.989999999998,24677.49,128.29,-2278.6074448351333,0,13163.289596694189,15441.897041529322
3.0,edge_conditioned,333e71e9-d362-4003-836b-7d936322e7d2,2025-07-16 00:00:00+00:00,2025-07-15 06:00:00+00:00,YES,0.06468308866024008,0.07187009851137786,0.12,473.0234600241034,473.0234600241034,898.695,1797.39,473.0234600241034,473.0234600241034,4730.234600241034,1.0,0.09999999999999999,kelly,5991.3,5991.3,5991.3,29.81,-502.8334600241034,0,12660.456136670085,13163.289596694189
3.0,edge_conditioned,e380b602-7a50-4ce9-99e7-63c43f11724e,2025-07-16 02:00:00+00:00,2025-07-15 13:30:00+00:00,NO,0.21980795383453366,0.4676764975202844,0.2,2960.4988915035283,2532.0912273340173,3460.1715,6429.303000000001,2532.0912273340173,2532.0912273340173,5276.815056945869,1.0,0.4798521835630807,portfolio,21431.010000000002,23067.81,21431.010000000002,92.2,-2624.291227334017,0,10036.164909336068,12660.456136670085
3.0,edge_conditioned,83fc47a0-fbb1-4f04-8af2-94e9a1fd566e,2025-07-16 17:00:00+00:00,2025-07-16 04:15:00+00:00,NO,0.1946576309204101,0.23738735478098796,0.2,1191.2293199865317,1191.2293199865317,112.527,225.054,112.527,112.527,682.570588235294,1.0,0.16485767470720547,rolling_liq,750.1800000000001,750.1800000000001,750.1800000000001,6.58,-119.107,0,9917.057909336068,10036.164909336068
3.0,edge_conditioned,5e64c14b-9cf3-45d2-bd9d-f0af702d801f,2025-07-16 19:00:00+00:00,2025-07-16 07:00:00+00:00,NO,0.1349456548690796,0.207608699798584,0.2,1029.4337491922624,1029.4337491922624,6024.6675,11962.818,1029.4337491922624,1029.4337491922624,3402.5282232008467,1.0,0.3025496576847928,kelly,39882.18,40164.45,39876.06,50.26,-1079.6937491922624,0,8837.364160143807,9917.057909336068
3.0,edge_conditioned,1f15d85b-41ea-4e16-b597-b0e14ee9ba73,2025-07-16 23:30:00+00:00,2025-07-16 07:00:00+00:00,NO,0.10651913166046145,0.13656298930828392,0.2,603.428433657565,603.428433657565,3530.457,7051.1939999999995,603.428433657565,603.428433657565,3017.1421682878254,1.0,0.19999999999999998,kelly,23503.98,23536.38,23503.98,33.8,-637.228433657565,0,8200.135726486242,8837.364160143807
3.0,edge_conditioned,32cb5f24-0d87-4645-a3fd-dd1e0fd1a4f6,2025-07-23 00:00:00+00:00,2025-07-22 06:00:00+00:00,NO,0.09330237627029414,0.11378338569548066,0.15,466.5196030610373,466.5196030610373,836.9594999999998,1673.9189999999996,466.5196030610373,466.5196030610373,2595.2755725613183,1.0,0.17975725121190955,kelly,5579.729999999999,5579.729999999999,5579.729999999999,26.79,-493.3096030610373,0,7706.826123425204,8200.135726486242
3.0,edge_conditioned,17812353-7592-47dc-9fe1-36f6bb0d8b9d,2025-07-24 02:00:00+00:00,2025-07-23 07:00:00+00:00,NO,0.17903590440750117,0.2594723252282626,0.2,999.8540471875274,999.8540471875274,1948.8465,3897.693,999.8540471875274,999.8540471875274,3996.2847968751053,1.0,0.250195893938631,kelly,12992.310000000001,12992.310000000001,12992.310000000001,52.48,2943.950749687578,1,10650.776873112782,7706.826123425204
3.0,edge_conditioned,d8bda49f-0b5d-428a-9697-070219652f4a,2025-07-25 00:30:00+00:00,2025-07-24 06:15:00+00:00,YES,0.12289219975471491,0.15755410224963448,0.2,839.0367942522267,839.0367942522267,3399.471,6798.942,839.0367942522267,839.0367942522267,4661.315523623482,1.0,0.18000000000000002,kelly,22663.14,22663.14,22663.14,48.17,-887.2067942522267,0,9763.570078860555,10650.776873112782
3.0,edge_conditioned,4d8cf7bd-df70-42d4-a4fd-14a6fcb736a9,2025-07-24 23:00:00+00:00,2025-07-24 12:45:00+00:00,YES,0.11587374210357665,0.21067953109741208,0.2,1028.4921830255323,1028.4921830255323,2286.4049999999997,4567.95,1028.4921830255323,1028.4921830255323,2337.4822341489366,1.0,0.44000000000000006,kelly,15226.5,15242.699999999999,15226.5,40.32,1268.6700511234044,1,11032.24012998396,9763.570078860555
3.0,edge_conditioned,585740b6-3c8b-4746-8808-e7635a88c710,2025-07-27 20:00:00+00:00,2025-07-27 04:15:00+00:00,YES,0.09930047273635859,0.1273082983799469,0.15,702.2478591336111,702.2478591336111,100.089,29.7,29.7,29.7,135.0,1.0,0.22,cumulative_liq,667.26,667.26,99.0,1.63,-31.33,0,11000.91012998396,11032.24012998396
3.0,edge_conditioned,548df81e-2319-4153-a4df-bf65932d74be,2025-07-27 23:00:00+00:00,2025-07-27 06:00:00+00:00,NO,0.06239434003829958,0.0810316104393501,0.12,445.71073206558026,445.71073206558026,0.0945,0.189,0.0945,0.0945,0.45,1.0,0.21,rolling_liq,0.63,0.63,0.63,0.01,0.34550000000000003,1,11001.25562998396,11000.91012998396
3.0,edge_conditioned,d5b4c575-bc11-412e-893d-9c6ed1889586,2025-07-27 22:00:00+00:00,2025-07-27 12:30:00+00:00,YES,0.1230686521530151,0.17333612979297902,0.2,953.4575368823204,953.4575368823204,1886.1704999999997,3636.882,953.4575368823204,953.4575368823204,3671.990526470463,1.0,0.2596568618598232,kelly,12138.6,12574.47,12122.94,49.42,-1002.8775368823203,0,9998.378093101639,11001.25562998396
3.0,edge_conditioned,6adda940-e25a-4b97-9334-bfcbbb00d303,2025-07-28 23:00:00+00:00,2025-07-28 12:30:00+00:00,YES,0.05657753527164458,0.06816570514655974,0.12,340.7732465190943,340.7732465190943,2202.9660000000003,4002.777,340.7732465190943,340.7732465190943,2142.7702907443395,1.0,0.15903396084548058,kelly,14676.750000000004,14686.440000000002,13342.59,20.07,-360.8432465190943,0,9637.534846582545,9998.378093101639
3.0,edge_conditioned,7a6fecee-f650-46ac-af8f-8dfc5ff13ae2,2025-07-29 23:30:00+00:00,2025-07-29 05:45:00+00:00,NO,0.11944526433944702,0.15926035245259604,0.2,767.438598220456,767.438598220456,1274.7689999999998,2549.5379999999996,767.438598220456,767.438598220456,3418.9939053063304,1.0,0.22446328349090638,kelly,8498.46,8498.46,8498.46,41.67,2609.885307085874,1,12247.42015366842,9637.534846582545
3.0,edge_conditioned,185c1d82-80ca-427a-bb34-b717e2127e2e,2025-07-30 23:00:00+00:00,2025-07-30 05:30:00+00:00,YES,0.15933475494384763,0.2655579249064127,0.2,1626.1997407325819,1626.1997407325819,123.06150000000001,246.12300000000002,123.06150000000001,123.06150000000001,311.62874999999997,1.0,0.3948977749966908,rolling_liq,820.4100000000001,820.4100000000001,820.4100000000001,5.22,183.34724999999995,1,12430.76740366842,12247.42015366842
3.0,edge_conditioned,c2f7980e-2390-45e9-8977-c6e6d2c1f545,2025-07-31 00:00:00+00:00,2025-07-30 07:00:00+00:00,NO,0.09089968681335447,0.12452011892240339,0.15,773.9403177007637,773.9403177007637,2231.7839999999997,4427.1089999999995,773.9403177007637,773.9403177007637,2977.2704526952452,1.0,0.25994961828212004,kelly,14874.81,14878.559999999998,14757.029999999999,40.1,-814.0403177007637,0,11616.727085967657,12430.76740366842
3.0,edge_conditioned,e8241b1f-576e-4bcf-b7d0-79606aa78b00,2025-07-31 00:00:00+00:00,2025-07-30 15:30:00+00:00,NO,0.16516225516796124,0.434637513599898,0.2,2524.5326884067854,2323.3454171935314,5180.2515,9682.199999999999,2323.3454171935314,2323.3454171935314,4076.0445915675996,1.0,0.57,portfolio,32273.999999999996,34535.01,32273.999999999996,69.94,1682.7591743740682,1,13299.486260341726,11616.727085967657
3.0,edge_conditioned,50578d4e-21ed-488c-ac01-1008b9b70e0d,2025-07-31 23:30:00+00:00,2025-07-31 05:45:00+00:00,NO,0.1513962113857269,0.2566037481114015,0.2,1706.3490111798867,1706.3490111798867,3670.2495000000004,7340.499000000001,1706.3490111798867,1706.3490111798867,4896.882889085391,1.0,0.3484561607513934,kelly,24468.33,24468.33,24468.33,77.83,3112.7038779055047,1,16412.19013824723,13299.486260341726
3.0,edge_conditioned,a1ca524f-e7ce-449f-ab32-66adea0ba523,2025-08-01 23:30:00+00:00,2025-08-01 05:45:00+00:00,NO,0.15966734647750846,0.3894325523841671,0.2,3195.7205478759374,3195.7205478759374,518.8905,1037.781,518.8905,518.8905,887.3059322033898,1.0,0.5847932276429986,rolling_liq,3459.27,3459.27,3459.27,15.09,353.3254322033899,1,16765.51557045062,16412.19013824723
3.0,edge_conditioned,64fb0c10-3ce1-4592-a3f9-65395a9e58af,2025-08-01 23:30:00+00:00,2025-08-01 15:00:00+00:00,YES,0.10673018932342532,0.18089862597190728,0.2,1516.4293652025674,1516.4293652025674,2930.5844999999995,5813.567999999997,1516.4293652025674,1516.4293652025674,4018.550961059388,1.0,0.3773572563585954,kelly,19537.229999999996,19537.229999999996,19378.55999999999,66.1,2436.021595856821,1,19201.537166307444,16765.51557045062
3.0,edge_conditioned,de06dc94-ceb2-41b8-bde0-f9f91c917d00,2025-08-03 22:00:00+00:00,2025-08-03 06:00:00+00:00,NO,0.07582804679870603,0.10531673166486949,0.15,1011.1215686485098,1011.1215686485098,743.0085,1282.2749999999999,743.0085,743.0085,3025.434,1.0,0.24558740993854103,rolling_liq,4331.37,4953.39,4274.25,39.24,-782.2485,0,18419.288666307442,19201.537166307444
3.0,edge_conditioned,1dffe97b-d132-4697-af9f-8b08902da90d,2025-08-03 22:00:00+00:00,2025-08-03 06:00:00+00:00,YES,0.05085827469825738,0.05913752871890393,0.12,544.6356062427691,544.6356062427691,975.9060000000001,1839.1050000000002,544.6356062427691,544.6356062427691,4471.966201867454,1.0,0.12178884670803951,kelly,6186.900000000001,6506.040000000001,6130.350000000001,33.49,-578.1256062427691,0,17841.163060064675,18419.288666307442
3.0,edge_conditioned,cd325282-98cc-46dd-a9f0-e2d5d887b51f,2025-08-06 00:00:00+00:00,2025-08-05 07:00:00+00:00,YES,0.09239223599433899,0.12318964799245198,0.15,1098.9232985726524,1098.9232985726524,103.07249999999999,197.595,103.07249999999999,103.07249999999999,429.46874999999994,1.0,0.24000000000000002,rolling_liq,687.15,687.15,658.65,5.49,320.90624999999994,1,18162.069310064675,17841.163060064675
3.0,edge_conditioned,6a9e0ff7-c5b4-4a72-b217-41dc4a8caa4f,2025-08-06 02:00:00+00:00,2025-08-05 07:00:00+00:00,NO,0.3618546456098557,0.6579175374724648,0.2,5974.57195794099,3632.413862012935,41.9625,83.925,41.9625,41.9625,95.57386363636363,1.0,0.4390583199571964,rolling_liq,279.75,279.75,279.75,1.65,51.96136363636363,1,18214.03067370104,18162.069310064675
3.0,edge_conditioned,d300ee86-e2e0-4bf4-9247-1d7a3a859e07,2025-08-06 02:00:00+00:00,2025-08-05 07:00:00+00:00,NO,0.08956348419189453,0.10294653355390175,0.15,937.53565995098,937.53565995098,166.53149999999997,333.06299999999993,166.53149999999997,166.53149999999997,1593.2863636363634,1.0,0.1045207589801525,rolling_liq,1110.2099999999998,1110.2099999999998,1110.2099999999998,10.44,-176.97149999999996,0,18037.05917370104,18214.03067370104
3.0,edge_conditioned,0934f4d6-98dc-4543-b6bd-c04adfa95bf2,2025-08-08 02:00:00+00:00,2025-08-07 07:00:00+00:00,NO,0.14108287811279296,0.2275530292141822,0.2,2052.1937265455626,2052.1937265455626,906.507,1813.014,906.507,906.507,2518.075,1.0,0.36,rolling_liq,6043.38,6043.38,6043.38,40.62,-947.127,0,17089.93217370104,18037.05917370104
3.0,edge_conditioned,042c5181-7425-497a-8593-922c0cccfc16,2025-08-08 02:00:00+00:00,2025-08-07 07:00:00+00:00,NO,0.10052478075027471,0.12410466759293173,0.2,1060.4701758014585,1060.4701758014585,534.5955,1069.191,534.5955,534.5955,3144.679411764705,1.0,0.17000000000000004,rolling_liq,3563.9700000000003,3563.9700000000003,3563.9700000000003,31.06,-565.6555,0,16524.27667370104,17089.93217370104
3.0,edge_conditioned,25596e43-21b0-4411-b093-a5ca0b6480d6,2025-08-09 02:00:00+00:00,2025-08-08 07:30:00+00:00,YES,0.13616769552230834,0.2778932561679762,0.2,2295.992525337658,2295.992525337658,1023.4214999999999,2039.346,1023.4214999999999,1023.4214999999999,2088.615306122449,1.0,0.48999999999999994,rolling_liq,6822.8099999999995,6822.8099999999995,6797.820000000001,36.54,1028.6538061224492,1,17552.930479823488,16524.27667370104
3.0,edge_conditioned,3a283716-466b-440c-a344-5994da2e16aa,2025-08-10 00:30:00+00:00,2025-08-09 13:15:00+00:00,YES,0.124353095293045,0.1943017113953828,0.2,1705.2822161169406,1705.2822161169406,10185.246000000001,19866.996000000003,1705.2822161169406,1705.2822161169406,5014.949188905544,1.0,0.3400397794437273,kelly,67901.64000000001,67901.64000000001,66223.32,78.78,3230.8869727886035,1,20783.817452612093,17552.930479823488
3.0,edge_conditioned,2de72b4c-3c39-42c4-8321-18efac227563,2025-08-10 16:30:00+00:00,2025-08-10 02:30:00+00:00,NO,0.28335612535476684,0.4570260086367207,0.2,4749.37256730076,4156.763490522419,1274.0939999999998,2522.2139999999995,1274.0939999999998,1274.0939999999998,3443.4972972972973,1.0,0.36999999999999994,rolling_liq,8493.96,8493.96,8407.38,56.19,2113.2132972972972,1,22897.03074990939,20783.817452612093
3.0,edge_conditioned,56ef45bc-fa3c-47bb-926c-8b9f8433bdb6,2025-08-10 20:00:00+00:00,2025-08-10 04:30:00+00:00,NO,0.146348443031311,0.24804820852764578,0.2,2839.7837290587213,2839.7837290587213,4609.575,9218.097,2839.7837290587213,2839.7837290587213,7294.984322646804,1.0,0.38927893515038786,kelly,30730.5,30730.5,30726.99,121.41,4333.790593588083,1,27230.821343497475,22897.03074990939
3.0,edge_conditioned,2eb1473f-e48b-4a13-bb64-bb3604b03c6d,2025-08-10 22:00:00+00:00,2025-08-10 12:00:00+00:00,NO,0.13645145893096922,0.22741909821828205,0.2,3096.4044168406717,3096.4044168406717,9273.996,18546.939,3096.4044168406717,3096.4044168406717,8715.123380112977,1.0,0.35529094446400505,kelly,61823.13,61826.64,61823.13,139.74,5478.978963272305,1,32709.80030676978,27230.821343497475
3.0,edge_conditioned,4b134f76-aff1-49fb-b585-3e9073eb44c2,2025-08-14 02:00:00+00:00,2025-08-13 08:00:00+00:00,NO,0.21488385438919066,0.4385384783452871,0.2,7172.253026754512,6541.960061353956,3760.7895,7504.478999999999,3760.7895,3760.7895,8986.832142857142,1.0,0.4184777728366861,rolling_liq,25014.93,25071.93,25014.93,153.09,5072.952642857142,1,37782.75294962692,32709.80030676978
3.0,edge_conditioned,74f4d3c6-f105-49b3-bb25-ee57ac47d235,2025-08-13 23:30:00+00:00,2025-08-13 11:45:00+00:00,NO,0.12422191977500918,0.2343809807075645,0.2,4427.779345082591,4427.779345082591,4307.6295,5629.302,4307.6295,4307.6295,9572.51,1.0,0.45,rolling_liq,18764.34,28717.53,18764.34,165.85,5099.0305,1,42881.78344962692,37782.75294962692
3.0,edge_conditioned,fdec04dc-4b3e-4713-8640-3988c3e4f01f,2025-08-16 02:00:00+00:00,2025-08-15 07:15:00+00:00,NO,0.13219804048538208,0.20983815950060647,0.2,4499.11725758664,4499.11725758664,280.629,561.258,280.629,280.629,779.5250000000001,1.0,0.36,rolling_liq,1870.8600000000001,1870.8600000000001,1870.8600000000001,12.58,486.3160000000001,1,43368.09944962692,42881.78344962692
3.0,edge_conditioned,f69e50f9-fa32-4c94-9a1b-f8a270e47e4c,2025-08-16 02:00:00+00:00,2025-08-15 16:45:00+00:00,YES,0.15301872491836543,0.340041610929701,0.2,7373.479199905308,7373.479199905308,2090.6639999999998,4181.3279999999995,2090.6639999999998,2090.6639999999998,3876.5999999999995,1.0,0.5393035133880204,rolling_liq,13937.76,13937.76,13937.76,67.43,-2158.0939999999996,0,41210.00544962692,43368.09944962692
3.0,edge_conditioned,673f7bf8-4cb2-4836-9dec-4131b50da342,2025-08-16 18:00:00+00:00,2025-08-16 03:15:00+00:00,YES,0.29983103513717646,0.6814341707663102,0.2,14040.952945420822,8242.001089925385,6792.2595,13584.519,6792.2595,6792.2595,12721.758333333331,1.0,0.5339088608689444,rolling_liq,45281.73,45281.73,45281.73,221.61,5707.888833333332,1,46917.89428296025,41210.00544962692
3.0,edge_conditioned,3495c00d-950e-4e49-87e6-3a022d1d9c1b,2025-08-17 19:00:00+00:00,2025-08-17 03:45:00+00:00,YES,0.1182247066497803,0.20038085872844116,0.2,4700.723973074898,4700.723973074898,708.5069999999998,1411.848,708.5069999999998,708.5069999999998,1748.6268292682926,1.0,0.40517907431196876,rolling_liq,4723.379999999999,4723.379999999999,4706.16,29.51,1010.6098292682927,1,47928.50411222855,46917.89428296025
3.0,edge_conditioned,b233aa62-25a1-489f-9f1a-ad31d9a6a7c2,2025-08-17 22:00:00+00:00,2025-08-17 10:45:00+00:00,NO,0.13120973110198975,0.2624194622039795,0.2,6288.686136686118,6288.686136686118,3105.324,6202.71,3105.324,3105.324,6900.719999999999,1.0,0.45000000000000007,rolling_liq,20702.16,20702.16,20675.7,119.56,3675.8359999999993,1,51604.34011222854,47928.50411222855
3.0,edge_conditioned,b6df91b4-c8f5-45f8-bebf-c6845d61912b,2025-08-19 23:00:00+00:00,2025-08-19 05:30:00+00:00,NO,0.2621755397319794,0.5140696857489792,0.2,13264.113452388383,10320.86802244571,2940.0974999999994,5880.194999999999,2940.0974999999994,2940.0974999999994,7032.232142857143,1.0,0.4180888002945619,rolling_liq,19600.649999999998,19600.649999999998,19600.649999999998,119.77,-3059.8674999999994,0,48544.47261222854,51604.34011222854
3.0,edge_conditioned,2cc91c72-9797-403a-adc1-51f134d84117,2025-08-20 02:00:00+00:00,2025-08-19 07:00:00+00:00,YES,0.09672302126884458,0.13433752954006192,0.15,3260.672261775989,3260.672261775989,226.43550000000002,452.87100000000004,226.43550000000002,226.43550000000002,861.2055555555556,1.0,0.26292851751743357,rolling_liq,1509.5700000000002,1509.5700000000002,1509.5700000000002,11.69,-238.12550000000002,0,48306.34711222854,48544.47261222854
3.0,edge_conditioned,a1382913-f5c5-4721-9dee-4195779e9b68,2025-08-23 20:00:00+00:00,2025-08-23 04:00:00+00:00,NO,0.19466778397560125,0.34762104281357364,0.2,8396.151378833674,8396.151378833674,975.375,1950.75,975.375,975.375,2322.321428571429,1.0,0.41999999999999993,rolling_liq,6502.5,6502.5,6502.5,39.61,1307.336428571429,1,49613.68354079997,48306.34711222854
3.0,edge_conditioned,bb8576ec-3270-4ee6-9d85-f37e6e502af7,2025-08-24 19:00:00+00:00,2025-08-24 03:45:00+00:00,YES,0.1296231734752655,0.16618355573751986,0.2,4122.489172023102,4122.489172023102,814.9095000000001,1543.689,814.9095000000001,814.9095000000001,3819.9068181818184,1.0,0.21333229808675724,rolling_liq,5432.7300000000005,5432.7300000000005,5145.63,44.88,-859.7895000000001,0,48753.89404079997,49613.68354079997
3.0,edge_conditioned,0962940f-0261-4fce-b716-3a16393d43b7,2025-08-24 20:00:00+00:00,2025-08-24 05:45:00+00:00,NO,0.17109873175621026,0.39790402734002395,0.2,9699.68539367155,9699.68539367155,2712.6899999999996,5146.757999999999,2712.6899999999996,2712.6899999999996,5328.470588235294,1.0,0.5090935485295416,rolling_liq,17155.859999999997,18084.6,17155.859999999997,93.22,2522.5605882352943,1,51276.45462903527,48753.89404079997
3.0,edge_conditioned,ab22cb38-adf5-49e7-8d94-af37949f1527,2025-08-26 23:00:00+00:00,2025-08-26 06:00:00+00:00,YES,0.11368976593017577,0.18637666545930454,0.2,4778.367315167457,4778.367315167457,1455.264,2882.448,1455.264,1455.264,3848.5105263157893,1.0,0.37813694156454236,rolling_liq,9608.16,9701.76,9608.16,63.35,2329.8965263157893,1,53606.351155351054,51276.45462903527
3.0,edge_conditioned,467aedcd-fa42-4992-9a69-fce47d1ece15,2025-08-28 00:00:00+00:00,2025-08-27 16:00:00+00:00,NO,0.15859810590744017,0.33041272064050037,0.2,8856.110164424786,8856.110164424786,2314.8044999999997,4092.3450000000003,2314.8044999999997,2314.8044999999997,4554.067647058824,1.0,0.5082938329857664,rolling_liq,15432.029999999999,15432.029999999999,13641.150000000001,79.68,2159.5831470588246,1,55765.93430240988,53606.351155351054
3.0,edge_conditioned,6d17df9c-9585-4b14-b1ab-7334c0443b45,2025-08-30 02:00:00+00:00,2025-08-29 07:15:00+00:00,NO,0.14991149187088015,0.28285187145449087,0.2,7886.749440422411,7886.749440422411,2741.9174999999996,5471.28,2741.9174999999996,2741.9174999999996,6372.698863636363,1.0,0.4302600136412876,rolling_liq,18279.449999999997,18279.449999999997,18237.6,109.36,3521.4213636363634,1,59287.35566604624,55765.93430240988
3.0,edge_conditioned,eef5e74b-cdc8-45c9-b34e-c80089a44b6d,2025-09-01 00:00:00+00:00,2025-08-31 06:00:00+00:00,NO,0.12026148080825805,0.1625155146057541,0.2,4817.557557840939,4817.557557840939,1076.1435000000001,2152.2870000000003,1076.1435000000001,1076.1435000000001,5031.19772727273,1.0,0.21389409805274084,rolling_liq,7174.290000000001,7174.290000000001,7174.290000000001,59.22,-1135.3635000000002,0,58151.99216604624,59287.35566604624
3.0,edge_conditioned,2f5baf0d-dd06-464d-95dd-177924f443c9,2025-09-04 00:00:00+00:00,2025-09-03 06:00:00+00:00,NO,0.20699598312377931,0.3980691983149602,0.2,11574.258450977937,11574.258450977937,1122.219,2244.438,1122.219,1122.219,2501.153333333333,1.0,0.44868060867919607,rolling_liq,7481.46,7481.46,7481.46,43.31,-1165.529,0,56986.46316604624,58151.99216604624
3.0,edge_conditioned,b69d86fb-d73a-4b99-bec9-88e73e7ce25b,2025-09-05 02:00:00+00:00,2025-09-04 12:45:00+00:00,NO,0.05718323230743405,0.06807527655646911,0.12,1939.684620001819,1939.684620001819,316.54350000000005,625.932,316.54350000000005,316.5435000000001,2261.0250000000005,1.0000000000000002,0.14,rolling_liq,2086.44,2110.2900000000004,2086.44,19.06,-335.6035000000001,0,56650.85966604624,56986.46316604624
3.0,edge_conditioned,f9c188c7-35cd-436c-8d11-7f1b0131ba33,2025-09-05 23:30:00+00:00,2025-09-05 10:30:00+00:00,NO,0.06474714040756224,0.07528737256693284,0.12,2132.547188957326,2132.547188957326,509.37750000000005,1006.2810000000001,509.37750000000005,509.37750000000005,3918.2884615384637,1.0,0.12999999999999995,rolling_liq,3354.2700000000004,3395.8500000000004,3354.2700000000004,31.03,-540.4075,0,56110.45216604624,56650.85966604624
3.0,edge_conditioned,e9ff9be0-15cb-4e16-86a5-89be878b6745,2025-09-10 02:00:00+00:00,2025-09-09 07:00:00+00:00,NO,0.2139049685001373,0.30127460352132013,0.2,8452.32711486379,8452.32711486379,2701.2374999999997,5402.474999999999,2701.2374999999997,2701.2374999999997,10289.36111111111,1.0,0.2625272328213878,rolling_liq,18008.25,18008.25,18008.25,139.45,-2840.6874999999995,0,53269.76466604624,56110.45216604624
3.0,edge_conditioned,31d89653-50a1-4688-b507-15c8e12dad33,2025-09-09 23:30:00+00:00,2025-09-09 12:30:00+00:00,NO,0.16207829356193537,0.3683597580953077,0.2,9811.218813089381,9811.218813089381,2491.7850000000008,4930.218,2491.7850000000008,2491.7850000000008,4700.694444444445,1.0,0.5300886984783573,rolling_liq,16434.06,16611.900000000005,16434.06,81.97,-2573.7550000000006,0,50696.009666046244,53269.76466604624
3.0,edge_conditioned,93a98ff0-ed90-4c11-8f56-dfd70e55ed58,2025-09-12 00:00:00+00:00,2025-09-11 07:00:00+00:00,NO,0.1892402425408365,0.6308008084694549,0.2,15989.541941758634,10139.20193320925,818.4915000000001,1553.823,818.4915000000001,818.4915000000001,1228.524626865672,1.0,0.6662393916255573,rolling_liq,5456.610000000001,5456.610000000001,5179.410000000001,19.13,-837.6215000000001,0,49858.38816604624,50696.009666046244
3.0,edge_conditioned,2fb00c07-3995-4420-aa53-e0b95160a91a,2025-09-18 02:00:00+00:00,2025-09-17 16:15:00+00:00,YES,0.07049068570137018,0.08702553790292615,0.12,2169.476524561531,2169.476524561531,1931.7375,3836.9700000000003,1931.7375,1931.7375,12139.734375,1.0,0.1591251867897645,rolling_liq,12807.57,12878.25,12789.900000000001,113.71,-2045.4475,0,47812.94066604624,49858.38816604624
3.0,edge_conditioned,30981dda-706d-44fc-9eb4-b6f8c5a3e874,2025-09-24 01:30:00+00:00,2025-09-22 23:30:00+00:00,NO,0.11262015342712406,0.14255715623686588,0.2,3408.038426336776,3408.038426336776,1127.7900000000002,2253.6000000000004,1127.7900000000002,1127.7900000000002,5638.949999999999,1.0,0.20000000000000007,rolling_liq,7518.600000000001,7518.600000000001,7512.000000000001,63.16,-1190.9500000000003,0,46621.990666046244,47812.94066604624
3.0,edge_conditioned,fb31c505-de82-4d70-a8a2-a91dbaacd1ee,2025-09-29 00:00:00+00:00,2025-09-28 02:30:00+00:00,NO,0.18119778752326965,0.29225449600527365,0.2,6812.743192433959,6812.743192433959,9137.101499999999,18269.342999999997,6812.743192433959,6812.743192433959,19467.8948355256,1.0,0.34994760604530595,kelly,60897.81,60914.009999999995,60897.81,310.01,-7122.753192433959,0,39499.23747361229,46621.990666046244
3.0,edge_conditioned,fc11987d-5051-4621-94f9-17a356691802,2025-10-01 01:30:00+00:00,2025-09-30 01:15:00+00:00,NO,0.06506288051605225,0.08675050735473633,0.12,1713.2894454805398,1713.2894454805398,6051.474,11649.572999999999,1713.2894454805398,1713.2894454805398,7787.679297638817,1.0,0.22,kelly,40333.41,40343.16,38831.909999999996,93.55,-1806.8394454805398,0,37692.39802813175,39499.23747361229
3.0,edge_conditioned,4a8a3c5a-81ad-462c-b4cb-3300d1eea8c3,2025-10-09 00:00:00+00:00,2025-10-07 11:00:00+00:00,NO,0.16387164235115048,0.2777485463578822,0.2,5234.504380528149,5234.504380528149,24396.457499999997,48792.91499999999,5234.504380528149,5234.504380528149,14315.47129872473,1.0,0.3656536534004617,kelly,162643.05,162643.05,162643.05,232.44,8848.52691819658,1,46540.92494632833,37692.39802813175
